# Blender 5.0.1
# www.blender.org
mtllib BolaLucario.mtl
g sphere_Cube.029_Malla
v 0.001084 0.193453 0.050346
v 0.014818 0.184421 0.075666
v 0.027983 0.169566 0.099938
v 0.039522 0.149575 0.121214
v 0.048993 0.125216 0.138673
v 0.056030 0.097425 0.151648
v 0.060363 0.067270 0.159637
v 0.048993 -0.053397 0.138673
v 0.039522 -0.077756 0.121214
v 0.027983 -0.097747 0.099938
v -0.004754 0.193453 0.052806
v 0.003776 0.184421 0.080319
v 0.011953 0.169566 0.106693
v 0.019121 0.149575 0.129811
v 0.025003 0.125216 0.148783
v 0.029373 0.097425 0.162880
v 0.032064 0.067270 0.171562
v 0.032973 0.035910 0.174493
v 0.032064 0.004549 0.171562
v 0.029373 -0.025606 0.162880
v 0.025002 -0.053397 0.148783
v 0.019121 -0.077756 0.129811
v 0.011953 -0.097747 0.106693
v 0.003776 -0.112601 0.080319
v -0.004754 -0.121634 0.052806
v -0.010959 0.193453 0.054081
v -0.007962 0.184421 0.082728
v -0.005086 0.169566 0.110191
v -0.002567 0.149575 0.134262
v -0.000500 0.125216 0.154018
v 0.001037 0.097425 0.168697
v 0.001984 0.067270 0.177736
v 0.002302 0.035910 0.180788
v 0.001984 0.004549 0.177736
v 0.001037 -0.025606 0.168697
v -0.000500 -0.053397 0.154018
v -0.002567 -0.077756 0.134262
v -0.005086 -0.097747 0.110191
v -0.007962 -0.112601 0.082728
v -0.010959 -0.121634 0.054081
v -0.017295 0.193453 0.054119
v -0.019943 0.184421 0.082801
v -0.022481 0.169566 0.110297
v -0.024706 0.149575 0.134397
v -0.026533 0.125216 0.154176
v -0.027889 0.097425 0.168874
v -0.028725 0.067270 0.177925
v -0.029007 0.035910 0.180980
v -0.028725 0.004549 0.177925
v -0.027889 -0.025606 0.168874
v -0.026532 -0.053397 0.154177
v -0.024706 -0.077756 0.134397
v -0.022481 -0.097747 0.110297
v -0.019943 -0.112601 0.082801
v -0.017295 -0.121634 0.054119
v -0.023516 0.193453 0.052921
v -0.031708 0.184421 0.080536
v -0.039563 0.169566 0.107009
v -0.046446 0.149575 0.130212
v -0.052097 0.125216 0.149254
v -0.056294 0.097425 0.163404
v -0.058879 0.067270 0.172117
v -0.059752 0.035910 0.175060
v -0.058879 0.004549 0.172117
v -0.056294 -0.025606 0.163404
v -0.052097 -0.053397 0.149254
v -0.046446 -0.077756 0.130212
v -0.039562 -0.097747 0.107008
v -0.031708 -0.112601 0.080536
v -0.023516 -0.121634 0.052921
v -0.029383 0.193453 0.050532
v -0.042806 0.184421 0.076018
v -0.055674 0.169566 0.100450
v -0.066952 0.149575 0.121864
v -0.076209 0.125216 0.139439
v -0.083086 0.097425 0.152498
v -0.087322 0.067270 0.160539
v -0.088752 0.035910 0.163255
v -0.087322 0.004549 0.160539
v -0.083086 -0.025606 0.152498
v -0.076209 -0.053397 0.139439
v -0.066952 -0.077756 0.121864
v -0.055674 -0.097747 0.100450
v -0.042806 -0.112601 0.076018
v -0.029383 -0.121634 0.050532
v -0.034672 0.193453 0.047046
v -0.052809 0.184421 0.069422
v -0.070196 0.169566 0.090874
v -0.085435 0.149575 0.109677
v -0.097942 0.125216 0.125108
v -0.107236 0.097425 0.136574
v -0.112959 0.067270 0.143635
v -0.114891 0.035910 0.146019
v -0.112959 0.004549 0.143635
v -0.107236 -0.025606 0.136574
v -0.097942 -0.053397 0.125108
v -0.085435 -0.077756 0.109677
v -0.070196 -0.097747 0.090874
v -0.052809 -0.112601 0.069422
v -0.034672 -0.121634 0.047046
v -0.039180 0.193453 0.042593
v -0.061333 0.184421 0.061002
v -0.082571 0.169566 0.078650
v -0.101186 0.149575 0.094118
v -0.116463 0.125216 0.106813
v -0.127815 0.097425 0.116245
v -0.134805 0.067270 0.122054
v -0.137166 0.035910 0.124015
v -0.134805 0.004549 0.122054
v -0.127815 -0.025606 0.116245
v -0.116463 -0.053397 0.106813
v -0.101187 -0.077756 0.094118
v -0.082571 -0.097747 0.078650
v -0.061333 -0.112601 0.061002
v -0.039180 -0.121634 0.042593
v -0.042731 0.193453 0.037346
v -0.068051 0.184421 0.051080
v -0.092323 0.169566 0.064245
v -0.113599 0.149575 0.075785
v -0.131058 0.125216 0.085255
v -0.144032 0.097425 0.092293
v -0.152022 0.067270 0.096625
v -0.154719 0.035910 0.098088
v -0.152022 0.004549 0.096625
v -0.144032 -0.025606 0.092293
v -0.131058 -0.053397 0.085255
v -0.113599 -0.077756 0.075785
v -0.092323 -0.097747 0.064245
v -0.068051 -0.112601 0.051080
v -0.042731 -0.121634 0.037346
v -0.045191 0.193453 0.031508
v -0.072704 0.184421 0.040038
v -0.099079 0.169566 0.048216
v -0.122196 0.149575 0.055383
v -0.141168 0.125216 0.061265
v -0.155265 0.097425 0.065636
v -0.163946 0.067270 0.068327
v -0.166878 0.035910 0.069236
v -0.163946 0.004549 0.068327
v -0.155265 -0.025606 0.065636
v -0.141168 -0.053397 0.061265
v -0.122196 -0.077756 0.055383
v -0.099079 -0.097747 0.048216
v -0.072704 -0.112601 0.040038
v -0.045191 -0.121634 0.031508
v -0.046465 0.193453 0.025303
v -0.075113 0.184421 0.028302
v -0.102576 0.169566 0.031176
v -0.126648 0.149575 0.033696
v -0.146403 0.125216 0.035763
v -0.161082 0.097425 0.037299
v -0.170121 0.067270 0.038246
v -0.173173 0.035910 0.038565
v -0.170121 0.004549 0.038246
v -0.161082 -0.025606 0.037299
v -0.146403 -0.053397 0.035763
v -0.126648 -0.077756 0.033696
v -0.102576 -0.097747 0.031176
v -0.075113 -0.112601 0.028302
v -0.046465 -0.121634 0.025303
v -0.046504 0.193453 0.018967
v -0.075186 0.184421 0.016320
v -0.102682 0.169566 0.013782
v -0.126782 0.149575 0.011556
v -0.146562 0.125216 0.009730
v -0.161259 0.097425 0.008373
v -0.170309 0.067270 0.007538
v -0.173365 0.035910 0.007255
v -0.170309 0.004549 0.007538
v -0.161259 -0.025606 0.008373
v -0.146562 -0.053397 0.009730
v -0.126782 -0.077756 0.011556
v -0.102682 -0.097747 0.013782
v -0.075186 -0.112601 0.016320
v -0.046504 -0.121634 0.018967
v -0.045306 0.193453 0.012747
v -0.072921 0.184421 0.004554
v -0.099393 0.169566 -0.003300
v -0.122597 0.149575 -0.010184
v -0.141638 0.125216 -0.015834
v -0.155788 0.097425 -0.020032
v -0.164502 0.067270 -0.022617
v -0.167445 0.035910 -0.023490
v -0.164502 0.004549 -0.022617
v -0.155788 -0.025606 -0.020032
v -0.141638 -0.053397 -0.015834
v -0.122597 -0.077756 -0.010184
v -0.099393 -0.097747 -0.003300
v -0.072921 -0.112601 0.004554
v -0.045306 -0.121634 0.012747
v -0.042917 0.193453 0.006879
v -0.068403 0.184421 -0.006544
v -0.092835 0.169566 -0.019412
v -0.114249 0.149575 -0.030690
v -0.131824 0.125216 -0.039946
v -0.144883 0.097425 -0.046824
v -0.152924 0.067270 -0.051060
v -0.155640 0.035910 -0.052490
v -0.152924 0.004549 -0.051060
v -0.144883 -0.025606 -0.046824
v -0.131824 -0.053397 -0.039946
v -0.114249 -0.077756 -0.030690
v -0.092835 -0.097747 -0.019412
v -0.068403 -0.112601 -0.006544
v -0.042917 -0.121634 0.006879
v -0.039430 0.193453 0.001590
v -0.061807 0.184421 -0.016547
v -0.083259 0.169566 -0.033933
v -0.102062 0.149575 -0.049173
v -0.117493 0.125216 -0.061680
v -0.128959 0.097425 -0.070974
v -0.136020 0.067270 -0.076696
v -0.138404 0.035910 -0.078629
v -0.136020 0.004549 -0.076696
v -0.128959 -0.025606 -0.070974
v -0.117493 -0.053397 -0.061680
v -0.102062 -0.077756 -0.049173
v -0.083259 -0.097747 -0.033933
v -0.061807 -0.112601 -0.016547
v -0.039431 -0.121634 0.001590
v -0.034978 0.193453 -0.002916
v -0.053387 0.184421 -0.025071
v -0.071034 0.169566 -0.046309
v -0.086503 0.149575 -0.064923
v -0.099198 0.125216 -0.080201
v -0.108630 0.097425 -0.091552
v -0.114439 0.067270 -0.098543
v -0.116400 0.035910 -0.100903
v -0.114439 0.004549 -0.098543
v -0.108630 -0.025606 -0.091552
v -0.099198 -0.053397 -0.080201
v -0.086503 -0.077756 -0.064923
v -0.071034 -0.097747 -0.046309
v -0.053387 -0.112601 -0.025071
v -0.034978 -0.121634 -0.002916
v -0.029731 0.193453 -0.006469
v -0.043465 0.184421 -0.031789
v -0.056630 0.169566 -0.056061
v -0.068170 0.149575 -0.077336
v -0.077640 0.125216 -0.094796
v -0.084678 0.097425 -0.107770
v -0.089010 0.067270 -0.115759
v -0.090473 0.035910 -0.118457
v -0.089010 0.004549 -0.115759
v -0.084678 -0.025606 -0.107770
v -0.077640 -0.053397 -0.094796
v -0.068170 -0.077756 -0.077336
v -0.056630 -0.097747 -0.056061
v -0.043465 -0.112601 -0.031789
v -0.029731 -0.121634 -0.006469
v -0.023893 0.193453 -0.008929
v -0.032423 0.184421 -0.036441
v -0.040600 0.169566 -0.062815
v -0.047768 0.149575 -0.085934
v -0.053650 0.125216 -0.104905
v -0.058021 0.097425 -0.119003
v -0.060712 0.067270 -0.127684
v -0.061621 0.035910 -0.130615
v -0.060712 0.004549 -0.127684
v -0.058021 -0.025606 -0.119003
v -0.053650 -0.053397 -0.104906
v -0.047768 -0.077756 -0.085934
v -0.040600 -0.097747 -0.062815
v -0.032423 -0.112601 -0.036441
v -0.023893 -0.121634 -0.008929
v -0.017688 0.193453 -0.010203
v -0.020686 0.184421 -0.038851
v -0.023561 0.169566 -0.066314
v -0.026080 0.149575 -0.090385
v -0.028148 0.125216 -0.110140
v -0.029684 0.097425 -0.124820
v -0.030631 0.067270 -0.133859
v -0.030950 0.035910 -0.136911
v -0.030631 0.004549 -0.133859
v -0.029684 -0.025606 -0.124820
v -0.028148 -0.053397 -0.110140
v -0.026080 -0.077756 -0.090385
v -0.023561 -0.097747 -0.066314
v -0.020686 -0.112601 -0.038851
v -0.017688 -0.121634 -0.010203
v -0.011353 0.193453 -0.010241
v -0.008704 0.184421 -0.038923
v -0.006166 0.169566 -0.066420
v -0.003941 0.149575 -0.090520
v -0.002115 0.125216 -0.110300
v -0.000758 0.097425 -0.124996
v 0.000077 0.067270 -0.134047
v 0.000360 0.035910 -0.137102
v 0.000077 0.004549 -0.134047
v -0.000758 -0.025606 -0.124996
v -0.002115 -0.053397 -0.110300
v -0.003941 -0.077756 -0.090520
v -0.006166 -0.097747 -0.066420
v -0.008705 -0.112601 -0.038923
v -0.011353 -0.121634 -0.010241
v -0.005132 0.193453 -0.009043
v 0.003061 0.184421 -0.036658
v 0.010915 0.169566 -0.063130
v 0.017800 0.149575 -0.086334
v 0.023449 0.125216 -0.105376
v 0.027647 0.097425 -0.119526
v 0.030232 0.067270 -0.128240
v 0.031105 0.035910 -0.131182
v 0.030232 0.004549 -0.128240
v 0.027647 -0.025606 -0.119526
v 0.023449 -0.053397 -0.105376
v 0.017800 -0.077756 -0.086334
v 0.010915 -0.097747 -0.063130
v 0.003061 -0.112601 -0.036658
v -0.005132 -0.121634 -0.009043
v 0.000736 0.193453 -0.006655
v 0.014159 0.184421 -0.032141
v 0.027026 0.169566 -0.056572
v 0.038305 0.149575 -0.077986
v 0.047561 0.125216 -0.095561
v 0.054439 0.097425 -0.108621
v 0.058675 0.067270 -0.116662
v 0.060105 0.035910 -0.119377
v 0.058675 0.004549 -0.116662
v 0.054439 -0.025606 -0.108621
v 0.047561 -0.053397 -0.095561
v 0.038305 -0.077756 -0.077986
v 0.027026 -0.097747 -0.056572
v 0.014159 -0.112601 -0.032141
v 0.000736 -0.121634 -0.006655
v -0.014323 0.197301 0.021939
v 0.006025 0.193453 -0.003167
v 0.024162 0.184421 -0.025545
v 0.041548 0.169566 -0.046997
v 0.056788 0.149575 -0.065800
v 0.069295 0.125216 -0.081231
v 0.078589 0.097425 -0.092696
v 0.084311 0.067270 -0.099757
v 0.086244 0.035910 -0.102142
v 0.084311 0.004549 -0.099757
v 0.078589 -0.025606 -0.092697
v 0.069295 -0.053397 -0.081231
v 0.056788 -0.077756 -0.065800
v 0.041548 -0.097747 -0.046997
v 0.024162 -0.112601 -0.025545
v 0.006025 -0.121634 -0.003167
v 0.010531 0.193453 0.001285
v 0.032686 0.184421 -0.017125
v 0.053924 0.169566 -0.034772
v 0.072539 0.149575 -0.050240
v 0.087815 0.125216 -0.062934
v 0.099167 0.097425 -0.072367
v 0.106158 0.067270 -0.078177
v 0.108519 0.035910 -0.080138
v 0.106158 0.004549 -0.078177
v 0.099167 -0.025606 -0.072367
v 0.087815 -0.053397 -0.062934
v 0.072539 -0.077756 -0.050240
v 0.053924 -0.097747 -0.034772
v 0.032686 -0.112601 -0.017125
v 0.010531 -0.121634 0.001285
v 0.014084 0.193453 0.006531
v 0.039404 0.184421 -0.007203
v 0.063676 0.169566 -0.020368
v 0.084952 0.149575 -0.031907
v 0.102411 0.125216 -0.041378
v 0.115385 0.097425 -0.048414
v 0.123374 0.067270 -0.052748
v 0.126072 0.035910 -0.054211
v 0.123374 0.004549 -0.052748
v 0.115385 -0.025606 -0.048414
v 0.102411 -0.053397 -0.041378
v 0.084951 -0.077756 -0.031907
v 0.063676 -0.097747 -0.020368
v 0.039404 -0.112601 -0.007203
v 0.014084 -0.121634 0.006531
v 0.016544 0.193453 0.012369
v 0.044056 0.184421 0.003839
v 0.070431 0.169566 -0.004338
v 0.093548 0.149575 -0.011505
v 0.112521 0.125216 -0.017387
v 0.126618 0.097425 -0.021758
v 0.135298 0.067270 -0.024449
v 0.138230 0.035910 -0.025358
v 0.135298 0.004549 -0.024449
v 0.126618 -0.025606 -0.021758
v 0.112520 -0.053397 -0.017388
v 0.093548 -0.077756 -0.011505
v 0.070431 -0.097747 -0.004338
v 0.044056 -0.112601 0.003839
v 0.016544 -0.121634 0.012369
v 0.017817 0.193453 0.018575
v 0.046466 0.184421 0.015577
v 0.073928 0.169566 0.012702
v 0.098000 0.149575 0.010182
v 0.117755 0.125216 0.008115
v 0.132435 0.097425 0.006578
v 0.141473 0.067270 0.005632
v 0.144526 0.035910 0.005313
v 0.141473 0.004549 0.005632
v 0.132435 -0.025606 0.006578
v 0.117755 -0.053397 0.008115
v 0.098000 -0.077756 0.010182
v 0.073928 -0.097747 0.012702
v 0.046466 -0.112601 0.015577
v 0.017817 -0.121634 0.018575
v 0.017857 0.193453 0.024910
v 0.046538 0.184421 0.027558
v 0.074035 0.169566 0.030096
v 0.098135 0.149575 0.032321
v 0.117914 0.125216 0.034148
v 0.132611 0.097425 0.035504
v 0.141661 0.067270 0.036340
v 0.144718 0.035910 0.036622
v 0.141661 0.004549 0.036340
v 0.132611 -0.025606 0.035504
v 0.117914 -0.053397 0.034148
v 0.098135 -0.077756 0.032321
v 0.074035 -0.097747 0.030096
v 0.046538 -0.112601 0.027558
v 0.017857 -0.121634 0.024910
v 0.016658 0.193453 0.031130
v 0.044273 0.184421 0.039324
v 0.070745 0.169566 0.047177
v 0.093949 0.149575 0.054062
v 0.112991 0.125216 0.059711
v 0.127141 0.097425 0.063909
v 0.135855 0.067270 0.066494
v 0.138797 0.035910 0.067368
v 0.135855 0.004549 0.066494
v 0.127141 -0.025606 0.063909
v 0.112991 -0.053397 0.059711
v 0.093949 -0.077756 0.054062
v 0.070745 -0.097747 0.047177
v 0.044273 -0.112601 0.039324
v 0.016658 -0.121634 0.031130
v 0.014270 0.193453 0.036998
v 0.039756 0.184421 0.050421
v 0.064188 0.169566 0.063289
v 0.085602 0.149575 0.074567
v 0.103176 0.125216 0.083823
v 0.116236 0.097425 0.090701
v 0.124277 0.067270 0.094937
v 0.126992 0.035910 0.096367
v 0.124277 0.004549 0.094937
v 0.116236 -0.025606 0.090701
v 0.103176 -0.053397 0.083823
v 0.085601 -0.077756 0.074567
v 0.064188 -0.097747 0.063289
v 0.039756 -0.112601 0.050421
v 0.014270 -0.121634 0.036998
v 0.010782 0.193453 0.042287
v 0.033160 0.184421 0.060425
v 0.054612 0.169566 0.077811
v 0.073415 0.149575 0.093050
v 0.088845 0.125216 0.105558
v 0.100312 0.097425 0.114851
v 0.107372 0.067270 0.120574
v 0.109757 0.035910 0.122506
v 0.107372 0.004549 0.120574
v 0.100311 -0.025606 0.114851
v 0.088845 -0.053397 0.105558
v 0.073415 -0.077756 0.093050
v 0.054612 -0.097747 0.077811
v 0.033160 -0.112601 0.060425
v 0.010782 -0.121634 0.042287
v 0.006330 0.193453 0.046795
v 0.024740 0.184421 0.068948
v 0.042387 0.169566 0.090186
v 0.057855 0.149575 0.108801
v 0.070550 0.125216 0.124078
v 0.079982 0.097425 0.135430
v 0.085792 0.067270 0.142420
v 0.087753 0.035910 0.144781
v 0.085792 0.004549 0.142420
v 0.079982 -0.025606 0.135430
v 0.070550 -0.053397 0.124078
v 0.057855 -0.077756 0.108801
v 0.042387 -0.097747 0.090186
v 0.024740 -0.112601 0.068948
v 0.006330 -0.121634 0.046795
v 0.061826 0.035910 0.162334
v 0.060363 0.004549 0.159637
v 0.056030 -0.025606 0.151648
v 0.014818 -0.112601 0.075666
v 0.001084 -0.121634 0.050346
v -0.014323 -0.125482 0.021939
v 0.007850 0.189720 0.062821
v 0.021573 0.177676 0.088120
v 0.033985 0.160168 0.111004
v 0.044540 0.137886 0.130465
v 0.052834 0.111685 0.145756
v 0.058547 0.082572 0.156289
v 0.044540 -0.066067 0.130465
v 0.033985 -0.088349 0.111004
v -0.000551 0.189720 0.066361
v 0.007972 0.177676 0.093853
v 0.015681 0.160168 0.118717
v 0.022237 0.137886 0.139864
v 0.027388 0.111685 0.156479
v 0.030937 0.082572 0.167924
v 0.032745 0.051666 0.173758
v 0.032745 0.020154 0.173758
v 0.030937 -0.010752 0.167924
v 0.027388 -0.039866 0.156479
v 0.022237 -0.066067 0.139864
v 0.015681 -0.088349 0.118717
v 0.007972 -0.105856 0.093852
v -0.000551 -0.117901 0.066361
v 0.037245 0.125216 0.144317
v 0.029532 0.149575 0.126013
v 0.020134 -0.097747 0.103710
v 0.029532 -0.077756 0.126013
v 0.042977 0.097425 0.157918
v 0.046506 0.067270 0.166294
v -0.001660 0.193424 0.051990
v 0.009411 0.184421 0.078264
v 0.020134 0.169566 0.103710
v 0.037245 -0.053397 0.144317
v -0.009483 0.189720 0.068194
v -0.006486 0.177676 0.096819
v -0.003776 0.160168 0.122711
v -0.001472 0.137886 0.144731
v 0.000339 0.111685 0.162031
v 0.001586 0.082572 0.173948
v 0.002222 0.051666 0.180023
v 0.002222 0.020154 0.180023
v 0.001586 -0.010752 0.173948
v 0.000339 -0.039866 0.162031
v -0.001472 -0.066067 0.144731
v -0.003776 -0.088349 0.122711
v -0.006486 -0.105856 0.096819
v -0.009483 -0.117901 0.068194
v 0.008385 0.149575 0.132569
v 0.003519 0.169566 0.108861
v 0.008385 -0.077756 0.132569
v 0.012380 -0.053397 0.152027
v 0.012380 0.125216 0.152027
v 0.003519 -0.097747 0.108861
v 0.015348 0.097425 0.166484
v -0.002033 -0.112601 0.081812
v 0.017175 0.067270 0.175387
v -0.007766 -0.121605 0.053884
v 0.017793 0.035910 0.178394
v -0.007766 0.193424 0.053884
v 0.017175 0.004549 0.175387
v -0.002033 0.184421 0.081812
v 0.015348 -0.025606 0.166484
v -0.018600 0.189720 0.068250
v -0.021245 0.177676 0.096910
v -0.023639 0.160168 0.122833
v -0.025674 0.137886 0.144879
v -0.027274 0.111685 0.162200
v -0.028375 0.082572 0.174131
v -0.028936 0.051666 0.180214
v -0.028936 0.020154 0.180214
v -0.028375 -0.010752 0.174131
v -0.027274 -0.039866 0.162200
v -0.025674 -0.066067 0.144879
v -0.023639 -0.088349 0.122833
v -0.021245 -0.105856 0.096910
v -0.018600 -0.117901 0.068250
v -0.013348 0.035910 0.181653
v -0.013367 0.067270 0.178584
v -0.014124 0.193424 0.054549
v -0.014124 -0.121605 0.054549
v -0.013367 0.004549 0.178584
v -0.013950 0.184421 0.083059
v -0.013422 -0.025606 0.169495
v -0.013781 0.169566 0.110671
v -0.013512 -0.053397 0.154737
v -0.013634 0.149575 0.134873
v -0.013634 -0.077756 0.134873
v -0.013512 0.125216 0.154737
v -0.013781 -0.097747 0.110671
v -0.013422 0.097425 0.169495
v -0.013950 -0.112601 0.083059
v -0.027552 0.189720 0.066526
v -0.035739 0.177676 0.094119
v -0.043143 0.160168 0.119078
v -0.049441 0.137886 0.140302
v -0.054387 0.111685 0.156978
v -0.057796 0.082572 0.168466
v -0.059534 0.051666 0.174322
v -0.059534 0.020154 0.174322
v -0.057796 -0.010752 0.168466
v -0.054387 -0.039866 0.156978
v -0.049441 -0.066067 0.140302
v -0.043143 -0.088349 0.119078
v -0.035739 -0.105856 0.094119
v -0.027552 -0.117901 0.066526
v -0.035679 -0.077756 0.132839
v -0.039435 -0.053397 0.152343
v -0.039435 0.125216 0.152343
v -0.035679 0.149575 0.132839
v -0.031103 -0.097747 0.109072
v -0.042226 0.097425 0.166836
v -0.025881 -0.112601 0.081958
v -0.043945 0.067270 0.175761
v -0.020490 -0.121605 0.053961
v -0.044525 0.035910 0.178774
v -0.020490 0.193424 0.053961
v -0.043945 0.004549 0.175761
v -0.025881 0.184421 0.081958
v -0.042226 -0.025606 0.166836
v -0.031103 0.169566 0.109072
v -0.035996 0.189720 0.063089
v -0.049408 0.177676 0.088554
v -0.061540 0.160168 0.111589
v -0.071857 0.137886 0.131177
v -0.079963 0.111685 0.146568
v -0.085547 0.082572 0.157168
v -0.088393 0.051666 0.162574
v -0.088393 0.020154 0.162574
v -0.085546 -0.010752 0.157169
v -0.079963 -0.039866 0.146568
v -0.071857 -0.066067 0.131177
v -0.061541 -0.088349 0.111588
v -0.049408 -0.105856 0.088554
v -0.035996 -0.117901 0.063089
v -0.026619 0.193424 0.052143
v -0.026619 -0.121605 0.052143
v -0.073385 0.004549 0.167026
v -0.074542 0.035910 0.169869
v -0.037368 0.184421 0.078549
v -0.069958 -0.025606 0.158608
v -0.047779 0.169566 0.104125
v -0.064393 -0.053397 0.144938
v -0.056904 0.149575 0.126542
v -0.056904 -0.077756 0.126542
v -0.064393 0.125216 0.144938
v -0.047779 -0.097747 0.104125
v -0.069958 0.097425 0.158608
v -0.037368 -0.112601 0.078549
v -0.073385 0.067270 0.167026
v -0.043608 0.189720 0.058070
v -0.061731 0.177676 0.080430
v -0.078123 0.160168 0.100655
v -0.092063 0.137886 0.117854
v -0.103016 0.111685 0.131367
v -0.110560 0.082572 0.140676
v -0.114406 0.051666 0.145421
v -0.114406 0.020154 0.145421
v -0.110560 -0.010752 0.140676
v -0.103016 -0.039866 0.131367
v -0.092063 -0.066067 0.117854
v -0.078123 -0.088349 0.100655
v -0.061731 -0.105856 0.080430
v -0.043608 -0.117901 0.058069
v -0.087427 0.125216 0.132807
v -0.076494 0.149575 0.116224
v -0.063169 -0.097747 0.096018
v -0.076494 -0.077756 0.116224
v -0.095552 0.097425 0.145129
v -0.047969 -0.112601 0.072966
v -0.100555 0.067270 0.152716
v -0.032275 -0.121605 0.049163
v -0.102245 0.035910 0.155278
v -0.032275 0.193424 0.049163
v -0.100555 0.004549 0.152716
v -0.047969 0.184421 0.072966
v -0.095552 -0.025606 0.145129
v -0.063169 0.169566 0.096018
v -0.087427 -0.053397 0.132807
v -0.050094 0.189720 0.051662
v -0.072230 0.177676 0.070057
v -0.092253 0.160168 0.086695
v -0.109282 0.137886 0.100845
v -0.122660 0.111685 0.111962
v -0.131876 0.082572 0.119619
v -0.136573 0.051666 0.123524
v -0.136573 0.020154 0.123524
v -0.131876 -0.010752 0.119619
v -0.122660 -0.039866 0.111962
v -0.109282 -0.066067 0.100845
v -0.092253 -0.088349 0.086695
v -0.072230 -0.105856 0.070057
v -0.050094 -0.117901 0.051662
v -0.124412 0.004549 0.133380
v -0.126568 0.035910 0.135564
v -0.057277 0.184421 0.065421
v -0.037241 0.193424 0.045139
v -0.118025 -0.025606 0.126915
v -0.076684 0.169566 0.085066
v -0.107652 -0.053397 0.116415
v -0.093693 0.149575 0.102283
v -0.093693 -0.077756 0.102283
v -0.107652 0.125216 0.116415
v -0.076684 -0.097747 0.085066
v -0.118025 0.097425 0.126915
v -0.057277 -0.112601 0.065421
v -0.124412 0.067270 0.133380
v -0.037241 -0.121605 0.045139
v -0.055206 0.189720 0.044112
v -0.080506 0.177676 0.057836
v -0.103389 0.160168 0.070247
v -0.122851 0.137886 0.080803
v -0.138141 0.111685 0.089097
v -0.148673 0.082572 0.094809
v -0.154042 0.051666 0.097722
v -0.154042 0.020154 0.097722
v -0.148673 -0.010752 0.094809
v -0.138141 -0.039866 0.089097
v -0.122851 -0.066067 0.080803
v -0.103389 -0.088349 0.070247
v -0.080506 -0.105856 0.057836
v -0.055206 -0.117901 0.044112
v -0.087801 -0.097747 0.071686
v -0.107843 -0.077756 0.085256
v -0.136512 0.097425 0.104667
v -0.124290 0.125216 0.096391
v -0.064936 -0.112601 0.056206
v -0.144037 0.067270 0.109762
v -0.041328 -0.121605 0.040222
v -0.146579 0.035910 0.111483
v -0.041328 0.193424 0.040222
v -0.144037 0.004549 0.109762
v -0.064936 0.184421 0.056206
v -0.136512 -0.025606 0.104667
v -0.087801 0.169566 0.071686
v -0.124290 -0.053397 0.096391
v -0.107843 0.149575 0.085256
v -0.058746 0.189720 0.035711
v -0.086237 0.177676 0.044235
v -0.111103 0.160168 0.051944
v -0.132249 0.137886 0.058499
v -0.148863 0.111685 0.063651
v -0.160309 0.082572 0.067199
v -0.166143 0.051666 0.069008
v -0.166143 0.020154 0.069008
v -0.160309 -0.010752 0.067199
v -0.148863 -0.039866 0.063651
v -0.132249 -0.066067 0.058499
v -0.111103 -0.088349 0.051944
v -0.086237 -0.105856 0.044235
v -0.058746 -0.117901 0.035711
v -0.150303 -0.025606 0.079240
v -0.158679 0.004549 0.082769
v -0.096095 0.169566 0.056396
v -0.070648 0.184421 0.045674
v -0.136702 -0.053397 0.073508
v -0.118398 0.149575 0.065794
v -0.118398 -0.077756 0.065794
v -0.136702 0.125216 0.073508
v -0.096095 -0.097747 0.056396
v -0.150303 0.097425 0.079240
v -0.070648 -0.112601 0.045674
v -0.158679 0.067270 0.082769
v -0.044375 -0.121605 0.034602
v -0.161506 0.035910 0.083961
v -0.044375 0.193424 0.034602
v -0.060579 0.189720 0.026781
v -0.089205 0.177676 0.029777
v -0.115096 0.160168 0.032487
v -0.137115 0.137886 0.034791
v -0.154417 0.111685 0.036602
v -0.166334 0.082572 0.037849
v -0.172409 0.051666 0.038485
v -0.172409 0.020154 0.038485
v -0.166334 -0.010752 0.037849
v -0.154417 -0.039866 0.036602
v -0.137115 -0.066067 0.034791
v -0.115096 -0.088349 0.032487
v -0.089205 -0.105856 0.029777
v -0.060579 -0.117901 0.026781
v -0.074197 -0.112601 0.034229
v -0.101246 -0.097747 0.039781
v -0.167772 0.067270 0.053438
v -0.158869 0.097425 0.051610
v -0.046269 -0.121605 0.028496
v -0.170779 0.035910 0.054055
v -0.046269 0.193424 0.028496
v -0.167772 0.004549 0.053438
v -0.074197 0.184421 0.034229
v -0.158869 -0.025606 0.051610
v -0.101246 0.169566 0.039781
v -0.144411 -0.053397 0.048642
v -0.124954 0.149575 0.044648
v -0.124954 -0.077756 0.044648
v -0.144411 0.125216 0.048642
v -0.060635 0.189720 0.017663
v -0.089295 0.177676 0.015017
v -0.115218 0.160168 0.012623
v -0.137264 0.137886 0.010589
v -0.154586 0.111685 0.008989
v -0.166516 0.082572 0.007887
v -0.172599 0.051666 0.007326
v -0.172599 0.020154 0.007326
v -0.166516 -0.010752 0.007887
v -0.154586 -0.039866 0.008989
v -0.137264 -0.066067 0.010589
v -0.115218 -0.088349 0.012623
v -0.089295 -0.105856 0.015017
v -0.060635 -0.117901 0.017663
v -0.103056 0.169566 0.022481
v -0.075444 0.184421 0.022313
v -0.147121 -0.053397 0.022750
v -0.161880 -0.025606 0.022840
v -0.127258 0.149575 0.022629
v -0.127258 -0.077756 0.022629
v -0.147121 0.125216 0.022750
v -0.103056 -0.097747 0.022481
v -0.161880 0.097425 0.022840
v -0.075444 -0.112601 0.022313
v -0.170969 0.067270 0.022896
v -0.046934 -0.121605 0.022138
v -0.174037 0.035910 0.022915
v -0.046934 0.193424 0.022138
v -0.170969 0.004549 0.022896
v -0.058911 0.189720 0.008710
v -0.086504 0.177676 0.000524
v -0.111463 0.160168 -0.006881
v -0.132688 0.137886 -0.013178
v -0.149363 0.111685 -0.018125
v -0.160851 0.082572 -0.021534
v -0.166707 0.051666 -0.023271
v -0.166707 0.020154 -0.023271
v -0.160851 -0.010752 -0.021534
v -0.149363 -0.039866 -0.018125
v -0.132688 -0.066067 -0.013178
v -0.111463 -0.088349 -0.006881
v -0.086504 -0.105856 0.000524
v -0.058911 -0.117901 0.008710
v -0.168145 0.067270 -0.007682
v -0.159221 0.097425 -0.005963
v -0.046346 -0.121605 0.015772
v -0.074343 -0.112601 0.010381
v -0.171159 0.035910 -0.008263
v -0.046346 0.193424 0.015772
v -0.168145 0.004549 -0.007682
v -0.074343 0.184421 0.010381
v -0.159221 -0.025606 -0.005963
v -0.101456 0.169566 0.005160
v -0.144728 -0.053397 -0.003172
v -0.125224 0.149575 0.000583
v -0.125224 -0.077756 0.000583
v -0.144728 0.125216 -0.003172
v -0.101456 -0.097747 0.005160
v -0.055473 0.189720 0.000266
v -0.080939 0.177676 -0.013146
v -0.103974 0.160168 -0.025278
v -0.123562 0.137886 -0.035595
v -0.138953 0.111685 -0.043701
v -0.149554 0.082572 -0.049284
v -0.154958 0.051666 -0.052130
v -0.154958 0.020154 -0.052130
v -0.149554 -0.010752 -0.049284
v -0.138953 -0.039866 -0.043701
v -0.123562 -0.066067 -0.035595
v -0.103974 -0.088349 -0.025278
v -0.080939 -0.105856 -0.013146
v -0.055473 -0.117901 0.000266
v -0.137323 -0.053397 -0.028131
v -0.150993 -0.025606 -0.033695
v -0.118927 0.149575 -0.020642
v -0.096510 0.169566 -0.011517
v -0.118927 -0.077756 -0.020642
v -0.137323 0.125216 -0.028131
v -0.096510 -0.097747 -0.011517
v -0.150993 0.097425 -0.033695
v -0.070934 -0.112601 -0.001106
v -0.159411 0.067270 -0.037123
v -0.044528 -0.121605 0.009643
v -0.162253 0.035910 -0.038279
v -0.044528 0.193424 0.009643
v -0.159411 0.004549 -0.037123
v -0.070934 0.184421 -0.001106
v -0.050455 0.189720 -0.007346
v -0.072814 0.177676 -0.025468
v -0.093039 0.160168 -0.041860
v -0.110238 0.137886 -0.055801
v -0.123753 0.111685 -0.066753
v -0.133061 0.082572 -0.074298
v -0.137806 0.051666 -0.078143
v -0.137806 0.020154 -0.078143
v -0.133061 -0.010752 -0.074298
v -0.123753 -0.039866 -0.066753
v -0.110238 -0.066067 -0.055801
v -0.093039 -0.088349 -0.041860
v -0.072815 -0.105856 -0.025468
v -0.050455 -0.117901 -0.007346
v -0.041548 -0.121605 0.003987
v -0.065350 -0.112601 -0.011707
v -0.147663 0.035910 -0.065982
v -0.145101 0.067270 -0.064293
v -0.041548 0.193424 0.003987
v -0.145101 0.004549 -0.064293
v -0.065350 0.184421 -0.011707
v -0.137513 -0.025606 -0.059290
v -0.088403 0.169566 -0.026907
v -0.125192 -0.053397 -0.051165
v -0.108610 0.149575 -0.040230
v -0.108610 -0.077756 -0.040230
v -0.125191 0.125216 -0.051165
v -0.088403 -0.097747 -0.026907
v -0.137513 0.097425 -0.059290
v -0.044047 0.189720 -0.013832
v -0.062442 0.177676 -0.035968
v -0.079080 0.160168 -0.055991
v -0.093230 0.137886 -0.073018
v -0.104347 0.111685 -0.086398
v -0.112005 0.082572 -0.095613
v -0.115908 0.051666 -0.100311
v -0.115908 0.020154 -0.100311
v -0.112005 -0.010752 -0.095613
v -0.104347 -0.039866 -0.086398
v -0.093230 -0.066067 -0.073018
v -0.079080 -0.088349 -0.055991
v -0.062442 -0.105856 -0.035968
v -0.044047 -0.117901 -0.013832
v -0.094668 0.149575 -0.057430
v -0.077451 0.169566 -0.040421
v -0.094668 -0.077756 -0.057430
v -0.108800 -0.053397 -0.071390
v -0.108800 0.125216 -0.071390
v -0.077451 -0.097747 -0.040421
v -0.119300 0.097425 -0.081762
v -0.057806 -0.112601 -0.021015
v -0.125766 0.067270 -0.088149
v -0.037524 -0.121605 -0.000979
v -0.127949 0.035910 -0.090306
v -0.037523 0.193424 -0.000979
v -0.125766 0.004549 -0.088149
v -0.057806 0.184421 -0.021015
v -0.119300 -0.025606 -0.081762
v -0.036498 0.189720 -0.018943
v -0.050220 0.177676 -0.044243
v -0.062633 0.160168 -0.067126
v -0.073188 0.137886 -0.086588
v -0.081482 0.111685 -0.101878
v -0.087194 0.082572 -0.112411
v -0.090107 0.051666 -0.117780
v -0.090107 0.020154 -0.117780
v -0.087194 -0.010752 -0.112411
v -0.081482 -0.039866 -0.101878
v -0.073188 -0.066067 -0.086588
v -0.062633 -0.088349 -0.067126
v -0.050220 -0.105856 -0.044243
v -0.036498 -0.117901 -0.018943
v -0.103868 0.035910 -0.110316
v -0.102147 0.067270 -0.107775
v -0.032607 0.193424 -0.005064
v -0.032607 -0.121605 -0.005065
v -0.102147 0.004549 -0.107775
v -0.048591 0.184421 -0.028672
v -0.097052 -0.025606 -0.100250
v -0.064071 0.169566 -0.051538
v -0.088776 -0.053397 -0.088027
v -0.077640 0.149575 -0.071580
v -0.077640 -0.077756 -0.071580
v -0.088776 0.125216 -0.088027
v -0.064071 -0.097747 -0.051538
v -0.097052 0.097425 -0.100250
v -0.048591 -0.112601 -0.028672
v -0.028097 0.189720 -0.022483
v -0.036620 0.177676 -0.049974
v -0.044328 0.160168 -0.074840
v -0.050885 0.137886 -0.095986
v -0.056036 0.111685 -0.112601
v -0.059584 0.082572 -0.124045
v -0.061393 0.051666 -0.129880
v -0.061393 0.020154 -0.129880
v -0.059584 -0.010752 -0.124045
v -0.056036 -0.039866 -0.112601
v -0.050885 -0.066067 -0.095986
v -0.044328 -0.088349 -0.074840
v -0.036620 -0.105856 -0.049974
v -0.028097 -0.117901 -0.022483
v -0.058179 -0.077756 -0.082135
v -0.065892 -0.053397 -0.100440
v -0.065893 0.125216 -0.100439
v -0.058179 0.149575 -0.082135
v -0.048781 -0.097747 -0.059832
v -0.071624 0.097425 -0.114040
v -0.038059 -0.112601 -0.034386
v -0.075154 0.067270 -0.122416
v -0.026987 -0.121605 -0.008113
v -0.076345 0.035910 -0.125244
v -0.026987 0.193424 -0.008113
v -0.075154 0.004549 -0.122416
v -0.038059 0.184421 -0.034386
v -0.071625 -0.025606 -0.114040
v -0.048781 0.169566 -0.059832
v -0.019165 0.189720 -0.024317
v -0.022161 0.177676 -0.052942
v -0.024872 0.160168 -0.078834
v -0.027176 0.137886 -0.100853
v -0.028987 0.111685 -0.118153
v -0.030234 0.082572 -0.130070
v -0.030870 0.051666 -0.136145
v -0.030870 0.020154 -0.136145
v -0.030234 -0.010752 -0.130070
v -0.028987 -0.039866 -0.118153
v -0.027176 -0.066067 -0.100853
v -0.024872 -0.088349 -0.078834
v -0.022161 -0.105856 -0.052942
v -0.019165 -0.117901 -0.024317
v -0.020881 -0.121605 -0.010005
v -0.045823 0.004549 -0.131509
v -0.046440 0.035910 -0.134516
v -0.026613 0.184421 -0.037934
v -0.020881 0.193424 -0.010005
v -0.043996 -0.025606 -0.122606
v -0.032167 0.169566 -0.064983
v -0.041028 -0.053397 -0.108148
v -0.037033 0.149575 -0.088692
v -0.037033 -0.077756 -0.088692
v -0.041027 0.125216 -0.108148
v -0.032167 -0.097747 -0.064983
v -0.043996 0.097425 -0.122606
v -0.026613 -0.112601 -0.037934
v -0.045823 0.067270 -0.131509
v -0.010048 0.189720 -0.024372
v -0.007403 0.177676 -0.053032
v -0.005009 0.160168 -0.078955
v -0.002974 0.137886 -0.101001
v -0.001374 0.111685 -0.118322
v -0.000273 0.082572 -0.130253
v 0.000289 0.051666 -0.136336
v 0.000289 0.020154 -0.136336
v -0.000273 -0.010752 -0.130253
v -0.001374 -0.039866 -0.118322
v -0.002974 -0.066067 -0.101001
v -0.005009 -0.088349 -0.078955
v -0.007403 -0.105856 -0.053032
v -0.010048 -0.117901 -0.024372
v -0.014866 -0.097747 -0.066794
v -0.015014 -0.077756 -0.090996
v -0.015226 0.097425 -0.125617
v -0.015136 0.125216 -0.110858
v -0.014697 -0.112601 -0.039181
v -0.015281 0.067270 -0.134706
v -0.014523 -0.121605 -0.010671
v -0.015300 0.035910 -0.137775
v -0.014523 0.193424 -0.010671
v -0.015281 0.004549 -0.134706
v -0.014697 0.184421 -0.039181
v -0.015226 -0.025606 -0.125617
v -0.014866 0.169566 -0.066794
v -0.015136 -0.053397 -0.110858
v -0.015014 0.149575 -0.090996
v -0.001095 0.189720 -0.022648
v 0.007091 0.177676 -0.050241
v 0.014495 0.160168 -0.075199
v 0.020792 0.137886 -0.096425
v 0.025740 0.111685 -0.113101
v 0.029148 0.082572 -0.124588
v 0.030886 0.051666 -0.130444
v 0.030886 0.020154 -0.130444
v 0.029148 -0.010752 -0.124588
v 0.025740 -0.039866 -0.113101
v 0.020792 -0.066067 -0.096425
v 0.014495 -0.088349 -0.075199
v 0.007091 -0.105856 -0.050241
v -0.001095 -0.117901 -0.022648
v -0.002766 0.184421 -0.038079
v -0.008157 0.193424 -0.010084
v 0.013579 -0.025606 -0.122958
v 0.015297 0.004549 -0.131883
v 0.002455 0.169566 -0.065194
v 0.010787 -0.053397 -0.108465
v 0.007032 0.149575 -0.088961
v 0.007032 -0.077756 -0.088961
v 0.010787 0.125216 -0.108465
v 0.002455 -0.097747 -0.065194
v 0.013579 0.097425 -0.122958
v -0.002766 -0.112601 -0.038079
v 0.015297 0.067270 -0.131883
v -0.008157 -0.121605 -0.010084
v 0.015877 0.035910 -0.134896
v 0.007349 0.189720 -0.019211
v 0.020761 0.177676 -0.044677
v 0.032893 0.160168 -0.067710
v 0.043209 0.137886 -0.087299
v 0.051316 0.111685 -0.102690
v 0.056900 0.082572 -0.113291
v 0.059745 0.051666 -0.118696
v 0.059745 0.020154 -0.118696
v 0.056900 -0.010752 -0.113291
v 0.051316 -0.039866 -0.102690
v 0.043209 -0.066067 -0.087299
v 0.032893 -0.088349 -0.067710
v 0.020761 -0.105856 -0.044677
v 0.007349 -0.117901 -0.019211
v 0.041311 0.097425 -0.114731
v 0.035746 0.125216 -0.101061
v 0.008721 -0.112601 -0.034672
v 0.019131 -0.097747 -0.060247
v 0.044737 0.067270 -0.123148
v -0.002028 -0.121605 -0.008266
v 0.045894 0.035910 -0.125991
v -0.002028 0.193424 -0.008266
v 0.044737 0.004549 -0.123148
v 0.008721 0.184421 -0.034671
v 0.041311 -0.025606 -0.114731
v 0.019131 0.169566 -0.060247
v 0.035746 -0.053397 -0.101061
v 0.028256 0.149575 -0.082664
v 0.028256 -0.077756 -0.082664
v -0.002289 0.195648 0.007090
v 0.014961 0.189720 -0.014192
v 0.033083 0.177676 -0.036552
v 0.049475 0.160168 -0.056777
v 0.063416 0.137886 -0.073976
v 0.074368 0.111685 -0.087489
v 0.081913 0.082572 -0.096798
v 0.085758 0.051666 -0.101544
v 0.085758 0.020154 -0.101544
v 0.081913 -0.010752 -0.096798
v 0.074368 -0.039866 -0.087489
v 0.063416 -0.066067 -0.073976
v 0.049475 -0.088349 -0.056777
v 0.033083 -0.105856 -0.036552
v 0.014961 -0.117901 -0.014192
v 0.066905 -0.025606 -0.101251
v 0.071908 0.004549 -0.108839
v 0.034522 0.169566 -0.052141
v 0.019322 0.184421 -0.029088
v 0.058780 -0.053397 -0.088929
v 0.047846 0.149575 -0.072346
v 0.047846 -0.077756 -0.072346
v 0.058780 0.125216 -0.088929
v 0.034522 -0.097747 -0.052141
v 0.066905 0.097425 -0.101251
v 0.019322 -0.112601 -0.029088
v 0.071908 0.067270 -0.108839
v 0.003628 -0.121605 -0.005286
v 0.073597 0.035910 -0.111400
v 0.003628 0.193424 -0.005286
v 0.021447 0.189720 -0.007785
v 0.043583 0.177676 -0.026180
v 0.063606 0.160168 -0.042817
v 0.080634 0.137886 -0.056967
v 0.094013 0.111685 -0.068084
v 0.103228 0.082572 -0.075741
v 0.107926 0.051666 -0.079646
v 0.107926 0.020154 -0.079646
v 0.103228 -0.010752 -0.075741
v 0.094013 -0.039866 -0.068084
v 0.080634 -0.066067 -0.056967
v 0.063606 -0.088349 -0.042817
v 0.043583 -0.105856 -0.026180
v 0.021447 -0.117901 -0.007785
v 0.028630 -0.112601 -0.021544
v 0.048036 -0.097747 -0.041187
v 0.095764 0.067270 -0.089502
v 0.089377 0.097425 -0.083037
v 0.008594 -0.121605 -0.001261
v 0.097921 0.035910 -0.091687
v 0.008594 0.193424 -0.001261
v 0.095764 0.004549 -0.089502
v 0.028630 0.184421 -0.021544
v 0.089377 -0.025606 -0.083037
v 0.048036 0.169566 -0.041187
v 0.079004 -0.053397 -0.072537
v 0.065045 0.149575 -0.058406
v 0.065045 -0.077756 -0.058406
v 0.079004 0.125216 -0.072537
v 0.026558 0.189720 -0.000235
v 0.051858 0.177676 -0.013958
v 0.074742 0.160168 -0.026370
v 0.094203 0.137886 -0.036925
v 0.109494 0.111685 -0.045219
v 0.120025 0.082572 -0.050932
v 0.125395 0.051666 -0.053843
v 0.125395 0.020154 -0.053843
v 0.120025 -0.010752 -0.050932
v 0.109494 -0.039866 -0.045219
v 0.094203 -0.066067 -0.036925
v 0.074742 -0.088349 -0.026370
v 0.051858 -0.105856 -0.013958
v 0.026558 -0.117901 -0.000235
v 0.059153 0.169566 -0.027809
v 0.036288 0.184421 -0.012328
v 0.095642 -0.053397 -0.052514
v 0.107864 -0.025606 -0.060789
v 0.079195 0.149575 -0.041378
v 0.079195 -0.077756 -0.041378
v 0.095642 0.125216 -0.052514
v 0.059153 -0.097747 -0.027809
v 0.107864 0.097425 -0.060789
v 0.036288 -0.112601 -0.012328
v 0.115390 0.067270 -0.065885
v 0.012680 -0.121605 0.003656
v 0.117932 0.035910 -0.067605
v 0.012680 0.193424 0.003656
v 0.115390 0.004549 -0.065885
v 0.030099 0.189720 0.008166
v 0.057589 0.177676 -0.000356
v 0.082455 0.160168 -0.008066
v 0.103602 0.137886 -0.014622
v 0.120216 0.111685 -0.019774
v 0.131661 0.082572 -0.023321
v 0.137495 0.051666 -0.025130
v 0.137495 0.020154 -0.025130
v 0.131661 -0.010752 -0.023321
v 0.120216 -0.039866 -0.019774
v 0.103602 -0.066067 -0.014622
v 0.082455 -0.088349 -0.008066
v 0.057589 -0.105856 -0.000356
v 0.030099 -0.117901 0.008166
v 0.130032 0.067270 -0.038892
v 0.121655 0.097425 -0.035362
v 0.015728 -0.121605 0.009276
v 0.042000 -0.112601 -0.001796
v 0.132859 0.035910 -0.040083
v 0.015728 0.193424 0.009276
v 0.130032 0.004549 -0.038892
v 0.042000 0.184421 -0.001796
v 0.121655 -0.025606 -0.035362
v 0.067447 0.169566 -0.012518
v 0.108055 -0.053397 -0.029630
v 0.089751 0.149575 -0.021917
v 0.089751 -0.077756 -0.021917
v 0.108055 0.125216 -0.029630
v 0.067447 -0.097747 -0.012518
v 0.031932 0.189720 0.017098
v 0.060557 0.177676 0.014101
v 0.086449 0.160168 0.011391
v 0.108468 0.137886 0.009086
v 0.125769 0.111685 0.007276
v 0.137686 0.082572 0.006029
v 0.143760 0.051666 0.005392
v 0.143760 0.020154 0.005392
v 0.137686 -0.010752 0.006029
v 0.125769 -0.039866 0.007276
v 0.108468 -0.066067 0.009086
v 0.086449 -0.088349 0.011391
v 0.060557 -0.105856 0.014101
v 0.031932 -0.117901 0.017098
v 0.115763 -0.053397 -0.004765
v 0.130222 -0.025606 -0.007732
v 0.096307 0.149575 -0.000770
v 0.072598 0.169566 0.004097
v 0.096307 -0.077756 -0.000770
v 0.115763 0.125216 -0.004765
v 0.072598 -0.097747 0.004097
v 0.130222 0.097425 -0.007732
v 0.045549 -0.112601 0.009649
v 0.139124 0.067270 -0.009560
v 0.017621 -0.121605 0.015381
v 0.142131 0.035910 -0.010177
v 0.017621 0.193424 0.015381
v 0.139124 0.004549 -0.009560
v 0.045549 0.184421 0.009649
v 0.031988 0.189720 0.026215
v 0.060648 0.177676 0.028861
v 0.086571 0.160168 0.031254
v 0.108616 0.137886 0.033289
v 0.125938 0.111685 0.034889
v 0.137869 0.082572 0.035990
v 0.143951 0.051666 0.036551
v 0.143951 0.020154 0.036551
v 0.137869 -0.010752 0.035990
v 0.125938 -0.039866 0.034889
v 0.108616 -0.066067 0.033289
v 0.086571 -0.088349 0.031254
v 0.060648 -0.105856 0.028861
v 0.031988 -0.117901 0.026215
v 0.018286 -0.121605 0.021739
v 0.046796 -0.112601 0.021566
v 0.145390 0.035910 0.020962
v 0.142322 0.067270 0.020982
v 0.018286 0.193424 0.021739
v 0.142322 0.004549 0.020982
v 0.046796 0.184421 0.021566
v 0.133232 -0.025606 0.021037
v 0.074409 0.169566 0.021397
v 0.118474 -0.053397 0.021128
v 0.098611 0.149575 0.021249
v 0.098611 -0.077756 0.021249
v 0.118474 0.125216 0.021128
v 0.074409 -0.097747 0.021397
v 0.133232 0.097425 0.021037
v 0.030264 0.189720 0.035167
v 0.057856 0.177676 0.043353
v 0.082815 0.160168 0.050759
v 0.104040 0.137886 0.057056
v 0.120716 0.111685 0.062003
v 0.132203 0.082572 0.065411
v 0.138060 0.051666 0.067149
v 0.138060 0.020154 0.067149
v 0.132203 -0.010752 0.065411
v 0.120716 -0.039866 0.062003
v 0.104040 -0.066067 0.057056
v 0.082815 -0.088349 0.050759
v 0.057856 -0.105856 0.043353
v 0.030264 -0.117901 0.035167
v 0.096576 -0.077756 0.043295
v 0.116080 -0.053397 0.047050
v 0.116080 0.125216 0.047050
v 0.096576 0.149575 0.043295
v 0.072809 -0.097747 0.038717
v 0.130574 0.097425 0.049841
v 0.045695 -0.112601 0.033497
v 0.139498 0.067270 0.051559
v 0.017699 -0.121605 0.028105
v 0.142512 0.035910 0.052140
v 0.017699 0.193424 0.028105
v 0.139498 0.004549 0.051559
v 0.045695 0.184421 0.033497
v 0.130574 -0.025606 0.049841
v 0.072809 0.169566 0.038717
v 0.026826 0.189720 0.043611
v 0.052292 0.177676 0.057023
v 0.075326 0.160168 0.069156
v 0.094915 0.137886 0.079473
v 0.110306 0.111685 0.087578
v 0.120906 0.082572 0.093162
v 0.126311 0.051666 0.096008
v 0.126311 0.020154 0.096008
v 0.120906 -0.010752 0.093162
v 0.110306 -0.039866 0.087578
v 0.094915 -0.066067 0.079473
v 0.075326 -0.088349 0.069156
v 0.052292 -0.105856 0.057023
v 0.026826 -0.117901 0.043611
v 0.015881 0.193424 0.034234
v 0.015881 -0.121605 0.034234
v 0.130764 0.004549 0.081000
v 0.133606 0.035910 0.082156
v 0.042287 0.184421 0.044983
v 0.122346 -0.025606 0.077573
v 0.067862 0.169566 0.055395
v 0.108676 -0.053397 0.072009
v 0.090279 0.149575 0.064520
v 0.090279 -0.077756 0.064520
v 0.108676 0.125216 0.072009
v 0.067862 -0.097747 0.055395
v 0.122346 0.097425 0.077573
v 0.042286 -0.112601 0.044983
v 0.130764 0.067270 0.081000
v 0.021807 0.189720 0.051223
v 0.044167 0.177676 0.069346
v 0.064391 0.160168 0.085738
v 0.081591 0.137886 0.099678
v 0.095105 0.111685 0.110631
v 0.104414 0.082572 0.118175
v 0.109158 0.051666 0.122021
v 0.109158 0.020154 0.122021
v 0.104414 -0.010752 0.118175
v 0.095105 -0.039866 0.110631
v 0.081591 -0.066067 0.099678
v 0.064391 -0.088349 0.085738
v 0.044167 -0.105856 0.069346
v 0.021807 -0.117901 0.051223
v 0.096544 0.125216 0.095042
v 0.079962 0.149575 0.084109
v 0.059755 -0.097747 0.070785
v 0.079962 -0.077756 0.084108
v 0.108866 0.097425 0.103167
v 0.036703 -0.112601 0.055585
v 0.116454 0.067270 0.108170
v 0.012901 -0.121605 0.039890
v 0.119016 0.035910 0.109860
v 0.012901 0.193424 0.039890
v 0.116454 0.004549 0.108170
v 0.036703 0.184421 0.055585
v 0.108866 -0.025606 0.103167
v 0.059755 0.169566 0.070785
v 0.096544 -0.053397 0.095042
v 0.015400 0.189720 0.057709
v 0.033794 0.177676 0.079846
v 0.050432 0.160168 0.099868
v 0.064582 0.137886 0.116896
v 0.075699 0.111685 0.130275
v 0.083357 0.082572 0.139491
v 0.087260 0.051666 0.144189
v 0.087260 0.020154 0.144189
v 0.083357 -0.010752 0.139491
v 0.075699 -0.039866 0.130275
v 0.064582 -0.066067 0.116896
v 0.050432 -0.088349 0.099868
v 0.033794 -0.105856 0.079846
v 0.015400 -0.117901 0.057709
v 0.097118 0.004549 0.132027
v 0.099302 0.035910 0.134183
v 0.029158 0.184421 0.064893
v 0.008876 0.193424 0.044856
v 0.090653 -0.025606 0.125639
v 0.048802 0.169566 0.084299
v 0.080152 -0.053397 0.115267
v 0.066021 0.149575 0.101308
v 0.066021 -0.077756 0.101308
v 0.080152 0.125216 0.115267
v 0.048802 -0.097747 0.084299
v 0.090653 0.097425 0.125639
v 0.029158 -0.112601 0.064893
v 0.097118 0.067270 0.132027
v 0.008876 -0.121605 0.044856
v 0.061459 0.020154 0.161658
v 0.058547 -0.010752 0.156289
v 0.007850 -0.117901 0.062821
v -0.005211 -0.123829 0.038739
v 0.019943 -0.112601 0.072551
v 0.003959 -0.121605 0.048943
v 0.075220 0.035910 0.154194
v 0.073499 0.004549 0.151653
v 0.068404 -0.025606 0.144127
v -0.005211 0.195648 0.038739
v 0.061459 0.051666 0.161658
v 0.052834 -0.039866 0.145756
v 0.021573 -0.105856 0.088120
v -0.008664 0.195648 0.040194
v -0.008664 -0.123829 0.040194
v 0.009411 -0.112601 0.078264
v -0.001660 -0.121605 0.051990
v 0.047698 0.035910 0.169122
v 0.046506 0.004549 0.166294
v 0.042977 -0.025606 0.157918
v -0.012333 0.195648 0.040948
v -0.012333 -0.123829 0.040948
v -0.016081 0.195648 0.040971
v -0.016081 -0.123829 0.040971
v -0.019760 0.195648 0.040263
v -0.019760 -0.123829 0.040263
v -0.023230 0.195648 0.038850
v -0.023230 -0.123829 0.038850
v -0.026358 0.195648 0.036787
v -0.026358 -0.123829 0.036787
v -0.029024 0.195648 0.034154
v -0.029024 -0.123829 0.034154
v -0.031125 0.195648 0.031052
v -0.031125 -0.123829 0.031052
v -0.032579 0.195648 0.027598
v -0.032579 -0.123829 0.027598
v -0.033333 0.195648 0.023929
v -0.033333 -0.123829 0.023929
v -0.033356 0.195648 0.020182
v -0.033356 -0.123829 0.020182
v -0.032648 0.195648 0.016502
v -0.032648 -0.123829 0.016502
v -0.031235 0.195648 0.013032
v -0.031235 -0.123829 0.013032
v -0.029172 0.195648 0.009904
v -0.029172 -0.123829 0.009904
v -0.026539 0.195648 0.007238
v -0.026539 -0.123829 0.007238
v -0.023436 0.195648 0.005138
v -0.023436 -0.123829 0.005138
v -0.019983 0.195648 0.003683
v -0.019983 -0.123829 0.003683
v -0.016314 0.195648 0.002930
v -0.016314 -0.123829 0.002929
v -0.012567 0.195648 0.002906
v -0.012567 -0.123829 0.002906
v -0.008888 0.195648 0.003616
v -0.008888 -0.123829 0.003616
v -0.005417 0.195648 0.005028
v -0.005417 -0.123829 0.005028
v -0.002289 -0.123829 0.007090
v 0.000377 0.195648 0.009723
v 0.000377 -0.123829 0.009723
v 0.002477 0.195648 0.012826
v 0.002477 -0.123829 0.012826
v 0.003932 0.195648 0.016279
v 0.003932 -0.123829 0.016279
v 0.004685 0.195648 0.019949
v 0.004685 -0.123829 0.019949
v 0.004709 0.195648 0.023696
v 0.004709 -0.123829 0.023696
v 0.003999 0.195648 0.027375
v 0.003999 -0.123829 0.027374
v 0.002587 0.195648 0.030845
v 0.002587 -0.123829 0.030845
v 0.000525 0.195648 0.033973
v 0.000525 -0.123829 0.033973
v -0.002108 0.195648 0.036639
v -0.002108 -0.123829 0.036639
v 0.035424 -0.097747 0.095416
v 0.048993 -0.077756 0.115457
v 0.068404 0.097425 0.144127
v 0.060129 0.125216 0.131905
v 0.073499 0.067270 0.151653
v 0.003959 0.193424 0.048943
v 0.019943 0.184421 0.072551
v 0.035424 0.169566 0.095416
v 0.060129 -0.053397 0.131905
v 0.048993 0.149575 0.115457
v 0.033620 0.137886 0.135713
v 0.025022 -0.088349 0.115310
v 0.040375 0.111685 0.151742
v 0.014913 -0.105856 0.091320
v 0.045028 0.082572 0.162783
v 0.003750 -0.117897 0.064830
v 0.047399 0.051666 0.168412
v -0.005780 0.195310 0.042213
v -0.005780 -0.123491 0.042213
v 0.047399 0.020154 0.168412
v 0.003750 0.189717 0.064830
v 0.045028 -0.010752 0.162783
v 0.014913 0.177676 0.091320
v 0.040375 -0.039866 0.151742
v 0.025022 0.160168 0.115310
v 0.033620 -0.066067 0.135713
v 0.006050 0.160168 0.121192
v 0.010502 -0.066067 0.142879
v 0.010502 0.137886 0.142879
v 0.006050 -0.088349 0.121192
v 0.014000 0.111685 0.159919
v 0.000816 -0.105856 0.095691
v 0.016410 0.082572 0.171656
v -0.004964 -0.117897 0.067532
v 0.017638 0.051666 0.177639
v -0.009899 0.195310 0.043491
v -0.009899 -0.123491 0.043491
v 0.017638 0.020154 0.177639
v -0.004964 0.189717 0.067532
v 0.016410 -0.010752 0.171656
v 0.000816 0.177676 0.095691
v 0.014000 -0.039866 0.159919
v -0.013352 0.051666 0.180883
v -0.014189 0.195310 0.043939
v -0.014189 -0.123491 0.043939
v -0.013352 0.020154 0.180883
v -0.014039 0.189717 0.068483
v -0.013390 -0.010752 0.174775
v -0.013863 0.177676 0.097227
v -0.013463 -0.039866 0.162794
v -0.013704 0.160168 0.123260
v -0.013569 -0.066067 0.145399
v -0.013569 0.137886 0.145399
v -0.013704 -0.088349 0.123260
v -0.013463 0.111685 0.162794
v -0.013863 -0.105856 0.097227
v -0.013390 0.082572 0.174775
v -0.014039 -0.117897 0.068483
v -0.037669 -0.066067 0.143174
v -0.037669 0.137886 0.143174
v -0.033483 -0.088349 0.121434
v -0.040959 0.111685 0.160255
v -0.028560 -0.105856 0.095871
v -0.043225 0.082572 0.172020
v -0.023125 -0.117897 0.067644
v -0.044380 0.051666 0.178019
v -0.018483 0.195310 0.043543
v -0.018483 -0.123491 0.043543
v -0.044380 0.020154 0.178019
v -0.023125 0.189717 0.067644
v -0.043225 -0.010752 0.172020
v -0.028560 0.177676 0.095871
v -0.040959 -0.039866 0.160255
v -0.033483 0.160168 0.121434
v -0.022619 0.195310 0.042316
v -0.022619 -0.123491 0.042316
v -0.074251 0.020154 0.169156
v -0.031872 0.189717 0.065049
v -0.071949 -0.010752 0.163499
v -0.042710 0.177676 0.091672
v -0.067431 -0.039866 0.152402
v -0.052525 0.160168 0.115784
v -0.060873 -0.066067 0.136290
v -0.060873 0.137886 0.136290
v -0.052525 -0.088349 0.115784
v -0.067431 0.111685 0.152402
v -0.042710 -0.105856 0.091672
v -0.071948 0.082572 0.163499
v -0.031872 -0.117897 0.065048
v -0.074251 0.051666 0.169156
v -0.082287 0.137886 0.125012
v -0.070100 -0.088349 0.106529
v -0.091863 0.111685 0.139533
v -0.055769 -0.105856 0.084794
v -0.098458 0.082572 0.149536
v -0.039946 -0.117897 0.060796
v -0.101820 0.051666 0.154636
v -0.026435 0.195310 0.040307
v -0.026435 -0.123491 0.040307
v -0.101820 0.020154 0.154636
v -0.039946 0.189717 0.060796
v -0.098458 -0.010752 0.149536
v -0.055769 0.177676 0.084794
v -0.091863 -0.039866 0.139533
v -0.070100 0.160168 0.106529
v -0.082287 -0.066067 0.125012
v -0.126027 0.020154 0.135017
v -0.047034 0.189717 0.055051
v -0.121734 -0.010752 0.130670
v -0.067235 0.177676 0.075501
v -0.113314 -0.039866 0.122147
v -0.085530 0.160168 0.094021
v -0.101090 -0.066067 0.109772
v -0.101090 0.137886 0.109772
v -0.085530 -0.088349 0.094021
v -0.113314 0.111685 0.122147
v -0.067235 -0.105856 0.075501
v -0.121734 0.082572 0.130670
v -0.047034 -0.117897 0.055051
v -0.126027 0.051666 0.135017
v -0.029786 0.195310 0.037591
v -0.029786 -0.123491 0.037591
v -0.098225 -0.088349 0.078744
v -0.130961 0.111685 0.100909
v -0.076668 -0.105856 0.064149
v -0.140883 0.082572 0.107627
v -0.052866 -0.117897 0.048033
v -0.145941 0.051666 0.111051
v -0.032542 0.195310 0.034274
v -0.032542 -0.123491 0.034274
v -0.145941 0.020154 0.111051
v -0.052866 0.189717 0.048033
v -0.140883 -0.010752 0.107627
v -0.076668 0.177676 0.064149
v -0.130961 -0.039866 0.100909
v -0.098225 0.160168 0.078744
v -0.116558 -0.066067 0.091157
v -0.116558 0.137886 0.091157
v -0.155169 -0.010752 0.081290
v -0.083705 0.177676 0.051176
v -0.144127 -0.039866 0.076637
v -0.107696 0.160168 0.061285
v -0.128098 -0.066067 0.069882
v -0.128098 0.137886 0.069882
v -0.107696 -0.088349 0.061285
v -0.144127 0.111685 0.076637
v -0.083705 -0.105856 0.051176
v -0.155169 0.082572 0.081290
v -0.057216 -0.117897 0.040013
v -0.160797 0.051666 0.083661
v -0.034598 0.195310 0.030482
v -0.034598 -0.123491 0.030482
v -0.160797 0.020154 0.083661
v -0.057216 0.189717 0.040013
v -0.088076 -0.105856 0.037078
v -0.164041 0.082572 0.052672
v -0.059917 -0.117897 0.031298
v -0.170024 0.051666 0.053900
v -0.035876 0.195310 0.026363
v -0.035876 -0.123491 0.026363
v -0.170024 0.020154 0.053900
v -0.059917 0.189717 0.031298
v -0.164041 -0.010752 0.052672
v -0.088076 0.177676 0.037078
v -0.152303 -0.039866 0.050263
v -0.113577 0.160168 0.042312
v -0.135265 -0.066067 0.046765
v -0.135265 0.137886 0.046765
v -0.113577 -0.088349 0.042312
v -0.152303 0.111685 0.050263
v -0.089612 0.177676 0.022399
v -0.155178 -0.039866 0.022800
v -0.115645 0.160168 0.022558
v -0.137783 -0.066067 0.022694
v -0.137783 0.137886 0.022694
v -0.115645 -0.088349 0.022558
v -0.155178 0.111685 0.022800
v -0.089612 -0.105856 0.022399
v -0.167159 0.082572 0.022873
v -0.060868 -0.117897 0.022223
v -0.173268 0.051666 0.022911
v -0.036324 0.195310 0.022073
v -0.036324 -0.123491 0.022073
v -0.173268 0.020154 0.022911
v -0.060868 0.189717 0.022223
v -0.167159 -0.010752 0.022873
v -0.164405 0.082572 -0.006962
v -0.060028 -0.117897 0.013138
v -0.170403 0.051666 -0.008117
v -0.035928 0.195310 0.017779
v -0.035928 -0.123491 0.017779
v -0.170403 0.020154 -0.008117
v -0.060028 0.189717 0.013138
v -0.164405 -0.010752 -0.006962
v -0.088256 0.177676 0.007702
v -0.152639 -0.039866 -0.004696
v -0.113819 0.160168 0.002779
v -0.135559 -0.066067 -0.001407
v -0.135559 0.137886 -0.001407
v -0.113819 -0.088349 0.002779
v -0.152639 0.111685 -0.004696
v -0.088256 -0.105856 0.007702
v -0.144786 -0.039866 -0.031168
v -0.108169 0.160168 -0.016263
v -0.128675 -0.066067 -0.024610
v -0.128675 0.137886 -0.024611
v -0.108169 -0.088349 -0.016263
v -0.144786 0.111685 -0.031168
v -0.084057 -0.105856 -0.006448
v -0.155883 0.082572 -0.035686
v -0.057434 -0.117897 0.004390
v -0.161541 0.051666 -0.037989
v -0.034701 0.195310 0.013643
v -0.034701 -0.123491 0.013643
v -0.161541 0.020154 -0.037989
v -0.057434 0.189717 0.004390
v -0.155883 -0.010752 -0.035686
v -0.084057 0.177676 -0.006448
v -0.053182 -0.117897 -0.003683
v -0.147021 0.051666 -0.065558
v -0.032691 0.195310 0.009828
v -0.032691 -0.123491 0.009828
v -0.147021 0.020154 -0.065558
v -0.053182 0.189717 -0.003683
v -0.141921 -0.010752 -0.062196
v -0.077179 0.177676 -0.019507
v -0.131918 -0.039866 -0.055600
v -0.098913 0.160168 -0.033837
v -0.117396 -0.066067 -0.046024
v -0.117396 0.137886 -0.046024
v -0.098913 -0.088349 -0.033837
v -0.131918 0.111685 -0.055600
v -0.077179 -0.105856 -0.019507
v -0.141921 0.082572 -0.062196
v -0.086406 0.160168 -0.049268
v -0.102156 -0.066067 -0.064827
v -0.102156 0.137886 -0.064827
v -0.086406 -0.088349 -0.049268
v -0.114532 0.111685 -0.077052
v -0.067886 -0.105856 -0.030973
v -0.123055 0.082572 -0.085472
v -0.047436 -0.117897 -0.010771
v -0.127401 0.051666 -0.089765
v -0.029976 0.195310 0.006476
v -0.029976 -0.123491 0.006476
v -0.127401 0.020154 -0.089765
v -0.047436 0.189717 -0.010771
v -0.123055 -0.010752 -0.085472
v -0.067886 0.177676 -0.030973
v -0.114532 -0.039866 -0.077052
v -0.103436 0.051666 -0.109679
v -0.026658 0.195310 0.003720
v -0.026658 -0.123491 0.003720
v -0.103436 0.020154 -0.109679
v -0.040419 0.189717 -0.016603
v -0.100012 -0.010752 -0.104621
v -0.056534 0.177676 -0.040406
v -0.093294 -0.039866 -0.094699
v -0.071130 0.160168 -0.061962
v -0.083542 -0.066067 -0.080296
v -0.083542 0.137886 -0.080296
v -0.071130 -0.088349 -0.061962
v -0.093294 0.111685 -0.094699
v -0.056534 -0.105856 -0.040406
v -0.100012 0.082572 -0.104621
v -0.040419 -0.117897 -0.016603
v -0.062267 -0.066067 -0.091835
v -0.062267 0.137886 -0.091835
v -0.053670 -0.088349 -0.071432
v -0.069022 0.111685 -0.107865
v -0.043561 -0.105856 -0.047442
v -0.073675 0.082572 -0.118906
v -0.032398 -0.117897 -0.020953
v -0.076046 0.051666 -0.124535
v -0.022867 0.195310 0.001664
v -0.022867 -0.123491 0.001664
v -0.076046 0.020154 -0.124535
v -0.032398 0.189717 -0.020954
v -0.073675 -0.010752 -0.118906
v -0.043561 0.177676 -0.047442
v -0.069022 -0.039866 -0.107865
v -0.053670 0.160168 -0.071432
v -0.018748 -0.123491 0.000387
v -0.046285 0.020154 -0.133762
v -0.023683 0.189717 -0.023655
v -0.045057 -0.010752 -0.127779
v -0.029463 0.177676 -0.051813
v -0.042648 -0.039866 -0.116041
v -0.034697 0.160168 -0.077315
v -0.039149 -0.066067 -0.099002
v -0.039149 0.137886 -0.099002
v -0.034697 -0.088349 -0.077315
v -0.042648 0.111685 -0.116041
v -0.029463 -0.105856 -0.051813
v -0.045057 0.082572 -0.127779
v -0.023683 -0.117897 -0.023655
v -0.046285 0.051666 -0.133762
v -0.018748 0.195310 0.000387
v -0.014943 -0.088349 -0.079382
v -0.015185 0.111685 -0.118916
v -0.014784 -0.105856 -0.053350
v -0.015258 0.082572 -0.130897
v -0.014608 -0.117897 -0.024605
v -0.015296 0.051666 -0.137006
v -0.014458 0.195310 -0.000062
v -0.014458 -0.123491 -0.000062
v -0.015296 0.020154 -0.137006
v -0.014608 0.189717 -0.024605
v -0.015258 -0.010752 -0.130897
v -0.014784 0.177676 -0.053350
v -0.015185 -0.039866 -0.118916
v -0.014943 0.160168 -0.079382
v -0.015079 -0.066067 -0.101521
v -0.015079 0.137886 -0.101521
v -0.005523 0.189717 -0.023766
v 0.014577 -0.010752 -0.128143
v -0.000087 0.177676 -0.051993
v 0.012311 -0.039866 -0.116377
v 0.004836 0.160168 -0.077556
v 0.009022 -0.066067 -0.099296
v 0.009022 0.137886 -0.099296
v 0.004836 -0.088349 -0.077556
v 0.012311 0.111685 -0.116377
v -0.000088 -0.105856 -0.051993
v 0.014577 0.082572 -0.128142
v -0.005523 -0.117897 -0.023766
v 0.015732 0.051666 -0.134141
v -0.010164 0.195310 0.000334
v -0.010164 -0.123491 0.000334
v 0.015732 0.020154 -0.134141
v 0.038783 0.111685 -0.108523
v 0.014063 -0.105856 -0.047795
v 0.043301 0.082572 -0.119621
v 0.003225 -0.117897 -0.021171
v 0.045604 0.051666 -0.125279
v -0.006028 0.195310 0.001561
v -0.006028 -0.123491 0.001561
v 0.045604 0.020154 -0.125279
v 0.003225 0.189717 -0.021171
v 0.043301 -0.010752 -0.119621
v 0.014063 0.177676 -0.047795
v 0.038783 -0.039866 -0.108523
v 0.023878 0.160168 -0.071907
v 0.032225 -0.066067 -0.092412
v 0.032225 0.137886 -0.092412
v 0.023878 -0.088349 -0.071907
v 0.069811 -0.010752 -0.105659
v 0.027122 0.177676 -0.040917
v 0.063215 -0.039866 -0.095656
v 0.041452 0.160168 -0.062651
v 0.053639 -0.066067 -0.081134
v 0.053639 0.137886 -0.081134
v 0.041452 -0.088349 -0.062651
v 0.063215 0.111685 -0.095656
v 0.027122 -0.105856 -0.040917
v 0.069811 0.082572 -0.105659
v 0.011298 -0.117897 -0.016919
v 0.073173 0.051666 -0.110759
v -0.002212 0.195310 0.003571
v -0.002212 -0.123491 0.003571
v 0.073173 0.020154 -0.110759
v 0.011298 0.189717 -0.016919
v 0.038588 -0.105856 -0.031624
v 0.093087 0.082572 -0.086793
v 0.018386 -0.117897 -0.011174
v 0.097380 0.051666 -0.091138
v 0.001138 0.195310 0.006287
v 0.001138 -0.123491 0.006287
v 0.097380 0.020154 -0.091138
v 0.018386 0.189717 -0.011174
v 0.093087 -0.010752 -0.086793
v 0.038588 0.177676 -0.031624
v 0.084667 -0.039866 -0.078269
v 0.056883 0.160168 -0.050144
v 0.072442 -0.066067 -0.065894
v 0.072442 0.137886 -0.065894
v 0.056883 -0.088349 -0.050144
v 0.084667 0.111685 -0.078269
v 0.048021 0.177676 -0.020272
v 0.102314 -0.039866 -0.057032
v 0.069578 0.160168 -0.034867
v 0.087911 -0.066067 -0.047280
v 0.087911 0.137886 -0.047280
v 0.069578 -0.088349 -0.034867
v 0.102314 0.111685 -0.057032
v 0.048021 -0.105856 -0.020272
v 0.112236 0.082572 -0.063750
v 0.024218 -0.117897 -0.004156
v 0.117294 0.051666 -0.067174
v 0.003895 0.195310 0.009604
v 0.003894 -0.123491 0.009604
v 0.117294 0.020154 -0.067174
v 0.024218 0.189717 -0.004156
v 0.112236 -0.010752 -0.063750
v 0.126521 0.082572 -0.037412
v 0.028568 -0.117897 0.003865
v 0.132150 0.051666 -0.039784
v 0.005951 0.195310 0.013395
v 0.005951 -0.123491 0.013395
v 0.132150 0.020154 -0.039784
v 0.028568 0.189717 0.003865
v 0.126521 -0.010752 -0.037412
v 0.055058 0.177676 -0.007297
v 0.115479 -0.039866 -0.032759
v 0.079048 0.160168 -0.017407
v 0.099450 -0.066067 -0.026004
v 0.099450 0.137886 -0.026004
v 0.079048 -0.088349 -0.017407
v 0.115479 0.111685 -0.032759
v 0.055058 -0.105856 -0.007297
v 0.123656 -0.039866 -0.006385
v 0.084930 0.160168 0.001565
v 0.106617 -0.066067 -0.002887
v 0.106617 0.137886 -0.002887
v 0.084930 -0.088349 0.001565
v 0.123656 0.111685 -0.006385
v 0.059428 -0.105856 0.006799
v 0.135394 0.082572 -0.008795
v 0.031270 -0.117897 0.012579
v 0.141377 0.051666 -0.010023
v 0.007228 0.195310 0.017515
v 0.007228 -0.123491 0.017515
v 0.141377 0.020154 -0.010023
v 0.031270 0.189717 0.012579
v 0.135394 -0.010752 -0.008795
v 0.059428 0.177676 0.006799
v 0.032220 -0.117897 0.021654
v 0.144620 0.051666 0.020967
v 0.007677 0.195310 0.021804
v 0.007677 -0.123491 0.021804
v 0.144620 0.020154 0.020967
v 0.032220 0.189717 0.021654
v 0.138512 -0.010752 0.021004
v 0.060965 0.177676 0.021479
v 0.126530 -0.039866 0.021078
v 0.086997 0.160168 0.021319
v 0.109136 -0.066067 0.021184
v 0.109136 0.137886 0.021184
v 0.086997 -0.088349 0.021319
v 0.126530 0.111685 0.021078
v 0.060964 -0.105856 0.021479
v 0.138512 0.082572 0.021004
v 0.106911 -0.066067 0.045284
v 0.106911 0.137886 0.045284
v 0.085172 -0.088349 0.041098
v 0.123992 0.111685 0.048573
v 0.059608 -0.105856 0.036176
v 0.135758 0.082572 0.050840
v 0.031381 -0.117897 0.030739
v 0.141756 0.051666 0.051994
v 0.007280 0.195310 0.026099
v 0.007280 -0.123491 0.026099
v 0.141756 0.020154 0.051994
v 0.031381 0.189717 0.030739
v 0.135758 -0.010752 0.050840
v 0.059608 0.177676 0.036176
v 0.123992 -0.039866 0.048573
v 0.085172 0.160168 0.041098
v 0.006054 0.195310 0.030234
v 0.006054 -0.123491 0.030234
v 0.132894 0.020154 0.081866
v 0.028786 0.189717 0.039487
v 0.127236 -0.010752 0.079563
v 0.055410 0.177676 0.050325
v 0.116138 -0.039866 0.075046
v 0.079522 0.160168 0.060140
v 0.100028 -0.066067 0.068488
v 0.100028 0.137886 0.068488
v 0.079522 -0.088349 0.060140
v 0.116138 0.111685 0.075046
v 0.055410 -0.105856 0.050325
v 0.127236 0.082572 0.079563
v 0.028786 -0.117897 0.039487
v 0.132894 0.051666 0.081866
v 0.088748 0.137886 0.089902
v 0.070265 -0.088349 0.077715
v 0.103271 0.111685 0.099478
v 0.048532 -0.105856 0.063384
v 0.113274 0.082572 0.106073
v 0.024534 -0.117897 0.047561
v 0.118373 0.051666 0.109436
v 0.004044 0.195310 0.034050
v 0.004043 -0.123491 0.034050
v 0.118373 0.020154 0.109436
v 0.024534 0.189717 0.047561
v 0.113274 -0.010752 0.106073
v 0.048532 0.177676 0.063384
v 0.103271 -0.039866 0.099478
v 0.070266 0.160168 0.077715
v 0.088748 -0.066067 0.089902
v 0.098754 0.020154 0.133642
v 0.018789 0.189717 0.054649
v 0.094408 -0.010752 0.129349
v 0.039239 0.177676 0.074850
v 0.085884 -0.039866 0.120929
v 0.057759 0.160168 0.093146
v 0.073509 -0.066067 0.108704
v 0.073509 0.137886 0.108704
v 0.057759 -0.088349 0.093146
v 0.085884 0.111685 0.120929
v 0.039239 -0.105856 0.074850
v 0.094408 0.082572 0.129349
v 0.018789 -0.117897 0.054649
v 0.098754 0.051666 0.133642
v 0.001328 0.195310 0.037400
v 0.001328 -0.123491 0.037400
v 0.042482 -0.088349 0.105840
v 0.064647 0.111685 0.138577
v 0.027887 -0.105856 0.084283
v 0.071365 0.082572 0.148498
v 0.011771 -0.117897 0.060481
v 0.074789 0.051666 0.153556
v -0.001989 0.195310 0.040157
v -0.001989 -0.123491 0.040157
v 0.074789 0.020154 0.153556
v 0.011771 0.189717 0.060481
v 0.071365 -0.010752 0.148498
v 0.027887 0.177676 0.084283
v 0.064647 -0.039866 0.138577
v 0.042482 0.160168 0.105840
v 0.054895 -0.066067 0.124173
v 0.054895 0.137886 0.124173
vn 0.3698 0.6312 0.6818
vn 0.3237 0.5524 0.7682
vn 0.3974 0.5524 0.7327
vn 0.3386 0.7041 0.6242
vn 0.3012 0.6312 0.7147
vn 0.2103 0.7041 0.6783
vn 0.2297 0.6312 0.7408
vn 0.2469 0.5524 0.7962
vn 0.3041 -0.7703 0.5606
vn 0.2171 -0.8291 0.5152
vn 0.2666 -0.8291 0.4914
vn 0.2758 -0.7041 0.6544
vn 0.2476 -0.7703 0.5877
vn 0.1889 -0.7703 0.6091
vn 0.1656 -0.8291 0.5340
vn 0.4212 0.4684 0.7766
vn 0.3592 0.3801 0.8524
vn 0.4410 0.3801 0.8131
vn 0.3431 0.4684 0.8142
vn 0.2616 0.4684 0.8439
vn 0.2739 0.3801 0.8835
vn 0.2264 -0.8800 0.4175
vn 0.1504 -0.9219 0.3570
vn 0.1847 -0.9219 0.3405
vn 0.1844 -0.8800 0.4376
vn 0.1406 -0.8800 0.4536
vn 0.1147 -0.9219 0.3700
vn 0.4566 0.2882 0.8417
vn 0.3810 0.1936 0.9041
vn 0.4678 0.1936 0.8624
vn 0.3719 0.2882 0.8824
vn 0.2836 0.2882 0.9146
vn 0.2905 0.1936 0.9371
vn 0.1431 -0.9539 0.2639
vn 0.0837 -0.9765 0.1985
vn 0.1012 -0.9772 0.1865
vn 0.1166 -0.9539 0.2767
vn 0.0889 -0.9539 0.2868
vn 0.0629 -0.9772 0.2029
vn 0.4745 0.0973 0.8749
vn 0.3883 -0.0000 0.9215
vn 0.4768 -0.0000 0.8790
vn 0.3865 0.0973 0.9172
vn 0.2947 0.0972 0.9506
vn 0.2961 -0.0000 0.9551
vn 0.1012 0.9772 0.1866
vn 0.0596 0.9882 0.1414
vn 0.0837 0.9765 0.1985
vn 0.0316 0.9943 0.1019
vn 0.0508 0.9943 0.0937
vn -0.0000 1.0000 -0.0000
vn 0.0629 0.9772 0.2029
vn 0.0508 -0.9943 0.0937
vn 0.0316 -0.9943 0.1019
vn -0.0000 -1.0000 -0.0000
vn 0.0596 -0.9882 0.1414
vn 0.4678 -0.1936 0.8624
vn 0.3865 -0.0973 0.9172
vn 0.3810 -0.1936 0.9041
vn 0.4745 -0.0973 0.8749
vn 0.2947 -0.0972 0.9506
vn 0.2905 -0.1936 0.9371
vn 0.1847 0.9219 0.3405
vn 0.1165 0.9539 0.2764
vn 0.1504 0.9219 0.3570
vn 0.1431 0.9539 0.2639
vn 0.0889 0.9539 0.2867
vn 0.1147 0.9219 0.3699
vn 0.4410 -0.3801 0.8131
vn 0.3719 -0.2882 0.8824
vn 0.3592 -0.3801 0.8524
vn 0.4566 -0.2882 0.8417
vn 0.2836 -0.2882 0.9146
vn 0.2739 -0.3801 0.8835
vn 0.2666 0.8291 0.4915
vn 0.1845 0.8800 0.4377
vn 0.2171 0.8291 0.5152
vn 0.2265 0.8800 0.4175
vn 0.1406 0.8800 0.4536
vn 0.1656 0.8291 0.5340
vn 0.3974 -0.5524 0.7327
vn 0.3431 -0.4684 0.8142
vn 0.3237 -0.5524 0.7682
vn 0.4212 -0.4684 0.7766
vn 0.2616 -0.4684 0.8439
vn 0.2469 -0.5524 0.7962
vn 0.3041 0.7703 0.5606
vn 0.2758 0.7041 0.6544
vn 0.2476 0.7703 0.5877
vn 0.1889 0.7703 0.6091
vn 0.3386 -0.7041 0.6242
vn 0.3012 -0.6312 0.7147
vn 0.3698 -0.6312 0.6818
vn 0.2297 -0.6312 0.7408
vn 0.2103 -0.7041 0.6783
vn 0.1428 0.7041 0.6956
vn 0.1124 0.8291 0.5477
vn 0.1282 0.7703 0.6247
vn 0.0582 0.8291 0.5561
vn 0.0664 0.7703 0.6343
vn 0.0739 0.7041 0.7063
vn 0.1560 -0.6312 0.7598
vn 0.1428 -0.7041 0.6956
vn 0.1676 -0.5524 0.8165
vn 0.0808 -0.6312 0.7714
vn 0.0739 -0.7041 0.7063
vn 0.1676 0.5524 0.8165
vn 0.1560 0.6312 0.7598
vn 0.0808 0.6312 0.7714
vn 0.0868 0.5524 0.8290
vn 0.1124 -0.8291 0.5477
vn 0.1282 -0.7703 0.6247
vn 0.0664 -0.7703 0.6343
vn 0.0582 -0.8291 0.5560
vn 0.1860 0.3801 0.9061
vn 0.1776 0.4684 0.8655
vn 0.0920 0.4684 0.8787
vn 0.0963 0.3801 0.9199
vn 0.0955 -0.8800 0.4652
vn 0.0779 -0.9219 0.3795
vn 0.0494 -0.8800 0.4723
vn 0.0403 -0.9219 0.3852
vn 0.1925 0.2882 0.9380
vn 0.1973 0.1936 0.9610
vn 0.0997 0.2882 0.9524
vn 0.1021 0.1936 0.9757
vn 0.0433 -0.9765 0.2111
vn 0.0604 -0.9539 0.2941
vn 0.0312 -0.9540 0.2983
vn 0.0221 -0.9772 0.2112
vn 0.2001 0.0973 0.9749
vn 0.2011 -0.0000 0.9796
vn 0.1036 0.0972 0.9899
vn 0.1041 -0.0000 0.9946
vn 0.0309 0.9882 0.1503
vn 0.0433 0.9765 0.2111
vn 0.0111 0.9943 0.1060
vn 0.0221 0.9772 0.2110
vn 0.0111 -0.9943 0.1060
vn 0.0309 -0.9882 0.1503
vn 0.2001 -0.0972 0.9749
vn 0.1973 -0.1936 0.9610
vn 0.1036 -0.0972 0.9899
vn 0.1021 -0.1936 0.9757
vn 0.0603 0.9539 0.2940
vn 0.0779 0.9219 0.3795
vn 0.0313 0.9539 0.2986
vn 0.0403 0.9219 0.3852
vn 0.1925 -0.2882 0.9380
vn 0.1860 -0.3800 0.9061
vn 0.0997 -0.2882 0.9524
vn 0.0963 -0.3801 0.9199
vn 0.0955 0.8800 0.4652
vn 0.0494 0.8800 0.4724
vn 0.1776 -0.4684 0.8655
vn 0.0920 -0.4684 0.8787
vn 0.0868 -0.5524 0.8290
vn 0.0061 0.0973 0.9952
vn 0.0061 -0.0000 1.0000
vn 0.0060 0.1936 0.9811
vn -0.0915 0.0972 0.9910
vn -0.0919 -0.0000 0.9958
vn 0.0009 0.9882 0.1534
vn 0.0013 0.9765 0.2154
vn -0.0098 0.9943 0.1062
vn -0.0195 0.9772 0.2114
vn -0.0098 -0.9943 0.1062
vn 0.0009 -0.9882 0.1534
vn -0.0195 -0.9772 0.2114
vn 0.0013 -0.9765 0.2155
vn 0.0061 -0.0973 0.9952
vn 0.0060 -0.1936 0.9811
vn -0.0915 -0.0972 0.9910
vn -0.0902 -0.1936 0.9769
vn 0.0018 0.9539 0.3002
vn 0.0024 0.9219 0.3874
vn -0.0276 0.9539 0.2989
vn -0.0356 0.9219 0.3857
vn 0.0057 -0.3800 0.9249
vn 0.0059 -0.2882 0.9576
vn -0.0880 -0.2882 0.9535
vn -0.0850 -0.3800 0.9210
vn 0.0034 0.8291 0.5591
vn 0.0029 0.8800 0.4749
vn -0.0437 0.8800 0.4729
vn -0.0514 0.8291 0.5567
vn 0.0051 -0.5524 0.8336
vn 0.0054 -0.4684 0.8835
vn -0.0812 -0.4684 0.8798
vn -0.0767 -0.5524 0.8300
vn 0.0039 0.7703 0.6377
vn 0.0043 0.7041 0.7101
vn -0.0586 0.7703 0.6350
vn -0.0653 0.7041 0.7071
vn 0.0047 -0.6312 0.7756
vn 0.0043 -0.7041 0.7101
vn -0.0713 -0.6312 0.7723
vn -0.0653 -0.7041 0.7071
vn 0.0051 0.5524 0.8336
vn 0.0047 0.6312 0.7756
vn -0.0713 0.6312 0.7723
vn -0.0766 0.5524 0.8300
vn 0.0034 -0.8291 0.5591
vn 0.0039 -0.7703 0.6377
vn -0.0586 -0.7703 0.6350
vn -0.0514 -0.8291 0.5567
vn 0.0057 0.3801 0.9249
vn 0.0054 0.4684 0.8835
vn -0.0812 0.4684 0.8798
vn -0.0850 0.3801 0.9210
vn 0.0024 -0.9219 0.3874
vn 0.0029 -0.8800 0.4749
vn -0.0437 -0.8800 0.4729
vn -0.0356 -0.9219 0.3857
vn 0.0059 0.2882 0.9576
vn -0.0880 0.2882 0.9535
vn -0.0902 0.1936 0.9769
vn 0.0018 -0.9539 0.3001
vn -0.0276 -0.9539 0.2990
vn -0.1467 -0.6312 0.7616
vn -0.1343 -0.7041 0.6973
vn -0.1576 -0.5524 0.8185
vn -0.2206 -0.6312 0.7436
vn -0.2020 -0.7041 0.6808
vn -0.1576 0.5524 0.8185
vn -0.1467 0.6312 0.7616
vn -0.2020 0.7041 0.6808
vn -0.2206 0.6312 0.7436
vn -0.2371 0.5524 0.7991
vn -0.1206 -0.7703 0.6262
vn -0.1057 -0.8291 0.5490
vn -0.1814 -0.7703 0.6114
vn -0.1590 -0.8291 0.5360
vn -0.1749 0.3801 0.9083
vn -0.1671 0.4684 0.8676
vn -0.2513 0.4684 0.8470
vn -0.2631 0.3801 0.8868
vn -0.0898 -0.8800 0.4664
vn -0.0733 -0.9219 0.3804
vn -0.1351 -0.8800 0.4553
vn -0.1102 -0.9219 0.3713
vn -0.1855 0.1936 0.9634
vn -0.1811 0.2882 0.9403
vn -0.2724 0.2882 0.9180
vn -0.2791 0.1936 0.9406
vn -0.0407 -0.9765 0.2116
vn -0.0568 -0.9538 0.2949
vn -0.0854 -0.9539 0.2878
vn -0.0604 -0.9772 0.2035
vn -0.1882 0.0972 0.9773
vn -0.1891 -0.0000 0.9820
vn -0.2831 0.0973 0.9541
vn -0.2844 -0.0000 0.9587
vn -0.0290 0.9882 0.1507
vn -0.0407 0.9765 0.2116
vn -0.0303 0.9943 0.1023
vn -0.0604 0.9772 0.2035
vn -0.0303 -0.9943 0.1023
vn -0.0290 -0.9882 0.1507
vn -0.1855 -0.1936 0.9634
vn -0.1882 -0.0972 0.9773
vn -0.2831 -0.0973 0.9541
vn -0.2791 -0.1936 0.9406
vn -0.0568 0.9538 0.2950
vn -0.0733 0.9219 0.3804
vn -0.0854 0.9539 0.2878
vn -0.1102 0.9219 0.3713
vn -0.1811 -0.2882 0.9403
vn -0.1749 -0.3801 0.9083
vn -0.2724 -0.2881 0.9180
vn -0.2631 -0.3801 0.8868
vn -0.0898 0.8800 0.4664
vn -0.1057 0.8291 0.5490
vn -0.1351 0.8800 0.4553
vn -0.1590 0.8291 0.5360
vn -0.1671 -0.4684 0.8676
vn -0.2513 -0.4684 0.8470
vn -0.2371 -0.5524 0.7991
vn -0.1343 0.7041 0.6973
vn -0.1206 0.7703 0.6262
vn -0.1814 0.7703 0.6114
vn -0.0579 0.9882 0.1421
vn -0.0812 0.9765 0.1995
vn -0.0497 0.9943 0.0943
vn -0.0990 0.9772 0.1879
vn -0.0497 -0.9943 0.0943
vn -0.0579 -0.9882 0.1421
vn -0.0989 -0.9772 0.1877
vn -0.0812 -0.9765 0.1995
vn -0.3752 -0.0973 0.9218
vn -0.3699 -0.1936 0.9087
vn -0.3770 -0.0000 0.9262
vn -0.4638 -0.0973 0.8806
vn -0.4572 -0.1936 0.8680
vn -0.1133 0.9538 0.2782
vn -0.1461 0.9219 0.3588
vn -0.1397 0.9540 0.2653
vn -0.1805 0.9219 0.3427
vn -0.3611 -0.2882 0.8869
vn -0.3488 -0.3800 0.8567
vn -0.4462 -0.2882 0.8473
vn -0.4310 -0.3800 0.8184
vn -0.2108 0.8291 0.5178
vn -0.1791 0.8800 0.4399
vn -0.2213 0.8800 0.4202
vn -0.2605 0.8291 0.4947
vn -0.3331 -0.4684 0.8183
vn -0.3143 -0.5524 0.7720
vn -0.4117 -0.4684 0.7817
vn -0.3884 -0.5524 0.7375
vn -0.2677 0.7041 0.6577
vn -0.2404 0.7703 0.5907
vn -0.2972 0.7703 0.5643
vn -0.3309 0.7041 0.6283
vn -0.2677 -0.7041 0.6577
vn -0.2924 -0.6312 0.7184
vn -0.3614 -0.6312 0.6862
vn -0.3309 -0.7041 0.6283
vn -0.3143 0.5524 0.7720
vn -0.2924 0.6312 0.7184
vn -0.3614 0.6312 0.6862
vn -0.3884 0.5524 0.7375
vn -0.2404 -0.7703 0.5907
vn -0.2108 -0.8291 0.5178
vn -0.2972 -0.7703 0.5643
vn -0.2605 -0.8291 0.4947
vn -0.3331 0.4684 0.8183
vn -0.3488 0.3801 0.8567
vn -0.4117 0.4684 0.7817
vn -0.4310 0.3801 0.8184
vn -0.1791 -0.8800 0.4399
vn -0.1461 -0.9219 0.3588
vn -0.2213 -0.8800 0.4202
vn -0.1805 -0.9219 0.3427
vn -0.3699 0.1936 0.9087
vn -0.3611 0.2882 0.8869
vn -0.4462 0.2882 0.8472
vn -0.4572 0.1936 0.8680
vn -0.1132 -0.9539 0.2781
vn -0.1398 -0.9540 0.2654
vn -0.3752 0.0973 0.9218
vn -0.4638 0.0973 0.8806
vn -0.4660 -0.0000 0.8848
vn -0.4269 0.6312 0.6475
vn -0.4589 0.5524 0.6959
vn -0.4471 0.7041 0.5517
vn -0.4884 0.6312 0.6025
vn -0.5249 0.5524 0.6476
vn -0.3511 -0.7703 0.5324
vn -0.3078 -0.8291 0.4667
vn -0.3909 -0.7041 0.5928
vn -0.4016 -0.7703 0.4954
vn -0.3520 -0.8291 0.4344
vn -0.5092 0.3801 0.7722
vn -0.4863 0.4684 0.7376
vn -0.5563 0.4684 0.6864
vn -0.5824 0.3801 0.7186
vn -0.2132 -0.9219 0.3234
vn -0.2614 -0.8800 0.3965
vn -0.2990 -0.8800 0.3690
vn -0.2439 -0.9219 0.3009
vn -0.5401 0.1936 0.8191
vn -0.5271 0.2882 0.7994
vn -0.6030 0.2882 0.7439
vn -0.6177 0.1936 0.7622
vn -0.1186 -0.9765 0.1799
vn -0.1652 -0.9539 0.2506
vn -0.1891 -0.9539 0.2333
vn -0.1338 -0.9772 0.1651
vn -0.5479 0.0973 0.8309
vn -0.5505 -0.0000 0.8348
vn -0.6267 0.0972 0.7732
vn -0.6297 -0.0000 0.7769
vn -0.0845 0.9882 0.1281
vn -0.1186 0.9765 0.1799
vn -0.0671 0.9943 0.0828
vn -0.1337 0.9772 0.1650
vn -0.0671 -0.9943 0.0828
vn -0.0845 -0.9882 0.1281
vn -0.5479 -0.0973 0.8309
vn -0.5401 -0.1936 0.8191
vn -0.6267 -0.0972 0.7732
vn -0.6177 -0.1936 0.7622
vn -0.1652 0.9539 0.2505
vn -0.2131 0.9221 0.3231
vn -0.1890 0.9539 0.2332
vn -0.2439 0.9219 0.3009
vn -0.5271 -0.2882 0.7994
vn -0.5092 -0.3801 0.7722
vn -0.6030 -0.2882 0.7439
vn -0.5824 -0.3800 0.7186
vn -0.3078 0.8291 0.4668
vn -0.2614 0.8800 0.3965
vn -0.2990 0.8800 0.3690
vn -0.3520 0.8291 0.4344
vn -0.4863 -0.4684 0.7376
vn -0.4589 -0.5524 0.6959
vn -0.5563 -0.4684 0.6864
vn -0.5249 -0.5524 0.6476
vn -0.3511 0.7703 0.5324
vn -0.3909 0.7041 0.5928
vn -0.4016 0.7703 0.4954
vn -0.4269 -0.6312 0.6475
vn -0.4884 -0.6312 0.6025
vn -0.4471 -0.7041 0.5517
vn -0.6994 -0.0972 0.7081
vn -0.6895 -0.1936 0.6979
vn -0.7028 -0.0000 0.7114
vn -0.7655 -0.0972 0.6361
vn -0.7546 -0.1936 0.6270
vn -0.2109 0.9539 0.2135
vn -0.2720 0.9221 0.2753
vn -0.1514 0.9765 0.1533
vn -0.2309 0.9539 0.1919
vn -0.2979 0.9219 0.2476
vn -0.6730 -0.2882 0.6812
vn -0.6500 -0.3800 0.6580
vn -0.7365 -0.2882 0.6120
vn -0.7114 -0.3800 0.5912
vn -0.3929 0.8291 0.3978
vn -0.3338 0.8800 0.3379
vn -0.3653 0.8800 0.3035
vn -0.4300 0.8291 0.3573
vn -0.6209 -0.4684 0.6285
vn -0.5858 -0.5524 0.5930
vn -0.6795 -0.4684 0.5646
vn -0.6411 -0.5524 0.5327
vn -0.4990 0.7041 0.5052
vn -0.4482 0.7703 0.4537
vn -0.4905 0.7703 0.4076
vn -0.5461 0.7041 0.4538
vn -0.5451 -0.6312 0.5518
vn -0.4990 -0.7041 0.5052
vn -0.5965 -0.6312 0.4957
vn -0.5461 -0.7041 0.4538
vn -0.5858 0.5524 0.5930
vn -0.5451 0.6312 0.5518
vn -0.5965 0.6312 0.4957
vn -0.6411 0.5524 0.5327
vn -0.4482 -0.7703 0.4537
vn -0.3929 -0.8291 0.3978
vn -0.4905 -0.7703 0.4076
vn -0.4300 -0.8291 0.3573
vn -0.6500 0.3800 0.6580
vn -0.6209 0.4684 0.6285
vn -0.6795 0.4684 0.5646
vn -0.7114 0.3801 0.5912
vn -0.3338 -0.8800 0.3378
vn -0.2722 -0.9219 0.2756
vn -0.3653 -0.8800 0.3035
vn -0.2979 -0.9219 0.2476
vn -0.6895 0.1936 0.6979
vn -0.6730 0.2882 0.6812
vn -0.7365 0.2882 0.6120
vn -0.7546 0.1936 0.6270
vn -0.1514 -0.9765 0.1533
vn -0.2112 -0.9538 0.2138
vn -0.2307 -0.9540 0.1917
vn -0.1632 -0.9772 0.1356
vn -0.6994 0.0972 0.7081
vn -0.7655 0.0973 0.6361
vn -0.7691 -0.0000 0.6391
vn -0.1078 0.9882 0.1092
vn -0.0820 0.9943 0.0682
vn -0.1633 0.9772 0.1357
vn -0.0820 -0.9943 0.0682
vn -0.1078 -0.9882 0.1092
vn -0.5281 -0.7703 0.3575
vn -0.4630 -0.8291 0.3134
vn -0.5880 -0.7041 0.3981
vn -0.6242 -0.7041 0.3386
vn -0.5606 -0.7703 0.3041
vn -0.4914 -0.8291 0.2666
vn -0.7659 0.3801 0.5186
vn -0.7316 0.4684 0.4953
vn -0.6903 0.5524 0.4673
vn -0.7766 0.4684 0.4212
vn -0.8131 0.3800 0.4410
vn -0.3932 -0.8800 0.2663
vn -0.3208 -0.9219 0.2172
vn -0.4175 -0.8800 0.2264
vn -0.3405 -0.9219 0.1847
vn -0.8124 0.1936 0.5500
vn -0.7930 0.2881 0.5368
vn -0.8417 0.2882 0.4566
vn -0.8624 0.1936 0.4678
vn -0.1784 -0.9765 0.1208
vn -0.2485 -0.9539 0.1683
vn -0.2639 -0.9539 0.1432
vn -0.1867 -0.9772 0.1013
vn -0.8241 0.0973 0.5580
vn -0.8281 -0.0000 0.5606
vn -0.8749 0.0973 0.4745
vn -0.8790 -0.0000 0.4768
vn -0.1271 0.9882 0.0861
vn -0.1784 0.9765 0.1208
vn -0.0938 0.9943 0.0508
vn -0.1867 0.9772 0.1012
vn -0.0937 -0.9943 0.0508
vn -0.1271 -0.9881 0.0861
vn -0.8241 -0.0973 0.5580
vn -0.8124 -0.1936 0.5500
vn -0.8749 -0.0972 0.4745
vn -0.8624 -0.1936 0.4678
vn -0.2486 0.9539 0.1683
vn -0.3208 0.9219 0.2172
vn -0.2639 0.9539 0.1431
vn -0.3405 0.9219 0.1847
vn -0.7930 -0.2881 0.5368
vn -0.7659 -0.3801 0.5186
vn -0.8417 -0.2882 0.4566
vn -0.8131 -0.3800 0.4410
vn -0.4630 0.8291 0.3134
vn -0.3933 0.8800 0.2663
vn -0.4175 0.8800 0.2264
vn -0.4915 0.8291 0.2666
vn -0.7316 -0.4684 0.4953
vn -0.6903 -0.5524 0.4673
vn -0.7766 -0.4684 0.4212
vn -0.7327 -0.5524 0.3974
vn -0.5880 0.7041 0.3981
vn -0.5281 0.7703 0.3575
vn -0.5606 0.7703 0.3041
vn -0.6242 0.7041 0.3386
vn -0.6423 -0.6312 0.4348
vn -0.6818 -0.6312 0.3698
vn -0.6423 0.6312 0.4348
vn -0.6818 0.6312 0.3698
vn -0.7327 0.5524 0.3974
vn -0.8524 -0.3801 0.3592
vn -0.8824 -0.2882 0.3719
vn -0.9041 -0.1936 0.3810
vn -0.9146 -0.2882 0.2836
vn -0.8835 -0.3801 0.2739
vn -0.5152 0.8291 0.2171
vn -0.4377 0.8800 0.1844
vn -0.3699 0.9219 0.1147
vn -0.4536 0.8800 0.1406
vn -0.5340 0.8291 0.1656
vn -0.8142 -0.4684 0.3431
vn -0.7682 -0.5524 0.3237
vn -0.8439 -0.4684 0.2616
vn -0.7962 -0.5524 0.2468
vn -0.6544 0.7041 0.2758
vn -0.5877 0.7703 0.2477
vn -0.6091 0.7703 0.1888
vn -0.6783 0.7041 0.2103
vn -0.7147 -0.6312 0.3012
vn -0.6544 -0.7041 0.2758
vn -0.7408 -0.6312 0.2297
vn -0.6783 -0.7041 0.2103
vn -0.7682 0.5524 0.3237
vn -0.7147 0.6312 0.3012
vn -0.7408 0.6312 0.2297
vn -0.7962 0.5524 0.2468
vn -0.5152 -0.8291 0.2171
vn -0.5877 -0.7703 0.2477
vn -0.6091 -0.7703 0.1888
vn -0.5340 -0.8291 0.1656
vn -0.8524 0.3801 0.3592
vn -0.8142 0.4684 0.3431
vn -0.8439 0.4684 0.2616
vn -0.8835 0.3801 0.2739
vn -0.4376 -0.8800 0.1844
vn -0.3570 -0.9219 0.1504
vn -0.4536 -0.8800 0.1406
vn -0.3700 -0.9219 0.1147
vn -0.8824 0.2882 0.3719
vn -0.9041 0.1936 0.3810
vn -0.9146 0.2882 0.2836
vn -0.9371 0.1936 0.2905
vn -0.1985 -0.9765 0.0837
vn -0.2766 -0.9539 0.1166
vn -0.2868 -0.9539 0.0889
vn -0.2028 -0.9772 0.0629
vn -0.9215 -0.0000 0.3883
vn -0.9172 0.0972 0.3865
vn -0.9506 0.0973 0.2947
vn -0.9551 -0.0000 0.2961
vn -0.1414 0.9882 0.0596
vn -0.1985 0.9765 0.0836
vn -0.1018 0.9943 0.0316
vn -0.2028 0.9772 0.0629
vn -0.1018 -0.9943 0.0316
vn -0.1414 -0.9882 0.0596
vn -0.9172 -0.0972 0.3865
vn -0.9506 -0.0972 0.2947
vn -0.9371 -0.1936 0.2905
vn -0.2766 0.9539 0.1166
vn -0.3570 0.9219 0.1504
vn -0.2867 0.9539 0.0889
vn -0.4652 -0.8800 0.0955
vn -0.3795 -0.9219 0.0779
vn -0.5477 -0.8291 0.1124
vn -0.4723 -0.8800 0.0494
vn -0.3852 -0.9219 0.0403
vn -0.9610 0.1936 0.1973
vn -0.9380 0.2882 0.1926
vn -0.9199 0.3801 0.0963
vn -0.9524 0.2882 0.0997
vn -0.9757 0.1936 0.1022
vn -0.2111 -0.9765 0.0433
vn -0.2940 -0.9539 0.0604
vn -0.2986 -0.9539 0.0313
vn -0.2112 -0.9772 0.0221
vn -0.9749 0.0973 0.2001
vn -0.9796 -0.0000 0.2011
vn -0.9899 0.0973 0.1036
vn -0.9946 -0.0000 0.1041
vn -0.1503 0.9882 0.0309
vn -0.2110 0.9765 0.0433
vn -0.1061 0.9943 0.0111
vn -0.2110 0.9772 0.0221
vn -0.1061 -0.9943 0.0111
vn -0.1503 -0.9882 0.0308
vn -0.9610 -0.1936 0.1973
vn -0.9749 -0.0973 0.2001
vn -0.9899 -0.0973 0.1036
vn -0.9757 -0.1936 0.1022
vn -0.2938 0.9540 0.0603
vn -0.3795 0.9219 0.0779
vn -0.2986 0.9539 0.0313
vn -0.3852 0.9219 0.0403
vn -0.9380 -0.2882 0.1926
vn -0.9061 -0.3801 0.1860
vn -0.9524 -0.2882 0.0997
vn -0.9199 -0.3800 0.0963
vn -0.5477 0.8291 0.1124
vn -0.4652 0.8800 0.0955
vn -0.4724 0.8800 0.0494
vn -0.5561 0.8291 0.0582
vn -0.8654 -0.4684 0.1777
vn -0.8165 -0.5524 0.1676
vn -0.8787 -0.4684 0.0920
vn -0.8290 -0.5524 0.0868
vn -0.6956 0.7041 0.1428
vn -0.6247 0.7703 0.1282
vn -0.6343 0.7703 0.0664
vn -0.7063 0.7041 0.0739
vn -0.6956 -0.7041 0.1428
vn -0.7598 -0.6312 0.1560
vn -0.7714 -0.6312 0.0807
vn -0.7063 -0.7041 0.0739
vn -0.8165 0.5524 0.1676
vn -0.7598 0.6312 0.1560
vn -0.7714 0.6312 0.0807
vn -0.8290 0.5524 0.0868
vn -0.6247 -0.7703 0.1282
vn -0.6343 -0.7703 0.0664
vn -0.5561 -0.8291 0.0582
vn -0.9061 0.3801 0.1860
vn -0.8654 0.4684 0.1777
vn -0.8787 0.4684 0.0920
vn -0.5591 0.8291 0.0034
vn -0.4749 0.8800 0.0029
vn -0.3857 0.9219 -0.0356
vn -0.4729 0.8800 -0.0437
vn -0.5567 0.8291 -0.0514
vn -0.8835 -0.4684 0.0054
vn -0.8336 -0.5524 0.0051
vn -0.9250 -0.3800 0.0057
vn -0.8798 -0.4684 -0.0812
vn -0.8300 -0.5524 -0.0766
vn -0.7101 0.7041 0.0043
vn -0.6377 0.7703 0.0039
vn -0.6350 0.7703 -0.0586
vn -0.7071 0.7041 -0.0653
vn -0.7756 -0.6312 0.0047
vn -0.7101 -0.7041 0.0043
vn -0.7723 -0.6312 -0.0713
vn -0.7071 -0.7041 -0.0653
vn -0.7756 0.6312 0.0047
vn -0.8336 0.5524 0.0051
vn -0.7723 0.6312 -0.0713
vn -0.8300 0.5524 -0.0766
vn -0.6377 -0.7703 0.0039
vn -0.5591 -0.8291 0.0034
vn -0.6350 -0.7703 -0.0586
vn -0.5567 -0.8291 -0.0514
vn -0.8835 0.4684 0.0054
vn -0.9250 0.3800 0.0057
vn -0.8798 0.4684 -0.0812
vn -0.9211 0.3800 -0.0850
vn -0.4749 -0.8800 0.0029
vn -0.3874 -0.9219 0.0023
vn -0.4729 -0.8800 -0.0437
vn -0.3857 -0.9219 -0.0356
vn -0.9811 0.1936 0.0060
vn -0.9576 0.2882 0.0058
vn -0.9535 0.2882 -0.0880
vn -0.9769 0.1936 -0.0902
vn -0.2154 -0.9765 0.0013
vn -0.3003 -0.9538 0.0018
vn -0.2990 -0.9539 -0.0276
vn -0.2114 -0.9772 -0.0195
vn -0.9952 0.0972 0.0061
vn -1.0000 -0.0000 0.0061
vn -0.9910 0.0973 -0.0915
vn -0.9958 -0.0000 -0.0919
vn -0.1535 0.9882 0.0010
vn -0.2154 0.9765 0.0013
vn -0.1062 0.9943 -0.0098
vn -0.2114 0.9772 -0.0195
vn -0.1062 -0.9943 -0.0098
vn -0.1535 -0.9882 0.0010
vn -0.9952 -0.0972 0.0061
vn -0.9811 -0.1936 0.0060
vn -0.9910 -0.0973 -0.0915
vn -0.9769 -0.1936 -0.0902
vn -0.3007 0.9537 0.0018
vn -0.3874 0.9219 0.0023
vn -0.2989 0.9539 -0.0276
vn -0.9576 -0.2882 0.0058
vn -0.9535 -0.2882 -0.0880
vn -0.9211 -0.3800 -0.0850
vn -0.9634 0.1936 -0.1855
vn -0.9083 0.3801 -0.1749
vn -0.9403 0.2881 -0.1811
vn -0.8868 0.3801 -0.2631
vn -0.9180 0.2882 -0.2724
vn -0.9406 0.1936 -0.2790
vn -0.2117 -0.9765 -0.0408
vn -0.2948 -0.9539 -0.0568
vn -0.3713 -0.9219 -0.1102
vn -0.2879 -0.9539 -0.0854
vn -0.2034 -0.9772 -0.0603
vn -0.9773 0.0973 -0.1882
vn -0.9820 -0.0000 -0.1891
vn -0.9542 0.0973 -0.2831
vn -0.9587 -0.0000 -0.2845
vn -0.1507 0.9881 -0.0290
vn -0.2116 0.9765 -0.0408
vn -0.1023 0.9943 -0.0303
vn -0.2034 0.9772 -0.0603
vn -0.1022 -0.9943 -0.0303
vn -0.1507 -0.9881 -0.0290
vn -0.9634 -0.1936 -0.1855
vn -0.9773 -0.0973 -0.1882
vn -0.9542 -0.0973 -0.2831
vn -0.9406 -0.1936 -0.2790
vn -0.2948 0.9539 -0.0568
vn -0.3804 0.9219 -0.0732
vn -0.2878 0.9539 -0.0854
vn -0.3713 0.9219 -0.1102
vn -0.9083 -0.3801 -0.1749
vn -0.9403 -0.2881 -0.1811
vn -0.9180 -0.2882 -0.2724
vn -0.8868 -0.3801 -0.2631
vn -0.5490 0.8291 -0.1057
vn -0.4664 0.8800 -0.0898
vn -0.4553 0.8800 -0.1351
vn -0.5360 0.8291 -0.1590
vn -0.8675 -0.4685 -0.1671
vn -0.8185 -0.5524 -0.1576
vn -0.8470 -0.4684 -0.2513
vn -0.7992 -0.5524 -0.2371
vn -0.6973 0.7041 -0.1343
vn -0.6262 0.7703 -0.1206
vn -0.6114 0.7703 -0.1814
vn -0.6808 0.7041 -0.2020
vn -0.7616 -0.6312 -0.1466
vn -0.6973 -0.7041 -0.1343
vn -0.7436 -0.6312 -0.2206
vn -0.6808 -0.7041 -0.2020
vn -0.8185 0.5524 -0.1576
vn -0.7616 0.6312 -0.1466
vn -0.7436 0.6312 -0.2206
vn -0.7992 0.5524 -0.2371
vn -0.6262 -0.7703 -0.1206
vn -0.5490 -0.8291 -0.1057
vn -0.6114 -0.7703 -0.1814
vn -0.5360 -0.8291 -0.1590
vn -0.8675 0.4685 -0.1671
vn -0.8470 0.4684 -0.2513
vn -0.3804 -0.9219 -0.0732
vn -0.4664 -0.8800 -0.0898
vn -0.4553 -0.8800 -0.1351
vn -0.8183 -0.4684 -0.3331
vn -0.7721 -0.5524 -0.3143
vn -0.8567 -0.3801 -0.3487
vn -0.7817 -0.4684 -0.4117
vn -0.7375 -0.5524 -0.3884
vn -0.6577 0.7041 -0.2677
vn -0.5907 0.7703 -0.2404
vn -0.4947 0.8291 -0.2606
vn -0.5642 0.7703 -0.2972
vn -0.6283 0.7041 -0.3309
vn -0.7184 -0.6312 -0.2924
vn -0.6577 -0.7041 -0.2677
vn -0.6862 -0.6312 -0.3614
vn -0.6283 -0.7041 -0.3309
vn -0.7721 0.5524 -0.3143
vn -0.7184 0.6312 -0.2924
vn -0.6862 0.6312 -0.3615
vn -0.7375 0.5524 -0.3885
vn -0.5907 -0.7703 -0.2404
vn -0.5178 -0.8291 -0.2108
vn -0.5642 -0.7703 -0.2972
vn -0.4947 -0.8291 -0.2605
vn -0.8567 0.3801 -0.3487
vn -0.8183 0.4684 -0.3331
vn -0.7817 0.4684 -0.4117
vn -0.8184 0.3801 -0.4310
vn -0.4399 -0.8800 -0.1791
vn -0.3588 -0.9219 -0.1461
vn -0.4202 -0.8800 -0.2213
vn -0.3427 -0.9219 -0.1805
vn -0.9087 0.1936 -0.3699
vn -0.8869 0.2882 -0.3610
vn -0.8473 0.2882 -0.4462
vn -0.8680 0.1936 -0.4572
vn -0.1996 -0.9765 -0.0812
vn -0.2780 -0.9539 -0.1132
vn -0.2656 -0.9539 -0.1399
vn -0.1878 -0.9772 -0.0989
vn -0.9262 -0.0000 -0.3770
vn -0.9218 0.0972 -0.3753
vn -0.8806 0.0972 -0.4638
vn -0.8848 -0.0000 -0.4660
vn -0.1421 0.9882 -0.0579
vn -0.1996 0.9765 -0.0813
vn -0.0943 0.9943 -0.0497
vn -0.1877 0.9772 -0.0989
vn -0.0943 -0.9943 -0.0497
vn -0.1421 -0.9882 -0.0579
vn -0.9218 -0.0972 -0.3753
vn -0.9087 -0.1936 -0.3699
vn -0.8806 -0.0972 -0.4638
vn -0.8680 -0.1936 -0.4572
vn -0.2780 0.9539 -0.1132
vn -0.3588 0.9219 -0.1461
vn -0.2656 0.9539 -0.1399
vn -0.3427 0.9219 -0.1805
vn -0.8869 -0.2882 -0.3610
vn -0.8473 -0.2882 -0.4462
vn -0.8184 -0.3800 -0.4310
vn -0.5179 0.8291 -0.2108
vn -0.4399 0.8800 -0.1791
vn -0.4202 0.8800 -0.2213
vn -0.1799 -0.9765 -0.1186
vn -0.2506 -0.9539 -0.1652
vn -0.3009 -0.9219 -0.2439
vn -0.2333 -0.9539 -0.1890
vn -0.1649 -0.9772 -0.1337
vn -0.8309 0.0973 -0.5479
vn -0.8348 -0.0000 -0.5505
vn -0.8190 0.1936 -0.5401
vn -0.7732 0.0973 -0.6267
vn -0.7769 -0.0000 -0.6297
vn -0.1281 0.9882 -0.0845
vn -0.1799 0.9765 -0.1186
vn -0.0828 0.9943 -0.0671
vn -0.1648 0.9772 -0.1336
vn -0.0828 -0.9943 -0.0671
vn -0.1281 -0.9882 -0.0845
vn -0.8309 -0.0973 -0.5479
vn -0.8190 -0.1936 -0.5401
vn -0.7732 -0.0973 -0.6267
vn -0.7622 -0.1936 -0.6177
vn -0.2505 0.9539 -0.1652
vn -0.3234 0.9219 -0.2132
vn -0.2332 0.9539 -0.1890
vn -0.3009 0.9219 -0.2439
vn -0.7994 -0.2882 -0.5271
vn -0.7722 -0.3801 -0.5092
vn -0.7439 -0.2882 -0.6030
vn -0.7186 -0.3801 -0.5824
vn -0.4668 0.8291 -0.3078
vn -0.3965 0.8800 -0.2615
vn -0.3690 0.8800 -0.2990
vn -0.4344 0.8291 -0.3520
vn -0.7376 -0.4684 -0.4864
vn -0.6959 -0.5524 -0.4589
vn -0.6864 -0.4684 -0.5563
vn -0.6476 -0.5524 -0.5249
vn -0.5928 0.7041 -0.3909
vn -0.5324 0.7703 -0.3511
vn -0.4954 0.7703 -0.4015
vn -0.5517 0.7041 -0.4471
vn -0.6475 -0.6312 -0.4270
vn -0.5928 -0.7041 -0.3909
vn -0.6025 -0.6312 -0.4884
vn -0.5517 -0.7041 -0.4471
vn -0.6959 0.5524 -0.4589
vn -0.6475 0.6312 -0.4270
vn -0.6025 0.6312 -0.4884
vn -0.6476 0.5524 -0.5248
vn -0.5324 -0.7703 -0.3511
vn -0.4667 -0.8291 -0.3078
vn -0.4954 -0.7703 -0.4015
vn -0.4344 -0.8291 -0.3520
vn -0.7722 0.3801 -0.5092
vn -0.7376 0.4684 -0.4863
vn -0.6864 0.4684 -0.5563
vn -0.7186 0.3801 -0.5824
vn -0.3965 -0.8800 -0.2614
vn -0.3234 -0.9219 -0.2132
vn -0.3690 -0.8800 -0.2990
vn -0.7994 0.2882 -0.5271
vn -0.7439 0.2882 -0.6030
vn -0.7622 0.1936 -0.6177
vn -0.5052 0.7041 -0.4991
vn -0.3978 0.8291 -0.3929
vn -0.4537 0.7703 -0.4482
vn -0.3573 0.8291 -0.4300
vn -0.4076 0.7703 -0.4905
vn -0.4538 0.7041 -0.5462
vn -0.5518 -0.6312 -0.5451
vn -0.5052 -0.7041 -0.4991
vn -0.5930 -0.5524 -0.5858
vn -0.4957 -0.6312 -0.5965
vn -0.4538 -0.7041 -0.5462
vn -0.5930 0.5524 -0.5858
vn -0.5518 0.6312 -0.5451
vn -0.4957 0.6312 -0.5965
vn -0.5327 0.5524 -0.6411
vn -0.3977 -0.8291 -0.3929
vn -0.4537 -0.7703 -0.4482
vn -0.4076 -0.7703 -0.4905
vn -0.3573 -0.8291 -0.4300
vn -0.6285 0.4684 -0.6209
vn -0.6580 0.3801 -0.6500
vn -0.5646 0.4684 -0.6795
vn -0.5911 0.3801 -0.7114
vn -0.3379 -0.8800 -0.3338
vn -0.2756 -0.9219 -0.2722
vn -0.3035 -0.8800 -0.3653
vn -0.2475 -0.9219 -0.2979
vn -0.6980 0.1936 -0.6895
vn -0.6812 0.2882 -0.6730
vn -0.6120 0.2882 -0.7365
vn -0.6270 0.1936 -0.7546
vn -0.1533 -0.9765 -0.1514
vn -0.2137 -0.9538 -0.2111
vn -0.1917 -0.9540 -0.2307
vn -0.1357 -0.9772 -0.1633
vn -0.7080 0.0973 -0.6994
vn -0.7114 -0.0000 -0.7028
vn -0.6361 0.0973 -0.7655
vn -0.6391 -0.0000 -0.7691
vn -0.1092 0.9881 -0.1079
vn -0.1533 0.9765 -0.1514
vn -0.0681 0.9943 -0.0820
vn -0.1357 0.9772 -0.1633
vn -0.0681 -0.9943 -0.0820
vn -0.1092 -0.9881 -0.1079
vn -0.6980 -0.1936 -0.6895
vn -0.7080 -0.0972 -0.6994
vn -0.6361 -0.0972 -0.7655
vn -0.6270 -0.1936 -0.7546
vn -0.2136 0.9539 -0.2110
vn -0.2756 0.9219 -0.2722
vn -0.1919 0.9539 -0.2309
vn -0.2475 0.9219 -0.2979
vn -0.6812 -0.2882 -0.6730
vn -0.6580 -0.3800 -0.6500
vn -0.6120 -0.2882 -0.7365
vn -0.5911 -0.3801 -0.7114
vn -0.3379 0.8800 -0.3338
vn -0.3035 0.8800 -0.3653
vn -0.6285 -0.4684 -0.6209
vn -0.5646 -0.4684 -0.6795
vn -0.5327 -0.5524 -0.6411
vn -0.5607 -0.0000 -0.8281
vn -0.5500 0.1936 -0.8124
vn -0.5580 0.0973 -0.8241
vn -0.4745 0.0972 -0.8749
vn -0.4768 -0.0000 -0.8790
vn -0.0860 0.9882 -0.1271
vn -0.1208 0.9765 -0.1784
vn -0.0508 0.9943 -0.0937
vn -0.1012 0.9772 -0.1866
vn -0.0508 -0.9943 -0.0937
vn -0.0860 -0.9882 -0.1271
vn -0.1012 -0.9772 -0.1866
vn -0.1208 -0.9765 -0.1784
vn -0.5500 -0.1936 -0.8124
vn -0.5580 -0.0973 -0.8241
vn -0.4745 -0.0972 -0.8749
vn -0.4678 -0.1936 -0.8624
vn -0.1684 0.9538 -0.2488
vn -0.2170 0.9221 -0.3205
vn -0.1431 0.9539 -0.2639
vn -0.1847 0.9219 -0.3405
vn -0.5369 -0.2881 -0.7929
vn -0.5186 -0.3801 -0.7659
vn -0.4566 -0.2882 -0.8417
vn -0.4410 -0.3801 -0.8131
vn -0.2663 0.8800 -0.3933
vn -0.3135 0.8291 -0.4630
vn -0.2264 0.8800 -0.4175
vn -0.2666 0.8291 -0.4915
vn -0.4953 -0.4684 -0.7316
vn -0.4673 -0.5524 -0.6903
vn -0.4212 -0.4684 -0.7766
vn -0.3974 -0.5524 -0.7327
vn -0.3981 0.7041 -0.5880
vn -0.3575 0.7703 -0.5281
vn -0.3040 0.7703 -0.5606
vn -0.3386 0.7041 -0.6242
vn -0.4348 -0.6312 -0.6422
vn -0.3981 -0.7041 -0.5880
vn -0.3698 -0.6312 -0.6818
vn -0.3386 -0.7041 -0.6242
vn -0.4348 0.6312 -0.6422
vn -0.4673 0.5524 -0.6903
vn -0.3698 0.6312 -0.6818
vn -0.3974 0.5524 -0.7327
vn -0.3575 -0.7703 -0.5281
vn -0.3134 -0.8291 -0.4630
vn -0.3040 -0.7703 -0.5606
vn -0.2666 -0.8291 -0.4914
vn -0.4953 0.4684 -0.7316
vn -0.5186 0.3801 -0.7659
vn -0.4212 0.4684 -0.7766
vn -0.4410 0.3801 -0.8131
vn -0.2663 -0.8800 -0.3933
vn -0.2172 -0.9219 -0.3208
vn -0.2264 -0.8800 -0.4175
vn -0.1847 -0.9219 -0.3405
vn -0.5369 0.2882 -0.7929
vn -0.4566 0.2882 -0.8417
vn -0.4678 0.1936 -0.8624
vn -0.1684 -0.9538 -0.2487
vn -0.1431 -0.9539 -0.2639
vn -0.2758 -0.7041 -0.6544
vn -0.3012 -0.6312 -0.7147
vn -0.3237 -0.5524 -0.7682
vn -0.2297 -0.6312 -0.7408
vn -0.2103 -0.7041 -0.6783
vn -0.3237 0.5524 -0.7681
vn -0.2758 0.7041 -0.6544
vn -0.3012 0.6312 -0.7148
vn -0.2297 0.6312 -0.7408
vn -0.2469 0.5524 -0.7962
vn -0.2476 -0.7703 -0.5877
vn -0.2171 -0.8291 -0.5152
vn -0.1889 -0.7703 -0.6091
vn -0.1656 -0.8291 -0.5340
vn -0.3592 0.3801 -0.8524
vn -0.3431 0.4684 -0.8142
vn -0.2616 0.4684 -0.8439
vn -0.2739 0.3801 -0.8835
vn -0.1844 -0.8800 -0.4376
vn -0.1503 -0.9221 -0.3567
vn -0.1406 -0.8800 -0.4536
vn -0.1147 -0.9219 -0.3700
vn -0.3810 0.1936 -0.9041
vn -0.3719 0.2882 -0.8824
vn -0.2835 0.2882 -0.9146
vn -0.2905 0.1936 -0.9371
vn -0.0837 -0.9765 -0.1985
vn -0.1166 -0.9539 -0.2766
vn -0.0889 -0.9539 -0.2868
vn -0.0628 -0.9772 -0.2027
vn -0.3865 0.0972 -0.9172
vn -0.3883 -0.0000 -0.9215
vn -0.2947 0.0972 -0.9506
vn -0.2961 -0.0000 -0.9551
vn -0.0596 0.9882 -0.1414
vn -0.0837 0.9765 -0.1985
vn -0.0316 0.9943 -0.1019
vn -0.0629 0.9772 -0.2028
vn -0.0316 -0.9943 -0.1019
vn -0.0596 -0.9882 -0.1414
vn -0.3865 -0.0972 -0.9172
vn -0.3810 -0.1936 -0.9041
vn -0.2947 -0.0972 -0.9506
vn -0.2905 -0.1936 -0.9371
vn -0.1165 0.9539 -0.2765
vn -0.1504 0.9219 -0.3570
vn -0.0889 0.9539 -0.2867
vn -0.1147 0.9219 -0.3700
vn -0.3592 -0.3801 -0.8524
vn -0.3719 -0.2882 -0.8824
vn -0.2835 -0.2882 -0.9146
vn -0.2739 -0.3801 -0.8835
vn -0.1844 0.8800 -0.4377
vn -0.2171 0.8291 -0.5153
vn -0.1406 0.8800 -0.4536
vn -0.1656 0.8291 -0.5340
vn -0.3431 -0.4684 -0.8142
vn -0.2616 -0.4684 -0.8439
vn -0.2468 -0.5524 -0.7962
vn -0.2476 0.7703 -0.5877
vn -0.1889 0.7703 -0.6091
vn -0.2103 0.7041 -0.6783
vn -0.0111 -0.9943 -0.1061
vn -0.0309 -0.9882 -0.1503
vn -0.0221 -0.9772 -0.2111
vn -0.0433 -0.9765 -0.2111
vn -0.2001 -0.0973 -0.9749
vn -0.1973 -0.1936 -0.9610
vn -0.1041 -0.0000 -0.9946
vn -0.1036 -0.0972 -0.9899
vn -0.1021 -0.1936 -0.9757
vn -0.0604 0.9539 -0.2941
vn -0.0779 0.9219 -0.3795
vn -0.0433 0.9765 -0.2111
vn -0.0313 0.9539 -0.2986
vn -0.0403 0.9219 -0.3852
vn -0.1860 -0.3801 -0.9061
vn -0.1926 -0.2882 -0.9380
vn -0.0997 -0.2882 -0.9524
vn -0.0963 -0.3801 -0.9199
vn -0.1124 0.8291 -0.5477
vn -0.0955 0.8800 -0.4652
vn -0.0494 0.8800 -0.4724
vn -0.0582 0.8291 -0.5561
vn -0.1777 -0.4684 -0.8655
vn -0.1676 -0.5524 -0.8165
vn -0.0920 -0.4684 -0.8787
vn -0.0868 -0.5524 -0.8290
vn -0.1428 0.7041 -0.6956
vn -0.1282 0.7703 -0.6247
vn -0.0664 0.7703 -0.6343
vn -0.0739 0.7041 -0.7063
vn -0.1560 -0.6312 -0.7598
vn -0.1428 -0.7041 -0.6956
vn -0.0807 -0.6312 -0.7714
vn -0.0739 -0.7041 -0.7063
vn -0.1676 0.5524 -0.8165
vn -0.1560 0.6312 -0.7598
vn -0.0807 0.6312 -0.7714
vn -0.0868 0.5524 -0.8290
vn -0.1124 -0.8291 -0.5477
vn -0.1282 -0.7703 -0.6247
vn -0.0664 -0.7703 -0.6343
vn -0.0582 -0.8291 -0.5560
vn -0.1860 0.3801 -0.9061
vn -0.1777 0.4684 -0.8655
vn -0.0920 0.4684 -0.8787
vn -0.0963 0.3801 -0.9199
vn -0.0955 -0.8800 -0.4652
vn -0.0779 -0.9219 -0.3795
vn -0.0494 -0.8800 -0.4723
vn -0.0403 -0.9219 -0.3852
vn -0.1973 0.1936 -0.9610
vn -0.1926 0.2882 -0.9380
vn -0.0997 0.2882 -0.9524
vn -0.1021 0.1936 -0.9757
vn -0.0604 -0.9539 -0.2941
vn -0.0312 -0.9540 -0.2983
vn -0.2001 0.0973 -0.9749
vn -0.2011 -0.0000 -0.9796
vn -0.1036 0.0973 -0.9899
vn -0.0309 0.9882 -0.1503
vn -0.0111 0.9943 -0.1061
vn -0.0221 0.9772 -0.2113
vn -0.0039 -0.7703 -0.6377
vn -0.0034 -0.8291 -0.5591
vn -0.0043 -0.7041 -0.7101
vn 0.0586 -0.7703 -0.6350
vn 0.0514 -0.8291 -0.5567
vn -0.0057 0.3801 -0.9249
vn -0.0054 0.4684 -0.8835
vn 0.0766 0.5524 -0.8300
vn 0.0812 0.4684 -0.8798
vn 0.0850 0.3801 -0.9210
vn -0.0029 -0.8800 -0.4749
vn -0.0023 -0.9219 -0.3874
vn 0.0437 -0.8800 -0.4729
vn 0.0356 -0.9219 -0.3857
vn -0.0060 0.1936 -0.9811
vn -0.0059 0.2882 -0.9576
vn 0.0880 0.2882 -0.9535
vn 0.0902 0.1936 -0.9769
vn -0.0013 -0.9765 -0.2155
vn -0.0018 -0.9539 -0.3002
vn 0.0276 -0.9539 -0.2990
vn 0.0195 -0.9772 -0.2113
vn -0.0061 0.0973 -0.9952
vn -0.0061 -0.0000 -1.0000
vn 0.0915 0.0972 -0.9910
vn 0.0919 -0.0000 -0.9958
vn -0.0009 0.9881 -0.1535
vn -0.0013 0.9765 -0.2155
vn 0.0098 0.9943 -0.1062
vn 0.0195 0.9772 -0.2114
vn 0.0098 -0.9943 -0.1062
vn -0.0009 -0.9882 -0.1534
vn -0.0061 -0.0972 -0.9952
vn -0.0060 -0.1936 -0.9811
vn 0.0915 -0.0972 -0.9910
vn 0.0902 -0.1936 -0.9769
vn -0.0018 0.9539 -0.3002
vn -0.0023 0.9219 -0.3874
vn 0.0276 0.9540 -0.2986
vn 0.0356 0.9219 -0.3857
vn -0.0059 -0.2882 -0.9576
vn -0.0057 -0.3801 -0.9249
vn 0.0880 -0.2882 -0.9535
vn 0.0850 -0.3801 -0.9210
vn -0.0034 0.8291 -0.5591
vn -0.0029 0.8800 -0.4749
vn 0.0437 0.8800 -0.4729
vn 0.0514 0.8291 -0.5567
vn -0.0054 -0.4684 -0.8835
vn -0.0051 -0.5524 -0.8336
vn 0.0812 -0.4684 -0.8798
vn 0.0766 -0.5524 -0.8300
vn -0.0039 0.7703 -0.6377
vn -0.0043 0.7041 -0.7101
vn 0.0586 0.7703 -0.6350
vn 0.0653 0.7041 -0.7071
vn -0.0047 -0.6312 -0.7756
vn 0.0713 -0.6312 -0.7723
vn 0.0653 -0.7041 -0.7071
vn -0.0051 0.5524 -0.8336
vn -0.0047 0.6312 -0.7756
vn 0.0713 0.6312 -0.7723
vn 0.0568 0.9539 -0.2948
vn 0.0732 0.9221 -0.3801
vn 0.0407 0.9765 -0.2116
vn 0.0854 0.9539 -0.2878
vn 0.1102 0.9219 -0.3713
vn 0.1811 -0.2882 -0.9403
vn 0.1749 -0.3801 -0.9083
vn 0.1855 -0.1936 -0.9634
vn 0.2791 -0.1936 -0.9406
vn 0.2724 -0.2882 -0.9180
vn 0.2631 -0.3801 -0.8868
vn 0.0898 0.8800 -0.4664
vn 0.1057 0.8291 -0.5490
vn 0.1351 0.8800 -0.4553
vn 0.1590 0.8291 -0.5360
vn 0.1576 -0.5524 -0.8185
vn 0.1671 -0.4684 -0.8676
vn 0.2513 -0.4684 -0.8470
vn 0.2371 -0.5524 -0.7991
vn 0.1343 0.7041 -0.6973
vn 0.1206 0.7703 -0.6262
vn 0.1814 0.7703 -0.6114
vn 0.2020 0.7041 -0.6808
vn 0.1467 -0.6312 -0.7616
vn 0.1343 -0.7041 -0.6973
vn 0.2206 -0.6312 -0.7436
vn 0.2020 -0.7041 -0.6808
vn 0.1576 0.5524 -0.8185
vn 0.1467 0.6312 -0.7616
vn 0.2206 0.6312 -0.7436
vn 0.2371 0.5524 -0.7991
vn 0.1206 -0.7703 -0.6262
vn 0.1057 -0.8291 -0.5490
vn 0.1814 -0.7703 -0.6114
vn 0.1590 -0.8291 -0.5360
vn 0.1749 0.3801 -0.9083
vn 0.1671 0.4684 -0.8676
vn 0.2513 0.4684 -0.8470
vn 0.2631 0.3801 -0.8868
vn 0.0898 -0.8800 -0.4664
vn 0.0732 -0.9219 -0.3804
vn 0.1351 -0.8800 -0.4553
vn 0.1102 -0.9219 -0.3713
vn 0.1855 0.1936 -0.9634
vn 0.1811 0.2882 -0.9403
vn 0.2724 0.2882 -0.9180
vn 0.2790 0.1936 -0.9406
vn 0.0408 -0.9765 -0.2116
vn 0.0567 -0.9539 -0.2947
vn 0.0854 -0.9539 -0.2878
vn 0.0603 -0.9772 -0.2034
vn 0.1882 0.0972 -0.9773
vn 0.1891 -0.0000 -0.9820
vn 0.2831 0.0972 -0.9542
vn 0.2844 -0.0000 -0.9587
vn 0.0290 0.9882 -0.1507
vn 0.0303 0.9943 -0.1022
vn 0.0604 0.9772 -0.2035
vn 0.0303 -0.9943 -0.1022
vn 0.0290 -0.9882 -0.1507
vn 0.1882 -0.0972 -0.9773
vn 0.2831 -0.0972 -0.9542
vn 0.3331 0.4684 -0.8183
vn 0.3487 0.3801 -0.8567
vn 0.3885 0.5524 -0.7375
vn 0.4117 0.4684 -0.7817
vn 0.4310 0.3801 -0.8184
vn 0.1791 -0.8800 -0.4399
vn 0.1461 -0.9219 -0.3588
vn 0.2108 -0.8291 -0.5178
vn 0.2213 -0.8800 -0.4202
vn 0.1805 -0.9219 -0.3427
vn 0.3699 0.1936 -0.9087
vn 0.3610 0.2882 -0.8869
vn 0.4462 0.2882 -0.8473
vn 0.4572 0.1936 -0.8681
vn 0.0812 -0.9765 -0.1996
vn 0.1132 -0.9539 -0.2781
vn 0.1399 -0.9539 -0.2656
vn 0.0989 -0.9772 -0.1878
vn 0.3770 -0.0000 -0.9262
vn 0.3752 0.0973 -0.9218
vn 0.4638 0.0973 -0.8806
vn 0.4660 -0.0000 -0.8848
vn 0.0578 0.9882 -0.1421
vn 0.0812 0.9765 -0.1996
vn 0.0497 0.9943 -0.0943
vn 0.0990 0.9772 -0.1879
vn 0.0497 -0.9943 -0.0943
vn 0.0578 -0.9882 -0.1421
vn 0.3753 -0.0972 -0.9218
vn 0.3699 -0.1936 -0.9087
vn 0.4638 -0.0973 -0.8806
vn 0.4572 -0.1936 -0.8681
vn 0.1131 0.9539 -0.2779
vn 0.1461 0.9219 -0.3588
vn 0.1399 0.9539 -0.2656
vn 0.1805 0.9219 -0.3427
vn 0.3610 -0.2882 -0.8869
vn 0.3487 -0.3801 -0.8567
vn 0.4462 -0.2882 -0.8473
vn 0.4310 -0.3801 -0.8184
vn 0.2108 0.8291 -0.5178
vn 0.1791 0.8800 -0.4399
vn 0.2213 0.8800 -0.4202
vn 0.2605 0.8291 -0.4947
vn 0.3331 -0.4684 -0.8183
vn 0.3143 -0.5524 -0.7721
vn 0.4117 -0.4684 -0.7817
vn 0.3885 -0.5524 -0.7375
vn 0.2677 0.7041 -0.6577
vn 0.2404 0.7703 -0.5907
vn 0.2972 0.7703 -0.5643
vn 0.3309 0.7041 -0.6283
vn 0.2924 -0.6312 -0.7183
vn 0.2677 -0.7041 -0.6577
vn 0.3614 -0.6312 -0.6862
vn 0.3309 -0.7041 -0.6283
vn 0.3143 0.5524 -0.7721
vn 0.2924 0.6312 -0.7183
vn 0.3614 0.6312 -0.6862
vn 0.2404 -0.7703 -0.5907
vn 0.2972 -0.7703 -0.5643
vn 0.2605 -0.8291 -0.4947
vn 0.5092 -0.3801 -0.7722
vn 0.5401 -0.1936 -0.8190
vn 0.5271 -0.2882 -0.7994
vn 0.6030 -0.2882 -0.7439
vn 0.5824 -0.3801 -0.7186
vn 0.2614 0.8800 -0.3965
vn 0.3078 0.8291 -0.4668
vn 0.2439 0.9219 -0.3009
vn 0.2991 0.8800 -0.3690
vn 0.3520 0.8291 -0.4344
vn 0.4863 -0.4684 -0.7376
vn 0.4588 -0.5524 -0.6959
vn 0.5563 -0.4684 -0.6864
vn 0.5249 -0.5524 -0.6476
vn 0.3909 0.7041 -0.5928
vn 0.3511 0.7703 -0.5324
vn 0.4015 0.7703 -0.4954
vn 0.4471 0.7041 -0.5517
vn 0.4269 -0.6312 -0.6475
vn 0.3909 -0.7041 -0.5928
vn 0.4884 -0.6312 -0.6025
vn 0.4471 -0.7041 -0.5517
vn 0.4269 0.6312 -0.6475
vn 0.4588 0.5524 -0.6959
vn 0.4884 0.6312 -0.6025
vn 0.5249 0.5524 -0.6476
vn 0.3077 -0.8291 -0.4668
vn 0.3511 -0.7703 -0.5324
vn 0.4015 -0.7703 -0.4954
vn 0.3520 -0.8291 -0.4343
vn 0.5092 0.3801 -0.7722
vn 0.4863 0.4684 -0.7376
vn 0.5563 0.4684 -0.6864
vn 0.5824 0.3801 -0.7186
vn 0.2614 -0.8800 -0.3965
vn 0.2131 -0.9221 -0.3231
vn 0.2990 -0.8800 -0.3690
vn 0.2439 -0.9219 -0.3009
vn 0.5401 0.1936 -0.8190
vn 0.5271 0.2882 -0.7994
vn 0.6030 0.2882 -0.7439
vn 0.6178 0.1936 -0.7622
vn 0.1187 -0.9765 -0.1799
vn 0.1653 -0.9539 -0.2507
vn 0.1888 -0.9540 -0.2330
vn 0.1337 -0.9772 -0.1649
vn 0.5479 0.0972 -0.8309
vn 0.5505 -0.0000 -0.8348
vn 0.6267 0.0973 -0.7732
vn 0.6296 -0.0000 -0.7769
vn 0.0845 0.9882 -0.1281
vn 0.1186 0.9765 -0.1799
vn 0.0672 0.9943 -0.0829
vn 0.1337 0.9772 -0.1649
vn 0.0672 -0.9943 -0.0829
vn 0.0845 -0.9882 -0.1281
vn 0.5479 -0.0972 -0.8309
vn 0.6267 -0.0973 -0.7732
vn 0.6178 -0.1936 -0.7622
vn 0.1653 0.9539 -0.2507
vn 0.2132 0.9219 -0.3234
vn 0.1887 0.9540 -0.2329
vn 0.3338 -0.8800 -0.3379
vn 0.2722 -0.9219 -0.2756
vn 0.3929 -0.8291 -0.3977
vn 0.3653 -0.8800 -0.3035
vn 0.2979 -0.9219 -0.2475
vn 0.6730 0.2882 -0.6812
vn 0.6895 0.1936 -0.6980
vn 0.7114 0.3801 -0.5912
vn 0.7365 0.2882 -0.6120
vn 0.7546 0.1936 -0.6270
vn 0.1514 -0.9765 -0.1533
vn 0.2112 -0.9538 -0.2138
vn 0.2309 -0.9539 -0.1919
vn 0.1632 -0.9772 -0.1356
vn 0.7028 -0.0000 -0.7114
vn 0.6994 0.0973 -0.7080
vn 0.7655 0.0973 -0.6361
vn 0.7691 -0.0000 -0.6391
vn 0.1078 0.9882 -0.1092
vn 0.1514 0.9765 -0.1533
vn 0.0820 0.9943 -0.0681
vn 0.1633 0.9772 -0.1357
vn 0.0820 -0.9943 -0.0681
vn 0.1078 -0.9882 -0.1092
vn 0.6994 -0.0973 -0.7080
vn 0.6895 -0.1936 -0.6980
vn 0.7655 -0.0973 -0.6361
vn 0.7546 -0.1936 -0.6270
vn 0.2110 0.9539 -0.2136
vn 0.2722 0.9219 -0.2756
vn 0.2309 0.9539 -0.1919
vn 0.2979 0.9219 -0.2475
vn 0.6730 -0.2882 -0.6812
vn 0.6500 -0.3801 -0.6580
vn 0.7365 -0.2882 -0.6120
vn 0.7114 -0.3801 -0.5912
vn 0.3929 0.8291 -0.3978
vn 0.3338 0.8800 -0.3379
vn 0.3653 0.8800 -0.3035
vn 0.4300 0.8291 -0.3573
vn 0.6209 -0.4684 -0.6285
vn 0.5858 -0.5524 -0.5930
vn 0.6795 -0.4684 -0.5646
vn 0.6411 -0.5524 -0.5327
vn 0.4991 0.7041 -0.5052
vn 0.4482 0.7703 -0.4537
vn 0.4905 0.7703 -0.4076
vn 0.5462 0.7041 -0.4538
vn 0.5451 -0.6312 -0.5518
vn 0.4991 -0.7041 -0.5052
vn 0.5965 -0.6312 -0.4957
vn 0.5462 -0.7041 -0.4538
vn 0.5858 0.5524 -0.5930
vn 0.5451 0.6312 -0.5518
vn 0.5965 0.6312 -0.4957
vn 0.6411 0.5524 -0.5327
vn 0.4482 -0.7703 -0.4537
vn 0.4905 -0.7703 -0.4076
vn 0.4300 -0.8291 -0.3573
vn 0.6500 0.3801 -0.6580
vn 0.6209 0.4684 -0.6285
vn 0.6795 0.4684 -0.5646
vn 0.3933 0.8800 -0.2663
vn 0.4630 0.8291 -0.3135
vn 0.3405 0.9219 -0.1847
vn 0.4175 0.8800 -0.2264
vn 0.4915 0.8291 -0.2666
vn 0.7316 -0.4684 -0.4953
vn 0.6902 -0.5524 -0.4673
vn 0.7659 -0.3801 -0.5186
vn 0.7766 -0.4684 -0.4212
vn 0.7327 -0.5524 -0.3974
vn 0.5880 0.7041 -0.3981
vn 0.5281 0.7703 -0.3575
vn 0.5606 0.7703 -0.3040
vn 0.6242 0.7041 -0.3386
vn 0.6423 -0.6312 -0.4348
vn 0.5880 -0.7041 -0.3981
vn 0.6818 -0.6312 -0.3698
vn 0.6242 -0.7041 -0.3386
vn 0.6902 0.5524 -0.4673
vn 0.6423 0.6312 -0.4348
vn 0.6818 0.6312 -0.3698
vn 0.7327 0.5524 -0.3974
vn 0.5281 -0.7703 -0.3575
vn 0.4629 -0.8291 -0.3134
vn 0.5606 -0.7703 -0.3040
vn 0.4914 -0.8291 -0.2666
vn 0.7316 0.4684 -0.4953
vn 0.7659 0.3801 -0.5186
vn 0.7766 0.4684 -0.4212
vn 0.8131 0.3801 -0.4410
vn 0.3933 -0.8800 -0.2663
vn 0.3208 -0.9219 -0.2172
vn 0.4175 -0.8800 -0.2264
vn 0.3405 -0.9219 -0.1847
vn 0.8124 0.1936 -0.5500
vn 0.7929 0.2882 -0.5369
vn 0.8417 0.2882 -0.4565
vn 0.8624 0.1936 -0.4678
vn 0.1784 -0.9765 -0.1208
vn 0.2486 -0.9539 -0.1683
vn 0.2639 -0.9539 -0.1431
vn 0.1866 -0.9772 -0.1012
vn 0.8241 0.0973 -0.5580
vn 0.8281 -0.0000 -0.5606
vn 0.8749 0.0972 -0.4745
vn 0.8790 -0.0000 -0.4767
vn 0.1270 0.9882 -0.0860
vn 0.1784 0.9765 -0.1208
vn 0.0937 0.9943 -0.0508
vn 0.1865 0.9772 -0.1011
vn 0.0937 -0.9943 -0.0508
vn 0.1271 -0.9882 -0.0860
vn 0.8124 -0.1936 -0.5500
vn 0.8241 -0.0973 -0.5580
vn 0.8749 -0.0972 -0.4745
vn 0.8624 -0.1936 -0.4678
vn 0.2486 0.9539 -0.1683
vn 0.3208 0.9219 -0.2172
vn 0.2639 0.9539 -0.1431
vn 0.7929 -0.2882 -0.5369
vn 0.8417 -0.2882 -0.4565
vn 0.8131 -0.3800 -0.4410
vn 0.8824 0.2882 -0.3718
vn 0.9041 0.1936 -0.3809
vn 0.8835 0.3801 -0.2739
vn 0.9146 0.2882 -0.2836
vn 0.9371 0.1936 -0.2905
vn 0.1986 -0.9765 -0.0837
vn 0.2765 -0.9539 -0.1165
vn 0.3700 -0.9219 -0.1147
vn 0.2868 -0.9539 -0.0889
vn 0.2028 -0.9772 -0.0629
vn 0.9215 -0.0000 -0.3883
vn 0.9172 0.0972 -0.3865
vn 0.9506 0.0973 -0.2947
vn 0.9551 -0.0000 -0.2961
vn 0.1413 0.9882 -0.0596
vn 0.1985 0.9765 -0.0837
vn 0.1018 0.9943 -0.0316
vn 0.2029 0.9772 -0.0629
vn 0.1018 -0.9943 -0.0316
vn 0.1413 -0.9882 -0.0596
vn 0.9041 -0.1936 -0.3809
vn 0.9172 -0.0972 -0.3865
vn 0.9506 -0.0973 -0.2947
vn 0.9371 -0.1936 -0.2905
vn 0.2766 0.9539 -0.1166
vn 0.3570 0.9219 -0.1504
vn 0.2864 0.9540 -0.0888
vn 0.3699 0.9219 -0.1147
vn 0.8824 -0.2882 -0.3718
vn 0.8524 -0.3800 -0.3592
vn 0.9146 -0.2882 -0.2836
vn 0.8835 -0.3801 -0.2739
vn 0.5152 0.8291 -0.2171
vn 0.4377 0.8800 -0.1844
vn 0.4536 0.8800 -0.1407
vn 0.5340 0.8291 -0.1656
vn 0.8142 -0.4684 -0.3431
vn 0.7682 -0.5524 -0.3237
vn 0.8439 -0.4684 -0.2616
vn 0.7962 -0.5524 -0.2468
vn 0.6544 0.7041 -0.2757
vn 0.5877 0.7703 -0.2476
vn 0.6091 0.7703 -0.1889
vn 0.6783 0.7041 -0.2103
vn 0.7147 -0.6312 -0.3012
vn 0.6544 -0.7041 -0.2757
vn 0.7408 -0.6312 -0.2297
vn 0.6783 -0.7041 -0.2103
vn 0.7682 0.5524 -0.3237
vn 0.7147 0.6312 -0.3012
vn 0.7408 0.6312 -0.2297
vn 0.7962 0.5524 -0.2468
vn 0.5877 -0.7703 -0.2476
vn 0.5152 -0.8291 -0.2171
vn 0.6091 -0.7703 -0.1889
vn 0.5340 -0.8291 -0.1656
vn 0.8524 0.3801 -0.3592
vn 0.8142 0.4684 -0.3431
vn 0.8439 0.4684 -0.2616
vn 0.4377 -0.8800 -0.1844
vn 0.3570 -0.9219 -0.1504
vn 0.4536 -0.8800 -0.1406
vn 0.8655 -0.4684 -0.1777
vn 0.8165 -0.5524 -0.1676
vn 0.9061 -0.3801 -0.1860
vn 0.8787 -0.4684 -0.0920
vn 0.8290 -0.5524 -0.0868
vn 0.6956 0.7041 -0.1428
vn 0.6247 0.7703 -0.1282
vn 0.5477 0.8291 -0.1124
vn 0.6343 0.7703 -0.0664
vn 0.7063 0.7041 -0.0739
vn 0.7598 -0.6312 -0.1559
vn 0.6956 -0.7041 -0.1428
vn 0.7714 -0.6312 -0.0807
vn 0.7063 -0.7041 -0.0739
vn 0.8165 0.5524 -0.1676
vn 0.7598 0.6312 -0.1559
vn 0.7714 0.6312 -0.0807
vn 0.8290 0.5524 -0.0868
vn 0.6247 -0.7703 -0.1282
vn 0.5477 -0.8291 -0.1124
vn 0.6343 -0.7703 -0.0664
vn 0.5561 -0.8291 -0.0582
vn 0.8655 0.4684 -0.1777
vn 0.9061 0.3801 -0.1860
vn 0.8787 0.4684 -0.0920
vn 0.9199 0.3801 -0.0963
vn 0.4652 -0.8800 -0.0955
vn 0.3795 -0.9219 -0.0779
vn 0.4723 -0.8800 -0.0494
vn 0.3852 -0.9219 -0.0403
vn 0.9610 0.1936 -0.1973
vn 0.9380 0.2882 -0.1926
vn 0.9524 0.2881 -0.0997
vn 0.9758 0.1936 -0.1021
vn 0.2111 -0.9765 -0.0433
vn 0.2941 -0.9539 -0.0604
vn 0.2986 -0.9539 -0.0313
vn 0.2112 -0.9772 -0.0221
vn 0.9749 0.0973 -0.2001
vn 0.9796 -0.0000 -0.2011
vn 0.9899 0.0973 -0.1036
vn 0.9946 -0.0000 -0.1041
vn 0.1503 0.9882 -0.0308
vn 0.2111 0.9765 -0.0433
vn 0.1061 0.9943 -0.0111
vn 0.2112 0.9772 -0.0221
vn 0.1060 -0.9943 -0.0111
vn 0.1503 -0.9882 -0.0308
vn 0.9610 -0.1936 -0.1973
vn 0.9749 -0.0973 -0.2001
vn 0.9899 -0.0973 -0.1036
vn 0.9758 -0.1936 -0.1021
vn 0.2941 0.9539 -0.0604
vn 0.3795 0.9219 -0.0779
vn 0.2986 0.9539 -0.0313
vn 0.3852 0.9219 -0.0403
vn 0.9380 -0.2882 -0.1926
vn 0.9524 -0.2881 -0.0997
vn 0.9199 -0.3801 -0.0963
vn 0.4652 0.8800 -0.0955
vn 0.4724 0.8800 -0.0494
vn 0.5561 0.8291 -0.0582
vn 0.2154 -0.9765 -0.0013
vn 0.3003 -0.9538 -0.0018
vn 0.3857 -0.9219 0.0356
vn 0.2990 -0.9539 0.0276
vn 0.2113 -0.9772 0.0195
vn 1.0000 -0.0000 -0.0061
vn 0.9952 0.0972 -0.0061
vn 0.9811 0.1936 -0.0060
vn 0.9910 0.0973 0.0915
vn 0.9958 -0.0000 0.0919
vn 0.1535 0.9882 -0.0010
vn 0.2154 0.9765 -0.0013
vn 0.1062 0.9943 0.0098
vn 0.2114 0.9772 0.0195
vn 0.1062 -0.9943 0.0098
vn 0.1534 -0.9882 -0.0010
vn 0.9952 -0.0972 -0.0061
vn 0.9811 -0.1936 -0.0060
vn 0.9910 -0.0973 0.0915
vn 0.9769 -0.1936 0.0902
vn 0.3001 0.9539 -0.0018
vn 0.3874 0.9219 -0.0024
vn 0.2989 0.9539 0.0276
vn 0.3857 0.9219 0.0356
vn 0.9576 -0.2882 -0.0059
vn 0.9249 -0.3801 -0.0057
vn 0.9535 -0.2882 0.0880
vn 0.9211 -0.3801 0.0850
vn 0.5591 0.8291 -0.0034
vn 0.4749 0.8800 -0.0029
vn 0.4729 0.8800 0.0437
vn 0.5567 0.8291 0.0514
vn 0.8835 -0.4684 -0.0054
vn 0.8336 -0.5524 -0.0051
vn 0.8798 -0.4684 0.0812
vn 0.8300 -0.5524 0.0766
vn 0.6377 0.7703 -0.0039
vn 0.7101 0.7041 -0.0043
vn 0.6350 0.7703 0.0586
vn 0.7071 0.7041 0.0653
vn 0.7756 -0.6312 -0.0047
vn 0.7101 -0.7041 -0.0043
vn 0.7723 -0.6312 0.0713
vn 0.7071 -0.7041 0.0653
vn 0.7756 0.6312 -0.0047
vn 0.8336 0.5524 -0.0051
vn 0.7723 0.6312 0.0713
vn 0.8300 0.5524 0.0766
vn 0.6377 -0.7703 -0.0039
vn 0.5591 -0.8291 -0.0034
vn 0.6350 -0.7703 0.0586
vn 0.5567 -0.8291 0.0514
vn 0.9249 0.3801 -0.0057
vn 0.8835 0.4684 -0.0054
vn 0.8798 0.4684 0.0812
vn 0.9210 0.3801 0.0850
vn 0.4749 -0.8800 -0.0029
vn 0.3874 -0.9219 -0.0024
vn 0.4729 -0.8800 0.0437
vn 0.9576 0.2882 -0.0059
vn 0.9535 0.2882 0.0880
vn 0.9769 0.1936 0.0902
vn 0.7616 -0.6312 0.1467
vn 0.6973 -0.7041 0.1343
vn 0.8185 -0.5524 0.1576
vn 0.7992 -0.5524 0.2371
vn 0.7436 -0.6312 0.2206
vn 0.6808 -0.7041 0.2020
vn 0.8185 0.5524 0.1576
vn 0.7616 0.6312 0.1467
vn 0.6808 0.7041 0.2020
vn 0.7436 0.6312 0.2206
vn 0.7992 0.5524 0.2371
vn 0.6262 -0.7703 0.1206
vn 0.5490 -0.8291 0.1057
vn 0.6114 -0.7703 0.1814
vn 0.5360 -0.8291 0.1590
vn 0.9083 0.3801 0.1749
vn 0.8676 0.4684 0.1671
vn 0.8470 0.4684 0.2513
vn 0.8868 0.3801 0.2631
vn 0.3804 -0.9219 0.0732
vn 0.4664 -0.8800 0.0898
vn 0.4553 -0.8800 0.1351
vn 0.3713 -0.9219 0.1102
vn 0.9634 0.1936 0.1855
vn 0.9403 0.2882 0.1811
vn 0.9180 0.2882 0.2724
vn 0.9406 0.1936 0.2790
vn 0.2116 -0.9765 0.0408
vn 0.2949 -0.9538 0.0568
vn 0.2879 -0.9539 0.0854
vn 0.2036 -0.9772 0.0604
vn 0.9773 0.0973 0.1882
vn 0.9820 -0.0000 0.1891
vn 0.9542 0.0973 0.2831
vn 0.9587 -0.0000 0.2845
vn 0.1507 0.9882 0.0291
vn 0.2116 0.9765 0.0408
vn 0.1022 0.9943 0.0303
vn 0.2034 0.9772 0.0603
vn 0.1022 -0.9943 0.0303
vn 0.1507 -0.9882 0.0291
vn 0.9773 -0.0973 0.1882
vn 0.9634 -0.1936 0.1855
vn 0.9542 -0.0973 0.2831
vn 0.9406 -0.1936 0.2790
vn 0.2948 0.9539 0.0568
vn 0.3804 0.9219 0.0732
vn 0.2878 0.9539 0.0854
vn 0.3713 0.9219 0.1102
vn 0.9403 -0.2882 0.1811
vn 0.9083 -0.3801 0.1749
vn 0.9180 -0.2882 0.2724
vn 0.8868 -0.3801 0.2631
vn 0.5490 0.8291 0.1057
vn 0.4664 0.8800 0.0898
vn 0.4553 0.8800 0.1351
vn 0.5360 0.8291 0.1590
vn 0.8676 -0.4684 0.1671
vn 0.8470 -0.4684 0.2513
vn 0.6973 0.7041 0.1343
vn 0.6262 0.7703 0.1206
vn 0.6114 0.7703 0.1814
vn 0.1421 0.9882 0.0578
vn 0.1996 0.9765 0.0812
vn 0.0943 0.9943 0.0497
vn 0.1878 0.9772 0.0989
vn 0.0943 -0.9943 0.0497
vn 0.1421 -0.9882 0.0578
vn 0.1879 -0.9772 0.0990
vn 0.1996 -0.9765 0.0812
vn 0.9218 -0.0972 0.3753
vn 0.9087 -0.1936 0.3699
vn 0.9262 -0.0000 0.3770
vn 0.8806 -0.0972 0.4638
vn 0.8680 -0.1936 0.4572
vn 0.2781 0.9539 0.1132
vn 0.3584 0.9221 0.1459
vn 0.2656 0.9539 0.1399
vn 0.3427 0.9219 0.1805
vn 0.8869 -0.2882 0.3610
vn 0.8567 -0.3800 0.3487
vn 0.8473 -0.2882 0.4462
vn 0.8184 -0.3800 0.4310
vn 0.4399 0.8800 0.1791
vn 0.5179 0.8291 0.2108
vn 0.4202 0.8800 0.2213
vn 0.4947 0.8291 0.2606
vn 0.7721 -0.5524 0.3143
vn 0.8183 -0.4684 0.3331
vn 0.7817 -0.4684 0.4117
vn 0.7375 -0.5524 0.3884
vn 0.6577 0.7041 0.2677
vn 0.5907 0.7703 0.2404
vn 0.5642 0.7703 0.2972
vn 0.6283 0.7041 0.3309
vn 0.7184 -0.6312 0.2924
vn 0.6577 -0.7041 0.2677
vn 0.6862 -0.6312 0.3614
vn 0.6283 -0.7041 0.3309
vn 0.7721 0.5524 0.3143
vn 0.7184 0.6312 0.2924
vn 0.6862 0.6312 0.3615
vn 0.7375 0.5524 0.3884
vn 0.5907 -0.7703 0.2404
vn 0.5178 -0.8291 0.2108
vn 0.5642 -0.7703 0.2972
vn 0.4947 -0.8291 0.2605
vn 0.8567 0.3801 0.3487
vn 0.8183 0.4684 0.3331
vn 0.7817 0.4684 0.4117
vn 0.8184 0.3800 0.4310
vn 0.4399 -0.8800 0.1791
vn 0.3588 -0.9219 0.1461
vn 0.4202 -0.8800 0.2213
vn 0.3427 -0.9219 0.1805
vn 0.8869 0.2882 0.3610
vn 0.9087 0.1936 0.3699
vn 0.8473 0.2882 0.4462
vn 0.8680 0.1936 0.4572
vn 0.2780 -0.9539 0.1132
vn 0.2656 -0.9539 0.1399
vn 0.9218 0.0972 0.3753
vn 0.8806 0.0972 0.4638
vn 0.8848 -0.0000 0.4660
vn 0.6959 0.5524 0.4588
vn 0.6475 0.6312 0.4270
vn 0.5517 0.7041 0.4471
vn 0.6025 0.6312 0.4884
vn 0.6476 0.5524 0.5248
vn 0.5324 -0.7703 0.3511
vn 0.4667 -0.8291 0.3078
vn 0.5928 -0.7041 0.3909
vn 0.5517 -0.7041 0.4471
vn 0.4954 -0.7703 0.4015
vn 0.4343 -0.8291 0.3520
vn 0.7722 0.3801 0.5092
vn 0.7376 0.4684 0.4863
vn 0.6864 0.4684 0.5563
vn 0.7186 0.3801 0.5824
vn 0.3965 -0.8800 0.2614
vn 0.3234 -0.9219 0.2132
vn 0.3690 -0.8800 0.2990
vn 0.3009 -0.9219 0.2439
vn 0.8191 0.1936 0.5401
vn 0.7994 0.2882 0.5271
vn 0.7439 0.2882 0.6030
vn 0.7622 0.1936 0.6177
vn 0.1799 -0.9765 0.1187
vn 0.2506 -0.9539 0.1652
vn 0.2333 -0.9539 0.1890
vn 0.1650 -0.9772 0.1337
vn 0.8349 -0.0000 0.5505
vn 0.8309 0.0973 0.5479
vn 0.7732 0.0973 0.6267
vn 0.7769 -0.0000 0.6297
vn 0.1281 0.9881 0.0845
vn 0.1799 0.9765 0.1186
vn 0.0828 0.9943 0.0671
vn 0.1650 0.9772 0.1337
vn 0.0828 -0.9943 0.0671
vn 0.1281 -0.9882 0.0845
vn 0.8309 -0.0973 0.5479
vn 0.8191 -0.1936 0.5401
vn 0.7732 -0.0973 0.6267
vn 0.7622 -0.1936 0.6177
vn 0.2505 0.9539 0.1652
vn 0.3234 0.9219 0.2132
vn 0.2332 0.9539 0.1890
vn 0.3009 0.9219 0.2439
vn 0.7722 -0.3800 0.5092
vn 0.7994 -0.2882 0.5271
vn 0.7439 -0.2882 0.6030
vn 0.7186 -0.3800 0.5824
vn 0.4668 0.8291 0.3078
vn 0.3965 0.8800 0.2614
vn 0.3690 0.8800 0.2991
vn 0.4344 0.8291 0.3520
vn 0.7376 -0.4684 0.4863
vn 0.6959 -0.5524 0.4588
vn 0.6864 -0.4684 0.5563
vn 0.6476 -0.5524 0.5248
vn 0.5928 0.7041 0.3909
vn 0.5324 0.7703 0.3511
vn 0.4954 0.7703 0.4015
vn 0.6475 -0.6312 0.4270
vn 0.6025 -0.6312 0.4884
vn 0.7080 -0.0972 0.6994
vn 0.6980 -0.1936 0.6895
vn 0.7114 -0.0000 0.7028
vn 0.6391 -0.0000 0.7691
vn 0.6361 -0.0973 0.7655
vn 0.6270 -0.1936 0.7546
vn 0.2134 0.9539 0.2108
vn 0.2754 0.9221 0.2720
vn 0.1533 0.9765 0.1514
vn 0.1916 0.9540 0.2305
vn 0.2475 0.9219 0.2979
vn 0.6812 -0.2882 0.6730
vn 0.6580 -0.3800 0.6501
vn 0.6120 -0.2882 0.7365
vn 0.5912 -0.3801 0.7114
vn 0.3978 0.8291 0.3929
vn 0.3379 0.8800 0.3338
vn 0.3035 0.8800 0.3653
vn 0.3573 0.8291 0.4300
vn 0.6285 -0.4684 0.6209
vn 0.5930 -0.5524 0.5858
vn 0.5646 -0.4684 0.6795
vn 0.5327 -0.5524 0.6411
vn 0.5052 0.7041 0.4991
vn 0.4537 0.7703 0.4482
vn 0.4076 0.7703 0.4905
vn 0.4538 0.7041 0.5462
vn 0.5518 -0.6312 0.5451
vn 0.5052 -0.7041 0.4991
vn 0.4957 -0.6312 0.5965
vn 0.4538 -0.7041 0.5462
vn 0.5930 0.5524 0.5858
vn 0.5518 0.6312 0.5451
vn 0.4957 0.6312 0.5965
vn 0.5327 0.5524 0.6411
vn 0.4537 -0.7703 0.4482
vn 0.3977 -0.8291 0.3929
vn 0.4076 -0.7703 0.4905
vn 0.3573 -0.8291 0.4300
vn 0.6580 0.3800 0.6501
vn 0.6285 0.4684 0.6209
vn 0.5646 0.4684 0.6795
vn 0.5911 0.3801 0.7114
vn 0.3379 -0.8800 0.3338
vn 0.2756 -0.9219 0.2722
vn 0.3035 -0.8800 0.3653
vn 0.2475 -0.9219 0.2979
vn 0.6812 0.2882 0.6730
vn 0.6980 0.1936 0.6895
vn 0.6120 0.2882 0.7365
vn 0.6270 0.1936 0.7546
vn 0.1533 -0.9765 0.1514
vn 0.2135 -0.9539 0.2109
vn 0.1916 -0.9540 0.2306
vn 0.1357 -0.9772 0.1633
vn 0.7080 0.0972 0.6994
vn 0.6361 0.0973 0.7655
vn 0.1092 0.9882 0.1078
vn 0.0681 0.9943 0.0820
vn 0.1357 0.9772 0.1633
vn 0.0682 -0.9943 0.0820
vn 0.1092 -0.9882 0.1078
vn 0.3134 -0.8291 0.4629
vn 0.3981 -0.7041 0.5880
vn 0.3575 -0.7703 0.5281
vn 0.5186 0.3801 0.7659
vn 0.4673 0.5524 0.6902
vn 0.4953 0.4684 0.7316
vn 0.2663 -0.8800 0.3933
vn 0.2170 -0.9221 0.3205
vn 0.5369 0.2882 0.7929
vn 0.5500 0.1936 0.8124
vn 0.1208 -0.9765 0.1784
vn 0.1685 -0.9538 0.2488
vn 0.5606 -0.0000 0.8281
vn 0.5580 0.0973 0.8241
vn 0.0860 0.9882 0.1271
vn 0.1208 0.9765 0.1784
vn 0.0860 -0.9882 0.1271
vn 0.5500 -0.1936 0.8124
vn 0.5580 -0.0973 0.8241
vn 0.1683 0.9539 0.2486
vn 0.2169 0.9221 0.3204
vn 0.5369 -0.2882 0.7929
vn 0.5186 -0.3800 0.7659
vn 0.3135 0.8291 0.4630
vn 0.2663 0.8800 0.3933
vn 0.4673 -0.5524 0.6902
vn 0.4953 -0.4684 0.7316
vn 0.3981 0.7041 0.5880
vn 0.3575 0.7703 0.5281
vn 0.4348 -0.6312 0.6422
vn 0.4348 0.6312 0.6422
vt 0.389606 0.393399
vt 0.411208 0.395513
vt 0.401154 0.405848
vt 0.378596 0.381531
vt 0.398499 0.384259
vt 0.393383 0.364833
vt 0.406496 0.374325
vt 0.420251 0.384282
vt 0.620370 0.666250
vt 0.637752 0.665263
vt 0.633967 0.672503
vt 0.611448 0.649878
vt 0.624838 0.657710
vt 0.630090 0.649630
vt 0.642207 0.658414
vt 0.413342 0.418987
vt 0.438871 0.420008
vt 0.426288 0.432943
vt 0.424622 0.407391
vt 0.434768 0.394790
vt 0.450188 0.405952
vt 0.647155 0.678567
vt 0.662496 0.679731
vt 0.660014 0.684480
vt 0.650279 0.672588
vt 0.653958 0.666933
vt 0.665416 0.675240
vt 0.440133 0.447867
vt 0.470527 0.448039
vt 0.455045 0.463943
vt 0.454110 0.433502
vt 0.466678 0.417889
vt 0.484440 0.430746
vt 0.672509 0.690224
vt 0.685187 0.692997
vt 0.684136 0.695569
vt 0.674331 0.686651
vt 0.676551 0.683311
vt 0.686912 0.690820
vt 0.471222 0.481382
vt 0.507995 0.481216
vt 0.488839 0.500372
vt 0.488363 0.463833
vt 0.503709 0.444694
vt 0.524692 0.459883
vt 0.320299 0.318687
vt 0.315441 0.310712
vt 0.322415 0.316887
vt 0.314576 0.307787
vt 0.312433 0.310208
vt 0.301217 0.298117
vt 0.323945 0.314569
vt 0.694645 0.700398
vt 0.696276 0.697607
vt 0.709630 0.707285
vt 0.693228 0.697698
vt 0.504258 0.612831
vt 0.493991 0.581193
vt 0.514526 0.593194
vt 0.482684 0.602915
vt 0.471387 0.567991
vt 0.486414 0.545503
vt 0.507364 0.560672
vt 0.526601 0.574607
vt 0.338357 0.338153
vt 0.331830 0.325224
vt 0.342095 0.334314
vt 0.329002 0.328069
vt 0.334312 0.322073
vt 0.345454 0.330138
vt 0.542617 0.630476
vt 0.533430 0.604246
vt 0.550980 0.614509
vt 0.524147 0.621979
vt 0.544334 0.587457
vt 0.560798 0.599391
vt 0.357857 0.359175
vt 0.352693 0.343698
vt 0.363560 0.353320
vt 0.347983 0.348531
vt 0.356920 0.338438
vt 0.368681 0.346952
vt 0.576159 0.645910
vt 0.567391 0.624108
vt 0.582844 0.633147
vt 0.559892 0.638425
vt 0.576195 0.610553
vt 0.590693 0.621064
vt 0.368039 0.370151
vt 0.386383 0.373530
vt 0.374765 0.363243
vt 0.380808 0.355730
vt 0.606273 0.659765
vt 0.597486 0.641712
vt 0.591574 0.653003
vt 0.604430 0.631025
vt 0.617529 0.640522
vt 0.399459 0.355466
vt 0.373131 0.340097
vt 0.386057 0.347643
vt 0.376912 0.332852
vt 0.390519 0.339096
vt 0.404628 0.345570
vt 0.612430 0.621103
vt 0.624531 0.631834
vt 0.599737 0.609848
vt 0.621324 0.611974
vt 0.632319 0.623842
vt 0.428096 0.372183
vt 0.413435 0.363625
vt 0.419341 0.352322
vt 0.434774 0.359404
vt 0.647331 0.652051
vt 0.636137 0.642125
vt 0.642864 0.635224
vt 0.653035 0.646203
vt 0.460005 0.390811
vt 0.443569 0.381216
vt 0.451062 0.366878
vt 0.468363 0.374817
vt 0.658188 0.661678
vt 0.668777 0.671067
vt 0.662899 0.656850
vt 0.672517 0.667231
vt 0.477584 0.401073
vt 0.496522 0.412128
vt 0.486866 0.383308
vt 0.506794 0.392453
vt 0.688444 0.688504
vt 0.679034 0.680162
vt 0.681863 0.677319
vt 0.690560 0.686705
vt 0.517096 0.424138
vt 0.539742 0.437358
vt 0.528414 0.402373
vt 0.551957 0.413177
vt 0.317625 0.307695
vt 0.325669 0.312391
vt 0.316206 0.304995
vt 0.326718 0.309819
vt 0.698421 0.695188
vt 0.695413 0.694682
vt 0.522693 0.541562
vt 0.540503 0.557341
vt 0.522221 0.505066
vt 0.539817 0.524036
vt 0.555973 0.541459
vt 0.336530 0.318731
vt 0.348372 0.325644
vt 0.338350 0.315156
vt 0.350851 0.320893
vt 0.556896 0.571869
vt 0.572113 0.585356
vt 0.570865 0.557523
vt 0.584691 0.572439
vt 0.360596 0.332780
vt 0.363716 0.326797
vt 0.586341 0.597971
vt 0.597619 0.586390
vt 0.609790 0.599526
vt 0.537534 0.379601
vt 0.562324 0.388148
vt 0.515012 0.371835
vt 0.544387 0.356046
vt 0.569586 0.362049
vt 0.319178 0.304310
vt 0.327984 0.307346
vt 0.317260 0.301939
vt 0.328511 0.304619
vt 0.700996 0.693234
vt 0.698145 0.692151
vt 0.694941 0.683380
vt 0.692515 0.684732
vt 0.558584 0.508277
vt 0.572979 0.527231
vt 0.542738 0.487417
vt 0.578802 0.494424
vt 0.591253 0.514668
vt 0.339873 0.311446
vt 0.352836 0.315915
vt 0.340960 0.307585
vt 0.354340 0.310772
vt 0.598526 0.560878
vt 0.586229 0.544679
vt 0.602729 0.533331
vt 0.613383 0.550659
vt 0.379940 0.325261
vt 0.366218 0.320530
vt 0.368110 0.314053
vt 0.382234 0.317417
vt 0.620848 0.590287
vt 0.610024 0.576025
vt 0.623344 0.566864
vt 0.632722 0.582123
vt 0.394089 0.330140
vt 0.408760 0.335198
vt 0.396797 0.320887
vt 0.411898 0.324484
vt 0.631104 0.603801
vt 0.640882 0.616686
vt 0.641608 0.596581
vt 0.650079 0.610366
vt 0.440107 0.346007
vt 0.424059 0.340474
vt 0.427646 0.328235
vt 0.444164 0.332171
vt 0.659301 0.640961
vt 0.650258 0.629043
vt 0.658202 0.623586
vt 0.666037 0.636337
vt 0.475038 0.358052
vt 0.457046 0.351848
vt 0.461597 0.336324
vt 0.480115 0.340735
vt 0.676627 0.663794
vt 0.668072 0.652520
vt 0.673635 0.648704
vt 0.681043 0.660761
vt 0.494281 0.364687
vt 0.499918 0.345453
vt 0.521248 0.350534
vt 0.684913 0.674715
vt 0.688243 0.672478
vt 0.652795 0.590472
vt 0.659872 0.605017
vt 0.645370 0.575216
vt 0.664505 0.585438
vt 0.670126 0.600611
vt 0.446782 0.317991
vt 0.429962 0.315695
vt 0.414916 0.302385
vt 0.431092 0.302992
vt 0.448061 0.303629
vt 0.666659 0.618965
vt 0.673205 0.632418
vt 0.675515 0.615162
vt 0.680713 0.629197
vt 0.483391 0.322989
vt 0.464534 0.320415
vt 0.465970 0.304301
vt 0.484992 0.305015
vt 0.679553 0.645466
vt 0.685744 0.658192
vt 0.685753 0.642808
vt 0.690668 0.656079
vt 0.525286 0.328709
vt 0.503558 0.325743
vt 0.505335 0.305779
vt 0.527246 0.306601
vt 0.697243 0.681826
vt 0.691742 0.670519
vt 0.695443 0.668975
vt 0.699887 0.680974
vt 0.548890 0.331932
vt 0.574871 0.335479
vt 0.551017 0.307493
vt 0.576902 0.308465
vt 0.320041 0.300687
vt 0.329270 0.301947
vt 0.317698 0.298735
vt 0.329255 0.299169
vt 0.703903 0.691820
vt 0.701318 0.690202
vt 0.610711 0.504027
vt 0.565241 0.472380
vt 0.600287 0.482626
vt 0.613821 0.448710
vt 0.622823 0.472980
vt 0.631088 0.495268
vt 0.341731 0.303648
vt 0.355316 0.305503
vt 0.342044 0.299649
vt 0.355788 0.300165
vt 0.620305 0.523728
vt 0.629209 0.542016
vt 0.638705 0.515813
vt 0.645775 0.534889
vt 0.369341 0.307418
vt 0.383722 0.309381
vt 0.369934 0.300696
vt 0.384442 0.301241
vt 0.637534 0.559116
vt 0.652386 0.552728
vt 0.658609 0.569524
vt 0.413928 0.313505
vt 0.398552 0.311406
vt 0.399403 0.301802
vt 0.320181 0.296965
vt 0.329479 0.296401
vt 0.317502 0.295509
vt 0.328922 0.293679
vt 0.707030 0.691000
vt 0.704810 0.688908
vt 0.705207 0.679579
vt 0.702448 0.679899
vt 0.646200 0.465598
vt 0.652250 0.488625
vt 0.639540 0.440253
vt 0.670188 0.460534
vt 0.673947 0.484009
vt 0.342032 0.295638
vt 0.355718 0.294807
vt 0.341558 0.291655
vt 0.355140 0.289480
vt 0.657818 0.509822
vt 0.662985 0.529497
vt 0.677410 0.505648
vt 0.680625 0.525739
vt 0.384335 0.293069
vt 0.369847 0.293949
vt 0.369117 0.287241
vt 0.383453 0.284944
vt 0.667816 0.547895
vt 0.672362 0.565216
vt 0.683630 0.544526
vt 0.686458 0.562214
vt 0.414764 0.291221
vt 0.399274 0.292162
vt 0.398235 0.282576
vt 0.413563 0.280121
vt 0.680775 0.597274
vt 0.676669 0.581628
vt 0.689137 0.578974
vt 0.691691 0.594953
vt 0.447862 0.289211
vt 0.430917 0.290240
vt 0.429548 0.277561
vt 0.446315 0.274875
vt 0.684711 0.612279
vt 0.688508 0.626751
vt 0.694139 0.610277
vt 0.696500 0.625056
vt 0.465746 0.288125
vt 0.484743 0.286971
vt 0.464010 0.272041
vt 0.482807 0.269030
vt 0.692190 0.640787
vt 0.695780 0.654476
vt 0.698789 0.639389
vt 0.701021 0.653364
vt 0.526949 0.284408
vt 0.505060 0.285737
vt 0.502908 0.265810
vt 0.524558 0.262342
vt 0.699258 0.667736
vt 0.703189 0.666944
vt 0.576902 0.281374
vt 0.550728 0.282964
vt 0.548046 0.258580
vt 0.573623 0.254483
vt 0.426889 0.265088
vt 0.443307 0.260773
vt 0.407894 0.258549
vt 0.423072 0.252920
vt 0.438992 0.247015
vt 0.703722 0.609242
vt 0.704623 0.624177
vt 0.702787 0.593757
vt 0.713359 0.609117
vt 0.712792 0.624073
vt 0.479042 0.251381
vt 0.460635 0.256219
vt 0.455795 0.240782
vt 0.473643 0.234162
vt 0.706347 0.652788
vt 0.705496 0.638662
vt 0.712242 0.638578
vt 0.711705 0.652720
vt 0.519937 0.240633
vt 0.498728 0.246207
vt 0.492729 0.227083
vt 0.513287 0.219458
vt 0.707928 0.679024
vt 0.707172 0.666472
vt 0.711182 0.666462
vt 0.710696 0.679248
vt 0.542977 0.234578
vt 0.568338 0.227912
vt 0.535590 0.211185
vt 0.559876 0.202177
vt 0.319592 0.293288
vt 0.328601 0.290920
vt 0.316680 0.292382
vt 0.327524 0.288359
vt 0.710257 0.690805
vt 0.708488 0.688321
vt 0.694559 0.457854
vt 0.696002 0.481621
vt 0.666094 0.434971
vt 0.692971 0.431693
vt 0.719077 0.457566
vt 0.718184 0.481326
vt 0.340764 0.287723
vt 0.354025 0.284238
vt 0.339522 0.283909
vt 0.352418 0.279126
vt 0.697328 0.503499
vt 0.698558 0.523807
vt 0.717360 0.503227
vt 0.716594 0.523561
vt 0.381753 0.276951
vt 0.367715 0.280640
vt 0.365690 0.274203
vt 0.379303 0.269154
vt 0.699707 0.542795
vt 0.700788 0.560672
vt 0.715876 0.542575
vt 0.715200 0.560477
vt 0.396228 0.273146
vt 0.411237 0.269202
vt 0.393339 0.263948
vt 0.701812 0.577609
vt 0.714559 0.577439
vt 0.713947 0.593609
vt 0.743505 0.459693
vt 0.740283 0.483287
vt 0.720048 0.431693
vt 0.747051 0.433722
vt 0.767610 0.464194
vt 0.762099 0.487325
vt 0.337976 0.280208
vt 0.350303 0.274203
vt 0.326670 0.285716
vt 0.336015 0.276709
vt 0.347730 0.269502
vt 0.737316 0.505005
vt 0.734561 0.525164
vt 0.757018 0.508646
vt 0.752299 0.528441
vt 0.376076 0.261646
vt 0.363028 0.268003
vt 0.359786 0.262085
vt 0.372152 0.254477
vt 0.731983 0.544014
vt 0.729557 0.561759
vt 0.747886 0.546952
vt 0.743731 0.564379
vt 0.403482 0.248293
vt 0.389531 0.255090
vt 0.384903 0.246632
vt 0.398125 0.238498
vt 0.727257 0.578572
vt 0.725064 0.594601
vt 0.739793 0.580891
vt 0.736038 0.596633
vt 0.433291 0.233770
vt 0.418030 0.241206
vt 0.411913 0.230016
vt 0.426375 0.221118
vt 0.722960 0.609971
vt 0.720930 0.624796
vt 0.732437 0.611728
vt 0.728964 0.626287
vt 0.466507 0.217587
vt 0.449398 0.225923
vt 0.441639 0.211727
vt 0.457853 0.201753
vt 0.718962 0.639173
vt 0.717041 0.653194
vt 0.725594 0.640406
vt 0.722309 0.654172
vt 0.504520 0.199068
vt 0.484806 0.208672
vt 0.475191 0.191086
vt 0.493867 0.179596
vt 0.713474 0.679235
vt 0.715181 0.666777
vt 0.719116 0.667549
vt 0.716145 0.679995
vt 0.525936 0.188634
vt 0.549509 0.177149
vt 0.514127 0.167132
vt 0.536190 0.153559
vt 0.318297 0.289796
vt 0.315264 0.289475
vt 0.325115 0.283415
vt 0.713460 0.691244
vt 0.712209 0.688463
vt 0.741687 0.614439
vt 0.736805 0.628584
vt 0.746749 0.599773
vt 0.757117 0.603907
vt 0.750640 0.618011
vt 0.744393 0.631613
vt 0.447621 0.186888
vt 0.432466 0.198402
vt 0.418200 0.209240
vt 0.422087 0.185992
vt 0.436043 0.173046
vt 0.732069 0.642301
vt 0.727451 0.655679
vt 0.738334 0.644804
vt 0.732427 0.657666
vt 0.481290 0.161309
vt 0.463829 0.174575
vt 0.450968 0.159201
vt 0.467043 0.144290
vt 0.718872 0.680524
vt 0.722976 0.668637
vt 0.726686 0.670163
vt 0.721344 0.681790
vt 0.500259 0.146897
vt 0.521139 0.131034
vt 0.484482 0.128112
vt 0.503473 0.110496
vt 0.316345 0.286624
vt 0.323762 0.280989
vt 0.313308 0.286901
vt 0.321788 0.279035
vt 0.716515 0.692300
vt 0.715832 0.689328
vt 0.791156 0.471046
vt 0.783392 0.493560
vt 0.773611 0.439005
vt 0.799701 0.446264
vt 0.813922 0.480164
vt 0.804003 0.501776
vt 0.333776 0.273381
vt 0.344694 0.265086
vt 0.331170 0.270332
vt 0.341253 0.260978
vt 0.776245 0.514283
vt 0.769609 0.533519
vt 0.794859 0.521698
vt 0.786369 0.540194
vt 0.367523 0.247742
vt 0.355965 0.256523
vt 0.351631 0.251351
vt 0.362275 0.241477
vt 0.763405 0.551505
vt 0.757563 0.568437
vt 0.778430 0.557490
vt 0.770954 0.573772
vt 0.391797 0.229300
vt 0.379440 0.238688
vt 0.373251 0.231295
vt 0.384632 0.220738
vt 0.752027 0.584480
vt 0.763871 0.589200
vt 0.404683 0.219510
vt 0.396500 0.209729
vt 0.408949 0.198180
vt 0.802357 0.548552
vt 0.812618 0.530979
vt 0.823672 0.512046
vt 0.829430 0.541883
vt 0.817494 0.558369
vt 0.356421 0.235775
vt 0.346798 0.246641
vt 0.333239 0.253881
vt 0.341539 0.242414
vt 0.350052 0.230653
vt 0.792762 0.564983
vt 0.783729 0.580451
vt 0.806332 0.573784
vt 0.795824 0.588296
vt 0.376631 0.212951
vt 0.366343 0.224569
vt 0.358831 0.218526
vt 0.367933 0.205951
vt 0.775170 0.595106
vt 0.767010 0.609077
vt 0.785866 0.602046
vt 0.776373 0.615155
vt 0.398613 0.188126
vt 0.387359 0.200835
vt 0.377425 0.192838
vt 0.387382 0.179083
vt 0.751636 0.635396
vt 0.759184 0.622475
vt 0.767269 0.627725
vt 0.758488 0.639847
vt 0.423108 0.160464
vt 0.410491 0.174712
vt 0.397891 0.164566
vt 0.409053 0.149146
vt 0.744316 0.647926
vt 0.737176 0.660146
vt 0.749972 0.651604
vt 0.741669 0.663066
vt 0.436602 0.145225
vt 0.451140 0.128807
vt 0.420989 0.132656
vt 0.433846 0.114894
vt 0.723915 0.682841
vt 0.730259 0.671983
vt 0.733600 0.674203
vt 0.726092 0.684565
vt 0.484317 0.091340
vt 0.466933 0.110971
vt 0.447794 0.095626
vt 0.462983 0.074643
vt 0.313812 0.283893
vt 0.319987 0.276920
vt 0.310888 0.284758
vt 0.317670 0.275389
vt 0.719306 0.693931
vt 0.719215 0.690882
vt 0.835680 0.491478
vt 0.848897 0.468838
vt 0.871416 0.483885
vt 0.856231 0.504863
vt 0.842285 0.524127
vt 0.328325 0.267504
vt 0.337414 0.257239
vt 0.325173 0.265022
vt 0.755229 0.655832
vt 0.745843 0.666425
vt 0.764854 0.644970
vt 0.760060 0.660543
vt 0.749680 0.670165
vt 0.415228 0.102812
vt 0.404173 0.121750
vt 0.377918 0.130971
vt 0.386408 0.112469
vt 0.395553 0.092540
vt 0.728409 0.686097
vt 0.736750 0.676686
vt 0.739593 0.679514
vt 0.730208 0.688213
vt 0.427238 0.082238
vt 0.440458 0.059592
vt 0.405474 0.070921
vt 0.416277 0.047378
vt 0.310795 0.281709
vt 0.315491 0.273665
vt 0.308096 0.283128
vt 0.312919 0.272616
vt 0.721726 0.696075
vt 0.722231 0.693067
vt 0.859574 0.538038
vt 0.875365 0.520206
vt 0.892745 0.500579
vt 0.892910 0.537344
vt 0.875473 0.553518
vt 0.321832 0.262804
vt 0.328744 0.250963
vt 0.318257 0.260985
vt 0.323993 0.248484
vt 0.845038 0.554451
vt 0.831545 0.569686
vt 0.859400 0.568426
vt 0.844477 0.582267
vt 0.343198 0.226203
vt 0.335880 0.238738
vt 0.329897 0.235618
vt 0.335952 0.222423
vt 0.818929 0.583930
vt 0.807051 0.597339
vt 0.830521 0.595209
vt 0.817383 0.607394
vt 0.358567 0.199875
vt 0.350743 0.213277
vt 0.342196 0.208816
vt 0.348671 0.194707
vt 0.785067 0.622155
vt 0.795797 0.610044
vt 0.804934 0.618938
vt 0.793065 0.629943
vt 0.375284 0.171238
vt 0.366725 0.185899
vt 0.355422 0.179994
vt 0.362504 0.164560
vt 0.774778 0.633769
vt 0.781683 0.640496
vt 0.770706 0.650673
vt 0.393911 0.139329
vt 0.384316 0.155765
vt 0.369979 0.148272
vt 0.328361 0.219395
vt 0.323630 0.233117
vt 0.313873 0.244994
vt 0.317153 0.231224
vt 0.320518 0.217101
vt 0.840897 0.607619
vt 0.826631 0.618454
vt 0.856051 0.596108
vt 0.850067 0.620944
vt 0.834803 0.630331
vt 0.338299 0.190574
vt 0.333240 0.205246
vt 0.323987 0.202537
vt 0.327584 0.187436
vt 0.813114 0.628719
vt 0.800227 0.638505
vt 0.820341 0.639225
vt 0.806553 0.647704
vt 0.343574 0.175275
vt 0.349108 0.159227
vt 0.331336 0.171689
vt 0.335271 0.155170
vt 0.787870 0.647889
vt 0.775951 0.656939
vt 0.793330 0.655834
vt 0.780578 0.663675
vt 0.354948 0.142289
vt 0.361152 0.124296
vt 0.339424 0.137737
vt 0.343836 0.119219
vt 0.764392 0.665716
vt 0.753119 0.674274
vt 0.768211 0.671278
vt 0.756153 0.678691
vt 0.374935 0.084322
vt 0.367787 0.105053
vt 0.348553 0.099416
vt 0.353634 0.078086
vt 0.732182 0.690168
vt 0.742199 0.682564
vt 0.744436 0.685893
vt 0.733534 0.692594
vt 0.382701 0.061800
vt 0.391249 0.037011
vt 0.359147 0.054947
vt 0.365150 0.029748
vt 0.307410 0.280156
vt 0.310447 0.271350
vt 0.305039 0.282074
vt 0.307719 0.270823
vt 0.723680 0.698650
vt 0.724763 0.695799
vt 0.908684 0.556126
vt 0.889717 0.570535
vt 0.911898 0.519731
vt 0.929561 0.540266
vt 0.922550 0.576359
vt 0.902291 0.588821
vt 0.314546 0.259461
vt 0.319016 0.246498
vt 0.310685 0.258374
vt 0.872257 0.583798
vt 0.883618 0.600308
vt 0.866280 0.610972
vt 0.331810 0.074049
vt 0.326090 0.115943
vt 0.328843 0.095776
vt 0.308115 0.114342
vt 0.308879 0.093999
vt 0.309701 0.072088
vt 0.735088 0.694896
vt 0.746396 0.689393
vt 0.760838 0.688316
vt 0.747941 0.693094
vt 0.735941 0.697540
vt 0.335032 0.050444
vt 0.338580 0.024463
vt 0.310594 0.048318
vt 0.311565 0.022432
vt 0.303787 0.279293
vt 0.305047 0.270064
vt 0.301836 0.281637
vt 0.302270 0.270079
vt 0.725095 0.701557
vt 0.726713 0.698972
vt 0.912942 0.608291
vt 0.944610 0.562788
vt 0.934357 0.597859
vt 0.957928 0.586375
vt 0.944009 0.620409
vt 0.921708 0.628680
vt 0.306749 0.257603
vt 0.308604 0.244018
vt 0.302750 0.257291
vt 0.303266 0.243546
vt 0.874932 0.626806
vt 0.893230 0.617894
vt 0.901151 0.636303
vt 0.882065 0.643381
vt 0.312482 0.215612
vt 0.310518 0.229993
vt 0.303797 0.229400
vt 0.304341 0.214892
vt 0.857823 0.635139
vt 0.841716 0.642983
vt 0.864218 0.649998
vt 0.847415 0.656227
vt 0.316606 0.185407
vt 0.314507 0.200783
vt 0.304903 0.199931
vt 0.305485 0.184419
vt 0.826456 0.650415
vt 0.811907 0.657500
vt 0.831494 0.662130
vt 0.816316 0.667756
vt 0.321091 0.152553
vt 0.318795 0.169372
vt 0.306092 0.168242
vt 0.306729 0.151273
vt 0.797955 0.664293
vt 0.784500 0.670844
vt 0.801761 0.673151
vt 0.787724 0.678353
vt 0.323515 0.134800
vt 0.307401 0.133365
vt 0.758724 0.683392
vt 0.771450 0.677197
vt 0.774111 0.683398
vt 0.869055 0.665434
vt 0.851727 0.669986
vt 0.887462 0.660599
vt 0.872429 0.681256
vt 0.854733 0.684088
vt 0.294321 0.184570
vt 0.295262 0.200060
vt 0.288045 0.215882
vt 0.285677 0.201099
vt 0.283222 0.185771
vt 0.835309 0.674298
vt 0.819657 0.678408
vt 0.837966 0.686771
vt 0.821981 0.689328
vt 0.292311 0.151472
vt 0.293340 0.168417
vt 0.280661 0.169787
vt 0.277975 0.153020
vt 0.804648 0.682349
vt 0.790172 0.686150
vt 0.806653 0.691780
vt 0.791870 0.694144
vt 0.290071 0.114592
vt 0.291225 0.133588
vt 0.275141 0.135324
vt 0.272130 0.116528
vt 0.776133 0.689835
vt 0.762442 0.693429
vt 0.777533 0.696436
vt 0.763555 0.698670
vt 0.287508 0.072386
vt 0.288838 0.094274
vt 0.268910 0.096427
vt 0.265442 0.074776
vt 0.737016 0.700101
vt 0.749180 0.696909
vt 0.749973 0.700841
vt 0.737336 0.702860
vt 0.284474 0.022433
vt 0.286064 0.048606
vt 0.261680 0.051288
vt 0.257583 0.025711
vt 0.300066 0.279153
vt 0.299501 0.269856
vt 0.298609 0.281833
vt 0.296780 0.270412
vt 0.725915 0.704684
vt 0.728006 0.702464
vt 0.951396 0.643800
vt 0.928356 0.649855
vt 0.976756 0.637136
vt 0.956464 0.667802
vt 0.932976 0.671563
vt 0.298739 0.257303
vt 0.297907 0.243617
vt 0.294755 0.257776
vt 0.292580 0.244195
vt 0.907148 0.655427
vt 0.911326 0.675029
vt 0.891225 0.678247
vt 0.296169 0.215000
vt 0.297049 0.229488
vt 0.290341 0.230217
vt 0.737892 0.705581
vt 0.750445 0.704824
vt 0.764201 0.709356
vt 0.750456 0.708835
vt 0.737668 0.708350
vt 0.237678 0.056357
vt 0.231013 0.030996
vt 0.243734 0.079398
vt 0.214286 0.063744
vt 0.205278 0.039458
vt 0.296388 0.279742
vt 0.294020 0.270734
vt 0.295482 0.282655
vt 0.291460 0.271810
vt 0.726110 0.707911
vt 0.728594 0.706142
vt 0.959145 0.692186
vt 0.935365 0.693629
vt 0.982041 0.663705
vt 0.985319 0.690596
vt 0.959433 0.716715
vt 0.935662 0.715822
vt 0.290824 0.258570
vt 0.287338 0.245309
vt 0.287010 0.259812
vt 0.282226 0.246916
vt 0.913477 0.694957
vt 0.893159 0.696189
vt 0.913750 0.714999
vt 0.893407 0.714233
vt 0.280051 0.217581
vt 0.283741 0.231619
vt 0.277304 0.233644
vt 0.272255 0.220032
vt 0.874162 0.697340
vt 0.856278 0.698424
vt 0.874384 0.713517
vt 0.856475 0.712842
vt 0.272302 0.188097
vt 0.276247 0.203106
vt 0.267048 0.205995
vt 0.261650 0.191440
vt 0.839333 0.699450
vt 0.823179 0.700428
vt 0.839505 0.712202
vt 0.823328 0.711592
vt 0.263873 0.156028
vt 0.268189 0.172446
vt 0.256020 0.176263
vt 0.250115 0.160342
vt 0.807689 0.701365
vt 0.792749 0.702269
vt 0.807816 0.711006
vt 0.792855 0.710441
vt 0.254482 0.120292
vt 0.259319 0.138699
vt 0.243883 0.143539
vt 0.237263 0.125691
vt 0.778261 0.703144
vt 0.764132 0.703998
vt 0.778346 0.709892
vt 0.249308 0.100606
vt 0.230183 0.106605
vt 0.222558 0.086047
vt 0.251394 0.195852
vt 0.264746 0.223258
vt 0.258191 0.209803
vt 0.257577 0.227182
vt 0.249733 0.214431
vt 0.241598 0.201209
vt 0.838373 0.724905
vt 0.822338 0.722713
vt 0.855193 0.727205
vt 0.836054 0.737447
vt 0.820306 0.733692
vt 0.236871 0.166043
vt 0.244306 0.181304
vt 0.233116 0.187422
vt 0.224218 0.172959
vt 0.792133 0.718581
vt 0.806962 0.720610
vt 0.805205 0.730091
vt 0.790642 0.726617
vt 0.229024 0.149936
vt 0.220688 0.132827
vt 0.214828 0.157695
vt 0.204853 0.141481
vt 0.777751 0.716614
vt 0.763727 0.714694
vt 0.776518 0.723248
vt 0.762749 0.719963
vt 0.202168 0.094815
vt 0.211773 0.114528
vt 0.194186 0.124143
vt 0.182697 0.105467
vt 0.737681 0.711128
vt 0.750142 0.712834
vt 0.749369 0.716771
vt 0.736921 0.713800
vt 0.191734 0.073398
vt 0.180249 0.049825
vt 0.170232 0.085207
vt 0.156659 0.063145
vt 0.292896 0.281038
vt 0.288817 0.272664
vt 0.292576 0.284070
vt 0.286515 0.274219
vt 0.725671 0.711114
vt 0.728452 0.709864
vt 0.933700 0.737931
vt 0.985319 0.717687
vt 0.957306 0.741155
vt 0.978003 0.771275
vt 0.952802 0.765271
vt 0.929661 0.759757
vt 0.283308 0.261358
vt 0.277303 0.249032
vt 0.279810 0.263320
vt 0.272602 0.251605
vt 0.911972 0.734963
vt 0.891804 0.732208
vt 0.908330 0.754674
vt 0.888526 0.749955
vt 0.271103 0.236307
vt 0.265185 0.239548
vt 0.872946 0.729631
vt 0.870007 0.745541
vt 0.852573 0.741385
vt 0.134134 0.078196
vt 0.164409 0.118045
vt 0.149997 0.099075
vt 0.131213 0.114852
vt 0.113596 0.095862
vt 0.289724 0.282989
vt 0.284089 0.275572
vt 0.290001 0.286026
vt 0.282136 0.277547
vt 0.724616 0.714170
vt 0.727588 0.713486
vt 0.735126 0.718999
vt 0.736393 0.716527
vt 0.923424 0.781060
vt 0.970740 0.797376
vt 0.945948 0.788827
vt 0.960372 0.822408
vt 0.936826 0.811603
vt 0.915204 0.801680
vt 0.276481 0.265558
vt 0.268186 0.254640
vt 0.273432 0.268165
vt 0.264078 0.258081
vt 0.902691 0.773910
vt 0.883447 0.767272
vt 0.895273 0.792532
vt 0.876769 0.784039
vt 0.259623 0.243369
vt 0.250843 0.231812
vt 0.254451 0.247703
vt 0.244577 0.237059
vt 0.865453 0.761066
vt 0.848514 0.755222
vt 0.859467 0.776097
vt 0.843178 0.768619
vt 0.232400 0.207537
vt 0.241788 0.219894
vt 0.234396 0.226083
vt 0.223838 0.214702
vt 0.832465 0.749685
vt 0.817165 0.744406
vt 0.827744 0.761534
vt 0.813030 0.754778
vt 0.222610 0.194651
vt 0.212341 0.181134
vt 0.212829 0.202834
vt 0.201281 0.190385
vt 0.802494 0.739344
vt 0.788345 0.734461
vt 0.798921 0.748300
vt 0.785315 0.742052
vt 0.201502 0.166868
vt 0.189989 0.151713
vt 0.189093 0.177247
vt 0.176147 0.163291
vt 0.774624 0.729725
vt 0.761242 0.725106
vt 0.772120 0.735992
vt 0.759255 0.730083
vt 0.177675 0.135506
vt 0.162302 0.148366
vt 0.147390 0.132291
vt 0.748281 0.720631
vt 0.746756 0.724341
vt 0.807859 0.764675
vt 0.821835 0.772837
vt 0.836497 0.781399
vt 0.814893 0.783537
vt 0.801780 0.774041
vt 0.191226 0.200721
vt 0.216051 0.222703
vt 0.203936 0.211975
vt 0.195939 0.221909
vt 0.182184 0.211952
vt 0.794457 0.756847
vt 0.781532 0.749297
vt 0.789205 0.764934
vt 0.777079 0.756151
vt 0.163564 0.176226
vt 0.177813 0.188843
vt 0.167666 0.201444
vt 0.152246 0.190282
vt 0.768998 0.741975
vt 0.756774 0.734833
vt 0.765319 0.747633
vt 0.753854 0.739327
vt 0.131907 0.148195
vt 0.148325 0.162732
vt 0.135756 0.178345
vt 0.117995 0.165488
vt 0.734076 0.721571
vt 0.744935 0.727916
vt 0.742715 0.731257
vt 0.732351 0.723748
vt 0.114072 0.132401
vt 0.094440 0.115018
vt 0.098726 0.151540
vt 0.077743 0.136351
vt 0.286994 0.285522
vt 0.280020 0.279347
vt 0.287858 0.288447
vt 0.278489 0.281665
vt 0.722984 0.716962
vt 0.726033 0.716871
vt 0.925507 0.833370
vt 0.904930 0.821357
vt 0.948156 0.846592
vt 0.912116 0.853929
vt 0.892844 0.839978
vt 0.270604 0.271010
vt 0.260339 0.261920
vt 0.268123 0.274161
vt 0.256981 0.266096
vt 0.868409 0.800034
vt 0.885989 0.810299
vt 0.875080 0.827118
vt 0.858588 0.815177
vt 0.249742 0.252536
vt 0.238875 0.242913
vt 0.245515 0.257795
vt 0.233754 0.249282
vt 0.851971 0.790436
vt 0.843167 0.804011
vt 0.828649 0.793499
vt 0.227670 0.232991
vt 0.221626 0.240504
vt 0.209052 0.231401
vt 0.720840 0.719381
vt 0.723848 0.719887
vt 0.728702 0.727865
vt 0.730819 0.726066
vt 0.896767 0.873071
vt 0.878928 0.857274
vt 0.933103 0.869121
vt 0.897243 0.909620
vt 0.879622 0.890624
vt 0.863441 0.873181
vt 0.265904 0.277503
vt 0.254063 0.270590
vt 0.276765 0.283843
vt 0.264085 0.281078
vt 0.251584 0.275341
vt 0.847267 0.829234
vt 0.862508 0.842732
vt 0.848527 0.857100
vt 0.834680 0.842171
vt 0.229303 0.256137
vt 0.241838 0.263454
vt 0.238719 0.269437
vt 0.225523 0.263382
vt 0.833017 0.816613
vt 0.819602 0.804730
vt 0.821733 0.828210
vt 0.809544 0.815066
vt 0.202976 0.240767
vt 0.216378 0.248591
vt 0.211916 0.257138
vt 0.197807 0.250664
vt 0.806893 0.793472
vt 0.794777 0.782738
vt 0.797995 0.802612
vt 0.786987 0.790739
vt 0.174339 0.224051
vt 0.188999 0.232609
vt 0.183094 0.243912
vt 0.167661 0.236830
vt 0.771955 0.762519
vt 0.783159 0.772446
vt 0.776430 0.779353
vt 0.766250 0.768372
vt 0.142429 0.205423
vt 0.158866 0.215018
vt 0.151373 0.229356
vt 0.134071 0.221416
vt 0.761090 0.752891
vt 0.750494 0.743502
vt 0.756378 0.757723
vt 0.746754 0.747340
vt 0.105912 0.184106
vt 0.124851 0.195161
vt 0.115569 0.212926
vt 0.095641 0.203781
vt 0.740232 0.734408
vt 0.737402 0.737252
vt 0.085338 0.172096
vt 0.062692 0.158876
vt 0.074021 0.193861
vt 0.050478 0.183057
vt 0.284810 0.288539
vt 0.286228 0.291239
vt 0.275716 0.286415
vt 0.769034 0.785541
vt 0.759982 0.773619
vt 0.778421 0.797903
vt 0.761086 0.791003
vt 0.753244 0.778247
vt 0.127397 0.238182
vt 0.145389 0.244386
vt 0.158271 0.264063
vt 0.140837 0.259910
vt 0.122320 0.255499
vt 0.751203 0.762056
vt 0.742643 0.750780
vt 0.745639 0.765876
vt 0.738226 0.753814
vt 0.087423 0.224399
vt 0.108154 0.231547
vt 0.102516 0.250781
vt 0.081187 0.245700
vt 0.726748 0.729839
vt 0.734352 0.739857
vt 0.731022 0.742094
vt 0.724321 0.731191
vt 0.064901 0.216633
vt 0.040111 0.208086
vt 0.058047 0.240188
vt 0.032849 0.234185
vt 0.283257 0.291924
vt 0.274451 0.288888
vt 0.285174 0.294295
vt 0.273923 0.291615
vt 0.718264 0.721336
vt 0.721116 0.722419
vt 0.860832 0.906405
vt 0.846417 0.887430
vt 0.876700 0.927291
vt 0.840591 0.920277
vt 0.828123 0.900010
vt 0.262561 0.284788
vt 0.249599 0.280318
vt 0.261474 0.288649
vt 0.248094 0.285462
vt 0.833148 0.869963
vt 0.820833 0.853750
vt 0.816631 0.881328
vt 0.805963 0.863983
vt 0.222495 0.270973
vt 0.236217 0.275704
vt 0.234324 0.282181
vt 0.220201 0.278817
vt 0.809318 0.838590
vt 0.798479 0.824318
vt 0.795988 0.847763
vt 0.786597 0.832493
vt 0.208346 0.266094
vt 0.193675 0.261035
vt 0.205637 0.275347
vt 0.190536 0.271750
vt 0.788210 0.810795
vt 0.777700 0.818024
vt 0.769219 0.804231
vt 0.162327 0.250227
vt 0.178376 0.255760
vt 0.174789 0.267998
vt 0.260704 0.292586
vt 0.247118 0.290731
vt 0.273164 0.294287
vt 0.260391 0.296585
vt 0.246646 0.296069
vt 0.799038 0.890944
vt 0.790122 0.872638
vt 0.808644 0.910666
vt 0.788247 0.919436
vt 0.780620 0.898869
vt 0.773540 0.879774
vt 0.233094 0.288816
vt 0.218712 0.286852
vt 0.232501 0.295538
vt 0.217992 0.294993
vt 0.773939 0.839408
vt 0.781786 0.855522
vt 0.766921 0.861918
vt 0.760689 0.845108
vt 0.188507 0.282728
vt 0.203883 0.284828
vt 0.203032 0.294432
vt 0.187519 0.293849
vt 0.766505 0.824141
vt 0.759419 0.809586
vt 0.754786 0.829181
vt 0.749159 0.813997
vt 0.155653 0.278243
vt 0.172473 0.280539
vt 0.171343 0.293242
vt 0.154374 0.292605
vt 0.752625 0.795629
vt 0.746072 0.782169
vt 0.743764 0.799436
vt 0.738561 0.785394
vt 0.119044 0.273245
vt 0.137901 0.275819
vt 0.136465 0.291933
vt 0.117443 0.291219
vt 0.739719 0.769115
vt 0.733523 0.756385
vt 0.733516 0.771776
vt 0.728598 0.758500
vt 0.077149 0.267525
vt 0.098876 0.270491
vt 0.097100 0.290455
vt 0.075189 0.289633
vt 0.722018 0.732745
vt 0.727522 0.744055
vt 0.723820 0.745600
vt 0.719374 0.733598
vt 0.053545 0.264302
vt 0.027564 0.260755
vt 0.051418 0.288741
vt 0.025533 0.287769
vt 0.282393 0.295547
vt 0.284737 0.297498
vt 0.273179 0.297064
vt 0.715357 0.722750
vt 0.717943 0.724369
vt 0.854168 0.942347
vt 0.819082 0.932090
vt 0.830571 0.955672
vt 0.796521 0.941747
vt 0.136689 0.308109
vt 0.117692 0.309263
vt 0.156120 0.321359
vt 0.138424 0.324193
vt 0.119628 0.327204
vt 0.727077 0.773799
vt 0.723484 0.760104
vt 0.730761 0.787842
vt 0.720474 0.775198
vt 0.718241 0.761217
vt 0.075486 0.311826
vt 0.097375 0.310497
vt 0.099527 0.330424
vt 0.077876 0.333892
vt 0.716813 0.734673
vt 0.720004 0.746839
vt 0.716072 0.747632
vt 0.714054 0.734993
vt 0.025533 0.314860
vt 0.051707 0.313270
vt 0.054389 0.337654
vt 0.028811 0.341751
vt 0.282254 0.299269
vt 0.272956 0.299833
vt 0.284933 0.300725
vt 0.273513 0.302555
vt 0.712230 0.723571
vt 0.714450 0.725662
vt 0.773119 0.949138
vt 0.767062 0.926086
vt 0.779788 0.974510
vt 0.749106 0.954208
vt 0.745343 0.930709
vt 0.260403 0.300596
vt 0.246717 0.301427
vt 0.260876 0.304579
vt 0.247295 0.306754
vt 0.761487 0.904868
vt 0.756313 0.885173
vt 0.741875 0.909047
vt 0.738656 0.888936
vt 0.218100 0.303165
vt 0.232588 0.302285
vt 0.233318 0.308993
vt 0.218982 0.311290
vt 0.751477 0.866757
vt 0.746925 0.849421
vt 0.735648 0.870131
vt 0.732816 0.852427
vt 0.187671 0.305013
vt 0.203161 0.304072
vt 0.204199 0.313657
vt 0.188871 0.316113
vt 0.742613 0.832996
vt 0.738502 0.817337
vt 0.730134 0.835652
vt 0.727578 0.819661
vt 0.154573 0.307023
vt 0.171517 0.305994
vt 0.172887 0.318673
vt 0.734562 0.802322
vt 0.725128 0.804327
vt 0.722765 0.789539
vt 0.720706 0.890870
vt 0.723265 0.933099
vt 0.721937 0.911198
vt 0.701885 0.911471
vt 0.702652 0.891116
vt 0.234720 0.315594
vt 0.220682 0.319283
vt 0.250016 0.317108
vt 0.236744 0.322031
vt 0.223132 0.327080
vt 0.719556 0.871863
vt 0.718474 0.853971
vt 0.703371 0.872083
vt 0.704049 0.854165
vt 0.191198 0.327032
vt 0.206207 0.323088
vt 0.209095 0.332286
vt 0.194541 0.337685
vt 0.717450 0.837018
vt 0.716474 0.820858
vt 0.704692 0.837189
vt 0.705306 0.821005
vt 0.175546 0.331146
vt 0.159128 0.335461
vt 0.179363 0.343314
vt 0.163442 0.349219
vt 0.714638 0.790417
vt 0.715539 0.805362
vt 0.705895 0.805487
vt 0.706463 0.790521
vt 0.123393 0.344853
vt 0.141800 0.340015
vt 0.146640 0.355452
vt 0.128792 0.362072
vt 0.713764 0.775925
vt 0.712912 0.761792
vt 0.707015 0.776009
vt 0.707553 0.761861
vt 0.082498 0.355601
vt 0.103707 0.350027
vt 0.109705 0.369151
vt 0.089147 0.376776
vt 0.711332 0.735548
vt 0.712088 0.748104
vt 0.708076 0.748114
vt 0.708563 0.735324
vt 0.059457 0.361656
vt 0.034097 0.368322
vt 0.066845 0.385049
vt 0.042558 0.394057
vt 0.282843 0.302946
vt 0.273834 0.305314
vt 0.285755 0.303852
vt 0.274911 0.307874
vt 0.709003 0.723765
vt 0.710772 0.726250
vt 0.724709 0.956891
vt 0.753206 0.979798
vt 0.726300 0.983080
vt 0.700165 0.957180
vt 0.701059 0.933395
vt 0.261671 0.308511
vt 0.248410 0.311996
vt 0.262912 0.312325
vt 0.700292 0.775413
vt 0.702214 0.761385
vt 0.698320 0.789797
vt 0.693656 0.774178
vt 0.696944 0.760407
vt 0.117629 0.387562
vt 0.097915 0.397166
vt 0.144582 0.394481
vt 0.127243 0.405148
vt 0.108568 0.416638
vt 0.705785 0.735337
vt 0.704076 0.747799
vt 0.700140 0.747026
vt 0.703113 0.734577
vt 0.052925 0.419085
vt 0.076499 0.407600
vt 0.088308 0.429102
vt 0.066245 0.442675
vt 0.284138 0.306438
vt 0.275764 0.310518
vt 0.287171 0.306758
vt 0.277320 0.312819
vt 0.705799 0.723326
vt 0.707050 0.726108
vt 0.675711 0.955051
vt 0.678937 0.931431
vt 0.672161 0.981050
vt 0.651579 0.950545
vt 0.657097 0.927388
vt 0.264458 0.316026
vt 0.252132 0.322031
vt 0.266420 0.319525
vt 0.254705 0.326732
vt 0.681908 0.909690
vt 0.684668 0.889510
vt 0.662186 0.906044
vt 0.666911 0.886228
vt 0.226359 0.334588
vt 0.239407 0.328231
vt 0.242649 0.334149
vt 0.230283 0.341757
vt 0.687249 0.870642
vt 0.689680 0.852881
vt 0.671331 0.867699
vt 0.675493 0.850256
vt 0.198953 0.347940
vt 0.212904 0.341143
vt 0.217532 0.349602
vt 0.204310 0.357736
vt 0.691984 0.836053
vt 0.694181 0.820012
vt 0.679437 0.833731
vt 0.683198 0.817977
vt 0.169144 0.362463
vt 0.184404 0.355028
vt 0.190522 0.366218
vt 0.176059 0.375116
vt 0.696288 0.804631
vt 0.686804 0.802871
vt 0.690283 0.788304
vt 0.135927 0.378647
vt 0.153037 0.370311
vt 0.160795 0.384507
vt 0.246470 0.339711
vt 0.234912 0.348492
vt 0.261181 0.335256
vt 0.250804 0.344883
vt 0.240160 0.354757
vt 0.655799 0.863139
vt 0.661650 0.846192
vt 0.649584 0.881142
vt 0.640760 0.857144
vt 0.648247 0.840848
vt 0.210638 0.366934
vt 0.222995 0.357546
vt 0.229184 0.364939
vt 0.217803 0.375496
vt 0.667194 0.830136
vt 0.672480 0.814832
vt 0.655342 0.825409
vt 0.662106 0.810692
vt 0.184235 0.386993
vt 0.197752 0.376724
vt 0.205935 0.386505
vt 0.193486 0.398054
vt 0.677549 0.800157
vt 0.682437 0.786005
vt 0.668591 0.796580
vt 0.674846 0.782972
vt 0.169968 0.397832
vt 0.154814 0.409346
vt 0.180347 0.410242
vt 0.166391 0.423188
vt 0.687178 0.772281
vt 0.691801 0.758899
vt 0.680911 0.769776
vt 0.686824 0.756910
vt 0.121145 0.434925
vt 0.138606 0.421659
vt 0.151467 0.437032
vt 0.135392 0.451944
vt 0.700385 0.734048
vt 0.696279 0.745937
vt 0.692569 0.744410
vt 0.697913 0.732781
vt 0.102176 0.449337
vt 0.081296 0.465200
vt 0.117953 0.468122
vt 0.098962 0.485738
vt 0.286090 0.309610
vt 0.278673 0.315245
vt 0.289127 0.309333
vt 0.280647 0.317199
vt 0.702743 0.722270
vt 0.703427 0.725243
vt 0.635780 0.921144
vt 0.645572 0.975763
vt 0.628006 0.943685
vt 0.594399 0.958121
vt 0.605213 0.934555
vt 0.615146 0.912916
vt 0.268659 0.322853
vt 0.257741 0.331148
vt 0.271265 0.325902
vt 0.642938 0.900398
vt 0.624304 0.892971
vt 0.632807 0.874456
vt 0.165833 0.451009
vt 0.151295 0.467427
vt 0.193382 0.447088
vt 0.181445 0.463578
vt 0.168588 0.481340
vt 0.695342 0.731730
vt 0.688994 0.742589
vt 0.677580 0.751506
vt 0.685653 0.740368
vt 0.693164 0.730005
vt 0.118118 0.504894
vt 0.135502 0.485262
vt 0.154640 0.500608
vt 0.139452 0.521591
vt 0.288622 0.312341
vt 0.282447 0.319314
vt 0.291547 0.311476
vt 0.284765 0.320845
vt 0.699952 0.720639
vt 0.700043 0.723687
vt 0.595453 0.902630
vt 0.570191 0.945896
vt 0.583427 0.923225
vt 0.547639 0.930828
vt 0.562848 0.909819
vt 0.576818 0.890529
vt 0.274110 0.328730
vt 0.265020 0.338995
vt 0.277261 0.331211
vt 0.269196 0.342353
vt 0.606525 0.883676
vt 0.616804 0.866084
vt 0.589696 0.872752
vt 0.601653 0.856251
vt 0.246014 0.360459
vt 0.255636 0.349592
vt 0.260896 0.353820
vt 0.252383 0.365580
vt 0.626415 0.849639
vt 0.635463 0.834159
vt 0.612834 0.840823
vt 0.623360 0.826301
vt 0.225804 0.383283
vt 0.236092 0.371664
vt 0.243604 0.377708
vt 0.234502 0.390283
vt 0.644035 0.819494
vt 0.652207 0.805515
vt 0.633333 0.812543
vt 0.642840 0.799429
vt 0.203821 0.408108
vt 0.215075 0.395399
vt 0.225009 0.403396
vt 0.215053 0.417151
vt 0.660043 0.792111
vt 0.667600 0.779185
vt 0.651956 0.786855
vt 0.660746 0.774729
vt 0.179327 0.435770
vt 0.191944 0.421522
vt 0.204544 0.431668
vt 0.674928 0.766651
vt 0.682073 0.754428
vt 0.669270 0.762970
vt 0.600230 0.830659
vt 0.612127 0.817243
vt 0.587590 0.844913
vt 0.588631 0.819360
vt 0.601792 0.807173
vt 0.243868 0.396359
vt 0.251692 0.382956
vt 0.259237 0.370031
vt 0.260238 0.387418
vt 0.253764 0.401527
vt 0.623399 0.804534
vt 0.634143 0.792419
vt 0.614260 0.795627
vt 0.626144 0.784622
vt 0.227151 0.424995
vt 0.235709 0.410335
vt 0.247013 0.416240
vt 0.239931 0.431673
vt 0.644445 0.780803
vt 0.654379 0.769601
vt 0.637539 0.774069
vt 0.648527 0.763893
vt 0.218118 0.440469
vt 0.208524 0.456905
vt 0.232456 0.447962
vt 0.224517 0.465263
vt 0.664012 0.758738
vt 0.673405 0.748145
vt 0.659181 0.754024
vt 0.669568 0.744403
vt 0.187207 0.493422
vt 0.198262 0.474484
vt 0.216027 0.483765
vt 0.206882 0.503694
vt 0.690847 0.728472
vt 0.682503 0.737884
vt 0.679660 0.735054
vt 0.689048 0.726356
vt 0.175196 0.513996
vt 0.161977 0.536642
vt 0.196961 0.525313
vt 0.186158 0.548856
vt 0.291639 0.314524
vt 0.286943 0.322569
vt 0.294339 0.313106
vt 0.289515 0.323618
vt 0.697533 0.718494
vt 0.697027 0.721502
vt 0.559508 0.876593
vt 0.543686 0.894449
vt 0.526275 0.914109
vt 0.526114 0.877278
vt 0.543589 0.861081
vt 0.280603 0.333430
vt 0.273691 0.345271
vt 0.284178 0.335249
vt 0.278441 0.347750
vt 0.574072 0.860161
vt 0.559696 0.846158
vt 0.574650 0.832307
vt 0.266554 0.357496
vt 0.272538 0.360616
vt 0.266482 0.373811
vt 0.687074 0.724401
vt 0.677055 0.732003
vt 0.663097 0.735872
vt 0.674818 0.728673
vt 0.685723 0.721974
vt 0.211186 0.559223
vt 0.219734 0.534433
vt 0.227499 0.511912
vt 0.243288 0.541287
vt 0.237285 0.566485
vt 0.295024 0.316078
vt 0.291988 0.324884
vt 0.297396 0.314160
vt 0.294715 0.325411
vt 0.695578 0.715919
vt 0.694495 0.718770
vt 0.510315 0.858453
vt 0.529330 0.844025
vt 0.489386 0.874344
vt 0.496430 0.838166
vt 0.516747 0.825692
vt 0.287888 0.336773
vt 0.283419 0.349735
vt 0.291750 0.337860
vt 0.288562 0.351240
vt 0.546831 0.830753
vt 0.563072 0.818439
vt 0.535469 0.814205
vt 0.552844 0.803545
vt 0.274073 0.376839
vt 0.278805 0.363117
vt 0.285282 0.365010
vt 0.281917 0.379133
vt 0.578254 0.806928
vt 0.592544 0.796095
vt 0.569088 0.793580
vt 0.584376 0.784200
vt 0.269195 0.390988
vt 0.264136 0.405659
vt 0.278448 0.393697
vt 0.274850 0.408798
vt 0.606081 0.785832
vt 0.618983 0.776049
vt 0.598858 0.775313
vt 0.612661 0.766841
vt 0.258861 0.420959
vt 0.253327 0.437007
vt 0.271099 0.424545
vt 0.267164 0.441064
vt 0.631354 0.766668
vt 0.643283 0.757621
vt 0.625896 0.758716
vt 0.638658 0.750881
vt 0.241283 0.471938
vt 0.247487 0.453945
vt 0.263011 0.458497
vt 0.258599 0.477015
vt 0.654850 0.748847
vt 0.666130 0.740291
vt 0.651033 0.743282
vt 0.234648 0.491180
vt 0.253882 0.496818
vt 0.248800 0.518147
vt 0.592750 0.764109
vt 0.607312 0.757035
vt 0.577471 0.771529
vt 0.571785 0.758269
vt 0.587721 0.752384
vt 0.602910 0.746771
vt 0.281343 0.443681
vt 0.283640 0.426862
vt 0.296950 0.411815
vt 0.296342 0.427992
vt 0.295706 0.444960
vt 0.621275 0.750251
vt 0.634739 0.743707
vt 0.617475 0.741387
vt 0.631519 0.736194
vt 0.276345 0.480290
vt 0.278920 0.461433
vt 0.295033 0.462869
vt 0.294319 0.481892
vt 0.660527 0.731169
vt 0.647795 0.737360
vt 0.645138 0.731156
vt 0.658415 0.726244
vt 0.270625 0.522185
vt 0.273591 0.500458
vt 0.293556 0.502235
vt 0.292733 0.524146
vt 0.684169 0.719671
vt 0.672859 0.725172
vt 0.671315 0.721470
vt 0.683317 0.717027
vt 0.267402 0.545789
vt 0.263855 0.571770
vt 0.291841 0.547916
vt 0.290870 0.573801
vt 0.298647 0.316941
vt 0.297387 0.326170
vt 0.300599 0.314597
vt 0.300165 0.326155
vt 0.694164 0.713011
vt 0.692546 0.715596
vt 0.484612 0.816597
vt 0.506099 0.806167
vt 0.474303 0.851766
vt 0.460945 0.828100
vt 0.474968 0.793955
vt 0.497353 0.785713
vt 0.295686 0.338631
vt 0.293831 0.352216
vt 0.299685 0.338943
vt 0.299169 0.352688
vt 0.525865 0.796576
vt 0.544202 0.787678
vt 0.517964 0.778121
vt 0.537088 0.771072
vt 0.289953 0.380622
vt 0.291916 0.366241
vt 0.298638 0.366834
vt 0.298093 0.381342
vt 0.561341 0.779360
vt 0.554962 0.764479
vt 0.285829 0.410827
vt 0.287928 0.395451
vt 0.297532 0.396303
vt 0.302369 0.317080
vt 0.302934 0.326378
vt 0.303826 0.314401
vt 0.305655 0.325822
vt 0.693344 0.709884
vt 0.691252 0.712104
vt 0.681922 0.711707
vt 0.682242 0.714466
vt 0.467642 0.770457
vt 0.490755 0.764471
vt 0.450550 0.802970
vt 0.442057 0.777064
vt 0.462742 0.746340
vt 0.486213 0.742707
vt 0.303696 0.338931
vt 0.304527 0.352617
vt 0.307679 0.338458
vt 0.309855 0.352039
vt 0.512005 0.758954
vt 0.531720 0.753825
vt 0.507879 0.739321
vt 0.527994 0.736158
vt 0.305385 0.366746
vt 0.306265 0.381234
vt 0.312094 0.366016
vt 0.314390 0.380352
vt 0.567490 0.744498
vt 0.550147 0.749023
vt 0.546801 0.733189
vt 0.564504 0.730387
vt 0.308113 0.411664
vt 0.307173 0.396173
vt 0.316758 0.395135
vt 0.319213 0.410463
vt 0.583919 0.740206
vt 0.599579 0.736112
vt 0.581277 0.727727
vt 0.597266 0.725188
vt 0.310123 0.444762
vt 0.309094 0.427817
vt 0.321773 0.426447
vt 0.324459 0.443214
vt 0.614595 0.732184
vt 0.629076 0.728394
vt 0.612598 0.722751
vt 0.627384 0.720398
vt 0.312363 0.481642
vt 0.311209 0.462645
vt 0.327294 0.460910
vt 0.330305 0.479706
vt 0.643118 0.724717
vt 0.656812 0.721130
vt 0.641722 0.718115
vt 0.655702 0.715888
vt 0.313597 0.501960
vt 0.314926 0.523848
vt 0.333524 0.499807
vt 0.336992 0.521458
vt 0.670076 0.717654
vt 0.669285 0.713722
vt 0.316371 0.547627
vt 0.317960 0.573801
vt 0.340755 0.544945
vt 0.344852 0.570523
vt 0.338561 0.440206
vt 0.334246 0.423788
vt 0.340785 0.404793
vt 0.346414 0.419971
vt 0.352320 0.435892
vt 0.611570 0.713164
vt 0.626509 0.712273
vt 0.596079 0.714087
vt 0.595942 0.702925
vt 0.611451 0.703525
vt 0.626410 0.704101
vt 0.347953 0.475941
vt 0.343115 0.457535
vt 0.358552 0.452695
vt 0.365172 0.470542
vt 0.640998 0.711406
vt 0.655128 0.710560
vt 0.640917 0.704659
vt 0.655061 0.705202
vt 0.358701 0.516836
vt 0.353127 0.495628
vt 0.372251 0.489629
vt 0.379877 0.510187
vt 0.681368 0.708985
vt 0.668814 0.709739
vt 0.668805 0.705728
vt 0.681592 0.706216
vt 0.371422 0.565238
vt 0.364756 0.539877
vt 0.388149 0.532489
vt 0.397157 0.556776
vt 0.306047 0.316491
vt 0.308414 0.325500
vt 0.306953 0.313579
vt 0.310975 0.324423
vt 0.693150 0.706657
vt 0.690666 0.708426
vt 0.460074 0.721961
vt 0.483895 0.720636
vt 0.434219 0.723277
vt 0.434272 0.696451
vt 0.459976 0.697497
vt 0.483689 0.698480
vt 0.311611 0.337663
vt 0.315096 0.350924
vt 0.315425 0.336422
vt 0.320208 0.349318
vt 0.526102 0.718212
vt 0.505786 0.719388
vt 0.505570 0.699366
vt 0.525895 0.700179
vt 0.322384 0.378652
vt 0.318694 0.364614
vt 0.325131 0.362590
vt 0.330180 0.376202
vt 0.545098 0.717101
vt 0.562981 0.716049
vt 0.544905 0.700931
vt 0.562806 0.701634
vt 0.330133 0.408137
vt 0.326188 0.393128
vt 0.335386 0.390239
vt 0.579926 0.715046
vt 0.579769 0.702296
vt 0.462177 0.673157
vt 0.485709 0.676424
vt 0.436324 0.669580
vt 0.441599 0.643119
vt 0.466709 0.649122
vt 0.489783 0.654654
vt 0.319126 0.334876
vt 0.325132 0.347202
vt 0.313618 0.323570
vt 0.322625 0.332914
vt 0.329832 0.344629
vt 0.507393 0.679433
vt 0.527532 0.682224
vt 0.511065 0.659760
vt 0.530835 0.664504
vt 0.337689 0.372976
vt 0.331331 0.359927
vt 0.337250 0.356686
vt 0.344857 0.369051
vt 0.546369 0.684830
vt 0.564107 0.687280
vt 0.549328 0.668938
vt 0.566743 0.673113
vt 0.351041 0.400381
vt 0.344244 0.386430
vt 0.352702 0.381803
vt 0.360836 0.395024
vt 0.580916 0.689599
vt 0.596943 0.691808
vt 0.583247 0.677067
vt 0.598984 0.680835
vt 0.365564 0.430191
vt 0.358129 0.414930
vt 0.369319 0.408812
vt 0.378216 0.423275
vt 0.612313 0.693923
vt 0.627137 0.695962
vt 0.614076 0.684447
vt 0.628633 0.687929
vt 0.381747 0.463407
vt 0.373411 0.446298
vt 0.387607 0.438539
vt 0.397582 0.454752
vt 0.641515 0.697938
vt 0.655537 0.699864
vt 0.642751 0.691306
vt 0.656517 0.694597
vt 0.390662 0.481705
vt 0.400266 0.501419
vt 0.408249 0.472091
vt 0.419738 0.490766
vt 0.681579 0.703438
vt 0.669120 0.701729
vt 0.669894 0.697793
vt 0.682340 0.700767
vt 0.422186 0.546409
vt 0.410701 0.522836
vt 0.432202 0.511026
vt 0.445775 0.533089
vt 0.309538 0.315196
vt 0.309859 0.312163
vt 0.315919 0.322015
vt 0.693589 0.703454
vt 0.690807 0.704704
vt 0.630934 0.680089
vt 0.602132 0.670128
vt 0.616793 0.675199
vt 0.412446 0.444520
vt 0.390094 0.415100
vt 0.400933 0.429366
vt 0.644649 0.684831
vt 0.658025 0.689455
vt 0.424760 0.460728
vt 0.438025 0.478189
vt 0.682869 0.698040
vt 0.670983 0.693933
vt 0.468301 0.518038
vt 0.452437 0.497159
vt 0.312711 0.313245
vt 0.318346 0.320662
vt 0.691673 0.701082
vt 0.496035 0.633404
vt 0.448848 0.617095
vt 0.473569 0.625634
vt 0.325954 0.330676
vt 0.334248 0.341594
vt 0.516722 0.640565
vt 0.535930 0.647215
vt 0.351592 0.364422
vt 0.342811 0.352865
vt 0.570814 0.659291
vt 0.553896 0.653435
vt 0.370034 0.388696
vt 0.360646 0.376339
vt 0.586846 0.664839
vt 0.379824 0.401582
vt 0.459193 0.592127
vt 0.503088 0.524199
vt 0.588812 0.459070
vt 0.824722 0.456628
vt 0.968294 0.611402
vt 0.983288 0.744703
vt 0.916403 0.890459
vt 0.805534 0.966043
vt 0.699194 0.983081
vt 0.619451 0.968496
vt 0.507088 0.894923
vt 0.436822 0.750235
s 1
g off
g sphere_Cube.029_Material.009
usemtl Material.009
f 486/1/1 505/2/2 5/3/3
f 4/4/4 1475/5/5 486/1/1
f 1475/5/5 14/6/6 494/7/7
f 505/2/2 494/7/7 15/8/8
f 490/9/9 507/10/10 10/11/11
f 490/9/9 508/12/12 1476/13/13
f 508/12/12 502/14/14 1476/13/13
f 1476/13/13 23/15/15 507/10/10
f 487/16/16 509/17/17 6/18/18
f 5/3/3 1477/19/19 487/16/16
f 1477/19/19 15/8/8 495/20/20
f 509/17/17 495/20/20 16/21/21
f 1398/22/22 1401/23/23 480/24/24
f 10/11/11 1478/25/25 1398/22/22
f 1478/25/25 23/15/15 503/26/26
f 1401/23/23 503/26/26 24/27/27
f 488/28/28 510/29/29 7/30/30
f 6/18/18 1479/31/31 488/28/28
f 1479/31/31 16/21/21 496/32/32
f 510/29/29 496/32/32 17/33/33
f 1388/34/34 1402/35/35 481/36/36
f 480/24/24 1480/37/37 1388/34/34
f 1480/37/37 24/27/27 504/38/38
f 1402/35/35 504/38/38 25/39/39
f 1396/40/40 1403/41/41 477/42/42
f 7/30/30 1481/43/43 1396/40/40
f 1481/43/43 17/33/33 497/44/44
f 1481/43/43 18/45/45 1403/41/41
f 1/46/46 1482/47/47 511/48/48
f 1399/49/49 1395/50/50 326/51/51
f 11/52/52 1482/47/47 1399/49/49
f 1389/53/53 1400/54/54 482/55/55
f 481/36/36 1483/56/56 1389/53/53
f 25/39/39 1483/56/56 1402/35/35
f 478/57/57 1484/58/58 1404/59/59
f 1386/60/60 1403/61/41 1484/58/58
f 1484/58/58 18/62/45 498/63/61
f 1484/58/58 19/64/62 1404/59/59
f 2/65/63 1485/66/64 512/67/65
f 483/68/66 511/48/48 1485/66/64
f 511/48/48 491/69/67 1485/66/64
f 1485/66/64 12/70/68 512/67/65
f 479/71/69 1486/72/70 1405/73/71
f 1387/74/72 1404/59/59 1486/72/70
f 1404/59/59 499/75/73 1486/72/70
f 1486/72/70 20/76/74 1405/73/71
f 3/77/75 1487/78/76 513/79/77
f 484/80/78 512/67/65 1487/78/76
f 1487/78/76 12/70/68 492/81/79
f 513/79/77 492/81/79 13/82/80
f 8/83/81 1488/84/82 514/85/83
f 1397/86/84 1405/73/71 1488/84/82
f 1405/73/71 500/87/85 1488/84/82
f 1488/84/82 21/88/86 514/85/83
f 485/89/87 506/90/88 4/4/4
f 485/89/87 513/79/77 1489/91/89
f 1489/91/89 13/82/80 493/92/90
f 506/90/88 493/92/90 14/6/6
f 9/93/91 1490/94/92 508/12/12
f 489/95/93 514/85/83 1490/94/92
f 514/85/83 501/96/94 1490/94/92
f 1490/94/92 22/97/95 508/12/12
f 493/92/90 529/98/96 14/6/6
f 493/92/90 530/99/97 1491/100/98
f 1491/100/98 28/101/99 517/102/100
f 529/98/96 517/102/100 29/103/101
f 22/97/95 1492/104/102 531/105/103
f 501/96/94 532/106/104 1492/104/102
f 532/106/104 525/107/105 1492/104/102
f 1492/104/102 37/108/106 531/105/103
f 494/7/7 533/109/107 15/8/8
f 14/6/6 1493/110/108 494/7/7
f 1493/110/108 29/103/101 518/111/109
f 533/109/107 518/111/109 30/112/110
f 502/14/14 534/113/111 23/15/15
f 502/14/14 531/105/103 1494/114/112
f 531/105/103 526/115/113 1494/114/112
f 1494/114/112 38/116/114 534/113/111
f 495/20/20 535/117/115 16/21/21
f 495/20/20 533/109/107 1495/118/116
f 1495/118/116 30/112/110 519/119/117
f 1495/118/116 31/120/118 535/117/115
f 24/27/27 1496/121/119 536/122/120
f 23/15/15 1496/121/119 503/26/26
f 1496/121/119 38/116/114 527/123/121
f 536/122/120 527/123/121 39/124/122
f 17/33/33 1497/125/123 537/126/124
f 16/21/21 1497/125/123 496/32/32
f 1497/125/123 31/120/118 520/127/125
f 1497/125/123 32/128/126 537/126/124
f 504/38/38 538/129/127 25/39/39
f 24/27/27 1498/130/128 504/38/38
f 1498/130/128 39/124/122 528/131/129
f 538/129/127 528/131/129 40/132/130
f 18/45/45 1499/133/131 539/134/132
f 17/33/33 1499/133/131 497/44/44
f 1499/133/131 32/128/126 521/135/133
f 1499/133/131 33/136/134 539/134/132
f 11/52/52 1500/137/135 540/138/136
f 1406/139/137 1399/49/49 326/51/51
f 26/140/138 1500/137/135 1406/139/137
f 1400/54/54 1407/141/139 482/55/55
f 25/39/39 1501/142/140 1400/54/54
f 40/132/130 1501/142/140 538/129/127
f 19/64/62 1502/143/141 541/144/142
f 18/62/45 1502/143/141 498/63/61
f 1502/143/141 33/145/134 522/146/143
f 1502/143/141 34/147/144 541/144/142
f 12/70/68 1503/148/145 542/149/146
f 491/69/67 540/138/136 1503/148/145
f 540/138/136 515/150/147 1503/148/145
f 1503/148/145 27/151/148 542/149/146
f 20/76/74 1504/152/149 543/153/150
f 19/64/62 1504/152/149 499/75/73
f 1504/152/149 34/147/144 523/154/151
f 1504/152/149 35/155/152 543/153/150
f 492/81/79 530/99/97 13/82/80
f 12/70/68 1505/156/153 492/81/79
f 542/149/146 516/157/154 1505/156/153
f 1505/156/153 28/101/99 530/99/97
f 500/87/85 532/106/104 21/88/86
f 500/87/85 543/153/150 1506/158/155
f 1506/158/155 35/155/152 524/159/156
f 1506/158/155 36/160/157 532/106/104
f 33/136/134 1507/161/158 558/162/159
f 32/128/126 1507/161/158 521/135/133
f 559/163/160 550/164/161 1507/161/158
f 558/162/159 550/164/161 48/165/162
f 26/140/138 1508/166/163 560/167/164
f 1408/168/165 1406/139/137 326/51/51
f 41/169/166 1508/166/163 1408/168/165
f 1407/141/139 1409/170/167 482/55/55
f 40/132/130 1509/171/168 1407/141/139
f 55/172/169 1509/171/168 561/173/170
f 34/147/144 1510/174/171 562/175/172
f 33/145/134 1510/174/171 522/146/143
f 558/176/159 551/177/173 1510/174/171
f 562/175/172 551/177/173 49/178/174
f 27/151/148 1511/179/175 563/180/176
f 515/150/147 560/167/164 1511/179/175
f 560/167/164 544/181/177 1511/179/175
f 1511/179/175 42/182/178 563/180/176
f 523/154/151 564/183/179 35/155/152
f 523/154/151 562/175/172 1512/184/180
f 1512/184/180 49/178/174 552/185/181
f 1512/184/180 50/186/182 564/183/179
f 516/157/154 565/187/183 28/101/99
f 516/157/154 563/180/176 1513/188/184
f 1513/188/184 42/182/178 545/189/185
f 565/187/183 545/189/185 43/190/186
f 524/159/156 566/191/187 36/160/157
f 524/159/156 564/183/179 1514/192/188
f 564/183/179 553/193/189 1514/192/188
f 1514/192/188 51/194/190 566/191/187
f 29/103/101 1515/195/191 567/196/192
f 517/102/100 565/187/183 1515/195/191
f 565/187/183 546/197/193 1515/195/191
f 567/196/192 546/197/193 44/198/194
f 37/108/106 1516/199/195 568/200/196
f 525/107/105 566/191/187 1516/199/195
f 1516/199/195 51/194/190 554/201/197
f 568/200/196 554/201/197 52/202/198
f 518/111/109 569/203/199 30/112/110
f 29/103/101 1517/204/200 518/111/109
f 567/196/192 547/205/201 1517/204/200
f 569/203/199 547/205/201 45/206/202
f 526/115/113 570/207/203 38/116/114
f 37/108/106 1518/208/204 526/115/113
f 568/200/196 555/209/205 1518/208/204
f 570/207/203 555/209/205 53/210/206
f 519/119/117 571/211/207 31/120/118
f 519/119/117 569/203/199 1519/212/208
f 1519/212/208 45/206/202 548/213/209
f 571/211/207 548/213/209 46/214/210
f 527/123/121 572/215/211 39/124/122
f 527/123/121 570/207/203 1520/216/212
f 570/207/203 556/217/213 1520/216/212
f 1520/216/212 54/218/214 572/215/211
f 520/127/125 559/163/160 32/128/126
f 520/127/125 571/211/207 1521/219/215
f 1521/219/215 46/214/210 549/220/216
f 1521/219/215 47/221/217 559/163/160
f 528/131/129 561/173/170 40/132/130
f 39/124/122 1522/222/218 528/131/129
f 1522/222/218 54/218/214 557/223/219
f 561/173/170 557/223/219 55/172/169
f 52/202/198 1523/224/220 587/225/221
f 554/201/197 588/226/222 1523/224/220
f 588/226/222 583/227/223 1523/224/220
f 1523/224/220 67/228/224 587/225/221
f 547/205/201 589/229/225 45/206/202
f 44/198/194 1524/230/226 547/205/201
f 1524/230/226 59/231/227 576/232/228
f 589/229/225 576/232/228 60/233/229
f 53/210/206 1525/234/230 591/235/231
f 555/209/205 587/225/221 1525/234/230
f 1525/234/230 67/228/224 584/236/232
f 591/235/231 584/236/232 68/237/233
f 548/213/209 592/238/234 46/214/210
f 548/213/209 589/229/225 1526/239/235
f 1526/239/235 60/233/229 577/240/236
f 592/238/234 577/240/236 61/241/237
f 54/218/214 1527/242/238 593/243/239
f 53/210/206 1527/242/238 556/217/213
f 591/235/231 585/244/240 1527/242/238
f 1527/242/238 69/245/241 593/243/239
f 549/220/216 594/246/242 47/221/217
f 46/214/210 1528/247/243 549/220/216
f 1528/247/243 61/241/237 578/248/244
f 1528/247/243 62/249/245 594/246/242
f 557/223/219 595/250/246 55/172/169
f 54/218/214 1529/251/247 557/223/219
f 1529/251/247 69/245/241 586/252/248
f 595/250/246 586/252/248 70/253/249
f 48/165/162 1530/254/250 596/255/251
f 550/164/161 594/246/242 1530/254/250
f 1530/254/250 62/249/245 579/256/252
f 1530/254/250 63/257/253 596/255/251
f 41/169/166 1531/258/254 597/259/255
f 1410/260/256 1408/168/165 326/51/51
f 56/261/257 1531/258/254 1410/260/256
f 1409/170/167 1411/262/258 482/55/55
f 55/172/169 1532/263/259 1409/170/167
f 70/253/249 1532/263/259 595/250/246
f 551/177/173 598/264/260 49/178/174
f 48/265/162 1533/266/261 551/177/173
f 1533/266/261 63/267/253 580/268/262
f 1533/266/261 64/269/263 598/264/260
f 42/182/178 1534/270/264 599/271/265
f 544/181/177 597/259/255 1534/270/264
f 597/259/255 573/272/266 1534/270/264
f 1534/270/264 57/273/267 599/271/265
f 50/186/182 1535/274/268 600/275/269
f 552/185/181 598/264/260 1535/274/268
f 1535/274/268 64/269/263 581/276/270
f 1535/274/268 65/277/271 600/275/269
f 43/190/186 1536/278/272 601/279/273
f 42/182/178 1536/278/272 545/189/185
f 1536/278/272 57/273/267 574/280/274
f 601/279/273 574/280/274 58/281/275
f 553/193/189 588/226/222 51/194/190
f 553/193/189 600/275/269 1537/282/276
f 600/275/269 582/283/277 1537/282/276
f 1537/282/276 66/284/278 588/226/222
f 546/197/193 590/285/279 44/198/194
f 43/190/186 1538/286/280 546/197/193
f 1538/286/280 58/281/275 575/287/281
f 1538/286/280 59/231/227 590/285/279
f 56/261/257 1539/288/282 616/289/283
f 1412/290/284 1410/260/256 326/51/51
f 71/291/285 1539/288/282 1412/290/284
f 1411/262/258 1413/292/286 482/55/55
f 70/253/249 1540/293/287 1411/262/258
f 85/294/288 1540/293/287 617/295/289
f 64/269/263 1541/296/290 618/297/291
f 580/268/262 619/298/292 1541/296/290
f 619/298/292 609/299/293 1541/296/290
f 618/297/291 609/299/293 79/300/294
f 57/273/267 1542/301/295 620/302/296
f 573/272/266 616/289/283 1542/301/295
f 616/289/283 602/303/297 1542/301/295
f 1542/301/295 72/304/298 620/302/296
f 65/277/271 1543/305/299 621/306/300
f 581/276/270 618/297/291 1543/305/299
f 618/297/291 610/307/301 1543/305/299
f 621/306/300 610/307/301 80/308/302
f 574/280/274 622/309/303 58/281/275
f 57/273/267 1544/310/304 574/280/274
f 1544/310/304 72/304/298 603/311/305
f 622/309/303 603/311/305 73/312/306
f 66/284/278 1545/313/307 623/314/308
f 65/277/271 1545/313/307 582/283/277
f 621/306/300 611/315/309 1545/313/307
f 1545/313/307 81/316/310 623/314/308
f 575/287/281 624/317/311 59/231/227
f 58/281/275 1546/318/312 575/287/281
f 1546/318/312 73/312/306 604/319/313
f 624/317/311 604/319/313 74/320/314
f 583/227/223 625/321/315 67/228/224
f 583/227/223 623/314/308 1547/322/316
f 623/314/308 612/323/317 1547/322/316
f 1547/322/316 82/324/318 625/321/315
f 576/232/228 626/325/319 60/233/229
f 576/232/228 624/317/311 1548/326/320
f 1548/326/320 74/320/314 605/327/321
f 626/325/319 605/327/321 75/328/322
f 68/237/233 1549/329/323 627/330/324
f 584/236/232 625/321/315 1549/329/323
f 625/321/315 613/331/325 1549/329/323
f 1549/329/323 83/332/326 627/330/324
f 61/241/237 1550/333/327 628/334/328
f 60/233/229 1550/333/327 577/240/236
f 1550/333/327 75/328/322 606/335/329
f 628/334/328 606/335/329 76/336/330
f 69/245/241 1551/337/331 629/338/332
f 585/244/240 627/330/324 1551/337/331
f 627/330/324 614/339/333 1551/337/331
f 1551/337/331 84/340/334 629/338/332
f 578/248/244 630/341/335 62/249/245
f 61/241/237 1552/342/336 578/248/244
f 1552/342/336 76/336/330 607/343/337
f 630/341/335 607/343/337 77/344/338
f 586/252/248 617/295/289 70/253/249
f 69/245/241 1553/345/339 586/252/248
f 1553/345/339 84/340/334 615/346/340
f 617/295/289 615/346/340 85/294/288
f 579/256/252 619/347/292 63/257/253
f 62/249/245 1554/348/341 579/256/252
f 630/341/335 608/349/342 1554/348/341
f 619/347/292 608/349/342 78/350/343
f 75/328/322 1555/351/344 645/352/345
f 74/320/314 1555/351/344 605/327/321
f 1555/351/344 89/353/346 634/354/347
f 645/352/345 634/354/347 90/355/348
f 83/332/326 1556/356/349 647/357/350
f 613/331/325 648/358/351 1556/356/349
f 648/358/351 642/359/352 1556/356/349
f 1556/356/349 98/360/353 647/357/350
f 606/335/329 649/361/354 76/336/330
f 75/328/322 1557/362/355 606/335/329
f 1557/362/355 90/355/348 635/363/356
f 649/361/354 635/363/356 91/364/357
f 614/339/333 650/365/358 84/340/334
f 614/339/333 647/357/350 1558/366/359
f 647/357/350 643/367/360 1558/366/359
f 1558/366/359 99/368/361 650/365/358
f 607/343/337 651/369/362 77/344/338
f 607/343/337 649/361/354 1559/370/363
f 649/361/354 636/371/364 1559/370/363
f 651/369/362 636/371/364 92/372/365
f 615/346/340 652/373/366 85/294/288
f 84/340/334 1560/374/367 615/346/340
f 1560/374/367 99/368/361 644/375/368
f 652/373/366 644/375/368 100/376/369
f 78/350/343 1561/377/370 653/378/371
f 77/344/338 1561/377/370 608/349/342
f 651/369/362 637/379/372 1561/377/370
f 653/378/371 637/379/372 93/380/373
f 71/291/285 1562/381/374 654/382/375
f 1414/383/376 1412/290/284 326/51/51
f 86/384/377 1562/381/374 1414/383/376
f 1413/292/286 1415/385/378 482/55/55
f 85/294/288 1563/386/379 1413/292/286
f 100/376/369 1563/386/379 652/373/366
f 79/300/294 1564/387/380 655/388/381
f 78/389/343 1564/387/380 609/299/293
f 653/390/371 638/391/382 1564/387/380
f 655/388/381 638/391/382 94/392/383
f 72/304/298 1565/393/384 656/394/385
f 602/303/297 654/382/375 1565/393/384
f 654/382/375 631/395/386 1565/393/384
f 1565/393/384 87/396/387 656/394/385
f 80/308/302 1566/397/388 657/398/389
f 79/300/294 1566/397/388 610/307/301
f 655/388/381 639/399/390 1566/397/388
f 657/398/389 639/399/390 95/400/391
f 603/311/305 658/401/392 73/312/306
f 603/311/305 656/394/385 1567/402/393
f 1567/402/393 87/396/387 632/403/394
f 658/401/392 632/403/394 88/404/395
f 81/316/310 1568/405/396 659/406/397
f 611/315/309 657/398/389 1568/405/396
f 657/398/389 640/407/398 1568/405/396
f 1568/405/396 96/408/399 659/406/397
f 74/320/314 1569/409/400 646/410/401
f 73/312/306 1569/409/400 604/319/313
f 1569/409/400 88/404/395 633/411/402
f 646/410/401 633/411/402 89/353/346
f 82/324/318 1570/412/403 648/358/351
f 81/316/310 1570/412/403 612/323/317
f 659/406/397 641/413/404 1570/412/403
f 1570/412/403 97/414/405 648/358/351
f 94/392/383 1571/415/406 674/416/407
f 93/417/373 1571/415/406 638/391/382
f 675/418/408 667/419/409 1571/415/406
f 674/416/407 667/419/409 109/420/410
f 87/396/387 1572/421/411 676/422/412
f 631/395/386 677/423/413 1572/421/411
f 677/423/413 660/424/414 1572/421/411
f 1572/421/411 102/425/415 676/422/412
f 95/400/391 1573/426/416 678/427/417
f 639/399/390 674/416/407 1573/426/416
f 674/416/407 668/428/418 1573/426/416
f 1573/426/416 110/429/419 678/427/417
f 632/403/394 679/430/420 88/404/395
f 87/396/387 1574/431/421 632/403/394
f 1574/431/421 102/425/415 661/432/422
f 679/430/420 661/432/422 103/433/423
f 96/408/399 1575/434/424 680/435/425
f 640/407/398 678/427/417 1575/434/424
f 678/427/417 669/436/426 1575/434/424
f 1575/434/424 111/437/427 680/435/425
f 633/411/402 681/438/428 89/353/346
f 88/404/395 1576/439/429 633/411/402
f 1576/439/429 103/433/423 662/440/430
f 681/438/428 662/440/430 104/441/431
f 97/414/405 1577/442/432 682/443/433
f 641/413/404 680/435/425 1577/442/432
f 680/435/425 670/444/434 1577/442/432
f 1577/442/432 112/445/435 682/443/433
f 634/354/347 683/446/436 90/355/348
f 89/353/346 1578/447/437 634/354/347
f 1578/447/437 104/441/431 663/448/438
f 683/446/436 663/448/438 105/449/439
f 98/360/353 1579/450/440 684/451/441
f 642/359/352 682/443/433 1579/450/440
f 682/443/433 671/452/442 1579/450/440
f 1579/450/440 113/453/443 684/451/441
f 635/363/356 685/454/444 91/364/357
f 90/355/348 1580/455/445 635/363/356
f 1580/455/445 105/449/439 664/456/446
f 685/454/444 664/456/446 106/457/447
f 99/368/361 1581/458/448 686/459/449
f 643/367/360 684/451/441 1581/458/448
f 684/451/441 672/460/450 1581/458/448
f 1581/458/448 114/461/451 686/459/449
f 636/371/364 687/462/452 92/372/365
f 91/364/357 1582/463/453 636/371/364
f 1582/463/453 106/457/447 665/464/454
f 687/462/452 665/464/454 107/465/455
f 644/375/368 688/466/456 100/376/369
f 99/368/361 1583/467/457 644/375/368
f 1583/467/457 114/461/451 673/468/458
f 688/466/456 673/468/458 115/469/459
f 93/380/373 1584/470/460 675/471/408
f 92/372/365 1584/470/460 637/379/372
f 687/462/452 666/472/461 1584/470/460
f 675/471/408 666/472/461 108/473/462
f 86/384/377 1585/474/463 677/423/413
f 1416/475/464 1414/383/376 326/51/51
f 101/476/465 1585/474/463 1416/475/464
f 1415/385/378 1417/477/466 482/55/55
f 100/376/369 1586/478/467 1415/385/378
f 115/469/459 1586/478/467 688/466/456
f 113/453/443 1587/479/468 703/480/469
f 671/452/442 704/481/470 1587/479/468
f 1587/479/468 127/482/471 700/483/472
f 1587/479/468 128/484/473 703/480/469
f 664/456/446 705/485/474 106/457/447
f 105/449/439 1588/486/475 664/456/446
f 706/487/476 693/488/477 1588/486/475
f 705/485/474 693/488/477 121/489/478
f 114/461/451 1589/490/479 707/491/480
f 672/460/450 703/480/469 1589/490/479
f 703/480/469 701/492/481 1589/490/479
f 1589/490/479 129/493/482 707/491/480
f 665/464/454 708/494/483 107/465/455
f 106/457/447 1590/495/484 665/464/454
f 1590/495/484 121/489/478 694/496/485
f 708/494/483 694/496/485 122/497/486
f 673/468/458 709/498/487 115/469/459
f 114/461/451 1591/499/488 673/468/458
f 1591/499/488 129/493/482 702/500/489
f 709/498/487 702/500/489 130/501/490
f 108/473/462 1592/502/491 710/503/492
f 107/465/455 1592/502/491 666/472/461
f 708/494/483 695/504/493 1592/502/491
f 710/503/492 695/504/493 123/505/494
f 101/476/465 1593/506/495 711/507/496
f 1418/508/497 1416/475/464 326/51/51
f 116/509/498 1593/506/495 1418/508/497
f 1417/477/466 1419/510/499 482/55/55
f 115/469/459 1594/511/500 1417/477/466
f 130/501/490 1594/511/500 709/498/487
f 109/420/410 1595/512/501 712/513/502
f 108/514/462 1595/512/501 667/419/409
f 710/515/492 696/516/503 1595/512/501
f 712/513/502 696/516/503 124/517/504
f 102/425/415 1596/518/505 713/519/506
f 660/424/414 711/507/496 1596/518/505
f 711/507/496 689/520/507 1596/518/505
f 1596/518/505 117/521/508 713/519/506
f 110/429/419 1597/522/509 714/523/510
f 668/428/418 712/513/502 1597/522/509
f 712/513/502 697/524/511 1597/522/509
f 1597/522/509 125/525/512 714/523/510
f 661/432/422 715/526/513 103/433/423
f 102/425/415 1598/527/514 661/432/422
f 1598/527/514 117/521/508 690/528/515
f 715/526/513 690/528/515 118/529/516
f 111/437/427 1599/530/517 716/531/518
f 669/436/426 714/523/510 1599/530/517
f 714/523/510 698/532/519 1599/530/517
f 716/531/518 698/532/519 126/533/520
f 662/440/430 717/534/521 104/441/431
f 103/433/423 1600/535/522 662/440/430
f 1600/535/522 118/529/516 691/536/523
f 1600/535/522 119/537/524 717/534/521
f 112/445/435 1601/538/525 704/481/470
f 670/444/434 716/531/518 1601/538/525
f 716/531/518 699/539/526 1601/538/525
f 1601/538/525 127/482/471 704/481/470
f 663/448/438 706/487/476 105/449/439
f 104/441/431 1602/540/527 663/448/438
f 1602/540/527 119/537/524 692/541/528
f 706/487/476 692/541/528 120/542/529
f 697/524/511 732/543/530 125/525/512
f 124/517/504 1603/544/531 697/524/511
f 733/545/532 726/546/533 1603/544/531
f 1603/544/531 140/547/534 732/543/530
f 690/528/515 734/548/535 118/529/516
f 117/521/508 1604/549/536 690/528/515
f 1604/549/536 132/550/537 719/551/538
f 734/548/535 719/551/538 133/552/539
f 126/533/520 1605/553/540 736/554/541
f 698/532/519 732/543/530 1605/553/540
f 732/543/530 727/555/542 1605/553/540
f 736/554/541 727/555/542 141/556/543
f 691/536/523 737/557/544 119/537/524
f 691/536/523 734/548/535 1606/558/545
f 1606/558/545 133/552/539 720/559/546
f 737/557/544 720/559/546 134/560/547
f 127/482/471 1607/561/548 738/562/549
f 699/539/526 736/554/541 1607/561/548
f 1607/561/548 141/556/543 728/563/550
f 1607/561/548 142/564/551 738/562/549
f 692/541/528 739/565/552 120/542/529
f 119/537/524 1608/566/553 692/541/528
f 1608/566/553 134/560/547 721/567/554
f 1608/566/553 135/568/555 739/565/552
f 700/483/472 740/569/556 128/484/473
f 700/483/472 738/562/549 1609/570/557
f 738/562/549 729/571/558 1609/570/557
f 1609/570/557 143/572/559 740/569/556
f 693/488/477 741/573/560 121/489/478
f 120/542/529 1610/574/561 693/488/477
f 739/565/552 722/575/562 1610/574/561
f 741/573/560 722/575/562 136/576/563
f 129/493/482 1611/577/564 742/578/565
f 701/492/481 740/569/556 1611/577/564
f 740/569/556 730/579/566 1611/577/564
f 1611/577/564 144/580/567 742/578/565
f 122/497/486 1612/581/568 743/582/569
f 694/496/485 741/573/560 1612/581/568
f 1612/581/568 136/576/563 723/583/570
f 743/582/569 723/583/570 137/584/571
f 702/500/489 744/585/572 130/501/490
f 129/493/482 1613/586/573 702/500/489
f 1613/586/573 144/580/567 731/587/574
f 744/585/572 731/587/574 145/588/575
f 695/504/493 745/589/576 123/505/494
f 122/497/486 1614/590/577 695/504/493
f 1614/590/577 137/584/571 724/591/578
f 1614/590/577 138/592/579 745/589/576
f 116/509/498 1615/593/580 746/594/581
f 1420/595/582 1418/508/497 326/51/51
f 131/596/583 1615/593/580 1420/595/582
f 1419/510/499 1421/597/584 482/55/55
f 130/501/490 1616/598/585 1419/510/499
f 145/588/575 1616/598/585 744/585/572
f 124/517/504 1617/599/586 733/545/532
f 696/516/503 745/600/576 1617/599/586
f 1617/599/586 138/601/579 725/602/587
f 1617/599/586 139/603/588 733/545/532
f 117/521/508 1618/604/589 735/605/590
f 689/520/507 746/594/581 1618/604/589
f 746/594/581 718/606/591 1618/604/589
f 1618/604/589 132/550/537 735/605/590
f 144/580/567 1619/607/592 761/608/593
f 730/579/566 762/609/594 1619/607/592
f 762/609/594 759/610/595 1619/607/592
f 1619/607/592 159/611/596 761/608/593
f 723/583/570 763/612/597 137/584/571
f 136/576/563 1620/613/598 723/583/570
f 1620/613/598 151/614/599 752/615/600
f 763/612/597 752/615/600 152/616/601
f 731/587/574 765/617/602 145/588/575
f 144/580/567 1621/618/603 731/587/574
f 1621/618/603 159/611/596 760/619/604
f 765/617/602 760/619/604 160/620/605
f 138/592/579 1622/621/606 766/622/607
f 724/591/578 763/612/597 1622/621/606
f 1622/621/606 152/616/601 753/623/608
f 766/622/607 753/623/608 153/624/609
f 131/596/583 1623/625/610 767/626/611
f 1422/627/612 1420/595/582 326/51/51
f 146/628/613 1623/625/610 1422/627/612
f 1421/597/584 1423/629/614 482/55/55
f 145/588/575 1624/630/615 1421/597/584
f 160/620/605 1624/630/615 765/617/602
f 725/602/587 768/631/616 139/603/588
f 138/601/579 1625/632/617 725/602/587
f 766/633/607 754/634/618 1625/632/617
f 1625/632/617 154/635/619 768/631/616
f 132/550/537 1626/636/620 769/637/621
f 718/606/591 767/626/611 1626/636/620
f 767/626/611 747/638/622 1626/636/620
f 1626/636/620 147/639/623 769/637/621
f 140/547/534 1627/640/624 770/641/625
f 726/546/533 768/631/616 1627/640/624
f 768/631/616 755/642/626 1627/640/624
f 1627/640/624 155/643/627 770/641/625
f 719/551/538 771/644/628 133/552/539
f 132/550/537 1628/645/629 719/551/538
f 1628/645/629 147/639/623 748/646/630
f 771/644/628 748/646/630 148/647/631
f 141/556/543 1629/648/632 772/649/633
f 727/555/542 770/641/625 1629/648/632
f 770/641/625 756/650/634 1629/648/632
f 1629/648/632 156/651/635 772/649/633
f 720/559/546 773/652/636 134/560/547
f 133/552/539 1630/653/637 720/559/546
f 1630/653/637 148/647/631 749/654/638
f 773/652/636 749/654/638 149/655/639
f 728/563/550 774/656/640 142/564/551
f 728/563/550 772/649/633 1631/657/641
f 772/649/633 757/658/642 1631/657/641
f 1631/657/641 157/659/643 774/656/640
f 721/567/554 775/660/644 135/568/555
f 721/567/554 773/652/636 1632/661/645
f 1632/661/645 149/655/639 750/662/646
f 775/660/644 750/662/646 150/663/647
f 143/572/559 1633/664/648 762/609/594
f 729/571/558 774/656/640 1633/664/648
f 774/656/640 758/665/649 1633/664/648
f 1633/664/648 158/666/650 762/609/594
f 722/575/562 764/667/651 136/576/563
f 135/568/555 1634/668/652 722/575/562
f 1634/668/652 150/663/647 751/669/653
f 764/667/651 751/669/653 151/614/599
f 748/646/630 790/670/654 148/647/631
f 147/639/623 1635/671/655 748/646/630
f 1635/671/655 162/672/656 777/673/657
f 790/670/654 777/673/657 163/674/658
f 156/651/635 1636/675/659 792/676/660
f 155/643/627 1636/675/659 756/650/634
f 793/677/661 785/678/662 1636/675/659
f 1636/675/659 171/679/663 792/676/660
f 749/654/638 794/680/664 149/655/639
f 148/647/631 1637/681/665 749/654/638
f 1637/681/665 163/674/658 778/682/666
f 794/680/664 778/682/666 164/683/667
f 157/659/643 1638/684/668 795/685/669
f 156/651/635 1638/684/668 757/658/642
f 792/676/660 786/686/670 1638/684/668
f 795/685/669 786/686/670 172/687/671
f 150/663/647 1639/688/672 796/689/673
f 149/655/639 1639/688/672 750/662/646
f 794/680/664 779/690/674 1639/688/672
f 796/689/673 779/690/674 165/691/675
f 158/666/650 1640/692/676 797/693/677
f 758/665/649 795/685/669 1640/692/676
f 795/685/669 787/694/678 1640/692/676
f 1640/692/676 173/695/679 797/693/677
f 151/614/599 1641/696/680 798/697/681
f 150/663/647 1641/696/680 751/669/653
f 1641/696/680 165/691/675 780/698/682
f 798/697/681 780/698/682 166/699/683
f 159/611/596 1642/700/684 799/701/685
f 759/610/595 797/693/677 1642/700/684
f 797/693/677 788/702/686 1642/700/684
f 1642/700/684 174/703/687 799/701/685
f 752/615/600 800/704/688 152/616/601
f 151/614/599 1643/705/689 752/615/600
f 1643/705/689 166/699/683 781/706/690
f 1643/705/689 167/707/691 800/704/688
f 760/619/604 801/708/692 160/620/605
f 159/611/596 1644/709/693 760/619/604
f 1644/709/693 174/703/687 789/710/694
f 801/708/692 789/710/694 175/711/695
f 153/624/609 1645/712/696 802/713/697
f 152/616/601 1645/712/696 753/623/608
f 1645/712/696 167/707/691 782/714/698
f 802/713/697 782/714/698 168/715/699
f 146/628/613 1646/716/700 803/717/701
f 1424/718/702 1422/627/612 326/51/51
f 161/719/703 1646/716/700 1424/718/702
f 1423/629/614 1425/720/704 482/55/55
f 160/620/605 1647/721/705 1423/629/614
f 175/711/695 1647/721/705 801/708/692
f 154/635/619 1648/722/706 804/723/707
f 153/724/609 1648/722/706 754/634/618
f 802/725/697 783/726/708 1648/722/706
f 1648/722/706 169/727/709 804/723/707
f 147/639/623 1649/728/710 791/729/711
f 747/638/622 803/717/701 1649/728/710
f 803/717/701 776/730/712 1649/728/710
f 1649/728/710 162/672/656 791/729/711
f 155/643/627 1650/731/713 793/677/661
f 755/642/626 804/723/707 1650/731/713
f 1650/731/713 169/727/709 784/732/714
f 1650/731/713 170/733/715 793/677/661
f 781/706/690 819/734/716 167/707/691
f 781/706/690 820/735/717 1651/736/718
f 1651/736/718 181/737/719 810/738/720
f 1651/736/718 182/739/721 819/734/716
f 789/710/694 821/740/722 175/711/695
f 174/703/687 1652/741/723 789/710/694
f 1652/741/723 189/742/724 818/743/725
f 821/740/722 818/743/725 190/744/726
f 168/715/699 1653/745/727 823/746/728
f 782/714/698 819/734/716 1653/745/727
f 1653/745/727 182/739/721 811/747/729
f 823/746/728 811/747/729 183/748/730
f 161/719/703 1654/749/731 824/750/732
f 1426/751/733 1424/718/702 326/51/51
f 176/752/734 1654/749/731 1426/751/733
f 1425/720/704 1427/753/735 482/55/55
f 175/711/695 1655/754/736 1425/720/704
f 190/744/726 1655/754/736 821/740/722
f 783/726/708 825/755/737 169/727/709
f 168/756/699 1656/757/738 783/726/708
f 823/758/728 812/759/739 1656/757/738
f 1656/757/738 184/760/740 825/755/737
f 162/672/656 1657/761/741 826/762/742
f 776/730/712 824/750/732 1657/761/741
f 824/750/732 805/763/743 1657/761/741
f 1657/761/741 177/764/744 826/762/742
f 784/732/714 827/765/745 170/733/715
f 784/732/714 825/755/737 1658/766/746
f 1658/766/746 184/760/740 813/767/747
f 1658/766/746 185/768/748 827/765/745
f 777/673/657 828/769/749 163/674/658
f 777/673/657 826/762/742 1659/770/750
f 826/762/742 806/771/751 1659/770/750
f 1659/770/750 178/772/752 828/769/749
f 171/679/663 1660/773/753 829/774/754
f 785/678/662 827/765/745 1660/773/753
f 827/765/745 814/775/755 1660/773/753
f 1660/773/753 186/776/756 829/774/754
f 778/682/666 830/777/757 164/683/667
f 163/674/658 1661/778/758 778/682/666
f 1661/778/758 178/772/752 807/779/759
f 830/777/757 807/779/759 179/780/760
f 172/687/671 1662/781/761 831/782/762
f 786/686/670 829/774/754 1662/781/761
f 829/774/754 815/783/763 1662/781/761
f 1662/781/761 187/784/764 831/782/762
f 779/690/674 832/785/765 165/691/675
f 164/683/667 1663/786/766 779/690/674
f 1663/786/766 179/780/760 808/787/767
f 832/785/765 808/787/767 180/788/768
f 173/695/679 1664/789/769 833/790/770
f 787/694/678 831/782/762 1664/789/769
f 831/782/762 816/791/771 1664/789/769
f 1664/789/769 188/792/772 833/790/770
f 780/698/682 820/735/717 166/699/683
f 165/691/675 1665/793/773 780/698/682
f 1665/793/773 180/788/768 809/794/774
f 820/735/717 809/794/774 181/737/719
f 788/702/686 822/795/775 174/703/687
f 788/702/686 833/790/770 1666/796/776
f 1666/796/776 188/792/772 817/797/777
f 822/795/775 817/797/777 189/742/724
f 186/776/756 1667/798/778 848/799/779
f 814/775/755 849/800/780 1667/798/778
f 849/800/780 843/801/781 1667/798/778
f 1667/798/778 201/802/782 848/799/779
f 807/779/759 850/803/783 179/780/760
f 178/772/752 1668/804/784 807/779/759
f 1668/804/784 193/805/785 836/806/786
f 850/803/783 836/806/786 194/807/787
f 187/784/764 1669/808/788 852/809/789
f 186/776/756 1669/808/788 815/783/763
f 848/799/779 844/810/790 1669/808/788
f 1669/808/788 202/811/791 852/809/789
f 808/787/767 853/812/792 180/788/768
f 808/787/767 850/803/783 1670/813/793
f 1670/813/793 194/807/787 837/814/794
f 853/812/792 837/814/794 195/815/795
f 188/792/772 1671/816/796 854/817/797
f 816/791/771 852/809/789 1671/816/796
f 852/809/789 845/818/798 1671/816/796
f 1671/816/796 203/819/799 854/817/797
f 809/794/774 855/820/800 181/737/719
f 180/788/768 1672/821/801 809/794/774
f 1672/821/801 195/815/795 838/822/802
f 855/820/800 838/822/802 196/823/803
f 189/742/724 1673/824/804 856/825/805
f 817/797/777 854/817/797 1673/824/804
f 854/817/797 846/826/806 1673/824/804
f 1673/824/804 204/827/807 856/825/805
f 810/738/720 857/828/808 182/739/721
f 810/738/720 855/820/800 1674/829/809
f 1674/829/809 196/823/803 839/830/810
f 857/828/808 839/830/810 197/831/811
f 818/743/725 858/832/812 190/744/726
f 189/742/724 1675/833/813 818/743/725
f 1675/833/813 204/827/807 847/834/814
f 858/832/812 847/834/814 205/835/815
f 811/747/729 859/836/816 183/748/730
f 182/739/721 1676/837/817 811/747/729
f 857/828/808 840/838/818 1676/837/817
f 859/836/816 840/838/818 198/839/819
f 176/752/734 1677/840/820 860/841/821
f 1428/842/822 1426/751/733 326/51/51
f 191/843/823 1677/840/820 1428/842/822
f 1427/753/735 1429/844/824 482/55/55
f 190/744/726 1678/845/825 1427/753/735
f 205/835/815 1678/845/825 858/832/812
f 184/760/740 1679/846/826 861/847/827
f 812/759/739 859/848/816 1679/846/826
f 859/848/816 841/849/828 1679/846/826
f 861/847/827 841/849/828 199/850/829
f 177/764/744 1680/851/830 862/852/831
f 805/763/743 860/841/821 1680/851/830
f 860/841/821 834/853/832 1680/851/830
f 1680/851/830 192/854/833 862/852/831
f 813/767/747 849/800/780 185/768/748
f 813/767/747 861/847/827 1681/855/834
f 861/847/827 842/856/835 1681/855/834
f 1681/855/834 200/857/836 849/800/780
f 806/771/751 851/858/837 178/772/752
f 177/764/744 1682/859/838 806/771/751
f 1682/859/838 192/854/833 835/860/839
f 851/858/837 835/860/839 193/805/785
f 847/834/814 877/861/840 205/835/815
f 204/827/807 1683/862/841 847/834/814
f 1683/862/841 219/863/842 876/864/843
f 877/861/840 876/864/843 220/865/844
f 198/839/819 1684/866/845 879/867/846
f 197/831/811 1684/866/845 840/838/818
f 880/868/847 869/869/848 1684/866/845
f 879/867/846 869/869/848 213/870/849
f 191/843/823 1685/871/850 881/872/851
f 1430/873/852 1428/842/822 326/51/51
f 206/874/853 1685/871/850 1430/873/852
f 1429/844/824 1431/875/854 482/55/55
f 205/835/815 1686/876/855 1429/844/824
f 220/865/844 1686/876/855 877/861/840
f 199/850/829 1687/877/856 882/878/857
f 198/879/819 1687/877/856 841/849/828
f 879/880/846 870/881/858 1687/877/856
f 882/878/857 870/881/858 214/882/859
f 192/854/833 1688/883/860 883/884/861
f 834/853/832 881/872/851 1688/883/860
f 881/872/851 863/885/862 1688/883/860
f 1688/883/860 207/886/863 883/884/861
f 200/857/836 1689/887/864 884/888/865
f 199/850/829 1689/887/864 842/856/835
f 1689/887/864 214/882/859 871/889/866
f 884/888/865 871/889/866 215/890/867
f 835/860/839 885/891/868 193/805/785
f 192/854/833 1690/892/869 835/860/839
f 1690/892/869 207/886/863 864/893/870
f 885/891/868 864/893/870 208/894/871
f 201/802/782 1691/895/872 886/896/873
f 843/801/781 884/888/865 1691/895/872
f 884/888/865 872/897/874 1691/895/872
f 1691/895/872 216/898/875 886/896/873
f 836/806/786 887/899/876 194/807/787
f 193/805/785 1692/900/877 836/806/786
f 1692/900/877 208/894/871 865/901/878
f 1692/900/877 209/902/879 887/899/876
f 202/811/791 1693/903/880 888/904/881
f 844/810/790 886/896/873 1693/903/880
f 886/896/873 873/905/882 1693/903/880
f 1693/903/880 217/906/883 888/904/881
f 837/814/794 889/907/884 195/815/795
f 194/807/787 1694/908/885 837/814/794
f 1694/908/885 209/902/879 866/909/886
f 889/907/884 866/909/886 210/910/887
f 203/819/799 1695/911/888 890/912/889
f 845/818/798 888/904/881 1695/911/888
f 1695/911/888 217/906/883 874/913/890
f 1695/911/888 218/914/891 890/912/889
f 838/822/802 891/915/892 196/823/803
f 195/815/795 1696/916/893 838/822/802
f 1696/916/893 210/910/887 867/917/894
f 891/915/892 867/917/894 211/918/895
f 204/827/807 1697/919/896 878/920/897
f 846/826/806 890/912/889 1697/919/896
f 890/912/889 875/921/898 1697/919/896
f 1697/919/896 219/863/842 878/920/897
f 197/831/811 1698/922/899 880/868/847
f 196/823/803 1698/922/899 839/830/810
f 891/915/892 868/923/900 1698/922/899
f 1698/922/899 212/924/901 880/868/847
f 865/901/878 906/925/902 209/902/879
f 865/901/878 907/926/903 1699/927/904
f 1699/927/904 223/928/905 894/929/906
f 906/925/902 894/929/906 224/930/907
f 217/906/883 1700/931/908 908/932/909
f 873/905/882 909/933/910 1700/931/908
f 909/933/910 902/934/911 1700/931/908
f 1700/931/908 232/935/912 908/932/909
f 866/909/886 910/936/913 210/910/887
f 209/902/879 1701/937/914 866/909/886
f 1701/937/914 224/930/907 895/938/915
f 910/936/913 895/938/915 225/939/916
f 874/913/890 911/940/917 218/914/891
f 874/913/890 908/932/909 1702/941/918
f 908/932/909 903/942/919 1702/941/918
f 1702/941/918 233/943/920 911/940/917
f 211/918/895 1703/944/921 912/945/922
f 210/910/887 1703/944/921 867/917/894
f 1703/944/921 225/939/916 896/946/923
f 912/945/922 896/946/923 226/947/924
f 219/863/842 1704/948/925 913/949/926
f 218/914/891 1704/948/925 875/921/898
f 1704/948/925 233/943/920 904/950/927
f 1704/948/925 234/951/928 913/949/926
f 868/923/900 914/952/929 212/924/901
f 211/918/895 1705/953/930 868/923/900
f 912/945/922 897/954/931 1705/953/930
f 914/952/929 897/954/931 227/955/932
f 876/864/843 915/956/933 220/865/844
f 219/863/842 1706/957/934 876/864/843
f 1706/957/934 234/951/928 905/958/935
f 915/956/933 905/958/935 235/959/936
f 213/870/849 1707/960/937 916/961/938
f 869/869/848 914/952/929 1707/960/937
f 1707/960/937 227/955/932 898/962/939
f 1707/960/937 228/963/940 916/961/938
f 206/874/853 1708/964/941 917/965/942
f 1432/966/943 1430/873/852 326/51/51
f 221/967/944 1708/964/941 1432/966/943
f 1431/875/854 1433/968/945 482/55/55
f 220/865/844 1709/969/946 1431/875/854
f 235/959/936 1709/969/946 915/956/933
f 870/881/858 918/970/947 214/882/859
f 213/971/849 1710/972/948 870/881/858
f 1710/972/948 228/973/940 899/974/949
f 1710/972/948 229/975/950 918/970/947
f 207/886/863 1711/976/951 919/977/952
f 863/885/862 917/965/942 1711/976/951
f 917/965/942 892/978/953 1711/976/951
f 1711/976/951 222/979/954 919/977/952
f 215/890/867 1712/980/955 920/981/956
f 871/889/866 918/970/947 1712/980/955
f 918/970/947 900/982/957 1712/980/955
f 920/981/956 900/982/957 230/983/958
f 208/894/871 1713/984/959 907/926/903
f 207/886/863 1713/984/959 864/893/870
f 1713/984/959 222/979/954 893/985/960
f 1713/984/959 223/928/905 907/926/903
f 216/898/875 1714/986/961 909/933/910
f 215/890/867 1714/986/961 872/897/874
f 920/981/956 901/987/962 1714/986/961
f 1714/986/961 231/988/963 909/933/910
f 898/962/939 935/989/964 228/963/940
f 898/962/939 936/990/965 1715/991/966
f 936/990/965 927/992/967 1715/991/966
f 1715/991/966 243/993/968 935/989/964
f 221/967/944 1716/994/969 937/995/970
f 1434/996/971 1432/966/943 326/51/51
f 236/997/972 1716/994/969 1434/996/971
f 1433/968/945 1435/998/973 482/55/55
f 235/959/936 1717/999/974 1433/968/945
f 250/1000/975 1717/999/974 938/1001/976
f 899/974/949 939/1002/977 229/975/950
f 899/974/949 935/1003/964 1718/1004/978
f 1718/1004/978 243/1005/968 928/1006/979
f 939/1002/977 928/1006/979 244/1007/980
f 222/979/954 1719/1008/981 940/1009/982
f 892/978/953 937/995/970 1719/1008/981
f 937/995/970 921/1010/983 1719/1008/981
f 1719/1008/981 237/1011/984 940/1009/982
f 230/983/958 1720/1012/985 941/1013/986
f 229/975/950 1720/1012/985 900/982/957
f 939/1002/977 929/1014/987 1720/1012/985
f 1720/1012/985 245/1015/988 941/1013/986
f 223/928/905 1721/1016/989 942/1017/990
f 222/979/954 1721/1016/989 893/985/960
f 1721/1016/989 237/1011/984 922/1018/991
f 942/1017/990 922/1018/991 238/1019/992
f 231/988/963 1722/1020/993 943/1021/994
f 230/983/958 1722/1020/993 901/987/962
f 941/1013/986 930/1022/995 1722/1020/993
f 943/1021/994 930/1022/995 246/1023/996
f 894/929/906 944/1024/997 224/930/907
f 223/928/905 1723/1025/998 894/929/906
f 942/1017/990 923/1026/999 1723/1025/998
f 944/1024/997 923/1026/999 239/1027/1000
f 232/935/912 1724/1028/1001 945/1029/1002
f 231/988/963 1724/1028/1001 902/934/911
f 943/1021/994 931/1030/1003 1724/1028/1001
f 1724/1028/1001 247/1031/1004 945/1029/1002
f 225/939/916 1725/1032/1005 946/1033/1006
f 224/930/907 1725/1032/1005 895/938/915
f 1725/1032/1005 239/1027/1000 924/1034/1007
f 946/1033/1006 924/1034/1007 240/1035/1008
f 233/943/920 1726/1036/1009 947/1037/1010
f 903/942/919 945/1029/1002 1726/1036/1009
f 945/1029/1002 932/1038/1011 1726/1036/1009
f 947/1037/1010 932/1038/1011 248/1039/1012
f 226/947/924 1727/1040/1013 948/1041/1014
f 225/939/916 1727/1040/1013 896/946/923
f 946/1033/1006 925/1042/1015 1727/1040/1013
f 948/1041/1014 925/1042/1015 241/1043/1016
f 234/951/928 1728/1044/1017 949/1045/1018
f 233/943/920 1728/1044/1017 904/950/927
f 947/1037/1010 933/1046/1019 1728/1044/1017
f 1728/1044/1017 249/1047/1020 949/1045/1018
f 227/955/932 1729/1048/1021 936/990/965
f 226/947/924 1729/1048/1021 897/954/931
f 1729/1048/1021 241/1043/1016 926/1049/1022
f 936/990/965 926/1049/1022 242/1050/1023
f 905/958/935 938/1001/976 235/959/936
f 234/951/928 1730/1051/1024 905/958/935
f 1730/1051/1024 249/1047/1020 934/1052/1025
f 938/1001/976 934/1052/1025 250/1000/975
f 931/1030/1003 964/1053/1026 247/1031/1004
f 246/1023/996 1731/1054/1027 931/1030/1003
f 965/1055/1028 960/1056/1029 1731/1054/1027
f 964/1053/1026 960/1056/1029 262/1057/1030
f 924/1034/1007 966/1058/1031 240/1035/1008
f 924/1034/1007 967/1059/1032 1732/1060/1033
f 967/1059/1032 953/1061/1034 1732/1060/1033
f 966/1058/1031 953/1061/1034 255/1062/1035
f 248/1039/1012 1733/1063/1036 968/1064/1037
f 932/1038/1011 964/1053/1026 1733/1063/1036
f 964/1053/1026 961/1065/1038 1733/1063/1036
f 1733/1063/1036 263/1066/1039 968/1064/1037
f 925/1042/1015 969/1067/1040 241/1043/1016
f 240/1035/1008 1734/1068/1041 925/1042/1015
f 1734/1068/1041 255/1062/1035 954/1069/1042
f 969/1067/1040 954/1069/1042 256/1070/1043
f 249/1047/1020 1735/1071/1044 970/1072/1045
f 248/1039/1012 1735/1071/1044 933/1046/1019
f 968/1064/1037 962/1073/1046 1735/1071/1044
f 1735/1071/1044 264/1074/1047 970/1072/1045
f 926/1049/1022 971/1075/1048 242/1050/1023
f 926/1049/1022 969/1067/1040 1736/1076/1049
f 1736/1076/1049 256/1070/1043 955/1077/1050
f 1736/1076/1049 257/1078/1051 971/1075/1048
f 934/1052/1025 972/1079/1052 250/1000/975
f 249/1047/1020 1737/1080/1053 934/1052/1025
f 1737/1080/1053 264/1074/1047 963/1081/1054
f 972/1079/1052 963/1081/1054 265/1082/1055
f 243/993/968 1738/1083/1056 973/1084/1057
f 242/1050/1023 1738/1083/1056 927/992/967
f 1738/1083/1056 257/1078/1051 956/1085/1058
f 973/1084/1057 956/1085/1058 258/1086/1059
f 236/997/972 1739/1087/1060 974/1088/1061
f 1436/1089/1062 1434/996/971 326/51/51
f 251/1090/1063 1739/1087/1060 1436/1089/1062
f 1435/998/973 1437/1091/1064 482/55/55
f 250/1000/975 1740/1092/1065 1435/998/973
f 265/1082/1055 1740/1092/1065 972/1079/1052
f 244/1007/980 1741/1093/1066 975/1094/1067
f 243/1005/968 1741/1093/1066 928/1006/979
f 973/1095/1057 957/1096/1068 1741/1093/1066
f 1741/1093/1066 259/1097/1069 975/1094/1067
f 237/1011/984 1742/1098/1070 976/1099/1071
f 921/1010/983 974/1088/1061 1742/1098/1070
f 974/1088/1061 950/1100/1072 1742/1098/1070
f 1742/1098/1070 252/1101/1073 976/1099/1071
f 929/1014/987 977/1102/1074 245/1015/988
f 929/1014/987 975/1094/1067 1743/1103/1075
f 1743/1103/1075 259/1097/1069 958/1104/1076
f 1743/1103/1075 260/1105/1077 977/1102/1074
f 238/1019/992 1744/1106/1078 978/1107/1079
f 237/1011/984 1744/1106/1078 922/1018/991
f 1744/1106/1078 252/1101/1073 951/1108/1080
f 978/1107/1079 951/1108/1080 253/1109/1081
f 246/1023/996 1745/1110/1082 965/1055/1028
f 930/1022/995 977/1102/1074 1745/1110/1082
f 977/1102/1074 959/1111/1083 1745/1110/1082
f 965/1055/1028 959/1111/1083 261/1112/1084
f 923/1026/999 967/1059/1032 239/1027/1000
f 238/1019/992 1746/1113/1085 923/1026/999
f 1746/1113/1085 253/1109/1081 952/1114/1086
f 967/1059/1032 952/1114/1086 254/1115/1087
f 1437/1091/1064 1439/1116/1088 482/55/55
f 265/1082/1055 1747/1117/1089 1437/1091/1064
f 280/1118/1090 1747/1117/1089 993/1119/1091
f 259/1097/1069 1748/1120/1092 994/1121/1093
f 258/1122/1059 1748/1120/1092 957/1096/1068
f 1748/1120/1092 273/1123/1094 986/1124/1095
f 1748/1120/1092 274/1125/1096 994/1121/1093
f 252/1101/1073 1749/1126/1097 996/1127/1098
f 950/1100/1072 997/1128/1099 1749/1126/1097
f 997/1128/1099 979/1129/1100 1749/1126/1097
f 1749/1126/1097 267/1130/1101 996/1127/1098
f 958/1104/1076 998/1131/1102 260/1105/1077
f 958/1104/1076 994/1121/1093 1750/1132/1103
f 1750/1132/1103 274/1125/1096 987/1133/1104
f 1750/1132/1103 275/1134/1105 998/1131/1102
f 951/1108/1080 999/1135/1106 253/1109/1081
f 252/1101/1073 1751/1136/1107 951/1108/1080
f 996/1127/1098 980/1137/1108 1751/1136/1107
f 1751/1136/1107 268/1138/1109 999/1135/1106
f 261/1112/1084 1752/1139/1110 1000/1140/1111
f 959/1111/1083 998/1131/1102 1752/1139/1110
f 998/1131/1102 988/1141/1112 1752/1139/1110
f 1752/1139/1110 276/1142/1113 1000/1140/1111
f 952/1114/1086 1001/1143/1114 254/1115/1087
f 952/1114/1086 999/1135/1106 1753/1144/1115
f 1753/1144/1115 268/1138/1109 981/1145/1116
f 1001/1143/1114 981/1145/1116 269/1146/1117
f 262/1057/1030 1754/1147/1118 1002/1148/1119
f 960/1056/1029 1000/1140/1111 1754/1147/1118
f 1000/1140/1111 989/1149/1120 1754/1147/1118
f 1002/1148/1119 989/1149/1120 277/1150/1121
f 953/1061/1034 1003/1151/1122 255/1062/1035
f 254/1115/1087 1755/1152/1123 953/1061/1034
f 1001/1143/1114 982/1153/1124 1755/1152/1123
f 1003/1151/1122 982/1153/1124 270/1154/1125
f 961/1065/1038 1004/1155/1126 263/1066/1039
f 961/1065/1038 1002/1148/1119 1756/1156/1127
f 1002/1148/1119 990/1157/1128 1756/1156/1127
f 1756/1156/1127 278/1158/1129 1004/1155/1126
f 954/1069/1042 1005/1159/1130 256/1070/1043
f 255/1062/1035 1757/1160/1131 954/1069/1042
f 1757/1160/1131 270/1154/1125 983/1161/1132
f 1005/1159/1130 983/1161/1132 271/1162/1133
f 264/1074/1047 1758/1163/1134 1006/1164/1135
f 962/1073/1046 1004/1155/1126 1758/1163/1134
f 1758/1163/1134 278/1158/1129 991/1165/1136
f 1006/1164/1135 991/1165/1136 279/1166/1137
f 955/1077/1050 1007/1167/1138 257/1078/1051
f 955/1077/1050 1005/1159/1130 1759/1168/1139
f 1759/1168/1139 271/1162/1133 984/1169/1140
f 1759/1168/1139 272/1170/1141 1007/1167/1138
f 963/1081/1054 993/1119/1091 265/1082/1055
f 264/1074/1047 1760/1171/1142 963/1081/1054
f 1760/1171/1142 279/1166/1137 992/1172/1143
f 993/1119/1091 992/1172/1143 280/1118/1090
f 258/1086/1059 1761/1173/1144 995/1174/1145
f 257/1078/1051 1761/1173/1144 956/1085/1058
f 1761/1173/1144 272/1170/1141 985/1175/1146
f 1761/1173/1144 273/1176/1094 995/1174/1145
f 251/1090/1063 1762/1177/1147 997/1128/1099
f 1438/1178/1148 1436/1089/1062 326/51/51
f 266/1179/1149 1762/1177/1147 1438/1178/1148
f 278/1158/1129 1763/1180/1150 1022/1181/1151
f 277/1150/1121 1763/1180/1150 990/1157/1128
f 1023/1182/1152 1019/1183/1153 1763/1180/1150
f 1022/1181/1151 1019/1183/1153 293/1184/1154
f 983/1161/1132 1024/1185/1155 271/1162/1133
f 270/1154/1125 1764/1186/1156 983/1161/1132
f 1764/1186/1156 285/1187/1157 1012/1188/1158
f 1024/1185/1155 1012/1188/1158 286/1189/1159
f 279/1166/1137 1765/1190/1160 1026/1191/1161
f 991/1165/1136 1022/1181/1151 1765/1190/1160
f 1765/1190/1160 293/1184/1154 1020/1192/1162
f 1026/1191/1161 1020/1192/1162 294/1193/1163
f 984/1169/1140 1027/1194/1164 272/1170/1141
f 271/1162/1133 1766/1195/1165 984/1169/1140
f 1766/1195/1165 286/1189/1159 1013/1196/1166
f 1766/1195/1165 287/1197/1167 1027/1194/1164
f 992/1172/1143 1028/1198/1168 280/1118/1090
f 279/1166/1137 1767/1199/1169 992/1172/1143
f 1767/1199/1169 294/1193/1163 1021/1200/1170
f 1028/1198/1168 1021/1200/1170 295/1201/1171
f 273/1176/1094 1768/1202/1172 1029/1203/1173
f 272/1170/1141 1768/1202/1172 985/1175/1146
f 1768/1202/1172 287/1197/1167 1014/1204/1174
f 1029/1203/1173 1014/1204/1174 288/1205/1175
f 266/1179/1149 1769/1206/1176 1030/1207/1177
f 1440/1208/1178 1438/1178/1148 326/51/51
f 281/1209/1179 1769/1206/1176 1440/1208/1178
f 1439/1116/1088 1441/1210/1180 482/55/55
f 280/1118/1090 1770/1211/1181 1439/1116/1088
f 295/1201/1171 1770/1211/1181 1028/1198/1168
f 274/1125/1096 1771/1212/1182 1031/1213/1183
f 273/1123/1094 1771/1212/1182 986/1124/1095
f 1029/1214/1173 1015/1215/1184 1771/1212/1182
f 1771/1212/1182 289/1216/1185 1031/1213/1183
f 267/1130/1101 1772/1217/1186 1032/1218/1187
f 979/1129/1100 1030/1207/1177 1772/1217/1186
f 1030/1207/1177 1008/1219/1188 1772/1217/1186
f 1772/1217/1186 282/1220/1189 1032/1218/1187
f 275/1134/1105 1773/1221/1190 1033/1222/1191
f 987/1133/1104 1031/1213/1183 1773/1221/1190
f 1773/1221/1190 289/1216/1185 1016/1223/1192
f 1773/1221/1190 290/1224/1193 1033/1222/1191
f 980/1137/1108 1034/1225/1194 268/1138/1109
f 267/1130/1101 1774/1226/1195 980/1137/1108
f 1032/1218/1187 1009/1227/1196 1774/1226/1195
f 1774/1226/1195 283/1228/1197 1034/1225/1194
f 276/1142/1113 1775/1229/1198 1035/1230/1199
f 988/1141/1112 1033/1222/1191 1775/1229/1198
f 1033/1222/1191 1017/1231/1200 1775/1229/1198
f 1775/1229/1198 291/1232/1201 1035/1230/1199
f 269/1146/1117 1776/1233/1202 1036/1234/1203
f 268/1138/1109 1776/1233/1202 981/1145/1116
f 1034/1225/1194 1010/1235/1204 1776/1233/1202
f 1036/1234/1203 1010/1235/1204 284/1236/1205
f 277/1150/1121 1777/1237/1206 1023/1182/1152
f 989/1149/1120 1035/1230/1199 1777/1237/1206
f 1035/1230/1199 1018/1238/1207 1777/1237/1206
f 1777/1237/1206 292/1239/1208 1023/1182/1152
f 982/1153/1124 1025/1240/1209 270/1154/1125
f 269/1146/1117 1778/1241/1210 982/1153/1124
f 1778/1241/1210 284/1236/1205 1011/1242/1211
f 1025/1240/1209 1011/1242/1211 285/1187/1157
f 282/1220/1189 1779/1243/1212 1051/1244/1213
f 1008/1219/1188 1052/1245/1214 1779/1243/1212
f 1052/1245/1214 1037/1246/1215 1779/1243/1212
f 1779/1243/1212 297/1247/1216 1051/1244/1213
f 290/1224/1193 1780/1248/1217 1053/1249/1218
f 1016/1223/1192 1054/1250/1219 1780/1248/1217
f 1780/1248/1217 304/1251/1220 1045/1252/1221
f 1780/1248/1217 305/1253/1222 1053/1249/1218
f 283/1228/1197 1781/1254/1223 1055/1255/1224
f 282/1220/1189 1781/1254/1223 1009/1227/1196
f 1781/1254/1223 297/1247/1216 1038/1256/1225
f 1055/1255/1224 1038/1256/1225 298/1257/1226
f 1017/1231/1200 1056/1258/1227 291/1232/1201
f 1017/1231/1200 1053/1249/1218 1782/1259/1228
f 1053/1249/1218 1046/1260/1229 1782/1259/1228
f 1782/1259/1228 306/1261/1230 1056/1258/1227
f 1010/1235/1204 1057/1262/1231 284/1236/1205
f 283/1228/1197 1783/1263/1232 1010/1235/1204
f 1783/1263/1232 298/1257/1226 1039/1264/1233
f 1057/1262/1231 1039/1264/1233 299/1265/1234
f 292/1239/1208 1784/1266/1235 1058/1267/1236
f 1018/1238/1207 1056/1258/1227 1784/1266/1235
f 1056/1258/1227 1047/1268/1237 1784/1266/1235
f 1058/1267/1236 1047/1268/1237 307/1269/1238
f 1011/1242/1211 1059/1270/1239 285/1187/1157
f 284/1236/1205 1785/1271/1240 1011/1242/1211
f 1057/1262/1231 1040/1272/1241 1785/1271/1240
f 1059/1270/1239 1040/1272/1241 300/1273/1242
f 293/1184/1154 1786/1274/1243 1060/1275/1244
f 1019/1183/1153 1058/1267/1236 1786/1274/1243
f 1058/1267/1236 1048/1276/1245 1786/1274/1243
f 1786/1274/1243 308/1277/1246 1060/1275/1244
f 1012/1188/1158 1061/1278/1247 286/1189/1159
f 1012/1188/1158 1059/1270/1239 1787/1279/1248
f 1787/1279/1248 300/1273/1242 1041/1280/1249
f 1061/1278/1247 1041/1280/1249 301/1281/1250
f 294/1193/1163 1788/1282/1251 1062/1283/1252
f 293/1184/1154 1788/1282/1251 1020/1192/1162
f 1060/1275/1244 1049/1284/1253 1788/1282/1251
f 1788/1282/1251 309/1285/1254 1062/1283/1252
f 1013/1196/1166 1063/1286/1255 287/1197/1167
f 286/1189/1159 1789/1287/1256 1013/1196/1166
f 1789/1287/1256 301/1281/1250 1042/1288/1257
f 1789/1287/1256 302/1289/1258 1063/1286/1255
f 1021/1200/1170 1064/1290/1259 295/1201/1171
f 294/1193/1163 1790/1291/1260 1021/1200/1170
f 1790/1291/1260 309/1285/1254 1050/1292/1261
f 1064/1290/1259 1050/1292/1261 310/1293/1262
f 288/1205/1175 1791/1294/1263 1065/1295/1264
f 1014/1204/1174 1063/1286/1255 1791/1294/1263
f 1791/1294/1263 302/1289/1258 1043/1296/1265
f 1065/1295/1264 1043/1296/1265 303/1297/1266
f 281/1209/1179 1792/1298/1267 1052/1245/1214
f 1442/1299/1268 1440/1208/1178 326/51/51
f 296/1300/1269 1792/1298/1267 1442/1299/1268
f 1441/1210/1180 1443/1301/1270 482/55/55
f 295/1201/1171 1793/1302/1271 1441/1210/1180
f 310/1293/1262 1793/1302/1271 1064/1290/1259
f 1015/1215/1184 1054/1250/1219 289/1216/1185
f 288/1303/1175 1794/1304/1272 1015/1215/1184
f 1065/1305/1264 1044/1306/1273 1794/1304/1272
f 1794/1304/1272 304/1251/1220 1054/1250/1219
f 301/1281/1250 1795/1307/1274 1080/1308/1275
f 300/1273/1242 1795/1307/1274 1041/1280/1249
f 1795/1307/1274 315/1309/1276 1070/1310/1277
f 1080/1308/1275 1070/1310/1277 316/1311/1278
f 309/1285/1254 1796/1312/1279 1082/1313/1280
f 1049/1284/1253 1083/1314/1281 1796/1312/1279
f 1083/1314/1281 1078/1315/1282 1796/1312/1279
f 1796/1312/1279 324/1316/1283 1082/1313/1280
f 1042/1288/1257 1084/1317/1284 302/1289/1258
f 301/1281/1250 1797/1318/1285 1042/1288/1257
f 1797/1318/1285 316/1311/1278 1071/1319/1286
f 1084/1317/1284 1071/1319/1286 317/1320/1287
f 1050/1292/1261 1085/1321/1288 310/1293/1262
f 309/1285/1254 1798/1322/1289 1050/1292/1261
f 1798/1322/1289 324/1316/1283 1079/1323/1290
f 1085/1321/1288 1079/1323/1290 325/1324/1291
f 1043/1296/1265 1086/1325/1292 303/1297/1266
f 302/1289/1258 1799/1326/1293 1043/1296/1265
f 1084/1317/1284 1072/1327/1294 1799/1326/1293
f 1086/1325/1292 1072/1327/1294 318/1328/1295
f 296/1300/1269 1800/1329/1296 1087/1330/1297
f 1444/1331/1298 1442/1299/1268 326/51/51
f 311/1332/1299 1800/1329/1296 1444/1331/1298
f 1443/1301/1270 1445/1333/1300 482/55/55
f 310/1293/1262 1801/1334/1301 1443/1301/1270
f 325/1324/1291 1801/1334/1301 1085/1321/1288
f 304/1251/1220 1802/1335/1302 1088/1336/1303
f 1044/1306/1273 1086/1337/1292 1802/1335/1302
f 1086/1337/1292 1073/1338/1304 1802/1335/1302
f 1088/1336/1303 1073/1338/1304 319/1339/1305
f 297/1247/1216 1803/1340/1306 1089/1341/1307
f 1037/1246/1215 1087/1330/1297 1803/1340/1306
f 1087/1330/1297 1066/1342/1308 1803/1340/1306
f 1803/1340/1306 312/1343/1309 1089/1341/1307
f 305/1253/1222 1804/1344/1310 1090/1345/1311
f 1045/1252/1221 1088/1336/1303 1804/1344/1310
f 1088/1336/1303 1074/1346/1312 1804/1344/1310
f 1804/1344/1310 320/1347/1313 1090/1345/1311
f 1038/1256/1225 1091/1348/1314 298/1257/1226
f 297/1247/1216 1805/1349/1315 1038/1256/1225
f 1805/1349/1315 312/1343/1309 1067/1350/1316
f 1091/1348/1314 1067/1350/1316 313/1351/1317
f 306/1261/1230 1806/1352/1318 1092/1353/1319
f 305/1253/1222 1806/1352/1318 1046/1260/1229
f 1090/1345/1311 1075/1354/1320 1806/1352/1318
f 1806/1352/1318 321/1355/1321 1092/1353/1319
f 1039/1264/1233 1093/1356/1322 299/1265/1234
f 298/1257/1226 1807/1357/1323 1039/1264/1233
f 1807/1357/1323 313/1351/1317 1068/1358/1324
f 1807/1357/1323 314/1359/1325 1093/1356/1322
f 307/1269/1238 1808/1360/1326 1094/1361/1327
f 1047/1268/1237 1092/1353/1319 1808/1360/1326
f 1092/1353/1319 1076/1362/1328 1808/1360/1326
f 1808/1360/1326 322/1363/1329 1094/1361/1327
f 1040/1272/1241 1081/1364/1330 300/1273/1242
f 299/1265/1234 1809/1365/1331 1040/1272/1241
f 1809/1365/1331 314/1359/1325 1069/1366/1332
f 1081/1364/1330 1069/1366/1332 315/1309/1276
f 308/1277/1246 1810/1367/1333 1083/1314/1281
f 1048/1276/1245 1094/1361/1327 1810/1367/1333
f 1810/1367/1333 322/1363/1329 1077/1368/1334
f 1810/1367/1333 323/1369/1335 1083/1314/1281
f 1074/1346/1312 1110/1370/1336 320/1347/1313
f 1074/1346/1312 1111/1371/1337 1811/1372/1338
f 1111/1371/1337 1104/1373/1339 1811/1372/1338
f 1110/1370/1336 1104/1373/1339 336/1374/1340
f 313/1351/1317 1812/1375/1341 1112/1376/1342
f 312/1343/1309 1812/1375/1341 1067/1350/1316
f 1812/1375/1341 328/1377/1343 1097/1378/1344
f 1812/1375/1341 329/1379/1345 1112/1376/1342
f 321/1355/1321 1813/1380/1346 1114/1381/1347
f 1075/1354/1320 1110/1370/1336 1813/1380/1346
f 1110/1370/1336 1105/1382/1348 1813/1380/1346
f 1813/1380/1346 337/1383/1349 1114/1381/1347
f 1068/1358/1324 1115/1384/1350 314/1359/1325
f 1068/1358/1324 1112/1376/1342 1814/1385/1351
f 1814/1385/1351 329/1379/1345 1098/1386/1352
f 1115/1384/1350 1098/1386/1352 330/1387/1353
f 322/1363/1329 1815/1388/1354 1116/1389/1355
f 321/1355/1321 1815/1388/1354 1076/1362/1328
f 1114/1381/1347 1106/1390/1356 1815/1388/1354
f 1815/1388/1354 338/1391/1357 1116/1389/1355
f 315/1309/1276 1816/1392/1358 1117/1393/1359
f 314/1359/1325 1816/1392/1358 1069/1366/1332
f 1816/1392/1358 330/1387/1353 1099/1394/1360
f 1117/1393/1359 1099/1394/1360 331/1395/1361
f 1077/1368/1334 1118/1396/1362 323/1369/1335
f 1077/1368/1334 1116/1389/1355 1817/1397/1363
f 1116/1389/1355 1107/1398/1364 1817/1397/1363
f 1817/1397/1363 339/1399/1365 1118/1396/1362
f 1070/1310/1277 1119/1400/1366 316/1311/1278
f 315/1309/1276 1818/1401/1367 1070/1310/1277
f 1818/1401/1367 331/1395/1361 1100/1402/1368
f 1119/1400/1366 1100/1402/1368 332/1403/1369
f 324/1316/1283 1819/1404/1370 1120/1405/1371
f 323/1369/1335 1819/1404/1370 1078/1315/1282
f 1819/1404/1370 339/1399/1365 1108/1406/1372
f 1819/1404/1370 340/1407/1373 1120/1405/1371
f 1071/1319/1286 1121/1408/1374 317/1320/1287
f 1071/1319/1286 1119/1400/1366 1820/1409/1375
f 1119/1400/1366 1101/1410/1376 1820/1409/1375
f 1121/1408/1374 1101/1410/1376 333/1411/1377
f 1079/1323/1290 1122/1412/1378 325/1324/1291
f 324/1316/1283 1821/1413/1379 1079/1323/1290
f 1821/1413/1379 340/1407/1373 1109/1414/1380
f 1122/1412/1378 1109/1414/1380 341/1415/1381
f 318/1328/1295 1822/1416/1382 1123/1417/1383
f 317/1320/1287 1822/1416/1382 1072/1327/1294
f 1121/1408/1374 1102/1418/1384 1822/1416/1382
f 1123/1417/1383 1102/1418/1384 334/1419/1385
f 311/1332/1299 1823/1420/1386 1124/1421/1387
f 1095/1422/1388 1444/1331/1298 326/51/51
f 327/1423/1389 1823/1420/1386 1095/1422/1388
f 1445/1333/1300 1446/1424/1390 482/55/55
f 325/1324/1291 1824/1425/1391 1445/1333/1300
f 341/1415/1381 1824/1425/1391 1122/1412/1378
f 319/1339/1305 1825/1426/1392 1111/1371/1337
f 318/1427/1295 1825/1426/1392 1073/1338/1304
f 1123/1428/1383 1103/1429/1393 1825/1426/1392
f 1111/1371/1337 1103/1429/1393 335/1430/1394
f 312/1343/1309 1826/1431/1395 1113/1432/1396
f 1066/1342/1308 1124/1421/1387 1826/1431/1395
f 1124/1421/1387 1096/1433/1397 1826/1431/1395
f 1826/1431/1395 328/1377/1343 1113/1432/1396
f 340/1407/1373 1827/1434/1398 1139/1435/1399
f 1108/1406/1372 1140/1436/1400 1827/1434/1398
f 1140/1436/1400 1137/1437/1401 1827/1434/1398
f 1827/1434/1398 355/1438/1402 1139/1435/1399
f 333/1411/1377 1828/1439/1403 1141/1440/1404
f 332/1403/1369 1828/1439/1403 1101/1410/1376
f 1828/1439/1403 347/1441/1405 1130/1442/1406
f 1141/1440/1404 1130/1442/1406 348/1443/1407
f 1109/1414/1380 1143/1444/1408 341/1415/1381
f 340/1407/1373 1829/1445/1409 1109/1414/1380
f 1829/1445/1409 355/1438/1402 1138/1446/1410
f 1143/1444/1408 1138/1446/1410 356/1447/1411
f 1102/1418/1384 1144/1448/1412 334/1419/1385
f 333/1411/1377 1830/1449/1413 1102/1418/1384
f 1141/1440/1404 1131/1450/1414 1830/1449/1413
f 1144/1448/1412 1131/1450/1414 349/1451/1415
f 327/1423/1389 1831/1452/1416 1145/1453/1417
f 1447/1454/1418 1095/1422/1388 326/51/51
f 342/1455/1419 1831/1452/1416 1447/1454/1418
f 1446/1424/1390 1448/1456/1420 482/55/55
f 341/1415/1381 1832/1457/1421 1446/1424/1390
f 356/1447/1411 1832/1457/1421 1143/1444/1408
f 335/1430/1394 1833/1458/1422 1146/1459/1423
f 1103/1429/1393 1144/1460/1412 1833/1458/1422
f 1144/1460/1412 1132/1461/1424 1833/1458/1422
f 1146/1459/1423 1132/1461/1424 350/1462/1425
f 328/1377/1343 1834/1463/1426 1147/1464/1427
f 1096/1433/1397 1145/1453/1417 1834/1463/1426
f 1145/1453/1417 1125/1465/1428 1834/1463/1426
f 1834/1463/1426 343/1466/1429 1147/1464/1427
f 336/1374/1340 1835/1467/1430 1148/1468/1431
f 335/1430/1394 1835/1467/1430 1104/1373/1339
f 1146/1459/1423 1133/1469/1432 1835/1467/1430
f 1835/1467/1430 351/1470/1433 1148/1468/1431
f 1097/1378/1344 1149/1471/1434 329/1379/1345
f 328/1377/1343 1836/1472/1435 1097/1378/1344
f 1836/1472/1435 343/1466/1429 1126/1473/1436
f 1149/1471/1434 1126/1473/1436 344/1474/1437
f 337/1383/1349 1837/1475/1438 1150/1476/1439
f 1105/1382/1348 1148/1468/1431 1837/1475/1438
f 1148/1468/1431 1134/1477/1440 1837/1475/1438
f 1837/1475/1438 352/1478/1441 1150/1476/1439
f 1098/1386/1352 1151/1479/1442 330/1387/1353
f 329/1379/1345 1838/1480/1443 1098/1386/1352
f 1838/1480/1443 344/1474/1437 1127/1481/1444
f 1151/1479/1442 1127/1481/1444 345/1482/1445
f 338/1391/1357 1839/1483/1446 1152/1484/1447
f 1106/1390/1356 1150/1476/1439 1839/1483/1446
f 1150/1476/1439 1135/1485/1448 1839/1483/1446
f 1839/1483/1446 353/1486/1449 1152/1484/1447
f 1099/1394/1360 1153/1487/1450 331/1395/1361
f 330/1387/1353 1840/1488/1451 1099/1394/1360
f 1840/1488/1451 345/1482/1445 1128/1489/1452
f 1153/1487/1450 1128/1489/1452 346/1490/1453
f 339/1399/1365 1841/1491/1454 1140/1436/1400
f 1107/1398/1364 1152/1484/1447 1841/1491/1454
f 1152/1484/1447 1136/1492/1455 1841/1491/1454
f 1841/1491/1454 354/1493/1456 1140/1436/1400
f 1100/1402/1368 1142/1494/1457 332/1403/1369
f 331/1395/1361 1842/1495/1458 1100/1402/1368
f 1842/1495/1458 346/1490/1453 1129/1496/1459
f 1142/1494/1457 1129/1496/1459 347/1441/1405
f 344/1474/1437 1843/1497/1460 1168/1498/1461
f 343/1466/1429 1843/1497/1460 1126/1473/1436
f 1843/1497/1460 358/1499/1462 1155/1500/1463
f 1168/1498/1461 1155/1500/1463 359/1501/1464
f 352/1478/1441 1844/1502/1465 1170/1503/1466
f 351/1470/1433 1844/1502/1465 1134/1477/1440
f 1171/1504/1467 1163/1505/1468 1844/1502/1465
f 1844/1502/1465 367/1506/1469 1170/1503/1466
f 1127/1481/1444 1172/1507/1470 345/1482/1445
f 344/1474/1437 1845/1508/1471 1127/1481/1444
f 1845/1508/1471 359/1501/1464 1156/1509/1472
f 1172/1507/1470 1156/1509/1472 360/1510/1473
f 353/1486/1449 1846/1511/1474 1173/1512/1475
f 1135/1485/1448 1170/1503/1466 1846/1511/1474
f 1170/1503/1466 1164/1513/1476 1846/1511/1474
f 1846/1511/1474 368/1514/1477 1173/1512/1475
f 1128/1489/1452 1174/1515/1478 346/1490/1453
f 345/1482/1445 1847/1516/1479 1128/1489/1452
f 1847/1516/1479 360/1510/1473 1157/1517/1480
f 1174/1515/1478 1157/1517/1480 361/1518/1481
f 354/1493/1456 1848/1519/1482 1175/1520/1483
f 1136/1492/1455 1173/1512/1475 1848/1519/1482
f 1173/1512/1475 1165/1521/1484 1848/1519/1482
f 1848/1519/1482 369/1522/1485 1175/1520/1483
f 347/1441/1405 1849/1523/1486 1176/1524/1487
f 346/1490/1453 1849/1523/1486 1129/1496/1459
f 1849/1523/1486 361/1518/1481 1158/1525/1488
f 1176/1524/1487 1158/1525/1488 362/1526/1489
f 355/1438/1402 1850/1527/1490 1177/1528/1491
f 354/1493/1456 1850/1527/1490 1137/1437/1401
f 1175/1520/1483 1166/1529/1492 1850/1527/1490
f 1850/1527/1490 370/1530/1493 1177/1528/1491
f 1130/1442/1406 1178/1531/1494 348/1443/1407
f 347/1441/1405 1851/1532/1495 1130/1442/1406
f 1176/1524/1487 1159/1533/1496 1851/1532/1495
f 1178/1531/1494 1159/1533/1496 363/1534/1497
f 1138/1446/1410 1179/1535/1498 356/1447/1411
f 355/1438/1402 1852/1536/1499 1138/1446/1410
f 1852/1536/1499 370/1530/1493 1167/1537/1500
f 1179/1535/1498 1167/1537/1500 371/1538/1501
f 349/1451/1415 1853/1539/1502 1180/1540/1503
f 1131/1450/1414 1178/1531/1494 1853/1539/1502
f 1853/1539/1502 363/1534/1497 1160/1541/1504
f 1853/1539/1502 364/1542/1505 1180/1540/1503
f 342/1455/1419 1854/1543/1506 1181/1544/1507
f 1449/1545/1508 1447/1454/1418 326/51/51
f 357/1546/1509 1854/1543/1506 1449/1545/1508
f 1448/1456/1420 1450/1547/1510 482/55/55
f 356/1447/1411 1855/1548/1511 1448/1456/1420
f 371/1538/1501 1855/1548/1511 1179/1535/1498
f 1132/1461/1424 1182/1549/1512 350/1462/1425
f 349/1550/1415 1856/1551/1513 1132/1461/1424
f 1856/1551/1513 364/1552/1505 1161/1553/1514
f 1856/1551/1513 365/1554/1515 1182/1549/1512
f 343/1466/1429 1857/1555/1516 1169/1556/1517
f 1125/1465/1428 1181/1544/1507 1857/1555/1516
f 1181/1544/1507 1154/1557/1518 1857/1555/1516
f 1857/1555/1516 358/1499/1462 1169/1556/1517
f 351/1470/1433 1858/1558/1519 1171/1504/1467
f 1133/1469/1432 1182/1549/1512 1858/1558/1519
f 1182/1549/1512 1162/1559/1520 1858/1558/1519
f 1171/1504/1467 1162/1559/1520 366/1560/1521
f 363/1534/1497 1859/1561/1522 1197/1562/1523
f 362/1526/1489 1859/1561/1522 1159/1533/1496
f 1859/1561/1522 377/1563/1524 1188/1564/1525
f 1859/1561/1522 378/1565/1526 1197/1562/1523
f 1167/1537/1500 1199/1566/1527 371/1538/1501
f 370/1530/1493 1860/1567/1528 1167/1537/1500
f 1860/1567/1528 385/1568/1529 1196/1569/1530
f 1199/1566/1527 1196/1569/1530 386/1570/1531
f 1160/1541/1504 1201/1571/1532 364/1542/1505
f 1160/1541/1504 1197/1562/1523 1861/1572/1533
f 1861/1572/1533 378/1565/1526 1189/1573/1534
f 1861/1572/1533 379/1574/1535 1201/1571/1532
f 357/1546/1509 1862/1575/1536 1202/1576/1537
f 1451/1577/1538 1449/1545/1508 326/51/51
f 372/1578/1539 1862/1575/1536 1451/1577/1538
f 1450/1547/1510 1452/1579/1540 482/55/55
f 371/1538/1501 1863/1580/1541 1450/1547/1510
f 386/1570/1531 1863/1580/1541 1199/1566/1527
f 1161/1553/1514 1203/1581/1542 365/1554/1515
f 1161/1553/1514 1201/1582/1532 1864/1583/1543
f 1864/1583/1543 379/1584/1535 1190/1585/1544
f 1864/1583/1543 380/1586/1545 1203/1581/1542
f 358/1499/1462 1865/1587/1546 1204/1588/1547
f 1154/1557/1518 1202/1576/1537 1865/1587/1546
f 1202/1576/1537 1183/1589/1548 1865/1587/1546
f 1865/1587/1546 373/1590/1549 1204/1588/1547
f 366/1560/1521 1866/1591/1550 1205/1592/1551
f 365/1554/1515 1866/1591/1550 1162/1559/1520
f 1866/1591/1550 380/1586/1545 1191/1593/1552
f 1866/1591/1550 381/1594/1553 1205/1592/1551
f 1155/1500/1463 1206/1595/1554 359/1501/1464
f 358/1499/1462 1867/1596/1555 1155/1500/1463
f 1867/1596/1555 373/1590/1549 1184/1597/1556
f 1206/1595/1554 1184/1597/1556 374/1598/1557
f 367/1506/1469 1868/1599/1558 1207/1600/1559
f 1163/1505/1468 1205/1592/1551 1868/1599/1558
f 1205/1592/1551 1192/1601/1560 1868/1599/1558
f 1868/1599/1558 382/1602/1561 1207/1600/1559
f 1156/1509/1472 1208/1603/1562 360/1510/1473
f 359/1501/1464 1869/1604/1563 1156/1509/1472
f 1869/1604/1563 374/1598/1557 1185/1605/1564
f 1208/1603/1562 1185/1605/1564 375/1606/1565
f 368/1514/1477 1870/1607/1566 1209/1608/1567
f 1164/1513/1476 1207/1600/1559 1870/1607/1566
f 1207/1600/1559 1193/1609/1568 1870/1607/1566
f 1870/1607/1566 383/1610/1569 1209/1608/1567
f 1157/1517/1480 1210/1611/1570 361/1518/1481
f 360/1510/1473 1871/1612/1571 1157/1517/1480
f 1871/1612/1571 375/1606/1565 1186/1613/1572
f 1210/1611/1570 1186/1613/1572 376/1614/1573
f 369/1522/1485 1872/1615/1574 1211/1616/1575
f 1165/1521/1484 1209/1608/1567 1872/1615/1574
f 1209/1608/1567 1194/1617/1576 1872/1615/1574
f 1872/1615/1574 384/1618/1577 1211/1616/1575
f 1158/1525/1488 1198/1619/1578 362/1526/1489
f 361/1518/1481 1873/1620/1579 1158/1525/1488
f 1873/1620/1579 376/1614/1573 1187/1621/1580
f 1198/1619/1578 1187/1621/1580 377/1563/1524
f 370/1530/1493 1874/1622/1581 1200/1623/1582
f 1166/1529/1492 1211/1616/1575 1874/1622/1581
f 1211/1616/1575 1195/1624/1583 1874/1622/1581
f 1874/1622/1581 385/1568/1529 1200/1623/1582
f 382/1602/1561 1875/1625/1584 1226/1626/1585
f 381/1594/1553 1875/1625/1584 1192/1601/1560
f 1227/1627/1586 1221/1628/1587 1875/1625/1584
f 1875/1625/1584 397/1629/1588 1226/1626/1585
f 1185/1605/1564 1228/1630/1589 375/1606/1565
f 374/1598/1557 1876/1631/1590 1185/1605/1564
f 1229/1632/1591 1214/1633/1592 1876/1631/1590
f 1228/1630/1589 1214/1633/1592 390/1634/1593
f 383/1610/1569 1877/1635/1594 1230/1636/1595
f 1193/1609/1568 1226/1626/1585 1877/1635/1594
f 1226/1626/1585 1222/1637/1596 1877/1635/1594
f 1230/1636/1595 1222/1637/1596 398/1638/1597
f 1186/1613/1572 1231/1639/1598 376/1614/1573
f 375/1606/1565 1878/1640/1599 1186/1613/1572
f 1228/1630/1589 1215/1641/1600 1878/1640/1599
f 1231/1639/1598 1215/1641/1600 391/1642/1601
f 384/1618/1577 1879/1643/1602 1232/1644/1603
f 1194/1617/1576 1230/1636/1595 1879/1643/1602
f 1230/1636/1595 1223/1645/1604 1879/1643/1602
f 1232/1644/1603 1223/1645/1604 399/1646/1605
f 377/1563/1524 1880/1647/1606 1233/1648/1607
f 376/1614/1573 1880/1647/1606 1187/1621/1580
f 1880/1647/1606 391/1642/1601 1216/1649/1608
f 1233/1648/1607 1216/1649/1608 392/1650/1609
f 385/1568/1529 1881/1651/1610 1234/1652/1611
f 384/1618/1577 1881/1651/1610 1195/1624/1583
f 1232/1644/1603 1224/1653/1612 1881/1651/1610
f 1234/1652/1611 1224/1653/1612 400/1654/1613
f 1188/1564/1525 1235/1655/1614 378/1565/1526
f 377/1563/1524 1882/1656/1615 1188/1564/1525
f 1882/1656/1615 392/1650/1609 1217/1657/1616
f 1882/1656/1615 393/1658/1617 1235/1655/1614
f 1196/1569/1530 1236/1659/1618 386/1570/1531
f 385/1568/1529 1883/1660/1619 1196/1569/1530
f 1883/1660/1619 400/1654/1613 1225/1661/1620
f 1236/1659/1618 1225/1661/1620 401/1662/1621
f 379/1574/1535 1884/1663/1622 1237/1664/1623
f 1189/1573/1534 1235/1655/1614 1884/1663/1622
f 1235/1655/1614 1218/1665/1624 1884/1663/1622
f 1237/1664/1623 1218/1665/1624 394/1666/1625
f 372/1578/1539 1885/1667/1626 1238/1668/1627
f 1453/1669/1628 1451/1577/1538 326/51/51
f 387/1670/1629 1885/1667/1626 1453/1669/1628
f 1452/1579/1540 1454/1671/1630 482/55/55
f 386/1570/1531 1886/1672/1631 1452/1579/1540
f 401/1662/1621 1886/1672/1631 1236/1659/1618
f 1190/1585/1544 1239/1673/1632 380/1586/1545
f 379/1584/1535 1887/1674/1633 1190/1585/1544
f 1237/1675/1623 1219/1676/1634 1887/1674/1633
f 1239/1673/1632 1219/1676/1634 395/1677/1635
f 373/1590/1549 1888/1678/1636 1240/1679/1637
f 1183/1589/1548 1238/1668/1627 1888/1678/1636
f 1238/1668/1627 1212/1680/1638 1888/1678/1636
f 1888/1678/1636 388/1681/1639 1240/1679/1637
f 381/1594/1553 1889/1682/1640 1227/1627/1586
f 1191/1593/1552 1239/1673/1632 1889/1682/1640
f 1889/1682/1640 395/1677/1635 1220/1683/1641
f 1889/1682/1640 396/1684/1642 1227/1627/1586
f 374/1598/1557 1890/1685/1643 1229/1632/1591
f 373/1590/1549 1890/1685/1643 1184/1597/1556
f 1240/1679/1637 1213/1686/1644 1890/1685/1643
f 1229/1632/1591 1213/1686/1644 389/1687/1645
f 1225/1661/1620 1255/1688/1646 401/1662/1621
f 400/1654/1613 1891/1689/1647 1225/1661/1620
f 1891/1689/1647 415/1690/1648 1254/1691/1649
f 1255/1688/1646 1254/1691/1649 416/1692/1650
f 1218/1665/1624 1257/1693/1651 394/1666/1625
f 393/1658/1617 1892/1694/1652 1218/1665/1624
f 1258/1695/1653 1247/1696/1654 1892/1694/1652
f 1257/1693/1651 1247/1696/1654 409/1697/1655
f 387/1670/1629 1893/1698/1656 1259/1699/1657
f 1455/1700/1658 1453/1669/1628 326/51/51
f 402/1701/1659 1893/1698/1656 1455/1700/1658
f 1454/1671/1630 1456/1702/1660 482/55/55
f 401/1662/1621 1894/1703/1661 1454/1671/1630
f 416/1692/1650 1894/1703/1661 1255/1688/1646
f 395/1677/1635 1895/1704/1662 1260/1705/1663
f 1219/1676/1634 1257/1706/1651 1895/1704/1662
f 1257/1706/1651 1248/1707/1664 1895/1704/1662
f 1260/1705/1663 1248/1707/1664 410/1708/1665
f 388/1681/1639 1896/1709/1666 1261/1710/1667
f 1212/1680/1638 1259/1699/1657 1896/1709/1666
f 1259/1699/1657 1241/1711/1668 1896/1709/1666
f 1896/1709/1666 403/1712/1669 1261/1710/1667
f 396/1684/1642 1897/1713/1670 1262/1714/1671
f 395/1677/1635 1897/1713/1670 1220/1683/1641
f 1260/1705/1663 1249/1715/1672 1897/1713/1670
f 1897/1713/1670 411/1716/1673 1262/1714/1671
f 1213/1686/1644 1263/1717/1674 389/1687/1645
f 388/1681/1639 1898/1718/1675 1213/1686/1644
f 1898/1718/1675 403/1712/1669 1242/1719/1676
f 1263/1717/1674 1242/1719/1676 404/1720/1677
f 397/1629/1588 1899/1721/1678 1264/1722/1679
f 1221/1628/1587 1262/1714/1671 1899/1721/1678
f 1262/1714/1671 1250/1723/1680 1899/1721/1678
f 1899/1721/1678 412/1724/1681 1264/1722/1679
f 390/1634/1593 1900/1725/1682 1265/1726/1683
f 389/1687/1645 1900/1725/1682 1214/1633/1592
f 1900/1725/1682 404/1720/1677 1243/1727/1684
f 1265/1726/1683 1243/1727/1684 405/1728/1685
f 398/1638/1597 1901/1729/1686 1266/1730/1687
f 397/1629/1588 1901/1729/1686 1222/1637/1596
f 1264/1722/1679 1251/1731/1688 1901/1729/1686
f 1901/1729/1686 413/1732/1689 1266/1730/1687
f 391/1642/1601 1902/1733/1690 1267/1734/1691
f 390/1634/1593 1902/1733/1690 1215/1641/1600
f 1902/1733/1690 405/1728/1685 1244/1735/1692
f 1267/1734/1691 1244/1735/1692 406/1736/1693
f 399/1646/1605 1903/1737/1694 1268/1738/1695
f 398/1638/1597 1903/1737/1694 1223/1645/1604
f 1266/1730/1687 1252/1739/1696 1903/1737/1694
f 1903/1737/1694 414/1740/1697 1268/1738/1695
f 1216/1649/1608 1269/1741/1698 392/1650/1609
f 391/1642/1601 1904/1742/1699 1216/1649/1608
f 1904/1742/1699 406/1736/1693 1245/1743/1700
f 1269/1741/1698 1245/1743/1700 407/1744/1701
f 400/1654/1613 1905/1745/1702 1256/1746/1703
f 1224/1653/1612 1268/1738/1695 1905/1745/1702
f 1268/1738/1695 1253/1747/1704 1905/1745/1702
f 1905/1745/1702 415/1690/1648 1256/1746/1703
f 393/1658/1617 1906/1748/1705 1258/1695/1653
f 392/1650/1609 1906/1748/1705 1217/1657/1616
f 1906/1748/1705 407/1744/1701 1246/1749/1706
f 1258/1695/1653 1246/1749/1706 408/1750/1707
f 413/1732/1689 1907/1751/1708 1284/1752/1709
f 1251/1731/1688 1285/1753/1710 1907/1751/1708
f 1907/1751/1708 427/1754/1711 1280/1755/1712
f 1907/1751/1708 428/1756/1713 1284/1752/1709
f 1244/1735/1692 1286/1757/1714 406/1736/1693
f 405/1728/1685 1908/1758/1715 1244/1735/1692
f 1908/1758/1715 420/1759/1716 1273/1760/1717
f 1908/1758/1715 421/1761/1718 1286/1757/1714
f 414/1740/1697 1909/1762/1719 1288/1763/1720
f 1252/1739/1696 1284/1752/1709 1909/1762/1719
f 1284/1752/1709 1281/1764/1721 1909/1762/1719
f 1909/1762/1719 429/1765/1722 1288/1763/1720
f 1245/1743/1700 1289/1766/1723 407/1744/1701
f 406/1736/1693 1910/1767/1724 1245/1743/1700
f 1910/1767/1724 421/1761/1718 1274/1768/1725
f 1289/1766/1723 1274/1768/1725 422/1769/1726
f 1253/1747/1704 1290/1770/1727 415/1690/1648
f 1253/1747/1704 1288/1763/1720 1911/1771/1728
f 1911/1771/1728 429/1765/1722 1282/1772/1729
f 1911/1771/1728 430/1773/1730 1290/1770/1727
f 1246/1749/1706 1291/1774/1731 408/1750/1707
f 407/1744/1701 1912/1775/1732 1246/1749/1706
f 1289/1766/1723 1275/1776/1733 1912/1775/1732
f 1912/1775/1732 423/1777/1734 1291/1774/1731
f 1254/1691/1649 1292/1778/1735 416/1692/1650
f 415/1690/1648 1913/1779/1736 1254/1691/1649
f 1913/1779/1736 430/1773/1730 1283/1780/1737
f 1292/1778/1735 1283/1780/1737 431/1781/1738
f 409/1697/1655 1914/1782/1739 1293/1783/1740
f 408/1750/1707 1914/1782/1739 1247/1696/1654
f 1914/1782/1739 423/1777/1734 1276/1784/1741
f 1293/1783/1740 1276/1784/1741 424/1785/1742
f 402/1701/1659 1915/1786/1743 1294/1787/1744
f 1457/1788/1745 1455/1700/1658 326/51/51
f 417/1789/1746 1915/1786/1743 1457/1788/1745
f 1456/1702/1660 1458/1790/1747 482/55/55
f 416/1692/1650 1916/1791/1748 1456/1702/1660
f 431/1781/1738 1916/1791/1748 1292/1778/1735
f 410/1708/1665 1917/1792/1749 1295/1793/1750
f 409/1794/1655 1917/1792/1749 1248/1707/1664
f 1293/1795/1740 1277/1796/1751 1917/1792/1749
f 1917/1792/1749 425/1797/1752 1295/1793/1750
f 403/1712/1669 1918/1798/1753 1296/1799/1754
f 1241/1711/1668 1294/1787/1744 1918/1798/1753
f 1294/1787/1744 1270/1800/1755 1918/1798/1753
f 1918/1798/1753 418/1801/1756 1296/1799/1754
f 411/1716/1673 1919/1802/1757 1297/1803/1758
f 1249/1715/1672 1295/1793/1750 1919/1802/1757
f 1919/1802/1757 425/1797/1752 1278/1804/1759
f 1919/1802/1757 426/1805/1760 1297/1803/1758
f 1242/1719/1676 1298/1806/1761 404/1720/1677
f 1242/1719/1676 1296/1799/1754 1920/1807/1762
f 1920/1807/1762 418/1801/1756 1271/1808/1763
f 1920/1807/1762 419/1809/1764 1298/1806/1761
f 412/1724/1681 1921/1810/1765 1285/1753/1710
f 1250/1723/1680 1297/1803/1758 1921/1810/1765
f 1297/1803/1758 1279/1811/1766 1921/1810/1765
f 1921/1810/1765 427/1754/1711 1285/1753/1710
f 1243/1727/1684 1287/1812/1767 405/1728/1685
f 404/1720/1677 1922/1813/1768 1243/1727/1684
f 1922/1813/1768 419/1809/1764 1272/1814/1769
f 1287/1812/1767 1272/1814/1769 420/1759/1716
f 417/1789/1746 1923/1815/1770 1313/1816/1771
f 1459/1817/1772 1457/1788/1745 326/51/51
f 432/1818/1773 1923/1815/1770 1459/1817/1772
f 1458/1790/1747 1460/1819/1774 482/55/55
f 431/1781/1738 1924/1820/1775 1458/1790/1747
f 446/1821/1776 1924/1820/1775 1314/1822/1777
f 425/1797/1752 1925/1823/1778 1315/1824/1779
f 424/1825/1742 1925/1823/1778 1277/1796/1751
f 1316/1826/1780 1306/1827/1781 1925/1823/1778
f 1315/1824/1779 1306/1827/1781 440/1828/1782
f 418/1801/1756 1926/1829/1783 1317/1830/1784
f 1270/1800/1755 1313/1816/1771 1926/1829/1783
f 1313/1816/1771 1299/1831/1785 1926/1829/1783
f 1926/1829/1783 433/1832/1786 1317/1830/1784
f 426/1805/1760 1927/1833/1787 1318/1834/1788
f 1278/1804/1759 1315/1824/1779 1927/1833/1787
f 1315/1824/1779 1307/1835/1789 1927/1833/1787
f 1927/1833/1787 441/1836/1790 1318/1834/1788
f 419/1809/1764 1928/1837/1791 1319/1838/1792
f 418/1801/1756 1928/1837/1791 1271/1808/1763
f 1928/1837/1791 433/1832/1786 1300/1839/1793
f 1319/1838/1792 1300/1839/1793 434/1840/1794
f 1279/1811/1766 1320/1841/1795 427/1754/1711
f 1279/1811/1766 1318/1834/1788 1929/1842/1796
f 1318/1834/1788 1308/1843/1797 1929/1842/1796
f 1929/1842/1796 442/1844/1798 1320/1841/1795
f 1272/1814/1769 1321/1845/1799 420/1759/1716
f 419/1809/1764 1930/1846/1800 1272/1814/1769
f 1930/1846/1800 434/1840/1794 1301/1847/1801
f 1321/1845/1799 1301/1847/1801 435/1848/1802
f 428/1756/1713 1931/1849/1803 1322/1850/1804
f 1280/1755/1712 1320/1841/1795 1931/1849/1803
f 1931/1849/1803 442/1844/1798 1309/1851/1805
f 1931/1849/1803 443/1852/1806 1322/1850/1804
f 1273/1760/1717 1323/1853/1807 421/1761/1718
f 420/1759/1716 1932/1854/1808 1273/1760/1717
f 1932/1854/1808 435/1848/1802 1302/1855/1809
f 1932/1854/1808 436/1856/1810 1323/1853/1807
f 429/1765/1722 1933/1857/1811 1324/1858/1812
f 1281/1764/1721 1322/1850/1804 1933/1857/1811
f 1322/1850/1804 1310/1859/1813 1933/1857/1811
f 1933/1857/1811 444/1860/1814 1324/1858/1812
f 1274/1768/1725 1325/1861/1815 422/1769/1726
f 1274/1768/1725 1323/1853/1807 1934/1862/1816
f 1934/1862/1816 436/1856/1810 1303/1863/1817
f 1325/1861/1815 1303/1863/1817 437/1864/1818
f 430/1773/1730 1935/1865/1819 1326/1866/1820
f 429/1765/1722 1935/1865/1819 1282/1772/1729
f 1324/1858/1812 1311/1867/1821 1935/1865/1819
f 1935/1865/1819 445/1868/1822 1326/1866/1820
f 423/1777/1734 1936/1869/1823 1327/1870/1824
f 422/1769/1726 1936/1869/1823 1275/1776/1733
f 1936/1869/1823 437/1864/1818 1304/1871/1825
f 1327/1870/1824 1304/1871/1825 438/1872/1826
f 1283/1780/1737 1314/1822/1777 431/1781/1738
f 430/1773/1730 1937/1873/1827 1283/1780/1737
f 1937/1873/1827 445/1868/1822 1312/1874/1828
f 1314/1822/1777 1312/1874/1828 446/1821/1776
f 424/1785/1742 1938/1875/1829 1316/1876/1780
f 423/1777/1734 1938/1875/1829 1276/1784/1741
f 1327/1870/1824 1305/1877/1830 1938/1875/1829
f 1316/1876/1780 1305/1877/1830 439/1878/1831
f 1302/1855/1809 1342/1879/1832 436/1856/1810
f 435/1848/1802 1939/1880/1833 1302/1855/1809
f 1939/1880/1833 450/1881/1834 1331/1882/1835
f 1342/1879/1832 1331/1882/1835 451/1883/1836
f 444/1860/1814 1940/1884/1837 1344/1885/1838
f 1310/1859/1813 1345/1886/1839 1940/1884/1837
f 1940/1884/1837 458/1887/1840 1339/1888/1841
f 1940/1884/1837 459/1889/1842 1344/1885/1838
f 1303/1863/1817 1346/1890/1843 437/1864/1818
f 436/1856/1810 1941/1891/1844 1303/1863/1817
f 1941/1891/1844 451/1883/1836 1332/1892/1845
f 1346/1890/1843 1332/1892/1845 452/1893/1846
f 445/1868/1822 1942/1894/1847 1347/1895/1848
f 1311/1867/1821 1344/1885/1838 1942/1894/1847
f 1344/1885/1838 1340/1896/1849 1942/1894/1847
f 1942/1894/1847 460/1897/1850 1347/1895/1848
f 1304/1871/1825 1348/1898/1851 438/1872/1826
f 1304/1871/1825 1346/1890/1843 1943/1899/1852
f 1346/1890/1843 1333/1900/1853 1943/1899/1852
f 1348/1898/1851 1333/1900/1853 453/1901/1854
f 1312/1874/1828 1349/1902/1855 446/1821/1776
f 445/1868/1822 1944/1903/1856 1312/1874/1828
f 1944/1903/1856 460/1897/1850 1341/1904/1857
f 1349/1902/1855 1341/1904/1857 461/1905/1858
f 1305/1877/1830 1350/1906/1859 439/1878/1831
f 438/1872/1826 1945/1907/1860 1305/1877/1830
f 1945/1907/1860 453/1901/1854 1334/1908/1861
f 1945/1907/1860 454/1909/1862 1350/1906/1859
f 432/1818/1773 1946/1910/1863 1351/1911/1864
f 1461/1912/1865 1459/1817/1772 326/51/51
f 447/1913/1866 1946/1910/1863 1461/1912/1865
f 1460/1819/1774 1462/1914/1867 482/55/55
f 446/1821/1776 1947/1915/1868 1460/1819/1774
f 461/1905/1858 1947/1915/1868 1349/1902/1855
f 440/1828/1782 1948/1916/1869 1352/1917/1870
f 1306/1827/1781 1350/1918/1859 1948/1916/1869
f 1948/1916/1869 454/1919/1862 1335/1920/1871
f 1948/1916/1869 455/1921/1872 1352/1917/1870
f 433/1832/1786 1949/1922/1873 1353/1923/1874
f 1299/1831/1785 1351/1911/1864 1949/1922/1873
f 1351/1911/1864 1328/1924/1875 1949/1922/1873
f 1949/1922/1873 448/1925/1876 1353/1923/1874
f 1307/1835/1789 1354/1926/1877 441/1836/1790
f 1307/1835/1789 1352/1917/1870 1950/1927/1878
f 1352/1917/1870 1336/1928/1879 1950/1927/1878
f 1354/1926/1877 1336/1928/1879 456/1929/1880
f 1300/1839/1793 1355/1930/1881 434/1840/1794
f 433/1832/1786 1951/1931/1882 1300/1839/1793
f 1951/1931/1882 448/1925/1876 1329/1932/1883
f 1355/1930/1881 1329/1932/1883 449/1933/1884
f 442/1844/1798 1952/1934/1885 1356/1935/1886
f 1308/1843/1797 1354/1926/1877 1952/1934/1885
f 1354/1926/1877 1337/1936/1887 1952/1934/1885
f 1952/1934/1885 457/1937/1888 1356/1935/1886
f 1301/1847/1801 1343/1938/1889 435/1848/1802
f 434/1840/1794 1953/1939/1890 1301/1847/1801
f 1953/1939/1890 449/1933/1884 1330/1940/1891
f 1953/1939/1890 450/1881/1834 1343/1938/1889
f 1309/1851/1805 1345/1886/1839 443/1852/1806
f 1309/1851/1805 1356/1935/1886 1954/1941/1892
f 1356/1935/1886 1338/1942/1893 1954/1941/1892
f 1954/1941/1892 458/1887/1840 1345/1886/1839
f 455/1921/1872 1955/1943/1894 1371/1944/1895
f 1335/1920/1871 1372/1945/1896 1955/1943/1894
f 1955/1943/1894 469/1946/1897 1364/1947/1898
f 1955/1943/1894 470/1948/1899 1371/1944/1895
f 448/1925/1876 1956/1949/1900 1373/1950/1901
f 1328/1924/1875 1374/1951/1902 1956/1949/1900
f 1374/1951/1902 1357/1952/1903 1956/1949/1900
f 1956/1949/1900 463/1953/1904 1373/1950/1901
f 456/1929/1880 1957/1954/1905 1375/1955/1906
f 455/1921/1872 1957/1954/1905 1336/1928/1879
f 1371/1944/1895 1365/1956/1907 1957/1954/1905
f 1957/1954/1905 471/1957/1908 1375/1955/1906
f 1329/1932/1883 1376/1958/1909 449/1933/1884
f 448/1925/1876 1958/1959/1910 1329/1932/1883
f 1958/1959/1910 463/1953/1904 1358/1960/1911
f 1376/1958/1909 1358/1960/1911 464/1961/1912
f 457/1937/1888 1959/1962/1913 1377/1963/1914
f 1337/1936/1887 1375/1955/1906 1959/1962/1913
f 1959/1962/1913 471/1957/1908 1366/1964/1915
f 1959/1962/1913 472/1965/1916 1377/1963/1914
f 1330/1940/1891 1378/1966/1917 450/1881/1834
f 449/1933/1884 1960/1967/1918 1330/1940/1891
f 1960/1967/1918 464/1961/1912 1359/1968/1919
f 1378/1966/1917 1359/1968/1919 465/1969/1920
f 458/1887/1840 1961/1970/1921 1379/1971/1922
f 1338/1942/1893 1377/1963/1914 1961/1970/1921
f 1377/1963/1914 1367/1972/1923 1961/1970/1921
f 1961/1970/1921 473/1973/1924 1379/1971/1922
f 1331/1882/1835 1380/1974/1925 451/1883/1836
f 450/1881/1834 1962/1975/1926 1331/1882/1835
f 1962/1975/1926 465/1969/1920 1360/1976/1927
f 1380/1974/1925 1360/1976/1927 466/1977/1928
f 459/1889/1842 1963/1978/1929 1381/1979/1930
f 1339/1888/1841 1379/1971/1922 1963/1978/1929
f 1379/1971/1922 1368/1980/1931 1963/1978/1929
f 1963/1978/1929 474/1981/1932 1381/1979/1930
f 1332/1892/1845 1382/1982/1933 452/1893/1846
f 451/1883/1836 1964/1983/1934 1332/1892/1845
f 1964/1983/1934 466/1977/1928 1361/1984/1935
f 1964/1983/1934 467/1985/1936 1382/1982/1933
f 460/1897/1850 1965/1986/1937 1383/1987/1938
f 1340/1896/1849 1381/1979/1930 1965/1986/1937
f 1381/1979/1930 1369/1988/1939 1965/1986/1937
f 1965/1986/1937 475/1989/1940 1383/1987/1938
f 453/1901/1854 1966/1990/1941 1384/1991/1942
f 452/1893/1846 1966/1990/1941 1333/1900/1853
f 1966/1990/1941 467/1985/1936 1362/1992/1943
f 1384/1991/1942 1362/1992/1943 468/1993/1944
f 1341/1904/1857 1385/1994/1945 461/1905/1858
f 460/1897/1850 1967/1995/1946 1341/1904/1857
f 1967/1995/1946 475/1989/1940 1370/1996/1947
f 1385/1994/1945 1370/1996/1947 476/1997/1948
f 1334/1908/1861 1372/1998/1896 454/1909/1862
f 453/1901/1854 1968/1999/1949 1334/1908/1861
f 1968/1999/1949 468/1993/1944 1363/2000/1950
f 1968/1999/1949 469/2001/1897 1372/1998/1896
f 447/1913/1866 1969/2002/1951 1374/1951/1902
f 1463/2003/1952 1461/1912/1865 326/51/51
f 462/2004/1953 1969/2002/1951 1463/2003/1952
f 1462/1914/1867 1464/2005/1954 482/55/55
f 461/1905/1858 1970/2006/1955 1462/1914/1867
f 476/1997/1948 1970/2006/1955 1385/1994/1945
f 1368/1980/1931 1465/2007/1956 474/1981/1932
f 1368/1980/1931 1466/2008/1957 1971/2009/1958
f 1466/2008/1957 490/9/9 1971/2009/1958
f 1971/2009/1958 10/11/11 1465/2007/1956
f 1361/1984/1935 1467/2010/1959 467/1985/1936
f 1361/1984/1935 1468/2011/1960 1972/2012/1961
f 1972/2012/1961 5/3/3 487/16/16
f 1972/2012/1961 6/18/18 1467/2010/1959
f 475/1989/1940 1973/2013/1962 1390/2014/1963
f 1369/1988/1939 1465/2007/1956 1973/2013/1962
f 1465/2007/1956 1398/22/22 1973/2013/1962
f 1973/2013/1962 480/24/24 1390/2014/1963
f 468/1993/1944 1974/2015/1964 1469/2016/1965
f 467/1985/1936 1974/2015/1964 1362/1992/1943
f 1974/2015/1964 6/18/18 488/28/28
f 1469/2016/1965 488/28/28 7/30/30
f 1370/1996/1947 1391/2017/1966 476/1997/1948
f 475/1989/1940 1975/2018/1967 1370/1996/1947
f 1975/2018/1967 480/24/24 1388/34/34
f 1391/2017/1966 1388/34/34 481/36/36
f 1363/2000/1950 1392/2019/1968 469/2001/1897
f 1363/2000/1950 1469/2016/1965 1976/2020/1969
f 1469/2016/1965 1396/40/40 1976/2020/1969
f 1976/2020/1969 477/42/42 1392/2019/1968
f 462/2004/1953 1977/2021/1970 1470/2022/1971
f 1395/50/50 1463/2003/1952 326/51/51
f 1/46/46 1977/2021/1970 1395/50/50
f 1464/2005/1954 1389/53/53 482/55/55
f 476/1997/1948 1978/2023/1972 1464/2005/1954
f 481/36/36 1978/2023/1972 1391/2017/1966
f 1364/1947/1898 1393/2024/1973 470/1948/1899
f 1364/1947/1898 1392/2025/1968 1979/2026/1974
f 1392/2025/1968 1386/60/60 1979/2026/1974
f 1393/2024/1973 1386/60/60 478/57/57
f 463/1953/1904 1980/2027/1975 1471/2028/1976
f 1357/1952/1903 1470/2022/1971 1980/2027/1975
f 1470/2022/1971 483/68/66 1980/2027/1975
f 1980/2027/1975 2/65/63 1471/2028/1976
f 471/1957/1908 1981/2029/1977 1394/2030/1978
f 470/1948/1899 1981/2029/1977 1365/1956/1907
f 1393/2024/1973 1387/74/72 1981/2029/1977
f 1981/2029/1977 479/71/69 1394/2030/1978
f 1358/1960/1911 1472/2031/1979 464/1961/1912
f 463/1953/1904 1982/2032/1980 1358/1960/1911
f 1982/2032/1980 2/65/63 484/80/78
f 1472/2031/1979 484/80/78 3/77/75
f 1366/1964/1915 1473/2033/1981 472/1965/1916
f 1366/1964/1915 1394/2030/1978 1983/2034/1982
f 1983/2034/1982 479/71/69 1397/86/84
f 1983/2034/1982 8/83/81 1473/2033/1981
f 1359/1968/1919 1474/2035/1983 465/1969/1920
f 464/1961/1912 1984/2036/1984 1359/1968/1919
f 1984/2036/1984 3/77/75 485/89/87
f 1474/2035/1983 485/89/87 4/4/4
f 473/1973/1924 1985/2037/1985 1466/2008/1957
f 1367/1972/1923 1473/2033/1981 1985/2037/1985
f 1473/2033/1981 489/95/93 1985/2037/1985
f 1985/2037/1985 9/93/91 1466/2008/1957
f 1360/1976/1927 1468/2011/1960 466/1977/1928
f 465/1969/1920 1986/2038/1986 1360/1976/1927
f 1986/2038/1986 4/4/4 486/1/1
f 1468/2011/1960 486/1/1 5/3/3
f 486/1/1 1475/5/5 505/2/2
f 4/4/4 506/90/88 1475/5/5
f 1475/5/5 506/90/88 14/6/6
f 505/2/2 1475/5/5 494/7/7
f 490/9/9 1476/13/13 507/10/10
f 490/9/9 9/93/91 508/12/12
f 508/12/12 22/97/95 502/14/14
f 1476/13/13 502/14/14 23/15/15
f 487/16/16 1477/19/19 509/17/17
f 5/3/3 505/2/2 1477/19/19
f 1477/19/19 505/2/2 15/8/8
f 509/17/17 1477/19/19 495/20/20
f 1398/22/22 1478/25/25 1401/23/23
f 10/11/11 507/10/10 1478/25/25
f 1478/25/25 507/10/10 23/15/15
f 1401/23/23 1478/25/25 503/26/26
f 488/28/28 1479/31/31 510/29/29
f 6/18/18 509/17/17 1479/31/31
f 1479/31/31 509/17/17 16/21/21
f 510/29/29 1479/31/31 496/32/32
f 1388/34/34 1480/37/37 1402/35/35
f 480/24/24 1401/23/23 1480/37/37
f 1480/37/37 1401/23/23 24/27/27
f 1402/35/35 1480/37/37 504/38/38
f 1396/40/40 1481/43/43 1403/41/41
f 7/30/30 510/29/29 1481/43/43
f 1481/43/43 510/29/29 17/33/33
f 1481/43/43 497/44/44 18/45/45
f 1/46/46 1395/50/50 1482/47/47
f 1399/49/49 1482/47/47 1395/50/50
f 11/52/52 511/48/48 1482/47/47
f 1389/53/53 1483/56/56 1400/54/54
f 481/36/36 1402/35/35 1483/56/56
f 25/39/39 1400/54/54 1483/56/56
f 478/57/57 1386/60/60 1484/58/58
f 1386/60/60 477/2039/42 1403/61/41
f 1484/58/58 1403/61/41 18/62/45
f 1484/58/58 498/63/61 19/64/62
f 2/65/63 483/68/66 1485/66/64
f 483/68/66 1/46/46 511/48/48
f 511/48/48 11/52/52 491/69/67
f 1485/66/64 491/69/67 12/70/68
f 479/71/69 1387/74/72 1486/72/70
f 1387/74/72 478/57/57 1404/59/59
f 1404/59/59 19/64/62 499/75/73
f 1486/72/70 499/75/73 20/76/74
f 3/77/75 484/80/78 1487/78/76
f 484/80/78 2/65/63 512/67/65
f 1487/78/76 512/67/65 12/70/68
f 513/79/77 1487/78/76 492/81/79
f 8/83/81 1397/86/84 1488/84/82
f 1397/86/84 479/71/69 1405/73/71
f 1405/73/71 20/76/74 500/87/85
f 1488/84/82 500/87/85 21/88/86
f 485/89/87 1489/91/89 506/90/88
f 485/89/87 3/77/75 513/79/77
f 1489/91/89 513/79/77 13/82/80
f 506/90/88 1489/91/89 493/92/90
f 9/93/91 489/95/93 1490/94/92
f 489/95/93 8/83/81 514/85/83
f 514/85/83 21/88/86 501/96/94
f 1490/94/92 501/96/94 22/97/95
f 493/92/90 1491/100/98 529/98/96
f 493/92/90 13/82/80 530/99/97
f 1491/100/98 530/99/97 28/101/99
f 529/98/96 1491/100/98 517/102/100
f 22/97/95 501/96/94 1492/104/102
f 501/96/94 21/88/86 532/106/104
f 532/106/104 36/160/157 525/107/105
f 1492/104/102 525/107/105 37/108/106
f 494/7/7 1493/110/108 533/109/107
f 14/6/6 529/98/96 1493/110/108
f 1493/110/108 529/98/96 29/103/101
f 533/109/107 1493/110/108 518/111/109
f 502/14/14 1494/114/112 534/113/111
f 502/14/14 22/97/95 531/105/103
f 531/105/103 37/108/106 526/115/113
f 1494/114/112 526/115/113 38/116/114
f 495/20/20 1495/118/116 535/117/115
f 495/20/20 15/8/8 533/109/107
f 1495/118/116 533/109/107 30/112/110
f 1495/118/116 519/119/117 31/120/118
f 24/27/27 503/26/26 1496/121/119
f 23/15/15 534/113/111 1496/121/119
f 1496/121/119 534/113/111 38/116/114
f 536/122/120 1496/121/119 527/123/121
f 17/33/33 496/32/32 1497/125/123
f 16/21/21 535/117/115 1497/125/123
f 1497/125/123 535/117/115 31/120/118
f 1497/125/123 520/127/125 32/128/126
f 504/38/38 1498/130/128 538/129/127
f 24/27/27 536/122/120 1498/130/128
f 1498/130/128 536/122/120 39/124/122
f 538/129/127 1498/130/128 528/131/129
f 18/45/45 497/44/44 1499/133/131
f 17/33/33 537/126/124 1499/133/131
f 1499/133/131 537/126/124 32/128/126
f 1499/133/131 521/135/133 33/136/134
f 11/52/52 1399/49/49 1500/137/135
f 1406/139/137 1500/137/135 1399/49/49
f 26/140/138 540/138/136 1500/137/135
f 1400/54/54 1501/142/140 1407/141/139
f 25/39/39 538/129/127 1501/142/140
f 40/132/130 1407/141/139 1501/142/140
f 19/64/62 498/63/61 1502/143/141
f 18/62/45 539/2040/132 1502/143/141
f 1502/143/141 539/2040/132 33/145/134
f 1502/143/141 522/146/143 34/147/144
f 12/70/68 491/69/67 1503/148/145
f 491/69/67 11/52/52 540/138/136
f 540/138/136 26/140/138 515/150/147
f 1503/148/145 515/150/147 27/151/148
f 20/76/74 499/75/73 1504/152/149
f 19/64/62 541/144/142 1504/152/149
f 1504/152/149 541/144/142 34/147/144
f 1504/152/149 523/154/151 35/155/152
f 492/81/79 1505/156/153 530/99/97
f 12/70/68 542/149/146 1505/156/153
f 542/149/146 27/151/148 516/157/154
f 1505/156/153 516/157/154 28/101/99
f 500/87/85 1506/158/155 532/106/104
f 500/87/85 20/76/74 543/153/150
f 1506/158/155 543/153/150 35/155/152
f 1506/158/155 524/159/156 36/160/157
f 33/136/134 521/135/133 1507/161/158
f 32/128/126 559/163/160 1507/161/158
f 559/163/160 47/221/217 550/164/161
f 558/162/159 1507/161/158 550/164/161
f 26/140/138 1406/139/137 1508/166/163
f 1408/168/165 1508/166/163 1406/139/137
f 41/169/166 560/167/164 1508/166/163
f 1407/141/139 1509/171/168 1409/170/167
f 40/132/130 561/173/170 1509/171/168
f 55/172/169 1409/170/167 1509/171/168
f 34/147/144 522/146/143 1510/174/171
f 33/145/134 558/176/159 1510/174/171
f 558/176/159 48/265/162 551/177/173
f 562/175/172 1510/174/171 551/177/173
f 27/151/148 515/150/147 1511/179/175
f 515/150/147 26/140/138 560/167/164
f 560/167/164 41/169/166 544/181/177
f 1511/179/175 544/181/177 42/182/178
f 523/154/151 1512/184/180 564/183/179
f 523/154/151 34/147/144 562/175/172
f 1512/184/180 562/175/172 49/178/174
f 1512/184/180 552/185/181 50/186/182
f 516/157/154 1513/188/184 565/187/183
f 516/157/154 27/151/148 563/180/176
f 1513/188/184 563/180/176 42/182/178
f 565/187/183 1513/188/184 545/189/185
f 524/159/156 1514/192/188 566/191/187
f 524/159/156 35/155/152 564/183/179
f 564/183/179 50/186/182 553/193/189
f 1514/192/188 553/193/189 51/194/190
f 29/103/101 517/102/100 1515/195/191
f 517/102/100 28/101/99 565/187/183
f 565/187/183 43/190/186 546/197/193
f 567/196/192 1515/195/191 546/197/193
f 37/108/106 525/107/105 1516/199/195
f 525/107/105 36/160/157 566/191/187
f 1516/199/195 566/191/187 51/194/190
f 568/200/196 1516/199/195 554/201/197
f 518/111/109 1517/204/200 569/203/199
f 29/103/101 567/196/192 1517/204/200
f 567/196/192 44/198/194 547/205/201
f 569/203/199 1517/204/200 547/205/201
f 526/115/113 1518/208/204 570/207/203
f 37/108/106 568/200/196 1518/208/204
f 568/200/196 52/202/198 555/209/205
f 570/207/203 1518/208/204 555/209/205
f 519/119/117 1519/212/208 571/211/207
f 519/119/117 30/112/110 569/203/199
f 1519/212/208 569/203/199 45/206/202
f 571/211/207 1519/212/208 548/213/209
f 527/123/121 1520/216/212 572/215/211
f 527/123/121 38/116/114 570/207/203
f 570/207/203 53/210/206 556/217/213
f 1520/216/212 556/217/213 54/218/214
f 520/127/125 1521/219/215 559/163/160
f 520/127/125 31/120/118 571/211/207
f 1521/219/215 571/211/207 46/214/210
f 1521/219/215 549/220/216 47/221/217
f 528/131/129 1522/222/218 561/173/170
f 39/124/122 572/215/211 1522/222/218
f 1522/222/218 572/215/211 54/218/214
f 561/173/170 1522/222/218 557/223/219
f 52/202/198 554/201/197 1523/224/220
f 554/201/197 51/194/190 588/226/222
f 588/226/222 66/284/278 583/227/223
f 1523/224/220 583/227/223 67/228/224
f 547/205/201 1524/230/226 589/229/225
f 44/198/194 590/285/279 1524/230/226
f 1524/230/226 590/285/279 59/231/227
f 589/229/225 1524/230/226 576/232/228
f 53/210/206 555/209/205 1525/234/230
f 555/209/205 52/202/198 587/225/221
f 1525/234/230 587/225/221 67/228/224
f 591/235/231 1525/234/230 584/236/232
f 548/213/209 1526/239/235 592/238/234
f 548/213/209 45/206/202 589/229/225
f 1526/239/235 589/229/225 60/233/229
f 592/238/234 1526/239/235 577/240/236
f 54/218/214 556/217/213 1527/242/238
f 53/210/206 591/235/231 1527/242/238
f 591/235/231 68/237/233 585/244/240
f 1527/242/238 585/244/240 69/245/241
f 549/220/216 1528/247/243 594/246/242
f 46/214/210 592/238/234 1528/247/243
f 1528/247/243 592/238/234 61/241/237
f 1528/247/243 578/248/244 62/249/245
f 557/223/219 1529/251/247 595/250/246
f 54/218/214 593/243/239 1529/251/247
f 1529/251/247 593/243/239 69/245/241
f 595/250/246 1529/251/247 586/252/248
f 48/165/162 550/164/161 1530/254/250
f 550/164/161 47/221/217 594/246/242
f 1530/254/250 594/246/242 62/249/245
f 1530/254/250 579/256/252 63/257/253
f 41/169/166 1408/168/165 1531/258/254
f 1410/260/256 1531/258/254 1408/168/165
f 56/261/257 597/259/255 1531/258/254
f 1409/170/167 1532/263/259 1411/262/258
f 55/172/169 595/250/246 1532/263/259
f 70/253/249 1411/262/258 1532/263/259
f 551/177/173 1533/266/261 598/264/260
f 48/265/162 596/2041/251 1533/266/261
f 1533/266/261 596/2041/251 63/267/253
f 1533/266/261 580/268/262 64/269/263
f 42/182/178 544/181/177 1534/270/264
f 544/181/177 41/169/166 597/259/255
f 597/259/255 56/261/257 573/272/266
f 1534/270/264 573/272/266 57/273/267
f 50/186/182 552/185/181 1535/274/268
f 552/185/181 49/178/174 598/264/260
f 1535/274/268 598/264/260 64/269/263
f 1535/274/268 581/276/270 65/277/271
f 43/190/186 545/189/185 1536/278/272
f 42/182/178 599/271/265 1536/278/272
f 1536/278/272 599/271/265 57/273/267
f 601/279/273 1536/278/272 574/280/274
f 553/193/189 1537/282/276 588/226/222
f 553/193/189 50/186/182 600/275/269
f 600/275/269 65/277/271 582/283/277
f 1537/282/276 582/283/277 66/284/278
f 546/197/193 1538/286/280 590/285/279
f 43/190/186 601/279/273 1538/286/280
f 1538/286/280 601/279/273 58/281/275
f 1538/286/280 575/287/281 59/231/227
f 56/261/257 1410/260/256 1539/288/282
f 1412/290/284 1539/288/282 1410/260/256
f 71/291/285 616/289/283 1539/288/282
f 1411/262/258 1540/293/287 1413/292/286
f 70/253/249 617/295/289 1540/293/287
f 85/294/288 1413/292/286 1540/293/287
f 64/269/263 580/268/262 1541/296/290
f 580/268/262 63/267/253 619/298/292
f 619/298/292 78/389/343 609/299/293
f 618/297/291 1541/296/290 609/299/293
f 57/273/267 573/272/266 1542/301/295
f 573/272/266 56/261/257 616/289/283
f 616/289/283 71/291/285 602/303/297
f 1542/301/295 602/303/297 72/304/298
f 65/277/271 581/276/270 1543/305/299
f 581/276/270 64/269/263 618/297/291
f 618/297/291 79/300/294 610/307/301
f 621/306/300 1543/305/299 610/307/301
f 574/280/274 1544/310/304 622/309/303
f 57/273/267 620/302/296 1544/310/304
f 1544/310/304 620/302/296 72/304/298
f 622/309/303 1544/310/304 603/311/305
f 66/284/278 582/283/277 1545/313/307
f 65/277/271 621/306/300 1545/313/307
f 621/306/300 80/308/302 611/315/309
f 1545/313/307 611/315/309 81/316/310
f 575/287/281 1546/318/312 624/317/311
f 58/281/275 622/309/303 1546/318/312
f 1546/318/312 622/309/303 73/312/306
f 624/317/311 1546/318/312 604/319/313
f 583/227/223 1547/322/316 625/321/315
f 583/227/223 66/284/278 623/314/308
f 623/314/308 81/316/310 612/323/317
f 1547/322/316 612/323/317 82/324/318
f 576/232/228 1548/326/320 626/325/319
f 576/232/228 59/231/227 624/317/311
f 1548/326/320 624/317/311 74/320/314
f 626/325/319 1548/326/320 605/327/321
f 68/237/233 584/236/232 1549/329/323
f 584/236/232 67/228/224 625/321/315
f 625/321/315 82/324/318 613/331/325
f 1549/329/323 613/331/325 83/332/326
f 61/241/237 577/240/236 1550/333/327
f 60/233/229 626/325/319 1550/333/327
f 1550/333/327 626/325/319 75/328/322
f 628/334/328 1550/333/327 606/335/329
f 69/245/241 585/244/240 1551/337/331
f 585/244/240 68/237/233 627/330/324
f 627/330/324 83/332/326 614/339/333
f 1551/337/331 614/339/333 84/340/334
f 578/248/244 1552/342/336 630/341/335
f 61/241/237 628/334/328 1552/342/336
f 1552/342/336 628/334/328 76/336/330
f 630/341/335 1552/342/336 607/343/337
f 586/252/248 1553/345/339 617/295/289
f 69/245/241 629/338/332 1553/345/339
f 1553/345/339 629/338/332 84/340/334
f 617/295/289 1553/345/339 615/346/340
f 579/256/252 1554/348/341 619/347/292
f 62/249/245 630/341/335 1554/348/341
f 630/341/335 77/344/338 608/349/342
f 619/347/292 1554/348/341 608/349/342
f 75/328/322 605/327/321 1555/351/344
f 74/320/314 646/410/401 1555/351/344
f 1555/351/344 646/410/401 89/353/346
f 645/352/345 1555/351/344 634/354/347
f 83/332/326 613/331/325 1556/356/349
f 613/331/325 82/324/318 648/358/351
f 648/358/351 97/414/405 642/359/352
f 1556/356/349 642/359/352 98/360/353
f 606/335/329 1557/362/355 649/361/354
f 75/328/322 645/352/345 1557/362/355
f 1557/362/355 645/352/345 90/355/348
f 649/361/354 1557/362/355 635/363/356
f 614/339/333 1558/366/359 650/365/358
f 614/339/333 83/332/326 647/357/350
f 647/357/350 98/360/353 643/367/360
f 1558/366/359 643/367/360 99/368/361
f 607/343/337 1559/370/363 651/369/362
f 607/343/337 76/336/330 649/361/354
f 649/361/354 91/364/357 636/371/364
f 651/369/362 1559/370/363 636/371/364
f 615/346/340 1560/374/367 652/373/366
f 84/340/334 650/365/358 1560/374/367
f 1560/374/367 650/365/358 99/368/361
f 652/373/366 1560/374/367 644/375/368
f 78/350/343 608/349/342 1561/377/370
f 77/344/338 651/369/362 1561/377/370
f 651/369/362 92/372/365 637/379/372
f 653/378/371 1561/377/370 637/379/372
f 71/291/285 1412/290/284 1562/381/374
f 1414/383/376 1562/381/374 1412/290/284
f 86/384/377 654/382/375 1562/381/374
f 1413/292/286 1563/386/379 1415/385/378
f 85/294/288 652/373/366 1563/386/379
f 100/376/369 1415/385/378 1563/386/379
f 79/300/294 609/299/293 1564/387/380
f 78/389/343 653/390/371 1564/387/380
f 653/390/371 93/417/373 638/391/382
f 655/388/381 1564/387/380 638/391/382
f 72/304/298 602/303/297 1565/393/384
f 602/303/297 71/291/285 654/382/375
f 654/382/375 86/384/377 631/395/386
f 1565/393/384 631/395/386 87/396/387
f 80/308/302 610/307/301 1566/397/388
f 79/300/294 655/388/381 1566/397/388
f 655/388/381 94/392/383 639/399/390
f 657/398/389 1566/397/388 639/399/390
f 603/311/305 1567/402/393 658/401/392
f 603/311/305 72/304/298 656/394/385
f 1567/402/393 656/394/385 87/396/387
f 658/401/392 1567/402/393 632/403/394
f 81/316/310 611/315/309 1568/405/396
f 611/315/309 80/308/302 657/398/389
f 657/398/389 95/400/391 640/407/398
f 1568/405/396 640/407/398 96/408/399
f 74/320/314 604/319/313 1569/409/400
f 73/312/306 658/401/392 1569/409/400
f 1569/409/400 658/401/392 88/404/395
f 646/410/401 1569/409/400 633/411/402
f 82/324/318 612/323/317 1570/412/403
f 81/316/310 659/406/397 1570/412/403
f 659/406/397 96/408/399 641/413/404
f 1570/412/403 641/413/404 97/414/405
f 94/392/383 638/391/382 1571/415/406
f 93/417/373 675/418/408 1571/415/406
f 675/418/408 108/514/462 667/419/409
f 674/416/407 1571/415/406 667/419/409
f 87/396/387 631/395/386 1572/421/411
f 631/395/386 86/384/377 677/423/413
f 677/423/413 101/476/465 660/424/414
f 1572/421/411 660/424/414 102/425/415
f 95/400/391 639/399/390 1573/426/416
f 639/399/390 94/392/383 674/416/407
f 674/416/407 109/420/410 668/428/418
f 1573/426/416 668/428/418 110/429/419
f 632/403/394 1574/431/421 679/430/420
f 87/396/387 676/422/412 1574/431/421
f 1574/431/421 676/422/412 102/425/415
f 679/430/420 1574/431/421 661/432/422
f 96/408/399 640/407/398 1575/434/424
f 640/407/398 95/400/391 678/427/417
f 678/427/417 110/429/419 669/436/426
f 1575/434/424 669/436/426 111/437/427
f 633/411/402 1576/439/429 681/438/428
f 88/404/395 679/430/420 1576/439/429
f 1576/439/429 679/430/420 103/433/423
f 681/438/428 1576/439/429 662/440/430
f 97/414/405 641/413/404 1577/442/432
f 641/413/404 96/408/399 680/435/425
f 680/435/425 111/437/427 670/444/434
f 1577/442/432 670/444/434 112/445/435
f 634/354/347 1578/447/437 683/446/436
f 89/353/346 681/438/428 1578/447/437
f 1578/447/437 681/438/428 104/441/431
f 683/446/436 1578/447/437 663/448/438
f 98/360/353 642/359/352 1579/450/440
f 642/359/352 97/414/405 682/443/433
f 682/443/433 112/445/435 671/452/442
f 1579/450/440 671/452/442 113/453/443
f 635/363/356 1580/455/445 685/454/444
f 90/355/348 683/446/436 1580/455/445
f 1580/455/445 683/446/436 105/449/439
f 685/454/444 1580/455/445 664/456/446
f 99/368/361 643/367/360 1581/458/448
f 643/367/360 98/360/353 684/451/441
f 684/451/441 113/453/443 672/460/450
f 1581/458/448 672/460/450 114/461/451
f 636/371/364 1582/463/453 687/462/452
f 91/364/357 685/454/444 1582/463/453
f 1582/463/453 685/454/444 106/457/447
f 687/462/452 1582/463/453 665/464/454
f 644/375/368 1583/467/457 688/466/456
f 99/368/361 686/459/449 1583/467/457
f 1583/467/457 686/459/449 114/461/451
f 688/466/456 1583/467/457 673/468/458
f 93/380/373 637/379/372 1584/470/460
f 92/372/365 687/462/452 1584/470/460
f 687/462/452 107/465/455 666/472/461
f 675/471/408 1584/470/460 666/472/461
f 86/384/377 1414/383/376 1585/474/463
f 1416/475/464 1585/474/463 1414/383/376
f 101/476/465 677/423/413 1585/474/463
f 1415/385/378 1586/478/467 1417/477/466
f 100/376/369 688/466/456 1586/478/467
f 115/469/459 1417/477/466 1586/478/467
f 113/453/443 671/452/442 1587/479/468
f 671/452/442 112/445/435 704/481/470
f 1587/479/468 704/481/470 127/482/471
f 1587/479/468 700/483/472 128/484/473
f 664/456/446 1588/486/475 705/485/474
f 105/449/439 706/487/476 1588/486/475
f 706/487/476 120/542/529 693/488/477
f 705/485/474 1588/486/475 693/488/477
f 114/461/451 672/460/450 1589/490/479
f 672/460/450 113/453/443 703/480/469
f 703/480/469 128/484/473 701/492/481
f 1589/490/479 701/492/481 129/493/482
f 665/464/454 1590/495/484 708/494/483
f 106/457/447 705/485/474 1590/495/484
f 1590/495/484 705/485/474 121/489/478
f 708/494/483 1590/495/484 694/496/485
f 673/468/458 1591/499/488 709/498/487
f 114/461/451 707/491/480 1591/499/488
f 1591/499/488 707/491/480 129/493/482
f 709/498/487 1591/499/488 702/500/489
f 108/473/462 666/472/461 1592/502/491
f 107/465/455 708/494/483 1592/502/491
f 708/494/483 122/497/486 695/504/493
f 710/503/492 1592/502/491 695/504/493
f 101/476/465 1416/475/464 1593/506/495
f 1418/508/497 1593/506/495 1416/475/464
f 116/509/498 711/507/496 1593/506/495
f 1417/477/466 1594/511/500 1419/510/499
f 115/469/459 709/498/487 1594/511/500
f 130/501/490 1419/510/499 1594/511/500
f 109/420/410 667/419/409 1595/512/501
f 108/514/462 710/515/492 1595/512/501
f 710/515/492 123/2042/494 696/516/503
f 712/513/502 1595/512/501 696/516/503
f 102/425/415 660/424/414 1596/518/505
f 660/424/414 101/476/465 711/507/496
f 711/507/496 116/509/498 689/520/507
f 1596/518/505 689/520/507 117/521/508
f 110/429/419 668/428/418 1597/522/509
f 668/428/418 109/420/410 712/513/502
f 712/513/502 124/517/504 697/524/511
f 1597/522/509 697/524/511 125/525/512
f 661/432/422 1598/527/514 715/526/513
f 102/425/415 713/519/506 1598/527/514
f 1598/527/514 713/519/506 117/521/508
f 715/526/513 1598/527/514 690/528/515
f 111/437/427 669/436/426 1599/530/517
f 669/436/426 110/429/419 714/523/510
f 714/523/510 125/525/512 698/532/519
f 716/531/518 1599/530/517 698/532/519
f 662/440/430 1600/535/522 717/534/521
f 103/433/423 715/526/513 1600/535/522
f 1600/535/522 715/526/513 118/529/516
f 1600/535/522 691/536/523 119/537/524
f 112/445/435 670/444/434 1601/538/525
f 670/444/434 111/437/427 716/531/518
f 716/531/518 126/533/520 699/539/526
f 1601/538/525 699/539/526 127/482/471
f 663/448/438 1602/540/527 706/487/476
f 104/441/431 717/534/521 1602/540/527
f 1602/540/527 717/534/521 119/537/524
f 706/487/476 1602/540/527 692/541/528
f 697/524/511 1603/544/531 732/543/530
f 124/517/504 733/545/532 1603/544/531
f 733/545/532 139/603/588 726/546/533
f 1603/544/531 726/546/533 140/547/534
f 690/528/515 1604/549/536 734/548/535
f 117/521/508 735/605/590 1604/549/536
f 1604/549/536 735/605/590 132/550/537
f 734/548/535 1604/549/536 719/551/538
f 126/533/520 698/532/519 1605/553/540
f 698/532/519 125/525/512 732/543/530
f 732/543/530 140/547/534 727/555/542
f 736/554/541 1605/553/540 727/555/542
f 691/536/523 1606/558/545 737/557/544
f 691/536/523 118/529/516 734/548/535
f 1606/558/545 734/548/535 133/552/539
f 737/557/544 1606/558/545 720/559/546
f 127/482/471 699/539/526 1607/561/548
f 699/539/526 126/533/520 736/554/541
f 1607/561/548 736/554/541 141/556/543
f 1607/561/548 728/563/550 142/564/551
f 692/541/528 1608/566/553 739/565/552
f 119/537/524 737/557/544 1608/566/553
f 1608/566/553 737/557/544 134/560/547
f 1608/566/553 721/567/554 135/568/555
f 700/483/472 1609/570/557 740/569/556
f 700/483/472 127/482/471 738/562/549
f 738/562/549 142/564/551 729/571/558
f 1609/570/557 729/571/558 143/572/559
f 693/488/477 1610/574/561 741/573/560
f 120/542/529 739/565/552 1610/574/561
f 739/565/552 135/568/555 722/575/562
f 741/573/560 1610/574/561 722/575/562
f 129/493/482 701/492/481 1611/577/564
f 701/492/481 128/484/473 740/569/556
f 740/569/556 143/572/559 730/579/566
f 1611/577/564 730/579/566 144/580/567
f 122/497/486 694/496/485 1612/581/568
f 694/496/485 121/489/478 741/573/560
f 1612/581/568 741/573/560 136/576/563
f 743/582/569 1612/581/568 723/583/570
f 702/500/489 1613/586/573 744/585/572
f 129/493/482 742/578/565 1613/586/573
f 1613/586/573 742/578/565 144/580/567
f 744/585/572 1613/586/573 731/587/574
f 695/504/493 1614/590/577 745/589/576
f 122/497/486 743/582/569 1614/590/577
f 1614/590/577 743/582/569 137/584/571
f 1614/590/577 724/591/578 138/592/579
f 116/509/498 1418/508/497 1615/593/580
f 1420/595/582 1615/593/580 1418/508/497
f 131/596/583 746/594/581 1615/593/580
f 1419/510/499 1616/598/585 1421/597/584
f 130/501/490 744/585/572 1616/598/585
f 145/588/575 1421/597/584 1616/598/585
f 124/517/504 696/516/503 1617/599/586
f 696/516/503 123/2042/494 745/600/576
f 1617/599/586 745/600/576 138/601/579
f 1617/599/586 725/602/587 139/603/588
f 117/521/508 689/520/507 1618/604/589
f 689/520/507 116/509/498 746/594/581
f 746/594/581 131/596/583 718/606/591
f 1618/604/589 718/606/591 132/550/537
f 144/580/567 730/579/566 1619/607/592
f 730/579/566 143/572/559 762/609/594
f 762/609/594 158/666/650 759/610/595
f 1619/607/592 759/610/595 159/611/596
f 723/583/570 1620/613/598 763/612/597
f 136/576/563 764/667/651 1620/613/598
f 1620/613/598 764/667/651 151/614/599
f 763/612/597 1620/613/598 752/615/600
f 731/587/574 1621/618/603 765/617/602
f 144/580/567 761/608/593 1621/618/603
f 1621/618/603 761/608/593 159/611/596
f 765/617/602 1621/618/603 760/619/604
f 138/592/579 724/591/578 1622/621/606
f 724/591/578 137/584/571 763/612/597
f 1622/621/606 763/612/597 152/616/601
f 766/622/607 1622/621/606 753/623/608
f 131/596/583 1420/595/582 1623/625/610
f 1422/627/612 1623/625/610 1420/595/582
f 146/628/613 767/626/611 1623/625/610
f 1421/597/584 1624/630/615 1423/629/614
f 145/588/575 765/617/602 1624/630/615
f 160/620/605 1423/629/614 1624/630/615
f 725/602/587 1625/632/617 768/631/616
f 138/601/579 766/633/607 1625/632/617
f 766/633/607 153/724/609 754/634/618
f 1625/632/617 754/634/618 154/635/619
f 132/550/537 718/606/591 1626/636/620
f 718/606/591 131/596/583 767/626/611
f 767/626/611 146/628/613 747/638/622
f 1626/636/620 747/638/622 147/639/623
f 140/547/534 726/546/533 1627/640/624
f 726/546/533 139/603/588 768/631/616
f 768/631/616 154/635/619 755/642/626
f 1627/640/624 755/642/626 155/643/627
f 719/551/538 1628/645/629 771/644/628
f 132/550/537 769/637/621 1628/645/629
f 1628/645/629 769/637/621 147/639/623
f 771/644/628 1628/645/629 748/646/630
f 141/556/543 727/555/542 1629/648/632
f 727/555/542 140/547/534 770/641/625
f 770/641/625 155/643/627 756/650/634
f 1629/648/632 756/650/634 156/651/635
f 720/559/546 1630/653/637 773/652/636
f 133/552/539 771/644/628 1630/653/637
f 1630/653/637 771/644/628 148/647/631
f 773/652/636 1630/653/637 749/654/638
f 728/563/550 1631/657/641 774/656/640
f 728/563/550 141/556/543 772/649/633
f 772/649/633 156/651/635 757/658/642
f 1631/657/641 757/658/642 157/659/643
f 721/567/554 1632/661/645 775/660/644
f 721/567/554 134/560/547 773/652/636
f 1632/661/645 773/652/636 149/655/639
f 775/660/644 1632/661/645 750/662/646
f 143/572/559 729/571/558 1633/664/648
f 729/571/558 142/564/551 774/656/640
f 774/656/640 157/659/643 758/665/649
f 1633/664/648 758/665/649 158/666/650
f 722/575/562 1634/668/652 764/667/651
f 135/568/555 775/660/644 1634/668/652
f 1634/668/652 775/660/644 150/663/647
f 764/667/651 1634/668/652 751/669/653
f 748/646/630 1635/671/655 790/670/654
f 147/639/623 791/729/711 1635/671/655
f 1635/671/655 791/729/711 162/672/656
f 790/670/654 1635/671/655 777/673/657
f 156/651/635 756/650/634 1636/675/659
f 155/643/627 793/677/661 1636/675/659
f 793/677/661 170/733/715 785/678/662
f 1636/675/659 785/678/662 171/679/663
f 749/654/638 1637/681/665 794/680/664
f 148/647/631 790/670/654 1637/681/665
f 1637/681/665 790/670/654 163/674/658
f 794/680/664 1637/681/665 778/682/666
f 157/659/643 757/658/642 1638/684/668
f 156/651/635 792/676/660 1638/684/668
f 792/676/660 171/679/663 786/686/670
f 795/685/669 1638/684/668 786/686/670
f 150/663/647 750/662/646 1639/688/672
f 149/655/639 794/680/664 1639/688/672
f 794/680/664 164/683/667 779/690/674
f 796/689/673 1639/688/672 779/690/674
f 158/666/650 758/665/649 1640/692/676
f 758/665/649 157/659/643 795/685/669
f 795/685/669 172/687/671 787/694/678
f 1640/692/676 787/694/678 173/695/679
f 151/614/599 751/669/653 1641/696/680
f 150/663/647 796/689/673 1641/696/680
f 1641/696/680 796/689/673 165/691/675
f 798/697/681 1641/696/680 780/698/682
f 159/611/596 759/610/595 1642/700/684
f 759/610/595 158/666/650 797/693/677
f 797/693/677 173/695/679 788/702/686
f 1642/700/684 788/702/686 174/703/687
f 752/615/600 1643/705/689 800/704/688
f 151/614/599 798/697/681 1643/705/689
f 1643/705/689 798/697/681 166/699/683
f 1643/705/689 781/706/690 167/707/691
f 760/619/604 1644/709/693 801/708/692
f 159/611/596 799/701/685 1644/709/693
f 1644/709/693 799/701/685 174/703/687
f 801/708/692 1644/709/693 789/710/694
f 153/624/609 753/623/608 1645/712/696
f 152/616/601 800/704/688 1645/712/696
f 1645/712/696 800/704/688 167/707/691
f 802/713/697 1645/712/696 782/714/698
f 146/628/613 1422/627/612 1646/716/700
f 1424/718/702 1646/716/700 1422/627/612
f 161/719/703 803/717/701 1646/716/700
f 1423/629/614 1647/721/705 1425/720/704
f 160/620/605 801/708/692 1647/721/705
f 175/711/695 1425/720/704 1647/721/705
f 154/635/619 754/634/618 1648/722/706
f 153/724/609 802/725/697 1648/722/706
f 802/725/697 168/756/699 783/726/708
f 1648/722/706 783/726/708 169/727/709
f 147/639/623 747/638/622 1649/728/710
f 747/638/622 146/628/613 803/717/701
f 803/717/701 161/719/703 776/730/712
f 1649/728/710 776/730/712 162/672/656
f 155/643/627 755/642/626 1650/731/713
f 755/642/626 154/635/619 804/723/707
f 1650/731/713 804/723/707 169/727/709
f 1650/731/713 784/732/714 170/733/715
f 781/706/690 1651/736/718 819/734/716
f 781/706/690 166/699/683 820/735/717
f 1651/736/718 820/735/717 181/737/719
f 1651/736/718 810/738/720 182/739/721
f 789/710/694 1652/741/723 821/740/722
f 174/703/687 822/795/775 1652/741/723
f 1652/741/723 822/795/775 189/742/724
f 821/740/722 1652/741/723 818/743/725
f 168/715/699 782/714/698 1653/745/727
f 782/714/698 167/707/691 819/734/716
f 1653/745/727 819/734/716 182/739/721
f 823/746/728 1653/745/727 811/747/729
f 161/719/703 1424/718/702 1654/749/731
f 1426/751/733 1654/749/731 1424/718/702
f 176/752/734 824/750/732 1654/749/731
f 1425/720/704 1655/754/736 1427/753/735
f 175/711/695 821/740/722 1655/754/736
f 190/744/726 1427/753/735 1655/754/736
f 783/726/708 1656/757/738 825/755/737
f 168/756/699 823/758/728 1656/757/738
f 823/758/728 183/2043/730 812/759/739
f 1656/757/738 812/759/739 184/760/740
f 162/672/656 776/730/712 1657/761/741
f 776/730/712 161/719/703 824/750/732
f 824/750/732 176/752/734 805/763/743
f 1657/761/741 805/763/743 177/764/744
f 784/732/714 1658/766/746 827/765/745
f 784/732/714 169/727/709 825/755/737
f 1658/766/746 825/755/737 184/760/740
f 1658/766/746 813/767/747 185/768/748
f 777/673/657 1659/770/750 828/769/749
f 777/673/657 162/672/656 826/762/742
f 826/762/742 177/764/744 806/771/751
f 1659/770/750 806/771/751 178/772/752
f 171/679/663 785/678/662 1660/773/753
f 785/678/662 170/733/715 827/765/745
f 827/765/745 185/768/748 814/775/755
f 1660/773/753 814/775/755 186/776/756
f 778/682/666 1661/778/758 830/777/757
f 163/674/658 828/769/749 1661/778/758
f 1661/778/758 828/769/749 178/772/752
f 830/777/757 1661/778/758 807/779/759
f 172/687/671 786/686/670 1662/781/761
f 786/686/670 171/679/663 829/774/754
f 829/774/754 186/776/756 815/783/763
f 1662/781/761 815/783/763 187/784/764
f 779/690/674 1663/786/766 832/785/765
f 164/683/667 830/777/757 1663/786/766
f 1663/786/766 830/777/757 179/780/760
f 832/785/765 1663/786/766 808/787/767
f 173/695/679 787/694/678 1664/789/769
f 787/694/678 172/687/671 831/782/762
f 831/782/762 187/784/764 816/791/771
f 1664/789/769 816/791/771 188/792/772
f 780/698/682 1665/793/773 820/735/717
f 165/691/675 832/785/765 1665/793/773
f 1665/793/773 832/785/765 180/788/768
f 820/735/717 1665/793/773 809/794/774
f 788/702/686 1666/796/776 822/795/775
f 788/702/686 173/695/679 833/790/770
f 1666/796/776 833/790/770 188/792/772
f 822/795/775 1666/796/776 817/797/777
f 186/776/756 814/775/755 1667/798/778
f 814/775/755 185/768/748 849/800/780
f 849/800/780 200/857/836 843/801/781
f 1667/798/778 843/801/781 201/802/782
f 807/779/759 1668/804/784 850/803/783
f 178/772/752 851/858/837 1668/804/784
f 1668/804/784 851/858/837 193/805/785
f 850/803/783 1668/804/784 836/806/786
f 187/784/764 815/783/763 1669/808/788
f 186/776/756 848/799/779 1669/808/788
f 848/799/779 201/802/782 844/810/790
f 1669/808/788 844/810/790 202/811/791
f 808/787/767 1670/813/793 853/812/792
f 808/787/767 179/780/760 850/803/783
f 1670/813/793 850/803/783 194/807/787
f 853/812/792 1670/813/793 837/814/794
f 188/792/772 816/791/771 1671/816/796
f 816/791/771 187/784/764 852/809/789
f 852/809/789 202/811/791 845/818/798
f 1671/816/796 845/818/798 203/819/799
f 809/794/774 1672/821/801 855/820/800
f 180/788/768 853/812/792 1672/821/801
f 1672/821/801 853/812/792 195/815/795
f 855/820/800 1672/821/801 838/822/802
f 189/742/724 817/797/777 1673/824/804
f 817/797/777 188/792/772 854/817/797
f 854/817/797 203/819/799 846/826/806
f 1673/824/804 846/826/806 204/827/807
f 810/738/720 1674/829/809 857/828/808
f 810/738/720 181/737/719 855/820/800
f 1674/829/809 855/820/800 196/823/803
f 857/828/808 1674/829/809 839/830/810
f 818/743/725 1675/833/813 858/832/812
f 189/742/724 856/825/805 1675/833/813
f 1675/833/813 856/825/805 204/827/807
f 858/832/812 1675/833/813 847/834/814
f 811/747/729 1676/837/817 859/836/816
f 182/739/721 857/828/808 1676/837/817
f 857/828/808 197/831/811 840/838/818
f 859/836/816 1676/837/817 840/838/818
f 176/752/734 1426/751/733 1677/840/820
f 1428/842/822 1677/840/820 1426/751/733
f 191/843/823 860/841/821 1677/840/820
f 1427/753/735 1678/845/825 1429/844/824
f 190/744/726 858/832/812 1678/845/825
f 205/835/815 1429/844/824 1678/845/825
f 184/760/740 812/759/739 1679/846/826
f 812/759/739 183/2043/730 859/848/816
f 859/848/816 198/879/819 841/849/828
f 861/847/827 1679/846/826 841/849/828
f 177/764/744 805/763/743 1680/851/830
f 805/763/743 176/752/734 860/841/821
f 860/841/821 191/843/823 834/853/832
f 1680/851/830 834/853/832 192/854/833
f 813/767/747 1681/855/834 849/800/780
f 813/767/747 184/760/740 861/847/827
f 861/847/827 199/850/829 842/856/835
f 1681/855/834 842/856/835 200/857/836
f 806/771/751 1682/859/838 851/858/837
f 177/764/744 862/852/831 1682/859/838
f 1682/859/838 862/852/831 192/854/833
f 851/858/837 1682/859/838 835/860/839
f 847/834/814 1683/862/841 877/861/840
f 204/827/807 878/920/897 1683/862/841
f 1683/862/841 878/920/897 219/863/842
f 877/861/840 1683/862/841 876/864/843
f 198/839/819 840/838/818 1684/866/845
f 197/831/811 880/868/847 1684/866/845
f 880/868/847 212/924/901 869/869/848
f 879/867/846 1684/866/845 869/869/848
f 191/843/823 1428/842/822 1685/871/850
f 1430/873/852 1685/871/850 1428/842/822
f 206/874/853 881/872/851 1685/871/850
f 1429/844/824 1686/876/855 1431/875/854
f 205/835/815 877/861/840 1686/876/855
f 220/865/844 1431/875/854 1686/876/855
f 199/850/829 841/849/828 1687/877/856
f 198/879/819 879/880/846 1687/877/856
f 879/880/846 213/971/849 870/881/858
f 882/878/857 1687/877/856 870/881/858
f 192/854/833 834/853/832 1688/883/860
f 834/853/832 191/843/823 881/872/851
f 881/872/851 206/874/853 863/885/862
f 1688/883/860 863/885/862 207/886/863
f 200/857/836 842/856/835 1689/887/864
f 199/850/829 882/878/857 1689/887/864
f 1689/887/864 882/878/857 214/882/859
f 884/888/865 1689/887/864 871/889/866
f 835/860/839 1690/892/869 885/891/868
f 192/854/833 883/884/861 1690/892/869
f 1690/892/869 883/884/861 207/886/863
f 885/891/868 1690/892/869 864/893/870
f 201/802/782 843/801/781 1691/895/872
f 843/801/781 200/857/836 884/888/865
f 884/888/865 215/890/867 872/897/874
f 1691/895/872 872/897/874 216/898/875
f 836/806/786 1692/900/877 887/899/876
f 193/805/785 885/891/868 1692/900/877
f 1692/900/877 885/891/868 208/894/871
f 1692/900/877 865/901/878 209/902/879
f 202/811/791 844/810/790 1693/903/880
f 844/810/790 201/802/782 886/896/873
f 886/896/873 216/898/875 873/905/882
f 1693/903/880 873/905/882 217/906/883
f 837/814/794 1694/908/885 889/907/884
f 194/807/787 887/899/876 1694/908/885
f 1694/908/885 887/899/876 209/902/879
f 889/907/884 1694/908/885 866/909/886
f 203/819/799 845/818/798 1695/911/888
f 845/818/798 202/811/791 888/904/881
f 1695/911/888 888/904/881 217/906/883
f 1695/911/888 874/913/890 218/914/891
f 838/822/802 1696/916/893 891/915/892
f 195/815/795 889/907/884 1696/916/893
f 1696/916/893 889/907/884 210/910/887
f 891/915/892 1696/916/893 867/917/894
f 204/827/807 846/826/806 1697/919/896
f 846/826/806 203/819/799 890/912/889
f 890/912/889 218/914/891 875/921/898
f 1697/919/896 875/921/898 219/863/842
f 197/831/811 839/830/810 1698/922/899
f 196/823/803 891/915/892 1698/922/899
f 891/915/892 211/918/895 868/923/900
f 1698/922/899 868/923/900 212/924/901
f 865/901/878 1699/927/904 906/925/902
f 865/901/878 208/894/871 907/926/903
f 1699/927/904 907/926/903 223/928/905
f 906/925/902 1699/927/904 894/929/906
f 217/906/883 873/905/882 1700/931/908
f 873/905/882 216/898/875 909/933/910
f 909/933/910 231/988/963 902/934/911
f 1700/931/908 902/934/911 232/935/912
f 866/909/886 1701/937/914 910/936/913
f 209/902/879 906/925/902 1701/937/914
f 1701/937/914 906/925/902 224/930/907
f 910/936/913 1701/937/914 895/938/915
f 874/913/890 1702/941/918 911/940/917
f 874/913/890 217/906/883 908/932/909
f 908/932/909 232/935/912 903/942/919
f 1702/941/918 903/942/919 233/943/920
f 211/918/895 867/917/894 1703/944/921
f 210/910/887 910/936/913 1703/944/921
f 1703/944/921 910/936/913 225/939/916
f 912/945/922 1703/944/921 896/946/923
f 219/863/842 875/921/898 1704/948/925
f 218/914/891 911/940/917 1704/948/925
f 1704/948/925 911/940/917 233/943/920
f 1704/948/925 904/950/927 234/951/928
f 868/923/900 1705/953/930 914/952/929
f 211/918/895 912/945/922 1705/953/930
f 912/945/922 226/947/924 897/954/931
f 914/952/929 1705/953/930 897/954/931
f 876/864/843 1706/957/934 915/956/933
f 219/863/842 913/949/926 1706/957/934
f 1706/957/934 913/949/926 234/951/928
f 915/956/933 1706/957/934 905/958/935
f 213/870/849 869/869/848 1707/960/937
f 869/869/848 212/924/901 914/952/929
f 1707/960/937 914/952/929 227/955/932
f 1707/960/937 898/962/939 228/963/940
f 206/874/853 1430/873/852 1708/964/941
f 1432/966/943 1708/964/941 1430/873/852
f 221/967/944 917/965/942 1708/964/941
f 1431/875/854 1709/969/946 1433/968/945
f 220/865/844 915/956/933 1709/969/946
f 235/959/936 1433/968/945 1709/969/946
f 870/881/858 1710/972/948 918/970/947
f 213/971/849 916/2044/938 1710/972/948
f 1710/972/948 916/2044/938 228/973/940
f 1710/972/948 899/974/949 229/975/950
f 207/886/863 863/885/862 1711/976/951
f 863/885/862 206/874/853 917/965/942
f 917/965/942 221/967/944 892/978/953
f 1711/976/951 892/978/953 222/979/954
f 215/890/867 871/889/866 1712/980/955
f 871/889/866 214/882/859 918/970/947
f 918/970/947 229/975/950 900/982/957
f 920/981/956 1712/980/955 900/982/957
f 208/894/871 864/893/870 1713/984/959
f 207/886/863 919/977/952 1713/984/959
f 1713/984/959 919/977/952 222/979/954
f 1713/984/959 893/985/960 223/928/905
f 216/898/875 872/897/874 1714/986/961
f 215/890/867 920/981/956 1714/986/961
f 920/981/956 230/983/958 901/987/962
f 1714/986/961 901/987/962 231/988/963
f 898/962/939 1715/991/966 935/989/964
f 898/962/939 227/955/932 936/990/965
f 936/990/965 242/1050/1023 927/992/967
f 1715/991/966 927/992/967 243/993/968
f 221/967/944 1432/966/943 1716/994/969
f 1434/996/971 1716/994/969 1432/966/943
f 236/997/972 937/995/970 1716/994/969
f 1433/968/945 1717/999/974 1435/998/973
f 235/959/936 938/1001/976 1717/999/974
f 250/1000/975 1435/998/973 1717/999/974
f 899/974/949 1718/1004/978 939/1002/977
f 899/974/949 228/973/940 935/1003/964
f 1718/1004/978 935/1003/964 243/1005/968
f 939/1002/977 1718/1004/978 928/1006/979
f 222/979/954 892/978/953 1719/1008/981
f 892/978/953 221/967/944 937/995/970
f 937/995/970 236/997/972 921/1010/983
f 1719/1008/981 921/1010/983 237/1011/984
f 230/983/958 900/982/957 1720/1012/985
f 229/975/950 939/1002/977 1720/1012/985
f 939/1002/977 244/1007/980 929/1014/987
f 1720/1012/985 929/1014/987 245/1015/988
f 223/928/905 893/985/960 1721/1016/989
f 222/979/954 940/1009/982 1721/1016/989
f 1721/1016/989 940/1009/982 237/1011/984
f 942/1017/990 1721/1016/989 922/1018/991
f 231/988/963 901/987/962 1722/1020/993
f 230/983/958 941/1013/986 1722/1020/993
f 941/1013/986 245/1015/988 930/1022/995
f 943/1021/994 1722/1020/993 930/1022/995
f 894/929/906 1723/1025/998 944/1024/997
f 223/928/905 942/1017/990 1723/1025/998
f 942/1017/990 238/1019/992 923/1026/999
f 944/1024/997 1723/1025/998 923/1026/999
f 232/935/912 902/934/911 1724/1028/1001
f 231/988/963 943/1021/994 1724/1028/1001
f 943/1021/994 246/1023/996 931/1030/1003
f 1724/1028/1001 931/1030/1003 247/1031/1004
f 225/939/916 895/938/915 1725/1032/1005
f 224/930/907 944/1024/997 1725/1032/1005
f 1725/1032/1005 944/1024/997 239/1027/1000
f 946/1033/1006 1725/1032/1005 924/1034/1007
f 233/943/920 903/942/919 1726/1036/1009
f 903/942/919 232/935/912 945/1029/1002
f 945/1029/1002 247/1031/1004 932/1038/1011
f 947/1037/1010 1726/1036/1009 932/1038/1011
f 226/947/924 896/946/923 1727/1040/1013
f 225/939/916 946/1033/1006 1727/1040/1013
f 946/1033/1006 240/1035/1008 925/1042/1015
f 948/1041/1014 1727/1040/1013 925/1042/1015
f 234/951/928 904/950/927 1728/1044/1017
f 233/943/920 947/1037/1010 1728/1044/1017
f 947/1037/1010 248/1039/1012 933/1046/1019
f 1728/1044/1017 933/1046/1019 249/1047/1020
f 227/955/932 897/954/931 1729/1048/1021
f 226/947/924 948/1041/1014 1729/1048/1021
f 1729/1048/1021 948/1041/1014 241/1043/1016
f 936/990/965 1729/1048/1021 926/1049/1022
f 905/958/935 1730/1051/1024 938/1001/976
f 234/951/928 949/1045/1018 1730/1051/1024
f 1730/1051/1024 949/1045/1018 249/1047/1020
f 938/1001/976 1730/1051/1024 934/1052/1025
f 931/1030/1003 1731/1054/1027 964/1053/1026
f 246/1023/996 965/1055/1028 1731/1054/1027
f 965/1055/1028 261/1112/1084 960/1056/1029
f 964/1053/1026 1731/1054/1027 960/1056/1029
f 924/1034/1007 1732/1060/1033 966/1058/1031
f 924/1034/1007 239/1027/1000 967/1059/1032
f 967/1059/1032 254/1115/1087 953/1061/1034
f 966/1058/1031 1732/1060/1033 953/1061/1034
f 248/1039/1012 932/1038/1011 1733/1063/1036
f 932/1038/1011 247/1031/1004 964/1053/1026
f 964/1053/1026 262/1057/1030 961/1065/1038
f 1733/1063/1036 961/1065/1038 263/1066/1039
f 925/1042/1015 1734/1068/1041 969/1067/1040
f 240/1035/1008 966/1058/1031 1734/1068/1041
f 1734/1068/1041 966/1058/1031 255/1062/1035
f 969/1067/1040 1734/1068/1041 954/1069/1042
f 249/1047/1020 933/1046/1019 1735/1071/1044
f 248/1039/1012 968/1064/1037 1735/1071/1044
f 968/1064/1037 263/1066/1039 962/1073/1046
f 1735/1071/1044 962/1073/1046 264/1074/1047
f 926/1049/1022 1736/1076/1049 971/1075/1048
f 926/1049/1022 241/1043/1016 969/1067/1040
f 1736/1076/1049 969/1067/1040 256/1070/1043
f 1736/1076/1049 955/1077/1050 257/1078/1051
f 934/1052/1025 1737/1080/1053 972/1079/1052
f 249/1047/1020 970/1072/1045 1737/1080/1053
f 1737/1080/1053 970/1072/1045 264/1074/1047
f 972/1079/1052 1737/1080/1053 963/1081/1054
f 243/993/968 927/992/967 1738/1083/1056
f 242/1050/1023 971/1075/1048 1738/1083/1056
f 1738/1083/1056 971/1075/1048 257/1078/1051
f 973/1084/1057 1738/1083/1056 956/1085/1058
f 236/997/972 1434/996/971 1739/1087/1060
f 1436/1089/1062 1739/1087/1060 1434/996/971
f 251/1090/1063 974/1088/1061 1739/1087/1060
f 1435/998/973 1740/1092/1065 1437/1091/1064
f 250/1000/975 972/1079/1052 1740/1092/1065
f 265/1082/1055 1437/1091/1064 1740/1092/1065
f 244/1007/980 928/1006/979 1741/1093/1066
f 243/1005/968 973/1095/1057 1741/1093/1066
f 973/1095/1057 258/1122/1059 957/1096/1068
f 1741/1093/1066 957/1096/1068 259/1097/1069
f 237/1011/984 921/1010/983 1742/1098/1070
f 921/1010/983 236/997/972 974/1088/1061
f 974/1088/1061 251/1090/1063 950/1100/1072
f 1742/1098/1070 950/1100/1072 252/1101/1073
f 929/1014/987 1743/1103/1075 977/1102/1074
f 929/1014/987 244/1007/980 975/1094/1067
f 1743/1103/1075 975/1094/1067 259/1097/1069
f 1743/1103/1075 958/1104/1076 260/1105/1077
f 238/1019/992 922/1018/991 1744/1106/1078
f 237/1011/984 976/1099/1071 1744/1106/1078
f 1744/1106/1078 976/1099/1071 252/1101/1073
f 978/1107/1079 1744/1106/1078 951/1108/1080
f 246/1023/996 930/1022/995 1745/1110/1082
f 930/1022/995 245/1015/988 977/1102/1074
f 977/1102/1074 260/1105/1077 959/1111/1083
f 965/1055/1028 1745/1110/1082 959/1111/1083
f 923/1026/999 1746/1113/1085 967/1059/1032
f 238/1019/992 978/1107/1079 1746/1113/1085
f 1746/1113/1085 978/1107/1079 253/1109/1081
f 967/1059/1032 1746/1113/1085 952/1114/1086
f 1437/1091/1064 1747/1117/1089 1439/1116/1088
f 265/1082/1055 993/1119/1091 1747/1117/1089
f 280/1118/1090 1439/1116/1088 1747/1117/1089
f 259/1097/1069 957/1096/1068 1748/1120/1092
f 258/1122/1059 995/2045/1145 1748/1120/1092
f 1748/1120/1092 995/2045/1145 273/1123/1094
f 1748/1120/1092 986/1124/1095 274/1125/1096
f 252/1101/1073 950/1100/1072 1749/1126/1097
f 950/1100/1072 251/1090/1063 997/1128/1099
f 997/1128/1099 266/1179/1149 979/1129/1100
f 1749/1126/1097 979/1129/1100 267/1130/1101
f 958/1104/1076 1750/1132/1103 998/1131/1102
f 958/1104/1076 259/1097/1069 994/1121/1093
f 1750/1132/1103 994/1121/1093 274/1125/1096
f 1750/1132/1103 987/1133/1104 275/1134/1105
f 951/1108/1080 1751/1136/1107 999/1135/1106
f 252/1101/1073 996/1127/1098 1751/1136/1107
f 996/1127/1098 267/1130/1101 980/1137/1108
f 1751/1136/1107 980/1137/1108 268/1138/1109
f 261/1112/1084 959/1111/1083 1752/1139/1110
f 959/1111/1083 260/1105/1077 998/1131/1102
f 998/1131/1102 275/1134/1105 988/1141/1112
f 1752/1139/1110 988/1141/1112 276/1142/1113
f 952/1114/1086 1753/1144/1115 1001/1143/1114
f 952/1114/1086 253/1109/1081 999/1135/1106
f 1753/1144/1115 999/1135/1106 268/1138/1109
f 1001/1143/1114 1753/1144/1115 981/1145/1116
f 262/1057/1030 960/1056/1029 1754/1147/1118
f 960/1056/1029 261/1112/1084 1000/1140/1111
f 1000/1140/1111 276/1142/1113 989/1149/1120
f 1002/1148/1119 1754/1147/1118 989/1149/1120
f 953/1061/1034 1755/1152/1123 1003/1151/1122
f 254/1115/1087 1001/1143/1114 1755/1152/1123
f 1001/1143/1114 269/1146/1117 982/1153/1124
f 1003/1151/1122 1755/1152/1123 982/1153/1124
f 961/1065/1038 1756/1156/1127 1004/1155/1126
f 961/1065/1038 262/1057/1030 1002/1148/1119
f 1002/1148/1119 277/1150/1121 990/1157/1128
f 1756/1156/1127 990/1157/1128 278/1158/1129
f 954/1069/1042 1757/1160/1131 1005/1159/1130
f 255/1062/1035 1003/1151/1122 1757/1160/1131
f 1757/1160/1131 1003/1151/1122 270/1154/1125
f 1005/1159/1130 1757/1160/1131 983/1161/1132
f 264/1074/1047 962/1073/1046 1758/1163/1134
f 962/1073/1046 263/1066/1039 1004/1155/1126
f 1758/1163/1134 1004/1155/1126 278/1158/1129
f 1006/1164/1135 1758/1163/1134 991/1165/1136
f 955/1077/1050 1759/1168/1139 1007/1167/1138
f 955/1077/1050 256/1070/1043 1005/1159/1130
f 1759/1168/1139 1005/1159/1130 271/1162/1133
f 1759/1168/1139 984/1169/1140 272/1170/1141
f 963/1081/1054 1760/1171/1142 993/1119/1091
f 264/1074/1047 1006/1164/1135 1760/1171/1142
f 1760/1171/1142 1006/1164/1135 279/1166/1137
f 993/1119/1091 1760/1171/1142 992/1172/1143
f 258/1086/1059 956/1085/1058 1761/1173/1144
f 257/1078/1051 1007/1167/1138 1761/1173/1144
f 1761/1173/1144 1007/1167/1138 272/1170/1141
f 1761/1173/1144 985/1175/1146 273/1176/1094
f 251/1090/1063 1436/1089/1062 1762/1177/1147
f 1438/1178/1148 1762/1177/1147 1436/1089/1062
f 266/1179/1149 997/1128/1099 1762/1177/1147
f 278/1158/1129 990/1157/1128 1763/1180/1150
f 277/1150/1121 1023/1182/1152 1763/1180/1150
f 1023/1182/1152 292/1239/1208 1019/1183/1153
f 1022/1181/1151 1763/1180/1150 1019/1183/1153
f 983/1161/1132 1764/1186/1156 1024/1185/1155
f 270/1154/1125 1025/1240/1209 1764/1186/1156
f 1764/1186/1156 1025/1240/1209 285/1187/1157
f 1024/1185/1155 1764/1186/1156 1012/1188/1158
f 279/1166/1137 991/1165/1136 1765/1190/1160
f 991/1165/1136 278/1158/1129 1022/1181/1151
f 1765/1190/1160 1022/1181/1151 293/1184/1154
f 1026/1191/1161 1765/1190/1160 1020/1192/1162
f 984/1169/1140 1766/1195/1165 1027/1194/1164
f 271/1162/1133 1024/1185/1155 1766/1195/1165
f 1766/1195/1165 1024/1185/1155 286/1189/1159
f 1766/1195/1165 1013/1196/1166 287/1197/1167
f 992/1172/1143 1767/1199/1169 1028/1198/1168
f 279/1166/1137 1026/1191/1161 1767/1199/1169
f 1767/1199/1169 1026/1191/1161 294/1193/1163
f 1028/1198/1168 1767/1199/1169 1021/1200/1170
f 273/1176/1094 985/1175/1146 1768/1202/1172
f 272/1170/1141 1027/1194/1164 1768/1202/1172
f 1768/1202/1172 1027/1194/1164 287/1197/1167
f 1029/1203/1173 1768/1202/1172 1014/1204/1174
f 266/1179/1149 1438/1178/1148 1769/1206/1176
f 1440/1208/1178 1769/1206/1176 1438/1178/1148
f 281/1209/1179 1030/1207/1177 1769/1206/1176
f 1439/1116/1088 1770/1211/1181 1441/1210/1180
f 280/1118/1090 1028/1198/1168 1770/1211/1181
f 295/1201/1171 1441/1210/1180 1770/1211/1181
f 274/1125/1096 986/1124/1095 1771/1212/1182
f 273/1123/1094 1029/1214/1173 1771/1212/1182
f 1029/1214/1173 288/1303/1175 1015/1215/1184
f 1771/1212/1182 1015/1215/1184 289/1216/1185
f 267/1130/1101 979/1129/1100 1772/1217/1186
f 979/1129/1100 266/1179/1149 1030/1207/1177
f 1030/1207/1177 281/1209/1179 1008/1219/1188
f 1772/1217/1186 1008/1219/1188 282/1220/1189
f 275/1134/1105 987/1133/1104 1773/1221/1190
f 987/1133/1104 274/1125/1096 1031/1213/1183
f 1773/1221/1190 1031/1213/1183 289/1216/1185
f 1773/1221/1190 1016/1223/1192 290/1224/1193
f 980/1137/1108 1774/1226/1195 1034/1225/1194
f 267/1130/1101 1032/1218/1187 1774/1226/1195
f 1032/1218/1187 282/1220/1189 1009/1227/1196
f 1774/1226/1195 1009/1227/1196 283/1228/1197
f 276/1142/1113 988/1141/1112 1775/1229/1198
f 988/1141/1112 275/1134/1105 1033/1222/1191
f 1033/1222/1191 290/1224/1193 1017/1231/1200
f 1775/1229/1198 1017/1231/1200 291/1232/1201
f 269/1146/1117 981/1145/1116 1776/1233/1202
f 268/1138/1109 1034/1225/1194 1776/1233/1202
f 1034/1225/1194 283/1228/1197 1010/1235/1204
f 1036/1234/1203 1776/1233/1202 1010/1235/1204
f 277/1150/1121 989/1149/1120 1777/1237/1206
f 989/1149/1120 276/1142/1113 1035/1230/1199
f 1035/1230/1199 291/1232/1201 1018/1238/1207
f 1777/1237/1206 1018/1238/1207 292/1239/1208
f 982/1153/1124 1778/1241/1210 1025/1240/1209
f 269/1146/1117 1036/1234/1203 1778/1241/1210
f 1778/1241/1210 1036/1234/1203 284/1236/1205
f 1025/1240/1209 1778/1241/1210 1011/1242/1211
f 282/1220/1189 1008/1219/1188 1779/1243/1212
f 1008/1219/1188 281/1209/1179 1052/1245/1214
f 1052/1245/1214 296/1300/1269 1037/1246/1215
f 1779/1243/1212 1037/1246/1215 297/1247/1216
f 290/1224/1193 1016/1223/1192 1780/1248/1217
f 1016/1223/1192 289/1216/1185 1054/1250/1219
f 1780/1248/1217 1054/1250/1219 304/1251/1220
f 1780/1248/1217 1045/1252/1221 305/1253/1222
f 283/1228/1197 1009/1227/1196 1781/1254/1223
f 282/1220/1189 1051/1244/1213 1781/1254/1223
f 1781/1254/1223 1051/1244/1213 297/1247/1216
f 1055/1255/1224 1781/1254/1223 1038/1256/1225
f 1017/1231/1200 1782/1259/1228 1056/1258/1227
f 1017/1231/1200 290/1224/1193 1053/1249/1218
f 1053/1249/1218 305/1253/1222 1046/1260/1229
f 1782/1259/1228 1046/1260/1229 306/1261/1230
f 1010/1235/1204 1783/1263/1232 1057/1262/1231
f 283/1228/1197 1055/1255/1224 1783/1263/1232
f 1783/1263/1232 1055/1255/1224 298/1257/1226
f 1057/1262/1231 1783/1263/1232 1039/1264/1233
f 292/1239/1208 1018/1238/1207 1784/1266/1235
f 1018/1238/1207 291/1232/1201 1056/1258/1227
f 1056/1258/1227 306/1261/1230 1047/1268/1237
f 1058/1267/1236 1784/1266/1235 1047/1268/1237
f 1011/1242/1211 1785/1271/1240 1059/1270/1239
f 284/1236/1205 1057/1262/1231 1785/1271/1240
f 1057/1262/1231 299/1265/1234 1040/1272/1241
f 1059/1270/1239 1785/1271/1240 1040/1272/1241
f 293/1184/1154 1019/1183/1153 1786/1274/1243
f 1019/1183/1153 292/1239/1208 1058/1267/1236
f 1058/1267/1236 307/1269/1238 1048/1276/1245
f 1786/1274/1243 1048/1276/1245 308/1277/1246
f 1012/1188/1158 1787/1279/1248 1061/1278/1247
f 1012/1188/1158 285/1187/1157 1059/1270/1239
f 1787/1279/1248 1059/1270/1239 300/1273/1242
f 1061/1278/1247 1787/1279/1248 1041/1280/1249
f 294/1193/1163 1020/1192/1162 1788/1282/1251
f 293/1184/1154 1060/1275/1244 1788/1282/1251
f 1060/1275/1244 308/1277/1246 1049/1284/1253
f 1788/1282/1251 1049/1284/1253 309/1285/1254
f 1013/1196/1166 1789/1287/1256 1063/1286/1255
f 286/1189/1159 1061/1278/1247 1789/1287/1256
f 1789/1287/1256 1061/1278/1247 301/1281/1250
f 1789/1287/1256 1042/1288/1257 302/1289/1258
f 1021/1200/1170 1790/1291/1260 1064/1290/1259
f 294/1193/1163 1062/1283/1252 1790/1291/1260
f 1790/1291/1260 1062/1283/1252 309/1285/1254
f 1064/1290/1259 1790/1291/1260 1050/1292/1261
f 288/1205/1175 1014/1204/1174 1791/1294/1263
f 1014/1204/1174 287/1197/1167 1063/1286/1255
f 1791/1294/1263 1063/1286/1255 302/1289/1258
f 1065/1295/1264 1791/1294/1263 1043/1296/1265
f 281/1209/1179 1440/1208/1178 1792/1298/1267
f 1442/1299/1268 1792/1298/1267 1440/1208/1178
f 296/1300/1269 1052/1245/1214 1792/1298/1267
f 1441/1210/1180 1793/1302/1271 1443/1301/1270
f 295/1201/1171 1064/1290/1259 1793/1302/1271
f 310/1293/1262 1443/1301/1270 1793/1302/1271
f 1015/1215/1184 1794/1304/1272 1054/1250/1219
f 288/1303/1175 1065/1305/1264 1794/1304/1272
f 1065/1305/1264 303/2046/1266 1044/1306/1273
f 1794/1304/1272 1044/1306/1273 304/1251/1220
f 301/1281/1250 1041/1280/1249 1795/1307/1274
f 300/1273/1242 1081/1364/1330 1795/1307/1274
f 1795/1307/1274 1081/1364/1330 315/1309/1276
f 1080/1308/1275 1795/1307/1274 1070/1310/1277
f 309/1285/1254 1049/1284/1253 1796/1312/1279
f 1049/1284/1253 308/1277/1246 1083/1314/1281
f 1083/1314/1281 323/1369/1335 1078/1315/1282
f 1796/1312/1279 1078/1315/1282 324/1316/1283
f 1042/1288/1257 1797/1318/1285 1084/1317/1284
f 301/1281/1250 1080/1308/1275 1797/1318/1285
f 1797/1318/1285 1080/1308/1275 316/1311/1278
f 1084/1317/1284 1797/1318/1285 1071/1319/1286
f 1050/1292/1261 1798/1322/1289 1085/1321/1288
f 309/1285/1254 1082/1313/1280 1798/1322/1289
f 1798/1322/1289 1082/1313/1280 324/1316/1283
f 1085/1321/1288 1798/1322/1289 1079/1323/1290
f 1043/1296/1265 1799/1326/1293 1086/1325/1292
f 302/1289/1258 1084/1317/1284 1799/1326/1293
f 1084/1317/1284 317/1320/1287 1072/1327/1294
f 1086/1325/1292 1799/1326/1293 1072/1327/1294
f 296/1300/1269 1442/1299/1268 1800/1329/1296
f 1444/1331/1298 1800/1329/1296 1442/1299/1268
f 311/1332/1299 1087/1330/1297 1800/1329/1296
f 1443/1301/1270 1801/1334/1301 1445/1333/1300
f 310/1293/1262 1085/1321/1288 1801/1334/1301
f 325/1324/1291 1445/1333/1300 1801/1334/1301
f 304/1251/1220 1044/1306/1273 1802/1335/1302
f 1044/1306/1273 303/2046/1266 1086/1337/1292
f 1086/1337/1292 318/1427/1295 1073/1338/1304
f 1088/1336/1303 1802/1335/1302 1073/1338/1304
f 297/1247/1216 1037/1246/1215 1803/1340/1306
f 1037/1246/1215 296/1300/1269 1087/1330/1297
f 1087/1330/1297 311/1332/1299 1066/1342/1308
f 1803/1340/1306 1066/1342/1308 312/1343/1309
f 305/1253/1222 1045/1252/1221 1804/1344/1310
f 1045/1252/1221 304/1251/1220 1088/1336/1303
f 1088/1336/1303 319/1339/1305 1074/1346/1312
f 1804/1344/1310 1074/1346/1312 320/1347/1313
f 1038/1256/1225 1805/1349/1315 1091/1348/1314
f 297/1247/1216 1089/1341/1307 1805/1349/1315
f 1805/1349/1315 1089/1341/1307 312/1343/1309
f 1091/1348/1314 1805/1349/1315 1067/1350/1316
f 306/1261/1230 1046/1260/1229 1806/1352/1318
f 305/1253/1222 1090/1345/1311 1806/1352/1318
f 1090/1345/1311 320/1347/1313 1075/1354/1320
f 1806/1352/1318 1075/1354/1320 321/1355/1321
f 1039/1264/1233 1807/1357/1323 1093/1356/1322
f 298/1257/1226 1091/1348/1314 1807/1357/1323
f 1807/1357/1323 1091/1348/1314 313/1351/1317
f 1807/1357/1323 1068/1358/1324 314/1359/1325
f 307/1269/1238 1047/1268/1237 1808/1360/1326
f 1047/1268/1237 306/1261/1230 1092/1353/1319
f 1092/1353/1319 321/1355/1321 1076/1362/1328
f 1808/1360/1326 1076/1362/1328 322/1363/1329
f 1040/1272/1241 1809/1365/1331 1081/1364/1330
f 299/1265/1234 1093/1356/1322 1809/1365/1331
f 1809/1365/1331 1093/1356/1322 314/1359/1325
f 1081/1364/1330 1809/1365/1331 1069/1366/1332
f 308/1277/1246 1048/1276/1245 1810/1367/1333
f 1048/1276/1245 307/1269/1238 1094/1361/1327
f 1810/1367/1333 1094/1361/1327 322/1363/1329
f 1810/1367/1333 1077/1368/1334 323/1369/1335
f 1074/1346/1312 1811/1372/1338 1110/1370/1336
f 1074/1346/1312 319/1339/1305 1111/1371/1337
f 1111/1371/1337 335/1430/1394 1104/1373/1339
f 1110/1370/1336 1811/1372/1338 1104/1373/1339
f 313/1351/1317 1067/1350/1316 1812/1375/1341
f 312/1343/1309 1113/1432/1396 1812/1375/1341
f 1812/1375/1341 1113/1432/1396 328/1377/1343
f 1812/1375/1341 1097/1378/1344 329/1379/1345
f 321/1355/1321 1075/1354/1320 1813/1380/1346
f 1075/1354/1320 320/1347/1313 1110/1370/1336
f 1110/1370/1336 336/1374/1340 1105/1382/1348
f 1813/1380/1346 1105/1382/1348 337/1383/1349
f 1068/1358/1324 1814/1385/1351 1115/1384/1350
f 1068/1358/1324 313/1351/1317 1112/1376/1342
f 1814/1385/1351 1112/1376/1342 329/1379/1345
f 1115/1384/1350 1814/1385/1351 1098/1386/1352
f 322/1363/1329 1076/1362/1328 1815/1388/1354
f 321/1355/1321 1114/1381/1347 1815/1388/1354
f 1114/1381/1347 337/1383/1349 1106/1390/1356
f 1815/1388/1354 1106/1390/1356 338/1391/1357
f 315/1309/1276 1069/1366/1332 1816/1392/1358
f 314/1359/1325 1115/1384/1350 1816/1392/1358
f 1816/1392/1358 1115/1384/1350 330/1387/1353
f 1117/1393/1359 1816/1392/1358 1099/1394/1360
f 1077/1368/1334 1817/1397/1363 1118/1396/1362
f 1077/1368/1334 322/1363/1329 1116/1389/1355
f 1116/1389/1355 338/1391/1357 1107/1398/1364
f 1817/1397/1363 1107/1398/1364 339/1399/1365
f 1070/1310/1277 1818/1401/1367 1119/1400/1366
f 315/1309/1276 1117/1393/1359 1818/1401/1367
f 1818/1401/1367 1117/1393/1359 331/1395/1361
f 1119/1400/1366 1818/1401/1367 1100/1402/1368
f 324/1316/1283 1078/1315/1282 1819/1404/1370
f 323/1369/1335 1118/1396/1362 1819/1404/1370
f 1819/1404/1370 1118/1396/1362 339/1399/1365
f 1819/1404/1370 1108/1406/1372 340/1407/1373
f 1071/1319/1286 1820/1409/1375 1121/1408/1374
f 1071/1319/1286 316/1311/1278 1119/1400/1366
f 1119/1400/1366 332/1403/1369 1101/1410/1376
f 1121/1408/1374 1820/1409/1375 1101/1410/1376
f 1079/1323/1290 1821/1413/1379 1122/1412/1378
f 324/1316/1283 1120/1405/1371 1821/1413/1379
f 1821/1413/1379 1120/1405/1371 340/1407/1373
f 1122/1412/1378 1821/1413/1379 1109/1414/1380
f 318/1328/1295 1072/1327/1294 1822/1416/1382
f 317/1320/1287 1121/1408/1374 1822/1416/1382
f 1121/1408/1374 333/1411/1377 1102/1418/1384
f 1123/1417/1383 1822/1416/1382 1102/1418/1384
f 311/1332/1299 1444/1331/1298 1823/1420/1386
f 1095/1422/1388 1823/1420/1386 1444/1331/1298
f 327/1423/1389 1124/1421/1387 1823/1420/1386
f 1445/1333/1300 1824/1425/1391 1446/1424/1390
f 325/1324/1291 1122/1412/1378 1824/1425/1391
f 341/1415/1381 1446/1424/1390 1824/1425/1391
f 319/1339/1305 1073/1338/1304 1825/1426/1392
f 318/1427/1295 1123/1428/1383 1825/1426/1392
f 1123/1428/1383 334/2047/1385 1103/1429/1393
f 1111/1371/1337 1825/1426/1392 1103/1429/1393
f 312/1343/1309 1066/1342/1308 1826/1431/1395
f 1066/1342/1308 311/1332/1299 1124/1421/1387
f 1124/1421/1387 327/1423/1389 1096/1433/1397
f 1826/1431/1395 1096/1433/1397 328/1377/1343
f 340/1407/1373 1108/1406/1372 1827/1434/1398
f 1108/1406/1372 339/1399/1365 1140/1436/1400
f 1140/1436/1400 354/1493/1456 1137/1437/1401
f 1827/1434/1398 1137/1437/1401 355/1438/1402
f 333/1411/1377 1101/1410/1376 1828/1439/1403
f 332/1403/1369 1142/1494/1457 1828/1439/1403
f 1828/1439/1403 1142/1494/1457 347/1441/1405
f 1141/1440/1404 1828/1439/1403 1130/1442/1406
f 1109/1414/1380 1829/1445/1409 1143/1444/1408
f 340/1407/1373 1139/1435/1399 1829/1445/1409
f 1829/1445/1409 1139/1435/1399 355/1438/1402
f 1143/1444/1408 1829/1445/1409 1138/1446/1410
f 1102/1418/1384 1830/1449/1413 1144/1448/1412
f 333/1411/1377 1141/1440/1404 1830/1449/1413
f 1141/1440/1404 348/1443/1407 1131/1450/1414
f 1144/1448/1412 1830/1449/1413 1131/1450/1414
f 327/1423/1389 1095/1422/1388 1831/1452/1416
f 1447/1454/1418 1831/1452/1416 1095/1422/1388
f 342/1455/1419 1145/1453/1417 1831/1452/1416
f 1446/1424/1390 1832/1457/1421 1448/1456/1420
f 341/1415/1381 1143/1444/1408 1832/1457/1421
f 356/1447/1411 1448/1456/1420 1832/1457/1421
f 335/1430/1394 1103/1429/1393 1833/1458/1422
f 1103/1429/1393 334/2047/1385 1144/1460/1412
f 1144/1460/1412 349/1550/1415 1132/1461/1424
f 1146/1459/1423 1833/1458/1422 1132/1461/1424
f 328/1377/1343 1096/1433/1397 1834/1463/1426
f 1096/1433/1397 327/1423/1389 1145/1453/1417
f 1145/1453/1417 342/1455/1419 1125/1465/1428
f 1834/1463/1426 1125/1465/1428 343/1466/1429
f 336/1374/1340 1104/1373/1339 1835/1467/1430
f 335/1430/1394 1146/1459/1423 1835/1467/1430
f 1146/1459/1423 350/1462/1425 1133/1469/1432
f 1835/1467/1430 1133/1469/1432 351/1470/1433
f 1097/1378/1344 1836/1472/1435 1149/1471/1434
f 328/1377/1343 1147/1464/1427 1836/1472/1435
f 1836/1472/1435 1147/1464/1427 343/1466/1429
f 1149/1471/1434 1836/1472/1435 1126/1473/1436
f 337/1383/1349 1105/1382/1348 1837/1475/1438
f 1105/1382/1348 336/1374/1340 1148/1468/1431
f 1148/1468/1431 351/1470/1433 1134/1477/1440
f 1837/1475/1438 1134/1477/1440 352/1478/1441
f 1098/1386/1352 1838/1480/1443 1151/1479/1442
f 329/1379/1345 1149/1471/1434 1838/1480/1443
f 1838/1480/1443 1149/1471/1434 344/1474/1437
f 1151/1479/1442 1838/1480/1443 1127/1481/1444
f 338/1391/1357 1106/1390/1356 1839/1483/1446
f 1106/1390/1356 337/1383/1349 1150/1476/1439
f 1150/1476/1439 352/1478/1441 1135/1485/1448
f 1839/1483/1446 1135/1485/1448 353/1486/1449
f 1099/1394/1360 1840/1488/1451 1153/1487/1450
f 330/1387/1353 1151/1479/1442 1840/1488/1451
f 1840/1488/1451 1151/1479/1442 345/1482/1445
f 1153/1487/1450 1840/1488/1451 1128/1489/1452
f 339/1399/1365 1107/1398/1364 1841/1491/1454
f 1107/1398/1364 338/1391/1357 1152/1484/1447
f 1152/1484/1447 353/1486/1449 1136/1492/1455
f 1841/1491/1454 1136/1492/1455 354/1493/1456
f 1100/1402/1368 1842/1495/1458 1142/1494/1457
f 331/1395/1361 1153/1487/1450 1842/1495/1458
f 1842/1495/1458 1153/1487/1450 346/1490/1453
f 1142/1494/1457 1842/1495/1458 1129/1496/1459
f 344/1474/1437 1126/1473/1436 1843/1497/1460
f 343/1466/1429 1169/1556/1517 1843/1497/1460
f 1843/1497/1460 1169/1556/1517 358/1499/1462
f 1168/1498/1461 1843/1497/1460 1155/1500/1463
f 352/1478/1441 1134/1477/1440 1844/1502/1465
f 351/1470/1433 1171/1504/1467 1844/1502/1465
f 1171/1504/1467 366/1560/1521 1163/1505/1468
f 1844/1502/1465 1163/1505/1468 367/1506/1469
f 1127/1481/1444 1845/1508/1471 1172/1507/1470
f 344/1474/1437 1168/1498/1461 1845/1508/1471
f 1845/1508/1471 1168/1498/1461 359/1501/1464
f 1172/1507/1470 1845/1508/1471 1156/1509/1472
f 353/1486/1449 1135/1485/1448 1846/1511/1474
f 1135/1485/1448 352/1478/1441 1170/1503/1466
f 1170/1503/1466 367/1506/1469 1164/1513/1476
f 1846/1511/1474 1164/1513/1476 368/1514/1477
f 1128/1489/1452 1847/1516/1479 1174/1515/1478
f 345/1482/1445 1172/1507/1470 1847/1516/1479
f 1847/1516/1479 1172/1507/1470 360/1510/1473
f 1174/1515/1478 1847/1516/1479 1157/1517/1480
f 354/1493/1456 1136/1492/1455 1848/1519/1482
f 1136/1492/1455 353/1486/1449 1173/1512/1475
f 1173/1512/1475 368/1514/1477 1165/1521/1484
f 1848/1519/1482 1165/1521/1484 369/1522/1485
f 347/1441/1405 1129/1496/1459 1849/1523/1486
f 346/1490/1453 1174/1515/1478 1849/1523/1486
f 1849/1523/1486 1174/1515/1478 361/1518/1481
f 1176/1524/1487 1849/1523/1486 1158/1525/1488
f 355/1438/1402 1137/1437/1401 1850/1527/1490
f 354/1493/1456 1175/1520/1483 1850/1527/1490
f 1175/1520/1483 369/1522/1485 1166/1529/1492
f 1850/1527/1490 1166/1529/1492 370/1530/1493
f 1130/1442/1406 1851/1532/1495 1178/1531/1494
f 347/1441/1405 1176/1524/1487 1851/1532/1495
f 1176/1524/1487 362/1526/1489 1159/1533/1496
f 1178/1531/1494 1851/1532/1495 1159/1533/1496
f 1138/1446/1410 1852/1536/1499 1179/1535/1498
f 355/1438/1402 1177/1528/1491 1852/1536/1499
f 1852/1536/1499 1177/1528/1491 370/1530/1493
f 1179/1535/1498 1852/1536/1499 1167/1537/1500
f 349/1451/1415 1131/1450/1414 1853/1539/1502
f 1131/1450/1414 348/1443/1407 1178/1531/1494
f 1853/1539/1502 1178/1531/1494 363/1534/1497
f 1853/1539/1502 1160/1541/1504 364/1542/1505
f 342/1455/1419 1447/1454/1418 1854/1543/1506
f 1449/1545/1508 1854/1543/1506 1447/1454/1418
f 357/1546/1509 1181/1544/1507 1854/1543/1506
f 1448/1456/1420 1855/1548/1511 1450/1547/1510
f 356/1447/1411 1179/1535/1498 1855/1548/1511
f 371/1538/1501 1450/1547/1510 1855/1548/1511
f 1132/1461/1424 1856/1551/1513 1182/1549/1512
f 349/1550/1415 1180/2048/1503 1856/1551/1513
f 1856/1551/1513 1180/2048/1503 364/1552/1505
f 1856/1551/1513 1161/1553/1514 365/1554/1515
f 343/1466/1429 1125/1465/1428 1857/1555/1516
f 1125/1465/1428 342/1455/1419 1181/1544/1507
f 1181/1544/1507 357/1546/1509 1154/1557/1518
f 1857/1555/1516 1154/1557/1518 358/1499/1462
f 351/1470/1433 1133/1469/1432 1858/1558/1519
f 1133/1469/1432 350/1462/1425 1182/1549/1512
f 1182/1549/1512 365/1554/1515 1162/1559/1520
f 1171/1504/1467 1858/1558/1519 1162/1559/1520
f 363/1534/1497 1159/1533/1496 1859/1561/1522
f 362/1526/1489 1198/1619/1578 1859/1561/1522
f 1859/1561/1522 1198/1619/1578 377/1563/1524
f 1859/1561/1522 1188/1564/1525 378/1565/1526
f 1167/1537/1500 1860/1567/1528 1199/1566/1527
f 370/1530/1493 1200/1623/1582 1860/1567/1528
f 1860/1567/1528 1200/1623/1582 385/1568/1529
f 1199/1566/1527 1860/1567/1528 1196/1569/1530
f 1160/1541/1504 1861/1572/1533 1201/1571/1532
f 1160/1541/1504 363/1534/1497 1197/1562/1523
f 1861/1572/1533 1197/1562/1523 378/1565/1526
f 1861/1572/1533 1189/1573/1534 379/1574/1535
f 357/1546/1509 1449/1545/1508 1862/1575/1536
f 1451/1577/1538 1862/1575/1536 1449/1545/1508
f 372/1578/1539 1202/1576/1537 1862/1575/1536
f 1450/1547/1510 1863/1580/1541 1452/1579/1540
f 371/1538/1501 1199/1566/1527 1863/1580/1541
f 386/1570/1531 1452/1579/1540 1863/1580/1541
f 1161/1553/1514 1864/1583/1543 1203/1581/1542
f 1161/1553/1514 364/1552/1505 1201/1582/1532
f 1864/1583/1543 1201/1582/1532 379/1584/1535
f 1864/1583/1543 1190/1585/1544 380/1586/1545
f 358/1499/1462 1154/1557/1518 1865/1587/1546
f 1154/1557/1518 357/1546/1509 1202/1576/1537
f 1202/1576/1537 372/1578/1539 1183/1589/1548
f 1865/1587/1546 1183/1589/1548 373/1590/1549
f 366/1560/1521 1162/1559/1520 1866/1591/1550
f 365/1554/1515 1203/1581/1542 1866/1591/1550
f 1866/1591/1550 1203/1581/1542 380/1586/1545
f 1866/1591/1550 1191/1593/1552 381/1594/1553
f 1155/1500/1463 1867/1596/1555 1206/1595/1554
f 358/1499/1462 1204/1588/1547 1867/1596/1555
f 1867/1596/1555 1204/1588/1547 373/1590/1549
f 1206/1595/1554 1867/1596/1555 1184/1597/1556
f 367/1506/1469 1163/1505/1468 1868/1599/1558
f 1163/1505/1468 366/1560/1521 1205/1592/1551
f 1205/1592/1551 381/1594/1553 1192/1601/1560
f 1868/1599/1558 1192/1601/1560 382/1602/1561
f 1156/1509/1472 1869/1604/1563 1208/1603/1562
f 359/1501/1464 1206/1595/1554 1869/1604/1563
f 1869/1604/1563 1206/1595/1554 374/1598/1557
f 1208/1603/1562 1869/1604/1563 1185/1605/1564
f 368/1514/1477 1164/1513/1476 1870/1607/1566
f 1164/1513/1476 367/1506/1469 1207/1600/1559
f 1207/1600/1559 382/1602/1561 1193/1609/1568
f 1870/1607/1566 1193/1609/1568 383/1610/1569
f 1157/1517/1480 1871/1612/1571 1210/1611/1570
f 360/1510/1473 1208/1603/1562 1871/1612/1571
f 1871/1612/1571 1208/1603/1562 375/1606/1565
f 1210/1611/1570 1871/1612/1571 1186/1613/1572
f 369/1522/1485 1165/1521/1484 1872/1615/1574
f 1165/1521/1484 368/1514/1477 1209/1608/1567
f 1209/1608/1567 383/1610/1569 1194/1617/1576
f 1872/1615/1574 1194/1617/1576 384/1618/1577
f 1158/1525/1488 1873/1620/1579 1198/1619/1578
f 361/1518/1481 1210/1611/1570 1873/1620/1579
f 1873/1620/1579 1210/1611/1570 376/1614/1573
f 1198/1619/1578 1873/1620/1579 1187/1621/1580
f 370/1530/1493 1166/1529/1492 1874/1622/1581
f 1166/1529/1492 369/1522/1485 1211/1616/1575
f 1211/1616/1575 384/1618/1577 1195/1624/1583
f 1874/1622/1581 1195/1624/1583 385/1568/1529
f 382/1602/1561 1192/1601/1560 1875/1625/1584
f 381/1594/1553 1227/1627/1586 1875/1625/1584
f 1227/1627/1586 396/1684/1642 1221/1628/1587
f 1875/1625/1584 1221/1628/1587 397/1629/1588
f 1185/1605/1564 1876/1631/1590 1228/1630/1589
f 374/1598/1557 1229/1632/1591 1876/1631/1590
f 1229/1632/1591 389/1687/1645 1214/1633/1592
f 1228/1630/1589 1876/1631/1590 1214/1633/1592
f 383/1610/1569 1193/1609/1568 1877/1635/1594
f 1193/1609/1568 382/1602/1561 1226/1626/1585
f 1226/1626/1585 397/1629/1588 1222/1637/1596
f 1230/1636/1595 1877/1635/1594 1222/1637/1596
f 1186/1613/1572 1878/1640/1599 1231/1639/1598
f 375/1606/1565 1228/1630/1589 1878/1640/1599
f 1228/1630/1589 390/1634/1593 1215/1641/1600
f 1231/1639/1598 1878/1640/1599 1215/1641/1600
f 384/1618/1577 1194/1617/1576 1879/1643/1602
f 1194/1617/1576 383/1610/1569 1230/1636/1595
f 1230/1636/1595 398/1638/1597 1223/1645/1604
f 1232/1644/1603 1879/1643/1602 1223/1645/1604
f 377/1563/1524 1187/1621/1580 1880/1647/1606
f 376/1614/1573 1231/1639/1598 1880/1647/1606
f 1880/1647/1606 1231/1639/1598 391/1642/1601
f 1233/1648/1607 1880/1647/1606 1216/1649/1608
f 385/1568/1529 1195/1624/1583 1881/1651/1610
f 384/1618/1577 1232/1644/1603 1881/1651/1610
f 1232/1644/1603 399/1646/1605 1224/1653/1612
f 1234/1652/1611 1881/1651/1610 1224/1653/1612
f 1188/1564/1525 1882/1656/1615 1235/1655/1614
f 377/1563/1524 1233/1648/1607 1882/1656/1615
f 1882/1656/1615 1233/1648/1607 392/1650/1609
f 1882/1656/1615 1217/1657/1616 393/1658/1617
f 1196/1569/1530 1883/1660/1619 1236/1659/1618
f 385/1568/1529 1234/1652/1611 1883/1660/1619
f 1883/1660/1619 1234/1652/1611 400/1654/1613
f 1236/1659/1618 1883/1660/1619 1225/1661/1620
f 379/1574/1535 1189/1573/1534 1884/1663/1622
f 1189/1573/1534 378/1565/1526 1235/1655/1614
f 1235/1655/1614 393/1658/1617 1218/1665/1624
f 1237/1664/1623 1884/1663/1622 1218/1665/1624
f 372/1578/1539 1451/1577/1538 1885/1667/1626
f 1453/1669/1628 1885/1667/1626 1451/1577/1538
f 387/1670/1629 1238/1668/1627 1885/1667/1626
f 1452/1579/1540 1886/1672/1631 1454/1671/1630
f 386/1570/1531 1236/1659/1618 1886/1672/1631
f 401/1662/1621 1454/1671/1630 1886/1672/1631
f 1190/1585/1544 1887/1674/1633 1239/1673/1632
f 379/1584/1535 1237/1675/1623 1887/1674/1633
f 1237/1675/1623 394/2049/1625 1219/1676/1634
f 1239/1673/1632 1887/1674/1633 1219/1676/1634
f 373/1590/1549 1183/1589/1548 1888/1678/1636
f 1183/1589/1548 372/1578/1539 1238/1668/1627
f 1238/1668/1627 387/1670/1629 1212/1680/1638
f 1888/1678/1636 1212/1680/1638 388/1681/1639
f 381/1594/1553 1191/1593/1552 1889/1682/1640
f 1191/1593/1552 380/1586/1545 1239/1673/1632
f 1889/1682/1640 1239/1673/1632 395/1677/1635
f 1889/1682/1640 1220/1683/1641 396/1684/1642
f 374/1598/1557 1184/1597/1556 1890/1685/1643
f 373/1590/1549 1240/1679/1637 1890/1685/1643
f 1240/1679/1637 388/1681/1639 1213/1686/1644
f 1229/1632/1591 1890/1685/1643 1213/1686/1644
f 1225/1661/1620 1891/1689/1647 1255/1688/1646
f 400/1654/1613 1256/1746/1703 1891/1689/1647
f 1891/1689/1647 1256/1746/1703 415/1690/1648
f 1255/1688/1646 1891/1689/1647 1254/1691/1649
f 1218/1665/1624 1892/1694/1652 1257/1693/1651
f 393/1658/1617 1258/1695/1653 1892/1694/1652
f 1258/1695/1653 408/1750/1707 1247/1696/1654
f 1257/1693/1651 1892/1694/1652 1247/1696/1654
f 387/1670/1629 1453/1669/1628 1893/1698/1656
f 1455/1700/1658 1893/1698/1656 1453/1669/1628
f 402/1701/1659 1259/1699/1657 1893/1698/1656
f 1454/1671/1630 1894/1703/1661 1456/1702/1660
f 401/1662/1621 1255/1688/1646 1894/1703/1661
f 416/1692/1650 1456/1702/1660 1894/1703/1661
f 395/1677/1635 1219/1676/1634 1895/1704/1662
f 1219/1676/1634 394/2049/1625 1257/1706/1651
f 1257/1706/1651 409/1794/1655 1248/1707/1664
f 1260/1705/1663 1895/1704/1662 1248/1707/1664
f 388/1681/1639 1212/1680/1638 1896/1709/1666
f 1212/1680/1638 387/1670/1629 1259/1699/1657
f 1259/1699/1657 402/1701/1659 1241/1711/1668
f 1896/1709/1666 1241/1711/1668 403/1712/1669
f 396/1684/1642 1220/1683/1641 1897/1713/1670
f 395/1677/1635 1260/1705/1663 1897/1713/1670
f 1260/1705/1663 410/1708/1665 1249/1715/1672
f 1897/1713/1670 1249/1715/1672 411/1716/1673
f 1213/1686/1644 1898/1718/1675 1263/1717/1674
f 388/1681/1639 1261/1710/1667 1898/1718/1675
f 1898/1718/1675 1261/1710/1667 403/1712/1669
f 1263/1717/1674 1898/1718/1675 1242/1719/1676
f 397/1629/1588 1221/1628/1587 1899/1721/1678
f 1221/1628/1587 396/1684/1642 1262/1714/1671
f 1262/1714/1671 411/1716/1673 1250/1723/1680
f 1899/1721/1678 1250/1723/1680 412/1724/1681
f 390/1634/1593 1214/1633/1592 1900/1725/1682
f 389/1687/1645 1263/1717/1674 1900/1725/1682
f 1900/1725/1682 1263/1717/1674 404/1720/1677
f 1265/1726/1683 1900/1725/1682 1243/1727/1684
f 398/1638/1597 1222/1637/1596 1901/1729/1686
f 397/1629/1588 1264/1722/1679 1901/1729/1686
f 1264/1722/1679 412/1724/1681 1251/1731/1688
f 1901/1729/1686 1251/1731/1688 413/1732/1689
f 391/1642/1601 1215/1641/1600 1902/1733/1690
f 390/1634/1593 1265/1726/1683 1902/1733/1690
f 1902/1733/1690 1265/1726/1683 405/1728/1685
f 1267/1734/1691 1902/1733/1690 1244/1735/1692
f 399/1646/1605 1223/1645/1604 1903/1737/1694
f 398/1638/1597 1266/1730/1687 1903/1737/1694
f 1266/1730/1687 413/1732/1689 1252/1739/1696
f 1903/1737/1694 1252/1739/1696 414/1740/1697
f 1216/1649/1608 1904/1742/1699 1269/1741/1698
f 391/1642/1601 1267/1734/1691 1904/1742/1699
f 1904/1742/1699 1267/1734/1691 406/1736/1693
f 1269/1741/1698 1904/1742/1699 1245/1743/1700
f 400/1654/1613 1224/1653/1612 1905/1745/1702
f 1224/1653/1612 399/1646/1605 1268/1738/1695
f 1268/1738/1695 414/1740/1697 1253/1747/1704
f 1905/1745/1702 1253/1747/1704 415/1690/1648
f 393/1658/1617 1217/1657/1616 1906/1748/1705
f 392/1650/1609 1269/1741/1698 1906/1748/1705
f 1906/1748/1705 1269/1741/1698 407/1744/1701
f 1258/1695/1653 1906/1748/1705 1246/1749/1706
f 413/1732/1689 1251/1731/1688 1907/1751/1708
f 1251/1731/1688 412/1724/1681 1285/1753/1710
f 1907/1751/1708 1285/1753/1710 427/1754/1711
f 1907/1751/1708 1280/1755/1712 428/1756/1713
f 1244/1735/1692 1908/1758/1715 1286/1757/1714
f 405/1728/1685 1287/1812/1767 1908/1758/1715
f 1908/1758/1715 1287/1812/1767 420/1759/1716
f 1908/1758/1715 1273/1760/1717 421/1761/1718
f 414/1740/1697 1252/1739/1696 1909/1762/1719
f 1252/1739/1696 413/1732/1689 1284/1752/1709
f 1284/1752/1709 428/1756/1713 1281/1764/1721
f 1909/1762/1719 1281/1764/1721 429/1765/1722
f 1245/1743/1700 1910/1767/1724 1289/1766/1723
f 406/1736/1693 1286/1757/1714 1910/1767/1724
f 1910/1767/1724 1286/1757/1714 421/1761/1718
f 1289/1766/1723 1910/1767/1724 1274/1768/1725
f 1253/1747/1704 1911/1771/1728 1290/1770/1727
f 1253/1747/1704 414/1740/1697 1288/1763/1720
f 1911/1771/1728 1288/1763/1720 429/1765/1722
f 1911/1771/1728 1282/1772/1729 430/1773/1730
f 1246/1749/1706 1912/1775/1732 1291/1774/1731
f 407/1744/1701 1289/1766/1723 1912/1775/1732
f 1289/1766/1723 422/1769/1726 1275/1776/1733
f 1912/1775/1732 1275/1776/1733 423/1777/1734
f 1254/1691/1649 1913/1779/1736 1292/1778/1735
f 415/1690/1648 1290/1770/1727 1913/1779/1736
f 1913/1779/1736 1290/1770/1727 430/1773/1730
f 1292/1778/1735 1913/1779/1736 1283/1780/1737
f 409/1697/1655 1247/1696/1654 1914/1782/1739
f 408/1750/1707 1291/1774/1731 1914/1782/1739
f 1914/1782/1739 1291/1774/1731 423/1777/1734
f 1293/1783/1740 1914/1782/1739 1276/1784/1741
f 402/1701/1659 1455/1700/1658 1915/1786/1743
f 1457/1788/1745 1915/1786/1743 1455/1700/1658
f 417/1789/1746 1294/1787/1744 1915/1786/1743
f 1456/1702/1660 1916/1791/1748 1458/1790/1747
f 416/1692/1650 1292/1778/1735 1916/1791/1748
f 431/1781/1738 1458/1790/1747 1916/1791/1748
f 410/1708/1665 1248/1707/1664 1917/1792/1749
f 409/1794/1655 1293/1795/1740 1917/1792/1749
f 1293/1795/1740 424/1825/1742 1277/1796/1751
f 1917/1792/1749 1277/1796/1751 425/1797/1752
f 403/1712/1669 1241/1711/1668 1918/1798/1753
f 1241/1711/1668 402/1701/1659 1294/1787/1744
f 1294/1787/1744 417/1789/1746 1270/1800/1755
f 1918/1798/1753 1270/1800/1755 418/1801/1756
f 411/1716/1673 1249/1715/1672 1919/1802/1757
f 1249/1715/1672 410/1708/1665 1295/1793/1750
f 1919/1802/1757 1295/1793/1750 425/1797/1752
f 1919/1802/1757 1278/1804/1759 426/1805/1760
f 1242/1719/1676 1920/1807/1762 1298/1806/1761
f 1242/1719/1676 403/1712/1669 1296/1799/1754
f 1920/1807/1762 1296/1799/1754 418/1801/1756
f 1920/1807/1762 1271/1808/1763 419/1809/1764
f 412/1724/1681 1250/1723/1680 1921/1810/1765
f 1250/1723/1680 411/1716/1673 1297/1803/1758
f 1297/1803/1758 426/1805/1760 1279/1811/1766
f 1921/1810/1765 1279/1811/1766 427/1754/1711
f 1243/1727/1684 1922/1813/1768 1287/1812/1767
f 404/1720/1677 1298/1806/1761 1922/1813/1768
f 1922/1813/1768 1298/1806/1761 419/1809/1764
f 1287/1812/1767 1922/1813/1768 1272/1814/1769
f 417/1789/1746 1457/1788/1745 1923/1815/1770
f 1459/1817/1772 1923/1815/1770 1457/1788/1745
f 432/1818/1773 1313/1816/1771 1923/1815/1770
f 1458/1790/1747 1924/1820/1775 1460/1819/1774
f 431/1781/1738 1314/1822/1777 1924/1820/1775
f 446/1821/1776 1460/1819/1774 1924/1820/1775
f 425/1797/1752 1277/1796/1751 1925/1823/1778
f 424/1825/1742 1316/1826/1780 1925/1823/1778
f 1316/1826/1780 439/2050/1831 1306/1827/1781
f 1315/1824/1779 1925/1823/1778 1306/1827/1781
f 418/1801/1756 1270/1800/1755 1926/1829/1783
f 1270/1800/1755 417/1789/1746 1313/1816/1771
f 1313/1816/1771 432/1818/1773 1299/1831/1785
f 1926/1829/1783 1299/1831/1785 433/1832/1786
f 426/1805/1760 1278/1804/1759 1927/1833/1787
f 1278/1804/1759 425/1797/1752 1315/1824/1779
f 1315/1824/1779 440/1828/1782 1307/1835/1789
f 1927/1833/1787 1307/1835/1789 441/1836/1790
f 419/1809/1764 1271/1808/1763 1928/1837/1791
f 418/1801/1756 1317/1830/1784 1928/1837/1791
f 1928/1837/1791 1317/1830/1784 433/1832/1786
f 1319/1838/1792 1928/1837/1791 1300/1839/1793
f 1279/1811/1766 1929/1842/1796 1320/1841/1795
f 1279/1811/1766 426/1805/1760 1318/1834/1788
f 1318/1834/1788 441/1836/1790 1308/1843/1797
f 1929/1842/1796 1308/1843/1797 442/1844/1798
f 1272/1814/1769 1930/1846/1800 1321/1845/1799
f 419/1809/1764 1319/1838/1792 1930/1846/1800
f 1930/1846/1800 1319/1838/1792 434/1840/1794
f 1321/1845/1799 1930/1846/1800 1301/1847/1801
f 428/1756/1713 1280/1755/1712 1931/1849/1803
f 1280/1755/1712 427/1754/1711 1320/1841/1795
f 1931/1849/1803 1320/1841/1795 442/1844/1798
f 1931/1849/1803 1309/1851/1805 443/1852/1806
f 1273/1760/1717 1932/1854/1808 1323/1853/1807
f 420/1759/1716 1321/1845/1799 1932/1854/1808
f 1932/1854/1808 1321/1845/1799 435/1848/1802
f 1932/1854/1808 1302/1855/1809 436/1856/1810
f 429/1765/1722 1281/1764/1721 1933/1857/1811
f 1281/1764/1721 428/1756/1713 1322/1850/1804
f 1322/1850/1804 443/1852/1806 1310/1859/1813
f 1933/1857/1811 1310/1859/1813 444/1860/1814
f 1274/1768/1725 1934/1862/1816 1325/1861/1815
f 1274/1768/1725 421/1761/1718 1323/1853/1807
f 1934/1862/1816 1323/1853/1807 436/1856/1810
f 1325/1861/1815 1934/1862/1816 1303/1863/1817
f 430/1773/1730 1282/1772/1729 1935/1865/1819
f 429/1765/1722 1324/1858/1812 1935/1865/1819
f 1324/1858/1812 444/1860/1814 1311/1867/1821
f 1935/1865/1819 1311/1867/1821 445/1868/1822
f 423/1777/1734 1275/1776/1733 1936/1869/1823
f 422/1769/1726 1325/1861/1815 1936/1869/1823
f 1936/1869/1823 1325/1861/1815 437/1864/1818
f 1327/1870/1824 1936/1869/1823 1304/1871/1825
f 1283/1780/1737 1937/1873/1827 1314/1822/1777
f 430/1773/1730 1326/1866/1820 1937/1873/1827
f 1937/1873/1827 1326/1866/1820 445/1868/1822
f 1314/1822/1777 1937/1873/1827 1312/1874/1828
f 424/1785/1742 1276/1784/1741 1938/1875/1829
f 423/1777/1734 1327/1870/1824 1938/1875/1829
f 1327/1870/1824 438/1872/1826 1305/1877/1830
f 1316/1876/1780 1938/1875/1829 1305/1877/1830
f 1302/1855/1809 1939/1880/1833 1342/1879/1832
f 435/1848/1802 1343/1938/1889 1939/1880/1833
f 1939/1880/1833 1343/1938/1889 450/1881/1834
f 1342/1879/1832 1939/1880/1833 1331/1882/1835
f 444/1860/1814 1310/1859/1813 1940/1884/1837
f 1310/1859/1813 443/1852/1806 1345/1886/1839
f 1940/1884/1837 1345/1886/1839 458/1887/1840
f 1940/1884/1837 1339/1888/1841 459/1889/1842
f 1303/1863/1817 1941/1891/1844 1346/1890/1843
f 436/1856/1810 1342/1879/1832 1941/1891/1844
f 1941/1891/1844 1342/1879/1832 451/1883/1836
f 1346/1890/1843 1941/1891/1844 1332/1892/1845
f 445/1868/1822 1311/1867/1821 1942/1894/1847
f 1311/1867/1821 444/1860/1814 1344/1885/1838
f 1344/1885/1838 459/1889/1842 1340/1896/1849
f 1942/1894/1847 1340/1896/1849 460/1897/1850
f 1304/1871/1825 1943/1899/1852 1348/1898/1851
f 1304/1871/1825 437/1864/1818 1346/1890/1843
f 1346/1890/1843 452/1893/1846 1333/1900/1853
f 1348/1898/1851 1943/1899/1852 1333/1900/1853
f 1312/1874/1828 1944/1903/1856 1349/1902/1855
f 445/1868/1822 1347/1895/1848 1944/1903/1856
f 1944/1903/1856 1347/1895/1848 460/1897/1850
f 1349/1902/1855 1944/1903/1856 1341/1904/1857
f 1305/1877/1830 1945/1907/1860 1350/1906/1859
f 438/1872/1826 1348/1898/1851 1945/1907/1860
f 1945/1907/1860 1348/1898/1851 453/1901/1854
f 1945/1907/1860 1334/1908/1861 454/1909/1862
f 432/1818/1773 1459/1817/1772 1946/1910/1863
f 1461/1912/1865 1946/1910/1863 1459/1817/1772
f 447/1913/1866 1351/1911/1864 1946/1910/1863
f 1460/1819/1774 1947/1915/1868 1462/1914/1867
f 446/1821/1776 1349/1902/1855 1947/1915/1868
f 461/1905/1858 1462/1914/1867 1947/1915/1868
f 440/1828/1782 1306/1827/1781 1948/1916/1869
f 1306/1827/1781 439/2050/1831 1350/1918/1859
f 1948/1916/1869 1350/1918/1859 454/1919/1862
f 1948/1916/1869 1335/1920/1871 455/1921/1872
f 433/1832/1786 1299/1831/1785 1949/1922/1873
f 1299/1831/1785 432/1818/1773 1351/1911/1864
f 1351/1911/1864 447/1913/1866 1328/1924/1875
f 1949/1922/1873 1328/1924/1875 448/1925/1876
f 1307/1835/1789 1950/1927/1878 1354/1926/1877
f 1307/1835/1789 440/1828/1782 1352/1917/1870
f 1352/1917/1870 455/1921/1872 1336/1928/1879
f 1354/1926/1877 1950/1927/1878 1336/1928/1879
f 1300/1839/1793 1951/1931/1882 1355/1930/1881
f 433/1832/1786 1353/1923/1874 1951/1931/1882
f 1951/1931/1882 1353/1923/1874 448/1925/1876
f 1355/1930/1881 1951/1931/1882 1329/1932/1883
f 442/1844/1798 1308/1843/1797 1952/1934/1885
f 1308/1843/1797 441/1836/1790 1354/1926/1877
f 1354/1926/1877 456/1929/1880 1337/1936/1887
f 1952/1934/1885 1337/1936/1887 457/1937/1888
f 1301/1847/1801 1953/1939/1890 1343/1938/1889
f 434/1840/1794 1355/1930/1881 1953/1939/1890
f 1953/1939/1890 1355/1930/1881 449/1933/1884
f 1953/1939/1890 1330/1940/1891 450/1881/1834
f 1309/1851/1805 1954/1941/1892 1345/1886/1839
f 1309/1851/1805 442/1844/1798 1356/1935/1886
f 1356/1935/1886 457/1937/1888 1338/1942/1893
f 1954/1941/1892 1338/1942/1893 458/1887/1840
f 455/1921/1872 1335/1920/1871 1955/1943/1894
f 1335/1920/1871 454/1919/1862 1372/1945/1896
f 1955/1943/1894 1372/1945/1896 469/1946/1897
f 1955/1943/1894 1364/1947/1898 470/1948/1899
f 448/1925/1876 1328/1924/1875 1956/1949/1900
f 1328/1924/1875 447/1913/1866 1374/1951/1902
f 1374/1951/1902 462/2004/1953 1357/1952/1903
f 1956/1949/1900 1357/1952/1903 463/1953/1904
f 456/1929/1880 1336/1928/1879 1957/1954/1905
f 455/1921/1872 1371/1944/1895 1957/1954/1905
f 1371/1944/1895 470/1948/1899 1365/1956/1907
f 1957/1954/1905 1365/1956/1907 471/1957/1908
f 1329/1932/1883 1958/1959/1910 1376/1958/1909
f 448/1925/1876 1373/1950/1901 1958/1959/1910
f 1958/1959/1910 1373/1950/1901 463/1953/1904
f 1376/1958/1909 1958/1959/1910 1358/1960/1911
f 457/1937/1888 1337/1936/1887 1959/1962/1913
f 1337/1936/1887 456/1929/1880 1375/1955/1906
f 1959/1962/1913 1375/1955/1906 471/1957/1908
f 1959/1962/1913 1366/1964/1915 472/1965/1916
f 1330/1940/1891 1960/1967/1918 1378/1966/1917
f 449/1933/1884 1376/1958/1909 1960/1967/1918
f 1960/1967/1918 1376/1958/1909 464/1961/1912
f 1378/1966/1917 1960/1967/1918 1359/1968/1919
f 458/1887/1840 1338/1942/1893 1961/1970/1921
f 1338/1942/1893 457/1937/1888 1377/1963/1914
f 1377/1963/1914 472/1965/1916 1367/1972/1923
f 1961/1970/1921 1367/1972/1923 473/1973/1924
f 1331/1882/1835 1962/1975/1926 1380/1974/1925
f 450/1881/1834 1378/1966/1917 1962/1975/1926
f 1962/1975/1926 1378/1966/1917 465/1969/1920
f 1380/1974/1925 1962/1975/1926 1360/1976/1927
f 459/1889/1842 1339/1888/1841 1963/1978/1929
f 1339/1888/1841 458/1887/1840 1379/1971/1922
f 1379/1971/1922 473/1973/1924 1368/1980/1931
f 1963/1978/1929 1368/1980/1931 474/1981/1932
f 1332/1892/1845 1964/1983/1934 1382/1982/1933
f 451/1883/1836 1380/1974/1925 1964/1983/1934
f 1964/1983/1934 1380/1974/1925 466/1977/1928
f 1964/1983/1934 1361/1984/1935 467/1985/1936
f 460/1897/1850 1340/1896/1849 1965/1986/1937
f 1340/1896/1849 459/1889/1842 1381/1979/1930
f 1381/1979/1930 474/1981/1932 1369/1988/1939
f 1965/1986/1937 1369/1988/1939 475/1989/1940
f 453/1901/1854 1333/1900/1853 1966/1990/1941
f 452/1893/1846 1382/1982/1933 1966/1990/1941
f 1966/1990/1941 1382/1982/1933 467/1985/1936
f 1384/1991/1942 1966/1990/1941 1362/1992/1943
f 1341/1904/1857 1967/1995/1946 1385/1994/1945
f 460/1897/1850 1383/1987/1938 1967/1995/1946
f 1967/1995/1946 1383/1987/1938 475/1989/1940
f 1385/1994/1945 1967/1995/1946 1370/1996/1947
f 1334/1908/1861 1968/1999/1949 1372/1998/1896
f 453/1901/1854 1384/1991/1942 1968/1999/1949
f 1968/1999/1949 1384/1991/1942 468/1993/1944
f 1968/1999/1949 1363/2000/1950 469/2001/1897
f 447/1913/1866 1461/1912/1865 1969/2002/1951
f 1463/2003/1952 1969/2002/1951 1461/1912/1865
f 462/2004/1953 1374/1951/1902 1969/2002/1951
f 1462/1914/1867 1970/2006/1955 1464/2005/1954
f 461/1905/1858 1385/1994/1945 1970/2006/1955
f 476/1997/1948 1464/2005/1954 1970/2006/1955
f 1368/1980/1931 1971/2009/1958 1465/2007/1956
f 1368/1980/1931 473/1973/1924 1466/2008/1957
f 1466/2008/1957 9/93/91 490/9/9
f 1971/2009/1958 490/9/9 10/11/11
f 1361/1984/1935 1972/2012/1961 1467/2010/1959
f 1361/1984/1935 466/1977/1928 1468/2011/1960
f 1972/2012/1961 1468/2011/1960 5/3/3
f 1972/2012/1961 487/16/16 6/18/18
f 475/1989/1940 1369/1988/1939 1973/2013/1962
f 1369/1988/1939 474/1981/1932 1465/2007/1956
f 1465/2007/1956 10/11/11 1398/22/22
f 1973/2013/1962 1398/22/22 480/24/24
f 468/1993/1944 1362/1992/1943 1974/2015/1964
f 467/1985/1936 1467/2010/1959 1974/2015/1964
f 1974/2015/1964 1467/2010/1959 6/18/18
f 1469/2016/1965 1974/2015/1964 488/28/28
f 1370/1996/1947 1975/2018/1967 1391/2017/1966
f 475/1989/1940 1390/2014/1963 1975/2018/1967
f 1975/2018/1967 1390/2014/1963 480/24/24
f 1391/2017/1966 1975/2018/1967 1388/34/34
f 1363/2000/1950 1976/2020/1969 1392/2019/1968
f 1363/2000/1950 468/1993/1944 1469/2016/1965
f 1469/2016/1965 7/30/30 1396/40/40
f 1976/2020/1969 1396/40/40 477/42/42
f 462/2004/1953 1463/2003/1952 1977/2021/1970
f 1395/50/50 1977/2021/1970 1463/2003/1952
f 1/46/46 1470/2022/1971 1977/2021/1970
f 1464/2005/1954 1978/2023/1972 1389/53/53
f 476/1997/1948 1391/2017/1966 1978/2023/1972
f 481/36/36 1389/53/53 1978/2023/1972
f 1364/1947/1898 1979/2026/1974 1393/2024/1973
f 1364/1947/1898 469/1946/1897 1392/2025/1968
f 1392/2025/1968 477/2039/42 1386/60/60
f 1393/2024/1973 1979/2026/1974 1386/60/60
f 463/1953/1904 1357/1952/1903 1980/2027/1975
f 1357/1952/1903 462/2004/1953 1470/2022/1971
f 1470/2022/1971 1/46/46 483/68/66
f 1980/2027/1975 483/68/66 2/65/63
f 471/1957/1908 1365/1956/1907 1981/2029/1977
f 470/1948/1899 1393/2024/1973 1981/2029/1977
f 1393/2024/1973 478/57/57 1387/74/72
f 1981/2029/1977 1387/74/72 479/71/69
f 1358/1960/1911 1982/2032/1980 1472/2031/1979
f 463/1953/1904 1471/2028/1976 1982/2032/1980
f 1982/2032/1980 1471/2028/1976 2/65/63
f 1472/2031/1979 1982/2032/1980 484/80/78
f 1366/1964/1915 1983/2034/1982 1473/2033/1981
f 1366/1964/1915 471/1957/1908 1394/2030/1978
f 1983/2034/1982 1394/2030/1978 479/71/69
f 1983/2034/1982 1397/86/84 8/83/81
f 1359/1968/1919 1984/2036/1984 1474/2035/1983
f 464/1961/1912 1472/2031/1979 1984/2036/1984
f 1984/2036/1984 1472/2031/1979 3/77/75
f 1474/2035/1983 1984/2036/1984 485/89/87
f 473/1973/1924 1367/1972/1923 1985/2037/1985
f 1367/1972/1923 472/1965/1916 1473/2033/1981
f 1473/2033/1981 8/83/81 489/95/93
f 1985/2037/1985 489/95/93 9/93/91
f 1360/1976/1927 1986/2038/1986 1468/2011/1960
f 465/1969/1920 1474/2035/1983 1986/2038/1986
f 1986/2038/1986 1474/2035/1983 4/4/4
f 1468/2011/1960 1986/2038/1986 486/1/1
