# Blender 5.0.1
# www.blender.org
mtllib crow.mtl
g Dongkarasuout.001_Malla
v -7.914951 5.415074 2.357323
v -7.981598 5.285905 1.786586
v -7.860562 4.771985 2.684719
v -7.914951 5.415074 2.357323
v -7.860562 4.771985 2.684719
v -8.709952 4.975380 2.779372
v -8.147143 6.295827 1.905792
v -7.914951 5.415074 2.357323
v -8.709952 4.975380 2.779372
v -8.147143 6.295827 1.905792
v -8.818446 4.765097 1.850234
v -7.981598 5.285905 1.786586
v -8.147143 6.295827 1.905792
v -7.981598 5.285905 1.786586
v -7.914951 5.415074 2.357323
v -7.800813 2.810675 2.223631
v -7.722085 2.963108 2.892371
v -7.800813 2.810675 2.223631
v -7.722085 2.963108 2.892371
v -8.115985 2.248719 3.200565
v -7.722085 2.963108 2.892371
v -7.221188 1.974025 2.313197
v -8.115985 2.248719 3.200565
v -7.221188 1.974025 2.313197
v -8.211189 2.064377 2.391841
v -8.115985 2.248719 3.200565
v -8.211189 2.064377 2.391841
v -9.258896 1.431781 2.735478
v -8.115985 2.248719 3.200565
v -8.211189 2.064377 2.391841
v -9.331381 1.931757 1.958955
v -9.258896 1.431781 2.735478
v -8.211189 2.064377 2.391841
v -7.221188 1.974025 2.313197
v -7.800813 2.810675 2.223631
v -8.211189 2.064377 2.391841
v -7.800813 2.810675 2.223631
v -9.331381 1.931757 1.958955
v -8.211189 2.064377 2.391841
v -7.800813 2.810675 2.223631
v -8.366282 3.244819 2.005824
v -9.331381 1.931757 1.958955
v -7.800813 2.810675 2.223631
v -7.722085 2.963108 2.892371
v -8.366282 3.244819 2.005824
v -7.722085 2.963108 2.892371
v -8.185101 3.467094 3.107785
v -8.366282 3.244819 2.005824
v -7.722085 2.963108 2.892371
v -9.100027 2.381699 3.903883
v -8.185101 3.467094 3.107785
v -11.330608 -1.307755 1.935873
v -10.648976 -0.524487 1.524629
v -11.321306 -1.108870 1.473782
v -11.330608 -1.307755 1.935873
v -10.656935 -0.780768 2.212441
v -10.648976 -0.524487 1.524629
v -10.655528 -0.103821 5.744898
v -11.463537 -0.246069 5.926993
v -10.618370 1.018685 5.248435
v -10.655528 -0.103821 5.744898
v -10.807209 -0.295459 5.434429
v -11.463537 -0.246069 5.926993
v -11.265056 -1.230564 4.224797
v -12.419695 -1.289055 4.091969
v -11.184417 -0.119234 4.097477
v -11.265056 -1.230564 4.224797
v -11.326658 -1.349961 3.697234
v -12.419695 -1.289055 4.091969
v -11.229326 -0.209466 2.266412
v -10.642699 0.956693 1.809507
v -10.778378 0.679273 2.528832
v -11.229326 -0.209466 2.266412
v -11.061069 0.116168 1.645074
v -10.642699 0.956693 1.809507
v -11.330608 -1.307755 1.935873
v -12.182069 -1.344918 1.591654
v -11.229326 -0.209466 2.266412
v -11.330608 -1.307755 1.935873
v -11.321306 -1.108870 1.473782
v -12.182069 -1.344918 1.591654
v -11.321306 -1.108870 1.473782
v -11.061069 0.116168 1.645074
v -12.182069 -1.344918 1.591654
v -11.321306 -1.108870 1.473782
v -10.648976 -0.524487 1.524629
v -11.061069 0.116168 1.645074
v -11.463537 -0.246069 5.926993
v -10.807209 -0.295459 5.434429
v -10.919007 0.436477 4.752960
v -10.807209 -0.295459 5.434429
v -10.162737 -0.033319 4.840103
v -10.919007 0.436477 4.752960
v -10.807209 -0.295459 5.434429
v -10.655528 -0.103821 5.744898
v -10.162737 -0.033319 4.840103
v -10.655528 -0.103821 5.744898
v -10.056835 0.420270 5.354821
v -10.162737 -0.033319 4.840103
v -10.655528 -0.103821 5.744898
v -10.618370 1.018685 5.248435
v -10.056835 0.420270 5.354821
v -12.419695 -1.289055 4.091969
v -11.326658 -1.349961 3.697234
v -11.280646 -0.305746 3.273374
v -11.326658 -1.349961 3.697234
v -10.680444 -0.749323 3.301304
v -11.280646 -0.305746 3.273374
v -11.326658 -1.349961 3.697234
v -11.265056 -1.230564 4.224797
v -10.680444 -0.749323 3.301304
v -11.265056 -1.230564 4.224797
v -10.584214 -0.562811 4.125407
v -10.680444 -0.749323 3.301304
v -11.265056 -1.230564 4.224797
v -11.184417 -0.119234 4.097477
v -10.584214 -0.562811 4.125407
v -11.321306 -1.108870 -1.473784
v -12.182069 -1.344918 -1.591652
v -11.061069 0.116168 -1.645074
v -11.229326 -0.209466 -2.266410
v -10.642699 0.956693 -1.809507
v -11.061069 0.116168 -1.645074
v -12.182069 -1.344918 -1.591652
v -11.330608 -1.307755 -1.935873
v -11.229326 -0.209466 -2.266410
v -12.182069 -1.344918 -1.591652
v -11.321306 -1.108870 -1.473784
v -11.330608 -1.307755 -1.935873
v -11.321306 -1.108870 -1.473784
v -10.648976 -0.524487 -1.524629
v -11.330608 -1.307755 -1.935873
v -11.321306 -1.108870 -1.473784
v -11.061069 0.116168 -1.645074
v -10.648976 -0.524487 -1.524629
v -10.807209 -0.295459 -5.434431
v -11.463533 -0.246067 -5.926991
v -10.919007 0.436477 -4.752960
v -10.807209 -0.295459 -5.434431
v -10.655528 -0.103821 -5.744896
v -11.463533 -0.246067 -5.926991
v -10.655528 -0.103821 -5.744896
v -10.618370 1.018685 -5.248435
v -11.463533 -0.246067 -5.926991
v -10.655528 -0.103821 -5.744896
v -10.056835 0.420270 -5.354821
v -10.618370 1.018685 -5.248435
v -11.326658 -1.349961 -3.697234
v -12.419694 -1.289053 -4.091970
v -11.280646 -0.305746 -3.273374
v -11.326658 -1.349961 -3.697234
v -11.265056 -1.230564 -4.224797
v -12.419694 -1.289053 -4.091970
v -11.265056 -1.230564 -4.224797
v -11.184417 -0.119234 -4.097477
v -12.419694 -1.289053 -4.091970
v -11.265056 -1.230564 -4.224797
v -10.584214 -0.562811 -4.125407
v -11.184417 -0.119234 -4.097477
v -8.115985 2.248719 -3.200565
v -9.258896 1.431781 -2.735478
v -8.211189 2.064377 -2.391841
v -8.115985 2.248719 -3.200565
v -9.100027 2.381699 -3.903883
v -9.189031 1.567213 -3.413047
v -8.115985 2.248719 -3.200565
v -7.722085 2.963106 -2.892371
v -9.100027 2.381699 -3.903883
v -7.722085 2.963106 -2.892371
v -8.366282 3.244819 -2.005824
v -8.185101 3.467094 -3.107785
v -7.722085 2.963106 -2.892371
v -7.800813 2.810675 -2.223631
v -8.366282 3.244819 -2.005824
v -7.800813 2.810675 -2.223631
v -9.331381 1.931757 -1.958955
v -8.366282 3.244819 -2.005824
v -7.914951 5.415074 -2.357323
v -8.147143 6.295827 -1.905792
v -8.709952 4.975380 -2.779372
v -7.914951 5.415074 -2.357323
v -7.981598 5.285905 -1.786586
v -8.147143 6.295827 -1.905792
v -8.211189 2.064377 -2.391841
v -7.800813 2.810675 -2.223631
v -7.221188 1.974025 -2.313197
v -8.211189 2.064377 -2.391841
v -7.221188 1.974025 -2.313197
v -8.115985 2.248719 -3.200565
v -8.211189 2.064377 -2.391841
v -7.221188 1.974025 -2.313197
v -7.127647 2.155124 -3.107063
v -8.115985 2.248719 -3.200565
v -7.127647 2.155124 -3.107063
v -7.722085 2.963106 -2.892371
v -8.115985 2.248719 -3.200565
v -7.127647 2.155124 -3.107063
v -7.722085 2.963106 -2.892371
v -7.800813 2.810675 -2.223631
v -7.722085 2.963106 -2.892371
v -7.800813 2.810675 -2.223631
v -9.232544 3.555717 -3.261243
v -9.681315 2.669341 -3.859923
v -9.100027 2.381699 -3.903883
v -9.232544 3.555717 -3.261243
v -9.100027 2.381699 -3.903883
v -8.185101 3.467094 -3.107785
v -8.002140 4.108852 -2.896251
v -9.232544 3.555717 -3.261243
v -8.185101 3.467094 -3.107785
v -8.002140 4.108852 -2.896251
v -8.185101 3.467094 -3.107785
v -8.142714 3.900838 -1.917219
v -7.960529 4.578232 -1.828611
v -8.002140 4.108852 -2.896251
v -8.142714 3.900838 -1.917219
v -7.960529 4.578232 -1.828611
v -8.142714 3.900838 -1.917219
v -8.818446 4.765097 -1.850234
v -7.981598 5.285905 -1.786586
v -7.960529 4.578232 -1.828611
v -8.818446 4.765097 -1.850234
v -7.981598 5.285905 -1.786586
v -8.818446 4.765097 -1.850234
v -8.147143 6.295827 -1.905792
v -7.860562 4.771985 -2.684719
v -7.914951 5.415074 -2.357323
v -8.709952 4.975380 -2.779372
v -9.331381 1.931757 -1.958955
v -9.911782 2.270992 -2.096590
v -9.375778 3.302137 -2.118450
v -9.331381 1.931757 -1.958955
v -9.375778 3.302137 -2.118450
v -8.366282 3.244819 -2.005824
v -9.100027 2.381699 -3.903883
v -7.722085 2.963106 -2.892371
v -8.185101 3.467094 -3.107785
v -9.258896 1.431781 -2.735478
v -8.115985 2.248719 -3.200565
v -9.189031 1.567213 -3.413047
v -9.375778 3.302137 -2.118450
v -8.818446 4.765097 -1.850234
v -8.142714 3.900838 -1.917219
v -9.375778 3.302137 -2.118450
v -8.142714 3.900838 -1.917219
v -8.366282 3.244819 -2.005824
v -8.709952 4.975380 -2.779372
v -9.232544 3.555717 -3.261243
v -8.002140 4.108852 -2.896251
v -8.709952 4.975380 -2.779372
v -8.002140 4.108852 -2.896251
v -7.860562 4.771985 -2.684719
v -9.331381 1.931757 -1.958955
v -7.800813 2.810675 -2.223631
v -8.211189 2.064377 -2.391841
v -9.331381 1.931757 -1.958955
v -8.211189 2.064377 -2.391841
v -9.258896 1.431781 -2.735478
v -8.709952 4.975380 -2.779372
v -8.818446 4.765097 -1.850234
v -9.375778 3.302137 -2.118450
v -8.709952 4.975380 -2.779372
v -9.375778 3.302137 -2.118450
v -9.232544 3.555717 -3.261243
v -9.232544 3.555717 -3.261243
v -9.375778 3.302137 -2.118450
v -9.911782 2.270992 -2.096590
v -9.232544 3.555717 -3.261243
v -9.911782 2.270992 -2.096590
v -9.681315 2.669341 -3.859923
v -7.860562 4.771985 -2.684719
v -7.960529 4.578232 -1.828611
v -7.981598 5.285905 -1.786586
v -7.860562 4.771985 -2.684719
v -7.981598 5.285905 -1.786586
v -7.914951 5.415074 -2.357323
v -8.709952 4.975380 -2.779372
v -8.147143 6.295827 -1.905792
v -8.818446 4.765097 -1.850234
v -8.366282 3.244819 -2.005824
v -8.142714 3.900838 -1.917219
v -8.185101 3.467094 -3.107785
v -8.002140 4.108852 -2.896251
v -7.960529 4.578232 -1.828611
v -7.860562 4.771985 -2.684719
v -10.603367 1.039237 -4.193908
v -10.919007 0.436477 -4.752960
v -10.618370 1.018685 -5.248435
v -10.603367 1.039237 -4.193908
v -10.618370 1.018685 -5.248435
v -10.313135 1.613591 -4.745784
v -10.320217 1.473870 -3.566258
v -10.603367 1.039237 -4.193908
v -10.313135 1.613591 -4.745784
v -10.320217 1.473870 -3.566258
v -10.313135 1.613591 -4.745784
v -9.681315 2.669341 -3.859923
v -10.390081 1.338438 -2.888692
v -10.320217 1.473870 -3.566258
v -9.681315 2.669341 -3.859923
v -10.390081 1.338438 -2.888692
v -9.681315 2.669341 -3.859923
v -9.911782 2.270992 -2.096590
v -10.642699 0.956693 -1.809507
v -10.390081 1.338438 -2.888692
v -9.911782 2.270992 -2.096590
v -10.680444 -0.749323 -3.301304
v -11.326658 -1.349961 -3.697234
v -11.280646 -0.305746 -3.273374
v -10.162737 -0.033319 -4.840103
v -10.807209 -0.295459 -5.434431
v -10.919007 0.436477 -4.752960
v -10.642699 0.956693 -1.809507
v -9.911782 2.270992 -2.096590
v -9.331381 1.931757 -1.958955
v -10.642699 0.956693 -1.809507
v -9.331381 1.931757 -1.958955
v -10.233105 0.107907 -1.650282
v -11.061069 0.116168 -1.645074
v -10.642699 0.956693 -1.809507
v -10.233105 0.107907 -1.650282
v -11.061069 0.116168 -1.645074
v -10.233105 0.107907 -1.650282
v -10.648976 -0.524487 -1.524629
v -10.933531 0.407007 -3.089903
v -10.390081 1.338438 -2.888692
v -9.258896 1.431781 -2.735478
v -10.933531 0.407007 -3.089903
v -9.258896 1.431781 -2.735478
v -10.267553 -0.183217 -3.138220
v -11.280646 -0.305746 -3.273374
v -10.933531 0.407007 -3.089903
v -10.267553 -0.183217 -3.138220
v -11.280646 -0.305746 -3.273374
v -10.267553 -0.183217 -3.138220
v -10.680444 -0.749323 -3.301304
v -10.603367 1.039237 -4.193908
v -10.320217 1.473870 -3.566258
v -9.189031 1.567213 -3.413047
v -10.603367 1.039237 -4.193908
v -9.189031 1.567213 -3.413047
v -9.824696 0.440583 -4.372384
v -10.919007 0.436477 -4.752960
v -10.603367 1.039237 -4.193908
v -9.824696 0.440583 -4.372384
v -10.919007 0.436477 -4.752960
v -9.824696 0.440583 -4.372384
v -10.162737 -0.033319 -4.840103
v -9.824696 0.440583 -4.372384
v -9.189031 1.567213 -3.413047
v -9.100027 2.381699 -3.903883
v -9.824696 0.440583 -4.372384
v -9.100027 2.381699 -3.903883
v -9.723266 0.967391 -4.948056
v -10.162737 -0.033319 -4.840103
v -9.824696 0.440583 -4.372384
v -9.723266 0.967391 -4.948056
v -10.162737 -0.033319 -4.840103
v -9.723266 0.967391 -4.948056
v -10.056835 0.420270 -5.354821
v -10.933531 0.407007 -3.089903
v -11.280646 -0.305746 -3.273374
v -11.184417 -0.119234 -4.097477
v -10.933531 0.407007 -3.089903
v -11.184417 -0.119234 -4.097477
v -10.840672 0.587031 -3.919689
v -10.320217 1.473870 -3.566258
v -10.933531 0.407007 -3.089903
v -10.840672 0.587031 -3.919689
v -9.723266 0.967391 -4.948056
v -9.100027 2.381699 -3.903883
v -9.681315 2.669341 -3.859923
v -9.723266 0.967391 -4.948056
v -9.681315 2.669341 -3.859923
v -10.313135 1.613591 -4.745784
v -10.618370 1.018685 -5.248435
v -9.723266 0.967391 -4.948056
v -10.313135 1.613591 -4.745784
v -10.227402 -0.192813 -2.384636
v -11.229326 -0.209466 -2.266410
v -10.656935 -0.780768 -2.212441
v -10.227402 -0.192813 -2.384636
v -10.656935 -0.780768 -2.212441
v -10.648976 -0.524487 -1.524629
v -10.233105 0.107907 -1.650282
v -10.227402 -0.192813 -2.384636
v -10.648976 -0.524487 -1.524629
v -10.227402 -0.192813 -2.384636
v -10.233105 0.107907 -1.650282
v -9.331381 1.931757 -1.958955
v -10.227402 -0.192813 -2.384636
v -9.331381 1.931757 -1.958955
v -9.258896 1.431781 -2.735478
v -10.390081 1.338438 -2.888692
v -10.227402 -0.192813 -2.384636
v -9.258896 1.431781 -2.735478
v -10.158323 0.023884 -3.972280
v -10.680444 -0.749323 -3.301304
v -10.267553 -0.183217 -3.138220
v -10.158323 0.023884 -3.972280
v -10.267553 -0.183217 -3.138220
v -9.258896 1.431781 -2.735478
v -9.189031 1.567213 -3.413047
v -10.158323 0.023884 -3.972280
v -9.258896 1.431781 -2.735478
v -10.778378 0.679273 -2.528832
v -10.390081 1.338438 -2.888692
v -10.642699 0.956693 -1.809507
v -10.778378 0.679273 -2.528832
v -10.642699 0.956693 -1.809507
v -11.229326 -0.209466 -2.266410
v -10.680444 -0.749323 -3.301304
v -10.584214 -0.562811 -4.125407
v -11.265056 -1.230564 -4.224797
v -10.680444 -0.749323 -3.301304
v -11.265056 -1.230564 -4.224797
v -11.326658 -1.349961 -3.697234
v -10.162737 -0.033319 -4.840103
v -10.056835 0.420270 -5.354821
v -10.655528 -0.103821 -5.744896
v -10.162737 -0.033319 -4.840103
v -10.655528 -0.103821 -5.744896
v -10.807209 -0.295459 -5.434431
v -10.656935 -0.780768 -2.212441
v -11.229326 -0.209466 -2.266410
v -11.330608 -1.307755 -1.935873
v -10.656935 -0.780768 -2.212441
v -11.330608 -1.307755 -1.935873
v -10.648976 -0.524487 -1.524629
v -10.778378 0.679273 -2.528832
v -11.229326 -0.209466 -2.266410
v -10.227402 -0.192813 -2.384636
v -10.778378 0.679273 -2.528832
v -10.227402 -0.192813 -2.384636
v -10.390081 1.338438 -2.888692
v -10.584214 -0.562811 -4.125407
v -10.680444 -0.749323 -3.301304
v -10.158323 0.023884 -3.972280
v -10.584214 -0.562811 -4.125407
v -10.158323 0.023884 -3.972280
v -11.184417 -0.119234 -4.097477
v -10.840672 0.587031 -3.919689
v -11.184417 -0.119234 -4.097477
v -10.158323 0.023884 -3.972280
v -10.840672 0.587031 -3.919689
v -10.158323 0.023884 -3.972280
v -10.320217 1.473870 -3.566258
v -11.061069 0.116168 -1.645074
v -12.182069 -1.344918 -1.591652
v -11.229326 -0.209466 -2.266410
v -10.919007 0.436477 -4.752960
v -11.463533 -0.246067 -5.926991
v -10.618370 1.018685 -5.248435
v -11.280646 -0.305746 -3.273374
v -12.419694 -1.289053 -4.091970
v -11.184417 -0.119234 -4.097477
v -10.390081 1.338438 -2.888692
v -10.933531 0.407007 -3.089903
v -10.320217 1.473870 -3.566258
v -10.056835 0.420270 -5.354821
v -9.723266 0.967391 -4.948056
v -10.618370 1.018685 -5.248435
v -10.320217 1.473870 -3.566258
v -10.158323 0.023884 -3.972280
v -9.189031 1.567213 -3.413047
v -9.189031 1.567213 3.413047
v -10.320217 1.473870 3.566258
v -10.603367 1.039237 4.193908
v -9.189031 1.567213 3.413047
v -10.603367 1.039237 4.193908
v -9.824696 0.440583 4.372384
v -9.100027 2.381699 3.903883
v -9.189031 1.567213 3.413047
v -9.824696 0.440583 4.372384
v -9.100027 2.381699 3.903883
v -9.824696 0.440583 4.372384
v -9.723266 0.967391 4.948056
v -9.681315 2.669341 3.859925
v -9.100027 2.381699 3.903883
v -9.723266 0.967391 4.948056
v -9.681315 2.669341 3.859925
v -9.723266 0.967391 4.948056
v -10.313135 1.613591 4.745784
v -9.331381 1.931757 1.958955
v -9.911784 2.270993 2.096590
v -10.642699 0.956693 1.809507
v -9.331381 1.931757 1.958955
v -10.642699 0.956693 1.809507
v -10.233105 0.107907 1.650282
v -10.227402 -0.192813 2.384636
v -9.331381 1.931757 1.958955
v -10.233105 0.107907 1.650282
v -10.227402 -0.192813 2.384636
v -10.233105 0.107907 1.650282
v -10.648976 -0.524487 1.524629
v -10.656935 -0.780768 2.212441
v -10.227402 -0.192813 2.384636
v -10.648976 -0.524487 1.524629
v -9.258896 1.431781 2.735478
v -10.390081 1.338438 2.888692
v -10.933531 0.407007 3.089903
v -9.258896 1.431781 2.735478
v -10.933531 0.407007 3.089903
v -10.267553 -0.183217 3.138220
v -10.158323 0.023884 3.972280
v -9.258896 1.431781 2.735478
v -10.267553 -0.183217 3.138220
v -10.158323 0.023884 3.972280
v -10.267553 -0.183217 3.138220
v -10.680444 -0.749323 3.301304
v -10.584214 -0.562811 4.125407
v -10.158323 0.023884 3.972280
v -10.680444 -0.749323 3.301304
v -9.824696 0.440583 4.372384
v -10.603367 1.039237 4.193908
v -10.919007 0.436477 4.752960
v -9.824696 0.440583 4.372384
v -10.919007 0.436477 4.752960
v -10.162737 -0.033319 4.840103
v -9.723266 0.967391 4.948056
v -9.824696 0.440583 4.372384
v -10.162737 -0.033319 4.840103
v -9.723266 0.967391 4.948056
v -10.162737 -0.033319 4.840103
v -10.056835 0.420270 5.354821
v -10.618370 1.018685 5.248435
v -9.723266 0.967391 4.948056
v -10.056835 0.420270 5.354821
v -10.656935 -0.780768 2.212441
v -11.330608 -1.307755 1.935873
v -11.229326 -0.209466 2.266412
v -10.227402 -0.192813 2.384636
v -10.656935 -0.780768 2.212441
v -11.229326 -0.209466 2.266412
v -10.227402 -0.192813 2.384636
v -11.229326 -0.209466 2.266412
v -10.778378 0.679273 2.528832
v -10.390081 1.338438 2.888692
v -10.227402 -0.192813 2.384636
v -10.778378 0.679273 2.528832
v -10.390081 1.338438 2.888692
v -10.778378 0.679273 2.528832
v -10.642699 0.956693 1.809507
v -10.390081 1.338438 2.888692
v -10.642699 0.956693 1.809507
v -9.911784 2.270993 2.096590
v -9.681315 2.669341 3.859925
v -10.390081 1.338438 2.888692
v -9.911784 2.270993 2.096590
v -10.320217 1.473870 3.566258
v -10.840672 0.587031 3.919689
v -10.933531 0.407007 3.089903
v -10.320217 1.473870 3.566258
v -10.933531 0.407007 3.089903
v -10.390081 1.338438 2.888692
v -9.681315 2.669341 3.859925
v -10.320217 1.473870 3.566258
v -10.390081 1.338438 2.888692
v -10.227402 -0.192813 2.384636
v -10.390081 1.338438 2.888692
v -9.258896 1.431781 2.735478
v -10.227402 -0.192813 2.384636
v -9.258896 1.431781 2.735478
v -9.331381 1.931757 1.958955
v -11.184417 -0.119234 4.097477
v -11.280646 -0.305746 3.273374
v -10.933531 0.407007 3.089903
v -11.184417 -0.119234 4.097477
v -10.933531 0.407007 3.089903
v -10.840672 0.587031 3.919689
v -10.320217 1.473870 3.566258
v -9.681315 2.669341 3.859925
v -10.313135 1.613591 4.745784
v -10.320217 1.473870 3.566258
v -10.313135 1.613591 4.745784
v -10.603367 1.039237 4.193908
v -11.280646 -0.305746 3.273374
v -10.680444 -0.749323 3.301304
v -10.267553 -0.183217 3.138220
v -11.280646 -0.305746 3.273374
v -10.267553 -0.183217 3.138220
v -10.933531 0.407007 3.089903
v -9.189031 1.567213 3.413047
v -9.258896 1.431781 2.735478
v -10.158323 0.023884 3.972280
v -9.189031 1.567213 3.413047
v -10.158323 0.023884 3.972280
v -10.320217 1.473870 3.566258
v -10.840672 0.587031 3.919689
v -10.320217 1.473870 3.566258
v -10.158323 0.023884 3.972280
v -10.840672 0.587031 3.919689
v -10.158323 0.023884 3.972280
v -11.184417 -0.119234 4.097477
v -10.603367 1.039237 4.193908
v -10.313135 1.613591 4.745784
v -10.618370 1.018685 5.248435
v -10.603367 1.039237 4.193908
v -10.618370 1.018685 5.248435
v -10.919007 0.436477 4.752960
v -11.061069 0.116168 1.645074
v -10.648976 -0.524487 1.524629
v -10.233105 0.107907 1.650282
v -11.061069 0.116168 1.645074
v -10.233105 0.107907 1.650282
v -10.642699 0.956693 1.809507
v -11.061069 0.116168 1.645074
v -11.229326 -0.209466 2.266412
v -12.182069 -1.344918 1.591654
v -10.919007 0.436477 4.752960
v -10.618370 1.018685 5.248435
v -11.463537 -0.246069 5.926993
v -11.280646 -0.305746 3.273374
v -11.184417 -0.119234 4.097477
v -12.419695 -1.289055 4.091969
v -10.584214 -0.562811 4.125407
v -11.184417 -0.119234 4.097477
v -10.158323 0.023884 3.972280
v -9.723266 0.967391 4.948056
v -10.618370 1.018685 5.248435
v -10.313135 1.613591 4.745784
v -9.100027 2.381699 3.903883
v -9.681315 2.669341 3.859925
v -9.232544 3.555717 3.261243
v -9.100027 2.381699 3.903883
v -9.232544 3.555717 3.261243
v -8.185101 3.467094 3.107785
v -9.100027 2.381699 3.903883
v -7.722085 2.963108 2.892371
v -8.115985 2.248719 3.200565
v -9.100027 2.381699 3.903883
v -8.115985 2.248719 3.200565
v -9.189031 1.567213 3.413047
v -9.375778 3.302137 2.118450
v -8.818446 4.765097 1.850234
v -8.709952 4.975380 2.779372
v -9.375778 3.302137 2.118450
v -8.709952 4.975380 2.779372
v -9.232544 3.555717 3.261243
v -9.911784 2.270993 2.096590
v -9.375778 3.302137 2.118450
v -9.232544 3.555717 3.261243
v -9.911784 2.270993 2.096590
v -9.232544 3.555717 3.261243
v -9.681315 2.669341 3.859925
v -8.002140 4.108852 2.896251
v -8.709952 4.975380 2.779372
v -7.860562 4.771985 2.684719
v -8.002140 4.108852 2.896251
v -7.860562 4.771985 2.684719
v -8.142714 3.900838 1.917219
v -8.185101 3.467094 3.107785
v -8.002140 4.108852 2.896251
v -8.142714 3.900838 1.917219
v -8.185101 3.467094 3.107785
v -8.142714 3.900838 1.917219
v -8.366282 3.244819 2.005824
v -9.375778 3.302137 2.118450
v -9.911784 2.270993 2.096590
v -9.331381 1.931757 1.958955
v -9.375778 3.302137 2.118450
v -9.331381 1.931757 1.958955
v -8.366282 3.244819 2.005824
v -9.232544 3.555717 3.261243
v -8.709952 4.975380 2.779372
v -8.002140 4.108852 2.896251
v -9.232544 3.555717 3.261243
v -8.002140 4.108852 2.896251
v -8.185101 3.467094 3.107785
v -9.375778 3.302137 2.118450
v -8.366282 3.244819 2.005824
v -8.142714 3.900838 1.917219
v -9.375778 3.302137 2.118450
v -8.142714 3.900838 1.917219
v -8.818446 4.765097 1.850234
v -7.960529 4.578232 1.828611
v -8.818446 4.765097 1.850234
v -8.142714 3.900838 1.917219
v -7.960529 4.578232 1.828611
v -8.142714 3.900838 1.917219
v -7.860562 4.771985 2.684719
v -9.189031 1.567213 3.413047
v -8.115985 2.248719 3.200565
v -9.258896 1.431781 2.735478
v -8.709952 4.975380 2.779372
v -8.818446 4.765097 1.850234
v -8.147143 6.295827 1.905792
v -7.981598 5.285905 1.786586
v -7.960529 4.578232 1.828611
v -7.860562 4.771985 2.684719
v -7.981598 5.285905 1.786586
v -8.818446 4.765097 1.850234
v -7.960529 4.578232 1.828611
v -7.221188 1.974025 2.313197
v -7.221188 1.974025 2.313197
v -7.221188 1.974025 -2.313197
v -7.221188 1.974025 -2.313197
v -7.127647 2.155124 -3.107063
v -7.221188 1.974025 2.313197
v -7.127647 2.155124 -3.107063
v -7.221188 1.974025 -2.313197
v -7.127647 2.155124 -3.107063
v -6.980669 2.820847 2.778171
v -6.986979 2.789574 2.647130
v -7.010514 2.672936 2.158805
v -7.130054 2.150466 3.086645
v -7.032549 2.573505 2.177602
v -7.010514 2.672936 2.158805
v -7.010759 2.582918 -2.173642
v -7.090883 2.218335 -2.252739
v -6.963076 2.788954 -2.659569
v -7.164182 1.979829 2.305305
v -7.129088 2.155261 3.107199
v -6.991686 2.669655 -2.157260
v -7.125833 2.152809 2.268955
v -7.142828 1.982003 -2.302350
v -7.128778 2.156659 3.106655
v -7.154310 1.929801 -2.311739
v -7.104131 2.140722 -3.110315
v -7.105688 2.134177 -3.085535
v -7.129088 2.155261 3.107199
v -7.082566 2.239463 -3.059080
v -7.104131 2.140722 -3.110315
v -7.082566 2.239463 -3.059080
v -7.172588 1.941888 2.312137
v -7.128778 2.156659 3.106655
v -6.980669 2.820847 2.778171
v -7.125833 2.152809 2.268955
v -7.032549 2.573505 2.177602
v -6.991686 2.669655 -2.157260
v -7.010759 2.582918 -2.173642
v -6.956537 2.816216 -2.774454
v -7.164182 1.979829 2.305305
v -7.130054 2.150466 3.086645
v -7.172588 1.941888 2.312137
v -7.142828 1.982003 -2.302350
v -6.986979 2.789574 2.647130
v -6.956537 2.816216 -2.774454
v -6.963076 2.788954 -2.659569
v -7.090883 2.218335 -2.252739
v -7.154310 1.929801 -2.311739
v -7.105688 2.134177 -3.085535
v 7.693672 9.575345 1.703670
v 7.485922 10.392820 1.848082
v 7.977226 10.260420 1.524741
v 7.693672 9.575345 1.703670
v 7.977226 10.260420 1.524741
v 8.213739 9.799097 1.119146
v 8.037268 9.295052 1.067470
v 7.693672 9.575345 1.703670
v 8.213739 9.799097 1.119146
v 7.693672 9.575345 1.703670
v 8.037268 9.295052 1.067470
v 7.570831 9.027577 1.201403
v 7.693672 9.575345 1.703670
v 7.570831 9.027577 1.201403
v 7.079526 9.159972 1.524743
v 6.851140 9.614672 1.848080
v 7.693672 9.575345 1.703670
v 7.079526 9.159972 1.524743
v 7.693672 9.575345 -1.703670
v 7.977226 10.260420 -1.524741
v 7.485922 10.392820 -1.848082
v 7.693672 9.575345 -1.703670
v 7.485922 10.392820 -1.848082
v 7.019470 10.125333 -1.982014
v 6.851141 9.614674 -1.848082
v 7.693672 9.575345 -1.703670
v 7.019470 10.125333 -1.982014
v 7.693672 9.575345 1.703670
v 6.851140 9.614672 1.848080
v 7.019470 10.125333 1.982014
v 7.693672 9.575345 1.703670
v 7.019470 10.125333 1.982014
v 7.485922 10.392820 1.848082
v 8.213739 9.799097 -1.119146
v 7.977226 10.260420 -1.524741
v 7.693672 9.575345 -1.703670
v 8.213739 9.799097 -1.119146
v 7.693672 9.575345 -1.703670
v 8.037270 9.295053 -1.067470
v 7.570833 9.027578 -1.201403
v 8.037270 9.295053 -1.067470
v 7.693672 9.575345 -1.703670
v 7.570833 9.027578 -1.201403
v 7.693672 9.575345 -1.703670
v 7.079526 9.159972 -1.524743
v 7.079526 9.159972 -1.524743
v 7.693672 9.575345 -1.703670
v 6.851141 9.614674 -1.848082
v 5.274617 8.296603 3.998810
v 5.543154 6.432427 4.258975
v 5.521935 7.030883 7.486891
v 5.543154 6.432427 -4.258975
v 5.274617 8.296603 -3.998810
v 5.521935 7.030883 -7.486891
v 5.274617 8.296603 -3.998810
v 4.671907 9.316836 -7.590638
v 5.521935 7.030883 -7.486891
v 5.274617 8.296603 -3.998810
v 3.215141 9.500238 -4.022603
v 4.671907 9.316836 -7.590638
v 3.215141 9.500238 -4.022603
v 2.066861 10.799051 -7.561693
v 4.671907 9.316836 -7.590638
v 3.215141 9.500238 -4.022603
v 1.485098 9.787989 -3.917410
v 2.066861 10.799051 -7.561693
v 1.485098 9.787989 -3.917410
v -0.914638 11.849907 -7.352340
v 2.066861 10.799051 -7.561693
v 1.485098 9.787989 -3.917410
v -2.686292 12.544908 -6.717855
v -0.914638 11.849907 -7.352340
v 7.146761 8.060639 -0.712620
v 5.684157 8.393733 -1.210535
v 6.668346 7.801369 0.000000
v 3.810014 12.555040 1.845186
v 2.952820 12.058521 1.830869
v 3.077285 13.307662 0.000000
v 3.810014 12.555040 1.845186
v 4.267693 10.532002 2.655025
v 2.952820 12.058521 1.830869
v 7.146761 8.060639 0.712620
v 5.684157 8.393733 1.210535
v 6.740738 8.461514 1.235884
v 7.146761 8.060639 0.712620
v 6.668346 7.801369 0.000000
v 5.684157 8.393733 1.210535
v 6.740738 8.461514 -1.235884
v 5.684157 8.393733 -1.210535
v 7.146761 8.060639 -0.712620
v 6.740738 8.461514 -1.235884
v 6.159640 9.409287 -2.228574
v 5.684157 8.393733 -1.210535
v 6.159640 9.409287 -2.228574
v 5.115664 9.180818 -2.012937
v 5.684157 8.393733 -1.210535
v 6.159640 9.409287 -2.228574
v 4.267693 10.532002 -2.655025
v 5.115664 9.180818 -2.012937
v 6.580134 9.891024 2.184907
v 6.159640 9.409287 2.228574
v 5.134524 11.160913 2.579944
v 5.811686 9.204153 -3.937054
v 7.030333 7.133638 -4.242991
v 7.796026 7.253429 -3.135136
v 3.576416 13.701361 0.000000
v 3.810014 12.555040 -1.845186
v 4.543128 12.958770 -1.761230
v 10.879016 6.109227 0.000000
v 10.088621 6.960745 -0.274138
v 10.317165 6.005704 -0.196489
v 6.808284 9.487667 -2.020955
v 7.079526 9.159972 -1.524743
v 6.851141 9.614674 -1.848082
v 9.661663 6.992602 0.000000
v 10.317165 6.005704 0.196489
v 10.587047 5.732796 0.000000
v 5.285955 8.711821 4.052063
v 2.923261 11.727177 3.217993
v 5.811686 9.204153 3.937054
v -0.391327 12.458073 2.057396
v 2.923261 11.727177 3.217993
v 0.462431 11.377146 2.852356
v -7.686304 2.167612 2.146639
v -6.962455 2.985206 2.132106
v -7.102273 3.099263 2.834864
v -7.686304 2.167612 2.146639
v -7.102273 3.099263 2.834864
v -7.806144 2.265373 2.748992
v -7.806144 2.265373 2.748992
v -7.102273 3.099263 2.834864
v -6.501358 2.609062 3.237245
v -7.806144 2.265373 2.748992
v -6.501358 2.609062 3.237245
v 8.487306 6.694553 0.000000
v 8.545374 7.089751 0.442782
v 10.566436 5.753271 0.000000
v -0.391327 12.458073 -2.057396
v 0.462429 11.377147 -2.852356
v 2.923261 11.727177 -3.217991
v 8.626598 9.960974 0.710454
v 8.750459 9.724598 0.409465
v 8.429991 9.287178 0.757165
v 8.626598 9.960974 0.710454
v 8.726686 9.870208 0.000000
v 8.750459 9.724598 0.409465
v 10.932511 5.101965 0.000000
v 10.879016 6.109227 0.000000
v 10.317165 6.005704 -0.196489
v 10.932511 5.101965 0.000000
v 10.317165 6.005704 0.196489
v 10.879016 6.109227 0.000000
v 7.715544 10.723557 -1.914303
v 7.485922 10.392820 -1.848082
v 8.242068 10.356480 -1.568831
v 7.715544 10.723557 -1.914303
v 7.019470 10.125333 -1.982014
v 7.485922 10.392820 -1.848082
v -6.734109 5.171109 4.716016
v -8.570779 6.694124 4.807872
v -8.215811 7.147566 5.165806
v -6.734109 5.171109 4.716016
v -8.215811 7.147566 5.165806
v -6.318771 5.550146 5.472882
v -3.245969 2.975394 4.265170
v -6.734109 5.171109 4.716016
v -6.318771 5.550146 5.472882
v -3.245969 2.975394 4.265170
v -6.318771 5.550146 5.472882
v -3.371655 3.246036 5.272779
v 0.496489 2.159021 5.207488
v -3.245969 2.975394 4.265170
v -3.371655 3.246036 5.272779
v 0.496489 2.159021 5.207488
v -3.371655 3.246036 5.272779
v -0.562580 4.423818 6.758138
v 6.926388 8.669321 -1.389561
v 6.740738 8.461514 -1.235884
v 7.146761 8.060639 -0.712620
v 6.926388 8.669321 -1.389561
v 6.159640 9.409287 -2.228574
v 6.740738 8.461514 -1.235884
v 9.451940 10.372782 0.000000
v 9.580180 13.025514 0.000000
v 8.619305 10.971733 -1.746950
v 9.451940 10.372782 0.000000
v 8.619305 10.971733 1.746950
v 9.580180 13.025514 0.000000
v 4.267693 10.532002 -2.655025
v 5.134524 11.160913 -2.579944
v 3.810014 12.555040 -1.845186
v 4.267693 10.532002 -2.655025
v 6.159640 9.409287 -2.228574
v 5.134524 11.160913 -2.579944
v 6.628898 9.230268 1.873408
v 6.159640 9.409287 2.228574
v 6.580134 9.891024 2.184907
v 6.628898 9.230268 1.873408
v 6.926388 8.669321 1.389561
v 6.159640 9.409287 2.228574
v 7.492850 8.547767 -0.896868
v 6.926388 8.669321 -1.389561
v 7.146761 8.060639 -0.712620
v 7.492850 8.547767 -0.896868
v 7.902825 8.824097 -1.155330
v 6.926388 8.669321 -1.389561
v 4.267693 10.532002 2.655025
v 5.134524 11.160913 2.579944
v 6.159640 9.409287 2.228574
v -3.271870 10.201888 3.893267
v -1.129819 11.113491 3.405195
v -0.922978 10.484706 4.992148
v -3.271870 10.201888 3.893267
v -0.922978 10.484706 4.992148
v -3.095149 9.550703 5.038337
v -4.876320 9.315501 4.375270
v -3.271870 10.201888 3.893267
v -3.095149 9.550703 5.038337
v -4.876320 9.315501 4.375270
v -3.095149 9.550703 5.038337
v -4.706387 8.093061 5.313808
v -5.320059 8.988155 4.572810
v -4.876320 9.315501 4.375270
v -4.706387 8.093061 5.313808
v -5.320059 8.988155 4.572810
v -4.706387 8.093061 5.313808
v -5.811890 8.690454 4.681178
v -9.563441 10.139191 5.221501
v -7.880866 7.573001 5.018745
v -6.690985 8.134510 4.902519
v -9.563441 10.139191 5.221501
v -6.690985 8.134510 4.902519
v -7.704253 11.317354 5.482329
v -10.892341 13.295888 6.037732
v -9.563441 10.139191 5.221501
v -7.704253 11.317354 5.482329
v -10.892341 13.295888 6.037732
v -7.704253 11.317354 5.482329
v -9.593981 13.875243 6.005842
v -10.868731 14.669440 6.376192
v -10.892341 13.295888 6.037732
v -9.593981 13.875243 6.005842
v 4.267693 10.532002 2.655025
v 3.810014 12.555040 1.845186
v 5.134524 11.160913 2.579944
v 8.784035 7.741408 -0.548710
v 8.683090 7.588308 0.000000
v 8.081001 8.389372 -0.665067
v -2.535435 8.036018 6.282155
v -0.922978 10.484706 4.992148
v -0.264122 8.831838 6.335973
v -2.535435 8.036018 6.282155
v -0.264122 8.831838 6.335973
v 0.880088 6.929584 6.704484
v -0.562580 4.423818 6.758138
v -2.535435 8.036018 6.282155
v 0.880088 6.929584 6.704484
v 8.784035 7.741408 -0.548710
v 10.566436 5.753271 0.000000
v 8.683090 7.588308 0.000000
v 7.146761 8.060639 -0.712620
v 7.985387 8.687925 -0.799802
v 7.492850 8.547767 -0.896868
v -7.704253 11.317354 5.482329
v -6.690985 8.134510 4.902519
v -7.322446 7.938867 5.281563
v -7.704253 11.317354 5.482329
v -7.322446 7.938867 5.281563
v -8.593729 10.719164 5.725406
v -9.593981 13.875243 6.005842
v -7.704253 11.317354 5.482329
v -8.593729 10.719164 5.725406
v -9.593981 13.875243 6.005842
v -8.593729 10.719164 5.725406
v -10.868731 14.669440 6.376192
v -3.271870 10.201888 3.893267
v -4.876320 9.315501 4.375270
v -6.734109 5.171109 4.716016
v -3.271870 10.201888 3.893267
v -6.734109 5.171109 4.716016
v -3.245969 2.975394 4.265170
v 7.146761 8.060639 -0.712620
v 8.081001 8.389372 -0.665067
v 7.985387 8.687925 -0.799802
v 2.407145 11.108977 3.471171
v 2.923261 11.727177 3.217993
v 5.285955 8.711821 4.052063
v -6.409003 11.875424 5.104911
v -5.811890 8.690454 4.681178
v -6.259263 8.544387 4.970247
v -6.409003 11.875424 5.104911
v -6.259263 8.544387 4.970247
v -7.220348 11.792601 5.576972
v -7.615177 14.399392 5.598217
v -6.409003 11.875424 5.104911
v -7.220348 11.792601 5.576972
v -7.615177 14.399392 5.598217
v -7.220348 11.792601 5.576972
v -8.281367 15.043874 5.940007
v -8.215811 7.147566 5.165806
v -8.570779 6.694124 4.807872
v -10.851532 9.236368 5.170959
v -8.215811 7.147566 5.165806
v -10.851532 9.236368 5.170959
v -10.055843 9.824902 5.621644
v -9.420980 10.254351 5.306869
v -8.215811 7.147566 5.165806
v -10.055843 9.824902 5.621644
v -9.420980 10.254351 5.306869
v -10.055843 9.824902 5.621644
v -11.727075 12.472731 6.014334
v -5.120893 12.163071 4.684533
v -4.876320 9.315501 4.375270
v -5.320059 8.988155 4.572810
v -5.120893 12.163071 4.684533
v -5.320059 8.988155 4.572810
v -5.808012 12.179717 5.176295
v -5.724879 14.056951 5.170753
v -5.120893 12.163071 4.684533
v -5.808012 12.179717 5.176295
v -5.724879 14.056951 5.170753
v -5.808012 12.179717 5.176295
v -6.052332 14.664390 5.538648
v 2.407145 11.108977 3.471171
v 0.462431 11.377146 2.852356
v 2.923261 11.727177 3.217993
v 6.864787 10.293371 -2.164890
v 6.808284 9.487667 -2.020955
v 6.851141 9.614674 -1.848082
v 6.864787 10.293371 -2.164890
v 6.580134 9.891024 -2.184907
v 6.808284 9.487667 -2.020955
v 6.509488 9.600132 1.543187
v 6.216315 9.551167 2.847527
v 3.350676 12.215991 2.610642
v 6.509488 9.600132 1.543187
v 7.407265 8.091095 1.323835
v 6.216315 9.551167 2.847527
v 7.651000 8.804122 0.000000
v 7.714885 9.121171 0.000000
v 8.081001 8.389372 -0.665067
v 7.651000 8.804122 0.000000
v 8.081001 8.389372 0.665067
v 7.714885 9.121171 0.000000
v 7.985387 8.687925 -0.799802
v 7.714885 9.121171 0.000000
v 8.081121 8.389274 -0.680444
v 7.985387 8.687925 -0.799802
v 8.081001 8.389372 -0.665067
v 7.714885 9.121171 0.000000
v 8.081121 8.389274 -0.680444
v 8.631727 8.174776 0.000000
v 8.784035 7.741408 -0.566252
v 8.081121 8.389274 -0.680444
v 7.714885 9.121171 0.000000
v 8.631727 8.174776 0.000000
v 6.509488 9.600132 -1.543187
v 3.647072 12.656252 0.000000
v 3.350676 12.215991 -2.610642
v -5.186814 6.674190 5.870751
v -4.706387 8.093061 5.313808
v -2.535435 8.036018 6.282155
v -5.186814 6.674190 5.870751
v -2.535435 8.036018 6.282155
v -2.863826 4.897908 6.504170
v -6.318771 5.550146 5.472882
v -5.186814 6.674190 5.870751
v -2.863826 4.897908 6.504170
v -6.318771 5.550146 5.472882
v -2.863826 4.897908 6.504170
v -3.371655 3.246036 5.272779
v -6.696571 12.099446 4.854975
v -5.811890 8.690454 4.681178
v -4.876320 9.315501 4.375270
v -6.696571 12.099446 4.854975
v -4.876320 9.315501 4.375270
v -5.120893 12.163071 4.684533
v -5.724879 14.056951 5.170753
v -6.696571 12.099446 4.854975
v -5.120893 12.163071 4.684533
v -10.055843 9.824902 5.621644
v -10.851532 9.236368 5.170959
v -12.335805 11.806406 6.051394
v -10.055843 9.824902 5.621644
v -12.335805 11.806406 6.051394
v -12.684756 12.972222 6.346835
v -11.727075 12.472731 6.014334
v -10.055843 9.824902 5.621644
v -12.684756 12.972222 6.346835
v -7.982789 11.253324 5.234100
v -6.690985 8.134510 4.902519
v -5.811890 8.690454 4.681178
v -7.982789 11.253324 5.234100
v -5.811890 8.690454 4.681178
v -6.409003 11.875424 5.104911
v -7.615177 14.399392 5.598217
v -7.982789 11.253324 5.234100
v -6.409003 11.875424 5.104911
v -6.318771 5.550146 5.472882
v -8.215811 7.147566 5.165806
v -7.880866 7.573001 5.018745
v -6.318771 5.550146 5.472882
v -7.880866 7.573001 5.018745
v -7.322446 7.938867 5.281563
v -6.690985 8.134510 4.902519
v -6.318771 5.550146 5.472882
v -7.322446 7.938867 5.281563
v 6.509488 9.600132 -1.543187
v 7.140326 7.464551 0.000000
v 3.647072 12.656252 0.000000
v 8.784035 7.741408 -0.566252
v 9.661663 6.992602 0.000000
v 9.692017 6.758815 -0.361978
v 0.496489 2.159021 5.207488
v 4.455131 3.091768 5.247532
v 3.104697 1.653329 3.813087
v -8.430100 14.189126 5.758676
v -8.281367 15.043874 5.940007
v -7.220348 11.792601 5.576972
v -8.430100 14.189126 5.758676
v -7.220348 11.792601 5.576972
v -7.982789 11.253324 5.234100
v -7.220348 11.792601 5.576972
v -6.259263 8.544387 4.970247
v -6.690985 8.134510 4.902519
v -7.220348 11.792601 5.576972
v -6.690985 8.134510 4.902519
v -7.982789 11.253324 5.234100
v 8.784035 7.741408 -0.566252
v 8.631727 8.174776 0.000000
v 9.661663 6.992602 0.000000
v 5.134524 11.160913 -2.579944
v 4.543128 12.958770 -1.761230
v 3.810014 12.555040 -1.845186
v -6.381042 13.909134 5.327857
v -6.052332 14.664390 5.538648
v -5.808012 12.179717 5.176295
v -6.381042 13.909134 5.327857
v -5.808012 12.179717 5.176295
v -6.696571 12.099446 4.854975
v -5.808012 12.179717 5.176295
v -5.320059 8.988155 4.572810
v -5.811890 8.690454 4.681178
v -5.808012 12.179717 5.176295
v -5.811890 8.690454 4.681178
v -6.696571 12.099446 4.854975
v -7.880866 7.573001 5.018745
v -8.570779 6.694124 4.807872
v -6.734109 5.171109 4.716016
v -7.880866 7.573001 5.018745
v -6.734109 5.171109 4.716016
v -6.690985 8.134510 4.902519
v -5.811890 8.690454 4.681178
v -6.690985 8.134510 4.902519
v -6.734109 5.171109 4.716016
v -5.811890 8.690454 4.681178
v -6.734109 5.171109 4.716016
v -4.876320 9.315501 4.375270
v 0.753338 1.624628 3.930728
v -3.245969 2.975394 4.265170
v 0.496489 2.159021 5.207488
v 0.753338 1.624628 3.930728
v 0.496489 2.159021 5.207488
v 3.104697 1.653329 3.813087
v -8.570779 6.694124 4.807872
v -7.880866 7.573001 5.018745
v -9.420980 10.254351 5.306869
v -8.570779 6.694124 4.807872
v -9.420980 10.254351 5.306869
v -10.851532 9.236368 5.170959
v -5.724879 14.056951 5.170753
v -6.052332 14.664390 5.538648
v -6.381042 13.909134 5.327857
v -5.724879 14.056951 5.170753
v -6.381042 13.909134 5.327857
v -6.696571 12.099446 4.854975
v -10.851532 9.236368 5.170959
v -9.420980 10.254351 5.306869
v -11.727075 12.472731 6.014334
v -10.851532 9.236368 5.170959
v -11.727075 12.472731 6.014334
v -12.335805 11.806406 6.051394
v -7.615177 14.399392 5.598217
v -8.281367 15.043874 5.940007
v -8.430100 14.189126 5.758676
v -7.615177 14.399392 5.598217
v -8.430100 14.189126 5.758676
v -7.982789 11.253324 5.234100
v -3.095149 9.550703 5.038337
v -0.922978 10.484706 4.992148
v -2.535435 8.036018 6.282155
v -3.095149 9.550703 5.038337
v -2.535435 8.036018 6.282155
v -4.706387 8.093061 5.313808
v 5.134524 11.160913 -2.579944
v 5.988064 11.883469 -2.337738
v 4.543128 12.958770 -1.761230
v 7.844101 14.784708 0.000000
v 8.393011 15.513939 -0.771369
v 9.580180 13.025514 0.000000
v 8.393011 15.513939 -0.771369
v 8.959083 13.235004 -1.283795
v 9.580180 13.025514 0.000000
v 8.393011 15.513939 -0.771369
v 7.567392 14.024840 -2.059490
v 8.959083 13.235004 -1.283795
v -10.892341 13.295888 6.037732
v -10.868731 14.669440 6.376192
v -8.593729 10.719164 5.725406
v -10.892341 13.295888 6.037732
v -8.593729 10.719164 5.725406
v -9.563441 10.139191 5.221501
v -8.593729 10.719164 5.725406
v -7.322446 7.938867 5.281563
v -7.880866 7.573001 5.018745
v -8.593729 10.719164 5.725406
v -7.880866 7.573001 5.018745
v -9.563441 10.139191 5.221501
v -5.811890 8.690454 4.681178
v -4.706387 8.093061 5.313808
v -5.186814 6.674190 5.870751
v -5.811890 8.690454 4.681178
v -5.186814 6.674190 5.870751
v -6.259263 8.544387 4.970247
v -2.863826 4.897908 6.504170
v -2.535435 8.036018 6.282155
v -0.562580 4.423818 6.758138
v -2.863826 4.897908 6.504170
v -0.562580 4.423818 6.758138
v -3.371655 3.246036 5.272779
v -5.186814 6.674190 5.870751
v -6.318771 5.550146 5.472882
v -6.690985 8.134510 4.902519
v -5.186814 6.674190 5.870751
v -6.690985 8.134510 4.902519
v -6.259263 8.544387 4.970247
v 7.567392 14.024840 -2.059490
v 8.393011 15.513939 -0.771369
v 6.630181 15.028924 -1.610423
v -12.684756 12.972222 6.346835
v -12.335805 11.806406 6.051394
v -11.727075 12.472731 6.014334
v -9.420980 10.254351 5.306869
v -7.880866 7.573001 5.018745
v -8.215811 7.147566 5.165806
v 8.393011 15.513939 -0.771369
v 6.093570 15.412907 0.000000
v 6.630181 15.028924 -1.610423
v 8.393011 15.513939 -0.771369
v 7.844101 14.784708 0.000000
v 6.093570 15.412907 0.000000
v 6.159640 9.409287 2.228574
v 6.926388 8.669321 1.389561
v 6.740738 8.461514 1.235884
v 6.926388 8.669321 1.389561
v 7.146761 8.060639 0.712620
v 6.740738 8.461514 1.235884
v 6.926388 8.669321 1.389561
v 7.494447 8.547794 0.895927
v 7.146761 8.060639 0.712620
v 7.651000 8.804122 0.000000
v 8.683090 7.588308 0.000000
v 8.081001 8.389372 0.665067
v 6.520715 4.299571 3.998639
v 7.487398 5.628356 4.164441
v 7.406132 3.682034 3.763545
v 6.520715 4.299571 3.998639
v 7.406132 3.682034 3.763545
v 6.558955 2.008198 2.868662
v 8.683090 7.588308 0.000000
v 8.784035 7.741408 0.548710
v 8.081001 8.389372 0.665067
v 8.683090 7.588308 0.000000
v 10.566436 5.753271 0.000000
v 8.784035 7.741408 0.548710
v 6.216315 9.551167 2.847527
v 7.407265 8.091095 1.323835
v 7.796026 7.253429 3.135136
v 6.668346 7.801369 0.000000
v 8.545374 7.089751 -0.442782
v 7.146761 8.060639 -0.712620
v 8.545374 7.089751 -0.442782
v 8.081001 8.389372 -0.665067
v 7.146761 8.060639 -0.712620
v 8.545374 7.089751 -0.442782
v 8.784035 7.741408 -0.548710
v 8.081001 8.389372 -0.665067
v 5.988064 11.883469 -2.337738
v 6.864787 10.293371 -2.164890
v 7.715544 10.723557 -1.914303
v 6.864787 10.293371 -2.164890
v 7.019470 10.125333 -1.982014
v 7.715544 10.723557 -1.914303
v 6.864787 10.293371 -2.164890
v 6.851141 9.614674 -1.848082
v 7.019470 10.125333 -1.982014
v 5.811686 9.204153 -3.937054
v 2.923261 11.727177 -3.217991
v 5.285954 8.711822 -4.052063
v 6.630181 15.028924 1.610423
v 4.682180 13.603819 1.995775
v 3.819178 14.342916 0.000000
v 6.630181 15.028924 1.610423
v 7.567392 14.024840 2.059490
v 4.682180 13.603819 1.995775
v 8.732954 3.448201 0.000396
v 8.368979 3.295654 2.663938
v 8.468766 5.307457 3.090044
v 7.567392 14.024840 2.059490
v 6.549461 12.357298 2.634513
v 4.682180 13.603819 1.995775
v 7.567392 14.024840 2.059490
v 8.959083 13.235004 1.283795
v 6.549461 12.357298 2.634513
v 7.985387 8.687925 0.799802
v 8.390982 8.788118 0.754283
v 8.081123 8.389272 0.680446
v 7.985387 8.687925 0.799802
v 8.429991 9.287178 0.757165
v 8.390982 8.788118 0.754283
v 8.429991 9.287178 0.757165
v 8.546066 9.109663 0.569632
v 8.390982 8.788118 0.754283
v 6.520715 4.299571 3.998639
v 5.010928 2.707031 3.793633
v 2.818945 4.791475 5.451667
v 6.520715 4.299571 3.998639
v 2.818945 4.791475 5.451667
v 4.330868 6.654265 5.069258
v 6.584747 6.666476 4.260604
v 6.520715 4.299571 3.998639
v 4.330868 6.654265 5.069258
v 6.584747 6.666476 4.260604
v 4.330868 6.654265 5.069258
v 5.285955 8.711821 4.052063
v 8.429991 9.287178 0.757165
v 8.750459 9.724598 0.409465
v 8.546066 9.109663 0.569632
v 6.628898 9.230268 -1.873408
v 6.808284 9.487667 -2.020955
v 6.580134 9.891024 -2.184907
v 4.330868 6.654265 5.069258
v 2.818945 4.791475 5.451667
v -1.009261 8.366377 5.919527
v 4.330868 6.654265 5.069258
v -1.009261 8.366377 5.919527
v 0.513647 9.621574 5.288170
v 5.285955 8.711821 4.052063
v 4.330868 6.654265 5.069258
v 0.513647 9.621574 5.288170
v 5.285955 8.711821 4.052063
v 0.513647 9.621574 5.288170
v 2.407145 11.108977 3.471171
v 6.628898 9.230268 -1.873408
v 7.121785 8.889695 -1.694174
v 6.808284 9.487667 -2.020955
v 7.121785 8.889695 -1.694174
v 7.079526 9.159972 -1.524743
v 6.808284 9.487667 -2.020955
v 7.121785 8.889695 -1.694174
v 7.570833 9.027578 -1.201403
v 7.079526 9.159972 -1.524743
v 7.487398 5.628356 -4.164412
v 7.796026 7.253429 -3.135136
v 7.030333 7.133638 -4.242991
v 7.487398 5.628356 -4.164412
v 8.468768 5.307459 -3.088585
v 7.796026 7.253429 -3.135136
v 8.468768 5.307459 -3.088585
v 8.548090 6.000584 -0.768025
v 7.796026 7.253429 -3.135136
v 8.468768 5.307459 -3.088585
v 8.732954 3.448201 0.000396
v 8.548090 6.000584 -0.768025
v 8.732954 3.448201 0.000396
v 8.548092 6.000585 0.768025
v 8.285383 6.058749 0.000000
v 7.429688 3.884980 -3.849751
v 6.806480 2.545071 -2.751026
v 7.832864 2.152328 -1.956063
v 7.429688 3.884980 -3.849751
v 7.832864 2.152328 -1.956063
v 8.481205 3.456666 -2.667089
v 7.487398 5.628356 -4.164412
v 7.429688 3.884980 -3.849751
v 8.481205 3.456666 -2.667089
v 7.487398 5.628356 -4.164412
v 8.481205 3.456666 -2.667089
v 8.468768 5.307459 -3.088585
v 0.462431 11.377146 2.852356
v 2.407145 11.108977 3.471171
v 0.513647 9.621574 5.288170
v 0.462431 11.377146 2.852356
v 0.513647 9.621574 5.288170
v -3.242826 10.263953 3.281306
v -1.471371 11.277796 1.812943
v 0.462431 11.377146 2.852356
v -3.242826 10.263953 3.281306
v -1.471371 11.277796 1.812943
v -3.242826 10.263953 3.281306
v -3.918970 10.784745 0.000000
v -2.523093 11.291014 0.000000
v -1.471371 11.277796 1.812943
v -3.918970 10.784745 0.000000
v -2.523093 11.291014 0.000000
v -3.918970 10.784745 0.000000
v -1.471371 11.277796 -1.812943
v 7.030333 7.133638 -4.242991
v 5.811686 9.204153 -3.937054
v 5.285954 8.711822 -4.052063
v 7.030333 7.133638 -4.242991
v 5.285954 8.711822 -4.052063
v 6.584747 6.666476 -4.260602
v 7.487398 5.628356 -4.164412
v 7.030333 7.133638 -4.242991
v 6.584747 6.666476 -4.260602
v 7.487398 5.628356 -4.164412
v 6.584747 6.666476 -4.260602
v 6.520715 4.299571 -3.997848
v 7.429688 3.884980 -3.849751
v 7.487398 5.628356 -4.164412
v 6.520715 4.299571 -3.997848
v 7.429688 3.884980 -3.849751
v 6.520715 4.299571 -3.997848
v 6.806480 2.545071 -2.751026
v 8.732954 3.448201 0.000396
v 8.468766 5.307457 3.090044
v 8.548092 6.000585 0.768025
v 8.468766 5.307457 3.090044
v 7.796026 7.253429 3.135136
v 8.548092 6.000585 0.768025
v 0.513647 9.621574 -5.288170
v -3.242826 10.263953 -3.281306
v -1.009261 8.366377 -5.919527
v 0.513647 9.621574 -5.288170
v -1.009261 8.366377 -5.919527
v 4.330868 6.654265 -5.069258
v 5.285954 8.711822 -4.052063
v 0.513647 9.621574 -5.288170
v 4.330868 6.654265 -5.069258
v 5.285954 8.711822 -4.052063
v 4.330868 6.654265 -5.069258
v 6.584747 6.666476 -4.260602
v 8.468766 5.307457 3.090044
v 7.487398 5.628356 4.164441
v 7.796026 7.253429 3.135136
v 10.932511 5.101965 0.000000
v 10.587047 5.732796 0.000000
v 10.317165 6.005704 0.196489
v 4.330868 6.654265 -5.069258
v -1.009261 8.366377 -5.919527
v 2.818945 4.791475 -5.451667
v 4.330868 6.654265 -5.069258
v 2.818945 4.791475 -5.451667
v 6.520715 4.299571 -3.997848
v 6.584747 6.666476 -4.260602
v 4.330868 6.654265 -5.069258
v 6.520715 4.299571 -3.997848
v 10.932511 5.101965 0.000000
v 10.317165 6.005704 -0.196489
v 10.587047 5.732796 0.000000
v 10.317165 6.005704 -0.196489
v 9.661663 6.992602 0.000000
v 10.587047 5.732796 0.000000
v 10.317165 6.005704 -0.196489
v 9.692017 6.758815 -0.361978
v 9.661663 6.992602 0.000000
v 8.037270 9.295053 -1.067470
v 8.327055 9.295803 -1.010676
v 8.213739 9.799097 -1.119146
v -1.563970 12.103757 0.000000
v -1.471371 11.277796 1.812943
v -2.523093 11.291014 0.000000
v -1.563970 12.103757 0.000000
v -2.523093 11.291014 0.000000
v -1.471371 11.277796 -1.812943
v -0.391327 12.458073 -2.057396
v -1.563970 12.103757 0.000000
v -1.471371 11.277796 -1.812943
v -0.391327 12.458073 -2.057396
v -1.471371 11.277796 -1.812943
v 0.462429 11.377147 -2.852356
v 8.037270 9.295053 -1.067470
v 7.902825 8.824097 -1.155330
v 8.327055 9.295803 -1.010676
v 7.902825 8.824097 -1.155330
v 7.985387 8.687925 -0.799802
v 8.327055 9.295803 -1.010676
v -1.471371 11.277796 -1.812943
v -3.918970 10.784745 0.000000
v -3.242826 10.263953 -3.281306
v -1.471371 11.277796 -1.812943
v -3.242826 10.263953 -3.281306
v 0.462429 11.377147 -2.852356
v 7.902825 8.824097 -1.155330
v 7.492850 8.547767 -0.896868
v 7.985387 8.687925 -0.799802
v 8.784035 7.741408 -0.548710
v 8.545374 7.089751 -0.442782
v 10.566436 5.753271 0.000000
v 6.520715 4.299571 -3.997848
v 2.818945 4.791475 -5.451667
v 5.010928 2.707031 -3.793633
v 6.520715 4.299571 -3.997848
v 5.010928 2.707031 -3.793633
v 5.889981 2.910944 -2.893268
v 8.545374 7.089751 -0.442782
v 8.487306 6.694553 0.000000
v 10.566436 5.753271 0.000000
v 8.545374 7.089751 -0.442782
v 6.668346 7.801369 0.000000
v 8.487306 6.694553 0.000000
v 6.668346 7.801369 0.000000
v 8.545374 7.089751 0.442782
v 8.487306 6.694553 0.000000
v 6.668346 7.801369 0.000000
v 7.146761 8.060639 0.712620
v 8.545374 7.089751 0.442782
v 8.429989 9.287179 -0.757165
v 8.390982 8.788118 -0.754283
v 8.546066 9.109663 -0.569632
v 8.390982 8.788118 -0.754283
v 9.075294 7.981578 -0.644890
v 8.546066 9.109663 -0.569632
v 8.390982 8.788118 -0.754283
v 8.784035 7.741408 -0.566252
v 9.075294 7.981578 -0.644890
v 8.784035 7.741408 -0.566252
v 9.852642 6.899176 -0.433758
v 9.075294 7.981578 -0.644890
v 8.784035 7.741408 -0.566252
v 9.692017 6.758815 -0.361978
v 9.852642 6.899176 -0.433758
v 0.513647 9.621574 -5.288170
v 5.285954 8.711822 -4.052063
v 2.407145 11.108977 -3.471171
v 0.513647 9.621574 -5.288170
v 2.407145 11.108977 -3.471171
v 0.462429 11.377147 -2.852356
v 6.549461 12.357298 2.634513
v 8.959083 13.235004 1.283795
v 8.619305 10.971733 1.746950
v -0.391327 12.458073 2.057396
v 0.462431 11.377146 2.852356
v -1.471371 11.277796 1.812943
v -0.391327 12.458073 2.057396
v -1.471371 11.277796 1.812943
v -1.563970 12.103757 0.000000
v 7.487398 5.628356 4.164441
v 6.520715 4.299571 3.998639
v 6.584747 6.666476 4.260604
v 7.487398 5.628356 4.164441
v 6.584747 6.666476 4.260604
v 7.030333 7.133638 4.242991
v 7.030333 7.133638 4.242991
v 6.584747 6.666476 4.260604
v 5.285955 8.711821 4.052063
v 7.030333 7.133638 4.242991
v 5.285955 8.711821 4.052063
v 5.811686 9.204153 3.937054
v 8.732954 3.448201 0.000396
v 8.468768 5.307459 -3.088585
v 8.481205 3.456666 -2.667089
v 8.732954 3.448201 0.000396
v 8.481205 3.456666 -2.667089
v 8.087827 1.988827 -0.005724
v 8.959083 13.235004 1.283795
v 9.580180 13.025514 0.000000
v 8.619305 10.971733 1.746950
v 8.481205 3.456666 -2.667089
v 7.832864 2.152328 -1.956063
v 8.087827 1.988827 -0.005724
v 8.959083 13.235004 1.283795
v 8.393011 15.513939 0.771369
v 9.580180 13.025514 0.000000
v -9.416380 6.856493 0.000000
v -9.341328 7.441203 0.662574
v -8.411650 6.605495 2.183048
v -9.416380 6.856493 0.000000
v -8.411650 6.605495 2.183048
v -7.671825 5.306450 2.378298
v 8.393011 15.513939 0.771369
v 7.844101 14.784708 0.000000
v 9.580180 13.025514 0.000000
v 8.393011 15.513939 0.771369
v 6.093570 15.412907 0.000000
v 7.844101 14.784708 0.000000
v 8.784035 7.741408 -0.566252
v 8.390982 8.788118 -0.754283
v 8.081121 8.389274 -0.680444
v 8.390982 8.788118 -0.754283
v 7.985387 8.687925 -0.799802
v 8.081121 8.389274 -0.680444
v 8.390982 8.788118 -0.754283
v 8.429989 9.287179 -0.757165
v 7.985387 8.687925 -0.799802
v 8.429989 9.287179 -0.757165
v 8.327055 9.295803 -1.010676
v 7.985387 8.687925 -0.799802
v 8.429989 9.287179 -0.757165
v 8.213739 9.799097 -1.119146
v 8.327055 9.295803 -1.010676
v 10.566436 5.753271 0.000000
v 8.545374 7.089751 0.442782
v 8.784035 7.741408 0.548710
v 8.545374 7.089751 0.442782
v 8.081001 8.389372 0.665067
v 8.784035 7.741408 0.548710
v 8.545374 7.089751 0.442782
v 7.146761 8.060639 0.712620
v 8.081001 8.389372 0.665067
v 7.146761 8.060639 0.712620
v 7.985387 8.687925 0.799802
v 8.081001 8.389372 0.665067
v 7.146761 8.060639 0.712620
v 7.494447 8.547794 0.895927
v 7.985387 8.687925 0.799802
v 10.088621 6.960745 -0.274138
v 10.488417 7.071626 0.000000
v 9.330499 8.156248 -0.456402
v 10.088621 6.960745 -0.274138
v 10.879016 6.109227 0.000000
v 10.488417 7.071626 0.000000
v 10.879016 6.109227 0.000000
v 10.088621 6.960745 0.274138
v 10.488417 7.071626 0.000000
v 10.879016 6.109227 0.000000
v 10.317165 6.005704 0.196489
v 10.088621 6.960745 0.274138
v 10.317165 6.005704 0.196489
v 9.852642 6.899176 0.433758
v 10.088621 6.960745 0.274138
v 10.317165 6.005704 0.196489
v 9.692017 6.758815 0.361978
v 9.852642 6.899176 0.433758
v 7.030333 7.133638 4.242991
v 7.796026 7.253429 3.135136
v 7.487398 5.628356 4.164441
v 7.030333 7.133638 4.242991
v 5.811686 9.204153 3.937054
v 7.796026 7.253429 3.135136
v 5.811686 9.204153 3.937054
v 6.216315 9.551167 2.847527
v 7.796026 7.253429 3.135136
v 5.811686 9.204153 3.937054
v 2.923261 11.727177 3.217993
v 6.216315 9.551167 2.847527
v 6.216315 9.551167 -2.847527
v 5.811686 9.204153 -3.937054
v 7.796026 7.253429 -3.135136
v 6.216315 9.551167 -2.847527
v 2.923261 11.727177 -3.217991
v 5.811686 9.204153 -3.937054
v 7.902826 8.824096 1.155330
v 7.985387 8.687925 0.799802
v 7.494447 8.547794 0.895927
v 7.902826 8.824096 1.155330
v 8.327057 9.295802 1.010676
v 7.985387 8.687925 0.799802
v 8.327057 9.295802 1.010676
v 8.429991 9.287178 0.757165
v 7.985387 8.687925 0.799802
v 8.327057 9.295802 1.010676
v 8.213739 9.799097 1.119146
v 8.429991 9.287178 0.757165
v 8.213739 9.799097 1.119146
v 8.626598 9.960974 0.710454
v 8.429991 9.287178 0.757165
v 8.213739 9.799097 1.119146
v 8.242067 10.356482 1.568831
v 8.626598 9.960974 0.710454
v 7.977226 10.260420 1.524741
v 8.242067 10.356482 1.568831
v 8.213739 9.799097 1.119146
v -2.436168 1.244300 0.000000
v -2.325731 1.636150 2.291860
v -0.524531 0.685772 1.855762
v 7.977226 10.260420 1.524741
v 7.485922 10.392820 1.848082
v 8.242067 10.356482 1.568831
v 7.485922 10.392820 1.848082
v 7.715544 10.723557 1.914303
v 8.242067 10.356482 1.568831
v 7.485922 10.392820 1.848082
v 7.019470 10.125333 1.982014
v 7.715544 10.723557 1.914303
v 7.019470 10.125333 1.982014
v 6.864787 10.293371 2.164890
v 7.715544 10.723557 1.914303
v 7.019470 10.125333 1.982014
v 6.851140 9.614672 1.848080
v 6.864787 10.293371 2.164890
v 3.810014 12.555040 -1.845186
v 3.576416 13.701361 0.000000
v 3.077285 13.307662 0.000000
v 3.576416 13.701361 0.000000
v 3.810014 12.555040 1.845186
v 3.077285 13.307662 0.000000
v 3.576416 13.701361 0.000000
v 4.543128 12.958770 1.761230
v 3.810014 12.555040 1.845186
v 4.543128 12.958770 1.761230
v 5.134524 11.160913 2.579944
v 3.810014 12.555040 1.845186
v 4.543128 12.958770 1.761230
v 5.988064 11.883469 2.337738
v 5.134524 11.160913 2.579944
v 5.988064 11.883469 2.337738
v 6.864787 10.293371 2.164890
v 5.134524 11.160913 2.579944
v 5.988064 11.883469 2.337738
v 7.715544 10.723557 1.914303
v 6.864787 10.293371 2.164890
v 7.494447 8.547794 0.895927
v 6.926388 8.669321 1.389561
v 7.902826 8.824096 1.155330
v 6.926388 8.669321 1.389561
v 7.121785 8.889695 1.694174
v 7.902826 8.824096 1.155330
v 6.926388 8.669321 1.389561
v 6.628898 9.230268 1.873408
v 7.121785 8.889695 1.694174
v -9.341328 7.441203 -0.662574
v -8.411650 6.605495 -2.183048
v -8.678331 8.665075 -1.609031
v -9.341328 7.441203 -0.662574
v -8.678331 8.665075 -1.609031
v -9.335046 8.549471 -0.724336
v 6.628898 9.230268 1.873408
v 6.808284 9.487667 2.020955
v 7.121785 8.889695 1.694174
v 6.628898 9.230268 1.873408
v 6.580134 9.891024 2.184907
v 6.808284 9.487667 2.020955
v 6.580134 9.891024 2.184907
v 6.864787 10.293371 2.164890
v 6.808284 9.487667 2.020955
v 6.580134 9.891024 2.184907
v 5.134524 11.160913 2.579944
v 6.864787 10.293371 2.164890
v 10.317165 6.005704 0.196489
v 9.661663 6.992602 0.000000
v 9.692017 6.758815 0.361978
v 9.661663 6.992602 0.000000
v 8.784035 7.741408 0.566252
v 9.692017 6.758815 0.361978
v 9.661663 6.992602 0.000000
v 8.631727 8.174776 0.000000
v 8.784035 7.741408 0.566252
v 8.631727 8.174776 0.000000
v 8.081123 8.389272 0.680446
v 8.784035 7.741408 0.566252
v 8.631727 8.174776 0.000000
v 7.714885 9.121171 0.000000
v 8.081123 8.389272 0.680446
v 7.714885 9.121171 0.000000
v 7.985387 8.687925 0.799802
v 8.081123 8.389272 0.680446
v 7.714885 9.121171 0.000000
v 8.081001 8.389372 0.665067
v 7.985387 8.687925 0.799802
v 6.851140 9.614672 1.848080
v 6.808284 9.487667 2.020955
v 6.864787 10.293371 2.164890
v 6.851140 9.614672 1.848080
v 7.079526 9.159972 1.524743
v 6.808284 9.487667 2.020955
v 7.079526 9.159972 1.524743
v 7.121785 8.889695 1.694174
v 6.808284 9.487667 2.020955
v 7.079526 9.159972 1.524743
v 7.570831 9.027577 1.201403
v 7.121785 8.889695 1.694174
v 7.570831 9.027577 1.201403
v 7.902826 8.824096 1.155330
v 7.121785 8.889695 1.694174
v 7.570831 9.027577 1.201403
v 8.037268 9.295052 1.067470
v 7.902826 8.824096 1.155330
v 8.037268 9.295052 1.067470
v 8.327057 9.295802 1.010676
v 7.902826 8.824096 1.155330
v 8.037268 9.295052 1.067470
v 8.213739 9.799097 1.119146
v 8.327057 9.295802 1.010676
v -0.391327 12.458073 2.057396
v 1.365921 12.751160 2.141515
v 2.923261 11.727177 3.217993
v -9.335045 8.549472 0.724336
v -9.232904 9.071289 0.000000
v -8.678331 8.665075 1.609031
v -9.335045 8.549472 0.724336
v -8.678331 8.665075 1.609031
v -9.341328 7.441203 0.662574
v -0.391327 12.458073 2.057396
v 0.964875 13.548217 0.000000
v 1.365921 12.751160 2.141515
v 8.784035 7.741408 0.566252
v 9.852642 6.899176 0.433758
v 9.692017 6.758815 0.361978
v 8.784035 7.741408 0.566252
v 9.075294 7.981578 0.644890
v 9.852642 6.899176 0.433758
v 9.075294 7.981578 0.644890
v 10.088621 6.960745 0.274138
v 9.852642 6.899176 0.433758
v 9.075294 7.981578 0.644890
v 9.330499 8.156248 0.456402
v 10.088621 6.960745 0.274138
v -2.436168 1.244300 0.000000
v -0.524531 0.685772 1.855762
v -0.498977 0.337766 0.000000
v -2.436168 1.244300 0.000000
v -0.498977 0.337766 0.000000
v -0.524531 0.685772 -1.855762
v 9.330499 8.156248 0.456402
v 10.488417 7.071626 0.000000
v 10.088621 6.960745 0.274138
v 9.330499 8.156248 0.456402
v 9.624400 8.586573 0.000000
v 10.488417 7.071626 0.000000
v 9.624400 8.586573 0.000000
v 9.330499 8.156248 -0.456402
v 10.488417 7.071626 0.000000
v 9.624400 8.586573 0.000000
v 8.750460 9.724597 -0.409465
v 9.330499 8.156248 -0.456402
v 8.081123 8.389272 0.680446
v 8.390982 8.788118 0.754283
v 8.784035 7.741408 0.566252
v 8.390982 8.788118 0.754283
v 9.075294 7.981578 0.644890
v 8.784035 7.741408 0.566252
v 8.390982 8.788118 0.754283
v 8.546066 9.109663 0.569632
v 9.075294 7.981578 0.644890
v 8.546066 9.109663 0.569632
v 9.330499 8.156248 0.456402
v 9.075294 7.981578 0.644890
v 8.546066 9.109663 0.569632
v 8.750459 9.724598 0.409465
v 9.330499 8.156248 0.456402
v 8.750459 9.724598 0.409465
v 9.624400 8.586573 0.000000
v 9.330499 8.156248 0.456402
v 8.750459 9.724598 0.409465
v 8.726686 9.870208 0.000000
v 9.624400 8.586573 0.000000
v 8.726686 9.870208 0.000000
v 8.750460 9.724597 -0.409465
v 9.624400 8.586573 0.000000
v 8.726686 9.870208 0.000000
v 8.626598 9.960974 -0.710454
v 8.750460 9.724597 -0.409465
v 5.988064 11.883469 -2.337738
v 5.134524 11.160913 -2.579944
v 6.864787 10.293371 -2.164890
v 5.134524 11.160913 -2.579944
v 6.580134 9.891024 -2.184907
v 6.864787 10.293371 -2.164890
v 5.134524 11.160913 -2.579944
v 6.159640 9.409287 -2.228574
v 6.580134 9.891024 -2.184907
v 6.159640 9.409287 -2.228574
v 6.628898 9.230268 -1.873408
v 6.580134 9.891024 -2.184907
v -2.436168 1.244300 0.000000
v -2.325731 1.636150 -2.291860
v -3.607735 2.041626 -2.687563
v -2.436168 1.244300 0.000000
v -3.607735 2.041626 -2.687563
v -4.235513 2.386914 0.000000
v 6.159640 9.409287 -2.228574
v 6.926388 8.669321 -1.389561
v 6.628898 9.230268 -1.873408
v 6.926388 8.669321 -1.389561
v 7.121785 8.889695 -1.694174
v 6.628898 9.230268 -1.873408
v 6.926388 8.669321 -1.389561
v 7.902825 8.824097 -1.155330
v 7.121785 8.889695 -1.694174
v 7.902825 8.824097 -1.155330
v 7.570833 9.027578 -1.201403
v 7.121785 8.889695 -1.694174
v 7.902825 8.824097 -1.155330
v 8.037270 9.295053 -1.067470
v 7.570833 9.027578 -1.201403
v 6.509488 9.600132 -1.543187
v 6.216315 9.551167 -2.847527
v 7.407263 8.091092 -1.323835
v 6.509488 9.600132 -1.543187
v 3.350676 12.215991 -2.610642
v 6.216315 9.551167 -2.847527
v 9.580180 13.025514 0.000000
v 8.959083 13.235004 -1.283795
v 8.619305 10.971733 -1.746950
v -6.318767 5.550147 -5.472884
v -6.734106 5.171110 -4.716016
v -3.245968 2.975395 -4.265172
v -6.318767 5.550147 -5.472884
v -3.245968 2.975395 -4.265172
v -3.371653 3.246039 -5.272779
v -2.863823 4.897908 -6.504172
v -6.318767 5.550147 -5.472884
v -3.371653 3.246039 -5.272779
v -2.863823 4.897908 -6.504172
v -3.371653 3.246039 -5.272779
v -0.562578 4.423820 -6.758140
v -2.535434 8.036020 -6.282153
v -2.863823 4.897908 -6.504172
v -0.562578 4.423820 -6.758140
v -2.535434 8.036020 -6.282153
v -0.562578 4.423820 -6.758140
v 0.880087 6.929583 -6.704482
v 8.959083 13.235004 -1.283795
v 6.549461 12.357298 -2.634513
v 8.619305 10.971733 -1.746950
v 8.959083 13.235004 -1.283795
v 7.567392 14.024840 -2.059490
v 6.549461 12.357298 -2.634513
v 7.567392 14.024840 -2.059490
v 4.682180 13.603819 -1.995775
v 6.549461 12.357298 -2.634513
v 7.567392 14.024840 -2.059490
v 6.630181 15.028924 -1.610423
v 4.682180 13.603819 -1.995775
v 6.630181 15.028924 -1.610423
v 3.819178 14.342916 0.000000
v 4.682180 13.603819 -1.995775
v 6.630181 15.028924 -1.610423
v 6.093570 15.412907 0.000000
v 3.819178 14.342916 0.000000
v 6.093570 15.412907 0.000000
v 6.630181 15.028924 1.610423
v 3.819178 14.342916 0.000000
v 6.093570 15.412907 0.000000
v 8.393011 15.513939 0.771369
v 6.630181 15.028924 1.610423
v 8.393011 15.513939 0.771369
v 7.567392 14.024840 2.059490
v 6.630181 15.028924 1.610423
v 8.393011 15.513939 0.771369
v 8.959083 13.235004 1.283795
v 7.567392 14.024840 2.059490
v 10.317165 6.005704 -0.196489
v 9.852642 6.899176 -0.433758
v 9.692017 6.758815 -0.361978
v 10.317165 6.005704 -0.196489
v 10.088621 6.960745 -0.274138
v 9.852642 6.899176 -0.433758
v 10.088621 6.960745 -0.274138
v 9.075294 7.981578 -0.644890
v 9.852642 6.899176 -0.433758
v 10.088621 6.960745 -0.274138
v 9.330499 8.156248 -0.456402
v 9.075294 7.981578 -0.644890
v 3.104701 1.653329 -3.813087
v 4.455131 3.091768 -5.247532
v 0.496491 2.159023 -5.207490
v 3.104701 1.653329 -3.813087
v 0.496491 2.159023 -5.207490
v 0.753341 1.624628 -3.930730
v 9.330499 8.156248 -0.456402
v 8.546066 9.109663 -0.569632
v 9.075294 7.981578 -0.644890
v 9.330499 8.156248 -0.456402
v 8.750460 9.724597 -0.409465
v 8.546066 9.109663 -0.569632
v 8.750460 9.724597 -0.409465
v 8.429989 9.287179 -0.757165
v 8.546066 9.109663 -0.569632
v 8.750460 9.724597 -0.409465
v 8.626598 9.960974 -0.710454
v 8.429989 9.287179 -0.757165
v 8.626598 9.960974 -0.710454
v 8.213739 9.799097 -1.119146
v 8.429989 9.287179 -0.757165
v 8.626598 9.960974 -0.710454
v 8.242068 10.356480 -1.568831
v 8.213739 9.799097 -1.119146
v 8.242068 10.356480 -1.568831
v 7.977226 10.260420 -1.524741
v 8.213739 9.799097 -1.119146
v 8.242068 10.356480 -1.568831
v 7.485922 10.392820 -1.848082
v 7.977226 10.260420 -1.524741
v -7.806144 2.265373 2.748992
v -11.899313 10.001427 0.000000
v -12.537757 10.194244 1.574531
v -11.262906 11.693884 0.706328
v -11.899313 10.001427 0.000000
v -11.262906 11.693884 0.706328
v -12.841611 11.297115 0.000000
v -11.262906 11.693884 -0.706328
v -11.899313 10.001427 0.000000
v -12.841611 11.297115 0.000000
v -11.262906 11.693884 -0.706328
v -12.841611 11.297115 0.000000
v -12.537757 10.194244 -1.574531
v -11.899313 10.001427 0.000000
v -11.262906 11.693884 -0.706328
v -12.537757 10.194244 -1.574531
v -11.899313 10.001427 0.000000
v -12.537757 10.194244 -1.574531
v -10.655481 9.830208 -1.336842
v -11.965996 8.416636 -1.133718
v -11.899313 10.001427 0.000000
v -10.655481 9.830208 -1.336842
v -11.965996 8.416636 -1.133718
v -10.655481 9.830208 -1.336842
v -12.537757 10.194244 -1.574531
v -5.186811 6.674191 -5.870751
v -6.318767 5.550147 -5.472884
v -2.863823 4.897908 -6.504172
v -5.186811 6.674191 -5.870751
v -2.863823 4.897908 -6.504172
v -2.535434 8.036020 -6.282153
v -4.706384 8.093064 -5.313808
v -5.186811 6.674191 -5.870751
v -2.535434 8.036020 -6.282153
v -4.706384 8.093064 -5.313808
v -2.535434 8.036020 -6.282153
v -3.095148 9.550705 -5.038337
v -4.876317 9.315502 -4.375272
v -4.706384 8.093064 -5.313808
v -3.095148 9.550705 -5.038337
v -4.876317 9.315502 -4.375272
v -3.095148 9.550705 -5.038337
v -3.271870 10.201888 -3.893267
v -6.734106 5.171110 -4.716016
v -5.811889 8.690455 -4.681180
v -4.876317 9.315502 -4.375272
v -6.734106 5.171110 -4.716016
v -4.876317 9.315502 -4.375272
v -3.271870 10.201888 -3.893267
v -3.245968 2.975395 -4.265172
v -6.734106 5.171110 -4.716016
v -3.271870 10.201888 -3.893267
v -3.245968 2.975395 -4.265172
v -3.271870 10.201888 -3.893267
v -1.129819 11.113491 -3.405195
v -7.686304 2.167612 2.146639
v -7.806144 2.265373 2.748992
v -9.420980 10.254351 -5.306869
v -7.880866 7.573001 -5.018745
v -8.570780 6.694126 -4.807874
v -9.420980 10.254351 -5.306869
v -8.570780 6.694126 -4.807874
v -10.851530 9.236369 -5.170961
v -11.727072 12.472732 -6.014334
v -9.420980 10.254351 -5.306869
v -10.851530 9.236369 -5.170961
v -11.727072 12.472732 -6.014334
v -10.851530 9.236369 -5.170961
v -12.335801 11.806408 -6.051395
v -12.684752 12.972220 -6.346837
v -11.727072 12.472732 -6.014334
v -12.335801 11.806408 -6.051395
v -6.259260 8.544390 -4.970247
v -5.811889 8.690455 -4.681180
v -6.409001 11.875424 -5.104911
v -6.259260 8.544390 -4.970247
v -6.409001 11.875424 -5.104911
v -7.220345 11.792601 -5.576972
v -6.690982 8.134509 -4.902522
v -6.259260 8.544390 -4.970247
v -7.220345 11.792601 -5.576972
v -6.690982 8.134509 -4.902522
v -7.220345 11.792601 -5.576972
v -7.982785 11.253322 -5.234102
v -8.215807 7.147566 -5.165806
v -8.570780 6.694126 -4.807874
v -6.734106 5.171110 -4.716016
v -8.215807 7.147566 -5.165806
v -6.734106 5.171110 -4.716016
v -6.318767 5.550147 -5.472884
v -7.880866 7.573001 -5.018745
v -8.215807 7.147566 -5.165806
v -6.318767 5.550147 -5.472884
v -7.880866 7.573001 -5.018745
v -6.318767 5.550147 -5.472884
v -7.322443 7.938867 -5.281565
v -6.690982 8.134509 -4.902522
v -7.322443 7.938867 -5.281565
v -6.318767 5.550147 -5.472884
v -6.690982 8.134509 -4.902522
v -6.318767 5.550147 -5.472884
v -5.186811 6.674191 -5.870751
v -6.259260 8.544390 -4.970247
v -6.690982 8.134509 -4.902522
v -5.186811 6.674191 -5.870751
v -6.259260 8.544390 -4.970247
v -5.186811 6.674191 -5.870751
v -5.811889 8.690455 -4.681180
v -7.322443 7.938867 -5.281565
v -6.690982 8.134509 -4.902522
v -7.704251 11.317356 -5.482329
v -7.322443 7.938867 -5.281565
v -7.704251 11.317356 -5.482329
v -8.593729 10.719164 -5.725406
v -7.880866 7.573001 -5.018745
v -7.322443 7.938867 -5.281565
v -8.593729 10.719164 -5.725406
v -7.880866 7.573001 -5.018745
v -8.593729 10.719164 -5.725406
v -9.563438 10.139194 -5.221504
v -7.806144 2.265373 2.748992
v -10.851530 9.236369 -5.170961
v -8.570780 6.694126 -4.807874
v -8.215807 7.147566 -5.165806
v -10.851530 9.236369 -5.170961
v -8.215807 7.147566 -5.165806
v -10.055840 9.824903 -5.621646
v -12.335801 11.806408 -6.051395
v -10.851530 9.236369 -5.170961
v -10.055840 9.824903 -5.621646
v -12.335801 11.806408 -6.051395
v -10.055840 9.824903 -5.621646
v -12.684752 12.972220 -6.346837
v -5.320056 8.988156 -4.572810
v -4.876317 9.315502 -4.375272
v -5.120894 12.163074 -4.684533
v -5.320056 8.988156 -4.572810
v -5.120894 12.163074 -4.684533
v -5.808011 12.179716 -5.176295
v -5.811889 8.690455 -4.681180
v -5.320056 8.988156 -4.572810
v -5.808011 12.179716 -5.176295
v -5.811889 8.690455 -4.681180
v -5.808011 12.179716 -5.176295
v -6.696570 12.099450 -4.854975
v -6.734106 5.171110 -4.716016
v -8.570780 6.694126 -4.807874
v -7.880866 7.573001 -5.018745
v -6.734106 5.171110 -4.716016
v -7.880866 7.573001 -5.018745
v -6.690982 8.134509 -4.902522
v -5.811889 8.690455 -4.681180
v -6.734106 5.171110 -4.716016
v -6.690982 8.134509 -4.902522
v -17.434587 11.966373 -1.442728
v -16.936251 9.841030 -0.973115
v -15.560031 11.078817 -1.574531
v -17.434587 11.966373 -1.442728
v -15.560031 11.078817 -1.574531
v -16.502661 10.724154 0.000000
v -16.936251 9.841030 -0.973115
v -17.434587 11.966373 -1.442728
v -16.502661 10.724154 0.000000
v -18.237993 8.889288 -2.023220
v -16.936251 9.841030 -0.973115
v -17.349195 8.721431 0.000000
v -18.237993 8.889288 -2.023220
v -17.349195 8.721431 0.000000
v -16.444603 8.056544 -1.311811
v -15.803058 9.509360 -2.211717
v -18.237993 8.889288 -2.023220
v -16.444603 8.056544 -1.311811
v -11.611177 6.773026 -2.087993
v -13.753952 7.016801 -1.574531
v -13.078862 6.873188 0.000000
v -11.611177 6.773026 -2.087993
v -13.078862 6.873188 0.000000
v -11.965996 8.416636 -1.133718
v -13.179297 8.741426 -2.211717
v -11.611177 6.773026 -2.087993
v -11.965996 8.416636 -1.133718
v 3.104701 1.653329 -3.813087
v 5.919994 9.345399 -3.869671
v 5.048137 2.618183 -3.932751
v -14.481230 5.557092 -1.043946
v -15.753429 6.637714 0.000000
v -13.078862 6.873188 0.000000
v -14.481230 5.557092 -1.043946
v -13.078862 6.873188 0.000000
v -13.753952 7.016801 -1.574531
v -15.112450 7.002728 -1.366917
v -14.481230 5.557092 -1.043946
v -13.753952 7.016801 -1.574531
v -16.818365 6.456991 -2.621900
v -14.984297 7.922053 -2.547647
v -16.444603 8.056544 -1.311811
v -16.818365 6.456991 -2.621900
v -16.444603 8.056544 -1.311811
v -15.753429 6.637714 0.000000
v -15.112450 7.002728 -1.366917
v -16.818365 6.456991 -2.621900
v -15.753429 6.637714 0.000000
v -14.816747 6.570587 -3.041364
v -14.984297 7.922053 -2.547647
v -15.112450 7.002728 -1.366917
v -14.816747 6.570587 -3.041364
v -15.112450 7.002728 -1.366917
v -13.753952 7.016801 -1.574531
v -14.984297 7.922053 -2.547647
v -14.816747 6.570587 -3.041364
v -13.753952 7.016801 -1.574531
v -12.283984 9.739447 -3.338406
v -12.537757 10.194244 -1.574531
v -14.217834 10.059328 -2.547647
v -12.283984 9.739447 -3.338406
v -14.217834 10.059328 -2.547647
v -13.179297 8.741426 -2.211717
v -11.965996 8.416636 -1.133718
v -12.283984 9.739447 -3.338406
v -13.179297 8.741426 -2.211717
v -14.491179 9.125391 -4.239436
v -14.984297 7.922053 -2.547647
v -13.179297 8.741426 -2.211717
v -14.491179 9.125391 -4.239436
v -13.179297 8.741426 -2.211717
v -14.217834 10.059328 -2.547647
v -15.803058 9.509360 -2.211717
v -14.491179 9.125391 -4.239436
v -14.217834 10.059328 -2.547647
v -16.652185 10.884794 -3.209817
v -14.217834 10.059328 -2.547647
v -15.560031 11.078817 -1.574531
v -16.652185 10.884794 -3.209817
v -15.560031 11.078817 -1.574531
v -16.936251 9.841030 -0.973115
v -15.803058 9.509360 -2.211717
v -16.652185 10.884794 -3.209817
v -16.936251 9.841030 -0.973115
v -16.687433 8.380187 -3.661190
v -14.984297 7.922053 -2.547647
v -15.803058 9.509360 -2.211717
v -16.687433 8.380187 -3.661190
v -15.803058 9.509360 -2.211717
v -16.444603 8.056544 -1.311811
v -14.984297 7.922053 -2.547647
v -16.687433 8.380187 -3.661190
v -16.444603 8.056544 -1.311811
v -13.073148 7.207104 -3.622922
v -14.984297 7.922053 -2.547647
v -13.753952 7.016801 -1.574531
v -13.073148 7.207104 -3.622922
v -13.753952 7.016801 -1.574531
v -13.179297 8.741426 -2.211717
v -14.984297 7.922053 -2.547647
v -13.073148 7.207104 -3.622922
v -13.179297 8.741426 -2.211717
v -9.366995 6.925464 0.000000
v -9.295389 7.478894 -0.618962
v -11.965996 8.416636 -1.133718
v -9.366995 6.925464 0.000000
v -11.965996 8.416636 -1.133718
v -13.078862 6.873188 0.000000
v -11.965996 8.416636 1.133718
v -9.366995 6.925464 0.000000
v -13.078862 6.873188 0.000000
v -18.737309 10.111748 0.000000
v -16.502661 10.724154 0.000000
v -16.936251 9.841030 0.973115
v -18.737309 10.111748 0.000000
v -16.936251 9.841030 0.973115
v -17.349195 8.721431 0.000000
v -16.936251 9.841030 -0.973115
v -18.737309 10.111748 0.000000
v -17.349195 8.721431 0.000000
v -7.686304 2.167612 2.146639
v -7.686304 2.167612 2.146639
v -2.535434 8.036020 -6.282153
v -0.922978 10.484706 -4.992148
v -3.095148 9.550705 -5.038337
v -10.655481 9.830211 1.336842
v -11.965996 8.416636 1.133718
v -12.537757 10.194244 1.574531
v -10.655481 9.830211 1.336842
v -12.537757 10.194244 1.574531
v -11.899313 10.001427 0.000000
v -11.965996 8.416636 1.133718
v -10.655481 9.830211 1.336842
v -11.899313 10.001427 0.000000
v -13.476796 12.830235 2.523184
v -12.537757 10.194244 1.574531
v -14.217834 10.059328 2.547647
v -13.476796 12.830235 2.523184
v -14.217834 10.059328 2.547647
v -13.869907 11.248062 1.366917
v -12.841611 11.297115 0.000000
v -13.476796 12.830235 2.523184
v -13.869907 11.248062 1.366917
v -15.093298 13.431846 1.276602
v -15.560031 11.078817 1.574531
v -14.709477 11.843814 0.000000
v -15.093298 13.431846 1.276602
v -14.709477 11.843814 0.000000
v -12.841611 11.297115 0.000000
v -13.869907 11.248062 1.366917
v -15.093298 13.431846 1.276602
v -12.841611 11.297115 0.000000
v -14.786198 12.429440 3.037776
v -13.869907 11.248062 1.366917
v -14.217834 10.059328 2.547647
v -14.786198 12.429440 3.037776
v -14.217834 10.059328 2.547647
v -15.560031 11.078817 1.574531
v -13.869907 11.248062 1.366917
v -14.786198 12.429440 3.037776
v -15.560031 11.078817 1.574531
v -17.434591 11.966375 1.442728
v -15.560031 11.078817 1.574531
v -16.936251 9.841030 0.973115
v -17.434591 11.966375 1.442728
v -16.936251 9.841030 0.973115
v -16.502661 10.724154 0.000000
v -15.560031 11.078817 1.574531
v -17.434591 11.966375 1.442728
v -16.502661 10.724154 0.000000
v -16.340992 12.949965 0.000000
v -14.709477 11.843814 0.000000
v -15.560031 11.078817 1.574531
v -16.340992 12.949965 0.000000
v -15.560031 11.078817 1.574531
v -16.502661 10.724154 0.000000
v -15.560031 11.078817 -1.574531
v -16.340992 12.949965 0.000000
v -16.502661 10.724154 0.000000
v -16.652185 10.884794 3.209817
v -15.560031 11.078817 1.574531
v -14.217834 10.059328 2.547647
v -16.652185 10.884794 3.209817
v -14.217834 10.059328 2.547647
v -15.803058 9.509360 2.211717
v -16.936251 9.841030 0.973115
v -16.652185 10.884794 3.209817
v -15.803058 9.509360 2.211717
v -18.237993 8.889288 2.023222
v -17.349195 8.721431 0.000000
v -16.936251 9.841030 0.973115
v -18.237993 8.889288 2.023222
v -16.936251 9.841030 0.973115
v -15.803058 9.509360 2.211717
v -16.444603 8.056544 1.311811
v -18.237993 8.889288 2.023222
v -15.803058 9.509360 2.211717
v -18.579855 7.258786 0.000000
v -17.349195 8.721431 0.000000
v -16.444603 8.056544 1.311811
v -18.579855 7.258786 0.000000
v -16.444603 8.056544 1.311811
v -15.753429 6.637714 0.000000
v -16.444603 8.056544 -1.311811
v -18.579855 7.258786 0.000000
v -15.753429 6.637714 0.000000
v -11.611177 6.773026 2.087993
v -13.078862 6.873188 0.000000
v -13.753952 7.016801 1.574531
v -11.611177 6.773026 2.087993
v -13.753952 7.016801 1.574531
v -13.179297 8.741426 2.211717
v -11.965996 8.416636 1.133718
v -11.611177 6.773026 2.087993
v -13.179297 8.741426 2.211717
v -14.481226 5.557092 1.043946
v -13.753952 7.016801 1.574531
v -13.078862 6.873188 0.000000
v -14.481226 5.557092 1.043946
v -13.078862 6.873188 0.000000
v -15.753429 6.637714 0.000000
v -15.112450 7.002728 1.366917
v -14.481226 5.557092 1.043946
v -15.753429 6.637714 0.000000
v -16.818365 6.456991 2.621900
v -16.444603 8.056544 1.311811
v -14.984297 7.922053 2.547647
v -16.818365 6.456991 2.621900
v -14.984297 7.922053 2.547647
v -15.112450 7.002728 1.366917
v -15.753429 6.637714 0.000000
v -16.818365 6.456991 2.621900
v -15.112450 7.002728 1.366917
v -14.816745 6.570588 3.041364
v -15.112450 7.002728 1.366917
v -14.984297 7.922053 2.547647
v -14.816745 6.570588 3.041364
v -14.984297 7.922053 2.547647
v -13.753952 7.016801 1.574531
v -15.112450 7.002728 1.366917
v -14.816745 6.570588 3.041364
v -13.753952 7.016801 1.574531
v -12.283984 9.739447 3.338406
v -14.217834 10.059328 2.547647
v -12.537757 10.194244 1.574531
v -12.283984 9.739447 3.338406
v -12.537757 10.194244 1.574531
v -11.965996 8.416636 1.133718
v -13.179297 8.741426 2.211717
v -12.283984 9.739447 3.338406
v -11.965996 8.416636 1.133718
v -14.491179 9.125391 4.239436
v -13.179297 8.741426 2.211717
v -14.984297 7.922053 2.547647
v -14.491179 9.125391 4.239436
v -14.984297 7.922053 2.547647
v -15.803058 9.509360 2.211717
v -14.217834 10.059328 2.547647
v -14.491179 9.125391 4.239436
v -15.803058 9.509360 2.211717
v -16.687433 8.380187 3.661190
v -15.803058 9.509360 2.211717
v -14.984297 7.922053 2.547647
v -16.687433 8.380187 3.661190
v -14.984297 7.922053 2.547647
v -16.444603 8.056544 1.311811
v -15.803058 9.509360 2.211717
v -16.687433 8.380187 3.661190
v -16.444603 8.056544 1.311811
v -13.073148 7.207104 3.622922
v -13.753952 7.016801 1.574531
v -14.984297 7.922053 2.547647
v -13.073148 7.207104 3.622922
v -14.984297 7.922053 2.547647
v -13.179297 8.741426 2.211717
v -13.753952 7.016801 1.574531
v -13.073148 7.207104 3.622922
v -13.179297 8.741426 2.211717
v -13.476796 12.830235 -2.523184
v -13.869907 11.248062 -1.366917
v -14.217834 10.059328 -2.547647
v -13.476796 12.830235 -2.523184
v -14.217834 10.059328 -2.547647
v -12.537757 10.194244 -1.574531
v -12.841611 11.297115 0.000000
v -13.476796 12.830235 -2.523184
v -12.537757 10.194244 -1.574531
v -15.093298 13.431846 -1.276602
v -14.709477 11.843814 0.000000
v -15.560031 11.078817 -1.574531
v -15.093298 13.431846 -1.276602
v -15.560031 11.078817 -1.574531
v -13.869907 11.248062 -1.366917
v -12.841611 11.297115 0.000000
v -15.093298 13.431846 -1.276602
v -13.869907 11.248062 -1.366917
v -14.786196 12.429440 -3.037776
v -14.217834 10.059328 -2.547647
v -13.869907 11.248062 -1.366917
v -14.786196 12.429440 -3.037776
v -13.869907 11.248062 -1.366917
v -15.560031 11.078817 -1.574531
v -14.217834 10.059328 -2.547647
v -14.786196 12.429440 -3.037776
v -15.560031 11.078817 -1.574531
v -6.690982 8.134509 -4.902522
v -7.880866 7.573001 -5.018745
v -9.563438 10.139194 -5.221504
v -6.690982 8.134509 -4.902522
v -9.563438 10.139194 -5.221504
v -7.704251 11.317356 -5.482329
v -5.811889 8.690455 -4.681180
v -6.690982 8.134509 -4.902522
v -7.982785 11.253322 -5.234102
v -5.811889 8.690455 -4.681180
v -7.982785 11.253322 -5.234102
v -6.409001 11.875424 -5.104911
v -4.876317 9.315502 -4.375272
v -5.811889 8.690455 -4.681180
v -6.696570 12.099450 -4.854975
v -4.876317 9.315502 -4.375272
v -6.696570 12.099450 -4.854975
v -5.120894 12.163074 -4.684533
v -8.430098 14.189130 -5.758676
v -8.281367 15.043872 -5.940007
v -7.615176 14.399394 -5.598217
v -8.430098 14.189130 -5.758676
v -7.615176 14.399394 -5.598217
v -7.982785 11.253322 -5.234102
v -7.704251 11.317356 -5.482329
v -9.563438 10.139194 -5.221504
v -10.892343 13.295889 -6.037732
v -7.704251 11.317356 -5.482329
v -10.892343 13.295889 -6.037732
v -9.593981 13.875243 -6.005842
v -8.215807 7.147566 -5.165806
v -7.880866 7.573001 -5.018745
v -9.420980 10.254351 -5.306869
v -8.215807 7.147566 -5.165806
v -9.420980 10.254351 -5.306869
v -10.055840 9.824903 -5.621646
v -10.055840 9.824903 -5.621646
v -9.420980 10.254351 -5.306869
v -11.727072 12.472732 -6.014334
v -10.055840 9.824903 -5.621646
v -11.727072 12.472732 -6.014334
v -12.684752 12.972220 -6.346837
v -10.892343 13.295889 -6.037732
v -9.563438 10.139194 -5.221504
v -8.593729 10.719164 -5.725406
v -10.892343 13.295889 -6.037732
v -8.593729 10.719164 -5.725406
v -10.868727 14.669440 -6.376194
v -8.593729 10.719164 -5.725406
v -7.704251 11.317356 -5.482329
v -9.593981 13.875243 -6.005842
v -8.593729 10.719164 -5.725406
v -9.593981 13.875243 -6.005842
v -10.868727 14.669440 -6.376194
v -6.381042 13.909135 -5.327857
v -6.052329 14.664390 -5.538650
v -5.724874 14.056953 -5.170753
v -6.381042 13.909135 -5.327857
v -5.724874 14.056953 -5.170753
v -6.696570 12.099450 -4.854975
v -8.430098 14.189130 -5.758676
v -7.982785 11.253322 -5.234102
v -7.220345 11.792601 -5.576972
v -8.430098 14.189130 -5.758676
v -7.220345 11.792601 -5.576972
v -8.281367 15.043872 -5.940007
v -7.220345 11.792601 -5.576972
v -6.409001 11.875424 -5.104911
v -7.615176 14.399394 -5.598217
v -7.220345 11.792601 -5.576972
v -7.615176 14.399394 -5.598217
v -8.281367 15.043872 -5.940007
v -11.965996 8.416636 -1.133718
v -9.295389 7.478894 -0.618962
v -9.283824 8.505958 -0.676657
v -11.965996 8.416636 -1.133718
v -9.283824 8.505958 -0.676657
v -11.899313 10.001427 0.000000
v -5.811889 8.690455 -4.681180
v -5.186811 6.674191 -5.870751
v -4.706384 8.093064 -5.313808
v -5.811889 8.690455 -4.681180
v -4.706384 8.093064 -5.313808
v -5.320056 8.988156 -4.572810
v -9.295389 7.478894 0.618962
v -9.366995 6.925464 0.000000
v -11.965996 8.416636 1.133718
v -9.295389 7.478894 0.618962
v -11.965996 8.416636 1.133718
v -9.283822 8.505957 0.676659
v -9.283822 8.505957 0.676659
v -11.965996 8.416636 1.133718
v -11.899313 10.001427 0.000000
v -9.283822 8.505957 0.676659
v -11.899313 10.001427 0.000000
v -9.184971 8.990025 0.000000
v -5.808011 12.179716 -5.176295
v -5.120894 12.163074 -4.684533
v -5.724874 14.056953 -5.170753
v -5.808011 12.179716 -5.176295
v -5.724874 14.056953 -5.170753
v -6.052329 14.664390 -5.538650
v -6.381042 13.909135 -5.327857
v -6.696570 12.099450 -4.854975
v -5.808011 12.179716 -5.176295
v -6.381042 13.909135 -5.327857
v -5.808011 12.179716 -5.176295
v -6.052329 14.664390 -5.538650
v -3.245968 2.975395 -4.265172
v 0.753341 1.624628 -3.930730
v 0.496491 2.159023 -5.207490
v -3.245968 2.975395 -4.265172
v 0.496491 2.159023 -5.207490
v -3.371653 3.246039 -5.272779
v -9.335045 8.549472 0.724336
v -9.341328 7.441203 0.662574
v -10.421693 8.170815 1.550060
v -9.341328 7.441203 0.662574
v -9.416380 6.856493 0.000000
v -10.541090 6.724429 1.143376
v -9.232904 9.071289 0.000000
v -9.335045 8.549472 0.724336
v -10.104561 9.826729 0.808949
v -9.335046 8.549471 -0.724336
v -10.421693 8.170815 -1.550060
v -9.341328 7.441203 -0.662574
v -9.341328 7.441203 -0.662574
v -10.541090 6.724429 -1.143376
v -9.416380 6.856493 0.000000
v -9.232904 9.071289 0.000000
v -10.104561 9.826729 -0.808947
v -9.335046 8.549471 -0.724336
v -5.120894 12.163074 -4.684533
v -6.696570 12.099450 -4.854975
v -5.724874 14.056953 -5.170753
v -6.409001 11.875424 -5.104911
v -7.982785 11.253322 -5.234102
v -7.615176 14.399394 -5.598217
v -10.868727 14.669440 -6.376194
v -9.593981 13.875243 -6.005842
v -10.892343 13.295889 -6.037732
v -4.876317 9.315502 -4.375272
v -5.320056 8.988156 -4.572810
v -4.706384 8.093064 -5.313808
v -11.262906 11.693884 0.706328
v -12.537757 10.194244 1.574531
v -12.841611 11.297115 0.000000
v -13.476796 12.830235 2.523184
v -12.841611 11.297115 0.000000
v -12.537757 10.194244 1.574531
v -15.093298 13.431846 1.276602
v -13.869907 11.248062 1.366917
v -15.560031 11.078817 1.574531
v -16.340992 12.949965 0.000000
v -15.560031 11.078817 -1.574531
v -14.709477 11.843814 0.000000
v -18.737309 10.111748 0.000000
v -16.936251 9.841030 -0.973115
v -16.502661 10.724154 0.000000
v -18.237993 8.889288 2.023222
v -16.444603 8.056544 1.311811
v -17.349195 8.721431 0.000000
v -18.579855 7.258786 0.000000
v -16.444603 8.056544 -1.311811
v -17.349195 8.721431 0.000000
v -11.611177 6.773026 2.087993
v -11.965996 8.416636 1.133718
v -13.078862 6.873188 0.000000
v -14.481226 5.557092 1.043946
v -15.112450 7.002728 1.366917
v -13.753952 7.016801 1.574531
v -16.818365 6.456991 2.621900
v -15.753429 6.637714 0.000000
v -16.444603 8.056544 1.311811
v -12.283984 9.739447 3.338406
v -13.179297 8.741426 2.211717
v -14.217834 10.059328 2.547647
v -14.491179 9.125391 4.239436
v -14.217834 10.059328 2.547647
v -13.179297 8.741426 2.211717
v -16.652185 10.884794 3.209817
v -16.936251 9.841030 0.973115
v -15.560031 11.078817 1.574531
v -13.476796 12.830235 -2.523184
v -12.841611 11.297115 0.000000
v -13.869907 11.248062 -1.366917
v -15.093298 13.431846 -1.276602
v -12.841611 11.297115 0.000000
v -14.709477 11.843814 0.000000
v -18.237993 8.889288 -2.023220
v -15.803058 9.509360 -2.211717
v -16.936251 9.841030 -0.973115
v -11.611177 6.773026 -2.087993
v -13.179297 8.741426 -2.211717
v -13.753952 7.016801 -1.574531
v -14.481230 5.557092 -1.043946
v -15.112450 7.002728 -1.366917
v -15.753429 6.637714 0.000000
v -16.818365 6.456991 -2.621900
v -15.112450 7.002728 -1.366917
v -14.984297 7.922053 -2.547647
v -12.283984 9.739447 -3.338406
v -11.965996 8.416636 -1.133718
v -12.537757 10.194244 -1.574531
v -14.491179 9.125391 -4.239436
v -15.803058 9.509360 -2.211717
v -14.984297 7.922053 -2.547647
v -16.652185 10.884794 -3.209817
v -15.803058 9.509360 -2.211717
v -14.217834 10.059328 -2.547647
v -11.899313 10.001427 0.000000
v -9.283824 8.505958 -0.676657
v -9.184971 8.990025 0.000000
v 0.496491 2.159023 -5.207490
v -0.562578 4.423820 -6.758140
v -3.371653 3.246039 -5.272779
v -7.686304 2.167612 -2.146639
v -7.686304 2.167612 -2.146639
v -7.806144 2.265373 -2.748992
v -7.806144 2.265373 -2.748992
v 1.061944 19.383717 -5.816735
v 1.662093 17.124298 -5.053860
v 1.614779 16.874371 -5.514812
v 1.061944 19.383717 -5.816735
v 1.614779 16.874371 -5.514812
v 1.975319 16.875690 -6.009474
v -7.806144 2.265373 -2.748992
v -7.686304 2.167612 -2.146639
v 0.936139 18.749657 -3.556605
v 1.899949 15.478548 -3.083099
v 2.271788 15.413345 -4.147294
v 3.819178 14.342916 0.000000
v 2.650257 15.091798 0.000000
v 4.682180 13.603819 -1.995775
v 7.715544 10.723557 1.914303
v 9.778624 9.225775 4.875396
v 8.242067 10.356482 1.568831
v 7.715544 10.723557 1.914303
v 6.446899 11.915009 6.677893
v 9.778624 9.225775 4.875396
v 4.682180 13.603819 1.995775
v 2.650257 15.091798 0.000000
v 3.819178 14.342916 0.000000
v 4.682180 13.603819 1.995775
v 3.043650 14.757764 2.401826
v 2.650257 15.091798 0.000000
v 13.293991 7.384830 0.000000
v 9.451940 10.372782 0.000000
v 13.074149 7.460699 -1.431685
v 0.391469 18.867271 -1.254394
v 1.832768 15.856708 -2.280716
v 1.422728 16.219406 0.000000
v 13.293991 7.384830 0.000000
v 13.074145 7.460696 1.431685
v 9.451940 10.372782 0.000000
v 4.682180 13.603819 1.995775
v 4.684218 13.233979 5.531734
v 3.442048 14.295053 4.709931
v 4.682180 13.603819 1.995775
v 6.549461 12.357298 2.634513
v 4.684218 13.233979 5.531734
v 8.626598 9.960974 -0.710454
v 11.876532 8.020593 -3.062472
v 9.778624 9.225775 -4.875396
v 8.626598 9.960974 -0.710454
v 8.726686 9.870208 0.000000
v 11.876532 8.020593 -3.062472
v 8.726686 9.870208 0.000000
v 13.074149 7.460699 -1.431685
v 11.876532 8.020593 -3.062472
v 8.726686 9.870208 0.000000
v 13.293991 7.384830 0.000000
v 13.074149 7.460699 -1.431685
v 1.061944 19.383717 5.816735
v 1.614779 16.874371 5.514812
v 1.662093 17.124298 5.053860
v 8.619305 10.971733 1.746950
v 6.446899 11.915009 6.677893
v 6.549461 12.357298 2.634513
v 1.061944 19.383717 5.816735
v 1.975319 16.875690 6.009474
v 1.614779 16.874371 5.514812
v 0.936141 18.749657 3.556605
v 1.899949 15.478548 3.083099
v 1.832768 15.856708 2.280716
v 0.936141 18.749657 3.556605
v 2.271788 15.413345 4.147294
v 1.899949 15.478548 3.083099
v 13.293991 7.384830 0.000000
v 8.726686 9.870208 0.000000
v 13.074145 7.460696 1.431685
v 8.726686 9.870208 0.000000
v 11.876532 8.020593 3.062472
v 13.074145 7.460696 1.431685
v 0.391469 18.867271 1.254394
v 1.377715 15.863976 1.258124
v 1.422728 16.219406 0.000000
v 8.726686 9.870208 0.000000
v 8.626598 9.960974 0.710454
v 11.876532 8.020593 3.062472
v 8.626598 9.960974 0.710454
v 9.778624 9.225775 4.875396
v 11.876532 8.020593 3.062472
v 8.626598 9.960974 0.710454
v 8.242067 10.356482 1.568831
v 9.778624 9.225775 4.875396
v 8.626598 9.960974 -0.710454
v 9.778624 9.225775 -4.875396
v 8.242068 10.356480 -1.568831
v 5.988064 11.883469 2.337738
v 3.713441 13.719701 6.327548
v 6.446899 11.915009 6.677893
v 5.988064 11.883469 2.337738
v 6.446899 11.915009 6.677893
v 7.715544 10.723557 1.914303
v 3.137217 13.997817 -4.729297
v 4.543128 12.958770 -1.761230
v 5.988064 11.883469 -2.337738
v 3.137217 13.997817 -4.729297
v 5.988064 11.883469 -2.337738
v 3.713441 13.719701 -6.327548
v 2.932282 15.012623 -5.722696
v 3.137217 13.997817 -4.729297
v 3.713441 13.719701 -6.327548
v 2.932282 15.012623 -5.722696
v 3.713441 13.719701 -6.327548
v 2.044175 16.375006 -6.983014
v 2.213600 16.587677 -6.549589
v 2.932282 15.012623 -5.722696
v 2.044175 16.375006 -6.983014
v 2.213600 16.587677 -6.549589
v 2.044175 16.375006 -6.983014
v 1.512492 18.675480 -7.541860
v 2.932282 15.012623 5.722696
v 2.044173 16.375004 6.983014
v 3.713441 13.719701 6.327548
v 2.932282 15.012623 5.722696
v 3.713441 13.719701 6.327548
v 3.137217 13.997817 4.729297
v 2.564118 15.061854 5.040324
v 2.932282 15.012623 5.722696
v 3.137217 13.997817 4.729297
v 2.564118 15.061854 5.040324
v 3.137217 13.997817 4.729297
v 2.271788 15.413345 4.147294
v 1.662093 17.124298 5.053860
v 2.564118 15.061854 5.040324
v 2.271788 15.413345 4.147294
v 6.446901 11.915009 -6.677893
v 3.713441 13.719701 -6.327548
v 5.988064 11.883469 -2.337738
v 6.446901 11.915009 -6.677893
v 5.988064 11.883469 -2.337738
v 7.715544 10.723557 -1.914303
v 9.778624 9.225775 -4.875396
v 6.446901 11.915009 -6.677893
v 7.715544 10.723557 -1.914303
v 9.778624 9.225775 -4.875396
v 7.715544 10.723557 -1.914303
v 8.242068 10.356480 -1.568831
v 3.713441 13.719701 6.327548
v 4.148008 13.856514 6.966367
v 6.446899 11.915009 6.677893
v 3.713441 13.719701 6.327548
v 2.044173 16.375004 6.983014
v 4.148008 13.856514 6.966367
v 2.044173 16.375004 6.983014
v 2.388749 16.417324 7.276548
v 4.148008 13.856514 6.966367
v 2.044173 16.375004 6.983014
v 1.512491 18.675478 7.541860
v 2.388749 16.417324 7.276548
v 1.377715 15.863976 1.258124
v 2.187267 14.658079 0.000000
v 1.422728 16.219406 0.000000
v 1.377715 15.863976 1.258124
v 2.610845 14.337289 2.473256
v 2.187267 14.658079 0.000000
v 1.832768 15.856708 2.280716
v 0.391469 18.867271 1.254394
v 1.422728 16.219406 0.000000
v 1.832768 15.856708 2.280716
v 1.422728 16.219406 0.000000
v 3.043650 14.757764 2.401826
v 2.271788 15.413345 4.147294
v 1.832768 15.856708 2.280716
v 3.043650 14.757764 2.401826
v 2.271788 15.413345 4.147294
v 3.043650 14.757764 2.401826
v 3.442048 14.295053 4.709931
v 11.876532 8.020593 -3.062472
v 13.074149 7.460699 -1.431685
v 9.451940 10.372782 0.000000
v 11.876532 8.020593 -3.062472
v 9.451940 10.372782 0.000000
v 8.619305 10.971733 -1.746950
v 9.778624 9.225775 -4.875396
v 11.876532 8.020593 -3.062472
v 8.619305 10.971733 -1.746950
v 9.778624 9.225775 -4.875396
v 8.619305 10.971733 -1.746950
v 6.446901 11.915009 -6.677893
v 6.446901 11.915009 -6.677893
v 8.619305 10.971733 -1.746950
v 6.549461 12.357298 -2.634513
v 6.446901 11.915009 -6.677893
v 6.549461 12.357298 -2.634513
v 4.684218 13.233979 -5.531734
v 4.148008 13.856514 -6.966367
v 6.446901 11.915009 -6.677893
v 4.684218 13.233979 -5.531734
v 4.148008 13.856514 -6.966367
v 4.684218 13.233979 -5.531734
v 3.442048 14.295053 -4.709931
v 3.043650 14.757764 -2.401826
v 3.442048 14.295053 -4.709931
v 4.682180 13.603819 -1.995775
v 3.043650 14.757764 -2.401826
v 4.682180 13.603819 -1.995775
v 2.650257 15.091798 0.000000
v 1.422728 16.219406 0.000000
v 3.043650 14.757764 -2.401826
v 2.650257 15.091798 0.000000
v 1.422728 16.219406 0.000000
v 2.650257 15.091798 0.000000
v 3.043650 14.757764 2.401826
v 2.271788 15.413345 4.147294
v 3.137217 13.997817 4.729297
v 2.610845 14.337289 2.473256
v 2.610845 14.337289 2.473256
v 4.543128 12.958770 1.761230
v 2.187267 14.658079 0.000000
v 2.610845 14.337289 2.473256
v 3.137217 13.997817 4.729297
v 4.543128 12.958770 1.761230
v 3.137217 13.997817 4.729297
v 5.988064 11.883469 2.337738
v 4.543128 12.958770 1.761230
v 1.975319 16.875690 6.009474
v 2.932282 15.012623 5.722696
v 2.564118 15.061854 5.040324
v 1.975319 16.875690 6.009474
v 2.564118 15.061854 5.040324
v 1.614779 16.874371 5.514812
v 3.137217 13.997817 4.729297
v 3.713441 13.719701 6.327548
v 5.988064 11.883469 2.337738
v 6.446899 11.915009 6.677893
v 4.684218 13.233979 5.531734
v 6.549461 12.357298 2.634513
v 6.446899 11.915009 6.677893
v 4.148008 13.856514 6.966367
v 4.684218 13.233979 5.531734
v 4.148008 13.856514 6.966367
v 3.442048 14.295053 4.709931
v 4.684218 13.233979 5.531734
v 4.148008 13.856514 6.966367
v 2.932282 15.012623 5.722696
v 3.442048 14.295053 4.709931
v 2.932282 15.012623 5.722696
v 2.271788 15.413345 4.147294
v 3.442048 14.295053 4.709931
v 2.932282 15.012623 5.722696
v 1.975319 16.875690 6.009474
v 2.271788 15.413345 4.147294
v 1.975319 16.875690 6.009474
v 1.662093 17.124298 5.053860
v 2.271788 15.413345 4.147294
v 3.043650 14.757764 2.401826
v 4.682180 13.603819 1.995775
v 3.442048 14.295053 4.709931
v 2.564118 15.061854 -5.040324
v 3.137217 13.997817 -4.729297
v 2.932282 15.012623 -5.722696
v 2.564118 15.061854 -5.040324
v 2.932282 15.012623 -5.722696
v 1.975319 16.875690 -6.009474
v 1.614779 16.874371 -5.514812
v 2.564118 15.061854 -5.040324
v 1.975319 16.875690 -6.009474
v 1.899949 15.478548 -3.083099
v 0.936139 18.749657 -3.556605
v 1.832768 15.856708 -2.280716
v 1.899949 15.478548 -3.083099
v 1.832768 15.856708 -2.280716
v 2.610845 14.337289 -2.473256
v 2.271788 15.413345 -4.147294
v 1.899949 15.478548 -3.083099
v 2.610845 14.337289 -2.473256
v 1.377716 15.863976 -1.258124
v 0.391469 18.867271 -1.254394
v 1.422728 16.219406 0.000000
v 1.377716 15.863976 -1.258124
v 1.422728 16.219406 0.000000
v 2.187267 14.658079 0.000000
v 2.610845 14.337289 -2.473256
v 1.377716 15.863976 -1.258124
v 2.187267 14.658079 0.000000
v 2.388749 16.417324 7.276548
v 1.512491 18.675478 7.541860
v 2.213599 16.587673 6.549589
v 2.388749 16.417324 7.276548
v 2.213599 16.587673 6.549589
v 4.148008 13.856514 6.966367
v 1.662093 17.124298 -5.053860
v 1.061944 19.383717 -5.816735
v 1.975319 16.875690 -6.009474
v 1.662093 17.124298 -5.053860
v 1.975319 16.875690 -6.009474
v 2.271788 15.413345 -4.147294
v 9.778624 9.225775 4.875396
v 6.446899 11.915009 6.677893
v 8.619305 10.971733 1.746950
v 9.778624 9.225775 4.875396
v 8.619305 10.971733 1.746950
v 11.876532 8.020593 3.062472
v 11.876532 8.020593 3.062472
v 8.619305 10.971733 1.746950
v 9.451940 10.372782 0.000000
v 11.876532 8.020593 3.062472
v 9.451940 10.372782 0.000000
v 13.074145 7.460696 1.431685
v 1.975319 16.875690 6.009474
v 1.061944 19.383717 5.816735
v 1.662093 17.124298 5.053860
v 1.832768 15.856708 -2.280716
v 3.043650 14.757764 -2.401826
v 1.422728 16.219406 0.000000
v 4.684218 13.233979 -5.531734
v 6.549461 12.357298 -2.634513
v 4.682180 13.603819 -1.995775
v 4.684218 13.233979 -5.531734
v 4.682180 13.603819 -1.995775
v 3.442048 14.295053 -4.709931
v 1.832768 15.856708 -2.280716
v 2.271788 15.413345 -4.147294
v 3.043650 14.757764 -2.401826
v 2.271788 15.413345 -4.147294
v 3.442048 14.295053 -4.709931
v 3.043650 14.757764 -2.401826
v 2.213599 16.587673 6.549589
v 1.512491 18.675478 7.541860
v 2.044173 16.375004 6.983014
v 2.213599 16.587673 6.549589
v 2.044173 16.375004 6.983014
v 2.932282 15.012623 5.722696
v 1.377715 15.863976 1.258124
v 0.391469 18.867271 1.254394
v 1.832768 15.856708 2.280716
v 1.377715 15.863976 1.258124
v 1.832768 15.856708 2.280716
v 2.610845 14.337289 2.473256
v 2.388749 16.417324 -7.276548
v 1.512492 18.675480 -7.541860
v 2.044175 16.375006 -6.983014
v 2.388749 16.417324 -7.276548
v 2.044175 16.375006 -6.983014
v 4.148008 13.856514 -6.966367
v 4.148008 13.856514 -6.966367
v 2.044175 16.375006 -6.983014
v 3.713441 13.719701 -6.327548
v 4.148008 13.856514 -6.966367
v 3.713441 13.719701 -6.327548
v 6.446901 11.915009 -6.677893
v 2.271788 15.413345 -4.147294
v 2.932282 15.012623 -5.722696
v 3.442048 14.295053 -4.709931
v 2.932282 15.012623 -5.722696
v 4.148008 13.856514 -6.966367
v 3.442048 14.295053 -4.709931
v 1.832768 15.856708 -2.280716
v 0.391469 18.867271 -1.254394
v 1.377716 15.863976 -1.258124
v 1.832768 15.856708 -2.280716
v 1.377716 15.863976 -1.258124
v 2.610845 14.337289 -2.473256
v 2.271788 15.413345 4.147294
v 0.936141 18.749657 3.556605
v 1.832768 15.856708 2.280716
v 2.271788 15.413345 -4.147294
v 1.832768 15.856708 -2.280716
v 0.936139 18.749657 -3.556605
v 2.213599 16.587673 6.549589
v 2.932282 15.012623 5.722696
v 4.148008 13.856514 6.966367
v 2.271788 15.413345 -4.147294
v 1.975319 16.875690 -6.009474
v 2.932282 15.012623 -5.722696
v 2.932282 15.012623 -5.722696
v 2.213600 16.587677 -6.549589
v 4.148008 13.856514 -6.966367
v 2.610845 14.337289 2.473256
v 1.832768 15.856708 2.280716
v 1.899949 15.478548 3.083099
v 2.564118 15.061854 5.040324
v 1.662093 17.124298 5.053860
v 1.614779 16.874371 5.514812
v 2.213600 16.587677 -6.549589
v 2.388749 16.417324 -7.276548
v 4.148008 13.856514 -6.966367
v 2.213600 16.587677 -6.549589
v 1.512492 18.675480 -7.541860
v 2.388749 16.417324 -7.276548
v 1.662093 17.124298 -5.053860
v 2.564118 15.061854 -5.040324
v 1.614779 16.874371 -5.514812
v 1.662093 17.124298 -5.053860
v 2.271788 15.413345 -4.147294
v 2.564118 15.061854 -5.040324
v 2.271788 15.413345 -4.147294
v 3.137217 13.997817 -4.729297
v 2.564118 15.061854 -5.040324
v 2.271788 15.413345 -4.147294
v 2.610845 14.337289 -2.473256
v 3.137217 13.997817 -4.729297
v 2.610845 14.337289 -2.473256
v 4.543128 12.958770 -1.761230
v 3.137217 13.997817 -4.729297
v 2.610845 14.337289 -2.473256
v 2.187267 14.658079 0.000000
v 4.543128 12.958770 -1.761230
v 2.187267 14.658079 0.000000
v 3.576416 13.701361 0.000000
v 4.543128 12.958770 -1.761230
v 2.187267 14.658079 0.000000
v 4.543128 12.958770 1.761230
v 3.576416 13.701361 0.000000
v 5.112421 1.928923 2.641172
v 5.356051 1.791231 3.192160
v 5.938758 1.312341 2.516608
v 4.606023 1.053274 2.837975
v 5.938758 1.312341 2.516608
v 5.210116 0.847075 2.072308
v 5.283685 0.293875 -0.137481
v 6.915364 0.752967 -0.006816
v 6.725944 1.108771 -1.229600
v 5.283685 0.293875 -0.137481
v 6.566830 0.876750 1.132286
v 6.915364 0.752967 -0.006816
v 4.629511 -1.026944 0.341883
v 4.329294 -0.097301 1.383844
v 4.746956 -0.467511 -0.384422
v 4.629511 -1.026944 0.341883
v 3.891043 -0.705396 0.441447
v 4.329294 -0.097301 1.383844
v 4.606023 1.053274 2.837975
v 5.112421 1.928923 2.641172
v 5.938758 1.312341 2.516608
v 4.606023 1.053274 2.837975
v 5.210116 0.847075 2.072308
v 5.112421 1.928923 2.641172
v 5.210116 0.847075 2.072308
v 4.604841 1.297619 2.203534
v 5.112421 1.928923 2.641172
v 5.210116 0.847075 2.072308
v 4.329294 -0.097301 1.383844
v 4.604841 1.297619 2.203534
v 6.566830 0.876750 1.132286
v 5.210116 0.847075 2.072308
v 5.938758 1.312341 2.516608
v 6.566830 0.876750 1.132286
v 5.283685 0.293875 -0.137481
v 5.210116 0.847075 2.072308
v 5.283685 0.293875 -0.137481
v 4.329294 -0.097301 1.383844
v 5.210116 0.847075 2.072308
v 5.283685 0.293875 -0.137481
v 4.746956 -0.467511 -0.384422
v 4.329294 -0.097301 1.383844
v 5.317375 -1.949100 -1.162630
v 4.746956 -0.467511 -0.384422
v 4.444078 -0.342064 -1.114989
v 5.283685 0.293875 -0.137481
v 4.737641 0.699012 -1.496070
v 4.746956 -0.467511 -0.384422
v 5.283685 0.293875 -0.137481
v 5.285461 1.176315 -2.033156
v 4.737641 0.699012 -1.496070
v 3.487331 1.619299 3.613643
v 3.396827 0.271330 1.203936
v 1.294021 0.819587 2.865433
v 3.487331 1.619299 3.613643
v 4.604841 1.297619 2.203534
v 3.396827 0.271330 1.203936
v 4.746956 -0.467511 -0.384422
v 5.317375 -1.949100 -1.162630
v 4.629511 -1.026944 0.341883
v 5.317375 -1.949100 -1.162630
v 3.891043 -0.705396 0.441447
v 4.629511 -1.026944 0.341883
v 5.317375 -1.949100 -1.162630
v 3.648460 -0.795649 -0.188480
v 3.891043 -0.705396 0.441447
v 1.685652 -0.125365 0.000000
v 4.216728 1.086377 -1.512925
v 1.294021 0.819587 -2.865433
v 4.216728 1.086377 -1.512925
v 3.487331 1.619299 -3.613643
v 1.294021 0.819587 -2.865433
v 4.216728 1.086377 -1.512925
v 4.787561 1.496869 -2.171999
v 3.487331 1.619299 -3.613643
v 4.216728 1.086377 -1.512925
v 1.685652 -0.125365 0.000000
v 2.936688 0.147976 -0.008664
v 1.685652 -0.125365 0.000000
v 3.396827 0.271330 1.203936
v 2.936688 0.147976 -0.008664
v 1.685652 -0.125365 0.000000
v 1.294021 0.819587 2.865433
v 3.396827 0.271330 1.203936
v 3.648460 -0.795649 -0.188480
v 3.396827 0.271330 1.203936
v 3.891043 -0.705396 0.441447
v 3.396827 0.271330 1.203936
v 4.329294 -0.097301 1.383844
v 3.891043 -0.705396 0.441447
v 3.396827 0.271330 1.203936
v 4.604841 1.297619 2.203534
v 4.329294 -0.097301 1.383844
v 4.737641 0.699012 -1.496070
v 4.444078 -0.342064 -1.114989
v 4.746956 -0.467511 -0.384422
v 4.737641 0.699012 -1.496070
v 3.844009 -0.271218 -0.873264
v 4.444078 -0.342064 -1.114989
v 3.844009 -0.271218 -0.873264
v 5.317375 -1.949100 -1.162630
v 4.444078 -0.342064 -1.114989
v 3.844009 -0.271218 -0.873264
v 3.648460 -0.795649 -0.188480
v 5.317375 -1.949100 -1.162630
v 3.648460 -0.795649 -0.188480
v 2.936688 0.147976 -0.008664
v 3.396827 0.271330 1.203936
v 3.648460 -0.795649 -0.188480
v 3.844009 -0.271218 -0.873264
v 2.936688 0.147976 -0.008664
v 3.844009 -0.271218 -0.873264
v 4.216728 1.086377 -1.512925
v 2.936688 0.147976 -0.008664
v 3.844009 -0.271218 -0.873264
v 4.737641 0.699012 -1.496070
v 4.216728 1.086377 -1.512925
v 4.737641 0.699012 -1.496070
v 4.787561 1.496869 -2.171999
v 4.216728 1.086377 -1.512925
v 4.737641 0.699012 -1.496070
v 5.285461 1.176315 -2.033156
v 4.787561 1.496869 -2.171999
v -0.264122 8.831838 -6.335973
v -0.922978 10.484706 -4.992148
v -2.535434 8.036020 -6.282153
v 2.541990 4.786716 -6.647402
v -0.562578 4.423820 -6.758140
v 0.496491 2.159023 -5.207490
v 2.541990 4.786716 -6.647402
v 0.880087 6.929583 -6.704482
v -0.562578 4.423820 -6.758140
v 4.345912 7.212931 -6.069964
v 0.880087 6.929583 -6.704482
v 2.541990 4.786716 -6.647402
v 4.345912 7.212931 -6.069964
v 2.300726 9.562872 -6.102154
v 0.880087 6.929583 -6.704482
v 3.391843 10.545726 -5.108685
v 2.300726 9.562872 -6.102154
v 4.345912 7.212931 -6.069964
v 3.391843 10.545726 -5.108685
v 1.538005 10.971437 -4.802117
v 2.300726 9.562872 -6.102154
v -0.922978 10.484706 -4.992148
v -3.271870 10.201888 -3.893267
v -3.095148 9.550705 -5.038337
v -0.922978 10.484706 -4.992148
v -1.129819 11.113491 -3.405195
v -3.271870 10.201888 -3.893267
v 5.919994 9.345399 -3.869671
v 6.677822 4.460785 -4.126895
v 5.048137 2.618183 -3.932751
v 5.919994 9.345399 -3.869671
v 7.014473 7.110509 -4.275600
v 6.677822 4.460785 -4.126895
v 1.272110 11.612507 -3.233892
v 0.753341 1.624628 -3.930730
v -3.245968 2.975395 -4.265172
v 1.272110 11.612507 -3.233892
v 4.098419 10.921709 -3.502387
v 0.753341 1.624628 -3.930730
v 4.098419 10.921709 -3.502387
v 3.104701 1.653329 -3.813087
v 0.753341 1.624628 -3.930730
v 4.098419 10.921709 -3.502387
v 5.919994 9.345399 -3.869671
v 3.104701 1.653329 -3.813087
v 1.272110 11.612507 -3.233892
v -3.245968 2.975395 -4.265172
v -1.129819 11.113491 -3.405195
v 1.272110 11.612507 -3.233892
v 3.880455 10.889226 -4.297099
v 4.098419 10.921709 -3.502387
v 3.880455 10.889226 -4.297099
v 5.919994 9.345399 -3.869671
v 4.098419 10.921709 -3.502387
v 3.880455 10.889226 -4.297099
v 5.722640 8.982739 -4.849346
v 5.919994 9.345399 -3.869671
v 5.722640 8.982739 -4.849346
v 7.014473 7.110509 -4.275600
v 5.919994 9.345399 -3.869671
v 5.722640 8.982739 -4.849346
v 5.963882 5.459416 -5.112852
v 7.014473 7.110509 -4.275600
v 5.963882 5.459416 -5.112852
v 6.677822 4.460785 -4.126895
v 7.014473 7.110509 -4.275600
v 5.963882 5.459416 -5.112852
v 4.455131 3.091768 -5.247532
v 6.677822 4.460785 -4.126895
v 4.455131 3.091768 -5.247532
v 5.048137 2.618183 -3.932751
v 6.677822 4.460785 -4.126895
v 4.455131 3.091768 -5.247532
v 3.104701 1.653329 -3.813087
v 5.048137 2.618183 -3.932751
v 4.455131 3.091768 -5.247532
v 2.541990 4.786716 -6.647402
v 0.496491 2.159023 -5.207490
v 4.455131 3.091768 -5.247532
v 5.963882 5.459416 -5.112852
v 2.541990 4.786716 -6.647402
v 5.963882 5.459416 -5.112852
v 4.345912 7.212931 -6.069964
v 2.541990 4.786716 -6.647402
v 5.963882 5.459416 -5.112852
v 5.722640 8.982739 -4.849346
v 4.345912 7.212931 -6.069964
v 5.722640 8.982739 -4.849346
v 3.391843 10.545726 -5.108685
v 4.345912 7.212931 -6.069964
v 5.722640 8.982739 -4.849346
v 3.880455 10.889226 -4.297099
v 3.391843 10.545726 -5.108685
v 3.880455 10.889226 -4.297099
v 1.538005 10.971437 -4.802117
v 3.391843 10.545726 -5.108685
v 3.880455 10.889226 -4.297099
v 1.272110 11.612507 -3.233892
v 1.538005 10.971437 -4.802117
v -1.129819 11.113491 -3.405195
v 1.538005 10.971437 -4.802117
v 1.272110 11.612507 -3.233892
v -1.129819 11.113491 -3.405195
v -0.922978 10.484706 -4.992148
v 1.538005 10.971437 -4.802117
v -0.922978 10.484706 -4.992148
v 2.300726 9.562872 -6.102154
v 1.538005 10.971437 -4.802117
v -0.922978 10.484706 -4.992148
v -0.264122 8.831838 -6.335973
v 2.300726 9.562872 -6.102154
v -0.264122 8.831838 -6.335973
v 0.880087 6.929583 -6.704482
v 2.300726 9.562872 -6.102154
v -0.264122 8.831838 -6.335973
v -2.535434 8.036020 -6.282153
v 0.880087 6.929583 -6.704482
v 0.964875 13.548217 0.000000
v -0.391327 12.458073 2.057396
v -1.563970 12.103757 0.000000
v 0.964875 13.548217 0.000000
v -1.563970 12.103757 0.000000
v -0.391327 12.458073 -2.057396
v 1.365921 12.751160 -2.141515
v 0.964875 13.548217 0.000000
v -0.391327 12.458073 -2.057396
v 1.365921 12.751160 -2.141515
v -0.391327 12.458073 -2.057396
v 2.923261 11.727177 -3.217991
v 3.350676 12.215991 -2.610642
v 1.365921 12.751160 -2.141515
v 2.923261 11.727177 -3.217991
v 3.350676 12.215991 -2.610642
v 2.923261 11.727177 -3.217991
v 6.216315 9.551167 -2.847527
v -3.987203 3.360602 -4.349431
v -7.185688 4.054657 -4.114293
v -5.273684 2.494923 -4.025359
v 7.140326 7.464551 0.000000
v 6.509488 9.600132 -1.543187
v 7.407263 8.091092 -1.323835
v 7.140326 7.464551 0.000000
v 7.407263 8.091092 -1.323835
v 8.285383 6.058749 0.000000
v -3.987203 3.360602 -4.349431
v -6.512198 5.420390 -4.529963
v -7.185688 4.054657 -4.114293
v -5.346351 1.998655 -0.848341
v -7.281857 4.324187 -0.538562
v -4.755142 2.262996 -0.538562
v -5.346351 1.998655 -0.848341
v -7.524662 3.775631 -0.782053
v -7.281857 4.324187 -0.538562
v -8.411650 6.605495 -2.183048
v -9.416380 6.856493 0.000000
v -7.671825 5.306450 -2.378298
v -8.411650 6.605495 -2.183048
v -9.341328 7.441203 -0.662574
v -9.416380 6.856493 0.000000
v -7.185688 4.054657 -4.114293
v -6.512198 5.420390 -4.529963
v -7.809069 4.236207 -2.578452
v -6.512198 5.420390 -4.529963
v -7.644412 4.862905 -2.445969
v -7.809069 4.236207 -2.578452
v -6.512198 5.420390 -4.529963
v -7.671825 5.306450 -2.378298
v -7.644412 4.862905 -2.445969
v -5.346351 1.998655 -0.848341
v -4.755142 2.262996 -0.538562
v -4.896849 1.888192 -2.635638
v -4.755142 2.262996 -0.538562
v -3.607735 2.041626 -2.687563
v -4.896849 1.888192 -2.635638
v -4.755142 2.262996 -0.538562
v -4.235513 2.386914 0.000000
v -3.607735 2.041626 -2.687563
v -7.809069 4.236207 -2.578452
v -7.644412 4.862905 -2.445969
v -7.524662 3.775631 -0.782053
v -7.644412 4.862905 -2.445969
v -7.281857 4.324187 -0.538562
v -7.524662 3.775631 -0.782053
v -7.644412 4.862905 -2.445969
v -7.671825 5.306450 -2.378298
v -7.281857 4.324187 -0.538562
v -7.671825 5.306450 -2.378298
v -7.182743 4.791142 0.000000
v -7.281857 4.324187 -0.538562
v -7.671825 5.306450 -2.378298
v -9.416380 6.856493 0.000000
v -7.182743 4.791142 0.000000
v -4.896849 1.888192 -2.635638
v -3.987203 3.360602 -4.349431
v -5.273684 2.494923 -4.025359
v -4.896849 1.888192 -2.635638
v -3.607735 2.041626 -2.687563
v -3.987203 3.360602 -4.349431
v -3.607735 2.041626 -2.687563
v -1.818160 2.353194 -3.404826
v -3.987203 3.360602 -4.349431
v -3.607735 2.041626 -2.687563
v -2.325731 1.636150 -2.291860
v -1.818160 2.353194 -3.404826
v -7.319311 9.664394 0.000000
v -8.678331 8.665075 -1.609031
v -5.285971 9.224149 -3.774132
v -6.512198 5.420390 -4.529963
v -8.411650 6.605495 -2.183048
v -7.671825 5.306450 -2.378298
v -2.231658 7.070343 6.203584
v -3.164892 5.352875 5.750603
v -5.921873 6.877774 4.644862
v -8.411650 6.605495 2.183048
v -8.678331 8.665075 1.609031
v -7.596024 7.974079 3.316330
v 7.140326 7.464551 0.000000
v 8.285383 6.058749 0.000000
v 7.407265 8.091095 1.323835
v 7.140326 7.464551 0.000000
v 7.407265 8.091095 1.323835
v 6.509488 9.600132 1.543187
v 3.647072 12.656252 0.000000
v 7.140326 7.464551 0.000000
v 6.509488 9.600132 1.543187
v 3.647072 12.656252 0.000000
v 6.509488 9.600132 1.543187
v 3.350676 12.215991 2.610642
v 0.964875 13.548217 0.000000
v 3.647072 12.656252 0.000000
v 3.350676 12.215991 2.610642
v 0.964875 13.548217 0.000000
v 3.350676 12.215991 2.610642
v 1.365921 12.751160 2.141515
v -8.411650 6.605495 2.183048
v -9.341328 7.441203 0.662574
v -8.678331 8.665075 1.609031
v -7.596024 7.974079 -3.316330
v -5.285971 9.224149 -3.774132
v -8.678331 8.665075 -1.609031
v -7.596024 7.974079 -3.316330
v -5.921873 6.877774 -4.644862
v -5.285971 9.224149 -3.774132
v -5.634800 10.178649 0.000000
v -7.319311 9.664394 0.000000
v -5.285971 9.224149 -3.774132
v -5.634800 10.178649 0.000000
v -5.285971 9.224149 3.774132
v -7.319311 9.664394 0.000000
v 1.657603 3.488034 5.199270
v -3.164892 5.352875 5.750603
v -2.231658 7.070343 6.203584
v 1.657603 3.488034 5.199270
v -0.077482 2.629172 4.658755
v -3.164892 5.352875 5.750603
v 3.487331 1.619299 3.613643
v -0.077482 2.629172 4.658755
v 1.657603 3.488034 5.199270
v 3.487331 1.619299 3.613643
v 1.294021 0.819587 2.865433
v -0.077482 2.629172 4.658755
v -0.524531 0.685772 1.855762
v 1.685652 -0.125365 0.000000
v -0.498977 0.337766 0.000000
v -0.524531 0.685772 1.855762
v 1.294021 0.819587 2.865433
v 1.685652 -0.125365 0.000000
v -3.164892 5.352875 -5.750603
v 1.657603 3.488034 -5.199270
v -2.231658 7.070343 -6.203584
v -3.164892 5.352875 -5.750603
v -0.077482 2.629172 -4.658755
v 1.657603 3.488034 -5.199270
v -0.077482 2.629172 -4.658755
v 3.487331 1.619299 -3.613643
v 1.657603 3.488034 -5.199270
v -0.077482 2.629172 -4.658755
v 1.294021 0.819587 -2.865433
v 3.487331 1.619299 -3.613643
v -8.678331 8.665075 -1.609031
v -9.232904 9.071289 0.000000
v -9.335046 8.549471 -0.724336
v -8.678331 8.665075 -1.609031
v -7.319311 9.664394 0.000000
v -9.232904 9.071289 0.000000
v -7.319311 9.664394 0.000000
v -8.678331 8.665075 1.609031
v -9.232904 9.071289 0.000000
v -7.319311 9.664394 0.000000
v -5.285971 9.224149 3.774132
v -8.678331 8.665075 1.609031
v -5.285971 9.224149 3.774132
v -7.596024 7.974079 3.316330
v -8.678331 8.665075 1.609031
v -5.285971 9.224149 3.774132
v -5.921873 6.877774 4.644862
v -7.596024 7.974079 3.316330
v -8.411650 6.605495 -2.183048
v -7.596024 7.974079 -3.316330
v -8.678331 8.665075 -1.609031
v -8.411650 6.605495 -2.183048
v -6.512198 5.420390 -4.529963
v -7.596024 7.974079 -3.316330
v -6.512198 5.420390 -4.529963
v -5.921873 6.877774 -4.644862
v -7.596024 7.974079 -3.316330
v -6.512198 5.420390 -4.529963
v -3.987203 3.360602 -4.349431
v -5.921873 6.877774 -4.644862
v -5.285971 9.224149 -3.774132
v -5.921873 6.877774 -4.644862
v -2.231658 7.070343 -6.203584
v -5.921873 6.877774 -4.644862
v -3.164892 5.352875 -5.750603
v -2.231658 7.070343 -6.203584
v -5.921873 6.877774 -4.644862
v -3.987203 3.360602 -4.349431
v -3.164892 5.352875 -5.750603
v -3.987203 3.360602 -4.349431
v -0.077482 2.629172 -4.658755
v -3.164892 5.352875 -5.750603
v -3.987203 3.360602 -4.349431
v -1.818160 2.353194 -3.404826
v -0.077482 2.629172 -4.658755
v -1.818160 2.353194 -3.404826
v 1.294021 0.819587 -2.865433
v -0.077482 2.629172 -4.658755
v -1.818160 2.353194 -3.404826
v -0.524531 0.685772 -1.855762
v 1.294021 0.819587 -2.865433
v -0.524531 0.685772 -1.855762
v 1.685652 -0.125365 0.000000
v 1.294021 0.819587 -2.865433
v -0.524531 0.685772 -1.855762
v -0.498977 0.337766 0.000000
v 1.685652 -0.125365 0.000000
v -5.346351 1.998655 0.848341
v -7.281856 4.324185 0.538562
v -7.524662 3.775631 0.782053
v -7.644412 4.862905 2.445969
v -7.524662 3.775631 0.782053
v -7.281856 4.324185 0.538562
v -7.644412 4.862905 2.445969
v -7.809069 4.236207 2.578452
v -7.524662 3.775631 0.782053
v -8.411650 6.605495 2.183048
v -6.512198 5.420390 4.529963
v -7.671825 5.306450 2.378298
v -8.411650 6.605495 2.183048
v -7.596024 7.974079 3.316330
v -6.512198 5.420390 4.529963
v -3.164892 5.352875 5.750603
v -3.987203 3.360602 4.349431
v -5.921873 6.877774 4.644862
v -3.164892 5.352875 5.750603
v -0.077482 2.629172 4.658755
v -3.987203 3.360602 4.349431
v -7.671825 5.306450 2.378298
v -7.644412 4.862905 2.445969
v -7.281856 4.324185 0.538562
v -7.671825 5.306450 2.378298
v -6.512198 5.420390 4.529963
v -7.644412 4.862905 2.445969
v -6.512198 5.420390 4.529963
v -7.809069 4.236207 2.578452
v -7.644412 4.862905 2.445969
v 7.407263 8.091092 -1.323835
v 6.216315 9.551167 -2.847527
v 7.796026 7.253429 -3.135136
v 7.407263 8.091092 -1.323835
v 7.796026 7.253429 -3.135136
v 8.548090 6.000584 -0.768025
v 8.285383 6.058749 0.000000
v 7.407263 8.091092 -1.323835
v 8.548090 6.000584 -0.768025
v 8.285383 6.058749 0.000000
v 8.548090 6.000584 -0.768025
v 8.732954 3.448201 0.000396
v 2.923261 11.727177 3.217993
v 1.365921 12.751160 2.141515
v 3.350676 12.215991 2.610642
v 2.923261 11.727177 3.217993
v 3.350676 12.215991 2.610642
v 6.216315 9.551167 2.847527
v -6.512198 5.420390 4.529963
v -7.185688 4.054657 4.114293
v -7.809069 4.236207 2.578452
v -5.921873 6.877774 4.644862
v -6.512198 5.420390 4.529963
v -7.596024 7.974079 3.316330
v -5.921873 6.877774 4.644862
v -3.987203 3.360602 4.349431
v -6.512198 5.420390 4.529963
v -3.987203 3.360602 4.349431
v -7.185688 4.054657 4.114293
v -6.512198 5.420390 4.529963
v -3.987203 3.360602 4.349431
v -5.273684 2.494923 4.025359
v -7.185688 4.054657 4.114293
v -3.607735 2.041626 2.687563
v -2.325731 1.636150 2.291860
v -2.436168 1.244300 0.000000
v -3.607735 2.041626 2.687563
v -1.818160 2.353194 3.404826
v -2.325731 1.636150 2.291860
v -1.818160 2.353194 3.404826
v -0.524531 0.685772 1.855762
v -2.325731 1.636150 2.291860
v -1.818160 2.353194 3.404826
v 1.294021 0.819587 2.865433
v -0.524531 0.685772 1.855762
v -4.755142 2.262996 0.538562
v -4.896849 1.888192 2.635638
v -3.607735 2.041626 2.687563
v -4.755142 2.262996 0.538562
v -5.346351 1.998655 0.848341
v -4.896849 1.888192 2.635638
v 1.294021 0.819587 2.865433
v -1.818160 2.353194 3.404826
v -0.077482 2.629172 4.658755
v -1.818160 2.353194 3.404826
v -3.987203 3.360602 4.349431
v -0.077482 2.629172 4.658755
v -1.818160 2.353194 3.404826
v -3.607735 2.041626 2.687563
v -3.987203 3.360602 4.349431
v -3.607735 2.041626 2.687563
v -5.273684 2.494923 4.025359
v -3.987203 3.360602 4.349431
v -3.607735 2.041626 2.687563
v -4.896849 1.888192 2.635638
v -5.273684 2.494923 4.025359
v -4.755142 2.262996 0.538562
v -7.281856 4.324185 0.538562
v -5.346351 1.998655 0.848341
v -4.755142 2.262996 0.538562
v -7.182743 4.791142 0.000000
v -7.281856 4.324185 0.538562
v 5.442636 2.227138 -2.603984
v 3.487331 1.619299 -3.613643
v 4.787561 1.496869 -2.171999
v 5.283685 0.293875 -0.137481
v 6.725944 1.108771 -1.229600
v 5.285461 1.176315 -2.033156
v -3.242826 10.263953 -3.281306
v 0.513647 9.621574 -5.288170
v 0.462429 11.377147 -2.852356
v 5.889981 2.910944 -2.893268
v 5.010928 2.707031 -3.793633
v 5.442636 2.227138 -2.603984
v 5.010928 2.707031 -3.793633
v 3.487331 1.619299 -3.613643
v 5.442636 2.227138 -2.603984
v 5.010928 2.707031 -3.793633
v 1.657603 3.488034 -5.199270
v 3.487331 1.619299 -3.613643
v -5.634800 10.178649 0.000000
v -3.242826 10.263953 3.281306
v -5.285971 9.224149 3.774132
v -3.242826 10.263953 3.281306
v -1.009261 8.366377 5.919527
v -5.285971 9.224149 3.774132
v -3.242826 10.263953 3.281306
v 0.513647 9.621574 5.288170
v -1.009261 8.366377 5.919527
v 6.181662 1.795852 -2.318683
v 5.442636 2.227138 -2.603984
v 5.318464 1.709851 -3.032696
v 5.442636 2.227138 -2.603984
v 5.285461 1.176315 -2.033156
v 5.318464 1.709851 -3.032696
v 5.442636 2.227138 -2.603984
v 4.787561 1.496869 -2.171999
v 5.285461 1.176315 -2.033156
v 2.818945 4.791475 -5.451667
v 1.657603 3.488034 -5.199270
v 5.010928 2.707031 -3.793633
v 2.818945 4.791475 -5.451667
v -2.231658 7.070343 -6.203584
v 1.657603 3.488034 -5.199270
v -3.918970 10.784745 0.000000
v -5.634800 10.178649 0.000000
v -3.242826 10.263953 -3.281306
v -3.918970 10.784745 0.000000
v -3.242826 10.263953 3.281306
v -5.634800 10.178649 0.000000
v 5.889981 2.910944 -2.893268
v 6.806480 2.545071 -2.751026
v 6.520715 4.299571 -3.997848
v 5.889981 2.910944 -2.893268
v 5.442636 2.227138 -2.603984
v 6.806480 2.545071 -2.751026
v 5.442636 2.227138 -2.603984
v 5.930288 2.332790 -3.367038
v 6.806480 2.545071 -2.751026
v 5.442636 2.227138 -2.603984
v 6.181662 1.795852 -2.318683
v 5.930288 2.332790 -3.367038
v -1.009261 8.366377 -5.919527
v -2.231658 7.070343 -6.203584
v 2.818945 4.791475 -5.451667
v -1.009261 8.366377 -5.919527
v -5.285971 9.224149 -3.774132
v -2.231658 7.070343 -6.203584
v -3.242826 10.263953 -3.281306
v -5.285971 9.224149 -3.774132
v -1.009261 8.366377 -5.919527
v -3.242826 10.263953 -3.281306
v -5.634800 10.178649 0.000000
v -5.285971 9.224149 -3.774132
v 6.806480 2.545071 -2.751026
v 6.181662 1.795852 -2.318683
v 7.832864 2.152328 -1.956063
v 6.806480 2.545071 -2.751026
v 5.930288 2.332790 -3.367038
v 6.181662 1.795852 -2.318683
v 8.087827 1.988827 -0.005724
v 6.915364 0.752967 -0.006816
v 7.622417 1.967060 2.108633
v 8.087827 1.988827 -0.005724
v 7.832864 2.152328 -1.956063
v 6.915364 0.752967 -0.006816
v 7.832864 2.152328 -1.956063
v 6.725944 1.108771 -1.229600
v 6.915364 0.752967 -0.006816
v 7.832864 2.152328 -1.956063
v 6.181662 1.795852 -2.318683
v 6.725944 1.108771 -1.229600
v 6.181662 1.795852 -2.318683
v 5.285461 1.176315 -2.033156
v 6.725944 1.108771 -1.229600
v 6.181662 1.795852 -2.318683
v 5.318464 1.709851 -3.032696
v 5.285461 1.176315 -2.033156
v 2.818945 4.791475 5.451667
v -2.231658 7.070343 6.203584
v -1.009261 8.366377 5.919527
v 2.818945 4.791475 5.451667
v 1.657603 3.488034 5.199270
v -2.231658 7.070343 6.203584
v 5.010928 2.707031 3.793633
v 1.657603 3.488034 5.199270
v 2.818945 4.791475 5.451667
v 5.010928 2.707031 3.793633
v 3.487331 1.619299 3.613643
v 1.657603 3.488034 5.199270
v 5.356051 1.791231 3.192160
v 5.112421 1.928923 2.641172
v 6.558955 2.008198 2.868662
v -1.009261 8.366377 5.919527
v -5.921873 6.877774 4.644862
v -5.285971 9.224149 3.774132
v -1.009261 8.366377 5.919527
v -2.231658 7.070343 6.203584
v -5.921873 6.877774 4.644862
v 8.368979 3.295654 2.663938
v 7.487398 5.628356 4.164441
v 8.468766 5.307457 3.090044
v 8.368979 3.295654 2.663938
v 7.406132 3.682034 3.763545
v 7.487398 5.628356 4.164441
v 2.923261 11.727177 -3.217991
v 0.462429 11.377147 -2.852356
v 2.407145 11.108977 -3.471171
v 2.923261 11.727177 -3.217991
v 2.407145 11.108977 -3.471171
v 5.285954 8.711822 -4.052063
v 8.087827 1.988827 -0.005724
v 8.368979 3.295654 2.663938
v 8.732954 3.448201 0.000396
v 8.087827 1.988827 -0.005724
v 7.622417 1.967060 2.108633
v 8.368979 3.295654 2.663938
v 7.622417 1.967060 2.108633
v 7.406132 3.682034 3.763545
v 8.368979 3.295654 2.663938
v 7.622417 1.967060 2.108633
v 6.558955 2.008198 2.868662
v 7.406132 3.682034 3.763545
v 6.558955 2.008198 2.868662
v 5.938758 1.312341 2.516608
v 5.356051 1.791231 3.192160
v 6.558955 2.008198 2.868662
v 7.622417 1.967060 2.108633
v 5.938758 1.312341 2.516608
v 7.622417 1.967060 2.108633
v 6.566830 0.876750 1.132286
v 5.938758 1.312341 2.516608
v 7.407265 8.091095 1.323835
v 8.285383 6.058749 0.000000
v 8.548092 6.000585 0.768025
v 7.407265 8.091095 1.323835
v 8.548092 6.000585 0.768025
v 7.796026 7.253429 3.135136
v 7.622417 1.967060 2.108633
v 6.915364 0.752967 -0.006816
v 6.566830 0.876750 1.132286
v 5.625797 2.562839 2.941813
v 6.558955 2.008198 2.868662
v 5.112421 1.928923 2.641172
v 5.625797 2.562839 2.941813
v 6.520715 4.299571 3.998639
v 6.558955 2.008198 2.868662
v 3.487331 1.619299 3.613643
v 5.112421 1.928923 2.641172
v 4.604841 1.297619 2.203534
v 3.487331 1.619299 3.613643
v 5.010928 2.707031 3.793633
v 5.112421 1.928923 2.641172
v 5.010928 2.707031 3.793633
v 5.625797 2.562839 2.941813
v 5.112421 1.928923 2.641172
v 5.010928 2.707031 3.793633
v 6.520715 4.299571 3.998639
v 5.625797 2.562839 2.941813
v 5.048135 2.618182 3.932751
v 5.919991 9.345396 3.869671
v 3.104697 1.653329 3.813087
v 0.880088 6.929584 6.704484
v -0.264122 8.831838 6.335973
v 2.300726 9.562872 6.102154
v 4.098419 10.921709 3.502387
v 3.104697 1.653329 3.813087
v 5.919991 9.345396 3.869671
v 4.098419 10.921709 3.502387
v 0.753338 1.624628 3.930728
v 3.104697 1.653329 3.813087
v 1.272110 11.612507 3.233892
v 0.753338 1.624628 3.930728
v 4.098419 10.921709 3.502387
v 1.272110 11.612507 3.233892
v -3.245969 2.975394 4.265170
v 0.753338 1.624628 3.930728
v 6.677821 4.460783 4.126895
v 5.919991 9.345396 3.869671
v 5.048135 2.618182 3.932751
v 6.677821 4.460783 4.126895
v 7.014473 7.110509 4.275600
v 5.919991 9.345396 3.869671
v 4.455131 3.091768 5.247532
v 5.048135 2.618182 3.932751
v 3.104697 1.653329 3.813087
v 4.455131 3.091768 5.247532
v 6.677821 4.460783 4.126895
v 5.048135 2.618182 3.932751
v 2.541990 4.786716 6.647402
v 4.455131 3.091768 5.247532
v 0.496489 2.159021 5.207488
v 3.350676 12.215991 -2.610642
v 3.647072 12.656252 0.000000
v 0.964875 13.548217 0.000000
v 3.350676 12.215991 -2.610642
v 0.964875 13.548217 0.000000
v 1.365921 12.751160 -2.141515
v 2.541990 4.786716 6.647402
v 5.963882 5.459416 5.112852
v 4.455131 3.091768 5.247532
v 5.963882 5.459416 5.112852
v 6.677821 4.460783 4.126895
v 4.455131 3.091768 5.247532
v 5.963882 5.459416 5.112852
v 7.014473 7.110509 4.275600
v 6.677821 4.460783 4.126895
v 4.345912 7.212931 6.069964
v 5.963882 5.459416 5.112852
v 2.541990 4.786716 6.647402
v 4.345912 7.212931 6.069964
v 5.722635 8.982738 4.849346
v 5.963882 5.459416 5.112852
v 5.722635 8.982738 4.849346
v 7.014473 7.110509 4.275600
v 5.963882 5.459416 5.112852
v 5.722635 8.982738 4.849346
v 5.919991 9.345396 3.869671
v 7.014473 7.110509 4.275600
v 3.391843 10.545726 5.108685
v 5.722635 8.982738 4.849346
v 4.345912 7.212931 6.069964
v 3.391843 10.545726 5.108685
v 3.880455 10.889226 4.297099
v 5.722635 8.982738 4.849346
v 3.880455 10.889226 4.297099
v 5.919991 9.345396 3.869671
v 5.722635 8.982738 4.849346
v 3.880455 10.889226 4.297099
v 4.098419 10.921709 3.502387
v 5.919991 9.345396 3.869671
v -1.129819 11.113491 3.405195
v -3.245969 2.975394 4.265170
v 1.272110 11.612507 3.233892
v -1.129819 11.113491 3.405195
v -3.271870 10.201888 3.893267
v -3.245969 2.975394 4.265170
v -0.922978 10.484706 4.992148
v 2.300726 9.562872 6.102154
v -0.264122 8.831838 6.335973
v -0.922978 10.484706 4.992148
v 1.538005 10.971437 4.802117
v 2.300726 9.562872 6.102154
v -1.129819 11.113491 3.405195
v 1.538005 10.971437 4.802117
v -0.922978 10.484706 4.992148
v -1.129819 11.113491 3.405195
v 1.272110 11.612507 3.233892
v 1.538005 10.971437 4.802117
v 4.098419 10.921709 3.502387
v 3.880455 10.889226 4.297099
v 1.272110 11.612507 3.233892
v 3.880455 10.889226 4.297099
v 1.538005 10.971437 4.802117
v 1.272110 11.612507 3.233892
v 3.880455 10.889226 4.297099
v 3.391843 10.545726 5.108685
v 1.538005 10.971437 4.802117
v 3.391843 10.545726 5.108685
v 2.300726 9.562872 6.102154
v 1.538005 10.971437 4.802117
v 3.391843 10.545726 5.108685
v 4.345912 7.212931 6.069964
v 2.300726 9.562872 6.102154
v 4.345912 7.212931 6.069964
v 0.880088 6.929584 6.704484
v 2.300726 9.562872 6.102154
v 4.345912 7.212931 6.069964
v 2.541990 4.786716 6.647402
v 0.880088 6.929584 6.704484
v 2.541990 4.786716 6.647402
v -0.562580 4.423818 6.758138
v 0.880088 6.929584 6.704484
v 2.541990 4.786716 6.647402
v 0.496489 2.159021 5.207488
v -0.562580 4.423818 6.758138
v -4.896849 1.888192 -2.635638
v -6.238624 2.170341 -3.466738
v -6.185585 1.936840 -2.706654
v -7.809069 4.236207 2.578452
v -7.185688 4.054657 4.114293
v -7.814823 3.265905 2.706654
v -5.273684 2.494923 -4.025359
v -6.238624 2.170341 -3.466738
v -4.896849 1.888192 -2.635638
v -5.273684 2.494923 -4.025359
v -7.414515 3.095691 -3.552249
v -6.238624 2.170341 -3.466738
v -6.962455 2.985206 2.132106
v -6.313506 2.455820 2.293056
v -6.962455 2.985206 2.132106
v -7.686304 2.167612 2.146639
v -7.520263 3.002048 1.861060
v -7.809069 4.236207 2.578452
v -7.814823 3.265905 2.706654
v -7.520263 3.002048 1.861060
v -7.524662 3.775631 0.782053
v -7.809069 4.236207 2.578452
v -6.325718 2.027588 1.861060
v -7.524662 3.775631 0.782053
v -7.520263 3.002048 1.861060
v -6.325718 2.027588 1.861060
v -5.346351 1.998655 0.848341
v -7.524662 3.775631 0.782053
v -6.238624 2.170341 3.466738
v -5.273684 2.494923 4.025359
v -4.896849 1.888192 2.635638
v -6.238624 2.170341 3.466738
v -7.414515 3.095691 3.552249
v -5.273684 2.494923 4.025359
v -6.185585 1.936840 2.706654
v -7.520263 3.002048 1.861060
v -7.814823 3.265905 2.706654
v 8.081001 8.389372 -0.665067
v 8.683090 7.588308 0.000000
v 7.651000 8.804122 0.000000
v -6.185585 1.936840 2.706654
v -6.325718 2.027588 1.861060
v -7.520263 3.002048 1.861060
v -7.809069 4.236207 -2.578452
v -7.524662 3.775631 -0.782053
v -7.520263 3.002048 -1.861060
v -7.524662 3.775631 -0.782053
v -6.325718 2.027588 -1.861060
v -7.520263 3.002048 -1.861060
v -7.524662 3.775631 -0.782053
v -5.346351 1.998655 -0.848341
v -6.325718 2.027588 -1.861060
v -7.185688 4.054657 -4.114293
v -7.414515 3.095691 -3.552249
v -5.273684 2.494923 -4.025359
v 2.952820 12.058521 -1.830869
v 4.267693 10.532002 -2.655025
v 3.810014 12.555040 -1.845186
v 2.952820 12.058521 -1.830869
v 3.810014 12.555040 -1.845186
v 3.077285 13.307662 0.000000
v 2.200805 12.698926 0.000000
v 2.952820 12.058521 -1.830869
v 3.077285 13.307662 0.000000
v 2.200805 12.698926 0.000000
v 3.077285 13.307662 0.000000
v 2.952820 12.058521 1.830869
v -7.185688 4.054657 -4.114293
v -7.814823 3.265905 -2.706654
v -7.414515 3.095691 -3.552249
v -7.814823 3.265905 -2.706654
v -6.238624 2.170341 -3.466738
v -7.414515 3.095691 -3.552249
v -7.814823 3.265905 -2.706654
v -6.185585 1.936840 -2.706654
v -6.238624 2.170341 -3.466738
v -7.809069 4.236207 -2.578452
v -7.814823 3.265905 -2.706654
v -7.185688 4.054657 -4.114293
v -7.809069 4.236207 -2.578452
v -7.520263 3.002048 -1.861060
v -7.814823 3.265905 -2.706654
v 5.521935 7.030883 -7.486891
v 4.671907 9.316836 -7.590638
v 4.671907 9.316836 -7.590638
v -7.520263 3.002048 -1.861060
v -6.185585 1.936840 -2.706654
v -7.814823 3.265905 -2.706654
v -7.520263 3.002048 -1.861060
v -6.325718 2.027588 -1.861060
v -6.185585 1.936840 -2.706654
v -6.325718 2.027588 -1.861060
v -4.896849 1.888192 -2.635638
v -6.185585 1.936840 -2.706654
v -6.325718 2.027588 -1.861060
v -5.346351 1.998655 -0.848341
v -4.896849 1.888192 -2.635638
v -5.273684 2.494923 4.025359
v -7.414515 3.095691 3.552249
v -7.185688 4.054657 4.114293
v -7.414515 3.095691 3.552249
v -7.814823 3.265905 2.706654
v -7.185688 4.054657 4.114293
v -7.414515 3.095691 3.552249
v -6.238624 2.170341 3.466738
v -7.814823 3.265905 2.706654
v -0.914638 11.849907 -7.352340
v -2.728687 12.492938 -6.717855
v 1.485098 9.787989 -3.917410
v -0.914638 11.849907 -7.352340
v 1.485098 9.787989 -3.917410
v 1.328253 9.852792 -7.564830
v -0.914638 11.849907 -7.352340
v 1.328253 9.852792 -7.564830
v 1.328253 9.852792 -7.564830
v 3.537899 7.341594 7.479801
v 5.521935 7.030883 7.486891
v 5.543154 6.432427 4.258975
v 3.537899 7.341594 7.479801
v 5.543154 6.432427 4.258975
v 3.649000 6.455912 3.939795
v 1.328253 9.852792 7.564830
v 3.537899 7.341594 7.479801
v 3.649000 6.455912 3.939795
v 1.328253 9.852792 7.564830
v 3.649000 6.455912 3.939795
v 1.485098 9.787989 3.917410
v -0.914638 11.849907 7.352340
v 1.328253 9.852792 7.564830
v 1.485098 9.787989 3.917410
v -0.914638 11.849907 7.352340
v 1.485098 9.787989 3.917410
v -2.728687 12.492938 6.717855
v -0.914638 11.849907 -7.352340
v -0.914638 11.849907 -7.352340
v 1.328253 9.852792 -7.564830
v 1.485098 9.787989 -3.917410
v 3.649000 6.455912 -3.939795
v 1.328253 9.852792 -7.564830
v 3.649000 6.455912 -3.939795
v 3.537899 7.341594 -7.479801
v 1.328253 9.852792 -7.564830
v 3.537899 7.341594 -7.479801
v 3.537899 7.341594 -7.479801
v -0.914638 11.849907 -7.352340
v -0.914638 11.849907 -7.352340
v 2.066861 10.799051 -7.561693
v 4.671907 9.316836 -7.590638
v 2.066861 10.799051 -7.561693
v 2.066861 10.799051 -7.561693
v 3.537899 7.341594 -7.479801
v 3.649000 6.455912 -3.939795
v 5.543154 6.432427 -4.258975
v 3.537899 7.341594 -7.479801
v 5.543154 6.432427 -4.258975
v 5.521935 7.030883 -7.486891
v 3.537899 7.341594 -7.479801
v 5.521935 7.030883 -7.486891
v -0.914638 11.849907 7.352340
v -2.686292 12.544908 6.717855
v 1.485098 9.787989 3.917410
v -0.914638 11.849907 7.352340
v 1.485098 9.787989 3.917410
v 2.066861 10.799051 7.561693
v 2.066861 10.799051 7.561693
v 1.485098 9.787989 3.917410
v 3.215141 9.500238 4.022603
v 2.066861 10.799051 7.561693
v 3.215141 9.500238 4.022603
v 4.671907 9.316836 7.590638
v 4.671907 9.316836 7.590638
v 3.215141 9.500238 4.022603
v 5.274617 8.296603 3.998810
v 4.671907 9.316836 7.590638
v 5.274617 8.296603 3.998810
v 5.521935 7.030883 7.486891
v 2.066861 10.799051 -7.561693
v -6.238624 2.170341 3.466738
v -6.185585 1.936840 2.706654
v -7.814823 3.265905 2.706654
v -6.238624 2.170341 3.466738
v -4.896849 1.888192 2.635638
v -6.185585 1.936840 2.706654
v -4.896849 1.888192 2.635638
v -6.325718 2.027588 1.861060
v -6.185585 1.936840 2.706654
v -4.896849 1.888192 2.635638
v -5.346351 1.998655 0.848341
v -6.325718 2.027588 1.861060
v -6.962455 2.985206 -2.132106
v -7.686304 2.167612 -2.146639
v -6.962455 2.985206 -2.132106
v -6.313506 2.455820 -2.293056
v 5.521935 7.030883 7.486891
v 3.537899 7.341594 7.479801
v 3.537899 7.341594 7.479801
v -0.914638 11.849907 7.352340
v -0.914638 11.849907 7.352340
v 2.066861 10.799051 7.561693
v 2.066861 10.799051 7.561693
v 2.066861 10.799051 7.561693
v -0.914638 11.849907 7.352340
v -0.914638 11.849907 7.352340
v 1.328253 9.852792 7.564830
v -0.914638 11.849907 7.352340
v 1.328253 9.852792 7.564830
v 3.537899 7.341594 7.479801
v 1.328253 9.852792 7.564830
v 2.066861 10.799051 7.561693
v 4.671907 9.316836 7.590638
v 4.671907 9.316836 7.590638
v -6.501358 2.609062 -3.237245
v -7.806144 2.265373 -2.748992
v -6.501358 2.609062 -3.237245
v -7.102273 3.099263 -2.834864
v -7.806144 2.265373 -2.748992
v -7.102273 3.099263 -2.834864
v -7.686304 2.167612 -2.146639
v -7.806144 2.265373 -2.748992
v -7.102273 3.099263 -2.834864
v -6.962455 2.985206 -2.132106
v -7.686304 2.167612 -2.146639
v 2.271788 15.413345 4.147294
v 2.610845 14.337289 2.473256
v 1.899949 15.478548 3.083099
v 5.521935 7.030883 7.486891
v 4.671907 9.316836 7.590638
v 5.115664 9.180818 2.012937
v 6.159640 9.409287 2.228574
v 5.684157 8.393733 1.210535
v 5.115664 9.180818 2.012937
v 4.267693 10.532002 2.655025
v 6.159640 9.409287 2.228574
v -7.182743 4.791142 0.000000
v -4.755142 2.262996 -0.538562
v -7.281857 4.324187 -0.538562
v -4.235513 2.386914 0.000000
v -2.325731 1.636150 -2.291860
v -0.524531 0.685772 -1.855762
v -1.818160 2.353194 -3.404826
v -2.325731 1.636150 -2.291860
v -2.436168 1.244300 0.000000
v -0.524531 0.685772 -1.855762
v -4.235513 2.386914 0.000000
v -4.235513 2.386914 0.000000
v -3.607735 2.041626 2.687563
v -2.436168 1.244300 0.000000
v -4.235513 2.386914 0.000000
v -4.755142 2.262996 0.538562
v -3.607735 2.041626 2.687563
v -7.182743 4.791142 0.000000
v -7.671825 5.306450 2.378298
v -7.281856 4.324185 0.538562
v -7.182743 4.791142 0.000000
v -9.416380 6.856493 0.000000
v -7.671825 5.306450 2.378298
v -6.313506 2.455820 2.293056
v -6.501358 2.609062 3.237245
v -6.313506 2.455820 2.293056
v -6.313506 2.455820 -2.293056
v -6.313506 2.455820 -2.293056
v -6.501358 2.609062 -3.237245
v 5.684157 8.393733 1.210535
v 6.159640 9.409287 2.228574
v 6.740738 8.461514 1.235884
v 4.685060 9.288338 -7.635091
v 1.337942 9.854273 -7.655770
v -0.687820 11.683272 -7.688458
v -0.941205 11.885238 -7.692183
v 3.550270 7.355628 -7.613270
v 1.396111 9.795077 -7.654741
v 1.995100 10.832689 -7.666496
v -1.425321 12.112096 -7.697142
v 2.069911 10.806155 -7.665845
v 1.337942 9.854273 -7.655770
v 2.156155 10.754503 -7.664809
v 4.675094 9.317773 -7.635529
v -0.941205 11.885238 -7.692183
v 3.550270 7.355628 -7.613270
v 4.685060 9.288338 -7.635091
v 5.525393 7.038709 -7.601298
v -1.416909 12.122694 -7.697253
v 5.525393 7.038709 -7.601298
v 3.621302 7.338238 -7.612758
v 2.156155 10.754503 -7.664809
v 2.069911 10.806155 -7.665845
v -0.941206 11.885238 -7.692183
v 4.675094 9.317773 -7.635529
v 1.995100 10.832689 -7.666496
v 1.396111 9.795077 -7.654741
v -0.687820 11.683271 -7.688458
v 3.621302 7.338238 -7.612758
v -0.941206 11.885238 -7.692183
v 3.612119 7.425792 8.280600
v 4.903073 8.815929 8.371955
v 4.063211 7.320452 8.317230
v 1.744138 9.499077 8.115871
v 5.550662 7.095883 8.437039
v 3.612119 7.425792 8.280600
v 2.083569 10.837961 8.132138
v 1.383608 9.861250 8.084381
v 4.903073 8.815929 8.371955
v 1.697948 10.971989 8.100474
v -0.532413 11.569099 7.918753
v -0.956081 11.905020 7.882462
v -0.956081 11.905020 7.882462
v -1.618356 12.211204 7.827475
v 4.726077 9.332750 8.353795
v 2.598307 10.533920 8.175402
v -1.607610 12.226264 7.828207
v 2.083569 10.837961 8.132138
v 1.744138 9.499077 8.115871
v 1.383608 9.861250 8.084381
v 4.063211 7.320452 8.317230
v 5.550662 7.095883 8.437039
v 2.598307 10.533920 8.175402
v 1.697948 10.971989 8.100474
v -0.956081 11.905020 7.882462
v -0.532413 11.569099 7.918753
v -0.956081 11.905020 7.882462
v 4.726077 9.332750 8.353795
v 4.733331 5.594010 -36.167503
v 7.346283 6.470447 -32.773380
v 3.947659 6.869326 -32.784100
v 4.733331 5.594010 -36.167503
v 6.224438 5.012118 -37.188969
v 7.346283 6.470447 -32.773380
v 0.594699 6.535084 -35.170963
v 3.691611 7.130654 -32.871342
v 0.038858 7.273688 -32.222599
v 0.594699 6.535084 -35.170963
v 1.877899 6.448076 -36.390995
v 3.691611 7.130654 -32.871342
v -3.453495 6.667351 -32.561451
v -0.222459 7.527955 -31.582588
v -3.383817 7.513890 -29.930719
v -3.453495 6.667351 -32.561451
v -2.517580 6.590383 -34.266308
v -0.222459 7.527955 -31.582588
v 5.527610 8.771354 -8.952883
v 5.527610 8.771354 -8.952883
v 3.693677 10.066832 -8.986394
v 6.107415 8.901016 -12.822180
v 5.527610 8.771354 -8.952883
v 3.693677 10.066832 -8.986394
v 6.107415 8.901016 -12.822180
v 3.693677 10.066832 -8.986394
v 3.955985 10.339945 -12.858256
v 4.352530 10.288430 -16.588774
v 6.107415 8.901016 -12.822180
v 3.955985 10.339945 -12.858256
v 4.352530 10.288430 -16.588774
v 3.955985 10.339945 -12.858256
v 0.808218 10.168608 -13.122521
v 1.062110 10.242586 -16.572880
v 4.352530 10.288430 -16.588774
v 0.808218 10.168608 -13.122521
v 1.062110 10.242586 -16.572880
v 0.808218 10.168608 -13.122521
v -2.750727 9.059413 -15.519181
v 0.811660 8.621826 -9.409783
v 0.811660 8.621826 -9.409783
v 3.838087 8.091536 -9.064769
v 4.179568 8.248369 -12.886430
v 0.811660 8.621826 -9.409783
v 3.838087 8.091536 -9.064769
v 4.179568 8.248369 -12.886430
v 3.838087 8.091536 -9.064769
v 5.527610 8.771354 -8.952883
v 6.107415 8.901016 -12.822180
v 4.179568 8.248369 -12.886430
v 5.527610 8.771354 -8.952883
v -3.100744 8.831484 -10.654652
v -4.310387 8.346299 -6.627742
v -3.100744 8.831484 -10.654652
v 0.811660 8.621826 -9.409783
v 1.148014 9.260946 -12.912697
v -3.100744 8.831484 -10.654652
v 0.811660 8.621826 -9.409783
v 1.148014 9.260946 -12.912697
v 0.811660 8.621826 -9.409783
v 4.179568 8.248369 -12.886430
v 4.616463 8.329533 -16.667639
v 1.148014 9.260946 -12.912697
v 4.179568 8.248369 -12.886430
v 4.616463 8.329533 -16.667639
v 4.179568 8.248369 -12.886430
v 6.673340 8.919733 -16.488394
v 3.838087 8.091536 -9.064769
v 3.838087 8.091536 -9.064769
v 5.527610 8.771354 -8.952883
v -4.307960 8.390484 -6.627742
v -6.368223 8.126581 -8.699052
v -4.877891 8.518822 -9.896186
v -4.307960 8.390484 -6.627742
v -4.877891 8.518822 -9.896186
v -3.100744 8.831484 -10.654652
v -4.307960 8.390484 -6.627742
v -3.100744 8.831484 -10.654652
v -3.100744 8.831484 -10.654652
v 3.693677 10.066832 -8.986394
v 3.693677 10.066832 -8.986394
v 0.505422 9.820095 -9.565035
v 3.955985 10.339945 -12.858256
v 3.693677 10.066832 -8.986394
v 0.505422 9.820095 -9.565035
v 3.955985 10.339945 -12.858256
v 0.505422 9.820095 -9.565035
v 0.808218 10.168608 -13.122521
v 1.148014 9.260946 -12.912697
v 4.616463 8.329533 -16.667639
v 1.449722 9.327209 -16.449589
v 1.148014 9.260946 -12.912697
v 1.449722 9.327209 -16.449589
v -2.751883 9.038395 -15.519181
v -3.100744 8.831484 -10.654652
v 1.148014 9.260946 -12.912697
v -2.751883 9.038395 -15.519181
v -3.100744 8.831484 -10.654652
v -2.751883 9.038395 -15.519181
v -4.996869 8.506800 -11.561666
v -4.946105 8.574688 -11.560380
v -6.815909 8.180164 -13.170465
v -5.132915 8.605349 -14.416557
v -4.946105 8.574688 -11.560380
v -5.132915 8.605349 -14.416557
v -2.750727 9.059413 -15.519181
v -3.100744 8.831484 -10.654652
v -4.946105 8.574688 -11.560380
v -2.750727 9.059413 -15.519181
v -3.100744 8.831484 -10.654652
v -2.750727 9.059413 -15.519181
v 0.808218 10.168608 -13.122521
v 5.527610 8.771354 -8.952883
v 0.505422 9.820095 -9.565035
v -3.100744 8.831484 -10.654652
v 0.505422 9.820095 -9.565035
v -3.100744 8.831484 -10.654652
v 0.808218 10.168608 -13.122521
v -4.928658 8.450934 -9.897475
v -6.418989 8.058689 -8.700340
v -4.310387 8.346299 -6.627742
v -4.928658 8.450934 -9.897475
v -4.310387 8.346299 -6.627742
v -3.100744 8.831484 -10.654652
v -4.996869 8.506800 -11.561666
v -2.751883 9.038395 -15.519181
v -5.183679 8.537460 -14.417841
v -4.996869 8.506800 -11.561666
v -5.183679 8.537460 -14.417841
v -6.866676 8.112284 -13.171754
v 6.107415 8.901016 -12.822180
v 4.352530 10.288430 -16.588774
v 6.673340 8.919733 -16.488394
v 6.107415 8.901016 -12.822180
v 6.673340 8.919733 -16.488394
v 4.179568 8.248369 -12.886430
v 4.616463 8.329533 -16.667639
v 6.673340 8.919733 -16.488394
v 7.104872 8.795535 -20.330202
v 4.616463 8.329533 -16.667639
v 7.104872 8.795535 -20.330202
v 4.633549 8.252157 -20.273109
v 1.449722 9.327209 -16.449589
v 4.616463 8.329533 -16.667639
v 4.633549 8.252157 -20.273109
v 1.449722 9.327209 -16.449589
v 4.633549 8.252157 -20.273109
v 1.654971 8.994158 -20.007355
v -2.674895 9.018387 -20.161196
v 1.449722 9.327209 -16.449589
v 1.654971 8.994158 -20.007355
v -2.674895 9.018387 -20.161196
v 1.654971 8.994158 -20.007355
v -2.441179 9.027493 -23.481247
v -5.256173 8.187179 -23.605778
v -2.674895 9.018387 -20.161196
v -2.441179 9.027493 -23.481247
v -5.256173 8.187179 -23.605778
v -2.441179 9.027493 -23.481247
v -3.926646 8.031479 -27.586086
v -6.503621 7.442553 -26.305918
v -5.256173 8.187179 -23.605778
v -3.926646 8.031479 -27.586086
v -6.503621 7.442553 -26.305918
v -3.926646 8.031479 -27.586086
v -6.185636 7.035524 -28.419708
v 1.062110 10.242586 -16.572880
v -2.750727 9.059413 -15.519181
v -2.672992 9.053020 -20.161196
v 1.062110 10.242586 -16.572880
v -2.672992 9.053020 -20.161196
v 1.249354 9.888820 -20.389929
v 4.425420 9.710163 -20.483570
v 1.062110 10.242586 -16.572880
v 1.249354 9.888820 -20.389929
v 4.425420 9.710163 -20.483570
v 1.249354 9.888820 -20.389929
v 1.256019 9.298954 -23.979149
v 4.406286 9.123332 -24.139214
v 4.425420 9.710163 -20.483570
v 1.256019 9.298954 -23.979149
v 4.406286 9.123332 -24.139214
v 1.256019 9.298954 -23.979149
v 4.097212 8.171144 -28.175779
v 7.437838 7.447457 -28.319277
v 4.406286 9.123332 -24.139214
v 4.097212 8.171144 -28.175779
v 7.437838 7.447457 -28.319277
v 4.097212 8.171144 -28.175779
v 7.346283 6.470447 -32.773380
v -5.569835 8.331539 -20.367346
v -7.533015 7.778069 -19.918348
v -6.693975 8.168016 -18.230940
v -5.569835 8.331539 -20.367346
v -6.693975 8.168016 -18.230940
v -5.110486 8.579469 -16.798889
v -2.674895 9.018387 -20.161196
v -5.569835 8.331539 -20.367346
v -5.110486 8.579469 -16.798889
v -2.674895 9.018387 -20.161196
v -5.110486 8.579469 -16.798889
v -2.751883 9.038395 -15.519181
v 1.449722 9.327209 -16.449589
v -2.674895 9.018387 -20.161196
v -2.751883 9.038395 -15.519181
v 4.087575 8.057878 -28.159109
v 3.640697 7.062943 -32.868279
v 0.811954 8.401862 -27.731951
v 4.087575 8.057878 -28.159109
v 0.811954 8.401862 -27.731951
v 1.355772 8.721999 -23.549906
v 4.540075 8.044123 -23.892433
v 4.087575 8.057878 -28.159109
v 1.355772 8.721999 -23.549906
v 4.540075 8.044123 -23.892433
v 1.355772 8.721999 -23.549906
v 4.633549 8.252157 -20.273109
v 7.104872 8.795535 -20.330202
v 4.540075 8.044123 -23.892433
v 4.633549 8.252157 -20.273109
v 4.540075 8.044123 -23.892433
v 7.104872 8.795535 -20.330202
v 7.373040 8.357611 -24.155470
v 4.540075 8.044123 -23.892433
v 7.373040 8.357611 -24.155470
v 7.437838 7.447457 -28.319277
v 4.087575 8.057878 -28.159109
v 4.540075 8.044123 -23.892433
v 7.437838 7.447457 -28.319277
v 4.087575 8.057878 -28.159109
v 7.437838 7.447457 -28.319277
v 7.344900 6.431981 -32.774620
v 4.352530 10.288430 -16.588774
v 1.062110 10.242586 -16.572880
v 4.425420 9.710163 -20.483570
v 4.352530 10.288430 -16.588774
v 4.425420 9.710163 -20.483570
v 7.104872 8.795535 -20.330202
v 6.673340 8.919733 -16.488394
v 4.352530 10.288430 -16.588774
v 7.104872 8.795535 -20.330202
v -0.269157 7.460007 -31.565809
v -2.564280 6.522429 -34.249550
v -3.500200 6.599396 -32.544670
v -0.269157 7.460007 -31.565809
v -3.500200 6.599396 -32.544670
v -3.430518 7.445936 -29.913944
v -1.772622 8.837076 -25.867750
v -0.269157 7.460007 -31.565809
v -3.430518 7.445936 -29.913944
v 3.640697 7.062943 -32.868279
v 1.826984 6.380358 -36.387932
v 0.543784 6.467369 -35.167896
v 3.640697 7.062943 -32.868279
v 0.543784 6.467369 -35.167896
v -0.012058 7.205973 -32.219547
v 0.811954 8.401862 -27.731951
v 3.640697 7.062943 -32.868279
v -0.012058 7.205973 -32.219547
v 7.344900 6.431981 -32.774620
v 6.221542 4.959333 -37.188965
v 4.728980 5.514812 -36.167503
v 7.344900 6.431981 -32.774620
v 4.728980 5.514812 -36.167503
v 3.943104 6.786398 -32.784100
v 4.087575 8.057878 -28.159109
v 7.344900 6.431981 -32.774620
v 3.943104 6.786398 -32.784100
v 0.811954 8.401862 -27.731951
v 0.038858 7.273688 -32.222599
v 3.691611 7.130654 -32.871342
v 0.811954 8.401862 -27.731951
v 3.691611 7.130654 -32.871342
v 4.097212 8.171144 -28.175779
v 1.256019 9.298954 -23.979149
v 0.811954 8.401862 -27.731951
v 4.097212 8.171144 -28.175779
v -1.772622 8.837076 -25.867750
v -3.383817 7.513890 -29.930719
v -0.222459 7.527955 -31.582588
v -1.772622 8.837076 -25.867750
v -0.222459 7.527955 -31.582588
v 0.811954 8.401862 -27.731951
v 1.256019 9.298954 -23.979149
v -1.772622 8.837076 -25.867750
v 0.811954 8.401862 -27.731951
v -2.418009 9.278862 -23.794506
v -2.672992 9.053020 -20.161196
v -5.218703 8.255636 -23.633858
v -2.418009 9.278862 -23.794506
v -5.218703 8.255636 -23.633858
v -3.889175 8.099939 -27.614164
v -1.772622 8.837076 -25.867750
v -2.418009 9.278862 -23.794506
v -3.889175 8.099939 -27.614164
v -6.643476 8.235949 -18.237099
v -7.529735 7.837791 -19.918348
v -5.567795 8.368687 -20.367346
v -6.643476 8.235949 -18.237099
v -5.567795 8.368687 -20.367346
v -5.059720 8.647357 -16.797600
v -5.059720 8.647357 -16.797600
v -5.567795 8.368687 -20.367346
v -2.672992 9.053020 -20.161196
v -5.059720 8.647357 -16.797600
v -2.672992 9.053020 -20.161196
v -2.750727 9.059413 -15.519181
v 7.104872 8.795535 -20.330202
v 4.425420 9.710163 -20.483570
v 4.406286 9.123332 -24.139214
v 7.104872 8.795535 -20.330202
v 4.406286 9.123332 -24.139214
v 7.373040 8.357611 -24.155470
v -6.481111 7.511831 -26.342653
v -6.163124 7.104807 -28.456446
v -3.889175 8.099939 -27.614164
v -6.481111 7.511831 -26.342653
v -3.889175 8.099939 -27.614164
v -5.218703 8.255636 -23.633858
v 1.654971 8.994158 -20.007355
v 4.633549 8.252157 -20.273109
v 1.355772 8.721999 -23.549906
v 1.654971 8.994158 -20.007355
v 1.355772 8.721999 -23.549906
v -2.441179 9.027493 -23.481247
v 0.811954 8.401862 -27.731951
v -0.269157 7.460007 -31.565809
v -1.772622 8.837076 -25.867750
v 0.811954 8.401862 -27.731951
v -1.772622 8.837076 -25.867750
v 1.355772 8.721999 -23.549906
v -2.441179 9.027493 -23.481247
v 1.355772 8.721999 -23.549906
v -1.772622 8.837076 -25.867750
v -2.441179 9.027493 -23.481247
v -1.772622 8.837076 -25.867750
v -3.926646 8.031479 -27.586086
v 1.249354 9.888820 -20.389929
v -2.672992 9.053020 -20.161196
v -2.418009 9.278862 -23.794506
v 1.249354 9.888820 -20.389929
v -2.418009 9.278862 -23.794506
v 1.256019 9.298954 -23.979149
v 3.947659 6.869326 -32.784100
v 7.346283 6.470447 -32.773380
v 4.097212 8.171144 -28.175779
v 7.437838 7.447457 -28.319277
v 7.373040 8.357611 -24.155470
v 4.406286 9.123332 -24.139214
v -2.418009 9.278862 -23.794506
v -1.772622 8.837076 -25.867750
v 1.256019 9.298954 -23.979149
v -4.345703 8.398984 -6.844190
v -4.522094 8.363056 -6.843025
v 0.549067 9.628372 -6.916226
v 4.196452 9.514242 -6.793899
v 0.604825 8.416795 -6.707665
v -1.373590 8.631034 -6.800043
v -2.626827 8.686638 -6.844874
v -4.349851 8.352978 -6.836446
v 3.598852 9.943550 -6.884090
v -2.626827 8.686638 -6.844874
v -4.247611 8.371477 -6.836724
v 3.804681 7.733715 -6.500754
v 1.460909 8.271091 -6.658638
v -0.310473 9.371140 -6.896512
v -4.521475 8.317507 -6.835225
v -4.243161 8.414156 -6.843891
v -4.345703 8.398984 -6.844190
v 0.549067 9.628372 -6.916226
v 0.604825 8.416795 -6.707665
v 1.703893 9.732134 -6.901395
v 3.598852 9.943550 -6.884090
v -0.310473 9.371140 -6.896512
v -4.349851 8.352978 -6.836446
v 1.460909 8.271091 -6.658638
v -2.626827 8.686638 -6.844874
v 3.804681 7.733715 -6.500754
v -4.247611 8.371477 -6.836726
v 4.196452 9.514242 -6.793899
v 5.564871 8.599283 -6.599006
v -1.373590 8.631034 -6.800043
v 4.257907 7.922729 -6.520268
v -2.626827 8.686638 -6.844874
v 5.564871 8.599283 -6.599006
v 4.257907 7.922729 -6.520268
v -4.243161 8.414156 -6.843891
v 1.703893 9.732134 -6.901395
v 3.786806 9.742855 -6.129502
v 0.554235 8.366648 -6.046761
v -1.997998 8.633667 -6.054342
v -2.528466 8.656576 -6.054162
v 3.798388 7.666302 -6.017683
v 0.854538 8.316893 -6.044881
v 0.276274 9.484621 -6.106237
v -3.349130 8.496584 -6.043358
v 0.562323 9.570135 -6.111606
v 0.554235 8.366648 -6.046761
v 0.952999 9.605825 -6.114570
v 3.565172 9.899761 -6.137363
v -2.528466 8.656576 -6.054162
v 3.798388 7.666302 -6.017683
v 3.786806 9.742855 -6.129502
v 5.573235 8.560656 -6.070585
v -3.349817 8.517570 -6.044487
v 5.573235 8.560656 -6.070585
v 3.998189 7.749143 -6.022677
v 0.952999 9.605825 -6.114570
v 0.562323 9.570135 -6.111606
v -2.528466 8.656576 -6.054162
v 3.565172 9.899761 -6.137363
v 0.276275 9.484621 -6.106237
v 0.854538 8.316893 -6.044881
v -1.997997 8.633667 -6.054342
v 3.998189 7.749143 -6.022677
v -2.528466 8.656576 -6.054162
v 4.728980 5.514805 35.763844
v 6.221543 4.959330 36.785309
v 7.344900 6.431981 32.370964
v 0.543784 6.467366 34.764244
v 3.640697 7.062943 32.464622
v -0.012058 7.205973 31.815893
v 0.543784 6.467366 34.764244
v 1.826983 6.380356 35.984276
v 3.640697 7.062943 32.464622
v -3.500201 6.599394 32.141014
v -0.269157 7.460007 31.162153
v -3.430518 7.445936 29.510288
v -3.500201 6.599394 32.141014
v -2.564281 6.522427 33.845890
v -0.269157 7.460007 31.162153
v 4.728980 5.514805 35.763844
v 7.344900 6.431981 32.370964
v 3.943104 6.786398 32.380444
v -6.693974 8.168015 17.827276
v -5.569835 8.331539 19.963690
v -5.110486 8.579469 16.395231
v -5.110486 8.579469 16.395231
v -5.569835 8.331539 19.963690
v -2.672992 9.053020 19.757540
v -5.110486 8.579469 16.395231
v -2.672992 9.053020 19.757540
v -2.750727 9.059413 15.115524
v -5.132915 8.605349 14.012900
v -6.815909 8.180168 12.766810
v -4.946106 8.574684 11.156721
v -5.132915 8.605349 14.012900
v -4.946106 8.574684 11.156721
v -2.750727 9.059413 15.115524
v 6.107415 8.901016 12.418522
v 5.527610 8.771354 8.549225
v 4.179568 8.248369 12.482773
v 6.107415 8.901016 12.418522
v 4.179568 8.248369 12.482773
v 6.673340 8.919733 16.084738
v -2.750727 9.059413 15.115524
v -4.946106 8.574684 11.156721
v -3.100744 8.831484 10.250994
v -2.750727 9.059413 15.115524
v -3.100744 8.831484 10.250994
v 0.808218 10.168608 12.718864
v 0.808218 10.168608 12.718864
v -3.100744 8.831484 10.250994
v 0.505422 9.820095 9.161377
v 0.808218 10.168608 12.718864
v 0.505422 9.820095 9.161377
v 3.955985 10.339945 12.454599
v -6.693974 8.168015 17.827276
v -7.533015 7.778069 19.514692
v -5.569835 8.331539 19.963690
v -4.877891 8.518822 9.492529
v -4.307960 8.390483 6.224084
v -3.100744 8.831484 10.250994
v -4.877891 8.518822 9.492529
v -6.368223 8.126581 8.295394
v -4.307960 8.390483 6.224084
v 3.547296 9.876520 5.337386
v 3.547296 9.876520 5.337386
v 3.547296 9.876520 5.337386
v 0.811954 8.401862 27.328295
v 4.097212 8.171144 27.772123
v 3.691611 7.130654 32.467686
v -3.889175 8.099939 27.210508
v -6.163124 7.104807 28.052790
v -6.481111 7.511831 25.938997
v -3.889175 8.099939 27.210508
v -6.481111 7.511831 25.938997
v -5.218703 8.255636 23.230202
v -2.418009 9.278866 23.390856
v -3.889175 8.099939 27.210508
v -5.218703 8.255636 23.230202
v -2.418009 9.278866 23.390856
v -5.218703 8.255636 23.230202
v -2.672992 9.053020 19.757540
v 1.249354 9.888820 19.986273
v -2.418009 9.278866 23.390856
v -2.672992 9.053020 19.757540
v 1.249354 9.888820 19.986273
v -2.672992 9.053020 19.757540
v 1.062110 10.242586 16.169222
v 4.425420 9.710161 20.079914
v 1.249354 9.888820 19.986273
v 1.062110 10.242586 16.169222
v 4.425420 9.710161 20.079914
v 1.062110 10.242586 16.169222
v 4.352530 10.288430 16.185116
v 7.104872 8.795535 19.926546
v 4.425420 9.710161 20.079914
v 4.352530 10.288430 16.185116
v 7.104872 8.795535 19.926546
v 4.352530 10.288430 16.185116
v 6.673340 8.919733 16.084738
v 5.527610 8.771354 8.549225
v 5.527610 8.771354 8.549225
v 3.838087 8.091536 8.661111
v 4.179568 8.248369 12.482773
v 5.527610 8.771354 8.549225
v 3.838087 8.091536 8.661111
v 4.179568 8.248369 12.482773
v 3.838087 8.091536 8.661111
v 0.811660 8.621826 9.006126
v 1.148014 9.260946 12.509040
v 4.179568 8.248369 12.482773
v 0.811660 8.621826 9.006126
v 1.148014 9.260946 12.509040
v 0.811660 8.621826 9.006126
v -3.100744 8.831484 10.250994
v -2.750727 9.059413 15.115524
v 1.148014 9.260946 12.509040
v -3.100744 8.831484 10.250994
v -2.750727 9.059413 15.115524
v -3.100744 8.831484 10.250994
v -4.996869 8.506800 11.158008
v -5.183679 8.537460 14.014183
v -2.750727 9.059413 15.115524
v -4.996869 8.506800 11.158008
v -5.183679 8.537460 14.014183
v -4.996869 8.506800 11.158008
v -6.866676 8.112284 12.768097
v -3.100744 8.831484 10.250994
v -4.307960 8.390483 6.224084
v -3.100744 8.831484 10.250994
v 0.505422 9.820095 9.161377
v -3.100744 8.831484 10.250994
v 0.505422 9.820095 9.161377
v 3.693677 10.066832 8.582737
v 3.955985 10.339945 12.454599
v 0.505422 9.820095 9.161377
v 3.693677 10.066832 8.582737
v 3.955985 10.339945 12.454599
v 3.693677 10.066832 8.582737
v 6.107415 8.901016 12.418522
v 4.352530 10.288430 16.185116
v 3.955985 10.339945 12.454599
v 6.107415 8.901016 12.418522
v 4.352530 10.288430 16.185116
v 6.107415 8.901016 12.418522
v 6.673340 8.919733 16.084738
v -5.567795 8.368687 19.963690
v -7.529735 7.837791 19.514692
v -6.643476 8.235949 17.833443
v -5.567795 8.368687 19.963690
v -6.643476 8.235949 17.833443
v -5.059720 8.647357 16.393944
v -2.672992 9.053020 19.757540
v -5.567795 8.368687 19.963690
v -5.059720 8.647357 16.393944
v -2.672992 9.053020 19.757540
v -5.059720 8.647357 16.393944
v -2.750727 9.059413 15.115524
v 1.062110 10.242586 16.169222
v -2.672992 9.053020 19.757540
v -2.750727 9.059413 15.115524
v 1.062110 10.242586 16.169222
v -2.750727 9.059413 15.115524
v 0.808218 10.168608 12.718864
v 4.352530 10.288430 16.185116
v 1.062110 10.242586 16.169222
v 0.808218 10.168608 12.718864
v 4.352530 10.288430 16.185116
v 0.808218 10.168608 12.718864
v 3.955985 10.339945 12.454599
v -1.772622 8.837076 25.464094
v -3.430518 7.445936 29.510288
v -0.269157 7.460007 31.162153
v -1.772622 8.837076 25.464094
v -0.269157 7.460007 31.162153
v 0.811954 8.401862 27.328295
v 1.355772 8.721999 23.146250
v -1.772622 8.837076 25.464094
v 0.811954 8.401862 27.328295
v 1.355772 8.721999 23.146250
v 0.811954 8.401862 27.328295
v 4.087574 8.057878 27.755459
v 4.540074 8.044119 23.488771
v 1.355772 8.721999 23.146250
v 4.087574 8.057878 27.755459
v 4.540074 8.044119 23.488771
v 4.087574 8.057878 27.755459
v 7.437838 7.447457 27.915621
v 7.373040 8.357611 23.751814
v 4.540074 8.044119 23.488771
v 7.437838 7.447457 27.915621
v 4.540074 8.044119 23.488771
v 7.373040 8.357611 23.751814
v 7.104872 8.795535 19.926546
v 4.540074 8.044119 23.488771
v 7.104872 8.795535 19.926546
v 4.633549 8.252157 19.869453
v 1.355772 8.721999 23.146250
v 4.540074 8.044119 23.488771
v 4.633549 8.252157 19.869453
v 1.355772 8.721999 23.146250
v 4.633549 8.252157 19.869453
v 1.654971 8.994158 19.603699
v -2.441179 9.027493 23.077591
v 1.355772 8.721999 23.146250
v 1.654971 8.994158 19.603699
v -2.441179 9.027493 23.077591
v 1.654971 8.994158 19.603699
v -2.672992 9.053020 19.757540
v -5.256173 8.187179 23.202122
v -2.441179 9.027493 23.077591
v -2.672992 9.053020 19.757540
v -4.310387 8.346299 6.224084
v -6.418989 8.058689 8.296683
v -4.928658 8.450934 9.493818
v -4.310387 8.346299 6.224084
v -4.928658 8.450934 9.493818
v -3.100744 8.831484 10.250994
v -4.310387 8.346299 6.224084
v -3.100744 8.831484 10.250994
v -3.100744 8.831484 10.250994
v 0.811660 8.621826 9.006126
v 0.811660 8.621826 9.006126
v 0.811660 8.621826 9.006126
v 3.838087 8.091536 8.661111
v 3.838087 8.091536 8.661111
v 0.811954 8.401862 27.328295
v -0.222459 7.527955 31.178932
v -1.772622 8.837076 25.464094
v 0.811954 8.401862 27.328295
v -1.772622 8.837076 25.464094
v 1.256019 9.298954 23.575493
v 4.097212 8.171144 27.772123
v 0.811954 8.401862 27.328295
v 1.256019 9.298954 23.575493
v 4.097212 8.171144 27.772123
v 1.256019 9.298954 23.575493
v 4.406286 9.123332 23.735558
v 7.437838 7.447457 27.915621
v 4.097212 8.171144 27.772123
v 4.406286 9.123332 23.735558
v 7.437838 7.447457 27.915621
v 4.406286 9.123332 23.735558
v 7.373040 8.357611 23.751814
v 1.256019 9.298954 23.575493
v -2.418009 9.278866 23.390856
v 1.249354 9.888820 19.986273
v 1.256019 9.298954 23.575493
v 1.249354 9.888820 19.986273
v 4.425420 9.710161 20.079914
v 4.406286 9.123332 23.735558
v 1.256019 9.298954 23.575493
v 4.425420 9.710161 20.079914
v 4.406286 9.123332 23.735558
v 4.425420 9.710161 20.079914
v 7.104872 8.795535 19.926546
v 7.373040 8.357611 23.751814
v 4.406286 9.123332 23.735558
v 7.104872 8.795535 19.926546
v 1.148014 9.260946 12.509040
v -2.750727 9.059413 15.115524
v 1.449722 9.327209 16.045931
v 1.148014 9.260946 12.509040
v 1.449722 9.327209 16.045931
v 4.616463 8.329533 16.263981
v 4.179568 8.248369 12.482773
v 1.148014 9.260946 12.509040
v 4.616463 8.329533 16.263981
v 4.179568 8.248369 12.482773
v 4.616463 8.329533 16.263981
v 6.673340 8.919733 16.084738
v -0.222459 7.527955 31.178932
v -2.517578 6.590376 33.862644
v -3.453494 6.667344 32.157795
v -0.222459 7.527955 31.178932
v -3.453494 6.667344 32.157795
v -3.383817 7.513890 29.527063
v -1.772622 8.837076 25.464094
v -0.222459 7.527955 31.178932
v -3.383817 7.513890 29.527063
v 3.691611 7.130654 32.467686
v 1.877899 6.448072 35.987335
v 0.594699 6.535079 34.767303
v 3.691611 7.130654 32.467686
v 0.594699 6.535079 34.767303
v 0.038858 7.273688 31.818943
v 0.811954 8.401862 27.328295
v 3.691611 7.130654 32.467686
v 0.038858 7.273688 31.818943
v 7.346283 6.470447 32.369724
v 6.224439 5.012112 36.785313
v 4.733332 5.594005 35.763844
v 7.346283 6.470447 32.369724
v 4.733332 5.594005 35.763844
v 3.947659 6.869326 32.380444
v 4.097212 8.171144 27.772123
v 7.346283 6.470447 32.369724
v 3.947659 6.869326 32.380444
v -2.441179 9.027493 23.077591
v -5.256173 8.187179 23.202122
v -3.926646 8.031479 27.182430
v -2.441179 9.027493 23.077591
v -3.926646 8.031479 27.182430
v -1.772622 8.837076 25.464094
v 1.355772 8.721999 23.146250
v -2.441179 9.027493 23.077591
v -1.772622 8.837076 25.464094
v 3.693677 10.066832 8.582737
v 3.547296 9.876520 5.337386
v 3.693677 10.066832 8.582737
v 3.547296 9.876520 5.337386
v 5.527610 8.771354 8.549225
v 6.107415 8.901016 12.418522
v 3.693677 10.066832 8.582737
v 5.527610 8.771354 8.549225
v 1.449722 9.327209 16.045931
v -2.750727 9.059413 15.115524
v -2.672992 9.053020 19.757540
v 1.449722 9.327209 16.045931
v -2.672992 9.053020 19.757540
v 1.654971 8.994158 19.603699
v 4.633549 8.252157 19.869453
v 1.449722 9.327209 16.045931
v 1.654971 8.994158 19.603699
v 4.616463 8.329533 16.263981
v 1.449722 9.327209 16.045931
v 4.633549 8.252157 19.869453
v 4.616463 8.329533 16.263981
v 4.633549 8.252157 19.869453
v 7.104872 8.795535 19.926546
v 6.673340 8.919733 16.084738
v 4.616463 8.329533 16.263981
v 7.104872 8.795535 19.926546
v 4.097212 8.171144 27.772123
v 7.437838 7.447457 27.915621
v 7.346283 6.470447 32.369724
v 3.640697 7.062943 32.464622
v 4.087574 8.057878 27.755459
v 0.811954 8.401862 27.328295
v 3.640697 7.062943 32.464622
v 0.811954 8.401862 27.328295
v -0.012058 7.205973 31.815893
v 7.344900 6.431981 32.370964
v 7.437838 7.447457 27.915621
v 4.087574 8.057878 27.755459
v 7.344900 6.431981 32.370964
v 4.087574 8.057878 27.755459
v 3.943104 6.786398 32.380444
v -6.503621 7.442553 25.902262
v -6.185636 7.035524 28.016052
v -3.926646 8.031479 27.182430
v -6.503621 7.442553 25.902262
v -3.926646 8.031479 27.182430
v -5.256173 8.187179 23.202122
v -1.772622 8.837076 25.464094
v -3.889175 8.099939 27.210508
v -2.418009 9.278866 23.390856
v -1.772622 8.837076 25.464094
v -2.418009 9.278866 23.390856
v 1.256019 9.298954 23.575493
v 5.527610 8.771354 8.549225
v 3.547296 9.876520 5.337386
v 5.487370 8.590448 5.238371
v 3.558752 9.871572 5.299560
v 3.793737 7.616506 5.257209
v 3.809230 7.622849 5.256994
v 0.553239 8.339651 5.336255
v 5.487370 8.590448 5.238371
v 5.580068 8.529114 5.235434
v 2.232648 9.728519 5.324610
v 3.793737 7.616506 5.257209
v 0.568124 9.544659 5.355980
v 0.530789 8.343405 5.336782
v 3.533838 9.869095 5.300034
v 0.533203 9.534313 5.356531
v -2.209332 8.634558 5.398297
v -2.497861 8.647223 5.404475
v -2.497861 8.647223 5.404475
v -2.975949 8.554928 5.412829
v 0.613445 9.548710 5.355111
v 3.558752 9.871572 5.299560
v 3.533838 9.869095 5.300034
v -2.975595 8.567207 5.413026
v 0.568124 9.544659 5.355980
v 0.553239 8.339651 5.336255
v 0.530789 8.343405 5.336782
v 2.232648 9.728519 5.324610
v 3.809230 7.622849 5.256994
v 5.580068 8.529114 5.235434
v 0.613445 9.548710 5.355110
v 0.533203 9.534313 5.356531
v -2.497861 8.647223 5.404475
v -2.209332 8.634558 5.398297
v -2.497861 8.647223 5.404475
v -7.872622 2.106850 2.774995
v -7.846501 2.095634 2.658233
v -7.734303 2.047456 2.157095
v -7.654577 2.011297 2.173254
v -7.734303 2.047456 2.157095
v -7.659593 2.036009 -2.169047
v -7.377158 1.908550 -2.234707
v -7.840589 2.120504 -2.671531
v -7.093232 1.756629 2.302261
v -7.726763 2.066332 -2.155452
v -7.317011 1.858146 2.251842
v -7.090817 1.779317 -2.299118
v -7.240863 1.819354 3.090960
v -7.027594 1.750772 -2.311305
v -7.224253 1.843902 -3.113129
v -7.245537 1.821373 3.109474
v -7.212918 1.838534 -3.066915
v -7.396213 1.921218 -3.017550
v -7.224253 1.843902 -3.113129
v -7.396213 1.921218 -3.017550
v -7.240863 1.819354 3.090960
v -7.044188 1.734388 2.311729
v -7.314917 1.852967 3.070810
v -7.872622 2.106850 2.774995
v -7.317011 1.858146 2.251842
v -7.654577 2.011297 2.173254
v -7.726763 2.066332 -2.155452
v -7.659593 2.036009 -2.169047
v -7.862518 2.130941 -2.771044
v -7.093232 1.756629 2.302261
v -7.245537 1.821373 3.109474
v -7.314917 1.852967 3.070810
v -7.044188 1.734388 2.311729
v -7.090817 1.779317 -2.299118
v -7.846501 2.095634 2.658233
v -7.862518 2.130941 -2.771044
v -7.840589 2.120504 -2.671531
v -7.377158 1.908550 -2.234707
v -7.027594 1.750772 -2.311305
v -7.212918 1.838534 -3.066915
vn 0.9924 0.0224 -0.1209
vn 0.2060 0.4577 0.8649
vn 0.1844 0.4864 0.8540
vn -0.1338 0.0945 -0.9865
vn 0.9721 0.1775 -0.1537
vn 0.1480 0.9603 -0.2365
vn 0.2134 0.3945 0.8938
vn -0.0702 -0.9707 0.2297
vn -0.0704 -0.9707 0.2296
vn 0.5426 -0.8306 0.1254
vn 0.3005 -0.7889 -0.5360
vn 0.3715 -0.3938 -0.8408
vn 0.2521 -0.1512 -0.9558
vn 0.6477 0.7228 -0.2410
vn 0.6568 0.7109 -0.2514
vn 0.5443 0.1470 0.8259
vn 0.6398 -0.7106 -0.2929
vn 0.6586 -0.7076 -0.2560
vn 0.1347 0.3971 0.9079
vn 0.2481 -0.8738 0.4182
vn -0.1195 0.1216 0.9854
vn 0.0243 -0.9757 0.2180
vn -0.8924 0.4511 0.0057
vn -0.8946 0.4469 -0.0081
vn -0.3549 -0.2393 0.9038
vn 0.1948 -0.9024 -0.3845
vn -0.1802 0.1737 -0.9682
vn -0.0556 0.1498 -0.9871
vn -0.4954 -0.6313 -0.5968
vn -0.3389 -0.6683 -0.6622
vn 0.5429 -0.8069 0.2328
vn 0.7360 -0.5758 0.3560
vn 0.2424 0.3857 0.8902
vn -0.3360 -0.3415 -0.8778
vn -0.2226 -0.3582 -0.9067
vn 0.7039 -0.7061 0.0776
vn 0.0359 0.1112 0.9932
vn -0.1802 0.1737 0.9682
vn -0.8946 0.4468 0.0081
vn -0.3549 -0.2393 -0.9038
vn 0.1948 -0.9024 0.3845
vn 0.6398 -0.7106 0.2929
vn -0.0556 0.1498 0.9871
vn -0.4954 -0.6313 0.5968
vn 0.2481 -0.8738 -0.4182
vn 0.1347 0.3971 -0.9079
vn 0.2424 0.3857 -0.8902
vn -0.3360 -0.3415 0.8778
vn 0.0243 -0.9757 -0.2180
vn -0.1195 0.1216 -0.9854
vn 0.0359 0.1112 -0.9932
vn 0.5426 -0.8306 -0.1254
vn 0.4601 -0.4946 -0.7373
vn 0.5838 0.0282 -0.8114
vn 0.6568 0.7109 0.2514
vn 0.6477 0.7228 0.2410
vn 0.2521 -0.1512 0.9558
vn 0.1844 0.4864 -0.8540
vn 0.9721 0.1775 0.1537
vn -0.0704 -0.9707 -0.2296
vn -0.0702 -0.9707 -0.2297
vn 0.1202 0.3366 -0.9339
vn 0.1768 0.4879 -0.8548
vn 0.1668 0.4879 -0.8568
vn 0.1618 0.2670 -0.9500
vn 0.9524 -0.2959 0.0739
vn 0.9598 -0.2687 0.0807
vn -0.0503 -0.1162 0.9919
vn -0.0383 -0.0604 0.9974
vn -0.1338 0.0945 0.9865
vn 0.2060 0.4577 -0.8649
vn -0.1689 0.1085 0.9796
vn -0.1039 0.1117 0.9883
vn 0.5443 0.1470 -0.8259
vn 0.5482 -0.8292 -0.1092
vn -0.0897 -0.1465 0.9851
vn -0.1157 -0.0941 0.9888
vn 0.1641 0.2623 -0.9509
vn 0.1695 0.2665 -0.9488
vn 0.3715 -0.3938 0.8408
vn 0.3005 -0.7889 0.5360
vn -0.9325 0.3602 -0.0274
vn -0.9335 0.3565 -0.0379
vn -0.8873 0.4611 -0.0089
vn -0.8886 0.4584 -0.0126
vn 0.9924 0.0224 0.1209
vn -0.9159 0.4011 -0.0162
vn 0.9392 -0.3319 0.0875
vn 0.9719 -0.2273 0.0620
vn -0.8873 0.4613 0.0036
vn -0.8910 0.4539 0.0038
vn -0.8699 0.4904 0.0529
vn -0.8754 0.4806 0.0517
vn -0.8816 0.4720 0.0034
vn -0.8859 0.4637 -0.0110
vn -0.8767 0.4798 -0.0355
vn -0.2226 -0.3582 0.9067
vn -0.3389 -0.6683 0.6622
vn -0.0796 0.2548 0.9637
vn -0.0185 0.1757 0.9843
vn 0.0081 0.1881 0.9821
vn 0.0081 0.1898 0.9818
vn -0.1214 -0.1414 0.9825
vn -0.0935 -0.1856 0.9782
vn -0.1059 -0.1992 0.9742
vn -0.1052 -0.2037 0.9734
vn -0.0098 -0.8200 0.5723
vn -0.2379 -0.5484 0.8017
vn -0.2664 -0.5768 0.7723
vn -0.2671 -0.5737 0.7743
vn 0.9180 -0.2734 -0.2872
vn 0.9389 -0.3198 -0.1272
vn 0.8839 -0.4120 -0.2213
vn 0.8936 -0.4117 -0.1790
vn -0.8985 0.4390 -0.0056
vn -0.8986 0.4387 -0.0054
vn -0.8645 0.5025 0.0123
vn 0.1970 0.5247 -0.8282
vn 0.2824 0.5118 -0.8114
vn 0.2981 0.5222 -0.7990
vn -0.1114 -0.2035 -0.9727
vn 0.8184 -0.5415 0.1923
vn 0.8352 -0.5067 0.2140
vn 0.8940 -0.4122 0.1758
vn 0.8359 -0.4227 0.3502
vn 0.1521 -0.2944 -0.9435
vn 0.8125 -0.5817 -0.0380
vn 0.8502 -0.5262 -0.0193
vn 0.8496 -0.5271 -0.0178
vn -0.8678 0.4961 -0.0276
vn -0.8924 0.4512 -0.0057
vn 0.7039 -0.7061 -0.0776
vn 0.7360 -0.5758 -0.3560
vn 0.5429 -0.8069 -0.2328
vn -0.1786 -0.2684 -0.9466
vn 0.6586 -0.7076 0.2560
vn -0.1103 -0.2296 -0.9670
vn -0.2813 -0.3269 -0.9022
vn 0.8132 -0.5808 -0.0365
vn 0.0931 0.1876 -0.9778
vn 0.0909 0.2013 -0.9753
vn 0.1604 0.2827 -0.9457
vn -0.7911 0.6032 -0.1019
vn -0.8502 0.5182 0.0931
vn -0.6850 0.7237 0.0838
vn -0.8647 0.5021 0.0112
vn 0.3083 0.4393 -0.8438
vn 0.1062 0.2791 -0.9544
vn -0.0098 -0.8200 -0.5723
vn -0.2379 -0.5484 -0.8017
vn 0.9180 -0.2734 0.2872
vn 0.9389 -0.3198 0.1272
vn 0.1970 0.5247 0.8282
vn 0.2824 0.5118 0.8114
vn -0.0796 0.2548 -0.9637
vn -0.0185 0.1757 -0.9843
vn 0.8940 -0.4122 -0.1758
vn 0.8352 -0.5067 -0.2140
vn 0.8184 -0.5415 -0.1923
vn -0.1214 -0.1414 -0.9825
vn -0.0935 -0.1856 -0.9782
vn 0.8502 -0.5262 0.0193
vn 0.8125 -0.5817 0.0380
vn 0.8132 -0.5808 0.0365
vn -0.2664 -0.5768 -0.7723
vn -0.2671 -0.5737 -0.7743
vn 0.8839 -0.4120 0.2213
vn 0.8936 -0.4117 0.1790
vn 0.3083 0.4393 0.8438
vn -0.1786 -0.2684 0.9466
vn -0.1114 -0.2035 0.9727
vn -0.1103 -0.2296 0.9670
vn -0.2813 -0.3269 0.9022
vn -0.8678 0.4961 0.0276
vn -0.8767 0.4798 0.0355
vn -0.8859 0.4637 0.0110
vn -0.8645 0.5025 -0.0123
vn -0.8647 0.5021 -0.0112
vn -0.8816 0.4720 -0.0034
vn 0.1521 -0.2944 0.9435
vn 0.8359 -0.4227 -0.3502
vn -0.8985 0.4390 0.0056
vn -0.8986 0.4387 0.0054
vn -0.8754 0.4806 -0.0517
vn -0.8699 0.4904 -0.0529
vn -0.1052 -0.2037 -0.9734
vn -0.1059 -0.1992 -0.9742
vn 0.8496 -0.5271 0.0178
vn 0.1062 0.2791 0.9544
vn 0.1604 0.2827 0.9457
vn 0.0909 0.2013 0.9753
vn -0.8910 0.4539 -0.0038
vn -0.8873 0.4613 -0.0036
vn 0.0081 0.1898 -0.9818
vn 0.0081 0.1881 -0.9821
vn -0.7911 0.6032 0.1019
vn -0.8502 0.5182 -0.0931
vn -0.6850 0.7237 -0.0838
vn 0.0931 0.1876 0.9778
vn 0.2981 0.5222 0.7990
vn 0.1768 0.4879 0.8548
vn 0.1668 0.4879 0.8568
vn 0.5838 0.0282 0.8114
vn 0.4601 -0.4946 0.7373
vn -0.9325 0.3602 0.0274
vn -0.9335 0.3565 0.0379
vn -0.8873 0.4611 0.0089
vn -0.8886 0.4584 0.0126
vn 0.1695 0.2665 0.9488
vn 0.9679 -0.2350 -0.0890
vn 0.9524 -0.2959 -0.0739
vn 0.9392 -0.3319 -0.0875
vn -0.1689 0.1085 -0.9796
vn -0.1039 0.1117 -0.9883
vn 0.1641 0.2623 0.9509
vn 0.1618 0.2670 0.9500
vn -0.1157 -0.0941 -0.9888
vn -0.0897 -0.1465 -0.9851
vn -0.0503 -0.1162 -0.9919
vn 0.9626 -0.2657 -0.0523
vn 0.5482 -0.8292 0.1092
vn -0.9159 0.4011 0.0162
vn -0.0383 -0.0604 -0.9974
vn -0.1206 -0.1500 -0.9813
vn -0.1170 -0.1793 0.9768
vn -0.5307 -0.8107 0.2475
vn -0.5307 -0.8107 -0.2475
vn -0.5307 -0.8106 -0.2475
vn 0.1479 0.9604 0.2363
vn -0.1086 -0.1614 0.9809
vn -0.0950 -0.1911 -0.9770
vn 0.2134 0.3945 -0.8938
vn -0.5307 -0.8107 -0.2474
vn 0.1411 0.4315 -0.8910
vn 0.1202 0.3366 0.9339
vn 0.1203 0.3366 0.9339
vn -0.1206 -0.1500 0.9813
vn -0.1170 -0.1793 -0.9768
vn 0.1480 0.9603 0.2365
vn -0.0950 -0.1911 0.9770
vn -0.1086 -0.1614 -0.9809
vn 0.1479 0.9604 -0.2363
vn 0.5481 -0.0084 0.8363
vn 0.7668 -0.1546 0.6230
vn 0.7649 -0.3248 0.5562
vn 0.5266 -0.6357 0.5645
vn 0.2639 -0.6834 0.6807
vn 0.1184 -0.5353 0.8363
vn 0.5481 -0.0084 -0.8363
vn 0.3199 -0.0854 -0.9436
vn 0.1479 -0.2962 -0.9436
vn 0.1479 -0.2962 0.9436
vn 0.3199 -0.0854 0.9436
vn 0.7668 -0.1546 -0.6230
vn 0.7649 -0.3248 -0.5562
vn 0.5266 -0.6357 -0.5645
vn 0.2639 -0.6834 -0.6807
vn 0.1184 -0.5353 -0.8363
vn 0.9900 0.1399 -0.0194
vn 0.9900 0.1399 0.0194
vn 0.9365 0.3456 -0.0590
vn 0.4968 0.8532 0.1590
vn 0.4898 0.8578 0.1559
vn 0.1741 0.9414 0.2890
vn 0.3357 0.8925 0.3012
vn 0.4254 0.8757 0.2285
vn -0.0777 -0.9190 -0.3865
vn -0.4446 0.7537 0.4840
vn -0.2031 0.3240 0.9240
vn 0.0350 -0.7800 0.6248
vn -0.0777 -0.9190 0.3865
vn 0.0350 -0.7800 -0.6248
vn 0.0291 -0.7144 -0.6991
vn 0.0101 -0.7103 -0.7038
vn -0.0794 -0.4680 -0.8801
vn 0.1952 -0.0818 0.9773
vn 0.6932 0.4866 -0.5317
vn -0.3639 0.7698 -0.5243
vn 0.3298 0.0022 -0.9441
vn 0.9091 0.1947 -0.3684
vn -0.7751 -0.5694 -0.2738
vn -0.0225 0.2501 0.9680
vn -0.1951 0.4764 0.8573
vn -0.7274 0.6396 -0.2485
vn -0.3954 0.2425 0.8859
vn -0.3932 0.2269 0.8910
vn -0.3116 -0.6883 0.6552
vn -0.1951 0.4764 -0.8573
vn 0.8358 -0.2087 0.5078
vn 0.9217 0.3793 0.0814
vn 0.3272 0.0174 -0.9448
vn 0.3272 0.0174 0.9448
vn 0.3034 -0.3851 -0.8716
vn 0.4862 -0.4833 -0.7280
vn -0.3113 -0.4266 0.8492
vn -0.5714 -0.5641 0.5961
vn -0.3823 -0.7250 0.5729
vn -0.6045 -0.7850 0.1354
vn -0.2605 -0.9401 0.2200
vn -0.1574 -0.6070 0.7790
vn 0.2049 -0.6937 -0.6905
vn 0.1486 -0.6704 -0.7270
vn 0.8960 -0.0433 -0.4419
vn 0.8960 -0.0433 0.4419
vn -0.1625 0.3348 -0.9282
vn 0.1600 -0.1033 -0.9817
vn 0.4792 -0.3451 0.8070
vn 0.4211 -0.4540 0.7852
vn 0.4597 -0.5807 -0.6718
vn 0.2504 -0.8330 -0.4934
vn 0.1600 -0.1033 0.9817
vn -0.2858 0.8776 0.3850
vn -0.3320 0.7970 0.5045
vn -0.2955 0.8101 0.5063
vn -0.3556 0.5376 0.7646
vn -0.0875 0.5990 0.7960
vn -0.1610 0.5615 0.8116
vn -0.1025 0.0114 -0.9947
vn 0.0203 0.1854 -0.9824
vn -0.0180 0.2432 -0.9698
vn -0.0860 0.1384 -0.9866
vn -0.1304 0.2393 -0.9621
vn -0.1625 0.3348 0.9282
vn 0.6145 0.7233 0.3149
vn -0.2160 0.5626 0.7980
vn -0.0746 0.1462 0.9864
vn -0.0976 0.0774 0.9922
vn 0.6631 0.6805 0.3119
vn 0.3050 -0.5188 -0.7986
vn 0.5131 0.0070 0.8583
vn 0.2794 -0.0255 0.9598
vn 0.2647 -0.0018 0.9643
vn 0.2812 0.0039 0.9596
vn -0.3203 0.0659 -0.9450
vn -0.1597 -0.0513 -0.9858
vn 0.1729 -0.3586 -0.9173
vn 0.0775 0.3218 0.9436
vn 0.5449 -0.0094 0.8385
vn 0.5038 -0.0123 0.8637
vn 0.4965 0.0682 0.8653
vn 0.5081 0.0700 0.8584
vn -0.3269 -0.4145 0.8493
vn -0.2641 -0.3355 0.9043
vn 0.3827 0.1068 0.9177
vn 0.3833 0.1059 0.9175
vn 0.4421 -0.0592 0.8950
vn 0.5797 -0.0649 0.8122
vn 0.5815 -0.0233 0.8132
vn 0.7216 -0.0299 0.6917
vn -0.1968 0.5078 0.8387
vn 0.9804 -0.0992 -0.1702
vn 0.3313 -0.1884 -0.9245
vn 0.6625 0.7281 0.1762
vn 0.8534 0.4772 0.2097
vn 0.7816 -0.1575 0.6036
vn 0.7816 -0.1575 -0.6036
vn -0.9290 -0.3480 -0.1257
vn 0.9277 0.3525 0.1228
vn -0.6681 -0.6666 0.3305
vn -0.6754 -0.6543 0.3403
vn 0.6639 0.7214 -0.1970
vn -0.3554 0.4433 0.8229
vn -0.1976 0.0897 0.9762
vn -0.2932 -0.0428 0.9551
vn -0.3330 -0.4956 0.8022
vn -0.2940 -0.0276 -0.9554
vn -0.1109 0.0979 -0.9890
vn -0.1136 0.2129 -0.9704
vn -0.1948 -0.4167 0.8880
vn -0.0414 -0.2571 0.9655
vn 0.3714 0.0975 0.9233
vn -0.2451 0.0016 -0.9695
vn -0.1237 0.1080 -0.9864
vn -0.1317 0.1291 -0.9828
vn 0.0745 0.2729 0.9592
vn -0.3781 -0.0850 0.9218
vn 0.4389 0.2535 0.8620
vn 0.7613 0.5122 0.3976
vn -0.7267 -0.6032 0.3287
vn 0.1760 -0.7730 0.6095
vn -0.1940 -0.1712 0.9660
vn -0.2740 -0.2095 0.9387
vn 0.0157 -0.1791 0.9837
vn -0.2719 -0.2124 0.9386
vn -0.7222 -0.6292 0.2873
vn -0.1059 0.3831 -0.9176
vn -0.2391 -0.1631 0.9572
vn -0.3191 -0.1871 0.9291
vn 0.2903 -0.1348 0.9474
vn -0.3265 -0.1324 0.9359
vn 0.0886 0.1661 -0.9821
vn -0.1270 0.0641 -0.9898
vn -0.2817 0.0644 -0.9573
vn -0.3607 0.0853 -0.9288
vn -0.2786 -0.9046 0.3226
vn 0.0308 -0.9198 0.3912
vn 0.0957 0.1606 -0.9824
vn -0.0040 0.1379 -0.9904
vn -0.2948 0.3737 -0.8795
vn -0.2839 0.2885 -0.9144
vn -0.0735 0.2328 -0.9697
vn -0.2538 0.1790 -0.9505
vn -0.2472 0.2421 -0.9382
vn -0.2255 0.1380 -0.9644
vn -0.2268 0.5667 0.7921
vn -0.3365 0.5202 0.7849
vn -0.0729 0.3934 -0.9165
vn 0.4623 0.4563 0.7603
vn 0.8765 0.3020 -0.3748
vn 0.5919 0.3139 -0.7423
vn -0.1326 -0.2350 0.9629
vn -0.2629 -0.3438 0.9015
vn -0.2612 -0.2675 0.9275
vn -0.3090 -0.2745 0.9106
vn -0.2632 0.4284 0.8644
vn 0.3173 0.5529 0.7705
vn -0.0931 0.0800 0.9924
vn -0.2020 -0.5447 0.8140
vn -0.4428 0.1320 0.8869
vn -0.3596 0.2293 0.9045
vn 0.2233 0.5640 -0.7950
vn -0.2433 0.1692 -0.9551
vn 0.3148 0.0792 0.9459
vn -0.1330 0.9532 -0.2716
vn 0.2238 0.6237 0.7489
vn 0.1486 -0.6704 0.7270
vn 0.2049 -0.6937 0.6905
vn 0.4596 -0.5808 0.6719
vn 0.7593 0.6446 -0.0890
vn 0.1151 -0.2050 0.9720
vn -0.0710 -0.4421 0.8941
vn 0.6145 0.7233 -0.3149
vn 0.6631 0.6805 -0.3119
vn 0.8155 0.5718 0.0894
vn -0.4067 -0.7362 -0.5409
vn 0.0973 -0.1339 -0.9862
vn 0.0116 -0.1646 -0.9863
vn 0.2634 0.0405 -0.9638
vn 0.4497 -0.4350 -0.7801
vn 0.5117 -0.3718 -0.7745
vn -0.0225 0.2501 -0.9680
vn -0.4561 0.7521 0.4757
vn -0.0718 0.3506 0.9338
vn 0.9885 -0.0767 0.1307
vn -0.0738 0.3651 0.9281
vn 0.4881 0.0030 0.8728
vn 0.1821 -0.3140 0.9318
vn 0.1151 -0.0147 0.9932
vn 0.8186 -0.0673 0.5704
vn 0.2914 -0.3888 0.8740
vn 0.3527 -0.0952 0.9309
vn 0.3361 -0.1126 0.9351
vn 0.3212 0.2957 0.8997
vn 0.7956 -0.1092 0.5959
vn -0.1182 -0.4306 -0.8948
vn 0.1755 0.0593 0.9827
vn 0.2197 0.2124 0.9522
vn 0.2934 0.3108 0.9041
vn 0.3061 0.5551 0.7734
vn -0.0191 -0.4872 -0.8731
vn 0.9043 0.3191 -0.2835
vn 0.5661 0.4996 -0.6557
vn 0.7933 0.2111 -0.5711
vn 0.7515 0.2452 -0.6124
vn 0.9383 0.3213 -0.1280
vn 0.9971 0.0568 -0.0511
vn 0.9375 0.1607 -0.3085
vn 0.2663 -0.6822 -0.6809
vn 0.4839 -0.5919 -0.6446
vn 0.7120 -0.1475 -0.6865
vn 0.7071 -0.1525 -0.6905
vn -0.0744 0.8083 0.5841
vn -0.1726 0.7974 0.5783
vn -0.2329 0.9087 0.3464
vn -0.3440 0.9138 0.2159
vn -0.3340 0.9210 0.2005
vn -0.3340 0.9210 -0.2005
vn 0.0510 0.1753 -0.9832
vn -0.0403 0.0760 -0.9963
vn 0.0713 -0.0304 -0.9970
vn -0.0203 -0.1098 -0.9937
vn 0.0779 -0.1796 -0.9807
vn -0.1387 -0.5886 -0.7965
vn 0.9971 0.0569 0.0510
vn 0.9383 0.3214 0.1280
vn -0.2595 0.6664 -0.6990
vn 0.2197 0.2124 -0.9522
vn 0.2934 0.3108 -0.9041
vn 0.3212 0.2957 -0.8997
vn 0.7512 0.2455 0.6128
vn -0.7725 -0.4231 -0.4735
vn 0.1755 0.0593 -0.9827
vn 0.3529 -0.0953 -0.9308
vn 0.3361 -0.1129 -0.9350
vn -0.7725 -0.4231 0.4735
vn -0.7751 -0.5694 0.2738
vn -0.7649 -0.5684 0.3030
vn 0.1901 -0.1658 -0.9677
vn -0.6042 0.7130 0.3557
vn -0.6042 0.7130 -0.3557
vn -0.7321 0.6051 -0.3130
vn -0.4681 0.2530 -0.8467
vn 0.1904 0.1272 -0.9734
vn 0.7422 -0.5500 -0.3830
vn -0.3440 0.9138 -0.2159
vn -0.2329 0.9087 -0.3464
vn 0.3231 -0.8563 -0.4030
vn 0.0878 -0.1911 -0.9776
vn 0.2916 -0.3886 -0.8741
vn 0.6160 -0.6424 -0.4559
vn -0.3116 -0.6883 -0.6552
vn -0.3999 -0.6571 -0.6390
vn -0.3999 -0.6571 0.6390
vn -0.4067 -0.7362 0.5409
vn 0.8186 -0.0673 -0.5704
vn 0.4533 0.2693 -0.8497
vn -0.0906 -0.2089 -0.9737
vn -0.0664 -0.2368 -0.9693
vn -0.1375 -0.3218 -0.9368
vn 0.3061 0.5551 -0.7734
vn -0.0744 0.8083 -0.5841
vn 0.4543 0.1126 0.8837
vn -0.4681 0.2530 0.8467
vn -0.7321 0.6051 0.3130
vn -0.0200 -0.1094 0.9938
vn 0.0713 -0.0304 0.9970
vn -0.0403 0.0760 0.9963
vn 0.0510 0.1753 0.9832
vn 0.9955 -0.0147 -0.0940
vn 0.9113 -0.4025 -0.0873
vn 0.8964 -0.0443 0.4409
vn 0.8490 -0.5056 -0.1534
vn 0.8765 0.3020 0.3748
vn -0.8779 -0.3054 0.3689
vn -0.8390 -0.4272 0.3370
vn 0.4623 0.4563 -0.7603
vn 0.2238 0.6237 -0.7489
vn -0.0047 -0.1785 -0.9839
vn 0.1821 -0.3140 -0.9318
vn 0.1151 -0.0147 -0.9932
vn 0.7690 -0.5470 -0.3308
vn 0.9205 0.1276 -0.3694
vn 0.0878 -0.1911 0.9776
vn 0.0116 -0.1646 0.9863
vn 0.0973 -0.1339 0.9862
vn 0.1729 -0.3586 0.9173
vn 0.3044 -0.5180 0.7994
vn 0.5157 0.2001 -0.8331
vn 0.5132 0.2083 -0.8326
vn 0.5132 0.2083 0.8326
vn 0.3298 0.0022 0.9441
vn 0.5478 0.0633 0.8342
vn -0.1384 -0.3208 0.9370
vn 0.7933 0.2111 0.5711
vn 0.6932 0.4866 0.5317
vn 0.7138 0.5457 0.4389
vn 0.5309 0.7303 0.4298
vn 0.7138 0.5457 -0.4389
vn 0.5309 0.7303 -0.4298
vn 0.3233 -0.8562 0.4030
vn 0.7422 -0.5500 0.3830
vn 0.7690 -0.5470 0.3308
vn 0.9205 0.1276 0.3694
vn 0.7258 -0.1655 0.6677
vn 0.7083 -0.4647 0.5314
vn 0.0992 -0.6279 0.7720
vn -0.4267 -0.8878 0.1724
vn 0.1834 -0.7801 0.5981
vn 0.3034 -0.3851 0.8716
vn 0.4862 -0.4833 0.7280
vn 0.4497 -0.4350 0.7801
vn 0.5117 -0.3718 0.7745
vn -0.5389 0.6832 -0.4927
vn -0.5389 0.6832 0.4927
vn -0.3639 0.7698 0.5243
vn -0.1059 0.3831 0.9176
vn -0.0729 0.3934 0.9165
vn 0.2481 0.0315 0.9682
vn 0.2634 0.0405 0.9638
vn 0.2504 -0.8331 0.4932
vn 0.2456 -0.8534 0.4598
vn -0.2444 -0.7044 0.6664
vn -0.8423 0.0407 -0.5374
vn -0.8008 -0.0288 -0.5982
vn -0.0191 -0.4872 0.8731
vn -0.1182 -0.4306 0.8948
vn 0.3313 -0.1884 0.9245
vn 0.1911 -0.0866 0.9777
vn -0.7649 -0.5684 -0.3030
vn -0.7267 -0.6032 -0.3287
vn -0.7222 -0.6292 -0.2873
vn -0.6681 -0.6666 -0.3305
vn -0.6754 -0.6543 -0.3403
vn -0.9290 -0.3480 0.1257
vn 0.9277 0.3525 -0.1228
vn 0.9804 -0.0992 0.1702
vn 0.9091 0.1947 0.3684
vn 0.9043 0.3191 0.2835
vn 0.5661 0.4996 0.6557
vn 0.4740 0.6353 0.6097
vn 0.2090 0.1214 0.9703
vn 0.1904 0.1272 0.9734
vn 0.1901 -0.1658 0.9677
vn -0.1390 0.6093 0.7807
vn -0.6395 0.6637 0.3880
vn -0.8008 -0.0288 0.5982
vn -0.1700 0.9127 0.3715
vn -0.1375 -0.3218 0.9368
vn -0.0664 -0.2368 0.9693
vn 0.5113 0.2044 0.8347
vn 0.4978 0.1866 0.8470
vn -0.4183 -0.8938 0.1619
vn -0.4183 -0.8938 -0.1619
vn 0.5157 0.2001 0.8331
vn 0.6062 0.3457 0.7163
vn 0.6062 0.3457 -0.7163
vn 0.6736 0.2697 -0.6881
vn -0.0047 -0.1785 0.9839
vn -0.0906 -0.2089 0.9737
vn 0.4533 0.2693 0.8497
vn 0.4476 0.2669 0.8534
vn 0.3087 0.1423 0.9404
vn 0.6736 0.2697 0.6881
vn 0.8097 0.5662 0.1544
vn 0.8097 0.5662 -0.1544
vn 0.9217 0.3793 -0.0814
vn 0.2481 0.0315 -0.9682
vn 0.1911 -0.0866 -0.9777
vn 0.1952 -0.0818 -0.9773
vn 0.4792 -0.3451 -0.8070
vn -0.2474 -0.9530 -0.1749
vn -0.5360 -0.8441 -0.0168
vn 0.4211 -0.4540 -0.7852
vn -0.2444 -0.7044 -0.6664
vn 0.2456 -0.8534 -0.4598
vn 0.4740 0.6353 -0.6097
vn 0.2090 0.1214 -0.9703
vn 0.8534 0.4772 -0.2097
vn 0.6625 0.7281 -0.1762
vn 0.8964 -0.0443 -0.4409
vn -0.3823 -0.7250 -0.5729
vn -0.6045 -0.7850 -0.1354
vn -0.3330 -0.4956 -0.8022
vn -0.2020 -0.5447 -0.8140
vn -0.0931 0.0800 -0.9924
vn -0.0976 0.0774 -0.9922
vn 0.4543 0.1126 -0.8837
vn 0.4881 0.0030 -0.8728
vn -0.0738 0.3651 -0.9281
vn -0.0718 0.3506 -0.9338
vn -0.4561 0.7521 -0.4757
vn -0.4008 0.8520 -0.3367
vn -0.4008 0.8520 0.3367
vn -0.1330 0.9532 0.2716
vn 0.2233 0.5640 0.7950
vn 0.5919 0.3139 0.7423
vn -0.1384 -0.3208 -0.9370
vn 0.5478 0.0633 -0.8342
vn 0.5113 0.2044 -0.8347
vn 0.4978 0.1866 -0.8470
vn 0.1760 -0.7730 -0.6095
vn 0.0308 -0.9198 -0.3912
vn 0.4476 0.2669 -0.8534
vn 0.3087 0.1423 -0.9404
vn 0.7956 -0.1092 -0.5959
vn 0.8358 -0.2087 -0.5078
vn 0.7258 -0.1655 -0.6677
vn 0.7083 -0.4647 -0.5314
vn 0.0992 -0.6279 -0.7720
vn 0.1834 -0.7802 -0.5981
vn -0.9093 0.3426 -0.2363
vn 0.8015 -0.4606 0.3814
vn 0.3426 0.2492 -0.9058
vn 0.3426 0.2492 0.9058
vn -0.4313 0.6978 -0.5720
vn 0.8015 -0.4606 -0.3814
vn 0.1841 0.9818 0.0456
vn 0.6122 -0.4769 0.6307
vn 0.0813 -0.2152 -0.9732
vn -0.2932 -0.0428 -0.9551
vn -0.1976 0.0897 -0.9762
vn -0.3554 0.4433 -0.8229
vn -0.3365 0.5202 -0.7849
vn -0.3556 0.5376 -0.7646
vn -0.2955 0.8101 -0.5063
vn -0.3607 0.0853 0.9288
vn -0.3203 0.0659 0.9450
vn -0.1597 -0.0513 0.9858
vn -0.2012 -0.0511 0.9782
vn 0.0957 0.1605 0.9824
vn -0.0040 0.1379 0.9904
vn -0.0735 0.2328 0.9697
vn -0.2538 0.1790 0.9505
vn -0.2434 0.1692 0.9551
vn 0.5449 -0.0094 -0.8385
vn 0.5038 -0.0123 -0.8637
vn 0.0157 -0.1791 -0.9837
vn -0.2719 -0.2124 -0.9386
vn -0.3113 -0.4266 -0.8492
vn -0.5714 -0.5641 -0.5961
vn 0.0745 0.2729 -0.9592
vn -0.3781 -0.0851 -0.9218
vn 0.4389 0.2535 -0.8620
vn -0.4428 0.1320 -0.8869
vn -0.3596 0.2293 -0.9045
vn 0.3173 0.5529 -0.7705
vn 0.5131 0.0070 -0.8583
vn 0.2794 -0.0255 -0.9598
vn -0.2612 -0.2675 -0.9275
vn -0.3090 -0.2745 -0.9106
vn -0.3420 0.2900 0.8938
vn -0.3269 -0.4145 -0.8493
vn -0.2641 -0.3355 -0.9043
vn -0.1948 -0.4167 -0.8880
vn -0.0414 -0.2571 -0.9655
vn 0.4421 -0.0592 -0.8950
vn 0.5797 -0.0649 -0.8122
vn 0.2903 -0.1348 -0.9474
vn -0.3265 -0.1324 -0.9359
vn 0.0886 0.1661 0.9821
vn -0.1270 0.0641 0.9898
vn -0.2817 0.0644 0.9573
vn -0.1868 -0.2535 -0.9491
vn 0.4112 0.8051 0.4275
vn -0.8725 -0.0989 0.4785
vn -0.7234 0.5852 0.3663
vn -0.4592 -0.8789 0.1288
vn 0.0753 -0.5489 -0.8325
vn -0.1220 -0.9918 -0.0382
vn 0.8041 -0.1590 0.5728
vn 0.6507 0.4814 -0.5873
vn 0.0706 -0.0185 0.9973
vn 0.0579 -0.6575 0.7512
vn 0.7674 -0.5191 -0.3764
vn -0.1425 -0.2747 -0.9509
vn -0.4716 0.6221 -0.6250
vn -0.9198 -0.0965 0.3803
vn 0.3572 -0.9305 -0.0810
vn -0.9854 -0.0647 -0.1573
vn 0.0494 -0.9649 0.2578
vn 0.7204 0.3150 -0.6178
vn 0.0617 0.9686 -0.2409
vn -0.3967 -0.5076 -0.7648
vn 0.2479 -0.8145 -0.5245
vn 0.4382 -0.7879 -0.4327
vn 0.7665 0.5018 -0.4009
vn -0.3749 0.8359 -0.4009
vn 0.3858 0.8501 -0.3585
vn -0.5679 0.7712 0.2878
vn -0.6269 -0.6725 -0.3934
vn 0.5712 0.4411 -0.6922
vn -0.8646 0.4779 0.1552
vn -0.1872 -0.9756 -0.1150
vn -0.4520 -0.8618 -0.2303
vn 0.9346 -0.2036 0.2917
vn -0.1642 0.6616 -0.7317
vn -0.1280 -0.7319 -0.6692
vn 0.0084 -0.5959 -0.8030
vn 0.0084 -0.5959 0.8030
vn -0.2107 0.7688 0.6038
vn -0.4729 -0.4722 0.7439
vn -0.4729 -0.4722 -0.7439
vn 0.1674 -0.1324 -0.9770
vn 0.1355 -0.1395 -0.9809
vn -0.2268 0.5667 -0.7921
vn 0.0813 -0.2152 0.9732
vn 0.1841 0.9818 -0.0456
vn 0.6122 -0.4769 -0.6307
vn 0.5048 -0.1275 0.8538
vn -0.9658 0.2581 -0.0248
vn -0.6852 0.5330 -0.4964
vn -0.8970 0.1242 -0.4242
vn 0.1881 0.6426 -0.7428
vn 0.7163 0.4242 0.5541
vn 0.9058 0.1341 0.4019
vn -0.6991 -0.3017 0.6482
vn -0.1534 0.7652 -0.6252
vn -0.1868 -0.2535 0.9491
vn -0.8725 -0.0989 -0.4785
vn 0.4112 0.8050 -0.4275
vn 0.4586 0.6764 0.5764
vn -0.8625 0.0626 0.5022
vn -0.8625 0.0626 -0.5022
vn 0.3858 0.8501 0.3585
vn 0.0268 -0.5762 0.8169
vn -0.6269 -0.6725 0.3934
vn -0.7234 0.5852 -0.3663
vn -0.2524 0.8518 0.4591
vn 0.0753 -0.5489 0.8325
vn -0.5819 0.4896 0.6494
vn -0.1561 -0.7105 0.6862
vn -0.1561 -0.7105 -0.6862
vn -0.1220 -0.9918 0.0382
vn -0.2529 -0.2600 0.9319
vn 0.6507 0.4814 0.5873
vn 0.7674 -0.5191 0.3764
vn 0.0579 -0.6575 -0.7512
vn -0.7627 -0.4391 0.4749
vn -0.4716 0.6221 0.6250
vn 0.5628 -0.6807 0.4689
vn 0.3572 -0.9305 0.0810
vn -0.9854 -0.0647 0.1573
vn 0.7204 0.3150 0.6178
vn 0.0494 -0.9649 -0.2578
vn 0.0617 0.9686 0.2409
vn 0.9466 0.3179 -0.0542
vn 0.2479 -0.8145 0.5245
vn 0.4382 -0.7879 0.4327
vn -0.8211 -0.3241 0.4699
vn -0.3749 0.8359 0.4009
vn 0.5712 0.4411 0.6922
vn -0.1872 -0.9756 0.1150
vn -0.8646 0.4779 -0.1552
vn -0.4520 -0.8618 0.2303
vn -0.1642 0.6616 0.7317
vn 0.9346 -0.2036 -0.2917
vn -0.9658 0.2581 0.0248
vn 0.5048 -0.1275 -0.8538
vn 0.9459 0.3216 -0.0427
vn -0.8970 0.1242 0.4242
vn 0.1111 0.1031 -0.9884
vn 0.7163 0.4242 -0.5541
vn 0.9058 0.1341 -0.4019
vn -0.1534 0.7652 0.6252
vn -0.6991 -0.3017 -0.6482
vn -0.1025 0.0114 0.9947
vn 0.0203 0.1854 0.9824
vn -0.2451 0.0016 0.9695
vn -0.1237 0.1080 0.9864
vn -0.2940 -0.0276 0.9554
vn -0.1109 0.0979 0.9890
vn -0.2472 0.2421 0.9382
vn -0.2255 0.1380 0.9644
vn -0.0180 0.2432 0.9698
vn -0.0860 0.1384 0.9866
vn 0.3148 0.0792 -0.9459
vn 0.3827 0.1068 -0.9177
vn 0.3833 0.1059 -0.9175
vn 0.3714 0.0975 -0.9233
vn -0.2629 -0.3438 -0.9015
vn -0.1326 -0.2350 -0.9629
vn 0.2647 -0.0018 -0.9643
vn 0.2812 0.0039 -0.9596
vn -0.2948 0.3737 0.8794
vn -0.2839 0.2885 0.9144
vn -0.2740 -0.2095 -0.9387
vn -0.1940 -0.1712 -0.9660
vn 0.4965 0.0682 -0.8653
vn 0.5081 0.0700 -0.8584
vn 0.1696 -0.0572 -0.9839
vn 0.1189 0.5744 -0.8099
vn -0.2632 0.4284 -0.8644
vn -0.1610 0.5615 -0.8116
vn -0.1280 -0.7319 0.6692
vn 0.1696 -0.0572 0.9839
vn 0.1189 0.5744 0.8099
vn 0.2832 0.7600 0.5850
vn 0.5815 -0.0233 -0.8132
vn 0.7216 -0.0299 -0.6917
vn -0.3191 -0.1871 -0.9291
vn -0.2391 -0.1631 -0.9572
vn -0.2786 -0.9046 -0.3226
vn -0.2605 -0.9401 -0.2200
vn 0.6148 -0.0474 0.7873
vn 0.5830 -0.6408 0.4995
vn 0.7853 0.4445 0.4310
vn 0.6148 -0.0474 -0.7873
vn 0.5830 -0.6408 -0.4995
vn 0.7853 0.4445 -0.4310
vn -0.1136 0.2129 0.9704
vn -0.1317 0.1291 0.9828
vn -0.1304 0.2393 0.9621
vn -0.0875 0.5990 -0.7960
vn -0.4313 0.6978 0.5720
vn 0.9459 0.3216 0.0427
vn 0.1111 0.1031 0.9884
vn 0.4586 0.6764 -0.5764
vn -0.2107 0.7688 -0.6038
vn -0.4592 -0.8789 -0.1288
vn -0.5819 0.4896 -0.6494
vn 0.8041 -0.1590 -0.5728
vn -0.1425 -0.2747 0.9509
vn -0.9198 -0.0965 -0.3803
vn -0.3967 -0.5076 0.7648
vn 0.7665 0.5018 0.4009
vn -0.5679 0.7712 -0.2878
vn -0.6852 0.5330 0.4964
vn 0.1881 0.6426 0.7428
vn -0.2524 0.8518 -0.4591
vn -0.2529 -0.2600 -0.9319
vn -0.7627 -0.4391 -0.4749
vn 0.5628 -0.6807 -0.4689
vn 0.9466 0.3179 0.0542
vn -0.8211 -0.3241 -0.4699
vn 0.0268 -0.5762 -0.8169
vn 0.2832 0.7600 -0.5850
vn -0.1574 -0.6070 -0.7790
vn 0.1355 -0.1395 0.9809
vn 0.1674 -0.1324 0.9770
vn -0.3420 0.2900 -0.8938
vn -0.9093 0.3426 0.2363
vn -0.9615 -0.1877 0.2005
vn -0.7839 -0.2415 -0.5720
vn -0.9092 0.3426 0.2365
vn -0.9035 -0.3092 -0.2968
vn 0.5378 0.8394 -0.0783
vn -0.5768 -0.8168 -0.0113
vn -0.6171 -0.7862 0.0323
vn 0.5378 0.8394 0.0783
vn 0.5788 0.8153 0.0186
vn 0.6131 0.7883 -0.0524
vn 0.9103 0.4018 0.0998
vn 0.6131 0.7883 0.0524
vn 0.6156 0.7838 0.0816
vn 0.5321 0.8421 0.0878
vn -0.5060 -0.8624 0.0123
vn -0.5301 -0.8472 -0.0336
vn -0.4729 -0.8800 0.0451
vn -0.4778 -0.8781 0.0268
vn -0.9615 -0.1877 -0.2005
vn 0.5834 0.8056 0.1029
vn -0.7839 -0.2415 0.5720
vn -0.9600 -0.2757 -0.0495
vn -0.9035 -0.3092 0.2968
vn -0.4778 -0.8781 -0.0268
vn -0.4729 -0.8800 -0.0451
vn -0.9430 -0.3098 -0.1213
vn -0.5301 -0.8472 0.0336
vn -0.5060 -0.8624 -0.0123
vn -0.6596 -0.7499 0.0501
vn -0.6596 -0.7499 -0.0501
vn -0.5556 -0.8289 0.0648
vn -0.5455 -0.8357 0.0637
vn -0.5966 -0.8025 0.0016
vn -0.5622 -0.8249 -0.0591
vn -0.8764 -0.4155 -0.2437
vn -0.8495 -0.5268 0.0291
vn -0.8843 -0.1765 0.4323
vn -0.9062 -0.1102 0.4083
vn -0.8495 -0.5268 -0.0291
vn -0.8764 -0.4155 0.2437
vn -0.7657 -0.5222 0.3755
vn -0.8657 -0.4925 0.0896
vn -0.9068 -0.3975 0.1404
vn -0.5556 -0.8289 -0.0648
vn -0.5455 -0.8357 -0.0637
vn -0.6171 -0.7862 -0.0323
vn -0.5768 -0.8168 0.0113
vn -0.5204 -0.6908 0.5020
vn -0.6392 -0.5376 0.5499
vn -0.5431 -0.4583 0.7036
vn -0.5922 -0.3168 0.7409
vn -0.8873 -0.4345 -0.1545
vn -0.7991 -0.5983 0.0593
vn 0.9103 0.4018 -0.0998
vn 0.6722 0.7403 -0.0031
vn 0.6709 0.7413 0.0183
vn 0.6835 0.7294 0.0283
vn 0.5818 0.7988 -0.1530
vn 0.6578 0.7511 -0.0560
vn 0.6123 0.7649 -0.2000
vn 0.6702 0.7255 -0.1565
vn 0.5834 0.8056 -0.1029
vn 0.5514 0.8277 -0.1045
vn 0.6353 0.7664 0.0951
vn 0.6735 0.7361 0.0677
vn 0.5848 0.8089 -0.0612
vn 0.5788 0.8153 -0.0186
vn 0.6765 0.7364 0.0084
vn 0.6765 0.7364 -0.0084
vn -0.8689 -0.4774 0.1309
vn -0.5822 -0.8131 -0.0058
vn -0.5778 -0.8161 0.0120
vn -0.5966 -0.8025 -0.0016
vn -0.7917 -0.4672 0.3935
vn -0.6992 -0.5000 0.5110
vn -0.5622 -0.8249 0.0591
vn 0.5514 0.8277 0.1045
vn 0.6353 0.7664 -0.0951
vn 0.6735 0.7361 -0.0677
vn 0.7380 0.6672 -0.1012
vn 0.7163 0.6863 -0.1257
vn 0.8492 0.4725 -0.2358
vn 0.8910 0.4150 -0.1841
vn 0.5848 0.8089 0.0612
vn -0.7657 -0.5222 -0.3755
vn -0.7917 -0.4672 -0.3935
vn -0.6992 -0.5000 -0.5110
vn -0.9600 -0.2757 0.0495
vn -0.8729 -0.4655 0.1463
vn -0.7657 -0.6003 -0.2308
vn -0.9430 -0.3098 0.1213
vn -0.8873 -0.4345 0.1545
vn -0.7991 -0.5983 -0.0593
vn 0.9184 0.3721 -0.1341
vn 0.8189 0.5703 -0.0637
vn 0.9221 0.3189 0.2193
vn 0.8910 0.4150 0.1841
vn 0.6702 0.7255 0.1565
vn 0.6123 0.7649 0.2000
vn 0.6578 0.7511 0.0560
vn 0.5818 0.7988 0.1530
vn 0.9221 0.3189 -0.2193
vn 0.6722 0.7403 0.0031
vn 0.5321 0.8421 -0.0878
vn 0.6156 0.7838 -0.0816
vn 0.6709 0.7413 -0.0183
vn 0.6835 0.7294 -0.0283
vn -0.9062 -0.1102 -0.4083
vn -0.8843 -0.1765 -0.4323
vn -0.8759 -0.2872 0.3877
vn -0.8442 -0.3850 0.3729
vn -0.5922 -0.3168 -0.7409
vn -0.5431 -0.4583 -0.7036
vn -0.6392 -0.5376 -0.5499
vn -0.5204 -0.6908 -0.5020
vn 0.7163 0.6863 0.1257
vn 0.7380 0.6672 0.1012
vn -0.8759 -0.2872 -0.3877
vn -0.8442 -0.3850 -0.3729
vn 0.9278 0.3474 -0.1357
vn 0.9278 0.3474 0.1357
vn 0.7999 0.5212 -0.2975
vn 0.8492 0.4725 0.2358
vn 0.7999 0.5212 0.2975
vn -0.8729 -0.4655 -0.1463
vn -0.8757 -0.3811 -0.2965
vn 0.8189 0.5703 0.0637
vn 0.9184 0.3721 0.1341
vn -0.8757 -0.3811 0.2965
vn -0.9068 -0.3975 -0.1404
vn -0.8657 -0.4925 -0.0896
vn -0.8689 -0.4774 -0.1309
vn -0.5778 -0.8161 -0.0120
vn -0.5822 -0.8131 0.0058
vn -0.5668 -0.8230 0.0359
vn -0.5668 -0.8230 -0.0359
vn -0.5911 -0.8044 0.0604
vn 0.2731 -0.8528 0.4451
vn 0.2805 -0.9091 -0.3080
vn 0.2530 -0.9505 0.1807
vn 0.9739 0.0741 0.2145
vn -0.2483 -0.7573 0.6041
vn 0.2162 0.0934 0.9719
vn -0.7186 0.2717 -0.6401
vn -0.1623 -0.4707 0.8672
vn -0.1662 -0.4750 0.8642
vn 0.3015 -0.8618 0.4080
vn 0.1901 -0.9509 0.2444
vn 0.6354 -0.7438 0.2074
vn 0.7308 -0.6127 0.3009
vn 0.8428 0.4660 -0.2694
vn 0.7940 -0.4160 -0.4432
vn 0.3524 -0.8486 -0.3947
vn 0.1523 -0.8650 0.4781
vn 0.3308 -0.8288 0.4512
vn 0.9317 0.1990 0.3040
vn -0.3253 -0.8652 0.3816
vn -0.4257 -0.8582 0.2869
vn 0.2375 -0.9124 -0.3333
vn 0.2291 -0.9216 -0.3133
vn 0.2753 -0.9047 -0.3251
vn 0.1934 -0.8979 -0.3955
vn 0.2135 -0.9768 0.0183
vn -0.0002 -0.9497 0.3132
vn -0.6917 -0.6282 0.3564
vn -0.3889 -0.6811 0.6204
vn -0.3315 -0.4284 0.8405
vn 0.8281 -0.3833 -0.4091
vn -0.3867 -0.2189 -0.8958
vn -0.3858 -0.1829 -0.9043
vn -0.6663 -0.4879 -0.5639
vn -0.7204 -0.6072 0.3351
vn -0.7179 -0.4384 -0.5408
vn -0.7145 -0.1279 -0.6878
vn -0.2383 -0.3597 -0.9022
vn -0.4054 -0.5760 -0.7099
vn -0.1933 -0.6271 -0.7545
vn -0.2160 0.5626 -0.7980
vn 0.0923 -0.5328 -0.8412
vn 0.0355 0.0009 -0.9994
vn 0.1707 0.1063 -0.9796
vn 0.1680 0.1328 -0.9768
vn 0.4284 0.3615 -0.8281
vn 0.0385 0.6889 -0.7238
vn -0.3320 0.7970 -0.5045
vn -0.2858 0.8776 -0.3850
vn 0.1502 -0.0287 0.9882
vn 0.3597 0.0067 0.9331
vn -0.1045 -0.0638 0.9925
vn 0.0765 -0.0734 0.9944
vn -0.0496 -0.0281 0.9984
vn 0.1558 -0.0498 0.9865
vn -0.0519 -0.0916 0.9944
vn 0.2271 0.9685 -0.1019
vn 0.6177 0.7605 -0.2005
vn 0.6075 0.6972 -0.3805
vn 0.8201 0.4628 -0.3365
vn 0.5203 0.0991 -0.8482
vn 0.7354 -0.1307 -0.6649
vn 0.5779 -0.3257 -0.7483
vn 0.6228 -0.6033 -0.4982
vn 0.3724 -0.8069 -0.4586
vn 0.1207 -0.5476 -0.8280
vn 0.4354 -0.2279 -0.8709
vn 0.4235 -0.1006 -0.9003
vn 0.5848 0.1002 -0.8050
vn 0.3308 0.3477 -0.8773
vn 0.4989 0.6486 -0.5749
vn 0.1282 0.8832 -0.4510
vn 0.1101 0.9264 -0.3600
vn -0.1595 0.9040 -0.3966
vn -0.1510 0.9121 -0.3811
vn -0.0715 0.6553 -0.7520
vn -0.0999 0.6034 -0.7911
vn 0.0300 0.2075 -0.9778
vn -0.0746 0.1462 -0.9864
vn -0.4916 0.8607 0.1320
vn -0.4916 0.8607 -0.1320
vn -0.1700 0.9127 -0.3715
vn -0.1390 0.6093 -0.7807
vn 0.0517 0.7599 -0.6480
vn 0.4320 0.5294 -0.7301
vn -0.1140 -0.1953 -0.9741
vn 0.7628 0.5113 0.3958
vn 0.7057 0.5748 0.4143
vn -0.1216 -0.2336 -0.9647
vn -0.2984 -0.3658 0.8816
vn -0.2251 -0.3103 0.9236
vn -0.8390 -0.4272 -0.3370
vn -0.8779 -0.3054 -0.3689
vn -0.8677 0.3096 -0.3888
vn -0.8677 0.3101 -0.3885
vn -0.8805 0.0178 -0.4736
vn 0.3405 -0.9293 0.1431
vn 0.1232 -0.9783 0.1665
vn 0.0836 -0.9857 0.1462
vn -0.9565 0.2080 0.2048
vn -0.9207 0.2931 0.2578
vn -0.9830 -0.0856 0.1627
vn -0.9801 -0.0195 0.1973
vn -0.6788 -0.7341 -0.0195
vn 0.4148 -0.7873 -0.4562
vn 0.0668 -0.7741 -0.6296
vn -0.1043 -0.7905 -0.6036
vn -0.0844 -0.8197 -0.5666
vn -0.3286 0.9013 -0.2822
vn -0.8023 -0.3888 -0.4530
vn -0.3875 -0.0325 0.9213
vn -0.8355 0.0444 0.5477
vn 0.7057 0.5748 -0.4143
vn 0.7628 0.5113 -0.3958
vn 0.7613 0.5122 -0.3976
vn 0.6639 0.7214 0.1970
vn 0.3097 0.9312 0.1922
vn 0.1773 0.9327 0.3140
vn -0.8423 0.0407 0.5374
vn -0.4752 0.6687 -0.5719
vn -0.3861 0.4111 -0.8258
vn -0.2820 0.9236 -0.2597
vn -0.2820 0.9236 0.2597
vn 0.0098 -0.2600 0.9656
vn -0.0651 -0.4340 0.8986
vn 0.0576 -0.6125 0.7884
vn 0.0113 -0.6995 0.7145
vn -0.2041 -0.9627 0.1777
vn -0.0966 -0.9491 0.2998
vn 0.0098 -0.2600 -0.9656
vn -0.0651 -0.4340 -0.8986
vn 0.0576 -0.6125 -0.7884
vn 0.0113 -0.6995 -0.7145
vn -0.6395 0.6637 -0.3880
vn -0.2800 0.9035 -0.3246
vn -0.2800 0.9035 0.3246
vn -0.3286 0.9013 0.2822
vn -0.4752 0.6687 0.5719
vn -0.3861 0.4111 0.8258
vn -0.8355 0.0444 -0.5477
vn -0.7867 -0.0412 -0.6159
vn -0.5485 0.1575 -0.8212
vn 0.0054 -0.0808 -0.9967
vn -0.3730 0.4100 -0.8324
vn -0.3875 -0.0325 -0.9213
vn -0.5077 -0.3455 -0.7892
vn -0.1638 -0.5214 -0.8375
vn -0.1982 -0.8628 -0.4650
vn -0.2840 -0.7749 -0.5647
vn -0.2720 -0.7597 -0.5906
vn -0.0966 -0.9491 -0.2998
vn -0.2041 -0.9627 -0.1777
vn -0.2251 -0.3103 -0.9236
vn -0.9207 0.2931 -0.2578
vn -0.9565 0.2080 -0.2048
vn -0.8023 -0.3888 0.4530
vn -0.7867 -0.0412 0.6159
vn -0.5077 -0.3455 0.7892
vn -0.1638 -0.5214 0.8375
vn -0.9830 -0.0856 -0.1627
vn -0.8805 0.0178 0.4736
vn -0.8677 0.3101 0.3885
vn 0.8155 0.5718 -0.0894
vn 0.8807 0.4727 -0.0296
vn 0.8230 0.5136 0.2426
vn 0.9375 0.1608 0.3085
vn 0.0517 0.7599 0.6480
vn 0.4320 0.5294 0.7301
vn -0.8677 0.3096 0.3888
vn -0.5485 0.1575 0.8212
vn 0.0054 -0.0808 0.9967
vn -0.1216 -0.2336 0.9647
vn -0.1140 -0.1953 0.9741
vn -0.2474 -0.9530 0.1749
vn -0.0844 -0.8197 0.5666
vn -0.2532 -0.7566 0.6029
vn -0.2720 -0.7597 0.5906
vn 0.1232 -0.9783 -0.1665
vn 0.3405 -0.9293 -0.1431
vn -0.2840 -0.7749 0.5647
vn -0.1982 -0.8628 0.4650
vn -0.1043 -0.7905 0.6036
vn 0.3161 -0.7067 0.6330
vn 0.0907 -0.9034 0.4190
vn -0.2984 -0.3658 -0.8816
vn -0.4964 -0.6086 -0.6190
vn 0.4806 -0.7239 -0.4949
vn 0.1893 -0.8903 -0.4142
vn -0.1726 0.7974 -0.5783
vn 0.6300 -0.6136 -0.4761
vn 0.4747 -0.7429 -0.4719
vn 0.2422 -0.4789 -0.8438
vn -0.3876 0.8846 0.2595
vn -0.1975 0.7089 0.6771
vn -0.2595 0.6664 0.6990
vn 0.5396 0.4567 -0.7073
vn -0.9812 0.1819 0.0647
vn -0.0569 -0.4700 -0.8808
vn 0.2700 -0.4093 -0.8715
vn 0.0427 -0.2265 -0.9731
vn -0.3254 0.9212 -0.2133
vn -0.3254 0.9212 0.2133
vn -0.1102 -0.5876 -0.8016
vn -0.0100 -0.3840 -0.9233
vn -0.2281 0.9736 -0.0110
vn -0.3661 -0.8610 -0.3532
vn 0.1710 0.0543 -0.9838
vn -0.3156 0.4774 -0.8200
vn -0.1975 0.7089 -0.6771
vn -0.3876 0.8846 -0.2595
vn 0.2942 -0.6498 -0.7009
vn 0.5129 -0.7079 -0.4856
vn 0.7171 -0.6804 0.1508
vn 0.7172 -0.6803 -0.1508
vn 0.5356 -0.7849 -0.3114
vn 0.2929 -0.7358 -0.6106
vn 0.3078 -0.7277 -0.6129
vn 0.4239 -0.8047 -0.4156
vn 0.1710 0.0543 0.9838
vn 0.0427 -0.2265 0.9731
vn 0.2700 -0.4093 0.8715
vn 0.2422 -0.4789 0.8438
vn -0.0966 0.9548 0.2813
vn -0.3430 0.4071 0.8465
vn -0.3574 0.5087 0.7832
vn 0.6986 -0.1813 0.6922
vn 0.7109 -0.1702 0.6823
vn -0.1968 0.5078 -0.8387
vn 0.0775 0.3218 -0.9436
vn 0.9098 -0.4026 0.1013
vn 0.8249 -0.5371 0.1761
vn 0.5154 -0.5605 0.6482
vn 0.4552 -0.5879 0.6687
vn 0.3055 -0.6324 0.7118
vn 0.4111 -0.6759 0.6118
vn 0.4161 -0.7962 0.4393
vn 0.8230 0.5136 -0.2426
vn 0.8807 0.4727 0.0296
vn 0.5679 -0.7814 0.2587
vn -0.1281 -0.3384 0.9322
vn -0.1907 -0.4367 0.8792
vn 0.4505 -0.7242 0.5222
vn 0.4521 -0.7203 0.5261
vn 0.5390 -0.6753 0.5034
vn 0.5826 -0.6200 0.5255
vn 0.0706 -0.0185 -0.9973
vn 0.0300 0.2075 0.9778
vn 0.1558 -0.0498 -0.9865
vn -0.0496 -0.0281 -0.9984
vn 0.0765 -0.0734 -0.9944
vn -0.1045 -0.0638 -0.9925
vn 0.1502 -0.0287 -0.9882
vn 0.3597 0.0067 -0.9331
vn 0.3724 -0.8069 0.4586
vn 0.6228 -0.6033 0.4982
vn 0.1207 -0.5476 0.8280
vn 0.3097 0.9312 -0.1922
vn 0.1773 0.9327 -0.3140
vn 0.4354 -0.2279 0.8709
vn 0.5779 -0.3257 0.7483
vn 0.7354 -0.1307 0.6649
vn 0.4235 -0.1006 0.9003
vn 0.5848 0.1002 0.8050
vn 0.5203 0.0991 0.8482
vn 0.8201 0.4628 0.3365
vn 0.3308 0.3477 0.8773
vn 0.4989 0.6486 0.5749
vn 0.6075 0.6972 0.3805
vn 0.6177 0.7605 0.2005
vn -0.0519 -0.0916 -0.9944
vn -0.2012 -0.0511 -0.9782
vn -0.0999 0.6034 0.7911
vn -0.0715 0.6553 0.7520
vn -0.1510 0.9121 0.3811
vn -0.1595 0.9040 0.3966
vn 0.2271 0.9685 0.1019
vn 0.1101 0.9264 0.3600
vn 0.1282 0.8832 0.4510
vn 0.0385 0.6889 0.7238
vn 0.4284 0.3615 0.8281
vn 0.1680 0.1328 0.9768
vn 0.1707 0.1063 0.9796
vn 0.0355 0.0009 0.9994
vn 0.0923 -0.5328 0.8412
vn -0.0200 -0.9561 -0.2923
vn -0.9228 0.0558 0.3812
vn 0.0656 -0.9078 -0.4141
vn -0.3151 -0.4762 -0.8209
vn 0.1514 -0.1514 -0.9768
vn -0.9472 -0.0365 -0.3186
vn -0.9800 -0.1635 -0.1132
vn -0.5532 -0.6781 -0.4839
vn -0.5379 -0.6781 -0.5008
vn 0.0656 -0.9078 0.4141
vn -0.3151 -0.4762 0.8209
vn -0.6320 -0.7747 0.0216
vn 0.7593 0.6446 0.0890
vn -0.9800 -0.1635 0.1132
vn -0.5532 -0.6781 0.4839
vn -0.5379 -0.6781 0.5008
vn -0.3075 -0.4255 -0.8511
vn -0.2031 0.3240 -0.9240
vn -0.4446 0.7537 -0.4840
vn -0.5058 0.7282 -0.4625
vn -0.5058 0.7282 0.4625
vn -0.9058 -0.0315 -0.4225
vn -0.6073 -0.7838 -0.1298
vn -0.6206 -0.7607 -0.1904
vn -0.9228 0.0558 -0.3812
vn -0.9472 -0.0365 0.3186
vn 0.9443 0.3208 0.0737
vn -0.6320 -0.7747 -0.0216
vn -0.0430 -0.9941 0.0996
vn -0.0739 -0.9963 0.0430
vn -0.3075 -0.4255 0.8511
vn -0.9058 -0.0315 0.4225
vn -0.6073 -0.7838 0.1297
vn -0.4000 -0.8818 -0.2499
vn -0.6641 -0.7475 0.0153
vn -0.7098 -0.6990 -0.0870
vn -0.1528 -0.9719 0.1792
vn -0.0526 -0.9691 0.2408
vn -0.7409 -0.6567 0.1410
vn -0.8383 -0.5446 -0.0264
vn -0.6641 -0.7475 -0.0153
vn -0.4000 -0.8818 0.2499
vn -0.6227 -0.7818 -0.0326
vn -0.8383 -0.5446 0.0264
vn -0.7409 -0.6567 -0.1410
vn -0.2352 -0.9641 -0.1232
vn 0.4454 0.8935 0.0581
vn 0.5118 0.8560 0.0734
vn -0.0526 -0.9691 -0.2408
vn -0.1528 -0.9719 -0.1792
vn 0.4254 0.8757 -0.2285
vn 0.3357 0.8925 -0.3012
vn 0.1741 0.9414 -0.2890
vn 0.4898 0.8578 -0.1559
vn 0.4968 0.8532 -0.1590
vn 0.9365 0.3456 0.0590
vn 0.3328 0.9401 0.0739
vn -0.6206 -0.7607 0.1904
vn -0.0200 -0.9561 0.2923
vn -0.0430 -0.9941 -0.0996
vn -0.0739 -0.9963 -0.0430
vn 0.1219 -0.1489 0.9813
vn -0.2351 -0.9641 0.1232
vn 0.5118 0.8560 -0.0734
vn -0.4230 -0.9041 0.0609
vn -0.6227 -0.7818 0.0326
vn -0.6671 -0.7403 0.0831
vn -0.7098 -0.6990 0.0870
vn -0.7413 -0.6569 0.1378
vn 0.9443 0.3208 -0.0737
vn -0.3932 0.2269 -0.8910
vn -0.3954 0.2425 -0.8859
vn -0.7274 0.6396 0.2485
vn -0.7657 -0.6003 0.2308
vn 0.0101 -0.7103 0.7038
vn -0.0794 -0.4680 0.8801
vn -0.4964 -0.6086 0.6190
vn -0.2532 -0.7566 -0.6029
vn -0.4267 -0.8878 -0.1724
vn -0.5360 -0.8441 0.0168
vn 0.0836 -0.9857 -0.1462
vn -0.9801 -0.0195 -0.1973
vn -0.6788 -0.7341 0.0195
vn 0.6839 -0.6863 0.2475
vn 0.6839 -0.6863 -0.2475
vn 0.0291 -0.7144 0.6991
vn -0.1546 -0.9853 -0.0721
vn 0.9352 0.3501 0.0522
vn 0.4943 0.8677 0.0532
vn 0.3360 0.9391 0.0714
vn -0.7413 -0.6569 -0.1378
vn -0.4230 -0.9041 -0.0609
vn -0.6671 -0.7403 -0.0831
vn 0.3360 0.9391 -0.0714
vn -0.1546 -0.9853 0.0721
vn 0.4943 0.8677 -0.0532
vn 0.4454 0.8935 -0.0581
vn 0.3328 0.9401 -0.0739
vn 0.9352 0.3501 -0.0522
vn 0.1111 0.9382 -0.3278
vn 0.1301 0.9312 -0.3406
vn -0.0054 0.9698 -0.2440
vn -0.0771 0.9855 -0.1514
vn -0.1602 0.9409 -0.2985
vn -0.2091 0.9650 -0.1583
vn 0.5499 0.8336 0.0522
vn 0.5719 0.8125 0.1129
vn 0.5523 0.8281 0.0958
vn 0.5548 0.8307 0.0475
vn -0.0527 0.9984 -0.0194
vn -0.0138 0.9997 0.0204
vn -0.2967 0.9550 -0.0014
vn -0.1034 -0.9912 -0.0831
vn -0.1662 -0.9845 -0.0553
vn 0.3736 -0.9276 -0.0047
vn 0.3201 -0.9472 0.0162
vn 0.1902 -0.9798 -0.0609
vn 0.0043 -0.9838 -0.1791
vn -0.3089 -0.9300 -0.1993
vn -0.3159 -0.9471 -0.0568
vn 0.2749 -0.9614 0.0111
vn -0.2125 -0.9674 -0.1378
vn -0.1986 0.9774 0.0730
vn -0.1462 0.9872 0.0643
vn -0.2812 0.9570 0.0714
vn -0.1112 0.9924 0.0532
vn -0.0886 0.9940 0.0641
vn -0.0618 0.9938 0.0921
vn -0.3029 -0.9520 -0.0437
vn 0.0657 -0.9978 -0.0131
vn 0.0813 -0.9960 -0.0365
vn 0.1821 -0.9829 -0.0287
vn -0.2272 0.9735 0.0253
vn -0.1773 0.9839 0.0222
vn -0.1546 0.9873 0.0351
vn -0.3110 0.9501 0.0221
vn 0.4551 -0.8875 -0.0721
vn -0.2833 0.9565 0.0696
vn 0.2014 -0.9770 -0.0694
vn 0.1775 -0.9820 -0.0650
vn 0.1917 -0.9812 -0.0231
vn 0.2272 -0.9735 -0.0253
vn 0.5036 0.8600 0.0821
vn 0.3190 -0.9467 0.0444
vn 0.2703 -0.9608 0.0614
vn 0.2152 -0.9763 0.0220
vn -0.2992 -0.9540 0.0191
vn -0.2345 -0.9690 0.0772
vn -0.0089 -0.9957 0.0927
vn -0.0055 -1.0000 -0.0031
vn 0.2853 -0.9583 0.0175
vn 0.2783 -0.9516 0.1302
vn 0.2825 -0.9502 0.1315
vn 0.3221 -0.9194 0.2255
vn -0.2980 0.9546 -0.0063
vn -0.2130 0.9719 -0.1005
vn 0.0533 0.9946 -0.0896
vn 0.0507 0.9855 -0.1619
vn 0.0469 0.9862 -0.1586
vn 0.0424 0.9717 -0.2325
vn 0.1957 0.9510 -0.2393
vn 0.1980 0.9566 -0.2139
vn 0.2870 -0.9548 0.0779
vn 0.2174 -0.9753 0.0398
vn 0.2281 -0.9729 0.0382
vn 0.1872 -0.9823 0.0073
vn 0.0698 -0.9975 0.0055
vn -0.0745 -0.9742 0.2129
vn -0.0927 -0.9918 0.0880
vn -0.2063 -0.9783 0.0187
vn -0.2015 -0.9776 0.0614
vn 0.2156 -0.9752 0.0505
vn 0.1203 -0.9853 0.1212
vn 0.1270 -0.9686 0.2137
vn -0.1785 -0.9838 0.0158
vn -0.1645 -0.9610 0.2225
vn -0.0145 0.9890 -0.1471
vn 0.3270 0.9357 -0.1328
vn 0.5068 0.8615 0.0291
vn 0.2091 -0.9650 0.1583
vn 0.1602 -0.9409 0.2985
vn 0.1444 -0.9525 0.2683
vn 0.0771 -0.9855 0.1514
vn 0.0054 -0.9698 0.2440
vn 0.0076 -0.9666 0.2562
vn -0.1143 -0.9333 0.3404
vn -0.0987 -0.9388 0.3299
vn -0.1006 -0.9585 0.2667
vn -0.0051 0.9701 -0.2428
vn 0.0388 0.9749 -0.2194
vn 0.0363 0.9710 -0.2364
vn -0.1384 0.9565 -0.2567
vn 0.0038 0.9750 -0.2223
vn -0.0036 0.9727 -0.2321
vn -0.3412 0.9394 0.0344
vn -0.3469 0.9255 -0.1521
vn -0.1318 0.9604 -0.2457
vn -0.2775 0.9574 -0.0805
vn -0.2117 0.9762 -0.0461
vn -0.2269 0.9729 -0.0437
vn -0.1734 0.9848 -0.0043
vn 0.3271 0.9328 -0.1514
vn 0.2484 0.9642 -0.0930
vn -0.3194 0.9205 -0.2253
vn -0.2799 0.9511 -0.1307
vn -0.2327 -0.9680 0.0940
vn -0.0784 -0.9935 0.0829
vn 0.0071 -0.9716 0.2367
vn -0.1025 -0.9907 0.0892
vn -0.0790 -0.9952 0.0573
vn 0.2433 -0.9591 0.1447
vn -0.2056 0.9775 0.0463
vn -0.0135 0.9867 -0.1622
vn 0.1130 0.9552 -0.2735
vn 0.2436 0.9483 -0.2035
vn -0.0161 0.9769 -0.2132
vn -0.1659 0.9844 0.0581
vn 0.3775 -0.9178 -0.1232
vn -0.0431 -0.9985 -0.0326
vn -0.1623 -0.9829 -0.0870
vn -0.2844 0.9559 0.0739
vn 0.5745 0.8152 0.0737
vn -0.0902 0.9932 0.0734
vn -0.1143 -0.9333 -0.3404
vn 0.0054 -0.9698 -0.2440
vn 0.0771 -0.9855 -0.1514
vn 0.1602 -0.9409 -0.2985
vn 0.2091 -0.9650 -0.1583
vn -0.0987 -0.9388 -0.3299
vn 0.2174 -0.9753 -0.0398
vn 0.2391 -0.9703 -0.0366
vn 0.1969 -0.9804 -0.0046
vn -0.2272 0.9735 -0.0253
vn -0.1773 0.9839 -0.0222
vn 0.3201 -0.9472 -0.0162
vn 0.3190 -0.9467 -0.0444
vn -0.1546 0.9873 -0.0351
vn -0.3110 0.9501 -0.0221
vn -0.2833 0.9565 -0.0696
vn -0.0618 0.9938 -0.0921
vn 0.2870 -0.9548 -0.0779
vn -0.1462 0.9872 -0.0643
vn -0.1986 0.9774 -0.0730
vn -0.1006 0.9821 -0.1590
vn 0.5537 0.8307 0.0590
vn 0.0388 0.9749 0.2194
vn -0.3194 0.9205 0.2253
vn -0.2799 0.9511 0.1307
vn -0.3469 0.9255 0.1521
vn -0.3412 0.9394 -0.0344
vn -0.2056 0.9775 -0.0463
vn -0.2130 0.9719 0.1005
vn 0.0533 0.9946 0.0896
vn -0.0145 0.9890 0.1471
vn 0.3270 0.9357 0.1328
vn 0.5068 0.8615 -0.0291
vn 0.4551 -0.8875 0.0721
vn 0.3736 -0.9276 0.0047
vn -0.1662 -0.9845 0.0553
vn -0.3089 -0.9300 0.1993
vn 0.0043 -0.9838 0.1791
vn 0.0789 -0.9960 0.0410
vn 0.1839 -0.9824 0.0328
vn 0.1995 -0.9796 0.0236
vn 0.2272 -0.9735 0.0253
vn -0.1659 0.9844 -0.0581
vn -0.2812 0.9570 -0.0714
vn -0.2844 0.9559 -0.0739
vn -0.0886 0.9940 -0.0641
vn 0.5523 0.8281 -0.0958
vn 0.5548 0.8307 -0.0475
vn 0.5036 0.8600 -0.0821
vn -0.2775 0.9574 0.0805
vn -0.2117 0.9762 0.0461
vn -0.2269 0.9729 0.0437
vn -0.1734 0.9848 0.0043
vn -0.2980 0.9546 0.0063
vn -0.2967 0.9550 0.0014
vn -0.0138 0.9997 -0.0204
vn -0.0527 0.9984 0.0194
vn 0.1444 -0.9525 -0.2683
vn 0.0071 -0.9716 -0.2367
vn -0.1025 -0.9907 -0.0892
vn -0.0927 -0.9918 -0.0880
vn -0.2063 -0.9783 -0.0187
vn -0.1785 -0.9838 -0.0158
vn 0.1270 -0.9686 -0.2137
vn 0.1203 -0.9853 -0.1212
vn 0.2156 -0.9752 -0.0505
vn -0.2015 -0.9776 -0.0614
vn -0.2327 -0.9680 -0.0940
vn -0.0784 -0.9935 -0.0829
vn -0.0138 -0.9999 -0.0067
vn 0.2848 -0.9582 -0.0273
vn 0.2014 -0.9770 0.0694
vn 0.1775 -0.9820 0.0650
vn 0.0038 0.9750 0.2223
vn -0.0036 0.9727 0.2321
vn 0.0363 0.9710 0.2364
vn 0.0424 0.9717 0.2325
vn 0.1957 0.9510 0.2393
vn 0.2436 0.9483 0.2035
vn -0.0135 0.9867 0.1622
vn 0.0507 0.9855 0.1619
vn 0.0469 0.9862 0.1586
vn 0.3271 0.9328 0.1514
vn 0.2484 0.9642 0.0930
vn 0.0606 -0.9981 0.0135
vn -0.3029 -0.9520 0.0437
vn -0.3159 -0.9471 0.0568
vn 0.2749 -0.9614 -0.0111
vn -0.2091 0.9650 0.1583
vn -0.1602 0.9409 0.2985
vn -0.1384 0.9565 0.2567
vn -0.0771 0.9855 0.1514
vn -0.0054 0.9698 0.2440
vn -0.0051 0.9701 0.2428
vn 0.1301 0.9312 0.3406
vn 0.1111 0.9382 0.3278
vn 0.1130 0.9552 0.2735
vn 0.2783 -0.9516 -0.1302
vn 0.2433 -0.9591 -0.1447
vn -0.0790 -0.9952 -0.0573
vn 0.5745 0.8152 -0.0737
vn 0.5719 0.8125 -0.1129
vn 0.0642 -0.9979 -0.0024
vn -0.0168 -0.9956 -0.0922
vn -0.2345 -0.9690 -0.0772
vn -0.2992 -0.9540 -0.0191
vn 0.2152 -0.9763 -0.0220
vn 0.2703 -0.9608 -0.0614
vn 0.1980 0.9566 0.2139
vn -0.0745 -0.9742 -0.2129
vn 0.0076 -0.9666 -0.2562
vn -0.1645 -0.9610 -0.2225
vn -0.1006 -0.9585 -0.2667
vn 0.3221 -0.9194 -0.2255
vn 0.2825 -0.9502 -0.1315
vn -0.1318 0.9604 0.2457
vn -0.0161 0.9769 0.2132
vn -0.0431 -0.9985 0.0326
vn -0.1623 -0.9829 0.0870
vn -0.0902 0.9932 -0.0734
vn -0.1112 0.9924 -0.0532
vn 0.1902 -0.9798 0.0609
vn -0.1034 -0.9912 0.0831
vn -0.1090 0.9817 -0.1559
vn 0.5499 0.8336 -0.0522
vn 0.3775 -0.9178 0.1232
vn -0.2125 -0.9674 0.1378
vn 0.1514 -0.1514 0.9768
vn 0.1219 -0.1489 -0.9813
vn -0.9092 0.3426 -0.2365
vn 0.1204 0.3366 0.9339
vt 0.002075 -0.179932
vt 0.026154 -0.202087
vt 0.026428 -0.187256
vt 0.002167 -0.152161
vt 0.051300 -0.194244
vt 0.001740 -0.233978
vt 0.090817 -0.087387
vt 0.092089 -0.101630
vt 0.062256 -0.103943
vt 0.097071 -0.048005
vt 0.090476 -0.082852
vt 0.062256 -0.080688
vt 0.062256 -0.048096
vt 0.097137 -0.047449
vt 0.097086 -0.047943
vt 0.062256 -0.027435
vt 0.097137 -0.028748
vt 0.028137 -0.041229
vt 0.025482 -0.029785
vt 0.062256 -0.011993
vt 0.025482 -0.003967
vt 0.038574 -0.111328
vt 0.035767 -0.097717
vt 0.028137 -0.063080
vt 0.001678 -0.208740
vt 0.210083 -0.027374
vt 0.213257 -0.030609
vt 0.205597 -0.030548
vt 0.208893 -0.033112
vt 0.028137 -0.051788
vt 0.097137 -0.047943
vt 0.009827 -0.062653
vt 0.008667 -0.097107
vt 0.026550 -0.107452
vt 0.028015 -0.122498
vt 0.017426 -0.133667
vt 0.020325 -0.149567
vt 0.008209 -0.003571
vt 0.008057 -0.030426
vt 0.038422 -0.134644
vt 0.007965 -0.117004
vt 0.017365 -0.117188
vt 0.225342 -0.022858
vt 0.248535 -0.019531
vt 0.247833 -0.014008
vt 0.224365 -0.014191
vt 0.223877 -0.023987
vt 0.222595 -0.013489
vt 0.044189 -0.163269
vt 0.059296 -0.176270
vt 0.053772 -0.157013
vt 0.209045 -0.009521
vt 0.206573 -0.013611
vt 0.209656 -0.015137
vt 0.212250 -0.010254
vt 0.215881 -0.017975
vt 0.216522 -0.021942
vt 0.183167 -0.027557
vt 0.182251 -0.010773
vt 0.147888 -0.012665
vt 0.144897 -0.025635
vt 0.135193 -0.013275
vt 0.134003 -0.026093
vt 0.183167 -0.025024
vt 0.183075 -0.049805
vt 0.145660 -0.053650
vt 0.134369 -0.053558
vt 0.205200 -0.019165
vt 0.205841 -0.024078
vt 0.209290 -0.023590
vt 0.208618 -0.018677
vt 0.158234 -0.065765
vt 0.146088 -0.064392
vt 0.135406 -0.062531
vt 0.135406 -0.070190
vt 0.182068 -0.067383
vt 0.183075 -0.056152
vt 0.147949 -0.069855
vt 0.098580 -0.028775
vt 0.098333 -0.027967
vt 0.097337 -0.023475
vt 0.098780 -0.027675
vt 0.097863 -0.047449
vt 0.099123 -0.028785
vt 0.091656 -0.086901
vt 0.091395 -0.082922
vt 0.093785 -0.015676
vt 0.092799 -0.013914
vt 0.097283 -0.024889
vt 0.097211 -0.052695
vt 0.097822 -0.047911
vt 0.092799 -0.101575
vt 0.093213 -0.015890
vt 0.250000 -0.003906
vt 0.417969 -0.039063
vt 0.250000 -0.125000
vt 0.070313 -0.046875
vt 0.007813 -0.125000
vt 0.078125 -0.210938
vt 0.250000 -0.246094
vt 0.417969 -0.210938
vt 0.488281 -0.125000
vt 0.510284 -0.484283
vt 0.544342 -0.478546
vt 0.547760 -0.493134
vt 0.510193 -0.506653
vt 0.548645 -0.518158
vt 0.511902 -0.537994
vt 0.550507 -0.534271
vt 0.515564 -0.569489
vt 0.523163 -0.588409
vt 0.848785 -0.664246
vt 0.754303 -0.674835
vt 0.845367 -0.628845
vt 0.564545 -0.549835
vt 0.599121 -0.602509
vt 0.602844 -0.554443
vt 0.643066 -0.623779
vt 0.785858 -0.634369
vt 0.708984 -0.606720
vt 0.683136 -0.657135
vt 0.647919 -0.566467
vt 0.702393 -0.571320
vt 0.164124 -0.674744
vt 0.195587 -0.672089
vt 0.191467 -0.621735
vt 0.606018 -0.517334
vt 0.565247 -0.518707
vt 0.967590 -0.569122
vt 0.946289 -0.542969
vt 0.975677 -0.535828
vt 0.759216 -0.569763
vt 0.792542 -0.578400
vt 0.745972 -0.584503
vt 0.083527 -0.746643
vt 0.072815 -0.762512
vt 0.083527 -0.813629
vt 0.357025 -0.010681
vt 0.610352 -0.008026
vt 0.363373 -0.057861
vt 0.802887 -0.110291
vt 0.810638 -0.007141
vt 0.124573 -0.081665
vt 0.124573 -0.101959
vt 0.097687 -0.101196
vt 0.097687 -0.083405
vt 0.124573 -0.046661
vt 0.097193 -0.051533
vt 0.097645 -0.047919
vt 0.979462 -0.573151
vt 0.912476 -0.609497
vt 0.920166 -0.635590
vt 0.862213 -0.524109
vt 0.862274 -0.488556
vt 0.843079 -0.476868
vt 0.861786 -0.478638
vt 0.993225 -0.568604
vt 0.789917 -0.474548
vt 0.757446 -0.509247
vt 0.731567 -0.483246
vt 0.745056 -0.537903
vt 0.130280 -0.966553
vt 0.129425 -0.977783
vt 0.175842 -0.982666
vt 0.178497 -0.972015
vt 0.255280 -0.992767
vt 0.251465 -0.977570
vt 0.320465 -0.947601
vt 0.283539 -0.915344
vt 0.788391 -0.618439
vt 0.496307 -0.965057
vt 0.465759 -0.975037
vt 0.496307 -0.994263
vt 0.739624 -0.600403
vt 0.835663 -0.597137
vt 0.839813 -0.556213
vt 0.221466 -0.811584
vt 0.203583 -0.792267
vt 0.169556 -0.857269
vt 0.181976 -0.871368
vt 0.157959 -0.894745
vt 0.176727 -0.917694
vt 0.157501 -0.905182
vt 0.152710 -0.915375
vt 0.365723 -0.668152
vt 0.365723 -0.653107
vt 0.308868 -0.645599
vt 0.308258 -0.675262
vt 0.248444 -0.645355
vt 0.247711 -0.675568
vt 0.223389 -0.661865
vt 0.050659 -0.737610
vt 0.008972 -0.798584
vt 0.043365 -0.797424
vt 0.244019 -0.827301
vt 0.205994 -0.891113
vt 0.274323 -0.841553
vt 0.008972 -0.962738
vt 0.864288 -0.568298
vt 0.358154 -0.706024
vt 0.358978 -0.711761
vt 0.300110 -0.725281
vt 0.301971 -0.707733
vt 0.249176 -0.726105
vt 0.226471 -0.707092
vt 0.415497 -0.952911
vt 0.374573 -0.965790
vt 0.371918 -0.974731
vt 0.420197 -0.965454
vt 0.876282 -0.573456
vt 0.610962 -0.061249
vt 0.302338 -0.689117
vt 0.358643 -0.690399
vt 0.358154 -0.698395
vt 0.358154 -0.714966
vt 0.358978 -0.721100
vt 0.699585 -0.529297
vt 0.143280 -0.558014
vt 0.151184 -0.628296
vt 0.133240 -0.629456
vt 0.119812 -0.674988
vt 0.031128 -0.961731
vt 0.083527 -0.977264
vt 0.083527 -0.992004
vt 0.047760 -0.933990
vt 0.041504 -0.949280
vt 0.053772 -0.884186
vt 0.083527 -0.891632
vt 0.101196 -0.563965
vt 0.184753 -0.941437
vt 0.241821 -0.945160
vt 0.365723 -0.666809
vt 0.365723 -0.653625
vt 0.247894 -0.691925
vt 0.131134 -0.955994
vt 0.136261 -0.943970
vt 0.144409 -0.933960
vt 0.100006 -0.682373
vt 0.064514 -0.813965
vt 0.392090 -0.917084
vt 0.382294 -0.877808
vt 0.358643 -0.701050
vt 0.358643 -0.705811
vt 0.406097 -0.935303
vt 0.396515 -0.940308
vt 0.389038 -0.950623
vt 0.382172 -0.958008
vt 0.330444 -0.966827
vt 0.365723 -0.665802
vt 0.365723 -0.653778
vt 0.655426 -0.506927
vt 0.447235 -0.927399
vt 0.428894 -0.927368
vt 0.468231 -0.951324
vt 0.470184 -0.929749
vt 0.147003 -0.922607
vt 0.466278 -0.911560
vt 0.358978 -0.707397
vt 0.466156 -0.886749
vt 0.835785 -0.597046
vt 0.008972 -0.700287
vt 0.038879 -0.242584
vt 0.121796 -0.123810
vt 0.115814 -0.232269
vt 0.024170 -0.348022
vt 0.908997 -0.573608
vt 0.759216 -0.562347
vt 0.496307 -0.870270
vt 0.496307 -0.900909
vt 0.162781 -0.709320
vt 0.158112 -0.740997
vt 0.101227 -0.746460
vt 0.496307 -0.931305
vt 0.879883 -0.568512
vt 0.880981 -0.539917
vt 0.879761 -0.521332
vt 0.905487 -0.774078
vt 0.960510 -0.775482
vt 0.963043 -0.737701
vt 0.904877 -0.730316
vt 0.936279 -0.703796
vt 0.894196 -0.690369
vt 0.813263 -0.768738
vt 0.819916 -0.734406
vt 0.825806 -0.682037
vt 0.793427 -0.594208
vt 0.817169 -0.566528
vt 0.198822 -0.707947
vt 0.112366 -0.701355
vt 0.100006 -0.696198
vt 0.147644 -0.772308
vt 0.181427 -0.784668
vt 0.193451 -0.753998
vt 0.769348 -0.728119
vt 0.763550 -0.763580
vt 0.741425 -0.722107
vt 0.701996 -0.736450
vt 0.713470 -0.716125
vt 0.208099 -0.065826
vt 0.211395 -0.108368
vt 0.046143 -0.231201
vt 0.027863 -0.311829
vt 0.083527 -0.703766
vt 0.820801 -0.512238
vt 0.846680 -0.526917
vt 0.829559 -0.537903
vt 0.992615 -0.100433
vt 0.897766 -0.105347
vt 0.990143 -0.007629
vt 0.980896 -0.769775
vt 0.908051 -0.544586
vt 0.905701 -0.568420
vt 0.942352 -0.555664
vt 0.941376 -0.568451
vt 0.102478 -0.773315
vt 0.727356 -0.903900
vt 0.696442 -0.901398
vt 0.710785 -0.919708
vt 0.749695 -0.920410
vt 0.910858 -0.525452
vt 0.954163 -0.515747
vt 0.177551 -0.559448
vt 0.784393 -0.503540
vt 0.906952 -0.897217
vt 0.876953 -0.911407
vt 0.893280 -0.938171
vt 0.691498 -0.871552
vt 0.680756 -0.877625
vt 0.150635 -0.523224
vt 0.152435 -0.470856
vt 0.657623 -0.854248
vt 0.104828 -0.498901
vt 0.935760 -0.912598
vt 0.910187 -0.495819
vt 0.848328 -0.921783
vt 0.859192 -0.955078
vt 0.091261 -0.082912
vt 0.091566 -0.086953
vt 0.961761 -0.958496
vt 0.986816 -0.990875
vt 0.986206 -0.925629
vt 0.921265 -0.958862
vt 0.372620 -0.980103
vt 0.365723 -0.654419
vt 0.365723 -0.666351
vt 0.358978 -0.713776
vt 0.358154 -0.705261
vt 0.358643 -0.699158
vt 0.358154 -0.698792
vt 0.358643 -0.690552
vt 0.358978 -0.724609
vt 0.358154 -0.713867
vt 0.924530 -0.662903
vt 0.957153 -0.630280
vt 0.957153 -0.662903
vt 0.957153 -0.695526
vt 0.989777 -0.662903
vt 0.412018 -0.986145
vt 0.382904 -0.991425
vt 0.419464 -0.978363
vt 0.624603 -0.977661
vt 0.692322 -0.970276
vt 0.692078 -0.961853
vt 0.624756 -0.961853
vt 0.097340 -0.023397
vt 0.093841 -0.015655
vt 0.097687 -0.014221
vt 0.092875 -0.013918
vt 0.365723 -0.653595
vt 0.365723 -0.667664
vt 0.365723 -0.653473
vt 0.365723 -0.667114
vt 0.365723 -0.656982
vt 0.365723 -0.667938
vt 0.692200 -0.985748
vt 0.624756 -0.993225
vt 0.692108 -0.993195
vt 0.668091 -0.904877
vt 0.682861 -0.919830
vt 0.652191 -0.880737
vt 0.093631 -0.013966
vt 0.094449 -0.015429
vt 0.097396 -0.021902
vt 0.092238 -0.082987
vt 0.097274 -0.056808
vt 0.092463 -0.086433
vt 0.421265 -0.668213
vt 0.429993 -0.667236
vt 0.419922 -0.636688
vt 0.417389 -0.673065
vt 0.093631 -0.101510
vt 0.441986 -0.689941
vt 0.455231 -0.677673
vt 0.449768 -0.643860
vt 0.547119 -0.789124
vt 0.505249 -0.740509
vt 0.505249 -0.766571
vt 0.476044 -0.788483
vt 0.432373 -0.811707
vt 0.471466 -0.780762
vt 0.408569 -0.758667
vt 0.555634 -0.750763
vt 0.535278 -0.989899
vt 0.505249 -0.898560
vt 0.505249 -0.991089
vt 0.505249 -0.707031
vt 0.553070 -0.717957
vt 0.531555 -0.648254
vt 0.604034 -0.763367
vt 0.629578 -0.793732
vt 0.560486 -0.831635
vt 0.456299 -0.839569
vt 0.487366 -0.795593
vt 0.496765 -0.797302
vt 0.477844 -0.854034
vt 0.496765 -0.856354
vt 0.645294 -0.838501
vt 0.541901 -0.878815
vt 0.466644 -0.682770
vt 0.496765 -0.675873
vt 0.480133 -0.677734
vt 0.480194 -0.638855
vt 0.413177 -0.726807
vt 0.465881 -0.755920
vt 0.473358 -0.734070
vt 0.434296 -0.712677
vt 0.421173 -0.699768
vt 0.399628 -0.679901
vt 0.410248 -0.677032
vt 0.397156 -0.649780
vt 0.428589 -0.686096
vt 0.404755 -0.721100
vt 0.396271 -0.682159
vt 0.496765 -0.698761
vt 0.464081 -0.702545
vt 0.592224 -0.729340
vt 0.569489 -0.966949
vt 0.606293 -0.921295
vt 0.651337 -0.778839
vt 0.625244 -0.744965
vt 0.631287 -0.706055
vt 0.611237 -0.696777
vt 0.642609 -0.712067
vt 0.663391 -0.672546
vt 0.657837 -0.717010
vt 0.627228 -0.655273
vt 0.579834 -0.656219
vt 0.496765 -0.718994
vt 0.027283 -0.400269
vt 0.022858 -0.380127
vt 0.085510 -0.412567
vt 0.157501 -0.825043
vt 0.169464 -0.804840
vt 0.174896 -0.821960
vt 0.131348 -0.806763
vt 0.103699 -0.808655
vt 0.101349 -0.835876
vt 0.100769 -0.852600
vt 0.154022 -0.849854
vt 0.136871 -0.882751
vt 0.136902 -0.900848
vt 0.036285 -0.437653
vt 0.035675 -0.460449
vt 0.085205 -0.466278
vt 0.025238 -0.538879
vt 0.098816 -0.893097
vt 0.933655 -0.859589
vt 0.992981 -0.831116
vt 0.951660 -0.819000
vt 0.989410 -0.796967
vt 0.100952 -0.947052
vt 0.991272 -0.815979
vt 0.972260 -0.876709
vt 0.988220 -0.802399
vt 0.992706 -0.848969
vt 0.008972 -0.611328
vt 0.083130 -0.571106
vt 0.017914 -0.666443
vt 0.084869 -0.658630
vt 0.032501 -0.570129
vt 0.084961 -0.493927
vt 0.034332 -0.485077
vt 0.085541 -0.448334
vt 0.039856 -0.445526
vt 0.333557 -0.862732
vt 0.324463 -0.807343
vt 0.275848 -0.796631
vt 0.293152 -0.770569
vt 0.256439 -0.777008
vt 0.399170 -0.991882
vt 0.389191 -0.993378
vt 0.421204 -0.971832
vt 0.374817 -0.984802
vt 0.377625 -0.988678
vt 0.301117 -0.740784
vt 0.299744 -0.749878
vt 0.254211 -0.750549
vt 0.339569 -0.747559
vt 0.333893 -0.761475
vt 0.379852 -0.777130
vt 0.377808 -0.814850
vt 0.408630 -0.823608
vt 0.409912 -0.866821
vt 0.104828 -0.443573
vt 0.818787 -0.922638
vt 0.781952 -0.926971
vt 0.826202 -0.901428
vt 0.775146 -0.903748
vt 0.751343 -0.993469
vt 0.754272 -0.953278
vt 0.764160 -0.993744
vt 0.766663 -0.958893
vt 0.750000 -0.920990
vt 0.771820 -0.943390
vt 0.762146 -0.934204
vt 0.830933 -0.938446
vt 0.848663 -0.958649
vt 0.833252 -0.963501
vt 0.740204 -0.947327
vt 0.871887 -0.890503
vt 0.746490 -0.814148
vt 0.668884 -0.818726
vt 0.761902 -0.870972
vt 0.815430 -0.860138
vt 0.808319 -0.816650
vt 0.727600 -0.875153
vt 0.682281 -0.784424
vt 0.901062 -0.816406
vt 0.890442 -0.859314
vt 0.761749 -0.933441
vt 0.771423 -0.942627
vt 0.774841 -0.903168
vt 0.825897 -0.900848
vt 0.781433 -0.926056
vt 0.818268 -0.921692
vt 0.848053 -0.921295
vt 0.830536 -0.937683
vt 0.988037 -0.785767
vt 0.035187 -0.404694
vt 0.084442 -0.383423
vt 0.028564 -0.368286
vt 0.094421 -0.329712
vt 0.030304 -0.347351
vt 0.187042 -0.800873
vt 0.089081 -0.358582
vt 0.815704 -0.953491
vt 0.811646 -0.945831
vt 0.788727 -0.954437
vt 0.795715 -0.946259
vt 0.124573 -0.010834
vt 0.098794 -0.027666
vt 0.791565 -0.964539
vt 0.783203 -0.994080
vt 0.811249 -0.945038
vt 0.795319 -0.945496
vt 0.815308 -0.952728
vt 0.812256 -0.963654
vt 0.564362 -0.594696
vt 0.789124 -0.955200
vt 0.509716 -0.506655
vt 0.509708 -0.506375
vt 0.991272 -0.314789
vt 0.926697 -0.188232
vt 0.909088 -0.232666
vt 0.900757 -0.307037
vt 0.898431 -0.309160
vt 0.898489 -0.307108
vt 0.976624 -0.465363
vt 0.896545 -0.457642
vt 0.899506 -0.389191
vt 0.986877 -0.408844
vt 0.900445 -0.239314
vt 0.900681 -0.231253
vt 0.896084 -0.391891
vt 0.896187 -0.389072
vt 0.511977 -0.570107
vt 0.512168 -0.575608
vt 0.510798 -0.538067
vt 0.510761 -0.537011
vt 0.510826 -0.538860
vt 0.124573 -0.029266
vt 0.099270 -0.027355
vt 0.099715 -0.028797
vt 0.879590 -0.388479
vt 0.877954 -0.406197
vt 0.505112 -0.532143
vt 0.505856 -0.538392
vt 0.895975 -0.230462
vt 0.898068 -0.212946
vt 0.894524 -0.243868
vt 0.887801 -0.307445
vt 0.886499 -0.320050
vt 0.501663 -0.501768
vt 0.502076 -0.506682
vt 0.097274 -0.056808
vt 0.098415 -0.047883
vt 0.731354 -0.994751
vt 0.097680 -0.047574
vt 0.099137 -0.028786
vt 0.098490 -0.047022
vt 0.896084 -0.391891
vt 0.893696 -0.457608
vt 0.901091 -0.218355
vt 0.900445 -0.239314
vt 0.506373 -0.542448
vt 0.510878 -0.577931
vt 0.509968 -0.570453
vt 0.222931 -0.513611
vt 0.221405 -0.477356
vt 0.186615 -0.506165
vt 0.175049 -0.490509
vt 0.230774 -0.554993
vt 0.222137 -0.516510
vt 0.199188 -0.550079
vt 0.185638 -0.537018
vt 0.256714 -0.590302
vt 0.237671 -0.557617
vt 0.228821 -0.591827
vt 0.210266 -0.582672
vt 0.498699 -0.500070
vt 0.500087 -0.484947
vt 0.475128 -0.486572
vt 0.475677 -0.506775
vt 0.433777 -0.482361
vt 0.434479 -0.506012
vt 0.394684 -0.503571
vt 0.433167 -0.539398
vt 0.396423 -0.538391
vt 0.409393 -0.577606
vt 0.876008 -0.307816
vt 0.875730 -0.258323
vt 0.808624 -0.309937
vt 0.814087 -0.386139
vt 0.718719 -0.390533
vt 0.813995 -0.456665
vt 0.717468 -0.460480
vt 0.875888 -0.227085
vt 0.877736 -0.187285
vt 0.781647 -0.211243
vt 0.721222 -0.313843
vt 0.624268 -0.397400
vt 0.626038 -0.463135
vt 0.877855 -0.388417
vt 0.876346 -0.329316
vt 0.502208 -0.589956
vt 0.502304 -0.591804
vt 0.504486 -0.589447
vt 0.502162 -0.588879
vt 0.499748 -0.547786
vt 0.461182 -0.578857
vt 0.501397 -0.571930
vt 0.498744 -0.526655
vt 0.498036 -0.506696
vt 0.471069 -0.540680
vt 0.632965 -0.317657
vt 0.660339 -0.214661
vt 0.761017 -0.163696
vt 0.422241 -0.602051
vt 0.436249 -0.619049
vt 0.452454 -0.598694
vt 0.872601 -0.457359
vt 0.876600 -0.407266
vt 0.878047 -0.180560
vt 0.802307 -0.167145
vt 0.877846 -0.184772
vt 0.882996 -0.185974
vt 0.690186 -0.156097
vt 0.722839 -0.116150
vt 0.394623 -0.478119
vt 0.530396 -0.462158
vt 0.534607 -0.394287
vt 0.544281 -0.319580
vt 0.544830 -0.211884
vt 0.462067 -0.214294
vt 0.461761 -0.145447
vt 0.361450 -0.174622
vt 0.395844 -0.112732
vt 0.342957 -0.119019
vt 0.360107 -0.579010
vt 0.355835 -0.538025
vt 0.353302 -0.504303
vt 0.317719 -0.539337
vt 0.314514 -0.505920
vt 0.271790 -0.510590
vt 0.268646 -0.474823
vt 0.596863 -0.115234
vt 0.555756 -0.093201
vt 0.542633 -0.140747
vt 0.630890 -0.155426
vt 0.353027 -0.291595
vt 0.222351 -0.358429
vt 0.339050 -0.372955
vt 0.456482 -0.308929
vt 0.444702 -0.388550
vt 0.435181 -0.460632
vt 0.331635 -0.456818
vt 0.220886 -0.451355
vt 0.353638 -0.475311
vt 0.237640 -0.182098
vt 0.194275 -0.203705
vt 0.258728 -0.262146
vt 0.303009 -0.185364
vt 0.402039 -0.228729
vt 0.168304 -0.280029
vt 0.136658 -0.310760
vt 0.242218 -0.268219
vt 0.139130 -0.384216
vt 0.112183 -0.420990
vt 0.224121 -0.366425
vt 0.278076 -0.545319
vt 0.299103 -0.572052
vt 0.324463 -0.607178
vt 0.321442 -0.578156
vt 0.281555 -0.594910
vt 0.359283 -0.609375
vt 0.364960 -0.629639
vt 0.382416 -0.619659
vt 0.396942 -0.602448
vt 0.312897 -0.474060
vt 0.273682 -0.618805
vt 0.296295 -0.621399
vt 0.885757 -0.457514
vt 0.505690 -0.484582
vt 0.505952 -0.504224
vt 0.875730 -0.258323
vt 0.505978 -0.506668
vt 0.507449 -0.534157
vt 0.876346 -0.329316
vt 0.470093 -0.597137
vt 0.889869 -0.388847
vt 0.895448 -0.230373
vt 0.509743 -0.570492
vt 0.507857 -0.541253
vt 0.892490 -0.307297
vt 0.499141 -0.538833
vt 0.889405 -0.397161
vt 0.894904 -0.243575
vt 0.892227 -0.314822
vt 0.507857 -0.541253
vt 0.483490 -0.612122
vt 0.510589 -0.506511
vt 0.510596 -0.506773
vt 0.510280 -0.485303
vt 0.898722 -0.389809
vt 0.896500 -0.457641
vt 0.512340 -0.570044
vt 0.512473 -0.575058
vt 0.511409 -0.538392
vt 0.511398 -0.538027
vt 0.833557 -0.131897
vt 0.901394 -0.238584
vt 0.900118 -0.307620
vt 0.511386 -0.537549
vt 0.510947 -0.520487
vt 0.901534 -0.231396
vt 0.900129 -0.307057
vt 0.898743 -0.389164
vt 0.097086 -0.047943
vt 0.092089 -0.013869
vt 0.090476 -0.082852
vt 0.509071 -0.484362
vt 0.872889 -0.457362
vt 0.500209 -0.484939
vt 0.892227 -0.314822
vt 0.896550 -0.210228
vt 0.507668 -0.538273
vt 0.510229 -0.579100
vt 0.901811 -0.219644
vt 0.510265 -0.484284
vt 0.097645 -0.047919
vt 0.092875 -0.101569
s 1
g off
g Dongkarasuout.001_DongkarasuDh.003
usemtl DongkarasuDh.003
f 3/1/1 2/2/1 1/3/1
s 2
f 6/4/2 5/1/2 4/3/2
s 3
f 9/4/3 8/3/3 7/5/3
s 4
f 12/2/4 11/6/4 10/5/4
s 5
f 15/3/5 14/2/5 13/5/5
s 6
f 704/7/6 705/8/6 18/9/6
s 7
f 726/10/7 727/11/7 21/12/7
s 8
f 23/13/8 706/14/8 713/15/8
s 9
f 26/13/9 25/16/9 24/17/9
s 10
f 29/13/10 28/18/10 27/16/10
s 11
f 32/18/11 31/19/11 30/16/11
s 12
f 39/16/12 38/19/12 37/20/12
s 13
f 42/19/13 41/21/13 40/20/13
s 14
f 45/22/14 44/12/14 43/9/14
s 15
f 48/22/15 47/23/15 46/12/15
s 16
f 51/23/16 50/24/16 49/12/16
s 17
f 54/3/17 53/1/17 52/2/17
s 18
f 57/1/18 56/25/18 55/2/18
s 19
f 60/6/19 59/5/19 58/2/19
s 20
f 63/5/20 62/3/20 61/2/20
s 21
f 66/6/21 65/5/21 64/2/21
s 22
f 69/5/22 68/3/22 67/2/22
s 23
f 72/26/23 71/27/23 70/28/23
s 24
f 75/27/24 74/29/24 73/28/24
s 25
f 78/6/25 77/5/25 76/2/25
s 26
f 81/5/26 80/3/26 79/2/26
s 27
f 84/5/27 83/4/27 82/3/27
s 28
f 87/4/28 86/1/28 85/3/28
s 29
f 90/4/29 89/3/29 88/5/29
s 30
f 93/4/30 92/1/30 91/3/30
s 31
f 96/1/31 95/2/31 94/3/31
s 32
f 99/1/32 98/25/32 97/2/32
s 33
f 102/25/33 101/6/33 100/2/33
s 34
f 105/4/34 104/3/34 103/5/34
s 35
f 108/4/35 107/1/35 106/3/35
s 36
f 111/1/36 110/2/36 109/3/36
s 37
f 114/1/36 113/25/36 112/2/36
s 38
f 117/25/37 116/6/37 115/2/37
s 39
f 120/4/38 119/5/38 118/3/38
s 40
f 123/29/39 122/27/39 121/28/39
s 41
f 126/6/40 125/2/40 124/5/40
s 42
f 129/2/41 128/3/41 127/5/41
s 43
f 132/2/42 131/1/42 130/3/42
s 44
f 135/1/43 134/4/43 133/3/43
s 45
f 138/4/44 137/5/44 136/3/44
s 46
f 141/5/45 140/2/45 139/3/45
s 47
f 144/5/46 143/6/46 142/2/46
s 48
f 147/6/47 146/25/47 145/2/47
s 49
f 150/4/48 149/5/48 148/3/48
s 50
f 153/5/49 152/2/49 151/3/49
s 51
f 156/5/50 155/6/50 154/2/50
s 52
f 159/6/51 158/25/51 157/2/51
s 53
f 162/16/52 161/18/52 160/13/52
s 54
f 165/30/53 164/24/53 163/13/53
s 55
f 168/24/54 167/12/54 166/13/54
s 56
f 171/23/55 170/22/55 169/12/55
s 57
f 174/22/56 173/9/56 172/12/56
s 58
f 177/21/57 176/19/57 175/20/57
s 59
f 180/4/58 179/5/58 178/3/58
s 60
f 183/5/59 182/2/59 181/3/59
s 61
f 190/16/60 189/13/60 188/17/60
s 62
f 193/13/61 192/31/61 191/17/61
s 63
f 196/13/62 195/12/62 194/31/62
s 64
f 204/24/63 203/32/63 202/33/63
s 65
f 207/23/64 206/24/64 205/33/64
s 66
f 210/23/65 209/33/65 208/34/65
s 67
f 213/35/66 212/23/66 211/34/66
s 68
f 216/35/67 215/34/67 214/36/67
s 69
f 219/37/68 218/35/68 217/36/68
s 70
f 222/6/69 221/25/69 220/2/69
s 71
f 225/5/70 224/6/70 223/2/70
s 72
f 228/4/71 227/3/71 226/1/71
s 73
f 231/38/72 230/39/72 229/19/72
s 74
f 234/21/73 233/38/73 232/19/73
s 75
f 237/23/74 236/12/74 235/24/74
s 76
f 240/30/75 239/13/75 238/18/75
s 77
f 243/35/76 242/37/76 241/40/76
s 78
f 246/22/77 245/35/77 244/40/77
s 79
f 249/34/78 248/33/78 247/41/78
s 80
f 252/42/79 251/34/79 250/41/79
s 81
f 255/16/80 254/20/80 253/19/80
s 82
f 258/18/81 257/16/81 256/19/81
s 83
f 261/43/82 260/44/82 259/45/82
s 84
f 264/46/83 263/43/83 262/45/83
s 85
f 267/47/84 266/43/84 265/46/84
s 86
f 270/48/85 269/47/85 268/46/85
s 87
f 273/2/86 272/25/86 271/1/86
s 88
f 276/3/86 275/2/86 274/1/86
s 89
f 279/49/87 278/50/87 277/51/87
s 90
f 282/23/88 281/35/88 280/22/88
s 91
f 285/42/89 284/36/89 283/34/89
s 92
f 288/52/90 287/53/90 286/54/90
s 93
f 291/55/91 290/52/91 289/54/91
s 94
f 294/55/92 293/54/92 292/56/92
s 95
f 297/48/93 296/55/93 295/56/93
s 96
f 300/48/94 299/56/94 298/57/94
s 97
f 303/47/95 302/48/95 301/57/95
s 98
f 306/47/96 305/57/96 304/27/96
s 99
f 309/4/97 308/3/97 307/1/97
s 100
f 312/4/98 311/3/98 310/1/98
s 101
f 315/58/99 314/59/99 313/60/99
s 102
f 318/61/100 317/58/100 316/60/100
s 103
f 321/61/101 320/60/101 319/62/101
s 104
f 324/63/102 323/61/102 322/62/102
s 105
f 327/64/103 326/59/103 325/60/103
s 106
f 330/61/104 329/64/104 328/60/104
s 107
f 333/61/105 332/60/105 331/62/105
s 108
f 336/63/106 335/61/106 334/62/106
s 109
f 339/58/107 338/59/107 337/60/107
s 110
f 342/61/108 341/58/108 340/60/108
s 111
f 345/61/109 344/60/109 343/62/109
s 112
f 348/63/110 347/61/110 346/62/110
s 113
f 351/65/111 350/58/111 349/61/111
s 114
f 354/66/112 353/65/112 352/61/112
s 115
f 357/66/113 356/61/113 355/63/113
s 116
f 360/67/114 359/66/114 358/63/114
s 117
f 363/68/115 362/69/115 361/70/115
s 118
f 366/71/116 365/68/116 364/70/116
s 119
f 369/71/117 368/70/117 367/56/117
s 120
f 372/72/118 371/65/118 370/66/118
s 121
f 375/73/119 374/72/119 373/66/119
s 122
f 378/73/120 377/66/120 376/74/120
s 123
f 381/67/121 380/75/121 379/66/121
s 124
f 384/63/122 383/67/122 382/66/122
s 125
f 387/63/123 386/66/123 385/61/123
s 126
f 390/58/124 389/61/124 388/66/124
s 127
f 393/65/125 392/58/125 391/66/125
s 128
f 396/65/126 395/66/126 394/76/126
s 129
f 399/61/127 398/63/127 397/66/127
s 130
f 402/64/128 401/61/128 400/66/128
s 131
f 405/64/129 404/66/129 403/77/129
s 132
f 408/27/130 407/57/130 406/26/130
s 133
f 411/28/131 410/27/131 409/26/131
s 134
f 414/2/132 413/25/132 412/1/132
s 135
f 417/3/132 416/2/132 415/1/132
s 136
f 420/2/133 419/25/133 418/1/133
s 137
f 423/3/134 422/2/134 421/1/134
s 138
f 426/2/135 425/6/135 424/25/135
s 139
f 429/1/136 428/2/136 427/25/136
s 140
f 432/66/137 431/75/137 430/78/137
s 141
f 435/76/138 434/66/138 433/78/138
s 142
f 438/66/139 437/63/139 436/67/139
s 143
f 441/75/140 440/66/140 439/67/140
s 144
f 444/66/141 443/75/141 442/78/141
s 145
f 447/76/142 446/66/142 445/78/142
s 146
f 450/49/143 449/50/143 448/51/143
s 147
f 453/49/144 452/50/144 451/51/144
s 148
f 456/49/145 455/50/145 454/51/145
s 149
f 459/56/146 458/70/146 457/57/146
s 150
f 462/74/147 461/66/147 460/67/147
s 151
f 465/77/148 464/66/148 463/76/148
s 152
f 468/60/149 467/59/149 466/58/149
s 153
f 471/61/150 470/60/150 469/58/150
s 154
f 474/61/151 473/58/151 472/65/151
s 155
f 477/66/152 476/61/152 475/65/152
s 156
f 480/66/153 479/65/153 478/72/153
s 157
f 483/73/154 482/66/154 481/72/154
s 158
f 486/60/155 485/59/155 484/58/155
s 159
f 489/61/156 488/60/156 487/58/156
s 160
f 492/61/157 491/58/157 490/66/157
s 161
f 495/63/158 494/61/158 493/66/158
s 162
f 498/63/159 497/66/159 496/67/159
s 163
f 501/60/160 500/59/160 499/58/160
s 164
f 504/61/161 503/60/161 502/58/161
s 165
f 507/61/162 506/58/162 505/66/162
s 166
f 510/63/163 509/61/163 508/66/163
s 167
f 513/63/164 512/66/164 511/67/164
s 168
f 516/62/165 515/60/165 514/61/165
s 169
f 519/63/166 518/62/166 517/61/166
s 170
f 522/63/167 521/61/167 520/66/167
s 171
f 525/67/168 524/63/168 523/66/168
s 172
f 528/67/169 527/66/169 526/74/169
s 173
f 531/6/170 530/2/170 529/25/170
s 174
f 534/75/171 533/67/171 532/66/171
s 175
f 537/78/172 536/75/172 535/66/172
s 176
f 540/78/173 539/66/173 538/76/173
s 177
f 543/27/174 542/26/174 541/57/174
s 178
f 546/47/175 545/27/175 544/57/175
s 179
f 549/47/176 548/57/176 547/48/176
s 180
f 552/70/177 551/71/177 550/56/177
s 181
f 555/57/178 554/70/178 553/56/178
s 182
f 558/57/179 557/56/179 556/48/179
s 183
f 561/65/180 560/76/180 559/66/180
s 184
f 564/58/181 563/65/181 562/66/181
s 185
f 567/70/182 566/69/182 565/68/182
s 186
f 570/71/183 569/70/183 568/68/183
s 187
f 573/55/184 572/48/184 571/56/184
s 188
f 576/54/185 575/55/185 574/56/185
s 189
f 579/61/186 578/63/186 577/62/186
s 190
f 582/60/187 581/61/187 580/62/187
s 191
f 585/66/188 584/58/188 583/65/188
s 192
f 588/76/189 587/66/189 586/65/189
s 193
f 591/66/190 590/76/190 589/78/190
s 194
f 594/75/191 593/66/191 592/78/191
s 195
f 597/52/192 596/55/192 595/54/192
s 196
f 600/53/193 599/52/193 598/54/193
s 197
f 603/61/194 602/63/194 601/62/194
s 198
f 606/60/195 605/61/195 604/62/195
s 199
f 609/50/196 608/49/196 607/51/196
s 200
f 612/50/197 611/49/197 610/51/197
s 201
f 615/50/198 614/49/198 613/51/198
s 202
f 618/66/199 617/75/199 616/67/199
s 203
f 621/73/200 620/74/200 619/66/200
s 204
f 624/33/201 623/32/201 622/24/201
s 205
f 627/23/202 626/33/202 625/24/202
s 206
f 630/13/203 629/12/203 628/24/203
s 207
f 633/30/204 632/13/204 631/24/204
s 208
f 636/45/205 635/44/205 634/43/205
s 209
f 639/46/206 638/45/206 637/43/206
s 210
f 642/46/207 641/43/207 640/47/207
s 211
f 645/48/208 644/46/208 643/47/208
s 212
f 648/42/209 647/41/209 646/34/209
s 213
f 651/35/210 650/42/210 649/34/210
s 214
f 654/35/211 653/34/211 652/23/211
s 215
f 657/22/212 656/35/212 655/23/212
s 216
f 660/19/213 659/39/213 658/38/213
s 217
f 663/21/214 662/19/214 661/38/214
s 218
f 666/34/215 665/41/215 664/33/215
s 219
f 669/23/216 668/34/216 667/33/216
s 220
f 672/35/217 671/22/217 670/40/217
s 221
f 675/37/218 674/35/218 673/40/218
s 222
f 678/35/219 677/37/219 676/36/219
s 223
f 681/42/220 680/35/220 679/36/220
s 224
f 684/18/221 683/13/221 682/30/221
s 225
f 687/50/222 686/49/222 685/51/222
s 226
f 690/1/1 689/25/1 688/2/1
s 227
f 693/25/223 692/6/223 691/2/223
s 228
f 735/79/224 694/17/224 733/80/224
s 229
f 740/81/225 696/17/225 736/82/225
s 230
f 734/14/226 699/17/226 725/79/226
s 231
f 701/17/227 742/83/228 741/84/227
s 232
f 200/12/229 739/85/229 738/86/229
s 233
f 185/20/230 731/87/230 730/88/230
s 234
f 33/16/231 728/89/231 34/17/231
s 235
f 198/12/232 724/90/232 197/31/232
s 236
f 702/31/233 723/91/233 720/83/233
s 237
f 698/31/234 722/90/234 719/91/234
s 238
f 20/13/235 717/10/236 19/12/235
s 239
f 697/17/237 718/84/237 716/82/237
s 240
f 695/17/238 715/89/238 712/80/238
s 241
f 201/9/239 714/92/239 711/85/239
s 242
f 187/16/240 710/81/240 709/87/240
s 243
f 35/20/241 707/93/241 36/16/241
s 244
f 17/12/242 737/7/242 16/9/242
s 8
f 23/13/8 22/17/8 706/14/8
s 231
f 701/17/227 700/31/228 742/83/228
s 232
f 200/12/229 199/9/229 739/85/229
s 233
f 185/20/230 184/16/230 731/87/230
s 234
f 33/16/231 729/93/231 728/89/231
s 235
f 198/12/232 732/86/232 724/90/232
s 238
f 20/13/235 721/758/1676 717/10/236
s 242
f 187/16/240 186/17/240 710/81/240
s 243
f 35/20/241 708/759/241 707/93/241
s 244
f 17/12/242 703/760/242 737/7/242
s 245
g Dongkarasuout.001_DongkarasuEyeDh
usemtl DongkarasuEyeDh
f 745/94/243 744/95/243 743/96/243
s 246
f 748/97/244 747/94/244 746/96/244
s 247
f 751/97/245 750/96/245 749/98/245
s 248
f 754/99/246 753/98/246 752/96/246
s 249
f 757/100/247 756/99/247 755/96/247
s 250
f 760/100/248 759/96/248 758/101/248
s 251
f 763/95/249 762/94/249 761/96/249
s 252
f 766/102/250 765/95/250 764/96/250
s 253
f 769/102/251 768/96/251 767/101/251
s 254
f 772/102/252 771/101/252 770/96/252
s 255
f 775/95/253 774/102/253 773/96/253
s 256
f 778/96/254 777/94/254 776/97/254
s 257
f 781/98/255 780/96/255 779/97/255
s 258
f 784/96/256 783/98/256 782/99/256
s 259
f 787/100/257 786/96/257 785/99/257
s 260
f 790/101/258 789/96/258 788/100/258
s 261
g Dongkarasuout.001_DongkarasuDh
usemtl DongkarasuDh
f 793/103/259 792/104/259 791/105/259
s 262
f 796/103/260 795/105/260 794/104/260
s 263
f 799/103/261 798/106/261 797/105/261
s 264
f 802/106/262 801/107/262 800/105/262
s 265
f 805/106/263 804/108/263 803/107/263
s 266
f 808/108/264 807/109/264 806/107/264
s 267
f 811/108/265 810/110/265 809/109/265
s 268
f 814/110/266 813/111/266 812/109/266
s 269
f 817/112/267 816/113/267 815/114/267
s 270
f 820/115/268 819/116/268 818/117/268
s 271
f 823/116/269 822/118/269 821/117/269
s 272
f 826/119/270 825/113/270 824/114/270
s 273
f 829/113/271 828/112/271 827/114/271
s 274
f 832/114/272 831/113/272 830/119/272
s 275
f 835/113/273 834/120/273 833/119/273
s 276
f 838/113/274 837/121/274 836/120/274
s 277
f 841/121/275 840/118/275 839/120/275
s 278
f 844/122/276 843/120/276 842/123/276
s 279
f 847/124/277 846/125/277 845/126/277
s 280
f 850/127/278 849/117/278 848/128/278
s 281
f 853/129/279 852/130/279 851/131/279
s 282
f 856/132/280 855/133/280 854/134/280
s 283
f 859/135/281 858/136/281 857/137/281
s 284
f 862/138/282 861/139/282 860/140/282
s 285
f 865/141/283 864/139/283 863/142/283
s 286
f 868/143/284 867/144/284 866/145/284
s 287
f 871/146/284 870/143/284 869/145/284
s 288
f 874/147/285 873/143/285 872/146/285
s 289
f 876/147/286 5119/148/286 5127/149/286
s 290
f 879/150/287 878/151/287 877/152/287
s 291
f 882/139/288 881/141/288 880/142/288
s 292
f 885/153/289 884/154/289 883/155/289
s 293
f 888/154/290 887/156/290 886/155/290
s 294
f 891/129/291 890/131/291 889/157/291
s 295
f 894/131/292 893/129/292 892/157/292
s 296
f 897/158/293 896/159/293 895/160/293
s 297
f 900/159/294 899/161/294 898/160/294
s 298
f 903/162/295 902/163/295 901/164/295
s 299
f 906/165/296 905/162/296 904/164/296
s 300
f 909/165/297 908/164/297 907/166/297
s 301
f 912/167/298 911/165/298 910/166/298
s 302
f 915/167/299 914/166/299 913/168/299
s 303
f 918/169/300 917/167/300 916/168/300
s 304
f 921/114/301 920/119/301 919/170/301
s 305
f 924/119/302 923/120/302 922/170/302
s 306
f 927/171/303 926/172/303 925/173/303
s 307
f 930/172/304 929/171/304 928/173/304
s 308
f 933/117/305 932/122/305 931/118/305
s 309
f 936/122/306 935/120/306 934/118/306
s 310
f 939/123/307 938/120/307 937/174/307
s 311
f 942/120/308 941/170/308 940/174/308
s 312
f 945/114/309 944/170/309 943/175/309
s 313
f 948/170/310 947/176/310 946/175/310
s 314
f 951/120/311 950/122/311 949/118/311
s 315
f 954/177/312 953/178/312 952/179/312
s 316
f 957/180/313 956/177/313 955/179/313
s 317
f 960/180/314 959/179/314 958/181/314
s 318
f 963/182/315 962/180/315 961/181/315
s 319
f 966/182/316 965/181/316 964/183/316
s 320
f 969/184/317 968/182/317 967/183/317
s 321
f 972/185/318 971/186/318 970/187/318
s 322
f 975/188/319 974/185/319 973/187/319
s 323
f 978/188/320 977/187/320 976/189/320
s 324
f 981/190/321 980/188/321 979/189/321
s 325
f 984/190/322 983/189/322 982/191/322
s 326
f 987/122/323 986/117/323 985/118/323
s 327
f 990/192/324 989/193/324 988/194/324
s 328
f 993/195/325 992/177/325 991/196/325
s 329
f 996/197/326 995/195/326 994/196/326
s 330
f 999/197/327 998/196/327 997/169/327
s 331
f 1002/193/328 1001/198/328 1000/194/328
s 332
f 1005/175/329 1004/199/329 1003/114/329
s 333
f 1008/200/330 1007/201/330 1006/202/330
s 334
f 1011/203/331 1010/200/331 1009/202/331
s 335
f 1014/203/332 1013/202/332 1012/204/332
s 336
f 1017/205/333 1016/203/333 1015/204/333
s 337
f 1020/206/334 1019/207/334 1018/208/334
s 338
f 1023/209/335 1022/206/335 1021/208/335
s 339
f 1026/199/336 1025/210/336 1024/114/336
s 340
f 1029/140/337 1028/139/337 1027/211/337
s 341
f 1032/200/338 1031/201/338 1030/202/338
s 342
f 1035/203/339 1034/200/339 1033/202/339
s 343
f 1038/203/340 1037/202/340 1036/204/340
s 344
f 1041/205/341 1040/203/341 1039/204/341
s 345
f 1044/212/342 1043/213/342 1042/214/342
s 346
f 1047/203/343 1046/212/343 1045/214/343
s 347
f 1050/203/344 1049/214/344 1048/202/344
s 348
f 1053/204/345 1052/203/345 1051/202/345
s 349
f 1056/215/346 1055/216/346 1054/202/346
s 350
f 1059/203/347 1058/215/347 1057/202/347
s 351
f 1062/203/348 1061/202/348 1060/204/348
s 352
f 1065/205/349 1064/203/349 1063/204/349
s 353
f 1068/139/350 1067/141/350 1066/211/350
s 354
f 1071/132/351 1070/134/351 1069/217/351
s 355
f 1074/134/352 1073/123/352 1072/217/352
s 356
f 1077/218/353 1076/219/353 1075/220/353
s 357
f 1080/219/354 1079/221/354 1078/220/354
s 358
f 1083/222/355 1082/223/355 1081/224/355
s 359
f 1086/223/356 1085/222/356 1084/224/356
s 360
f 1089/225/357 1088/223/357 1087/226/357
s 361
f 1092/223/358 1091/222/358 1090/226/358
s 362
f 1095/227/359 1094/228/359 1093/225/359
s 363
f 1098/228/360 1097/223/360 1096/225/360
s 364
f 1101/218/361 1100/229/361 1099/220/361
s 365
f 1104/196/362 1103/182/362 1102/230/362
s 366
f 1107/231/363 1106/196/363 1105/230/363
s 367
f 1110/231/364 1109/230/364 1108/165/364
s 368
f 1113/167/365 1112/231/365 1111/165/365
s 369
f 1116/232/366 1115/233/366 1114/187/366
s 370
f 1119/188/367 1118/232/367 1117/187/367
s 371
f 1122/188/368 1121/187/368 1120/190/368
s 372
f 1125/234/369 1124/212/369 1123/203/369
s 373
f 1128/205/370 1127/234/370 1126/203/370
s 374
f 1131/205/371 1130/203/371 1129/204/371
s 375
f 1134/185/372 1133/186/372 1132/187/372
s 376
f 1137/188/373 1136/185/373 1135/187/373
s 377
f 1140/188/374 1139/187/374 1138/190/374
s 378
f 1143/235/375 1142/162/375 1141/165/375
s 379
f 1146/236/376 1145/235/376 1144/165/376
s 380
f 1149/236/377 1148/165/377 1147/237/377
s 381
f 1152/229/378 1151/238/378 1150/220/378
s 382
f 1155/239/379 1154/137/379 1153/227/379
s 383
f 1158/240/380 1157/241/380 1156/168/380
s 384
f 1161/203/381 1160/205/381 1159/234/381
s 385
f 1164/212/382 1163/203/382 1162/234/382
s 386
f 1167/242/383 1166/200/383 1165/203/383
s 387
f 1170/212/384 1169/242/384 1168/203/384
s 388
f 1173/137/385 1172/228/385 1171/227/385
s 389
f 1176/117/386 1175/127/386 1174/122/386
s 390
f 1179/203/387 1178/205/387 1177/234/387
s 391
f 1182/212/388 1181/203/388 1180/234/388
s 392
f 1185/243/389 1184/215/389 1183/203/389
s 393
f 1188/212/390 1187/243/390 1186/203/390
s 394
f 1191/206/391 1190/244/391 1189/245/391
s 395
f 1194/246/392 1193/206/392 1192/245/392
s 396
f 1197/206/393 1196/246/393 1195/247/393
s 397
f 1200/207/394 1199/206/394 1198/247/394
s 398
f 1203/168/395 1202/166/395 1201/248/395
s 399
f 1206/240/396 1205/168/396 1204/248/396
s 400
f 1209/188/397 1208/249/397 1207/250/397
s 401
f 1212/187/398 1211/188/398 1210/250/398
s 402
f 1215/189/399 1214/191/399 1213/190/399
s 403
f 1218/187/400 1217/189/400 1216/190/400
s 404
f 1221/190/401 1220/188/401 1219/187/401
s 405
f 1224/189/402 1223/190/402 1222/187/402
s 406
f 1227/189/403 1226/191/403 1225/190/403
s 407
f 1230/187/404 1229/189/404 1228/190/404
s 408
f 1233/196/405 1232/177/405 1231/180/405
s 409
f 1236/182/406 1235/196/406 1234/180/406
s 410
f 1239/127/407 1238/251/407 1237/122/407
s 411
f 1242/172/408 1241/252/408 1240/253/408
s 412
f 1245/172/409 1244/254/409 1243/252/409
s 413
f 1248/254/410 1247/255/410 1246/252/410
s 414
f 1251/203/411 1250/205/411 1249/234/411
s 415
f 1254/212/412 1253/203/412 1252/234/412
s 416
f 1257/242/413 1256/200/413 1255/203/413
s 417
f 1260/212/414 1259/242/414 1258/203/414
s 418
f 1263/230/415 1262/182/415 1261/184/415
s 419
f 1266/256/416 1265/230/416 1264/184/416
s 420
f 1269/169/417 1268/196/417 1267/231/417
s 421
f 1272/167/418 1271/169/418 1270/231/418
s 422
f 1275/237/419 1274/165/419 1273/230/419
s 423
f 1278/256/420 1277/237/420 1276/230/420
s 424
f 1281/257/421 1280/252/421 1279/255/421
s 425
f 1284/190/422 1283/189/422 1282/191/422
s 426
f 1287/214/423 1286/258/423 1285/202/423
s 427
f 1290/257/424 1289/259/424 1288/252/424
s 428
f 1293/259/425 1292/253/425 1291/252/425
s 429
f 1296/119/426 1295/170/426 1294/120/426
s 430
f 1299/119/427 1298/114/427 1297/170/427
s 431
f 1302/114/428 1301/260/428 1300/170/428
s 432
f 1305/192/429 1304/193/429 1303/261/429
s 433
f 1308/262/430 1307/263/430 1306/264/430
s 434
f 1311/265/431 1310/262/431 1309/264/431
s 435
f 1314/192/432 1313/194/432 1312/193/432
s 436
f 1317/194/433 1316/198/433 1315/193/433
s 437
f 1320/124/434 1319/221/434 1318/219/434
s 438
f 1323/114/435 1322/151/435 1321/112/435
s 439
f 1326/114/436 1325/210/436 1324/151/436
s 440
f 1329/210/437 1328/266/437 1327/151/437
s 441
f 1332/160/438 1331/217/438 1330/251/438
s 442
f 1335/160/439 1334/161/439 1333/217/439
s 443
f 1338/161/440 1337/267/440 1336/217/440
s 444
f 1341/140/441 1340/139/441 1339/138/441
s 445
f 1344/268/442 1343/269/442 1342/257/442
s 446
f 1347/269/443 1346/255/443 1345/257/443
s 447
f 1350/270/444 1349/271/444 1348/272/444
s 448
f 1353/269/445 1352/273/445 1351/255/445
s 449
f 1356/273/446 1355/254/446 1354/255/446
s 450
f 1359/274/447 1358/275/447 1357/199/447
s 451
f 1362/275/448 1361/153/448 1360/199/448
s 452
f 1365/275/449 1364/276/449 1363/153/449
s 453
f 1368/277/450 1367/278/450 1366/279/450
s 454
f 1371/280/451 1370/277/451 1369/279/451
s 455
f 1374/280/452 1373/279/452 1372/281/452
s 456
f 1377/282/453 1376/280/453 1375/281/453
s 457
f 1380/276/454 1379/154/454 1378/153/454
s 458
f 1383/123/455 1382/134/455 1381/174/455
s 459
f 1386/283/456 1385/277/456 1384/280/456
s 460
f 1389/284/457 1388/283/457 1387/280/457
s 461
f 1392/284/458 1391/280/458 1390/282/458
s 462
f 1395/285/459 1394/284/459 1393/282/459
s 463
f 1398/134/460 1397/286/460 1396/174/460
s 464
f 1401/134/461 1400/133/461 1399/286/461
s 465
f 1404/133/462 1403/287/462 1402/286/462
s 466
f 1407/125/463 1406/124/463 1405/288/463
s 467
f 1410/124/464 1409/270/464 1408/288/464
s 468
f 1413/124/465 1412/289/465 1411/270/465
s 469
f 1416/289/466 1415/272/466 1414/270/466
s 470
f 1419/290/467 1418/289/467 1417/272/467
s 471
f 1422/291/468 1421/292/468 1420/293/468
s 472
f 1425/271/469 1424/291/469 1423/293/469
s 473
f 1428/271/470 1427/293/470 1426/288/470
s 474
f 1431/270/471 1430/271/471 1429/288/471
s 475
f 1434/284/472 1433/285/472 1432/294/472
s 476
f 1437/295/473 1436/284/473 1435/294/473
s 477
f 1440/295/474 1439/294/474 1438/296/474
s 478
f 1443/297/475 1442/295/475 1441/296/475
s 479
f 1446/297/476 1445/296/476 1444/298/476
s 480
f 1449/296/477 1448/297/477 1447/298/477
s 481
f 1452/140/478 1451/138/478 1450/299/478
s 482
f 1455/300/479 1454/140/479 1453/299/479
s 483
f 1458/300/480 1457/299/480 1456/263/480
s 484
f 1461/264/481 1460/300/481 1459/263/481
s 485
f 1464/264/482 1463/263/482 1462/301/482
s 486
f 1467/302/483 1466/264/483 1465/301/483
s 487
f 1470/289/484 1469/270/484 1468/272/484
s 488
f 1473/289/485 1472/124/485 1471/270/485
s 489
f 1476/283/486 1475/295/486 1474/284/486
s 490
f 1479/280/487 1478/283/487 1477/284/487
s 491
f 1482/280/488 1481/284/488 1480/282/488
s 492
f 1485/281/489 1484/280/489 1483/282/489
s 493
f 1488/124/490 1487/288/490 1486/270/490
s 494
f 1491/136/491 1490/135/491 1489/303/491
s 495
f 1494/277/492 1493/283/492 1492/280/492
s 496
f 1497/279/493 1496/277/493 1495/280/493
s 497
f 1500/279/494 1499/280/494 1498/281/494
s 498
f 1503/135/495 1502/136/495 1501/303/495
s 499
f 1506/135/496 1505/137/496 1504/136/496
s 500
f 1509/137/497 1508/239/497 1507/136/497
s 501
f 1512/304/498 1511/305/498 1510/306/498
s 502
f 1515/307/499 1514/308/499 1513/309/499
s 503
f 1518/308/500 1517/307/500 1516/309/500
s 504
f 1521/308/501 1520/309/501 1519/142/501
s 505
f 1524/141/502 1523/308/502 1522/142/502
s 506
f 1527/305/503 1526/176/503 1525/306/503
s 507
f 1530/305/504 1529/199/504 1528/176/504
s 508
f 1533/295/505 1532/297/505 1531/296/505
s 509
f 1536/294/506 1535/295/506 1534/296/506
s 510
f 1539/199/507 1538/175/507 1537/176/507
s 511
f 1542/150/508 1541/151/508 1540/266/508
s 512
f 1545/278/509 1544/277/509 1543/279/509
s 513
f 1548/310/510 1547/278/510 1546/279/510
s 514
f 1551/150/511 1550/152/511 1549/151/511
s 515
f 1554/152/512 1553/112/512 1552/151/512
s 516
f 1557/152/513 1556/151/513 1555/112/513
s 517
f 1560/151/514 1559/114/514 1558/112/514
s 518
f 1563/276/515 1562/275/515 1561/153/515
s 519
f 1566/276/516 1565/311/516 1564/275/516
s 520
f 1569/311/517 1568/312/517 1567/275/517
s 521
f 1572/311/518 1571/313/518 1570/312/518
s 522
f 1575/313/519 1574/314/519 1573/312/519
s 523
f 1578/285/520 1577/282/520 1576/284/520
s 524
f 1581/294/521 1580/285/521 1579/284/521
s 525
f 1584/171/522 1583/254/522 1582/273/522
s 526
f 1587/308/523 1586/141/523 1585/142/523
s 527
f 1590/309/524 1589/308/524 1588/142/524
s 528
f 1593/300/525 1592/264/525 1591/263/525
s 529
f 1596/299/526 1595/300/526 1594/263/526
s 530
f 1599/140/527 1598/300/527 1597/299/527
s 531
f 1602/138/528 1601/140/528 1600/299/528
s 532
f 1605/271/529 1604/270/529 1603/272/529
s 533
f 1608/315/530 1607/271/530 1606/272/530
s 534
f 1611/171/531 1610/172/531 1609/254/531
s 535
f 1614/315/532 1613/291/532 1612/271/532
s 536
f 1617/172/533 1616/252/533 1615/254/533
s 537
f 1620/316/534 1619/317/534 1618/318/534
s 538
f 1623/319/535 1622/316/535 1621/318/535
s 539
f 1626/172/536 1625/253/536 1624/252/536
s 540
f 1629/253/537 1628/259/537 1627/252/537
s 541
f 1632/274/538 1631/275/538 1630/312/538
s 542
f 1635/274/539 1634/199/539 1633/275/539
s 543
f 1638/199/540 1637/153/540 1636/275/540
s 544
f 1641/199/541 1640/305/541 1639/153/541
s 545
f 1644/305/542 1643/304/542 1642/153/542
s 546
f 1647/266/543 1646/151/543 1645/150/543
s 547
f 1650/266/544 1649/210/544 1648/151/544
s 548
f 1653/210/545 1652/114/545 1651/151/545
s 549
f 1656/210/546 1655/199/546 1654/114/546
s 550
f 1659/199/547 1658/260/547 1657/114/547
s 551
f 1662/320/548 1661/321/548 1660/130/548
s 552
f 1665/321/549 1664/131/549 1663/130/549
s 553
f 1668/321/550 1667/130/550 1666/131/550
s 554
f 1671/130/551 1670/129/551 1669/131/551
s 555
f 1674/130/552 1673/313/552 1672/129/552
s 556
f 1677/313/553 1676/314/553 1675/129/553
s 557
f 1680/288/554 1679/124/554 1678/125/554
s 558
f 1683/124/555 1682/126/555 1681/125/555
s 559
f 1686/124/556 1685/219/556 1684/126/556
s 560
f 1689/219/557 1688/322/557 1687/126/557
s 561
f 1692/124/558 1691/126/558 1690/219/558
s 562
f 1695/126/559 1694/322/559 1693/219/559
s 563
f 1698/260/560 1697/199/560 1696/176/560
s 564
f 1701/199/561 1700/305/561 1699/176/561
s 565
f 1704/199/562 1703/153/562 1702/305/562
s 566
f 1707/153/563 1706/304/563 1705/305/563
s 567
f 1710/153/564 1709/155/564 1708/304/564
s 568
f 1713/155/565 1712/158/565 1711/304/565
s 569
f 1716/304/566 1715/158/566 1714/323/566
s 570
f 1719/324/567 1718/325/567 1717/326/567
s 571
f 1722/158/568 1721/159/568 1720/323/568
s 572
f 1725/158/569 1724/160/569 1723/159/569
s 573
f 1728/160/570 1727/161/570 1726/159/570
s 574
f 1731/160/571 1730/217/571 1729/161/571
s 575
f 1734/217/572 1733/267/572 1732/161/572
s 576
f 1737/115/573 1736/128/573 1735/117/573
s 577
f 1740/115/574 1739/117/574 1738/128/574
s 578
f 1743/117/575 1742/127/575 1741/128/575
s 579
f 1746/117/576 1745/122/576 1744/127/576
s 580
f 1749/122/577 1748/251/577 1747/127/577
s 581
f 1752/122/578 1751/217/578 1750/251/578
s 582
f 1755/217/579 1754/160/579 1753/251/579
s 583
f 1758/176/580 1757/170/580 1756/260/580
s 584
f 1761/176/581 1760/286/581 1759/170/581
s 585
f 1764/286/582 1763/174/582 1762/170/582
s 586
f 1767/327/583 1766/316/583 1765/317/583
s 587
f 1770/328/584 1769/327/584 1768/317/584
s 588
f 1773/286/585 1772/134/585 1771/174/585
s 589
f 1776/134/586 1775/123/586 1774/174/586
s 590
f 1779/134/587 1778/217/587 1777/123/587
s 591
f 1782/217/588 1781/122/588 1780/123/588
s 592
f 1785/239/589 1784/137/589 1783/136/589
s 593
f 1788/239/590 1787/227/590 1786/137/590
s 594
f 1791/227/591 1790/228/591 1789/137/591
s 595
f 1794/227/592 1793/225/592 1792/228/592
s 596
f 1797/225/593 1796/223/593 1795/228/593
s 597
f 1800/225/594 1799/226/594 1798/223/594
s 598
f 1803/226/595 1802/222/595 1801/223/595
s 599
f 1806/217/596 1805/134/596 1804/132/596
s 600
f 1809/134/597 1808/133/597 1807/132/597
s 601
f 1812/134/598 1811/286/598 1810/133/598
s 602
f 1815/286/599 1814/287/599 1813/133/599
s 603
f 1818/286/600 1817/176/600 1816/287/600
s 604
f 1821/176/601 1820/306/601 1819/287/601
s 605
f 1824/176/602 1823/305/602 1822/306/602
s 606
f 1827/305/603 1826/304/603 1825/306/603
s 607
f 1830/322/604 1829/329/604 1828/330/604
s 608
f 1833/327/605 1832/331/605 1831/328/605
s 609
f 1836/317/606 1835/327/606 1834/328/606
s 610
f 1839/329/607 1838/332/607 1837/330/607
s 611
f 1842/314/608 1841/313/608 1840/312/608
s 612
f 1845/313/609 1844/311/609 1843/312/609
s 613
f 1848/313/610 1847/130/610 1846/311/610
s 614
f 1851/130/611 1850/320/611 1849/311/611
s 615
f 1854/333/612 1853/324/612 1852/326/612
s 616
f 1857/324/613 1856/333/613 1855/326/613
s 617
f 1860/130/614 1859/321/614 1858/320/614
s 618
f 1863/321/615 1862/334/615 1861/320/615
s 619
f 1866/321/616 1865/320/616 1864/334/616
s 620
f 1869/320/617 1868/154/617 1867/334/617
s 621
f 1872/312/618 1871/275/618 1870/274/618
s 622
f 1875/312/619 1874/311/619 1873/275/619
s 623
f 1878/311/620 1877/276/620 1876/275/620
s 624
f 1881/311/621 1880/320/621 1879/276/621
s 625
f 1884/320/622 1883/154/622 1882/276/622
s 626
f 1887/320/623 1886/334/623 1885/154/623
s 627
f 1890/334/624 1889/156/624 1888/154/624
s 628
f 1893/334/625 1892/154/625 1891/156/625
s 629
f 1896/154/626 1895/155/626 1894/156/626
s 630
f 1899/217/627 1898/122/627 1897/251/627
s 631
f 1902/217/628 1901/123/628 1900/122/628
s 632
f 1905/123/629 1904/120/629 1903/122/629
s 633
f 1908/123/630 1907/174/630 1906/120/630
s 634
f 1911/335/631 1910/325/631 1909/326/631
s 635
f 1914/336/632 1913/335/632 1912/326/632
s 636
f 1917/174/633 1916/170/633 1915/120/633
s 637
f 1920/174/634 1919/286/634 1918/170/634
s 638
f 1923/286/635 1922/176/635 1921/170/635
s 639
f 1926/286/636 1925/287/636 1924/176/636
s 640
f 1929/287/637 1928/306/637 1927/176/637
s 641
f 1932/221/638 1931/219/638 1930/220/638
s 642
f 1935/219/639 1934/218/639 1933/220/639
s 643
f 1938/171/640 1937/254/640 1936/172/640
s 644
f 1941/166/641 1940/164/641 1939/165/641
s 645
f 1944/167/642 1943/166/642 1942/165/642
s 646
f 1947/167/643 1946/165/643 1945/231/643
s 647
f 1950/169/644 1949/167/644 1948/231/644
s 648
f 1953/169/645 1952/231/645 1951/196/645
s 649
f 1956/197/646 1955/169/646 1954/196/646
s 650
f 1959/171/647 1958/273/647 1957/254/647
s 651
f 1962/273/648 1961/255/648 1960/254/648
s 652
f 1965/273/649 1964/269/649 1963/255/649
s 653
f 1968/269/650 1967/257/650 1966/255/650
s 654
f 1971/269/651 1970/268/651 1969/257/651
s 655
f 1974/268/652 1973/259/652 1972/257/652
s 656
f 1977/268/653 1976/257/653 1975/259/653
s 657
f 1980/257/654 1979/252/654 1978/259/654
s 658
f 1983/257/655 1982/255/655 1981/252/655
s 659
f 1986/255/656 1985/254/656 1984/252/656
s 660
f 1989/314/657 1988/313/657 1987/129/657
s 661
f 1992/313/658 1991/130/658 1990/129/658
s 662
f 1995/313/659 1994/311/659 1993/130/659
s 663
f 1998/311/660 1997/320/660 1996/130/660
s 664
f 2001/168/661 2000/241/661 1999/240/661
s 665
f 2004/248/662 2003/168/662 2002/240/662
s 666
f 2007/311/663 2006/276/663 2005/320/663
s 667
f 2010/276/664 2009/154/664 2008/320/664
s 668
f 2013/276/665 2012/153/665 2011/154/665
s 669
f 2016/153/666 2015/155/666 2014/154/666
s 670
f 2019/153/667 2018/304/667 2017/155/667
s 671
f 2022/304/668 2021/158/668 2020/155/668
s 672
f 2025/304/669 2024/323/669 2023/158/669
s 673
f 2028/323/670 2027/159/670 2026/158/670
s 674
f 5097/337/671 2029/146/671 5131/338/671
s 675
f 2032/339/672 2031/340/672 2030/341/672
s 676
f 2035/342/673 2034/339/673 2033/341/673
s 677
f 2038/342/674 2037/341/674 2036/339/674
s 678
f 2041/340/675 2040/342/675 2039/339/675
s 679
f 2044/340/676 2043/339/676 2042/341/676
s 680
f 2047/339/677 2046/340/677 2045/341/677
s 681
f 2050/339/678 2049/341/678 2048/342/678
s 682
f 2053/340/679 2052/339/679 2051/342/679
s 683
f 2056/231/680 2055/165/680 2054/230/680
s 684
f 2059/196/681 2058/231/681 2057/230/681
s 685
f 2062/196/682 2061/230/682 2060/182/682
s 686
f 2065/180/683 2064/196/683 2063/182/683
s 687
f 2068/180/684 2067/182/684 2066/181/684
s 688
f 2071/179/685 2070/180/685 2069/181/685
s 689
f 2074/207/686 2073/247/686 2072/206/686
s 690
f 2077/208/687 2076/207/687 2075/206/687
s 691
f 2080/208/688 2079/206/688 2078/209/688
s 692
f 2083/343/689 2082/208/689 2081/209/689
s 693
f 2088/344/690 2087/345/690 2086/188/690
s 694
f 2091/187/691 2090/344/691 2089/188/691
s 695
f 2094/187/692 2093/188/692 2092/190/692
s 696
f 2097/189/693 2096/187/693 2095/190/693
s 697
f 2100/189/694 2099/190/694 2098/191/694
s 698
f 2103/202/695 2102/346/695 2101/347/695
s 699
f 2106/203/696 2105/202/696 2104/347/696
s 700
f 2109/203/697 2108/347/697 2107/348/697
s 701
f 2112/212/698 2111/203/698 2110/348/698
s 702
f 2115/164/699 2114/163/699 2113/162/699
s 703
f 2118/165/700 2117/164/700 2116/162/700
s 704
f 2121/165/701 2120/162/701 2119/235/701
s 705
f 2124/236/702 2123/165/702 2122/235/702
s 706
f 2127/165/703 2126/236/703 2125/237/703
s 707
f 2130/230/704 2129/165/704 2128/237/704
s 708
f 2133/230/705 2132/237/705 2131/256/705
s 709
f 2136/184/706 2135/230/706 2134/256/706
s 710
f 2139/202/707 2138/346/707 2137/347/707
s 711
f 2142/203/708 2141/202/708 2140/347/708
s 712
f 2145/203/709 2144/347/709 2143/348/709
s 713
f 2148/212/710 2147/203/710 2146/348/710
s 714
f 5128/148/711 2149/146/711 5120/337/711
s 715
f 2152/349/712 2151/350/712 2150/212/712
s 716
f 2155/203/713 2154/349/713 2153/212/713
s 717
f 2158/203/714 2157/212/714 2156/234/714
s 718
f 2161/205/715 2160/203/715 2159/234/715
s 719
f 2164/202/716 2163/351/716 2162/352/716
s 720
f 2167/203/717 2166/202/717 2165/352/717
s 721
f 2170/203/718 2169/352/718 2168/348/718
s 722
f 2173/212/719 2172/203/719 2171/348/719
s 723
f 2176/245/720 2175/244/720 2174/206/720
s 724
f 2179/246/721 2178/245/721 2177/206/721
s 725
f 2182/246/722 2181/206/722 2180/247/722
s 726
f 2185/342/723 2184/340/723 2183/339/723
s 727
f 2188/341/724 2187/342/724 2186/339/724
s 728
f 2191/341/725 2190/339/725 2189/340/725
s 729
f 2194/353/726 2193/354/726 2192/355/726
s 730
f 2197/356/727 2196/353/727 2195/355/727
s 731
f 2200/356/728 2199/355/728 2198/357/728
s 732
f 2203/353/729 2202/354/729 2201/355/729
s 733
f 2206/356/730 2205/353/730 2204/355/730
s 734
f 2209/356/731 2208/355/731 2207/357/731
s 735
f 2212/358/732 2211/359/732 2210/360/732
s 736
f 2215/356/733 2214/353/733 2213/355/733
s 737
f 2218/357/734 2217/356/734 2216/355/734
s 738
f 2221/357/735 2220/355/735 2219/354/735
s 739
f 2224/354/736 2223/357/736 2222/355/736
s 740
f 2227/353/737 2226/354/737 2225/355/737
s 741
f 2230/353/738 2229/355/738 2228/356/738
s 742
f 2233/341/739 2232/342/739 2231/339/739
s 743
f 2236/340/740 2235/341/740 2234/339/740
s 744
f 2239/340/741 2238/339/741 2237/342/741
s 745
f 2242/356/742 2241/353/742 2240/355/742
s 746
f 2245/357/743 2244/356/743 2243/355/743
s 747
f 2248/357/744 2247/355/744 2246/354/744
s 748
f 2251/354/745 2250/357/745 2249/355/745
s 749
f 2254/353/746 2253/354/746 2252/355/746
s 750
f 2257/353/747 2256/355/747 2255/356/747
s 751
f 2260/353/748 2259/354/748 2258/355/748
s 752
f 2263/356/749 2262/353/749 2261/355/749
s 753
f 2266/356/750 2265/355/750 2264/357/750
s 754
f 2269/342/751 2268/340/751 2267/339/751
s 755
f 2272/341/752 2271/342/752 2270/339/752
s 756
f 2275/341/753 2274/339/753 2273/340/753
s 757
f 2278/341/754 2277/342/754 2276/339/754
s 758
f 2281/340/755 2280/341/755 2279/339/755
s 759
f 2284/340/756 2283/339/756 2282/342/756
s 760
f 2287/361/757 2286/362/757 2285/363/757
s 761
f 2290/364/758 2289/361/758 2288/363/758
s 762
f 2293/364/759 2292/363/759 2291/361/759
s 763
f 2296/353/760 2295/354/760 2294/355/760
s 764
f 2299/356/761 2298/353/761 2297/355/761
s 765
f 2302/356/762 2301/355/762 2300/357/762
s 766
f 5121/365/763 5122/366/763 2303/367/763
s 767
f 5100/366/764 5101/368/764 2304/367/764
s 768
f 2307/180/765 2306/177/765 2305/196/765
s 769
f 2310/340/766 2309/342/766 2308/339/766
s 770
f 2313/341/767 2312/340/767 2311/339/767
s 771
f 2316/341/768 2315/339/768 2314/342/768
s 772
f 2319/356/769 2318/353/769 2317/355/769
s 773
f 2322/357/770 2321/356/770 2320/355/770
s 774
f 2325/357/771 2324/355/771 2323/354/771
s 775
f 2328/357/772 2327/356/772 2326/355/772
s 776
f 2331/354/773 2330/357/773 2329/355/773
s 777
f 2334/354/774 2333/355/774 2332/353/774
s 778
f 2337/341/775 2336/342/775 2335/339/775
s 779
f 2340/340/776 2339/341/776 2338/339/776
s 780
f 2343/340/777 2342/339/777 2341/342/777
s 781
f 2346/341/778 2345/342/778 2344/339/778
s 782
f 2349/340/779 2348/341/779 2347/339/779
s 783
f 2352/340/780 2351/339/780 2350/342/780
s 784
f 2355/356/781 2354/353/781 2353/355/781
s 785
f 2358/357/782 2357/356/782 2356/355/782
s 786
f 2361/357/783 2360/355/783 2359/354/783
s 787
f 2364/353/784 2363/354/784 2362/355/784
s 788
f 2367/356/785 2366/353/785 2365/355/785
s 789
f 2370/356/786 2369/355/786 2368/357/786
s 790
f 2373/354/787 2372/357/787 2371/355/787
s 791
f 2376/353/788 2375/354/788 2374/355/788
s 792
f 2379/353/789 2378/355/789 2377/356/789
s 793
f 2382/353/790 2381/354/790 2380/355/790
s 794
f 2385/356/791 2384/353/791 2383/355/791
s 795
f 2388/356/792 2387/355/792 2386/357/792
s 796
f 2391/357/793 2390/356/793 2389/355/793
s 797
f 2394/354/794 2393/357/794 2392/355/794
s 798
f 2397/354/795 2396/355/795 2395/353/795
s 799
f 2400/353/796 2399/354/796 2398/355/796
s 800
f 2403/356/797 2402/353/797 2401/355/797
s 801
f 2406/356/798 2405/355/798 2404/357/798
s 802
f 2409/353/799 2408/354/799 2407/355/799
s 803
f 2412/356/800 2411/353/800 2410/355/800
s 804
f 2415/356/801 2414/355/801 2413/357/801
s 805
f 2418/342/802 2417/340/802 2416/339/802
s 806
f 2421/341/803 2420/342/803 2419/339/803
s 807
f 2424/341/804 2423/339/804 2422/340/804
s 808
f 2427/354/805 2426/357/805 2425/355/805
s 809
f 2430/353/806 2429/354/806 2428/355/806
s 810
f 2433/353/807 2432/355/807 2431/356/807
s 811
f 2436/356/808 2435/353/808 2434/355/808
s 812
f 2439/357/809 2438/356/809 2437/355/809
s 813
f 2442/357/810 2441/355/810 2440/354/810
s 814
f 2445/341/811 2444/342/811 2443/339/811
s 815
f 2448/340/812 2447/341/812 2446/339/812
s 816
f 2451/340/813 2450/339/813 2449/342/813
s 817
f 2454/340/814 2453/341/814 2452/339/814
s 818
f 2457/342/815 2456/340/815 2455/339/815
s 819
f 2460/342/816 2459/339/816 2458/341/816
s 820
f 2463/356/817 2462/357/817 2461/355/817
s 821
f 2466/353/818 2465/356/818 2464/355/818
s 822
f 2469/353/819 2468/355/819 2467/354/819
s 823
f 2472/357/820 2471/356/820 2470/355/820
s 824
f 2475/354/821 2474/357/821 2473/355/821
s 825
f 2478/354/822 2477/355/822 2476/353/822
s 826
f 2481/342/823 2480/340/823 2479/339/823
s 827
f 2484/341/824 2483/342/824 2482/339/824
s 828
f 2487/341/825 2486/339/825 2485/340/825
s 829
f 2490/187/826 2489/369/826 2488/370/826
s 830
f 2493/188/827 2492/187/827 2491/370/827
s 831
f 2496/187/828 2495/371/828 2494/372/828
s 832
f 2499/188/829 2498/187/829 2497/372/829
s 833
f 2502/187/830 2501/373/830 2500/374/830
s 834
f 2505/188/831 2504/187/831 2503/374/831
s 835
f 2508/190/832 2507/191/832 2506/189/832
s 836
f 2511/187/833 2510/190/833 2509/189/833
s 837
f 2514/189/834 2513/187/834 2512/188/834
s 838
f 2517/190/835 2516/189/835 2515/188/835
s 839
f 2520/202/836 2519/346/836 2518/349/836
s 840
f 2523/203/837 2522/202/837 2521/349/837
s 841
f 2526/204/838 2525/202/838 2524/203/838
s 842
f 2529/205/839 2528/204/839 2527/203/839
s 843
f 2532/203/840 2531/212/840 2530/234/840
s 844
f 2535/205/841 2534/203/841 2533/234/841
s 845
f 2538/204/842 2537/202/842 2536/203/842
s 846
f 2541/205/843 2540/204/843 2539/203/843
s 847
f 2544/190/844 2543/191/844 2542/189/844
s 848
f 2547/187/845 2546/190/845 2545/189/845
s 849
f 2550/203/846 2549/212/846 2548/234/846
s 850
f 2553/205/847 2552/203/847 2551/234/847
s 851
f 2556/204/848 2555/202/848 2554/203/848
s 852
f 2559/205/849 2558/204/849 2557/203/849
s 853
f 2562/375/850 2561/362/850 2560/361/850
s 854
f 2565/376/851 2564/375/851 2563/361/851
s 855
f 2568/182/852 2567/230/852 2566/184/852
s 856
f 2571/183/853 2570/182/853 2569/184/853
s 857
f 2574/361/854 2573/363/854 2572/362/854
s 858
f 2577/375/855 2576/361/855 2575/362/855
s 859
f 2580/376/856 2579/361/856 2578/375/856
s 860
f 2583/377/857 2582/376/857 2581/375/857
s 861
f 2586/204/858 2585/202/858 2584/203/858
s 862
f 2589/205/859 2588/204/859 2587/203/859
s 863
f 2592/203/860 2591/212/860 2590/234/860
s 864
f 2595/205/861 2594/203/861 2593/234/861
s 865
f 2598/168/862 2597/248/862 2596/166/862
s 866
f 2601/167/863 2600/168/863 2599/166/863
s 867
f 2604/378/864 2603/317/864 2602/328/864
s 868
f 2607/379/865 2606/318/865 2605/317/865
s 869
f 2610/380/866 2609/328/866 2608/331/866
s 870
f 2613/317/867 2612/378/867 2611/328/867
s 871
f 2616/318/868 2615/379/868 2614/317/868
s 872
f 2619/328/869 2618/380/869 2617/331/869
s 873
f 2622/190/870 2621/187/870 2620/188/870
s 874
f 2625/190/871 2624/187/871 2623/188/871
s 875
f 2628/189/872 2627/190/872 2626/191/872
s 876
f 2631/182/873 2630/183/873 2629/181/873
s 877
f 2634/342/874 2633/340/874 2632/339/874
s 878
f 2637/353/875 2636/354/875 2635/355/875
s 879
f 2640/356/876 2639/353/876 2638/355/876
s 880
f 2643/353/877 2642/354/877 2641/355/877
s 881
f 2646/354/878 2645/357/878 2644/355/878
s 882
f 2649/357/879 2648/356/879 2647/355/879
s 883
f 2652/354/880 2651/357/880 2650/355/880
s 884
f 2655/356/881 2654/353/881 2653/355/881
s 885
f 2658/354/882 2657/357/882 2656/355/882
s 886
f 2661/354/883 2660/357/883 2659/355/883
s 887
f 2664/357/884 2663/356/884 2662/355/884
s 888
f 2667/353/885 2666/354/885 2665/355/885
s 889
f 2670/354/886 2669/357/886 2668/355/886
s 890
f 2673/357/887 2672/354/887 2671/355/887
s 891
f 2676/356/888 2675/353/888 2674/355/888
s 892
f 2679/354/889 2678/357/889 2677/355/889
s 893
f 2682/354/890 2681/357/890 2680/355/890
s 894
f 2685/353/891 2684/354/891 2683/355/891
s 895
f 2688/357/892 2687/356/892 2686/355/892
s 896
f 2691/353/893 2690/354/893 2689/355/893
s 897
f 2694/357/894 2693/356/894 2692/355/894
s 898
f 2697/354/895 2696/357/895 2695/355/895
s 899
f 2700/377/896 2699/375/896 2698/376/896
s 900
f 2703/167/897 2702/169/897 2701/168/897
s 901
f 5123/381/898 5124/382/898 2704/367/898
s 902
f 5102/382/899 5103/383/899 2705/367/899
s 903
f 5125/384/900 2706/146/900 5116/385/900
s 904
f 5132/384/901 5133/386/901 2707/146/901
s 905
f 2710/387/902 2709/388/902 2708/389/902
s 906
f 2713/390/903 2712/387/903 2711/389/903
s 907
f 2715/145/904 5104/386/904 5106/391/904
s 908
f 2718/392/905 2717/393/905 2716/394/905
s 909
f 2721/395/906 2720/396/906 2719/397/906
s 910
f 2724/398/907 2723/399/907 2722/400/907
s 911
f 2727/399/908 2726/401/908 2725/400/908
s 912
f 2730/397/909 2729/396/909 2728/395/909
s 913
f 2733/396/910 2732/402/910 2731/395/910
s 914
f 2736/403/911 2735/404/911 2734/405/911
s 915
f 2739/406/912 2738/407/912 2737/408/912
s 916
f 2742/404/913 2741/403/913 2740/405/913
s 917
f 2745/409/914 2744/410/914 2743/395/914
s 918
f 2748/410/915 2747/411/915 2746/395/915
s 919
f 2751/399/916 2750/412/916 2749/413/916
s 920
f 2754/412/917 2753/414/917 2752/413/917
s 921
f 2757/412/918 2756/415/918 2755/414/918
s 922
f 2760/415/919 2759/416/919 2758/414/919
s 923
f 2763/388/920 2762/387/920 2761/389/920
s 924
f 2766/411/921 2765/417/921 2764/418/921
s 925
f 2769/387/922 2768/390/922 2767/389/922
s 926
f 2772/419/923 2771/393/923 2770/394/923
s 927
f 2775/393/924 2774/392/924 2773/394/924
s 928
f 2778/415/925 2777/414/925 2776/416/925
s 929
f 2781/415/926 2780/412/926 2779/414/926
s 930
f 2784/420/927 2783/421/927 2782/422/927
s 931
f 2787/412/928 2786/413/928 2785/414/928
s 932
f 2790/412/929 2789/399/929 2788/413/929
s 933
f 2793/399/930 2792/398/930 2791/413/930
s 934
f 2796/398/931 2795/399/931 2794/413/931
s 935
f 2799/401/932 2798/423/932 2797/424/932
s 936
f 2802/400/933 2801/401/933 2800/424/933
s 937
f 2805/424/934 2804/425/934 2803/426/934
s 938
f 2808/423/935 2807/424/935 2806/426/935
s 939
f 2811/423/936 2810/426/936 2809/427/936
s 940
f 2814/428/937 2813/423/937 2812/427/937
s 941
f 2817/428/938 2816/427/938 2815/429/938
s 942
f 2820/430/939 2819/428/939 2818/429/939
s 943
f 2823/423/940 2822/428/940 2821/427/940
s 944
f 2826/426/941 2825/423/941 2824/427/941
s 945
f 2829/426/942 2828/427/942 2827/431/942
s 946
f 2832/392/943 2831/426/943 2830/431/943
s 947
f 2835/392/944 2834/431/944 2833/388/944
s 948
f 2838/424/945 2837/423/945 2836/401/945
s 949
f 2841/400/946 2840/424/946 2839/401/946
s 950
f 2844/400/947 2843/401/947 2842/399/947
s 951
f 2847/398/948 2846/400/948 2845/399/948
s 952
f 2850/401/949 2849/432/949 2848/423/949
s 953
f 2853/432/950 2852/428/950 2851/423/950
s 954
f 2856/432/951 2855/433/951 2854/428/951
s 955
f 2859/433/952 2858/430/952 2857/428/952
s 956
f 2862/420/953 2861/434/953 2860/421/953
s 957
f 2865/434/954 2864/435/954 2863/421/954
s 958
f 2868/406/955 2867/408/955 2866/407/955
s 959
f 2871/402/956 2870/406/956 2869/407/956
s 960
f 2874/402/957 2873/407/957 2872/436/957
s 961
f 2877/409/958 2876/402/958 2875/436/958
s 962
f 2880/404/959 2879/403/959 2878/437/959
s 963
f 2883/418/960 2882/404/960 2881/437/960
s 964
f 2886/418/961 2885/437/961 2884/438/961
s 965
f 2889/417/962 2888/418/962 2887/438/962
s 966
f 2892/411/963 2891/418/963 2890/417/963
s 967
f 2895/410/964 2894/411/964 2893/417/964
s 968
f 2898/410/965 2897/417/965 2896/439/965
s 969
f 2901/409/966 2900/410/966 2899/439/966
s 970
f 2904/395/967 2903/409/967 2902/402/967
s 971
f 2907/396/968 2906/395/968 2905/402/968
s 972
f 2910/396/969 2909/402/969 2908/406/969
s 973
f 2913/402/970 2912/396/970 2911/406/970
s 974
f 2916/435/971 2915/426/971 2914/392/971
s 975
f 2919/434/972 2918/425/972 2917/435/972
s 976
f 2922/425/973 2921/426/973 2920/435/973
s 977
f 2925/425/974 2924/424/974 2923/426/974
s 978
f 2928/431/975 2927/427/975 2926/390/975
s 979
f 2931/387/976 2930/431/976 2929/390/976
s 980
f 2934/424/977 2933/423/977 2932/426/977
s 981
f 2937/411/978 2936/410/978 2935/417/978
s 982
f 2940/410/979 2939/439/979 2938/417/979
s 983
f 2943/410/980 2942/409/980 2941/439/980
s 984
f 2946/409/981 2945/440/981 2944/439/981
s 985
f 2949/409/982 2948/436/982 2947/440/982
s 986
f 2952/436/983 2951/441/983 2950/440/983
s 987
f 2955/436/984 2954/442/984 2953/441/984
s 988
f 2958/409/985 2957/395/985 2956/402/985
s 989
f 2961/427/986 2960/426/986 2959/431/986
s 990
f 2964/390/987 2963/427/987 2962/431/987
s 991
f 2967/390/988 2966/431/988 2965/387/988
s 992
f 2970/419/989 2969/394/989 2968/393/989
s 993
f 2973/435/990 2972/419/990 2971/393/990
s 994
f 2976/435/991 2975/393/991 2974/392/991
s 995
f 2979/420/992 2978/422/992 2977/421/992
s 996
f 2982/434/993 2981/420/993 2980/421/993
s 997
f 2985/434/994 2984/421/994 2983/435/994
s 998
f 2988/443/995 2987/444/995 2986/445/995
s 999
f 2991/439/996 2990/443/996 2989/445/996
s 1000
f 2994/441/997 2993/446/997 2992/442/997
s 1001
f 2997/436/998 2996/441/998 2995/442/998
s 1002
f 3000/418/999 2999/417/999 2998/438/999
s 1003
f 3003/437/1000 3002/418/1000 3001/438/1000
s 1004
f 3006/404/1001 3005/418/1001 3004/437/1001
s 1005
f 3009/403/1002 3008/404/1002 3007/437/1002
s 1006
f 3012/442/1003 3011/446/1003 3010/441/1003
s 1007
f 3015/406/1004 3014/402/1004 3013/407/1004
s 1008
f 3018/395/1005 3017/411/1005 3016/410/1005
s 1009
f 3021/409/1006 3020/395/1006 3019/410/1006
s 1010
f 3024/402/1007 3023/436/1007 3022/407/1007
s 1011
f 3027/402/1008 3026/409/1008 3025/436/1008
s 1012
f 3030/428/1009 3029/430/1009 3028/429/1009
s 1013
f 3033/427/1010 3032/428/1010 3031/429/1010
s 1014
f 3036/419/1011 3035/422/1011 3034/421/1011
s 1015
f 3039/435/1012 3038/419/1012 3037/421/1012
s 1016
f 3042/428/1013 3041/430/1013 3040/433/1013
s 1017
f 3045/432/1014 3044/428/1014 3043/433/1014
s 1018
f 3048/423/1015 3047/428/1015 3046/432/1015
s 1019
f 3051/401/1016 3050/423/1016 3049/432/1016
s 1020
f 3054/409/1017 3053/440/1017 3052/436/1017
s 1021
f 3057/409/1018 3056/439/1018 3055/440/1018
s 1022
f 3060/421/1019 3059/422/1019 3058/419/1019
s 1023
f 3063/435/1020 3062/421/1020 3061/419/1020
s 1024
f 3066/407/1021 3065/447/1021 3064/436/1021
s 1025
f 3069/447/1022 3068/407/1022 3067/436/1022
s 1026
f 3072/439/1023 3071/440/1023 3070/443/1023
s 1027
f 3075/440/1024 3074/441/1024 3073/436/1024
s 1028
f 3078/439/1025 3077/443/1025 3076/440/1025
s 1029
f 3081/393/1026 3080/419/1026 3079/435/1026
s 1030
f 3084/387/1027 3083/388/1027 3082/431/1027
s 1031
f 3087/439/1028 3086/445/1028 3085/443/1028
s 1032
f 3090/445/1029 3089/444/1029 3088/443/1029
s 1033
f 3093/387/1030 3092/431/1030 3091/388/1030
s 1034
f 3096/431/1031 3095/392/1031 3094/388/1031
s 1035
f 3099/431/1032 3098/426/1032 3097/392/1032
s 1036
f 3102/426/1033 3101/435/1033 3100/392/1033
s 1037
f 3105/426/1034 3104/425/1034 3103/435/1034
s 1038
f 3108/425/1035 3107/434/1035 3106/435/1035
s 1039
f 3111/425/1036 3110/448/1036 3109/434/1036
s 1040
f 3114/448/1037 3113/425/1037 3112/434/1037
s 1041
f 3117/449/1038 3116/450/1038 3115/451/1038
s 1042
f 3120/452/1039 3119/453/1039 3118/454/1039
s 1043
f 3123/455/1040 3122/456/1040 3121/457/1040
s 1044
f 3126/456/1041 3125/455/1041 3124/457/1041
s 1045
f 3129/458/1042 3128/459/1042 3127/460/1042
s 1046
f 3132/459/1043 3131/461/1043 3130/460/1043
s 1047
f 3135/449/1044 3134/451/1044 3133/462/1044
s 1048
f 3138/451/1045 3137/463/1045 3136/462/1045
s 1049
f 3141/451/1046 3140/464/1046 3139/463/1046
s 1050
f 3144/464/1047 3143/465/1047 3142/463/1047
s 1051
f 3147/453/1048 3146/452/1048 3145/455/1048
s 1052
f 3150/452/1049 3149/457/1049 3148/455/1049
s 1053
f 3153/452/1050 3152/459/1050 3151/457/1050
s 1054
f 3156/459/1051 3155/458/1051 3154/457/1051
s 1055
f 3159/460/1052 3158/458/1052 3157/466/1052
s 1056
f 3162/458/1053 3161/459/1053 3160/457/1053
s 1057
f 3165/459/1054 3164/452/1054 3163/457/1054
s 1058
f 3168/467/1055 3167/468/1055 3166/469/1055
s 1059
f 3171/468/1056 3170/470/1056 3169/469/1056
s 1060
f 3174/460/1057 3173/466/1057 3172/458/1057
s 1061
f 3177/460/1058 3176/461/1058 3175/466/1058
s 1062
f 3180/461/1059 3179/471/1059 3178/466/1059
s 1063
f 3183/467/1060 3182/472/1060 3181/473/1060
s 1064
f 3186/467/1061 3185/469/1061 3184/472/1061
s 1065
f 3189/469/1062 3188/474/1062 3187/472/1062
s 1066
f 3192/475/1063 3191/473/1063 3190/472/1063
s 1067
f 3195/475/1064 3194/468/1064 3193/473/1064
s 1068
f 3198/468/1065 3197/467/1065 3196/473/1065
s 1069
f 3201/476/1066 3200/477/1066 3199/478/1066
s 1070
f 3204/476/1067 3203/465/1067 3202/477/1067
s 1071
f 3207/465/1068 3206/464/1068 3205/477/1068
s 1072
f 3210/458/1069 3209/460/1069 3208/459/1069
s 1073
f 3213/460/1070 3212/461/1070 3211/459/1070
s 1074
f 3216/460/1071 3215/466/1071 3214/461/1071
s 1075
f 3219/466/1072 3218/471/1072 3217/461/1072
s 1076
f 3222/477/1073 3221/479/1073 3220/478/1073
s 1077
f 3225/479/1074 3224/480/1074 3223/478/1074
s 1078
f 3228/479/1075 3227/481/1075 3226/480/1075
s 1079
f 3231/481/1076 3230/482/1076 3229/480/1076
s 1080
f 3234/481/1077 3233/483/1077 3232/482/1077
s 1081
f 3237/483/1078 3236/484/1078 3235/482/1078
s 1082
f 3240/196/1079 3239/177/1079 3238/195/1079
s 1083
f 3243/168/1080 3242/169/1080 3241/485/1080
s 1084
f 3246/169/1081 3245/197/1081 3244/485/1081
s 1085
f 3249/485/1082 3248/197/1082 3247/486/1082
s 1086
f 3252/197/1083 3251/487/1083 3250/486/1083
s 1087
f 3255/486/1084 3254/487/1084 3253/488/1084
s 1088
f 3258/487/1085 3257/489/1085 3256/488/1085
s 1089
f 3261/180/1086 3260/179/1086 3259/177/1086
s 1090
f 3264/179/1087 3263/178/1087 3262/177/1087
s 1091
f 3267/358/1088 3266/490/1088 3265/359/1088
s 1092
f 3270/490/1089 3269/491/1089 3268/359/1089
s 1093
f 3273/209/1090 3272/492/1090 3271/493/1090
s 1094
f 3276/492/1091 3275/494/1091 3274/493/1091
s 1095
f 3279/492/1092 3278/360/1092 3277/494/1092
s 1096
f 3282/360/1093 3281/359/1093 3280/494/1093
s 1097
f 3285/343/1094 3284/209/1094 3283/493/1094
s 1098
f 3288/495/1095 3287/496/1095 3286/497/1095
s 1099
f 3291/495/1096 3290/498/1096 3289/496/1096
s 1100
f 3294/498/1097 3293/499/1097 3292/496/1097
s 1101
f 3297/498/1098 3296/500/1098 3295/499/1098
s 1102
f 3300/500/1099 3299/501/1099 3298/499/1099
s 1103
f 3303/500/1100 3302/502/1100 3301/501/1100
s 1104
f 3306/502/1101 3305/241/1101 3304/501/1101
s 1105
f 3309/502/1102 3308/503/1102 3307/241/1102
s 1106
f 3312/503/1103 3311/240/1103 3310/241/1103
s 1107
f 3315/168/1104 3314/485/1104 3313/241/1104
s 1108
f 3318/485/1105 3317/501/1105 3316/241/1105
s 1109
f 3321/485/1106 3320/486/1106 3319/501/1106
s 1110
f 3324/486/1107 3323/499/1107 3322/501/1107
s 1111
f 3327/486/1108 3326/488/1108 3325/499/1108
s 1112
f 3330/488/1109 3329/496/1109 3328/499/1109
s 1113
f 3333/488/1110 3332/489/1110 3331/496/1110
s 1114
f 3336/489/1111 3335/497/1111 3334/496/1111
s 1115
f 3339/497/1112 3338/489/1112 3337/178/1112
s 1116
f 3342/489/1113 3341/177/1113 3340/178/1113
s 1117
f 3345/489/1114 3344/487/1114 3343/177/1114
s 1118
f 3348/487/1115 3347/195/1115 3346/177/1115
s 1119
f 3351/487/1116 3350/197/1116 3349/195/1116
s 1120
f 3354/197/1117 3353/196/1117 3352/195/1117
s 1121
f 3357/504/1118 3356/330/1118 3355/332/1118
s 1122
f 3360/330/1119 3359/504/1119 3358/332/1119
s 1123
f 3363/330/1120 3362/332/1120 3361/329/1120
s 1124
f 3366/322/1121 3365/330/1121 3364/329/1121
s 1125
f 3369/322/1122 3368/329/1122 3367/218/1122
s 1126
f 3372/219/1123 3371/322/1123 3370/218/1123
s 1127
f 3375/505/1124 3374/506/1124 3373/507/1124
s 1128
f 3378/221/1125 3377/220/1125 3376/238/1125
s 1129
f 3381/290/1126 3380/221/1126 3379/238/1126
s 1130
f 3384/506/1127 3383/508/1127 3382/507/1127
s 1131
f 3387/509/1128 3386/510/1128 3385/511/1128
s 1132
f 3390/510/1129 3389/512/1129 3388/511/1129
s 1133
f 3393/513/1130 3392/318/1130 3391/316/1130
s 1134
f 3396/318/1131 3395/317/1131 3394/316/1131
s 1135
f 3399/514/1132 3398/508/1132 3397/506/1132
s 1136
f 3402/514/1133 3401/515/1133 3400/508/1133
s 1137
f 3405/515/1134 3404/513/1134 3403/508/1134
s 1138
f 3408/516/1135 3407/517/1135 3406/518/1135
s 1139
f 3411/516/1136 3410/335/1136 3409/517/1136
s 1140
f 3414/335/1137 3413/336/1137 3412/517/1137
s 1141
f 3417/512/1138 3416/515/1138 3415/514/1138
s 1142
f 3420/512/1139 3419/510/1139 3418/515/1139
s 1143
f 3423/510/1140 3422/513/1140 3421/515/1140
s 1144
f 3426/510/1141 3425/519/1141 3424/513/1141
s 1145
f 3429/519/1142 3428/318/1142 3427/513/1142
s 1146
f 3432/505/1143 3431/507/1143 3430/516/1143
s 1147
f 3435/507/1144 3434/335/1144 3433/516/1144
s 1148
f 3438/507/1145 3437/520/1145 3436/335/1145
s 1149
f 3441/520/1146 3440/325/1146 3439/335/1146
s 1150
f 3444/521/1147 3443/327/1147 3442/522/1147
s 1151
f 3447/513/1148 3446/316/1148 3445/508/1148
s 1152
f 3450/523/1149 3449/524/1149 3448/525/1149
s 1153
f 3453/526/1150 3452/327/1150 3451/316/1150
s 1154
f 3456/221/1151 3455/290/1151 3454/238/1151
s 1155
f 3459/220/1152 3458/221/1152 3457/238/1152
s 1156
f 3462/220/1153 3461/238/1153 3460/229/1153
s 1157
f 3465/218/1154 3464/220/1154 3463/229/1154
s 1158
f 3468/218/1155 3467/229/1155 3466/332/1155
s 1159
f 3471/329/1156 3470/218/1156 3469/332/1156
s 1160
f 3474/327/1157 3473/317/1157 3472/316/1157
s 1161
f 3477/327/1158 3476/521/1158 3475/526/1158
s 1162
f 3480/521/1159 3479/523/1159 3478/526/1159
s 1163
f 3483/521/1160 3482/522/1160 3481/527/1160
s 1164
f 3486/522/1161 3485/521/1161 3484/527/1161
s 1165
f 3489/525/1162 3488/524/1162 3487/528/1162
s 1166
f 3492/524/1163 3491/529/1163 3490/528/1163
s 1167
f 3495/528/1164 3494/529/1164 3493/469/1164
s 1168
f 3498/529/1165 3497/467/1165 3496/469/1165
s 1169
f 3501/333/1166 3500/473/1166 3499/324/1166
s 1170
f 3504/473/1167 3503/467/1167 3502/324/1167
s 1171
f 3507/525/1168 3506/528/1168 3505/524/1168
s 1172
f 3510/528/1169 3509/529/1169 3508/524/1169
s 1173
f 3513/528/1170 3512/469/1170 3511/529/1170
s 1174
f 3516/469/1171 3515/467/1171 3514/529/1171
s 1175
f 3519/328/1172 3518/331/1172 3517/327/1172
s 1176
f 3522/331/1173 3521/522/1173 3520/327/1173
s 1177
f 3525/331/1174 3524/327/1174 3523/522/1174
s 1178
f 3528/327/1175 3527/521/1175 3526/522/1175
s 1179
f 3531/327/1176 3530/526/1176 3529/521/1176
s 1180
f 3534/526/1177 3533/523/1177 3532/521/1177
s 1181
f 3537/327/1178 3536/526/1178 3535/316/1178
s 1182
f 3540/526/1179 3539/508/1179 3538/316/1179
s 1183
f 3543/526/1180 3542/523/1180 3541/508/1180
s 1184
f 3546/523/1181 3545/507/1181 3544/508/1181
s 1185
f 3549/525/1182 3548/523/1182 3547/521/1182
s 1186
f 3552/525/1183 3551/524/1183 3550/523/1183
s 1187
f 3555/524/1184 3554/507/1184 3553/523/1184
s 1188
f 3558/524/1185 3557/529/1185 3556/507/1185
s 1189
f 3561/529/1186 3560/520/1186 3559/507/1186
s 1190
f 3564/529/1187 3563/467/1187 3562/520/1187
s 1191
f 3567/467/1188 3566/324/1188 3565/520/1188
s 1192
f 3570/467/1189 3569/473/1189 3568/324/1189
s 1193
f 3573/473/1190 3572/333/1190 3571/324/1190
s 1194
f 3576/512/1191 3575/510/1191 3574/511/1191
s 1195
f 3579/510/1192 3578/512/1192 3577/530/1192
s 1196
f 3582/512/1193 3581/531/1193 3580/530/1193
s 1197
f 3585/319/1194 3584/532/1194 3583/316/1194
s 1198
f 3588/532/1195 3587/526/1195 3586/316/1195
s 1199
f 3591/523/1196 3590/533/1196 3589/524/1196
s 1200
f 3594/533/1197 3593/529/1197 3592/524/1197
s 1201
f 3597/510/1198 3596/530/1198 3595/319/1198
s 1202
f 3600/530/1199 3599/532/1199 3598/319/1199
s 1203
f 3603/530/1200 3602/531/1200 3601/532/1200
s 1204
f 3606/124/1201 3605/219/1201 3604/221/1201
s 1205
f 3609/289/1202 3608/124/1202 3607/221/1202
s 1206
f 3612/289/1203 3611/221/1203 3610/290/1203
s 1207
f 3615/272/1204 3614/289/1204 3613/290/1204
s 1208
f 3618/218/1205 3617/329/1205 3616/322/1205
s 1209
f 3621/219/1206 3620/218/1206 3619/322/1206
s 1210
f 3624/531/1207 3623/534/1207 3622/532/1207
s 1211
f 3627/526/1208 3626/532/1208 3625/523/1208
s 1212
f 3630/532/1209 3629/533/1209 3628/523/1209
s 1213
f 3633/532/1210 3632/534/1210 3631/533/1210
s 1214
f 3636/534/1211 3635/535/1211 3634/533/1211
s 1215
f 3639/326/1212 3638/325/1212 3637/536/1212
s 1216
f 3642/325/1213 3641/520/1213 3640/536/1213
s 1217
f 3645/325/1214 3644/324/1214 3643/520/1214
s 1218
f 3648/324/1215 3647/467/1215 3646/520/1215
s 1219
f 3651/536/1216 3650/537/1216 3649/517/1216
s 1220
f 3654/537/1217 3653/518/1217 3652/517/1217
s 1221
f 3657/529/1218 3656/520/1218 3655/467/1218
s 1222
f 3660/529/1219 3659/533/1219 3658/520/1219
s 1223
f 3663/533/1220 3662/536/1220 3661/520/1220
s 1224
f 3666/533/1221 3665/535/1221 3664/536/1221
s 1225
f 3669/535/1222 3668/537/1222 3667/536/1222
s 1226
f 3672/511/1223 3671/510/1223 3670/509/1223
s 1227
f 3675/510/1224 3674/519/1224 3673/509/1224
s 1228
f 3678/474/1225 3677/469/1225 3676/538/1225
s 1229
f 3681/452/1226 3680/455/1226 3679/457/1226
s 1230
f 3684/294/1227 3683/284/1227 3682/295/1227
s 1231
f 3687/538/1228 3686/278/1228 3685/310/1228
s 1232
f 3690/538/1229 3689/469/1229 3688/278/1229
s 1233
f 3693/469/1230 3692/528/1230 3691/278/1230
s 1234
f 3696/521/1231 3695/295/1231 3694/527/1231
s 1235
f 3699/521/1232 3698/283/1232 3697/295/1232
s 1236
f 3702/283/1233 3701/284/1233 3700/295/1233
s 1237
f 3705/539/1234 3704/540/1234 3703/541/1234
s 1238
f 3708/539/1235 3707/484/1235 3706/540/1235
s 1239
f 3711/484/1236 3710/483/1236 3709/540/1236
s 1240
f 3714/278/1237 3713/528/1237 3712/277/1237
s 1241
f 3717/528/1238 3716/525/1238 3715/277/1238
s 1242
f 3720/295/1239 3719/527/1239 3718/297/1239
s 1243
f 3723/527/1240 3722/295/1240 3721/297/1240
s 1244
f 3726/264/1241 3725/302/1241 3724/542/1241
s 1245
f 3729/302/1242 3728/540/1242 3727/542/1242
s 1246
f 3732/302/1243 3731/543/1243 3730/540/1243
s 1247
f 3735/543/1244 3734/541/1244 3733/540/1244
s 1248
f 3738/277/1245 3737/525/1245 3736/283/1245
s 1249
f 3741/525/1246 3740/521/1246 3739/283/1246
s 1250
f 3744/283/1247 3743/521/1247 3742/295/1247
s 1251
f 3747/521/1248 3746/527/1248 3745/295/1248
s 1252
f 3750/291/1249 3749/453/1249 3748/292/1249
s 1253
f 3753/453/1250 3752/544/1250 3751/292/1250
s 1254
f 3756/291/1251 3755/456/1251 3754/315/1251
s 1255
f 3759/456/1252 3758/291/1252 3757/315/1252
s 1256
f 3762/456/1253 3761/455/1253 3760/291/1253
s 1257
f 3765/455/1254 3764/453/1254 3763/291/1254
s 1258
f 3768/455/1255 3767/452/1255 3766/453/1255
s 1259
f 3771/452/1256 3770/454/1256 3769/453/1256
s 1260
f 3774/283/1257 3773/525/1257 3772/277/1257
s 1261
f 3777/525/1258 3776/528/1258 3775/277/1258
s 1262
f 3780/277/1259 3779/528/1259 3778/278/1259
s 1263
f 3783/528/1260 3782/469/1260 3781/278/1260
s 1264
f 3786/265/1261 3785/451/1261 3784/450/1261
s 1265
f 3789/521/1262 3788/523/1262 3787/283/1262
s 1266
f 3792/523/1263 3791/525/1263 3790/283/1263
s 1267
f 3795/270/1264 3794/288/1264 3793/271/1264
s 1268
f 3798/288/1265 3797/293/1265 3796/271/1265
s 1269
f 3801/211/1266 3800/141/1266 3799/139/1266
s 1270
f 3804/140/1267 3803/211/1267 3802/139/1267
s 1271
f 3807/272/1268 3806/271/1268 3805/315/1268
s 1272
f 3810/271/1269 3809/291/1269 3808/315/1269
s 1273
f 3813/271/1270 3812/293/1270 3811/291/1270
s 1274
f 3816/293/1271 3815/292/1271 3814/291/1271
s 1275
f 3819/544/1272 3818/453/1272 3817/292/1272
s 1276
f 3822/453/1273 3821/291/1273 3820/292/1273
s 1277
f 3825/453/1274 3824/455/1274 3823/291/1274
s 1278
f 3828/289/1275 3827/290/1275 3826/221/1275
s 1279
f 3831/124/1276 3830/289/1276 3829/221/1276
s 1280
f 3834/455/1277 3833/456/1277 3832/291/1277
s 1281
f 3837/451/1278 3836/265/1278 3835/545/1278
s 1282
f 3840/265/1279 3839/264/1279 3838/545/1279
s 1283
f 3843/470/1280 3842/538/1280 3841/469/1280
s 1284
f 3846/538/1281 3845/278/1281 3844/469/1281
s 1285
f 3849/538/1282 3848/310/1282 3847/278/1282
s 1286
f 3852/310/1283 3851/279/1283 3850/278/1283
s 1287
f 3855/360/1284 3854/359/1284 3853/358/1284
s 1288
f 3858/487/1285 3857/195/1285 3856/197/1285
s 1289
f 3861/359/1286 3860/360/1286 3859/494/1286
s 1290
f 3864/360/1287 3863/492/1287 3862/494/1287
s 1291
f 3867/494/1288 3866/492/1288 3865/493/1288
s 1292
f 3870/492/1289 3869/209/1289 3868/493/1289
s 1293
f 3873/358/1290 3872/359/1290 3871/490/1290
s 1294
f 3876/359/1291 3875/491/1291 3874/490/1291
s 1295
f 3879/240/1292 3878/503/1292 3877/241/1292
s 1296
f 3882/503/1293 3881/502/1293 3880/241/1293
s 1297
f 3885/168/1294 3884/241/1294 3883/485/1294
s 1298
f 3888/332/1295 3887/229/1295 3886/218/1295
s 1299
f 3891/329/1296 3890/332/1296 3889/218/1296
s 1300
f 3894/241/1297 3893/501/1297 3892/485/1297
s 1301
f 3897/241/1298 3896/502/1298 3895/501/1298
s 1302
f 3900/502/1299 3899/500/1299 3898/501/1299
s 1303
f 3903/485/1300 3902/501/1300 3901/486/1300
s 1304
f 3906/501/1301 3905/499/1301 3904/486/1301
s 1305
f 3909/501/1302 3908/500/1302 3907/499/1302
s 1306
f 3912/500/1303 3911/498/1303 3910/499/1303
s 1307
f 3915/486/1304 3914/499/1304 3913/488/1304
s 1308
f 3918/499/1305 3917/496/1305 3916/488/1305
s 1309
f 3921/499/1306 3920/498/1306 3919/496/1306
s 1310
f 3924/498/1307 3923/495/1307 3922/496/1307
s 1311
f 3927/493/1308 3926/209/1308 3925/343/1308
s 1312
f 3930/209/1309 3929/208/1309 3928/343/1309
s 1313
f 3933/195/1310 3932/487/1310 3931/177/1310
s 1314
f 3936/487/1311 3935/489/1311 3934/177/1311
s 1315
f 3939/177/1312 3938/489/1312 3937/178/1312
s 1316
f 3942/489/1313 3941/497/1313 3940/178/1313
s 1317
f 3945/497/1314 3944/496/1314 3943/495/1314
s 1318
f 3948/497/1315 3947/489/1315 3946/496/1315
s 1319
f 3951/489/1316 3950/488/1316 3949/496/1316
s 1320
f 3954/489/1317 3953/487/1317 3952/488/1317
s 1321
f 3957/487/1318 3956/486/1318 3955/488/1318
s 1322
f 3960/487/1319 3959/197/1319 3958/486/1319
s 1323
f 3963/197/1320 3962/485/1320 3961/486/1320
s 1324
f 3966/197/1321 3965/169/1321 3964/485/1321
s 1325
f 3969/169/1322 3968/168/1322 3967/485/1322
s 1326
f 3972/546/1323 3971/547/1323 3970/516/1323
s 1327
f 3975/548/1324 3974/534/1324 3973/531/1324
s 1328
f 3978/516/1325 3977/547/1325 3976/505/1325
s 1329
f 3981/547/1326 3980/549/1326 3979/505/1326
s 1330
f 5107/365/1327 3984/550/1327 5105/551/1327
s 1331
f 3988/548/1328 3987/531/1328 3986/552/1328
s 1332
f 3991/531/1329 3990/512/1329 3989/552/1329
s 1333
f 3994/552/1330 3993/512/1330 3992/553/1330
s 1334
f 3997/512/1331 3996/511/1331 3995/553/1331
s 1335
f 4000/537/1332 3999/535/1332 3998/554/1332
s 1336
f 4003/535/1333 4002/555/1333 4001/554/1333
s 1337
f 4006/548/1334 4005/552/1334 4004/556/1334
s 1338
f 4009/261/1335 4008/193/1335 4007/192/1335
s 1339
f 4012/552/1334 4011/557/1334 4010/556/1334
s 1340
f 4015/552/1336 4014/512/1336 4013/514/1336
s 1341
f 4018/552/1337 4017/553/1337 4016/512/1337
s 1342
f 4021/553/1338 4020/511/1338 4019/512/1338
s 1343
f 4024/505/1339 4023/549/1339 4022/506/1339
s 1344
f 4027/117/1340 4026/118/1340 4025/116/1340
s 1345
f 4030/115/1341 4029/117/1341 4028/116/1341
s 1346
f 4033/115/1342 4032/116/1342 4031/558/1342
s 1347
f 4036/116/1343 4035/115/1343 4034/558/1343
s 1348
f 4039/549/1344 4038/559/1344 4037/506/1344
s 1349
f 4042/549/1345 4041/547/1345 4040/559/1345
s 1350
f 4045/547/1346 4044/546/1346 4043/559/1346
s 1351
f 4048/506/1347 4047/559/1347 4046/514/1347
s 1352
f 4051/559/1348 4050/552/1348 4049/514/1348
s 1353
f 4257/560/1349 4054/106/1349 4235/561/1349
s 1354
f 4057/559/1350 4056/546/1350 4055/552/1350
s 1355
f 4060/546/1350 4059/557/1350 4058/552/1350
s 1356
f 4063/546/1351 4062/516/1351 4061/557/1351
s 1357
f 4066/516/1352 4065/518/1352 4064/557/1352
s 1358
f 4069/534/1353 4068/555/1353 4067/535/1353
s 1359
f 4072/534/1354 4071/548/1354 4070/555/1354
s 1360
f 4075/548/1355 4074/554/1355 4073/555/1355
s 1361
f 4078/562/1356 4077/563/1356 4076/564/1356
s 1362
f 4081/565/1357 4080/562/1357 4079/564/1357
s 1363
f 4259/566/1358 4084/565/1358 4244/567/1358
s 1364
f 4087/568/1359 4086/569/1359 4085/570/1359
s 1365
f 4090/571/1360 4089/568/1360 4088/570/1360
s 1366
f 4093/571/1361 4092/570/1361 4091/565/1361
s 1367
f 4096/562/1362 4095/571/1362 4094/565/1362
s 1368
f 4099/562/1363 4098/565/1363 4097/564/1363
s 1369
f 4102/563/1364 4101/562/1364 4100/564/1364
s 1370
f 4260/572/1365 4104/564/1365 4247/573/1365
s 1371
f 4107/571/1366 4106/562/1366 4105/565/1366
s 1372
f 4110/570/1367 4109/571/1367 4108/565/1367
s 1373
f 4261/574/1368 4113/570/1368 4248/575/1368
s 1374
f 4262/576/1369 4251/577/1369 4114/110/1369
s 1375
f 4255/578/1370 4119/108/1370 4254/579/1370
s 1376
f 4122/568/1371 4121/571/1371 4120/570/1371
s 1377
f 4125/569/1372 4124/568/1372 4123/570/1372
s 1378
f 4130/109/1373 4129/111/1373 4128/110/1373
s 1379
f 4133/108/1374 4132/109/1374 4131/110/1374
s 1380
f 4136/107/1375 4135/109/1375 4134/108/1375
s 1381
f 4139/106/1376 4138/107/1376 4137/108/1376
s 1382
f 4142/105/1377 4141/107/1377 4140/106/1377
s 1383
f 4145/103/1378 4144/105/1378 4143/106/1378
s 1384
f 4258/580/1379 4146/108/1379 4243/578/1379
s 1385
f 4149/548/1380 4148/556/1380 4147/554/1380
s 1386
f 4152/556/1381 4151/537/1381 4150/554/1381
s 1387
f 4155/556/1382 4154/557/1382 4153/537/1382
s 1388
f 4158/557/1383 4157/518/1383 4156/537/1383
s 1389
f 4162/581/1384 5108/582/1384 5110/583/1384
s 1390
f 4268/584/1385 4165/570/1385 4265/585/1385
s 1391
f 4285/586/1386 4170/108/1386 4280/587/1386
s 1392
f 4275/588/1387 4276/589/1387 4171/564/1387
s 1393
f 4288/590/1388 4289/588/1388 4172/564/1388
s 1394
f 4273/590/1389 4173/565/1389 4270/591/1389
s 1395
f 4281/592/1390 4282/591/1390 4175/565/1390
s 1396
f 4266/592/1391 4176/570/1391 4263/584/1391
s 1397
f 4264/593/1392 4180/106/1392 4290/594/1392
s 1398
f 5114/595/1393 4181/147/1393 5111/596/1393
s 1399
f 4185/146/1394 4184/143/1394 4183/147/1394
s 1400
f 4188/146/1395 4187/145/1395 4186/143/1395
s 1401
f 4191/145/1395 4190/144/1395 4189/143/1395
s 1402
f 4194/393/1396 4193/435/1396 4192/392/1396
s 1403
f 4199/113/1397 4198/120/1397 4197/121/1397
s 1404
f 4202/120/1398 4201/118/1398 4200/121/1398
s 1405
f 4205/510/1399 4204/509/1399 4203/519/1399
f 4204/509/1399 4206/597/1399 4203/519/1399
s 1406
f 4209/520/1400 4208/324/1400 4207/325/1400
s 1407
f 4212/324/1401 4211/326/1401 4210/325/1401
s 1227
f 3673/509/1224 3674/519/1224 4213/597/1224
s 1408
f 4216/326/1402 4215/536/1402 4214/336/1402
s 1409
f 4219/536/1403 4218/517/1403 4217/336/1403
s 1410
f 4222/510/1404 4221/319/1404 4220/519/1404
s 1411
f 4225/319/1405 4224/318/1405 4223/519/1405
s 1412
f 5117/598/1406 5118/599/1406 4228/581/1406
s 1413
f 5135/583/1407 5136/600/1407 4229/581/1407
s 1414
f 4231/147/1407 5113/600/1407 5115/596/1407
s 1415
f 4234/119/1408 4233/120/1408 4232/113/1408
s 1416
f 4127/569/1409 4253/601/1409 4252/602/1409
s 1417
f 4052/103/1410 4249/561/1410 4053/106/1410
s 1418
f 4117/106/1411 4245/579/1411 4118/108/1411
s 1419
f 4241/580/1412 4115/110/1412 4116/108/1412
s 1420
f 4112/570/1413 4240/566/1413 4239/575/1413
s 1421
f 4103/564/1414 4242/603/1414 4238/573/1414
s 1422
f 4083/565/1415 4237/604/1415 4236/567/1415
s 1423
f 4167/110/1416 4286/605/1416 4168/108/1416
s 1424
f 4163/569/1417 4283/585/1417 4164/570/1417
s 1425
f 4179/106/1418 4278/586/1418 4277/594/1418
s 1426
f 4166/110/1419 4279/606/1419 4274/607/1419
s 1427
f 4169/108/1420 4272/605/1420 4269/587/1420
s 1428
f 4271/593/1421 4195/103/1421 4196/106/1421
s 1680
f 5134/383/1673 4159/550/1673 4160/367/1673
s 1681
f 3983/581/1674 5126/551/1674 3982/550/1674
s 1682
f 4227/147/1406 5109/598/1406 4226/581/1406
s 1683
f 2084/145/1675 5098/338/1675 2085/146/1675
s 289
f 876/147/286 875/146/286 5119/148/286
s 907
f 2715/145/904 2714/146/904 5104/386/904
s 1330
f 5107/365/1327 3985/367/1327 3984/550/1327
s 1389
f 4162/581/1384 4161/550/1384 5108/582/1384
s 1394
f 4273/590/1389 4174/564/1389 4173/565/1389
s 1396
f 4266/592/1391 4177/565/1391 4176/570/1391
s 1398
f 5114/595/1393 4182/146/1393 4181/147/1393
s 1414
f 4231/147/1407 4230/581/1407 5113/600/1407
s 1416
f 4127/569/1409 4126/570/1409 4253/601/1409
s 1417
f 4052/103/1410 4250/761/1410 4249/561/1410
s 1418
f 4117/106/1411 4246/560/1411 4245/579/1411
s 1419
f 4241/580/1412 4256/576/1412 4115/110/1412
s 1420
f 4112/570/1413 4111/565/1413 4240/566/1413
s 1422
f 4083/565/1415 4082/564/1415 4237/604/1415
s 1423
f 4167/110/1416 4287/607/1416 4286/605/1416
s 1424
f 4163/569/1417 4284/762/1417 4283/585/1417
s 1425
f 4179/106/1418 4178/108/1418 4278/586/1418
s 1428
f 4271/593/1421 4267/763/1421 4195/103/1421
s 1680
f 5134/383/1673 5130/582/1673 4159/550/1673
s 1681
f 3983/581/1674 5129/599/1674 5126/551/1674
s 1682
f 4227/147/1406 5112/770/1406 5109/598/1406
s 1683
f 2084/145/1675 5099/771/1675 5098/338/1675
s 1429
g Dongkarasuout.001_DongkarasuDh.001
usemtl DongkarasuDh.001
f 4293/608/1422 4292/609/1422 4291/610/1422
s 1430
f 4296/609/1423 4295/611/1423 4294/610/1423
s 1431
f 4299/612/1424 4298/613/1424 4297/614/1424
s 1432
f 4302/613/1425 4301/615/1425 4300/614/1425
s 1433
f 4305/616/1426 4304/617/1426 4303/618/1426
s 1434
f 4308/617/1427 4307/619/1427 4306/618/1427
s 1435
f 4670/620/1428 4671/621/1428 4309/622/1428
s 1436
f 4314/623/1429 4313/622/1429 4312/624/1429
s 1437
f 4317/625/1430 4316/623/1430 4315/624/1430
s 1438
f 4320/625/1431 4319/624/1431 4318/626/1431
s 1439
f 4323/627/1432 4322/625/1432 4321/626/1432
s 1440
f 4326/627/1433 4325/626/1433 4324/628/1433
s 1441
f 4329/629/1434 4328/627/1434 4327/628/1434
s 1442
f 4647/630/1435 4648/631/1435 4330/632/1435
s 1443
f 4335/633/1436 4334/632/1436 4333/634/1436
s 1444
f 4338/635/1437 4337/633/1437 4336/634/1437
s 1445
f 4341/635/1438 4340/634/1438 4339/636/1438
s 1446
f 4652/637/1439 4653/638/1439 4342/639/1439
s 1447
f 4348/632/1440 4347/639/1440 4346/640/1440
s 1448
f 4351/634/1441 4350/632/1441 4349/640/1441
s 1449
f 4354/634/1442 4353/640/1442 4352/641/1442
s 1450
f 4357/642/1443 4356/634/1443 4355/641/1443
s 1451
f 4654/643/1444 4655/644/1444 4358/633/1444
s 1452
f 4643/645/1445 4644/646/1445 4361/647/1445
s 1453
f 4658/648/1446 4659/645/1446 4364/647/1446
s 1454
f 4656/649/1447 4369/650/1447 4649/651/1447
s 1455
f 4662/652/1448 4663/653/1448 4370/623/1448
s 1456
f 4375/654/1449 4374/623/1449 4373/625/1449
s 1457
f 4378/627/1450 4377/654/1450 4376/625/1450
s 1458
f 4381/655/1451 4380/641/1451 4379/640/1451
s 1459
f 4384/656/1452 4383/655/1452 4382/640/1452
s 1460
f 4387/656/1453 4386/640/1453 4385/639/1453
s 1461
f 4390/657/1454 4389/656/1454 4388/639/1454
s 1462
f 4393/658/1455 4392/659/1455 4391/660/1455
s 1463
f 4396/629/1456 4395/658/1456 4394/660/1456
s 1464
f 4399/629/1457 4398/660/1457 4397/650/1457
s 1465
f 4402/627/1458 4401/629/1458 4400/650/1458
s 1466
f 4675/661/1459 4676/662/1459 4403/635/1459
s 1467
f 4408/627/1460 4407/650/1460 4406/654/1460
s 1468
f 4657/663/1461 4409/664/1461 4650/665/1461
s 1469
f 4669/638/1462 4413/666/1462 4665/665/1462
s 1470
f 4417/667/1463 4416/656/1463 4415/657/1463
s 1471
f 4420/668/1464 4419/667/1464 4418/657/1464
s 1472
f 4423/669/1465 4422/626/1465 4421/624/1465
s 1473
f 4426/634/1466 4425/642/1466 4424/636/1466
s 1474
f 4429/670/1467 4428/642/1467 4427/641/1467
s 1475
f 4432/671/1468 4431/670/1468 4430/641/1468
s 1476
f 4435/671/1469 4434/641/1469 4433/655/1469
s 1477
f 4438/672/1470 4437/671/1470 4436/655/1470
s 1478
f 4441/672/1471 4440/655/1471 4439/673/1471
s 1479
f 4444/674/1472 4443/672/1472 4442/673/1472
s 1480
f 4447/674/1473 4446/673/1473 4445/675/1473
s 1481
f 4450/676/1474 4449/674/1474 4448/675/1474
s 1482
f 4453/676/1475 4452/675/1475 4451/677/1475
s 1483
f 4456/678/1476 4455/676/1476 4454/677/1476
s 1484
f 4459/679/1477 4458/629/1477 4457/628/1477
s 1485
f 4462/680/1478 4461/679/1478 4460/628/1478
s 1486
f 4465/680/1479 4464/628/1479 4463/681/1479
s 1487
f 4468/682/1480 4467/680/1480 4466/681/1480
s 1488
f 4471/682/1481 4470/681/1481 4469/683/1481
s 1489
f 4474/684/1482 4473/682/1482 4472/683/1482
s 1490
f 4477/684/1483 4476/683/1483 4475/685/1483
s 1491
f 4480/609/1484 4479/684/1484 4478/685/1484
s 1492
f 4483/686/1485 4482/687/1485 4481/688/1485
s 1493
f 4486/689/1486 4485/686/1486 4484/688/1486
s 1494
f 4489/689/1487 4488/688/1487 4487/673/1487
s 1495
f 4492/656/1488 4491/689/1488 4490/673/1488
s 1496
f 4495/656/1489 4494/673/1489 4493/655/1489
s 1497
f 4498/690/1490 4497/691/1490 4496/692/1490
s 1498
f 4501/693/1491 4500/690/1491 4499/692/1491
s 1499
f 4504/693/1492 4503/692/1492 4502/694/1492
s 1500
f 4507/671/1493 4506/693/1493 4505/694/1493
s 1501
f 4510/671/1494 4509/694/1494 4508/670/1494
s 1502
f 4513/695/1495 4512/670/1495 4511/694/1495
s 1503
f 4516/696/1496 4515/695/1496 4514/694/1496
s 1504
f 4519/696/1497 4518/694/1497 4517/692/1497
s 1505
f 4522/697/1498 4521/696/1498 4520/692/1498
s 1506
f 4525/681/1499 4524/628/1499 4523/626/1499
s 1507
f 4528/698/1500 4527/681/1500 4526/626/1500
s 1508
f 4531/698/1501 4530/626/1501 4529/669/1501
s 1509
f 4534/699/1502 4533/700/1502 4532/701/1502
s 1510
f 4537/702/1503 4536/699/1503 4535/701/1503
s 1511
f 4540/702/1504 4539/701/1504 4538/703/1504
s 1512
f 4543/704/1505 4542/705/1505 4541/691/1505
s 1513
f 4546/706/1506 4545/704/1506 4544/691/1506
s 1514
f 4549/706/1507 4548/691/1507 4547/690/1507
s 1515
f 4552/707/1508 4551/708/1508 4550/697/1508
s 1516
f 4555/709/1509 4554/707/1509 4553/697/1509
s 1517
f 4558/709/1510 4557/697/1510 4556/692/1510
s 1518
f 4561/613/1511 4560/612/1511 4559/710/1511
s 1519
f 4564/684/1512 4563/613/1512 4562/710/1512
s 1520
f 4567/684/1513 4566/710/1513 4565/682/1513
s 1521
f 4570/617/1514 4569/616/1514 4568/711/1514
s 1522
f 4573/710/1515 4572/617/1515 4571/711/1515
s 1523
f 4576/710/1516 4575/711/1516 4574/682/1516
s 1524
f 4579/712/1517 4578/679/1517 4577/713/1517
s 1525
f 4582/714/1518 4581/712/1518 4580/713/1518
s 1526
f 4585/714/1519 4584/713/1519 4583/711/1519
s 1527
f 4588/715/1520 4587/716/1520 4586/717/1520
s 1528
f 4591/718/1521 4590/715/1521 4589/717/1521
s 1529
f 4594/679/1522 4593/715/1522 4592/718/1522
s 1530
f 4597/629/1523 4596/679/1523 4595/718/1523
s 1531
f 4600/683/1524 4599/681/1524 4598/698/1524
s 1532
f 4603/719/1525 4602/683/1525 4601/698/1525
s 1533
f 4606/714/1526 4605/720/1526 4604/721/1526
s 1534
f 4609/712/1527 4608/714/1527 4607/721/1527
s 1535
f 4612/693/1528 4611/671/1528 4610/672/1528
s 1536
f 4615/674/1529 4614/693/1529 4613/672/1529
s 1537
f 4618/703/1530 4617/701/1530 4616/690/1530
s 1538
f 4621/693/1531 4620/703/1531 4619/690/1531
s 1539
f 4624/703/1532 4623/693/1532 4622/674/1532
s 1540
f 4627/676/1533 4626/703/1533 4625/674/1533
s 1541
f 4630/713/1534 4629/679/1534 4628/680/1534
s 1542
f 4633/682/1535 4632/713/1535 4631/680/1535
s 1543
f 4636/684/1536 4635/609/1536 4634/608/1536
s 1544
f 4639/683/1537 4638/719/1537 4637/685/1537
s 1545
f 4642/682/1538 4641/711/1538 4640/713/1538
s 1466
f 4696/722/1459 4676/662/1459 4675/661/1459
s 1546
f 4368/650/1539 4677/648/1539 4674/651/1539
s 1435
f 4694/723/1428 4670/620/1428 4693/724/1428
s 1547
f 4673/662/1540 4359/633/1540 4360/635/1540
s 1548
f 4672/725/1541 4344/639/1541 4345/632/1541
s 1469
f 4669/638/1462 4412/664/1462 4414/639/1462
s 1455
f 4690/726/1448 4662/652/1448 4689/727/1448
s 1549
f 4666/728/1542 4331/632/1542 4332/633/1542
s 1550
f 4664/649/1543 4404/654/1543 4405/650/1543
s 1453
f 4365/729/1446 4658/648/1446 4366/650/1446
s 1451
f 4683/730/1444 4655/644/1444 4654/643/1444
s 1446
f 4343/666/1439 4652/637/1439 4682/731/1439
s 1468
f 4411/666/1461 4657/663/1461 4650/665/1461
s 1454
f 4656/649/1447 4700/732/1447 4685/733/1447
s 1442
f 4680/734/1435 4648/631/1435 4647/630/1435
s 1551
f 4311/623/1544 4646/620/1544 4310/622/1544
s 1552
f 4372/654/1545 4678/652/1545 4371/623/1545
s 1452
f 4363/729/1445 4644/646/1445 4643/645/1445
s 1552
f 4645/735/1545 4698/727/1545 4678/652/1545
s 1546
f 4367/647/1539 4706/732/1539 4674/651/1539
s 1547
f 4705/736/1540 4668/643/1540 4673/662/1540
s 1548
f 4704/737/1541 4667/637/1541 4672/725/1541
s 1549
f 4703/738/1542 4661/630/1542 4666/728/1542
s 1550
f 4702/739/1543 4660/735/1543 4664/649/1543
s 1551
f 4651/653/1544 4679/724/1544 4646/620/1544
s 1468
f 4657/663/1461 4410/750/1461 4409/664/1461
s 1466
f 4696/722/1459 4697/736/1459 4676/662/1459
s 1435
f 4694/723/1428 4671/621/1428 4670/620/1428
s 1547
f 4673/662/1540 4668/643/1540 4359/633/1540
s 1548
f 4672/725/1541 4667/637/1541 4344/639/1541
s 1469
f 4669/638/1462 4665/665/1462 4412/664/1462
s 1455
f 4690/726/1448 4663/653/1448 4662/652/1448
s 1549
f 4666/728/1542 4661/630/1542 4331/632/1542
s 1550
f 4664/649/1543 4660/735/1543 4404/654/1543
s 1453
f 4365/729/1446 4659/645/1446 4658/648/1446
s 1451
f 4683/730/1444 4684/764/1444 4655/644/1444
s 1446
f 4682/731/1439 4686/765/1439 4343/666/1439
f 4343/666/1439 4653/638/1439 4652/637/1439
s 1454
f 4656/649/1447 4649/651/1447 4700/732/1447
s 1442
f 4680/734/1435 4681/737/1435 4648/631/1435
s 1551
f 4311/623/1544 4651/653/1544 4646/620/1544
s 1552
f 4372/654/1545 4645/735/1545 4678/652/1545
s 1452
f 4363/729/1445 4362/740/1445 4644/646/1445
s 1552
f 4645/735/1545 4699/766/1545 4698/727/1545
s 1546
f 4674/651/1539 4677/648/1539 4367/647/1539
f 4367/647/1539 4695/767/1539 4706/732/1539
s 1547
f 4705/736/1540 4692/730/1540 4668/643/1540
s 1548
f 4704/737/1541 4691/731/1541 4667/637/1541
s 1549
f 4703/738/1542 4688/734/1542 4661/630/1542
s 1550
f 4702/739/1543 4687/766/1543 4660/735/1543
s 1551
f 4651/653/1544 4701/726/1544 4679/724/1544
s 1553
g Dongkarasuout.001_DongkarasuDh.002
usemtl DongkarasuDh.002
f 4709/697/1546 4708/708/1546 4707/707/1546
s 1554
f 4712/706/1547 4711/691/1547 4710/704/1547
s 1555
f 4715/691/1548 4714/705/1548 4713/704/1548
s 1556
f 4718/702/1549 4717/701/1549 4716/699/1549
s 1557
f 4721/701/1550 4720/700/1550 4719/699/1550
s 1558
f 4724/709/1551 4723/697/1551 4722/707/1551
s 1559
f 4727/689/1552 4726/688/1552 4725/686/1552
s 1560
f 4730/673/1553 4729/688/1553 4728/689/1553
s 1561
f 4733/656/1554 4732/673/1554 4731/689/1554
s 1562
f 4736/660/1555 4735/659/1555 4734/658/1555
s 1563
f 4739/629/1556 4738/660/1556 4737/658/1556
s 1564
f 4742/634/1557 4741/635/1557 4740/636/1557
s 1565
f 4745/642/1558 4744/634/1558 4743/636/1558
s 1566
f 4748/650/1559 4747/660/1559 4746/629/1559
s 1567
f 4751/627/1560 4750/650/1560 4749/629/1560
s 1568
f 4754/654/1561 4753/650/1561 4752/627/1561
s 1569
f 4757/625/1562 4756/654/1562 4755/627/1562
s 1570
f 4760/688/1563 4759/687/1563 4758/686/1563
s 1571
f 4763/650/1564 4762/647/1564 4761/729/1564
s 1572
f 4766/647/1565 4765/740/1565 4764/729/1565
s 1573
f 5083/741/1566 5084/742/1566 4768/106/1566
s 1574
f 5065/743/1567 5066/741/1567 4769/106/1567
s 1575
f 4772/613/1568 4771/684/1568 4770/710/1568
s 1576
f 4775/721/1569 4774/720/1569 4773/714/1569
s 1577
f 4778/712/1570 4777/721/1570 4776/714/1570
s 1578
f 4781/712/1571 4780/714/1571 4779/713/1571
s 1579
f 4784/679/1572 4783/712/1572 4782/713/1572
s 1580
f 4787/679/1573 4786/713/1573 4785/680/1573
s 1581
f 4790/628/1574 4789/679/1574 4788/680/1574
s 1582
f 4793/628/1575 4792/680/1575 4791/681/1575
s 1583
f 4796/626/1576 4795/628/1576 4794/681/1576
s 1584
f 4799/626/1577 4798/681/1577 4797/698/1577
s 1585
f 4802/669/1578 4801/626/1578 4800/698/1578
s 1586
f 5090/744/1579 5091/745/1579 4803/635/1579
s 1587
f 4808/633/1580 4807/635/1580 4806/634/1580
s 1588
f 4811/632/1581 4810/633/1581 4809/634/1581
s 1589
f 4814/632/1582 4813/634/1582 4812/640/1582
s 1590
f 4817/639/1583 4816/632/1583 4815/640/1583
s 1591
f 4820/639/1584 4819/640/1584 4818/656/1584
s 1592
f 4823/657/1585 4822/639/1585 4821/656/1585
s 1593
f 4826/657/1586 4825/656/1586 4824/667/1586
s 1594
f 4829/668/1587 4828/657/1587 4827/667/1587
s 1595
f 4831/647/1588 5079/746/1588 5085/747/1588
s 1596
f 5093/748/1589 5094/746/1589 4832/650/1589
s 1597
f 5077/748/1590 4833/654/1590 5074/749/1590
s 1598
f 4839/623/1591 4838/654/1591 4837/625/1591
s 1599
f 4842/624/1592 4841/623/1592 4840/625/1592
s 1600
f 4845/624/1593 4844/625/1593 4843/626/1593
s 1601
f 4848/669/1594 4847/624/1594 4846/626/1594
s 1602
f 4851/717/1595 4850/716/1595 4849/715/1595
s 1603
f 4854/718/1596 4853/717/1596 4852/715/1596
s 1604
f 4857/718/1597 4856/715/1597 4855/679/1597
s 1605
f 4860/629/1598 4859/718/1598 4858/679/1598
s 1606
f 4863/629/1599 4862/679/1599 4861/628/1599
s 1607
f 4866/627/1600 4865/629/1600 4864/628/1600
s 1608
f 4869/627/1601 4868/628/1601 4867/626/1601
s 1609
f 4872/625/1602 4871/627/1602 4870/626/1602
s 1610
f 4875/701/1603 4874/702/1603 4873/703/1603
s 1611
f 4878/690/1604 4877/701/1604 4876/703/1604
s 1612
f 4881/690/1605 4880/703/1605 4879/693/1605
s 1613
f 4884/692/1606 4883/690/1606 4882/693/1606
s 1614
f 4887/692/1607 4886/693/1607 4885/694/1607
s 1615
f 4890/696/1608 4889/692/1608 4888/694/1608
s 1616
f 4893/696/1609 4892/694/1609 4891/695/1609
s 1617
f 4896/670/1610 4895/695/1610 4894/694/1610
s 1618
f 4899/671/1611 4898/670/1611 4897/694/1611
s 1619
f 4902/671/1612 4901/694/1612 4900/693/1612
s 1620
f 4905/672/1613 4904/671/1613 4903/693/1613
s 1621
f 4908/672/1614 4907/693/1614 4906/674/1614
s 1622
f 4911/673/1615 4910/672/1615 4909/674/1615
s 1623
f 4914/673/1616 4913/674/1616 4912/675/1616
s 1624
f 4917/664/1617 4916/750/1617 4915/666/1617
s 1625
f 4920/639/1618 4919/664/1618 4918/666/1618
s 1626
f 4931/711/1619 4930/617/1619 4929/710/1619
s 1627
f 4934/682/1620 4933/711/1620 4932/710/1620
s 1628
f 4937/682/1621 4936/710/1621 4935/684/1621
s 1629
f 4940/683/1622 4939/682/1622 4938/684/1622
s 1630
f 4943/683/1623 4942/684/1623 4941/685/1623
s 1631
f 4946/719/1624 4945/683/1624 4944/685/1624
s 1632
f 4949/680/1625 4948/713/1625 4947/682/1625
s 1633
f 4952/681/1626 4951/680/1626 4950/682/1626
s 1634
f 4955/681/1627 4954/682/1627 4953/683/1627
s 1635
f 4958/698/1628 4957/681/1628 4956/683/1628
s 1636
f 4961/698/1629 4960/683/1629 4959/719/1629
s 1637
f 4964/655/1630 4963/656/1630 4962/640/1630
s 1638
f 4967/641/1631 4966/655/1631 4965/640/1631
s 1639
f 4970/641/1632 4969/640/1632 4968/634/1632
s 1640
f 4973/642/1633 4972/641/1633 4971/634/1633
s 1641
f 4976/618/1634 4975/619/1634 4974/617/1634
s 1642
f 4979/616/1635 4978/618/1635 4977/617/1635
s 1643
f 4982/616/1636 4981/617/1636 4980/711/1636
s 1644
f 4985/614/1637 4984/615/1637 4983/613/1637
s 1645
f 4988/612/1638 4987/614/1638 4986/613/1638
s 1646
f 4991/612/1639 4990/613/1639 4989/710/1639
s 1647
f 4994/610/1640 4993/611/1640 4992/609/1640
s 1648
f 4997/608/1641 4996/610/1641 4995/609/1641
s 1649
f 5000/608/1642 4999/609/1642 4998/684/1642
s 1650
f 5003/676/1643 5002/675/1643 5001/674/1643
s 1651
f 5006/703/1644 5005/676/1644 5004/674/1644
s 1652
f 5009/703/1645 5008/674/1645 5007/693/1645
s 1653
f 5014/622/1646 5013/106/1646 5012/623/1646
s 1654
f 5017/622/1647 5016/623/1647 5015/624/1647
s 1655
f 5020/673/1648 5019/656/1648 5018/655/1648
s 1656
f 5023/672/1649 5022/673/1649 5021/655/1649
s 1657
f 5026/672/1650 5025/655/1650 5024/671/1650
s 1658
f 5029/671/1651 5028/655/1651 5027/641/1651
s 1659
f 5032/670/1652 5031/671/1652 5030/641/1652
s 1660
f 5035/670/1653 5034/641/1653 5033/642/1653
s 1661
f 5038/609/1654 5037/685/1654 5036/684/1654
s 1662
f 5041/690/1655 5040/692/1655 5039/691/1655
s 1663
f 5044/706/1656 5043/690/1656 5042/691/1656
s 1664
f 5047/692/1657 5046/696/1657 5045/697/1657
s 1665
f 5050/709/1658 5049/692/1658 5048/697/1658
s 1666
f 5053/676/1659 5052/678/1659 5051/677/1659
s 1667
f 5056/675/1660 5055/676/1660 5054/677/1660
s 1668
f 5059/713/1661 5058/714/1661 5057/711/1661
s 1669
f 5062/682/1662 5061/713/1662 5060/711/1662
s 1670
f 4923/639/1663 5095/751/1663 4924/632/1663
s 1671
f 4926/632/1664 5087/752/1664 4927/633/1664
s 1672
f 5092/753/1665 4835/654/1665 4836/623/1665
s 1673
f 5089/754/1666 5010/623/1666 5011/106/1666
s 1674
f 4921/666/1667 5080/755/1667 4922/639/1667
s 1675
f 4925/632/1668 5078/751/1668 5075/756/1668
s 1676
f 4767/106/1669 5076/742/1669 5072/754/1669
s 1677
f 5063/622/1670 5070/743/1670 5064/106/1670
s 1678
f 4805/633/1671 5068/744/1671 4804/635/1671
s 1679
f 4928/633/1672 5069/752/1672 5067/757/1672
s 1595
f 4831/647/1588 4830/650/1588 5079/746/1588
s 1597
f 5077/748/1590 4834/650/1590 4833/654/1590
s 1670
f 4923/639/1663 5096/755/1663 5095/751/1663
s 1671
f 4926/632/1664 5088/756/1664 5087/752/1664
s 1672
f 5092/753/1665 5086/749/1665 4835/654/1665
s 1673
f 5089/754/1666 5082/753/1666 5010/623/1666
s 1674
f 4921/666/1667 5081/768/1667 5080/755/1667
s 1677
f 5063/622/1670 5071/769/1670 5070/743/1670
s 1678
f 4805/633/1671 5073/757/1671 5068/744/1671
