# Blender 5.0.1
# www.blender.org
mtllib derechaB.mtl
g derechaB_Malla
v -0.282589 -0.740546 0.043706
v -0.164534 -0.834150 0.281846
v -0.106078 -0.904945 -0.000480
v -0.227587 -0.933052 -0.338241
v -0.282589 -0.740546 0.043706
v -0.106078 -0.904945 -0.000480
v -0.369399 -0.878200 -0.330183
v -0.282589 -0.740546 0.043706
v -0.227587 -0.933052 -0.338241
v -0.482509 -0.783104 -0.067850
v -0.282589 -0.740546 0.043706
v -0.369399 -0.878200 -0.330183
v -0.480660 -0.743232 0.160572
v -0.282589 -0.740546 0.043706
v -0.482509 -0.783104 -0.067850
v -0.324537 -0.763316 0.336683
v -0.282589 -0.740546 0.043706
v -0.480660 -0.743232 0.160572
v -0.181132 -0.000020 0.068886
v -0.199057 -0.002275 -0.095365
v -0.165821 0.125577 -0.094043
v -0.181132 -0.000020 0.068886
v -0.133567 0.084808 0.092085
v -0.021206 -0.053363 0.253054
v -0.084860 -0.006378 -0.278668
v -0.139998 -0.558309 -0.290548
v -0.176654 -0.730392 -0.287748
v -0.049782 -0.734265 0.022443
v -0.227587 -0.933052 -0.338241
v -0.106078 -0.904945 -0.000480
v -0.176654 -0.730392 -0.287748
v -0.257677 -0.485418 -0.269821
v -0.313618 -0.680759 -0.289766
v -0.176654 -0.730392 -0.287748
v -0.176654 -0.730392 -0.287748
v -0.139998 -0.558309 -0.290548
v -0.257677 -0.485418 -0.269821
v -0.320435 -0.365878 -0.112757
v -0.257677 -0.485418 -0.269821
v -0.221558 -0.382701 -0.247388
v -0.320435 -0.365878 -0.112757
v -0.221558 -0.382701 -0.247388
v -0.293815 -0.279809 -0.107248
v -0.084860 -0.006378 -0.278668
v -0.168680 -0.284267 -0.249884
v -0.055600 -0.343911 -0.272225
v -0.320435 -0.365878 -0.112757
v -0.356089 -0.448652 -0.118149
v -0.257677 -0.485418 -0.269821
v -0.360519 -0.460949 0.037603
v -0.356089 -0.448652 -0.118149
v -0.320435 -0.365878 -0.112757
v -0.424428 -0.572416 0.153572
v -0.356089 -0.448652 -0.118149
v -0.360519 -0.460949 0.037603
v -0.424428 -0.572416 0.153572
v -0.360519 -0.460949 0.037603
v -0.252058 -0.501126 0.170322
v -0.324537 -0.763316 0.336683
v -0.291281 -0.625135 0.304777
v -0.113535 -0.667860 0.261927
v -0.324537 -0.763316 0.336683
v -0.480660 -0.743232 0.160572
v -0.291281 -0.625135 0.304777
v -0.480660 -0.743232 0.160572
v -0.424428 -0.572416 0.153572
v -0.291281 -0.625135 0.304777
v -0.480660 -0.743232 0.160572
v -0.432339 -0.597644 -0.068728
v -0.424428 -0.572416 0.153572
v -0.424428 -0.572416 0.153572
v -0.432339 -0.597644 -0.068728
v -0.356089 -0.448652 -0.118149
v -0.356089 -0.448652 -0.118149
v -0.432339 -0.597644 -0.068728
v -0.313618 -0.680759 -0.289766
v -0.432339 -0.597644 -0.068728
v -0.369399 -0.878200 -0.330183
v -0.313618 -0.680759 -0.289766
v -0.432339 -0.597644 -0.068728
v -0.482509 -0.783104 -0.067850
v -0.369399 -0.878200 -0.330183
v -0.480660 -0.743232 0.160572
v -0.482509 -0.783104 -0.067850
v -0.432339 -0.597644 -0.068728
v -0.113535 -0.667860 0.261927
v -0.115076 -0.560314 0.108212
v -0.034819 -0.533396 -0.028716
v -0.360519 -0.460949 0.037603
v -0.300077 -0.320988 0.028506
v -0.205743 -0.387425 0.146824
v -0.164534 -0.834150 0.281846
v -0.282589 -0.740546 0.043706
v -0.324537 -0.763316 0.336683
v -0.165821 0.125577 -0.094043
v -0.133567 0.084808 0.092085
v -0.181132 -0.000020 0.068886
v -0.034819 -0.533396 -0.028716
v -0.088791 -0.477495 0.107776
v -0.033824 -0.475753 -0.030382
v -0.088791 -0.477495 0.107776
v 0.077815 -0.257533 -0.029068
v -0.033824 -0.475753 -0.030382
v -0.063432 -0.095094 0.206146
v -0.181132 -0.000020 0.068886
v -0.021206 -0.053363 0.253054
v -0.063432 -0.095094 0.206146
v -0.021206 -0.053363 0.253054
v -0.063432 -0.095094 0.206146
v 0.043787 -0.199359 0.188012
v -0.021206 -0.053363 0.253054
v -0.133567 0.084808 0.092085
v -0.165821 0.125577 -0.094043
v -0.153729 0.192312 -0.079696
v -0.088791 -0.477495 0.107776
v 0.043787 -0.199359 0.188012
v 0.077815 -0.257533 -0.029068
v -0.088791 -0.477495 0.107776
v -0.205743 -0.387425 0.146824
v 0.043787 -0.199359 0.188012
v -0.205743 -0.387425 0.146824
v -0.300077 -0.320988 0.028506
v -0.063432 -0.095094 0.206146
v -0.300077 -0.320988 0.028506
v -0.181132 -0.000020 0.068886
v -0.063432 -0.095094 0.206146
v -0.300077 -0.320988 0.028506
v -0.199057 -0.002275 -0.095365
v -0.181132 -0.000020 0.068886
v -0.300077 -0.320988 0.028506
v -0.293815 -0.279809 -0.107248
v -0.199057 -0.002275 -0.095365
v -0.300077 -0.320988 0.028506
v -0.320435 -0.365878 -0.112757
v -0.293815 -0.279809 -0.107248
v -0.300077 -0.320988 0.028506
v -0.360519 -0.460949 0.037603
v -0.320435 -0.365878 -0.112757
v -0.252058 -0.501126 0.170322
v -0.360519 -0.460949 0.037603
v -0.205743 -0.387425 0.146824
v -0.205743 -0.387425 0.146824
v -0.088791 -0.477495 0.107776
v -0.252058 -0.501126 0.170322
v -0.088791 -0.477495 0.107776
v -0.115076 -0.560314 0.108212
v -0.252058 -0.501126 0.170322
v -0.034819 -0.533396 -0.028716
v -0.115076 -0.560314 0.108212
v -0.088791 -0.477495 0.107776
v -0.034819 -0.533396 -0.028716
v -0.049782 -0.734265 0.022443
v -0.113535 -0.667860 0.261927
v -0.106078 -0.904945 -0.000480
v -0.164534 -0.834150 0.281846
v -0.049782 -0.734265 0.022443
v -0.164534 -0.834150 0.281846
v -0.113535 -0.667860 0.261927
v -0.049782 -0.734265 0.022443
v -0.164534 -0.834150 0.281846
v -0.324537 -0.763316 0.336683
v -0.113535 -0.667860 0.261927
v -0.313618 -0.680759 -0.289766
v -0.369399 -0.878200 -0.330183
v -0.227587 -0.933052 -0.338241
v -0.100730 0.159928 -0.218325
v -0.115076 -0.560314 0.108212
v -0.113535 -0.667860 0.261927
v -0.291281 -0.625135 0.304777
v -0.252058 -0.501126 0.170322
v -0.115076 -0.560314 0.108212
v -0.291281 -0.625135 0.304777
v -0.252058 -0.501126 0.170322
v -0.291281 -0.625135 0.304777
v -0.424428 -0.572416 0.153572
v -0.313618 -0.680759 -0.289766
v -0.257677 -0.485418 -0.269821
v -0.356089 -0.448652 -0.118149
v -0.089110 -0.415732 -0.265763
v -0.055600 -0.343911 -0.272225
v -0.168680 -0.284267 -0.249884
v -0.168680 -0.284267 -0.249884
v -0.221558 -0.382701 -0.247388
v -0.089110 -0.415732 -0.265763
v -0.221558 -0.382701 -0.247388
v -0.139998 -0.558309 -0.290548
v -0.089110 -0.415732 -0.265763
v -0.089110 -0.415732 -0.265763
v -0.139998 -0.558309 -0.290548
v -0.034819 -0.533396 -0.028716
v -0.034819 -0.533396 -0.028716
v -0.033824 -0.475753 -0.030382
v -0.089110 -0.415732 -0.265763
v -0.033824 -0.475753 -0.030382
v -0.055600 -0.343911 -0.272225
v -0.089110 -0.415732 -0.265763
v -0.055600 -0.343911 -0.272225
v -0.033824 -0.475753 -0.030382
v 0.077815 -0.257533 -0.029068
v 0.077815 -0.257533 -0.029068
v -0.055600 -0.343911 -0.272225
v -0.055600 -0.343911 -0.272225
v -0.168680 -0.284267 -0.249884
v -0.168680 -0.284267 -0.249884
v -0.084860 -0.006378 -0.278668
v -0.199057 -0.002275 -0.095365
v -0.293815 -0.279809 -0.107248
v -0.168680 -0.284267 -0.249884
v -0.199057 -0.002275 -0.095365
v -0.221558 -0.382701 -0.247388
v -0.168680 -0.284267 -0.249884
v -0.293815 -0.279809 -0.107248
v -0.221558 -0.382701 -0.247388
v -0.257677 -0.485418 -0.269821
v -0.139998 -0.558309 -0.290548
v -0.313618 -0.680759 -0.289766
v -0.227587 -0.933052 -0.338241
v -0.176654 -0.730392 -0.287748
v -0.106078 -0.904945 -0.000480
v -0.049782 -0.734265 0.022443
v -0.176654 -0.730392 -0.287748
v -0.034819 -0.533396 -0.028716
v -0.139998 -0.558309 -0.290548
v -0.049782 -0.734265 0.022443
v -0.165821 0.125577 -0.094043
v -0.074346 0.104001 -0.265044
v -0.074346 0.104001 -0.265044
v -0.165821 0.125577 -0.094043
v -0.199057 -0.002275 -0.095365
v -0.074346 0.104001 -0.265044
v -0.199057 -0.002275 -0.095365
v -0.084860 -0.006378 -0.278668
v -0.074346 0.104001 -0.265044
v -0.084860 -0.006378 -0.278668
v -0.074346 0.104001 -0.265044
v -0.153729 0.192312 -0.079696
v -0.165821 0.125577 -0.094043
v -0.153729 0.192312 -0.079696
v -0.100622 0.160330 -0.218325
v -0.194996 0.166465 -0.059476
v -0.153729 0.192312 -0.079696
v -0.100622 0.160330 -0.218325
v -0.100730 0.159928 -0.218325
v 0.043787 -0.199359 0.188012
v -0.205743 -0.387425 0.146824
v -0.063432 -0.095094 0.206146
v -0.153729 0.192312 -0.079696
v -0.109151 0.149271 0.113940
v -0.133567 0.084808 0.092085
v -0.109151 0.149271 0.113940
v -0.133567 0.084808 0.092085
v -0.021206 -0.053363 0.253054
v -0.133567 0.084808 0.092085
v 0.043787 -0.199359 0.188012
v -0.100730 0.159928 -0.218325
v -0.132379 0.297244 -0.044637
v -0.132379 0.297244 -0.044637
v -0.194996 0.166465 -0.059476
v -0.100730 0.159928 -0.218325
v -0.100730 0.159928 -0.218325
v -0.157541 0.167681 0.138280
v -0.194996 0.166465 -0.059476
v -0.132379 0.297244 -0.044637
v -0.157541 0.167681 0.138280
v -0.132379 0.297244 -0.044637
v -0.057654 0.099491 0.255103
v -0.157541 0.167681 0.138280
v -0.057654 0.099491 0.255103
v -0.057654 0.099491 0.255103
v -0.057654 0.099491 0.255103
v -0.109151 0.149271 0.113940
v -0.057654 0.099491 0.255103
v -0.109151 0.149271 0.113940
v -0.157541 0.167681 0.138280
v -0.157541 0.167681 0.138280
v -0.109151 0.149271 0.113940
v -0.153729 0.192312 -0.079696
v -0.132379 0.297244 -0.044637
v -0.132379 0.297244 -0.044637
v -0.194996 0.166465 -0.059476
v -0.157541 0.167681 0.138280
v -0.153729 0.192312 -0.079696
v -0.319227 -1.046702 0.356437
v -0.307606 -1.043477 0.343097
v -0.319383 -1.037980 0.352387
v -0.336267 -1.058361 0.335888
v -0.336683 -1.051241 0.331933
v -0.325776 -1.060835 0.328876
v -0.325255 -1.054119 0.324298
v -0.329153 -1.048119 0.353612
v -0.329594 -1.040441 0.349378
v -0.321949 -0.864370 0.248281
v -0.294243 -0.882880 0.278404
v -0.272875 -0.846891 0.256481
v -0.256287 -0.868901 0.282130
v -0.240490 -0.902030 0.194618
v -0.220685 -0.914234 0.237657
v -0.276484 -0.923293 0.211301
v -0.268013 -0.927682 0.251123
v -0.292817 -0.976485 0.221470
v -0.288414 -0.959836 0.266078
v -0.296631 -0.991776 0.225045
v -0.294961 -0.973733 0.272965
v -0.230085 -0.846597 0.244415
v -0.218664 -0.865626 0.265853
v -0.353247 -1.140957 0.329881
v -0.350063 -1.137303 0.338412
v -0.353613 -1.132517 0.324868
v -0.349620 -1.130136 0.336610
v -0.350287 -1.149010 0.264312
v -0.348186 -1.145918 0.272048
v -0.350738 -1.141779 0.261553
v -0.349635 -1.139024 0.269736
v -0.331932 -1.110121 0.193075
v -0.330080 -1.108193 0.200494
v -0.333159 -1.104061 0.190525
v -0.331979 -1.102549 0.199518
v -0.298293 -0.921822 0.298019
v -0.284686 -0.906804 0.296566
v -0.316895 -0.907309 0.286451
v -0.228739 -0.847497 0.203612
v -0.238412 -0.874456 0.182588
v -0.239206 -0.831939 0.193957
v -0.240808 -0.850710 0.175247
v -0.293767 -0.960464 0.298915
v -0.299053 -0.986680 0.277497
v -0.294838 -0.970525 0.302562
v -0.215076 -0.865745 0.220380
v -0.206342 -0.885806 0.247820
v -0.295564 -0.986626 0.176541
v -0.300124 -1.002223 0.180254
v -0.330127 -0.905264 0.268063
v -0.307291 -0.950683 0.310874
v -0.304580 -0.936411 0.304608
v -0.323180 -0.949826 0.305164
v -0.320799 -0.933914 0.298114
v -0.322452 -1.118776 0.205540
v -0.311522 -1.113334 0.199898
v -0.320655 -1.110289 0.206606
v -0.337925 -1.151543 0.275232
v -0.327790 -1.146841 0.268971
v -0.337826 -1.145395 0.276157
v -0.343594 -1.147026 0.341296
v -0.332070 -1.142775 0.335130
v -0.343600 -1.139327 0.341657
v -0.318019 -1.092220 0.372102
v -0.307554 -1.088354 0.365882
v -0.318827 -1.085521 0.373387
v -0.311830 -1.116656 0.190348
v -0.322184 -1.117107 0.182714
v -0.309316 -1.106510 0.184996
v -0.322165 -1.110690 0.181374
v -0.329081 -1.151300 0.255244
v -0.340174 -1.153790 0.251506
v -0.328491 -1.142707 0.251563
v -0.339201 -1.146653 0.247521
v -0.331902 -1.149011 0.323351
v -0.345198 -1.151654 0.319123
v -0.327947 -1.140027 0.317344
v -0.345513 -1.143729 0.311855
v -0.309252 -1.094638 0.354528
v -0.323406 -1.097426 0.350462
v -0.307693 -1.084113 0.347487
v -0.324296 -1.088033 0.344898
v -0.323623 -0.970858 0.314654
v -0.310029 -0.970030 0.319087
v -0.322895 -0.961094 0.310062
v -0.308383 -0.960671 0.314951
v -0.306893 -0.963074 0.125198
v -0.328100 -0.957597 0.123538
v -0.294516 -0.928220 0.117620
v -0.314776 -0.924349 0.112115
v -0.336085 -0.992903 0.136631
v -0.318874 -0.993052 0.135513
v -0.339437 -1.007720 0.142079
v -0.322221 -1.008052 0.141482
v -0.337077 -0.963016 0.279422
v -0.343791 -0.946247 0.264565
v -0.341195 -0.966469 0.273730
v -0.351554 -1.001159 0.179806
v -0.352482 -1.003892 0.190099
v -0.357543 -0.983934 0.171298
v -0.350535 -0.991767 0.225891
v -0.351644 -0.986702 0.233556
v -0.354815 -0.968843 0.214209
v -0.322526 -1.057474 0.236372
v -0.334017 -1.052459 0.245007
v -0.320691 -1.066052 0.238970
v -0.335394 -1.059615 0.247331
v -0.324107 -1.107227 0.252905
v -0.342503 -1.102848 0.262156
v -0.322676 -1.113730 0.255081
v -0.342947 -1.110319 0.264645
v -0.322271 -1.049980 0.294678
v -0.333390 -1.045109 0.302408
v -0.321885 -1.056594 0.296851
v -0.333971 -1.051778 0.305288
v -0.239402 -0.801730 0.108720
v -0.248873 -0.803735 0.091914
v -0.215726 -0.743886 0.080311
v -0.222654 -0.748881 0.059721
v -0.252696 -0.830951 0.124545
v -0.263375 -0.833033 0.107688
v -0.260674 -0.860222 0.136772
v -0.268989 -0.862433 0.119414
v -0.261247 -0.894365 0.145578
v -0.270512 -0.897710 0.129241
v -0.269934 -0.917605 0.155215
v -0.280228 -0.924590 0.134977
v -0.292368 -0.959752 0.141247
v -0.284930 -0.949259 0.172031
v -0.304462 -0.991766 0.147215
v -0.307369 -1.007341 0.150745
v -0.311283 -1.017462 0.154589
v -0.305900 -1.011729 0.185083
v -0.316057 -1.024726 0.156952
v -0.309563 -1.021123 0.176553
v -0.317422 -1.041597 0.163530
v -0.317704 -1.030674 0.159249
v -0.313189 -1.037078 0.177499
v -0.311137 -1.027749 0.176243
v -0.310540 -1.062281 0.185222
v -0.310301 -1.070408 0.187515
v -0.313694 -1.066651 0.171132
v -0.313456 -1.075354 0.173457
v -0.308351 -1.088312 0.191735
v -0.308651 -1.102743 0.196295
v -0.312257 -1.092594 0.179448
v -0.329389 -1.112917 0.200747
v -0.333320 -1.100253 0.199033
v -0.337387 -1.088591 0.195696
v -0.336722 -1.101351 0.189464
v -0.340207 -1.091476 0.186190
v -0.341727 -1.082419 0.182541
v -0.338648 -1.079486 0.192957
v -0.342003 -1.076124 0.180802
v -0.339302 -1.072894 0.191176
v -0.343837 -1.064805 0.177415
v -0.341520 -1.060997 0.188005
v -0.346844 -1.053627 0.173581
v -0.345120 -1.049779 0.184542
v -0.348750 -1.047520 0.171132
v -0.346637 -1.043989 0.182804
v -0.349114 -1.041724 0.168591
v -0.346656 -1.037385 0.180588
v -0.341128 -1.015810 0.145352
v -0.353687 -1.010957 0.158767
v -0.354292 -1.002025 0.156486
v -0.305046 -1.008415 0.231912
v -0.313059 -1.023310 0.198309
v -0.310872 -1.020660 0.222173
v -0.323512 -1.058666 0.214653
v -0.319439 -1.051436 0.233863
v -0.325987 -1.064233 0.217030
v -0.324278 -1.072486 0.220271
v -0.325877 -1.112435 0.237225
v -0.325377 -1.118756 0.239609
v -0.325999 -1.137061 0.265041
v -0.347140 -1.150602 0.273732
v -0.308456 -1.050407 0.347932
v -0.353107 -1.139032 0.260871
v -0.353779 -1.110905 0.258612
v -0.355345 -1.114473 0.250293
v -0.357623 -1.107060 0.247746
v -0.355659 -1.103618 0.256539
v -0.358194 -1.099069 0.244574
v -0.355899 -1.095435 0.253357
v -0.359793 -1.084626 0.238747
v -0.357474 -1.080867 0.248469
v -0.361317 -1.064814 0.230985
v -0.358980 -1.060898 0.241766
v -0.361489 -1.057608 0.228425
v -0.359106 -1.053937 0.238948
v -0.359824 -1.051346 0.225457
v -0.357395 -1.047657 0.236353
v -0.358856 -1.020663 0.212527
v -0.353377 -1.016620 0.224699
v -0.359613 -1.010990 0.209141
v -0.352684 -1.006648 0.221407
v -0.355178 -0.993628 0.218134
v -0.328480 -1.004848 0.233771
v -0.330226 -1.010466 0.232410
v -0.311943 -1.013381 0.250626
v -0.309499 -1.002624 0.270630
v -0.322872 -1.052638 0.271296
v -0.320046 -1.043102 0.291282
v -0.326265 -1.058746 0.275077
v -0.325423 -1.065220 0.278035
v -0.326003 -1.122687 0.307363
v -0.329535 -1.131502 0.333079
v -0.324491 -1.114221 0.325252
v -0.350333 -1.144153 0.339872
v -0.350780 -1.126526 0.336053
v -0.351796 -1.107290 0.327990
v -0.356302 -1.128772 0.324183
v -0.358643 -1.111130 0.316833
v -0.360153 -1.102039 0.313010
v -0.353186 -1.098279 0.324358
v -0.359320 -1.094399 0.309191
v -0.353753 -1.090134 0.320030
v -0.358340 -1.077531 0.300678
v -0.352493 -1.073031 0.311264
v -0.359157 -1.058868 0.291593
v -0.352843 -1.053564 0.302676
v -0.360367 -1.052110 0.288969
v -0.354846 -1.047353 0.300040
v -0.359054 -1.045165 0.285514
v -0.353890 -1.040338 0.296649
v -0.352532 -1.000648 0.245870
v -0.355153 -0.989973 0.258869
v -0.356416 -0.976121 0.252918
v -0.349054 -0.970114 0.269098
v -0.334669 -0.936603 0.284725
v -0.334454 -0.954631 0.293984
v -0.212821 -0.954976 0.324465
v -0.209259 -0.965425 0.340872
v -0.235587 -0.956796 0.327068
v -0.231686 -0.968030 0.344498
v -0.214597 -0.949172 0.317158
v -0.236763 -0.951361 0.318691
v -0.238117 -0.947467 0.311520
v -0.242113 -0.929764 0.290354
v -0.216396 -0.943979 0.310336
v -0.218427 -0.930158 0.283687
v -0.219086 -0.923922 0.268643
v -0.248698 -0.927200 0.284856
v -0.256168 -0.927258 0.282727
v -0.273383 -0.924621 0.283977
v -0.301491 -0.992059 0.286306
v -0.297612 -0.979285 0.308678
v -0.301730 -1.020025 0.305024
v -0.302058 -1.008184 0.323837
v -0.303940 -1.025219 0.309280
v -0.303747 -1.013902 0.326987
v -0.307821 -1.059337 0.333002
v -0.306258 -1.052352 0.328322
v -0.307237 -1.066035 0.337029
v -0.306597 -1.077315 0.360457
v -0.308025 -1.057528 0.351469
v -0.325197 -1.093165 0.369247
v -0.325328 -1.086366 0.371259
v -0.328923 -1.072621 0.366643
v -0.328776 -1.055219 0.357662
v -0.334156 -1.075070 0.357336
v -0.335322 -1.060220 0.349512
v -0.336079 -1.052631 0.345695
v -0.336389 -1.044525 0.340946
v -0.337989 -1.020234 0.327677
v -0.336443 -1.030710 0.333333
v -0.329407 -1.015795 0.336368
v -0.328718 -1.026885 0.341619
v -0.336489 -1.007027 0.320693
v -0.337401 -1.013431 0.324212
v -0.326989 -1.002283 0.329291
v -0.328298 -1.008528 0.332728
v -0.333879 -0.983088 0.291404
v -0.333556 -0.975469 0.304566
v -0.334477 -0.975368 0.287744
v -0.332961 -0.965527 0.299301
v -0.320708 -0.987090 0.282501
v -0.319160 -0.986009 0.278961
v -0.203407 -0.965415 0.366646
v -0.213665 -0.967452 0.373945
v -0.206703 -0.973246 0.360617
v -0.208049 -0.956893 0.369335
v -0.214569 -0.959386 0.372592
v -0.237478 -0.928887 0.340967
v -0.219425 -0.940764 0.353052
v -0.212291 -0.927900 0.334898
v -0.208676 -0.942894 0.350068
v -0.205088 -0.943008 0.330337
v -0.203161 -0.955123 0.348767
v -0.247564 -0.938925 0.338122
v -0.238426 -0.953386 0.357908
v -0.231221 -0.944801 0.359589
v -0.213020 -0.922530 0.329038
v -0.238673 -0.922380 0.335264
v -0.204778 -0.937411 0.323195
v -0.249048 -0.934204 0.332128
v -0.217061 -0.900675 0.300917
v -0.238512 -0.896888 0.306292
v -0.215580 -0.918714 0.322699
v -0.239014 -0.918003 0.328589
v -0.206960 -0.932356 0.315637
v -0.209310 -0.916143 0.290489
v -0.253889 -0.910081 0.306302
v -0.249458 -0.929732 0.325716
v -0.216226 -0.885491 0.286864
v -0.243530 -0.888084 0.296536
v -0.206989 -0.904755 0.273814
v -0.258613 -0.904097 0.302348
v -0.283203 -0.934096 0.288702
v -0.245415 -0.828946 0.224079
v -0.254675 -0.817788 0.210210
v -0.249348 -0.781112 0.168739
v -0.232508 -0.722412 0.141265
v -0.257601 -0.774097 0.181814
v -0.246797 -0.711004 0.158261
v -0.254310 -0.812190 0.182498
v -0.260978 -0.803740 0.194894
v -0.281404 -0.830164 0.235933
v -0.268286 -0.903252 0.298584
v -0.240794 -0.788808 0.147660
v -0.249939 -0.820102 0.164198
v -0.221650 -0.732502 0.118184
v -0.237975 -0.796571 0.127494
v -0.249695 -0.826317 0.142419
v -0.214346 -0.738279 0.097107
v -0.243651 -0.745728 0.044994
v -0.263056 -0.804145 0.081506
v -0.273251 -0.834611 0.099786
v -0.278276 -0.862640 0.110059
v -0.251514 -0.856118 0.154156
v -0.263422 -0.740961 0.041401
v -0.279134 -0.801612 0.077477
v -0.280609 -0.766547 0.185206
v -0.268870 -0.706139 0.159817
v -0.303794 -0.767162 0.171165
v -0.295589 -0.701093 0.143044
v -0.288278 -0.834446 0.093683
v -0.293759 -0.861103 0.100927
v -0.313513 -0.854176 0.097661
v -0.305416 -0.830180 0.092178
v -0.295000 -0.797363 0.078407
v -0.330152 -0.825134 0.181544
v -0.323543 -0.800624 0.168864
v -0.336102 -0.834798 0.146919
v -0.330824 -0.810248 0.136008
v -0.317705 -0.770345 0.155037
v -0.322970 -0.778880 0.121861
v -0.314587 -0.819050 0.206718
v -0.308450 -0.797682 0.186613
v -0.283833 -0.796302 0.200335
v -0.318115 -0.839085 0.224475
v -0.337037 -0.847724 0.194429
v -0.346319 -0.860048 0.160204
v -0.303885 -0.892217 0.108084
v -0.327162 -0.884927 0.110694
v -0.285083 -0.895842 0.115818
v -0.250130 -0.888205 0.163525
v -0.261963 -0.909702 0.175802
v -0.285653 -0.814275 0.219476
v -0.272035 -0.920500 0.190956
v -0.284141 -0.946113 0.260164
v -0.289007 -0.948921 0.293361
v -0.339894 -0.876134 0.209842
v -0.350186 -0.887946 0.172950
v -0.337644 -0.913136 0.124351
v -0.350084 -0.945943 0.138044
v -0.347906 -0.904990 0.136717
v -0.356586 -0.941127 0.151142
v -0.356028 -0.925280 0.190835
v -0.353902 -0.988618 0.151323
v -0.361842 -0.996168 0.202759
v -0.360631 -0.975997 0.194208
v -0.353196 -1.002849 0.173760
v -0.344428 -0.913905 0.230727
v -0.354188 -0.954689 0.242849
v -0.320814 -0.990097 0.278141
v -0.327621 -1.019455 0.187929
v -0.325722 -1.015892 0.184413
v -0.327225 -1.020743 0.183822
v -0.329593 -1.010605 0.239229
v -0.351671 -1.009657 0.173602
v -0.325044 -1.018514 0.145538
v -0.328511 -1.027049 0.185460
v -0.327994 -1.035230 0.187063
v -0.328121 -1.043931 0.155609
v -0.328216 -1.033377 0.151445
v -0.323058 -1.059354 0.192652
v -0.321068 -1.070258 0.195218
v -0.319485 -1.102854 0.205085
v -0.323498 -1.086455 0.200274
v -0.324189 -1.095614 0.175373
v -0.329713 -1.108836 0.182445
v -0.329632 -1.114361 0.184328
v -0.335814 -1.095276 0.176862
v -0.330999 -1.106814 0.180341
v -0.322777 -1.076810 0.197170
v -0.325112 -1.086149 0.171684
v -0.337508 -1.085579 0.172902
v -0.325821 -1.047895 0.189677
v -0.325494 -1.041786 0.188170
v -0.338495 -1.051467 0.158579
v -0.327239 -1.050281 0.158036
v -0.337694 -1.057402 0.161039
v -0.326417 -1.058347 0.160671
v -0.339143 -1.044803 0.155924
v -0.337080 -1.079458 0.170601
v -0.325669 -1.080052 0.169370
v -0.331932 -1.046674 0.242990
v -0.340143 -1.066056 0.211012
v -0.339346 -1.061141 0.208641
v -0.320995 -1.088911 0.246343
v -0.338449 -1.081038 0.254336
v -0.321836 -1.099441 0.249245
v -0.340670 -1.094683 0.258889
v -0.341193 -1.072222 0.213936
v -0.339898 -1.137363 0.273835
v -0.339925 -1.120378 0.235102
v -0.340047 -1.114016 0.232134
v -0.350656 -1.017393 0.195500
v -0.350787 -1.026406 0.199792
v -0.349851 -1.144970 0.253398
v -0.348314 -1.151458 0.255931
v -0.350307 -1.136583 0.269096
v -0.353937 -1.117159 0.241435
v -0.352391 -1.142518 0.252989
v -0.355924 -1.110331 0.238725
v -0.356729 -1.089327 0.227996
v -0.341363 -1.092564 0.223470
v -0.355960 -1.102565 0.234920
v -0.340321 -1.106218 0.228844
v -0.356289 -1.062966 0.215962
v -0.357165 -1.069878 0.218815
v -0.354741 -1.057065 0.213639
v -0.312888 -1.000340 0.332737
v -0.314609 -1.006665 0.335998
v -0.321277 -1.024107 0.305470
v -0.320241 -1.018070 0.301443
v -0.320405 -1.074712 0.369906
v -0.319512 -1.053720 0.359910
v -0.326146 -1.068198 0.333228
v -0.326814 -1.075848 0.367550
v -0.334452 -1.082512 0.349386
v -0.332800 -1.085784 0.350389
v -0.335218 -1.066415 0.339777
v -0.318233 -1.025401 0.345690
v -0.315813 -1.013604 0.339511
v -0.335918 -1.020014 0.313111
v -0.335448 -1.013708 0.309011
v -0.332972 -1.038031 0.299355
v -0.334247 -1.061899 0.267865
v -0.333317 -1.054954 0.264246
v -0.334774 -1.068002 0.270787
v -0.343057 -1.130372 0.340122
v -0.341690 -1.123759 0.300992
v -0.348502 -0.985471 0.272812
v -0.353977 -1.006794 0.250371
v -0.351427 -1.140212 0.315547
v -0.350856 -1.147007 0.319986
v -0.340065 -1.108448 0.331263
v -0.355270 -1.118651 0.305888
v -0.352312 -1.137434 0.313607
v -0.360657 -1.057314 0.277662
v -0.359573 -1.063800 0.280375
v -0.359574 -1.050775 0.274245
v -0.338622 -1.100388 0.327441
v -0.337928 -1.091115 0.322860
v -0.355985 -1.100818 0.297229
v -0.338460 -1.106311 0.292118
v -0.357770 -1.109535 0.301586
v -0.340204 -1.115540 0.296930
v -0.322434 -1.030777 0.309643
v -0.335519 -1.037279 0.323941
v -0.335634 -1.026407 0.316743
v -0.324999 -1.041744 0.317155
v -0.321707 -1.097666 0.316748
v -0.326679 -1.105919 0.321455
v -0.324108 -1.106259 0.298439
v -0.328243 -1.114890 0.303453
v -0.324634 -1.094591 0.229070
v -0.325075 -1.104865 0.233533
v -0.314713 -1.042790 0.178678
v -0.317194 -1.048629 0.165292
v -0.315562 -1.054607 0.167577
v -0.312373 -1.049610 0.181077
v -0.309922 -1.077248 0.189607
v -0.314712 -1.081826 0.175474
v -0.302786 -1.031194 0.313440
v -0.305154 -1.041189 0.320256
v -0.306153 -1.031597 0.336555
v -0.304187 -1.020467 0.330011
v -0.303399 -1.004081 0.296458
v -0.300144 -0.992320 0.316754
v -0.312104 -0.984999 0.325842
v -0.324164 -0.985691 0.321685
v -0.334553 -0.990040 0.311763
v -0.321745 -1.002240 0.291891
v -0.335422 -0.997855 0.300267
v -0.356836 -1.021738 0.273807
v -0.351190 -1.015768 0.285759
v -0.330563 -1.033180 0.252008
v -0.356627 -1.027421 0.261936
v -0.316697 -1.031526 0.259228
v -0.314228 -1.021090 0.280468
v -0.325531 -1.013361 0.288946
v -0.335511 -1.071611 0.313612
v -0.320590 -1.076215 0.306702
v -0.323702 -1.085244 0.287838
v -0.335821 -1.087294 0.281607
v -0.356858 -1.083165 0.288978
v -0.358835 -1.037121 0.220071
v -0.354759 -1.033314 0.231549
v -0.333995 -1.047626 0.202259
v -0.352854 -1.043612 0.207246
v -0.317159 -1.046108 0.207830
v -0.313647 -1.037452 0.228055
v -0.330678 -1.031790 0.238735
v -0.351024 -1.028023 0.164094
v -0.348739 -1.025210 0.177629
v -0.340813 -1.032353 0.150949
v -0.326086 -1.069657 0.165475
v -0.337454 -1.068394 0.166243
v -0.328137 -1.098073 0.359735
v -0.319885 -1.099673 0.366411
v -0.327694 -1.097379 0.365862
v -0.322261 -1.101796 0.357098
v -0.351119 -1.151280 0.324687
v -0.344954 -1.154656 0.335429
v -0.352669 -1.150078 0.333760
v -0.345179 -1.155603 0.325853
v -0.346188 -1.156061 0.259662
v -0.337035 -1.159054 0.265694
v -0.347342 -1.156642 0.267167
v -0.338620 -1.158683 0.257190
v -0.329419 -1.118277 0.187991
v -0.323259 -1.125262 0.198511
v -0.330430 -1.117684 0.196025
v -0.321880 -1.124810 0.189384
v -0.332006 -1.078568 0.358307
v -0.208832 -0.947262 0.355388
v -0.226829 -0.970602 0.365607
v -0.231411 -0.965015 0.373207
v -0.229932 -0.950592 0.361120
v -0.227133 -0.960107 0.371069
v -0.218116 -0.943932 0.357163
v -0.327143 -1.025552 0.148643
v -0.341173 -1.022651 0.147383
v -0.352093 -1.018690 0.161009
v -0.349704 -1.017311 0.175229
v -0.355444 -0.999353 0.262592
v -0.348990 -0.993674 0.275740
v -0.330365 -1.095745 0.356115
v -0.329686 -1.090981 0.363519
v -0.340707 -0.877290 0.123578
v -0.331995 -0.846680 0.106870
v -0.321374 -0.821155 0.103330
v -0.313542 -0.790823 0.090783
v -0.282649 -0.735586 0.045975
v -0.297604 -0.728081 0.058841
v -0.306226 -0.705431 0.122006
v -0.310248 -0.714742 0.092585
v -0.287801 -0.953746 0.217944
v -0.327079 -0.629484 0.106878
v -0.323401 -0.672492 0.123692
v -0.278753 -0.619824 0.153077
v -0.280647 -0.656393 0.170765
v -0.221077 -0.665977 0.179599
v -0.225060 -0.652478 0.168109
v -0.176544 -0.693206 0.156130
v -0.167743 -0.707650 0.104519
v -0.180541 -0.672943 0.140999
v -0.161819 -0.713436 0.025181
v -0.150229 -0.684506 0.083217
v -0.173561 -0.731878 0.040318
v -0.221199 -0.741055 0.011067
v -0.213864 -0.717609 -0.017826
v -0.292414 -0.747690 -0.000275
v -0.278408 -0.707105 -0.009882
v -0.330949 -0.707669 0.053453
v -0.330321 -0.672915 0.027655
v -0.318867 -0.729789 0.150748
v -0.286061 -0.689122 0.196648
v -0.333720 -0.706141 0.146323
v -0.280999 -0.716237 0.190912
v -0.239888 -0.798488 0.030074
v -0.296129 -0.783245 0.031128
v -0.229967 -0.764746 0.003830
v -0.188779 -0.791980 0.063952
v -0.181368 -0.754822 0.047047
v -0.342500 -0.743804 0.071040
v -0.222265 -0.703363 0.200670
v -0.228699 -0.723910 0.194043
v -0.199961 -0.748144 0.171585
v -0.178033 -0.729644 0.175386
v -0.163144 -0.727812 0.103614
v -0.168493 -0.763191 0.122235
v 0.000034 -0.130135 -0.150156
v -0.018012 -0.021653 -0.177784
v 0.042634 -0.165109 -0.100357
v 0.018517 -0.199567 -0.093401
v -0.078089 -0.150131 -0.170350
v -0.059595 -0.073383 -0.177377
v -0.026322 -0.179314 -0.150688
v -0.068688 0.053477 -0.172319
v -0.118522 0.015813 -0.135253
v -0.177896 -0.637818 -0.037732
v -0.217442 -0.587785 -0.088826
v -0.164786 -0.623897 -0.059745
v -0.247656 -0.634903 -0.048404
v -0.131154 -0.627651 0.000356
v -0.120995 -0.614998 -0.019489
v -0.132931 -0.607302 0.061897
v -0.127087 -0.588801 0.038042
v -0.165416 -0.594796 0.105651
v -0.155233 -0.533586 0.077811
v -0.153692 -0.600981 -0.073045
v -0.110530 -0.598967 -0.027988
v -0.121790 -0.570865 0.027777
v -0.183870 -0.658858 -0.039788
v -0.255496 -0.653222 -0.037095
v -0.171082 -0.630152 0.123833
v -0.130374 -0.632205 0.060114
v -0.151524 -0.660485 0.079179
v -0.209754 -0.562033 0.128010
v -0.217526 -0.616572 0.153826
v -0.135384 -0.652422 0.000802
v -0.157898 -0.681970 0.017934
v -0.211345 -0.696118 -0.016377
v -0.272797 -0.602485 0.139817
v -0.315478 -0.613795 0.095264
v -0.315014 -0.658000 0.018987
v -0.272205 -0.691636 -0.013767
v -0.160559 -0.506063 0.075891
v -0.199873 -0.502868 0.098883
v -0.112124 -0.536944 0.022687
v -0.106001 -0.562330 -0.039356
v -0.153735 -0.564252 -0.083786
v -0.192564 -0.532899 -0.124227
v -0.309637 -0.623614 0.002314
v -0.133163 -0.487998 0.061051
v -0.178199 -0.451966 0.079977
v -0.190920 -0.470586 0.083830
v -0.235239 -0.425457 0.066887
v -0.244475 -0.453700 0.071648
v -0.296578 -0.491645 0.038636
v -0.273919 -0.432829 0.017668
v -0.238143 -0.330493 0.004228
v -0.238205 -0.409669 -0.102410
v -0.246239 -0.364143 0.006332
v -0.226827 -0.373285 -0.095696
v -0.079480 -0.341723 0.054459
v -0.112928 -0.419563 0.047667
v -0.071891 -0.455660 -0.003402
v -0.062875 -0.401118 -0.092325
v -0.075251 -0.473139 -0.082364
v -0.047944 -0.384550 -0.010833
v -0.135521 -0.542038 -0.107639
v -0.181432 -0.499274 -0.147984
v -0.126149 -0.510797 -0.119853
v -0.089744 -0.542092 -0.058987
v -0.158294 -0.386445 0.068522
v -0.121068 -0.460657 0.042332
v -0.170317 -0.428125 0.064497
v -0.264728 -0.480615 -0.071335
v -0.249883 -0.445083 -0.088328
v -0.206076 -0.364987 0.053425
v -0.259249 -0.398010 0.011820
v -0.168472 -0.456856 -0.155092
v -0.112202 -0.474479 -0.136496
v -0.227775 -0.287399 0.001534
v -0.180971 -0.285383 0.063407
v -0.217818 -0.334057 -0.095040
v -0.164486 -0.418051 -0.153852
v -0.160212 -0.383544 -0.153943
v -0.108698 -0.439218 -0.139698
v -0.105456 -0.403238 -0.142907
v -0.081230 -0.494258 -0.009026
v -0.000831 -0.273327 -0.011737
v -0.030553 -0.238419 0.062034
v 0.015304 -0.166484 0.077115
v -0.046019 -0.101210 0.103671
v -0.022161 -0.052538 0.119853
v -0.109145 0.066530 0.070239
v -0.020401 -0.281706 -0.093066
v 0.038203 -0.201268 -0.011880
v 0.034642 -0.132180 0.076229
v -0.173552 -0.646693 0.132245
v -0.208965 -0.822097 0.210231
v -0.235325 -0.799865 0.234300
v -0.194468 -0.773871 0.132930
v -0.210965 -0.842038 0.173762
v -0.210653 -0.795500 0.087081
v -0.234973 -0.861787 0.132038
v -0.247215 -0.805549 0.059140
v -0.270798 -0.873682 0.101803
v -0.291472 -0.792807 0.061198
v -0.310815 -0.863639 0.081705
v -0.326484 -0.765689 0.093531
v -0.342742 -0.832591 0.114108
v -0.330044 -0.799896 0.187872
v -0.286045 -0.790808 0.229736
v -0.092237 0.134672 0.051605
v -0.110172 0.153793 -0.013348
v -0.073978 0.192933 -0.083385
v -0.101530 0.110039 -0.141748
v -0.114411 0.145331 -0.069331
v -0.053669 0.087057 0.104718
v 0.002442 -0.003281 0.125771
v -0.082752 -0.197459 0.088914
v -0.061814 -0.281699 -0.152612
v -0.124992 -0.250950 -0.158940
v -0.145330 -0.065255 -0.127400
v -0.182930 -0.192231 -0.108001
v -0.144362 -0.152455 0.070930
v -0.121850 -0.003178 0.074463
v -0.191171 -0.148301 -0.012983
v -0.157634 0.005269 -0.020827
v -0.090660 -0.523181 0.008869
v -0.279179 -0.535413 -0.036935
v -0.255756 -0.481146 0.090942
v -0.139978 0.083648 -0.018848
v -0.293069 -0.597603 -0.008346
v -0.303354 -0.555789 0.070101
v -0.270686 -0.537619 0.122101
v -0.126907 -0.306124 0.073944
v -0.225140 -0.914022 0.215703
v -0.203996 -0.891365 0.259931
v -0.288699 -0.876112 0.200664
v -0.259683 -0.937231 0.170163
v -0.295431 -0.949961 0.124683
v -0.335749 -0.942695 0.112529
v -0.359901 -0.921370 0.156610
v -0.347691 -0.886268 0.234018
v -0.297311 -0.870031 0.282574
v -0.230120 -0.873351 0.290277
v -0.351620 -0.874439 0.229539
v -0.365969 -0.913846 0.145285
v -0.339668 -0.939271 0.102259
v -0.295238 -0.950261 0.113456
v -0.253402 -0.940289 0.158135
v -0.213676 -0.916665 0.210093
v -0.195217 -0.889918 0.261162
v -0.232944 -0.859439 0.295680
v -0.302034 -0.857805 0.283601
v -0.015396 -0.020418 -0.289634
v 0.010874 -0.100297 -0.297699
v 0.017016 -0.118732 -0.298502
v 0.010874 -0.100297 -0.297699
v 0.056953 -0.212538 -0.186267
v 0.019287 -0.125527 -0.298697
v 0.062092 -0.123578 0.283351
v 0.066374 -0.136835 0.280973
v 0.072559 -0.159746 0.260572
v 0.066374 -0.136835 0.280973
v 0.062092 -0.123578 0.283351
v 0.025933 -0.014253 0.291645
v -0.070170 0.152248 -0.245271
v -0.076278 0.169571 -0.249016
v 0.056954 -0.212538 -0.186267
v 0.075353 -0.241367 -0.069736
v 0.017016 -0.118732 -0.298502
v 0.019287 -0.125527 -0.298697
v -0.071551 0.166159 -0.201081
v -0.062727 0.127272 -0.258114
v -0.015396 -0.020418 -0.289634
v -0.051125 0.090156 -0.269953
v -0.051125 0.090156 -0.269953
v -0.062727 0.127272 -0.258114
v -0.071551 0.166159 -0.201081
v -0.076833 0.185369 -0.185280
v -0.074469 0.168900 -0.227814
v -0.076833 0.185369 -0.185280
v -0.076278 0.169571 -0.249016
v -0.089232 0.213372 -0.225172
v 0.004196 0.041528 0.251844
v -0.009233 0.077362 0.233439
v 0.004196 0.041528 0.251844
v 0.025933 -0.014253 0.291645
v 0.072559 -0.159746 0.260572
v 0.098134 -0.253838 0.179167
v -0.107293 0.288688 -0.127715
v -0.089232 0.213372 -0.225172
v -0.070170 0.152248 -0.245271
v -0.074406 0.168702 -0.227860
v -0.081582 0.267463 0.120984
v -0.072976 0.252251 0.167710
v -0.072976 0.252251 0.167710
v -0.065099 0.232445 0.183967
v -0.025780 0.134524 0.269373
v -0.065099 0.232445 0.183967
v -0.025780 0.134524 0.269373
v -0.000821 0.064309 0.287290
v -0.009233 0.077362 0.233439
v -0.000821 0.064309 0.287290
v -0.107293 0.288688 -0.127715
v -0.106209 0.301958 -0.053419
v -0.081582 0.267463 0.120984
v -0.106209 0.301958 -0.053419
v -0.058777 0.183614 0.048634
v -0.060035 0.186002 0.042542
v -0.071027 0.186238 -0.103602
v -0.067980 0.168444 -0.142965
v -0.036016 0.126000 0.093883
v 0.045485 -0.120372 0.075377
v 0.049739 -0.139577 0.045824
v 0.056036 -0.169271 -0.003619
v -0.069640 0.199999 -0.023032
v 0.002071 -0.046196 -0.171842
v 0.021497 -0.100893 -0.158110
v -0.070669 0.198035 -0.045667
v -0.043898 0.088322 -0.181436
v -0.065621 0.160735 -0.146103
v -0.069686 0.199868 -0.024247
v -0.028547 0.107299 0.109654
v 0.040696 -0.148065 -0.113519
v 0.008194 0.002539 0.129724
v -0.012615 0.063384 0.125171
v -0.072434 0.194893 -0.083453
v -0.011033 -0.009594 -0.182429
v -0.023919 0.029045 -0.180922
v 0.036201 -0.090135 0.087272
v -0.072330 0.194078 -0.085736
v 0.018330 -0.031651 0.111427
v 0.045875 -0.160841 -0.101718
v 0.053727 -0.172011 -0.046891
v 0.057321 -0.177212 -0.022184
v 0.013432 -0.014556 0.122849
v 0.057950 -0.177964 -0.017153
vn -0.6748 -0.7366 0.0450
vn -0.6150 -0.7362 0.2825
vn 0.3126 0.8656 -0.3913
vn -0.0080 0.9390 -0.3438
vn -0.1135 0.9789 -0.1699
vn 0.0351 0.9960 0.0824
vn -0.9631 0.2493 0.1017
vn 0.7068 -0.2117 -0.6750
vn 0.9062 -0.1991 -0.3731
vn 0.9337 -0.1542 -0.3231
vn -0.0466 -0.0882 0.9950
vn -0.1623 0.0185 -0.9866
vn 0.7222 -0.3801 0.5779
vn 0.7589 -0.2726 0.5914
vn -0.7861 0.3327 0.5209
vn -0.7419 0.3566 -0.5678
vn 0.9185 -0.3953 -0.0051
vn 0.8602 -0.5096 -0.0158
vn 0.3674 -0.7634 -0.5313
vn -0.2667 -0.1554 -0.9512
vn 0.6917 -0.3164 -0.6492
vn -0.6809 0.2523 0.6875
vn -0.9499 0.3126 -0.0017
vn -0.8926 0.4504 -0.0193
vn 0.8141 -0.2415 0.5281
vn 0.7746 -0.3294 0.5399
vn 0.8604 -0.2306 0.4545
vn 0.9647 -0.2608 0.0377
vn -0.5702 -0.6758 -0.4671
vn 0.6433 -0.3229 -0.6942
vn 0.4387 0.8889 0.1319
vn 0.8728 -0.4227 -0.2438
vn 0.9292 -0.0054 0.3696
vn -0.8400 0.4317 -0.3287
vn 0.7520 -0.0203 -0.6589
vn 0.5481 0.3160 -0.7745
vn -0.4966 -0.2278 0.8375
vn 0.9712 -0.1335 -0.1975
vn 0.8407 -0.4755 0.2592
vn -0.0774 0.3102 -0.9475
vn -0.7055 0.2059 0.6781
vn 0.6886 -0.1664 -0.7058
vn 0.9371 -0.3350 -0.0977
vn -0.9457 0.3206 0.0536
vn 0.9552 -0.2926 -0.0447
vn 0.9179 -0.3968 -0.0062
vn -0.6476 0.3981 0.6497
vn -0.3509 -0.0503 -0.9351
vn -0.3696 0.1125 -0.9224
vn -0.8532 0.2684 -0.4473
vn -0.9659 0.0060 -0.2588
vn -0.9028 0.3341 -0.2707
vn 0.9181 -0.2442 0.3121
vn -0.3290 -0.0122 -0.9442
vn 0.0198 0.1951 -0.9806
vn 0.6645 0.3741 0.6469
vn -0.3176 -0.7784 -0.5414
vn -0.5299 -0.5408 -0.6533
vn -0.3600 0.7358 0.5736
vn -0.7731 0.2795 -0.5694
vn 0.1929 -0.0017 0.9812
vn 0.1268 -0.0430 0.9910
vn 0.0855 -0.2002 0.9760
vn -0.9035 0.2637 0.3378
vn 0.9719 -0.0236 -0.2343
vn 0.8512 -0.4249 -0.3083
vn -0.8468 0.4313 0.3114
vn 0.8303 -0.1964 0.5216
vn 0.7190 -0.2728 0.6393
vn -0.6962 0.3582 -0.6220
vn 0.0327 -0.2242 0.9740
vn -0.0935 -0.2185 0.9713
vn 0.8961 -0.2459 -0.3696
vn -0.9213 0.1590 0.3549
vn -0.7344 0.5025 -0.4562
vn 0.8470 -0.2252 0.4815
vn 0.8384 -0.1447 0.5255
vn 0.0249 -0.2967 0.9546
vn -0.6187 0.6797 -0.3938
vn 0.7928 -0.0934 0.6023
vn 0.0188 0.1900 -0.9816
vn 0.9270 -0.2592 -0.2710
vn 0.7714 -0.4233 0.4752
vn -0.4416 0.5960 -0.6707
vn 0.8965 -0.4103 -0.1673
vn 0.4630 -0.0611 -0.8843
vn 0.4208 0.8927 0.1613
vn -0.4012 -0.9094 -0.1098
vn -0.2290 0.9588 -0.1679
vn -0.4971 0.8631 0.0888
vn -0.8848 0.3720 0.2807
vn -0.8792 0.2761 0.3883
vn -0.4632 0.4726 0.7497
vn -0.2952 0.5346 0.7919
vn 0.3820 0.5290 0.7578
vn 0.4201 0.4488 0.7887
vn 0.8449 0.3660 0.3902
vn 0.9874 -0.0922 0.1289
vn 0.8350 0.1434 0.5313
vn 0.7840 -0.4719 -0.4033
vn 0.9671 -0.1446 0.2093
vn 0.8564 -0.3929 -0.3350
vn 0.4559 -0.4567 -0.7639
vn 0.1785 -0.3532 -0.9184
vn -0.4184 -0.3450 -0.8402
vn -0.4170 -0.0496 -0.9075
vn -0.9862 0.0451 -0.1590
vn -0.8597 0.1637 -0.4838
vn -0.8541 -0.0597 0.5166
vn -0.4831 0.0820 0.8717
vn -0.9156 0.1648 0.3668
vn -0.3013 0.0962 0.9487
vn 0.0802 -0.8715 -0.4839
vn -0.5181 -0.7687 -0.3751
vn 0.4141 -0.3186 -0.8526
vn 0.5991 -0.7799 -0.1815
vn 0.8297 -0.3038 -0.4683
vn -0.9467 -0.2985 -0.1208
vn 0.1673 0.0225 0.9856
vn 0.4028 0.0713 0.9125
vn 0.7072 -0.3638 0.6062
vn 0.7691 -0.0766 0.6345
vn 0.9998 -0.0221 0.0033
vn 0.8204 -0.5297 0.2154
vn 0.3636 -0.3373 -0.8684
vn -0.0456 -0.2724 -0.9611
vn 0.1079 -0.3512 -0.9300
vn 0.5883 -0.5780 -0.5656
vn 0.7463 -0.4618 -0.4794
vn -0.1725 -0.0260 -0.9847
vn -0.1297 -0.0550 -0.9900
vn 0.4707 -0.2032 -0.8586
vn -0.4328 0.0749 -0.8984
vn -0.8294 0.1436 -0.5398
vn 0.3422 -0.4858 -0.8043
vn -0.2345 -0.4832 -0.8435
vn 0.2979 -0.7775 -0.5538
vn -0.3741 -0.2928 -0.8800
vn 0.8578 -0.4559 -0.2372
vn 0.8113 -0.5682 -0.1377
vn 0.9546 -0.0076 0.2978
vn 0.9232 -0.0269 0.3833
vn 0.7359 0.2143 0.6423
vn 0.7412 0.1063 0.6628
vn 0.4607 -0.4797 -0.7467
vn 0.9165 -0.3363 -0.2165
vn 0.9223 -0.1032 0.3724
vn 0.2551 -0.4639 -0.8483
vn -0.4440 -0.2706 -0.8542
vn 0.7518 0.1405 0.6442
vn 0.9430 -0.1223 0.3095
vn 0.9474 -0.2073 0.2437
vn 0.3432 0.3749 0.8612
vn 0.2047 0.3825 0.9010
vn 0.8417 -0.4158 -0.3445
vn 0.8250 -0.4344 -0.3615
vn 0.3598 -0.3112 -0.8796
vn -0.5434 0.5024 0.6725
vn -0.8929 0.4480 0.0453
vn -0.7879 0.1285 -0.6022
vn -0.3464 -0.2242 -0.9109
vn 0.5958 0.0250 0.8027
vn 0.3324 0.3534 0.8744
vn 0.8324 -0.2926 0.4707
vn 0.8440 -0.5091 -0.1689
vn 0.4169 -0.5265 -0.7409
vn -0.1956 -0.5431 -0.8166
vn -0.8648 0.0606 -0.4984
vn 0.5686 0.0736 0.8193
vn 0.2332 0.2807 0.9310
vn 0.1649 0.2191 0.9617
vn -0.3902 0.3495 0.8518
vn -0.3237 0.4602 0.8267
vn -0.8762 0.3718 0.3068
vn -0.9369 0.3456 0.0524
vn -0.9527 0.2663 0.1463
vn -0.8210 0.1937 -0.5370
vn -0.9420 0.3013 0.1478
vn -0.8071 0.2338 -0.5421
vn 0.5095 -0.2706 0.8168
vn 0.4372 -0.2257 0.8706
vn 0.8770 -0.2733 0.3952
vn 0.8977 -0.3013 -0.3215
vn 0.8938 -0.2548 -0.3690
vn 0.8872 -0.3500 0.3007
vn 0.3619 -0.6644 -0.6539
vn -0.2974 -0.2743 -0.9145
vn 0.5139 -0.4240 -0.7458
vn 0.8397 -0.5156 -0.1702
vn 0.0844 -0.0537 0.9950
vn 0.6163 -0.0602 0.7852
vn 0.3230 0.1827 0.9286
vn -0.8491 0.0088 -0.5281
vn -0.8843 0.1524 -0.4413
vn -0.5780 0.2290 0.7832
vn -0.9012 0.3974 0.1731
vn -0.1572 -0.0577 -0.9859
vn 0.4814 -0.2613 -0.8366
vn -0.9360 0.2358 0.2615
vn -0.5318 0.0806 0.8431
vn -0.8480 0.1764 -0.4997
vn -0.2228 0.0347 -0.9742
vn -0.2532 0.0163 -0.9673
vn 0.4833 -0.1072 -0.8689
vn 0.4866 -0.1687 -0.8572
vn 0.9373 -0.1853 0.2953
vn 0.8816 -0.4414 0.1675
vn 0.5135 -0.3534 0.7819
vn 0.5240 -0.4099 0.7466
vn -0.1195 -0.1395 0.9830
vn 0.0376 -0.1820 0.9826
vn -0.6184 0.1393 0.7734
vn 0.8614 -0.3805 -0.3363
vn 0.8475 -0.5191 0.1111
vn 0.6280 -0.4637 0.6250
vn 0.7688 0.1256 0.6270
vn 0.9592 0.1405 0.2453
vn 0.4439 0.5267 0.7249
vn 0.7683 -0.6211 0.1548
vn 0.9606 -0.2204 -0.1692
vn 0.5610 -0.8023 -0.2039
vn 0.7990 -0.4105 -0.4394
vn 0.1065 -0.8074 -0.5804
vn 0.4654 -0.4540 -0.7598
vn -0.5929 -0.4665 -0.6564
vn -0.2148 -0.2639 -0.9403
vn -0.9577 -0.2637 -0.1155
vn -0.9068 0.1359 -0.3991
vn -0.8671 0.3900 0.3100
vn -0.3742 0.5713 0.7305
vn -0.8010 0.5888 -0.1084
vn -0.8028 0.4496 -0.3915
vn -0.7925 0.5725 -0.2100
vn -0.7907 0.6120 -0.0131
vn -0.8828 0.4394 -0.1662
vn -0.8015 0.2307 -0.5517
vn 0.2099 -0.3198 0.9239
vn -0.4119 -0.5455 0.7299
vn -0.3228 -0.1592 0.9330
vn -0.0189 -0.1204 0.9925
vn 0.5278 -0.2347 -0.8163
vn -0.1877 -0.0044 -0.9822
vn -0.7242 0.1412 -0.6749
vn -0.7926 0.1630 -0.5876
vn -0.5843 0.1034 0.8049
vn -0.7050 0.1318 0.6969
vn -0.9661 0.2210 0.1336
vn -0.9707 0.2342 -0.0536
vn 0.8050 -0.2634 0.5316
vn -0.8965 -0.0021 -0.4430
vn -0.2678 0.5563 0.7866
vn -0.8458 0.5019 0.1808
vn -0.9535 0.2726 0.1286
vn -0.7067 0.4403 0.5539
vn -0.0873 -0.1343 -0.9871
vn 0.4843 -0.6503 -0.5853
vn 0.4037 -0.5570 -0.7258
vn 0.7119 -0.6505 -0.2646
vn 0.3866 -0.4241 0.8189
vn 0.5830 -0.6860 0.4353
vn 0.6721 -0.6225 0.4011
vn 0.2363 -0.2825 0.9297
vn -0.4902 0.1922 0.8502
vn -0.8149 0.0626 -0.5762
vn -0.9645 0.2426 0.1039
vn -0.4677 0.3951 0.7907
vn -0.0304 -0.0916 0.9953
vn 0.7440 -0.6649 0.0663
vn -0.1873 -0.8205 0.5401
vn -0.0052 -0.7852 0.6192
vn -0.1869 -0.8647 0.4662
vn -0.1899 -0.8493 0.4926
vn -0.1874 -0.9180 0.3496
vn -0.3558 -0.9185 0.1727
vn -0.3491 -0.8705 0.3469
vn -0.5676 -0.6658 0.4844
vn -0.3512 -0.6366 0.6866
vn 0.0088 -0.6595 0.7517
vn -0.9053 0.1072 0.4111
vn -0.9525 -0.3046 -0.0025
vn -0.4216 -0.4939 -0.7605
vn 0.3016 -0.8043 -0.5120
vn 0.5772 -0.7975 -0.1754
vn 0.6869 -0.7215 0.0868
vn 0.7053 -0.4373 0.5579
vn 0.2946 0.1331 0.9463
vn -0.4722 0.1732 0.8643
vn 0.1225 0.4501 0.8846
vn 0.8952 0.1550 0.4178
vn 0.1843 0.4405 0.8786
vn -0.8883 -0.2750 -0.3678
vn -0.8887 -0.2290 -0.3973
vn -0.2526 -0.5021 -0.8271
vn -0.0601 -0.5491 -0.8336
vn -0.6674 0.3302 0.6675
vn -0.5477 0.3972 0.7364
vn -0.6275 0.5270 0.5732
vn -0.3545 0.5693 0.7418
vn -0.0837 0.7400 0.6674
vn -0.0343 0.6559 0.7541
vn 0.7199 -0.5157 -0.4646
vn 0.4844 -0.8251 -0.2909
vn 0.7062 -0.7016 -0.0950
vn 0.4610 -0.8874 0.0018
vn 0.9706 -0.2407 -0.0089
vn 0.9544 -0.2928 0.0578
vn 0.9268 -0.3728 0.0459
vn 0.9348 -0.3395 0.1048
vn 0.5269 0.7784 0.3413
vn 0.5942 0.6918 0.4104
vn -0.9983 -0.0430 0.0400
vn -0.7835 0.1665 0.5986
vn -0.9445 -0.1925 0.2664
vn -0.7571 0.0341 0.6524
vn -0.9789 -0.1967 0.0561
vn -0.8070 0.0211 0.5901
vn -0.9416 -0.2735 0.1966
vn -0.7837 -0.0051 0.6211
vn -0.9866 -0.1625 -0.0108
vn -0.8226 -0.0543 0.5660
vn -0.8757 -0.4571 0.1557
vn -0.7485 -0.2214 0.6251
vn 0.2415 0.1568 0.9576
vn 0.0375 0.0766 0.9964
vn -0.4000 0.4828 0.7791
vn 0.8436 0.5119 -0.1621
vn 0.8830 -0.1274 -0.4517
vn 0.9038 0.4075 -0.1308
vn 0.9301 0.0372 -0.3655
vn 0.9152 -0.0567 0.3991
vn 0.8020 -0.5370 0.2617
vn 0.9314 -0.0382 0.3621
vn 0.9405 0.2327 -0.2477
vn 0.9919 0.0417 -0.1201
vn 0.9529 -0.2844 -0.1052
vn 0.9214 -0.3845 -0.0569
vn -0.7689 0.4145 0.4868
vn 0.2333 0.3193 0.9185
vn 0.0515 0.3761 0.9252
vn -0.5182 0.3735 0.7694
vn -0.5464 0.4130 0.7286
vn -0.2303 -0.4538 0.8608
vn 0.7550 -0.3775 0.5362
vn 0.0354 0.0354 0.9987
vn 0.1636 -0.5446 0.8226
vn 0.8045 -0.3060 0.5091
vn 0.1394 0.1320 0.9814
vn -0.0118 -0.4030 0.9151
vn 0.7011 -0.3230 0.6357
vn 0.0818 0.0856 0.9930
vn 0.0635 -0.4428 0.8944
vn 0.7801 -0.2791 0.5599
vn 0.1468 0.0578 0.9875
vn 0.8053 -0.5625 -0.1875
vn 0.1591 -0.4587 -0.8743
vn 0.7473 -0.2468 -0.6169
vn 0.0188 -0.3639 -0.9313
vn 0.7820 -0.5328 -0.3234
vn 0.0455 -0.5942 -0.8030
vn 0.7278 -0.3619 -0.5825
vn -0.1123 -0.4929 -0.8628
vn 0.7249 -0.6846 -0.0763
vn -0.0380 -0.7549 -0.6547
vn 0.7352 -0.5039 -0.4534
vn -0.2536 -0.5614 -0.7877
vn 0.7485 -0.6298 -0.2075
vn -0.0583 -0.6807 -0.7303
vn 0.6023 -0.4392 -0.6666
vn -0.3294 -0.5178 -0.7895
vn -0.5470 0.3881 0.7417
vn 0.3248 0.3607 0.8743
vn -0.5110 0.3554 0.7827
vn 0.3708 0.3148 0.8737
vn 0.3585 -0.3804 -0.8525
vn -0.2118 -0.2465 -0.9457
vn 0.4828 -0.3098 -0.8191
vn -0.1468 -0.1637 -0.9755
vn -0.4176 -0.2508 -0.8733
vn 0.2713 -0.3816 -0.8836
vn -0.3657 -0.2827 -0.8867
vn 0.2962 -0.4218 -0.8569
vn -0.9586 -0.2342 0.1619
vn -0.8662 0.2149 0.4512
vn -0.5764 -0.0697 0.8142
vn -0.7359 -0.6648 -0.1285
vn -0.7335 -0.5141 -0.4447
vn -0.9725 -0.2067 -0.1078
vn -0.8419 -0.5215 0.1386
vn -0.9290 -0.3405 -0.1451
vn -0.9910 -0.0190 0.1322
vn 0.9694 0.0384 0.2424
vn 0.2696 0.2804 0.9212
vn 0.8735 0.1947 0.4463
vn 0.0934 0.3029 0.9484
vn 0.9712 0.0690 0.2280
vn 0.0442 0.3223 0.9456
vn 0.8179 0.2169 0.5329
vn 0.0985 0.3206 0.9421
vn 0.9684 0.0365 0.2466
vn 0.3110 0.3514 0.8830
vn 0.8870 0.2072 0.4127
vn 0.1699 0.3839 0.9076
vn 0.8747 -0.4584 -0.1572
vn 0.6489 -0.5746 -0.4988
vn 0.8694 -0.4642 -0.1693
vn 0.6661 -0.5879 -0.4590
vn 0.8765 -0.3758 -0.3008
vn 0.6741 -0.5076 -0.5366
vn 0.8803 -0.2382 -0.4104
vn 0.7703 -0.3141 -0.5550
vn 0.8719 -0.3190 -0.3715
vn 0.7739 -0.2591 -0.5779
vn 0.8594 -0.4639 -0.2149
vn 0.8186 -0.3914 -0.4203
vn 0.8552 -0.3649 -0.3681
vn 0.9118 -0.4094 -0.0312
vn 0.7840 -0.3609 -0.5050
vn 0.7797 -0.3770 -0.5000
vn 0.7074 -0.5248 -0.4734
vn 0.7952 -0.5968 0.1074
vn 0.8304 -0.3908 -0.3971
vn 0.8550 -0.3888 0.3433
vn 0.8367 -0.1974 -0.5109
vn 0.7958 -0.2999 -0.5261
vn 0.8991 -0.0157 0.4374
vn 0.8994 -0.1762 0.4001
vn 0.9188 0.2057 0.3368
vn 0.8829 0.1431 0.4473
vn 0.8056 -0.1259 -0.5789
vn 0.7713 -0.2160 -0.5987
vn 0.8590 0.1724 0.4820
vn 0.9096 0.0518 0.4122
vn 0.7523 -0.1274 -0.6463
vn -0.7282 -0.1417 0.6706
vn -0.6816 -0.2152 0.6994
vn -0.7590 0.0302 0.6503
vn -0.8556 -0.5115 0.0801
vn -0.9654 -0.2558 -0.0508
vn -0.9945 -0.0981 -0.0375
vn -0.7853 0.0972 0.6114
vn -0.9933 -0.1015 0.0549
vn -0.6224 0.1474 0.7687
vn -0.9707 -0.2285 -0.0749
vn -0.6438 0.0619 0.7627
vn -0.9152 -0.3125 -0.2545
vn -0.8359 -0.0717 0.5442
vn -0.9515 -0.2536 -0.1741
vn -0.7349 0.1288 0.6658
vn -0.9857 -0.1245 -0.1134
vn -0.6965 0.0893 0.7120
vn -0.4331 -0.3009 -0.8496
vn -0.9453 -0.1925 -0.2634
vn -0.9316 -0.1413 -0.3350
vn 0.7434 -0.6240 0.2408
vn 0.7632 -0.5376 -0.3586
vn 0.8112 -0.3351 0.4792
vn 0.6407 -0.5529 -0.5328
vn 0.8692 -0.1963 0.4538
vn 0.7628 -0.3803 -0.5230
vn 0.8142 -0.1593 -0.5582
vn 0.7008 -0.2838 -0.6545
vn 0.7789 -0.2535 -0.5736
vn 0.8996 0.0767 0.4299
vn -0.5151 -0.2366 0.8238
vn 0.9205 0.1628 0.3553
vn -0.9326 -0.3153 0.1757
vn -0.7738 0.0875 0.6274
vn -0.9797 -0.1958 0.0433
vn -0.9866 -0.1512 0.0609
vn -0.8254 0.0873 0.5578
vn -0.9973 -0.0684 0.0264
vn -0.7502 0.1959 0.6315
vn -0.9951 -0.0730 0.0661
vn -0.6703 0.2030 0.7138
vn -0.9957 -0.0584 -0.0717
vn -0.7997 0.1790 0.5731
vn -0.9911 0.0692 -0.1141
vn -0.7066 0.3547 0.6123
vn -0.9855 0.1490 -0.0812
vn -0.6421 0.3559 0.6790
vn -0.9987 -0.0153 -0.0492
vn -0.6773 0.2628 0.6872
vn -0.9970 -0.0766 -0.0078
vn -0.7400 0.1413 0.6576
vn -0.8061 -0.0430 0.5902
vn -0.2988 -0.9373 0.1795
vn -0.0672 0.0320 0.9972
vn 0.7181 -0.6556 -0.2334
vn 0.7631 -0.3307 0.5553
vn 0.7454 -0.5209 -0.4161
vn 0.8921 -0.0695 0.4465
vn 0.8576 -0.3629 -0.3644
vn 0.8954 -0.1337 -0.4246
vn 0.8194 -0.2533 -0.5143
vn 0.8613 -0.0554 0.5050
vn 0.7538 0.2425 0.6108
vn -0.5645 -0.0924 0.8203
vn -0.6744 0.0306 0.7377
vn -0.6411 0.2403 0.7289
vn -0.9538 -0.2392 0.1818
vn -0.9831 -0.1128 0.1440
vn -0.9868 0.0539 0.1528
vn -0.6454 0.2995 0.7027
vn -0.9694 0.1536 0.1914
vn -0.4933 0.4008 0.7720
vn -0.9875 0.0613 0.1453
vn -0.5274 0.3779 0.7610
vn -0.9814 -0.0439 0.1868
vn -0.7145 0.1897 0.6734
vn -0.9722 0.0763 0.2213
vn -0.6011 0.3268 0.7293
vn -0.9575 0.2242 0.1817
vn -0.5484 0.3981 0.7354
vn -0.8656 -0.2365 -0.4414
vn -0.9923 0.0342 0.1188
vn -0.9888 0.0121 0.1488
vn -0.7186 0.1609 0.6766
vn -0.8610 0.2560 0.4395
vn -0.9008 0.1235 0.4164
vn 0.6410 -0.5818 -0.5006
vn 0.5625 -0.6956 -0.4468
vn -0.3186 -0.8128 -0.4878
vn -0.5269 -0.8300 -0.1827
vn 0.3576 -0.7042 -0.6134
vn -0.5521 -0.7343 -0.3949
vn -0.5956 -0.7029 -0.3888
vn -0.3414 -0.8890 -0.3052
vn 0.3891 -0.7315 -0.5599
vn 0.6031 -0.7062 -0.3708
vn 0.3368 -0.8796 -0.3359
vn -0.3387 -0.9358 0.0975
vn -0.0738 -0.9173 0.3913
vn 0.2754 -0.7126 0.6453
vn 0.6842 -0.6555 -0.3195
vn 0.9373 -0.0088 0.3483
vn 0.6169 -0.4765 -0.6264
vn 0.9363 0.0193 0.3506
vn 0.8201 -0.4078 -0.4015
vn 0.8510 0.0992 0.5157
vn 0.6824 -0.4297 -0.5914
vn 0.8809 -0.3522 -0.3162
vn 0.8519 -0.2393 -0.4658
vn 0.9030 0.1542 0.4011
vn 0.8913 0.2415 0.3836
vn -0.5218 -0.2557 0.8138
vn -0.6398 0.0228 0.7682
vn -0.6725 0.0060 0.7400
vn -0.5495 0.3752 0.7465
vn -0.9354 -0.0647 0.3477
vn -0.9292 0.1108 0.3525
vn -0.9726 0.0471 0.2277
vn -0.9014 0.2037 0.3820
vn -0.9736 0.0955 0.2073
vn -0.9443 0.1184 0.3072
vn -0.5519 0.3781 0.7433
vn -0.5942 0.3796 0.7091
vn -0.9653 0.1999 0.1682
vn -0.9120 0.2802 0.2995
vn -0.5523 0.4409 0.7075
vn -0.4875 0.4646 0.7393
vn -0.8972 -0.2008 -0.3934
vn -0.9410 0.1833 0.2844
vn -0.9726 -0.1819 -0.1449
vn -0.8878 0.1912 0.4186
vn -0.4248 -0.5817 -0.6937
vn -0.4646 -0.8188 0.3371
vn 0.8886 -0.1439 0.4354
vn 0.1727 -0.3640 0.9152
vn 0.3394 -0.9382 0.0678
vn 0.6528 0.4841 0.5827
vn 0.2025 0.4719 0.8581
vn -0.3563 0.6351 0.6853
vn 0.1717 0.7168 0.6758
vn 0.4756 0.6797 0.5585
vn 0.6656 0.6080 0.4327
vn 0.9905 0.1301 0.0439
vn 0.9959 0.0899 0.0106
vn -0.9682 -0.1940 0.1577
vn -0.8477 0.0172 0.5302
vn -0.1709 0.4800 0.8605
vn 0.7104 0.6260 0.3215
vn -0.1512 0.7577 0.6349
vn 0.9514 -0.1485 -0.2699
vn -0.9199 0.2230 0.3225
vn 0.5781 0.6143 0.5371
vn -0.0782 0.6852 0.7242
vn 0.5454 0.7185 0.4317
vn -0.4271 0.6824 0.5933
vn 0.9839 0.0294 -0.1765
vn 0.9931 0.0736 0.0913
vn -0.8929 -0.1128 0.4359
vn -0.9897 -0.0811 0.1178
vn 0.6903 0.5119 0.5114
vn -0.0317 0.6485 0.7606
vn 0.9712 -0.2299 -0.0627
vn -0.4892 -0.0658 0.8697
vn 0.7361 -0.3680 0.5681
vn 0.4580 0.8014 0.3847
vn 0.6120 0.7182 0.3312
vn 0.9084 -0.0181 0.4178
vn 0.8664 -0.0120 0.4991
vn 0.6978 0.1679 0.6963
vn 0.4157 0.2675 0.8693
vn 0.9115 0.3315 0.2433
vn 0.6095 0.4744 0.6352
vn -0.0980 0.7407 0.6646
vn -0.2244 0.0498 0.9732
vn 0.9380 -0.1571 0.3089
vn 0.9974 0.0719 -0.0072
vn 0.9099 -0.0984 0.4031
vn 0.9419 -0.3097 0.1302
vn 0.9691 -0.2447 0.0315
vn 0.9448 -0.2816 0.1672
vn 0.2670 -0.5736 -0.7744
vn 0.3621 -0.5626 -0.7432
vn 0.5014 -0.4342 -0.7484
vn 0.5461 -0.3010 -0.7818
vn 0.9340 -0.1141 -0.3386
vn -0.1469 -0.4773 -0.8664
vn -0.0535 -0.4601 -0.8862
vn -0.0638 0.4103 0.9097
vn -0.1465 0.4073 0.9015
vn -0.5863 0.4099 0.6987
vn -0.6514 0.3854 0.6536
vn 0.1619 -0.4176 -0.8941
vn 0.1759 -0.3101 -0.9343
vn -0.3377 -0.2092 -0.9177
vn -0.2549 -0.2058 -0.9448
vn -0.4851 -0.2653 -0.8332
vn -0.8557 0.4298 0.2881
vn -0.9055 0.3347 0.2609
vn -0.9561 0.2930 0.0093
vn -0.9661 0.2099 -0.1501
vn -0.8617 0.3294 0.3860
vn -0.9811 0.1886 -0.0425
vn -0.6508 0.5812 0.4885
vn -0.6113 0.5338 0.5842
vn -0.0591 0.6306 0.7739
vn -0.5669 0.5967 0.5680
vn -0.8869 0.3797 0.2633
vn -0.9737 0.2273 -0.0167
vn 0.0513 -0.2293 -0.9720
vn -0.4578 -0.1937 -0.8677
vn 0.5019 -0.2513 -0.8276
vn 0.8801 -0.2855 -0.3793
vn 0.8043 -0.5709 -0.1648
vn -0.1224 0.7377 0.6639
vn 0.8356 -0.5318 0.1375
vn 0.9010 -0.4327 0.0312
vn 0.8636 -0.1210 0.4895
vn -0.9354 0.2529 0.2471
vn -0.9850 0.1710 -0.0209
vn -0.5695 -0.0974 -0.8162
vn -0.7186 -0.0781 -0.6910
vn -0.8826 0.0449 -0.4680
vn -0.9789 0.0421 -0.2002
vn -0.9812 0.1542 0.1158
vn -0.9181 -0.1283 -0.3749
vn -0.9899 -0.1411 -0.0099
vn -0.9924 0.0721 0.1000
vn -0.8727 -0.2496 0.4196
vn -0.9248 0.2757 0.2622
vn -0.9596 0.2002 0.1975
vn 0.0501 0.0578 0.9971
vn -0.1258 -0.5590 -0.8196
vn -0.2134 -0.9716 0.1023
vn -0.0473 -0.0744 0.9961
vn -0.1834 -0.6307 -0.7541
vn -0.8573 -0.1097 0.5030
vn 0.1852 -0.4195 -0.8887
vn 0.0269 0.1889 0.9816
vn 0.1178 0.2034 0.9720
vn 0.3193 -0.3115 -0.8950
vn 0.3278 -0.3476 -0.8785
vn 0.2458 0.2672 0.9318
vn 0.0871 0.2410 0.9666
vn -0.0876 0.1586 0.9834
vn 0.1021 0.2762 0.9557
vn 0.0799 -0.3610 -0.9291
vn -0.7441 -0.5567 -0.3694
vn -0.6989 -0.3736 -0.6098
vn -0.5678 -0.4264 -0.7041
vn -0.5572 -0.6157 -0.5572
vn 0.1251 0.2666 0.9557
vn 0.2086 -0.3213 -0.9237
vn -0.5286 -0.3480 -0.7742
vn 0.0883 0.2631 0.9607
vn 0.2440 0.2453 0.9382
vn -0.4400 -0.4008 -0.8036
vn 0.2989 -0.2842 -0.9110
vn -0.3396 -0.3830 -0.8590
vn 0.3113 -0.2938 -0.9038
vn -0.4990 -0.3644 -0.7863
vn -0.6451 -0.2843 -0.7092
vn 0.1568 -0.3446 -0.9255
vn 0.2043 0.2548 0.9452
vn 0.0216 -0.3944 -0.9187
vn 0.0159 -0.4266 -0.9043
vn 0.9109 0.0769 0.4053
vn 0.1947 0.2784 0.9405
vn 0.8509 0.0580 0.5221
vn 0.0070 0.3178 0.9481
vn -0.0181 -0.4185 -0.9080
vn -0.1650 0.2725 0.9479
vn -0.2078 -0.4300 -0.8786
vn 0.0341 -0.3907 -0.9199
vn -0.6800 -0.3410 -0.6491
vn -0.6917 -0.2736 -0.6684
vn -0.8276 -0.5085 -0.2376
vn -0.7129 -0.5210 -0.4693
vn -0.7815 -0.0709 0.6199
vn -0.8617 -0.3049 -0.4055
vn -0.7157 -0.5000 -0.4877
vn -0.7390 -0.3676 -0.5647
vn -0.7820 -0.3052 -0.5434
vn -0.0505 -0.4126 -0.9095
vn -0.7712 -0.2982 -0.5624
vn -0.0529 -0.4043 -0.9131
vn -0.7043 -0.1883 -0.6844
vn -0.6421 -0.2794 -0.7139
vn -0.7339 -0.1437 -0.6639
vn 0.2534 0.3908 0.8849
vn 0.2526 0.3951 0.8832
vn -0.1976 -0.5128 -0.8355
vn -0.2063 -0.5395 -0.8163
vn -0.0638 0.3271 0.9428
vn 0.3558 0.4142 0.8377
vn -0.1885 -0.5042 -0.8428
vn -0.6404 -0.0031 0.7680
vn -0.8739 -0.4218 -0.2416
vn -0.9212 -0.3651 -0.1344
vn -0.9209 -0.2405 -0.3068
vn 0.0698 0.4334 0.8985
vn 0.3219 0.3960 0.8600
vn -0.8709 -0.2151 -0.4419
vn -0.8642 -0.2339 -0.4454
vn 0.2258 0.3480 0.9099
vn 0.1755 -0.4302 -0.8855
vn 0.1247 -0.5201 -0.8450
vn 0.2205 -0.4411 -0.8699
vn -0.0354 0.2320 0.9721
vn -0.1133 -0.4702 -0.8753
vn -0.6848 0.2069 0.6987
vn -0.8109 -0.2068 -0.5474
vn -0.8951 -0.3908 -0.2146
vn -0.7985 -0.4334 -0.4177
vn 0.0411 0.3844 0.9222
vn -0.7881 -0.3575 -0.5011
vn -0.8235 -0.4051 -0.3971
vn -0.8348 -0.2646 -0.4827
vn -0.6927 -0.3683 -0.6201
vn -0.8828 -0.1177 -0.4547
vn 0.1817 0.4030 0.8970
vn 0.1013 0.4290 0.8976
vn -0.8124 -0.2071 -0.5450
vn 0.0790 -0.4827 -0.8722
vn -0.7211 -0.3264 -0.6111
vn 0.1224 -0.4278 -0.8956
vn -0.2967 -0.4981 -0.8148
vn -0.8624 -0.2575 -0.4359
vn -0.7715 -0.3328 -0.5422
vn -0.2462 -0.4992 -0.8308
vn 0.8262 0.1029 0.5539
vn 0.9594 0.0322 0.2804
vn 0.8221 -0.4547 -0.3428
vn 0.7383 -0.3636 -0.5681
vn 0.7334 -0.2903 -0.6147
vn 0.7410 -0.3412 -0.5783
vn 0.9907 0.0971 0.0953
vn 0.8014 -0.0802 -0.5928
vn 0.8506 0.0038 -0.5258
vn 0.8646 0.2927 0.4084
vn 0.9903 0.0830 0.1115
vn 0.6862 -0.2251 -0.6917
vn 0.6821 -0.4458 -0.5796
vn 0.7767 -0.4220 -0.4676
vn 0.8692 0.1233 0.4788
vn 0.9411 0.1189 0.3166
vn 0.7117 -0.4092 -0.5710
vn 0.9358 0.0280 0.3515
vn 0.1423 0.3974 0.9066
vn -0.5799 0.3911 0.7147
vn -0.9229 0.2302 0.3087
vn -0.2132 -0.4942 -0.8428
vn -0.8978 -0.1845 -0.3998
vn -0.9765 0.1590 0.1455
vn -0.6930 0.3502 0.6302
vn 0.0507 -0.5016 -0.8636
vn -0.8254 -0.2039 -0.5264
vn 0.7986 -0.4268 -0.4244
vn 0.9146 -0.0312 0.4032
vn 0.2058 0.3522 0.9130
vn 0.2291 0.3850 0.8940
vn 0.9100 0.1841 0.3714
vn 0.7848 -0.2905 -0.5475
vn -0.1040 -0.4727 -0.8750
vn -0.8742 -0.2592 -0.4105
vn -0.9967 0.0400 -0.0704
vn -0.7506 0.2980 0.5898
vn 0.0014 -0.4606 -0.8876
vn -0.6653 -0.2569 -0.7010
vn 0.7388 -0.4815 -0.4715
vn 0.8920 -0.0478 0.4495
vn 0.0883 0.2869 0.9539
vn -0.9624 -0.2007 -0.1828
vn -0.8350 0.0371 0.5489
vn -0.4411 -0.3497 -0.8265
vn 0.1367 -0.3568 -0.9241
vn -0.6149 -0.3603 -0.7015
vn -0.6864 -0.7116 0.1500
vn 0.1557 -0.8901 0.4283
vn -0.5990 -0.5463 0.5854
vn -0.1672 -0.9693 -0.1801
vn -0.6975 -0.6909 -0.1902
vn 0.0141 -0.9119 0.4101
vn -0.8911 -0.3399 0.3007
vn -0.1953 -0.9261 -0.3227
vn -0.4928 -0.8390 -0.2306
vn 0.2610 -0.9431 0.2059
vn -0.7188 -0.6512 0.2434
vn -0.0640 -0.8948 -0.4418
vn -0.7508 -0.6098 -0.2538
vn -0.0386 -0.9614 0.2725
vn -0.9174 -0.3355 0.2139
vn -0.0765 -0.8462 -0.5274
vn -0.8746 -0.2088 0.4375
vn 0.5405 0.6643 0.5163
vn -0.4484 -0.8701 0.2046
vn -0.5361 0.0600 0.8420
vn -0.2127 0.5587 0.8016
vn -0.1572 0.5271 0.8351
vn 0.0960 0.7492 0.6554
vn 0.2908 -0.4150 -0.8621
vn -0.4323 -0.2899 -0.8539
vn -0.9425 -0.1968 -0.2702
vn -0.7668 0.0417 0.6406
vn -0.9903 0.1171 0.0748
vn -0.5972 0.3446 0.7243
vn -0.7813 -0.5675 -0.2598
vn -0.9219 -0.1513 0.3567
vn -0.8697 -0.0061 -0.4935
vn -0.8330 0.1054 -0.5431
vn -0.7552 0.0487 -0.6537
vn -0.8655 -0.0193 -0.5006
vn -0.4088 -0.3704 -0.8341
vn -0.7665 -0.1411 -0.6266
vn -0.9479 0.2642 0.1780
vn -0.9720 0.1087 -0.2084
vn 0.9585 -0.2851 -0.0019
vn 0.7084 -0.6536 -0.2664
vn -0.2595 -0.0947 -0.9611
vn -0.3558 -0.1763 -0.9178
vn -0.4873 -0.0397 0.8723
vn -0.4427 -0.2033 0.8733
vn -0.4596 0.3156 0.8302
vn -0.4881 0.1824 -0.8535
vn -0.5058 0.1132 -0.8552
vn -0.7742 0.6329 -0.0121
vn -0.5222 0.3973 0.7546
vn -0.8549 0.4213 -0.3027
vn -0.8056 0.3761 -0.4578
vn -0.7587 0.5718 0.3120
vn -0.7631 0.6410 0.0828
vn -0.7046 0.4809 0.5218
vn 0.1056 -0.9726 -0.2073
vn 0.4627 0.8754 0.1399
vn 0.6604 -0.3252 -0.6768
vn -0.6008 0.3507 0.7184
vn -0.7224 0.6073 0.3308
vn 0.9396 -0.1636 0.3006
vn -0.5404 -0.6297 0.5581
vn 0.7146 -0.1998 -0.6704
vn -0.7480 0.0592 0.6611
vn -0.4039 0.8453 -0.3497
vn -0.7713 0.2642 -0.5791
vn 0.1282 -0.1335 0.9827
vn 0.2160 0.0442 0.9754
vn -0.8106 0.5257 0.2580
vn -0.5278 -0.6399 0.5586
vn -0.2257 -0.0328 -0.9736
vn 0.1455 -0.0519 0.9880
vt 0.789957 0.884211
vt 0.719555 0.884211
vt 0.836733 0.819649
vt 0.939727 0.884211
vt 0.959343 0.884211
vt 0.879153 0.884211
vt 0.799002 0.884211
vt 0.723594 0.884211
vt 0.819285 0.761771
vt 0.822796 0.714223
vt 0.850879 0.715716
vt 0.891600 0.696226
vt 0.859098 0.741411
vt 0.335777 0.736938
vt 0.253182 0.743428
vt 0.254262 0.835227
vt 0.335777 0.704218
vt 0.253430 0.704218
vt 0.219842 0.843456
vt 0.221966 0.745590
vt 0.220661 0.874430
vt 0.185790 0.868746
vt 0.181859 0.894669
vt 0.290126 0.937710
vt 0.255240 0.953667
vt 0.257681 0.897337
vt 0.187586 0.841912
vt 0.149840 0.835125
vt 0.134061 0.745121
vt 0.104316 0.831508
vt 0.066235 0.744576
vt 0.098149 0.704218
vt 0.101236 0.747744
vt 0.134333 0.704218
vt 0.178371 0.744143
vt 0.223999 0.704218
vt 0.173606 0.704218
vt 0.031278 0.835131
vt 0.064052 0.831893
vt 0.103749 0.872762
vt 0.148514 0.884704
vt 0.031278 0.867473
vt 0.065509 0.862374
vt 0.031278 0.931751
vt 0.877736 0.688269
vt 0.899395 0.677081
vt 0.898559 0.673893
vt 0.905261 0.705979
vt 0.819263 0.781686
vt 0.081751 0.938106
vt 0.100747 0.956073
vt 0.141189 0.965870
vt 0.174809 0.963011
vt 0.031278 0.736938
vt 0.031278 0.704218
vt 0.065081 0.704218
vt 0.184722 0.440607
vt 0.182080 0.431014
vt 0.193582 0.421896
vt 0.224498 0.902663
vt 0.256900 0.876015
vt 0.335778 0.835131
vt 0.335777 0.867473
vt 0.335777 0.931751
vt 0.220138 0.973919
vt 0.783351 0.744891
vt 0.785569 0.766887
vt 0.780160 0.752069
vt 0.785686 0.708376
vt 0.779171 0.739230
vt 0.680220 0.958510
vt 0.729354 0.971116
vt 0.728572 0.954736
vt 0.178097 0.416873
vt 0.872895 0.762533
vt 0.172711 0.366973
vt 0.215054 0.368498
vt 0.664759 0.956045
vt 0.674663 0.951841
vt 0.200053 0.306438
vt 0.171774 0.246452
vt 0.176386 0.224139
vt 0.184334 0.240768
vt 0.792691 0.971559
vt 0.839668 0.943347
vt 0.789983 0.956236
vt 0.166866 0.386267
vt 0.165411 0.368227
vt 0.578125 0.708984
vt 0.578613 0.695557
vt 0.609863 0.707520
vt 0.610352 0.693115
vt 0.637695 0.689453
vt 0.637207 0.696533
vt 0.661133 0.686768
vt 0.686523 0.695557
vt 0.660156 0.696777
vt 0.436035 0.699951
vt 0.462891 0.707520
vt 0.436035 0.709473
vt 0.462891 0.703125
vt 0.489258 0.700439
vt 0.489258 0.708496
vt 0.512695 0.691895
vt 0.513184 0.706543
vt 0.541992 0.694336
vt 0.542480 0.708252
vt 0.579590 0.668457
vt 0.610840 0.677490
vt 0.579590 0.679443
vt 0.610840 0.666992
vt 0.488525 0.674805
vt 0.512207 0.675049
vt 0.489014 0.690186
vt 0.464355 0.674805
vt 0.463623 0.689697
vt 0.541992 0.677002
vt 0.639160 0.672363
vt 0.640137 0.667236
vt 0.662598 0.665527
vt 0.662109 0.670898
vt 0.686523 0.685547
vt 0.686523 0.669434
vt 0.436035 0.674072
vt 0.436035 0.690186
vt 0.486572 0.932129
vt 0.498956 0.956121
vt 0.485632 0.943705
vt 0.460693 0.926147
vt 0.460693 0.911926
vt 0.510254 0.919373
vt 0.509766 0.939087
vt 0.488037 0.914063
vt 0.527344 0.970245
vt 0.539551 0.952606
vt 0.486816 0.739502
vt 0.509277 0.759888
vt 0.486084 0.748291
vt 0.513672 0.736816
vt 0.461426 0.741455
vt 0.461426 0.749512
vt 0.436035 0.739990
vt 0.436035 0.750610
vt 0.659180 0.730713
vt 0.686523 0.746338
vt 0.657715 0.757935
vt 0.686523 0.735840
vt 0.485352 0.758667
vt 0.461182 0.756958
vt 0.436035 0.759277
vt 0.686523 0.754639
vt 0.487305 0.732422
vt 0.513672 0.728760
vt 0.659668 0.714844
vt 0.686523 0.727783
vt 0.686523 0.714600
vt 0.634766 0.735840
vt 0.635742 0.711670
vt 0.436035 0.718750
vt 0.461670 0.732666
vt 0.436035 0.731445
vt 0.462158 0.719971
vt 0.488525 0.717041
vt 0.609375 0.716309
vt 0.578125 0.719238
vt 0.542480 0.716553
vt 0.513672 0.712402
vt 0.656250 0.769653
vt 0.632813 0.762329
vt 0.686523 0.769653
vt 0.462402 0.772583
vt 0.436035 0.776123
vt 0.486328 0.772949
vt 0.508301 0.785278
vt 0.542969 0.729004
vt 0.654785 0.782715
vt 0.630859 0.788452
vt 0.631348 0.780518
vt 0.605957 0.790894
vt 0.605957 0.780396
vt 0.576660 0.765747
vt 0.577637 0.789429
vt 0.581055 0.830322
vt 0.540527 0.812744
vt 0.580078 0.816650
vt 0.541504 0.825439
vt 0.658203 0.844971
vt 0.654785 0.812866
vt 0.686523 0.805908
vt 0.466064 0.839355
vt 0.436279 0.815918
vt 0.466309 0.811401
vt 0.437988 0.844360
vt 0.487061 0.784058
vt 0.509277 0.794556
vt 0.488281 0.795654
vt 0.463379 0.783203
vt 0.631348 0.816650
vt 0.654785 0.796631
vt 0.631348 0.800049
vt 0.540527 0.786133
vt 0.540527 0.799438
vt 0.607910 0.817505
vt 0.578613 0.803345
vt 0.510254 0.809570
vt 0.489502 0.809937
vt 0.582520 0.848022
vt 0.612305 0.851807
vt 0.541992 0.839722
vt 0.510742 0.823486
vt 0.511230 0.834595
vt 0.489746 0.822754
vt 0.489990 0.835938
vt 0.436035 0.800659
vt 0.686523 0.836060
vt 0.691406 0.874512
vt 0.664551 0.884033
vt 0.670898 0.909973
vt 0.644043 0.925964
vt 0.646973 0.943237
vt 0.615234 0.962341
vt 0.461914 0.881104
vt 0.434082 0.883728
vt 0.697266 0.897095
vt 0.673340 0.921509
vt 0.686523 0.704834
vt 0.659668 0.707275
vt 0.663086 0.621826
vt 0.641113 0.625000
vt 0.686523 0.664063
vt 0.686523 0.621826
vt 0.463623 0.668213
vt 0.436035 0.666504
vt 0.464600 0.625488
vt 0.436035 0.626221
vt 0.487793 0.668213
vt 0.491455 0.623779
vt 0.512207 0.667969
vt 0.513184 0.624268
vt 0.542480 0.669922
vt 0.542480 0.627441
vt 0.580566 0.630127
vt 0.612793 0.628174
vt 0.740655 0.494629
vt 0.740362 0.493797
vt 0.741211 0.494629
vt 0.867751 0.480540
vt 0.864475 0.494629
vt 0.863770 0.494629
vt 0.770020 0.494629
vt 0.770020 0.451172
vt 0.837853 0.354922
vt 0.841991 0.360392
vt 0.841797 0.366211
vt 0.641113 0.891968
vt 0.430664 0.908569
vt 0.487549 0.879028
vt 0.511719 0.880554
vt 0.541504 0.931580
vt 0.542969 0.889099
vt 0.614746 0.900085
vt 0.614746 0.942688
vt 0.581543 0.900269
vt 0.577637 0.946594
vt 0.686523 0.778687
vt 0.686523 0.791626
vt 0.436035 0.786377
vt 0.542480 0.763306
vt 0.605469 0.765991
vt 0.583984 0.986725
vt 0.576172 0.965698
vt 0.605469 0.984314
vt 0.566895 0.984856
vt 0.545898 0.979187
vt 0.507813 0.959930
vt 0.460693 0.927927
vt 0.465860 0.931230
vt 0.441124 0.921965
vt 0.674406 0.926971
vt 0.683329 0.919981
vt 0.697844 0.908582
vt 0.667567 0.936649
vt 0.627441 0.976013
vt 0.649414 0.959290
vt 0.542969 0.739502
vt 0.577148 0.741211
vt 0.607910 0.741455
vt 0.636230 0.849609
vt 0.701731 0.905524
vt 0.103882 0.123047
vt 0.096313 0.142090
vt 0.080017 0.106934
vt 0.105652 0.097656
vt 0.102173 0.074707
vt 0.090759 0.064941
vt 0.071167 0.073730
vt 0.056580 0.102051
vt 0.062042 0.131836
vt 0.080200 0.146973
vt 0.578613 0.591309
vt 0.540039 0.590820
vt 0.515137 0.590820
vt 0.497803 0.590088
vt 0.470459 0.589355
vt 0.436035 0.590332
vt 0.686523 0.587402
vt 0.661621 0.588867
vt 0.641602 0.590088
vt 0.613281 0.590820
vt 0.641602 0.579834
vt 0.615234 0.579102
vt 0.662109 0.579590
vt 0.686523 0.578369
vt 0.466309 0.578857
vt 0.436035 0.579346
vt 0.493896 0.580078
vt 0.513672 0.580566
vt 0.541504 0.579590
vt 0.580078 0.578857
vt 0.449463 0.733398
vt 0.435791 0.743408
vt 0.442139 0.730713
vt 0.414307 0.352539
vt 0.406738 0.356445
vt 0.407715 0.341797
vt 0.401123 0.345215
vt 0.425781 0.375488
vt 0.430420 0.388672
vt 0.418945 0.379883
vt 0.425049 0.391602
vt 0.249390 0.470703
vt 0.282959 0.478027
vt 0.242920 0.514893
vt 0.281738 0.509766
vt 0.238037 0.648926
vt 0.276855 0.626953
vt 0.251953 0.688965
vt 0.278320 0.660156
vt 0.274902 0.746338
vt 0.299072 0.712646
vt 0.292969 0.767090
vt 0.318848 0.730713
vt 0.239868 0.553223
vt 0.270020 0.550049
vt 0.429932 0.254395
vt 0.434570 0.262695
vt 0.420898 0.263184
vt 0.426758 0.270996
vt 0.374756 0.187012
vt 0.379883 0.190918
vt 0.368164 0.196777
vt 0.374268 0.201172
vt 0.303467 0.163086
vt 0.309082 0.166992
vt 0.300049 0.174316
vt 0.305664 0.177246
vt 0.314453 0.463867
vt 0.309082 0.474121
vt 0.298096 0.455078
vt 0.208374 0.597168
vt 0.205688 0.644775
vt 0.177979 0.598389
vt 0.177246 0.638672
vt 0.333984 0.703613
vt 0.338867 0.750122
vt 0.353271 0.714600
vt 0.238403 0.597168
vt 0.269287 0.584717
vt 0.242554 0.788086
vt 0.264648 0.806274
vt 0.280762 0.436035
vt 0.339111 0.437500
vt 0.319824 0.453125
vt 0.331055 0.425293
vt 0.316162 0.437500
vt 0.289551 0.133301
vt 0.289063 0.138672
vt 0.285889 0.130371
vt 0.408203 0.897095
vt 0.402344 0.897278
vt 0.410156 0.894287
vt 0.459229 0.845947
vt 0.452881 0.848022
vt 0.461182 0.843140
vt 0.483398 0.760864
vt 0.477051 0.763306
vt 0.484863 0.757690
vt 0.293457 0.146484
vt 0.296387 0.153320
vt 0.287354 0.157715
vt 0.291992 0.166016
vt 0.397461 0.904602
vt 0.397461 0.913574
vt 0.386230 0.894043
vt 0.377930 0.902222
vt 0.447021 0.856445
vt 0.445801 0.865723
vt 0.435303 0.851196
vt 0.427734 0.864380
vt 0.473389 0.771606
vt 0.474121 0.778931
vt 0.459473 0.767090
vt 0.454102 0.778687
vt 0.356689 0.409668
vt 0.359619 0.422852
vt 0.344727 0.416016
vt 0.350586 0.428223
vt 0.212402 0.294922
vt 0.217896 0.313965
vt 0.193970 0.313477
vt 0.196533 0.334473
vt 0.234741 0.293457
vt 0.228149 0.276855
vt 0.246460 0.275879
vt 0.239502 0.260742
vt 0.327148 0.388672
vt 0.307861 0.383789
vt 0.321777 0.377930
vt 0.272461 0.295898
vt 0.278809 0.300293
vt 0.265137 0.310547
vt 0.299805 0.331543
vt 0.306641 0.337891
vt 0.288086 0.341797
vt 0.348633 0.838501
vt 0.357666 0.828369
vt 0.355225 0.845215
vt 0.361572 0.833252
vt 0.376709 0.867554
vt 0.383545 0.857056
vt 0.383057 0.874390
vt 0.387207 0.861328
vt 0.388916 0.802490
vt 0.398438 0.790527
vt 0.396973 0.808350
vt 0.404541 0.795044
vt 0.122925 0.291504
vt 0.098267 0.322266
vt 0.073853 0.286133
vt 0.049377 0.314941
vt 0.142822 0.292969
vt 0.130127 0.322266
vt 0.158203 0.292969
vt 0.153809 0.317871
vt 0.175537 0.284180
vt 0.174072 0.306641
vt 0.194458 0.266602
vt 0.192871 0.290039
vt 0.209229 0.273438
vt 0.206665 0.251465
vt 0.223389 0.254883
vt 0.220947 0.228516
vt 0.234131 0.240234
vt 0.230713 0.212891
vt 0.241455 0.229492
vt 0.234985 0.206543
vt 0.248413 0.223633
vt 0.243774 0.208496
vt 0.258789 0.211426
vt 0.254150 0.217285
vt 0.254150 0.201172
vt 0.249756 0.205566
vt 0.263672 0.187012
vt 0.267090 0.180664
vt 0.269775 0.194336
vt 0.273438 0.187500
vt 0.275146 0.163574
vt 0.282471 0.149902
vt 0.281738 0.169922
vt 0.314941 0.158203
vt 0.317627 0.166992
vt 0.309814 0.160156
vt 0.303467 0.184570
vt 0.300049 0.193359
vt 0.298096 0.179688
vt 0.294922 0.187988
vt 0.291748 0.195801
vt 0.296875 0.200684
vt 0.288574 0.203613
vt 0.293701 0.208496
vt 0.285156 0.211426
vt 0.290039 0.216797
vt 0.281494 0.219727
vt 0.286865 0.225098
vt 0.278076 0.228027
vt 0.283691 0.233887
vt 0.274414 0.236816
vt 0.280518 0.242676
vt 0.254150 0.261230
vt 0.261719 0.269531
vt 0.255859 0.285156
vt 0.280762 0.817505
vt 0.317627 0.783081
vt 0.302979 0.817627
vt 0.316650 0.805298
vt 0.332275 0.841553
vt 0.341064 0.831055
vt 0.340088 0.849365
vt 0.346924 0.855835
vt 0.369385 0.877502
vt 0.376465 0.884399
vt 0.392578 0.884521
vt 0.388184 0.184570
vt 0.390137 0.187012
vt 0.382080 0.185547
vt 0.443604 0.746338
vt 0.362061 0.204590
vt 0.359619 0.220703
vt 0.355225 0.214355
vt 0.348389 0.223145
vt 0.352539 0.229980
vt 0.341064 0.231934
vt 0.345703 0.238770
vt 0.334229 0.241211
vt 0.338867 0.248535
vt 0.324707 0.247559
vt 0.329346 0.255371
vt 0.318848 0.256836
vt 0.323975 0.264160
vt 0.312988 0.265625
vt 0.318848 0.272949
vt 0.301514 0.290527
vt 0.307617 0.298340
vt 0.293701 0.302246
vt 0.302734 0.307129
vt 0.295898 0.322754
vt 0.311279 0.320313
vt 0.312500 0.306641
vt 0.336914 0.786621
vt 0.350342 0.768799
vt 0.371338 0.808472
vt 0.380127 0.795532
vt 0.380615 0.815186
vt 0.388428 0.820801
vt 0.422852 0.843262
vt 0.442871 0.840210
vt 0.430664 0.831787
vt 0.442627 0.262207
vt 0.444336 0.267090
vt 0.437012 0.258301
vt 0.420410 0.276855
vt 0.410645 0.284668
vt 0.416016 0.267090
vt 0.407227 0.274414
vt 0.399414 0.280762
vt 0.402832 0.291016
vt 0.391113 0.287598
vt 0.395264 0.296875
vt 0.382080 0.294922
vt 0.385986 0.304688
vt 0.373047 0.302734
vt 0.376709 0.312500
vt 0.364746 0.310059
vt 0.368896 0.319336
vt 0.355469 0.317871
vt 0.360352 0.327148
vt 0.320557 0.332031
vt 0.322266 0.345703
vt 0.309814 0.354492
vt 0.319824 0.368652
vt 0.312256 0.415527
vt 0.326660 0.407715
vt 0.366455 0.585693
vt 0.381592 0.583740
vt 0.364502 0.602539
vt 0.380859 0.598633
vt 0.351807 0.588379
vt 0.351074 0.604492
vt 0.338135 0.606689
vt 0.322510 0.609619
vt 0.336426 0.589844
vt 0.319092 0.593750
vt 0.299316 0.601318
vt 0.309082 0.616943
vt 0.297852 0.627930
vt 0.297363 0.647217
vt 0.364014 0.736572
vt 0.367676 0.718262
vt 0.394775 0.742676
vt 0.400146 0.728760
vt 0.404541 0.746582
vt 0.410400 0.733398
vt 0.437744 0.758423
vt 0.429932 0.755737
vt 0.446289 0.761719
vt 0.464600 0.755981
vt 0.451904 0.750000
vt 0.465820 0.357422
vt 0.468262 0.363770
vt 0.459961 0.351074
vt 0.457520 0.354492
vt 0.443115 0.364258
vt 0.433350 0.370605
vt 0.437988 0.352051
vt 0.428467 0.357910
vt 0.420410 0.363281
vt 0.412842 0.368164
vt 0.396729 0.376465
vt 0.405029 0.372559
vt 0.403809 0.387695
vt 0.411621 0.383789
vt 0.377686 0.385254
vt 0.387939 0.380859
vt 0.382324 0.397461
vt 0.394043 0.392578
vt 0.349854 0.384277
vt 0.353271 0.396484
vt 0.340576 0.386719
vt 0.341309 0.402344
vt 0.343994 0.375000
vt 0.335693 0.369629
vt 0.402344 0.564209
vt 0.406738 0.587402
vt 0.397217 0.582520
vt 0.395264 0.552246
vt 0.396729 0.541992
vt 0.402344 0.541992
vt 0.370850 0.533203
vt 0.376221 0.541260
vt 0.369629 0.548584
vt 0.377441 0.551758
vt 0.367676 0.568359
vt 0.382568 0.563965
vt 0.370605 0.511963
vt 0.385742 0.515381
vt 0.380127 0.529541
vt 0.359375 0.619385
vt 0.379639 0.613770
vt 0.354492 0.551025
vt 0.357666 0.530762
vt 0.352783 0.569580
vt 0.362549 0.510742
vt 0.349121 0.619629
vt 0.317627 0.549805
vt 0.321777 0.525879
vt 0.338135 0.550049
vt 0.343018 0.529785
vt 0.336182 0.571289
vt 0.316650 0.572266
vt 0.325195 0.503906
vt 0.354980 0.510010
vt 0.341797 0.620850
vt 0.324463 0.622803
vt 0.295654 0.548340
vt 0.301758 0.521240
vt 0.294678 0.577637
vt 0.312256 0.498535
vt 0.315430 0.626953
vt 0.312500 0.647461
vt 0.303467 0.666016
vt 0.307861 0.635010
vt 0.208252 0.558594
vt 0.177124 0.562988
vt 0.097168 0.606934
vt 0.040894 0.617432
vt 0.095154 0.576416
vt 0.038910 0.586182
vt 0.142944 0.600830
vt 0.140625 0.568359
vt 0.208008 0.522949
vt 0.307861 0.488770
vt 0.100037 0.640869
vt 0.144043 0.637207
vt 0.041595 0.651123
vt 0.107117 0.674316
vt 0.145874 0.679932
vt 0.042236 0.684326
vt 0.143066 0.713379
vt 0.111206 0.701416
vt 0.038452 0.712891
vt 0.037170 0.347168
vt 0.086365 0.352539
vt 0.121643 0.347656
vt 0.150513 0.344727
vt 0.170898 0.724854
vt 0.174194 0.682617
vt 0.031128 0.377930
vt 0.080566 0.382813
vt 0.091797 0.548584
vt 0.036285 0.557373
vt 0.087830 0.521484
vt 0.033386 0.529297
vt 0.117920 0.374512
vt 0.148682 0.369629
vt 0.149048 0.393066
vt 0.116577 0.400879
vt 0.078613 0.409180
vt 0.162476 0.472656
vt 0.125610 0.480469
vt 0.156128 0.443848
vt 0.120789 0.453125
vt 0.083679 0.494141
vt 0.080627 0.464844
vt 0.169434 0.501709
vt 0.132202 0.512695
vt 0.137329 0.540039
vt 0.204712 0.488281
vt 0.196411 0.455566
vt 0.188232 0.425293
vt 0.173706 0.354004
vt 0.175903 0.375977
vt 0.173340 0.331055
vt 0.188721 0.746094
vt 0.197144 0.693115
vt 0.202515 0.757324
vt 0.217407 0.705811
vt 0.173950 0.531494
vt 0.231079 0.720947
vt 0.223022 0.772949
vt 0.285889 0.689453
vt 0.315186 0.684570
vt 0.309326 0.629150
vt 0.320068 0.661865
vt 0.350098 0.683594
vt 0.234253 0.432129
vt 0.221558 0.400879
vt 0.202026 0.354492
vt 0.227417 0.330078
vt 0.212036 0.375000
vt 0.237915 0.350586
vt 0.251953 0.379395
vt 0.244629 0.306641
vt 0.285400 0.314453
vt 0.273926 0.328613
vt 0.267822 0.288086
vt 0.268066 0.405273
vt 0.295166 0.364258
vt 0.339111 0.358398
vt 0.290039 0.279297
vt 0.280029 0.283203
vt 0.280029 0.269043
vt 0.323242 0.318848
vt 0.270996 0.272461
vt 0.247559 0.248047
vt 0.242188 0.200195
vt 0.239624 0.199219
vt 0.287354 0.822388
vt 0.293945 0.820557
vt 0.322021 0.797974
vt 0.322021 0.788574
vt 0.365234 0.693848
vt 0.371094 0.697510
vt 0.362793 0.744873
vt 0.348877 0.746582
vt 0.353516 0.760620
vt 0.329834 0.791626
vt 0.247192 0.196777
vt 0.250244 0.192383
vt 0.263672 0.221191
vt 0.259033 0.229492
vt 0.256592 0.180176
vt 0.260010 0.172852
vt 0.278076 0.138184
vt 0.265869 0.161133
vt 0.286621 0.176270
vt 0.310547 0.186523
vt 0.296143 0.167480
vt 0.299316 0.159180
vt 0.304932 0.199707
vt 0.290771 0.182617
vt 0.293945 0.174316
vt 0.302246 0.205078
vt 0.282715 0.186035
vt 0.287109 0.190918
vt 0.291992 0.231445
vt 0.290039 0.238770
vt 0.272949 0.221191
vt 0.267822 0.213867
vt 0.276611 0.213867
vt 0.271729 0.207520
vt 0.287354 0.247070
vt 0.268799 0.229980
vt 0.299072 0.212402
vt 0.283691 0.199219
vt 0.278809 0.193848
vt 0.354736 0.825806
vt 0.332275 0.860718
vt 0.329102 0.857422
vt 0.362793 0.853394
vt 0.370605 0.843384
vt 0.370605 0.861572
vt 0.379150 0.853760
vt 0.337402 0.864746
vt 0.399170 0.873047
vt 0.367188 0.891418
vt 0.361816 0.886780
vt 0.290039 0.291016
vt 0.296143 0.283203
vt 0.374023 0.213867
vt 0.363281 0.190918
vt 0.355225 0.186035
vt 0.372070 0.180664
vt 0.374023 0.168457
vt 0.366943 0.210938
vt 0.363770 0.227539
vt 0.351074 0.207031
vt 0.346436 0.200195
vt 0.357910 0.197266
vt 0.357422 0.236816
vt 0.340332 0.208984
vt 0.344238 0.216309
vt 0.351807 0.245605
vt 0.343994 0.256836
vt 0.330078 0.234375
vt 0.326172 0.227539
vt 0.337402 0.225098
vt 0.334229 0.217285
vt 0.336670 0.267578
vt 0.332520 0.275391
vt 0.314453 0.249023
vt 0.312988 0.244141
vt 0.320313 0.240723
vt 0.318115 0.237305
vt 0.329590 0.281250
vt 0.308838 0.257324
vt 0.309814 0.249023
vt 0.410156 0.717041
vt 0.417969 0.720459
vt 0.400146 0.760620
vt 0.393555 0.757813
vt 0.431641 0.770142
vt 0.425049 0.768433
vt 0.469971 0.743164
vt 0.454102 0.735596
vt 0.436279 0.771851
vt 0.448486 0.357422
vt 0.451172 0.375977
vt 0.432373 0.341309
vt 0.429932 0.328125
vt 0.439453 0.337891
vt 0.434814 0.385742
vt 0.412109 0.338867
vt 0.421875 0.347656
vt 0.418945 0.395508
vt 0.412598 0.398926
vt 0.387939 0.409180
vt 0.401611 0.403809
vt 0.377197 0.356934
vt 0.382324 0.369141
vt 0.371582 0.359863
vt 0.373535 0.373047
vt 0.394775 0.787964
vt 0.373291 0.828857
vt 0.369141 0.825928
vt 0.378418 0.832275
vt 0.451660 0.828857
vt 0.410889 0.852295
vt 0.329834 0.354492
vt 0.329346 0.326660
vt 0.429199 0.284668
vt 0.418457 0.250488
vt 0.413574 0.243652
vt 0.428223 0.246094
vt 0.431641 0.234375
vt 0.412109 0.297363
vt 0.399170 0.257324
vt 0.404053 0.264648
vt 0.413086 0.256836
vt 0.379150 0.323730
vt 0.373779 0.328613
vt 0.360840 0.300293
vt 0.357178 0.290527
vt 0.368652 0.293457
vt 0.362305 0.285645
vt 0.367432 0.333984
vt 0.352051 0.307617
vt 0.350586 0.294922
vt 0.406982 0.300781
vt 0.400879 0.305176
vt 0.388184 0.278320
vt 0.386719 0.267578
vt 0.396240 0.271484
vt 0.394043 0.261719
vt 0.383057 0.354004
vt 0.398438 0.360840
vt 0.390137 0.365234
vt 0.392090 0.349609
vt 0.415283 0.821411
vt 0.430664 0.815063
vt 0.422852 0.826538
vt 0.424805 0.811646
vt 0.407715 0.833130
vt 0.415039 0.838135
vt 0.402832 0.846436
vt 0.406982 0.849854
vt 0.355225 0.863647
vt 0.363037 0.871338
vt 0.347656 0.873901
vt 0.357666 0.882935
vt 0.251709 0.189453
vt 0.257324 0.197266
vt 0.262695 0.205566
vt 0.266357 0.200195
vt 0.260498 0.192871
vt 0.253662 0.185547
vt 0.263428 0.166992
vt 0.270752 0.172852
vt 0.277344 0.179688
vt 0.412598 0.750000
vt 0.415527 0.766113
vt 0.406250 0.763062
vt 0.421387 0.752930
vt 0.427246 0.740479
vt 0.418701 0.736816
vt 0.424072 0.723633
vt 0.433350 0.727539
vt 0.380127 0.738525
vt 0.385010 0.722900
vt 0.390625 0.707764
vt 0.371338 0.416504
vt 0.369141 0.403320
vt 0.365723 0.390625
vt 0.357910 0.367188
vt 0.361816 0.378906
vt 0.344727 0.327148
vt 0.348877 0.336914
vt 0.336914 0.306641
vt 0.340576 0.316895
vt 0.349609 0.808472
vt 0.356201 0.796265
vt 0.364502 0.783936
vt 0.374268 0.774048
vt 0.353271 0.346191
vt 0.389893 0.314453
vt 0.414551 0.803223
vt 0.406250 0.815063
vt 0.398193 0.827148
vt 0.390625 0.839355
vt 0.374268 0.276855
vt 0.378174 0.286133
vt 0.434326 0.817383
vt 0.308838 0.279785
vt 0.314697 0.287109
vt 0.299805 0.263672
vt 0.303955 0.271973
vt 0.310791 0.837280
vt 0.318604 0.828613
vt 0.328857 0.818726
vt 0.338379 0.811768
vt 0.321045 0.293457
vt 0.270508 0.246582
vt 0.276855 0.252930
vt 0.264404 0.238770
vt 0.283691 0.258301
vt 0.295410 0.221680
vt 0.275391 0.200684
vt 0.280273 0.206543
vt 0.452637 0.333984
vt 0.458984 0.339355
vt 0.456055 0.342285
vt 0.453125 0.326172
vt 0.475586 0.776855
vt 0.479492 0.769653
vt 0.431641 0.244629
vt 0.437500 0.248535
vt 0.434082 0.250977
vt 0.433105 0.237793
vt 0.447754 0.862793
vt 0.453369 0.854126
vt 0.375732 0.177246
vt 0.382324 0.176758
vt 0.378662 0.181641
vt 0.375977 0.170410
vt 0.398438 0.912292
vt 0.402588 0.905579
vt 0.302002 0.152832
vt 0.310059 0.152344
vt 0.306885 0.155273
vt 0.301270 0.144531
vt 0.293701 0.137695
vt 0.442139 0.349121
vt 0.378174 0.751099
vt 0.383789 0.552002
vt 0.398438 0.593994
vt 0.407959 0.605713
vt 0.386719 0.529541
vt 0.408203 0.521973
vt 0.398193 0.531006
vt 0.384033 0.541260
vt 0.253662 0.237793
vt 0.259766 0.249512
vt 0.266357 0.257324
vt 0.273438 0.263184
vt 0.333252 0.336914
vt 0.337646 0.347168
vt 0.448975 0.334473
vt 0.451660 0.323242
vt 0.452148 0.344238
vt 0.180664 0.398926
vt 0.151489 0.417480
vt 0.117859 0.425781
vt 0.078430 0.437500
vt 0.028244 0.409180
vt 0.027878 0.437988
vt 0.030701 0.499512
vt 0.028641 0.469727
vt 0.259521 0.723145
vt 0.432234 0.919213
vt 0.656758 0.952251
vt 0.770020 0.384277
vt 0.758800 0.402583
vt 0.763843 0.387242
vt 0.853702 0.387630
vt 0.841797 0.404297
vt 0.846029 0.366288
vt 0.859885 0.407123
vt 0.770020 0.417969
vt 0.744204 0.457349
vt 0.750867 0.426033
vt 0.841797 0.494629
vt 0.770020 0.371516
vt 0.841797 0.469238
vt 0.869508 0.472651
vt 0.863230 0.418536
vt 0.841797 0.438965
vt 0.741211 0.483546
vt 0.743368 0.461110
vt 0.870134 0.447543
vt 0.869477 0.472102
vt 0.869788 0.444651
vt 0.164953 0.317649
vt 0.841000 0.932593
vt 0.166230 0.292808
vt 0.171774 0.246452
vt 0.165294 0.303306
vt 0.877009 0.656753
vt 0.875968 0.635853
vt 0.894177 0.667320
vt 0.898981 0.723312
vt 0.898042 0.735740
vt 0.688151 0.946451
vt 0.674690 0.951874
vt 0.788961 0.773325
vt 0.254044 0.955073
vt 0.324184 0.934558
vt 0.250984 0.958941
vt 0.767903 0.680312
vt 0.773078 0.700613
vt 0.430441 0.918729
vt 0.858167 0.930215
s 1
g off
g derechaB_material_0.004
usemtl material_0.004
f 3/1/1 2/2/1 1/3/1
s 2
f 6/1/2 5/3/2 4/4/2
s 3
f 9/4/3 7/5/3 8/3/3
s 4
f 12/5/4 10/6/4 11/3/4
s 5
f 15/6/5 13/7/5 14/3/5
s 6
f 18/7/6 16/8/6 17/3/6
s 7
f 21/9/7 20/10/7 19/11/7
s 8
f 24/12/8 22/11/8 23/13/8
s 9
f 28/14/9 27/15/9 26/16/9
s 10
f 31/15/10 30/17/10 29/18/10
s 11
f 34/15/11 32/19/11 33/20/11
s 12
f 37/19/12 36/16/12 35/15/12
s 13
f 40/21/13 38/22/13 39/19/13
s 14
f 43/23/14 41/22/14 42/21/14
s 15
f 1031/24/15 1032/25/15 46/26/15
s 16
f 49/19/16 48/27/16 47/22/16
s 17
f 52/22/17 50/28/17 51/27/17
s 18
f 55/28/18 53/29/18 54/27/18
s 19
f 58/30/19 56/29/19 57/28/19
s 20
f 61/31/20 59/32/20 60/33/20
s 21
f 64/33/21 62/32/21 63/34/21
s 22
f 67/33/22 66/29/22 65/34/22
s 23
f 70/29/23 69/35/23 68/34/23
s 24
f 73/27/24 72/35/24 71/29/24
s 25
f 76/20/25 74/27/25 75/35/25
s 26
f 79/20/26 77/35/26 78/36/26
s 27
f 82/36/27 80/35/27 81/37/27
s 28
f 85/35/28 83/34/28 84/37/28
s 29
f 88/38/29 86/31/29 87/39/29
s 30
f 91/40/30 89/28/30 90/41/30
s 31
f 94/8/31 92/2/31 93/3/31
s 32
f 97/11/32 95/9/32 96/13/32
s 33
f 100/42/33 99/43/33 98/38/33
s 34
f 103/42/34 101/43/34 102/44/34
s 35
f 106/12/35 104/45/35 105/11/35
s 36
f 107/45/36 1033/46/36 1034/47/36
s 37
f 1037/46/37 1038/48/37 111/12/37
s 38
f 114/49/38 112/13/38 113/9/38
s 39
f 117/44/39 116/50/39 115/43/39
s 40
f 120/50/40 118/43/40 119/40/40
s 41
f 123/51/41 122/41/41 121/40/41
s 42
f 126/51/42 124/41/42 125/52/42
s 43
f 129/52/43 127/41/43 128/53/43
s 44
f 132/53/44 131/23/44 130/41/44
s 45
f 135/23/45 133/41/45 134/22/45
s 46
f 138/22/46 136/41/46 137/28/46
s 47
f 141/40/47 140/28/47 139/30/47
s 48
f 144/30/48 142/40/48 143/43/48
s 49
f 147/30/49 145/43/49 146/39/49
s 50
f 150/43/50 148/38/50 149/39/50
s 51
f 153/31/51 151/38/51 152/54/51
s 52
f 156/54/52 154/55/52 155/56/52
s 53
f 159/54/53 158/31/53 157/56/53
s 54
f 162/31/54 160/56/54 161/32/54
s 55
f 165/18/55 164/36/55 163/20/55
s 56
f 1039/57/56 1040/58/56 166/59/56
s 57
f 169/33/57 167/39/57 168/31/57
s 58
f 172/33/58 170/30/58 171/39/58
s 59
f 175/29/59 174/33/59 173/30/59
s 60
f 178/27/60 177/19/60 176/20/60
s 61
f 181/60/61 179/61/61 180/26/61
s 62
f 184/61/62 182/60/62 183/21/62
s 63
f 187/61/63 185/21/63 186/16/63
s 64
f 190/62/64 188/61/64 189/16/64
s 65
f 193/61/65 192/63/65 191/62/65
s 66
f 196/61/66 195/26/66 194/63/66
s 67
f 199/64/67 197/26/67 198/63/67
s 68
f 206/53/68 204/60/68 205/65/68
s 69
f 209/53/69 207/23/69 208/60/69
s 70
f 212/23/70 211/60/70 210/21/70
s 71
f 215/16/71 213/21/71 214/19/71
s 72
f 218/15/72 216/20/72 217/18/72
s 73
f 221/15/73 220/14/73 219/17/73
s 74
f 224/14/74 222/62/74 223/16/74
s 75
f 226/66/75 1045/67/75 1046/68/75
s 76
f 229/10/76 227/66/76 228/9/76
s 77
f 232/69/77 230/66/77 231/10/77
s 78
f 1049/70/78 1050/68/78 235/66/78
s 79
f 242/71/79 240/72/79 241/73/79
s 80
f 1055/58/80 1056/74/80 243/59/80
s 81
f 246/51/81 244/50/81 245/40/81
s 82
f 249/13/82 247/49/82 248/75/82
s 83
f 259/59/83 257/76/83 258/77/83
s 84
f 1065/78/84 260/71/84 1066/79/84
s 85
f 263/76/85 261/80/85 262/77/85
s 86
f 1073/81/86 1074/82/86 269/83/86
s 87
f 274/84/87 272/85/87 273/86/87
s 88
f 277/73/88 276/86/88 275/84/88
s 89
f 1077/87/89 278/76/89 1078/88/89
s 90
f 282/73/90 280/72/90 281/84/90
s 93
f 279/76/865 1080/88/865 1079/1021/865
s 94
f 270/85/866 1075/1022/866 271/86/866
s 95
f 268/83/867 1072/1023/867 1071/1024/867
s 96
f 267/80/868 1070/1023/868 1069/1025/868
s 97
f 264/80/869 1067/1021/869 265/76/869
s 98
f 255/59/870 1063/87/870 256/76/870
s 99
f 254/1026/871 1062/1027/871 1061/1028/871
s 100
f 1059/1029/872 252/12/872 253/13/872
s 101
f 251/13/873 1058/1030/873 250/75/873
s 102
f 239/71/874 1054/1031/874 1053/1032/874
s 103
f 237/9/875 1052/1033/875 1051/67/875
s 104
f 234/69/876 1048/70/876 233/66/876
s 105
f 203/60/877 1044/25/877 1043/1034/877
s 106
f 201/26/878 1042/1035/878 1041/24/878
s 107
f 1035/1028/879 109/45/879 110/1026/879
s 108
f 45/60/880 1030/1036/880 1029/1034/880
s 109
f 25/69/881 1028/1037/881 1027/1038/881
s 36
f 107/45/36 108/12/36 1033/46/36
s 75
f 226/66/75 225/9/75 1045/67/75
s 94
f 270/85/866 1076/1040/866 1075/1022/866
s 96
f 267/80/868 266/83/868 1070/1023/868
s 97
f 264/80/869 1068/1025/869 1067/1021/869
s 98
f 255/59/870 1064/74/870 1063/87/870
s 100
f 1059/1029/872 1060/48/872 252/12/872
s 101
f 251/13/873 1057/1029/873 1058/1030/873
s 102
f 239/71/874 238/73/874 1054/1031/874
s 103
f 237/9/875 236/49/875 1052/1033/875
s 104
f 234/69/876 1047/1038/876 1048/70/876
s 105
f 203/60/877 202/26/877 1044/25/877
s 106
f 201/26/878 200/64/878 1042/1035/878
s 107
f 1035/1028/879 1036/47/879 109/45/879
s 108
f 45/60/880 44/65/880 1030/1036/880
s 91
g derechaB_Harry_clothes1.007
usemtl Harry_clothes1.007
f 845/89/91 846/90/92 847/91/93
f 848/92/94 849/93/95 850/94/96
f 851/95/97 852/96/98 853/97/99
f 852/98/98 854/99/100 855/100/101
f 856/101/102 854/99/100 852/98/98
f 857/102/103 854/99/100 856/101/102
f 858/103/104 854/99/100 857/102/103
f 850/94/96 851/95/97 853/97/99
f 849/93/95 851/95/97 850/94/96
f 858/103/104 859/104/105 860/105/106
f 857/102/103 859/104/105 858/103/104
f 861/106/107 845/89/91 862/107/108
f 863/108/109 864/109/110 865/110/111
f 866/111/112 864/109/110 863/108/109
f 859/104/105 867/112/113 868/113/114
f 869/114/115 867/112/113 859/104/105
f 869/114/115 870/115/116 867/112/113
f 871/116/117 870/115/116 869/114/115
f 861/106/107 865/110/111 846/90/92
f 872/117/118 865/110/111 861/106/107
f 866/111/112 873/118/119 864/109/110
f 874/119/120 873/118/119 866/111/112
f 875/120/121 873/118/119 874/119/120
f 876/121/122 873/118/119 875/120/121
f 877/122/123 876/121/122 878/123/124
f 851/95/97 876/121/122 877/122/123
f 871/116/117 878/124/124 870/115/116
f 877/125/123 878/124/124 871/116/117
f 879/126/125 1090/127/126 1091/128/127
f 879/126/125 881/129/128 882/130/129
f 883/131/130 884/132/131 885/133/132
f 886/134/133 884/132/131 887/135/134
f 888/136/135 889/137/136 890/138/137
f 891/139/138 889/137/136 888/136/135
f 892/140/139 890/138/137 893/141/140
f 888/136/135 890/138/137 892/140/139
f 894/142/141 893/141/140 895/143/142
f 892/140/139 893/141/140 894/142/141
f 896/144/143 895/145/142 897/146/144
f 894/147/141 895/145/142 896/144/143
f 890/138/137 889/137/136 898/148/145
f 893/141/140 898/148/145 899/149/146
f 890/138/137 898/148/145 893/141/140
f 895/143/142 899/149/146 900/150/147
f 893/141/140 899/149/146 895/143/142
f 895/145/142 900/151/147 897/146/144
f 877/122/123 852/96/98 851/95/97
f 877/125/123 856/101/102 852/98/98
f 871/116/117 856/101/102 877/125/123
f 871/116/117 857/102/103 856/101/102
f 869/114/115 857/102/103 871/116/117
f 869/114/115 859/104/105 857/102/103
f 901/152/148 902/153/149 891/139/138
f 903/154/150 904/155/151 896/144/143
f 905/156/152 904/155/151 903/154/150
f 903/154/150 906/157/153 907/158/154
f 896/144/143 906/157/153 903/154/150
f 905/159/152 908/160/155 904/161/151
f 909/162/156 908/160/155 905/159/152
f 909/162/156 901/152/148 908/160/155
f 910/163/157 901/152/148 909/162/156
f 911/164/158 847/91/93 907/158/154
f 911/164/158 845/89/91 847/91/93
f 912/165/159 845/89/91 911/164/158
f 862/107/108 912/165/159 913/166/160
f 845/89/91 912/165/159 862/107/108
f 913/166/160 860/105/106 862/107/108
f 914/167/161 860/105/106 913/166/160
f 914/167/161 858/103/104 860/105/106
f 897/146/144 915/168/162 916/169/163
f 897/146/144 917/170/164 915/168/162
f 900/151/147 917/170/164 897/146/144
f 900/150/147 918/171/165 917/172/164
f 899/149/146 918/171/165 900/150/147
f 899/149/146 919/173/166 918/171/165
f 898/148/145 919/173/166 899/149/146
f 920/174/167 919/173/166 889/137/136
f 901/152/148 914/167/161 902/153/149
f 910/163/157 914/167/161 901/152/148
f 914/167/161 921/175/168 902/153/149
f 913/166/160 921/175/168 914/167/161
f 913/166/160 912/165/159 921/175/168
f 922/176/169 923/177/170 924/178/171
f 924/178/171 925/179/172 926/180/173
f 923/177/170 925/179/172 924/178/171
f 925/179/172 927/181/174 926/180/173
f 928/182/175 927/181/174 925/179/172
f 898/148/145 889/137/136 919/173/166
f 929/183/176 930/184/177 931/185/178
f 932/186/179 930/184/177 929/183/176
f 933/187/180 934/188/181 935/189/182
f 936/190/183 935/191/182 937/192/184
f 938/193/185 935/191/182 936/190/183
f 939/194/186 940/195/187 941/196/188
f 920/174/167 940/195/187 939/194/186
f 942/197/189 939/194/186 941/196/188
f 943/198/190 944/199/191 934/188/181
f 945/200/192 944/199/191 943/198/190
f 940/195/187 946/201/193 947/202/194
f 920/174/167 946/201/193 940/195/187
f 931/185/178 948/203/195 929/183/176
f 925/179/172 943/198/190 948/203/195
f 945/200/192 943/198/190 925/179/172
f 948/203/195 931/185/178 949/204/196
f 947/202/194 931/185/178 930/184/177
f 949/204/196 931/185/178 947/202/194
f 930/184/177 940/195/187 947/202/194
f 950/205/197 940/195/187 930/184/177
f 941/196/188 950/205/197 951/206/198
f 940/195/187 950/205/197 941/196/188
f 937/192/184 942/197/189 941/196/188
f 925/179/172 948/203/195 949/204/196
f 952/207/199 948/203/195 953/208/200
f 929/183/176 948/203/195 952/207/199
f 952/207/199 932/186/179 929/183/176
f 954/209/201 932/186/179 952/207/199
f 955/210/202 954/209/201 956/211/203
f 932/186/179 954/209/201 955/210/202
f 957/212/204 956/211/203 958/213/205
f 955/210/202 956/211/203 957/212/204
f 937/192/184 958/213/205 936/190/183
f 957/212/204 958/213/205 937/192/184
f 951/206/198 937/192/184 941/196/188
f 942/197/189 937/192/184 959/214/206
f 938/215/185 933/187/180 935/189/182
f 960/216/207 961/217/208 938/215/185
f 962/218/209 963/219/210 961/217/208
f 964/220/211 965/221/212 963/219/210
f 936/190/183 966/222/213 960/223/207
f 967/224/214 962/218/209 960/216/207
f 968/225/215 964/220/211 962/218/209
f 846/90/92 845/89/91 861/106/107
f 853/97/99 855/226/101 969/227/216
f 852/96/98 855/226/101 853/97/99
f 969/227/216 850/94/96 853/97/99
f 907/158/154 850/94/96 969/227/216
f 907/158/154 848/92/94 850/94/96
f 847/91/93 848/92/94 907/158/154
f 846/90/92 848/92/94 847/91/93
f 875/120/121 874/119/120 970/228/217
f 970/228/217 874/119/120 971/229/218
f 972/230/219 875/120/121 973/231/220
f 973/231/220 875/120/121 970/228/217
f 974/232/221 972/233/219 975/234/222
f 975/234/222 972/233/219 973/235/220
f 976/236/223 974/232/221 977/237/224
f 977/237/224 974/232/221 975/234/222
f 978/238/225 976/236/223 979/239/226
f 979/239/226 976/236/223 977/237/224
f 980/240/227 978/238/225 981/241/228
f 981/241/228 978/238/225 979/239/226
f 863/108/109 980/240/227 982/242/229
f 982/242/229 980/240/227 981/241/228
f 866/111/112 863/108/109 983/243/230
f 983/243/230 863/108/109 982/242/229
f 874/119/120 866/111/112 971/229/218
f 971/229/218 866/111/112 983/243/230
f 1100/244/231 1104/245/232 986/246/233
f 1092/247/234 1100/248/231 986/249/233
f 988/250/235 986/246/233 987/251/236
f 1105/252/237 1109/253/238 990/254/239
f 963/219/210 991/255/240 961/217/208
f 960/216/207 962/218/209 961/217/208
f 882/130/129 967/256/214 966/222/213
f 966/222/213 967/256/214 960/223/207
f 885/133/132 882/130/129 992/257/241
f 992/257/241 882/130/129 966/222/213
f 885/133/132 992/257/241 883/131/130
f 883/131/130 992/257/241 993/258/242
f 994/259/243 883/131/130 995/260/244
f 995/260/244 883/131/130 993/258/242
f 996/261/245 997/262/246 998/263/247
f 998/263/247 997/262/246 999/264/248
f 996/261/245 991/255/240 997/262/246
f 997/262/246 991/255/240 963/219/210
f 998/263/247 999/264/248 995/260/244
f 995/260/244 999/264/248 994/259/243
f 925/179/172 949/204/196 928/182/175
f 923/177/170 945/200/192 925/179/172
f 944/199/191 945/200/192 922/176/169
f 922/176/169 945/200/192 923/177/170
f 922/176/169 1000/265/249 944/199/191
f 944/199/191 1000/265/249 959/266/206
f 1000/267/249 942/197/189 959/214/206
f 946/201/193 1001/268/250 928/182/175
f 928/182/175 1001/268/250 927/181/174
f 920/174/167 889/137/136 946/201/193
f 946/201/193 889/137/136 1001/268/250
f 919/173/166 920/174/167 939/194/186
f 919/173/166 939/194/186 918/171/165
f 918/171/165 939/194/186 942/197/189
f 918/171/165 942/197/189 917/172/164
f 917/172/164 942/197/189 1000/267/249
f 917/170/164 1000/265/249 915/168/162
f 915/168/162 1000/265/249 922/176/169
f 922/176/169 924/178/171 915/168/162
f 915/168/162 924/178/171 916/169/163
f 924/178/171 926/180/173 916/169/163
f 916/169/163 926/180/173 1002/269/251
f 1002/269/251 926/180/173 927/181/174
f 985/270/252 1003/271/253 984/272/254
f 984/272/254 1003/271/253 965/221/212
f 988/273/235 1003/271/253 985/270/252
f 987/274/236 887/135/134 988/273/235
f 988/273/235 887/135/134 1003/271/253
f 886/134/133 887/135/134 987/274/236
f 880/275/255 884/132/131 886/134/133
f 880/275/255 879/126/125 884/132/131
f 1106/276/256 881/129/128 1097/277/257
f 1097/277/257 879/126/125 1091/128/127
f 1106/276/256 1107/278/258 881/129/128
f 1086/279/259 968/225/215 1087/280/260
f 1087/280/260 968/225/215 1088/281/261
f 1103/282/262 968/225/215 1086/279/259
f 989/283/263 965/221/212 990/284/239
f 990/284/239 965/221/212 964/220/211
f 984/272/254 965/221/212 989/283/263
f 887/135/134 884/132/131 994/259/243
f 994/259/243 884/132/131 883/131/130
f 954/209/201 995/260/244 956/211/203
f 956/211/203 995/260/244 993/258/242
f 930/184/177 932/186/179 950/205/197
f 950/205/197 932/186/179 955/210/202
f 1004/285/264 1001/268/250 891/139/138
f 891/139/138 1001/268/250 889/137/136
f 921/175/168 1004/285/264 902/153/149
f 902/153/149 1004/285/264 891/139/138
f 860/105/106 859/104/105 862/107/108
f 862/107/108 859/104/105 861/106/107
f 861/106/107 859/104/105 872/117/118
f 872/117/118 859/104/105 868/113/114
f 872/117/118 868/113/114 980/240/227
f 980/240/227 868/113/114 978/238/225
f 912/165/159 911/164/158 1005/286/265
f 1005/286/265 911/164/158 1006/287/266
f 912/165/159 1005/286/265 921/175/168
f 921/175/168 1005/286/265 1004/285/264
f 858/103/104 914/167/161 910/163/157
f 969/227/216 903/154/150 907/158/154
f 927/181/174 1001/268/250 1005/286/265
f 1005/286/265 1001/268/250 1004/285/264
f 901/152/148 891/139/138 888/136/135
f 858/103/104 910/163/157 854/99/100
f 854/99/100 910/163/157 909/162/156
f 854/99/100 909/162/156 855/100/101
f 855/100/101 909/162/156 905/159/152
f 855/226/101 905/156/152 969/227/216
f 969/227/216 905/156/152 903/154/150
f 897/146/144 916/169/163 896/144/143
f 896/144/143 916/169/163 906/157/153
f 901/152/148 888/136/135 908/160/155
f 908/160/155 888/136/135 892/140/139
f 1002/269/251 927/181/174 1006/287/266
f 1006/287/266 927/181/174 1005/286/265
f 943/198/190 934/188/181 1007/288/267
f 1007/288/267 934/188/181 933/187/180
f 962/218/209 964/220/211 963/219/210
f 961/217/208 991/255/240 933/187/180
f 933/187/180 991/255/240 1007/288/267
f 878/124/124 972/233/219 870/115/116
f 870/115/116 972/233/219 974/232/221
f 876/121/122 875/120/121 878/123/124
f 878/123/124 875/120/121 972/230/219
f 851/95/97 849/93/95 876/121/122
f 876/121/122 849/93/95 873/118/119
f 849/93/95 848/92/94 873/118/119
f 873/118/119 848/92/94 864/109/110
f 998/263/247 952/207/199 996/261/245
f 996/261/245 952/207/199 953/208/200
f 943/198/190 1007/288/267 948/203/195
f 948/203/195 1007/288/267 953/208/200
f 991/255/240 996/261/245 1007/288/267
f 1007/288/267 996/261/245 953/208/200
f 865/110/111 872/117/118 863/108/109
f 863/108/109 872/117/118 980/240/227
f 963/219/210 965/221/212 997/262/246
f 870/115/116 974/232/221 867/112/113
f 867/112/113 974/232/221 976/236/223
f 867/112/113 976/236/223 868/113/114
f 868/113/114 976/236/223 978/238/225
f 911/164/158 907/158/154 1006/287/266
f 1006/287/266 907/158/154 906/157/153
f 916/169/163 1002/269/251 906/157/153
f 906/157/153 1002/269/251 1006/287/266
f 884/132/131 879/126/125 885/133/132
f 1088/281/261 967/224/214 1110/289/268
f 967/224/214 968/225/215 962/218/209
f 885/133/132 879/126/125 882/130/129
f 938/215/185 961/217/208 933/187/180
f 938/193/185 936/190/183 960/223/207
f 958/213/205 992/257/241 936/190/183
f 936/190/183 992/257/241 966/222/213
f 951/206/198 957/212/204 937/192/184
f 950/205/197 955/210/202 951/206/198
f 951/206/198 955/210/202 957/212/204
f 908/160/155 892/140/139 904/161/151
f 904/161/151 892/140/139 894/142/141
f 959/214/206 937/192/184 935/191/182
f 904/155/151 894/147/141 896/144/143
f 959/266/206 935/189/182 944/199/191
f 944/199/191 935/189/182 934/188/181
f 956/211/203 993/258/242 958/213/205
f 958/213/205 993/258/242 992/257/241
f 846/90/92 865/110/111 848/92/94
f 848/92/94 865/110/111 864/109/110
f 995/260/244 954/209/201 998/263/247
f 998/263/247 954/209/201 952/207/199
f 928/182/175 949/204/196 946/201/193
f 946/201/193 949/204/196 947/202/194
f 1003/271/253 887/135/134 999/264/248
f 999/264/248 887/135/134 994/259/243
f 965/221/212 1003/271/253 997/262/246
f 997/262/246 1003/271/253 999/264/248
f 1008/290/269 1009/291/270 1010/292/271
f 1011/293/272 1008/290/269 1010/292/271
f 1012/294/273 1011/293/272 1010/292/271
f 1013/295/274 1012/294/273 1010/292/271
f 1014/296/275 1013/295/274 1010/292/271
f 1015/297/276 1014/296/275 1010/292/271
f 1016/298/277 1015/297/276 1010/292/271
f 1017/299/278 1016/298/277 1010/292/271
f 1009/291/270 1017/299/278 1010/292/271
f 982/242/229 981/241/228 1018/300/279
f 1018/300/279 981/241/228 1019/301/280
f 1019/301/280 981/241/228 1020/302/281
f 1020/302/281 981/241/228 979/239/226
f 979/239/226 977/237/224 1020/302/281
f 1020/302/281 977/237/224 1021/303/282
f 977/237/224 975/234/222 1021/303/282
f 1021/303/282 975/234/222 1022/304/283
f 975/234/222 973/235/220 1022/304/283
f 1022/304/283 973/235/220 1023/305/284
f 973/231/220 970/228/217 1023/306/284
f 1023/306/284 970/228/217 1024/307/285
f 970/228/217 971/229/218 1024/307/285
f 1024/307/285 971/229/218 1025/308/286
f 971/229/218 983/243/230 1025/308/286
f 1025/308/286 983/243/230 1026/309/287
f 983/243/230 982/242/229 1026/309/287
f 1026/309/287 982/242/229 1018/300/279
f 1025/308/286 1026/309/287 1017/310/278
f 1017/310/278 1026/309/287 1016/311/277
f 1024/307/285 1025/308/286 1009/312/270
f 1009/312/270 1025/308/286 1017/310/278
f 1023/306/284 1024/307/285 1008/313/269
f 1008/313/269 1024/307/285 1009/312/270
f 1022/304/283 1023/305/284 1011/314/272
f 1011/314/272 1023/305/284 1008/315/269
f 1021/303/282 1022/304/283 1012/316/273
f 1012/316/273 1022/304/283 1011/314/272
f 1020/302/281 1021/303/282 1013/317/274
f 1013/317/274 1021/303/282 1012/316/273
f 1014/318/275 1019/301/280 1013/317/274
f 1013/317/274 1019/301/280 1020/302/281
f 1018/300/279 1019/301/280 1015/319/276
f 1015/319/276 1019/301/280 1014/318/275
f 1026/309/287 1018/300/279 1016/311/277
f 1016/311/277 1018/300/279 1015/319/276
f 1108/998/850 967/256/214 882/130/129
f 1107/278/258 882/130/129 881/129/128
f 964/220/211 1105/999/237 990/284/239
f 880/1000/255 1102/1001/851 1101/1002/852
f 990/254/239 1099/1003/853 989/1004/263
f 990/254/239 1109/253/238 1098/1005/854
f 989/1004/263 1099/1003/853 1096/1006/855
f 886/1007/133 1102/1001/851 880/1000/255
f 886/1007/133 1094/1008/856 1093/1009/857
f 988/1010/235 1092/247/234 986/249/233
f 880/1000/255 1101/1002/852 1090/1011/126
f 985/1012/252 1095/1013/858 988/1010/235
f 989/1004/263 1085/1014/859 984/1015/254
f 987/251/236 1094/1008/856 886/1007/133
f 986/246/233 1104/245/232 1083/1016/860
f 987/251/236 1083/1016/860 1084/1017/861
f 985/1012/252 1082/1018/862 1089/1019/863
f 984/1015/254 1082/1018/862 985/1012/252
f 984/1015/254 1085/1014/859 1081/1020/864
f 879/126/125 880/275/255 1090/127/126
f 1097/277/257 881/129/128 879/126/125
f 1103/282/262 964/220/211 968/225/215
f 1088/281/261 968/225/215 967/224/214
f 1108/998/850 1110/1039/268 967/256/214
f 1107/278/258 1108/998/850 882/130/129
f 964/220/211 1103/282/262 1105/999/237
f 990/254/239 1098/1005/854 1099/1003/853
f 886/1007/133 1093/1009/857 1102/1001/851
f 988/1010/235 1095/1013/858 1092/247/234
f 985/1012/252 1089/1019/863 1095/1013/858
f 989/1004/263 1096/1006/855 1085/1014/859
f 987/251/236 1084/1017/861 1094/1008/856
f 987/251/236 986/246/233 1083/1016/860
f 984/1015/254 1081/1020/864 1082/1018/862
s 92
g derechaB_Harry_hands.007
usemtl Harry_hands.007
f 283/320/288 284/321/289 285/322/290
f 286/323/291 287/324/292 288/325/293
f 288/325/293 287/324/292 289/326/294
f 290/327/295 283/328/288 291/329/296
f 291/329/296 283/328/288 285/330/290
f 292/331/297 293/332/298 294/333/299
f 294/333/299 293/332/298 295/334/300
f 296/335/301 297/336/302 298/337/303
f 298/337/303 297/336/302 299/338/304
f 300/339/305 301/340/306 302/341/307
f 302/341/307 301/340/306 303/342/308
f 304/343/309 294/333/299 305/344/310
f 305/344/310 294/333/299 295/334/300
f 306/345/311 307/346/312 308/347/313
f 308/347/313 307/346/312 309/348/314
f 310/349/315 311/350/316 312/351/317
f 312/351/317 311/350/316 313/352/318
f 314/353/319 315/354/320 316/355/321
f 316/355/321 315/354/320 317/356/322
f 318/357/323 319/358/324 320/359/325
f 320/359/325 319/358/324 293/332/298
f 321/360/326 322/361/327 323/362/328
f 323/362/328 322/361/327 324/363/329
f 303/342/308 325/364/330 326/365/331
f 326/365/331 325/364/330 327/366/332
f 328/367/333 329/368/334 296/335/301
f 296/335/301 329/368/334 297/336/302
f 330/369/335 300/339/305 331/370/336
f 331/370/336 300/339/305 302/341/307
f 320/359/325 293/332/298 332/371/337
f 332/371/337 293/332/298 292/331/297
f 333/372/338 334/373/339 335/374/340
f 335/374/340 334/373/339 336/375/341
f 337/376/342 338/377/343 339/378/344
f 340/379/345 341/380/346 342/381/347
f 343/382/348 344/383/349 345/384/350
f 346/385/351 347/386/352 348/387/353
f 349/388/354 350/389/355 351/390/356
f 351/390/356 350/389/355 352/391/357
f 353/392/358 354/393/359 355/394/360
f 355/394/360 354/393/359 356/395/361
f 357/396/362 358/397/363 359/398/364
f 359/398/364 358/397/363 360/399/365
f 361/400/366 362/401/367 363/402/368
f 363/402/368 362/401/367 364/403/369
f 365/404/370 366/405/371 367/406/372
f 367/406/372 366/405/371 368/407/373
f 369/408/374 370/409/375 371/410/376
f 371/410/376 370/409/375 372/411/377
f 373/412/378 374/413/379 375/414/380
f 375/414/380 374/413/379 376/415/381
f 377/416/382 378/417/383 379/418/384
f 380/419/385 381/420/386 382/421/387
f 383/422/388 384/423/389 385/424/390
f 386/425/391 387/426/392 388/427/393
f 388/427/393 387/426/392 389/428/394
f 390/429/395 391/430/396 392/431/397
f 392/431/397 391/430/396 393/432/398
f 394/433/399 395/434/400 396/435/401
f 396/435/401 395/434/400 397/436/402
f 398/437/403 399/438/404 400/439/405
f 400/439/405 399/438/404 401/440/406
f 402/441/407 403/442/408 398/437/403
f 398/437/403 403/442/408 399/438/404
f 404/443/409 405/444/410 402/441/407
f 402/441/407 405/444/410 403/442/408
f 406/445/411 407/446/412 404/443/409
f 404/443/409 407/446/412 405/444/410
f 408/447/413 409/448/414 406/445/411
f 406/445/411 409/448/414 407/446/412
f 410/449/415 409/448/414 411/450/416
f 411/450/416 409/448/414 408/447/413
f 412/451/417 330/452/335 413/453/418
f 413/453/418 330/452/335 331/454/336
f 413/453/418 331/454/336 414/455/419
f 414/455/419 331/454/336 415/456/420
f 414/455/419 415/456/420 416/457/421
f 416/457/421 415/456/420 417/458/422
f 418/459/423 419/460/424 420/461/425
f 420/461/425 419/460/424 421/462/426
f 422/463/427 423/464/428 424/465/429
f 424/465/429 423/464/428 425/466/430
f 426/467/431 427/468/432 428/469/433
f 428/469/433 427/468/432 351/390/356
f 351/390/356 427/468/432 349/388/354
f 349/388/354 427/468/432 338/377/343
f 337/470/342 339/471/344 429/472/434
f 429/472/434 339/471/344 315/354/320
f 430/473/435 431/474/436 432/475/437
f 432/475/437 431/474/436 433/476/438
f 433/476/438 431/474/436 434/477/439
f 434/477/439 431/474/436 435/478/440
f 434/477/439 435/478/440 436/479/441
f 436/479/441 435/478/440 437/480/442
f 438/481/443 436/479/441 439/482/444
f 439/482/444 436/479/441 437/480/442
f 440/483/445 441/484/446 442/485/447
f 442/485/447 441/484/446 443/486/448
f 442/485/447 443/486/448 444/487/449
f 444/487/449 443/486/448 445/488/450
f 446/489/451 447/490/452 375/414/380
f 375/414/380 447/490/452 448/491/453
f 331/370/336 302/341/307 415/492/420
f 415/492/420 302/341/307 449/493/454
f 415/492/420 449/493/454 450/494/455
f 450/494/455 449/493/454 451/495/456
f 452/496/457 453/497/458 454/498/459
f 454/498/459 453/497/458 386/425/391
f 454/498/459 386/425/391 455/499/460
f 455/499/460 386/425/391 388/427/393
f 456/500/461 390/429/395 457/501/462
f 457/501/462 390/429/395 392/431/397
f 355/394/360 458/502/463 353/392/358
f 353/392/358 458/502/463 341/380/346
f 340/503/345 342/504/347 459/505/464
f 459/505/464 342/504/347 311/350/316
f 284/321/289 283/320/288 460/506/465
f 461/507/466 462/508/467 463/509/468
f 463/509/468 462/508/467 464/510/469
f 464/510/469 462/508/467 465/511/470
f 464/510/469 465/511/470 466/512/471
f 466/512/471 465/511/470 467/513/472
f 466/512/471 467/513/472 468/514/473
f 468/514/473 467/513/472 469/515/474
f 470/516/475 471/517/476 472/518/477
f 472/518/477 471/517/476 473/519/478
f 472/518/477 473/519/478 474/520/479
f 474/520/479 473/519/478 475/521/480
f 476/522/481 477/523/482 478/524/483
f 478/524/483 477/523/482 479/525/484
f 383/422/388 480/526/485 481/527/486
f 481/527/486 480/526/485 482/528/487
f 385/424/390 480/526/485 383/422/388
f 302/341/307 303/342/308 449/493/454
f 449/493/454 303/342/308 326/365/331
f 449/493/454 326/365/331 483/529/488
f 483/529/488 326/365/331 484/530/489
f 485/531/490 486/532/491 487/533/492
f 487/533/492 486/532/491 394/433/399
f 487/533/492 394/433/399 488/534/493
f 488/534/493 394/433/399 396/435/401
f 359/398/364 489/535/494 490/536/495
f 490/536/495 489/535/494 491/537/496
f 359/398/364 490/536/495 357/396/362
f 357/396/362 490/536/495 344/383/349
f 343/538/348 345/539/350 492/540/497
f 492/540/497 345/539/350 307/346/312
f 493/541/498 494/542/499 495/543/500
f 495/543/500 494/542/499 496/544/501
f 497/545/502 498/546/503 499/547/504
f 499/547/504 498/546/503 500/548/505
f 501/549/506 499/547/504 502/550/507
f 502/550/507 499/547/504 500/548/505
f 503/551/508 504/552/509 505/553/510
f 505/553/510 504/552/509 506/554/511
f 505/553/510 506/554/511 507/555/512
f 507/555/512 506/554/511 508/556/513
f 509/557/514 510/558/515 384/423/389
f 384/423/389 510/558/515 511/559/516
f 378/417/383 512/560/517 379/418/384
f 378/417/383 377/416/382 513/561/518
f 513/561/518 377/416/382 514/562/519
f 515/563/520 516/564/521 517/565/522
f 517/565/522 516/564/521 518/566/523
f 515/563/520 517/565/522 519/567/524
f 519/567/524 517/565/522 520/568/525
f 521/569/526 522/570/527 523/571/528
f 523/571/528 522/570/527 524/572/529
f 524/572/529 522/570/527 525/573/530
f 525/573/530 522/570/527 526/574/531
f 525/573/530 526/574/531 297/336/302
f 297/336/302 526/574/531 527/575/532
f 297/336/302 527/575/532 299/338/304
f 299/338/304 527/575/532 528/576/533
f 326/365/331 327/366/332 529/577/534
f 529/577/534 327/366/332 530/578/535
f 531/579/536 532/580/537 533/581/538
f 533/581/538 532/580/537 534/582/539
f 535/583/540 536/584/541 460/506/465
f 460/506/465 536/584/541 284/321/289
f 363/402/368 537/585/542 538/586/543
f 538/586/543 537/585/542 539/587/544
f 363/402/368 538/586/543 361/400/366
f 361/400/366 538/586/543 347/386/352
f 346/588/351 348/589/353 540/590/545
f 540/590/545 348/589/353 541/591/546
f 542/592/547 543/593/548 544/594/549
f 544/594/549 543/593/548 545/595/550
f 546/596/551 290/327/295 547/597/552
f 547/597/552 290/327/295 291/329/296
f 548/598/553 549/599/554 550/600/555
f 550/600/555 549/599/554 551/601/556
f 552/602/557 553/603/558 554/604/559
f 554/604/559 553/603/558 555/605/560
f 556/606/561 557/607/562 558/608/563
f 558/608/563 557/607/562 559/609/564
f 560/610/565 377/416/382 561/611/566
f 561/611/566 377/416/382 379/418/384
f 562/612/567 563/613/568 564/614/569
f 565/615/570 566/616/571 562/612/567
f 562/612/567 566/616/571 563/617/568
f 567/618/572 568/619/573 569/620/574
f 569/620/574 570/621/575 571/622/576
f 571/622/576 570/621/575 572/623/577
f 571/622/576 572/623/577 515/563/520
f 515/563/520 572/623/577 516/564/521
f 573/624/578 574/625/579 567/618/572
f 567/618/572 574/625/579 575/626/580
f 517/565/522 518/566/523 573/627/578
f 573/627/578 518/566/523 574/628/579
f 576/629/581 577/630/582 569/620/574
f 569/620/574 577/630/582 567/618/572
f 578/631/583 576/629/581 571/622/576
f 571/622/576 576/629/581 569/620/574
f 519/567/524 578/631/583 515/563/520
f 515/563/520 578/631/583 571/622/576
f 577/630/582 579/632/584 567/618/572
f 567/618/572 579/632/584 573/624/578
f 579/633/584 520/568/525 573/627/578
f 573/627/578 520/568/525 517/565/522
f 580/634/585 581/635/586 582/636/587
f 582/636/587 581/635/586 583/637/588
f 584/638/589 585/639/590 582/636/587
f 582/636/587 585/639/590 580/634/585
f 581/635/586 586/640/591 583/637/588
f 583/637/588 586/640/591 587/641/592
f 587/642/592 586/643/591 521/569/526
f 521/569/526 586/643/591 522/570/527
f 588/644/593 589/645/594 580/634/585
f 580/634/585 589/645/594 581/635/586
f 590/646/595 588/644/593 585/639/590
f 585/639/590 588/644/593 580/634/585
f 525/573/530 590/646/595 524/572/529
f 524/572/529 590/646/595 585/639/590
f 589/645/594 591/647/596 581/635/586
f 581/635/586 591/647/596 586/640/591
f 591/648/596 526/574/531 586/643/591
f 586/643/591 526/574/531 522/570/527
f 318/649/323 592/650/597 319/651/324
f 319/651/324 592/650/597 528/576/533
f 304/343/309 305/344/310 328/367/333
f 328/367/333 305/344/310 329/368/334
f 590/646/595 329/368/334 588/644/593
f 588/644/593 329/368/334 305/344/310
f 593/652/598 304/343/309 321/360/326
f 321/360/326 304/343/309 328/367/333
f 323/362/328 594/653/599 321/360/326
f 321/360/326 594/653/599 593/652/598
f 595/654/600 596/655/601 597/656/602
f 597/656/602 596/655/601 598/657/603
f 595/654/600 597/656/602 599/658/604
f 599/658/604 597/656/602 600/659/605
f 323/362/328 599/658/604 594/653/599
f 594/653/599 599/658/604 600/659/605
f 305/344/310 295/334/300 588/644/593
f 588/644/593 295/334/300 589/645/594
f 593/652/598 601/660/606 304/343/309
f 304/343/309 601/660/606 294/333/299
f 319/358/324 602/661/607 293/332/298
f 293/332/298 602/661/607 295/334/300
f 329/368/334 590/646/595 297/336/302
f 297/336/302 590/646/595 525/573/530
f 603/662/608 595/654/600 604/663/609
f 604/663/609 595/654/600 599/658/604
f 595/654/600 603/662/608 596/655/601
f 596/655/601 603/662/608 605/664/610
f 606/665/611 603/662/608 607/666/612
f 607/666/612 603/662/608 604/663/609
f 606/665/611 608/667/613 603/662/608
f 603/662/608 608/667/613 605/664/610
f 402/668/407 398/669/403 607/666/612
f 607/666/612 398/669/403 606/665/611
f 400/670/405 608/667/613 398/669/403
f 398/669/403 608/667/613 606/665/611
f 401/440/406 399/438/404 609/671/614
f 609/671/614 399/438/404 610/672/615
f 399/438/404 403/442/408 610/672/615
f 610/672/615 403/442/408 611/673/616
f 612/674/617 611/673/616 405/444/410
f 405/444/410 611/673/616 403/442/408
f 404/675/409 402/668/407 613/676/618
f 613/676/618 402/668/407 607/666/612
f 607/666/612 604/663/609 613/676/618
f 613/676/618 604/663/609 324/363/329
f 324/363/329 604/663/609 323/362/328
f 323/362/328 604/663/609 599/658/604
f 614/677/619 609/671/614 615/678/620
f 615/678/620 609/671/614 610/672/615
f 597/656/602 598/657/603 616/679/621
f 616/679/621 598/657/603 617/680/622
f 618/681/623 616/679/621 619/682/624
f 619/682/624 616/679/621 617/680/622
f 620/683/625 611/673/616 621/684/626
f 621/684/626 611/673/616 612/674/617
f 611/673/616 620/683/625 610/672/615
f 610/672/615 620/683/625 615/678/620
f 622/685/627 623/686/628 621/684/626
f 621/684/626 623/686/628 620/683/625
f 624/687/629 615/678/620 623/686/628
f 623/686/628 615/678/620 620/683/625
f 625/688/630 626/689/631 627/690/632
f 627/690/632 626/689/631 628/691/633
f 629/692/634 630/693/635 626/689/631
f 626/689/631 630/693/635 628/691/633
f 631/694/636 632/695/637 625/688/630
f 625/688/630 632/695/637 626/689/631
f 618/681/623 629/692/634 632/695/637
f 632/695/637 629/692/634 626/689/631
f 597/656/602 616/679/621 600/659/605
f 600/659/605 616/679/621 633/696/638
f 616/679/621 618/681/623 633/696/638
f 633/696/638 618/681/623 632/695/637
f 634/697/639 631/694/636 635/698/640
f 635/698/640 631/694/636 625/688/630
f 636/699/641 635/698/640 627/690/632
f 627/690/632 635/698/640 625/688/630
f 637/700/642 638/701/643 621/684/626
f 621/684/626 638/701/643 622/685/627
f 639/702/644 637/700/642 612/674/617
f 612/674/617 637/700/642 621/684/626
f 405/444/410 407/446/412 612/674/617
f 612/674/617 407/446/412 639/702/644
f 404/675/409 613/676/618 406/703/411
f 406/703/411 613/676/618 640/704/645
f 613/676/618 324/363/329 640/704/645
f 640/704/645 324/363/329 322/361/327
f 408/705/413 406/703/411 641/706/646
f 641/706/646 406/703/411 640/704/645
f 407/446/412 409/448/414 639/702/644
f 639/702/644 409/448/414 371/410/376
f 640/704/645 322/361/327 641/706/646
f 641/706/646 322/361/327 296/335/301
f 631/694/636 642/707/647 632/695/637
f 632/695/637 642/707/647 633/696/638
f 600/659/605 633/696/638 594/653/599
f 594/653/599 633/696/638 642/707/647
f 369/408/374 371/410/376 410/449/415
f 410/449/415 371/410/376 409/448/414
f 643/708/648 411/709/416 641/706/646
f 641/706/646 411/709/416 408/705/413
f 412/451/417 413/453/418 374/413/379
f 374/413/379 413/453/418 376/415/381
f 594/653/599 642/707/647 593/652/598
f 593/652/598 642/707/647 601/660/606
f 634/697/639 292/331/297 601/660/606
f 601/660/606 292/331/297 294/333/299
f 296/335/301 322/361/327 328/367/333
f 328/367/333 322/361/327 321/360/326
f 644/710/649 299/338/304 592/650/597
f 592/650/597 299/338/304 528/576/533
f 631/694/636 634/697/639 642/707/647
f 642/707/647 634/697/639 601/660/606
f 301/340/306 645/711/650 303/342/308
f 303/342/308 645/711/650 325/364/330
f 591/647/596 589/645/594 602/661/607
f 602/661/607 589/645/594 295/334/300
f 602/712/607 527/575/532 591/648/596
f 591/648/596 527/575/532 526/574/531
f 319/651/324 528/576/533 602/712/607
f 602/712/607 528/576/533 527/575/532
f 334/713/339 333/714/338 645/711/650
f 645/711/650 333/714/338 325/364/330
f 637/700/642 639/702/644 372/411/377
f 372/411/377 639/702/644 371/410/376
f 634/697/639 635/698/640 292/331/297
f 292/331/297 635/698/640 646/715/651
f 635/698/640 636/699/641 646/715/651
f 646/715/651 636/699/641 647/716/652
f 638/701/643 637/700/642 648/717/653
f 648/717/653 637/700/642 372/411/377
f 648/717/653 372/411/377 649/718/654
f 649/718/654 372/411/377 370/409/375
f 650/719/655 651/720/656 647/716/652
f 647/716/652 651/720/656 652/721/657
f 375/414/380 448/491/453 373/412/378
f 373/412/378 448/491/453 653/722/658
f 654/723/659 480/526/485 655/724/660
f 655/724/660 480/526/485 385/424/390
f 380/419/385 382/421/387 656/725/661
f 657/726/662 646/715/651 652/721/657
f 652/721/657 646/715/651 647/716/652
f 384/423/389 511/559/516 385/424/390
f 385/424/390 511/559/516 658/727/663
f 561/611/566 379/418/384 659/728/664
f 659/728/664 379/418/384 512/560/517
f 381/420/386 380/419/385 660/729/665
f 660/729/665 380/419/385 661/730/666
f 662/731/667 661/730/666 656/725/661
f 656/725/661 661/730/666 380/419/385
f 481/527/486 663/732/668 383/422/388
f 383/422/388 663/732/668 384/423/389
f 558/608/563 560/610/565 556/606/561
f 656/725/661 664/733/669 662/731/667
f 480/526/485 479/525/484 482/528/487
f 665/734/670 376/415/381 414/455/419
f 414/455/419 376/415/381 413/453/418
f 417/458/422 415/456/420 662/735/667
f 662/735/667 415/456/420 661/736/666
f 415/492/420 450/494/455 661/737/666
f 661/737/666 450/494/455 660/738/665
f 451/495/456 449/493/454 482/739/487
f 482/739/487 449/493/454 481/740/486
f 368/741/373 366/742/371 327/366/332
f 327/366/332 366/742/371 530/578/535
f 560/743/565 561/744/566 529/577/534
f 529/577/534 561/744/566 326/365/331
f 561/744/566 659/745/664 326/365/331
f 326/365/331 659/745/664 484/530/489
f 663/746/668 481/740/486 483/529/488
f 483/529/488 481/740/486 449/493/454
f 421/462/426 666/747/671 420/461/425
f 420/461/425 666/747/671 667/748/672
f 668/749/673 669/750/674 418/459/423
f 418/459/423 669/750/674 419/460/424
f 422/463/427 670/751/675 423/464/428
f 423/464/428 670/751/675 671/752/676
f 338/377/343 427/468/432 339/378/344
f 339/378/344 427/468/432 672/753/677
f 426/467/431 673/754/678 427/468/432
f 427/468/432 673/754/678 672/753/677
f 351/390/356 352/391/357 428/469/433
f 428/469/433 352/391/357 674/755/679
f 376/415/381 665/734/670 375/414/380
f 375/414/380 665/734/670 446/489/451
f 339/471/344 672/756/677 315/354/320
f 315/354/320 672/756/677 317/356/322
f 675/757/680 352/391/357 676/758/681
f 676/758/681 352/391/357 350/389/355
f 431/474/436 430/473/435 673/759/678
f 673/759/678 430/473/435 672/756/677
f 674/755/679 352/391/357 677/760/682
f 677/760/682 352/391/357 678/761/683
f 435/478/440 431/474/436 679/762/684
f 679/762/684 431/474/436 673/759/678
f 680/763/685 674/755/679 681/764/686
f 681/764/686 674/755/679 677/760/682
f 441/484/446 682/765/687 443/486/448
f 443/486/448 682/765/687 683/766/688
f 684/767/689 685/768/690 686/769/691
f 686/769/691 685/768/690 687/770/692
f 443/486/448 683/766/688 445/488/450
f 445/488/450 683/766/688 667/771/672
f 688/772/693 668/749/673 684/767/689
f 684/767/689 668/749/673 685/768/690
f 435/478/440 679/762/684 437/480/442
f 437/480/442 679/762/684 671/773/676
f 689/774/694 690/775/695 681/764/686
f 681/764/686 690/775/695 680/763/685
f 691/776/696 387/426/392 453/497/458
f 453/497/458 387/426/392 386/425/391
f 692/777/697 693/778/698 454/498/459
f 454/498/459 693/778/698 452/496/457
f 694/779/699 695/780/700 696/781/701
f 696/781/701 695/780/700 697/782/702
f 454/498/459 455/499/460 692/777/697
f 692/777/697 455/499/460 698/783/703
f 341/380/346 458/502/463 342/381/347
f 342/381/347 458/502/463 699/784/704
f 392/431/397 393/432/398 458/502/463
f 458/502/463 393/432/398 699/784/704
f 700/785/705 701/786/706 457/501/462
f 457/501/462 701/786/706 456/500/461
f 702/787/707 660/729/665 703/788/708
f 342/504/347 699/789/704 311/350/316
f 311/350/316 699/789/704 313/352/318
f 704/790/709 356/791/361 705/792/710
f 705/792/710 356/791/361 354/793/359
f 706/794/711 699/789/704 462/508/467
f 462/508/467 699/789/704 393/795/398
f 707/796/712 700/797/705 708/798/713
f 708/798/713 700/797/705 356/791/361
f 465/511/470 462/508/467 391/799/396
f 391/799/396 462/508/467 393/795/398
f 701/800/706 700/797/705 709/801/714
f 709/801/714 700/797/705 707/796/712
f 467/513/472 697/802/702 469/515/474
f 469/515/474 697/802/702 695/803/700
f 710/804/715 711/805/716 712/806/717
f 712/806/717 711/805/716 713/807/718
f 471/517/476 389/808/394 473/519/478
f 473/519/478 389/808/394 387/809/392
f 714/810/719 692/811/697 715/812/720
f 715/812/720 692/811/697 698/813/703
f 473/519/478 387/809/392 475/521/480
f 475/521/480 387/809/392 691/814/696
f 716/815/721 693/816/698 714/810/719
f 714/810/719 693/816/698 692/811/697
f 465/511/470 391/799/396 467/513/472
f 467/513/472 391/799/396 697/802/702
f 712/806/717 713/807/718 709/801/714
f 709/801/714 713/807/718 701/800/706
f 532/580/537 717/817/722 534/582/539
f 534/582/539 717/817/722 718/818/723
f 719/819/724 720/820/725 533/581/538
f 533/581/538 720/820/725 531/579/536
f 288/821/293 289/822/294 535/583/540
f 535/583/540 289/822/294 536/584/541
f 347/386/352 538/586/543 348/387/353
f 348/387/353 538/586/543 721/823/726
f 539/587/544 722/824/727 538/586/543
f 538/586/543 722/824/727 721/823/726
f 364/403/369 723/825/728 363/402/368
f 363/402/368 723/825/728 537/585/542
f 542/592/547 724/826/729 721/827/726
f 725/828/730 364/829/369 726/830/731
f 542/592/547 721/827/726 543/593/548
f 543/593/548 721/827/726 722/831/727
f 364/829/369 725/828/730 723/832/728
f 723/832/728 725/828/730 727/833/732
f 551/601/556 728/834/733 550/600/555
f 550/600/555 728/834/733 729/835/734
f 554/604/559 555/605/560 717/836/722
f 717/836/722 555/605/560 718/837/723
f 719/838/724 730/839/735 720/840/725
f 720/840/725 730/839/735 731/841/736
f 732/842/737 395/434/400 486/532/491
f 486/532/491 395/434/400 394/433/399
f 733/843/738 734/844/739 487/533/492
f 487/533/492 734/844/739 485/531/490
f 487/533/492 488/534/493 733/843/738
f 733/843/738 488/534/493 735/845/740
f 344/383/349 490/536/495 345/384/350
f 345/384/350 490/536/495 736/846/741
f 359/398/364 360/399/365 489/535/494
f 489/535/494 360/399/365 737/847/742
f 512/560/517 738/848/743 659/728/664
f 509/557/514 663/732/668 739/849/744
f 345/539/350 736/850/741 307/346/312
f 307/346/312 736/850/741 309/348/314
f 740/851/745 360/852/365 741/853/746
f 741/853/746 360/852/365 358/854/363
f 494/542/499 493/541/498 742/855/747
f 742/855/747 493/541/498 736/850/741
f 737/856/742 360/852/365 743/857/748
f 743/857/748 360/852/365 744/858/749
f 504/552/509 397/859/402 506/554/511
f 506/554/511 397/859/402 395/860/400
f 745/861/750 733/862/738 746/863/751
f 746/863/751 733/862/738 735/864/740
f 506/554/511 395/860/400 508/556/513
f 508/556/513 395/860/400 732/865/737
f 747/866/752 734/867/739 745/861/750
f 745/861/750 734/867/739 733/862/738
f 498/546/503 748/868/753 500/548/505
f 500/548/505 748/868/753 749/869/754
f 750/870/755 751/871/756 752/872/757
f 752/872/757 751/871/756 753/873/758
f 754/874/759 755/875/760 756/876/761
f 757/877/762 755/875/760 754/874/759
f 758/878/763 748/879/753 759/880/764
f 749/881/754 748/879/753 758/878/763
f 759/880/764 760/882/765 758/878/763
f 761/883/766 760/882/765 759/880/764
f 761/883/766 751/884/756 760/882/765
f 753/885/758 751/884/756 761/883/766
f 696/781/701 762/886/767 694/779/699
f 763/887/768 762/886/767 696/781/701
f 763/887/768 711/888/716 762/886/767
f 713/889/718 711/888/716 763/887/768
f 696/781/701 391/430/396 390/429/395
f 697/782/702 391/430/396 696/781/701
f 390/429/395 763/887/768 696/781/701
f 456/500/461 763/887/768 390/429/395
f 456/500/461 713/889/718 763/887/768
f 701/786/706 713/889/718 456/500/461
f 458/502/463 457/501/462 392/431/397
f 355/394/360 457/501/462 458/502/463
f 457/501/462 356/395/361 700/785/705
f 355/394/360 356/395/361 457/501/462
f 420/461/425 683/890/688 764/891/769
f 667/748/672 683/890/688 420/461/425
f 764/891/769 418/459/423 420/461/425
f 765/892/770 418/459/423 764/891/769
f 765/892/770 668/749/673 418/459/423
f 685/768/690 668/749/673 765/892/770
f 685/768/690 766/893/771 687/770/692
f 765/892/770 766/893/771 685/768/690
f 766/893/771 764/891/769 767/894/772
f 765/892/770 764/891/769 766/893/771
f 767/894/772 683/890/688 682/895/687
f 764/891/769 683/890/688 767/894/772
f 423/464/428 679/896/684 768/897/773
f 671/752/676 679/896/684 423/464/428
f 768/897/773 425/466/430 423/464/428
f 769/898/774 425/466/430 768/897/773
f 769/898/774 690/775/695 425/466/430
f 680/763/685 690/775/695 769/898/774
f 428/469/433 680/763/685 769/898/774
f 674/755/679 680/763/685 428/469/433
f 428/469/433 768/897/773 426/467/431
f 769/898/774 768/897/773 428/469/433
f 426/467/431 679/896/684 673/754/678
f 768/897/773 679/896/684 426/467/431
f 770/899/775 757/900/762 754/901/759
f 771/902/776 757/900/762 770/899/775
f 772/903/777 770/899/775 773/904/778
f 771/902/776 770/899/775 772/903/777
f 772/903/777 729/905/734 728/906/733
f 773/904/778 729/905/734 772/903/777
f 773/904/778 533/581/538 534/582/539
f 770/899/775 533/581/538 773/904/778
f 534/582/539 729/905/734 773/904/778
f 718/818/723 729/905/734 534/582/539
f 729/835/734 555/605/560 550/600/555
f 718/837/723 555/605/560 729/835/734
f 548/598/553 555/605/560 553/603/558
f 550/600/555 555/605/560 548/598/553
f 756/876/761 719/838/724 754/874/759
f 730/839/735 719/838/724 756/876/761
f 719/819/724 770/899/775 754/901/759
f 533/581/538 770/899/775 719/819/724
f 774/907/779 532/580/537 531/579/536
f 775/908/780 532/580/537 774/907/779
f 532/580/537 776/909/781 717/817/722
f 775/908/780 776/909/781 532/580/537
f 554/604/559 776/910/781 777/911/782
f 717/836/722 776/910/781 554/604/559
f 554/604/559 778/912/783 552/602/557
f 777/911/782 778/912/783 554/604/559
f 731/841/736 779/913/784 720/840/725
f 780/914/785 779/913/784 731/841/736
f 537/585/542 460/506/465 539/587/544
f 535/583/540 460/506/465 537/585/542
f 460/506/465 283/320/288 722/824/727
f 539/587/544 460/506/465 722/824/727
f 283/328/288 543/593/548 722/831/727
f 543/593/548 283/328/288 290/327/295
f 290/327/295 545/595/550 543/593/548
f 546/596/551 545/595/550 290/327/295
f 727/833/732 288/325/293 723/832/728
f 286/323/291 288/325/293 727/833/732
f 537/585/542 288/821/293 535/583/540
f 723/825/728 288/821/293 537/585/542
f 508/556/513 781/915/786 507/555/512
f 782/916/787 781/915/786 508/556/513
f 747/866/752 783/917/788 734/867/739
f 784/918/789 783/917/788 747/866/752
f 485/531/490 783/919/788 785/920/790
f 734/844/739 783/919/788 485/531/490
f 486/532/491 785/920/790 786/921/791
f 485/531/490 785/920/790 486/532/491
f 486/532/491 787/922/792 732/842/737
f 786/921/791 787/922/792 486/532/491
f 508/556/513 787/923/792 782/916/787
f 732/865/737 787/923/792 508/556/513
f 502/550/507 749/869/754 788/924/793
f 500/548/505 749/869/754 502/550/507
f 758/878/763 788/925/793 749/881/754
f 789/926/794 788/925/793 758/878/763
f 790/927/795 758/878/763 760/882/765
f 789/926/794 758/878/763 790/927/795
f 790/927/795 751/884/756 791/928/796
f 760/882/765 751/884/756 790/927/795
f 791/929/796 750/870/755 792/930/797
f 751/871/756 750/870/755 791/929/796
f 497/545/502 494/542/499 498/546/503
f 496/544/501 494/542/499 497/545/502
f 752/872/757 737/856/742 743/857/748
f 753/873/758 737/856/742 752/872/757
f 489/535/494 753/885/758 761/883/766
f 737/847/742 753/885/758 489/535/494
f 489/535/494 759/880/764 491/537/496
f 761/883/766 759/880/764 489/535/494
f 491/537/496 748/879/753 742/931/747
f 759/880/764 748/879/753 491/537/496
f 748/868/753 494/542/499 742/855/747
f 498/546/503 494/542/499 748/868/753
f 793/932/798 475/521/480 794/933/799
f 474/520/479 475/521/480 793/932/798
f 716/815/721 795/934/800 693/816/698
f 796/935/801 795/934/800 716/815/721
f 452/496/457 795/936/800 797/937/802
f 693/778/698 795/936/800 452/496/457
f 453/497/458 797/937/802 798/938/803
f 452/496/457 797/937/802 453/497/458
f 453/497/458 799/939/804 691/776/696
f 798/938/803 799/939/804 453/497/458
f 475/521/480 799/940/804 794/933/799
f 691/814/696 799/940/804 475/521/480
f 445/488/450 800/941/805 444/487/449
f 801/942/806 800/941/805 445/488/450
f 688/772/693 669/750/674 668/749/673
f 802/943/807 669/750/674 688/772/693
f 445/488/450 666/944/671 801/942/806
f 667/771/672 666/944/671 445/488/450
f 439/482/444 671/773/676 670/945/675
f 437/480/442 671/773/676 439/482/444
f 803/946/808 689/774/694 804/947/809
f 690/775/695 689/774/694 803/946/808
f 805/948/810 806/949/811 807/950/812
f 808/951/813 806/949/811 805/948/810
f 808/952/813 361/400/366 806/953/811
f 740/851/745 306/345/311 308/347/313
f 741/853/746 306/345/311 740/851/745
f 809/954/814 810/955/815 811/956/816
f 812/957/817 810/955/815 809/954/814
f 812/958/817 357/396/362 810/959/815
f 704/790/709 310/349/315 312/351/317
f 705/792/710 310/349/315 704/790/709
f 813/960/818 814/961/819 815/962/820
f 816/963/821 814/961/819 813/960/818
f 816/964/821 353/392/358 814/965/819
f 675/757/680 314/353/319 316/355/321
f 676/758/681 314/353/319 675/757/680
f 817/966/822 818/967/823 819/968/824
f 820/969/825 818/967/823 817/966/822
f 820/969/825 349/388/354 818/970/823
f 349/388/354 338/377/343 818/970/823
f 353/392/358 341/380/346 814/965/819
f 361/400/366 347/386/352 806/953/811
f 357/396/362 344/383/349 810/959/815
f 821/971/826 542/592/547 544/594/549
f 724/826/729 542/592/547 821/971/826
f 725/828/730 821/971/826 544/594/549
f 726/830/731 821/971/826 725/828/730
f 309/348/314 736/850/741 493/541/498
f 493/541/498 308/347/313 309/348/314
f 495/543/500 308/347/313 493/541/498
f 495/543/500 740/851/745 308/347/313
f 744/858/749 740/851/745 495/543/500
f 744/858/749 360/852/365 740/851/745
f 313/352/318 699/789/704 706/794/711
f 706/794/711 312/351/317 313/352/318
f 461/507/466 312/351/317 706/794/711
f 461/507/466 704/790/709 312/351/317
f 708/798/713 704/790/709 461/507/466
f 708/798/713 356/791/361 704/790/709
f 317/356/322 672/756/677 430/473/435
f 430/473/435 316/355/321 317/356/322
f 432/475/437 316/355/321 430/473/435
f 432/475/437 675/757/680 316/355/321
f 678/761/683 675/757/680 432/475/437
f 678/761/683 352/391/357 675/757/680
f 491/537/496 736/846/741 490/536/495
f 742/931/747 736/846/741 491/537/496
f 425/466/430 803/946/808 424/465/429
f 690/775/695 803/946/808 425/466/430
f 531/579/536 779/972/784 774/907/779
f 720/820/725 779/972/784 531/579/536
f 523/571/528 520/568/525 521/569/526
f 519/567/524 520/568/525 523/571/528
f 520/568/525 587/642/592 521/569/526
f 579/633/584 587/642/592 520/568/525
f 579/632/584 583/637/588 587/641/592
f 577/630/582 583/637/588 579/632/584
f 577/630/582 582/636/587 583/637/588
f 576/629/581 582/636/587 577/630/582
f 576/629/581 584/638/589 582/636/587
f 578/631/583 584/638/589 576/629/581
f 578/631/583 523/571/528 584/638/589
f 519/567/524 523/571/528 578/631/583
f 572/623/577 565/615/570 562/612/567
f 822/973/827 565/615/570 572/623/577
f 516/564/521 562/612/567 564/614/569
f 572/623/577 562/612/567 516/564/521
f 518/566/523 564/614/569 823/974/828
f 516/564/521 564/614/569 518/566/523
f 574/628/579 823/974/828 824/975/829
f 518/566/523 823/974/828 574/628/579
f 825/976/830 824/977/829 826/978/831
f 574/625/579 824/977/829 825/976/830
f 822/973/827 566/616/571 565/615/570
f 827/979/832 566/616/571 822/973/827
f 567/618/572 575/626/580 568/619/573
f 827/979/832 826/978/831 566/616/571
f 825/976/830 826/978/831 827/979/832
f 563/617/568 826/978/831 824/977/829
f 566/616/571 826/978/831 563/617/568
f 563/613/568 824/975/829 823/974/828
f 564/614/569 563/613/568 823/974/828
f 569/620/574 568/619/573 570/621/575
f 570/621/575 822/973/827 572/623/577
f 570/621/575 827/979/832 822/973/827
f 568/619/573 827/979/832 570/621/575
f 568/619/573 825/976/830 827/979/832
f 575/626/580 825/976/830 568/619/573
f 575/626/580 574/625/579 825/976/830
f 368/741/373 325/364/330 333/714/338
f 327/366/332 325/364/330 368/741/373
f 333/372/338 367/406/372 368/407/373
f 335/374/340 367/406/372 333/372/338
f 514/562/519 558/608/563 559/609/564
f 377/416/382 558/608/563 514/562/519
f 414/455/419 828/980/833 665/734/670
f 416/457/421 828/980/833 414/455/419
f 446/489/451 828/980/833 829/981/834
f 665/734/670 828/980/833 446/489/451
f 446/489/451 830/982/835 447/490/452
f 829/981/834 830/982/835 446/489/451
f 664/733/669 831/983/836 662/731/667
f 382/421/387 654/723/659 655/724/660
f 381/420/386 654/723/659 382/421/387
f 478/524/483 703/788/708 476/522/481
f 702/787/707 703/788/708 478/524/483
f 511/559/516 738/848/743 512/560/517
f 510/558/515 738/848/743 511/559/516
f 658/727/663 512/560/517 378/417/383
f 511/559/516 512/560/517 658/727/663
f 559/609/564 365/404/370 367/406/372
f 557/607/562 365/404/370 559/609/564
f 367/406/372 514/562/519 559/609/564
f 335/374/340 514/562/519 367/406/372
f 335/374/340 513/561/518 514/562/519
f 336/375/341 513/561/518 335/374/340
f 447/490/452 831/983/836 664/733/669
f 830/982/835 831/983/836 447/490/452
f 448/491/453 664/733/669 656/725/661
f 447/490/452 664/733/669 448/491/453
f 653/722/658 656/725/661 382/421/387
f 448/491/453 656/725/661 653/722/658
f 524/572/529 584/638/589 523/571/528
f 585/639/590 584/638/589 524/572/529
f 509/557/514 832/984/837 510/558/515
f 739/849/744 832/984/837 509/557/514
f 510/558/515 833/985/838 738/848/743
f 832/984/837 833/985/838 510/558/515
f 654/723/659 479/525/484 480/526/485
f 478/524/483 479/525/484 654/723/659
f 654/723/659 702/787/707 478/524/483
f 381/420/386 702/787/707 654/723/659
f 479/525/484 477/523/482 482/528/487
f 738/848/743 833/985/838 659/728/664
f 377/416/382 560/610/565 558/608/563
f 384/423/389 663/732/668 509/557/514
f 381/420/386 660/729/665 702/787/707
f 778/912/783 731/841/736 552/602/557
f 780/914/785 731/841/736 778/912/783
f 552/602/557 730/839/735 553/603/558
f 731/841/736 730/839/735 552/602/557
f 730/839/735 548/598/553 553/603/558
f 756/876/761 548/598/553 730/839/735
f 548/598/553 755/875/760 549/599/554
f 756/876/761 755/875/760 548/598/553
f 287/324/292 546/596/551 547/597/552
f 286/323/291 546/596/551 287/324/292
f 546/596/551 727/833/732 545/595/550
f 286/323/291 727/833/732 546/596/551
f 727/833/732 544/594/549 545/595/550
f 725/828/730 544/594/549 727/833/732
f 781/915/786 747/866/752 507/555/512
f 784/918/789 747/866/752 781/915/786
f 747/866/752 505/553/510 507/555/512
f 745/861/750 505/553/510 747/866/752
f 745/861/750 503/551/508 505/553/510
f 746/863/751 503/551/508 745/861/750
f 501/549/506 750/870/755 499/547/504
f 792/930/797 750/870/755 501/549/506
f 750/870/755 497/545/502 499/547/504
f 752/872/757 497/545/502 750/870/755
f 752/872/757 496/544/501 497/545/502
f 743/857/748 496/544/501 752/872/757
f 743/857/748 495/543/500 496/544/501
f 744/858/749 495/543/500 743/857/748
f 793/932/798 716/815/721 474/520/479
f 796/935/801 716/815/721 793/932/798
f 716/815/721 472/518/477 474/520/479
f 714/810/719 472/518/477 716/815/721
f 714/810/719 470/516/475 472/518/477
f 715/812/720 470/516/475 714/810/719
f 710/804/715 466/512/471 468/514/473
f 712/806/717 466/512/471 710/804/715
f 712/806/717 464/510/469 466/512/471
f 709/801/714 464/510/469 712/806/717
f 709/801/714 463/509/468 464/510/469
f 707/796/712 463/509/468 709/801/714
f 707/796/712 461/507/466 463/509/468
f 708/798/713 461/507/466 707/796/712
f 800/941/805 688/772/693 444/487/449
f 802/943/807 688/772/693 800/941/805
f 688/772/693 442/485/447 444/487/449
f 684/767/689 442/485/447 688/772/693
f 684/767/689 440/483/445 442/485/447
f 686/769/691 440/483/445 684/767/689
f 438/481/443 689/774/694 436/479/441
f 804/947/809 689/774/694 438/481/443
f 689/774/694 434/477/439 436/479/441
f 681/764/686 434/477/439 689/774/694
f 681/764/686 433/476/438 434/477/439
f 677/760/682 433/476/438 681/764/686
f 677/760/682 432/475/437 433/476/438
f 678/761/683 432/475/437 677/760/682
f 807/950/812 346/588/351 540/590/545
f 806/949/811 346/588/351 807/950/812
f 806/953/811 347/386/352 346/385/351
f 834/986/839 808/951/813 805/948/810
f 362/987/367 808/951/813 834/986/839
f 362/401/367 361/400/366 808/952/813
f 835/988/840 805/948/810 807/950/812
f 834/986/839 805/948/810 835/988/840
f 835/988/840 540/590/545 541/591/546
f 807/950/812 540/590/545 835/988/840
f 811/956/816 343/538/348 492/540/497
f 810/955/815 343/538/348 811/956/816
f 741/853/746 812/957/817 809/954/814
f 358/854/363 812/957/817 741/853/746
f 741/853/746 811/956/816 306/345/311
f 809/954/814 811/956/816 741/853/746
f 811/956/816 307/346/312 306/345/311
f 492/540/497 307/346/312 811/956/816
f 358/397/363 357/396/362 812/958/817
f 810/959/815 344/383/349 343/382/348
f 705/792/710 816/963/821 813/960/818
f 354/793/359 816/963/821 705/792/710
f 815/962/820 340/503/345 459/505/464
f 814/961/819 340/503/345 815/962/820
f 814/965/819 341/380/346 340/379/345
f 354/393/359 353/392/358 816/964/821
f 676/758/681 820/969/825 817/966/822
f 350/389/355 820/969/825 676/758/681
f 819/968/824 337/470/342 429/472/434
f 818/967/823 337/470/342 819/968/824
f 818/970/823 338/377/343 337/376/342
f 350/389/355 349/388/354 820/969/825
f 676/758/681 819/968/824 314/353/319
f 817/966/822 819/968/824 676/758/681
f 819/968/824 315/354/320 314/353/319
f 429/472/434 315/354/320 819/968/824
f 705/792/710 815/962/820 310/349/315
f 813/960/818 815/962/820 705/792/710
f 815/962/820 311/350/316 310/349/315
f 459/505/464 311/350/316 815/962/820
f 647/716/652 836/989/841 650/719/655
f 636/699/641 836/989/841 647/716/652
f 837/990/842 636/699/641 627/690/632
f 836/989/841 636/699/641 837/990/842
f 837/990/842 628/691/633 838/991/843
f 627/690/632 628/691/633 837/990/842
f 628/691/633 839/992/844 838/991/843
f 630/693/635 839/992/844 628/691/633
f 615/678/620 840/993/845 614/677/619
f 624/687/629 840/993/845 615/678/620
f 838/991/843 624/687/629 623/686/628
f 839/992/844 624/687/629 838/991/843
f 623/686/628 837/990/842 838/991/843
f 622/685/627 837/990/842 623/686/628
f 622/685/627 836/989/841 837/990/842
f 638/701/643 836/989/841 622/685/627
f 650/719/655 638/701/643 648/717/653
f 836/989/841 638/701/643 650/719/655
f 650/719/655 649/718/654 651/720/656
f 648/717/653 649/718/654 650/719/655
f 841/994/846 624/687/629 839/992/844
f 840/993/845 624/687/629 841/994/846
f 629/692/634 619/682/624 842/995/847
f 618/681/623 619/682/624 629/692/634
f 842/995/847 630/693/635 629/692/634
f 843/996/848 630/693/635 842/995/847
f 839/992/844 843/996/848 841/994/846
f 630/693/635 843/996/848 839/992/844
f 298/337/303 641/706/646 296/335/301
f 643/708/648 641/706/646 298/337/303
f 646/715/651 332/371/337 292/331/297
f 657/726/662 332/371/337 646/715/651
f 644/710/649 298/337/303 299/338/304
f 844/997/849 298/337/303 644/710/649
f 330/452/335 410/449/415 411/450/416
f 412/451/417 410/449/415 330/452/335
f 412/451/417 369/408/374 410/449/415
f 374/413/379 369/408/374 412/451/417
f 369/408/374 373/412/378 370/409/375
f 374/413/379 373/412/378 369/408/374
f 373/412/378 649/718/654 370/409/375
f 653/722/658 649/718/654 373/412/378
f 651/720/656 653/722/658 382/421/387
f 649/718/654 653/722/658 651/720/656
f 298/337/303 411/709/416 643/708/648
f 844/997/849 411/709/416 298/337/303
f 652/721/657 655/724/660 385/424/390
f 658/727/663 657/726/662 652/721/657
f 657/726/662 513/561/518 332/371/337
f 378/417/383 513/561/518 657/726/662
f 378/417/383 657/726/662 658/727/663
f 385/424/390 658/727/663 652/721/657
f 382/421/387 655/724/660 651/720/656
f 651/720/656 655/724/660 652/721/657
f 332/371/337 336/375/341 320/359/325
f 513/561/518 336/375/341 332/371/337
f 320/359/325 334/373/339 318/357/323
f 336/375/341 334/373/339 320/359/325
f 318/649/323 645/711/650 592/650/597
f 334/713/339 645/711/650 318/649/323
f 645/711/650 644/710/649 592/650/597
f 301/340/306 644/710/649 645/711/650
f 301/340/306 844/997/849 644/710/649
f 300/339/305 844/997/849 301/340/306
f 844/997/849 330/369/335 411/709/416
f 300/339/305 330/369/335 844/997/849
f 777/911/782 557/607/562 778/912/783
f 365/404/370 557/607/562 777/911/782
f 557/607/562 780/914/785 778/912/783
f 556/606/561 780/914/785 557/607/562
f 780/914/785 560/610/565 779/913/784
f 556/606/561 560/610/565 780/914/785
f 774/907/779 560/743/565 529/577/534
f 779/972/784 560/743/565 774/907/779
f 529/577/534 775/908/780 774/907/779
f 530/578/535 775/908/780 529/577/534
f 775/908/780 366/742/371 776/909/781
f 530/578/535 366/742/371 775/908/780
f 776/910/781 365/404/370 777/911/782
f 366/405/371 365/404/370 776/910/781
f 782/916/787 832/984/837 781/915/786
f 833/985/838 832/984/837 782/916/787
f 832/984/837 784/918/789 781/915/786
f 739/849/744 784/918/789 832/984/837
f 784/918/789 663/732/668 783/917/788
f 739/849/744 663/732/668 784/918/789
f 785/920/790 663/746/668 483/529/488
f 783/919/788 663/746/668 785/920/790
f 786/921/791 483/529/488 484/530/489
f 785/920/790 483/529/488 786/921/791
f 786/921/791 659/745/664 787/922/792
f 484/530/489 659/745/664 786/921/791
f 787/923/792 833/985/838 782/916/787
f 659/728/664 833/985/838 787/923/792
f 476/522/481 794/933/799 477/523/482
f 793/932/798 794/933/799 476/522/481
f 476/522/481 796/935/801 793/932/798
f 703/788/708 796/935/801 476/522/481
f 796/935/801 660/729/665 795/934/800
f 703/788/708 660/729/665 796/935/801
f 797/937/802 660/738/665 450/494/455
f 795/936/800 660/738/665 797/937/802
f 798/938/803 450/494/455 451/495/456
f 797/937/802 450/494/455 798/938/803
f 798/938/803 482/739/487 799/939/804
f 451/495/456 482/739/487 798/938/803
f 799/940/804 477/523/482 794/933/799
f 482/528/487 477/523/482 799/940/804
f 801/942/806 830/982/835 800/941/805
f 831/983/836 830/982/835 801/942/806
f 830/982/835 802/943/807 800/941/805
f 829/981/834 802/943/807 830/982/835
f 802/943/807 828/980/833 669/750/674
f 829/981/834 828/980/833 802/943/807
f 419/460/424 828/980/833 416/457/421
f 669/750/674 828/980/833 419/460/424
f 421/462/426 416/457/421 417/458/422
f 419/460/424 416/457/421 421/462/426
f 421/462/426 662/735/667 666/747/671
f 417/458/422 662/735/667 421/462/426
f 666/944/671 831/983/836 801/942/806
f 662/731/667 831/983/836 666/944/671
f 470/516/475 469/515/474 471/517/476
f 468/514/473 469/515/474 470/516/475
f 470/516/475 710/804/715 468/514/473
f 715/812/720 710/804/715 470/516/475
f 710/804/715 698/813/703 711/805/716
f 715/812/720 698/813/703 710/804/715
f 762/886/767 698/783/703 455/499/460
f 711/888/716 698/783/703 762/886/767
f 694/779/699 455/499/460 388/427/393
f 762/886/767 455/499/460 694/779/699
f 694/779/699 389/428/394 695/780/700
f 388/427/393 389/428/394 694/779/699
f 389/808/394 469/515/474 695/803/700
f 471/517/476 469/515/474 389/808/394
f 551/601/556 547/597/552 291/329/296
f 549/599/554 547/597/552 551/601/556
f 551/601/556 285/330/290 728/834/733
f 291/329/296 285/330/290 551/601/556
f 285/322/290 772/903/777 728/906/733
f 284/321/289 772/903/777 285/322/290
f 284/321/289 771/902/776 772/903/777
f 536/584/541 771/902/776 284/321/289
f 771/902/776 289/822/294 757/900/762
f 536/584/541 289/822/294 771/902/776
f 757/877/762 287/324/292 755/875/760
f 289/326/294 287/324/292 757/877/762
f 549/599/554 287/324/292 547/597/552
f 755/875/760 287/324/292 549/599/554
f 504/552/509 501/549/506 502/550/507
f 503/551/508 501/549/506 504/552/509
f 503/551/508 792/930/797 501/549/506
f 746/863/751 792/930/797 503/551/508
f 746/863/751 791/929/796 792/930/797
f 735/864/740 791/929/796 746/863/751
f 735/845/740 790/927/795 791/928/796
f 488/534/493 790/927/795 735/845/740
f 488/534/493 789/926/794 790/927/795
f 396/435/401 789/926/794 488/534/493
f 789/926/794 397/436/402 788/925/793
f 396/435/401 397/436/402 789/926/794
f 397/859/402 502/550/507 788/924/793
f 504/552/509 502/550/507 397/859/402
f 441/484/446 438/481/443 439/482/444
f 440/483/445 438/481/443 441/484/446
f 440/483/445 804/947/809 438/481/443
f 686/769/691 804/947/809 440/483/445
f 686/769/691 803/946/808 804/947/809
f 687/770/692 803/946/808 686/769/691
f 424/465/429 687/770/692 766/893/771
f 803/946/808 687/770/692 424/465/429
f 766/893/771 422/463/427 424/465/429
f 767/894/772 422/463/427 766/893/771
f 422/463/427 682/895/687 670/751/675
f 767/894/772 682/895/687 422/463/427
f 682/765/687 439/482/444 670/945/675
f 441/484/446 439/482/444 682/765/687
f 834/986/839 364/829/369 362/987/367
f 726/830/731 364/829/369 834/986/839
f 726/830/731 835/988/840 821/971/826
f 834/986/839 835/988/840 726/830/731
f 541/591/546 821/971/826 835/988/840
f 724/826/729 821/971/826 541/591/546
f 721/827/726 541/591/546 348/589/353
f 724/826/729 541/591/546 721/827/726
f 706/794/711 462/508/467 461/507/466
