# Blender 5.0.1
# www.blender.org
mtllib engrane.mtl
g Gear.000_Mesh
v -0.091748 -0.000348 -0.325667
v 0.169609 0.014427 -0.170412
v -0.091504 -0.063882 -0.319410
v -0.091270 -0.124974 -0.300877
v 0.169863 -0.051835 -0.162710
v -0.091054 -0.181277 -0.270782
v 0.170024 -0.093919 -0.141542
v -0.090864 -0.230627 -0.230282
v -0.090709 -0.271128 -0.180931
v 0.170176 -0.133385 -0.106126
v -0.090593 -0.301223 -0.124628
v 0.170265 -0.156616 -0.065145
v -0.090522 -0.319755 -0.063535
v -0.090498 -0.326012 -0.000000
v 0.170316 -0.169755 -0.013771
v -0.090522 -0.319755 0.063534
v -0.090593 -0.301223 0.124627
v 0.170286 -0.162053 0.052491
v -0.090709 -0.271128 0.180931
v 0.170205 -0.140885 0.094575
v -0.090864 -0.230627 0.230281
v -0.091054 -0.181277 0.270782
v 0.170069 -0.105470 0.134041
v -0.091270 -0.124974 0.300877
v 0.169912 -0.064488 0.157273
v -0.091504 -0.063882 0.319409
v -0.091748 -0.000348 0.325667
v 0.169726 -0.016076 0.169886
v -0.091992 0.063187 0.319409
v 0.169534 0.033866 0.166960
v -0.092226 0.124279 0.300877
v -0.092443 0.180582 0.270782
v 0.169342 0.083881 0.149343
v -0.092632 0.229932 0.230281
v 0.169199 0.121027 0.120371
v -0.092788 0.270433 0.180931
v -0.092903 0.300527 0.124627
v 0.169077 0.152825 0.077937
v -0.092974 0.319060 0.063534
v -0.092998 0.325317 -0.000001
v 0.169007 0.171067 0.013771
v -0.092974 0.319059 -0.063535
v 0.169021 0.167615 -0.033211
v -0.092903 0.300527 -0.124628
v -0.092788 0.270432 -0.180932
v 0.169088 0.149998 -0.083226
v -0.092632 0.229932 -0.230282
v 0.169199 0.121026 -0.120372
v -0.092443 0.180582 -0.270783
v -0.092227 0.124278 -0.300878
v 0.169362 0.078592 -0.152170
v -0.091992 0.063186 -0.319410
v 0.001597 -0.694018 0.091365
v 0.001566 -0.694006 -0.091368
v 0.001497 -0.676143 -0.181173
v 0.001384 -0.646710 -0.267878
v -0.041686 -0.900162 0.000000
v -0.041716 -0.892462 -0.117474
v -0.041949 -0.831654 -0.344415
v -0.041335 -0.991606 -0.130526
v -0.041594 -0.924041 -0.382683
v -0.040975 -1.085405 -0.179566
v -0.041062 -1.062679 -0.284701
v -0.041188 -1.029794 -0.387113
v 0.071150 -0.699727 -0.000000
v 0.071127 -0.693739 -0.091368
v 0.071058 -0.675876 -0.181173
v 0.070945 -0.646443 -0.267878
v 0.115959 -0.899557 -0.000000
v 0.115704 -0.832973 -0.109721
v 0.115486 -0.776177 -0.321686
v 0.116310 -0.991001 -0.130526
v 0.116583 -1.062074 -0.284701
v 0.116051 -0.923436 -0.382683
v 0.116671 -1.084800 -0.179566
v 0.116457 -1.029188 -0.387113
v 0.001228 -0.606213 -0.350000
v 0.001033 -0.555343 -0.426133
v 0.000801 -0.494971 -0.494975
v 0.000537 -0.426129 -0.555347
v -0.042149 -0.779586 -0.450000
v -0.042400 -0.714181 -0.547885
v -0.043038 -0.548050 -0.714018
v -0.042095 -0.793516 -0.608761
v -0.042804 -0.608926 -0.793353
v -0.041878 -0.850229 -0.698131
v -0.042155 -0.777980 -0.777817
v -0.042461 -0.698295 -0.850066
v 0.070648 -0.582495 -0.389392
v 0.070362 -0.494704 -0.494975
v 0.070098 -0.425862 -0.555347
v 0.115497 -0.778981 -0.450000
v 0.115065 -0.666457 -0.511729
v 0.114469 -0.511289 -0.666898
v 0.115550 -0.792911 -0.608761
v 0.115490 -0.777375 -0.777818
v 0.114841 -0.608320 -0.793353
v 0.115768 -0.849624 -0.698131
v 0.115184 -0.697690 -0.850066
v 0.000245 -0.349997 -0.606218
v -0.000070 -0.267876 -0.646716
v -0.000403 -0.181172 -0.676148
v -0.000748 -0.091367 -0.694011
v -0.043413 -0.450165 -0.779423
v -0.043819 -0.344581 -0.831492
v -0.044690 -0.117641 -0.892300
v -0.043672 -0.382849 -0.923880
v -0.044640 -0.130694 -0.991445
v -0.043655 -0.387279 -1.029633
v -0.044048 -0.284867 -1.062518
v -0.044452 -0.179734 -1.085245
v 0.069806 -0.349730 -0.606218
v 0.069491 -0.267609 -0.646716
v 0.069158 -0.180905 -0.676148
v 0.068782 -0.091094 -0.694035
v 0.114232 -0.449560 -0.779423
v 0.113739 -0.321247 -0.776620
v 0.112926 -0.109284 -0.833415
v 0.113974 -0.382244 -0.923880
v 0.113597 -0.284262 -1.062518
v 0.113006 -0.130089 -0.991445
v 0.113991 -0.386674 -1.029633
v 0.113194 -0.179128 -1.085245
v -0.001099 0.000000 -0.700000
v -0.001449 0.091368 -0.694011
v -0.001794 0.181172 -0.676148
v -0.002127 0.267877 -0.646716
v -0.045141 -0.000169 -0.900000
v -0.045592 0.117304 -0.892300
v -0.046463 0.344244 -0.831492
v -0.045642 0.130357 -0.991445
v -0.046610 0.382512 -0.923880
v -0.045830 0.179396 -1.085245
v -0.046234 0.284530 -1.062518
v -0.046627 0.386942 -1.029633
v 0.068112 0.091635 -0.694011
v 0.067767 0.181439 -0.676148
v 0.067434 0.268144 -0.646716
v 0.112505 0.000436 -0.900000
v 0.112083 0.110157 -0.833415
v 0.111270 0.322120 -0.776620
v 0.112004 0.130962 -0.991445
v 0.111412 0.285135 -1.062518
v 0.111036 0.383117 -0.923880
v 0.111815 0.180001 -1.085245
v 0.111019 0.387547 -1.029633
v -0.002442 0.349998 -0.606218
v -0.002734 0.426130 -0.555347
v -0.002999 0.494971 -0.494975
v -0.003230 0.555344 -0.426133
v -0.046868 0.449828 -0.779423
v -0.047244 0.547713 -0.714018
v -0.047882 0.713844 -0.547885
v -0.047478 0.608588 -0.793353
v -0.048186 0.793179 -0.608761
v -0.047821 0.697957 -0.850066
v -0.048126 0.777643 -0.777817
v -0.048404 0.849891 -0.698131
v 0.066916 0.389656 -0.582767
v 0.066562 0.495239 -0.494975
v 0.066331 0.555611 -0.426133
v 0.110777 0.450433 -0.779423
v 0.110540 0.512162 -0.666898
v 0.109945 0.667330 -0.511729
v 0.110168 0.609193 -0.793353
v 0.109519 0.778248 -0.777818
v 0.109459 0.793784 -0.608761
v 0.109825 0.698563 -0.850066
v 0.109242 0.850497 -0.698131
v -0.003426 0.606214 -0.350000
v -0.003581 0.646711 -0.267878
v -0.003694 0.676143 -0.181173
v -0.003731 0.694019 -0.091365
v -0.048133 0.779248 -0.450000
v -0.048332 0.831317 -0.344415
v -0.048566 0.892125 -0.117474
v -0.048687 0.923704 -0.382683
v -0.048946 0.991269 -0.130526
v -0.049093 1.029456 -0.387113
v -0.049219 1.062342 -0.284701
v -0.049307 1.085068 -0.179566
v 0.066135 0.606481 -0.350000
v 0.065980 0.646978 -0.267878
v 0.065867 0.676410 -0.181173
v 0.065798 0.694274 -0.091368
v 0.109513 0.779854 -0.450000
v 0.109524 0.777050 -0.321686
v 0.109306 0.833846 -0.109721
v 0.108958 0.924309 -0.382683
v 0.108426 1.062947 -0.284701
v 0.108699 0.991874 -0.130526
v 0.108552 1.030061 -0.387113
v 0.108339 1.085673 -0.179566
v -0.003763 0.694007 0.091368
v -0.003694 0.676143 0.181173
v -0.003581 0.646711 0.267878
v -0.048595 0.899825 0.000000
v -0.048566 0.892125 0.117474
v -0.048332 0.831317 0.344415
v -0.048946 0.991269 0.130526
v -0.048687 0.923704 0.382683
v -0.049307 1.085068 0.179566
v -0.049219 1.062342 0.284701
v -0.049093 1.029456 0.387113
v 0.065775 0.700262 -0.000000
v 0.065798 0.694274 0.091368
v 0.065867 0.676410 0.181173
v 0.065980 0.646978 0.267878
v 0.109050 0.900430 -0.000000
v 0.109306 0.833846 0.109721
v 0.109524 0.777050 0.321686
v 0.108699 0.991874 0.130526
v 0.108426 1.062947 0.284701
v 0.108958 0.924309 0.382683
v 0.108339 1.085673 0.179566
v 0.108552 1.030061 0.387113
v -0.003426 0.606214 0.350000
v -0.003230 0.555344 0.426133
v -0.002998 0.494971 0.494975
v -0.002734 0.426130 0.555347
v -0.048133 0.779248 0.450000
v -0.047881 0.713844 0.547885
v -0.047244 0.547713 0.714018
v -0.048186 0.793179 0.608761
v -0.047477 0.608588 0.793353
v -0.048404 0.849891 0.698131
v -0.048126 0.777643 0.777817
v -0.047820 0.697957 0.850066
v 0.066174 0.583030 0.389392
v 0.066563 0.495239 0.494975
v 0.066827 0.426397 0.555347
v 0.109513 0.779854 0.450000
v 0.109945 0.667330 0.511729
v 0.110540 0.512162 0.666898
v 0.109459 0.793784 0.608761
v 0.109519 0.778248 0.777818
v 0.110168 0.609193 0.793353
v 0.109242 0.850497 0.698131
v 0.109825 0.698563 0.850066
v -0.002442 0.349998 0.606218
v -0.002127 0.267877 0.646716
v -0.001794 0.181172 0.676148
v -0.001449 0.091368 0.694011
v -0.046868 0.449828 0.779423
v -0.046463 0.344244 0.831492
v -0.045592 0.117304 0.892300
v -0.046610 0.382512 0.923880
v -0.045642 0.130357 0.991445
v -0.046627 0.386942 1.029633
v -0.046233 0.284530 1.062518
v -0.045830 0.179396 1.085245
v 0.067119 0.350265 0.606218
v 0.067434 0.268144 0.646716
v 0.067767 0.181439 0.676148
v 0.068082 0.091628 0.694036
v 0.110777 0.450433 0.779423
v 0.111270 0.322120 0.776620
v 0.112084 0.110157 0.833415
v 0.111036 0.383117 0.923880
v 0.111412 0.285135 1.062518
v 0.112004 0.130962 0.991445
v 0.111019 0.387547 1.029633
v 0.111815 0.180001 1.085245
v -0.001098 0.000000 0.700000
v -0.000748 -0.091367 0.694011
v -0.000403 -0.181172 0.676148
v -0.000070 -0.267876 0.646716
v -0.045141 -0.000169 0.900000
v -0.044690 -0.117641 0.892300
v -0.043819 -0.344581 0.831492
v -0.044640 -0.130694 0.991445
v -0.043672 -0.382849 0.923880
v -0.044451 -0.179734 1.085245
v -0.044048 -0.284867 1.062518
v -0.043655 -0.387279 1.029633
v 0.068813 -0.091100 0.694011
v 0.069158 -0.180905 0.676148
v 0.069491 -0.267609 0.646716
v 0.112505 0.000436 0.900000
v 0.112926 -0.109284 0.833415
v 0.113740 -0.321247 0.776620
v 0.113006 -0.130089 0.991445
v 0.113598 -0.284262 1.062518
v 0.113974 -0.382244 0.923880
v 0.113194 -0.179128 1.085245
v 0.113991 -0.386674 1.029633
v 0.000245 -0.349997 0.606218
v 0.000537 -0.426129 0.555347
v 0.000802 -0.494971 0.494975
v 0.001033 -0.555343 0.426133
v -0.043413 -0.450165 0.779423
v -0.043038 -0.548050 0.714018
v -0.042400 -0.714181 0.547885
v -0.042804 -0.608926 0.793353
v -0.042095 -0.793516 0.608761
v -0.042461 -0.698295 0.850066
v -0.042155 -0.777980 0.777817
v -0.041878 -0.850229 0.698131
v 0.069905 -0.389122 0.582767
v 0.070363 -0.494704 0.494975
v 0.070594 -0.555076 0.426133
v 0.114232 -0.449560 0.779423
v 0.114469 -0.511289 0.666898
v 0.115065 -0.666457 0.511729
v 0.114842 -0.608320 0.793353
v 0.115490 -0.777375 0.777818
v 0.115550 -0.792911 0.608761
v 0.115185 -0.697690 0.850066
v 0.115768 -0.849624 0.698131
v 0.001229 -0.606213 0.350000
v 0.001384 -0.646710 0.267878
v 0.001497 -0.676143 0.181173
v -0.042149 -0.779586 0.450000
v -0.041949 -0.831654 0.344415
v -0.041716 -0.892462 0.117474
v -0.041594 -0.924041 0.382683
v -0.041335 -0.991606 0.130526
v -0.041188 -1.029794 0.387113
v -0.041062 -1.062679 0.284701
v -0.040975 -1.085405 0.179566
v 0.070790 -0.605946 0.350000
v 0.070945 -0.646443 0.267878
v 0.071058 -0.675876 0.181173
v 0.071127 -0.693739 0.091368
v 0.115497 -0.778981 0.450000
v 0.115486 -0.776177 0.321686
v 0.115704 -0.832973 0.109721
v 0.116051 -0.923436 0.382683
v 0.116583 -1.062074 0.284701
v 0.116310 -0.991001 0.130526
v 0.116457 -1.029188 0.387113
v 0.116671 -1.084800 0.179566
v -0.042477 -0.694175 0.091368
v -0.042477 -0.694175 -0.091368
v -0.042545 -0.676312 -0.181173
v -0.042740 -0.625549 -0.317487
v 0.115420 -0.758951 -0.000000
v 0.115395 -0.752454 -0.099121
v 0.115320 -0.733075 -0.196545
v 0.115198 -0.701146 -0.290607
v -0.043137 -0.522069 -0.468530
v -0.043505 -0.426298 -0.555347
v 0.115029 -0.657212 -0.379697
v 0.114817 -0.602026 -0.462289
v 0.114566 -0.536532 -0.536972
v 0.114279 -0.461849 -0.602467
v -0.043978 -0.303044 -0.632590
v -0.044646 -0.128999 -0.689425
v 0.113962 -0.379257 -0.657654
v 0.113620 -0.290169 -0.701588
v 0.113259 -0.196107 -0.733517
v 0.112885 -0.098683 -0.752896
v -0.045141 -0.000169 -0.700000
v -0.045697 0.144637 -0.686247
v -0.046359 0.317316 -0.625385
v 0.112124 0.099556 -0.752896
v 0.111750 0.196980 -0.733517
v 0.111389 0.291041 -0.701588
v -0.046939 0.468358 -0.521904
v -0.047272 0.555175 -0.426133
v 0.111047 0.380130 -0.657654
v 0.110730 0.462722 -0.602467
v 0.110443 0.537404 -0.536972
v 0.110192 0.602899 -0.462289
v -0.047569 0.632416 -0.302878
v -0.047736 0.675974 -0.181173
v -0.047805 0.693838 -0.091368
v 0.109980 0.658085 -0.379697
v 0.109812 0.702019 -0.290607
v 0.109689 0.733948 -0.196545
v 0.109615 0.753327 -0.099121
v -0.047805 0.693838 0.091368
v -0.047736 0.675974 0.181173
v -0.047541 0.625212 0.317487
v 0.109590 0.759824 -0.000000
v 0.109615 0.753327 0.099121
v 0.109689 0.733948 0.196545
v 0.109812 0.702019 0.290607
v -0.047272 0.555175 0.426133
v -0.047041 0.494802 0.494975
v -0.046776 0.425961 0.555347
v 0.109980 0.658085 0.379697
v 0.110192 0.602899 0.462289
v 0.110444 0.537404 0.536972
v 0.110730 0.462722 0.602467
v -0.046303 0.302707 0.632590
v -0.045635 0.128662 0.689425
v 0.111047 0.380130 0.657654
v 0.111389 0.291041 0.701588
v 0.111750 0.196980 0.733517
v 0.112124 0.099556 0.752896
v -0.045141 -0.000169 0.700000
v -0.044585 -0.144975 0.686247
v -0.043922 -0.317654 0.625385
v 0.112885 -0.098683 0.752896
v 0.113259 -0.196107 0.733517
v 0.113620 -0.290169 0.701588
v -0.043342 -0.468695 0.521904
v -0.043009 -0.555512 0.426133
v 0.113962 -0.379257 0.657654
v 0.114279 -0.461849 0.602467
v 0.114566 -0.536532 0.536972
v 0.114817 -0.602026 0.462289
v -0.042712 -0.632754 0.302878
v -0.042545 -0.676312 0.181173
v 0.115029 -0.657212 0.379697
v 0.115198 -0.701146 0.290607
v 0.115320 -0.733075 0.196545
v 0.115395 -0.752454 0.099121
v -0.002592 -0.783853 -0.103195
v 0.075973 -0.783551 -0.103195
v 0.075896 -0.763376 -0.204624
v -0.002669 -0.763677 -0.204624
v 0.075768 -0.730134 -0.302552
v -0.002797 -0.730436 -0.302552
v 0.075593 -0.684395 -0.395303
v -0.002972 -0.684696 -0.395303
v 0.075372 -0.626940 -0.481290
v -0.003193 -0.627242 -0.481290
v 0.075110 -0.558754 -0.559042
v -0.003454 -0.559055 -0.559042
v 0.074812 -0.481002 -0.627229
v -0.003753 -0.481303 -0.627229
v 0.074482 -0.395015 -0.684684
v -0.004083 -0.395317 -0.684684
v 0.074126 -0.302265 -0.730424
v -0.004439 -0.302566 -0.730424
v 0.073750 -0.204337 -0.763666
v -0.004815 -0.204639 -0.763666
v 0.073360 -0.102909 -0.783842
v -0.005204 -0.103211 -0.783842
v 0.072964 0.000285 -0.790605
v -0.005600 -0.000017 -0.790605
v 0.072568 0.103479 -0.783842
v -0.005997 0.103177 -0.783842
v 0.072179 0.204907 -0.763666
v -0.006386 0.204605 -0.763666
v 0.071803 0.302834 -0.730424
v -0.006762 0.302532 -0.730424
v 0.071447 0.395584 -0.684684
v -0.007118 0.395283 -0.684684
v 0.071117 0.481571 -0.627229
v -0.007448 0.481270 -0.627229
v 0.070818 0.559323 -0.559042
v -0.007746 0.559021 -0.559042
v 0.070557 0.627509 -0.481290
v -0.008008 0.627208 -0.481290
v 0.070336 0.684964 -0.395303
v -0.008229 0.684662 -0.395303
v 0.070161 0.730703 -0.302552
v -0.008404 0.730402 -0.302552
v 0.070033 0.763945 -0.204624
v -0.008532 0.763644 -0.204624
v 0.069956 0.784121 -0.103195
v -0.008609 0.783819 -0.103195
v 0.069930 0.790884 -0.000000
v -0.008635 0.790583 0.000000
v 0.069956 0.784121 0.103195
v -0.008609 0.783819 0.103195
v 0.070033 0.763945 0.204624
v -0.008532 0.763644 0.204624
v 0.070161 0.730703 0.302552
v -0.008404 0.730402 0.302552
v 0.070336 0.684964 0.395303
v -0.008229 0.684662 0.395303
v 0.070557 0.627509 0.481290
v -0.008008 0.627208 0.481290
v 0.070818 0.559323 0.559042
v -0.007746 0.559021 0.559042
v 0.071117 0.481571 0.627229
v -0.007448 0.481270 0.627229
v 0.071447 0.395584 0.684684
v -0.007118 0.395283 0.684684
v 0.071803 0.302834 0.730424
v -0.006762 0.302532 0.730424
v 0.072179 0.204907 0.763666
v -0.006386 0.204605 0.763666
v 0.072568 0.103479 0.783842
v -0.005996 0.103177 0.783842
v 0.072964 0.000285 0.790605
v -0.005600 -0.000017 0.790605
v 0.073361 -0.102909 0.783842
v -0.005204 -0.103211 0.783842
v 0.073750 -0.204337 0.763666
v -0.004815 -0.204639 0.763666
v 0.074126 -0.302265 0.730424
v -0.004439 -0.302566 0.730424
v 0.074482 -0.395015 0.684684
v -0.004083 -0.395317 0.684684
v 0.074812 -0.481002 0.627229
v -0.003753 -0.481303 0.627229
v 0.075110 -0.558754 0.559042
v -0.003454 -0.559055 0.559042
v 0.075372 -0.626940 0.481290
v -0.003193 -0.627242 0.481290
v 0.075593 -0.684395 0.395303
v -0.002972 -0.684696 0.395303
v 0.075768 -0.730134 0.302552
v -0.002797 -0.730436 0.302552
v 0.075896 -0.763376 0.204624
v -0.002669 -0.763677 0.204624
v 0.075973 -0.783551 0.103195
v -0.002592 -0.783853 0.103195
v 0.075999 -0.790315 -0.000000
v -0.002566 -0.790616 0.000000
v 0.115192 -0.699558 -0.000000
v 0.115151 -0.688984 -0.128831
v 0.115731 -0.840164 -0.000000
v 0.115930 -0.891857 -0.117474
v 0.115621 -0.811521 -0.217566
v 0.114933 -0.632148 -0.302878
v 0.115696 -0.831049 -0.344415
v 0.114636 -0.554907 -0.426133
v 0.115299 -0.727545 -0.420303
v 0.115245 -0.713576 -0.547885
v 0.114279 -0.461687 -0.526955
v 0.114786 -0.593958 -0.594399
v 0.114608 -0.547445 -0.714018
v 0.113723 -0.317048 -0.625385
v 0.114118 -0.419864 -0.727987
v 0.113827 -0.343976 -0.831492
v 0.113200 -0.180735 -0.676148
v 0.113340 -0.217127 -0.811964
v 0.112855 -0.090931 -0.694011
v 0.112956 -0.117036 -0.892300
v 0.112505 0.000436 -0.759393
v 0.112154 0.091804 -0.694011
v 0.112505 0.000436 -0.840607
v 0.112054 0.117909 -0.892300
v 0.111809 0.181608 -0.676148
v 0.111669 0.218001 -0.811964
v 0.111342 0.303312 -0.632590
v 0.111183 0.344849 -0.831492
v 0.110869 0.426566 -0.555347
v 0.110891 0.420737 -0.727987
v 0.110402 0.548318 -0.714018
v 0.110482 0.527388 -0.462127
v 0.110223 0.594831 -0.594399
v 0.109764 0.714449 -0.547885
v 0.110104 0.625817 -0.317487
v 0.109710 0.728418 -0.420303
v 0.109313 0.831922 -0.344415
v 0.109870 0.686679 -0.144807
v 0.109388 0.812394 -0.217565
v 0.109079 0.892730 -0.117474
v 0.109818 0.700431 -0.000000
v 0.109858 0.689857 0.128831
v 0.109278 0.841037 -0.000000
v 0.109080 0.892730 0.117474
v 0.109388 0.812394 0.217566
v 0.110076 0.633021 0.302878
v 0.109313 0.831922 0.344415
v 0.110373 0.555780 0.426133
v 0.109710 0.728418 0.420303
v 0.109764 0.714449 0.547885
v 0.110731 0.462560 0.526955
v 0.110223 0.594831 0.594399
v 0.110402 0.548318 0.714018
v 0.111286 0.317921 0.625385
v 0.110891 0.420737 0.727987
v 0.111183 0.344849 0.831492
v 0.111809 0.181608 0.676148
v 0.111670 0.218000 0.811964
v 0.112154 0.091804 0.694011
v 0.112054 0.117909 0.892300
v 0.112505 0.000437 0.759393
v 0.112855 -0.090931 0.694011
v 0.112505 0.000436 0.840607
v 0.112956 -0.117036 0.892300
v 0.113200 -0.180735 0.676148
v 0.113340 -0.217128 0.811964
v 0.113667 -0.302439 0.632590
v 0.113827 -0.343976 0.831492
v 0.114140 -0.425693 0.555347
v 0.114118 -0.419864 0.727987
v 0.114608 -0.547445 0.714018
v 0.114528 -0.526515 0.462127
v 0.114786 -0.593958 0.594399
v 0.115246 -0.713576 0.547885
v 0.114905 -0.624944 0.317487
v 0.115299 -0.727545 0.420303
v 0.115696 -0.831049 0.344415
v 0.115139 -0.685806 0.144807
v 0.115622 -0.811521 0.217565
v 0.115930 -0.891857 0.117474
v 0.127986 -0.758903 -0.000000
v 0.128298 -0.840116 -0.000000
v 0.127961 -0.752406 -0.099121
v 0.128270 -0.832924 -0.109721
v 0.127887 -0.733027 -0.196545
v 0.128188 -0.811473 -0.217565
v 0.127764 -0.701098 -0.290607
v 0.128052 -0.776129 -0.321686
v 0.127596 -0.657164 -0.379697
v 0.127866 -0.727497 -0.420303
v 0.127384 -0.601978 -0.462289
v 0.127631 -0.666409 -0.511729
v 0.127132 -0.536483 -0.536972
v 0.127353 -0.593910 -0.594399
v 0.126846 -0.461801 -0.602467
v 0.127035 -0.511241 -0.666898
v 0.126529 -0.379209 -0.657654
v 0.126684 -0.419816 -0.727987
v 0.126187 -0.290120 -0.701588
v 0.126306 -0.321199 -0.776620
v 0.125825 -0.196059 -0.733517
v 0.125906 -0.217079 -0.811964
v 0.125452 -0.098635 -0.752896
v 0.125492 -0.109236 -0.833415
v 0.125071 0.000485 -0.759393
v 0.125071 0.000485 -0.840607
v 0.124691 0.099605 -0.752896
v 0.124650 0.110205 -0.833415
v 0.124317 0.197029 -0.733517
v 0.124236 0.218048 -0.811964
v 0.123956 0.291090 -0.701588
v 0.123836 0.322169 -0.776620
v 0.123614 0.380178 -0.657654
v 0.123458 0.420785 -0.727987
v 0.123296 0.462771 -0.602467
v 0.123107 0.512210 -0.666898
v 0.123010 0.537453 -0.536972
v 0.122789 0.594879 -0.594399
v 0.122758 0.602947 -0.462289
v 0.122511 0.667378 -0.511729
v 0.122547 0.658134 -0.379697
v 0.122277 0.728466 -0.420303
v 0.122378 0.702067 -0.290607
v 0.122090 0.777099 -0.321686
v 0.122255 0.733997 -0.196545
v 0.121954 0.812443 -0.217565
v 0.122181 0.753376 -0.099121
v 0.121872 0.833894 -0.109721
v 0.122156 0.759872 -0.000000
v 0.121844 0.841085 -0.000000
v 0.122181 0.753376 0.099121
v 0.121872 0.833894 0.109721
v 0.122255 0.733997 0.196545
v 0.121954 0.812443 0.217565
v 0.122378 0.702067 0.290607
v 0.122090 0.777099 0.321686
v 0.122547 0.658134 0.379697
v 0.122277 0.728466 0.420303
v 0.122759 0.602947 0.462289
v 0.122511 0.667378 0.511729
v 0.123010 0.537453 0.536972
v 0.122789 0.594879 0.594399
v 0.123297 0.462771 0.602467
v 0.123107 0.512210 0.666898
v 0.123614 0.380178 0.657654
v 0.123458 0.420785 0.727987
v 0.123956 0.291090 0.701588
v 0.123836 0.322169 0.776620
v 0.124317 0.197029 0.733517
v 0.124236 0.218048 0.811964
v 0.124691 0.099605 0.752896
v 0.124650 0.110205 0.833415
v 0.125071 0.000485 0.759393
v 0.125071 0.000485 0.840607
v 0.125452 -0.098635 0.752896
v 0.125492 -0.109236 0.833415
v 0.125826 -0.196059 0.733517
v 0.125906 -0.217079 0.811964
v 0.126187 -0.290120 0.701588
v 0.126306 -0.321199 0.776620
v 0.126529 -0.379209 0.657654
v 0.126685 -0.419816 0.727987
v 0.126846 -0.461801 0.602467
v 0.127035 -0.511241 0.666898
v 0.127132 -0.536483 0.536972
v 0.127353 -0.593910 0.594399
v 0.127384 -0.601978 0.462289
v 0.127631 -0.666409 0.511729
v 0.127596 -0.657164 0.379697
v 0.127866 -0.727497 0.420303
v 0.127764 -0.701098 0.290607
v 0.128052 -0.776129 0.321686
v 0.127887 -0.733027 0.196545
v 0.128188 -0.811473 0.217565
v 0.127961 -0.752406 0.099121
v 0.128270 -0.832924 0.109721
v 0.000100 -0.312223 0.090449
v -0.043942 -0.312462 0.090920
v -0.043938 -0.313464 -0.089944
v 0.000102 -0.312875 -0.090584
v 0.000152 -0.325664 -0.000000
v -0.043891 -0.325833 -0.000000
v 0.068807 -0.089574 0.313057
v 0.112853 -0.090200 0.313136
v 0.068463 0.000267 0.325667
v 0.112505 0.000437 0.325667
v 0.068114 0.091168 0.312105
v 0.112157 0.090922 0.312409
v -0.002349 0.325665 -0.000001
v -0.046391 0.325496 -0.000001
v -0.046343 0.312966 0.090637
v -0.002300 0.313055 0.089842
v -0.002297 0.312224 -0.090449
v -0.046339 0.312125 -0.090920
v 0.068811 -0.090633 -0.312105
v 0.112852 -0.090049 -0.312409
v 0.112157 0.091073 -0.313137
v 0.068118 0.090109 -0.313057
v 0.068462 0.000267 -0.325667
v 0.112505 0.000436 -0.325667
v 0.169905 -0.062878 -0.319410
v 0.169661 0.000656 -0.325667
v 0.170140 -0.123971 -0.300877
v 0.170356 -0.180274 -0.270782
v 0.170545 -0.229624 -0.230282
v 0.170701 -0.270124 -0.180931
v 0.170816 -0.300219 -0.124628
v 0.170888 -0.318751 -0.063535
v 0.170912 -0.325009 -0.000000
v 0.170888 -0.318751 0.063534
v 0.170816 -0.300219 0.124627
v 0.170701 -0.270124 0.180931
v 0.170545 -0.229624 0.230281
v 0.170356 -0.180274 0.270782
v 0.170140 -0.123971 0.300877
v 0.169905 -0.062878 0.319409
v 0.169661 0.000656 0.325667
v 0.169418 0.064190 0.319409
v 0.169183 0.125282 0.300877
v 0.168967 0.181586 0.270782
v 0.168777 0.230936 0.230281
v 0.168622 0.271436 0.180931
v 0.168506 0.301531 0.124627
v 0.168435 0.320063 0.063534
v 0.168411 0.326320 -0.000001
v 0.168435 0.320063 -0.063535
v 0.168506 0.301531 -0.124628
v 0.168622 0.271436 -0.180932
v 0.168777 0.230935 -0.230282
v 0.168967 0.181585 -0.270783
v 0.169183 0.125282 -0.300878
v 0.169418 0.064189 -0.319410
v -0.091316 0.019393 -0.169824
v -0.091061 -0.047098 -0.164451
v -0.090878 -0.094920 -0.141542
v -0.090741 -0.130582 -0.110762
v -0.090616 -0.163055 -0.052491
v -0.090588 -0.170756 0.013771
v -0.090638 -0.157618 0.065144
v -0.090726 -0.134386 0.106126
v -0.090878 -0.094920 0.141542
v -0.091039 -0.052836 0.162710
v -0.091241 -0.000346 0.170231
v -0.091431 0.049208 0.163357
v -0.091647 0.105780 0.134041
v -0.091814 0.148997 0.083225
v -0.091894 0.169477 0.019739
v -0.091882 0.166613 -0.033211
v -0.091825 0.151823 -0.077937
v -0.091666 0.110415 -0.130238
v -0.091491 0.064798 -0.157273
v 0.112328 0.046549 0.558819
v 0.068722 -0.067222 0.511763
v 0.112732 -0.058674 0.484139
v 0.112639 -0.034543 0.572586
v 0.068584 -0.031490 0.574308
v 0.068418 0.011983 0.578619
v 0.112472 0.008938 0.579197
v 0.068315 0.038672 0.564772
v 0.112756 -0.064926 0.533360
v 0.068687 -0.058140 0.547274
v 0.068236 0.059247 0.535044
v 0.112272 0.061058 0.522546
v -0.043163 -0.515354 0.064669
v 0.000979 -0.541095 0.056956
v 0.068637 -0.045075 0.467363
v 0.112627 -0.031393 0.459659
v 0.068494 -0.007878 0.452658
v 0.112511 -0.001219 0.452397
v 0.112397 0.028592 0.460711
v 0.068245 0.056876 0.491680
v 0.112297 0.054571 0.485853
v 0.068357 0.027890 0.459340
v -0.002954 0.483355 0.059089
v -0.047023 0.490260 0.061209
v 0.001078 -0.566873 0.030051
v -0.043025 -0.551262 0.049279
v 0.000673 -0.461372 0.040442
v -0.043299 -0.479843 0.055586
v 0.000796 -0.493588 0.062541
v -0.046843 0.443351 0.008169
v -0.002843 0.454345 0.035738
v -0.046920 0.463456 0.046461
v -0.003068 0.512956 0.063428
v -0.047138 0.520139 0.062728
v -0.003180 0.542122 0.054192
v -0.047265 0.553147 0.045485
v 0.001108 -0.574761 -0.001595
v -0.042954 -0.569908 0.024475
v -0.043385 -0.457642 0.035533
v 0.000619 -0.447461 0.010942
v -0.043429 -0.446037 -0.006381
v -0.002801 0.443559 -0.006331
v -0.046882 0.453469 -0.034292
v -0.047333 0.570851 0.010942
v -0.003276 0.567260 0.024616
v 0.001053 -0.560574 -0.040971
v -0.042940 -0.573361 -0.017064
v -0.043025 -0.551262 -0.049280
v -0.043350 -0.466616 -0.046462
v 0.000933 -0.529156 -0.061005
v 0.000643 -0.453694 -0.030444
v -0.043247 -0.493419 -0.061210
v -0.002859 0.458551 -0.040443
v -0.046971 0.476684 -0.055587
v -0.002959 0.484770 -0.059841
v -0.047260 0.551866 -0.046462
v -0.047323 0.568222 -0.019538
v -0.003289 0.570558 -0.012478
v -0.043133 -0.523297 -0.062729
v 0.000783 -0.490092 -0.061482
v 0.112646 -0.036507 -0.458236
v 0.068594 -0.034024 -0.456463
v 0.112529 -0.005812 -0.447212
v 0.068486 -0.005961 -0.447423
v 0.068374 0.023328 -0.450815
v -0.047107 0.512195 -0.064669
v -0.003211 0.550352 -0.048934
v -0.003076 0.515177 -0.063210
v 0.112405 0.026444 -0.452035
v 0.112706 -0.051983 -0.547599
v 0.068275 0.049201 -0.553177
v 0.068680 -0.056371 -0.539664
v 0.068216 0.064377 -0.512250
v 0.112286 0.057393 -0.480211
v 0.112751 -0.063674 -0.512250
v 0.068709 -0.063843 -0.509060
v 0.068257 0.053753 -0.474917
v 0.112261 0.063864 -0.515781
v 0.112722 -0.056202 -0.481647
v 0.068676 -0.055319 -0.479678
v 0.112616 -0.028572 -0.567294
v 0.068604 -0.036677 -0.563075
v 0.112386 0.031414 -0.566241
v 0.112499 0.002032 -0.574766
v 0.068445 0.004801 -0.575324
v 0.112297 0.054628 -0.544947
vn 0.0104 -0.3908 0.9204
vn -0.0067 -0.2886 0.9574
vn -0.0141 -0.3274 0.9448
vn 0.0074 0.3909 -0.9204
vn -0.0089 0.2886 -0.9574
vn -0.0167 0.3273 -0.9448
vn 1.0000 0.0038 -0.0000
vn -1.0000 -0.0038 -0.0000
vn -0.0062 0.9938 0.1107
vn 0.0012 0.9818 0.1897
vn -0.0505 0.9568 0.2864
vn -0.0003 0.6929 0.7211
vn -0.0078 0.7482 0.6634
vn 0.0437 0.8100 0.5849
vn -0.0153 0.7218 0.6919
vn -0.0060 0.6561 0.7547
vn -0.0417 0.5857 0.8094
vn 0.0142 0.8508 0.5252
vn -0.0056 0.8901 0.4557
vn 0.0213 0.9305 0.3657
vn -0.0149 0.9321 0.3620
vn 0.0195 0.9003 0.4348
vn -0.0310 0.8346 0.5499
vn 0.0161 0.3553 0.9346
vn -0.0039 0.4288 0.9034
vn 0.0229 0.5156 0.8565
vn 0.0020 0.1108 0.9938
vn -0.0057 0.1897 0.9818
vn 0.0457 0.2866 0.9570
vn -0.0195 0.5252 0.8508
vn 0.0014 0.4554 0.8903
vn -0.0263 0.3656 0.9304
vn 0.0186 -0.2871 0.9577
vn -0.0014 -0.2098 0.9777
vn 0.0253 -0.1123 0.9933
vn 0.0052 -0.7210 0.6929
vn -0.0024 -0.6634 0.7482
vn 0.0491 -0.5847 0.8098
vn -0.0098 -0.6920 0.7219
vn -0.0006 -0.7547 0.6561
vn -0.0364 -0.8096 0.5859
vn 0.0195 -0.5252 0.8508
vn 0.0043 -0.4523 0.8919
vn 0.0482 -0.3552 0.9336
vn 0.0052 -0.3709 0.9287
vn 0.0321 -0.4398 0.8975
vn -0.0257 -0.5500 0.8348
vn 0.0060 -0.9313 0.3642
vn -0.0062 -0.9009 0.4339
vn 0.0282 -0.8564 0.5155
vn -0.0142 -0.8508 0.5252
vn 0.0019 -0.8920 0.4520
vn -0.0432 -0.9337 0.3553
vn -0.0138 -0.9578 0.2871
vn 0.0060 -0.9777 0.2098
vn -0.0211 -0.9934 0.1124
vn 0.0014 -0.9938 -0.1107
vn 0.0087 -0.9818 -0.1897
vn -0.0432 -0.9571 -0.2864
vn -0.0097 -0.7219 -0.6919
vn -0.0010 -0.6561 -0.7547
vn -0.0372 -0.5860 -0.8094
vn 0.0057 -0.8559 -0.5172
vn -0.0062 -0.8927 -0.4506
vn 0.0285 -0.9303 -0.3657
vn -0.0077 -0.9321 -0.3620
vn 0.0264 -0.9001 -0.4348
vn -0.0246 -0.8349 -0.5499
vn 0.0188 -0.3552 -0.9346
vn -0.0006 -0.4288 -0.9034
vn 0.0269 -0.5154 -0.8565
vn 0.0028 -0.1107 -0.9938
vn -0.0042 -0.1898 -0.9818
vn 0.0479 -0.2862 -0.9570
vn -0.0155 -0.5253 -0.8508
vn 0.0049 -0.4554 -0.8903
vn -0.0235 -0.3658 -0.9304
vn 0.0164 0.2872 -0.9577
vn -0.0030 0.2098 -0.9777
vn 0.0245 0.1125 -0.9934
vn -0.0004 0.7211 -0.6929
vn -0.0075 0.6634 -0.7482
vn 0.0446 0.5850 -0.8098
vn -0.0151 0.6919 -0.7219
vn -0.0064 0.7547 -0.6561
vn -0.0426 0.8093 -0.5859
vn 0.0155 0.5253 -0.8508
vn 0.0008 0.4523 -0.8919
vn 0.0455 0.3555 -0.9336
vn 0.0024 0.3709 -0.9287
vn 0.0287 0.4400 -0.8975
vn -0.0299 0.5498 -0.8348
vn -0.0012 0.9313 -0.3642
vn -0.0131 0.9009 -0.4339
vn 0.0216 0.8566 -0.5155
vn -0.0207 0.8507 -0.5252
vn -0.0050 0.8920 -0.4520
vn -0.0504 0.9334 -0.3553
vn -0.0212 0.9577 -0.2871
vn -0.0015 0.9777 -0.2098
vn -0.0287 0.9932 -0.1124
vn 0.0009 -0.7030 0.7112
vn 0.0084 -0.6585 0.7525
vn -0.0042 -0.4432 0.8964
vn -0.0051 -0.1964 -0.9805
vn 0.0085 -0.3011 -0.9536
vn -0.0045 -0.4799 -0.8773
vn 0.0112 -0.6235 -0.7817
vn -0.0019 -0.7149 -0.6993
vn -0.0054 0.9261 0.3773
vn 0.0041 0.9510 0.3090
vn -0.0124 0.9976 0.0686
vn 0.0047 0.9976 -0.0686
vn -0.0103 0.9571 -0.2895
vn -0.0084 0.8269 -0.5622
vn 0.0018 0.7801 -0.6257
vn -0.0072 0.6257 -0.7801
vn -0.0066 0.3772 -0.9261
vn 0.0035 0.3009 -0.9537
vn -0.0060 0.0971 -0.9953
vn 0.0689 -0.8878 -0.4551
vn 0.0755 -0.2468 -0.9661
vn 0.0945 -0.8855 0.4548
vn 0.1056 0.8899 0.4437
vn 0.0466 -0.9608 -0.2735
vn 0.0493 -0.7437 0.6667
vn 0.0397 0.7647 0.6432
vn 0.0480 0.2477 0.9676
vn 0.0675 0.8228 0.5643
vn 0.0334 0.4819 -0.8756
vn 0.0698 0.8833 -0.4636
vn 0.0391 -0.9955 0.0859
vn 0.0736 -0.9611 -0.2662
vn 0.0708 0.9664 -0.2471
vn 0.0700 -0.8202 -0.5678
vn 0.0592 -0.4620 -0.8849
vn 0.0849 -0.4445 0.8918
vn 0.0691 0.3932 -0.9168
vn -0.0194 -0.0119 0.9997
vn -0.0117 -0.0221 0.9997
vn -0.0375 0.0120 0.9992
vn 0.0715 0.9703 0.2312
vn 0.0606 0.9947 -0.0827
vn 0.0336 -0.1834 0.9825
vn 0.0418 -0.4815 0.8754
vn 0.0015 -0.3827 -0.9239
vn 0.0021 -0.5556 -0.8315
vn -0.0068 -0.3047 -0.9524
vn 0.0069 -0.3876 -0.9218
vn 0.0038 -0.1948 -0.9808
vn 0.0027 -0.7071 -0.7071
vn 0.0032 -0.8315 -0.5556
vn 0.0035 -0.9239 -0.3827
vn -0.0061 -0.9199 -0.3920
vn 0.0166 -0.9478 -0.3184
vn 0.0019 -0.9808 -0.1948
vn 0.0154 -0.9835 -0.1804
vn 0.0277 -0.9996 0.0019
vn 0.0038 -1.0000 -0.0000
vn 0.0267 -0.9826 0.1838
vn 0.0144 -0.9602 0.2790
vn -0.0025 -0.9214 0.3885
vn 0.0032 -0.8315 0.5556
vn 0.0088 -0.9566 0.2913
vn 0.0027 -0.7071 0.7071
vn 0.0021 -0.5556 0.8315
vn 0.0015 -0.3827 0.9239
vn 0.0029 -0.1948 0.9808
vn 0.0139 0.0033 0.9999
vn -0.0000 -0.0000 1.0000
vn 0.0023 0.1948 0.9808
vn -0.0091 0.3046 0.9524
vn -0.0015 0.3827 0.9239
vn -0.0021 0.5556 0.8315
vn 0.0039 0.3877 0.9218
vn -0.0027 0.7071 0.7071
vn -0.0032 0.8315 0.5556
vn -0.0035 0.9239 0.3827
vn -0.0133 0.9198 0.3922
vn 0.0084 0.9497 0.3130
vn -0.0056 0.9808 0.1948
vn 0.0083 0.9836 0.1802
vn 0.0203 0.9998 -0.0017
vn -0.0038 1.0000 -0.0000
vn 0.0192 0.9828 -0.1838
vn 0.0070 0.9603 -0.2790
vn -0.0096 0.9214 -0.3885
vn -0.0032 0.8315 -0.5556
vn 0.0015 0.9566 -0.2913
vn -0.0027 0.7071 -0.7071
vn -0.0021 0.5556 -0.8315
vn -0.0015 0.3827 -0.9239
vn 0.0014 0.1948 -0.9808
vn 0.0139 -0.0032 -0.9999
vn -0.0000 -0.0000 -1.0000
vn -0.9999 0.0030 -0.0132
vn -1.0000 -0.0003 -0.0036
vn -1.0000 -0.0016 -0.0004
vn -0.0010 0.2588 -0.9659
vn -0.0019 0.5000 0.8660
vn -0.0023 0.6088 0.7934
vn -0.0038 0.9914 0.1305
vn 0.0038 -0.9979 -0.0654
vn 0.0005 -0.1305 0.9914
vn 0.0012 -0.3015 0.9535
vn 0.0018 -0.4633 0.8862
vn 0.0037 -0.9659 -0.2588
vn 0.0038 -0.9774 -0.2113
vn 0.0037 -0.9521 -0.3057
vn -0.0002 0.0419 -0.9991
vn -0.0008 0.2156 -0.9765
vn 0.0010 -0.2588 0.9659
vn 0.0023 -0.6088 -0.7934
vn 0.0019 -0.5000 -0.8660
vn 0.0038 -0.9914 -0.1305
vn 0.0033 -0.8660 -0.5000
vn 0.0023 -0.6088 0.7934
vn 0.0028 -0.7379 0.6749
vn 0.0032 -0.8443 0.5358
vn 0.0028 -0.7408 -0.6717
vn 0.0026 -0.6717 -0.7408
vn -0.0021 0.5358 -0.8443
vn -0.0026 0.6749 -0.7379
vn -0.0030 0.7933 -0.6088
vn 0.0034 -0.8969 -0.4423
vn -0.0005 0.1305 -0.9914
vn 0.0010 -0.2588 -0.9659
vn 0.0005 -0.1305 -0.9914
vn 0.0033 -0.8660 0.5000
vn 0.0030 -0.7933 0.6088
vn 0.0017 -0.4423 -0.8969
vn 0.0037 -0.9765 0.2156
vn 0.0035 -0.9239 0.3827
vn 0.0038 -0.9991 0.0419
vn 0.0012 -0.3057 -0.9521
vn 0.0008 -0.2113 -0.9774
vn -0.0034 0.8862 -0.4633
vn -0.0037 0.9534 -0.3015
vn -0.0038 0.9914 -0.1305
vn -0.0005 0.1305 0.9914
vn -0.0010 0.2588 0.9659
vn -0.0033 0.8660 -0.5000
vn -0.0003 0.0654 -0.9979
vn 0.0037 -0.9534 -0.3015
vn 0.0034 -0.8862 -0.4633
vn -0.0008 0.2113 -0.9774
vn -0.0012 0.3057 -0.9521
vn -0.0038 0.9991 0.0419
vn -0.0037 0.9765 0.2156
vn 0.0003 -0.0654 -0.9979
vn -0.0037 0.9659 -0.2588
vn -0.0019 0.5000 -0.8660
vn 0.0026 -0.6749 -0.7379
vn 0.0030 -0.7933 -0.6088
vn 0.0021 -0.5358 -0.8443
vn -0.0026 0.6717 -0.7408
vn -0.0028 0.7408 -0.6717
vn -0.0032 0.8443 0.5358
vn -0.0028 0.7379 0.6749
vn -0.0017 0.4423 -0.8969
vn 0.0038 -0.9914 0.1305
vn 0.0037 -0.9659 0.2588
vn -0.0034 0.8969 -0.4423
vn 0.0008 -0.2156 -0.9765
vn 0.0002 -0.0419 -0.9991
vn -0.0037 0.9521 -0.3057
vn -0.0038 0.9774 -0.2113
vn -0.0018 0.4633 0.8862
vn -0.0012 0.3015 0.9535
vn -0.0035 0.9239 -0.3827
vn -0.0038 0.9979 0.0654
vn -0.0012 0.3015 -0.9535
vn -0.0018 0.4633 -0.8862
vn -0.0037 0.9659 0.2588
vn -0.0038 0.9774 0.2113
vn -0.0037 0.9521 0.3057
vn 0.0002 -0.0419 0.9991
vn 0.0008 -0.2156 0.9765
vn -0.0038 0.9979 -0.0654
vn -0.0033 0.8660 0.5000
vn -0.0028 0.7379 -0.6749
vn -0.0023 0.6088 -0.7934
vn -0.0032 0.8443 -0.5358
vn -0.0028 0.7408 0.6717
vn -0.0026 0.6717 0.7408
vn 0.0021 -0.5358 0.8443
vn 0.0026 -0.6749 0.7379
vn -0.0034 0.8969 0.4423
vn -0.0017 0.4423 0.8969
vn -0.0037 0.9765 -0.2156
vn -0.0038 0.9991 -0.0419
vn -0.0012 0.3057 0.9521
vn -0.0008 0.2113 0.9774
vn 0.0034 -0.8862 0.4633
vn 0.0037 -0.9534 0.3015
vn 0.0003 -0.0654 0.9979
vn -0.0037 0.9534 0.3015
vn -0.0034 0.8862 0.4633
vn 0.0008 -0.2113 0.9774
vn 0.0012 -0.3057 0.9521
vn 0.0038 -0.9991 -0.0419
vn 0.0037 -0.9765 -0.2156
vn -0.0003 0.0654 0.9979
vn 0.0019 -0.5000 0.8660
vn -0.0030 0.7933 0.6088
vn -0.0026 0.6749 0.7379
vn -0.0021 0.5358 0.8443
vn 0.0026 -0.6717 0.7408
vn 0.0028 -0.7408 0.6717
vn 0.0032 -0.8443 -0.5358
vn 0.0028 -0.7379 -0.6749
vn 0.0017 -0.4423 0.8969
vn 0.0034 -0.8969 0.4423
vn -0.0008 0.2156 0.9765
vn -0.0002 0.0419 0.9991
vn 0.0037 -0.9521 0.3057
vn 0.0038 -0.9774 0.2113
vn 0.0018 -0.4633 -0.8862
vn 0.0012 -0.3015 -0.9535
vn 0.0038 -0.9979 0.0654
vn 0.9989 -0.0086 -0.0462
vn 0.9963 0.0086 -0.0858
vn 0.9984 -0.0013 -0.0561
vn -0.9982 -0.0550 0.0236
vn -0.9986 -0.0518 0.0128
vn -0.9987 -0.0496 0.0132
vn -0.0038 0.9808 0.1951
vn 0.0050 0.9648 0.2628
vn -0.0174 0.9998 -0.0018
vn 0.0113 0.6073 0.7944
vn 0.0020 0.7847 0.6198
vn -0.0097 0.2628 0.9648
vn -0.0011 0.1953 0.9808
vn -0.0011 0.2588 0.9659
vn 0.0136 -0.0018 0.9999
vn -1.0000 -0.0039 -0.0000
vn -1.0000 -0.0042 -0.0001
vn -0.9975 -0.0497 0.0501
vn 0.0007 -0.1951 0.9808
vn -0.0039 -0.2611 0.9653
vn 0.0166 -0.7943 0.6073
vn 0.0074 -0.6198 0.7847
vn 0.0086 -0.9653 0.2611
vn 0.0039 -0.9808 0.1952
vn 0.0038 -0.9808 -0.1951
vn 0.0124 -0.9648 -0.2628
vn -0.0098 -1.0000 0.0018
vn 0.0079 -0.7947 -0.6069
vn 0.0110 -0.6054 -0.7959
vn 0.0080 -0.7847 -0.6198
vn -0.0077 -0.2629 -0.9648
vn 0.0004 -0.1953 -0.9808
vn 0.0009 -0.2588 -0.9659
vn 0.0136 0.0019 -0.9999
vn -0.0129 -0.9999 -0.0039
vn 0.0025 -1.0000 -0.0021
vn -0.0142 -0.9999 -0.0040
vn -0.0007 0.1951 -0.9808
vn -0.0059 0.2611 -0.9653
vn 0.0105 0.7944 -0.6073
vn 0.0026 0.6198 -0.7847
vn 0.0012 0.9653 -0.2611
vn -0.0036 0.9808 -0.1952
vn 0.9988 0.0162 0.0462
vn 0.9963 -0.0009 0.0858
vn 0.9984 0.0090 0.0561
vn 0.0188 -0.3964 0.9179
vn 0.0167 -0.3985 0.9170
vn -0.0019 -0.4171 0.9088
vn -0.0033 1.0000 -0.0022
vn 0.0049 1.0000 -0.0013
vn 0.0056 1.0000 -0.0012
vn 0.0099 -0.0023 -0.9999
vn 0.0009 -0.0013 -1.0000
vn 0.0107 -0.0024 -0.9999
vn 1.0000 0.0038 0.0001
vn 0.9993 0.0371 -0.0032
vn 1.0000 0.0038 0.0004
vn 0.0167 -0.0038 0.9999
vn 0.0013 -0.0021 1.0000
vn -0.0000 -0.0019 1.0000
vn 0.0011 -0.9808 0.1948
vn -0.0095 -1.0000 0.0028
vn -0.0064 0.9808 -0.1948
vn -0.0170 0.9999 -0.0031
vn 0.0008 0.0013 1.0000
vn 0.0099 0.0023 0.9999
vn 0.0001 0.0012 1.0000
vn -0.0226 -0.0020 -0.9997
vn -0.0071 0.1831 -0.9831
vn -0.0154 0.1864 0.9824
vn -0.0226 0.0018 0.9997
vn -0.0057 -0.1832 0.9831
vn -1.0000 -0.0033 0.0001
vn -0.9983 0.0324 -0.0481
vn 0.0126 -0.9999 0.0013
vn 0.0044 -1.0000 0.0022
vn 0.0037 -1.0000 0.0023
vn 1.0000 0.0038 -0.0001
vn 0.9996 -0.0295 0.0032
vn 1.0000 0.0039 -0.0004
vn -0.0140 -0.1865 -0.9824
vn -0.0052 1.0000 0.0021
vn -0.0206 0.9998 0.0039
vn -0.0038 1.0000 0.0019
vn -0.9989 0.0441 -0.0128
vn -0.9986 0.0523 -0.0052
vn -0.9990 0.0420 -0.0132
vn -0.0135 0.0021 -0.9999
vn -0.0011 0.0036 -1.0000
vn -0.0000 0.0037 -1.0000
vn -0.9999 -0.0082 0.0061
vn -1.0000 -0.0074 0.0017
vn -1.0000 -0.0060 0.0006
vn -0.0005 0.5484 0.8362
vn -0.0029 0.2880 0.9576
vn 0.0022 0.2608 0.9654
vn 0.0058 0.0014 -1.0000
vn -0.0038 -0.0801 0.9968
vn 0.0033 -0.3880 0.9216
vn 0.0004 -0.0969 0.9953
vn -0.0006 0.7742 0.6329
vn -0.0037 0.5627 0.8267
vn 0.0086 -0.8740 -0.4858
vn 0.0070 -0.9917 -0.1285
vn 0.0003 -0.8960 -0.4441
vn 0.0017 0.9269 -0.3752
vn 0.0053 -0.9824 0.1867
vn 0.0020 -0.9950 -0.1003
vn 0.0058 -0.8810 0.4731
vn 0.0022 -0.9791 0.2035
vn 0.0031 0.5623 -0.8270
vn 0.0061 0.0856 -0.9963
vn -0.0069 0.1104 -0.9939
vn -0.0249 0.1449 -0.9891
vn -0.0451 0.6430 0.7645
vn -0.0270 0.7541 -0.6562
vn -0.0296 0.7562 -0.6536
vn -0.0715 0.7885 -0.6109
vn -0.0362 0.9697 -0.2417
vn 0.0360 -0.9434 0.3298
vn 0.0314 -0.9455 0.3242
vn 0.0131 -0.9533 0.3019
vn -0.0543 -0.6751 0.7357
vn -0.0150 -0.8643 0.5028
vn -0.0190 -0.8667 0.4984
vn -0.0313 -0.8742 0.4845
vn 0.0187 0.3174 0.9481
vn 0.0050 0.2940 0.9558
vn -0.0296 0.2338 0.9718
vn -0.0055 0.3193 -0.9476
vn -0.0104 0.3262 -0.9452
vn -0.0188 0.3379 -0.9410
vn -0.0055 -0.6262 -0.7797
vn -0.0196 -0.6056 -0.7955
vn -0.0462 -0.5652 -0.8237
vn -0.0888 0.9370 0.3377
vn -0.0494 0.9143 0.4019
vn 0.0124 -0.9931 0.1168
vn 0.0191 -0.9940 0.1074
vn -0.0285 -0.9843 0.1740
vn -0.0258 -0.9835 -0.1789
vn -0.1051 0.1157 -0.9877
vn 0.0250 0.2650 0.9639
vn 0.0207 0.2597 0.9655
vn 0.0026 0.2372 0.9715
vn -0.0195 0.4986 0.8666
vn -0.0066 0.4787 0.8779
vn -0.0453 0.5370 0.8424
vn -0.0901 -0.9848 0.1483
vn -0.0090 0.9626 0.2708
vn -0.0179 0.9586 0.2841
vn -0.0380 0.9487 0.3138
vn -0.0257 -0.2687 0.9629
vn -0.0205 0.7526 -0.6581
vn -0.0077 0.7676 -0.6408
vn -0.0461 0.7212 -0.6912
vn -0.0267 -0.4681 -0.8833
vn -0.0285 -0.4702 -0.8821
vn -0.0202 -0.4605 -0.8874
vn -0.0861 0.9651 -0.2475
vn -0.0290 -0.9041 -0.4263
vn -0.0079 -0.6497 -0.7602
vn -0.0044 -0.6464 -0.7630
vn -0.0332 -0.6729 -0.7390
vn -0.0341 -0.3018 -0.9527
vn -0.1128 0.9857 0.1253
vn -0.0087 -0.1356 -0.9907
vn -0.0038 -0.1283 -0.9917
vn -0.0169 -0.1479 -0.9889
vn -0.0671 -0.9264 -0.3705
vn 0.0037 0.7480 -0.6637
vn -0.0025 0.7543 -0.6565
vn -0.0134 0.7652 -0.6437
vn -0.0113 -0.6954 0.7185
vn -0.0041 0.9649 -0.2624
vn -0.0103 0.9674 -0.2532
vn -0.0209 0.9712 -0.2372
vn -0.0404 0.1099 0.9931
vn -0.0297 -0.2786 0.9599
vn -0.0771 0.6657 0.7422
vn -0.0536 -0.9946 -0.0884
vn 0.0028 0.6450 0.7642
vn -0.0099 0.6266 0.7792
vn -0.0315 0.5944 0.8036
vn -0.0860 -0.6466 0.7579
vn -0.0041 0.1244 -0.9922
vn -0.0043 0.1247 -0.9922
vn -0.0282 0.1502 -0.9883
vn -0.0626 -0.7606 -0.6462
vn -0.0598 0.6258 -0.7777
vn 0.0100 -0.0507 0.9987
vn -0.0092 -0.2756 -0.9612
vn 0.0076 -0.9588 -0.2840
vn -0.0113 0.2755 0.9612
vn 0.0022 0.9574 0.2888
vn -1.0000 -0.0059 -0.0023
vn -1.0000 -0.0065 -0.0013
vn -1.0000 -0.0068 -0.0015
vn -1.0000 -0.0058 -0.0027
vn -1.0000 -0.0040 -0.0026
vn -1.0000 -0.0034 0.0023
vn -1.0000 -0.0013 0.0033
vn -1.0000 -0.0029 0.0032
vn -1.0000 0.0052 0.0053
vn -1.0000 -0.0049 -0.0032
vn -1.0000 0.0021 0.0034
vn -1.0000 -0.0037 -0.0035
vn -1.0000 -0.0003 -0.0060
vn -1.0000 -0.0005 -0.0001
vn -1.0000 -0.0007 -0.0014
vn 0.9993 -0.0375 -0.0016
vn 1.0000 0.0039 -0.0000
vn 1.0000 0.0042 0.0001
vn 0.9989 -0.0457 0.0065
vn 0.9992 -0.0390 -0.0032
vn 0.9990 -0.0424 -0.0131
vn 0.9991 -0.0270 -0.0337
vn 0.9989 0.0136 -0.0446
vn 0.9987 0.0377 -0.0338
vn 0.9987 0.0476 -0.0161
vn 0.9986 0.0534 -0.0065
vn 0.9984 0.0533 -0.0188
vn 0.9247 0.3606 -0.1218
vn 0.9989 -0.0441 -0.0128
vn 0.9983 -0.0513 -0.0289
vn 0.9960 0.0805 -0.0388
vn 0.9982 0.0499 -0.0325
vn 0.9966 -0.0728 -0.0388
vn 0.9986 0.0389 -0.0351
vn 0.9979 0.0371 -0.0526
vn 0.9986 -0.0422 -0.0325
vn 0.9987 -0.0298 -0.0409
vn 0.9961 0.0508 -0.0719
vn 0.9270 -0.2448 -0.2841
vn 0.9983 0.0274 -0.0512
vn 0.9986 0.0125 -0.0522
vn 0.9965 -0.0432 -0.0719
vn 0.9985 -0.0198 -0.0512
vn 0.9258 0.0766 -0.3702
vn 0.9988 -0.0090 -0.0479
vn -0.9988 -0.0230 0.0435
vn -0.9992 -0.0055 0.0401
vn -0.9998 -0.0097 0.0159
vn -0.9972 -0.0523 0.0527
vn -0.9987 -0.0502 -0.0122
vn -0.9987 -0.0375 -0.0341
vn -0.9988 -0.0200 -0.0438
vn -0.9992 -0.0023 -0.0406
vn -0.9985 -0.0226 -0.0495
vn -1.0000 -0.0022 0.0041
vn -0.9256 -0.1254 -0.3571
vn -0.9961 -0.0426 -0.0766
vn -0.9983 -0.0364 -0.0460
vn -0.9991 -0.0018 0.0422
vn -0.9986 -0.0393 -0.0347
vn -0.9976 -0.0605 -0.0341
vn -0.9984 -0.0163 0.0550
vn -0.9981 -0.0558 -0.0250
vn -0.9987 -0.0233 0.0457
vn -0.9971 -0.0502 0.0580
vn -0.9986 -0.0518 -0.0128
vn -0.9978 -0.0660 -0.0025
vn -0.9261 -0.2847 0.2475
vn -0.9250 -0.2876 0.2483
vn -0.9960 -0.0896 -0.0048
vn -0.9960 -0.0757 0.0470
vn -0.9982 -0.0600 0.0052
vn -0.0012 0.1953 0.9807
vn -1.0000 -0.0040 -0.0002
vn -1.0000 -0.0049 -0.0000
vn 0.0040 -0.9808 0.1952
vn 0.0002 -0.1953 -0.9807
vn 0.0038 -1.0000 -0.0019
vn -0.0035 0.9808 -0.1952
vn 0.9990 0.0452 0.0016
vn 1.0000 0.0036 -0.0000
vn 0.9989 0.0467 0.0032
vn 0.9987 0.0500 0.0131
vn 0.9988 0.0346 0.0337
vn 0.9990 -0.0060 0.0446
vn 0.9990 -0.0300 0.0338
vn 0.9991 -0.0400 0.0161
vn 0.9988 -0.0457 0.0188
vn 0.9275 -0.3535 0.1218
vn 0.9986 0.0518 0.0128
vn 0.9978 0.0589 0.0289
vn 0.9966 -0.0728 0.0388
vn 0.9986 -0.0422 0.0325
vn 0.9960 0.0805 0.0388
vn 0.9989 -0.0313 0.0351
vn 0.9982 -0.0294 0.0526
vn 0.9982 0.0499 0.0325
vn 0.9985 0.0375 0.0409
vn 0.9965 -0.0432 0.0719
vn 0.9251 0.2519 0.2841
vn 0.9985 -0.0198 0.0512
vn 0.9986 -0.0048 0.0522
vn 0.9961 0.0508 0.0719
vn 0.9983 0.0274 0.0512
vn 0.9264 -0.0695 0.3702
vn 0.9987 0.0167 0.0479
vn 0.0391 -0.3756 0.9259
vn -0.0040 1.0000 -0.0023
vn 0.0001 -0.0012 -1.0000
vn 1.0000 0.0037 0.0002
vn 1.0000 0.0042 0.0032
vn 0.0181 -0.0039 0.9998
vn 0.0107 0.0024 0.9999
vn -1.0000 -0.0037 0.0002
vn -0.9997 0.0094 -0.0218
vn -1.0000 -0.0035 0.0001
vn 0.0133 -0.9999 0.0012
vn 1.0000 0.0040 -0.0001
vn 1.0000 0.0039 -0.0005
vn -0.0219 0.9998 0.0040
vn -0.9989 0.0150 -0.0435
vn -1.0000 -0.0065 -0.0053
vn -0.9990 0.0426 0.0122
vn -0.9990 0.0302 0.0340
vn -0.9988 0.0108 0.0468
vn -0.9988 0.0092 0.0479
vn -0.9985 0.0198 0.0512
vn -0.9978 0.0301 0.0587
vn -0.9985 -0.0006 -0.0541
vn -0.9985 0.0287 0.0460
vn -0.9981 0.0068 -0.0613
vn -0.9989 0.0316 0.0347
vn -0.9980 0.0529 0.0341
vn -0.9988 0.0156 -0.0457
vn -0.9985 0.0481 0.0250
vn -0.9974 0.0425 -0.0580
vn -0.9283 0.2776 -0.2475
vn -0.9989 0.0441 0.0128
vn -0.9983 0.0583 0.0025
vn -0.9272 0.2805 -0.2483
vn -0.9966 0.0819 0.0048
vn -0.9966 0.0681 -0.0470
vn -0.9986 0.0474 -0.0236
vn -0.0146 0.0020 -0.9999
vn -1.0000 -0.0045 0.0038
vn -1.0000 -0.0069 0.0055
vn -1.0000 -0.0088 -0.0000
vn -0.9998 -0.0180 0.0045
vn -0.0027 0.7806 0.6251
vn 0.0036 -0.8762 0.4820
vn 0.0241 0.0509 -0.9984
vn 0.0219 0.7120 -0.7018
vn 0.0505 -0.9364 0.3473
vn -0.0002 -0.8546 0.5192
vn 0.0484 0.3674 0.9288
vn 0.0035 0.3066 -0.9518
vn 0.0259 -0.6700 -0.7419
vn 0.0565 -0.9969 0.0545
vn 0.0397 0.2831 0.9583
vn 0.0224 0.4334 0.9009
vn 0.0134 0.9714 0.2372
vn 0.0210 0.7992 -0.6007
vn -0.0336 -0.4762 -0.8787
vn 0.0222 -0.6208 -0.7837
vn 0.0051 -0.1150 -0.9934
vn 0.0143 0.7369 -0.6759
vn 0.0068 0.9604 -0.2786
vn 0.0249 0.6758 0.7367
vn 0.0199 0.0987 -0.9949
vt 0.731052 0.153729
vt 0.741909 0.150263
vt 0.750275 0.150131
vt 0.830378 0.011304
vt 0.819518 0.018185
vt 0.811151 0.018349
vt 0.341815 0.110797
vt 0.353708 0.157437
vt 0.344469 0.137103
vt 0.101475 0.681456
vt 0.106787 0.684229
vt 0.074325 0.690134
vt 0.036655 0.247987
vt 0.048207 0.152751
vt 0.046475 0.223765
vt 0.878948 0.152371
vt 0.887320 0.159199
vt 0.878962 0.168215
vt 0.862150 0.071227
vt 0.853784 0.063449
vt 0.862152 0.052463
vt 0.870548 0.080529
vt 0.878915 0.089977
vt 0.870548 0.099404
vt 0.862155 0.034130
vt 0.853790 0.026689
vt 0.862159 0.016542
vt 0.870552 0.025843
vt 0.878918 0.032862
vt 0.870539 0.052480
vt 0.862147 0.126898
vt 0.853780 0.119605
vt 0.862147 0.108766
vt 0.862150 0.160340
vt 0.853782 0.154000
vt 0.862148 0.144188
vt 0.870549 0.118067
vt 0.878916 0.125682
vt 0.870551 0.136199
vt 0.862159 0.199332
vt 0.853791 0.195202
vt 0.862155 0.188150
vt 0.887322 0.084899
vt 0.895690 0.090685
vt 0.887326 0.097943
vt 0.853749 0.210229
vt 0.845378 0.203179
vt 0.853741 0.195515
vt 0.887332 0.109094
vt 0.895702 0.113335
vt 0.887340 0.118161
vt 0.853780 0.243491
vt 0.845408 0.240271
vt 0.853773 0.229245
vt 0.887323 0.036779
vt 0.895688 0.044119
vt 0.887320 0.054053
vt 0.853735 0.179383
vt 0.845366 0.172515
vt 0.853732 0.162108
vt 0.853730 0.143987
vt 0.845362 0.136406
vt 0.853730 0.125330
vt 0.853735 0.087686
vt 0.845370 0.080008
vt 0.853741 0.069344
vt 0.900494 0.298081
vt 0.892125 0.291003
vt 0.900491 0.283314
vt 0.401284 0.923947
vt 0.409650 0.930471
vt 0.401284 0.940507
vt 0.853749 0.051743
vt 0.845385 0.044656
vt 0.853773 0.027275
vt 0.862165 0.126863
vt 0.870533 0.134209
vt 0.862167 0.144171
vt 0.862164 0.090049
vt 0.870531 0.097809
vt 0.862164 0.108719
vt 0.900489 0.267139
vt 0.892122 0.260255
vt 0.900488 0.249831
vt 0.862168 0.034090
vt 0.870534 0.041482
vt 0.862166 0.052413
vt 0.892102 0.251523
vt 0.883738 0.244351
vt 0.892110 0.234710
vt 0.878941 0.024866
vt 0.887303 0.033596
vt 0.878932 0.042656
vt 0.862173 0.000000
vt 0.870539 0.006510
vt 0.862170 0.016519
vt 0.903533 0.872746
vt 0.911901 0.879815
vt 0.903524 0.897150
vt 0.892099 0.306596
vt 0.883731 0.298816
vt 0.892097 0.287776
vt 0.878926 0.061119
vt 0.887291 0.068809
vt 0.878924 0.079939
vt 0.878925 0.098793
vt 0.887293 0.106530
vt 0.878929 0.117360
vt 0.776827 0.760146
vt 0.786068 0.757735
vt 0.812906 0.777123
vt 0.830385 0.320173
vt 0.879952 0.322295
vt 0.830391 0.327098
vt 0.066528 0.895060
vt 0.063395 0.948855
vt 0.056879 0.895061
vt 0.052397 0.948857
vt 0.049571 0.895063
vt 0.049568 0.904206
vt 0.000003 0.901613
vt 0.049571 0.895059
vt 0.098971 0.948861
vt 0.103830 0.895062
vt 0.111208 0.948855
vt 0.120123 0.948856
vt 0.122687 0.895061
vt 0.129577 0.948861
vt 0.085106 0.895060
vt 0.082754 0.948855
vt 0.076032 0.895059
vt 0.815438 0.326371
vt 0.823809 0.322198
vt 0.823804 0.329157
vt 0.036636 0.963823
vt 0.045003 0.959354
vt 0.045003 0.966756
vt 0.253533 0.956905
vt 0.261900 0.951881
vt 0.261901 0.960319
vt 0.881939 0.882677
vt 0.873571 0.887104
vt 0.873574 0.877557
vt 0.881943 0.878613
vt 0.890311 0.877557
vt 0.890307 0.885154
vt 0.865200 0.893675
vt 0.873566 0.892453
vt 0.873571 0.899371
vt 0.870531 0.182254
vt 0.862164 0.186762
vt 0.862165 0.180508
vt 0.087888 0.964596
vt 0.079522 0.969467
vt 0.079521 0.962799
vt 0.203153 0.951086
vt 0.194786 0.953684
vt 0.194786 0.945839
vt 0.887320 0.154612
vt 0.895688 0.150672
vt 0.895687 0.156049
vt 0.857279 0.335100
vt 0.848913 0.341209
vt 0.848913 0.332340
vt 0.815435 0.333984
vt 0.823802 0.335460
vt 0.253534 0.948324
vt 0.261904 0.943349
vt 0.900487 0.308488
vt 0.892121 0.312787
vt 0.892121 0.305291
vt 0.865202 0.878715
vt 0.873571 0.877557
vt 0.873567 0.883499
vt 0.895688 0.169154
vt 0.887320 0.166764
vt 0.895687 0.162188
vt 0.881941 0.896565
vt 0.890306 0.893718
vt 0.890311 0.898672
vt 0.036637 0.954092
vt 0.045004 0.952108
vt 0.203154 0.964666
vt 0.194786 0.959811
vt 0.203153 0.958655
vt 0.087889 0.950880
vt 0.079521 0.956304
vt 0.079523 0.948857
vt 0.840546 0.342199
vt 0.832181 0.345045
vt 0.832176 0.336823
vt 0.881938 0.895836
vt 0.873572 0.899324
vt 0.873571 0.894811
vt 0.253537 0.963619
vt 0.261904 0.963594
vt 0.780714 0.062639
vt 0.830378 0.074529
vt 0.780716 0.074528
vt 0.811150 0.055584
vt 0.830376 0.062640
vt 0.780714 0.049876
vt 0.830380 0.085088
vt 0.780718 0.085087
vt 0.731067 0.153734
vt 0.780721 0.163550
vt 0.731059 0.163543
vt 0.780714 0.174883
vt 0.731053 0.174876
vt 0.748271 0.181785
vt 0.780709 0.187304
vt 0.731048 0.187297
vt 0.739899 0.200331
vt 0.731045 0.200330
vt 0.731044 0.213473
vt 0.739898 0.219179
vt 0.731045 0.226222
vt 0.780709 0.238093
vt 0.731048 0.238086
vt 0.748265 0.219084
vt 0.780714 0.248617
vt 0.731053 0.248610
vt 0.780721 0.257395
vt 0.731059 0.257388
vt 0.780729 0.264091
vt 0.731067 0.264084
vt 0.780711 0.147014
vt 0.750272 0.138213
vt 0.780708 0.138216
vt 0.780706 0.127676
vt 0.750270 0.122492
vt 0.780705 0.115800
vt 0.731044 0.103040
vt 0.780705 0.103045
vt 0.731044 0.115795
vt 0.731045 0.089895
vt 0.780706 0.089900
vt 0.731046 0.076866
vt 0.780708 0.076871
vt 0.731049 0.064454
vt 0.780710 0.064458
vt 0.763491 0.057764
vt 0.731052 0.053134
vt 0.780721 0.338696
vt 0.771858 0.327000
vt 0.780712 0.327000
vt 0.780707 0.314351
vt 0.771852 0.308562
vt 0.780705 0.301234
vt 0.731046 0.288154
vt 0.780707 0.288153
vt 0.763485 0.308647
vt 0.731051 0.275613
vt 0.780712 0.275612
vt 0.731059 0.264093
vt 0.780721 0.264091
vt 0.780718 0.000000
vt 0.780716 0.011303
vt 0.780714 0.023705
vt 0.811150 0.036730
vt 0.780714 0.036730
vt 0.802178 0.875413
vt 0.805619 0.865137
vt 0.832862 0.839374
vt 0.918542 0.031166
vt 0.916152 0.050228
vt 0.916155 0.031166
vt 0.905349 0.209702
vt 0.907737 0.189455
vt 0.907736 0.209702
vt 0.910160 0.263212
vt 0.907787 0.283685
vt 0.907773 0.263212
vt 0.191622 0.919191
vt 0.161674 0.895061
vt 0.191623 0.895059
vt 0.887320 0.150672
vt 0.899549 0.118161
vt 0.899549 0.150666
vt 0.810685 0.343411
vt 0.780721 0.332481
vt 0.810670 0.332481
vt 0.810674 0.311024
vt 0.780725 0.311024
vt 0.810680 0.290217
vt 0.780731 0.290217
vt 0.870541 0.169646
vt 0.900490 0.191383
vt 0.870541 0.191384
vt 0.900488 0.210039
vt 0.870539 0.210039
vt 0.905339 0.317651
vt 0.902956 0.331079
vt 0.902951 0.317650
vt 0.913758 0.205800
vt 0.916142 0.186375
vt 0.916145 0.205800
vt 0.913702 0.101538
vt 0.911311 0.121899
vt 0.911315 0.101538
vt 0.835239 0.769335
vt 0.865177 0.788922
vt 0.835228 0.788922
vt 0.865189 0.802163
vt 0.835240 0.802162
vt 0.865197 0.821073
vt 0.835248 0.821073
vt 0.835236 0.836851
vt 0.865185 0.836851
vt 0.092678 0.965976
vt 0.122623 0.948861
vt 0.122627 0.965976
vt 0.122624 0.983831
vt 0.092675 0.983831
vt 0.036636 0.952117
vt 0.018357 0.984613
vt 0.018357 0.952108
vt 0.865197 0.748044
vt 0.835248 0.748044
vt 0.918539 0.050228
vt 0.916150 0.070105
vt 0.913751 0.143802
vt 0.916138 0.121382
vt 0.916139 0.143802
vt 0.913702 0.201014
vt 0.911321 0.218515
vt 0.911315 0.201014
vt 0.905335 0.301953
vt 0.902948 0.301953
vt 0.712087 0.968742
vt 0.742036 0.946494
vt 0.742036 0.968747
vt 0.865203 0.808638
vt 0.895146 0.789268
vt 0.895152 0.808638
vt 0.895152 0.830462
vt 0.865203 0.830462
vt 0.835228 0.903298
vt 0.865177 0.924713
vt 0.835228 0.924711
vt 0.865177 0.946588
vt 0.835228 0.946586
vt 0.895130 0.944996
vt 0.865184 0.923288
vt 0.895133 0.923288
vt 0.865177 0.903298
vt 0.895126 0.903298
vt 0.742035 0.925697
vt 0.712087 0.946489
vt 0.712086 0.925692
vt 0.905352 0.265652
vt 0.907737 0.248129
vt 0.907739 0.265652
vt 0.910150 0.151933
vt 0.907756 0.174104
vt 0.907763 0.151933
vt 0.918537 0.070105
vt 0.916149 0.090456
vt 0.916140 0.165591
vt 0.221572 0.919179
vt 0.191624 0.895060
vt 0.221573 0.895059
vt 0.221578 0.943006
vt 0.251527 0.963310
vt 0.221578 0.963315
vt 0.251521 0.982200
vt 0.221573 0.982205
vt 0.771988 0.947127
vt 0.801937 0.925692
vt 0.801937 0.947124
vt 0.771988 0.967899
vt 0.801937 0.967897
vt 0.000000 0.984626
vt 0.000000 0.952122
vt 0.903519 0.816985
vt 0.920726 0.784483
vt 0.920726 0.816988
vt 0.719094 0.693562
vt 0.760703 0.692889
vt 0.750291 0.700730
vt 0.191624 0.943449
vt 0.221573 0.943449
vt 0.907756 0.219346
vt 0.910150 0.241642
vt 0.907763 0.241642
vt 0.918539 0.169649
vt 0.916155 0.187196
vt 0.916152 0.169648
vt 0.783112 0.240022
vt 0.785491 0.220536
vt 0.785500 0.240022
vt 0.905350 0.248129
vt 0.907736 0.229372
vt 0.203154 0.975954
vt 0.221573 0.943470
vt 0.221573 0.975975
vt 0.817538 0.967484
vt 0.832102 1.000000
vt 0.817538 0.999989
vt 0.903519 0.784480
vt 0.920987 0.751972
vt 0.920987 0.784476
vt 0.895151 0.857624
vt 0.865199 0.877557
vt 0.865202 0.857642
vt 0.865202 0.836869
vt 0.895151 0.836851
vt 0.865188 0.658390
vt 0.895135 0.679454
vt 0.865186 0.679454
vt 0.895135 0.699997
vt 0.865186 0.699997
vt 0.281473 0.942374
vt 0.261904 0.974875
vt 0.261904 0.942370
vt 0.913696 0.142375
vt 0.911309 0.162616
vt 0.911309 0.142375
vt 0.905330 0.199909
vt 0.902942 0.222321
vt 0.902943 0.199909
vt 0.900494 0.156185
vt 0.902883 0.133519
vt 0.902881 0.156185
vt 0.913755 0.186375
vt 0.221573 0.918805
vt 0.251524 0.942994
vt 0.221575 0.943001
vt 0.895148 0.789268
vt 0.865197 0.769867
vt 0.895146 0.769867
vt 0.865197 0.748044
vt 0.895146 0.748044
vt 0.401284 0.939065
vt 0.371335 0.916934
vt 0.401284 0.916937
vt 0.371332 0.895059
vt 0.401281 0.895063
vt 0.161661 0.983622
vt 0.131712 0.962522
vt 0.161661 0.962525
vt 0.131710 0.945618
vt 0.161658 0.945621
vt 0.251524 0.895059
vt 0.221575 0.895067
vt 0.907754 0.196704
vt 0.910144 0.219346
vt 0.905330 0.264858
vt 0.902945 0.284254
vt 0.902943 0.264857
vt 0.783098 0.159523
vt 0.785491 0.139494
vt 0.785485 0.159523
vt 0.905349 0.229372
vt 0.719434 0.552478
vt 0.714549 0.471601
vt 0.725616 0.530305
vt 0.311427 0.916995
vt 0.281473 0.895059
vt 0.311422 0.895075
vt 0.865179 0.944998
vt 0.895128 0.965289
vt 0.865180 0.965291
vt 0.895126 0.984130
vt 0.865177 0.984132
vt 0.920487 0.947999
vt 0.903524 0.915513
vt 0.920487 0.915494
vt 0.865186 0.728792
vt 0.835231 0.748040
vt 0.835237 0.728788
vt 0.835233 0.713311
vt 0.865182 0.713314
vt 0.835228 0.704574
vt 0.865177 0.704577
vt 0.281478 0.940073
vt 0.311427 0.940089
vt 0.913696 0.162616
vt 0.911311 0.182274
vt 0.918536 0.110934
vt 0.916149 0.131188
vt 0.916149 0.110934
vt 0.900508 0.240468
vt 0.902888 0.221095
vt 0.902895 0.240468
vt 0.905358 0.128733
vt 0.907749 0.109653
vt 0.907745 0.128733
vt 0.865182 0.681965
vt 0.835237 0.658390
vt 0.865186 0.658394
vt 0.191632 0.964904
vt 0.161673 0.982622
vt 0.161683 0.964913
vt 0.161683 0.943469
vt 0.191632 0.943460
vt 0.371332 0.917238
vt 0.341382 0.939318
vt 0.341383 0.917238
vt 0.371332 0.895059
vt 0.341383 0.895059
vt 0.341382 0.971848
vt 0.352873 0.939328
vt 0.352873 0.971833
vt 0.368426 0.939318
vt 0.368426 0.971823
vt 0.910144 0.174104
vt 0.140739 0.842739
vt 0.206169 0.815627
vt 0.183852 0.855277
vt 0.902942 0.244095
vt 0.902881 0.178590
vt 0.900517 0.067816
vt 0.902915 0.047931
vt 0.902904 0.067817
vt 0.251524 0.942367
vt 0.281473 0.919058
vt 0.281473 0.942370
vt 0.895145 0.720595
vt 0.865195 0.741212
vt 0.865196 0.720595
vt 0.865186 0.699997
vt 0.895135 0.699997
vt 0.311423 0.979416
vt 0.281474 0.959250
vt 0.311423 0.959256
vt 0.281473 0.940089
vt 0.311422 0.940094
vt 0.311427 0.939429
vt 0.341381 0.959187
vt 0.311432 0.959184
vt 0.341381 0.979726
vt 0.311432 0.979723
vt 0.281473 0.895062
vt 0.251524 0.919055
vt 0.251524 0.895059
vt 0.913698 0.182274
vt 0.918536 0.131188
vt 0.916150 0.150872
vt 0.783103 0.220536
vt 0.785485 0.200394
vt 0.913761 0.223532
vt 0.916149 0.223532
vt 0.079521 0.965673
vt 0.049571 0.948857
vt 0.079519 0.948866
vt 0.903524 0.980538
vt 0.920109 0.948018
vt 0.920109 0.980523
vt 0.311434 0.895059
vt 0.341375 0.915579
vt 0.311427 0.915572
vt 0.311430 0.928410
vt 0.341379 0.928418
vt 0.311434 0.939421
vt 0.341382 0.939429
vt 0.835250 0.836851
vt 0.865190 0.858610
vt 0.835241 0.858597
vt 0.865177 0.877304
vt 0.835228 0.877291
vt 0.049572 0.984613
vt 0.079521 0.984622
vt 0.913738 0.260725
vt 0.911363 0.270561
vt 0.911351 0.260725
vt 0.905329 0.222321
vt 0.902883 0.200351
vt 0.900494 0.178590
vt 0.905350 0.189455
vt 0.907739 0.168978
vt 0.835240 0.888949
vt 0.865199 0.903298
vt 0.835250 0.903286
vt 0.801939 0.925692
vt 0.831886 0.945993
vt 0.801937 0.945993
vt 0.831888 0.967484
vt 0.801939 0.967484
vt 0.161665 0.930032
vt 0.131724 0.945608
vt 0.131716 0.930022
vt 0.131710 0.912969
vt 0.161658 0.912979
vt 0.131724 0.895059
vt 0.161673 0.895069
vt 0.817538 0.967484
vt 0.801937 0.999992
vt 0.801937 0.967488
vt 0.865189 0.888961
vt 0.913758 0.033083
vt 0.916149 0.013245
vt 0.916145 0.033083
vt 0.918537 0.150872
vt 0.783098 0.200394
vt 0.785483 0.179940
vt 0.900540 0.029636
vt 0.902942 0.013245
vt 0.902927 0.029636
vt 0.742039 0.946433
vt 0.771988 0.968655
vt 0.742039 0.968643
vt 0.865177 0.982686
vt 0.835228 0.963298
vt 0.865177 0.963303
vt 0.835226 0.946588
vt 0.865175 0.946592
vt 0.853780 0.213015
vt 0.883731 0.234407
vt 0.853782 0.234402
vt 0.883731 0.256265
vt 0.853782 0.256260
vt 0.371332 0.939065
vt 0.401283 0.958862
vt 0.371334 0.958861
vt 0.401283 0.979409
vt 0.371334 0.979408
vt 0.771985 0.925704
vt 0.742036 0.925692
vt 0.910160 0.130569
vt 0.907773 0.130569
vt 0.161674 0.943460
vt 0.191623 0.943458
vt 0.913726 0.044579
vt 0.911329 0.062544
vt 0.911339 0.044579
vt 0.709522 0.476767
vt 0.694910 0.518009
vt 0.694910 0.499130
vt 0.692640 0.805741
vt 0.688138 0.787505
vt 0.704437 0.781500
vt 0.840546 0.344260
vt 0.848913 0.328424
vt 0.848913 0.344269
vt 0.853797 0.000000
vt 0.887304 0.135322
vt 0.870555 0.009302
vt 0.878924 0.000000
vt 0.853781 0.090102
vt 0.878915 0.061764
vt 0.878920 0.153489
vt 0.878924 0.169641
vt 0.870553 0.153489
vt 0.853785 0.175077
vt 0.862164 0.208433
vt 0.853800 0.213015
vt 0.580795 0.897818
vt 0.605165 0.924676
vt 0.621033 0.963349
vt 0.845362 0.254673
vt 0.853730 0.243496
vt 0.853729 0.254678
vt 0.845363 0.263774
vt 0.853730 0.267140
vt 0.895687 0.070190
vt 0.845391 0.223271
vt 0.895695 0.018663
vt 0.887328 0.018658
vt 0.895702 0.000006
vt 0.401291 0.976451
vt 0.409653 0.958104
vt 0.409657 0.976446
vt 0.845365 0.106454
vt 0.409653 0.908708
vt 0.401286 0.908713
vt 0.409657 0.895059
vt 0.862172 0.175113
vt 0.870536 0.160347
vt 0.870539 0.175113
vt 0.845401 0.019947
vt 0.853780 0.006299
vt 0.892121 0.231686
vt 0.892121 0.213016
vt 0.900488 0.231686
vt 0.870531 0.071173
vt 0.902942 0.091699
vt 0.911309 0.013245
vt 0.911309 0.091708
vt 0.903532 0.855175
vt 0.911896 0.836851
vt 0.911899 0.855173
vt 0.883759 0.213015
vt 0.883731 0.269315
vt 0.887320 0.008053
vt 0.878950 0.000000
vt 0.911901 0.904449
vt 0.883739 0.325453
vt 0.892106 0.325450
vt 0.883748 0.344020
vt 0.815419 0.265646
vt 0.800510 0.283541
vt 0.800494 0.265646
vt 0.830380 0.085089
vt 0.815449 0.103770
vt 0.815454 0.085088
vt 0.830375 0.103772
vt 0.815445 0.123634
vt 0.830370 0.123636
vt 0.815441 0.144340
vt 0.830366 0.144342
vt 0.815438 0.165534
vt 0.830364 0.165535
vt 0.815436 0.186852
vt 0.830362 0.186854
vt 0.815435 0.207931
vt 0.830361 0.207933
vt 0.815435 0.228410
vt 0.830361 0.228411
vt 0.815436 0.247938
vt 0.830362 0.247939
vt 0.815438 0.266180
vt 0.830364 0.266182
vt 0.815441 0.282826
vt 0.830366 0.282828
vt 0.815445 0.297590
vt 0.830370 0.297592
vt 0.815449 0.310220
vt 0.830375 0.310222
vt 0.815454 0.320499
vt 0.830437 0.267892
vt 0.845349 0.257654
vt 0.845362 0.267894
vt 0.830423 0.257652
vt 0.845337 0.245060
vt 0.830411 0.245057
vt 0.845327 0.230327
vt 0.830401 0.230325
vt 0.845318 0.213709
vt 0.830393 0.213707
vt 0.845312 0.195489
vt 0.830386 0.195486
vt 0.845307 0.175978
vt 0.830382 0.175976
vt 0.845305 0.155512
vt 0.830380 0.155510
vt 0.845305 0.134440
vt 0.830380 0.134438
vt 0.845307 0.113122
vt 0.830382 0.113120
vt 0.845312 0.091923
vt 0.830386 0.091921
vt 0.845318 0.071207
vt 0.830393 0.071205
vt 0.845327 0.051327
vt 0.830401 0.051325
vt 0.845337 0.032624
vt 0.830411 0.032622
vt 0.845349 0.015418
vt 0.830423 0.015415
vt 0.845362 0.000002
vt 0.785538 0.282867
vt 0.800460 0.266189
vt 0.800463 0.282867
vt 0.785534 0.266189
vt 0.800457 0.247920
vt 0.785532 0.247920
vt 0.800455 0.228372
vt 0.785530 0.228371
vt 0.800454 0.207879
vt 0.785528 0.207879
vt 0.800453 0.186792
vt 0.785528 0.186792
vt 0.800454 0.165473
vt 0.785528 0.165472
vt 0.800455 0.144285
vt 0.785530 0.144284
vt 0.800457 0.123591
vt 0.785532 0.123591
vt 0.800460 0.103746
vt 0.785534 0.103745
vt 0.800463 0.085088
vt 0.815435 0.085088
vt 0.800494 0.102649
vt 0.800510 0.085088
vt 0.815419 0.102648
vt 0.800480 0.121638
vt 0.815406 0.121637
vt 0.800471 0.141730
vt 0.815396 0.141730
vt 0.800465 0.162583
vt 0.815391 0.162582
vt 0.800463 0.183839
vt 0.815389 0.183838
vt 0.800465 0.205134
vt 0.815391 0.205133
vt 0.800471 0.226104
vt 0.815396 0.226104
vt 0.800480 0.246390
vt 0.815406 0.246390
vt 0.414903 0.540372
vt 0.429515 0.499130
vt 0.429515 0.518009
vt 0.815441 0.344923
vt 0.823803 0.341150
vt 0.823809 0.345251
vt 0.581127 0.016709
vt 0.582136 0.000000
vt 0.623024 0.008827
vt 0.997537 0.471601
vt 0.989275 0.500468
vt 0.986471 0.473990
vt 0.913708 0.081639
vt 0.911321 0.081639
vt 0.905358 0.295821
vt 0.907742 0.281640
vt 0.907745 0.295822
vt 0.905343 0.331079
vt 0.902962 0.342008
vt 0.910174 0.283685
vt 0.907804 0.302712
vt 0.913751 0.098714
vt 0.916140 0.076186
vt 0.916139 0.098714
vt 0.905332 0.284254
vt 0.913717 0.062544
vt 0.905362 0.307952
vt 0.907749 0.307953
vt 0.918536 0.090456
vt 0.905349 0.091709
vt 0.902956 0.111572
vt 0.902962 0.091708
vt 0.913752 0.076186
vt 0.916142 0.054183
vt 0.783125 0.101955
vt 0.785528 0.085088
vt 0.785512 0.101955
vt 0.905367 0.317825
vt 0.907754 0.317826
vt 0.783125 0.258517
vt 0.785512 0.258517
vt 0.900540 0.287192
vt 0.902915 0.273802
vt 0.902927 0.287192
vt 0.913698 0.121899
vt 0.913755 0.054183
vt 0.900496 0.133519
vt 0.902888 0.110980
vt 0.783112 0.120194
vt 0.785500 0.120194
vt 0.913738 0.028052
vt 0.911351 0.028052
vt 0.913751 0.121382
vt 0.783141 0.275706
vt 0.785528 0.275706
vt 0.900527 0.273801
vt 0.902904 0.258137
vt 0.905339 0.132692
vt 0.902948 0.154708
vt 0.902951 0.132692
vt 0.905354 0.281640
vt 0.900501 0.110980
vt 0.902895 0.088954
vt 0.783103 0.139494
vt 0.913751 0.013245
vt 0.911363 0.013245
vt 0.913726 0.248628
vt 0.911339 0.248628
vt 0.905362 0.109653
vt 0.907754 0.091708
vt 0.900517 0.258137
vt 0.905335 0.154708
vt 0.902945 0.177242
vt 0.910191 0.091708
vt 0.907787 0.110379
vt 0.907804 0.091708
vt 0.900508 0.088953
vt 0.900554 0.298080
vt 0.902942 0.298081
vt 0.918542 0.187197
vt 0.916158 0.203216
vt 0.913717 0.234477
vt 0.911329 0.234477
vt 0.905354 0.148621
vt 0.907742 0.148621
vt 0.918545 0.013245
vt 0.916158 0.013245
vt 0.905332 0.177242
vt 0.910174 0.110379
vt 0.900527 0.047930
vt 0.783096 0.179940
vt 0.905344 0.111572
vt 0.913708 0.218515
vt 0.905352 0.168978
vt 0.900501 0.221095
vt 0.903524 0.988703
vt 0.895157 0.915515
vt 0.903524 0.915494
vt 0.903524 0.836870
vt 0.895151 0.915494
vt 0.895157 0.836851
vt 0.575479 0.574029
vt 0.570909 0.652595
vt 0.567533 0.609117
vt 0.771858 0.057863
vt 0.763478 0.000000
vt 0.771845 0.000001
vt 0.780705 0.213481
vt 0.748266 0.200333
vt 0.780706 0.200337
vt 0.303506 0.684629
vt 0.338014 0.690134
vt 0.265498 0.690041
vt 0.731046 0.314352
vt 0.763491 0.327000
vt 0.731051 0.327001
vt 0.919682 0.270562
vt 0.911315 0.328716
vt 0.911309 0.270562
vt 0.819517 0.036730
vt 0.830376 0.023706
vt 0.830375 0.036731
vt 0.731045 0.127671
vt 0.741905 0.138212
vt 0.731046 0.138211
vt 0.731049 0.147009
vt 0.518611 0.739282
vt 0.503392 0.704448
vt 0.543630 0.769979
vt 0.903517 0.741153
vt 0.895145 0.662531
vt 0.903517 0.662535
vt 0.146841 0.652548
vt 0.115042 0.659833
vt 0.108296 0.657961
vt 0.548946 0.443110
vt 0.553516 0.364544
vt 0.556490 0.406171
vt 0.830375 0.049877
vt 0.903518 0.735441
vt 0.911885 0.662531
vt 0.911885 0.735446
vt 0.731059 0.338697
vt 0.436287 0.880292
vt 0.442944 0.897735
vt 0.419988 0.886298
vt 0.895152 0.752064
vt 0.903519 0.830462
vt 0.895152 0.830462
vt 0.743437 0.845950
vt 0.741183 0.859485
vt 0.714452 0.878359
vt 0.543546 0.326522
vt 0.602846 0.342945
vt 0.520359 0.337077
vt 0.000000 0.924371
vt 0.049566 0.933725
vt 0.000000 0.934836
vt 0.072860 0.948855
vt 0.049567 0.944881
vt 0.000004 0.950867
vt 0.000002 0.945703
vt 0.879958 0.328267
vt 0.000001 0.914662
vt 0.049565 0.924376
vt 0.879950 0.277981
vt 0.830391 0.270580
vt 0.879958 0.267894
vt 0.879946 0.290879
vt 0.830385 0.279041
vt 0.092674 0.895073
vt 0.113821 0.895059
vt 0.879945 0.301812
vt 0.830380 0.292098
vt 0.879946 0.311156
vt 0.830380 0.301807
vt 0.090550 0.948857
vt 0.131710 0.895068
vt 0.887320 0.160667
vt 0.870531 0.188557
vt 0.900492 0.298657
vt 0.840543 0.335534
vt 0.881939 0.891973
vt 0.881940 0.885884
vt 0.815436 0.341672
vt 0.881938 0.890234
vt 0.130995 0.949390
vt 0.122627 0.955076
vt 0.122628 0.948861
vt 0.036637 0.970673
vt 0.203154 0.943449
vt 0.087888 0.957907
vt 0.865199 0.886059
vt 0.862165 0.194778
vt 0.870531 0.194254
vt 0.870533 0.175558
vt 0.881939 0.899217
vt 0.832177 0.330650
vt 0.840546 0.328415
vt 0.832176 0.343606
vt 0.823809 0.337306
vt 0.832176 0.337974
vt 0.857283 0.343982
vt 0.253538 0.942370
vt 0.122627 0.961766
vt 0.130995 0.967649
vt 0.122628 0.968415
vt 0.900492 0.317442
vt 0.130994 0.961148
vt 0.857283 0.334486
vt 0.865652 0.328956
vt 0.865650 0.334942
vt 0.865203 0.899083
vt 0.857284 0.340765
vt 0.865652 0.341375
vt 0.087889 0.969692
vt 0.870533 0.197540
vt 0.832176 0.329062
vt 0.823809 0.328415
vt 0.815444 0.320500
vt 0.857283 0.328415
vt 0.780714 0.153734
vt 0.140739 0.052321
vt 0.133469 0.033272
vt 0.132628 0.011467
vt 0.152083 0.004686
vt 0.172056 0.000000
vt 0.181373 0.019340
vt 0.183852 0.039783
vt 0.206169 0.038195
vt 0.228486 0.039783
vt 0.230966 0.019340
vt 0.240283 0.000000
vt 0.260255 0.004686
vt 0.279711 0.011467
vt 0.278870 0.033272
vt 0.271600 0.052321
vt 0.291658 0.063057
vt 0.310254 0.076543
vt 0.321819 0.060185
vt 0.338797 0.048491
vt 0.353935 0.063388
vt 0.367661 0.079818
vt 0.356887 0.098245
vt 0.354240 0.130980
vt 0.364132 0.152750
vt 0.381684 0.144860
vt 0.401774 0.143947
vt 0.408021 0.165063
vt 0.412339 0.186740
vt 0.394519 0.196852
vt 0.375684 0.199543
vt 0.377147 0.223765
vt 0.375684 0.247987
vt 0.394519 0.250678
vt 0.412339 0.260789
vt 0.408021 0.282467
vt 0.401774 0.303583
vt 0.381684 0.302670
vt 0.364132 0.294779
vt 0.354240 0.316550
vt 0.341815 0.336733
vt 0.356887 0.349284
vt 0.367661 0.367711
vt 0.353935 0.384142
vt 0.338797 0.399039
vt 0.321819 0.387345
vt 0.310254 0.370987
vt 0.291658 0.384473
vt 0.271600 0.395209
vt 0.278870 0.414258
vt 0.279711 0.436063
vt 0.260256 0.442844
vt 0.240283 0.447530
vt 0.230966 0.428189
vt 0.228487 0.407747
vt 0.206169 0.409335
vt 0.183852 0.407747
vt 0.181373 0.428189
vt 0.172056 0.447530
vt 0.152083 0.442844
vt 0.132628 0.436063
vt 0.133469 0.414258
vt 0.140739 0.395209
vt 0.120681 0.384473
vt 0.102085 0.370987
vt 0.090520 0.387345
vt 0.073542 0.399039
vt 0.058404 0.384142
vt 0.044678 0.367712
vt 0.055452 0.349285
vt 0.070524 0.336733
vt 0.058099 0.316550
vt 0.048207 0.294779
vt 0.051917 0.268624
vt 0.058631 0.290093
vt 0.067870 0.310427
vt 0.079475 0.329278
vt 0.093248 0.346323
vt 0.108954 0.361272
vt 0.126322 0.373867
vt 0.145057 0.383895
vt 0.164837 0.391182
vt 0.185325 0.395606
vt 0.206169 0.397088
vt 0.227014 0.395606
vt 0.247501 0.391183
vt 0.267282 0.383895
vt 0.286017 0.373867
vt 0.303385 0.361272
vt 0.319090 0.346323
vt 0.145057 0.063635
vt 0.164837 0.056347
vt 0.185325 0.051924
vt 0.332864 0.329278
vt 0.206169 0.050441
vt 0.227014 0.051924
vt 0.344469 0.310427
vt 0.353708 0.290093
vt 0.247501 0.056347
vt 0.360422 0.268624
vt 0.364498 0.246388
vt 0.267282 0.063635
vt 0.286017 0.073662
vt 0.365864 0.223765
vt 0.303385 0.086258
vt 0.364498 0.201142
vt 0.360422 0.178905
vt 0.319090 0.101207
vt 0.332863 0.118252
vt 0.125215 0.785801
vt 0.148630 0.801727
vt 0.120681 0.832003
vt 0.102085 0.818517
vt 0.090520 0.834875
vt 0.073542 0.846568
vt 0.058403 0.831672
vt 0.044678 0.815241
vt 0.055452 0.796814
vt 0.070524 0.784262
vt 0.058098 0.764079
vt 0.048207 0.742309
vt 0.030655 0.750200
vt 0.010565 0.751113
vt 0.004317 0.729997
vt 0.000000 0.708319
vt 0.017820 0.698208
vt 0.036655 0.695516
vt 0.035192 0.671295
vt 0.036655 0.647073
vt 0.017820 0.644382
vt 0.000000 0.634270
vt 0.004317 0.612593
vt 0.010565 0.591476
vt 0.030655 0.592390
vt 0.048207 0.600280
vt 0.058098 0.578510
vt 0.070524 0.558327
vt 0.055452 0.545775
vt 0.044678 0.527348
vt 0.058403 0.510918
vt 0.073542 0.496021
vt 0.090520 0.507714
vt 0.102085 0.524072
vt 0.120681 0.510587
vt 0.140739 0.499851
vt 0.133469 0.480801
vt 0.132627 0.458996
vt 0.152083 0.452216
vt 0.172056 0.447530
vt 0.181373 0.466870
vt 0.183852 0.487313
vt 0.206169 0.485725
vt 0.228486 0.487313
vt 0.230966 0.466870
vt 0.240282 0.447530
vt 0.260255 0.452216
vt 0.279711 0.458996
vt 0.278870 0.480801
vt 0.271600 0.499851
vt 0.291658 0.510587
vt 0.310254 0.524072
vt 0.321819 0.507714
vt 0.338797 0.496021
vt 0.353935 0.510918
vt 0.367661 0.527348
vt 0.356887 0.545775
vt 0.341815 0.558327
vt 0.354240 0.578510
vt 0.364132 0.600280
vt 0.381683 0.592390
vt 0.401774 0.591476
vt 0.408021 0.612593
vt 0.412339 0.634270
vt 0.394519 0.644382
vt 0.375684 0.647073
vt 0.377147 0.671295
vt 0.375684 0.695516
vt 0.394519 0.698208
vt 0.412339 0.708319
vt 0.408021 0.729997
vt 0.401774 0.751113
vt 0.381683 0.750200
vt 0.364132 0.742309
vt 0.354240 0.764079
vt 0.341815 0.784262
vt 0.356887 0.796814
vt 0.367661 0.815241
vt 0.353935 0.831672
vt 0.338797 0.846568
vt 0.321819 0.834875
vt 0.310254 0.818517
vt 0.291658 0.832003
vt 0.271600 0.842739
vt 0.278870 0.861788
vt 0.279711 0.883593
vt 0.260255 0.890374
vt 0.240282 0.895060
vt 0.230966 0.875719
vt 0.228486 0.855277
vt 0.206169 0.856864
vt 0.233679 0.812791
vt 0.266484 0.800242
vt 0.295178 0.778905
vt 0.311671 0.759158
vt 0.326346 0.733745
vt 0.334621 0.708651
vt 0.314650 0.669039
vt 0.311286 0.661916
vt 0.305015 0.658361
vt 0.299339 0.658674
vt 0.294247 0.661715
vt 0.290428 0.669610
vt 0.268038 0.671295
vt 0.074325 0.652456
vt 0.097276 0.674813
vt 0.265657 0.652606
vt 0.338014 0.652456
vt 0.334621 0.633939
vt 0.324977 0.605833
vt 0.311671 0.583431
vt 0.300202 0.569237
vt 0.287124 0.556789
vt 0.263709 0.540862
vt 0.230644 0.529143
vt 0.206169 0.526963
vt 0.107021 0.767900
vt 0.178660 0.529798
vt 0.145855 0.542348
vt 0.087362 0.736757
vt 0.077718 0.708650
vt 0.117160 0.563684
vt 0.100667 0.583431
vt 0.085993 0.608845
vt 0.121465 0.672610
vt 0.144301 0.671295
vt 0.146651 0.689840
vt 0.117555 0.680875
vt 0.077718 0.633939
vt 0.112463 0.683915
vt 0.047841 0.246388
vt 0.030655 0.302670
vt 0.010565 0.303583
vt 0.004317 0.282467
vt 0.000000 0.260789
vt 0.017820 0.250678
vt 0.035192 0.223765
vt 0.036655 0.199543
vt 0.017820 0.196852
vt 0.000000 0.186740
vt 0.004317 0.165063
vt 0.010565 0.143947
vt 0.030655 0.144860
vt 0.058099 0.130980
vt 0.070524 0.110797
vt 0.055452 0.098245
vt 0.044678 0.079818
vt 0.058403 0.063388
vt 0.073542 0.048491
vt 0.090520 0.060185
vt 0.102085 0.076543
vt 0.120681 0.063057
vt 0.126322 0.073662
vt 0.108954 0.086258
vt 0.093248 0.101207
vt 0.079475 0.118252
vt 0.067870 0.137103
vt 0.058631 0.157437
vt 0.051917 0.178905
vt 0.047841 0.201142
vt 0.802822 0.784436
vt 0.791617 0.789473
vt 0.779721 0.792041
vt 0.767593 0.792041
vt 0.755697 0.789473
vt 0.767880 0.759905
vt 0.800975 0.744283
vt 0.821482 0.767815
vt 0.794173 0.752348
vt 0.194787 0.964147
vt 0.819517 0.055496
vt 0.780729 0.153741
vt 0.739904 0.181912
vt 0.780706 0.226229
vt 0.741903 0.122597
vt 0.780714 0.053139
vt 0.771871 0.343411
vt 0.731044 0.301235
vt 0.830380 0.000001
vt 0.779721 0.925692
vt 0.767593 0.925692
vt 0.755697 0.923124
vt 0.744492 0.918087
vt 0.756089 0.888516
vt 0.767880 0.893556
vt 0.791616 0.923124
vt 0.812906 0.910773
vt 0.802822 0.918087
vt 0.828220 0.890520
vt 0.821482 0.901465
vt 0.835228 0.865448
vt 0.832862 0.878359
vt 0.835228 0.852285
vt 0.821482 0.816268
vt 0.828220 0.827213
vt 0.802822 0.799647
vt 0.812906 0.806960
vt 0.791617 0.794609
vt 0.755697 0.794609
vt 0.776827 0.823936
vt 0.766763 0.824418
vt 0.785558 0.826067
vt 0.779984 0.893388
vt 0.796217 0.833507
vt 0.788902 0.889822
vt 0.797023 0.883352
vt 0.803442 0.844807
vt 0.805841 0.855426
vt 0.161673 0.919192
vt 0.887320 0.118167
vt 0.780736 0.343411
vt 0.900490 0.169646
vt 0.865188 0.769335
vt 0.092674 0.948861
vt 0.036636 0.984621
vt 0.865197 0.789268
vt 0.865177 0.903300
vt 0.865181 0.944996
vt 0.913752 0.165591
vt 0.191623 0.919180
vt 0.251527 0.943001
vt 0.771988 0.925695
vt 0.018357 0.984613
vt 0.744492 0.784436
vt 0.734408 0.777122
vt 0.725832 0.767815
vt 0.719094 0.756869
vt 0.714452 0.744708
vt 0.712086 0.731798
vt 0.712086 0.718634
vt 0.714452 0.705724
vt 0.725832 0.682617
vt 0.734408 0.673309
vt 0.744492 0.665996
vt 0.755697 0.660958
vt 0.767593 0.658390
vt 0.779721 0.658390
vt 0.791616 0.660958
vt 0.802822 0.665996
vt 0.812906 0.673309
vt 0.821482 0.682617
vt 0.828220 0.693562
vt 0.832862 0.705724
vt 0.835228 0.718634
vt 0.835228 0.731798
vt 0.832862 0.744708
vt 0.828220 0.756870
vt 0.804604 0.735405
vt 0.758412 0.756171
vt 0.806132 0.724598
vt 0.803442 0.711157
vt 0.751097 0.750576
vt 0.743872 0.739275
vt 0.798656 0.702949
vt 0.741473 0.728656
vt 0.791225 0.695566
vt 0.783045 0.691628
vt 0.741695 0.718946
vt 0.745136 0.708670
vt 0.773087 0.689970
vt 0.832102 0.967495
vt 0.903519 0.751975
vt 0.895148 0.877538
vt 0.895136 0.658390
vt 0.281473 0.974878
vt 0.251521 0.918797
vt 0.865199 0.789268
vt 0.371335 0.939061
vt 0.131712 0.983619
vt 0.910142 0.196704
vt 0.736091 0.589138
vt 0.726655 0.571400
vt 0.714549 0.532694
vt 0.712086 0.512388
vt 0.712086 0.491907
vt 0.719434 0.451817
vt 0.726655 0.432895
vt 0.736091 0.415157
vt 0.747578 0.398908
vt 0.760922 0.384426
vt 0.775893 0.371958
vt 0.792236 0.361717
vt 0.809670 0.353879
vt 0.827898 0.348578
vt 0.832993 0.385360
vt 0.826740 0.390994
vt 0.747579 0.605387
vt 0.775894 0.632337
vt 0.760922 0.619869
vt 0.809671 0.650416
vt 0.792236 0.642578
vt 0.846608 0.658390
vt 0.827898 0.655717
vt 0.884188 0.655717
vt 0.865479 0.658390
vt 0.871258 0.617903
vt 0.877048 0.618445
vt 0.866143 0.614530
vt 0.825381 0.398913
vt 0.863341 0.609004
vt 0.833722 0.410112
vt 0.839585 0.410594
vt 0.843973 0.436289
vt 0.850761 0.569118
vt 0.868113 0.568006
vt 0.873782 0.592334
vt 0.867951 0.594607
vt 0.863228 0.601550
vt 0.864741 0.646170
vt 0.827950 0.406073
vt 0.827605 0.442610
vt 0.813297 0.365475
vt 0.847346 0.646170
vt 0.797226 0.372700
vt 0.773709 0.388449
vt 0.823055 0.642257
vt 0.797227 0.631595
vt 0.750407 0.414172
vt 0.774986 0.616799
vt 0.736775 0.438311
vt 0.751285 0.591508
vt 0.733545 0.559036
vt 0.726951 0.466344
vt 0.722811 0.503827
vt 0.281478 0.916979
vt 0.895128 0.944996
vt 0.903524 0.948018
vt 0.865180 0.748044
vt 0.835233 0.681961
vt 0.191622 0.982613
vt 0.371331 0.939318
vt 0.341382 0.939344
vt 0.181373 0.875719
vt 0.172056 0.895060
vt 0.152083 0.890374
vt 0.132627 0.883593
vt 0.133469 0.861788
vt 0.181695 0.813446
vt 0.905329 0.244095
vt 0.895144 0.741212
vt 0.281474 0.979411
vt 0.341375 0.939431
vt 0.049572 0.965664
vt 0.903524 0.948033
vt 0.341382 0.895067
vt 0.865199 0.836864
vt 0.913751 0.270562
vt 0.900496 0.200351
vt 0.831887 0.925692
vt 0.161673 0.945618
vt 0.817538 0.999989
vt 0.913761 0.013245
vt 0.900554 0.013245
vt 0.771988 0.946446
vt 0.835228 0.982682
vt 0.883729 0.213020
vt 0.401281 0.939065
vt 0.583272 0.445417
vt 0.566259 0.441564
vt 0.565698 0.416357
vt 0.573621 0.415633
vt 0.579957 0.408563
vt 0.580352 0.400519
vt 0.588156 0.367011
vt 0.576945 0.393785
vt 0.569656 0.390335
vt 0.552389 0.345905
vt 0.572036 0.345905
vt 0.591514 0.348688
vt 0.610491 0.354207
vt 0.628642 0.362367
vt 0.645657 0.373028
vt 0.661243 0.386009
vt 0.675135 0.401087
vt 0.687095 0.418004
vt 0.696919 0.436470
vt 0.704437 0.456170
vt 0.712086 0.497908
vt 0.712086 0.519231
vt 0.709522 0.540372
vt 0.704437 0.560968
vt 0.696919 0.580669
vt 0.687095 0.599135
vt 0.675135 0.616052
vt 0.661243 0.631130
vt 0.645657 0.644110
vt 0.628642 0.654772
vt 0.610491 0.662932
vt 0.591514 0.668451
vt 0.572036 0.671234
vt 0.588156 0.650128
vt 0.604958 0.645242
vt 0.604958 0.371897
vt 0.621029 0.379122
vt 0.621029 0.638017
vt 0.636094 0.628577
vt 0.636094 0.388562
vt 0.649894 0.617084
vt 0.662194 0.603734
vt 0.649894 0.400055
vt 0.662194 0.413405
vt 0.672784 0.588756
vt 0.672784 0.428383
vt 0.681481 0.572406
vt 0.688138 0.554963
vt 0.681481 0.444733
vt 0.688138 0.462175
vt 0.692640 0.536727
vt 0.692640 0.480412
vt 0.709522 0.802096
vt 0.712086 0.823237
vt 0.712086 0.844560
vt 0.709522 0.865701
vt 0.704437 0.886298
vt 0.696919 0.905998
vt 0.687095 0.924464
vt 0.675135 0.941381
vt 0.661243 0.956459
vt 0.645657 0.969440
vt 0.628642 0.980101
vt 0.621432 0.934439
vt 0.627844 0.928720
vt 0.687095 0.743333
vt 0.696919 0.761800
vt 0.661243 0.711338
vt 0.675135 0.726416
vt 0.628642 0.687696
vt 0.645657 0.698358
vt 0.591514 0.674017
vt 0.610491 0.679536
vt 0.552389 0.671234
vt 0.572036 0.671234
vt 0.513934 0.679536
vt 0.532911 0.674017
vt 0.495783 0.687696
vt 0.519467 0.697226
vt 0.629200 0.921032
vt 0.536269 0.692340
vt 0.618702 0.908829
vt 0.611275 0.910569
vt 0.596585 0.889731
vt 0.553515 0.689876
vt 0.626887 0.913904
vt 0.570910 0.689876
vt 0.609445 0.877277
vt 0.649894 0.942413
vt 0.588156 0.692340
vt 0.613167 0.700384
vt 0.662194 0.929063
vt 0.636094 0.713891
vt 0.672783 0.914085
vt 0.685228 0.889202
vt 0.649894 0.725384
vt 0.662194 0.738734
vt 0.692640 0.862056
vt 0.694910 0.843338
vt 0.672783 0.753712
vt 0.694910 0.824459
vt 0.681481 0.770062
vt 0.862164 0.000001
vt 0.878937 0.135322
vt 0.862148 0.090103
vt 0.870551 0.169646
vt 0.862152 0.175078
vt 0.606330 0.915812
vt 0.615755 0.935122
vt 0.609367 0.932383
vt 0.845363 0.243491
vt 0.887320 0.070185
vt 0.887329 0.000000
vt 0.401286 0.958108
vt 0.853732 0.106455
vt 0.401290 0.895064
vt 0.862169 0.160346
vt 0.845419 0.000000
vt 0.900494 0.213015
vt 0.862164 0.071172
vt 0.902942 0.013245
vt 0.903529 0.836853
vt 0.892121 0.219162
vt 0.892098 0.269313
vt 0.892121 0.344019
vt 0.815435 0.283541
vt 0.830380 0.320500
vt 0.830437 0.000000
vt 0.785538 0.085088
vt 0.541292 0.571768
vt 0.558166 0.575574
vt 0.557901 0.599916
vt 0.549793 0.601568
vt 0.545006 0.607222
vt 0.543815 0.613254
vt 0.536269 0.650128
vt 0.545204 0.619379
vt 0.550498 0.624950
vt 0.557489 0.626129
vt 0.552389 0.671234
vt 0.532911 0.668451
vt 0.513934 0.662932
vt 0.495783 0.654772
vt 0.478769 0.644110
vt 0.463182 0.631130
vt 0.449290 0.616052
vt 0.437330 0.599135
vt 0.427507 0.580668
vt 0.419988 0.560968
vt 0.412339 0.519231
vt 0.412339 0.497908
vt 0.414903 0.476767
vt 0.419988 0.456170
vt 0.427507 0.436470
vt 0.437330 0.418004
vt 0.449290 0.401087
vt 0.463182 0.386009
vt 0.478769 0.373028
vt 0.495783 0.362367
vt 0.513934 0.354207
vt 0.532911 0.348688
vt 0.536269 0.367011
vt 0.519467 0.371897
vt 0.519467 0.645242
vt 0.503396 0.638017
vt 0.503396 0.379122
vt 0.488331 0.388562
vt 0.488331 0.628577
vt 0.474531 0.400055
vt 0.462231 0.413405
vt 0.474531 0.617084
vt 0.462231 0.603734
vt 0.451642 0.428383
vt 0.451642 0.588756
vt 0.442944 0.444733
vt 0.436287 0.462175
vt 0.442944 0.572406
vt 0.436287 0.554963
vt 0.431785 0.480412
vt 0.431785 0.536727
vt 0.618064 0.024684
vt 0.599836 0.019383
vt 0.562256 0.016709
vt 0.561247 0.000000
vt 0.602846 0.002959
vt 0.865479 0.345905
vt 0.884188 0.348578
vt 0.902416 0.353879
vt 0.919850 0.361717
vt 0.936193 0.371958
vt 0.951164 0.384426
vt 0.964508 0.398908
vt 0.975996 0.415157
vt 0.985431 0.432895
vt 0.992653 0.451817
vt 1.000000 0.491907
vt 1.000000 0.512388
vt 0.997537 0.532694
vt 0.992653 0.552478
vt 0.985431 0.571400
vt 0.975996 0.589138
vt 0.964508 0.605386
vt 0.951164 0.619869
vt 0.936193 0.632337
vt 0.919850 0.642578
vt 0.902416 0.650416
vt 0.882474 0.615702
vt 0.886106 0.610778
vt 0.846608 0.345905
vt 0.841339 0.384948
vt 0.886974 0.603159
vt 0.848454 0.391659
vt 0.849114 0.401864
vt 0.879910 0.593329
vt 0.861326 0.435177
vt 0.844938 0.407912
vt 0.884447 0.597271
vt 0.847346 0.358125
vt 0.884482 0.561685
vt 0.864741 0.358125
vt 0.898789 0.638820
vt 0.889032 0.362038
vt 0.914860 0.631595
vt 0.914860 0.372700
vt 0.937100 0.387496
vt 0.938377 0.615846
vt 0.961679 0.590123
vt 0.960801 0.412787
vt 0.975312 0.565984
vt 0.978541 0.445259
vt 0.985136 0.537951
vt 0.905349 0.342008
vt 0.910191 0.302712
vt 0.783141 0.085088
vt 0.905367 0.091708
vt 0.918545 0.203216
vt 0.895151 0.988693
vt 0.903524 0.915492
vt 0.564182 0.603461
vt 0.564651 0.622463
vt 0.567794 0.615419
vt 0.292350 0.678365
vt 0.296760 0.682756
vt 0.314150 0.675323
vt 0.311043 0.680875
vt 0.919681 0.328794
vt 0.527840 0.778066
vt 0.515973 0.756479
vt 0.519452 0.751715
vt 0.520365 0.745295
vt 0.508619 0.733133
vt 0.500774 0.735785
vt 0.514200 0.734891
vt 0.895150 0.741212
vt 0.097932 0.666248
vt 0.119260 0.663968
vt 0.101475 0.661134
vt 0.560279 0.413097
vt 0.563559 0.391531
vt 0.558139 0.396472
vt 0.903517 0.662570
vt 0.763504 0.343252
vt 0.414903 0.865701
vt 0.412339 0.844560
vt 0.412339 0.823237
vt 0.414903 0.802096
vt 0.419988 0.781500
vt 0.427507 0.761799
vt 0.437330 0.743333
vt 0.449290 0.726416
vt 0.463182 0.711338
vt 0.478769 0.698358
vt 0.496098 0.744668
vt 0.437330 0.924464
vt 0.427507 0.905998
vt 0.463182 0.956459
vt 0.449290 0.941381
vt 0.495783 0.980101
vt 0.478769 0.969439
vt 0.532911 0.993780
vt 0.513934 0.988261
vt 0.572036 0.996563
vt 0.552389 0.996563
vt 0.610491 0.988261
vt 0.591514 0.993780
vt 0.604958 0.970571
vt 0.510989 0.759253
vt 0.588156 0.975457
vt 0.503639 0.758606
vt 0.570910 0.977921
vt 0.514980 0.790520
vt 0.498020 0.753423
vt 0.474531 0.725384
vt 0.553515 0.977921
vt 0.462231 0.738734
vt 0.536269 0.975457
vt 0.511258 0.967413
vt 0.451642 0.753712
vt 0.488331 0.953906
vt 0.439197 0.778595
vt 0.431785 0.805741
vt 0.474531 0.942413
vt 0.462231 0.929063
vt 0.429515 0.824459
vt 0.451641 0.914085
vt 0.429515 0.843338
vt 0.431785 0.862056
vt 0.903519 0.751972
vt 0.712086 0.865448
vt 0.712086 0.852285
vt 0.714453 0.839374
vt 0.719094 0.827213
vt 0.725832 0.816268
vt 0.734408 0.806960
vt 0.744492 0.799647
vt 0.755142 0.829904
vt 0.748658 0.836600
vt 0.725832 0.901465
vt 0.719094 0.890520
vt 0.734408 0.910773
vt 0.746972 0.878962
vt 0.742710 0.869056
vt 0.635499 0.032522
vt 0.642322 0.017503
vt 0.660413 0.028839
vt 0.676985 0.042641
vt 0.691756 0.058672
vt 0.704472 0.076659
vt 0.714917 0.096293
vt 0.722911 0.117239
vt 0.728317 0.139139
vt 0.731044 0.161617
vt 0.731044 0.184288
vt 0.728317 0.206766
vt 0.722911 0.228665
vt 0.714917 0.249611
vt 0.704472 0.269246
vt 0.691756 0.287233
vt 0.676985 0.303264
vt 0.660413 0.317066
vt 0.642322 0.328401
vt 0.623023 0.337078
vt 0.582136 0.345905
vt 0.561247 0.345905
vt 0.540536 0.342945
vt 0.501060 0.328401
vt 0.482970 0.317065
vt 0.466397 0.303264
vt 0.451627 0.287232
vt 0.438910 0.269246
vt 0.428466 0.249611
vt 0.420472 0.228665
vt 0.415065 0.206766
vt 0.412339 0.184288
vt 0.412339 0.161616
vt 0.415065 0.139139
vt 0.420472 0.117239
vt 0.428466 0.096293
vt 0.438910 0.076659
vt 0.451627 0.058672
vt 0.466398 0.042641
vt 0.482970 0.028839
vt 0.501060 0.017503
vt 0.520359 0.008827
vt 0.540537 0.002959
vt 0.543547 0.019383
vt 0.651841 0.042762
vt 0.666812 0.055231
vt 0.525319 0.024684
vt 0.507884 0.032522
vt 0.680156 0.069713
vt 0.491542 0.042762
vt 0.691644 0.085962
vt 0.701079 0.103700
vt 0.476570 0.055231
vt 0.463227 0.069713
vt 0.708301 0.122622
vt 0.451739 0.085962
vt 0.713185 0.142406
vt 0.715648 0.162712
vt 0.442303 0.103700
vt 0.435082 0.122622
vt 0.715648 0.183193
vt 0.430198 0.142405
vt 0.427734 0.162712
vt 0.713185 0.203499
vt 0.708301 0.223283
vt 0.427734 0.183193
vt 0.701079 0.242205
vt 0.691644 0.259943
vt 0.430198 0.203499
vt 0.435082 0.223283
vt 0.680156 0.276192
vt 0.442303 0.242205
vt 0.666812 0.290674
vt 0.651841 0.303142
vt 0.451739 0.259942
vt 0.463227 0.276191
vt 0.635498 0.313383
vt 0.476570 0.290674
vt 0.491542 0.303142
vt 0.618064 0.321221
vt 0.599836 0.326522
vt 0.507884 0.313383
vt 0.581127 0.329195
vt 0.562256 0.329195
vt 0.525319 0.321221
vt 0.049571 0.952108
vt 0.049566 0.913442
vt 0.830381 0.312265
vt 0.092674 0.895062
vt 0.892126 0.298081
vt 0.130994 0.955082
vt 0.045004 0.971524
vt 0.862166 0.175113
vt 0.823810 0.345251
vt 0.857285 0.328415
s 1
g off
g Gear.000_Material.002
usemtl Material.002
f 720/1/1 689/2/2 688/3/3
f 736/4/4 702/5/5 703/6/6
f 518/7/7 117/8/7 520/9/7
f 804/10/8 815/11/8 334/12/8
f 565/13/7 573/14/7 568/15/7
f 66/16/9 507/17/10 67/18/11
f 79/19/12 341/20/13 78/21/14
f 90/22/15 516/23/16 91/24/17
f 77/25/18 336/26/19 56/27/20
f 68/28/21 511/29/22 89/30/23
f 101/31/24 347/32/25 100/33/26
f 103/34/27 348/35/28 102/36/29
f 112/37/30 519/38/31 113/39/32
f 126/40/33 354/41/34 125/42/35
f 149/43/36 359/44/37 148/45/38
f 160/46/39 537/47/40 161/48/41
f 147/49/42 355/50/43 127/51/44
f 138/52/45 532/53/46 159/54/47
f 171/55/48 365/56/49 170/57/50
f 182/58/51 540/59/52 183/60/53
f 184/61/54 543/62/55 185/63/56
f 206/64/57 547/65/58 207/66/59
f 230/67/60 556/68/61 231/69/62
f 217/70/63 374/71/64 196/72/65
f 208/73/66 551/74/67 229/75/68
f 241/76/69 386/77/70 240/78/71
f 243/79/72 387/80/73 242/81/74
f 252/82/75 559/83/76 253/84/77
f 266/85/78 393/86/79 265/87/80
f 289/88/81 398/89/82 288/90/83
f 300/91/84 577/92/85 301/93/86
f 287/94/87 394/95/88 267/96/89
f 278/97/90 572/98/91 299/99/92
f 311/100/93 404/101/94 310/102/95
f 321/103/96 580/104/97 322/105/98
f 323/106/99 583/107/100 324/108/101
f 25/109/7 28/110/7 723/111/7
f 48/112/102 755/113/103 51/114/104
f 30/115/105 749/116/106 33/117/107
f 33/117/107 750/118/108 35/119/109
f 12/120/110 742/121/111 15/122/112
f 15/123/112 743/124/113 18/125/114
f 20/126/115 745/127/116 23/128/117
f 25/129/118 747/130/119 28/131/120
f 801/132/121 792/133/121 800/134/121
f 785/135/122 769/136/122 784/137/122
f 807/138/123 797/139/123 805/140/123
f 759/141/124 771/142/124 758/143/124
f 830/144/125 833/145/125 829/146/125
f 777/147/126 776/148/126 778/149/126
f 826/150/127 838/151/127 828/152/127
f 811/153/128 822/154/128 810/155/128
f 802/156/129 804/157/129 803/158/129
f 779/159/130 788/160/130 780/161/130
f 787/162/131 786/163/131 788/164/131
f 814/165/132 800/134/132 813/166/132
f 797/139/133 796/167/133 795/168/133
f 765/169/134 758/170/134 766/171/134
f 757/172/135 764/173/135 767/174/135
f 792/175/136 791/176/136 790/177/136
f 839/178/137 827/179/137 841/180/137
f 770/181/138 782/182/138 769/136/138
f 816/183/139 815/184/140 806/185/141
f 798/186/142 799/187/142 786/188/142
f 793/189/143 803/190/143 794/191/143
f 774/192/144 778/193/144 773/194/144
f 816/195/145 805/140/145 808/196/145
f 4/197/146 709/198/147 6/199/147
f 700/200/148 708/201/149 3/202/150
f 6/199/147 710/203/151 8/204/151
f 8/205/151 711/206/152 9/207/152
f 9/207/152 712/208/153 11/209/154
f 685/210/155 11/209/154 713/211/156
f 13/212/157 687/213/158 14/214/159
f 16/215/160 687/213/158 683/216/161
f 17/217/162 717/218/163 19/219/163
f 17/217/162 683/216/161 682/220/164
f 19/219/163 718/221/165 21/222/165
f 21/222/165 719/223/166 22/224/166
f 22/224/166 720/225/1 24/226/167
f 26/227/168 690/228/169 27/229/170
f 29/230/171 690/228/169 692/231/172
f 31/232/173 725/233/174 32/234/174
f 692/231/172 724/235/175 29/230/171
f 32/234/174 726/236/176 34/237/176
f 34/237/176 727/238/177 36/239/177
f 36/239/177 728/240/178 37/241/179
f 697/242/180 37/241/179 729/243/181
f 39/244/182 695/245/183 40/246/184
f 42/247/185 695/245/183 699/248/186
f 44/249/187 733/250/188 45/251/188
f 44/249/187 699/248/186 698/252/189
f 45/251/188 734/253/190 47/254/190
f 47/254/190 735/255/191 49/256/191
f 49/257/191 736/4/4 50/258/192
f 52/259/193 704/260/194 1/261/195
f 746/262/196 745/263/197 16/264/198
f 397/265/192 662/266/199 664/267/192
f 349/268/200 600/269/201 602/270/200
f 548/271/184 637/272/202 635/273/184
f 69/274/159 58/275/203 509/276/203
f 509/277/204 60/278/205 72/279/205
f 72/280/205 62/281/206 75/282/206
f 73/283/207 62/281/208 63/284/207
f 76/285/209 63/284/207 64/286/209
f 76/287/210 61/288/211 74/289/211
f 74/289/211 59/290/192 512/291/192
f 280/292/204 663/293/212 661/294/204
f 94/295/213 603/296/214 601/297/213
f 376/298/215 634/299/159 636/300/215
f 92/301/216 82/302/152 515/303/152
f 515/303/217 84/304/218 95/305/218
f 95/305/218 86/306/219 98/307/219
f 96/308/151 86/306/220 87/309/151
f 99/310/221 87/311/151 88/312/221
f 99/310/222 85/313/223 97/314/223
f 97/315/223 83/316/224 518/317/224
f 59/318/225 92/301/216 512/319/225
f 396/320/199 660/321/226 662/266/199
f 523/322/227 609/323/228 607/324/227
f 368/325/229 624/326/230 626/327/229
f 568/328/170 661/294/204 659/329/170
f 521/330/231 104/331/214 105/332/231
f 119/333/232 105/334/233 107/335/232
f 119/333/232 109/336/234 122/337/234
f 122/338/235 110/339/227 120/340/227
f 120/340/227 111/341/236 123/342/236
f 123/343/237 108/344/238 121/345/238
f 121/345/238 106/346/239 525/347/239
f 83/348/147 116/349/214 518/350/147
f 352/351/240 606/352/241 608/353/240
f 164/354/224 627/355/242 625/356/224
f 395/357/226 658/358/195 660/321/226
f 605/359/146 523/322/227 607/324/227
f 139/360/195 129/361/243 529/362/243
f 529/363/215 131/364/244 142/365/244
f 142/365/244 133/366/245 145/367/245
f 143/368/199 133/369/246 134/370/199
f 146/371/247 134/370/199 135/372/247
f 146/317/248 132/373/249 144/374/249
f 144/375/249 130/376/178 533/377/178
f 709/378/7 2/379/7 5/380/7
f 106/381/250 139/360/195 525/382/250
f 631/383/251 188/384/239 633/385/239
f 388/386/214 648/387/213 650/388/214
f 337/389/184 680/390/239 586/391/184
f 351/392/241 604/393/173 606/352/241
f 162/394/252 152/395/191 536/396/191
f 165/397/253 152/398/254 154/399/253
f 165/400/253 156/401/255 168/402/255
f 166/403/190 156/404/256 157/405/190
f 166/403/190 158/406/257 169/407/257
f 169/408/258 155/409/259 167/410/259
f 167/410/259 153/411/201 539/412/201
f 533/413/260 151/414/252 162/415/252
f 371/416/261 630/417/262 632/418/261
f 234/419/201 651/420/200 649/421/201
f 327/422/261 587/423/159 681/424/261
f 520/425/214 605/359/146 603/296/214
f 186/426/242 175/427/263 542/428/263
f 542/429/146 177/430/264 189/431/264
f 189/431/264 179/432/265 192/433/265
f 192/434/266 180/435/251 190/436/251
f 190/436/251 181/437/267 193/438/267
f 193/439/268 178/440/269 191/441/269
f 191/441/269 176/442/240 545/443/240
f 153/444/188 186/426/242 539/445/188
f 629/446/270 544/447/251 631/383/251
f 563/448/241 657/449/240 655/450/241
f 406/451/242 672/452/224 674/453/242
f 350/454/173 602/270/200 604/393/173
f 371/455/7 378/456/7 546/457/7
f 209/458/184 198/459/271 549/460/271
f 549/461/226 200/462/272 212/463/272
f 212/463/272 202/464/273 215/465/273
f 213/466/274 202/467/275 203/468/274
f 216/469/276 203/470/274 204/471/276
f 216/469/277 201/472/278 214/473/278
f 214/473/278 199/474/167 552/475/167
f 176/476/279 209/458/184 545/477/279
f 370/478/262 628/479/233 630/417/262
f 391/480/228 654/481/227 656/482/228
f 304/483/230 675/484/229 673/485/230
f 343/486/280 592/487/178 594/488/280
f 232/489/280 222/490/177 555/491/177
f 235/492/281 222/493/282 224/494/281
f 235/492/281 226/495/283 238/496/283
f 236/497/176 226/498/284 227/499/176
f 239/500/285 227/499/176 228/501/285
f 239/502/286 225/503/287 237/504/287
f 237/504/287 223/505/230 558/506/230
f 199/474/288 232/489/280 552/475/288
f 541/507/242 629/446/270 627/355/242
f 105/508/8 353/509/8 106/510/8
f 653/511/173 563/448/241 655/450/241
f 679/512/262 327/422/261 681/424/261
f 71/513/153 595/514/216 593/515/153
f 561/516/289 244/517/200 245/518/289
f 259/519/290 245/520/270 247/521/290
f 259/519/290 249/522/291 262/523/291
f 262/524/292 250/525/241 260/526/241
f 260/526/241 251/527/293 263/528/293
f 263/529/294 248/530/295 261/531/295
f 261/531/295 246/532/261 565/533/261
f 223/534/174 256/535/200 558/536/174
f 369/537/233 626/327/229 628/479/233
f 390/538/227 652/539/146 654/481/227
f 409/540/239 678/541/251 680/390/239
f 517/542/151 601/297/213 599/543/151
f 279/544/170 269/545/296 569/546/296
f 569/547/202 271/548/297 282/549/297
f 282/550/297 273/551/298 285/552/298
f 283/553/212 273/551/299 274/554/212
f 286/555/300 274/554/212 275/556/300
f 286/557/301 272/558/302 284/559/302
f 284/559/302 270/560/153 573/561/153
f 246/562/303 279/544/170 565/563/303
f 361/564/304 616/565/167 618/566/304
f 3/202/150 704/260/194 700/200/148
f 560/567/200 653/511/173 651/420/200
f 677/568/233 584/569/262 679/512/262
f 346/570/201 598/571/176 600/269/201
f 302/572/304 292/573/166 576/574/166
f 576/575/305 294/576/306 305/577/306
f 305/577/306 296/578/307 308/579/307
f 306/580/165 296/581/308 297/582/165
f 306/580/165 298/583/309 309/584/309
f 309/584/310 295/585/311 307/586/311
f 307/587/311 293/588/213 579/589/213
f 573/561/312 291/590/304 302/572/304
f 141/591/192 619/592/252 617/593/192
f 389/594/146 650/388/214 652/539/146
f 408/595/251 676/596/270 678/541/251
f 93/597/254 599/598/151 597/599/254
f 325/600/229 314/601/313 582/602/313
f 582/603/173 316/604/314 328/605/314
f 328/605/314 318/606/315 331/607/315
f 331/608/316 319/609/262 329/610/262
f 329/610/262 320/611/317 332/612/317
f 332/613/318 317/614/319 330/615/319
f 330/615/319 315/616/228 585/617/228
f 293/618/163 325/600/229 579/619/163
f 538/620/190 625/356/224 623/621/190
f 315/622/320 69/274/159 585/623/320
f 382/624/216 640/625/153 642/626/216
f 429/627/321 124/628/322 103/629/323
f 322/630/324 323/631/325 500/632/326
f 54/633/327 335/634/328 334/635/327
f 335/636/328 56/27/20 336/26/19
f 66/16/9 506/637/329 507/17/10
f 511/29/22 67/638/11 507/639/10
f 336/26/19 78/21/14 341/20/13
f 79/19/12 342/640/330 341/20/13
f 513/641/331 90/22/15 89/30/23
f 89/30/23 511/29/22 513/641/331
f 347/32/25 102/36/29 348/35/28
f 522/642/332 113/39/32 519/38/31
f 524/643/333 114/644/334 522/642/332
f 342/640/330 100/33/26 347/32/25
f 519/38/31 91/24/17 516/23/16
f 353/645/335 125/42/35 354/41/34
f 354/41/34 127/646/44 355/647/43
f 692/648/336 776/649/337 255/650/338
f 137/651/212 527/652/339 530/653/340
f 138/654/45 530/653/340 532/655/46
f 103/34/27 353/645/335 348/35/28
f 355/50/43 148/45/38 359/44/37
f 149/43/36 360/656/341 359/44/37
f 534/657/342 160/46/39 159/54/47
f 159/54/47 532/53/46 534/657/342
f 171/55/48 366/658/343 365/56/49
f 172/659/262 367/660/344 366/658/343
f 543/62/55 183/60/53 540/59/52
f 360/656/341 170/57/50 365/56/49
f 540/59/52 161/48/41 537/47/40
f 194/661/345 373/662/346 372/663/345
f 373/662/346 196/72/65 374/71/64
f 206/64/57 546/664/347 547/65/58
f 551/74/67 207/66/59 547/65/58
f 546/664/347 185/63/56 543/62/55
f 217/70/63 379/665/348 374/71/64
f 218/666/254 380/667/151 379/665/348
f 219/668/151 381/669/349 380/670/151
f 553/671/350 230/672/60 229/75/68
f 229/75/68 551/74/67 553/671/350
f 386/77/70 242/81/74 387/80/73
f 562/673/351 253/84/77 559/83/76
f 564/674/352 254/675/353 562/673/351
f 381/669/349 240/78/71 386/77/70
f 559/83/76 231/69/62 556/68/61
f 392/676/354 265/87/80 393/86/79
f 393/86/79 267/96/89 394/95/88
f 689/677/355 276/678/356 688/679/357
f 277/680/199 567/681/358 570/682/359
f 278/97/90 570/682/359 572/98/91
f 243/79/72 392/676/354 387/80/73
f 394/683/88 288/90/83 398/89/82
f 289/88/81 399/684/360 398/89/82
f 574/685/361 300/91/84 299/686/92
f 299/99/92 572/98/91 574/687/361
f 311/100/93 405/688/362 404/101/94
f 312/689/251 333/690/363 405/688/362
f 583/107/100 322/105/98 580/104/97
f 399/684/360 310/102/95 404/101/94
f 580/104/97 301/93/86 577/92/85
f 506/637/329 324/108/101 583/107/100
f 411/691/202 413/692/274 410/693/202
f 412/694/274 415/695/178 413/696/274
f 414/697/178 417/698/280 415/695/178
f 416/699/280 419/700/305 417/698/280
f 418/701/305 421/702/176 419/700/305
f 420/703/176 423/704/201 421/702/176
f 422/705/201 425/706/200 423/704/201
f 424/707/200 427/708/173 425/706/200
f 426/709/173 429/710/241 427/708/173
f 428/711/241 431/712/240 429/710/241
f 430/713/240 433/714/170 431/712/240
f 432/715/170 435/716/204 433/714/170
f 434/717/204 437/718/212 435/716/204
f 436/719/212 439/720/167 437/718/212
f 438/721/167 441/722/304 439/723/167
f 440/724/304 443/725/217 441/722/304
f 442/726/217 445/727/165 443/725/217
f 444/728/165 447/729/230 445/727/165
f 446/730/230 449/731/229 447/729/230
f 448/732/229 451/733/233 449/731/229
f 450/734/233 453/735/262 451/733/233
f 452/736/262 455/737/261 453/735/262
f 454/738/261 457/739/159 455/737/261
f 456/740/159 459/741/215 457/739/159
f 458/742/215 461/743/207 459/741/215
f 460/744/207 463/745/153 461/743/207
f 462/746/153 465/747/216 463/745/153
f 464/748/216 467/749/254 465/747/216
f 466/750/254 469/751/151 467/749/254
f 468/752/151 471/753/213 469/754/151
f 470/755/213 473/756/214 471/753/213
f 472/757/214 475/758/146 473/756/214
f 474/759/146 477/760/227 475/758/146
f 476/761/227 479/762/228 477/760/227
f 478/763/228 481/764/195 479/762/228
f 480/765/195 483/766/226 481/764/195
f 482/767/226 485/768/199 483/766/226
f 484/769/199 487/770/192 485/768/199
f 486/771/192 489/772/252 487/770/192
f 488/773/252 491/774/282 489/775/252
f 490/776/282 493/777/190 491/774/282
f 492/778/190 495/779/224 493/777/190
f 494/780/224 497/781/242 495/779/224
f 496/782/242 499/783/270 497/781/242
f 498/784/270 501/785/251 499/783/270
f 500/786/251 503/787/239 501/785/251
f 502/788/239 505/789/184 503/787/239
f 504/790/184 410/693/202 505/789/184
f 477/791/364 264/792/365 243/793/366
f 824/794/367 812/795/368 822/796/369
f 674/797/7 675/798/7 679/799/7
f 337/800/7 507/801/7 506/802/7
f 377/803/207 636/300/215 638/804/207
f 356/805/204 610/806/170 612/807/204
f 571/808/212 665/809/167 663/293/212
f 210/810/202 639/811/274 637/272/202
f 528/812/195 613/813/226 611/814/195
f 258/815/240 659/329/170 657/449/240
f 378/816/153 638/804/207 640/625/153
f 357/817/212 612/807/204 614/818/212
f 566/819/195 656/482/228 658/358/195
f 550/820/274 641/821/178 639/822/274
f 140/823/226 615/824/199 613/813/226
f 401/825/282 666/826/252 668/827/282
f 188/384/239 635/273/184 633/385/239
f 358/828/167 614/818/212 616/829/167
f 338/830/202 586/391/184 588/831/202
f 575/832/304 669/833/217 667/834/304
f 375/835/159 632/418/261 634/299/159
f 531/836/199 617/593/192 615/824/199
f 508/837/159 589/838/215 587/423/159
f 402/839/190 668/827/282 670/840/190
f 383/841/254 642/626/216 644/842/254
f 118/843/228 611/814/195 609/323/228
f 339/844/274 588/831/202 590/845/274
f 303/846/217 671/847/165 669/833/217
f 554/848/280 645/849/305 643/850/280
f 526/851/170 608/353/240 610/806/170
f 70/852/215 591/853/207 589/838/215
f 403/854/224 670/840/190 672/452/224
f 384/855/151 644/842/254 646/856/151
f 362/857/217 618/566/304 620/858/217
f 340/859/178 590/860/274 592/487/178
f 578/861/165 673/485/230 671/847/165
f 233/862/305 647/863/176 645/849/305
f 535/864/252 621/865/282 619/866/252
f 510/867/207 593/515/153 591/853/207
f 281/868/167 667/834/304 665/869/167
f 385/870/213 646/871/151 648/387/213
f 363/872/165 620/858/217 622/873/165
f 344/874/305 594/488/280 596/875/305
f 400/876/252 664/267/192 666/877/252
f 557/878/176 649/421/201 647/863/176
f 163/879/282 623/621/190 621/865/282
f 514/880/216 597/599/254 595/514/216
f 407/881/270 674/453/242 676/596/270
f 211/882/178 643/850/280 641/821/178
f 364/883/230 622/873/165 624/326/230
f 345/884/176 596/875/305 598/571/176
f 581/885/229 677/568/233 675/484/229
f 255/886/370 693/887/371 692/888/372
f 699/889/373 173/890/374 698/891/375
f 698/892/376 173/893/377 811/894/378
f 696/895/379 194/896/380 372/897/381
f 715/898/382 686/899/383 714/900/159
f 822/901/8 367/902/8 699/903/8
f 731/904/384 694/905/385 730/906/184
f 53/907/386 683/908/387 333/909/388
f 686/899/383 713/211/156 714/900/159
f 705/910/389 737/911/390 707/912/195
f 723/913/391 691/914/392 722/915/170
f 691/914/392 721/916/393 722/915/170
f 832/917/394 115/918/395 700/919/8
f 701/920/396 115/921/397 524/922/398
f 683/923/8 784/924/8 769/925/8
f 682/926/399 53/927/400 785/928/401
f 706/929/402 705/910/389 707/912/195
f 136/930/403 702/931/404 527/932/405
f 694/905/385 729/933/181 730/906/184
f 184/934/406 185/935/407 452/936/408
f 684/937/409 54/938/410 334/939/411
f 755/940/412 754/941/413 42/942/414
f 628/943/7 623/944/7 631/945/7
f 740/946/415 5/947/416 739/948/417
f 28/131/120 747/130/119 748/949/418
f 2/950/419 756/951/420 738/952/421
f 748/949/418 30/115/105 28/131/120
f 51/114/104 755/113/103 756/953/420
f 741/954/422 7/955/423 740/946/415
f 12/120/110 741/954/422 742/121/111
f 33/117/107 749/116/106 750/118/108
f 751/956/424 35/957/109 750/958/108
f 752/959/425 38/960/426 751/956/424
f 15/123/112 742/961/111 743/124/113
f 20/126/115 744/962/427 745/127/116
f 18/125/114 743/124/113 744/962/427
f 753/963/428 41/964/429 752/959/425
f 754/965/430 43/966/431 753/963/428
f 25/129/118 746/967/432 747/130/119
f 23/128/117 745/127/116 746/968/432
f 739/948/417 2/950/419 738/952/421
f 48/112/102 754/965/430 755/113/103
f 780/161/433 789/969/434 779/159/435
f 826/150/436 837/970/436 838/151/436
f 766/171/437 760/971/438 765/169/439
f 781/972/440 793/189/440 794/191/440
f 829/146/441 842/973/442 834/974/443
f 839/178/444 842/973/444 827/179/444
f 813/166/445 823/975/446 814/165/447
f 773/194/448 772/976/449 774/192/450
f 818/977/451 819/978/452 817/979/453
f 784/137/454 783/980/455 785/135/456
f 793/981/457 802/156/457 803/158/457
f 799/187/458 798/186/458 809/982/458
f 768/983/459 776/148/460 777/147/461
f 834/974/462 830/144/462 829/146/462
f 785/135/463 770/181/463 769/136/463
f 841/984/464 837/970/465 840/985/466
f 806/185/467 804/157/468 802/156/469
f 797/139/470 807/138/470 796/167/470
f 828/152/471 831/986/472 826/150/473
f 774/192/474 775/987/474 778/193/474
f 781/972/475 782/988/476 770/989/477
f 764/990/478 763/991/479 762/992/480
f 787/162/481 798/993/481 786/163/481
f 795/168/482 796/167/482 783/994/482
f 825/995/483 833/996/484 830/997/485
f 791/176/486 789/969/486 790/177/486
f 765/169/487 759/998/487 758/170/487
f 819/978/488 821/999/489 825/995/490
f 768/983/491 757/172/491 767/174/491
f 836/1000/492 817/1001/493 835/1002/494
f 775/1003/495 777/147/495 778/149/495
f 832/1004/496 835/1002/497 831/1005/498
f 811/153/499 824/1006/499 822/154/499
f 840/985/500 839/1007/500 841/984/500
f 759/141/501 772/976/501 771/142/501
f 800/134/502 814/165/502 801/132/502
f 810/155/503 809/982/504 811/153/505
f 816/195/506 807/138/506 805/140/506
f 761/1008/507 763/991/508 760/1009/509
f 801/132/510 791/1010/510 792/133/510
f 788/164/511 779/1011/511 787/162/511
f 26/227/168 24/1012/167 720/1/1
f 720/1/1 721/916/393 689/2/2
f 688/3/3 26/227/168 720/1/1
f 52/259/193 50/258/192 736/4/4
f 736/4/4 737/911/390 702/5/5
f 703/6/6 52/259/193 736/4/4
f 582/1013/7 328/1014/7 331/1015/7
f 331/1015/7 329/1016/7 332/1017/7
f 332/1017/7 330/1018/7 585/1019/7
f 585/1019/7 69/1020/7 509/1021/7
f 509/1021/7 72/1022/7 75/1023/7
f 75/1023/7 73/1024/7 76/1025/7
f 76/1025/7 74/1026/7 512/1027/7
f 512/1027/7 92/1028/7 515/1029/7
f 515/1029/7 95/1030/7 98/1031/7
f 98/1031/7 96/1032/7 99/1033/7
f 99/1033/7 97/1034/7 518/7/7
f 518/7/7 116/1035/7 521/1036/7
f 521/1036/7 119/1037/7 122/1038/7
f 122/1038/7 120/1039/7 123/1040/7
f 123/1040/7 121/1041/7 525/1042/7
f 525/1042/7 139/1043/7 529/1044/7
f 529/1044/7 142/1045/7 145/1046/7
f 145/1046/7 143/1047/7 146/1048/7
f 146/1048/7 144/1049/7 533/1050/7
f 533/1050/7 162/1051/7 536/1052/7
f 536/1052/7 165/1053/7 168/1054/7
f 168/1054/7 166/1055/7 169/1056/7
f 169/1056/7 167/1057/7 539/1058/7
f 539/1058/7 186/1059/7 542/1060/7
f 542/1060/7 189/1061/7 192/1062/7
f 192/1062/7 190/1063/7 193/1064/7
f 193/1064/7 191/1065/7 545/1066/7
f 545/1066/7 209/1067/7 549/1068/7
f 549/1068/7 212/1069/7 215/1070/7
f 215/1070/7 213/1071/7 216/1072/7
f 216/1072/7 214/1073/7 552/1074/7
f 552/1074/7 232/1075/7 555/1076/7
f 555/1076/7 235/1077/7 238/1078/7
f 238/1078/7 236/1079/7 239/1080/7
f 239/1080/7 237/1081/7 558/1082/7
f 558/1082/7 256/1083/7 561/1084/7
f 561/1084/7 563/1085/7 257/1086/7
f 561/1084/7 257/1086/7 560/1087/7
f 238/1078/7 239/1080/7 558/1082/7
f 558/1082/7 561/1084/7 560/1087/7
f 558/1082/7 560/1087/7 234/1088/7
f 555/1076/7 238/1078/7 558/1082/7
f 215/1070/7 216/1072/7 552/1074/7
f 552/1074/7 555/1076/7 558/1082/7
f 558/1082/7 234/1088/7 557/1089/7
f 558/1082/7 557/1089/7 233/1090/7
f 549/1068/7 215/1070/7 552/1074/7
f 552/1074/7 558/1082/7 233/1090/7
f 552/1074/7 233/1090/7 554/1091/7
f 545/1066/7 549/1068/7 552/1074/7
f 192/1062/7 193/1064/7 545/1066/7
f 542/1060/7 192/1062/7 545/1066/7
f 552/1074/7 554/1091/7 211/1092/7
f 552/1074/7 211/1092/7 550/1093/7
f 539/1058/7 542/1060/7 545/1066/7
f 168/1054/7 169/1056/7 539/1058/7
f 536/1052/7 168/1054/7 539/1058/7
f 545/1066/7 552/1074/7 550/1093/7
f 545/1066/7 550/1093/7 210/1094/7
f 533/1050/7 536/1052/7 539/1058/7
f 145/1046/7 146/1048/7 533/1050/7
f 529/1044/7 145/1046/7 533/1050/7
f 545/1066/7 210/1094/7 548/1095/7
f 545/1066/7 548/1095/7 188/1096/7
f 525/1042/7 529/1044/7 533/1050/7
f 122/1038/7 123/1040/7 525/1042/7
f 521/1036/7 122/1038/7 525/1042/7
f 545/1066/7 188/1096/7 544/1097/7
f 545/1066/7 544/1097/7 187/1098/7
f 518/7/7 521/1036/7 525/1042/7
f 98/1031/7 99/1033/7 518/7/7
f 515/1029/7 98/1031/7 518/7/7
f 539/1058/7 545/1066/7 187/1098/7
f 539/1058/7 187/1098/7 541/1099/7
f 512/1027/7 515/1029/7 518/7/7
f 75/1023/7 76/1025/7 512/1027/7
f 509/1021/7 75/1023/7 512/1027/7
f 539/1058/7 541/1099/7 164/1100/7
f 539/1058/7 164/1100/7 538/1101/7
f 585/1019/7 509/1021/7 512/1027/7
f 331/1015/7 332/1017/7 585/1019/7
f 326/1102/7 582/1013/7 331/1015/7
f 584/1103/7 326/1102/7 331/1015/7
f 584/1103/7 331/1015/7 585/1019/7
f 327/1104/7 584/1103/7 585/1019/7
f 533/1050/7 539/1058/7 538/1101/7
f 533/1050/7 538/1101/7 163/1105/7
f 508/1106/7 327/1104/7 585/1019/7
f 70/1107/7 508/1106/7 585/1019/7
f 533/1050/7 163/1105/7 535/1108/7
f 533/1050/7 535/1108/7 141/1109/7
f 70/1107/7 585/1019/7 512/1027/7
f 510/1110/7 70/1107/7 512/1027/7
f 533/1050/7 141/1109/7 531/1111/7
f 533/1050/7 531/1111/7 140/1112/7
f 71/1113/7 510/1110/7 512/1027/7
f 514/1114/7 71/1113/7 512/1027/7
f 525/1042/7 533/1050/7 140/1112/7
f 525/1042/7 140/1112/7 528/1115/7
f 514/1114/7 512/1027/7 518/7/7
f 93/1116/7 514/1114/7 518/7/7
f 525/1042/7 528/1115/7 118/1117/7
f 525/1042/7 118/1117/7 523/1118/7
f 517/1119/7 93/1116/7 518/7/7
f 94/1120/7 517/1119/7 518/7/7
f 518/7/7 525/1042/7 523/1118/7
f 518/7/7 523/1118/7 117/8/7
f 520/9/7 94/1120/7 518/7/7
f 342/1121/8 347/1122/8 105/508/8
f 105/508/8 104/1123/8 83/1124/8
f 83/1124/8 85/1125/8 88/1126/8
f 88/1126/8 87/1127/8 86/1128/8
f 86/1128/8 84/1129/8 82/1130/8
f 82/1130/8 81/1131/8 59/1132/8
f 59/1132/8 61/1133/8 64/1134/8
f 64/1134/8 63/1135/8 62/1136/8
f 62/1136/8 60/1137/8 58/1138/8
f 58/1138/8 57/1139/8 315/1140/8
f 315/1140/8 317/1141/8 320/1142/8
f 320/1142/8 319/1143/8 318/1144/8
f 318/1144/8 316/1145/8 314/1146/8
f 314/1146/8 313/1147/8 293/1148/8
f 293/1148/8 295/1149/8 298/1150/8
f 298/1150/8 297/1151/8 296/1152/8
f 296/1152/8 294/1153/8 292/1154/8
f 292/1154/8 291/1155/8 270/1156/8
f 270/1156/8 272/1157/8 275/1158/8
f 275/1158/8 274/1159/8 273/1160/8
f 273/1160/8 271/1161/8 269/1162/8
f 269/1162/8 268/1163/8 246/1164/8
f 246/1164/8 248/1165/8 251/1166/8
f 251/1166/8 250/1167/8 249/1168/8
f 249/1168/8 247/1169/8 245/1170/8
f 245/1170/8 244/1171/8 223/1172/8
f 223/1172/8 225/1173/8 228/1174/8
f 228/1174/8 227/1175/8 226/1176/8
f 226/1176/8 224/1177/8 222/1178/8
f 222/1178/8 221/1179/8 199/1180/8
f 199/1180/8 201/1181/8 204/1182/8
f 204/1182/8 203/1183/8 202/1184/8
f 202/1184/8 200/1185/8 198/1186/8
f 198/1186/8 197/1187/8 176/1188/8
f 176/1188/8 178/1189/8 181/1190/8
f 181/1190/8 180/1191/8 179/1192/8
f 179/1192/8 177/1193/8 175/1194/8
f 175/1194/8 174/1195/8 153/1196/8
f 153/1196/8 155/1197/8 158/1198/8
f 158/1198/8 157/1199/8 156/1200/8
f 156/1200/8 154/1201/8 152/1202/8
f 152/1202/8 151/1203/8 130/1204/8
f 130/1204/8 132/1205/8 135/1206/8
f 135/1206/8 134/1207/8 133/1208/8
f 133/1208/8 131/1209/8 129/1210/8
f 129/1210/8 128/1211/8 353/509/8
f 129/1210/8 353/509/8 354/1212/8
f 135/1206/8 133/1208/8 129/1210/8
f 130/1204/8 135/1206/8 129/1210/8
f 129/1210/8 354/1212/8 355/1213/8
f 129/1210/8 355/1213/8 359/1214/8
f 152/1202/8 130/1204/8 129/1210/8
f 158/1198/8 156/1200/8 152/1202/8
f 153/1196/8 158/1198/8 152/1202/8
f 152/1202/8 129/1210/8 359/1214/8
f 152/1202/8 359/1214/8 360/1215/8
f 175/1194/8 153/1196/8 152/1202/8
f 181/1190/8 179/1192/8 175/1194/8
f 176/1188/8 181/1190/8 175/1194/8
f 175/1194/8 152/1202/8 360/1215/8
f 175/1194/8 360/1215/8 365/1216/8
f 198/1186/8 176/1188/8 175/1194/8
f 204/1182/8 202/1184/8 198/1186/8
f 199/1180/8 204/1182/8 198/1186/8
f 198/1186/8 175/1194/8 365/1216/8
f 198/1186/8 365/1216/8 366/1217/8
f 222/1178/8 199/1180/8 198/1186/8
f 228/1174/8 226/1176/8 222/1178/8
f 223/1172/8 228/1174/8 222/1178/8
f 198/1186/8 366/1217/8 367/902/8
f 367/902/8 800/1218/8 792/1219/8
f 198/1186/8 367/902/8 792/1219/8
f 223/1172/8 222/1178/8 198/1186/8
f 251/1166/8 249/1168/8 245/1170/8
f 245/1170/8 223/1172/8 198/1186/8
f 198/1186/8 792/1219/8 790/1220/8
f 198/1186/8 790/1220/8 780/1221/8
f 246/1164/8 251/1166/8 245/1170/8
f 788/1222/8 786/1223/8 695/1224/8
f 333/1225/8 803/1226/8 804/10/8
f 788/1222/8 695/1224/8 696/1227/8
f 780/1221/8 788/1222/8 696/1227/8
f 780/1221/8 696/1227/8 372/1228/8
f 246/1164/8 245/1170/8 198/1186/8
f 275/1158/8 273/1160/8 269/1162/8
f 198/1186/8 780/1221/8 372/1228/8
f 198/1186/8 372/1228/8 373/1229/8
f 270/1156/8 275/1158/8 269/1162/8
f 298/1150/8 296/1152/8 292/1154/8
f 292/1154/8 270/1156/8 269/1162/8
f 198/1186/8 373/1229/8 374/1230/8
f 198/1186/8 374/1230/8 379/1231/8
f 292/1154/8 269/1162/8 246/1164/8
f 293/1148/8 298/1150/8 292/1154/8
f 320/1142/8 318/1144/8 314/1146/8
f 314/1146/8 293/1148/8 292/1154/8
f 198/1186/8 379/1231/8 380/1232/8
f 246/1164/8 198/1186/8 380/1232/8
f 314/1146/8 292/1154/8 246/1164/8
f 315/1140/8 320/1142/8 314/1146/8
f 64/1134/8 62/1136/8 58/1138/8
f 58/1138/8 315/1140/8 314/1146/8
f 246/1164/8 380/1232/8 381/1233/8
f 246/1164/8 381/1233/8 386/1234/8
f 59/1132/8 64/1134/8 58/1138/8
f 88/1126/8 86/1128/8 82/1130/8
f 82/1130/8 59/1132/8 58/1138/8
f 246/1164/8 386/1234/8 387/1235/8
f 246/1164/8 387/1235/8 392/1236/8
f 82/1130/8 58/1138/8 314/1146/8
f 83/1124/8 88/1126/8 82/1130/8
f 342/1121/8 105/508/8 83/1124/8
f 341/1237/8 342/1121/8 83/1124/8
f 83/1124/8 82/1130/8 314/1146/8
f 246/1164/8 392/1236/8 393/1238/8
f 246/1164/8 393/1238/8 394/1239/8
f 336/1240/8 341/1237/8 83/1124/8
f 335/1241/8 336/1240/8 83/1124/8
f 314/1146/8 246/1164/8 394/1239/8
f 314/1146/8 394/1239/8 398/1242/8
f 335/1241/8 83/1124/8 314/1146/8
f 334/12/8 335/1241/8 314/1146/8
f 314/1146/8 398/1242/8 399/1243/8
f 314/1146/8 399/1243/8 404/1244/8
f 797/1245/8 687/1246/8 684/1247/8
f 805/1248/8 797/1245/8 684/1247/8
f 314/1146/8 404/1244/8 405/1249/8
f 314/1146/8 405/1249/8 333/1225/8
f 808/1250/8 805/1248/8 684/1247/8
f 815/11/8 808/1250/8 684/1247/8
f 334/12/8 314/1146/8 333/1225/8
f 334/12/8 333/1225/8 804/10/8
f 815/11/8 684/1247/8 334/12/8
f 258/1251/7 563/1085/7 561/1084/7
f 561/1084/7 259/1252/7 262/1253/7
f 262/1253/7 260/1254/7 263/1255/7
f 263/1255/7 261/1256/7 565/13/7
f 565/13/7 279/1257/7 569/1258/7
f 569/1258/7 282/1259/7 285/1260/7
f 285/1260/7 283/1261/7 286/1262/7
f 286/1262/7 284/1263/7 573/14/7
f 573/14/7 302/1264/7 576/1265/7
f 576/1265/7 305/1266/7 308/1267/7
f 308/1267/7 306/1268/7 309/1269/7
f 309/1269/7 307/1270/7 579/1271/7
f 579/1271/7 325/1272/7 582/1013/7
f 582/1013/7 326/1102/7 581/1273/7
f 582/1013/7 581/1273/7 304/1274/7
f 308/1267/7 309/1269/7 579/1271/7
f 579/1271/7 582/1013/7 304/1274/7
f 579/1271/7 304/1274/7 578/1275/7
f 576/1265/7 308/1267/7 579/1271/7
f 285/1260/7 286/1262/7 573/14/7
f 573/14/7 576/1265/7 579/1271/7
f 579/1271/7 578/1275/7 303/1276/7
f 579/1271/7 303/1276/7 575/1277/7
f 569/1258/7 285/1260/7 573/14/7
f 573/14/7 579/1271/7 575/1277/7
f 573/14/7 575/1277/7 281/1278/7
f 565/13/7 569/1258/7 573/14/7
f 262/1253/7 263/1255/7 565/13/7
f 258/1251/7 561/1084/7 262/1253/7
f 258/1251/7 262/1253/7 565/13/7
f 573/14/7 281/1278/7 571/1279/7
f 573/14/7 571/1279/7 280/1280/7
f 568/15/7 258/1251/7 565/13/7
f 573/14/7 280/1280/7 568/15/7
f 723/111/7 722/1281/7 721/1282/7
f 721/1282/7 720/1283/7 719/1284/7
f 719/1284/7 718/1285/7 23/1286/7
f 719/1284/7 23/1286/7 25/109/7
f 723/111/7 721/1282/7 719/1284/7
f 33/1287/7 724/1288/7 723/111/7
f 30/1289/7 33/1287/7 723/111/7
f 723/111/7 719/1284/7 25/109/7
f 28/110/7 30/1289/7 723/111/7
f 816/183/139 808/1290/512 815/184/140
f 4/197/146 708/201/149 709/198/147
f 701/1291/513 706/929/402 708/201/149
f 708/201/149 4/197/146 3/202/150
f 700/200/148 701/1291/513 708/201/149
f 6/199/147 709/198/147 710/203/151
f 8/205/151 710/1292/151 711/206/152
f 9/207/152 711/206/152 712/208/153
f 684/1293/514 13/212/157 11/209/154
f 11/209/154 712/208/153 713/211/156
f 685/210/155 684/1293/514 11/209/154
f 13/212/157 684/1293/514 687/213/158
f 16/215/160 14/214/159 687/213/158
f 17/217/162 716/1294/233 717/218/163
f 715/898/382 716/1294/233 17/217/162
f 17/217/162 16/215/160 683/216/161
f 682/220/164 715/898/382 17/217/162
f 19/219/163 717/218/163 718/221/165
f 21/222/165 718/221/165 719/223/166
f 22/224/166 719/223/166 720/225/1
f 26/227/168 688/3/3 690/228/169
f 29/230/171 27/229/170 690/228/169
f 31/232/173 724/235/175 725/233/174
f 693/1295/515 723/913/391 724/235/175
f 724/235/175 31/232/173 29/230/171
f 692/231/172 693/1295/515 724/235/175
f 32/234/174 725/233/174 726/236/176
f 34/237/176 726/236/176 727/238/177
f 36/239/177 727/238/177 728/240/178
f 696/895/516 39/1296/182 37/241/179
f 37/241/179 728/240/178 729/243/181
f 697/242/180 696/895/516 37/241/179
f 39/244/182 696/1297/516 695/245/183
f 42/247/185 40/246/184 695/245/183
f 44/249/187 732/1298/270 733/250/188
f 731/904/384 732/1298/270 44/249/187
f 44/249/187 42/247/185 699/248/186
f 698/252/189 731/904/384 44/249/187
f 45/251/188 733/250/188 734/253/190
f 47/254/190 734/253/190 735/255/191
f 49/257/191 735/1299/191 736/4/4
f 52/259/193 703/6/6 704/260/194
f 31/1300/8 32/1301/8 34/1302/517
f 34/1302/517 36/1303/518 751/1304/519
f 34/1302/517 751/1304/519 750/1305/520
f 29/1306/521 31/1300/8 34/1302/517
f 26/1307/8 27/1308/8 29/1306/521
f 22/1309/8 24/1310/8 26/1307/8
f 19/1311/8 21/1312/8 22/1309/8
f 16/264/198 17/1313/8 19/1311/8
f 13/1314/8 14/1315/8 16/264/198
f 9/1316/8 11/1317/8 13/1314/8
f 6/1283/8 8/1318/8 9/1316/8
f 3/1319/522 4/1284/8 6/1283/8
f 740/1320/523 739/1321/524 3/1319/522
f 741/1322/525 740/1320/523 3/1319/522
f 3/1319/522 6/1283/8 9/1316/8
f 9/1316/8 13/1314/8 16/264/198
f 16/264/198 19/1311/8 22/1309/8
f 22/1309/8 26/1307/8 29/1306/521
f 29/1306/521 34/1302/517 750/1305/520
f 29/1306/521 750/1305/520 749/1323/526
f 16/264/198 22/1309/8 29/1306/521
f 3/1319/522 9/1316/8 16/264/198
f 742/1324/527 741/1322/525 3/1319/522
f 742/1324/527 3/1319/522 16/264/198
f 29/1306/521 749/1323/526 748/1325/528
f 29/1306/521 748/1325/528 747/1326/529
f 743/1327/530 742/1324/527 16/264/198
f 744/1328/531 743/1327/530 16/264/198
f 16/264/198 29/1306/521 747/1326/529
f 16/264/198 747/1326/529 746/262/196
f 745/263/197 744/1328/531 16/264/198
f 397/265/192 396/320/199 662/266/199
f 349/268/200 346/570/201 600/269/201
f 548/271/184 210/810/202 637/272/202
f 69/274/159 57/1329/159 58/275/203
f 509/277/204 58/1330/204 60/278/205
f 72/280/205 60/1331/205 62/281/206
f 73/283/207 75/282/208 62/281/208
f 76/285/209 73/283/207 63/284/207
f 76/287/210 64/1332/210 61/288/211
f 74/289/211 61/288/211 59/290/192
f 280/292/204 571/808/212 663/293/212
f 94/295/213 520/425/214 603/296/214
f 376/298/215 375/835/159 634/299/159
f 92/301/216 81/1333/216 82/302/152
f 515/303/217 82/302/217 84/304/218
f 95/305/218 84/304/218 86/306/219
f 96/308/151 98/307/220 86/306/220
f 99/310/221 96/1334/151 87/311/151
f 99/310/222 88/312/222 85/313/223
f 97/315/223 85/1335/223 83/316/224
f 59/318/225 81/1333/216 92/301/216
f 396/320/199 395/357/226 660/321/226
f 523/322/227 118/843/228 609/323/228
f 368/325/229 364/883/230 624/326/230
f 568/328/170 280/292/204 661/294/204
f 521/330/231 116/349/214 104/331/214
f 119/333/232 521/1336/233 105/334/233
f 119/333/232 107/335/232 109/336/234
f 122/338/235 109/1337/235 110/339/227
f 120/340/227 110/339/227 111/341/236
f 123/343/237 111/1338/237 108/344/238
f 121/345/238 108/344/238 106/346/239
f 83/348/147 104/331/214 116/349/214
f 352/351/240 351/392/241 606/352/241
f 164/354/224 541/507/242 627/355/242
f 395/357/226 566/819/195 658/358/195
f 605/359/146 117/1339/146 523/322/227
f 139/360/195 128/1340/195 129/361/243
f 529/363/215 129/1341/215 131/364/244
f 142/365/244 131/364/244 133/366/245
f 143/368/199 145/1342/246 133/369/246
f 146/371/247 143/368/199 134/370/199
f 146/317/248 135/1343/248 132/373/249
f 144/375/249 132/400/249 130/376/178
f 717/1344/7 716/1345/7 715/1346/7
f 715/1346/7 714/1347/7 713/1348/7
f 713/1348/7 712/1349/7 711/1350/7
f 711/1350/7 710/1351/7 709/378/7
f 709/378/7 708/1352/7 706/1353/7
f 706/1353/7 707/1354/7 737/1355/7
f 737/1355/7 736/1356/7 735/1357/7
f 735/1357/7 734/1358/7 733/1359/7
f 733/1359/7 732/1360/7 731/1361/7
f 731/1361/7 730/1362/7 729/1363/7
f 729/1363/7 728/1364/7 727/1365/7
f 727/1365/7 726/1366/7 725/1367/7
f 725/1367/7 724/1288/7 33/1287/7
f 725/1367/7 33/1287/7 35/1368/7
f 729/1363/7 727/1365/7 725/1367/7
f 733/1359/7 731/1361/7 729/1363/7
f 737/1355/7 735/1357/7 733/1359/7
f 709/378/7 706/1353/7 737/1355/7
f 713/1348/7 711/1350/7 709/378/7
f 717/1344/7 715/1346/7 713/1348/7
f 23/1286/7 718/1285/7 717/1344/7
f 20/1369/7 23/1286/7 717/1344/7
f 717/1344/7 713/1348/7 709/378/7
f 709/378/7 737/1355/7 733/1359/7
f 733/1359/7 729/1363/7 725/1367/7
f 725/1367/7 35/1368/7 38/1370/7
f 725/1367/7 38/1370/7 41/1371/7
f 18/1372/7 20/1369/7 717/1344/7
f 15/1373/7 18/1372/7 717/1344/7
f 733/1359/7 725/1367/7 41/1371/7
f 733/1359/7 41/1371/7 43/1374/7
f 15/1373/7 717/1344/7 709/378/7
f 12/1375/7 15/1373/7 709/378/7
f 733/1359/7 43/1374/7 46/1376/7
f 733/1359/7 46/1376/7 48/1377/7
f 10/1378/7 12/1375/7 709/378/7
f 7/1379/7 10/1378/7 709/378/7
f 733/1359/7 48/1377/7 51/1380/7
f 733/1359/7 51/1380/7 2/379/7
f 5/380/7 7/1379/7 709/378/7
f 709/378/7 733/1359/7 2/379/7
f 106/381/250 128/1340/195 139/360/195
f 631/383/251 544/447/251 188/384/239
f 388/386/214 385/870/213 648/387/213
f 337/389/184 409/540/239 680/390/239
f 351/392/241 350/454/173 604/393/173
f 162/394/252 151/981/252 152/395/191
f 165/397/253 536/1381/254 152/398/254
f 165/400/253 154/1382/253 156/401/255
f 166/403/190 168/1383/256 156/404/256
f 166/403/190 157/405/190 158/406/257
f 169/408/258 158/1384/258 155/409/259
f 167/410/259 155/409/259 153/411/201
f 533/413/260 130/1385/260 151/414/252
f 371/416/261 370/478/262 630/417/262
f 234/419/201 560/567/200 651/420/200
f 327/422/261 508/837/159 587/423/159
f 520/425/214 117/1339/146 605/359/146
f 186/426/242 174/1386/242 175/427/263
f 542/429/146 175/1387/146 177/430/264
f 189/431/264 177/430/264 179/432/265
f 192/434/266 179/1388/266 180/435/251
f 190/436/251 180/435/251 181/437/267
f 193/439/268 181/1389/268 178/440/269
f 191/441/269 178/440/269 176/442/240
f 153/444/188 174/1386/242 186/426/242
f 629/446/270 187/1390/270 544/447/251
f 563/448/241 258/815/240 657/449/240
f 406/451/242 403/854/224 672/452/224
f 350/454/173 349/268/200 602/270/200
f 369/1391/7 370/1392/7 371/455/7
f 371/455/7 375/1393/7 376/1394/7
f 376/1394/7 377/1395/7 378/456/7
f 378/456/7 382/1396/7 383/1397/7
f 383/1397/7 384/1398/7 385/1399/7
f 385/1399/7 388/1400/7 389/1401/7
f 389/1401/7 390/1402/7 391/1403/7
f 391/1403/7 566/1404/7 763/1405/7
f 391/1403/7 763/1405/7 757/1406/7
f 385/1399/7 389/1401/7 391/1403/7
f 378/456/7 383/1397/7 385/1399/7
f 371/455/7 376/1394/7 378/456/7
f 368/1407/7 369/1391/7 371/455/7
f 363/1408/7 364/1409/7 368/1407/7
f 361/1410/7 362/1411/7 363/1408/7
f 357/1412/7 358/1413/7 361/1410/7
f 526/1414/7 356/1415/7 357/1412/7
f 839/1416/7 840/1417/7 526/1414/7
f 842/1418/7 839/1416/7 526/1414/7
f 526/1414/7 357/1412/7 361/1410/7
f 361/1410/7 363/1408/7 368/1407/7
f 391/1403/7 757/1406/7 768/1419/7
f 834/1420/7 842/1418/7 526/1414/7
f 775/1421/7 774/1422/7 691/1423/7
f 702/1424/7 705/1425/7 819/1426/7
f 702/1424/7 819/1426/7 825/1427/7
f 702/1424/7 825/1427/7 830/1428/7
f 702/1424/7 830/1428/7 834/1420/7
f 527/1429/7 702/1424/7 834/1420/7
f 777/1430/7 775/1421/7 691/1423/7
f 527/1429/7 834/1420/7 526/1414/7
f 777/1430/7 691/1423/7 693/1431/7
f 777/1430/7 693/1431/7 564/1432/7
f 768/1419/7 777/1430/7 564/1432/7
f 391/1403/7 768/1419/7 564/1432/7
f 527/1429/7 526/1414/7 361/1410/7
f 530/1433/7 527/1429/7 361/1410/7
f 391/1403/7 564/1432/7 562/1434/7
f 391/1403/7 562/1434/7 559/1435/7
f 532/1436/7 530/1433/7 361/1410/7
f 534/1437/7 532/1436/7 361/1410/7
f 385/1399/7 391/1403/7 559/1435/7
f 385/1399/7 559/1435/7 556/1438/7
f 534/1437/7 361/1410/7 368/1407/7
f 537/1439/7 534/1437/7 368/1407/7
f 378/456/7 385/1399/7 556/1438/7
f 378/456/7 556/1438/7 553/1440/7
f 540/1441/7 537/1439/7 368/1407/7
f 543/1442/7 540/1441/7 368/1407/7
f 378/456/7 553/1440/7 551/1443/7
f 378/456/7 551/1443/7 547/1444/7
f 543/1442/7 368/1407/7 371/455/7
f 378/456/7 547/1444/7 546/457/7
f 546/457/7 543/1442/7 371/455/7
f 209/458/184 197/1445/184 198/459/271
f 549/461/226 198/1446/226 200/462/272
f 212/463/272 200/462/272 202/464/273
f 213/466/274 215/1447/275 202/467/275
f 216/469/276 213/1448/274 203/470/274
f 216/469/277 204/471/277 201/472/278
f 214/473/278 201/472/278 199/474/167
f 176/476/279 197/1445/184 209/458/184
f 370/478/262 369/537/233 628/479/233
f 391/480/228 390/538/227 654/481/227
f 304/483/230 581/885/229 675/484/229
f 343/486/280 340/859/178 592/487/178
f 232/489/280 221/1449/280 222/490/177
f 235/492/281 555/1450/282 222/493/282
f 235/492/281 224/494/281 226/495/283
f 236/497/176 238/1451/284 226/498/284
f 239/500/285 236/497/176 227/499/176
f 239/502/286 228/1452/286 225/503/287
f 237/504/287 225/503/287 223/505/230
f 199/474/288 221/1449/280 232/489/280
f 541/507/242 187/1390/270 629/446/270
f 108/1453/8 111/1454/8 110/1455/8
f 110/1455/8 109/1456/8 107/1457/8
f 105/508/8 347/1122/8 348/1458/8
f 110/1455/8 107/1457/8 105/508/8
f 106/510/8 108/1453/8 110/1455/8
f 353/509/8 128/1211/8 106/510/8
f 105/508/8 348/1458/8 353/509/8
f 106/510/8 110/1455/8 105/508/8
f 653/511/173 257/1459/173 563/448/241
f 679/512/262 584/569/262 327/422/261
f 71/513/153 514/880/216 595/514/216
f 561/516/289 256/535/200 244/517/200
f 259/519/290 561/1460/270 245/520/270
f 259/519/290 247/521/290 249/522/291
f 262/524/292 249/1461/292 250/525/241
f 260/526/241 250/525/241 251/527/293
f 263/529/294 251/1462/294 248/530/295
f 261/531/295 248/530/295 246/532/261
f 223/534/174 244/517/200 256/535/200
f 369/537/233 368/325/229 626/327/229
f 390/538/227 389/594/146 652/539/146
f 409/540/239 408/595/251 678/541/251
f 517/542/151 94/295/213 601/297/213
f 279/544/170 268/1463/170 269/545/296
f 569/547/202 269/1464/202 271/548/297
f 282/550/297 271/1465/297 273/551/298
f 283/553/212 285/552/299 273/551/299
f 286/555/300 283/553/212 274/554/212
f 286/557/301 275/1466/301 272/558/302
f 284/559/302 272/558/302 270/560/153
f 246/562/303 268/1463/170 279/544/170
f 361/564/304 358/1467/167 616/565/167
f 3/202/150 1/261/195 704/260/194
f 560/567/200 257/1459/173 653/511/173
f 677/568/233 326/1468/233 584/569/262
f 346/570/201 345/884/176 598/571/176
f 302/572/304 291/590/304 292/573/166
f 576/575/305 292/1469/305 294/576/306
f 305/577/306 294/576/306 296/578/307
f 306/580/165 308/1470/308 296/581/308
f 306/580/165 297/582/165 298/583/309
f 309/584/310 298/583/310 295/585/311
f 307/587/311 295/1471/311 293/588/213
f 573/561/312 270/560/312 291/590/304
f 141/591/192 535/1472/252 619/592/252
f 389/594/146 388/386/214 650/388/214
f 408/595/251 407/881/270 676/596/270
f 93/597/254 517/1473/151 599/598/151
f 325/600/229 313/1474/229 314/601/313
f 582/603/173 314/1475/173 316/604/314
f 328/605/314 316/604/314 318/606/315
f 331/608/316 318/1476/316 319/609/262
f 329/610/262 319/609/262 320/611/317
f 332/613/318 320/1477/318 317/614/319
f 330/615/319 317/614/319 315/616/228
f 293/618/163 313/1474/229 325/600/229
f 538/620/190 164/354/224 625/356/224
f 315/622/320 57/1329/159 69/274/159
f 382/624/216 378/816/153 640/625/153
f 685/1478/7 686/1479/7 796/1480/7
f 685/1478/7 796/1480/7 807/1481/7
f 685/1478/7 807/1481/7 816/1482/7
f 685/1478/7 816/1482/7 806/1483/7
f 54/1484/532 685/1478/7 806/1483/7
f 802/1485/533 793/1486/534 53/927/400
f 54/1484/532 806/1483/7 802/1485/533
f 54/1484/532 802/1485/533 53/927/400
f 53/927/400 503/1487/535 505/1488/536
f 505/1488/536 410/1489/7 413/1490/537
f 413/1490/537 415/1491/7 417/1492/7
f 417/1492/7 419/1493/7 421/1494/538
f 421/1494/538 423/1495/7 425/1496/7
f 425/1496/7 427/1497/7 429/627/321
f 429/627/321 431/1498/7 433/1499/7
f 433/1499/7 435/1500/7 437/1501/539
f 437/1501/539 439/1502/7 441/1503/7
f 441/1503/7 443/1504/7 445/1505/540
f 445/1505/540 447/1506/7 449/1507/7
f 449/1507/7 451/1508/7 453/1509/541
f 453/1509/541 455/1510/542 173/893/377
f 453/1509/541 173/893/377 172/1511/543
f 445/1505/540 449/1507/7 453/1509/541
f 437/1501/539 441/1503/7 445/1505/540
f 429/627/321 433/1499/7 437/1501/539
f 421/1494/538 425/1496/7 429/627/321
f 413/1490/537 417/1492/7 421/1494/538
f 53/927/400 505/1488/536 413/1490/537
f 54/1484/532 53/927/400 413/1490/537
f 445/1505/540 453/1509/541 172/1511/543
f 445/1505/540 172/1511/543 171/1512/544
f 55/1513/545 54/1484/532 413/1490/537
f 56/1514/546 55/1513/545 413/1490/537
f 445/1505/540 171/1512/544 170/1515/547
f 445/1505/540 170/1515/547 150/1516/548
f 56/1514/546 413/1490/537 421/1494/538
f 77/1517/549 56/1514/546 421/1494/538
f 445/1505/540 150/1516/548 149/1518/550
f 445/1505/540 149/1518/550 148/1519/551
f 78/1520/552 77/1517/549 421/1494/538
f 79/1521/553 78/1520/552 421/1494/538
f 437/1501/539 445/1505/540 148/1519/551
f 437/1501/539 148/1519/551 147/1522/554
f 79/1521/553 421/1494/538 429/627/321
f 80/1523/555 79/1521/553 429/627/321
f 437/1501/539 147/1522/554 127/1524/556
f 437/1501/539 127/1524/556 126/1525/557
f 100/1526/558 80/1523/555 429/627/321
f 101/1527/559 100/1526/558 429/627/321
f 429/627/321 437/1501/539 126/1525/557
f 429/627/321 126/1525/557 125/1528/560
f 102/1529/561 101/1527/559 429/627/321
f 103/629/323 102/1529/561 429/627/321
f 429/627/321 125/1528/560 124/628/322
f 498/1530/8 496/1531/8 494/1532/8
f 494/1532/8 492/1533/8 490/1534/8
f 490/1534/8 488/1535/8 486/1536/562
f 486/1536/562 484/1537/8 482/1538/8
f 482/1538/8 480/1539/8 478/1540/563
f 478/1540/563 255/650/338 762/1541/564
f 478/1540/563 762/1541/564 761/1542/565
f 486/1536/562 482/1538/8 478/1540/563
f 494/1532/8 490/1534/8 486/1536/562
f 500/632/326 498/1530/8 494/1532/8
f 504/1543/8 502/1544/8 500/632/326
f 412/1545/566 411/1546/8 504/1543/8
f 416/1547/8 414/1548/8 412/1545/566
f 420/1549/567 418/1550/8 416/1547/8
f 424/1551/8 422/1552/8 420/1549/567
f 428/1553/568 426/1554/8 424/1551/8
f 115/918/395 430/1555/569 428/1553/568
f 114/1556/570 115/918/395 428/1553/568
f 428/1553/568 424/1551/8 420/1549/567
f 420/1549/567 416/1547/8 412/1545/566
f 412/1545/566 504/1543/8 500/632/326
f 500/632/326 494/1532/8 486/1536/562
f 478/1540/563 761/1542/565 766/1557/571
f 114/1556/570 428/1553/568 420/1549/567
f 113/1558/572 114/1556/570 420/1549/567
f 771/1559/8 773/1560/8 690/1561/8
f 112/1562/573 113/1558/572 420/1549/567
f 758/1563/8 771/1559/8 690/1561/8
f 91/1564/574 112/1562/573 420/1549/567
f 758/1563/8 690/1561/8 688/1565/8
f 758/1563/8 688/1565/8 276/1566/575
f 766/1557/571 758/1563/8 276/1566/575
f 478/1540/563 766/1557/571 276/1566/575
f 90/1567/576 91/1564/574 420/1549/567
f 89/1568/577 90/1567/576 420/1549/567
f 486/1536/562 478/1540/563 276/1566/575
f 486/1536/562 276/1566/575 277/1569/578
f 89/1568/577 420/1549/567 412/1545/566
f 68/1570/579 89/1568/577 412/1545/566
f 486/1536/562 277/1569/578 278/1571/580
f 486/1536/562 278/1571/580 299/1572/581
f 67/1573/582 68/1570/579 412/1545/566
f 66/1574/583 67/1573/582 412/1545/566
f 486/1536/562 299/1572/581 300/1575/584
f 486/1536/562 300/1575/584 301/1576/585
f 66/1574/583 412/1545/566 500/632/326
f 65/1577/586 66/1574/583 500/632/326
f 500/632/326 486/1536/562 301/1576/585
f 500/632/326 301/1576/585 321/1578/587
f 324/1579/588 65/1577/586 500/632/326
f 323/631/325 324/1579/588 500/632/326
f 500/632/326 321/1578/587 322/630/324
f 54/633/327 55/989/274 335/634/328
f 335/636/328 55/1580/274 56/27/20
f 66/16/9 65/1581/184 506/637/329
f 511/29/22 68/28/21 67/638/11
f 336/26/19 77/25/18 78/21/14
f 79/19/12 80/1582/201 342/640/330
f 513/641/331 516/23/16 90/22/15
f 347/32/25 101/31/24 102/36/29
f 522/642/332 114/644/334 113/39/32
f 524/643/333 115/1583/589 114/644/334
f 342/640/330 80/1582/201 100/33/26
f 519/38/31 112/37/30 91/24/17
f 353/645/335 124/1584/170 125/42/35
f 354/41/34 126/40/33 127/646/44
f 692/648/336 690/1561/8 773/1560/8
f 692/648/336 773/1560/8 778/1585/8
f 764/1586/590 762/1541/564 255/650/338
f 767/1587/591 764/1586/590 255/650/338
f 692/648/336 778/1585/8 776/649/337
f 776/649/337 767/1587/591 255/650/338
f 137/651/212 136/1588/339 527/652/339
f 138/654/45 137/651/212 530/653/340
f 103/34/27 124/1584/170 353/645/335
f 355/50/43 147/49/42 148/45/38
f 149/43/36 150/1589/230 360/656/341
f 534/657/342 537/47/40 160/46/39
f 171/55/48 172/659/262 366/658/343
f 172/659/262 173/1590/592 367/660/344
f 543/62/55 184/61/54 183/60/53
f 360/656/341 150/1589/230 170/57/50
f 540/59/52 182/58/51 161/48/41
f 194/661/345 195/1591/207 373/662/346
f 373/662/346 195/1591/207 196/72/65
f 206/64/57 205/1592/159 546/664/347
f 551/74/67 208/73/66 207/66/59
f 546/664/347 205/1592/159 185/63/56
f 217/70/63 218/666/254 379/665/348
f 218/666/254 219/1593/151 380/667/151
f 219/668/151 220/1594/213 381/669/349
f 553/671/350 556/1595/61 230/672/60
f 386/77/70 241/76/69 242/81/74
f 562/673/351 254/675/353 253/84/77
f 564/674/352 255/1596/593 254/675/353
f 381/669/349 220/1594/213 240/78/71
f 559/83/76 252/82/75 231/69/62
f 392/676/354 264/1597/195 265/87/80
f 393/86/79 266/85/78 267/96/89
f 689/677/355 567/1598/594 276/678/356
f 277/680/199 276/1599/358 567/681/358
f 278/97/90 277/680/199 570/682/359
f 243/79/72 264/1597/195 392/676/354
f 394/683/88 287/1600/87 288/90/83
f 289/88/81 290/1601/224 399/684/360
f 574/685/361 577/92/85 300/91/84
f 311/100/93 312/689/251 405/688/362
f 312/689/251 53/1602/595 333/690/363
f 583/107/100 323/106/99 322/105/98
f 399/684/360 290/1601/224 310/102/95
f 580/104/97 321/103/96 301/93/86
f 506/637/329 65/1581/184 324/108/101
f 411/691/202 412/1603/274 413/692/274
f 412/694/274 414/697/178 415/695/178
f 414/697/178 416/699/280 417/698/280
f 416/699/280 418/701/305 419/700/305
f 418/701/305 420/703/176 421/702/176
f 420/703/176 422/705/201 423/704/201
f 422/705/201 424/707/200 425/706/200
f 424/707/200 426/709/173 427/708/173
f 426/709/173 428/711/241 429/710/241
f 428/711/241 430/713/240 431/712/240
f 430/713/240 432/715/170 433/714/170
f 432/715/170 434/717/204 435/716/204
f 434/717/204 436/719/212 437/718/212
f 436/719/212 438/1604/167 439/720/167
f 438/721/167 440/724/304 441/722/304
f 440/724/304 442/726/217 443/725/217
f 442/726/217 444/728/165 445/727/165
f 444/728/165 446/730/230 447/729/230
f 446/730/230 448/732/229 449/731/229
f 448/732/229 450/734/233 451/733/233
f 450/734/233 452/736/262 453/735/262
f 452/736/262 454/738/261 455/737/261
f 454/738/261 456/740/159 457/739/159
f 456/740/159 458/742/215 459/741/215
f 458/742/215 460/744/207 461/743/207
f 460/744/207 462/746/153 463/745/153
f 462/746/153 464/748/216 465/747/216
f 464/748/216 466/750/254 467/749/254
f 466/750/254 468/1605/151 469/751/151
f 468/752/151 470/755/213 471/753/213
f 470/755/213 472/757/214 473/756/214
f 472/757/214 474/759/146 475/758/146
f 474/759/146 476/761/227 477/760/227
f 476/761/227 478/763/228 479/762/228
f 478/763/228 480/765/195 481/764/195
f 480/765/195 482/767/226 483/766/226
f 482/767/226 484/769/199 485/768/199
f 484/769/199 486/771/192 487/770/192
f 486/771/192 488/1606/252 489/772/252
f 488/773/252 490/776/282 491/774/282
f 490/776/282 492/778/190 493/777/190
f 492/778/190 494/780/224 495/779/224
f 494/780/224 496/782/242 497/781/242
f 496/782/242 498/784/270 499/783/270
f 498/784/270 500/786/251 501/785/251
f 500/786/251 502/788/239 503/787/239
f 502/788/239 504/790/184 505/789/184
f 504/790/184 411/691/202 410/693/202
f 697/1607/7 694/1608/7 798/1609/7
f 697/1607/7 798/1609/7 787/1610/7
f 697/1607/7 787/1610/7 779/1611/7
f 697/1607/7 779/1611/7 789/1612/7
f 194/1613/596 697/1607/7 789/1612/7
f 194/1613/596 789/1612/7 791/1614/7
f 194/1613/596 791/1614/7 801/1615/376
f 801/1615/376 814/1616/597 173/893/377
f 173/893/377 455/1510/542 457/1617/598
f 457/1617/598 459/1618/7 461/1619/599
f 461/1619/599 463/1620/7 465/1621/7
f 465/1621/7 467/1622/7 469/1623/600
f 469/1623/600 471/1624/7 473/1625/7
f 473/1625/7 475/1626/7 477/791/364
f 477/791/364 479/1627/7 481/1628/7
f 481/1628/7 483/1629/7 485/1630/601
f 485/1630/601 487/1631/7 489/1632/7
f 489/1632/7 491/1633/7 493/1634/602
f 493/1634/602 495/1635/7 497/1636/7
f 497/1636/7 499/1637/7 501/1638/603
f 501/1638/603 503/1487/535 53/927/400
f 501/1638/603 53/927/400 312/1639/604
f 493/1634/602 497/1636/7 501/1638/603
f 485/1630/601 489/1632/7 493/1634/602
f 477/791/364 481/1628/7 485/1630/601
f 469/1623/600 473/1625/7 477/791/364
f 461/1619/599 465/1621/7 469/1623/600
f 173/893/377 457/1617/598 461/1619/599
f 194/1613/596 801/1615/376 173/893/377
f 194/1613/596 173/893/377 461/1619/599
f 493/1634/602 501/1638/603 312/1639/604
f 493/1634/602 312/1639/604 311/1640/605
f 195/1641/606 194/1613/596 461/1619/599
f 196/1642/607 195/1641/606 461/1619/599
f 493/1634/602 311/1640/605 310/1643/608
f 493/1634/602 310/1643/608 290/1644/609
f 196/1642/607 461/1619/599 469/1623/600
f 217/1645/610 196/1642/607 469/1623/600
f 493/1634/602 290/1644/609 289/1646/611
f 493/1634/602 289/1646/611 288/1647/612
f 218/1648/613 217/1645/610 469/1623/600
f 219/1649/614 218/1648/613 469/1623/600
f 485/1630/601 493/1634/602 288/1647/612
f 485/1630/601 288/1647/612 287/1650/615
f 219/1649/614 469/1623/600 477/791/364
f 220/1651/616 219/1649/614 477/791/364
f 485/1630/601 287/1650/615 267/1652/617
f 485/1630/601 267/1652/617 266/1653/618
f 240/1654/619 220/1651/616 477/791/364
f 241/1655/620 240/1654/619 477/791/364
f 477/791/364 485/1630/601 266/1653/618
f 477/791/364 266/1653/618 265/1656/621
f 242/1657/622 241/1655/620 477/791/364
f 243/793/366 242/1657/622 477/791/364
f 477/791/364 265/1656/621 264/792/365
f 824/794/367 823/975/623 812/795/368
f 679/799/7 678/1658/7 676/1659/7
f 674/797/7 672/1660/7 673/1661/7
f 679/799/7 676/1659/7 674/797/7
f 675/798/7 677/1662/7 679/799/7
f 674/797/7 673/1661/7 675/798/7
f 396/1663/7 397/1664/7 400/1665/7
f 400/1665/7 401/1666/7 402/1667/7
f 402/1667/7 403/1668/7 406/1669/7
f 406/1669/7 407/1670/7 408/1671/7
f 408/1671/7 409/1672/7 337/800/7
f 337/800/7 338/1673/7 339/1674/7
f 339/1674/7 340/1675/7 343/1676/7
f 343/1676/7 344/1677/7 345/1678/7
f 345/1678/7 346/1679/7 349/1680/7
f 349/1680/7 350/1681/7 351/1682/7
f 351/1682/7 352/1683/7 526/1414/7
f 526/1414/7 840/1417/7 837/1684/7
f 526/1414/7 837/1684/7 826/1685/7
f 349/1680/7 351/1682/7 526/1414/7
f 343/1676/7 345/1678/7 349/1680/7
f 337/800/7 339/1674/7 343/1676/7
f 406/1669/7 408/1671/7 337/800/7
f 400/1665/7 402/1667/7 406/1669/7
f 395/1686/7 396/1663/7 400/1665/7
f 763/1405/7 566/1404/7 395/1686/7
f 760/1687/7 763/1405/7 395/1686/7
f 526/1414/7 826/1685/7 831/1688/7
f 765/1689/7 760/1687/7 395/1686/7
f 759/1690/7 765/1689/7 395/1686/7
f 817/1691/7 819/1426/7 705/1425/7
f 689/1692/7 691/1423/7 774/1422/7
f 689/1692/7 774/1422/7 772/1693/7
f 689/1692/7 772/1693/7 759/1690/7
f 835/1694/7 817/1691/7 705/1425/7
f 567/1695/7 689/1692/7 759/1690/7
f 835/1694/7 705/1425/7 701/1696/7
f 831/1688/7 835/1694/7 701/1696/7
f 567/1695/7 759/1690/7 395/1686/7
f 570/1697/7 567/1695/7 395/1686/7
f 831/1688/7 701/1696/7 524/1698/7
f 526/1414/7 831/1688/7 524/1698/7
f 570/1697/7 395/1686/7 400/1665/7
f 572/1699/7 570/1697/7 400/1665/7
f 349/1680/7 526/1414/7 524/1698/7
f 349/1680/7 524/1698/7 522/1700/7
f 574/1701/7 572/1699/7 400/1665/7
f 577/1702/7 574/1701/7 400/1665/7
f 349/1680/7 522/1700/7 519/1703/7
f 349/1680/7 519/1703/7 516/1704/7
f 577/1702/7 400/1665/7 406/1669/7
f 580/1705/7 577/1702/7 406/1669/7
f 343/1676/7 349/1680/7 516/1704/7
f 343/1676/7 516/1704/7 513/1706/7
f 580/1705/7 406/1669/7 337/800/7
f 583/1707/7 580/1705/7 337/800/7
f 343/1676/7 513/1706/7 511/1708/7
f 343/1676/7 511/1708/7 507/801/7
f 506/802/7 583/1707/7 337/800/7
f 337/800/7 343/1676/7 507/801/7
f 377/803/207 376/298/215 636/300/215
f 356/805/204 526/851/170 610/806/170
f 571/808/212 281/1709/167 665/809/167
f 210/810/202 550/1710/274 639/811/274
f 528/812/195 140/823/226 613/813/226
f 258/815/240 568/328/170 659/329/170
f 378/816/153 377/803/207 638/804/207
f 357/817/212 356/805/204 612/807/204
f 566/819/195 391/480/228 656/482/228
f 550/820/274 211/882/178 641/821/178
f 140/823/226 531/836/199 615/824/199
f 401/825/282 400/1711/252 666/826/252
f 188/384/239 548/271/184 635/273/184
f 358/828/167 357/817/212 614/818/212
f 338/830/202 337/389/184 586/391/184
f 575/832/304 303/846/217 669/833/217
f 375/835/159 371/416/261 632/418/261
f 531/836/199 141/591/192 617/593/192
f 508/837/159 70/852/215 589/838/215
f 402/839/190 401/825/282 668/827/282
f 383/841/254 382/624/216 642/626/216
f 118/843/228 528/812/195 611/814/195
f 339/844/274 338/830/202 588/831/202
f 303/846/217 578/861/165 671/847/165
f 554/848/280 233/862/305 645/849/305
f 526/851/170 352/351/240 608/353/240
f 70/852/215 510/867/207 591/853/207
f 403/854/224 402/839/190 670/840/190
f 384/855/151 383/841/254 644/842/254
f 362/857/217 361/564/304 618/566/304
f 340/859/178 339/1712/274 590/860/274
f 578/861/165 304/483/230 673/485/230
f 233/862/305 557/878/176 647/863/176
f 535/864/252 163/879/282 621/865/282
f 510/867/207 71/513/153 593/515/153
f 281/868/167 575/832/304 667/834/304
f 385/870/213 384/1713/151 646/871/151
f 363/872/165 362/857/217 620/858/217
f 344/874/305 343/486/280 594/488/280
f 400/876/252 397/265/192 664/267/192
f 557/878/176 234/419/201 649/421/201
f 163/879/282 538/620/190 623/621/190
f 514/880/216 93/597/254 597/599/254
f 407/881/270 406/451/242 674/453/242
f 211/882/178 554/848/280 643/850/280
f 364/883/230 363/872/165 622/873/165
f 345/884/176 344/874/305 596/875/305
f 581/885/229 326/1468/233 677/568/233
f 255/886/370 564/1714/624 693/887/371
f 699/889/373 367/1715/625 173/890/374
f 809/1716/7 798/1609/7 694/1608/7
f 173/893/377 814/1616/597 823/1717/626
f 173/893/377 823/1717/626 824/1718/627
f 809/1716/7 694/1608/7 698/892/376
f 173/893/377 824/1718/627 811/894/378
f 811/894/378 809/1716/7 698/892/376
f 696/895/379 697/242/628 194/896/380
f 715/898/382 682/220/164 686/899/383
f 695/1224/8 786/1223/8 799/1719/8
f 695/1224/8 799/1719/8 810/1720/8
f 813/1721/8 800/1218/8 367/902/8
f 812/1722/8 813/1721/8 367/902/8
f 699/903/8 695/1224/8 810/1720/8
f 822/901/8 812/1722/8 367/902/8
f 699/903/8 810/1720/8 822/901/8
f 731/904/384 698/252/189 694/905/385
f 53/907/386 682/1723/629 683/908/387
f 686/899/383 685/210/155 713/211/156
f 705/910/389 702/5/5 737/911/390
f 723/913/391 693/1295/515 691/914/392
f 691/914/392 689/2/2 721/916/393
f 704/1724/8 820/1725/8 818/1726/8
f 704/1724/8 818/1726/8 836/1727/8
f 838/1728/630 841/1729/631 115/918/395
f 828/1730/632 838/1728/630 115/918/395
f 700/919/8 704/1724/8 836/1727/8
f 832/917/394 828/1730/632 115/918/395
f 700/919/8 836/1727/8 832/917/394
f 701/920/396 700/1731/633 115/921/397
f 794/1732/8 803/1226/8 333/1225/8
f 683/923/8 687/1246/8 797/1245/8
f 683/923/8 797/1245/8 795/1733/8
f 782/1734/8 794/1732/8 333/1225/8
f 769/925/8 782/1734/8 333/1225/8
f 683/923/8 795/1733/8 784/924/8
f 769/925/8 333/1225/8 683/923/8
f 783/1735/7 796/1480/7 686/1479/7
f 53/927/400 793/1486/534 781/1736/634
f 53/927/400 781/1736/634 770/1737/635
f 783/1735/7 686/1479/7 682/926/399
f 53/927/400 770/1737/635 785/928/401
f 785/928/401 783/1735/7 682/926/399
f 706/929/402 701/1291/513 705/910/389
f 136/930/403 703/1738/636 702/931/404
f 694/905/385 697/1739/180 729/933/181
f 450/1740/8 448/1741/8 446/1742/8
f 446/1742/8 444/1743/8 442/1744/8
f 442/1744/8 440/1745/8 438/1746/637
f 438/1746/637 436/1747/8 434/1748/8
f 434/1748/8 432/1749/8 430/1555/569
f 430/1555/569 115/918/395 841/1729/631
f 430/1555/569 841/1729/631 827/1750/638
f 438/1746/637 434/1748/8 430/1555/569
f 446/1742/8 442/1744/8 438/1746/637
f 452/936/408 450/1740/8 446/1742/8
f 456/1751/8 454/1752/8 452/936/408
f 460/1753/639 458/1754/8 456/1751/8
f 464/1755/8 462/1756/8 460/1753/639
f 468/1757/640 466/1758/8 464/1755/8
f 472/1759/8 470/1760/8 468/1757/640
f 476/1761/641 474/1762/8 472/1759/8
f 255/650/338 478/1540/563 476/1761/641
f 254/1763/642 255/650/338 476/1761/641
f 476/1761/641 472/1759/8 468/1757/640
f 468/1757/640 464/1755/8 460/1753/639
f 460/1753/639 456/1751/8 452/936/408
f 452/936/408 446/1742/8 438/1746/637
f 821/1764/8 820/1725/8 704/1724/8
f 253/1765/643 254/1763/642 476/1761/641
f 833/1766/8 821/1764/8 704/1724/8
f 252/1767/644 253/1765/643 476/1761/641
f 833/1766/8 704/1724/8 703/1768/8
f 829/1769/8 833/1766/8 703/1768/8
f 829/1769/8 703/1768/8 136/1770/645
f 827/1750/638 829/1769/8 136/1770/645
f 252/1767/644 476/1761/641 468/1757/640
f 231/1771/646 252/1767/644 468/1757/640
f 430/1555/569 827/1750/638 136/1770/645
f 430/1555/569 136/1770/645 137/1772/647
f 230/1773/648 231/1771/646 468/1757/640
f 229/1774/649 230/1773/648 468/1757/640
f 438/1746/637 430/1555/569 137/1772/647
f 438/1746/637 137/1772/647 138/1775/650
f 229/1774/649 468/1757/640 460/1753/639
f 208/1776/651 229/1774/649 460/1753/639
f 438/1746/637 138/1775/650 159/1777/652
f 438/1746/637 159/1777/652 160/1778/653
f 207/1779/654 208/1776/651 460/1753/639
f 206/1780/655 207/1779/654 460/1753/639
f 452/936/408 438/1746/637 160/1778/653
f 452/936/408 160/1778/653 161/1781/656
f 206/1780/655 460/1753/639 452/936/408
f 205/1782/657 206/1780/655 452/936/408
f 452/936/408 161/1781/656 182/1783/658
f 452/936/408 182/1783/658 183/1784/659
f 185/935/407 205/1782/657 452/936/408
f 452/936/408 183/1784/659 184/934/406
f 684/937/409 685/1785/660 54/938/410
f 42/942/414 44/1786/8 45/1787/8
f 45/1787/8 47/1788/8 49/1789/8
f 49/1789/8 50/1790/8 52/1791/8
f 52/1791/8 1/1792/8 3/1319/522
f 3/1319/522 739/1321/524 738/1793/661
f 3/1319/522 738/1793/661 756/1794/662
f 49/1789/8 52/1791/8 3/1319/522
f 42/942/414 45/1787/8 49/1789/8
f 39/1795/8 40/1796/8 42/942/414
f 36/1303/518 37/1797/8 39/1795/8
f 752/1798/663 751/1304/519 36/1303/518
f 753/1799/664 752/1798/663 36/1303/518
f 36/1303/518 39/1795/8 42/942/414
f 42/942/414 49/1789/8 3/1319/522
f 3/1319/522 756/1794/662 755/940/412
f 754/941/413 753/1799/664 36/1303/518
f 42/942/414 3/1319/522 755/940/412
f 754/941/413 36/1303/518 42/942/414
f 680/1800/7 678/1658/7 679/799/7
f 679/799/7 681/1801/7 587/1802/7
f 587/1802/7 589/1803/7 591/1804/7
f 591/1804/7 593/1805/7 595/1806/7
f 595/1806/7 597/1807/7 599/1808/7
f 599/1808/7 601/1809/7 603/1810/7
f 603/1810/7 605/1811/7 607/1812/7
f 607/1812/7 609/1813/7 611/1814/7
f 611/1814/7 613/1815/7 615/1816/7
f 615/1816/7 617/1817/7 619/1818/7
f 619/1818/7 621/1819/7 623/944/7
f 623/944/7 625/1820/7 627/1821/7
f 627/1821/7 629/1822/7 631/945/7
f 631/945/7 633/1823/7 635/1824/7
f 635/1824/7 637/1825/7 639/1826/7
f 639/1826/7 641/1827/7 643/1828/7
f 643/1828/7 645/1829/7 647/1830/7
f 647/1830/7 649/1831/7 651/1832/7
f 651/1832/7 653/1833/7 655/1834/7
f 655/1834/7 657/1835/7 659/1836/7
f 659/1836/7 661/1837/7 663/1838/7
f 663/1838/7 665/1839/7 667/1840/7
f 667/1840/7 669/1841/7 671/1842/7
f 671/1842/7 673/1661/7 672/1660/7
f 671/1842/7 672/1660/7 670/1843/7
f 663/1838/7 667/1840/7 671/1842/7
f 655/1834/7 659/1836/7 663/1838/7
f 647/1830/7 651/1832/7 655/1834/7
f 639/1826/7 643/1828/7 647/1830/7
f 631/945/7 635/1824/7 639/1826/7
f 623/944/7 627/1821/7 631/945/7
f 615/1816/7 619/1818/7 623/944/7
f 607/1812/7 611/1814/7 615/1816/7
f 599/1808/7 603/1810/7 607/1812/7
f 591/1804/7 595/1806/7 599/1808/7
f 679/799/7 587/1802/7 591/1804/7
f 586/1844/7 680/1800/7 679/799/7
f 588/1845/7 586/1844/7 679/799/7
f 671/1842/7 670/1843/7 668/1846/7
f 671/1842/7 668/1846/7 666/1847/7
f 588/1845/7 679/799/7 591/1804/7
f 590/1848/7 588/1845/7 591/1804/7
f 663/1838/7 671/1842/7 666/1847/7
f 663/1838/7 666/1847/7 664/1849/7
f 592/1850/7 590/1848/7 591/1804/7
f 594/1851/7 592/1850/7 591/1804/7
f 663/1838/7 664/1849/7 662/1852/7
f 663/1838/7 662/1852/7 660/1853/7
f 594/1851/7 591/1804/7 599/1808/7
f 596/1854/7 594/1851/7 599/1808/7
f 655/1834/7 663/1838/7 660/1853/7
f 655/1834/7 660/1853/7 658/1855/7
f 598/1856/7 596/1854/7 599/1808/7
f 600/1857/7 598/1856/7 599/1808/7
f 655/1834/7 658/1855/7 656/1858/7
f 655/1834/7 656/1858/7 654/1859/7
f 600/1857/7 599/1808/7 607/1812/7
f 602/1860/7 600/1857/7 607/1812/7
f 655/1834/7 654/1859/7 652/1861/7
f 655/1834/7 652/1861/7 650/1862/7
f 604/1863/7 602/1860/7 607/1812/7
f 606/1864/7 604/1863/7 607/1812/7
f 647/1830/7 655/1834/7 650/1862/7
f 647/1830/7 650/1862/7 648/1865/7
f 608/1866/7 606/1864/7 607/1812/7
f 610/1867/7 608/1866/7 607/1812/7
f 647/1830/7 648/1865/7 646/1868/7
f 647/1830/7 646/1868/7 644/1869/7
f 610/1867/7 607/1812/7 615/1816/7
f 612/1870/7 610/1867/7 615/1816/7
f 639/1826/7 647/1830/7 644/1869/7
f 639/1826/7 644/1869/7 642/1871/7
f 614/1872/7 612/1870/7 615/1816/7
f 616/1873/7 614/1872/7 615/1816/7
f 639/1826/7 642/1871/7 640/1874/7
f 639/1826/7 640/1874/7 638/1875/7
f 616/1873/7 615/1816/7 623/944/7
f 618/1876/7 616/1873/7 623/944/7
f 639/1826/7 638/1875/7 636/1877/7
f 639/1826/7 636/1877/7 634/1878/7
f 620/1879/7 618/1876/7 623/944/7
f 622/1880/7 620/1879/7 623/944/7
f 631/945/7 639/1826/7 634/1878/7
f 631/945/7 634/1878/7 632/1881/7
f 624/1882/7 622/1880/7 623/944/7
f 626/1883/7 624/1882/7 623/944/7
f 631/945/7 632/1881/7 630/1884/7
f 628/943/7 626/1883/7 623/944/7
f 631/945/7 630/1884/7 628/943/7
f 740/946/415 7/955/423 5/947/416
f 2/950/419 51/1885/104 756/951/420
f 748/949/418 749/116/106 30/115/105
f 741/954/422 10/1886/665 7/955/423
f 12/120/110 10/1886/665 741/954/422
f 751/956/424 38/960/426 35/957/109
f 752/959/425 41/964/429 38/960/426
f 20/126/115 18/125/114 744/962/427
f 753/963/428 43/966/431 41/964/429
f 754/965/430 46/1887/666 43/966/431
f 25/129/118 23/1888/117 746/967/432
f 739/948/417 5/947/416 2/950/419
f 48/112/102 46/1887/666 754/965/430
f 780/161/433 790/177/667 789/969/434
f 766/171/437 761/1889/668 760/971/438
f 829/146/441 827/179/669 842/973/442
f 813/166/445 812/795/670 823/975/446
f 773/194/448 771/142/671 772/976/449
f 818/977/451 820/1890/672 819/978/452
f 784/137/454 795/1891/673 783/980/455
f 768/983/459 767/174/674 776/148/460
f 841/984/464 838/151/675 837/970/465
f 806/185/467 815/184/676 804/157/468
f 828/152/471 832/1892/677 831/986/472
f 781/972/475 794/191/678 782/988/476
f 764/990/478 757/1893/679 763/991/479
f 825/995/483 821/999/680 833/996/484
f 819/978/488 820/1890/681 821/999/489
f 836/1000/492 818/1894/682 817/1001/493
f 832/1004/496 836/1000/683 835/1002/497
f 810/155/503 799/187/684 809/982/504
f 761/1008/507 762/992/685 763/991/508
