# Blender 5.0.1
# www.blender.org
mtllib izquierdaB.mtl
g izquierdaB_Malla
v 0.015267 -0.727575 0.104813
v 0.142024 -0.754473 -0.204358
v 0.139042 -0.611502 -0.217160
v 0.015267 -0.727575 0.104813
v 0.139042 -0.611502 -0.217160
v 0.027841 -0.555070 0.039846
v 0.333257 -0.907322 -0.232586
v 0.280053 -0.762251 0.132869
v 0.447910 -0.788949 0.019509
v 0.190605 -0.961221 -0.235376
v 0.280053 -0.762251 0.132869
v 0.333257 -0.907322 -0.232586
v 0.290392 -0.729253 0.420349
v 0.280053 -0.762251 0.132869
v 0.129287 -0.803311 0.372511
v 0.446770 -0.727572 0.243107
v 0.280053 -0.762251 0.132869
v 0.290392 -0.729253 0.420349
v -0.065763 -0.241173 -0.138446
v 0.057054 -0.395819 -0.219275
v -0.019627 -0.168003 -0.269102
v 0.139042 -0.611502 -0.217160
v 0.257752 -0.538230 -0.203468
v 0.222808 -0.433640 -0.190889
v 0.257752 -0.538230 -0.203468
v 0.139042 -0.611502 -0.217160
v 0.142024 -0.754473 -0.204358
v 0.142024 -0.754473 -0.204358
v 0.279750 -0.706670 -0.211101
v 0.257752 -0.538230 -0.203468
v 0.356888 -0.488220 -0.055990
v 0.257752 -0.538230 -0.203468
v 0.279750 -0.706670 -0.211101
v 0.041726 0.133515 -0.239399
v 0.333257 -0.907322 -0.232586
v 0.447910 -0.788949 0.019509
v 0.399840 -0.604191 0.001024
v 0.399840 -0.604191 0.001024
v 0.447910 -0.788949 0.019509
v 0.446770 -0.727572 0.243107
v 0.392448 -0.557893 0.219919
v 0.399840 -0.604191 0.001024
v 0.446770 -0.727572 0.243107
v 0.356888 -0.488220 -0.055990
v 0.399840 -0.604191 0.001024
v 0.392448 -0.557893 0.219919
v 0.361346 -0.485675 0.100223
v 0.356888 -0.488220 -0.055990
v 0.392448 -0.557893 0.219919
v 0.392448 -0.557893 0.219919
v 0.263965 -0.599310 0.376521
v 0.252412 -0.511922 0.236172
v 0.080138 -0.639411 0.336893
v 0.263965 -0.599310 0.376521
v 0.290392 -0.729253 0.420349
v 0.080138 -0.639411 0.336893
v 0.290392 -0.729253 0.420349
v 0.129287 -0.803311 0.372511
v 0.015267 -0.727575 0.104813
v 0.080138 -0.639411 0.336893
v 0.129287 -0.803311 0.372511
v 0.015267 -0.727575 0.104813
v 0.129287 -0.803311 0.372511
v 0.069622 -0.899964 0.098200
v 0.080138 -0.639411 0.336893
v 0.015267 -0.727575 0.104813
v 0.027841 -0.555070 0.039846
v -0.019627 -0.168003 -0.269102
v -0.065763 -0.241173 -0.138446
v 0.090287 -0.061207 -0.257757
v -0.019627 -0.168003 -0.269102
v 0.090287 -0.061207 -0.257757
v 0.081548 0.052446 -0.254922
v 0.090287 -0.061207 -0.257757
v 0.204884 -0.040813 -0.075692
v 0.081548 0.052446 -0.254922
v 0.204884 -0.040813 -0.075692
v 0.173384 0.091369 -0.086960
v 0.081548 0.052446 -0.254922
v 0.187136 -0.022770 0.087603
v 0.141227 0.066593 0.102418
v 0.173384 0.091369 -0.086960
v 0.069171 -0.102690 0.233251
v 0.187136 -0.022770 0.087603
v 0.204884 -0.040813 -0.075692
v 0.302449 -0.346823 0.077880
v 0.204884 -0.040813 -0.075692
v 0.296514 -0.318743 -0.061169
v 0.302449 -0.346823 0.077880
v 0.204884 -0.040813 -0.075692
v 0.171007 -0.335514 -0.202717
v 0.296514 -0.318743 -0.061169
v 0.257752 -0.538230 -0.203468
v 0.356888 -0.488220 -0.055990
v 0.322159 -0.405081 -0.058481
v 0.322159 -0.405081 -0.058481
v 0.356888 -0.488220 -0.055990
v 0.361346 -0.485675 0.100223
v 0.322159 -0.405081 -0.058481
v 0.361346 -0.485675 0.100223
v 0.302449 -0.346823 0.077880
v 0.142024 -0.754473 -0.204358
v 0.015267 -0.727575 0.104813
v 0.069622 -0.899964 0.098200
v 0.142024 -0.754473 -0.204358
v 0.069622 -0.899964 0.098200
v 0.190605 -0.961221 -0.235376
v 0.142024 -0.754473 -0.204358
v 0.190605 -0.961221 -0.235376
v 0.279750 -0.706670 -0.211101
v 0.190605 -0.961221 -0.235376
v 0.333257 -0.907322 -0.232586
v 0.279750 -0.706670 -0.211101
v 0.204884 -0.040813 -0.075692
v 0.090287 -0.061207 -0.257757
v 0.171007 -0.335514 -0.202717
v 0.089431 0.275165 -0.070925
v 0.447910 -0.788949 0.019509
v 0.280053 -0.762251 0.132869
v 0.446770 -0.727572 0.243107
v 0.027841 -0.555070 0.039846
v 0.139042 -0.611502 -0.217160
v 0.089780 -0.466923 -0.206025
v 0.089780 -0.466923 -0.206025
v 0.033967 -0.503653 0.033998
v 0.027841 -0.555070 0.039846
v 0.069622 -0.899964 0.098200
v 0.280053 -0.762251 0.132869
v 0.190605 -0.961221 -0.235376
v 0.069622 -0.899964 0.098200
v 0.129287 -0.803311 0.372511
v 0.280053 -0.762251 0.132869
v 0.089780 -0.466923 -0.206025
v 0.057054 -0.395819 -0.219275
v 0.033967 -0.503653 0.033998
v -0.072658 -0.285944 0.014629
v 0.033967 -0.503653 0.033998
v 0.057054 -0.395819 -0.219275
v 0.057054 -0.395819 -0.219275
v -0.065763 -0.241173 -0.138446
v -0.072658 -0.285944 0.014629
v 0.171007 -0.335514 -0.202717
v -0.019627 -0.168003 -0.269102
v 0.057054 -0.395819 -0.219275
v 0.171007 -0.335514 -0.202717
v 0.057054 -0.395819 -0.219275
v 0.089780 -0.466923 -0.206025
v 0.089780 -0.466923 -0.206025
v 0.222808 -0.433640 -0.190889
v 0.171007 -0.335514 -0.202717
v 0.089780 -0.466923 -0.206025
v 0.139042 -0.611502 -0.217160
v 0.222808 -0.433640 -0.190889
v 0.279750 -0.706670 -0.211101
v 0.399840 -0.604191 0.001024
v 0.356888 -0.488220 -0.055990
v 0.041726 0.133515 -0.239399
v 0.036791 0.090644 -0.274020
v 0.279750 -0.706670 -0.211101
v 0.333257 -0.907322 -0.232586
v 0.399840 -0.604191 0.001024
v 0.252412 -0.511922 0.236172
v 0.361346 -0.485675 0.100223
v 0.392448 -0.557893 0.219919
v 0.263965 -0.599310 0.376521
v 0.392448 -0.557893 0.219919
v 0.446770 -0.727572 0.243107
v 0.263965 -0.599310 0.376521
v 0.446770 -0.727572 0.243107
v 0.290392 -0.729253 0.420349
v 0.027841 -0.555070 0.039846
v 0.114489 -0.575321 0.179985
v 0.080138 -0.639411 0.336893
v 0.263965 -0.599310 0.376521
v 0.080138 -0.639411 0.336893
v 0.114489 -0.575321 0.179985
v 0.263965 -0.599310 0.376521
v 0.114489 -0.575321 0.179985
v 0.252412 -0.511922 0.236172
v 0.252412 -0.511922 0.236172
v 0.114489 -0.575321 0.179985
v 0.089135 -0.492781 0.171687
v 0.089135 -0.492781 0.171687
v 0.114489 -0.575321 0.179985
v 0.027841 -0.555070 0.039846
v 0.033967 -0.503653 0.033998
v 0.089135 -0.492781 0.171687
v 0.027841 -0.555070 0.039846
v 0.033967 -0.503653 0.033998
v -0.072658 -0.285944 0.014629
v 0.089135 -0.492781 0.171687
v -0.072658 -0.285944 0.014629
v -0.034919 -0.207092 0.225123
v 0.089135 -0.492781 0.171687
v 0.252412 -0.511922 0.236172
v 0.089135 -0.492781 0.171687
v 0.207339 -0.400683 0.201986
v 0.173384 0.091369 -0.086960
v 0.204884 -0.040813 -0.075692
v 0.187136 -0.022770 0.087603
v 0.207339 -0.400683 0.201986
v 0.361346 -0.485675 0.100223
v 0.252412 -0.511922 0.236172
v 0.141227 0.066593 0.102418
v 0.187136 -0.022770 0.087603
v 0.187136 -0.022770 0.087603
v 0.069171 -0.102690 0.233251
v 0.207339 -0.400683 0.201986
v 0.302449 -0.346823 0.077880
v 0.361346 -0.485675 0.100223
v 0.080463 0.230601 -0.240182
v 0.107177 0.115389 -0.214032
v 0.080463 0.230601 -0.240182
v 0.069171 -0.102690 0.233251
v 0.302449 -0.346823 0.077880
v 0.207339 -0.400683 0.201986
v 0.036791 0.090644 -0.274020
v 0.069171 -0.102690 0.233251
v 0.207339 -0.400683 0.201986
v -0.034919 -0.207092 0.225123
v 0.069171 -0.102690 0.233251
v 0.187136 -0.022770 0.087603
v 0.302449 -0.346823 0.077880
v 0.296514 -0.318743 -0.061169
v 0.171007 -0.335514 -0.202717
v 0.222808 -0.433640 -0.190889
v 0.296514 -0.318743 -0.061169
v 0.222808 -0.433640 -0.190889
v 0.322159 -0.405081 -0.058481
v 0.141227 0.066593 0.102418
v 0.171007 -0.335514 -0.202717
v 0.090287 -0.061207 -0.257757
v -0.019627 -0.168003 -0.269102
v 0.116234 0.136029 0.117764
v 0.141227 0.066593 0.102418
v 0.141227 0.066593 0.102418
v 0.116234 0.136029 0.117764
v 0.160245 0.160877 -0.079175
v 0.173384 0.091369 -0.086960
v 0.160245 0.160877 -0.079175
v 0.041726 0.133515 -0.239399
v 0.081548 0.052446 -0.254922
v 0.041726 0.133515 -0.239399
v 0.041726 0.133515 -0.239399
v 0.222808 -0.433640 -0.190889
v 0.257752 -0.538230 -0.203468
v 0.322159 -0.405081 -0.058481
v 0.296514 -0.318743 -0.061169
v 0.322159 -0.405081 -0.058481
v 0.302449 -0.346823 0.077880
v 0.107177 0.115389 -0.214032
v 0.041726 0.133515 -0.239399
v 0.160245 0.160877 -0.079175
v 0.107177 0.115389 -0.214032
v 0.160245 0.160877 -0.079175
v 0.202052 0.137142 -0.056640
v 0.041726 0.133515 -0.239399
v 0.081548 0.052446 -0.254922
v 0.173384 0.091369 -0.086960
v 0.160245 0.160877 -0.079175
v 0.173384 0.091369 -0.086960
v 0.141227 0.066593 0.102418
v 0.036791 0.090644 -0.274020
v 0.107177 0.115389 -0.214032
v -0.034919 -0.207092 0.225123
v -0.034919 -0.207092 0.225123
v 0.069171 -0.102690 0.233251
v 0.080463 0.230601 -0.240182
v 0.065434 0.098497 0.263211
v 0.164645 0.156946 0.140165
v 0.065434 0.098497 0.263211
v 0.065434 0.098497 0.263211
v -0.034919 -0.207092 0.225123
v 0.207339 -0.400683 0.201986
v 0.089135 -0.492781 0.171687
v 0.089431 0.275165 -0.070925
v 0.089431 0.275165 -0.070925
v 0.137480 0.268723 -0.054237
v 0.089431 0.275165 -0.070925
v 0.137480 0.268723 -0.054237
v 0.164645 0.156946 0.140165
v 0.137480 0.268723 -0.054237
v 0.202052 0.137142 -0.056640
v 0.164645 0.156946 0.140165
v 0.107177 0.115389 -0.214032
v 0.202052 0.137142 -0.056640
v 0.137480 0.268723 -0.054237
v 0.137480 0.268723 -0.054237
v 0.080463 0.230601 -0.240182
v 0.107177 0.115389 -0.214032
v 0.080463 0.230601 -0.240182
v 0.137480 0.268723 -0.054237
v 0.089431 0.275165 -0.070925
v 0.080463 0.230601 -0.240182
v 0.089431 0.275165 -0.070925
v 0.089431 0.275165 -0.070925
v 0.036791 0.090644 -0.274020
v 0.041726 0.133515 -0.239399
v 0.107177 0.115389 -0.214032
v 0.041726 0.133515 -0.239399
v 0.116234 0.136029 0.117764
v 0.065434 0.098497 0.263211
v 0.164645 0.156946 0.140165
v 0.116234 0.136029 0.117764
v 0.065434 0.098497 0.263211
v 0.160245 0.160877 -0.079175
v 0.116234 0.136029 0.117764
v 0.164645 0.156946 0.140165
v 0.160245 0.160877 -0.079175
v 0.164645 0.156946 0.140165
v 0.202052 0.137142 -0.056640
v 0.310614 -1.042258 0.490775
v 0.317128 -1.043172 0.488719
v 0.311971 -1.031799 0.486278
v 0.318399 -1.033027 0.484022
v 0.321569 -1.048415 0.481440
v 0.323634 -1.036511 0.475063
v 0.324564 -1.044430 0.467866
v 0.322335 -1.053848 0.474519
v 0.315405 -1.056196 0.469073
v 0.316101 -1.047359 0.462639
v 0.314127 -1.033322 0.308359
v 0.332613 -1.035034 0.303836
v 0.316657 -1.022146 0.304300
v 0.335984 -1.024127 0.299310
v 0.301662 -1.037190 0.301279
v 0.303237 -1.024937 0.295942
v 0.304887 -1.042817 0.287660
v 0.306511 -1.031132 0.282969
v 0.317431 -1.035295 0.276419
v 0.317331 -1.046101 0.282276
v 0.328673 -1.044546 0.282887
v 0.328687 -1.034096 0.276662
v 0.334995 -1.039785 0.293649
v 0.337773 -1.028965 0.288760
v 0.326952 -1.033768 0.429899
v 0.343956 -1.035069 0.427646
v 0.325006 -1.014852 0.419732
v 0.343907 -1.016504 0.417245
v 0.312118 -1.039304 0.423503
v 0.313010 -1.020687 0.411828
v 0.315390 -1.050022 0.405573
v 0.316700 -1.030992 0.393906
v 0.327541 -1.052416 0.399531
v 0.326096 -1.034265 0.386927
v 0.348500 -1.047188 0.406412
v 0.350818 -1.028680 0.395999
v 0.349881 -1.040438 0.417520
v 0.350314 -1.022712 0.406698
v 0.327317 -1.004193 0.454531
v 0.327735 -1.011729 0.446197
v 0.327086 -0.991167 0.445640
v 0.326284 -0.998616 0.436917
v 0.315848 -1.003914 0.430618
v 0.316360 -1.015546 0.438905
v 0.296000 -1.003460 0.433712
v 0.297335 -1.013782 0.442798
v 0.296823 -0.992344 0.449021
v 0.298521 -1.003516 0.456658
v 0.308787 -0.985069 0.457489
v 0.310195 -0.996928 0.465349
v 0.319296 -0.986725 0.453547
v 0.320450 -0.999461 0.462558
v 0.330014 -1.048731 0.371781
v 0.349025 -1.048742 0.365867
v 0.326524 -1.028136 0.362779
v 0.350125 -1.029476 0.357291
v 0.312713 -1.057673 0.364624
v 0.311943 -1.035629 0.355111
v 0.315639 -1.043741 0.337099
v 0.316447 -1.064897 0.347958
v 0.332539 -1.043746 0.330717
v 0.333125 -1.063081 0.342141
v 0.348429 -1.059125 0.346293
v 0.348466 -1.040632 0.335303
v 0.351409 -1.053362 0.356539
v 0.352529 -1.034352 0.346924
v 0.339104 -1.000260 0.290082
v 0.339908 -0.992607 0.286939
v 0.318925 -1.001746 0.298113
v 0.317511 -0.995652 0.295887
v 0.301558 -1.003664 0.289055
v 0.299852 -0.997071 0.288739
v 0.306396 -1.002392 0.269550
v 0.308164 -1.008061 0.272397
v 0.317487 -1.003785 0.261324
v 0.318720 -1.011286 0.264854
v 0.331294 -1.010064 0.264226
v 0.331455 -1.000740 0.259752
v 0.341430 -1.004302 0.276869
v 0.342309 -0.995285 0.272907
v 0.345342 -1.003077 0.344511
v 0.343619 -0.987141 0.336109
v 0.321243 -1.001354 0.351590
v 0.320358 -0.980742 0.343267
v 0.304317 -1.008342 0.341547
v 0.301201 -0.992245 0.334104
v 0.303415 -0.997108 0.310593
v 0.307981 -1.018812 0.322227
v 0.317886 -0.993970 0.299851
v 0.324838 -1.020519 0.316776
v 0.343617 -1.015676 0.321302
v 0.341198 -0.999302 0.312252
v 0.349482 -1.007877 0.333434
v 0.349165 -0.992214 0.324359
v 0.341481 -0.980528 0.396816
v 0.338828 -0.959535 0.384750
v 0.315782 -0.978338 0.399837
v 0.310589 -0.956305 0.386882
v 0.304627 -0.987061 0.392165
v 0.299519 -0.969712 0.380630
v 0.302156 -0.982273 0.361732
v 0.307281 -0.999420 0.372006
v 0.319735 -0.980244 0.350071
v 0.321170 -1.001478 0.364936
v 0.347124 -0.994284 0.374193
v 0.344050 -0.974908 0.360727
v 0.347232 -0.987495 0.385469
v 0.345380 -0.966311 0.372181
v 0.313897 -0.947712 0.429800
v 0.313052 -0.933629 0.421392
v 0.301830 -0.946867 0.433909
v 0.299448 -0.932652 0.425768
v 0.290009 -0.955255 0.425593
v 0.287208 -0.943099 0.416322
v 0.293476 -0.968826 0.406497
v 0.291317 -0.957864 0.395254
v 0.310428 -0.952900 0.390937
v 0.311778 -0.967064 0.401722
v 0.325373 -0.961633 0.409602
v 0.323526 -0.947809 0.399380
v 0.324360 -0.952778 0.420306
v 0.323064 -0.938980 0.411760
v 0.273781 -0.926465 0.277478
v 0.285166 -0.963015 0.285489
v 0.276791 -0.926507 0.323600
v 0.282264 -0.948703 0.329258
v 0.273024 -0.914967 0.364914
v 0.277577 -0.927977 0.372094
v 0.271876 -0.900310 0.392183
v 0.277981 -0.914506 0.398212
v 0.286728 -0.886909 0.400246
v 0.293312 -0.900677 0.408174
v 0.305023 -0.873196 0.387296
v 0.309471 -0.898489 0.401423
v 0.318191 -0.872648 0.368756
v 0.323379 -0.902164 0.388309
v 0.344406 -0.899402 0.293705
v 0.350026 -0.949467 0.301871
v 0.345238 -0.918939 0.255698
v 0.347073 -0.959607 0.279829
v 0.343210 -0.923760 0.348285
v 0.344090 -0.940559 0.321119
v 0.332623 -0.884517 0.332369
v 0.332670 -0.913499 0.369130
v 0.260334 -0.896297 0.293621
v 0.264860 -0.897054 0.314126
v 0.343505 -0.966241 0.260401
v 0.338820 -0.925107 0.243136
v 0.317058 -0.938521 0.229870
v 0.325762 -0.972256 0.246236
v 0.295967 -0.944234 0.232105
v 0.308556 -0.972851 0.245188
v 0.281396 -0.939689 0.247808
v 0.294133 -0.970744 0.256757
v 0.256521 -0.897802 0.354209
v 0.309176 -0.833992 0.345200
v 0.327312 -0.849000 0.308001
v 0.228430 -0.878192 0.295603
v 0.250032 -0.887192 0.277539
v 0.285089 -0.717376 0.141753
v 0.295122 -0.700301 0.175252
v 0.300977 -0.776200 0.180163
v 0.309714 -0.760781 0.210850
v 0.304069 -0.748783 0.244088
v 0.290974 -0.687833 0.204606
v 0.279382 -0.681449 0.226123
v 0.290419 -0.743822 0.260742
v 0.281652 -0.784916 0.167903
v 0.269103 -0.727340 0.128845
v 0.335822 -0.884517 0.237928
v 0.325711 -0.894004 0.226422
v 0.314653 -0.867435 0.210176
v 0.328055 -0.858341 0.222236
v 0.321109 -0.829013 0.202224
v 0.300377 -0.838340 0.194319
v 0.309428 -0.804854 0.195481
v 0.292590 -0.815948 0.184652
v 0.248590 -0.734179 0.124611
v 0.265007 -0.789953 0.167389
v 0.318211 -0.790464 0.227912
v 0.328157 -0.812019 0.241275
v 0.333360 -0.837585 0.257039
v 0.337799 -0.864062 0.272369
v 0.343220 -1.115198 0.388138
v 0.341067 -1.111427 0.395551
v 0.340432 -1.122581 0.391716
v 0.340116 -1.115949 0.397676
v 0.341288 -1.118471 0.380034
v 0.339258 -1.122739 0.384193
v 0.324015 -1.083632 0.313582
v 0.322133 -1.081045 0.320789
v 0.322668 -1.090910 0.317241
v 0.321536 -1.085736 0.321492
v 0.321791 -1.088730 0.305284
v 0.321660 -1.092284 0.309304
v 0.314255 -1.098802 0.311333
v 0.304045 -1.090795 0.311547
v 0.314398 -1.091765 0.303960
v 0.314724 -1.091249 0.326842
v 0.303681 -1.086586 0.320739
v 0.315653 -1.098357 0.320458
v 0.331742 -1.125735 0.382003
v 0.322055 -1.118760 0.379393
v 0.333192 -1.121373 0.375876
v 0.330923 -1.116925 0.399287
v 0.320690 -1.113042 0.392637
v 0.330174 -1.125325 0.390509
v 0.336572 -1.106034 0.464604
v 0.324958 -1.102617 0.458096
v 0.338077 -1.114158 0.459485
v 0.338312 -1.116007 0.450042
v 0.324902 -1.109947 0.446964
v 0.338244 -1.112716 0.442967
v 0.346089 -1.100888 0.452635
v 0.342842 -1.096502 0.460790
v 0.345698 -1.109608 0.457366
v 0.343250 -1.103176 0.462895
v 0.343809 -1.107897 0.443368
v 0.344162 -1.111698 0.448454
v 0.317130 -1.050133 0.487363
v 0.319707 -1.054600 0.484385
v 0.320158 -1.055864 0.478351
v 0.314355 -1.059937 0.476098
v 0.301202 -1.053314 0.472898
v 0.309938 -1.049063 0.490135
v 0.299392 -1.046015 0.483607
v 0.311947 -1.056985 0.485174
v 0.331908 -1.065567 0.304930
v 0.328625 -1.075153 0.309138
v 0.327582 -1.070324 0.296019
v 0.323002 -1.081572 0.300593
v 0.333243 -1.056870 0.300433
v 0.329078 -1.061015 0.291150
v 0.333391 -1.050765 0.298101
v 0.328525 -1.055151 0.288278
v 0.339554 -1.023082 0.285737
v 0.329366 -1.028408 0.273645
v 0.339799 -1.017547 0.282655
v 0.329878 -1.022014 0.270367
v 0.347572 -1.082057 0.370884
v 0.345837 -1.105539 0.383756
v 0.346208 -1.085601 0.362327
v 0.345182 -1.109772 0.376243
v 0.349698 -1.074876 0.367637
v 0.348055 -1.079024 0.358973
v 0.350105 -1.067214 0.363719
v 0.347931 -1.071656 0.354448
v 0.352553 -1.027420 0.343690
v 0.347448 -1.034042 0.331810
v 0.350761 -1.021503 0.340145
v 0.345780 -1.028419 0.328941
v 0.350873 -1.072336 0.436796
v 0.348894 -1.089242 0.445796
v 0.347640 -1.080930 0.426624
v 0.345066 -1.098948 0.436103
v 0.352197 -1.063621 0.432121
v 0.349952 -1.072216 0.421468
v 0.351207 -1.056398 0.427594
v 0.347988 -1.063990 0.416307
v 0.351386 -1.016212 0.403440
v 0.351769 -1.022461 0.392678
v 0.349931 -1.009654 0.399345
v 0.350551 -1.016299 0.388658
v 0.326574 -1.019020 0.464554
v 0.325713 -1.033079 0.473759
v 0.326583 -1.026114 0.455452
v 0.326149 -1.041236 0.466551
v 0.327175 -1.011815 0.460031
v 0.327467 -1.018447 0.450813
v 0.328416 -0.981248 0.439009
v 0.326174 -0.988478 0.428719
v 0.327689 -0.974818 0.434914
v 0.326326 -0.982455 0.424493
v 0.326645 -0.968797 0.430804
v 0.325726 -0.976578 0.419814
v 0.340882 -0.990742 0.307124
v 0.342433 -0.977783 0.300457
v 0.342478 -0.969248 0.355667
v 0.341297 -0.956557 0.342086
v 0.323964 -0.940462 0.395002
v 0.326308 -0.928909 0.385535
v 0.338174 -0.951659 0.381055
v 0.342723 -0.977543 0.331886
v 0.349725 -0.982894 0.320067
v 0.351650 -0.968705 0.312298
v 0.344953 -0.964847 0.327381
v 0.344898 -0.957335 0.367584
v 0.205303 -0.909412 0.414856
v 0.195643 -0.897527 0.419056
v 0.207029 -0.898151 0.387008
v 0.197641 -0.883736 0.392473
v 0.343108 -0.978284 0.284091
v 0.344169 -0.979085 0.266815
v 0.341720 -0.985105 0.284586
v 0.343745 -0.987770 0.269936
v 0.323534 -0.919230 0.399242
v 0.312178 -0.913608 0.409947
v 0.322265 -0.929598 0.405575
v 0.312124 -0.924362 0.415895
v 0.338414 -0.936717 0.375896
v 0.345877 -0.944089 0.360339
v 0.331272 -0.994125 0.257081
v 0.315245 -0.997117 0.257571
v 0.301475 -0.995482 0.266522
v 0.297611 -0.923763 0.420765
v 0.296315 -0.914232 0.415759
v 0.282977 -0.925373 0.404825
v 0.284253 -0.935018 0.409409
v 0.219023 -0.910895 0.465998
v 0.227568 -0.913813 0.463042
v 0.220195 -0.905252 0.463920
v 0.207072 -0.904877 0.461461
v 0.208314 -0.902090 0.457064
v 0.197855 -0.908544 0.460038
v 0.197606 -0.904706 0.454328
v 0.192335 -0.917110 0.454213
v 0.200904 -0.891154 0.437790
v 0.216326 -0.930445 0.472378
v 0.203111 -0.926777 0.480416
v 0.196252 -0.933950 0.467720
v 0.220804 -0.924070 0.479397
v 0.216426 -0.919474 0.476815
v 0.203852 -0.918861 0.478300
v 0.226112 -0.891060 0.443852
v 0.197280 -0.916819 0.474840
v 0.221108 -0.929797 0.451105
v 0.198630 -0.927993 0.447314
v 0.192806 -0.925648 0.472987
v 0.193570 -0.901882 0.427067
v 0.203616 -0.913968 0.422147
v 0.203996 -0.883107 0.424763
v 0.201519 -0.886352 0.431445
v 0.227417 -0.881375 0.430490
v 0.227171 -0.885102 0.437552
v 0.238091 -0.893114 0.428714
v 0.237776 -0.896963 0.435524
v 0.227091 -0.912341 0.416302
v 0.225823 -0.915561 0.423815
v 0.292136 -0.983913 0.416546
v 0.310601 -0.981941 0.412740
v 0.304827 -1.051263 0.290802
v 0.317127 -1.056085 0.287143
v 0.322196 -1.091643 0.454991
v 0.335700 -1.089581 0.461854
v 0.316799 -1.075288 0.445570
v 0.332261 -1.068662 0.450959
v 0.321759 -1.083408 0.302885
v 0.314249 -1.085506 0.302016
v 0.325118 -1.077820 0.310463
v 0.323918 -1.075483 0.319276
v 0.325212 -1.073218 0.318570
v 0.311439 -1.075504 0.324883
v 0.342692 -1.112223 0.376891
v 0.332071 -1.114669 0.371232
v 0.343524 -1.108255 0.384703
v 0.342375 -1.104756 0.392590
v 0.342997 -1.102375 0.391720
v 0.332611 -1.102906 0.396541
v 0.344239 -1.101546 0.438302
v 0.338393 -1.105514 0.434979
v 0.346281 -1.092957 0.446841
v 0.342254 -1.089550 0.458316
v 0.343341 -1.085987 0.457416
v 0.320442 -1.029860 0.482806
v 0.312358 -1.043970 0.311956
v 0.330637 -1.046616 0.308130
v 0.337268 -1.012137 0.294191
v 0.318573 -1.009746 0.300487
v 0.318840 -1.021395 0.270003
v 0.348269 -1.016843 0.350649
v 0.322799 -1.015738 0.357238
v 0.310394 -1.021593 0.348642
v 0.314590 -1.030536 0.330195
v 0.330464 -1.033257 0.324397
v 0.343963 -1.067589 0.447557
v 0.330652 -1.061033 0.446393
v 0.345169 -1.058938 0.443081
v 0.318816 -1.067343 0.440995
v 0.318461 -1.085386 0.428564
v 0.320540 -1.077954 0.423923
v 0.332505 -1.078984 0.417456
v 0.334159 -1.086748 0.422277
v 0.330571 -1.070290 0.411794
v 0.316228 -1.069922 0.418123
v 0.313675 -1.059676 0.435540
v 0.329768 -1.052252 0.440953
v 0.345568 -1.051232 0.437995
v 0.344683 -1.003893 0.409985
v 0.323726 -1.001754 0.412522
v 0.310896 -1.007825 0.405007
v 0.313891 -1.019161 0.386009
v 0.324372 -1.021930 0.379181
v 0.299042 -1.020257 0.448116
v 0.317019 -1.021785 0.444098
v 0.298597 -1.026551 0.452765
v 0.317541 -1.028692 0.449130
v 0.319937 -1.013398 0.472212
v 0.320168 -1.006709 0.467503
v 0.310648 -1.011876 0.474335
v 0.310218 -1.005227 0.470210
v 0.299514 -1.009936 0.462128
v 0.299230 -1.016696 0.466327
v 0.317062 -0.963445 0.438941
v 0.302928 -0.961463 0.442228
v 0.292248 -0.970332 0.434146
v 0.313056 -0.993764 0.422105
v 0.293424 -0.994207 0.425982
v 0.311761 -0.987545 0.417320
v 0.294454 -0.988633 0.421270
v 0.318498 -0.969308 0.442953
v 0.319756 -0.976173 0.447264
v 0.306125 -0.973962 0.450225
v 0.304778 -0.967414 0.446072
v 0.294628 -0.981927 0.441454
v 0.294054 -0.975690 0.437821
v 0.315117 -1.059561 0.318523
v 0.314200 -1.050271 0.314518
v 0.300001 -1.062522 0.310244
v 0.301348 -1.051682 0.307069
v 0.303979 -1.067875 0.298409
v 0.306214 -1.057487 0.293421
v 0.316695 -1.061944 0.290029
v 0.315964 -1.071031 0.294604
v 0.301588 -1.045065 0.304336
v 0.316206 -1.016215 0.302220
v 0.305437 -1.018331 0.292899
v 0.308020 -1.025367 0.280122
v 0.318089 -1.027502 0.273025
v 0.308106 -1.018531 0.277699
v 0.303798 -1.012789 0.291186
v 0.332257 -1.089686 0.356370
v 0.317684 -1.087930 0.360746
v 0.321289 -1.110569 0.374912
v 0.314899 -1.081511 0.375676
v 0.318700 -1.103717 0.387800
v 0.317098 -1.074689 0.353376
v 0.332362 -1.076180 0.348793
v 0.318055 -1.081856 0.357770
v 0.332248 -1.083633 0.352809
v 0.313767 -1.067860 0.368511
v 0.316198 -1.075217 0.372888
v 0.334512 -1.069613 0.381626
v 0.332513 -1.061834 0.377603
v 0.243654 -0.836582 0.379521
v 0.281878 -0.850097 0.377029
v 0.259771 -0.816787 0.351848
v 0.208919 -0.886637 0.339666
v 0.284408 -0.941023 0.380251
v 0.286388 -0.963506 0.334258
v 0.205956 -0.835616 0.363118
v 0.216971 -0.818491 0.339934
v 0.272822 -0.872370 0.397411
v 0.227700 -0.828951 0.271439
v 0.225787 -0.851933 0.281012
v 0.225743 -0.808521 0.288284
v 0.215600 -0.823295 0.299406
v 0.288763 -0.953397 0.385981
v 0.194021 -0.857660 0.347122
v 0.202323 -0.840131 0.317874
v 0.290041 -0.978096 0.290655
v 0.312759 -1.082737 0.327101
v 0.330702 -1.110721 0.399623
v 0.336424 -1.098336 0.464233
v 0.301323 -1.081255 0.305263
v 0.320762 -1.101655 0.440142
v 0.299426 -1.043541 0.464892
v 0.303059 -0.906781 0.215376
v 0.282887 -0.910512 0.221284
v 0.312209 -0.987147 0.252546
v 0.329415 -0.986418 0.253059
v 0.330488 -0.932805 0.380184
v 0.341439 -0.976060 0.289954
v 0.340282 -0.962349 0.334940
v 0.325002 -1.021263 0.359789
v 0.313604 -1.027303 0.351704
v 0.335108 -1.076803 0.384813
v 0.324289 -1.008499 0.416233
v 0.313262 -1.014303 0.409034
v 0.204995 -0.741304 0.145335
v 0.233273 -0.791454 0.182936
v 0.196981 -0.733962 0.166775
v 0.223260 -0.787742 0.200278
v 0.248295 -0.818778 0.201375
v 0.237176 -0.815072 0.218625
v 0.256050 -0.845371 0.216891
v 0.247712 -0.841684 0.233985
v 0.258290 -0.879516 0.230024
v 0.248977 -0.874817 0.245995
v 0.268547 -0.905530 0.238261
v 0.258138 -0.896857 0.257772
v 0.297356 -0.985852 0.261744
v 0.296012 -0.986982 0.296347
v 0.300594 -1.076445 0.316154
v 0.329041 -1.061847 0.314127
v 0.330117 -1.053021 0.310532
v 0.337383 -1.018499 0.297025
v 0.295141 -0.979246 0.342652
v 0.317179 -1.035802 0.333083
v 0.345943 -1.077747 0.378832
v 0.347675 -1.070654 0.376068
v 0.347748 -1.062807 0.372122
v 0.350108 -1.022812 0.353823
v 0.318501 -0.975056 0.344093
v 0.317409 -1.024813 0.390343
v 0.345783 -1.010533 0.414026
v 0.224765 -0.920197 0.432674
v 0.201965 -0.919084 0.429978
v 0.230710 -0.896656 0.393537
v 0.237236 -0.894496 0.387801
v 0.207547 -0.893363 0.371437
v 0.244703 -0.894609 0.385664
v 0.261863 -0.891524 0.386607
v 0.298208 -1.035562 0.477161
v 0.308854 -0.952192 0.387315
v 0.194000 -0.906768 0.434708
v 0.236394 -0.901121 0.441943
v 0.226469 -0.862491 0.406288
v 0.205092 -0.867196 0.401360
v 0.242107 -0.875315 0.407506
v 0.231299 -0.854557 0.395725
v 0.203938 -0.853437 0.385930
v 0.195074 -0.874034 0.374798
v 0.246706 -0.869643 0.402987
v 0.231923 -0.802554 0.317967
v 0.240943 -0.792584 0.303073
v 0.229079 -0.690388 0.244202
v 0.213580 -0.704541 0.227559
v 0.241663 -0.751111 0.272321
v 0.232751 -0.760064 0.259441
v 0.245454 -0.778972 0.287795
v 0.238195 -0.789201 0.275568
v 0.267942 -0.801926 0.329776
v 0.256356 -0.868967 0.399131
v 0.233868 -0.799445 0.257806
v 0.224205 -0.770301 0.238867
v 0.202637 -0.717571 0.205102
v 0.233808 -0.808332 0.236486
v 0.221519 -0.780421 0.219137
v 0.195364 -0.726118 0.183968
v 0.248198 -0.792597 0.172001
v 0.227502 -0.739309 0.129039
v 0.258704 -0.820917 0.193153
v 0.265330 -0.846283 0.207570
v 0.238490 -0.836128 0.250926
v 0.253389 -0.684269 0.245503
v 0.266057 -0.742346 0.275150
v 0.280770 -0.845315 0.198288
v 0.274451 -0.820892 0.186642
v 0.310521 -0.777483 0.260729
v 0.319658 -0.799848 0.275337
v 0.295640 -0.772505 0.278955
v 0.300864 -0.792985 0.299538
v 0.269729 -0.770238 0.292872
v 0.323871 -0.822248 0.289966
v 0.304812 -0.811166 0.319109
v 0.291523 -0.875400 0.208341
v 0.272806 -0.878645 0.216440
v 0.237758 -0.867198 0.263308
v 0.271854 -0.787592 0.311871
v 0.315912 -0.990797 0.296018
v 0.331362 -1.037908 0.327223
v 0.325444 -1.028479 0.383440
v 0.266026 -0.628069 0.246859
v 0.204566 -0.631781 0.234003
v 0.205576 -0.645086 0.254927
v 0.253790 -0.611109 0.218949
v 0.161604 -0.677259 0.237725
v 0.163145 -0.663080 0.226096
v 0.151306 -0.712830 0.189797
v 0.311758 -0.658332 0.108724
v 0.255516 -0.687376 0.068249
v 0.293460 -0.646309 0.104869
v 0.267547 -0.703363 0.065422
v 0.197650 -0.713446 0.068239
v 0.216349 -0.769160 0.117727
v 0.168809 -0.747905 0.134788
v 0.216820 -0.761092 0.098744
v 0.153834 -0.751134 0.212397
v 0.174747 -0.785905 0.157119
v 0.296539 -0.608083 0.177404
v 0.258020 -0.582008 0.216538
v 0.135717 -0.651111 0.153592
v 0.145816 -0.578852 0.176764
v 0.113549 -0.621182 0.134457
v 0.156982 -0.619066 0.201098
v 0.121961 -0.653365 0.080527
v 0.144126 -0.683257 0.099320
v 0.199726 -0.598843 0.229299
v 0.248930 -0.528070 0.186322
v 0.188596 -0.546112 0.198247
v 0.168744 -0.658223 0.042738
v 0.301524 -0.633098 0.084364
v 0.230108 -0.635934 0.036005
v 0.286691 -0.590840 0.068270
v 0.242514 -0.660324 0.041387
v 0.154923 -0.632079 0.210626
v 0.129857 -0.675369 0.165354
v 0.261572 -0.650793 0.259969
v 0.209485 -0.681546 0.279878
v 0.273224 -0.659587 0.276863
v 0.309571 -0.664594 0.206334
v 0.321775 -0.714560 0.153717
v 0.322423 -0.684708 0.225750
v 0.323646 -0.732594 0.161111
v 0.275106 -0.752639 0.113482
v 0.282280 -0.776089 0.121984
v 0.226021 -0.792369 0.123466
v 0.113909 -0.308419 -0.114854
v 0.165138 -0.247014 -0.056447
v 0.137322 -0.397101 -0.097574
v 0.163102 -0.149223 0.016881
v 0.146076 -0.156781 -0.087858
v 0.052851 -0.334684 -0.100850
v 0.082817 -0.416381 -0.087114
v 0.085227 -0.225214 -0.122533
v 0.116427 -0.077782 -0.104846
v 0.127340 0.002636 -0.004904
v -0.018679 -0.253220 -0.050469
v 0.025343 -0.257782 -0.108448
v 0.006916 -0.331772 -0.046126
v 0.051247 -0.167961 -0.140647
v 0.005882 -0.186735 -0.113067
v 0.030590 -0.092263 -0.152238
v 0.092093 -0.000140 -0.120946
v -0.024285 -0.275879 0.030912
v -0.011701 -0.042103 -0.158689
v 0.037655 0.034475 -0.160619
v 0.145260 -0.708176 0.108880
v 0.203493 -0.380178 -0.042216
v 0.225462 -0.359318 0.057655
v 0.217410 -0.419265 -0.046592
v 0.214509 -0.323356 0.051454
v 0.051670 -0.334636 0.105981
v 0.041430 -0.453832 0.058912
v 0.082411 -0.408910 0.108732
v 0.020720 -0.382967 0.043433
v 0.040652 -0.450672 -0.029436
v 0.035248 -0.409619 -0.037135
v 0.159678 -0.503925 -0.078076
v 0.091024 -0.487903 -0.074361
v 0.147223 -0.473032 -0.094247
v 0.101710 -0.514193 -0.061668
v 0.045831 -0.483484 -0.022765
v 0.065563 -0.512680 -0.013258
v 0.163025 -0.439958 0.133711
v 0.182121 -0.353951 0.105477
v 0.131139 -0.373383 0.123543
v 0.215657 -0.413100 0.127568
v 0.115572 -0.480598 0.122613
v 0.227878 -0.447712 -0.027580
v 0.172386 -0.536811 -0.049370
v 0.244016 -0.483533 -0.008866
v 0.256559 -0.424757 0.076130
v 0.239819 -0.389533 0.066186
v 0.194006 -0.340901 -0.046649
v 0.202848 -0.285065 0.044851
v 0.088011 -0.454242 -0.083255
v 0.143628 -0.439350 -0.096063
v 0.155800 -0.277392 0.107297
v 0.114394 -0.552783 -0.041528
v 0.067720 -0.548067 0.009080
v 0.060674 -0.490817 0.061644
v 0.311033 -0.584825 0.167536
v 0.310071 -0.616785 0.181144
v 0.322303 -0.693011 0.130813
v 0.276490 -0.741594 0.090136
v 0.321825 -0.642621 0.196000
v 0.308292 -0.702416 0.231992
v 0.315288 -0.746982 0.177089
v 0.293631 -0.819974 0.378656
v 0.276837 -0.761433 0.316244
v 0.219434 -0.826418 0.391837
v 0.269671 -0.685941 0.271522
v 0.224915 -0.771843 0.323984
v 0.220099 -0.701858 0.269817
v 0.195786 -0.797428 0.302542
v 0.183360 -0.724023 0.256536
v 0.197229 -0.823093 0.265472
v 0.176577 -0.755393 0.219493
v 0.223908 -0.847659 0.223070
v 0.193095 -0.782234 0.174085
v 0.260293 -0.864753 0.189025
v 0.231936 -0.793071 0.146756
v 0.299740 -0.852683 0.184001
v 0.277618 -0.778704 0.147647
v 0.335266 -0.820844 0.212205
v 0.321632 -0.777318 0.274043
v 0.074429 0.143050 -0.011974
v 0.057897 0.132397 0.054906
v 0.066763 0.093032 -0.132144
v 0.077648 0.138413 -0.069456
v 0.003686 -0.235092 0.101963
v 0.055575 -0.189710 0.124111
v -0.045659 -0.173570 0.109129
v 0.017902 -0.094644 0.127626
v -0.045455 -0.211923 -0.057540
v 0.088641 0.002139 0.087261
v 0.113578 -0.146831 0.098046
v 0.062231 -0.521456 0.076627
v 0.272597 -0.533979 0.027603
v 0.281819 -0.482872 0.102373
v 0.203156 -0.589404 -0.010612
v 0.137647 -0.603694 0.002854
v 0.102695 -0.595322 0.047477
v 0.098432 -0.567172 0.099821
v 0.135705 -0.525167 0.145741
v 0.179469 -0.490951 0.162281
v 0.235995 -0.468369 0.153708
v 0.075863 0.068815 0.079049
v 0.106854 0.084004 -0.014892
v -0.027807 -0.147534 -0.120121
v 0.292101 -0.544112 0.134354
v 0.100030 -0.297830 0.126763
v 0.166320 -0.714053 0.259280
v 0.277650 -0.852855 0.298406
v 0.191996 -0.862082 0.359750
v 0.215698 -0.887360 0.318917
v 0.251541 -0.914160 0.276569
v 0.283262 -0.933026 0.232824
v 0.320586 -0.928544 0.223821
v 0.348829 -0.904385 0.262567
v 0.340782 -0.858587 0.329796
v 0.288975 -0.836999 0.380009
v 0.216771 -0.841344 0.387389
v 0.355371 -0.897716 0.250652
v 0.345073 -0.843733 0.323211
v 0.323496 -0.925625 0.213458
v 0.281306 -0.936390 0.218347
v 0.242975 -0.920992 0.264415
v 0.203061 -0.891917 0.314464
v 0.177865 -0.857650 0.358430
v 0.024468 0.125145 -0.244713
v 0.029191 0.139093 -0.240785
v -0.082239 -0.226983 -0.157956
v -0.067744 -0.156556 -0.276856
v -0.067744 -0.156556 -0.276856
v -0.046863 -0.091230 -0.276859
v -0.021147 -0.012076 -0.270699
v -0.046863 -0.091230 -0.276859
v -0.019537 -0.123619 0.281972
v -0.002755 -0.069676 0.275139
v 0.084748 0.277765 -0.074226
v 0.085105 0.278623 -0.072992
v 0.006223 0.079676 -0.299752
v 0.019109 0.113187 -0.267490
v -0.002077 -0.067125 0.273101
v -0.001011 -0.063348 0.270994
v -0.002755 -0.069676 0.275139
v -0.002077 -0.067125 0.273101
v 0.055086 0.225710 -0.267354
v 0.046775 0.203522 -0.285438
v 0.046775 0.203522 -0.285438
v 0.023179 0.137104 -0.320515
v 0.015665 0.111673 -0.311402
v 0.006223 0.079676 -0.299752
v -0.001011 -0.063348 0.270994
v 0.031074 0.044841 0.233967
v 0.031074 0.044841 0.233967
v 0.044307 0.091378 0.209600
v 0.019602 0.109935 -0.244773
v -0.021147 -0.012076 -0.270699
v 0.029191 0.139093 -0.240785
v 0.019602 0.109935 -0.244773
v 0.023179 0.137104 -0.320515
v 0.015665 0.111673 -0.311402
v -0.045240 -0.195632 0.242155
v -0.057926 -0.231402 0.223584
v -0.019537 -0.123619 0.281972
v -0.045240 -0.195632 0.242155
v 0.060899 0.238043 -0.239622
v 0.055086 0.225710 -0.267354
v 0.047706 0.088343 0.274407
v 0.054390 0.110830 0.266935
v 0.068422 0.164748 0.219425
v 0.086881 0.235128 0.159549
v 0.068422 0.164748 0.219425
v 0.054390 0.110830 0.266935
v 0.085105 0.278623 -0.072992
v 0.085888 0.279696 -0.066475
v 0.085776 0.269772 -0.021086
v 0.085888 0.279696 -0.066475
v 0.085776 0.269772 -0.021086
v 0.089541 0.254835 0.105578
v 0.089541 0.254835 0.105578
v 0.086881 0.235128 0.159549
v 0.060899 0.238043 -0.239622
v 0.082162 0.272776 -0.088927
v 0.084748 0.277765 -0.074226
v 0.082162 0.272776 -0.088928
v 0.024468 0.125145 -0.244713
v 0.019109 0.113187 -0.267490
v 0.047706 0.088343 0.274407
v 0.044307 0.091378 0.209600
v -0.030153 -0.065467 -0.151162
v -0.025839 -0.049934 -0.160822
v -0.019595 -0.029327 -0.165900
v -0.063791 -0.207330 0.022479
v -0.047298 -0.123459 -0.130516
v -0.004288 -0.044236 0.131788
v 0.052708 0.165651 -0.017910
v -0.005485 0.016446 -0.173628
v 0.011557 0.070413 -0.176719
v 0.050104 0.171031 -0.082028
v 0.051222 0.170000 -0.060559
v -0.063740 -0.206449 0.019055
v -0.058965 -0.170405 -0.080990
v 0.050367 0.147134 0.035156
v -0.063319 -0.187482 -0.064613
v -0.063929 -0.197995 -0.023829
v 0.049826 0.141559 0.053570
v 0.043029 0.114779 0.079711
v 0.035714 0.086711 0.104286
v -0.061263 -0.179395 -0.072464
v 0.016544 0.084886 -0.171367
v -0.041362 -0.102605 -0.141346
v 0.038247 0.146883 -0.143410
v 0.040824 0.152730 -0.132904
v -0.063875 -0.208056 0.024682
v -0.054489 -0.188373 0.070570
v -0.052972 -0.146218 -0.106777
v -0.003822 -0.042687 0.131367
v -0.013606 -0.072339 0.126824
v -0.046686 -0.172039 0.108860
vn 0.9256 0.0529 0.3749
vn -0.9211 -0.0766 -0.3817
vn -0.1110 0.9181 -0.3806
vn -0.3189 0.8641 -0.3894
vn -0.3936 0.9148 -0.0909
vn -0.1333 0.9851 -0.1083
vn -0.7897 -0.3724 -0.4874
vn 0.0338 0.1305 -0.9909
vn 0.1655 -0.0845 -0.9826
vn 0.0617 -0.0371 0.9974
vn 0.8016 0.1311 -0.5833
vn -0.1966 -0.2035 0.9591
vn -0.8620 -0.1768 0.4750
vn -0.9674 -0.2454 0.0624
vn -0.9532 -0.3009 0.0314
vn -0.9430 -0.3305 0.0381
vn 0.9364 0.3495 -0.0324
vn -0.3234 -0.8150 -0.4808
vn -0.2576 0.2614 0.9302
vn 0.3275 -0.1058 -0.9389
vn 0.9202 0.2033 -0.3344
vn -0.9059 -0.2972 0.3018
vn 0.9655 -0.1505 -0.2127
vn -0.1304 -0.0347 0.9909
vn -0.8398 -0.0780 0.5373
vn -0.8501 -0.1598 0.5018
vn -0.8840 -0.4201 -0.2051
vn 0.9407 0.3328 0.0655
vn -0.9491 -0.3141 -0.0229
vn -0.7206 -0.2029 0.6630
vn -0.7445 -0.2930 0.5998
vn -0.9226 -0.3844 0.0326
vn -0.9220 -0.3860 0.0316
vn 0.8989 0.2702 0.3450
vn 0.9356 0.1737 0.3074
vn 0.0923 -0.1265 0.9877
vn 0.0189 -0.1015 0.9947
vn -0.8314 -0.1366 0.5386
vn -0.0255 0.9640 -0.2647
vn 0.9016 0.2819 0.3282
vn 0.9729 -0.0918 0.2122
vn -0.4802 0.8152 -0.3238
vn -0.5172 0.8362 -0.1821
vn 0.8556 0.4435 0.2668
vn 0.8560 0.4429 0.2666
vn 0.8152 0.5449 0.1961
vn -0.2142 0.1393 0.9668
vn -0.1916 0.0939 0.9770
vn 0.1260 -0.0529 -0.9906
vn -0.0863 -0.1057 0.9906
vn -0.8550 -0.0636 0.5148
vn 0.7770 0.2682 -0.5695
vn 0.3265 0.8444 0.4246
vn 0.6929 0.3107 0.6507
vn -0.7002 -0.3519 -0.6211
vn 0.2861 -0.9074 -0.3080
vn 0.2665 -0.9113 -0.3139
vn 0.5204 -0.7050 -0.4818
vn 0.3693 0.0200 -0.9291
vn 0.8449 0.2101 -0.4920
vn 0.9217 -0.1505 -0.3574
vn 0.8471 0.3820 -0.3696
vn 0.8487 0.4269 -0.3121
vn 0.3490 -0.1432 -0.9261
vn -0.9682 -0.2375 -0.0790
vn -0.6518 -0.4514 -0.6094
vn -0.6468 -0.3807 -0.6609
vn -0.6687 -0.3029 0.6790
vn -0.7087 -0.2598 -0.6559
vn -0.6678 0.4207 0.6141
vn -0.0184 0.0959 -0.9952
vn -0.6927 -0.2259 -0.6850
vn -0.6987 -0.2901 0.6539
vn -0.7607 -0.2068 0.6153
vn -0.7673 0.0081 -0.6412
vn -0.2240 0.1279 0.9661
vn -0.9286 -0.2806 -0.2429
vn 0.7678 0.2128 -0.6043
vn -0.1474 -0.0863 0.9853
vn 0.7250 0.3158 -0.6121
vn -0.9583 -0.2852 -0.0167
vn -0.3916 -0.8141 0.4287
vn 0.6126 0.6440 -0.4583
vn 0.7319 0.4564 -0.5060
vn -0.9691 -0.1624 -0.1858
vn -0.6699 0.4179 0.6137
vn -0.5169 0.5317 -0.6709
vn -0.3083 -0.8435 0.4398
vn -0.4640 -0.1520 -0.8727
vn -0.5961 -0.4238 -0.6819
vn -0.6573 -0.3947 -0.6420
vn -0.0804 -0.2169 0.9729
vn 0.7153 0.6444 0.2705
vn -0.8915 -0.4352 -0.1257
vn -0.7658 -0.3852 0.5149
vn -0.9372 -0.1453 0.3172
vn -0.2163 -0.9413 0.2593
vn 0.3372 0.9058 -0.2564
vn 0.3373 0.9058 -0.2564
vn -0.6301 -0.6949 0.3466
vn 0.4300 0.5368 -0.7259
vn -0.3036 0.8711 -0.3859
vn -0.4274 0.9003 0.0830
vn 0.4060 -0.9135 -0.0245
vn 0.4914 0.8709 0.0058
vn 0.2618 0.6175 0.7418
vn -0.2889 0.5808 0.7611
vn -0.4295 0.5913 0.6826
vn 0.3808 0.5281 0.7590
vn -0.8477 0.3268 0.4179
vn -0.7303 0.2355 0.6413
vn -0.9774 -0.1071 0.1821
vn 0.7505 0.3514 -0.5597
vn 0.4096 0.0246 -0.9119
vn 0.9060 -0.0028 -0.4232
vn 0.4366 -0.0812 -0.8960
vn -0.2489 -0.5114 -0.8225
vn -0.1490 -0.6027 -0.7840
vn -0.7772 -0.5129 -0.3644
vn -0.1955 -0.8005 -0.5665
vn -0.8353 -0.4579 0.3044
vn -0.4956 -0.8675 0.0428
vn 0.8555 0.2439 0.4567
vn 0.4848 0.1864 0.8545
vn -0.9576 -0.1280 0.2580
vn -0.7540 0.1515 0.6392
vn -0.9235 -0.2251 0.3106
vn -0.8417 0.2981 0.4501
vn -0.7916 -0.5683 -0.2246
vn -0.8911 -0.3371 -0.3040
vn -0.2610 0.3265 0.9084
vn 0.4468 0.5292 0.7214
vn -0.3196 0.4429 0.8376
vn -0.2620 -0.5694 -0.7792
vn 0.8810 -0.1378 -0.4527
vn 0.4537 -0.2766 -0.8471
vn 0.8526 -0.0228 -0.5220
vn 0.4035 -0.4081 -0.8190
vn -0.8170 0.1979 0.5416
vn -0.9927 -0.0693 0.0983
vn 0.2907 0.6977 0.6547
vn -0.1465 0.1688 0.9747
vn 0.3915 0.3623 0.8459
vn 0.8831 0.3210 0.3421
vn 0.9649 -0.0166 -0.2619
vn 0.9279 -0.0057 0.3728
vn 0.9050 -0.3418 -0.2535
vn 0.5668 -0.5537 -0.6101
vn 0.4374 -0.6882 -0.5788
vn -0.1915 -0.8483 -0.4936
vn 0.2851 -0.0939 -0.9539
vn 0.8353 0.1052 -0.5397
vn 0.2769 -0.0330 -0.9603
vn 0.9667 0.2448 0.0743
vn 0.7842 0.1001 -0.6123
vn -0.4640 -0.2713 -0.8432
vn -0.3850 -0.2289 -0.8941
vn 0.1197 -0.1145 -0.9862
vn 0.7636 0.1289 -0.6327
vn 0.9661 0.2521 -0.0556
vn -0.8137 -0.4135 -0.4085
vn -0.5237 -0.2697 -0.8081
vn -0.8691 -0.3449 -0.3545
vn 0.1606 -0.1236 -0.9793
vn -0.4922 -0.3775 -0.7844
vn 0.0425 -0.2162 -0.9754
vn 0.7549 0.0928 -0.6493
vn -0.8788 -0.4448 0.1729
vn 0.2209 -0.2983 -0.9286
vn 0.4410 -0.0729 -0.8945
vn -0.7678 -0.4723 -0.4329
vn 0.8300 0.2394 -0.5038
vn 0.9178 0.3882 0.0839
vn 0.7881 0.1257 -0.6026
vn 0.9482 0.2977 0.1108
vn -0.5499 -0.1763 0.8164
vn -0.8860 -0.3144 0.3409
vn -0.4830 -0.1526 0.8622
vn -0.9348 -0.2905 0.2045
vn -0.9297 -0.2217 -0.2941
vn -0.8387 -0.2752 -0.4700
vn 0.2576 -0.4391 -0.8607
vn -0.3870 -0.3713 -0.8440
vn 0.2000 -0.2049 -0.9581
vn -0.4902 -0.5460 -0.6794
vn -0.8298 -0.4085 -0.3801
vn -0.8523 -0.4598 -0.2493
vn -0.1993 0.2780 0.9397
vn 0.5456 0.3506 0.7612
vn 0.0123 0.0630 0.9979
vn 0.3614 0.5116 0.7796
vn -0.5430 0.0802 0.8359
vn 0.8437 0.0207 -0.5364
vn 0.3577 -0.4564 -0.8147
vn 0.8084 0.0359 -0.5875
vn 0.8986 0.4296 0.0892
vn 0.8883 0.4415 0.1264
vn 0.8458 0.1746 -0.5042
vn 0.8993 0.3041 0.3143
vn -0.5217 -0.1989 -0.8296
vn 0.2589 -0.0006 -0.9659
vn 0.5167 0.1837 0.8362
vn -0.4004 -0.6290 -0.6664
vn -0.8915 -0.4310 -0.1394
vn -0.9149 -0.1509 0.3743
vn 0.9297 0.0755 0.3604
vn 0.6810 0.7317 0.0297
vn 0.9385 -0.2322 -0.2555
vn 0.4262 -0.6163 -0.6622
vn 0.8900 0.3137 0.3308
vn 0.8545 0.0689 0.5148
vn 0.9759 -0.2136 -0.0437
vn 0.4746 0.3069 0.8250
vn 0.3771 0.6365 0.6728
vn -0.3314 0.2520 0.9092
vn 0.3669 0.1597 0.9165
vn -0.4509 0.6135 0.6483
vn -0.2589 0.0652 0.9637
vn -0.9472 0.1927 0.2564
vn -0.5708 -0.3752 0.7303
vn -0.9556 -0.2693 -0.1195
vn -0.6896 -0.6675 0.2809
vn -0.8049 -0.4789 -0.3506
vn -0.5008 -0.8625 -0.0726
vn -0.3517 -0.5242 -0.7756
vn -0.0120 -0.8697 -0.4934
vn 0.3289 -0.3205 -0.8883
vn 0.6353 -0.5922 -0.4957
vn 0.8964 0.0553 -0.4398
vn 0.8703 0.4247 0.2492
vn 0.0048 -0.2820 -0.9594
vn 0.4273 -0.5133 -0.7442
vn -0.5645 -0.3274 0.7577
vn 0.0061 -0.0285 0.9996
vn -0.4809 -0.3214 0.8158
vn 0.1698 0.0341 0.9849
vn -0.6410 -0.6227 -0.4487
vn 0.7028 0.2071 0.6806
vn 0.5933 0.2190 0.7746
vn -0.8696 -0.1067 0.4821
vn 0.8598 -0.0693 -0.5058
vn 0.9212 0.3655 0.1330
vn 0.3439 -0.4670 -0.8146
vn -0.2809 -0.6785 -0.6787
vn -0.7975 -0.5535 -0.2400
vn -0.8951 -0.2154 0.3904
vn -0.6341 0.1874 0.7502
vn -0.2769 0.4273 0.8606
vn 0.3823 0.5332 0.7547
vn 0.7502 0.4960 0.4372
vn 0.6968 0.2686 0.6650
vn 0.7921 0.5917 0.1501
vn 0.9521 0.3048 0.0260
vn 0.8806 0.4373 -0.1826
vn 0.7983 0.2104 -0.5644
vn -0.0284 -0.3985 -0.9167
vn -0.3132 -0.5224 -0.7931
vn -0.1441 -0.5170 -0.8438
vn -0.3645 -0.6467 -0.6700
vn -0.4436 -0.5659 -0.6950
vn 0.5995 0.1695 0.7822
vn 0.4569 0.0630 0.8873
vn 0.6032 0.4112 0.6835
vn 0.9524 0.3047 0.0106
vn 0.0058 0.0097 0.9999
vn -0.6228 -0.0858 0.7777
vn -0.7855 -0.5965 -0.1651
vn -0.7327 -0.6544 -0.1869
vn 0.1920 -0.7972 0.5723
vn -0.0970 -0.7112 0.6963
vn 0.1845 -0.7499 0.6353
vn 0.2659 -0.7455 0.6112
vn 0.2150 -0.8433 0.4925
vn 0.3378 -0.9066 0.2529
vn 0.3290 -0.8287 0.4528
vn 0.5751 -0.5981 0.5582
vn 0.3810 -0.5250 0.7611
vn -0.0000 -0.5716 0.8205
vn 0.9394 -0.3421 -0.0239
vn 0.9138 0.1690 0.3693
vn 0.4752 -0.5357 -0.6980
vn -0.2568 -0.8940 -0.3673
vn -0.5277 -0.8494 -0.0080
vn -0.6348 -0.7424 0.2142
vn -0.7626 -0.3168 0.5640
vn -0.1469 0.1486 0.9779
vn 0.6400 0.1084 0.7607
vn 0.0582 0.4165 0.9073
vn 0.6412 0.0826 0.7629
vn 0.9250 -0.0985 0.3669
vn 0.8791 -0.1488 0.4528
vn 0.9282 -0.3579 -0.1019
vn 0.7923 -0.5740 -0.2070
vn 0.0711 -0.7458 -0.6624
vn 0.3389 -0.5839 -0.7377
vn -0.2501 0.3497 0.9029
vn 0.6434 0.1469 0.7513
vn -0.0924 0.3515 0.9316
vn 0.8377 -0.0030 0.5461
vn -0.9224 0.2186 0.3184
vn -0.8699 0.3130 0.3813
vn -0.8036 -0.1963 -0.5619
vn -0.8510 -0.0632 -0.5213
vn -0.3064 -0.3845 -0.8708
vn -0.1305 -0.4457 -0.8856
vn 0.6212 -0.4131 -0.6659
vn 0.3463 -0.4562 -0.8198
vn 0.9750 -0.2152 -0.0556
vn 0.9210 -0.3171 -0.2263
vn -0.2358 0.4637 0.8540
vn 0.5205 0.4589 0.7200
vn -0.1765 0.4651 0.8675
vn 0.7113 0.2671 0.6501
vn -0.9131 0.2006 0.3549
vn -0.8905 0.2280 0.3937
vn -0.7793 -0.3568 -0.5151
vn -0.8930 -0.1912 -0.4073
vn 0.1125 -0.5517 -0.8264
vn -0.2126 -0.5261 -0.8234
vn 0.8788 -0.2797 -0.3867
vn 0.6993 -0.4118 -0.5843
vn 0.9862 0.0943 0.1359
vn 0.9823 -0.0065 0.1872
vn 0.8976 0.2569 0.3582
vn 0.8926 -0.2482 -0.3764
vn 0.9420 0.1657 0.2918
vn 0.8669 -0.2806 -0.4120
vn 0.2553 -0.5710 -0.7803
vn 0.0702 -0.6246 -0.7778
vn -0.7686 -0.4798 -0.4230
vn -0.8740 -0.3981 -0.2787
vn -0.8710 0.1511 0.4675
vn -0.8977 0.1763 0.4038
vn -0.0775 0.5154 0.8534
vn -0.1921 0.5183 0.8333
vn 0.5873 0.4570 0.6680
vn 0.5404 0.4762 0.6937
vn -0.1993 0.3626 0.9104
vn 0.6668 0.2832 0.6893
vn -0.0984 0.3899 0.9156
vn 0.7966 0.2485 0.5511
vn -0.9119 0.0971 0.3989
vn -0.8767 0.2189 0.4283
vn -0.8115 -0.2278 -0.5381
vn -0.7281 -0.3619 -0.5821
vn 0.0255 -0.5025 -0.8642
vn 0.0578 -0.4962 -0.8663
vn 0.7874 -0.3398 -0.5143
vn 0.6468 -0.3333 -0.6860
vn 0.9965 -0.0466 0.0698
vn 0.9966 -0.0451 -0.0688
vn 0.8348 0.1056 0.5404
vn 0.7665 0.1177 0.6314
vn -0.0297 0.2808 0.9593
vn 0.0499 0.0217 0.9985
vn -0.8953 -0.1551 0.4177
vn -0.8467 -0.3712 0.3812
vn -0.8228 -0.4432 -0.3557
vn -0.7902 -0.3643 -0.4928
vn -0.2834 -0.5008 -0.8178
vn -0.3217 -0.4360 -0.8405
vn 0.4471 -0.4179 -0.7909
vn 0.4371 -0.3611 -0.8237
vn 0.9661 -0.1981 -0.1657
vn 0.9459 -0.2029 -0.2530
vn 0.7451 0.3675 0.5566
vn 0.6726 0.3403 0.6571
vn -0.0931 0.3746 0.9225
vn 0.0676 0.1280 0.9895
vn -0.8904 -0.0225 0.4547
vn -0.8039 -0.3040 0.5113
vn -0.7527 -0.5842 -0.3036
vn -0.7295 -0.5387 -0.4214
vn 0.1361 -0.6318 -0.7631
vn 0.0068 -0.5430 -0.8397
vn 0.6696 -0.3091 -0.6754
vn 0.6963 -0.3222 -0.6414
vn 0.9956 0.0529 -0.0768
vn 0.9987 -0.0001 -0.0505
vn 0.6866 0.4222 0.5919
vn 0.5909 0.4237 0.6865
vn -0.2118 0.4333 0.8760
vn -0.0502 0.1514 0.9872
vn -0.9133 -0.0108 0.4070
vn -0.7557 -0.2915 0.5865
vn -0.7050 -0.6890 -0.1679
vn -0.7904 -0.4809 -0.3795
vn 0.1952 -0.6957 -0.6913
vn -0.0415 -0.5824 -0.8118
vn 0.8288 -0.2367 -0.5070
vn 0.8143 -0.2418 -0.5277
vn 0.9733 0.1915 0.1268
vn 0.9878 0.1434 0.0604
vn 0.5727 0.4687 0.6726
vn 0.5400 0.4676 0.6998
vn -0.1492 0.4789 0.8651
vn -0.3310 0.4357 0.8370
vn -0.9357 0.0428 0.3501
vn -0.9366 0.0058 0.3503
vn -0.7040 -0.4757 -0.5274
vn -0.6712 -0.6965 -0.2537
vn 0.4356 -0.6365 -0.6366
vn 0.2221 -0.5678 -0.7926
vn 0.9009 -0.2039 -0.3831
vn 0.9006 -0.2194 -0.3752
vn 0.9184 0.2768 0.2827
vn 0.9375 0.2281 0.2629
vn -0.9035 -0.4285 0.0106
vn -0.9471 -0.3120 -0.0749
vn -0.9526 -0.3029 0.0281
vn -0.9655 -0.2597 0.0169
vn -0.8921 -0.4456 0.0749
vn -0.9483 -0.3048 0.0882
vn -0.7280 -0.3268 0.6027
vn -0.8605 -0.0909 0.5013
vn -0.2436 0.2424 0.9391
vn -0.0580 0.4612 0.8854
vn 0.3911 0.5625 0.7284
vn 0.5387 0.4913 0.6844
vn 0.7610 0.4741 0.4429
vn 0.8562 0.3136 0.4106
vn 0.9781 0.1839 0.0977
vn 0.9908 0.1009 0.0897
vn 0.9776 0.0423 -0.2062
vn 0.9763 -0.1967 -0.0905
vn 0.9557 0.2371 0.1747
vn 0.9914 0.0133 0.1305
vn 0.9194 0.3177 0.2321
vn 0.8622 0.2739 0.4261
vn -0.8247 -0.5328 0.1899
vn -0.6920 -0.7214 -0.0258
vn 0.9201 -0.1452 -0.3638
vn 0.7193 -0.1292 -0.6826
vn 0.2157 -0.3311 -0.9186
vn 0.4216 -0.3244 -0.8468
vn -0.3518 -0.4668 -0.8114
vn -0.2645 -0.4693 -0.8425
vn -0.8481 -0.4151 -0.3292
vn -0.7772 -0.4228 -0.4661
vn -0.4432 -0.8921 0.0875
vn 0.6174 0.5914 0.5186
vn 0.9304 0.2937 0.2192
vn -0.7099 -0.5717 -0.4113
vn -0.7929 -0.5998 -0.1074
vn 0.7856 -0.1908 -0.5886
vn 0.9729 0.1215 -0.1966
vn 0.8765 -0.0418 -0.4796
vn 0.9761 0.2093 -0.0590
vn 0.8624 0.3802 0.3344
vn 0.9401 0.3066 0.1490
vn 0.6611 0.4595 0.5932
vn 0.5856 0.4904 0.6454
vn 0.4937 -0.3416 -0.7997
vn 0.4213 -0.4557 -0.7842
vn 0.8810 0.0177 -0.4727
vn 0.5705 -0.1633 -0.8049
vn 0.4606 -0.2662 -0.8467
vn 0.8697 -0.0572 -0.4903
vn 0.8249 0.0183 -0.5650
vn 0.3308 -0.3373 -0.8814
vn 0.7581 0.0047 -0.6521
vn 0.2648 -0.3267 -0.9073
vn 0.1606 -0.5705 -0.8055
vn 0.0668 -0.5501 -0.8324
vn 0.9448 0.2627 -0.1957
vn 0.9552 0.2955 -0.0151
vn 0.9853 0.1695 -0.0195
vn 0.9814 0.1877 -0.0400
vn 0.9826 -0.1711 0.0717
vn 0.8071 0.0931 0.5831
vn 0.7320 -0.6107 0.3021
vn 0.5206 -0.1468 0.8411
vn 0.7227 -0.5491 -0.4197
vn 0.5093 -0.8472 -0.1513
vn 0.9897 -0.1432 0.0018
vn 0.8241 0.0161 0.5663
vn 0.9242 -0.2954 0.2421
vn 0.7316 -0.0629 0.6789
vn 0.7056 -0.4161 -0.5736
vn 0.7626 -0.6161 -0.1970
vn 0.0928 -0.8908 -0.4448
vn -0.7941 -0.5936 -0.1308
vn -0.1508 -0.5428 -0.8262
vn 0.2403 -0.3653 0.8993
vn -0.7467 -0.3396 0.5719
vn 0.0582 -0.9301 0.3627
vn 0.0814 -0.9314 -0.3549
vn -0.7715 -0.5766 -0.2691
vn -0.0345 -0.6686 -0.7428
vn -0.1519 -0.4670 0.8711
vn -0.7977 -0.2721 0.5383
vn -0.2418 -0.9242 0.2955
vn 0.0209 -0.3139 0.9492
vn -0.6938 -0.2749 0.6657
vn 0.0046 -0.8689 0.4950
vn 0.2134 -0.9486 -0.2337
vn -0.7111 -0.7030 -0.0086
vn 0.0523 -0.8129 -0.5801
vn 0.9990 -0.0192 0.0410
vn 0.7806 0.2382 0.5779
vn 0.8981 -0.2920 0.3290
vn 0.5670 -0.0028 0.8237
vn 0.8066 -0.4553 -0.3769
vn 0.7110 -0.6919 -0.1256
vn 0.5277 -0.1668 0.8329
vn 0.6104 -0.4762 0.6330
vn 0.7007 -0.6804 0.2148
vn 0.1864 -0.9786 -0.0876
vn -0.7360 -0.6614 -0.1445
vn -0.0537 -0.3569 0.9326
vn -0.7738 -0.2400 0.5862
vn -0.1374 -0.8482 0.5115
vn 0.9703 -0.2403 -0.0291
vn 0.8657 -0.4845 0.1259
vn 0.5755 -0.4801 -0.6621
vn 0.5688 -0.6547 -0.4979
vn 0.9962 -0.0814 -0.0309
vn 0.5347 -0.4096 -0.7392
vn 0.9952 -0.0762 0.0615
vn 0.6500 -0.3366 -0.6814
vn 0.9562 -0.2500 -0.1520
vn 0.4470 -0.4666 -0.7632
vn 0.9879 -0.1152 -0.1040
vn 0.5054 -0.4277 -0.7495
vn 0.9835 -0.1714 0.0587
vn 0.9389 -0.2787 0.2021
vn 0.8672 -0.3250 -0.3772
vn 0.7250 -0.5298 -0.4400
vn 0.9895 -0.1251 0.0720
vn 0.7455 -0.4049 -0.5294
vn 0.9985 -0.0459 0.0298
vn 0.7764 -0.3350 -0.5338
vn 0.9893 0.0777 -0.1231
vn 0.7072 -0.2385 -0.6655
vn 0.9822 0.1601 -0.0978
vn 0.7359 -0.1916 -0.6494
vn 0.9853 -0.0791 0.1512
vn 0.9586 -0.2019 0.2009
vn 0.7946 -0.3878 -0.4672
vn 0.8311 -0.4246 -0.3592
vn 0.9857 0.0877 0.1441
vn 0.7268 -0.3686 -0.5795
vn 0.9664 0.1903 0.1729
vn 0.8158 -0.2419 -0.5253
vn 0.9707 0.1162 0.2102
vn 0.8395 -0.2927 -0.4578
vn 0.9530 0.2594 0.1567
vn 0.8845 -0.1429 -0.4441
vn 0.9272 0.1623 0.3376
vn 0.9369 -0.0128 0.3495
vn 0.9252 -0.2503 -0.2853
vn 0.8819 -0.4255 -0.2031
vn 0.9717 0.0878 0.2192
vn 0.8932 -0.2911 -0.3426
vn 0.9717 0.1341 0.1944
vn 0.7774 -0.3675 -0.5105
vn 0.9066 0.3254 0.2688
vn 0.8746 -0.2388 -0.4220
vn 0.9613 0.2341 0.1456
vn 0.8683 -0.2579 -0.4237
vn 0.6860 -0.3877 -0.6157
vn 0.7431 -0.5394 -0.3960
vn 0.8697 -0.2601 -0.4194
vn 0.9354 -0.3343 -0.1148
vn 0.9759 -0.1755 -0.1299
vn 0.9633 -0.1987 0.1805
vn 0.6813 0.2859 0.6739
vn 0.7377 0.2179 0.6390
vn 0.9984 -0.0572 -0.0034
vn 0.9926 -0.1218 0.0006
vn 0.8074 0.0294 0.5893
vn 0.9916 0.0650 0.1121
vn -0.3749 -0.7891 -0.4866
vn -0.9844 -0.0070 -0.1756
vn -0.5893 -0.7501 -0.3002
vn -0.9943 0.0622 0.0867
vn 0.8780 -0.1912 0.4389
vn 0.9338 -0.1541 -0.3228
vn 0.8598 -0.0443 0.5086
vn 0.9487 -0.1979 -0.2467
vn 0.8986 0.1803 0.4000
vn 0.5114 0.4552 0.7288
vn 0.8843 0.2477 0.3959
vn 0.5046 0.4383 0.7438
vn 0.7159 0.2387 0.6561
vn 0.9885 0.0458 0.1440
vn 0.4382 -0.3717 -0.8184
vn -0.1777 -0.5057 -0.8442
vn -0.6973 -0.5814 -0.4193
vn -0.3761 0.3891 0.8409
vn -0.2387 0.4005 0.8847
vn -0.9134 -0.0366 0.4054
vn -0.9300 -0.0220 0.3668
vn 0.2023 0.6365 0.7442
vn 0.8478 0.0845 0.5236
vn 0.1622 0.5629 0.8104
vn -0.1102 0.8061 0.5815
vn -0.1853 0.7743 0.6051
vn -0.5532 0.6995 0.4525
vn -0.6772 0.6331 0.3749
vn -0.9975 0.0708 0.0049
vn -0.4886 0.7201 0.4927
vn 0.4659 -0.8376 0.2851
vn -0.1643 -0.2787 0.9462
vn -0.3205 -0.9340 0.1577
vn 0.5356 0.1505 0.8309
vn 0.1475 0.6072 0.7807
vn -0.2110 0.5472 0.8100
vn 0.3443 0.7043 0.6208
vn -0.6617 0.5243 0.5360
vn 0.5432 -0.8330 -0.1045
vn -0.5489 -0.7460 -0.3770
vn -0.8851 -0.1194 0.4498
vn -0.9485 -0.1923 -0.2517
vn -0.3441 -0.7662 -0.5427
vn -0.5592 0.7453 0.3631
vn -0.7225 0.6396 0.2627
vn 0.4139 0.7441 0.5244
vn 0.1366 0.8175 0.5595
vn 0.9913 -0.0498 0.1221
vn 0.9156 0.2709 0.2972
vn 0.6091 -0.7248 -0.3220
vn 0.5663 -0.7574 -0.3250
vn -0.6080 -0.5460 -0.5764
vn 0.2162 -0.6105 -0.7620
vn -0.7674 -0.2871 -0.5733
vn -0.1509 -0.4342 -0.8881
vn -0.8595 -0.0241 0.5105
vn 0.0317 0.3240 0.9455
vn -0.7578 0.2845 0.5872
vn -0.0479 0.4696 0.8816
vn 0.7548 -0.5744 -0.3169
vn -0.0125 -0.4511 -0.8924
vn 0.8848 -0.4228 0.1959
vn 0.7534 -0.1461 0.6411
vn 0.6865 -0.1342 0.7147
vn 0.0855 0.2532 0.9636
vn 0.8374 -0.5123 -0.1907
vn 0.1212 -0.5704 -0.8124
vn 0.9471 -0.2349 0.2189
vn 0.7843 0.0695 0.6164
vn 0.7834 0.0039 0.6215
vn 0.1605 0.3646 0.9172
vn 0.9025 -0.3916 -0.1791
vn 0.2640 -0.6286 -0.7315
vn 0.9484 -0.1475 0.2807
vn 0.7570 0.1109 0.6440
vn 0.6745 0.1140 0.7295
vn 0.6731 0.0896 0.7341
vn -0.0908 0.3302 0.9395
vn 0.6202 0.2321 0.7493
vn 0.6953 0.1704 0.6982
vn -0.1208 0.2926 0.9486
vn -0.3140 -0.4015 -0.8604
vn 0.6357 0.4314 0.6401
vn -0.2083 0.3395 0.9173
vn -0.8646 -0.1694 0.4730
vn -0.6301 -0.6137 -0.4758
vn -0.0083 -0.5109 -0.8596
vn 0.6369 0.3213 0.7008
vn -0.1888 0.4828 0.8551
vn 0.6400 0.3777 0.6691
vn -0.9595 0.0396 0.2788
vn -0.8147 -0.3172 -0.4854
vn -0.7315 -0.4306 -0.5287
vn -0.1147 -0.5133 -0.8505
vn 0.1217 -0.5490 -0.8269
vn -0.0702 -0.5649 -0.8222
vn -0.8132 -0.5014 -0.2956
vn -0.8275 0.1387 0.5441
vn -0.1089 0.5104 0.8530
vn 0.4861 0.4821 0.7289
vn 0.5411 0.4770 0.6926
vn -0.2317 0.4284 0.8734
vn -0.8900 -0.0444 0.4537
vn -0.7352 -0.5728 -0.3624
vn -0.1151 -0.6005 -0.7913
vn -0.6743 -0.4974 -0.5458
vn 0.2617 -0.5734 -0.7764
vn -0.8475 -0.2993 -0.4383
vn 0.1977 -0.5783 -0.7916
vn 0.5427 0.4553 0.7058
vn 0.6614 0.4054 0.6310
vn -0.3631 0.4850 0.7956
vn -0.1305 0.5296 0.8381
vn -0.9232 0.1776 0.3409
vn -0.8956 0.2592 0.3616
vn 0.5442 0.5170 0.6607
vn -0.2603 0.4681 0.8445
vn -0.9362 0.0340 0.3499
vn 0.3057 -0.5674 -0.7646
vn -0.6737 -0.5125 -0.5325
vn 0.2069 -0.5860 -0.7835
vn -0.8122 -0.4603 -0.3585
vn 0.4789 0.5423 0.6903
vn 0.5450 0.4579 0.7024
vn -0.3289 0.4695 0.8194
vn -0.2595 0.4723 0.8424
vn -0.9429 0.1299 0.3067
vn -0.8522 0.1311 0.5065
vn -0.1066 0.3637 0.9254
vn -0.1293 0.3537 0.9264
vn -0.8618 0.2004 0.4660
vn -0.9916 0.0736 0.1060
vn -0.7503 -0.2032 -0.6291
vn -0.6822 -0.3034 -0.6652
vn -0.2032 -0.4118 -0.8883
vn -0.0737 -0.4493 -0.8903
vn -0.8851 0.1675 0.4342
vn -0.2479 0.3286 0.9114
vn -0.9923 0.0860 0.0886
vn -0.8002 -0.1521 -0.5801
vn -0.2942 -0.3754 -0.8789
vn -0.8331 -0.2617 -0.4873
vn -0.8982 0.0082 0.4396
vn 0.2154 -0.5074 -0.8343
vn -0.7743 -0.3223 -0.5446
vn -0.7210 -0.4300 -0.5433
vn -0.8216 0.2502 0.5122
vn -0.9005 0.0994 0.4233
vn -0.7347 -0.4092 -0.5411
vn 0.0600 -0.4882 -0.8707
vn -0.6957 -0.3586 -0.6225
vn -0.0272 -0.4771 -0.8784
vn -0.8513 0.0905 0.5167
vn -0.9722 0.0711 0.2232
vn -0.0497 0.4098 0.9108
vn -0.0123 0.4063 0.9136
vn 0.0220 0.7252 0.6882
vn 0.3438 0.6442 0.6832
vn 0.0696 0.8016 0.5938
vn -0.4681 -0.8585 -0.2097
vn -0.9277 -0.3464 0.1394
vn -0.9191 -0.3850 0.0839
vn -0.6074 0.7158 0.3445
vn -0.5421 0.7967 0.2673
vn -0.0379 0.1703 0.9847
vn -0.9357 -0.0364 -0.3508
vn -0.8808 -0.1873 -0.4349
vn -0.9268 0.3491 -0.1384
vn -0.8538 0.4774 -0.2075
vn -0.7908 -0.5255 0.3138
vn -0.9926 0.0105 -0.1206
vn -0.9452 0.1894 -0.2659
vn -0.9135 -0.4064 -0.0174
vn -0.0350 0.1295 0.9910
vn -0.1410 0.2221 0.9648
vn -0.0824 0.1781 0.9806
vn -0.7429 -0.3191 -0.5885
vn -0.7255 -0.5592 -0.4012
vn -0.5941 -0.5124 -0.6201
vn 0.1490 -0.2528 -0.9560
vn -0.4774 -0.3958 -0.7845
vn -0.2886 -0.5072 -0.8121
vn 0.3704 -0.3585 -0.8569
vn 0.5786 0.0195 0.8154
vn 0.7489 -0.6593 -0.0669
vn 0.8523 -0.4892 0.1851
vn -0.2743 0.3613 0.8912
vn -0.9697 0.0421 0.2406
vn -0.1039 0.4067 0.9076
vn -0.3171 0.4277 0.8465
vn -0.9687 0.0406 0.2449
vn -0.6440 -0.6570 -0.3920
vn -0.6320 -0.6420 -0.4341
vn -0.8497 -0.5141 -0.1167
vn -0.8616 -0.4962 -0.1072
vn -0.6570 -0.5881 -0.4717
vn -0.8531 -0.4621 -0.2423
vn -0.7531 -0.4252 -0.5020
vn -0.8707 -0.3197 -0.3736
vn -0.7692 -0.3282 -0.5483
vn -0.8658 -0.3701 -0.3369
vn -0.8111 -0.4458 -0.3788
vn -0.8501 -0.4992 -0.1675
vn -0.7725 -0.4382 -0.4595
vn -0.7829 -0.5996 0.1660
vn -0.9100 0.0727 0.4081
vn 0.7590 0.1070 0.6422
vn 0.7839 0.1704 0.5971
vn 0.7330 0.2059 0.6483
vn -0.7305 -0.6128 0.3012
vn -0.7555 -0.4433 -0.4823
vn 0.7726 0.1621 0.6139
vn 0.8240 0.1563 0.5445
vn 0.7468 0.2699 0.6078
vn 0.7001 0.4252 0.5737
vn 0.3176 -0.9099 0.2669
vn -0.8506 -0.4128 -0.3257
vn 0.5952 0.4065 0.6931
vn 0.3343 -0.8490 -0.4092
vn -0.6298 -0.6393 -0.4412
vn 0.3588 -0.9070 -0.2204
vn 0.3575 -0.9154 0.1850
vn -0.3195 -0.9141 -0.2497
vn 0.0925 -0.8743 0.4764
vn -0.2604 -0.6533 0.7109
vn -0.9054 0.1737 0.3874
vn 0.4812 -0.7737 0.4121
vn -0.9929 0.1140 0.0343
vn 0.9721 -0.1590 0.1725
vn 0.0652 0.7524 0.6555
vn -0.5896 0.6510 0.4780
vn 0.8954 -0.0530 0.4421
vn 0.0195 0.7183 0.6954
vn -0.6998 0.5444 0.4625
vn -0.9665 -0.2540 -0.0377
vn 0.4913 0.0270 0.8706
vn -0.4736 0.8251 0.3081
vn -0.6354 0.7077 0.3088
vn -0.4126 0.3232 0.8516
vn -0.8561 0.0046 0.5168
vn -0.6889 0.2155 0.6921
vn -0.9026 -0.0008 0.4305
vn -0.6102 0.4936 0.6196
vn -0.9183 0.3087 0.2476
vn 0.0839 0.8024 0.5909
vn 0.2243 0.1466 0.9634
vn -0.9998 0.0163 0.0087
vn -0.9308 -0.1578 0.3297
vn -0.9021 -0.1003 0.4197
vn -0.9570 -0.2829 0.0644
vn -0.9313 -0.3253 0.1636
vn -0.9311 -0.3034 0.2025
vn -0.3497 -0.6426 -0.6818
vn -0.2527 -0.6649 -0.7029
vn -0.4789 -0.5567 -0.6788
vn -0.5345 -0.4085 -0.7399
vn -0.9288 -0.2021 -0.3105
vn 0.1787 0.4779 0.8601
vn 0.0655 0.4908 0.8688
vn -0.1563 -0.4426 -0.8830
vn -0.1430 -0.5313 -0.8350
vn 0.8843 0.4202 0.2034
vn 0.8289 0.4675 0.3071
vn 0.6044 0.5828 0.5432
vn 0.6258 0.6092 0.4871
vn 0.0465 0.6684 0.7423
vn 0.8860 0.3765 0.2707
vn 0.5554 0.6591 0.5070
vn -0.0478 -0.3217 -0.9456
vn -0.4976 -0.3388 -0.7985
vn -0.8747 -0.3376 -0.3478
vn 0.1121 0.7785 0.6175
vn 0.2328 -0.9530 0.1936
vn -0.0146 -0.4804 -0.8769
vn -0.1679 -0.5159 -0.8401
vn -0.1104 -0.1765 0.9781
vn -0.5401 -0.3005 0.7861
vn -0.7991 -0.4801 0.3619
vn -0.8527 -0.5178 0.0691
vn 0.8480 0.3775 -0.3720
vn 0.6366 0.1111 -0.7631
vn 0.7937 0.2848 -0.5375
vn 0.7098 0.5898 0.3851
vn -0.4484 -0.5509 -0.7039
vn -0.5689 -0.6014 -0.5610
vn 0.6837 0.6789 0.2675
vn 0.7917 0.5803 -0.1910
vn 0.7653 0.6437 0.0019
vn 0.3987 -0.2210 -0.8901
vn 0.5872 0.0056 -0.8094
vn 0.7062 0.6963 0.1280
vn 0.3338 0.0251 0.9423
vn -0.8242 -0.5325 -0.1926
vn 0.4004 -0.2659 -0.8769
vn -0.4644 0.8832 0.0657
vn -0.0931 -0.9891 -0.1139
vn 0.8356 0.5362 0.1193
vn -0.6680 -0.7172 0.1984
vn -0.4982 0.5489 -0.6712
vn 0.0249 0.1998 -0.9795
vn 0.7501 0.1266 0.6491
vn 0.7887 0.0437 -0.6132
vn -0.5915 -0.4014 -0.6993
vn -0.6568 -0.2177 -0.7220
vn 0.4198 0.5405 -0.7291
vn -0.6666 -0.5075 0.5460
vn 0.4885 -0.0416 0.8716
vn 0.1479 -0.0473 -0.9879
vn 0.1184 0.8479 0.5167
vn 0.1185 0.8479 0.5167
vn 0.0250 0.1998 -0.9795
vn 0.1480 -0.0473 -0.9879
vt 0.254262 0.835227
vt 0.335777 0.736938
vt 0.253182 0.743428
vt 0.335778 0.835131
vt 0.879153 0.884211
vt 0.959343 0.884211
vt 0.836733 0.819649
vt 0.939727 0.884211
vt 0.719555 0.884211
vt 0.723594 0.884211
vt 0.799002 0.884211
vt 0.255098 0.956943
vt 0.257681 0.897337
vt 0.293555 0.941976
vt 0.220661 0.874430
vt 0.219842 0.843456
vt 0.221966 0.745590
vt 0.187586 0.841912
vt 0.661388 0.938240
vt 0.666466 0.942006
vt 0.666753 0.937574
vt 0.178371 0.744143
vt 0.223999 0.704218
vt 0.173606 0.704218
vt 0.134333 0.704218
vt 0.134061 0.745121
vt 0.149840 0.835125
vt 0.104316 0.831508
vt 0.101236 0.747744
vt 0.098149 0.704218
vt 0.066235 0.744576
vt 0.065081 0.704218
vt 0.031278 0.736938
vt 0.031278 0.704218
vt 0.031278 0.835131
vt 0.526816 0.708376
vt 0.547843 0.719575
vt 0.552131 0.692790
vt 0.529150 0.744891
vt 0.489706 0.714223
vt 0.493216 0.761771
vt 0.461622 0.715716
vt 0.453403 0.741411
vt 0.148514 0.884704
vt 0.174809 0.963011
vt 0.141189 0.965870
vt 0.181859 0.894669
vt 0.224498 0.902663
vt 0.185790 0.868746
vt 0.335777 0.704218
vt 0.253430 0.704218
vt 0.220138 0.973919
vt 0.256900 0.876015
vt 0.335777 0.867473
vt 0.789957 0.884211
vt 0.335777 0.931751
vt 0.064052 0.831893
vt 0.065509 0.862374
vt 0.031278 0.867473
vt 0.031278 0.931751
vt 0.081751 0.938106
vt 0.103749 0.872762
vt 0.151380 0.421447
vt 0.150982 0.430121
vt 0.159429 0.410818
vt 0.100747 0.956073
vt 0.158909 0.466567
vt 0.164751 0.484717
vt 0.173149 0.465050
vt 0.422046 0.697818
vt 0.421257 0.726823
vt 0.493239 0.781686
vt 0.439606 0.762533
vt 0.539797 0.768839
vt 0.544024 0.768638
vt 0.543514 0.760305
vt 0.728572 0.954736
vt 0.680220 0.958510
vt 0.729354 0.971116
vt 0.154597 0.452801
vt 0.431225 0.659379
vt 0.435492 0.656753
vt 0.435947 0.647612
vt 0.151712 0.409484
vt 0.151380 0.421447
vt 0.181825 0.235519
vt 0.180049 0.242707
vt 0.184334 0.240768
vt 0.200053 0.306438
vt 0.174845 0.268043
vt 0.168578 0.303602
vt 0.165323 0.320003
vt 0.172711 0.366973
vt 0.215054 0.368498
vt 0.193582 0.421896
vt 0.159367 0.369265
vt 0.156886 0.373299
vt 0.157422 0.369810
vt 0.644562 0.952825
vt 0.652384 0.940370
vt 0.839668 0.943347
vt 0.792691 0.971559
vt 0.789983 0.956236
vt 0.812012 0.695313
vt 0.786133 0.701660
vt 0.786133 0.691650
vt 0.811523 0.708008
vt 0.762695 0.688232
vt 0.763184 0.695557
vt 0.739258 0.685303
vt 0.872070 0.706055
vt 0.898926 0.712891
vt 0.873047 0.715088
vt 0.898926 0.704834
vt 0.922852 0.709717
vt 0.925293 0.682617
vt 0.946777 0.686768
vt 0.922363 0.688721
vt 0.973145 0.672363
vt 0.946289 0.673828
vt 0.973145 0.687988
vt 0.838867 0.712646
vt 0.812988 0.719238
vt 0.739258 0.715820
vt 0.765137 0.734619
vt 0.739258 0.729492
vt 0.764160 0.715576
vt 0.948730 0.731934
vt 0.973145 0.719971
vt 0.973145 0.733887
vt 0.948242 0.718018
vt 0.787598 0.714844
vt 0.812988 0.742676
vt 0.787109 0.738770
vt 0.925293 0.733154
vt 0.873535 0.725586
vt 0.901367 0.736328
vt 0.873535 0.741211
vt 0.901367 0.729004
vt 0.764160 0.708740
vt 0.739258 0.704834
vt 0.808594 0.686279
vt 0.783203 0.677246
vt 0.810059 0.679443
vt 0.839844 0.688965
vt 0.871094 0.683105
vt 0.837402 0.683350
vt 0.873047 0.677246
vt 0.900391 0.683105
vt 0.901855 0.675781
vt 0.923828 0.674805
vt 0.905273 0.863281
vt 0.876953 0.871582
vt 0.904785 0.834106
vt 0.841309 0.898743
vt 0.878418 0.901245
vt 0.927246 0.861450
vt 0.923828 0.834473
vt 0.907227 0.890198
vt 0.880859 0.926514
vt 0.847168 0.942963
vt 0.953613 0.885742
vt 0.929199 0.885986
vt 0.950195 0.863037
vt 0.909668 0.912842
vt 0.930176 0.906433
vt 0.911621 0.931335
vt 0.884277 0.946136
vt 0.977051 0.875122
vt 0.915039 0.950684
vt 0.897461 0.961914
vt 0.947754 0.707520
vt 0.973145 0.709229
vt 0.876465 0.826782
vt 0.839844 0.820557
vt 0.876953 0.814209
vt 0.839355 0.834595
vt 0.765625 0.849731
vt 0.739258 0.815430
vt 0.768066 0.822266
vt 0.738770 0.842285
vt 0.972168 0.841431
vt 0.945801 0.823242
vt 0.973145 0.817139
vt 0.946777 0.837402
vt 0.904785 0.799316
vt 0.923340 0.810425
vt 0.904785 0.810181
vt 0.923828 0.800293
vt 0.945313 0.812134
vt 0.946289 0.798462
vt 0.791504 0.793945
vt 0.813477 0.823730
vt 0.790527 0.824951
vt 0.814941 0.795532
vt 0.768555 0.788208
vt 0.876465 0.802368
vt 0.904785 0.786743
vt 0.875977 0.788574
vt 0.842285 0.793213
vt 0.840820 0.807983
vt 0.875977 0.840210
vt 0.838867 0.849365
vt 0.923828 0.822021
vt 0.904785 0.821777
vt 0.811035 0.854126
vt 0.925293 0.785767
vt 0.947754 0.784790
vt 0.973145 0.800659
vt 0.840332 0.721191
vt 0.840820 0.707520
vt 0.872559 0.693848
vt 0.900391 0.691650
vt 0.841797 0.697510
vt 0.838379 0.674072
vt 0.872559 0.669922
vt 0.807129 0.589111
vt 0.807129 0.628174
vt 0.780273 0.587891
vt 0.809570 0.670898
vt 0.781738 0.624512
vt 0.782715 0.669434
vt 0.761230 0.621582
vt 0.761719 0.667969
vt 0.739258 0.621826
vt 0.739258 0.666504
vt 0.973145 0.624268
vt 0.973145 0.666016
vt 0.946777 0.623779
vt 0.947266 0.666504
vt 0.921387 0.622314
vt 0.924316 0.666992
vt 0.900879 0.622559
vt 0.901367 0.668213
vt 0.873047 0.625732
vt 0.837891 0.629883
vt 0.423340 0.385361
vt 0.426310 0.392009
vt 0.423340 0.397949
vt 0.761230 0.886169
vt 0.784668 0.893311
vt 0.756836 0.911194
vt 0.783203 0.926331
vt 0.735352 0.877747
vt 0.955078 0.902405
vt 0.811523 0.941406
vt 0.809570 0.900085
vt 0.739258 0.797974
vt 0.739258 0.785278
vt 0.973145 0.788574
vt 0.874512 0.765747
vt 0.842285 0.768921
vt 0.903320 0.761230
vt 0.926270 0.760498
vt 0.948730 0.758667
vt 0.973145 0.760864
vt 0.766602 0.761475
vt 0.739258 0.757690
vt 0.790039 0.766602
vt 0.815430 0.770142
vt 0.823242 0.981430
vt 0.812500 0.960510
vt 0.844238 0.982666
vt 0.851074 0.962067
vt 0.861328 0.979614
vt 0.880371 0.972122
vt 0.930254 0.937634
vt 0.933105 0.923096
vt 0.934505 0.932457
vt 0.941799 0.925334
vt 0.950445 0.917406
vt 0.803460 0.970609
vt 0.782010 0.942754
vt 0.813443 0.978015
vt 0.841309 0.743408
vt 0.787598 0.853394
vt 0.739258 0.671875
vt 0.761719 0.675537
vt 0.980152 0.897390
vt 0.967816 0.904472
vt 0.049042 0.035645
vt 0.012077 0.031738
vt 0.027054 0.020020
vt 0.049622 0.011230
vt 0.070740 0.006836
vt 0.083130 0.013184
vt 0.082825 0.033203
vt 0.062317 0.055664
vt 0.032593 0.060059
vt 0.012199 0.047363
vt 0.876953 0.588135
vt 0.840820 0.589111
vt 0.899902 0.588379
vt 0.915527 0.588135
vt 0.940918 0.586670
vt 0.973145 0.587646
vt 0.761719 0.586914
vt 0.739258 0.585205
vt 0.805664 0.576416
vt 0.779785 0.577148
vt 0.761230 0.576904
vt 0.739258 0.575684
vt 0.973145 0.576416
vt 0.944824 0.575928
vt 0.919922 0.577148
vt 0.901367 0.577393
vt 0.875488 0.576660
vt 0.839355 0.576172
vt 0.544434 0.360840
vt 0.554688 0.352539
vt 0.562012 0.373535
vt 0.564453 0.355469
vt 0.560059 0.341797
vt 0.570313 0.346191
vt 0.573242 0.334473
vt 0.563477 0.331543
vt 0.561035 0.318848
vt 0.582520 0.324707
vt 0.714355 0.211426
vt 0.719727 0.206543
vt 0.718262 0.221191
vt 0.722656 0.215820
vt 0.752441 0.170410
vt 0.755371 0.175781
vt 0.745117 0.177734
vt 0.748535 0.183105
vt 0.739258 0.184570
vt 0.743164 0.190918
vt 0.738281 0.198242
vt 0.733887 0.190918
vt 0.729004 0.196289
vt 0.732910 0.203613
vt 0.724609 0.201660
vt 0.728516 0.209961
vt 0.621582 0.307129
vt 0.625488 0.297363
vt 0.632324 0.315918
vt 0.634766 0.304688
vt 0.598145 0.803955
vt 0.608398 0.796387
vt 0.605469 0.816162
vt 0.614258 0.809814
vt 0.612793 0.828857
vt 0.622070 0.822876
vt 0.620117 0.841675
vt 0.631836 0.834717
vt 0.633301 0.278320
vt 0.636719 0.269043
vt 0.642578 0.285645
vt 0.648926 0.277832
vt 0.629395 0.287598
vt 0.638184 0.294922
vt 0.599121 0.363770
vt 0.604980 0.351563
vt 0.606445 0.367676
vt 0.613281 0.355469
vt 0.619629 0.343750
vt 0.610352 0.339355
vt 0.595703 0.767090
vt 0.586426 0.770020
vt 0.590332 0.753540
vt 0.581543 0.756714
vt 0.585938 0.739746
vt 0.577148 0.742920
vt 0.581055 0.725830
vt 0.572266 0.729492
vt 0.593750 0.391113
vt 0.587891 0.387695
vt 0.600098 0.378906
vt 0.593262 0.375488
vt 0.666016 0.249023
vt 0.670898 0.240723
vt 0.673340 0.259277
vt 0.679688 0.246582
vt 0.640137 0.846436
vt 0.649414 0.836548
vt 0.648438 0.856445
vt 0.656250 0.848389
vt 0.665039 0.858765
vt 0.656250 0.866455
vt 0.673828 0.867554
vt 0.663086 0.876343
vt 0.684082 0.219238
vt 0.691895 0.228516
vt 0.680176 0.225098
vt 0.689453 0.232422
vt 0.674805 0.233887
vt 0.684570 0.239746
vt 0.732422 0.243652
vt 0.735352 0.254395
vt 0.726074 0.249512
vt 0.729980 0.261230
vt 0.761719 0.188477
vt 0.766602 0.192383
vt 0.758789 0.198242
vt 0.763672 0.201172
vt 0.760254 0.215332
vt 0.754883 0.209473
vt 0.755859 0.229004
vt 0.750488 0.221191
vt 0.745117 0.229492
vt 0.749512 0.240723
vt 0.738770 0.237793
vt 0.743164 0.248535
vt 0.694824 0.279297
vt 0.702148 0.290527
vt 0.689453 0.285156
vt 0.697754 0.298828
vt 0.673828 0.816040
vt 0.689453 0.801270
vt 0.683105 0.823608
vt 0.694336 0.808838
vt 0.708496 0.821045
vt 0.693359 0.834717
vt 0.717773 0.823120
vt 0.698730 0.842285
vt 0.709473 0.256348
vt 0.719727 0.272461
vt 0.705078 0.265137
vt 0.713379 0.276367
vt 0.700684 0.271973
vt 0.707520 0.283691
vt 0.662598 0.330078
vt 0.672363 0.339844
vt 0.658691 0.339355
vt 0.671387 0.352051
vt 0.637695 0.776123
vt 0.657227 0.762695
vt 0.645996 0.785767
vt 0.659668 0.770630
vt 0.672852 0.788330
vt 0.653809 0.798218
vt 0.680664 0.793823
vt 0.661133 0.811401
vt 0.673828 0.298828
vt 0.687012 0.311035
vt 0.670410 0.310059
vt 0.681641 0.318848
vt 0.666504 0.320313
vt 0.677734 0.330078
vt 0.641113 0.398438
vt 0.652344 0.404297
vt 0.638184 0.411621
vt 0.649414 0.417480
vt 0.620117 0.710205
vt 0.638672 0.699951
vt 0.625000 0.724121
vt 0.641602 0.719482
vt 0.629883 0.739258
vt 0.645508 0.737305
vt 0.647461 0.745361
vt 0.632324 0.752319
vt 0.654785 0.361328
vt 0.666504 0.369629
vt 0.649902 0.373535
vt 0.660645 0.379395
vt 0.645020 0.385742
vt 0.656738 0.391602
vt 0.781738 0.778809
vt 0.762695 0.792969
vt 0.751953 0.724854
vt 0.737793 0.750244
vt 0.723633 0.691406
vt 0.710449 0.714844
vt 0.707520 0.667236
vt 0.694824 0.686035
vt 0.699707 0.647461
vt 0.689453 0.664307
vt 0.697754 0.458496
vt 0.687988 0.447754
vt 0.707031 0.451172
vt 0.689941 0.432129
vt 0.720703 0.433105
vt 0.692871 0.411133
vt 0.756836 0.373047
vt 0.735840 0.320801
vt 0.770996 0.343750
vt 0.744141 0.302734
vt 0.714844 0.357910
vt 0.721191 0.334961
vt 0.733398 0.402344
vt 0.702148 0.377441
vt 0.782715 0.719482
vt 0.758301 0.690186
vt 0.764160 0.298340
vt 0.781250 0.322754
vt 0.791016 0.306152
vt 0.773926 0.285645
vt 0.795898 0.286621
vt 0.780273 0.268066
vt 0.799316 0.264648
vt 0.785645 0.245117
vt 0.801270 0.243164
vt 0.787109 0.218750
vt 0.729980 0.659668
vt 0.759766 0.466797
vt 0.774414 0.426758
vt 0.770996 0.648926
vt 0.797852 0.705078
vt 0.951660 0.435547
vt 0.951172 0.467773
vt 0.927246 0.433105
vt 0.925293 0.460938
vt 0.923828 0.489746
vt 0.949219 0.497559
vt 0.946777 0.527832
vt 0.917480 0.517578
vt 0.928711 0.403809
vt 0.951172 0.406250
vt 0.796875 0.369141
vt 0.806641 0.347656
vt 0.832031 0.369629
vt 0.827148 0.393555
vt 0.855957 0.412598
vt 0.858887 0.386719
vt 0.893555 0.423340
vt 0.895020 0.395508
vt 0.948730 0.375000
vt 0.924805 0.375488
vt 0.889648 0.449707
vt 0.852051 0.439453
vt 0.820313 0.419922
vt 0.787109 0.395020
vt 0.637695 0.179688
vt 0.632324 0.184082
vt 0.632813 0.175781
vt 0.629883 0.179199
vt 0.640137 0.173828
vt 0.636230 0.170410
vt 0.706543 0.156250
vt 0.701660 0.159180
vt 0.703125 0.149902
vt 0.700684 0.153809
vt 0.709961 0.152344
vt 0.708496 0.146973
vt 0.708496 0.136719
vt 0.715820 0.138672
vt 0.713379 0.145020
vt 0.720215 0.124023
vt 0.721191 0.130859
vt 0.715820 0.128906
vt 0.695313 0.150879
vt 0.700195 0.145996
vt 0.614746 0.914001
vt 0.615723 0.907837
vt 0.615234 0.915405
vt 0.604980 0.899963
vt 0.610840 0.901123
vt 0.610352 0.908081
vt 0.624023 0.177246
vt 0.630859 0.168945
vt 0.635742 0.162598
vt 0.637695 0.160156
vt 0.553711 0.847656
vt 0.559570 0.850342
vt 0.559082 0.857056
vt 0.564941 0.865967
vt 0.564941 0.859863
vt 0.566895 0.868408
vt 0.580078 0.249023
vt 0.575684 0.256836
vt 0.576660 0.246582
vt 0.573730 0.253418
vt 0.582520 0.240723
vt 0.579102 0.239746
vt 0.578613 0.232910
vt 0.580078 0.229492
vt 0.568848 0.256836
vt 0.573730 0.244629
vt 0.552246 0.349121
vt 0.556152 0.339355
vt 0.560059 0.330566
vt 0.535645 0.777588
vt 0.537109 0.771973
vt 0.537109 0.779785
vt 0.559570 0.322266
vt 0.528320 0.761841
vt 0.533691 0.763794
vt 0.531738 0.770142
vt 0.546387 0.354980
vt 0.553223 0.336426
vt 0.714844 0.177734
vt 0.711426 0.170898
vt 0.718750 0.173340
vt 0.714844 0.165527
vt 0.717773 0.185059
vt 0.722168 0.180664
vt 0.721191 0.193359
vt 0.725586 0.188965
vt 0.731445 0.219238
vt 0.736816 0.211914
vt 0.735352 0.227539
vt 0.740234 0.220703
vt 0.654297 0.206543
vt 0.648926 0.196289
vt 0.659180 0.198242
vt 0.652832 0.188477
vt 0.661133 0.214844
vt 0.665527 0.207520
vt 0.667969 0.224609
vt 0.672852 0.215820
vt 0.689941 0.248535
vt 0.694824 0.240723
vt 0.696289 0.257813
vt 0.700684 0.249512
vt 0.603027 0.266113
vt 0.593262 0.258789
vt 0.606445 0.256836
vt 0.596680 0.249023
vt 0.611328 0.272461
vt 0.614746 0.263184
vt 0.620117 0.279785
vt 0.623535 0.270020
vt 0.646484 0.302246
vt 0.650879 0.291992
vt 0.655762 0.310547
vt 0.659180 0.299805
vt 0.583984 0.354492
vt 0.574707 0.349121
vt 0.590332 0.343262
vt 0.580078 0.337891
vt 0.591797 0.359375
vt 0.597656 0.347656
vt 0.614746 0.371582
vt 0.621582 0.359863
vt 0.623535 0.375977
vt 0.629395 0.363770
vt 0.633789 0.380371
vt 0.638184 0.367676
vt 0.719238 0.284180
vt 0.730469 0.293457
vt 0.689941 0.325195
vt 0.704102 0.330078
vt 0.668457 0.381348
vt 0.683105 0.383301
vt 0.680176 0.348633
vt 0.707031 0.299316
vt 0.715332 0.294922
vt 0.724121 0.307617
vt 0.714355 0.315430
vt 0.687012 0.339844
vt 0.673828 0.588623
vt 0.676270 0.570068
vt 0.690918 0.592529
vt 0.693848 0.570801
vt 0.741699 0.279785
vt 0.753418 0.276367
vt 0.738770 0.263672
vt 0.747070 0.260742
vt 0.680176 0.402832
vt 0.676270 0.419434
vt 0.666992 0.396973
vt 0.663574 0.410645
vt 0.689941 0.362305
vt 0.699707 0.348633
vt 0.755371 0.251953
vt 0.761230 0.238770
vt 0.768066 0.221191
vt 0.657715 0.422363
vt 0.668945 0.431641
vt 0.661621 0.684570
vt 0.676758 0.706055
vt 0.644531 0.696045
vt 0.656250 0.716064
vt 0.624023 0.528076
vt 0.625000 0.513672
vt 0.630371 0.528076
vt 0.626465 0.540039
vt 0.633789 0.539795
vt 0.626953 0.550781
vt 0.632813 0.550293
vt 0.628418 0.562744
vt 0.640137 0.547119
vt 0.614258 0.592285
vt 0.606445 0.585938
vt 0.615234 0.580811
vt 0.604980 0.604248
vt 0.604492 0.520752
vt 0.613770 0.529785
vt 0.609863 0.540771
vt 0.614746 0.540771
vt 0.639648 0.531494
vt 0.616211 0.551025
vt 0.631348 0.612793
vt 0.630859 0.597168
vt 0.629883 0.582275
vt 0.609863 0.562988
vt 0.658203 0.568115
vt 0.659668 0.586914
vt 0.673340 0.547363
vt 0.655273 0.549072
vt 0.666504 0.526855
vt 0.653320 0.528320
vt 0.655273 0.507568
vt 0.647949 0.508301
vt 0.670410 0.604980
vt 0.666504 0.619141
vt 0.658691 0.602783
vt 0.659668 0.617920
vt 0.616211 0.743408
vt 0.617676 0.758789
vt 0.735840 0.177246
vt 0.730957 0.183105
vt 0.569336 0.841675
vt 0.562012 0.829346
vt 0.581543 0.832642
vt 0.578613 0.817017
vt 0.713867 0.159180
vt 0.717285 0.158203
vt 0.709961 0.165527
vt 0.704102 0.168457
vt 0.707031 0.174316
vt 0.699707 0.176270
vt 0.647461 0.183594
vt 0.655762 0.176758
vt 0.643555 0.188965
vt 0.637695 0.193848
vt 0.644531 0.202637
vt 0.636719 0.206055
vt 0.591309 0.243164
vt 0.595703 0.235352
vt 0.588379 0.255371
vt 0.582031 0.262207
vt 0.588379 0.268066
vt 0.580566 0.276367
vt 0.569824 0.361816
vt 0.710938 0.202148
vt 0.716309 0.197754
vt 0.729492 0.232910
vt 0.722656 0.237305
vt 0.746094 0.211914
vt 0.691406 0.264648
vt 0.680664 0.272461
vt 0.656250 0.829346
vt 0.670410 0.835327
vt 0.679199 0.845947
vt 0.681641 0.860718
vt 0.700684 0.241211
vt 0.598633 0.290527
vt 0.599609 0.276367
vt 0.604004 0.293945
vt 0.607910 0.283203
vt 0.582031 0.814575
vt 0.588867 0.827148
vt 0.588379 0.845093
vt 0.596191 0.839722
vt 0.604004 0.852051
vt 0.600586 0.854492
vt 0.610840 0.249512
vt 0.616699 0.253906
vt 0.624512 0.259766
vt 0.608398 0.848511
vt 0.603516 0.834839
vt 0.596191 0.822266
vt 0.587891 0.811401
vt 0.610352 0.298340
vt 0.616211 0.289551
vt 0.651367 0.319824
vt 0.644043 0.327148
vt 0.617188 0.788818
vt 0.630859 0.796997
vt 0.638672 0.810303
vt 0.641113 0.828491
vt 0.660645 0.286133
vt 0.573242 0.759644
vt 0.579590 0.771973
vt 0.563965 0.762939
vt 0.574219 0.773682
vt 0.599609 0.333984
vt 0.604004 0.336914
vt 0.579590 0.367188
vt 0.586914 0.371582
vt 0.578125 0.382324
vt 0.582520 0.384766
vt 0.564453 0.732666
vt 0.568848 0.746338
vt 0.559570 0.735107
vt 0.559570 0.750000
vt 0.640625 0.354004
vt 0.628418 0.392578
vt 0.622559 0.404785
vt 0.603516 0.717529
vt 0.611816 0.729248
vt 0.605469 0.763916
vt 0.599121 0.750244
vt 0.611328 0.761475
vt 0.606934 0.747070
vt 0.628418 0.348145
vt 0.634766 0.351074
vt 0.617188 0.387695
vt 0.607910 0.382813
vt 0.599609 0.394043
vt 0.609863 0.399414
vt 0.594238 0.736084
vt 0.590820 0.722412
vt 0.602539 0.732910
vt 0.596680 0.719971
vt 0.742676 0.149902
vt 0.745605 0.155762
vt 0.734375 0.153320
vt 0.738281 0.163086
vt 0.728516 0.160156
vt 0.732422 0.168945
vt 0.726563 0.175781
vt 0.722656 0.166992
vt 0.741699 0.170410
vt 0.749023 0.163086
vt 0.757324 0.179688
vt 0.751465 0.187988
vt 0.746094 0.197266
vt 0.741211 0.205078
vt 0.750488 0.202637
vt 0.754883 0.192871
vt 0.758301 0.183594
vt 0.643555 0.895081
vt 0.633301 0.906799
vt 0.635254 0.889221
vt 0.626465 0.899902
vt 0.628418 0.879089
vt 0.620117 0.891235
vt 0.648438 0.874878
vt 0.653320 0.886414
vt 0.642090 0.881592
vt 0.648926 0.890320
vt 0.640625 0.864990
vt 0.634766 0.871460
vt 0.627441 0.860474
vt 0.631836 0.857178
vt 0.728027 0.506592
vt 0.720215 0.476074
vt 0.766602 0.511475
vt 0.732910 0.626465
vt 0.690918 0.731689
vt 0.718750 0.769897
vt 0.739258 0.547607
vt 0.769531 0.551270
vt 0.703613 0.469727
vt 0.832520 0.637939
vt 0.803223 0.644775
vt 0.829590 0.596680
vt 0.801758 0.596191
vt 0.669922 0.750732
vt 0.740723 0.583496
vt 0.770996 0.595703
vt 0.746582 0.808716
vt 0.723633 0.120605
vt 0.603027 0.897095
vt 0.552246 0.844482
vt 0.527344 0.758789
vt 0.722656 0.149414
vt 0.584473 0.866089
vt 0.576172 0.853760
vt 0.556152 0.779907
vt 0.550293 0.767700
vt 0.812012 0.327637
vt 0.814453 0.306152
vt 0.769043 0.250977
vt 0.762695 0.267090
vt 0.687988 0.372559
vt 0.737793 0.288086
vt 0.710449 0.324219
vt 0.653320 0.831909
vt 0.662598 0.842163
vt 0.624512 0.864746
vt 0.613770 0.791382
vt 0.622070 0.803955
vt 0.932129 0.311035
vt 0.908203 0.314941
vt 0.918945 0.279785
vt 0.883789 0.284668
vt 0.881348 0.312988
vt 0.866211 0.285156
vt 0.854004 0.310547
vt 0.849609 0.286133
vt 0.834473 0.300293
vt 0.832520 0.278320
vt 0.814453 0.282227
vt 0.813477 0.258789
vt 0.778320 0.205078
vt 0.774414 0.230469
vt 0.773926 0.198242
vt 0.726563 0.140137
vt 0.692871 0.158203
vt 0.709961 0.183594
vt 0.712402 0.189941
vt 0.726074 0.224121
vt 0.692871 0.786255
vt 0.729492 0.819214
vt 0.671875 0.852783
vt 0.622070 0.179688
vt 0.649902 0.212891
vt 0.656738 0.222168
vt 0.663574 0.230469
vt 0.685547 0.255859
vt 0.699219 0.312988
vt 0.629883 0.817139
vt 0.566895 0.261230
vt 0.642578 0.311523
vt 0.646484 0.601318
vt 0.645020 0.584229
vt 0.686523 0.608154
vt 0.700684 0.616211
vt 0.710938 0.600098
vt 0.713379 0.626953
vt 0.712891 0.646240
vt 0.545898 0.756104
vt 0.674316 0.364258
vt 0.642578 0.567139
vt 0.640137 0.509766
vt 0.649902 0.618164
vt 0.685547 0.523193
vt 0.694336 0.547363
vt 0.683594 0.501709
vt 0.684082 0.621826
vt 0.708984 0.517090
vt 0.714355 0.546387
vt 0.714844 0.575928
vt 0.701172 0.496094
vt 0.695313 0.626221
vt 0.704102 0.635254
vt 0.800293 0.556641
vt 0.831055 0.561035
vt 0.941406 0.585205
vt 0.939941 0.616699
vt 0.910645 0.573975
vt 0.910645 0.605225
vt 0.870117 0.568359
vt 0.873047 0.602051
vt 0.800293 0.520264
vt 0.705078 0.485840
vt 0.871582 0.639404
vt 0.906738 0.640381
vt 0.939453 0.650391
vt 0.871094 0.674316
vt 0.902344 0.673340
vt 0.938965 0.681885
vt 0.900391 0.698486
vt 0.871582 0.705078
vt 0.942871 0.708496
vt 0.920410 0.345703
vt 0.943359 0.343750
vt 0.890625 0.341797
vt 0.857910 0.336914
vt 0.840332 0.678223
vt 0.850586 0.716797
vt 0.943848 0.556152
vt 0.914063 0.545898
vt 0.858398 0.363281
vt 0.894531 0.370605
vt 0.883301 0.478516
vt 0.846191 0.467773
vt 0.877930 0.509277
vt 0.839355 0.498047
vt 0.876953 0.538574
vt 0.812500 0.451660
vt 0.806152 0.484863
vt 0.834473 0.347168
vt 0.834473 0.324219
vt 0.818359 0.690186
vt 0.831543 0.742188
vt 0.814941 0.757813
vt 0.833496 0.529297
vt 0.703613 0.628662
vt 0.729980 0.275391
vt 0.769043 0.190918
vt 0.723145 0.824219
vt 0.688477 0.791382
vt 0.660645 0.747559
vt 0.731445 0.128418
vt 0.705078 0.189453
vt 0.707031 0.193848
vt 0.720215 0.229004
vt 0.679199 0.863770
vt 0.613281 0.877014
vt 0.646484 0.218750
vt 0.663574 0.190918
vt 0.653320 0.228027
vt 0.669922 0.199219
vt 0.657715 0.238281
vt 0.676270 0.208008
vt 0.677734 0.266602
vt 0.697266 0.235840
vt 0.542969 0.743408
vt 0.637207 0.831299
vt 0.637695 0.320801
vt 0.654785 0.281738
vt 0.776244 0.935668
vt 0.756697 0.911739
vt 0.744600 0.905994
vt 0.730134 0.899150
vt 0.423828 0.463867
vt 0.448978 0.472137
vt 0.423828 0.494629
vt 0.445447 0.444735
vt 0.449711 0.467234
vt 0.332031 0.442871
vt 0.326172 0.444203
vt 0.332031 0.429238
vt 0.953531 0.914380
vt 0.956148 0.911897
vt 0.325195 0.450615
vt 0.445599 0.494629
vt 0.330566 0.494629
vt 0.316877 0.486296
vt 0.330566 0.471191
vt 0.423340 0.431641
vt 0.436225 0.417658
vt 0.444290 0.437470
vt 0.318472 0.472547
vt 0.781754 0.942419
vt 0.981171 0.896730
vt 0.429933 0.400474
vt 0.922592 0.946537
vt 0.827166 0.939004
vt 0.845507 0.939202
vt 0.160068 0.355173
vt 0.157731 0.367839
vt 0.157450 0.369393
vt 0.421848 0.679352
vt 0.434765 0.688269
vt 0.421278 0.743005
vt 0.421770 0.696642
vt 0.652384 0.940370
vt 0.421536 0.695862
vt 0.546970 0.676569
vt 0.540378 0.649322
vt 0.534795 0.645710
vt 0.315652 0.494629
vt 0.981794 0.896408
vt 0.547843 0.719575
vt 0.633616 0.945813
vt 0.555887 0.676232
s 1
g off
g izquierdaB_material_0.002
usemtl material_0.002
f 3/1/1 1/2/1 2/3/1
s 2
f 6/4/2 5/1/2 4/2/2
s 3
f 9/5/3 7/6/3 8/7/3
s 4
f 12/6/4 10/8/4 11/7/4
s 5
f 15/9/5 13/10/5 14/7/5
s 6
f 18/10/6 16/11/6 17/7/6
s 7
f 21/12/7 20/13/7 19/14/7
s 8
f 24/15/8 23/16/8 22/1/8
s 9
f 27/3/9 26/1/9 25/16/9
s 10
f 30/16/10 28/3/10 29/17/10
s 11
f 33/17/11 32/16/11 31/18/11
s 12
f 1043/19/12 34/20/12 1044/21/12
s 13
f 37/22/13 35/23/13 36/24/13
s 14
f 40/25/14 38/22/14 39/24/14
s 15
f 43/25/15 41/26/15 42/22/15
s 16
f 46/26/16 44/18/16 45/22/16
s 17
f 49/26/17 48/18/17 47/27/17
s 18
f 52/28/18 50/26/18 51/29/18
s 19
f 55/30/19 54/29/19 53/31/19
s 20
f 58/32/20 56/31/20 57/30/20
s 21
f 61/32/21 59/33/21 60/31/21
s 22
f 64/34/22 63/32/22 62/33/22
s 23
f 67/35/23 65/31/23 66/33/23
s 24
f 72/36/24 1049/37/24 1050/38/24
s 25
f 76/39/25 74/36/25 75/40/25
s 26
f 79/39/26 77/40/26 78/41/26
s 27
f 82/41/27 80/42/27 81/43/27
s 28
f 86/44/28 85/45/28 84/46/28
s 29
f 89/44/29 87/45/29 88/47/29
s 30
f 92/47/30 90/45/30 91/48/30
s 31
f 95/49/31 93/16/31 94/18/31
s 32
f 98/27/32 96/49/32 97/18/32
s 33
f 101/44/33 99/49/33 100/27/33
s 34
f 104/50/34 102/3/34 103/2/34
s 35
f 107/51/35 105/3/35 106/50/35
s 36
f 110/17/36 108/3/36 109/51/36
s 37
f 113/17/37 111/51/37 112/23/37
s 38
f 116/48/38 114/45/38 115/52/38
s 39
f 120/11/39 118/5/39 119/7/39
s 40
f 123/53/40 121/4/40 122/1/40
s 41
f 126/4/41 124/53/41 125/54/41
s 42
f 129/8/42 127/55/42 128/7/42
s 43
f 132/7/43 130/55/43 131/9/43
s 44
f 135/54/44 133/53/44 134/13/44
s 45
f 138/13/45 136/56/45 137/54/45
s 46
f 141/56/46 139/13/46 140/14/46
s 47
f 144/13/47 142/48/47 143/12/47
s 48
f 147/53/48 145/48/48 146/13/48
s 49
f 150/48/49 149/15/49 148/53/49
s 50
f 153/15/50 151/53/50 152/1/50
s 51
f 156/18/51 154/17/51 155/22/51
s 52
f 161/22/52 160/23/52 159/17/52
s 53
f 164/26/53 163/27/53 162/28/53
s 54
f 167/25/54 166/26/54 165/29/54
s 55
f 170/30/55 168/29/55 169/25/55
s 56
f 173/31/56 171/35/56 172/57/56
s 57
f 176/57/57 174/29/57 175/31/57
s 58
f 179/28/58 177/29/58 178/57/58
s 59
f 182/58/59 180/28/59 181/57/59
s 60
f 185/35/60 183/58/60 184/57/60
s 61
f 188/35/61 186/59/61 187/58/61
s 62
f 191/58/62 189/59/62 190/60/62
s 63
f 194/58/63 192/60/63 193/61/63
s 64
f 197/62/64 195/28/64 196/58/64
s 65
f 200/42/65 198/41/65 199/40/65
s 66
f 203/28/66 201/62/66 202/27/66
s 67
f 210/27/67 208/62/67 209/44/67
s 68
f 1061/63/68 1062/64/68 211/65/68
s 69
f 216/62/69 214/66/69 215/44/69
s 70
f 1065/67/70 1066/68/70 217/69/70
s 71
f 220/61/71 218/66/71 219/62/71
s 72
f 223/44/72 221/66/72 222/46/72
s 73
f 226/15/73 224/47/73 225/48/73
s 74
f 229/49/74 227/47/74 228/15/74
s 75
f 1067/70/75 1068/71/75 230/43/75
s 76
f 233/12/76 231/48/76 232/52/76
s 77
f 238/72/77 236/43/77 237/73/77
s 78
f 241/74/78 240/72/78 239/41/78
s 79
f 1073/75/79 1074/76/79 244/74/79
s 80
f 247/49/80 246/16/80 245/15/80
s 81
f 250/44/81 248/47/81 249/49/81
s 82
f 253/77/82 252/20/82 251/78/82
s 83
f 256/79/83 254/78/83 255/77/83
s 84
f 259/41/84 258/39/84 257/74/84
s 85
f 262/43/85 260/72/85 261/41/85
s 86
f 263/69/86 1075/80/86 1076/67/86
s 87
f 1077/81/87 265/82/87 1078/83/87
s 88
f 1081/84/88 1082/85/88 268/65/88
s 89
f 1083/86/89 1084/87/89 269/88/89
s 90
f 270/89/90 1085/90/90 1086/91/90
s 91
f 1087/90/91 272/88/91 1088/87/91
s 92
f 275/58/92 274/62/92 273/61/92
s 93
f 281/89/93 1095/92/93 1096/91/93
s 94
f 284/89/94 282/93/94 283/94/94
s 95
f 287/93/95 285/95/95 286/94/95
s 96
f 290/95/96 288/93/96 289/65/96
s 97
f 293/96/97 291/65/97 292/93/97
s 98
f 1098/97/98 294/65/99 1097/84/99
s 99
f 1099/98/100 1100/97/100 296/96/100
s 100
f 299/78/101 297/99/101 298/20/101
s 101
f 1101/19/102 300/20/102 1102/100/102
s 102
f 305/101/103 303/102/103 304/103/103
s 103
f 308/102/104 307/103/104 306/77/104
s 104
f 311/79/105 309/77/105 310/102/105
s 107
f 302/101/867 1104/1014/867 1103/1015/867
s 108
f 278/93/868 1093/1016/868 279/96/868
s 109
f 277/96/869 1092/1017/869 1091/1016/869
s 110
f 276/96/870 1090/1017/870 1089/1018/870
s 111
f 266/82/871 1079/1019/871 267/1020/871
s 112
f 242/39/872 1071/76/872 243/74/872
s 113
f 235/43/873 1070/1021/873 1069/71/873
s 114
f 212/95/874 1063/64/874 213/65/874
s 115
f 207/1020/875 1060/1022/875 206/42/875
s 116
f 205/42/876 1058/70/876 204/43/876
s 117
f 158/99/877 1056/1023/877 157/20/877
s 118
f 117/96/878 1054/1018/878 1053/98/878
s 119
f 83/1020/879 1052/1024/879 1051/1019/879
s 120
f 71/1025/880 1048/38/880 70/36/880
s 121
f 68/1025/881 1045/1026/882 69/1027/882
s 24
f 72/36/24 73/39/24 1049/37/24
s 86
f 263/69/86 264/95/86 1075/80/86
s 90
f 270/89/90 271/88/90 1085/90/90
s 93
f 281/89/93 280/93/93 1095/92/93
s 98
f 1098/97/98 295/96/98 294/65/99
s 107
f 302/101/867 301/103/867 1104/1014/867
s 108
f 278/93/868 1094/92/868 1093/1016/868
s 111
f 266/82/871 1080/81/871 1079/1019/871
s 112
f 242/39/872 1072/1030/883 1071/76/872
s 113
f 235/43/873 234/73/873 1070/1021/873
s 114
f 212/95/874 1064/80/874 1063/64/874
s 115
f 207/1020/875 1059/1024/875 1060/1022/875
s 116
f 205/42/876 1057/1022/876 1058/70/876
s 117
f 158/99/877 1055/1031/877 1056/1023/877
s 120
f 71/1025/880 1047/1032/884 1048/38/880
s 121
f 68/1025/881 1046/1032/881 1045/1026/882
s 105
g izquierdaB_Harry_clothes1.005
usemtl Harry_clothes1.005
f 874/104/106 875/105/107 876/106/108
f 877/107/109 875/105/107 874/104/106
f 878/108/110 879/109/111 880/110/112
f 881/111/113 882/112/114 883/113/115
f 884/114/116 882/112/114 881/111/113
f 882/112/114 884/114/116 885/115/117
f 886/116/118 887/117/119 888/118/120
f 889/119/121 887/117/119 890/120/122
f 880/121/112 887/117/119 889/119/121
f 875/105/107 878/108/110 876/106/108
f 879/109/111 878/108/110 875/105/107
f 877/107/109 891/122/123 892/123/124
f 893/124/125 894/125/126 895/126/127
f 896/127/128 894/125/126 893/124/125
f 897/128/129 893/129/125 895/130/127
f 898/131/130 893/129/125 897/128/129
f 899/132/131 900/133/132 901/134/133
f 892/123/124 900/133/132 899/132/131
f 899/132/131 894/125/126 896/127/128
f 901/134/133 894/125/126 899/132/131
f 885/115/117 897/128/129 902/135/134
f 898/131/130 897/128/129 885/115/117
f 903/136/135 904/137/136 905/138/137
f 906/139/138 904/137/136 903/136/135
f 877/107/109 899/132/131 875/105/107
f 892/123/124 899/132/131 877/107/109
f 899/132/131 879/109/111 875/105/107
f 907/140/139 879/109/111 899/132/131
f 880/110/112 907/140/139 908/141/140
f 879/109/111 907/140/139 880/110/112
f 909/142/141 910/143/142 911/144/143
f 909/142/141 911/144/143 912/145/144
f 913/146/145 914/147/146 915/148/147
f 915/148/147 916/149/148 913/146/145
f 917/150/149 916/149/148 915/148/147
f 886/116/118 917/150/149 918/151/150
f 916/149/148 917/150/149 886/116/118
f 918/151/150 887/117/119 886/116/118
f 890/120/122 887/117/119 918/151/150
f 912/145/144 914/147/146 913/146/145
f 919/152/151 920/153/152 921/154/153
f 922/155/154 920/153/152 923/156/155
f 924/157/156 919/152/151 925/158/157
f 926/159/158 923/156/155 919/152/151
f 927/160/159 928/161/160 923/156/155
f 929/162/161 930/163/162 931/164/163
f 932/165/164 930/163/162 933/166/165
f 932/165/164 934/167/166 935/168/167
f 932/165/164 933/166/165 934/167/166
f 930/163/162 929/162/161 933/166/165
f 929/162/161 931/164/163 936/169/168
f 937/170/169 938/171/170 934/167/166
f 939/172/171 898/131/130 885/115/117
f 898/131/130 908/173/140 893/129/125
f 939/172/171 908/173/140 898/131/130
f 908/141/140 896/127/128 893/124/125
f 907/140/139 896/127/128 908/141/140
f 907/140/139 899/132/131 896/127/128
f 940/174/172 941/175/173 942/176/174
f 943/177/175 941/175/173 940/174/172
f 944/178/176 945/179/177 946/180/178
f 947/181/179 945/179/177 944/178/176
f 947/182/179 948/183/180 945/184/177
f 949/185/181 948/183/180 947/182/179
f 950/186/182 951/187/183 952/188/184
f 953/189/185 951/187/183 950/186/182
f 953/189/185 954/190/186 951/187/183
f 955/191/187 954/190/186 953/189/185
f 956/192/188 957/193/189 958/194/190
f 959/195/191 957/193/189 956/192/188
f 960/196/192 958/194/190 946/180/178
f 956/192/188 958/194/190 960/196/192
f 942/176/174 950/186/182 952/188/184
f 961/197/193 950/186/182 942/176/174
f 961/197/193 962/198/194 950/186/182
f 963/199/195 962/198/194 961/197/193
f 964/200/196 961/197/193 965/201/197
f 963/199/195 961/197/193 964/200/196
f 966/202/198 943/177/175 940/174/172
f 967/203/199 943/177/175 966/202/198
f 968/204/200 921/154/153 969/205/201
f 925/158/157 921/154/153 968/204/200
f 969/205/201 966/202/198 940/174/172
f 921/154/153 966/202/198 969/205/201
f 967/203/199 957/193/189 943/177/175
f 970/206/202 957/193/189 967/203/199
f 959/195/191 965/201/197 957/193/189
f 964/200/196 965/201/197 959/195/191
f 950/186/182 971/207/203 953/189/185
f 962/198/194 971/207/203 950/186/182
f 971/207/203 955/191/187 953/189/185
f 972/208/204 955/191/187 971/207/203
f 968/204/200 954/190/186 948/183/180
f 951/187/183 954/190/186 968/204/200
f 948/183/180 954/190/186 945/184/177
f 973/209/205 945/184/177 955/191/187
f 974/210/206 883/113/115 903/136/135
f 891/122/123 883/113/115 974/210/206
f 883/113/115 906/139/138 903/136/135
f 882/112/114 906/139/138 883/113/115
f 906/139/138 885/115/117 902/135/134
f 882/112/114 885/115/117 906/139/138
f 891/122/123 877/107/109 975/211/207
f 975/211/207 883/113/115 891/122/123
f 881/111/113 883/113/115 975/211/207
f 976/212/208 884/114/116 881/111/113
f 884/114/116 977/213/209 885/115/117
f 877/107/109 978/214/210 975/211/207
f 874/104/106 978/214/210 877/107/109
f 978/214/210 881/111/113 975/211/207
f 976/212/208 881/111/113 978/214/210
f 891/122/123 974/210/206 892/123/124
f 913/146/145 976/212/208 912/145/144
f 977/213/209 884/114/116 976/212/208
f 977/213/209 888/118/120 885/115/117
f 887/117/119 939/172/171 888/118/120
f 880/121/112 908/173/140 887/117/119
f 979/215/211 980/216/212 914/147/146
f 981/217/213 982/218/214 983/219/215
f 912/145/144 911/144/143 914/147/146
f 982/218/214 984/220/216 985/221/217
f 985/221/217 984/220/216 986/222/218
f 985/221/217 986/222/218 987/223/219
f 987/223/219 986/222/218 988/224/220
f 987/223/219 988/224/220 989/225/221
f 989/225/221 988/224/220 990/226/222
f 989/227/221 990/228/222 991/229/223
f 991/229/223 990/228/222 992/230/224
f 991/229/223 992/230/224 993/231/225
f 993/231/225 992/230/224 994/232/226
f 993/231/225 994/232/226 995/233/227
f 995/233/227 994/232/226 996/234/228
f 995/233/227 996/234/228 997/235/229
f 997/235/229 996/234/228 980/216/212
f 997/235/229 980/216/212 998/236/230
f 998/236/230 980/216/212 979/215/211
f 998/236/230 979/215/211 982/218/214
f 982/218/214 979/215/211 984/220/216
f 1105/237/231 1106/238/232 937/239/169
f 941/175/173 943/177/175 957/193/189
f 1003/240/233 1004/241/234 1005/242/235
f 1005/242/235 1004/241/234 1006/243/236
f 1003/240/233 1005/242/235 936/244/168
f 929/162/161 1007/245/237 933/166/165
f 926/159/158 930/163/162 932/165/164
f 926/159/158 932/165/164 923/156/155
f 923/156/155 932/165/164 927/160/159
f 928/161/160 1008/246/238 922/155/154
f 922/155/154 1008/246/238 1009/247/239
f 1006/243/236 1004/241/234 1008/246/238
f 1008/246/238 1004/241/234 1009/247/239
f 919/152/151 924/157/156 926/159/158
f 926/159/158 924/157/156 930/163/162
f 923/156/155 928/161/160 922/155/154
f 919/152/151 923/156/155 920/153/152
f 930/163/162 924/157/156 931/164/163
f 941/175/173 957/193/189 965/201/197
f 973/248/205 1010/249/240 960/196/192
f 955/191/187 972/208/204 973/209/205
f 973/209/205 972/208/204 1010/250/240
f 1011/251/241 963/199/195 1012/252/242
f 1012/252/242 963/199/195 964/200/196
f 962/198/194 963/199/195 1013/253/243
f 1013/253/243 963/199/195 1011/251/241
f 971/207/203 962/198/194 1014/254/244
f 1014/254/244 962/198/194 1013/253/243
f 972/208/204 971/207/203 1015/255/245
f 1015/255/245 971/207/203 1014/254/244
f 1010/250/240 972/208/204 1016/256/246
f 1016/256/246 972/208/204 1015/255/245
f 960/196/192 1010/249/240 1017/257/247
f 1017/257/247 1010/249/240 1016/258/246
f 1018/259/248 956/192/188 1017/257/247
f 1017/257/247 956/192/188 960/196/192
f 1019/260/249 959/195/191 1018/259/248
f 1018/259/248 959/195/191 956/192/188
f 1012/252/242 964/200/196 1019/260/249
f 1019/260/249 964/200/196 959/195/191
f 1000/261/250 1020/262/251 999/263/252
f 999/263/252 1020/262/251 1021/264/253
f 999/263/252 1021/264/253 1002/265/254
f 1002/265/254 1021/264/253 1001/266/255
f 1001/266/255 1021/264/253 935/168/167
f 1001/266/255 935/168/167 938/171/170
f 938/171/170 935/168/167 934/167/166
f 1126/267/256 1022/268/257 1109/269/258
f 1109/269/258 1022/268/257 1131/270/259
f 1131/270/259 1022/268/257 1117/271/260
f 1123/272/261 1132/273/262 1020/262/251
f 1020/262/251 1122/274/263 1123/272/261
f 927/160/159 932/165/164 935/168/167
f 921/154/153 920/153/152 966/202/198
f 952/188/184 969/205/201 942/176/174
f 942/176/174 969/205/201 940/174/172
f 1013/253/243 1011/251/241 904/137/136
f 904/137/136 1011/251/241 905/138/137
f 977/213/209 976/212/208 916/149/148
f 916/149/148 976/212/208 913/146/145
f 917/150/149 915/148/147 996/234/228
f 996/234/228 915/148/147 980/216/212
f 892/123/124 974/210/206 900/133/132
f 900/133/132 974/210/206 1023/275/264
f 974/210/206 903/136/135 1023/275/264
f 1023/275/264 903/136/135 905/138/137
f 904/137/136 906/139/138 902/135/134
f 905/138/137 1011/251/241 1023/275/264
f 1023/275/264 1011/251/241 1012/252/242
f 904/137/136 902/135/134 1013/253/243
f 1013/253/243 902/135/134 1014/254/244
f 894/125/126 901/134/133 1017/257/247
f 1017/257/247 901/134/133 1018/259/248
f 897/128/129 1015/255/245 902/135/134
f 902/135/134 1015/255/245 1014/254/244
f 1023/275/264 1012/252/242 900/133/132
f 900/133/132 1012/252/242 1019/260/249
f 876/106/108 910/143/142 874/104/106
f 874/104/106 910/143/142 909/142/141
f 944/178/176 946/180/178 1024/276/265
f 1024/276/265 946/180/178 958/194/190
f 1024/276/265 1004/241/234 944/178/176
f 944/178/176 1004/241/234 1003/240/233
f 908/173/140 939/172/171 887/117/119
f 889/119/121 890/120/122 990/228/222
f 990/228/222 890/120/122 992/230/224
f 880/110/112 889/277/121 878/108/110
f 878/108/110 889/277/121 1025/278/266
f 1025/278/266 889/277/121 988/224/220
f 988/224/220 889/277/121 990/226/222
f 878/108/110 1025/278/266 876/106/108
f 876/106/108 1025/278/266 910/143/142
f 986/222/218 910/143/142 988/224/220
f 988/224/220 910/143/142 1025/278/266
f 984/220/216 911/144/143 986/222/218
f 986/222/218 911/144/143 910/143/142
f 912/145/144 976/212/208 978/214/210
f 970/206/202 967/203/199 1009/247/239
f 1009/247/239 967/203/199 922/155/154
f 1024/276/265 958/194/190 970/206/202
f 970/206/202 958/194/190 957/193/189
f 970/206/202 1009/247/239 1024/276/265
f 1024/276/265 1009/247/239 1004/241/234
f 980/216/212 915/148/147 914/147/146
f 1008/246/238 1020/262/251 1006/243/236
f 909/142/141 912/145/144 874/104/106
f 874/104/106 912/145/144 978/214/210
f 939/172/171 885/115/117 888/118/120
f 890/120/122 918/151/150 992/230/224
f 992/230/224 918/151/150 994/232/226
f 977/213/209 916/149/148 888/118/120
f 888/118/120 916/149/148 886/116/118
f 918/151/150 917/150/149 994/232/226
f 994/232/226 917/150/149 996/234/228
f 900/133/132 1019/260/249 901/134/133
f 901/134/133 1019/260/249 1018/259/248
f 933/166/165 1022/268/257 934/167/166
f 1116/279/267 1120/280/268 1007/245/237
f 944/178/176 1003/240/233 947/181/179
f 947/181/179 1003/240/233 936/244/168
f 936/169/168 931/164/163 947/182/179
f 947/182/179 931/164/163 949/185/181
f 931/164/163 924/157/156 949/185/181
f 949/185/181 924/157/156 925/158/157
f 925/158/157 968/204/200 949/185/181
f 949/185/181 968/204/200 948/183/180
f 968/204/200 969/205/201 951/187/183
f 951/187/183 969/205/201 952/188/184
f 897/128/129 895/130/127 1015/255/245
f 1015/255/245 895/130/127 1016/256/246
f 955/191/187 945/184/177 954/190/186
f 1017/257/247 1016/258/246 894/125/126
f 894/125/126 1016/258/246 895/126/127
f 960/196/192 946/180/178 973/248/205
f 973/248/205 946/180/178 945/179/177
f 925/158/157 919/152/151 921/154/153
f 979/215/211 914/147/146 984/220/216
f 984/220/216 914/147/146 911/144/143
f 967/203/199 966/202/198 922/155/154
f 922/155/154 966/202/198 920/153/152
f 961/197/193 942/176/174 965/201/197
f 965/201/197 942/176/174 941/175/173
f 927/160/159 935/168/167 928/161/160
f 928/161/160 935/168/167 1021/264/253
f 928/161/160 1021/264/253 1008/246/238
f 1008/246/238 1021/264/253 1020/262/251
f 1026/281/269 1027/282/270 1028/283/271
f 1026/281/269 1028/283/271 1029/284/272
f 1026/281/269 1029/284/272 1030/285/273
f 1026/281/269 1030/285/273 1031/286/274
f 1026/281/269 1031/286/274 1032/287/275
f 1026/281/269 1032/287/275 1033/288/276
f 1026/281/269 1033/288/276 1034/289/277
f 1026/281/269 1034/289/277 1035/290/278
f 1026/281/269 1035/290/278 1027/282/270
f 1036/291/279 997/235/229 1037/292/280
f 1037/292/280 997/235/229 998/236/230
f 995/233/227 997/235/229 1038/293/281
f 1038/293/281 997/235/229 1036/291/279
f 1039/294/282 993/231/225 1038/293/281
f 1038/293/281 993/231/225 995/233/227
f 1040/295/283 991/229/223 1039/294/282
f 1039/294/282 991/229/223 993/231/225
f 1041/296/284 989/227/221 1040/295/283
f 1040/295/283 989/227/221 991/229/223
f 1042/297/285 987/223/219 1041/298/284
f 1041/298/284 987/223/219 989/225/221
f 983/219/215 985/221/217 1042/297/285
f 1042/297/285 985/221/217 987/223/219
f 983/219/215 982/218/214 985/221/217
f 1037/292/280 998/236/230 981/217/213
f 981/217/213 998/236/230 982/218/214
f 1034/299/277 981/217/213 1035/300/278
f 1035/300/278 981/217/213 983/219/215
f 1035/300/278 983/219/215 1027/301/270
f 1027/301/270 983/219/215 1042/297/285
f 1027/301/270 1042/297/285 1028/302/271
f 1028/302/271 1042/297/285 1041/298/284
f 1028/303/271 1041/296/284 1029/304/272
f 1029/304/272 1041/296/284 1040/295/283
f 1029/304/272 1040/295/283 1030/305/273
f 1030/305/273 1040/295/283 1039/294/282
f 1030/305/273 1039/294/282 1031/306/274
f 1031/306/274 1039/294/282 1038/293/281
f 1038/293/281 1036/291/279 1031/306/274
f 1031/306/274 1036/291/279 1032/307/275
f 1032/307/275 1036/291/279 1033/308/276
f 1033/308/276 1036/291/279 1037/292/280
f 1033/308/276 1037/292/280 1034/299/277
f 1034/299/277 1037/292/280 981/217/213
f 1005/242/235 1133/987/848 1134/988/849
f 1005/242/235 1134/988/849 1130/989/850
f 936/244/168 1130/989/850 1129/990/851
f 1001/991/255 1128/992/852 1002/993/254
f 1001/991/255 1125/994/853 1127/995/854
f 1000/996/250 1121/997/855 1122/998/263
f 1007/245/237 1124/999/856 933/166/165
f 1007/245/237 1120/280/268 1119/1000/857
f 1000/996/250 1118/1001/858 1121/997/855
f 933/166/165 1117/271/260 1022/268/257
f 1002/993/254 1128/992/852 1114/1002/859
f 1002/1003/254 1115/1004/860 999/1005/252
f 938/1006/170 1125/994/853 1001/991/255
f 938/1006/170 1112/1007/861 1113/1008/862
f 999/1005/252 1118/1001/858 1000/996/250
f 999/1005/252 1115/1004/860 1111/1009/863
f 1006/243/236 1133/987/848 1005/242/235
f 1006/243/236 1132/273/262 1110/1010/864
f 936/169/168 1108/1011/865 929/162/161
f 929/162/161 1116/279/267 1007/245/237
f 937/239/169 1112/1007/861 938/1006/170
f 937/239/169 1106/238/232 1107/1012/866
f 934/167/166 1105/1013/231 937/170/169
f 1126/267/256 934/167/166 1022/268/257
f 1020/262/251 1000/261/250 1122/274/263
f 936/244/168 1005/242/235 1130/989/850
f 1001/991/255 1127/995/854 1128/992/852
f 1007/245/237 1119/1000/857 1124/999/856
f 933/166/165 1124/999/856 1117/271/260
f 1002/1003/254 1114/1028/859 1115/1004/860
f 938/1006/170 1113/1008/862 1125/994/853
f 999/1005/252 1111/1009/863 1118/1001/858
f 1006/243/236 1110/1010/864 1133/987/848
f 1006/243/236 1020/262/251 1132/273/262
f 936/169/168 1129/1029/851 1108/1011/865
f 929/162/161 1108/1011/865 1116/279/267
f 937/239/169 1107/1012/866 1112/1007/861
f 934/167/166 1126/267/256 1105/1013/231
s 106
g izquierdaB_Harry_hands.005
usemtl Harry_hands.005
f 312/309/286 313/310/287 314/311/288
f 314/311/288 313/310/287 315/312/289
f 316/313/290 317/314/291 313/310/287
f 313/310/287 317/314/291 315/312/289
f 317/314/291 316/313/290 318/315/292
f 318/315/292 316/313/290 319/316/293
f 320/317/294 321/318/295 319/316/293
f 319/316/293 321/318/295 318/315/292
f 322/319/296 323/320/297 324/321/298
f 324/321/298 323/320/297 325/322/299
f 322/323/296 324/324/298 326/325/300
f 326/325/300 324/324/298 327/326/301
f 328/327/302 326/325/300 329/328/303
f 329/328/303 326/325/300 327/326/301
f 329/328/303 330/329/304 328/327/302
f 328/327/302 330/329/304 331/330/305
f 332/331/306 331/330/305 333/332/307
f 333/332/307 331/330/305 330/329/304
f 334/333/308 332/331/306 335/334/309
f 335/334/309 332/331/306 333/332/307
f 323/320/297 334/333/308 325/322/299
f 325/322/299 334/333/308 335/334/309
f 336/335/310 337/336/311 338/337/312
f 338/337/312 337/336/311 339/338/313
f 336/339/310 338/340/312 340/341/314
f 340/341/314 338/340/312 341/342/315
f 342/343/316 340/341/314 343/344/317
f 343/344/317 340/341/314 341/342/315
f 344/345/318 342/343/316 345/346/319
f 345/346/319 342/343/316 343/344/317
f 346/347/320 344/348/318 347/349/321
f 347/349/321 344/348/318 345/350/319
f 348/351/322 346/347/320 349/352/323
f 349/352/323 346/347/320 347/349/321
f 337/336/311 348/351/322 339/338/313
f 339/338/313 348/351/322 349/352/323
f 350/353/324 351/354/325 352/355/326
f 352/355/326 351/354/325 353/356/327
f 353/356/327 351/354/325 354/357/328
f 354/357/328 351/354/325 355/358/329
f 354/359/328 355/360/329 356/361/330
f 356/361/330 355/360/329 357/362/331
f 358/363/332 356/361/330 359/364/333
f 359/364/333 356/361/330 357/362/331
f 360/365/334 358/363/332 361/366/335
f 361/366/335 358/363/332 359/364/333
f 360/367/334 361/368/335 362/369/336
f 362/369/336 361/368/335 363/370/337
f 363/370/337 350/353/324 362/369/336
f 362/369/336 350/353/324 352/355/326
f 364/371/338 365/372/339 366/373/340
f 366/373/340 365/372/339 367/374/341
f 364/375/338 366/376/340 368/377/342
f 368/377/342 366/376/340 369/378/343
f 369/378/343 370/379/344 368/377/342
f 368/377/342 370/379/344 371/380/345
f 370/379/344 372/381/346 371/380/345
f 371/380/345 372/381/346 373/382/347
f 373/383/347 372/384/346 374/385/348
f 374/385/348 372/384/346 375/386/349
f 376/387/350 374/385/348 377/388/351
f 377/388/351 374/385/348 375/386/349
f 367/374/341 365/372/339 377/388/351
f 377/388/351 365/372/339 376/387/350
f 378/389/352 379/390/353 380/391/354
f 380/391/354 379/390/353 381/392/355
f 380/393/354 381/394/355 382/395/356
f 382/395/356 381/394/355 383/396/357
f 383/396/357 384/397/358 382/395/356
f 382/395/356 384/397/358 385/398/359
f 384/397/358 386/399/360 385/398/359
f 385/398/359 386/399/360 387/400/361
f 387/400/361 386/399/360 388/401/362
f 388/401/362 386/399/360 389/402/363
f 390/403/364 388/401/362 391/404/365
f 391/404/365 388/401/362 389/402/363
f 390/403/364 391/404/365 378/389/352
f 378/389/352 391/404/365 379/390/353
f 392/405/366 393/406/367 394/407/368
f 394/407/368 393/406/367 395/408/369
f 394/409/368 395/410/369 396/411/370
f 396/411/370 395/410/369 397/412/371
f 397/412/371 398/413/372 396/411/370
f 396/411/370 398/413/372 399/414/373
f 398/413/372 400/415/374 399/414/373
f 399/414/373 400/415/374 401/416/375
f 401/417/375 400/418/374 402/419/376
f 402/419/376 400/418/374 403/420/377
f 404/421/378 402/419/376 405/422/379
f 405/422/379 402/419/376 403/420/377
f 393/406/367 392/405/366 405/422/379
f 405/422/379 392/405/366 404/421/378
f 406/423/380 407/424/381 408/425/382
f 408/425/382 407/424/381 409/426/383
f 408/427/382 409/428/383 410/429/384
f 410/429/384 409/428/383 411/430/385
f 411/430/385 412/431/386 410/429/384
f 410/429/384 412/431/386 413/432/387
f 412/431/386 414/433/388 413/432/387
f 413/432/387 414/433/388 415/434/389
f 415/435/389 414/436/388 416/437/390
f 416/437/390 414/436/388 417/438/391
f 418/439/392 416/437/390 419/440/393
f 419/440/393 416/437/390 417/438/391
f 418/439/392 419/440/393 406/423/380
f 406/423/380 419/440/393 407/424/381
f 420/441/394 421/442/395 422/443/396
f 422/443/396 421/442/395 423/444/397
f 422/445/396 423/446/397 424/447/398
f 424/447/398 423/446/397 425/448/399
f 426/449/400 424/447/398 427/450/401
f 427/450/401 424/447/398 425/448/399
f 427/450/401 428/451/402 426/449/400
f 426/449/400 428/451/402 429/452/403
f 429/453/403 428/454/402 430/455/404
f 430/455/404 428/454/402 431/456/405
f 432/457/406 430/455/404 433/458/407
f 433/458/407 430/455/404 431/456/405
f 432/457/406 433/458/407 420/441/394
f 420/441/394 433/458/407 421/442/395
f 434/459/408 435/460/409 436/461/410
f 436/461/410 435/460/409 437/462/411
f 438/463/412 436/461/410 439/464/413
f 439/464/413 436/461/410 437/462/411
f 440/465/414 438/463/412 441/466/415
f 441/466/415 438/463/412 439/464/413
f 440/465/414 441/466/415 442/467/416
f 442/467/416 441/466/415 443/468/417
f 442/469/416 443/470/417 444/471/418
f 444/471/418 443/470/417 445/472/419
f 444/471/418 445/472/419 446/473/420
f 446/473/420 445/472/419 447/474/421
f 448/475/422 449/476/423 450/477/424
f 450/477/424 449/476/423 451/478/425
f 448/475/422 452/479/426 453/480/427
f 452/479/426 454/481/428 455/482/429
f 446/473/420 447/474/421 454/481/428
f 454/481/428 447/474/421 455/482/429
f 448/475/422 454/481/428 452/479/426
f 453/480/427 449/476/423 448/475/422
f 456/483/430 434/459/408 457/484/431
f 457/484/431 434/459/408 436/461/410
f 451/478/425 458/485/432 450/477/424
f 450/477/424 458/485/432 459/486/433
f 460/487/434 459/486/433 461/488/435
f 461/488/435 459/486/433 458/485/432
f 460/487/434 461/488/435 462/489/436
f 462/489/436 461/488/435 463/490/437
f 464/491/438 462/489/436 465/492/439
f 465/492/439 462/489/436 463/490/437
f 434/493/408 464/491/438 435/494/409
f 435/494/409 464/491/438 465/492/439
f 466/495/440 457/484/431 438/463/412
f 438/463/412 457/484/431 436/461/410
f 467/496/441 446/473/420 468/497/442
f 468/497/442 446/473/420 454/481/428
f 469/498/443 470/499/444 457/484/431
f 457/484/431 470/499/444 456/483/430
f 471/500/445 472/501/446 473/502/447
f 473/502/447 472/501/446 474/503/448
f 475/504/449 474/503/448 476/505/450
f 476/505/450 474/503/448 472/501/446
f 476/505/450 477/506/451 475/504/449
f 475/504/449 477/506/451 478/507/452
f 473/502/447 479/508/453 471/500/445
f 471/500/445 479/508/453 480/509/454
f 450/477/424 459/486/433 481/510/455
f 481/510/455 459/486/433 482/511/456
f 482/511/456 483/512/457 481/510/455
f 481/510/455 483/512/457 484/513/458
f 485/514/459 484/513/458 486/515/460
f 486/515/460 484/513/458 483/512/457
f 487/516/461 485/514/459 488/517/462
f 488/517/462 485/514/459 486/515/460
f 488/517/462 479/508/453 487/516/461
f 487/516/461 479/508/453 473/502/447
f 489/518/463 480/509/454 490/519/464
f 490/519/464 480/509/454 479/508/453
f 487/516/461 473/502/447 491/520/465
f 491/520/465 473/502/447 474/503/448
f 487/516/461 491/520/465 485/514/459
f 485/514/459 491/520/465 492/521/466
f 492/521/466 493/522/467 485/514/459
f 485/514/459 493/522/467 484/513/458
f 481/510/455 484/513/458 494/523/468
f 494/523/468 484/513/458 493/522/467
f 495/524/469 496/525/470 497/526/471
f 497/526/471 496/525/470 498/527/472
f 495/524/469 497/526/471 499/528/473
f 499/528/473 497/526/471 500/529/474
f 501/530/475 502/531/476 503/532/477
f 503/532/477 502/531/476 504/533/478
f 501/530/475 503/532/477 505/534/479
f 505/534/479 503/532/477 506/535/480
f 507/536/481 508/537/482 509/538/483
f 510/539/484 511/540/485 512/541/486
f 504/533/478 510/542/484 503/532/477
f 503/532/477 510/542/484 512/543/486
f 506/535/480 507/536/481 505/534/479
f 505/534/479 507/536/481 509/538/483
f 513/544/487 514/545/488 515/546/489
f 516/547/490 517/548/491 518/549/492
f 498/527/472 516/550/490 497/526/471
f 497/526/471 516/550/490 518/551/492
f 500/529/474 513/552/487 499/528/473
f 499/528/473 513/552/487 515/553/489
f 519/554/493 520/555/494 521/556/495
f 522/557/496 523/558/497 524/559/498
f 525/560/499 526/561/500 527/562/501
f 527/562/501 526/561/500 528/563/502
f 525/560/499 527/562/501 529/564/503
f 529/564/503 527/562/501 530/565/504
f 530/565/504 522/566/496 529/564/503
f 529/564/503 522/566/496 524/567/498
f 528/563/502 519/568/493 527/562/501
f 527/562/501 519/568/493 521/569/495
f 313/310/287 531/570/505 316/313/290
f 316/313/290 531/570/505 532/571/506
f 532/571/506 533/572/507 316/313/290
f 316/313/290 533/572/507 319/316/293
f 534/573/508 535/574/509 320/575/294
f 533/572/507 534/576/508 319/316/293
f 319/316/293 534/576/508 320/317/294
f 536/577/510 537/578/511 538/579/512
f 531/570/505 536/580/510 532/571/506
f 532/571/506 536/580/510 538/581/512
f 539/582/513 540/583/514 541/584/515
f 541/584/515 540/583/514 542/585/516
f 543/586/517 539/582/513 544/587/518
f 544/587/518 539/582/513 541/584/515
f 545/588/519 543/586/517 546/589/520
f 546/589/520 543/586/517 544/587/518
f 545/588/519 546/589/520 334/333/308
f 334/333/308 546/589/520 332/331/306
f 547/590/521 335/334/309 548/591/522
f 548/591/522 335/334/309 333/332/307
f 549/592/523 547/590/521 550/593/524
f 550/593/524 547/590/521 548/591/522
f 549/592/523 550/593/524 390/403/364
f 390/403/364 550/593/524 388/401/362
f 551/594/525 552/595/526 553/596/527
f 553/596/527 552/595/526 554/597/528
f 555/598/529 551/594/525 556/599/530
f 556/599/530 551/594/525 553/596/527
f 557/600/531 555/598/529 558/601/532
f 558/601/532 555/598/529 556/599/530
f 376/387/350 557/600/531 374/385/348
f 374/385/348 557/600/531 558/601/532
f 559/602/533 377/388/351 560/603/534
f 560/603/534 377/388/351 375/386/349
f 561/604/535 559/602/533 562/605/536
f 562/605/536 559/602/533 560/603/534
f 561/604/535 562/605/536 404/421/378
f 404/421/378 562/605/536 402/419/376
f 563/606/537 564/607/538 565/608/539
f 565/608/539 564/607/538 566/609/540
f 567/610/541 563/606/537 568/611/542
f 568/611/542 563/606/537 565/608/539
f 569/612/543 567/610/541 570/613/544
f 570/613/544 567/610/541 568/611/542
f 569/612/543 570/613/544 348/351/322
f 348/351/322 570/613/544 346/347/320
f 571/614/545 349/352/323 572/615/546
f 572/615/546 349/352/323 347/349/321
f 573/616/547 571/614/545 574/617/548
f 574/617/548 571/614/545 572/615/546
f 573/616/547 574/617/548 418/439/392
f 418/439/392 574/617/548 416/437/390
f 575/618/549 576/619/550 577/620/551
f 577/620/551 576/619/550 578/621/552
f 575/618/549 577/620/551 579/622/553
f 579/622/553 577/620/551 580/623/554
f 350/353/324 579/622/553 351/354/325
f 351/354/325 579/622/553 580/623/554
f 352/355/326 353/356/327 581/624/555
f 581/624/555 353/356/327 582/625/556
f 583/626/557 581/624/555 584/627/558
f 584/627/558 581/624/555 582/625/556
f 583/626/557 584/627/558 585/628/559
f 585/628/559 584/627/558 586/629/560
f 585/628/559 586/629/560 432/457/406
f 432/457/406 586/629/560 430/455/404
f 587/630/561 400/418/374 588/631/562
f 589/632/563 414/436/388 590/633/564
f 591/634/565 428/454/402 592/635/566
f 409/426/383 407/424/381 593/636/567
f 395/408/369 393/406/367 594/637/568
f 595/638/569 587/630/561 596/639/570
f 596/639/570 587/630/561 588/631/562
f 597/640/571 594/637/568 596/639/570
f 596/639/570 594/637/568 595/638/569
f 593/636/567 407/424/381 598/641/572
f 598/641/572 407/424/381 419/440/393
f 598/641/572 419/440/393 589/632/563
f 589/632/563 419/440/393 417/438/391
f 599/642/573 600/643/574 601/644/575
f 601/644/575 600/643/574 602/645/576
f 451/478/425 603/646/577 458/485/432
f 458/485/432 603/646/577 604/647/578
f 603/646/577 605/648/579 604/647/578
f 604/647/578 605/648/579 606/649/580
f 605/648/579 379/390/353 606/649/580
f 606/649/580 379/390/353 391/404/365
f 607/650/581 447/474/421 608/651/582
f 608/651/582 447/474/421 445/472/419
f 609/652/583 607/650/581 610/653/584
f 610/653/584 607/650/581 608/651/582
f 610/653/584 421/442/395 609/652/583
f 609/652/583 421/442/395 433/458/407
f 455/482/429 611/654/585 452/479/426
f 452/479/426 611/654/585 612/655/586
f 611/654/585 593/636/567 612/655/586
f 612/655/586 593/636/567 598/641/572
f 405/422/379 403/420/377 595/638/569
f 595/638/569 403/420/377 587/630/561
f 449/476/423 596/639/570 451/478/425
f 451/478/425 596/639/570 588/631/562
f 381/392/355 379/390/353 605/648/579
f 606/649/580 391/404/365 613/656/587
f 613/656/587 391/404/365 389/402/363
f 389/402/363 386/399/360 613/656/587
f 613/656/587 386/399/360 614/657/588
f 614/657/588 386/399/360 615/658/589
f 615/658/589 386/399/360 384/397/358
f 609/652/583 591/634/565 607/650/581
f 607/650/581 591/634/565 592/635/566
f 616/659/590 610/653/584 617/660/591
f 617/660/591 610/653/584 608/651/582
f 617/661/591 618/662/592 616/663/590
f 616/663/590 618/662/592 619/664/593
f 620/665/594 621/666/595 622/667/596
f 623/668/597 620/665/594 624/669/598
f 624/669/598 620/665/594 622/667/596
f 625/670/599 623/668/597 626/671/600
f 626/671/600 623/668/597 624/669/598
f 627/672/601 625/670/599 626/671/600
f 626/671/600 624/669/598 628/673/602
f 629/674/603 630/675/604 631/676/605
f 629/674/603 632/677/606 630/675/604
f 632/678/606 633/679/607 630/680/604
f 630/680/604 633/679/607 634/681/608
f 634/681/608 633/679/607 623/668/597
f 623/668/597 633/679/607 620/665/594
f 624/669/598 622/667/596 635/682/609
f 636/683/610 634/681/608 625/670/599
f 625/670/599 634/681/608 623/668/597
f 633/679/607 632/678/606 620/665/594
f 620/665/594 632/678/606 621/666/595
f 632/677/606 629/674/603 621/684/595
f 621/684/595 629/674/603 637/685/611
f 629/674/603 631/676/605 637/685/611
f 637/685/611 631/676/605 638/686/612
f 631/676/605 639/687/613 638/686/612
f 638/686/612 639/687/613 627/672/601
f 639/687/613 636/683/610 627/672/601
f 627/672/601 636/683/610 625/670/599
f 600/643/574 599/642/573 640/688/614
f 640/688/614 599/642/573 641/689/615
f 642/690/616 600/643/574 643/691/617
f 643/691/617 600/643/574 640/688/614
f 644/692/618 642/690/616 645/693/619
f 645/693/619 642/690/616 643/691/617
f 646/694/620 644/692/618 647/695/621
f 647/695/621 644/692/618 645/693/619
f 648/696/622 646/697/620 649/698/623
f 649/698/623 646/697/620 647/699/621
f 648/696/622 649/698/623 599/642/573
f 599/642/573 649/698/623 641/689/615
f 426/449/400 429/452/403 650/700/624
f 650/700/624 429/452/403 651/701/625
f 328/327/302 331/330/305 652/702/626
f 652/702/626 331/330/305 653/703/627
f 654/704/628 655/705/629 656/706/630
f 656/706/630 655/705/629 657/707/631
f 658/708/632 659/709/633 542/585/516
f 660/710/634 658/708/632 540/583/514
f 540/583/514 658/708/632 542/585/516
f 661/711/635 660/710/634 662/712/636
f 662/712/636 660/710/634 540/583/514
f 662/712/636 663/713/637 661/711/635
f 664/714/638 665/715/639 554/597/528
f 666/716/640 664/714/638 552/595/526
f 552/595/526 664/714/638 554/597/528
f 667/717/641 666/716/640 668/718/642
f 668/718/642 666/716/640 552/595/526
f 668/718/642 669/719/643 667/717/641
f 670/720/644 671/721/645 566/609/540
f 672/722/646 670/720/644 564/607/538
f 564/607/538 670/720/644 566/609/540
f 673/723/647 672/722/646 674/724/648
f 674/724/648 672/722/646 564/607/538
f 674/724/648 655/725/629 673/723/647
f 576/619/550 317/314/291 578/621/552
f 578/621/552 317/314/291 318/315/292
f 576/619/550 675/726/649 317/314/291
f 317/314/291 675/726/649 315/312/289
f 521/556/495 520/555/494 523/558/497
f 538/579/512 537/578/511 535/574/509
f 518/549/492 517/548/491 514/545/488
f 512/541/486 511/540/485 508/537/482
f 512/541/486 508/537/482 507/536/481
f 503/532/477 512/543/486 506/535/480
f 506/535/480 512/543/486 507/536/481
f 660/710/634 501/530/475 658/708/632
f 658/708/632 501/530/475 505/534/479
f 518/549/492 514/545/488 513/544/487
f 497/526/471 518/551/492 500/529/474
f 500/529/474 518/551/492 513/552/487
f 666/716/640 495/524/469 664/714/638
f 664/714/638 495/524/469 499/528/473
f 521/556/495 523/558/497 522/557/496
f 527/562/501 521/569/495 530/565/504
f 530/565/504 521/569/495 522/566/496
f 672/722/646 525/560/499 670/720/644
f 670/720/644 525/560/499 529/564/503
f 538/579/512 535/574/509 534/573/508
f 532/571/506 538/581/512 533/572/507
f 533/572/507 538/581/512 534/576/508
f 332/331/306 546/589/520 331/330/305
f 331/330/305 546/589/520 653/703/627
f 322/319/296 676/727/650 323/320/297
f 323/320/297 676/727/650 677/728/651
f 378/389/352 380/391/354 678/729/652
f 678/729/652 380/391/354 679/730/653
f 680/731/654 387/400/361 550/593/524
f 550/593/524 387/400/361 388/401/362
f 549/592/523 390/403/364 678/729/652
f 678/729/652 390/403/364 378/389/352
f 392/405/366 394/407/368 681/732/655
f 681/732/655 394/407/368 682/733/656
f 682/734/656 394/409/368 683/735/657
f 683/735/657 394/409/368 396/411/370
f 396/411/370 399/414/373 683/735/657
f 683/735/657 399/414/373 684/736/658
f 399/414/373 401/416/375 684/736/658
f 684/736/658 401/416/375 685/737/659
f 685/738/659 401/417/375 562/605/536
f 562/605/536 401/417/375 402/419/376
f 392/405/366 681/732/655 404/421/378
f 404/421/378 681/732/655 561/604/535
f 657/739/631 686/740/660 687/741/661
f 687/741/661 686/740/660 688/742/662
f 657/707/631 687/743/661 656/706/630
f 656/706/630 687/743/661 689/744/663
f 656/706/630 689/744/663 690/745/664
f 690/745/664 689/744/663 691/746/665
f 691/746/665 692/747/666 690/745/664
f 690/745/664 692/747/666 693/748/667
f 565/608/539 693/749/667 568/611/542
f 568/611/542 693/749/667 692/750/666
f 688/742/662 686/740/660 567/610/541
f 567/610/541 686/740/660 563/606/537
f 346/347/320 570/613/544 344/348/318
f 344/348/318 570/613/544 694/751/668
f 344/345/318 694/752/668 342/343/316
f 342/343/316 694/752/668 695/753/669
f 695/753/669 696/754/670 342/343/316
f 342/343/316 696/754/670 340/341/314
f 697/755/671 336/339/310 696/754/670
f 696/754/670 336/339/310 340/341/314
f 336/335/310 697/756/671 337/336/311
f 337/336/311 697/756/671 698/757/672
f 406/423/380 408/425/382 699/758/673
f 699/758/673 408/425/382 700/759/674
f 700/760/674 408/427/382 701/761/675
f 701/761/675 408/427/382 410/429/384
f 410/429/384 413/432/387 701/761/675
f 701/761/675 413/432/387 702/762/676
f 413/432/387 415/434/389 702/762/676
f 702/762/676 415/434/389 703/763/677
f 703/764/677 415/435/389 574/617/548
f 574/617/548 415/435/389 416/437/390
f 573/616/547 418/439/392 699/758/673
f 699/758/673 418/439/392 406/423/380
f 704/765/678 705/766/679 706/767/680
f 706/767/680 705/766/679 707/768/681
f 707/769/681 705/770/679 577/620/551
f 577/620/551 705/770/679 580/623/554
f 708/771/682 575/618/549 709/772/683
f 709/772/683 575/618/549 579/622/553
f 710/773/684 708/771/682 711/774/685
f 711/774/685 708/771/682 709/772/683
f 711/775/685 712/776/686 710/777/684
f 710/777/684 712/776/686 713/778/687
f 713/778/687 712/776/686 706/767/680
f 706/767/680 712/776/686 704/765/678
f 651/779/625 429/453/403 586/629/560
f 586/629/560 429/453/403 430/455/404
f 585/628/559 432/457/406 714/780/688
f 714/780/688 432/457/406 420/441/394
f 420/441/394 422/443/396 714/780/688
f 714/780/688 422/443/396 715/781/689
f 715/782/689 422/445/396 716/783/690
f 716/783/690 422/445/396 424/447/398
f 650/700/624 716/783/690 426/449/400
f 426/449/400 716/783/690 424/447/398
f 717/784/691 718/785/692 719/786/693
f 719/786/693 718/785/692 720/787/694
f 717/788/691 719/789/693 582/625/556
f 582/625/556 719/789/693 584/627/558
f 583/626/557 721/790/695 581/624/555
f 581/624/555 721/790/695 722/791/696
f 722/791/696 721/790/695 723/792/697
f 723/792/697 721/790/695 724/793/698
f 725/794/699 723/795/697 726/796/700
f 726/796/700 723/795/697 724/797/698
f 726/796/700 720/787/694 725/794/699
f 725/794/699 720/787/694 718/785/692
f 360/365/334 723/795/697 358/363/332
f 358/363/332 723/795/697 725/794/699
f 725/794/699 718/785/692 358/363/332
f 358/363/332 718/785/692 356/361/330
f 717/784/691 354/359/328 718/785/692
f 718/785/692 354/359/328 356/361/330
f 727/798/701 728/799/702 729/800/703
f 729/800/703 728/799/702 730/801/704
f 729/800/703 730/801/704 731/802/705
f 731/802/705 730/801/704 732/803/706
f 732/803/706 733/804/707 731/802/705
f 731/802/705 733/804/707 734/805/708
f 652/702/626 653/703/627 732/803/706
f 732/803/706 653/703/627 733/804/707
f 735/806/709 652/702/626 730/801/704
f 730/801/704 652/702/626 732/803/706
f 730/801/704 728/799/702 735/806/709
f 735/806/709 728/799/702 676/807/650
f 324/324/298 736/808/710 327/326/301
f 327/326/301 736/808/710 737/809/711
f 327/326/301 737/809/711 329/328/303
f 329/328/303 737/809/711 738/810/712
f 330/329/304 329/328/303 739/811/713
f 739/811/713 329/328/303 738/810/712
f 740/812/714 680/731/654 738/810/712
f 738/810/712 680/731/654 739/811/713
f 741/813/715 740/812/714 737/809/711
f 737/809/711 740/812/714 738/810/712
f 737/809/711 736/808/710 741/813/715
f 741/813/715 736/808/710 679/814/653
f 742/815/716 665/816/639 743/817/717
f 743/817/717 665/816/639 744/818/718
f 745/819/719 743/817/717 746/820/720
f 746/820/720 743/817/717 744/818/718
f 747/821/721 748/822/722 749/823/723
f 749/823/723 748/822/722 750/824/724
f 751/825/725 747/821/721 752/826/726
f 752/826/726 747/821/721 749/823/723
f 752/826/726 753/827/727 751/825/725
f 751/825/725 753/827/727 754/828/728
f 371/380/345 373/382/347 747/821/721
f 747/821/721 373/382/347 748/822/722
f 368/377/342 371/380/345 751/825/725
f 751/825/725 371/380/345 747/821/721
f 695/753/669 694/752/668 691/746/665
f 691/746/665 694/752/668 692/747/666
f 696/754/670 695/753/669 689/744/663
f 689/744/663 695/753/669 691/746/665
f 689/744/663 687/743/661 696/754/670
f 696/754/670 687/743/661 697/755/671
f 582/625/556 353/356/327 717/788/691
f 717/788/691 353/356/327 354/357/328
f 361/366/335 359/364/333 711/775/685
f 711/775/685 359/364/333 712/776/686
f 355/358/329 351/354/325 705/770/679
f 705/770/679 351/354/325 580/623/554
f 361/368/335 711/774/685 363/370/337
f 363/370/337 711/774/685 709/772/683
f 755/829/729 756/830/730 757/831/731
f 757/831/731 756/830/730 467/496/441
f 466/495/440 758/832/732 457/484/431
f 457/484/431 758/832/732 469/498/443
f 759/833/733 439/464/413 760/834/734
f 760/834/734 439/464/413 437/462/411
f 755/829/729 757/831/731 761/835/735
f 761/835/735 757/831/731 762/836/736
f 673/723/647 526/561/500 672/722/646
f 672/722/646 526/561/500 525/560/499
f 667/717/641 496/525/470 666/716/640
f 666/716/640 496/525/470 495/524/469
f 661/711/635 502/531/476 660/710/634
f 660/710/634 502/531/476 501/530/475
f 756/830/730 763/837/737 444/471/418
f 444/471/418 763/837/737 442/469/416
f 764/838/738 765/839/739 766/840/740
f 766/840/740 765/839/739 767/841/741
f 619/664/593 618/662/592 768/842/742
f 768/842/742 618/662/592 759/833/733
f 758/832/732 769/843/743 469/498/443
f 469/498/443 769/843/743 770/844/744
f 760/834/734 437/462/411 771/845/745
f 771/845/745 437/462/411 435/460/409
f 467/496/441 756/830/730 446/473/420
f 446/473/420 756/830/730 444/471/418
f 445/472/419 443/470/417 608/651/582
f 608/651/582 443/470/417 617/660/591
f 772/846/746 511/540/485 510/539/484
f 773/847/747 517/548/491 516/547/490
f 774/848/748 520/555/494 519/554/493
f 312/849/286 537/578/511 536/577/510
f 659/709/633 509/538/483 775/850/749
f 775/850/749 509/538/483 508/537/482
f 665/816/639 515/546/489 744/818/718
f 744/818/718 515/546/489 514/545/488
f 671/851/645 524/559/498 776/852/750
f 776/852/750 524/559/498 523/558/497
f 321/853/295 320/575/294 777/854/751
f 777/854/751 320/575/294 535/574/509
f 616/659/590 423/444/397 610/653/584
f 610/653/584 423/444/397 421/442/395
f 778/855/752 460/487/434 779/856/753
f 779/856/753 460/487/434 462/489/436
f 780/857/754 463/490/437 781/858/755
f 781/858/755 463/490/437 461/488/435
f 782/859/756 455/482/429 592/635/566
f 451/478/425 588/631/562 783/860/757
f 453/480/427 590/633/564 784/861/758
f 366/376/340 785/862/759 369/378/343
f 369/378/343 785/862/759 786/863/760
f 787/864/761 753/827/727 745/819/719
f 745/819/719 753/827/727 752/826/726
f 338/340/312 788/865/762 341/342/315
f 341/342/315 788/865/762 789/866/763
f 790/867/764 791/868/765 792/869/766
f 792/869/766 791/868/765 793/870/767
f 791/868/765 794/871/768 793/870/767
f 793/870/767 794/871/768 795/872/769
f 794/871/768 796/873/770 795/872/769
f 795/872/769 796/873/770 797/874/771
f 796/873/770 798/875/772 797/874/771
f 797/874/771 798/875/772 799/876/773
f 798/875/772 800/877/774 799/876/773
f 799/876/773 800/877/774 801/878/775
f 801/878/775 800/877/774 434/493/408
f 434/493/408 800/877/774 464/491/438
f 771/879/745 435/494/409 802/880/776
f 802/880/776 435/494/409 465/492/439
f 803/881/777 771/879/745 615/658/589
f 615/658/589 771/879/745 802/880/776
f 383/396/357 803/881/777 384/397/358
f 384/397/358 803/881/777 615/658/589
f 382/395/356 385/398/359 741/813/715
f 741/813/715 385/398/359 740/812/714
f 652/702/626 735/806/709 328/327/302
f 328/327/302 735/806/709 326/325/300
f 775/850/749 804/882/778 731/802/705
f 731/802/705 804/882/778 729/800/703
f 511/540/485 804/882/778 508/537/482
f 508/537/482 804/882/778 775/850/749
f 502/531/476 772/883/746 504/533/478
f 504/533/478 772/883/746 510/542/484
f 539/582/513 805/884/779 540/583/514
f 540/583/514 805/884/779 662/712/636
f 806/885/780 805/884/779 543/586/517
f 543/586/517 805/884/779 539/582/513
f 677/728/651 806/885/780 545/588/519
f 545/588/519 806/885/780 543/586/517
f 677/728/651 545/588/519 323/320/297
f 323/320/297 545/588/519 334/333/308
f 807/886/781 325/322/299 547/590/521
f 547/590/521 325/322/299 335/334/309
f 678/729/652 807/886/781 549/592/523
f 549/592/523 807/886/781 547/590/521
f 604/647/578 606/649/580 781/858/755
f 781/858/755 606/649/580 613/656/587
f 808/887/782 760/834/734 803/888/777
f 803/888/777 760/834/734 771/845/745
f 397/412/371 808/887/782 398/413/372
f 398/413/372 808/887/782 803/888/777
f 786/863/760 683/735/657 809/889/783
f 809/889/783 683/735/657 684/736/658
f 369/378/343 786/863/760 370/379/344
f 370/379/344 786/863/760 809/889/783
f 745/819/719 752/826/726 743/817/717
f 743/817/717 752/826/726 749/823/723
f 517/548/491 746/820/720 514/545/488
f 514/545/488 746/820/720 744/818/718
f 496/525/470 773/890/747 498/527/472
f 498/527/472 773/890/747 516/550/490
f 551/594/525 810/891/784 552/595/526
f 552/595/526 810/891/784 668/718/642
f 811/892/785 810/891/784 555/598/529
f 555/598/529 810/891/784 551/594/525
f 812/893/786 811/892/785 557/600/531
f 557/600/531 811/892/785 555/598/529
f 365/372/339 812/893/786 376/387/350
f 376/387/350 812/893/786 557/600/531
f 813/894/787 367/374/341 559/602/533
f 559/602/533 367/374/341 377/388/351
f 681/732/655 813/894/787 561/604/535
f 561/604/535 813/894/787 559/602/533
f 594/637/568 393/406/367 595/638/569
f 595/638/569 393/406/367 405/422/379
f 395/408/369 597/640/571 814/895/788
f 814/895/788 597/640/571 784/861/758
f 784/861/758 597/640/571 453/480/427
f 768/842/742 759/833/733 808/887/782
f 808/887/782 759/833/733 760/834/734
f 411/430/385 768/842/742 412/431/386
f 412/431/386 768/842/742 808/887/782
f 789/866/763 701/761/675 815/896/789
f 815/896/789 701/761/675 702/762/676
f 341/342/315 789/866/763 343/344/317
f 343/344/317 789/866/763 815/896/789
f 656/706/630 690/745/664 654/704/628
f 654/704/628 690/745/664 776/852/750
f 520/555/494 654/704/628 523/558/497
f 523/558/497 654/704/628 776/852/750
f 526/561/500 774/897/748 528/563/502
f 528/563/502 774/897/748 519/568/493
f 563/606/537 686/740/660 564/607/538
f 564/607/538 686/740/660 674/724/648
f 698/757/672 688/742/662 569/612/543
f 569/612/543 688/742/662 567/610/541
f 698/757/672 569/612/543 337/336/311
f 337/336/311 569/612/543 348/351/322
f 816/898/790 339/338/313 571/614/545
f 571/614/545 339/338/313 349/352/323
f 699/758/673 816/898/790 573/616/547
f 573/616/547 816/898/790 571/614/545
f 612/655/586 598/641/572 590/633/564
f 590/633/564 598/641/572 589/632/563
f 782/859/756 611/654/585 455/482/429
f 607/650/581 592/635/566 447/474/421
f 447/474/421 592/635/566 455/482/429
f 637/685/611 638/686/612 817/899/791
f 817/899/791 638/686/612 818/900/792
f 649/698/623 817/899/791 641/689/615
f 641/689/615 817/899/791 818/900/792
f 601/644/575 819/901/793 599/642/573
f 599/642/573 819/901/793 648/696/622
f 820/902/794 819/901/793 821/903/795
f 821/903/795 819/901/793 601/644/575
f 822/904/796 820/902/794 758/832/732
f 758/832/732 820/902/794 821/903/795
f 823/905/797 822/904/796 466/495/440
f 466/495/440 822/904/796 758/832/732
f 425/448/399 619/664/593 427/450/401
f 427/450/401 619/664/593 768/842/742
f 726/796/700 716/783/690 720/787/694
f 720/787/694 716/783/690 650/700/624
f 359/364/333 357/362/331 712/776/686
f 712/776/686 357/362/331 704/765/678
f 713/778/687 706/767/680 824/906/798
f 824/906/798 706/767/680 777/854/751
f 537/578/511 824/906/798 535/574/509
f 535/574/509 824/906/798 777/854/751
f 313/310/287 312/309/286 531/570/505
f 531/570/505 312/309/286 536/580/510
f 575/618/549 708/771/682 576/619/550
f 576/619/550 708/771/682 675/726/649
f 363/370/337 709/772/683 350/353/324
f 350/353/324 709/772/683 579/622/553
f 362/369/336 352/355/326 722/791/696
f 722/791/696 352/355/326 581/624/555
f 721/790/695 583/626/557 714/780/688
f 714/780/688 583/626/557 585/628/559
f 609/652/583 433/458/407 591/634/565
f 591/634/565 433/458/407 431/456/405
f 782/859/756 592/635/566 825/907/799
f 825/907/799 592/635/566 428/454/402
f 631/676/605 630/675/604 639/687/613
f 630/680/604 634/681/608 639/687/613
f 639/687/613 634/681/608 636/683/610
f 628/673/602 624/669/598 635/682/609
f 627/672/601 626/671/600 826/908/800
f 826/908/800 626/671/600 628/673/602
f 638/686/612 627/672/601 818/900/792
f 818/900/792 627/672/601 826/908/800
f 622/667/596 621/666/595 635/682/609
f 635/682/609 621/666/595 827/909/801
f 621/684/595 637/685/611 827/910/801
f 827/910/801 637/685/611 817/899/791
f 635/682/609 645/693/619 628/673/602
f 628/673/602 645/693/619 643/691/617
f 628/673/602 643/691/617 826/908/800
f 826/908/800 643/691/617 640/688/614
f 826/908/800 640/688/614 818/900/792
f 818/900/792 640/688/614 641/689/615
f 827/909/801 647/695/621 635/682/609
f 635/682/609 647/695/621 645/693/619
f 817/899/791 649/698/623 827/910/801
f 827/910/801 649/698/623 647/699/621
f 644/692/618 828/911/802 642/690/616
f 642/690/616 828/911/802 829/912/803
f 829/912/803 602/645/576 642/690/616
f 642/690/616 602/645/576 600/643/574
f 646/694/620 830/913/804 644/692/618
f 644/692/618 830/913/804 828/911/802
f 819/901/793 830/914/804 648/696/622
f 648/696/622 830/914/804 646/697/620
f 828/911/802 831/915/805 829/912/803
f 829/912/803 831/915/805 832/916/806
f 829/912/803 832/916/806 602/645/576
f 602/645/576 832/916/806 833/917/807
f 602/645/576 833/917/807 601/644/575
f 601/644/575 833/917/807 821/903/795
f 830/913/804 834/918/808 828/911/802
f 828/911/802 834/918/808 831/915/805
f 819/901/793 820/902/794 830/914/804
f 830/914/804 820/902/794 834/919/808
f 823/905/797 440/465/414 763/920/737
f 763/920/737 440/465/414 442/467/416
f 769/843/743 761/835/735 770/844/744
f 770/844/744 761/835/735 762/836/736
f 761/835/735 769/843/743 832/916/806
f 832/916/806 769/843/743 833/917/807
f 770/844/744 762/836/736 767/841/741
f 767/841/741 762/836/736 835/921/809
f 835/921/809 836/922/810 767/841/741
f 767/841/741 836/922/810 766/840/740
f 837/923/811 838/924/812 839/925/813
f 839/925/813 838/924/812 840/926/814
f 841/927/815 839/925/813 842/928/816
f 842/928/816 839/925/813 840/926/814
f 841/927/815 842/928/816 836/922/810
f 836/922/810 842/928/816 766/840/740
f 831/915/805 755/829/729 832/916/806
f 832/916/806 755/829/729 761/835/735
f 757/831/731 843/929/817 762/836/736
f 762/836/736 843/929/817 835/921/809
f 755/829/729 844/930/818 756/830/730
f 756/830/730 844/930/818 763/837/737
f 821/903/795 833/917/807 758/832/732
f 758/832/732 833/917/807 769/843/743
f 842/928/816 840/926/814 845/931/819
f 845/931/819 840/926/814 846/932/820
f 847/933/821 846/932/820 838/924/812
f 838/924/812 846/932/820 840/926/814
f 845/931/819 846/932/820 848/934/822
f 848/934/822 846/932/820 849/935/823
f 847/933/821 850/936/824 846/932/820
f 846/932/820 850/936/824 849/935/823
f 849/935/823 793/937/767 848/934/822
f 848/934/822 793/937/767 795/938/769
f 849/935/823 850/936/824 793/937/767
f 793/937/767 850/936/824 792/939/766
f 851/940/825 791/868/765 852/941/826
f 852/941/826 791/868/765 790/867/764
f 853/942/827 794/871/768 851/940/825
f 851/940/825 794/871/768 791/868/765
f 794/871/768 853/942/827 796/873/770
f 796/873/770 853/942/827 854/943/828
f 848/934/822 795/938/769 855/944/829
f 855/944/829 795/938/769 797/945/771
f 764/838/738 845/931/819 855/944/829
f 855/944/829 845/931/819 848/934/822
f 842/928/816 845/931/819 766/840/740
f 766/840/740 845/931/819 764/838/738
f 851/940/825 852/941/826 490/519/464
f 490/519/464 852/941/826 489/518/463
f 856/946/830 837/923/811 857/947/831
f 857/947/831 837/923/811 839/925/813
f 856/946/830 857/947/831 477/506/451
f 477/506/451 857/947/831 478/507/452
f 854/943/828 853/942/827 858/948/832
f 858/948/832 853/942/827 859/949/833
f 490/519/464 859/949/833 851/940/825
f 851/940/825 859/949/833 853/942/827
f 859/949/833 488/517/462 858/948/832
f 858/948/832 488/517/462 486/515/460
f 859/949/833 490/519/464 488/517/462
f 488/517/462 490/519/464 479/508/453
f 491/520/465 860/950/834 492/521/466
f 492/521/466 860/950/834 861/951/835
f 491/520/465 474/503/448 860/950/834
f 860/950/834 474/503/448 475/504/449
f 860/950/834 862/952/836 861/951/835
f 861/951/835 862/952/836 863/953/837
f 860/950/834 475/504/449 862/952/836
f 862/952/836 475/504/449 478/507/452
f 864/954/838 857/947/831 841/927/815
f 841/927/815 857/947/831 839/925/813
f 862/952/836 478/507/452 864/954/838
f 864/954/838 478/507/452 857/947/831
f 861/951/835 863/953/837 865/955/839
f 865/955/839 863/953/837 866/956/840
f 861/951/835 865/955/839 492/521/466
f 492/521/466 865/955/839 493/522/467
f 486/515/460 483/512/457 858/948/832
f 858/948/832 483/512/457 867/957/841
f 858/948/832 867/957/841 854/943/828
f 854/943/828 867/957/841 868/958/842
f 868/958/842 798/875/772 854/943/828
f 854/943/828 798/875/772 796/873/770
f 869/959/843 855/944/829 799/960/773
f 799/960/773 855/944/829 797/945/771
f 765/839/739 764/838/738 869/959/843
f 869/959/843 764/838/738 855/944/829
f 869/959/843 799/960/773 470/499/444
f 470/499/444 799/960/773 801/961/775
f 779/856/753 800/877/774 868/958/842
f 868/958/842 800/877/774 798/875/772
f 469/498/443 765/839/739 470/499/444
f 470/499/444 765/839/739 869/959/843
f 864/954/838 870/962/844 862/952/836
f 862/952/836 870/962/844 863/953/837
f 870/962/844 864/954/838 836/922/810
f 836/922/810 864/954/838 841/927/815
f 800/877/774 779/856/753 464/491/438
f 464/491/438 779/856/753 462/489/436
f 801/961/775 434/459/408 470/499/444
f 470/499/444 434/459/408 456/483/430
f 780/857/754 802/880/776 463/490/437
f 463/490/437 802/880/776 465/492/439
f 843/929/817 870/962/844 835/921/809
f 835/921/809 870/962/844 836/922/810
f 757/831/731 467/496/441 843/929/817
f 843/929/817 467/496/441 866/956/840
f 767/841/741 765/839/739 770/844/744
f 770/844/744 765/839/739 469/498/443
f 823/905/797 466/495/440 440/465/414
f 440/465/414 466/495/440 438/463/412
f 843/929/817 866/956/840 870/962/844
f 870/962/844 866/956/840 863/953/837
f 618/662/592 441/466/415 759/833/733
f 759/833/733 441/466/415 439/464/413
f 755/829/729 831/915/805 844/930/818
f 844/930/818 831/915/805 834/918/808
f 820/902/794 822/904/796 834/919/808
f 834/919/808 822/904/796 844/963/818
f 822/904/796 823/905/797 844/963/818
f 844/963/818 823/905/797 763/920/737
f 618/662/592 617/661/591 441/466/415
f 441/466/415 617/661/591 443/468/417
f 779/856/753 868/958/842 778/855/752
f 778/855/752 868/958/842 867/957/841
f 468/497/442 865/955/839 467/496/441
f 467/496/441 865/955/839 866/956/840
f 494/523/468 493/522/467 468/497/442
f 468/497/442 493/522/467 865/955/839
f 778/855/752 867/957/841 482/511/456
f 482/511/456 867/957/841 483/512/457
f 460/487/434 778/855/752 459/486/433
f 459/486/433 778/855/752 482/511/456
f 448/475/422 450/477/424 494/523/468
f 494/523/468 450/477/424 481/510/455
f 458/485/432 604/647/578 461/488/435
f 461/488/435 604/647/578 781/858/755
f 453/480/427 597/640/571 449/476/423
f 449/476/423 597/640/571 596/639/570
f 603/646/577 451/478/425 783/860/757
f 494/523/468 468/497/442 448/475/422
f 448/475/422 468/497/442 454/481/428
f 452/479/426 612/655/586 453/480/427
f 453/480/427 612/655/586 590/633/564
f 611/654/585 782/859/756 409/426/383
f 409/426/383 782/859/756 825/907/799
f 871/964/845 783/860/757 400/418/374
f 400/418/374 783/860/757 588/631/562
f 783/860/757 871/964/845 603/646/577
f 603/646/577 871/964/845 381/392/355
f 590/633/564 414/436/388 784/861/758
f 784/861/758 414/436/388 814/895/788
f 431/456/405 428/454/402 591/634/565
f 381/392/355 605/648/579 603/646/577
f 395/408/369 594/637/568 597/640/571
f 802/880/776 780/857/754 615/658/589
f 615/658/589 780/857/754 614/657/588
f 871/965/845 803/881/777 381/394/355
f 381/394/355 803/881/777 383/396/357
f 400/415/374 398/413/372 871/966/845
f 871/966/845 398/413/372 803/888/777
f 814/967/788 808/887/782 395/410/369
f 395/410/369 808/887/782 397/412/371
f 425/448/399 423/446/397 619/664/593
f 619/664/593 423/446/397 616/663/590
f 768/842/742 825/968/799 427/450/401
f 427/450/401 825/968/799 428/451/402
f 411/430/385 409/428/383 768/842/742
f 768/842/742 409/428/383 825/968/799
f 808/887/782 814/967/788 412/431/386
f 412/431/386 814/967/788 414/433/388
f 679/814/653 380/393/354 741/813/715
f 741/813/715 380/393/354 382/395/356
f 385/398/359 387/400/361 740/812/714
f 740/812/714 387/400/361 680/731/654
f 676/807/650 322/323/296 735/806/709
f 735/806/709 322/323/296 326/325/300
f 663/969/637 804/882/778 772/846/746
f 772/846/746 804/882/778 511/540/485
f 663/969/637 727/798/701 804/882/778
f 804/882/778 727/798/701 729/800/703
f 734/805/708 659/709/633 731/802/705
f 731/802/705 659/709/633 775/850/749
f 613/656/587 614/657/588 781/858/755
f 781/858/755 614/657/588 780/857/754
f 661/711/635 663/713/637 502/531/476
f 502/531/476 663/713/637 772/883/746
f 509/538/483 659/709/633 505/534/479
f 505/534/479 659/709/633 658/708/632
f 663/713/637 662/712/636 727/970/701
f 727/970/701 662/712/636 805/884/779
f 542/585/516 659/709/633 541/584/515
f 541/584/515 659/709/633 734/805/708
f 727/970/701 805/884/779 728/971/702
f 728/971/702 805/884/779 806/885/780
f 541/584/515 734/805/708 544/587/518
f 544/587/518 734/805/708 733/804/707
f 736/972/710 324/321/298 807/886/781
f 807/886/781 324/321/298 325/322/299
f 330/329/304 739/811/713 333/332/307
f 333/332/307 739/811/713 548/591/522
f 679/730/653 736/972/710 678/729/652
f 678/729/652 736/972/710 807/886/781
f 739/811/713 680/731/654 548/591/522
f 548/591/522 680/731/654 550/593/524
f 676/727/650 728/971/702 677/728/651
f 677/728/651 728/971/702 806/885/780
f 733/804/707 653/703/627 544/587/518
f 544/587/518 653/703/627 546/589/520
f 786/863/760 785/862/759 683/735/657
f 683/735/657 785/862/759 682/734/656
f 684/736/658 685/737/659 809/889/783
f 809/889/783 685/737/659 872/973/846
f 754/828/728 364/375/338 751/825/725
f 751/825/725 364/375/338 368/377/342
f 372/381/346 370/379/344 872/973/846
f 872/973/846 370/379/344 809/889/783
f 669/974/643 746/820/720 773/847/747
f 773/847/747 746/820/720 517/548/491
f 669/974/643 787/864/761 746/820/720
f 746/820/720 787/864/761 745/819/719
f 749/823/723 750/824/724 743/817/717
f 743/817/717 750/824/724 742/815/716
f 403/420/377 400/418/374 587/630/561
f 667/717/641 669/719/643 496/525/470
f 496/525/470 669/719/643 773/890/747
f 515/553/489 665/715/639 499/528/473
f 499/528/473 665/715/639 664/714/638
f 787/975/761 669/719/643 810/891/784
f 810/891/784 669/719/643 668/718/642
f 665/715/639 742/976/716 554/597/528
f 554/597/528 742/976/716 553/596/527
f 787/975/761 810/891/784 753/977/727
f 753/977/727 810/891/784 811/892/785
f 553/596/527 742/976/716 556/599/530
f 556/599/530 742/976/716 750/978/724
f 364/371/338 754/979/728 365/372/339
f 365/372/339 754/979/728 812/893/786
f 748/980/722 373/383/347 558/601/532
f 558/601/532 373/383/347 374/385/348
f 785/981/759 366/373/340 813/894/787
f 813/894/787 366/373/340 367/374/341
f 372/384/346 872/982/846 375/386/349
f 375/386/349 872/982/846 560/603/534
f 682/733/656 785/981/759 681/732/655
f 681/732/655 785/981/759 813/894/787
f 872/982/846 685/738/659 560/603/534
f 560/603/534 685/738/659 562/605/536
f 754/979/728 753/977/727 812/893/786
f 812/893/786 753/977/727 811/892/785
f 750/978/724 748/980/722 556/599/530
f 556/599/530 748/980/722 558/601/532
f 724/797/698 715/782/689 726/796/700
f 726/796/700 715/782/689 716/783/690
f 650/700/624 651/701/625 720/787/694
f 720/787/694 651/701/625 719/786/693
f 357/362/331 355/360/329 704/765/678
f 704/765/678 355/360/329 705/766/679
f 314/983/288 824/906/798 312/849/286
f 312/849/286 824/906/798 537/578/511
f 314/983/288 710/777/684 824/906/798
f 824/906/798 710/777/684 713/778/687
f 706/767/680 707/768/681 777/854/751
f 777/854/751 707/768/681 321/853/295
f 314/311/288 315/312/289 675/726/649
f 318/315/292 321/318/295 578/621/552
f 710/773/684 314/311/288 708/771/682
f 708/771/682 314/311/288 675/726/649
f 577/620/551 578/621/552 707/769/681
f 707/769/681 578/621/552 321/318/295
f 723/792/697 360/367/334 722/791/696
f 722/791/696 360/367/334 362/369/336
f 724/793/698 721/790/695 715/781/689
f 715/781/689 721/790/695 714/780/688
f 586/629/560 584/627/558 651/779/625
f 651/779/625 584/627/558 719/789/693
f 789/866/763 788/865/762 701/761/675
f 701/761/675 788/865/762 700/760/674
f 702/762/676 703/763/677 815/896/789
f 815/896/789 703/763/677 873/984/847
f 345/346/319 343/344/317 873/984/847
f 873/984/847 343/344/317 815/896/789
f 655/705/629 654/704/628 774/848/748
f 774/848/748 654/704/628 520/555/494
f 693/748/667 671/851/645 690/745/664
f 690/745/664 671/851/645 776/852/750
f 409/426/383 593/636/567 611/654/585
f 417/438/391 414/436/388 589/632/563
f 673/723/647 655/725/629 526/561/500
f 526/561/500 655/725/629 774/897/748
f 524/567/498 671/721/645 529/564/503
f 529/564/503 671/721/645 670/720/644
f 655/725/629 674/724/648 657/739/631
f 657/739/631 674/724/648 686/740/660
f 566/609/540 671/721/645 565/608/539
f 565/608/539 671/721/645 693/749/667
f 788/985/762 338/337/312 816/898/790
f 816/898/790 338/337/312 339/338/313
f 345/350/319 873/986/847 347/349/321
f 347/349/321 873/986/847 572/615/546
f 700/759/674 788/985/762 699/758/673
f 699/758/673 788/985/762 816/898/790
f 873/986/847 703/764/677 572/615/546
f 572/615/546 703/764/677 574/617/548
f 697/756/671 687/741/661 698/757/672
f 698/757/672 687/741/661 688/742/662
f 692/750/666 694/751/668 568/611/542
f 568/611/542 694/751/668 570/613/544
