# Blender 5.0.1
# www.blender.org
mtllib lamp3.mtl
o pCylinder23
v -0.621996 0.192153 -0.001893
v -0.652337 0.176693 -0.001594
v -0.676417 0.152612 -0.001356
v -0.691877 0.122269 -0.001203
v -0.697204 0.088633 -0.001151
v -0.691877 0.054998 -0.001203
v -0.676416 0.024655 -0.001356
v -0.652337 0.000574 -0.001594
v -0.621996 -0.014886 -0.001893
v -0.588362 -0.020214 -0.002225
v -0.554727 -0.014886 -0.002557
v -0.524386 0.000574 -0.002857
v -0.500306 0.024655 -0.003095
v -0.484847 0.054998 -0.003247
v -0.479520 0.088634 -0.003300
v -0.484847 0.122269 -0.003247
v -0.500306 0.152612 -0.003095
v -0.524386 0.176693 -0.002857
v -0.554727 0.192153 -0.002557
v -0.588362 0.197481 -0.002225
v -0.621790 0.192153 0.018922
v -0.652132 0.176693 0.019221
v -0.676211 0.152612 0.019459
v -0.691671 0.122269 0.019612
v -0.696998 0.088633 0.019664
v -0.691671 0.054998 0.019612
v -0.676211 0.024655 0.019459
v -0.652132 0.000574 0.019221
v -0.621790 -0.014886 0.018922
v -0.588156 -0.020214 0.018589
v -0.554522 -0.014886 0.018257
v -0.524180 0.000574 0.017958
v -0.500101 0.024655 0.017720
v -0.484641 0.054998 0.017567
v -0.479314 0.088634 0.017515
v -0.484641 0.122269 0.017567
v -0.500101 0.152612 0.017720
v -0.524180 0.176693 0.017958
v -0.554522 0.192153 0.018257
v -0.588156 0.197481 0.018589
v -0.588362 0.088634 -0.002225
v -0.588156 0.088634 0.018589
v -0.661280 0.189001 -0.001505
v -0.688725 0.161555 -0.001234
v -0.688519 0.161555 0.019580
v -0.661074 0.189001 0.019309
v -0.706345 0.126971 -0.001060
v -0.712417 0.088633 -0.001000
v -0.712212 0.088633 0.019814
v -0.706140 0.126971 0.019754
v -0.706345 0.050296 -0.001060
v -0.688725 0.015712 -0.001234
v -0.688519 0.015712 0.019580
v -0.706140 0.050296 0.019754
v -0.661279 -0.011734 -0.001505
v -0.626697 -0.029356 -0.001847
v -0.626491 -0.029356 0.018968
v -0.661074 -0.011734 0.019309
v -0.588362 -0.035428 -0.002225
v -0.550026 -0.029356 -0.002604
v -0.549821 -0.029356 0.018211
v -0.588156 -0.035428 0.018589
v -0.515443 -0.011734 -0.002945
v -0.487998 0.015712 -0.003216
v -0.487793 0.015712 0.017599
v -0.515238 -0.011734 0.017870
v -0.470378 0.050296 -0.003390
v -0.464306 0.088634 -0.003450
v -0.464100 0.088634 0.017365
v -0.470172 0.050296 0.017425
v -0.470378 0.126971 -0.003390
v -0.487998 0.161555 -0.003216
v -0.487793 0.161555 0.017599
v -0.470172 0.126971 0.017425
v -0.515443 0.189001 -0.002945
v -0.550026 0.206623 -0.002604
v -0.549821 0.206623 0.018211
v -0.515238 0.189001 0.017870
v -0.588362 0.212695 -0.002225
v -0.626697 0.206623 -0.001847
v -0.626491 0.206623 0.018968
v -0.588156 0.212695 0.018589
v -0.028746 -0.950729 -0.041203
v -0.041536 -0.950729 -0.034526
v -0.051637 -0.950729 -0.024224
v -0.058060 -0.950729 -0.011304
v -0.060177 -0.950729 0.002968
v -0.057779 -0.950729 0.017196
v -0.051102 -0.950729 0.029986
v -0.040800 -0.950729 0.040087
v -0.027880 -0.950729 0.046510
v -0.013608 -0.950729 0.048626
v 0.000620 -0.950729 0.046229
v 0.013410 -0.950729 0.039552
v 0.023511 -0.950729 0.029249
v 0.029934 -0.950729 0.016330
v 0.032050 -0.950729 0.002057
v 0.029653 -0.950729 -0.012170
v 0.022976 -0.950729 -0.024960
v 0.012673 -0.950729 -0.035062
v -0.000246 -0.950729 -0.041485
v -0.014518 -0.950729 -0.043601
v -0.028746 -0.909206 -0.041203
v -0.041536 -0.909206 -0.034526
v -0.051637 -0.909206 -0.024224
v -0.058060 -0.909206 -0.011304
v -0.060177 -0.909206 0.002968
v -0.057779 -0.909206 0.017196
v -0.051102 -0.909206 0.029986
v -0.040800 -0.909206 0.040087
v -0.027880 -0.909206 0.046510
v -0.013608 -0.909206 0.048626
v 0.000620 -0.909206 0.046229
v 0.013410 -0.909206 0.039552
v 0.023511 -0.909206 0.029249
v 0.029934 -0.909206 0.016330
v 0.032050 -0.909206 0.002057
v 0.029653 -0.909206 -0.012170
v 0.022976 -0.909206 -0.024960
v 0.012673 -0.909206 -0.035062
v -0.000246 -0.909206 -0.041485
v -0.014518 -0.909206 -0.043601
v -0.027719 -0.954935 -0.038145
v -0.039615 -0.954935 -0.031935
v -0.049009 -0.954935 -0.022354
v -0.054983 -0.954935 -0.010338
v -0.056951 -0.954935 0.002936
v -0.054721 -0.954935 0.016169
v -0.048511 -0.954935 0.028064
v -0.038929 -0.954935 0.037459
v -0.026913 -0.954935 0.043432
v -0.013640 -0.954935 0.045401
v -0.000407 -0.954935 0.043171
v 0.011488 -0.954935 0.036961
v 0.020883 -0.954935 0.027379
v 0.026856 -0.954935 0.015363
v 0.028825 -0.954935 0.002089
v 0.026595 -0.954935 -0.011143
v 0.020385 -0.954935 -0.023039
v 0.010803 -0.954935 -0.032433
v -0.001213 -0.954935 -0.038407
v -0.014487 -0.954935 -0.040375
v -0.027719 -0.905000 -0.038145
v -0.039615 -0.905000 -0.031935
v -0.049009 -0.905000 -0.022354
v -0.054983 -0.905000 -0.010338
v -0.056951 -0.905000 0.002936
v -0.054721 -0.905000 0.016169
v -0.048511 -0.905000 0.028064
v -0.038929 -0.905000 0.037459
v -0.026913 -0.905000 0.043432
v -0.013640 -0.905000 0.045401
v -0.000407 -0.905000 0.043171
v 0.011488 -0.905000 0.036961
v 0.020883 -0.905000 0.027379
v 0.026856 -0.905000 0.015363
v 0.028825 -0.905000 0.002089
v 0.026595 -0.905000 -0.011143
v 0.020385 -0.905000 -0.023039
v 0.010803 -0.905000 -0.032433
v -0.001213 -0.905000 -0.038407
v -0.014487 -0.905000 -0.040375
v -0.026694 -0.958188 -0.035094
v -0.037697 -0.958188 -0.029351
v -0.014063 -0.958188 0.002513
v -0.046387 -0.958188 -0.020488
v -0.051912 -0.958188 -0.009373
v -0.053733 -0.958188 0.002904
v -0.051670 -0.958188 0.015144
v -0.045926 -0.958188 0.026147
v -0.037064 -0.958188 0.034836
v -0.025949 -0.958188 0.040362
v -0.013671 -0.958188 0.042182
v -0.001432 -0.958188 0.040120
v 0.009571 -0.958188 0.034376
v 0.018261 -0.958188 0.025513
v 0.023786 -0.958188 0.014399
v 0.025607 -0.958188 0.002121
v 0.023544 -0.958188 -0.010118
v 0.017800 -0.958188 -0.021121
v 0.008937 -0.958188 -0.029811
v -0.002177 -0.958188 -0.035336
v -0.014455 -0.958188 -0.037157
v -0.026694 -0.901747 -0.035094
v -0.037697 -0.901747 -0.029351
v -0.014063 -0.901747 0.002513
v -0.046387 -0.901747 -0.020488
v -0.051912 -0.901747 -0.009373
v -0.053733 -0.901747 0.002904
v -0.051670 -0.901747 0.015144
v -0.045926 -0.901747 0.026147
v -0.037064 -0.901747 0.034836
v -0.025949 -0.901747 0.040362
v -0.013671 -0.901747 0.042182
v -0.001432 -0.901747 0.040120
v 0.009571 -0.901747 0.034376
v 0.018260 -0.901747 0.025513
v 0.023786 -0.901747 0.014399
v 0.025606 -0.901747 0.002121
v 0.023544 -0.901747 -0.010118
v 0.017800 -0.901747 -0.021121
v 0.008937 -0.901747 -0.029811
v -0.002177 -0.901747 -0.035336
v -0.014455 -0.901747 -0.037157
v -0.028746 -0.721774 -0.041203
v -0.041536 -0.721774 -0.034526
v -0.051637 -0.721774 -0.024224
v -0.058060 -0.721774 -0.011304
v -0.060177 -0.721774 0.002968
v -0.057779 -0.721774 0.017196
v -0.051102 -0.721774 0.029986
v -0.040800 -0.721774 0.040087
v -0.027880 -0.721774 0.046510
v -0.013608 -0.721774 0.048626
v 0.000620 -0.721774 0.046229
v 0.013410 -0.721774 0.039552
v 0.023511 -0.721774 0.029249
v 0.029934 -0.721774 0.016330
v 0.032050 -0.721774 0.002057
v 0.029653 -0.721774 -0.012170
v 0.022976 -0.721774 -0.024960
v 0.012673 -0.721774 -0.035062
v -0.000246 -0.721774 -0.041485
v -0.014518 -0.721774 -0.043601
v -0.028746 -0.680251 -0.041203
v -0.041536 -0.680251 -0.034526
v -0.051637 -0.680251 -0.024224
v -0.058060 -0.680251 -0.011304
v -0.060177 -0.680251 0.002968
v -0.057779 -0.680251 0.017196
v -0.051102 -0.680251 0.029986
v -0.040800 -0.680251 0.040087
v -0.027880 -0.680251 0.046510
v -0.013608 -0.680251 0.048626
v 0.000620 -0.680251 0.046229
v 0.013410 -0.680251 0.039552
v 0.023511 -0.680251 0.029249
v 0.029934 -0.680251 0.016330
v 0.032050 -0.680251 0.002057
v 0.029653 -0.680251 -0.012170
v 0.022976 -0.680251 -0.024960
v 0.012673 -0.680251 -0.035062
v -0.000246 -0.680251 -0.041485
v -0.014518 -0.680251 -0.043601
v -0.027719 -0.725980 -0.038145
v -0.039615 -0.725980 -0.031935
v -0.049009 -0.725980 -0.022354
v -0.054983 -0.725980 -0.010338
v -0.056951 -0.725980 0.002936
v -0.054721 -0.725980 0.016169
v -0.048511 -0.725980 0.028064
v -0.038929 -0.725980 0.037459
v -0.026914 -0.725980 0.043432
v -0.013640 -0.725980 0.045401
v -0.000407 -0.725980 0.043171
v 0.011488 -0.725980 0.036961
v 0.020883 -0.725980 0.027379
v 0.026856 -0.725980 0.015363
v 0.028825 -0.725980 0.002089
v 0.026595 -0.725980 -0.011143
v 0.020385 -0.725980 -0.023039
v 0.010803 -0.725980 -0.032433
v -0.001213 -0.725980 -0.038407
v -0.014487 -0.725980 -0.040375
v -0.027719 -0.676045 -0.038145
v -0.039615 -0.676045 -0.031935
v -0.049009 -0.676045 -0.022354
v -0.054983 -0.676045 -0.010338
v -0.056951 -0.676045 0.002936
v -0.054721 -0.676045 0.016169
v -0.048511 -0.676045 0.028064
v -0.038929 -0.676045 0.037459
v -0.026914 -0.676045 0.043432
v -0.013640 -0.676045 0.045401
v -0.000407 -0.676045 0.043171
v 0.011488 -0.676045 0.036961
v 0.020883 -0.676045 0.027379
v 0.026856 -0.676045 0.015363
v 0.028825 -0.676045 0.002089
v 0.026595 -0.676045 -0.011143
v 0.020385 -0.676045 -0.023039
v 0.010803 -0.676045 -0.032433
v -0.001213 -0.676045 -0.038407
v -0.014487 -0.676045 -0.040375
v -0.026694 -0.729233 -0.035094
v -0.037697 -0.729233 -0.029351
v -0.014063 -0.729233 0.002513
v -0.046387 -0.729233 -0.020488
v -0.051912 -0.729233 -0.009373
v -0.053733 -0.729233 0.002904
v -0.051670 -0.729233 0.015144
v -0.045926 -0.729233 0.026147
v -0.037064 -0.729233 0.034836
v -0.025949 -0.729233 0.040362
v -0.013671 -0.729233 0.042182
v -0.001432 -0.729233 0.040120
v 0.009571 -0.729233 0.034376
v 0.018260 -0.729233 0.025513
v 0.023786 -0.729233 0.014399
v 0.025606 -0.729233 0.002121
v 0.023544 -0.729233 -0.010118
v 0.017800 -0.729233 -0.021121
v 0.008937 -0.729233 -0.029811
v -0.002177 -0.729233 -0.035336
v -0.014455 -0.729233 -0.037157
v -0.026694 -0.672792 -0.035094
v -0.037697 -0.672792 -0.029351
v -0.014063 -0.672792 0.002513
v -0.046387 -0.672792 -0.020488
v -0.051912 -0.672792 -0.009373
v -0.053733 -0.672792 0.002904
v -0.051670 -0.672792 0.015144
v -0.045926 -0.672792 0.026147
v -0.037064 -0.672792 0.034836
v -0.025949 -0.672792 0.040362
v -0.013671 -0.672792 0.042182
v -0.001432 -0.672792 0.040120
v 0.009571 -0.672792 0.034376
v 0.018260 -0.672792 0.025513
v 0.023786 -0.672792 0.014399
v 0.025606 -0.672792 0.002121
v 0.023544 -0.672792 -0.010118
v 0.017800 -0.672792 -0.021121
v 0.008937 -0.672792 -0.029811
v -0.002177 -0.672792 -0.035336
v -0.014455 -0.672792 -0.037157
v 0.125090 0.669942 -0.005315
v 0.123208 0.669942 -0.004333
v 0.121722 0.669942 -0.002817
v 0.120777 0.669942 -0.000916
v 0.120465 0.669942 0.001184
v 0.120818 0.669942 0.003278
v 0.121800 0.669942 0.005160
v 0.123316 0.669942 0.006646
v 0.125217 0.669942 0.007591
v 0.127317 0.669942 0.007903
v 0.129411 0.669942 0.007550
v 0.131293 0.669942 0.006567
v 0.132779 0.669942 0.005051
v 0.133724 0.669942 0.003150
v 0.134036 0.669942 0.001050
v 0.133683 0.669942 -0.001043
v 0.132700 0.669942 -0.002925
v 0.131184 0.669942 -0.004411
v 0.129283 0.669942 -0.005356
v 0.127183 0.669942 -0.005668
v 0.122983 0.671531 -0.011589
v 0.119265 0.671531 -0.009648
v 0.116329 0.671531 -0.006654
v 0.114462 0.671531 -0.002899
v 0.113847 0.671531 0.001250
v 0.114544 0.671531 0.005385
v 0.116485 0.671531 0.009103
v 0.119479 0.671531 0.012039
v 0.123234 0.671531 0.013906
v 0.127383 0.671531 0.014521
v 0.131518 0.671531 0.013824
v 0.135236 0.671531 0.011883
v 0.138172 0.671531 0.008889
v 0.140039 0.671531 0.005133
v 0.140654 0.671531 0.000985
v 0.139957 0.671531 -0.003150
v 0.138016 0.671531 -0.006868
v 0.135022 0.671531 -0.009804
v 0.131266 0.671531 -0.011671
v 0.127118 0.671531 -0.012286
v 0.120981 0.674136 -0.017550
v 0.115519 0.674136 -0.014699
v 0.111205 0.674136 -0.010300
v 0.108463 0.674136 -0.004783
v 0.107559 0.674136 0.001312
v 0.108583 0.674136 0.007387
v 0.111434 0.674136 0.012849
v 0.115833 0.674136 0.017162
v 0.121350 0.674136 0.019905
v 0.127445 0.674136 0.020809
v 0.133520 0.674136 0.019785
v 0.138982 0.674136 0.016934
v 0.143295 0.674136 0.012534
v 0.146038 0.674136 0.007018
v 0.146942 0.674136 0.000923
v 0.145918 0.674136 -0.005152
v 0.143067 0.674136 -0.010614
v 0.138667 0.674136 -0.014928
v 0.133151 0.674136 -0.017670
v 0.127056 0.674136 -0.018574
v 0.119133 0.677692 -0.023052
v 0.112061 0.677692 -0.019360
v 0.106477 0.677692 -0.013664
v 0.102926 0.677692 -0.006521
v 0.101756 0.677692 0.001369
v 0.103081 0.677692 0.009235
v 0.106773 0.677692 0.016307
v 0.112469 0.677692 0.021891
v 0.119612 0.677692 0.025442
v 0.127502 0.677692 0.026612
v 0.135368 0.677692 0.025287
v 0.142439 0.677692 0.021595
v 0.148024 0.677692 0.015899
v 0.151575 0.677692 0.008756
v 0.152745 0.677692 0.000866
v 0.151420 0.677692 -0.007000
v 0.147728 0.677692 -0.014072
v 0.142032 0.677692 -0.019656
v 0.134889 0.677692 -0.023207
v 0.126999 0.677692 -0.024377
v 0.117485 0.682113 -0.027958
v 0.108978 0.682113 -0.023517
v 0.102260 0.682113 -0.016665
v 0.097988 0.682113 -0.008072
v 0.096580 0.682113 0.001420
v 0.098175 0.682113 0.010883
v 0.102616 0.682113 0.019390
v 0.109468 0.682113 0.026108
v 0.118061 0.682113 0.030380
v 0.127553 0.682113 0.031788
v 0.137016 0.682113 0.030193
v 0.145523 0.682113 0.025752
v 0.152241 0.682113 0.018900
v 0.156513 0.682113 0.010307
v 0.157921 0.682113 0.000815
v 0.156326 0.682113 -0.008648
v 0.151885 0.682113 -0.017155
v 0.145033 0.682113 -0.023873
v 0.136440 0.682113 -0.028145
v 0.126948 0.682113 -0.029553
v 0.116077 0.687288 -0.032149
v 0.106344 0.687288 -0.027068
v 0.098658 0.687288 -0.019228
v 0.093770 0.687288 -0.009397
v 0.092160 0.687288 0.001464
v 0.093984 0.687288 0.012291
v 0.099065 0.687288 0.022023
v 0.106905 0.687288 0.029710
v 0.116736 0.687288 0.034598
v 0.127597 0.687288 0.036208
v 0.138424 0.687288 0.034383
v 0.148156 0.687288 0.029303
v 0.155843 0.687288 0.021463
v 0.160731 0.687288 0.011631
v 0.162341 0.687288 0.000771
v 0.160516 0.687288 -0.010056
v 0.155436 0.687288 -0.019789
v 0.147596 0.687288 -0.027475
v 0.137764 0.687288 -0.032363
v 0.126904 0.687288 -0.033973
v 0.114945 0.693092 -0.035520
v 0.104226 0.693092 -0.029924
v 0.095760 0.693092 -0.021290
v 0.090377 0.693092 -0.010462
v 0.088604 0.693092 0.001499
v 0.090613 0.693092 0.013423
v 0.096209 0.693092 0.024142
v 0.104843 0.693092 0.032608
v 0.115671 0.693092 0.037991
v 0.127632 0.693092 0.039764
v 0.139556 0.693092 0.037755
v 0.150275 0.693092 0.032159
v 0.158741 0.693092 0.023525
v 0.164124 0.693092 0.012697
v 0.165897 0.693092 0.000736
v 0.163888 0.693092 -0.011188
v 0.158292 0.693092 -0.021907
v 0.149658 0.693092 -0.030373
v 0.138830 0.693092 -0.035756
v 0.126869 0.693092 -0.037529
v 0.114116 0.699380 -0.037989
v 0.102674 0.699380 -0.032016
v 0.093638 0.699380 -0.022800
v 0.087892 0.699380 -0.011243
v 0.085999 0.699380 0.001525
v 0.088144 0.699380 0.014252
v 0.094117 0.699380 0.025694
v 0.103333 0.699380 0.034730
v 0.114890 0.699380 0.040476
v 0.127658 0.699380 0.042369
v 0.140385 0.699380 0.040224
v 0.151827 0.699380 0.034251
v 0.160863 0.699380 0.025035
v 0.166609 0.699380 0.013477
v 0.168502 0.699380 0.000710
v 0.166357 0.699380 -0.012017
v 0.160384 0.699380 -0.023459
v 0.151168 0.699380 -0.032495
v 0.139610 0.699380 -0.038241
v 0.126843 0.699380 -0.040134
v 0.113610 0.705999 -0.039495
v 0.101727 0.705999 -0.033292
v 0.092343 0.705999 -0.023721
v 0.086376 0.705999 -0.011719
v 0.084410 0.705999 0.001540
v 0.086638 0.705999 0.014758
v 0.092841 0.705999 0.026640
v 0.102412 0.705999 0.036025
v 0.114414 0.705999 0.041992
v 0.127673 0.705999 0.043958
v 0.140891 0.705999 0.041730
v 0.152773 0.705999 0.035527
v 0.162157 0.705999 0.025956
v 0.168125 0.705999 0.013953
v 0.170091 0.705999 0.000694
v 0.167863 0.705999 -0.012523
v 0.161660 0.705999 -0.024406
v 0.152089 0.705999 -0.033790
v 0.140086 0.705999 -0.039757
v 0.126827 0.705999 -0.041723
v 0.113440 0.712784 -0.040002
v 0.101409 0.712784 -0.033721
v 0.091908 0.712784 -0.024031
v 0.085867 0.712784 -0.011879
v 0.083876 0.712784 0.001546
v 0.086131 0.712784 0.014928
v 0.092412 0.712784 0.026959
v 0.102102 0.712784 0.036460
v 0.114254 0.712784 0.042501
v 0.127679 0.712784 0.044492
v 0.141061 0.712784 0.042236
v 0.153092 0.712784 0.035956
v 0.162593 0.712784 0.026266
v 0.168634 0.712784 0.014113
v 0.170625 0.712784 0.000689
v 0.168369 0.712784 -0.012693
v 0.162089 0.712784 -0.024724
v 0.152399 0.712784 -0.034225
v 0.140246 0.712784 -0.040266
v 0.126822 0.712784 -0.042257
v 0.113610 0.719570 -0.039495
v 0.101727 0.719570 -0.033292
v 0.092343 0.719570 -0.023721
v 0.086376 0.719570 -0.011719
v 0.084410 0.719570 0.001540
v 0.086638 0.719570 0.014758
v 0.092841 0.719570 0.026640
v 0.102412 0.719570 0.036025
v 0.114414 0.719570 0.041992
v 0.127673 0.719570 0.043958
v 0.140891 0.719570 0.041730
v 0.152773 0.719570 0.035527
v 0.162157 0.719570 0.025956
v 0.168125 0.719570 0.013953
v 0.170091 0.719570 0.000694
v 0.167863 0.719570 -0.012523
v 0.161660 0.719570 -0.024406
v 0.152089 0.719570 -0.033790
v 0.140086 0.719570 -0.039757
v 0.126827 0.719570 -0.041723
v 0.114116 0.726188 -0.037989
v 0.102674 0.726188 -0.032016
v 0.093638 0.726188 -0.022800
v 0.087892 0.726188 -0.011243
v 0.085999 0.726188 0.001525
v 0.088144 0.726188 0.014252
v 0.094117 0.726188 0.025694
v 0.103333 0.726188 0.034730
v 0.114890 0.726188 0.040476
v 0.127658 0.726188 0.042369
v 0.140385 0.726188 0.040224
v 0.151827 0.726188 0.034251
v 0.160863 0.726188 0.025035
v 0.166609 0.726188 0.013477
v 0.168502 0.726188 0.000710
v 0.166357 0.726188 -0.012017
v 0.160384 0.726188 -0.023459
v 0.151168 0.726188 -0.032495
v 0.139610 0.726188 -0.038241
v 0.126843 0.726188 -0.040134
v 0.114945 0.732477 -0.035520
v 0.104226 0.732477 -0.029924
v 0.095760 0.732477 -0.021290
v 0.090377 0.732477 -0.010462
v 0.088604 0.732477 0.001499
v 0.090613 0.732477 0.013423
v 0.096209 0.732477 0.024142
v 0.104843 0.732477 0.032608
v 0.115671 0.732477 0.037991
v 0.127632 0.732477 0.039764
v 0.139556 0.732477 0.037755
v 0.150275 0.732477 0.032159
v 0.158741 0.732477 0.023525
v 0.164124 0.732477 0.012697
v 0.165897 0.732477 0.000736
v 0.163888 0.732477 -0.011188
v 0.158292 0.732477 -0.021907
v 0.149658 0.732477 -0.030373
v 0.138830 0.732477 -0.035756
v 0.126869 0.732477 -0.037529
v 0.116077 0.738280 -0.032149
v 0.106344 0.738280 -0.027068
v 0.098658 0.738280 -0.019228
v 0.093770 0.738280 -0.009397
v 0.092160 0.738280 0.001464
v 0.093984 0.738280 0.012291
v 0.099065 0.738280 0.022023
v 0.106905 0.738280 0.029710
v 0.116736 0.738280 0.034598
v 0.127597 0.738280 0.036208
v 0.138423 0.738280 0.034383
v 0.148156 0.738280 0.029303
v 0.155843 0.738280 0.021463
v 0.160730 0.738280 0.011631
v 0.162341 0.738280 0.000771
v 0.160516 0.738280 -0.010056
v 0.155436 0.738280 -0.019789
v 0.147596 0.738280 -0.027475
v 0.137764 0.738280 -0.032363
v 0.126904 0.738280 -0.033973
v 0.117485 0.743456 -0.027958
v 0.108978 0.743456 -0.023517
v 0.102260 0.743456 -0.016665
v 0.097988 0.743456 -0.008072
v 0.096580 0.743456 0.001420
v 0.098175 0.743456 0.010883
v 0.102616 0.743456 0.019390
v 0.109468 0.743456 0.026108
v 0.118061 0.743456 0.030380
v 0.127553 0.743456 0.031788
v 0.137016 0.743456 0.030193
v 0.145523 0.743456 0.025752
v 0.152241 0.743456 0.018900
v 0.156513 0.743456 0.010307
v 0.157921 0.743456 0.000815
v 0.156326 0.743456 -0.008648
v 0.151885 0.743456 -0.017155
v 0.145033 0.743456 -0.023873
v 0.136440 0.743456 -0.028145
v 0.126948 0.743456 -0.029553
v 0.119133 0.747877 -0.023052
v 0.112061 0.747877 -0.019360
v 0.106477 0.747877 -0.013664
v 0.102926 0.747877 -0.006521
v 0.101756 0.747877 0.001369
v 0.103081 0.747877 0.009235
v 0.106773 0.747877 0.016307
v 0.112469 0.747877 0.021891
v 0.119612 0.747877 0.025442
v 0.127502 0.747877 0.026612
v 0.135368 0.747877 0.025287
v 0.142439 0.747877 0.021595
v 0.148024 0.747877 0.015899
v 0.151575 0.747877 0.008756
v 0.152745 0.747877 0.000866
v 0.151420 0.747877 -0.007000
v 0.147728 0.747877 -0.014072
v 0.142032 0.747877 -0.019656
v 0.134889 0.747877 -0.023207
v 0.126999 0.747877 -0.024377
v 0.120981 0.751433 -0.017550
v 0.115519 0.751433 -0.014699
v 0.111205 0.751433 -0.010300
v 0.108463 0.751433 -0.004783
v 0.107559 0.751433 0.001312
v 0.108583 0.751433 0.007387
v 0.111434 0.751433 0.012849
v 0.115833 0.751433 0.017162
v 0.121350 0.751433 0.019905
v 0.127445 0.751433 0.020809
v 0.133520 0.751433 0.019785
v 0.138982 0.751433 0.016934
v 0.143295 0.751433 0.012534
v 0.146038 0.751433 0.007018
v 0.146942 0.751433 0.000923
v 0.145918 0.751433 -0.005152
v 0.143067 0.751433 -0.010614
v 0.138667 0.751433 -0.014928
v 0.133151 0.751433 -0.017670
v 0.127056 0.751433 -0.018574
v 0.122983 0.754038 -0.011589
v 0.119265 0.754038 -0.009648
v 0.116329 0.754038 -0.006654
v 0.114462 0.754038 -0.002899
v 0.113847 0.754038 0.001250
v 0.114544 0.754038 0.005385
v 0.116485 0.754038 0.009103
v 0.119479 0.754038 0.012039
v 0.123234 0.754038 0.013906
v 0.127383 0.754038 0.014521
v 0.131518 0.754038 0.013824
v 0.135236 0.754038 0.011883
v 0.138172 0.754038 0.008889
v 0.140039 0.754038 0.005133
v 0.140654 0.754038 0.000985
v 0.139957 0.754038 -0.003150
v 0.138016 0.754038 -0.006868
v 0.135022 0.754038 -0.009804
v 0.131266 0.754038 -0.011671
v 0.127118 0.754038 -0.012286
v 0.125090 0.755627 -0.005315
v 0.123208 0.755627 -0.004333
v 0.121722 0.755627 -0.002817
v 0.120777 0.755627 -0.000916
v 0.120465 0.755627 0.001184
v 0.120818 0.755627 0.003278
v 0.121800 0.755627 0.005160
v 0.123316 0.755627 0.006646
v 0.125217 0.755627 0.007591
v 0.127317 0.755627 0.007903
v 0.129411 0.755627 0.007550
v 0.131293 0.755627 0.006567
v 0.132779 0.755627 0.005051
v 0.133724 0.755627 0.003150
v 0.134036 0.755627 0.001050
v 0.133683 0.755627 -0.001043
v 0.132700 0.755627 -0.002925
v 0.131184 0.755627 -0.004411
v 0.129283 0.755627 -0.005356
v 0.127183 0.755627 -0.005668
v 0.127250 0.669408 0.001117
v 0.127250 0.756161 0.001117
v 0.558341 1.633961 -0.004602
v 0.539477 1.629170 -0.060764
v 0.523046 1.629170 -0.052186
v 0.510069 1.629170 -0.038950
v 0.501817 1.629170 -0.022352
v 0.499099 1.629170 -0.004017
v 0.502179 1.629170 0.014261
v 0.510757 1.629170 0.030693
v 0.523992 1.629170 0.043670
v 0.540590 1.629170 0.051921
v 0.558926 1.629170 0.054640
v 0.577204 1.629170 0.051560
v 0.593635 1.629170 0.042982
v 0.606612 1.629170 0.029746
v 0.614864 1.629170 0.013149
v 0.617583 1.629170 -0.005187
v 0.614502 1.629170 -0.023465
v 0.605925 1.629170 -0.039897
v 0.592689 1.629170 -0.052874
v 0.576091 1.629170 -0.061125
v 0.557756 1.629170 -0.063844
v 0.539477 1.574315 -0.060764
v 0.523046 1.574315 -0.052186
v 0.510069 1.574315 -0.038950
v 0.501817 1.574315 -0.022352
v 0.499099 1.574315 -0.004017
v 0.502179 1.574315 0.014261
v 0.510757 1.574315 0.030693
v 0.523992 1.574315 0.043670
v 0.540590 1.574315 0.051921
v 0.558926 1.574315 0.054640
v 0.577204 1.574315 0.051560
v 0.593635 1.574315 0.042982
v 0.606612 1.574315 0.029746
v 0.614864 1.574315 0.013149
v 0.617583 1.574315 -0.005187
v 0.614502 1.574315 -0.023465
v 0.605925 1.574315 -0.039897
v 0.592689 1.574315 -0.052874
v 0.576091 1.574315 -0.061125
v 0.557756 1.574315 -0.063844
v 0.542890 1.633961 -0.050604
v 0.540549 1.631335 -0.057574
v 0.529430 1.633961 -0.043578
v 0.525050 1.631335 -0.049483
v 0.518801 1.633961 -0.032737
v 0.512811 1.631335 -0.036999
v 0.512042 1.633961 -0.019142
v 0.505028 1.631335 -0.021344
v 0.509815 1.633961 -0.004123
v 0.502463 1.631335 -0.004050
v 0.512338 1.633961 0.010849
v 0.505369 1.631335 0.013190
v 0.519364 1.633961 0.024308
v 0.513459 1.631335 0.028688
v 0.530206 1.633961 0.034938
v 0.525943 1.631335 0.040928
v 0.543801 1.633961 0.041697
v 0.541598 1.631335 0.048711
v 0.558820 1.633961 0.043924
v 0.558892 1.631335 0.051275
v 0.573792 1.633961 0.041401
v 0.576132 1.631335 0.048370
v 0.587251 1.633961 0.034374
v 0.591631 1.631335 0.040279
v 0.597880 1.633961 0.023533
v 0.603871 1.631335 0.027796
v 0.604639 1.633961 0.009938
v 0.611654 1.631335 0.012140
v 0.606866 1.633961 -0.005081
v 0.614218 1.631335 -0.005154
v 0.604343 1.633961 -0.020053
v 0.611313 1.631335 -0.022394
v 0.597317 1.633961 -0.033512
v 0.603222 1.631335 -0.037892
v 0.586476 1.633961 -0.044142
v 0.590738 1.631335 -0.050132
v 0.572880 1.633961 -0.050901
v 0.575083 1.631335 -0.057915
v 0.557861 1.633961 -0.053128
v 0.557789 1.631335 -0.060479
v 0.540637 1.569965 -0.057312
v 0.543610 1.565200 -0.048460
v 0.525215 1.569965 -0.049261
v 0.530778 1.565200 -0.041761
v 0.513036 1.569965 -0.036839
v 0.520644 1.565200 -0.031425
v 0.505291 1.569965 -0.021262
v 0.514200 1.565200 -0.018464
v 0.502740 1.569965 -0.004053
v 0.512077 1.565200 -0.004145
v 0.505630 1.569965 0.013102
v 0.514483 1.565200 0.010129
v 0.513681 1.569965 0.028524
v 0.521181 1.565200 0.022961
v 0.526103 1.569965 0.040703
v 0.531517 1.565200 0.033094
v 0.541681 1.569965 0.048447
v 0.544479 1.565200 0.039538
v 0.558890 1.569965 0.050999
v 0.558797 1.565200 0.041661
v 0.576044 1.569965 0.048108
v 0.573071 1.565200 0.039256
v 0.591466 1.569965 0.040058
v 0.585903 1.565200 0.032557
v 0.603645 1.569965 0.027635
v 0.596037 1.565200 0.022221
v 0.611390 1.569965 0.012058
v 0.602481 1.565200 0.009260
v 0.613942 1.569965 -0.005151
v 0.604604 1.565200 -0.005059
v 0.611051 1.569965 -0.022306
v 0.602199 1.565200 -0.019333
v 0.603000 1.569965 -0.037728
v 0.595500 1.565200 -0.032164
v 0.590578 1.569965 -0.049907
v 0.585164 1.565200 -0.042298
v 0.575000 1.569965 -0.057651
v 0.572202 1.565200 -0.048742
v 0.557792 1.569965 -0.060203
v 0.557884 1.565200 -0.050865
v 0.541193 1.557196 -0.055655
v 0.526256 1.557196 -0.047857
v 0.514460 1.557196 -0.035826
v 0.506959 1.557196 -0.020738
v 0.504488 1.557196 -0.004070
v 0.507288 1.557196 0.012545
v 0.515085 1.557196 0.027482
v 0.527117 1.557196 0.039278
v 0.542205 1.557196 0.046779
v 0.558872 1.557196 0.049251
v 0.575488 1.557196 0.046451
v 0.590425 1.557196 0.038653
v 0.602221 1.557196 0.026622
v 0.609722 1.557196 0.011534
v 0.612193 1.557196 -0.005134
v 0.609393 1.557196 -0.021749
v 0.601596 1.557196 -0.036686
v 0.589564 1.557196 -0.048482
v 0.574476 1.557196 -0.055983
v 0.557809 1.557196 -0.058455
v 0.539143 1.547131 -0.061759
v 0.522420 1.547131 -0.053029
v 0.509214 1.547131 -0.039559
v 0.500816 1.547131 -0.022667
v 0.498048 1.547131 -0.004007
v 0.501183 1.547131 0.014596
v 0.509913 1.547131 0.031318
v 0.523383 1.547131 0.044525
v 0.540275 1.547131 0.052923
v 0.558936 1.547131 0.055690
v 0.577538 1.547131 0.052555
v 0.594261 1.547131 0.043826
v 0.607468 1.547131 0.030355
v 0.615866 1.547131 0.013463
v 0.618633 1.547131 -0.005197
v 0.615498 1.547131 -0.023799
v 0.606768 1.547131 -0.040522
v 0.593298 1.547131 -0.053729
v 0.576406 1.547131 -0.062127
v 0.557745 1.547131 -0.064894
v 0.539143 1.534914 -0.061759
v 0.522420 1.534914 -0.053029
v 0.509214 1.534914 -0.039559
v 0.500815 1.534914 -0.022667
v 0.498048 1.534914 -0.004007
v 0.501183 1.534914 0.014596
v 0.509913 1.534914 0.031318
v 0.523383 1.534914 0.044525
v 0.540275 1.534914 0.052923
v 0.558936 1.534914 0.055690
v 0.577538 1.534914 0.052555
v 0.594261 1.534914 0.043826
v 0.607468 1.534914 0.030355
v 0.615866 1.534914 0.013463
v 0.618633 1.534914 -0.005197
v 0.615498 1.534914 -0.023799
v 0.606768 1.534914 -0.040522
v 0.593298 1.534914 -0.053729
v 0.576406 1.534914 -0.062127
v 0.557746 1.534914 -0.064894
v 0.545592 1.534914 -0.042559
v 0.534487 1.534914 -0.036762
v 0.525716 1.534914 -0.027816
v 0.520139 1.534914 -0.016599
v 0.518302 1.534914 -0.004207
v 0.520384 1.534914 0.008147
v 0.526181 1.534914 0.019252
v 0.535126 1.534914 0.028022
v 0.546344 1.534914 0.033599
v 0.558736 1.534914 0.035437
v 0.571089 1.534914 0.033355
v 0.582195 1.534914 0.027558
v 0.590965 1.534914 0.018612
v 0.596542 1.534914 0.007395
v 0.598379 1.534914 -0.004997
v 0.596298 1.534914 -0.017351
v 0.590500 1.534914 -0.028456
v 0.581555 1.534914 -0.037226
v 0.570337 1.534914 -0.042803
v 0.557945 1.534914 -0.044641
v 0.545592 1.476863 -0.042559
v 0.534486 1.476863 -0.036762
v 0.525716 1.476863 -0.027816
v 0.520140 1.476863 -0.016599
v 0.518302 1.476863 -0.004207
v 0.520384 1.476863 0.008147
v 0.526183 1.476863 0.019252
v 0.535128 1.476863 0.028023
v 0.546344 1.476863 0.033600
v 0.558736 1.476863 0.035437
v 0.571089 1.476863 0.033355
v 0.582194 1.476863 0.027558
v 0.590965 1.476863 0.018613
v 0.596542 1.476863 0.007395
v 0.598379 1.476863 -0.004997
v 0.596297 1.476863 -0.017351
v 0.590499 1.476863 -0.028456
v 0.581555 1.476863 -0.037227
v 0.570337 1.476863 -0.042803
v 0.557945 1.476863 -0.044641
v 0.542150 1.476863 -0.052806
v 0.528046 1.476863 -0.045444
v 0.516909 1.476863 -0.034083
v 0.509828 1.476863 -0.019837
v 0.507493 1.476863 -0.004100
v 0.510137 1.476863 0.011588
v 0.517501 1.476863 0.025692
v 0.528862 1.476863 0.036830
v 0.543105 1.476863 0.043912
v 0.558843 1.476863 0.046246
v 0.574531 1.476863 0.043602
v 0.588633 1.476863 0.036240
v 0.599772 1.476863 0.024879
v 0.606855 1.476863 0.010633
v 0.609188 1.476863 -0.005104
v 0.606543 1.476863 -0.020792
v 0.599181 1.476863 -0.034896
v 0.587822 1.476863 -0.046034
v 0.573576 1.476863 -0.053116
v 0.557839 1.476863 -0.055450
v 0.542151 1.457862 -0.052806
v 0.528046 1.457862 -0.045444
v 0.516909 1.457862 -0.034083
v 0.509828 1.457862 -0.019837
v 0.507493 1.457862 -0.004100
v 0.510137 1.457862 0.011588
v 0.517501 1.457862 0.025692
v 0.528862 1.457862 0.036830
v 0.543105 1.457862 0.043912
v 0.558843 1.457862 0.046246
v 0.574531 1.457862 0.043602
v 0.588633 1.457862 0.036240
v 0.599771 1.457862 0.024879
v 0.606855 1.457862 0.010633
v 0.609188 1.457862 -0.005104
v 0.606543 1.457862 -0.020792
v 0.599181 1.457862 -0.034896
v 0.587822 1.457862 -0.046034
v 0.573576 1.457862 -0.053116
v 0.557839 1.457862 -0.055450
v 0.549197 1.457862 -0.031826
v 0.541231 1.457862 -0.027668
v 0.534941 1.457862 -0.021252
v 0.530942 1.457862 -0.013206
v 0.529623 1.457862 -0.004318
v 0.531116 1.457862 0.004542
v 0.535276 1.457862 0.012507
v 0.541691 1.457862 0.018798
v 0.549736 1.457862 0.022798
v 0.558624 1.457862 0.024116
v 0.567484 1.457862 0.022622
v 0.575449 1.457862 0.018464
v 0.581740 1.457862 0.012048
v 0.585740 1.457862 0.004003
v 0.587058 1.457862 -0.004885
v 0.585564 1.457862 -0.013746
v 0.581406 1.457862 -0.021711
v 0.574991 1.457862 -0.028002
v 0.566945 1.457862 -0.032002
v 0.558057 1.457862 -0.033319
v 0.549197 1.408919 -0.031827
v 0.541231 1.408919 -0.027669
v 0.534941 1.408919 -0.021253
v 0.530942 1.408919 -0.013207
v 0.529624 1.408919 -0.004318
v 0.531115 1.408919 0.004542
v 0.535276 1.408919 0.012507
v 0.541693 1.408919 0.018798
v 0.549736 1.408919 0.022798
v 0.558624 1.408919 0.024116
v 0.567484 1.408919 0.022623
v 0.575448 1.408919 0.018465
v 0.581738 1.408919 0.012049
v 0.585740 1.408919 0.004003
v 0.587058 1.408919 -0.004886
v 0.585564 1.408919 -0.013746
v 0.581405 1.408919 -0.021711
v 0.574989 1.408919 -0.028002
v 0.566945 1.408919 -0.032002
v 0.558057 1.408919 -0.033320
v 0.547108 1.403111 -0.038045
v 0.537323 1.403111 -0.032938
v 0.529596 1.403111 -0.025056
v 0.524684 1.403111 -0.015172
v 0.523064 1.403111 -0.004254
v 0.524896 1.403111 0.006631
v 0.530007 1.403111 0.016416
v 0.537890 1.403111 0.024143
v 0.547771 1.403111 0.029057
v 0.558689 1.403111 0.030676
v 0.569573 1.403111 0.028842
v 0.579355 1.403111 0.023734
v 0.587083 1.403111 0.015852
v 0.591999 1.403111 0.005968
v 0.593618 1.403111 -0.004950
v 0.591783 1.403111 -0.015835
v 0.586673 1.403111 -0.025619
v 0.578792 1.403111 -0.033347
v 0.568910 1.403111 -0.038261
v 0.557993 1.403111 -0.039880
v 0.546062 1.396828 -0.041160
v 0.535365 1.396828 -0.035576
v 0.526919 1.396828 -0.026961
v 0.521549 1.396828 -0.016156
v 0.519779 1.396828 -0.004221
v 0.521782 1.396828 0.007677
v 0.527368 1.396828 0.018373
v 0.535985 1.396828 0.026820
v 0.546786 1.396828 0.032191
v 0.558721 1.396828 0.033961
v 0.570619 1.396828 0.031956
v 0.581312 1.396828 0.026372
v 0.589760 1.396828 0.017757
v 0.595134 1.396828 0.006953
v 0.596903 1.396828 -0.004983
v 0.594897 1.396828 -0.016881
v 0.589312 1.396828 -0.027577
v 0.580697 1.396828 -0.036024
v 0.569895 1.396828 -0.041395
v 0.557960 1.396828 -0.043165
v 0.546062 1.387403 -0.041160
v 0.535365 1.387403 -0.035576
v 0.558340 1.387402 -0.004602
v 0.526919 1.387403 -0.026961
v 0.521549 1.387403 -0.016157
v 0.519779 1.387403 -0.004221
v 0.521782 1.387403 0.007677
v 0.527368 1.387403 0.018373
v 0.535985 1.387403 0.026820
v 0.546786 1.387403 0.032191
v 0.558721 1.387403 0.033961
v 0.570619 1.387403 0.031956
v 0.581313 1.387403 0.026372
v 0.589760 1.387403 0.017757
v 0.595134 1.387403 0.006953
v 0.596903 1.387403 -0.004983
v 0.594897 1.387403 -0.016881
v 0.589312 1.387403 -0.027577
v 0.580697 1.387403 -0.036024
v 0.569895 1.387403 -0.041395
v 0.557960 1.387403 -0.043165
v 0.189209 -1.881324 0.201810
v 0.185235 -1.881324 -0.200760
v -0.213361 -1.881324 0.205785
v -0.217336 -1.881324 -0.196785
v 0.120873 -1.793751 0.134810
v 0.118234 -1.793751 -0.132423
v -0.148999 -1.793751 -0.129785
v -0.146360 -1.793751 0.137449
v 0.171890 -1.832570 0.184830
v 0.168254 -1.832570 -0.183440
v -0.200016 -1.832570 -0.179804
v -0.196380 -1.832570 0.188466
v 0.120873 -1.793751 0.134810
v 0.118234 -1.793751 -0.132423
v -0.148999 -1.793751 -0.129785
v -0.146360 -1.793751 0.137449
v 0.118234 -1.786306 -0.132423
v -0.148999 -1.786306 -0.129785
v -0.146360 -1.786306 0.137449
v 0.120873 -1.786306 0.134810
v 0.164859 -1.739389 -0.179978
v -0.196554 -1.739389 -0.176410
v -0.192986 -1.739389 0.185004
v 0.168428 -1.739389 0.181435
v 0.164859 -1.684691 -0.179978
v -0.196554 -1.684691 -0.176410
v -0.192986 -1.684691 0.185004
v 0.168428 -1.684691 0.181435
v 0.680657 1.364221 -0.004347
v 0.558009 1.364221 -0.124596
v 0.644603 1.381930 -0.003991
v 0.558365 1.381930 -0.088543
v 0.560051 1.381930 0.082248
v 0.473812 1.381930 -0.002304
v 0.560407 1.364221 0.118301
v 0.437759 1.364221 -0.001948
v 0.559208 1.399384 -0.003148
v 0.685304 1.355865 -0.004393
v 0.557963 1.355865 -0.129244
v 0.433112 1.355865 -0.001903
v 0.560453 1.355865 0.122949
v 0.695321 1.355865 -0.004491
v 0.557864 1.355865 -0.139261
v 0.423094 1.355865 -0.001804
v 0.560552 1.355865 0.132966
v 0.689208 1.346329 -0.010485
v 0.689328 1.346329 0.001622
v 0.664207 1.297694 -0.010238
v 0.664327 1.297694 0.001869
v 0.551870 1.346329 -0.133148
v 0.563977 1.346329 -0.133268
v 0.552117 1.297694 -0.108147
v 0.564224 1.297694 -0.108266
v 0.429207 1.346329 0.004190
v 0.429088 1.346329 -0.007917
v 0.454209 1.297694 0.003943
v 0.454089 1.297694 -0.008164
v 0.566545 1.346329 0.126853
v 0.554439 1.346329 0.126972
v 0.566299 1.297694 0.101852
v 0.554192 1.297694 0.101971
v 0.645888 1.200773 -0.010057
v 0.646008 1.200773 0.002049
v 0.552298 1.200773 -0.089828
v 0.564405 1.200773 -0.089948
v 0.472527 1.200773 0.003762
v 0.472408 1.200773 -0.008345
v 0.566118 1.200773 0.083533
v 0.554011 1.200773 0.083652
v 0.599729 1.140432 -0.009602
v 0.599849 1.140432 0.002505
v 0.553214 1.100816 0.002966
v 0.553095 1.100816 -0.009141
v 0.565202 1.100816 -0.009261
v 0.565321 1.100816 0.002846
v 0.564861 1.140432 -0.043789
v 0.552754 1.140432 -0.043669
v 0.518567 1.140432 -0.008800
v 0.518686 1.140432 0.003307
v 0.565662 1.140432 0.037374
v 0.553555 1.140432 0.037493
v 0.712314 1.355865 -0.004659
v 0.557696 1.355865 -0.156254
v 0.712314 1.356874 -0.004659
v 0.705438 1.346329 -0.011401
v 0.564573 1.346329 -0.149512
v 0.557696 1.356874 -0.156254
v 0.406101 1.355865 -0.001636
v 0.550954 1.346329 -0.149378
v 0.412843 1.346329 -0.008512
v 0.406101 1.356874 -0.001636
v 0.560720 1.355865 0.149959
v 0.560720 1.356874 0.149959
v 0.567462 1.346329 0.143082
v 0.705572 1.346329 0.002217
v 0.412978 1.346329 0.005106
v 0.553843 1.346329 0.143217
v 0.677450 1.297694 0.002495
v 0.677315 1.297694 -0.011123
v 0.656844 1.200773 0.002698
v 0.656709 1.200773 -0.010920
v 0.564850 1.297694 -0.121390
v 0.551232 1.297694 -0.121255
v 0.565054 1.200773 -0.100784
v 0.551435 1.200773 -0.100649
v 0.440966 1.297694 -0.008790
v 0.441100 1.297694 0.004828
v 0.461572 1.200773 -0.008993
v 0.461706 1.200773 0.004625
v 0.553566 1.297694 0.115094
v 0.567184 1.297694 0.114960
v 0.553362 1.200773 0.094489
v 0.566980 1.200773 0.094354
v 0.604922 1.140432 0.003211
v 0.604788 1.140432 -0.010407
v 0.565566 1.140432 -0.048862
v 0.551948 1.140432 -0.048728
v 0.513493 1.140432 -0.009506
v 0.513628 1.140432 0.004112
v 0.552849 1.140432 0.042567
v 0.566468 1.140432 0.042433
v 0.566084 1.100816 0.003594
v 0.565950 1.100816 -0.010024
v 0.552466 1.100816 0.003729
v 0.552332 1.100816 -0.009889
v -0.061744 -1.689778 -0.139451
v -0.103280 -1.689778 -0.117768
v -0.136082 -1.689778 -0.084312
v -0.156940 -1.689778 -0.042356
v -0.163813 -1.689778 0.003991
v -0.156026 -1.689778 0.050194
v -0.134344 -1.689778 0.091729
v -0.100887 -1.689778 0.124532
v -0.058932 -1.689778 0.145390
v -0.012585 -1.689778 0.152262
v 0.033618 -1.689778 0.144476
v 0.075154 -1.689778 0.122794
v 0.107956 -1.689778 0.089337
v 0.128814 -1.689778 0.047382
v 0.135686 -1.689778 0.001034
v 0.127900 -1.689778 -0.045169
v 0.106218 -1.689778 -0.086704
v 0.072761 -1.689778 -0.119506
v 0.030806 -1.689778 -0.140364
v -0.015542 -1.689778 -0.147237
v -0.051386 -1.197451 -0.108611
v -0.083898 -1.197451 -0.091638
v -0.109575 -1.197451 -0.065450
v -0.125902 -1.197451 -0.032609
v -0.131281 -1.197451 0.003670
v -0.125186 -1.197451 0.039836
v -0.108214 -1.197451 0.072348
v -0.082026 -1.197451 0.098024
v -0.049185 -1.197451 0.114351
v -0.012906 -1.197451 0.119731
v 0.023260 -1.197451 0.113636
v 0.055772 -1.197451 0.096664
v 0.081448 -1.197451 0.070475
v 0.097775 -1.197451 0.037634
v 0.103155 -1.197451 0.001355
v 0.097060 -1.197451 -0.034810
v 0.080088 -1.197451 -0.067323
v 0.053900 -1.197451 -0.092999
v 0.021058 -1.197451 -0.109326
v -0.015221 -1.197451 -0.114705
v -0.014063 -1.689778 0.002513
v -0.055589 -1.190991 -0.121124
v -0.091762 -1.190991 -0.102240
v -0.120330 -1.190991 -0.073103
v -0.138495 -1.190991 -0.036564
v -0.144481 -1.190991 0.003800
v -0.137700 -1.190991 0.044039
v -0.118816 -1.190991 0.080212
v -0.089679 -1.190991 0.108780
v -0.053140 -1.190991 0.126945
v -0.012775 -1.190991 0.132930
v 0.027463 -1.190991 0.126149
v 0.063636 -1.190991 0.107266
v 0.092204 -1.190991 0.078128
v 0.110369 -1.190991 0.041589
v 0.116354 -1.190991 0.001225
v 0.109573 -1.190991 -0.039013
v 0.090690 -1.190991 -0.075186
v 0.061553 -1.190991 -0.103754
v 0.025013 -1.190991 -0.121919
v -0.015351 -1.190991 -0.127905
v -0.056878 -1.181038 -0.124961
v -0.094174 -1.181038 -0.105491
v -0.123628 -1.181038 -0.075450
v -0.142357 -1.181038 -0.037777
v -0.148528 -1.181038 0.003840
v -0.141536 -1.181038 0.045327
v -0.122067 -1.181038 0.082623
v -0.092025 -1.181038 0.112077
v -0.054352 -1.181038 0.130807
v -0.012735 -1.181038 0.136977
v 0.028751 -1.181038 0.129986
v 0.066047 -1.181038 0.110517
v 0.095502 -1.181038 0.080475
v 0.114231 -1.181038 0.042802
v 0.120402 -1.181038 0.001185
v 0.113410 -1.181038 -0.040302
v 0.093941 -1.181038 -0.077598
v 0.063899 -1.181038 -0.107052
v 0.026226 -1.181038 -0.125781
v -0.015391 -1.181038 -0.131952
v -0.056878 -1.158751 -0.124961
v -0.094174 -1.158751 -0.105491
v -0.123628 -1.158751 -0.075450
v -0.142357 -1.158751 -0.037777
v -0.148528 -1.158751 0.003840
v -0.141537 -1.158751 0.045327
v -0.122067 -1.158751 0.082623
v -0.092025 -1.158751 0.112077
v -0.054352 -1.158751 0.130807
v -0.012735 -1.158751 0.136977
v 0.028751 -1.158751 0.129986
v 0.066047 -1.158751 0.110517
v 0.095502 -1.158751 0.080475
v 0.114231 -1.158751 0.042802
v 0.120402 -1.158751 0.001185
v 0.113410 -1.158751 -0.040302
v 0.093941 -1.158751 -0.077598
v 0.063899 -1.158751 -0.107052
v 0.026226 -1.158751 -0.125781
v -0.015391 -1.158751 -0.131952
v -0.054753 -1.148093 -0.118634
v -0.090198 -1.148093 -0.100131
v -0.118190 -1.148093 -0.071581
v -0.135990 -1.148093 -0.035777
v -0.141855 -1.148093 0.003774
v -0.135210 -1.148093 0.043203
v -0.116707 -1.148093 0.078648
v -0.088156 -1.148093 0.106640
v -0.052353 -1.148093 0.124440
v -0.012801 -1.148093 0.130304
v 0.026627 -1.148093 0.123660
v 0.062072 -1.148093 0.105157
v 0.090064 -1.148093 0.076606
v 0.107864 -1.148093 0.040802
v 0.113728 -1.148093 0.001251
v 0.107084 -1.148093 -0.038177
v 0.088581 -1.148093 -0.073622
v 0.060030 -1.148093 -0.101614
v 0.024227 -1.148093 -0.119414
v -0.015325 -1.148093 -0.125279
v -0.049721 -1.141835 -0.103652
v -0.080782 -1.141835 -0.087437
v -0.105313 -1.141835 -0.062417
v -0.120911 -1.141835 -0.031042
v -0.126051 -1.141835 0.003618
v -0.120228 -1.141835 0.038170
v -0.104013 -1.141835 0.069232
v -0.078993 -1.141835 0.093763
v -0.047618 -1.141835 0.109361
v -0.012957 -1.141835 0.114500
v 0.021595 -1.141835 0.108678
v 0.052656 -1.141835 0.092463
v 0.077187 -1.141835 0.067443
v 0.092785 -1.141835 0.036067
v 0.097924 -1.141835 0.001407
v 0.092102 -1.141835 -0.033145
v 0.075887 -1.141835 -0.064206
v 0.050867 -1.141835 -0.088737
v 0.019491 -1.141835 -0.104335
v -0.015169 -1.141835 -0.109475
v -0.049721 -1.107993 -0.103652
v -0.080782 -1.107993 -0.087437
v -0.105313 -1.107993 -0.062417
v -0.120911 -1.107993 -0.031042
v -0.126051 -1.107993 0.003618
v -0.120228 -1.107993 0.038170
v -0.104013 -1.107993 0.069232
v -0.078993 -1.107993 0.093763
v -0.047618 -1.107993 0.109361
v -0.012957 -1.107993 0.114500
v 0.021595 -1.107993 0.108678
v 0.052656 -1.107993 0.092463
v 0.077187 -1.107993 0.067443
v 0.092785 -1.107993 0.036067
v 0.097924 -1.107993 0.001407
v 0.092102 -1.107993 -0.033145
v 0.075887 -1.107993 -0.064206
v 0.050867 -1.107993 -0.088737
v 0.019491 -1.107993 -0.104335
v -0.015169 -1.107993 -0.109475
v -0.047999 -1.101110 -0.098526
v -0.077561 -1.101110 -0.083094
v -0.100907 -1.101110 -0.059282
v -0.115752 -1.101110 -0.029422
v -0.120643 -1.101110 0.003565
v -0.115102 -1.101110 0.036449
v -0.099670 -1.101110 0.066010
v -0.075858 -1.101110 0.089356
v -0.045997 -1.101110 0.104202
v -0.013011 -1.101110 0.109093
v 0.019873 -1.101110 0.103551
v 0.049434 -1.101110 0.088119
v 0.072781 -1.101110 0.064308
v 0.087626 -1.101110 0.034447
v 0.092517 -1.101110 0.001460
v 0.086975 -1.101110 -0.031423
v 0.071543 -1.101110 -0.060985
v 0.047732 -1.101110 -0.084331
v 0.017871 -1.101110 -0.099176
v -0.015115 -1.101110 -0.104067
v -0.046585 -1.097858 -0.094316
v -0.074915 -1.097858 -0.079527
v -0.097288 -1.097858 -0.056707
v -0.111515 -1.097858 -0.028091
v -0.116202 -1.097858 0.003521
v -0.110892 -1.097858 0.035035
v -0.096103 -1.097858 0.063364
v -0.073283 -1.097858 0.085738
v -0.044667 -1.097858 0.099964
v -0.013055 -1.097858 0.104652
v 0.018459 -1.097858 0.099341
v 0.046789 -1.097858 0.084552
v 0.069162 -1.097858 0.061733
v 0.083389 -1.097858 0.033116
v 0.088076 -1.097858 0.001504
v 0.082765 -1.097858 -0.030009
v 0.067976 -1.097858 -0.058339
v 0.045157 -1.097858 -0.080712
v 0.016540 -1.097858 -0.094939
v -0.015072 -1.097858 -0.099626
v -0.043593 -1.095929 -0.085409
v -0.069317 -1.095929 -0.071980
v -0.014063 -1.095929 0.002513
v -0.089633 -1.095929 -0.051260
v -0.102551 -1.095929 -0.025276
v -0.106807 -1.095929 0.003428
v -0.101985 -1.095929 0.032043
v -0.088556 -1.095929 0.057767
v -0.067836 -1.095929 0.078082
v -0.041852 -1.095929 0.091000
v -0.013147 -1.095929 0.095257
v 0.015467 -1.095929 0.090434
v 0.041191 -1.095929 0.077006
v 0.061506 -1.095929 0.056285
v 0.074425 -1.095929 0.030301
v 0.078681 -1.095929 0.001597
v 0.073858 -1.095929 -0.027018
v 0.060430 -1.095929 -0.052742
v 0.039709 -1.095929 -0.073057
v 0.013725 -1.095929 -0.085975
v -0.014979 -1.095929 -0.090231
v -0.026644 -1.102062 -0.034944
v -0.037603 -1.102062 -0.029223
v -0.046258 -1.102062 -0.020396
v -0.051761 -1.102062 -0.009326
v -0.053574 -1.102062 0.002903
v -0.051520 -1.102062 0.015093
v -0.045799 -1.102062 0.026052
v -0.036972 -1.102062 0.034707
v -0.025902 -1.102062 0.040210
v -0.013673 -1.102062 0.042024
v -0.001483 -1.102062 0.039969
v 0.009476 -1.102062 0.034248
v 0.018131 -1.102062 0.025421
v 0.023635 -1.102062 0.014351
v 0.025448 -1.102062 0.002123
v 0.023393 -1.102062 -0.010068
v 0.017673 -1.102062 -0.021027
v 0.008845 -1.102062 -0.029682
v -0.002225 -1.102062 -0.035185
v -0.014453 -1.102062 -0.036998
v -0.026644 0.995771 -0.034944
v -0.037603 0.995771 -0.029223
v -0.046258 0.995771 -0.020396
v -0.051761 0.995771 -0.009326
v -0.053574 0.995771 0.002903
v -0.051520 0.995771 0.015093
v -0.045799 0.995771 0.026052
v -0.036972 0.995771 0.034707
v -0.025902 0.995771 0.040210
v -0.013673 0.995771 0.042024
v -0.001483 0.995771 0.039969
v 0.009476 0.995771 0.034248
v 0.018131 0.995771 0.025421
v 0.023634 0.995771 0.014351
v 0.025448 0.995771 0.002123
v 0.023393 0.995771 -0.010068
v 0.017672 0.995771 -0.021027
v 0.008845 0.995771 -0.029682
v -0.002225 0.995771 -0.035185
v -0.014453 0.995771 -0.036998
v -0.014063 -1.102062 0.002513
v -0.030041 0.995771 -0.045057
v -0.043958 0.995771 -0.037792
v -0.054950 0.995771 -0.026581
v -0.061939 0.995771 -0.012522
v -0.064242 0.995771 0.003008
v -0.061633 0.995771 0.018490
v -0.054368 0.995771 0.032408
v -0.043157 0.995771 0.043399
v -0.029098 0.995771 0.050389
v -0.013568 0.995771 0.052691
v 0.001914 0.995771 0.050082
v 0.015832 0.995771 0.042817
v 0.026823 0.995771 0.031606
v 0.033813 0.995771 0.017548
v 0.036115 0.995771 0.002017
v 0.033506 0.995771 -0.013465
v 0.026241 0.995771 -0.027382
v 0.015030 0.995771 -0.038374
v 0.000972 0.995771 -0.045363
v -0.014559 0.995771 -0.047666
v -0.030041 1.231951 -0.045057
v -0.043963 1.231951 -0.037791
v -0.054954 1.231951 -0.026581
v -0.061939 1.231951 -0.012522
v -0.064242 1.231951 0.003008
v -0.061634 1.231951 0.018490
v -0.054366 1.231951 0.032408
v -0.043155 1.231951 0.043399
v -0.029098 1.231951 0.050389
v -0.013568 1.231951 0.052691
v 0.001914 1.231951 0.050082
v 0.015832 1.231951 0.042817
v 0.026823 1.231951 0.031606
v 0.033813 1.231951 0.017548
v 0.036115 1.231951 0.002017
v 0.033506 1.231951 -0.013465
v 0.026243 1.231951 -0.027382
v 0.015032 1.231951 -0.038374
v 0.000972 1.231951 -0.045363
v -0.014559 1.231951 -0.047666
v -0.027412 1.231951 -0.037231
v -0.039044 1.231951 -0.031161
v -0.048228 1.231951 -0.021795
v -0.054063 1.231951 -0.010049
v -0.055987 1.231951 0.002927
v -0.053808 1.231951 0.015862
v -0.047736 1.231951 0.027490
v -0.038369 1.231951 0.036673
v -0.026625 1.231951 0.042513
v -0.013649 1.231951 0.044437
v -0.000714 1.231951 0.042257
v 0.010914 1.231951 0.036187
v 0.020097 1.231951 0.026820
v 0.025937 1.231951 0.015074
v 0.027860 1.231951 0.002099
v 0.025680 1.231951 -0.010836
v 0.019612 1.231951 -0.022464
v 0.010246 1.231951 -0.031648
v -0.001502 1.231951 -0.037487
v -0.014477 1.231951 -0.039411
v -0.027417 1.410987 -0.037233
v -0.039047 1.410987 -0.031163
v -0.048232 1.410987 -0.021796
v -0.054066 1.410987 -0.010049
v -0.055989 1.410987 0.002927
v -0.053811 1.410987 0.015862
v -0.047738 1.410987 0.027491
v -0.038369 1.410987 0.036675
v -0.026625 1.410987 0.042515
v -0.013649 1.410987 0.044439
v -0.000714 1.410987 0.042259
v 0.010916 1.410987 0.036188
v 0.020099 1.410987 0.026821
v 0.025938 1.410987 0.015075
v 0.027862 1.410987 0.002099
v 0.025684 1.410987 -0.010837
v 0.019615 1.410987 -0.022466
v 0.010246 1.410987 -0.031649
v -0.001497 1.410987 -0.037489
v -0.014477 1.410987 -0.039413
v -0.022369 1.410987 -0.022208
v -0.029602 1.410987 -0.018432
v -0.035315 1.410987 -0.012606
v -0.038943 1.410987 -0.005300
v -0.040139 1.410987 0.002770
v -0.038785 1.410987 0.010816
v -0.035007 1.410987 0.018048
v -0.029180 1.410987 0.023760
v -0.021876 1.410987 0.027392
v -0.013806 1.410987 0.028589
v -0.005761 1.410987 0.027233
v 0.001473 1.410987 0.023458
v 0.007185 1.410987 0.017632
v 0.010816 1.410987 0.010326
v 0.012013 1.410987 0.002255
v 0.010658 1.410987 -0.005790
v 0.006883 1.410987 -0.013023
v 0.001056 1.410987 -0.018735
v -0.006248 1.410987 -0.022367
v -0.014321 1.410987 -0.023564
v -0.022369 1.636996 -0.022208
v -0.029602 1.636996 -0.018432
v -0.014063 1.636997 0.002513
v -0.035315 1.636996 -0.012606
v -0.038943 1.636996 -0.005300
v -0.040139 1.636996 0.002770
v -0.038785 1.636996 0.010816
v -0.035007 1.636996 0.018048
v -0.029180 1.636996 0.023760
v -0.021876 1.636996 0.027392
v -0.013806 1.636996 0.028589
v -0.005761 1.636996 0.027233
v 0.001473 1.636996 0.023458
v 0.007185 1.636996 0.017632
v 0.010816 1.636996 0.010326
v 0.012013 1.636996 0.002255
v 0.010658 1.636996 -0.005790
v 0.006883 1.636996 -0.013023
v 0.001056 1.636996 -0.018735
v -0.006248 1.636996 -0.022367
v -0.014321 1.636996 -0.023564
v -0.016224 1.600046 -0.003920
v -0.018106 1.600046 -0.002937
v -0.019592 1.600046 -0.001421
v -0.020537 1.600046 0.000480
v -0.020849 1.600046 0.002580
v -0.020496 1.600046 0.004673
v -0.019513 1.600046 0.006555
v -0.017997 1.600046 0.008041
v -0.016096 1.600046 0.008987
v -0.013996 1.600046 0.009298
v -0.011903 1.600046 0.008945
v -0.010021 1.600046 0.007963
v -0.008535 1.600046 0.006447
v -0.007590 1.600046 0.004546
v -0.007278 1.600046 0.002446
v -0.007631 1.600046 0.000352
v -0.008613 1.600046 -0.001530
v -0.010129 1.600046 -0.003016
v -0.012030 1.600046 -0.003961
v -0.014130 1.600046 -0.004273
v -0.018331 1.601634 -0.010194
v -0.022049 1.601634 -0.008253
v -0.024985 1.601634 -0.005259
v -0.026852 1.601634 -0.001503
v -0.027467 1.601634 0.002645
v -0.026770 1.601634 0.006780
v -0.024829 1.601634 0.010498
v -0.021835 1.601634 0.013434
v -0.018079 1.601634 0.015301
v -0.013931 1.601634 0.015916
v -0.009796 1.601634 0.015219
v -0.006078 1.601634 0.013278
v -0.003142 1.601634 0.010284
v -0.001275 1.601634 0.006529
v -0.000660 1.601634 0.002380
v -0.001357 1.601634 -0.001755
v -0.003298 1.601634 -0.005473
v -0.006292 1.601634 -0.008409
v -0.010047 1.601634 -0.010276
v -0.014196 1.601634 -0.010891
v -0.020333 1.604239 -0.016155
v -0.025795 1.604239 -0.013304
v -0.030108 1.604239 -0.008904
v -0.032851 1.604239 -0.003387
v -0.033755 1.604239 0.002707
v -0.032731 1.604239 0.008783
v -0.029880 1.604239 0.014244
v -0.025480 1.604239 0.018558
v -0.019963 1.604239 0.021301
v -0.013869 1.604239 0.022204
v -0.007793 1.604239 0.021180
v -0.002332 1.604239 0.018329
v 0.001982 1.604239 0.013930
v 0.004724 1.604239 0.008413
v 0.005628 1.604239 0.002318
v 0.004604 1.604239 -0.003757
v 0.001753 1.604239 -0.009219
v -0.002646 1.604239 -0.013532
v -0.008163 1.604239 -0.016275
v -0.014258 1.604239 -0.017179
v -0.022181 1.607796 -0.021656
v -0.029252 1.607796 -0.017965
v -0.034837 1.607796 -0.012269
v -0.038388 1.607796 -0.005126
v -0.039558 1.607796 0.002764
v -0.038232 1.607796 0.010630
v -0.034541 1.607796 0.017702
v -0.028845 1.607796 0.023286
v -0.021702 1.607796 0.026837
v -0.013812 1.607796 0.028007
v -0.005946 1.607796 0.026682
v 0.001126 1.607796 0.022990
v 0.006710 1.607796 0.017294
v 0.010261 1.607796 0.010152
v 0.011431 1.607796 0.002261
v 0.010106 1.607796 -0.005605
v 0.006414 1.607796 -0.012676
v 0.000718 1.607796 -0.018261
v -0.006424 1.607796 -0.021812
v -0.014315 1.607796 -0.022982
v -0.023829 1.612216 -0.026563
v -0.032336 1.612216 -0.022122
v -0.039054 1.612216 -0.015270
v -0.043326 1.612216 -0.006677
v -0.044734 1.612216 0.002816
v -0.043139 1.612216 0.012278
v -0.038698 1.612216 0.020785
v -0.031846 1.612216 0.027503
v -0.023253 1.612216 0.031775
v -0.013761 1.612216 0.033183
v -0.004298 1.612216 0.031588
v 0.004209 1.612216 0.027147
v 0.010927 1.612216 0.020295
v 0.015199 1.612216 0.011702
v 0.016607 1.612216 0.002210
v 0.015012 1.612216 -0.007253
v 0.010571 1.612216 -0.015760
v 0.003719 1.612216 -0.022478
v -0.004874 1.612216 -0.026750
v -0.014366 1.612216 -0.028157
v -0.025236 1.617392 -0.030753
v -0.034969 1.617392 -0.025672
v -0.042656 1.617392 -0.017833
v -0.047543 1.617392 -0.008001
v -0.049154 1.617392 0.002859
v -0.047329 1.617392 0.013686
v -0.042248 1.617392 0.023419
v -0.034409 1.617392 0.031105
v -0.024577 1.617392 0.035993
v -0.013717 1.617392 0.037603
v -0.002890 1.617392 0.035779
v 0.006843 1.617392 0.030698
v 0.014529 1.617392 0.022858
v 0.019417 1.617392 0.013027
v 0.021027 1.617392 0.002166
v 0.019203 1.617392 -0.008660
v 0.014122 1.617392 -0.018393
v 0.006282 1.617392 -0.026080
v -0.003549 1.617392 -0.030967
v -0.014410 1.617392 -0.032578
v -0.026369 1.623195 -0.034125
v -0.037088 1.623195 -0.028529
v -0.045553 1.623195 -0.019895
v -0.050936 1.623195 -0.009067
v -0.052710 1.623195 0.002894
v -0.050701 1.623195 0.014818
v -0.045105 1.623195 0.025537
v -0.036471 1.623195 0.034003
v -0.025643 1.623195 0.039386
v -0.013682 1.623195 0.041159
v -0.001758 1.623195 0.039150
v 0.008961 1.623195 0.033554
v 0.017427 1.623195 0.024920
v 0.022810 1.623195 0.014092
v 0.024583 1.623195 0.002131
v 0.022574 1.623195 -0.009793
v 0.016978 1.623195 -0.020512
v 0.008344 1.623195 -0.028977
v -0.002484 1.623195 -0.034360
v -0.014445 1.623195 -0.036134
v -0.027198 1.629484 -0.036594
v -0.038640 1.629484 -0.030621
v -0.047676 1.629484 -0.021405
v -0.053422 1.629484 -0.009847
v -0.055315 1.629484 0.002920
v -0.053170 1.629484 0.015647
v -0.047197 1.629484 0.027089
v -0.037981 1.629484 0.036125
v -0.026423 1.629484 0.041871
v -0.013656 1.629484 0.043764
v -0.000929 1.629484 0.041619
v 0.010513 1.629484 0.035646
v 0.019549 1.629484 0.026430
v 0.025295 1.629484 0.014873
v 0.027188 1.629484 0.002105
v 0.025043 1.629484 -0.010622
v 0.019070 1.629484 -0.022064
v 0.009854 1.629484 -0.031100
v -0.001703 1.629484 -0.036845
v -0.014471 1.629484 -0.038739
v -0.027704 1.636102 -0.038100
v -0.039586 1.636102 -0.031897
v -0.048970 1.636102 -0.022326
v -0.054938 1.636102 -0.010323
v -0.056904 1.636102 0.002936
v -0.054676 1.636102 0.016153
v -0.048473 1.636102 0.028036
v -0.038902 1.636102 0.037420
v -0.026899 1.636102 0.043387
v -0.013640 1.636102 0.045353
v -0.000423 1.636102 0.043125
v 0.011460 1.636102 0.036923
v 0.020844 1.636102 0.027351
v 0.026811 1.636102 0.015349
v 0.028777 1.636102 0.002090
v 0.026549 1.636102 -0.011128
v 0.020346 1.636102 -0.023010
v 0.010775 1.636102 -0.032394
v -0.001227 1.636102 -0.038361
v -0.014486 1.636102 -0.040327
v -0.027874 1.642888 -0.038606
v -0.039905 1.642888 -0.032326
v -0.049406 1.642888 -0.022636
v -0.055447 1.642888 -0.010483
v -0.057438 1.642888 0.002941
v -0.055182 1.642888 0.016323
v -0.048902 1.642888 0.028354
v -0.039212 1.642888 0.037855
v -0.027059 1.642888 0.043896
v -0.013635 1.642888 0.045887
v -0.000253 1.642888 0.043632
v 0.011778 1.642888 0.037351
v 0.021279 1.642888 0.027661
v 0.027320 1.642888 0.015509
v 0.029311 1.642888 0.002084
v 0.027056 1.642888 -0.011298
v 0.020775 1.642888 -0.023328
v 0.011085 1.642888 -0.032829
v -0.001067 1.642888 -0.038871
v -0.014492 1.642888 -0.040861
v -0.027704 1.649673 -0.038100
v -0.039586 1.649673 -0.031897
v -0.048970 1.649673 -0.022326
v -0.054938 1.649673 -0.010323
v -0.056904 1.649673 0.002936
v -0.054676 1.649673 0.016153
v -0.048473 1.649673 0.028036
v -0.038902 1.649673 0.037420
v -0.026899 1.649673 0.043387
v -0.013640 1.649673 0.045353
v -0.000423 1.649673 0.043125
v 0.011460 1.649673 0.036923
v 0.020844 1.649673 0.027351
v 0.026811 1.649673 0.015349
v 0.028777 1.649673 0.002090
v 0.026549 1.649673 -0.011128
v 0.020346 1.649673 -0.023010
v 0.010775 1.649673 -0.032394
v -0.001227 1.649673 -0.038361
v -0.014486 1.649673 -0.040327
v -0.027198 1.656292 -0.036594
v -0.038640 1.656292 -0.030621
v -0.047676 1.656292 -0.021405
v -0.053422 1.656292 -0.009847
v -0.055315 1.656292 0.002920
v -0.053170 1.656292 0.015647
v -0.047197 1.656292 0.027089
v -0.037981 1.656292 0.036125
v -0.026423 1.656292 0.041871
v -0.013656 1.656292 0.043764
v -0.000929 1.656292 0.041619
v 0.010513 1.656292 0.035646
v 0.019549 1.656292 0.026430
v 0.025295 1.656292 0.014873
v 0.027188 1.656292 0.002105
v 0.025043 1.656292 -0.010622
v 0.019070 1.656292 -0.022064
v 0.009854 1.656292 -0.031100
v -0.001703 1.656292 -0.036845
v -0.014471 1.656292 -0.038739
v -0.026369 1.662580 -0.034125
v -0.037088 1.662580 -0.028529
v -0.045553 1.662580 -0.019895
v -0.050936 1.662580 -0.009067
v -0.052710 1.662580 0.002894
v -0.050701 1.662580 0.014818
v -0.045105 1.662580 0.025537
v -0.036471 1.662580 0.034003
v -0.025643 1.662580 0.039386
v -0.013682 1.662580 0.041159
v -0.001758 1.662580 0.039150
v 0.008961 1.662580 0.033554
v 0.017427 1.662580 0.024920
v 0.022810 1.662580 0.014092
v 0.024583 1.662580 0.002131
v 0.022574 1.662580 -0.009793
v 0.016978 1.662580 -0.020512
v 0.008344 1.662580 -0.028977
v -0.002484 1.662580 -0.034360
v -0.014445 1.662580 -0.036134
v -0.025236 1.668384 -0.030753
v -0.034969 1.668384 -0.025672
v -0.042656 1.668384 -0.017833
v -0.047543 1.668384 -0.008001
v -0.049154 1.668384 0.002859
v -0.047329 1.668384 0.013686
v -0.042248 1.668384 0.023419
v -0.034409 1.668384 0.031105
v -0.024577 1.668384 0.035993
v -0.013717 1.668384 0.037603
v -0.002890 1.668384 0.035779
v 0.006843 1.668384 0.030698
v 0.014529 1.668384 0.022858
v 0.019417 1.668384 0.013027
v 0.021027 1.668384 0.002166
v 0.019203 1.668384 -0.008660
v 0.014122 1.668384 -0.018393
v 0.006282 1.668384 -0.026080
v -0.003549 1.668384 -0.030967
v -0.014410 1.668384 -0.032578
v -0.023829 1.673560 -0.026563
v -0.032336 1.673560 -0.022122
v -0.039054 1.673560 -0.015270
v -0.043326 1.673560 -0.006677
v -0.044734 1.673560 0.002816
v -0.043139 1.673560 0.012278
v -0.038698 1.673560 0.020785
v -0.031846 1.673560 0.027503
v -0.023253 1.673560 0.031775
v -0.013761 1.673560 0.033183
v -0.004298 1.673560 0.031588
v 0.004209 1.673560 0.027147
v 0.010927 1.673560 0.020295
v 0.015199 1.673560 0.011702
v 0.016607 1.673560 0.002210
v 0.015012 1.673560 -0.007253
v 0.010571 1.673560 -0.015760
v 0.003719 1.673560 -0.022478
v -0.004874 1.673560 -0.026750
v -0.014366 1.673560 -0.028157
v -0.022181 1.677980 -0.021656
v -0.029252 1.677980 -0.017965
v -0.034837 1.677980 -0.012269
v -0.038388 1.677980 -0.005126
v -0.039558 1.677980 0.002764
v -0.038232 1.677980 0.010630
v -0.034541 1.677980 0.017702
v -0.028845 1.677980 0.023286
v -0.021702 1.677980 0.026837
v -0.013812 1.677980 0.028007
v -0.005946 1.677980 0.026682
v 0.001126 1.677980 0.022990
v 0.006710 1.677980 0.017294
v 0.010261 1.677980 0.010152
v 0.011431 1.677980 0.002261
v 0.010106 1.677980 -0.005605
v 0.006414 1.677980 -0.012676
v 0.000718 1.677980 -0.018261
v -0.006424 1.677980 -0.021812
v -0.014315 1.677980 -0.022982
v -0.020333 1.681536 -0.016155
v -0.025795 1.681536 -0.013304
v -0.030108 1.681536 -0.008904
v -0.032851 1.681536 -0.003387
v -0.033755 1.681536 0.002707
v -0.032731 1.681536 0.008783
v -0.029880 1.681536 0.014244
v -0.025480 1.681536 0.018558
v -0.019963 1.681536 0.021301
v -0.013869 1.681536 0.022204
v -0.007793 1.681536 0.021180
v -0.002332 1.681536 0.018329
v 0.001982 1.681536 0.013930
v 0.004724 1.681536 0.008413
v 0.005628 1.681536 0.002318
v 0.004604 1.681536 -0.003757
v 0.001753 1.681536 -0.009219
v -0.002646 1.681536 -0.013532
v -0.008163 1.681536 -0.016275
v -0.014258 1.681536 -0.017179
v -0.018331 1.684141 -0.010194
v -0.022049 1.684141 -0.008253
v -0.024985 1.684141 -0.005259
v -0.026852 1.684141 -0.001503
v -0.027467 1.684141 0.002645
v -0.026770 1.684141 0.006780
v -0.024829 1.684141 0.010498
v -0.021835 1.684141 0.013434
v -0.018079 1.684141 0.015301
v -0.013931 1.684141 0.015916
v -0.009796 1.684141 0.015219
v -0.006078 1.684141 0.013278
v -0.003142 1.684141 0.010284
v -0.001275 1.684141 0.006529
v -0.000660 1.684141 0.002380
v -0.001357 1.684141 -0.001755
v -0.003298 1.684141 -0.005473
v -0.006292 1.684141 -0.008409
v -0.010047 1.684141 -0.010276
v -0.014196 1.684141 -0.010891
v -0.016224 1.685730 -0.003920
v -0.018106 1.685730 -0.002937
v -0.019592 1.685730 -0.001421
v -0.020537 1.685730 0.000480
v -0.020849 1.685730 0.002580
v -0.020496 1.685730 0.004673
v -0.019513 1.685730 0.006555
v -0.017997 1.685730 0.008041
v -0.016096 1.685730 0.008987
v -0.013996 1.685730 0.009298
v -0.011903 1.685730 0.008945
v -0.010021 1.685730 0.007963
v -0.008535 1.685730 0.006447
v -0.007590 1.685730 0.004546
v -0.007278 1.685730 0.002446
v -0.007631 1.685730 0.000352
v -0.008613 1.685730 -0.001530
v -0.010129 1.685730 -0.003016
v -0.012030 1.685730 -0.003961
v -0.014130 1.685730 -0.004273
v -0.014063 1.599512 0.002513
v -0.014063 1.686264 0.002513
v -0.010712 1.117685 -0.019551
v -0.010679 1.124142 -0.016261
v -0.010629 1.129267 -0.011137
v -0.010565 1.132557 -0.004680
v -0.010494 1.133690 0.002477
v -0.010424 1.132557 0.009635
v -0.010360 1.129267 0.016092
v -0.010309 1.124142 0.021216
v -0.010277 1.117685 0.024506
v -0.010266 1.110527 0.025639
v -0.010277 1.103369 0.024506
v -0.010309 1.096912 0.021216
v -0.010360 1.091788 0.016092
v -0.010424 1.088498 0.009635
v -0.010494 1.087364 0.002477
v -0.010565 1.088498 -0.004680
v -0.010629 1.091788 -0.011137
v -0.010679 1.096912 -0.016261
v -0.010712 1.103369 -0.019551
v -0.010723 1.110527 -0.020684
v 0.111736 1.117685 -0.020760
v 0.111769 1.124142 -0.017470
v 0.111819 1.129267 -0.012346
v 0.111883 1.132557 -0.005889
v 0.111954 1.133690 0.001268
v 0.112025 1.132557 0.008426
v 0.112088 1.129267 0.014883
v 0.112139 1.124142 0.020007
v 0.112171 1.117685 0.023297
v 0.112183 1.110527 0.024430
v 0.112171 1.103369 0.023297
v 0.112139 1.096912 0.020007
v 0.112088 1.091788 0.014883
v 0.112025 1.088498 0.008426
v 0.111954 1.087364 0.001268
v 0.111883 1.088498 -0.005889
v 0.111819 1.091788 -0.012346
v 0.111769 1.096912 -0.017470
v 0.111736 1.103369 -0.020760
v 0.111725 1.110527 -0.021894
v -0.010494 1.110527 0.002477
v 0.111954 1.110527 0.001268
v 0.117459 0.742383 -0.026070
v 0.109503 0.742383 -0.021916
v 0.103220 0.742383 -0.015508
v 0.099224 0.742383 -0.007471
v 0.097908 0.742383 0.001407
v 0.099399 0.742383 0.010257
v 0.103553 0.742383 0.018214
v 0.109961 0.742383 0.024497
v 0.117998 0.742383 0.028493
v 0.126876 0.742383 0.029809
v 0.135727 0.742383 0.028318
v 0.143683 0.742383 0.024164
v 0.149966 0.742383 0.017755
v 0.153962 0.742383 0.009719
v 0.155278 0.742383 0.000841
v 0.153787 0.742383 -0.008010
v 0.149633 0.742383 -0.015966
v 0.143224 0.742383 -0.022249
v 0.135188 0.742383 -0.026245
v 0.126310 0.742383 -0.027561
v 0.117459 1.624518 -0.026070
v 0.109503 1.624518 -0.021916
v 0.103220 1.624518 -0.015508
v 0.099224 1.624518 -0.007471
v 0.097908 1.624518 0.001407
v 0.099399 1.624518 0.010257
v 0.103553 1.624518 0.018214
v 0.109961 1.624518 0.024497
v 0.117998 1.624518 0.028493
v 0.126876 1.624518 0.029809
v 0.135727 1.624518 0.028318
v 0.143683 1.624518 0.024164
v 0.149966 1.624518 0.017755
v 0.153962 1.624518 0.009719
v 0.155278 1.624518 0.000841
v 0.153787 1.624518 -0.008010
v 0.149633 1.624518 -0.015966
v 0.143224 1.624518 -0.022249
v 0.135188 1.624518 -0.026245
v 0.126310 1.624518 -0.027561
v 0.126593 0.742383 0.001124
v 0.099488 1.624518 -0.002669
v 0.119047 1.652793 -0.026085
v 0.111363 1.654863 -0.021935
v 0.105296 1.656505 -0.015528
v 0.101439 1.657560 -0.007493
v 0.100171 1.657924 0.001385
v 0.101614 1.657560 0.010236
v 0.105629 1.656505 0.018193
v 0.111821 1.654863 0.024479
v 0.119586 1.652793 0.028477
v 0.128161 1.650499 0.029796
v 0.136710 1.648204 0.028308
v 0.144394 1.646135 0.024157
v 0.150461 1.644493 0.017751
v 0.154317 1.643438 0.009715
v 0.155586 1.643074 0.000838
v 0.154142 1.643438 -0.008013
v 0.150128 1.644493 -0.015971
v 0.143935 1.646135 -0.022256
v 0.136171 1.648204 -0.026254
v 0.127595 1.650499 -0.027574
v 0.129595 1.716295 -0.026189
v 0.122709 1.720294 -0.022046
v 0.117276 1.723467 -0.015646
v 0.113827 1.725505 -0.007616
v 0.112698 1.726207 0.001261
v 0.114002 1.725505 0.010114
v 0.117609 1.723467 0.018075
v 0.123167 1.720294 0.024366
v 0.130133 1.716295 0.028373
v 0.137824 1.711863 0.029701
v 0.145487 1.707430 0.028221
v 0.152371 1.703433 0.024079
v 0.157803 1.700260 0.017677
v 0.161253 1.698222 0.009646
v 0.162382 1.697520 0.000771
v 0.161079 1.698222 -0.008081
v 0.157472 1.700259 -0.016043
v 0.151912 1.703433 -0.022336
v 0.144946 1.707431 -0.026341
v 0.137258 1.711863 -0.027669
v 0.157450 1.771651 -0.026464
v 0.151833 1.777309 -0.022334
v 0.147408 1.781796 -0.015945
v 0.144609 1.784675 -0.007922
v 0.143702 1.785670 0.000956
v 0.144781 1.784677 0.009811
v 0.147740 1.781798 0.017778
v 0.152291 1.777309 0.024079
v 0.157987 1.771653 0.028098
v 0.164268 1.765385 0.029440
v 0.170522 1.759117 0.027975
v 0.176135 1.753464 0.023845
v 0.180561 1.748975 0.017452
v 0.183363 1.746094 0.009428
v 0.184267 1.745103 0.000555
v 0.183188 1.746095 -0.008299
v 0.180228 1.748976 -0.016267
v 0.175674 1.753466 -0.022571
v 0.169981 1.759119 -0.026589
v 0.163703 1.765384 -0.027930
v 0.188135 1.800857 -0.026767
v 0.184175 1.807786 -0.022653
v 0.181065 1.813282 -0.016278
v 0.179109 1.816806 -0.008264
v 0.178494 1.818025 0.000615
v 0.179283 1.816809 0.009471
v 0.181397 1.813284 0.017445
v 0.184634 1.807786 0.023760
v 0.188672 1.800860 0.027795
v 0.193120 1.793181 0.029155
v 0.197537 1.785504 0.027709
v 0.201492 1.778585 0.023596
v 0.204605 1.773084 0.017214
v 0.206564 1.769555 0.009199
v 0.207177 1.768342 0.000331
v 0.206388 1.769557 -0.008527
v 0.204272 1.773086 -0.016504
v 0.201032 1.778588 -0.022822
v 0.196995 1.785510 -0.026857
v 0.192554 1.793180 -0.028215
v 0.242857 1.837829 -0.027308
v 0.240826 1.845558 -0.023212
v 0.239247 1.851686 -0.016852
v 0.238272 1.855619 -0.008849
v 0.237996 1.856977 0.000031
v 0.238447 1.855621 0.008889
v 0.239579 1.851692 0.016870
v 0.241285 1.845559 0.023200
v 0.243394 1.837834 0.027255
v 0.245704 1.829268 0.028635
v 0.247984 1.820704 0.027211
v 0.250011 1.812990 0.023118
v 0.251593 1.806854 0.016750
v 0.252568 1.802917 0.008744
v 0.252844 1.801564 -0.000118
v 0.252393 1.802920 -0.008980
v 0.251259 1.806858 -0.016969
v 0.249551 1.812995 -0.023303
v 0.247443 1.820713 -0.027356
v 0.245138 1.829265 -0.028734
v 0.303222 1.849274 -0.027904
v 0.303262 1.857276 -0.023828
v 0.303324 1.863620 -0.017485
v 0.303404 1.867689 -0.009494
v 0.303492 1.869096 -0.000614
v 0.303579 1.867693 0.008247
v 0.303658 1.863625 0.016237
v 0.303721 1.857276 0.022584
v 0.303761 1.849280 0.026659
v 0.303775 1.840411 0.028061
v 0.303761 1.831543 0.026660
v 0.303721 1.823561 0.022589
v 0.303658 1.817207 0.016237
v 0.303579 1.813129 0.008240
v 0.303492 1.811730 -0.000617
v 0.303404 1.813134 -0.009482
v 0.303325 1.817211 -0.017482
v 0.303263 1.823565 -0.023834
v 0.303222 1.831555 -0.027907
v 0.303208 1.840408 -0.029308
v 0.376860 1.849272 -0.028632
v 0.376900 1.857276 -0.024555
v 0.376963 1.863620 -0.018213
v 0.377042 1.867688 -0.010223
v 0.377130 1.869094 -0.001340
v 0.377217 1.867692 0.007520
v 0.377296 1.863623 0.015510
v 0.377359 1.857274 0.021857
v 0.377399 1.849278 0.025932
v 0.377413 1.840409 0.027333
v 0.377399 1.831539 0.025933
v 0.377359 1.823560 0.021864
v 0.377296 1.817206 0.015510
v 0.377217 1.813128 0.007513
v 0.377130 1.811728 -0.001343
v 0.377043 1.813133 -0.010209
v 0.376963 1.817210 -0.018210
v 0.376901 1.823564 -0.024561
v 0.376860 1.831555 -0.028635
v 0.376846 1.840407 -0.030035
v 0.434536 1.846912 -0.029201
v 0.436648 1.854642 -0.025144
v 0.438352 1.860770 -0.018819
v 0.439484 1.864699 -0.010841
v 0.439936 1.866057 -0.001958
v 0.439660 1.864703 0.006905
v 0.438686 1.860775 0.014903
v 0.437105 1.854640 0.021267
v 0.435076 1.846918 0.025363
v 0.432795 1.838350 0.026785
v 0.430485 1.829782 0.025409
v 0.428380 1.822076 0.021361
v 0.426673 1.815938 0.015023
v 0.425539 1.811999 0.007036
v 0.425089 1.810647 -0.001816
v 0.425365 1.812004 -0.010686
v 0.426341 1.815942 -0.018697
v 0.427923 1.822080 -0.025065
v 0.429951 1.829799 -0.029159
v 0.432228 1.838348 -0.030582
v 0.493131 1.816684 -0.029780
v 0.497173 1.823614 -0.025742
v 0.500408 1.829110 -0.019432
v 0.502520 1.832632 -0.011464
v 0.503311 1.833848 -0.002582
v 0.502697 1.832634 0.006283
v 0.500743 1.829114 0.014291
v 0.497630 1.823612 0.020670
v 0.493673 1.816691 0.024784
v 0.489252 1.809007 0.026227
v 0.484802 1.801324 0.024873
v 0.480776 1.794419 0.020844
v 0.477536 1.788915 0.014521
v 0.475417 1.785382 0.006543
v 0.474630 1.784171 -0.002305
v 0.475245 1.785387 -0.011178
v 0.477205 1.788918 -0.019199
v 0.480319 1.794421 -0.025582
v 0.484273 1.801341 -0.029696
v 0.488685 1.809006 -0.031139
v 0.524857 1.783431 -0.030093
v 0.530556 1.789090 -0.026071
v 0.535105 1.793577 -0.019774
v 0.538058 1.796451 -0.011816
v 0.539140 1.797445 -0.002934
v 0.538237 1.796454 0.005933
v 0.535441 1.793580 0.013948
v 0.531011 1.789086 0.020340
v 0.525402 1.783438 0.024471
v 0.519143 1.777163 0.025931
v 0.512853 1.770888 0.024595
v 0.507178 1.765252 0.020584
v 0.502621 1.760757 0.014273
v 0.499657 1.757873 0.006303
v 0.498581 1.756884 -0.002541
v 0.499487 1.757877 -0.011417
v 0.502291 1.760761 -0.019447
v 0.506722 1.765254 -0.025843
v 0.512330 1.770904 -0.029973
v 0.518574 1.777161 -0.031434
v 0.550347 1.739719 -0.030345
v 0.557320 1.743721 -0.026334
v 0.562876 1.746893 -0.020049
v 0.566472 1.748925 -0.012098
v 0.567778 1.749627 -0.003215
v 0.566652 1.748927 0.005654
v 0.563211 1.746895 0.013673
v 0.557770 1.743717 0.020076
v 0.550894 1.739724 0.024219
v 0.543225 1.735288 0.025692
v 0.535524 1.730849 0.024371
v 0.528584 1.726865 0.020373
v 0.523016 1.723687 0.014071
v 0.519404 1.721646 0.006107
v 0.518105 1.720947 -0.002733
v 0.519235 1.721650 -0.011612
v 0.522687 1.723689 -0.019649
v 0.528128 1.726867 -0.026054
v 0.535005 1.730861 -0.030197
v 0.542654 1.735285 -0.031672
v 0.563481 1.669196 -0.030474
v 0.571253 1.671268 -0.026472
v 0.577442 1.672909 -0.020193
v 0.581445 1.673961 -0.012246
v 0.582891 1.674325 -0.003364
v 0.581624 1.673962 0.005507
v 0.577779 1.672910 0.013530
v 0.571701 1.671265 0.019939
v 0.564029 1.669199 0.024090
v 0.555475 1.666902 0.025571
v 0.546883 1.664604 0.024259
v 0.539148 1.662542 0.020269
v 0.532945 1.660896 0.013972
v 0.528924 1.659841 0.006013
v 0.527487 1.659478 -0.002825
v 0.528759 1.659843 -0.011707
v 0.532617 1.660898 -0.019747
v 0.538693 1.662542 -0.026158
v 0.546369 1.664610 -0.030309
v 0.554902 1.666901 -0.031792
v 0.563481 1.669196 -0.030474
v 0.571253 1.671268 -0.026472
v 0.577442 1.672909 -0.020193
v 0.581445 1.673961 -0.012246
v 0.582891 1.674325 -0.003364
v 0.581624 1.673962 0.005507
v 0.577779 1.672910 0.013530
v 0.571701 1.671265 0.019939
v 0.564029 1.669199 0.024090
v 0.555475 1.666902 0.025571
v 0.546883 1.664604 0.024259
v 0.539148 1.662542 0.020269
v 0.532945 1.660896 0.013972
v 0.528924 1.659841 0.006013
v 0.527487 1.659478 -0.002825
v 0.528759 1.659843 -0.011707
v 0.532617 1.660898 -0.019747
v 0.538693 1.662542 -0.026158
v 0.546369 1.664610 -0.030309
v 0.554902 1.666901 -0.031792
v 0.565193 1.641219 -0.030070
v 0.573125 1.641219 -0.026152
v 0.559255 1.640519 -0.003147
v 0.579455 1.641220 -0.019977
v 0.583551 1.641220 -0.012147
v 0.585028 1.641220 -0.003387
v 0.583726 1.641220 0.005366
v 0.579785 1.641219 0.013275
v 0.573568 1.641219 0.019581
v 0.565734 1.641219 0.023652
v 0.557015 1.641217 0.025087
v 0.548272 1.641217 0.023777
v 0.540412 1.641217 0.019843
v 0.534119 1.641216 0.013651
v 0.530046 1.641216 0.005836
v 0.528592 1.641215 -0.002836
v 0.529883 1.641215 -0.011554
v 0.533797 1.641216 -0.019450
v 0.539965 1.641216 -0.025757
v 0.547767 1.641217 -0.029855
v 0.556451 1.641218 -0.031340
v -0.010712 0.990002 -0.019551
v -0.010679 0.996460 -0.016261
v -0.010629 1.001584 -0.011137
v -0.010565 1.004874 -0.004680
v -0.010494 1.006008 0.002477
v -0.010424 1.004874 0.009635
v -0.010360 1.001584 0.016092
v -0.010309 0.996460 0.021216
v -0.010277 0.990002 0.024506
v -0.010266 0.982845 0.025639
v -0.010277 0.975687 0.024506
v -0.010309 0.969230 0.021216
v -0.010360 0.964105 0.016092
v -0.010424 0.960815 0.009635
v -0.010494 0.959682 0.002477
v -0.010565 0.960815 -0.004680
v -0.010629 0.964105 -0.011137
v -0.010679 0.969230 -0.016261
v -0.010712 0.975687 -0.019551
v -0.010723 0.982845 -0.020684
v 0.111736 0.990002 -0.020760
v 0.111769 0.996460 -0.017470
v 0.111819 1.001584 -0.012346
v 0.111883 1.004874 -0.005889
v 0.111954 1.006008 0.001268
v 0.112025 1.004874 0.008426
v 0.112088 1.001584 0.014883
v 0.112139 0.996460 0.020007
v 0.112171 0.990002 0.023297
v 0.112183 0.982845 0.024430
v 0.112171 0.975687 0.023297
v 0.112139 0.969230 0.020007
v 0.112088 0.964105 0.014883
v 0.112025 0.960815 0.008426
v 0.111954 0.959682 0.001268
v 0.111883 0.960815 -0.005889
v 0.111819 0.964105 -0.012346
v 0.111769 0.969230 -0.017470
v 0.111736 0.975687 -0.020760
v 0.111725 0.982845 -0.021894
v -0.010494 0.982845 0.002477
v 0.111954 0.982845 0.001268
v 0.557522 1.062272 -0.009475
v 0.556210 1.062272 -0.008790
v 0.555175 1.062272 -0.007734
v 0.554516 1.062272 -0.006409
v 0.554299 1.062272 -0.004946
v 0.554545 1.062272 -0.003488
v 0.555230 1.062272 -0.002177
v 0.556286 1.062272 -0.001141
v 0.557610 1.062272 -0.000483
v 0.559074 1.062272 -0.000266
v 0.560532 1.062272 -0.000511
v 0.561843 1.062272 -0.001196
v 0.562879 1.062272 -0.002252
v 0.563537 1.062272 -0.003577
v 0.563754 1.062272 -0.005040
v 0.563509 1.062272 -0.006498
v 0.562824 1.062272 -0.007809
v 0.561768 1.062272 -0.008845
v 0.560443 1.062272 -0.009503
v 0.558980 1.062272 -0.009720
v 0.556053 1.063379 -0.013846
v 0.553463 1.063379 -0.012494
v 0.551418 1.063379 -0.010407
v 0.550117 1.063379 -0.007791
v 0.549689 1.063379 -0.004901
v 0.550174 1.063379 -0.002020
v 0.551526 1.063379 0.000571
v 0.553613 1.063379 0.002616
v 0.556229 1.063379 0.003917
v 0.559119 1.063379 0.004345
v 0.562000 1.063379 0.003860
v 0.564590 1.063379 0.002508
v 0.566636 1.063379 0.000421
v 0.567937 1.063379 -0.002195
v 0.568365 1.063379 -0.005085
v 0.567880 1.063379 -0.007966
v 0.566528 1.063379 -0.010557
v 0.564441 1.063379 -0.012602
v 0.561825 1.063379 -0.013903
v 0.558935 1.063379 -0.014331
v 0.554659 1.065194 -0.017999
v 0.550853 1.065194 -0.016013
v 0.547848 1.065194 -0.012948
v 0.545937 1.065194 -0.009104
v 0.545307 1.065194 -0.004858
v 0.546021 1.065194 -0.000625
v 0.548007 1.065194 0.003181
v 0.551072 1.065194 0.006186
v 0.554916 1.065194 0.008097
v 0.559162 1.065194 0.008726
v 0.563395 1.065194 0.008013
v 0.567201 1.065194 0.006027
v 0.570206 1.065194 0.002961
v 0.572117 1.065194 -0.000882
v 0.572746 1.065194 -0.005128
v 0.572033 1.065194 -0.009361
v 0.570047 1.065194 -0.013167
v 0.566981 1.065194 -0.016172
v 0.563138 1.065194 -0.018083
v 0.558891 1.065194 -0.018712
v 0.553371 1.067672 -0.021832
v 0.548444 1.067672 -0.019260
v 0.544553 1.067672 -0.015292
v 0.542079 1.067672 -0.010315
v 0.541264 1.067672 -0.004818
v 0.542188 1.067672 0.000663
v 0.544760 1.067672 0.005590
v 0.548728 1.067672 0.009480
v 0.553705 1.067672 0.011955
v 0.559202 1.067672 0.012770
v 0.564683 1.067672 0.011846
v 0.569609 1.067672 0.009274
v 0.573500 1.067672 0.005306
v 0.575974 1.067672 0.000329
v 0.576790 1.067672 -0.005168
v 0.575866 1.067672 -0.010649
v 0.573294 1.067672 -0.015576
v 0.569326 1.067672 -0.019466
v 0.564349 1.067672 -0.021941
v 0.558852 1.067672 -0.022756
v 0.552223 1.070752 -0.025251
v 0.546296 1.070752 -0.022157
v 0.541615 1.070752 -0.017382
v 0.538639 1.070752 -0.011396
v 0.537658 1.070752 -0.004782
v 0.538769 1.070752 0.001811
v 0.541863 1.070752 0.007738
v 0.546637 1.070752 0.012419
v 0.552624 1.070752 0.015395
v 0.559238 1.070752 0.016376
v 0.565831 1.070752 0.015265
v 0.571758 1.070752 0.012171
v 0.576438 1.070752 0.007396
v 0.579415 1.070752 0.001410
v 0.580396 1.070752 -0.005204
v 0.579284 1.070752 -0.011797
v 0.576190 1.070752 -0.017724
v 0.571416 1.070752 -0.022405
v 0.565430 1.070752 -0.025381
v 0.558816 1.070752 -0.026362
v 0.551242 1.074358 -0.028170
v 0.544461 1.074358 -0.024630
v 0.539106 1.074358 -0.019168
v 0.535701 1.074358 -0.012318
v 0.534579 1.074358 -0.004752
v 0.535850 1.074358 0.002791
v 0.539390 1.074358 0.009573
v 0.544852 1.074358 0.014928
v 0.551702 1.074358 0.018333
v 0.559268 1.074358 0.019455
v 0.566811 1.074358 0.018184
v 0.573593 1.074358 0.014644
v 0.578948 1.074358 0.009182
v 0.582353 1.074358 0.002332
v 0.583475 1.074358 -0.005234
v 0.582204 1.074358 -0.012778
v 0.578664 1.074358 -0.019559
v 0.573202 1.074358 -0.024914
v 0.566352 1.074358 -0.028319
v 0.558786 1.074358 -0.029441
v 0.550454 1.078401 -0.030519
v 0.542985 1.078401 -0.026620
v 0.537087 1.078401 -0.020605
v 0.533337 1.078401 -0.013061
v 0.532101 1.078401 -0.004727
v 0.533501 1.078401 0.003580
v 0.537400 1.078401 0.011049
v 0.543415 1.078401 0.016947
v 0.550959 1.078401 0.020697
v 0.559293 1.078401 0.021933
v 0.567600 1.078401 0.020533
v 0.575069 1.078401 0.016634
v 0.580967 1.078401 0.010619
v 0.584717 1.078401 0.003075
v 0.585953 1.078401 -0.005259
v 0.584553 1.078401 -0.013566
v 0.580654 1.078401 -0.021035
v 0.574638 1.078401 -0.026933
v 0.567095 1.078401 -0.030683
v 0.558761 1.078401 -0.031919
v 0.549876 1.082782 -0.032239
v 0.541904 1.082782 -0.028078
v 0.535608 1.082782 -0.021657
v 0.531605 1.082782 -0.013604
v 0.530286 1.082782 -0.004709
v 0.531781 1.082782 0.004158
v 0.535942 1.082782 0.012130
v 0.542363 1.082782 0.018425
v 0.550415 1.082782 0.022429
v 0.559311 1.082782 0.023748
v 0.568178 1.082782 0.022253
v 0.576150 1.082782 0.018092
v 0.582445 1.082782 0.011671
v 0.586449 1.082782 0.003618
v 0.587768 1.082782 -0.005277
v 0.586273 1.082782 -0.014144
v 0.582112 1.082782 -0.022116
v 0.575691 1.082782 -0.028412
v 0.567638 1.082782 -0.032415
v 0.558743 1.082782 -0.033734
v 0.549523 1.087393 -0.033289
v 0.541245 1.087393 -0.028967
v 0.534706 1.087393 -0.022299
v 0.530549 1.087393 -0.013936
v 0.529179 1.087393 -0.004698
v 0.530731 1.087393 0.004511
v 0.535053 1.087393 0.012789
v 0.541721 1.087393 0.019327
v 0.550084 1.087393 0.023485
v 0.559322 1.087393 0.024855
v 0.568531 1.087393 0.023303
v 0.576809 1.087393 0.018981
v 0.583347 1.087393 0.012313
v 0.587505 1.087393 0.003950
v 0.588875 1.087393 -0.005288
v 0.587323 1.087393 -0.014497
v 0.583001 1.087393 -0.022775
v 0.576333 1.087393 -0.029314
v 0.567970 1.087393 -0.033471
v 0.558732 1.087393 -0.034841
v 0.549405 1.092121 -0.033641
v 0.541023 1.092121 -0.029266
v 0.534403 1.092121 -0.022514
v 0.530194 1.092121 -0.014048
v 0.528807 1.092121 -0.004695
v 0.530378 1.092121 0.004629
v 0.534754 1.092121 0.013011
v 0.541506 1.092121 0.019631
v 0.549972 1.092121 0.023840
v 0.559325 1.092121 0.025227
v 0.568649 1.092121 0.023655
v 0.577031 1.092121 0.019280
v 0.583651 1.092121 0.012528
v 0.587860 1.092121 0.004062
v 0.589247 1.092121 -0.005291
v 0.587675 1.092121 -0.014615
v 0.583300 1.092121 -0.022997
v 0.576548 1.092121 -0.029617
v 0.568082 1.092121 -0.033826
v 0.558729 1.092121 -0.035213
v 0.549523 1.096849 -0.033289
v 0.541245 1.096849 -0.028967
v 0.534706 1.096849 -0.022299
v 0.530549 1.096849 -0.013936
v 0.529179 1.096849 -0.004698
v 0.530731 1.096849 0.004511
v 0.535053 1.096849 0.012789
v 0.541721 1.096849 0.019327
v 0.550084 1.096849 0.023485
v 0.559322 1.096849 0.024855
v 0.568531 1.096849 0.023303
v 0.576809 1.096849 0.018981
v 0.583347 1.096849 0.012313
v 0.587505 1.096849 0.003950
v 0.588875 1.096849 -0.005288
v 0.587323 1.096849 -0.014497
v 0.583001 1.096849 -0.022775
v 0.576333 1.096849 -0.029314
v 0.567970 1.096849 -0.033471
v 0.558732 1.096849 -0.034841
v 0.549876 1.101460 -0.032239
v 0.541904 1.101460 -0.028078
v 0.535608 1.101460 -0.021657
v 0.531605 1.101460 -0.013604
v 0.530286 1.101460 -0.004709
v 0.531781 1.101460 0.004158
v 0.535942 1.101460 0.012130
v 0.542363 1.101460 0.018425
v 0.550415 1.101460 0.022429
v 0.559311 1.101460 0.023748
v 0.568178 1.101460 0.022253
v 0.576150 1.101460 0.018092
v 0.582445 1.101460 0.011671
v 0.586449 1.101460 0.003618
v 0.587768 1.101460 -0.005277
v 0.586273 1.101460 -0.014144
v 0.582112 1.101460 -0.022116
v 0.575691 1.101460 -0.028412
v 0.567638 1.101460 -0.032415
v 0.558743 1.101460 -0.033734
v 0.550454 1.105841 -0.030519
v 0.542985 1.105841 -0.026620
v 0.537087 1.105841 -0.020605
v 0.533337 1.105841 -0.013061
v 0.532101 1.105841 -0.004727
v 0.533501 1.105841 0.003580
v 0.537400 1.105841 0.011049
v 0.543415 1.105841 0.016947
v 0.550959 1.105841 0.020697
v 0.559293 1.105841 0.021933
v 0.567600 1.105841 0.020533
v 0.575069 1.105841 0.016634
v 0.580967 1.105841 0.010619
v 0.584717 1.105841 0.003075
v 0.585953 1.105841 -0.005259
v 0.584553 1.105841 -0.013566
v 0.580654 1.105841 -0.021035
v 0.574638 1.105841 -0.026933
v 0.567095 1.105841 -0.030683
v 0.558761 1.105841 -0.031919
v 0.551242 1.109885 -0.028170
v 0.544461 1.109885 -0.024630
v 0.539106 1.109885 -0.019168
v 0.535701 1.109885 -0.012318
v 0.534579 1.109885 -0.004752
v 0.535850 1.109885 0.002791
v 0.539390 1.109885 0.009573
v 0.544852 1.109885 0.014928
v 0.551702 1.109885 0.018333
v 0.559268 1.109885 0.019455
v 0.566811 1.109885 0.018184
v 0.573593 1.109885 0.014644
v 0.578948 1.109885 0.009182
v 0.582353 1.109885 0.002332
v 0.583475 1.109885 -0.005234
v 0.582204 1.109885 -0.012778
v 0.578664 1.109885 -0.019559
v 0.573202 1.109885 -0.024914
v 0.566352 1.109885 -0.028319
v 0.558786 1.109885 -0.029441
v 0.552223 1.113491 -0.025251
v 0.546296 1.113491 -0.022157
v 0.541615 1.113491 -0.017382
v 0.538639 1.113491 -0.011396
v 0.537658 1.113491 -0.004782
v 0.538769 1.113491 0.001811
v 0.541863 1.113491 0.007738
v 0.546637 1.113491 0.012419
v 0.552624 1.113491 0.015395
v 0.559238 1.113491 0.016376
v 0.565831 1.113491 0.015265
v 0.571758 1.113491 0.012171
v 0.576438 1.113491 0.007396
v 0.579415 1.113491 0.001410
v 0.580396 1.113491 -0.005204
v 0.579284 1.113491 -0.011797
v 0.576190 1.113491 -0.017724
v 0.571416 1.113491 -0.022405
v 0.565430 1.113491 -0.025381
v 0.558816 1.113491 -0.026362
v 0.553371 1.116571 -0.021832
v 0.548444 1.116571 -0.019260
v 0.544553 1.116571 -0.015292
v 0.542079 1.116571 -0.010315
v 0.541264 1.116571 -0.004818
v 0.542188 1.116571 0.000663
v 0.544760 1.116571 0.005590
v 0.548728 1.116571 0.009480
v 0.553705 1.116571 0.011955
v 0.559202 1.116571 0.012770
v 0.564683 1.116571 0.011846
v 0.569609 1.116571 0.009274
v 0.573500 1.116571 0.005306
v 0.575974 1.116571 0.000329
v 0.576790 1.116571 -0.005168
v 0.575866 1.116571 -0.010649
v 0.573294 1.116571 -0.015576
v 0.569326 1.116571 -0.019466
v 0.564349 1.116571 -0.021941
v 0.558852 1.116571 -0.022756
v 0.554659 1.119049 -0.017999
v 0.550853 1.119049 -0.016013
v 0.547848 1.119049 -0.012948
v 0.545937 1.119049 -0.009104
v 0.545307 1.119049 -0.004858
v 0.546021 1.119049 -0.000625
v 0.548007 1.119049 0.003181
v 0.551072 1.119049 0.006186
v 0.554916 1.119049 0.008097
v 0.559162 1.119049 0.008726
v 0.563395 1.119049 0.008013
v 0.567201 1.119049 0.006027
v 0.570206 1.119049 0.002961
v 0.572117 1.119049 -0.000882
v 0.572746 1.119049 -0.005128
v 0.572033 1.119049 -0.009361
v 0.570047 1.119049 -0.013167
v 0.566981 1.119049 -0.016172
v 0.563138 1.119049 -0.018083
v 0.558891 1.119049 -0.018712
v 0.556053 1.120863 -0.013846
v 0.553463 1.120863 -0.012494
v 0.551418 1.120863 -0.010407
v 0.550117 1.120863 -0.007791
v 0.549689 1.120863 -0.004901
v 0.550174 1.120863 -0.002020
v 0.551526 1.120863 0.000571
v 0.553613 1.120863 0.002616
v 0.556229 1.120863 0.003917
v 0.559119 1.120863 0.004345
v 0.562000 1.120863 0.003860
v 0.564590 1.120863 0.002508
v 0.566636 1.120863 0.000421
v 0.567937 1.120863 -0.002195
v 0.568365 1.120863 -0.005085
v 0.567880 1.120863 -0.007966
v 0.566528 1.120863 -0.010557
v 0.564441 1.120863 -0.012602
v 0.561825 1.120863 -0.013903
v 0.558935 1.120863 -0.014331
v 0.557522 1.121970 -0.009475
v 0.556210 1.121970 -0.008790
v 0.555175 1.121970 -0.007734
v 0.554516 1.121970 -0.006409
v 0.554299 1.121970 -0.004946
v 0.554545 1.121970 -0.003488
v 0.555230 1.121970 -0.002177
v 0.556286 1.121970 -0.001141
v 0.557610 1.121970 -0.000483
v 0.559074 1.121970 -0.000266
v 0.560532 1.121970 -0.000511
v 0.561843 1.121970 -0.001196
v 0.562879 1.121970 -0.002252
v 0.563537 1.121970 -0.003577
v 0.563754 1.121970 -0.005040
v 0.563509 1.121970 -0.006498
v 0.562824 1.121970 -0.007809
v 0.561768 1.121970 -0.008845
v 0.560443 1.121970 -0.009503
v 0.558980 1.121970 -0.009720
v 0.559027 1.061900 -0.004993
v 0.559027 1.122342 -0.004993
v -0.386845 -0.165424 -0.003952
v -0.390952 -0.163332 -0.003912
v -0.387009 -0.165424 -0.020645
v -0.383393 -0.167183 -0.003986
v -0.391117 -0.163332 -0.020605
v -0.383557 -0.167183 -0.020679
v -0.147441 -0.550454 -0.006316
v -0.147605 -0.550454 -0.023009
v -0.110864 -0.521867 -0.023372
v -0.110699 -0.521867 -0.006679
v -0.256149 -0.397158 -0.005242
v -0.252307 -0.401000 -0.005280
v -0.252471 -0.401000 -0.021974
v -0.256314 -0.397158 -0.021936
v -0.247465 -0.403468 -0.005328
v -0.247630 -0.403468 -0.022021
v -0.258616 -0.392316 -0.005218
v -0.258781 -0.392316 -0.021911
v -0.242098 -0.404318 -0.005381
v -0.242263 -0.404318 -0.022074
v -0.259466 -0.386949 -0.005210
v -0.259631 -0.386949 -0.021903
v -0.628340 0.033445 -0.001568
v -0.628505 0.033445 -0.018261
v -0.336553 -0.309072 -0.004449
v -0.331697 -0.313928 -0.004497
v -0.331862 -0.313928 -0.021190
v -0.336717 -0.309072 -0.021142
v -0.325579 -0.317046 -0.004557
v -0.325744 -0.317046 -0.021250
v -0.339670 -0.302954 -0.004418
v -0.339835 -0.302954 -0.021111
v -0.236731 -0.403468 -0.005434
v -0.236896 -0.403468 -0.022127
v -0.258616 -0.381581 -0.005218
v -0.258781 -0.381581 -0.021911
v -0.318797 -0.318120 -0.004624
v -0.318962 -0.318120 -0.021317
v -0.340744 -0.296171 -0.004407
v -0.340909 -0.296171 -0.021100
v -0.256149 -0.376739 -0.005242
v -0.256314 -0.376739 -0.021936
v -0.231889 -0.401000 -0.005482
v -0.232054 -0.401000 -0.022175
v -0.339670 -0.289389 -0.004418
v -0.339835 -0.289389 -0.021111
v -0.312015 -0.317046 -0.004691
v -0.312180 -0.317046 -0.021384
v -0.252307 -0.372897 -0.005280
v -0.252471 -0.372897 -0.021974
v -0.228047 -0.397158 -0.005520
v -0.228211 -0.397158 -0.022213
v -0.421269 -0.205062 -0.003612
v -0.415270 -0.211061 -0.003671
v -0.415435 -0.211061 -0.020364
v -0.421434 -0.205062 -0.020305
v -0.407711 -0.214913 -0.003746
v -0.407876 -0.214913 -0.020439
v -0.425121 -0.197502 -0.003574
v -0.425286 -0.197502 -0.020267
v -0.336553 -0.283270 -0.004449
v -0.336717 -0.283270 -0.021142
v -0.305897 -0.313928 -0.004751
v -0.306061 -0.313928 -0.021444
v -0.247465 -0.370430 -0.005328
v -0.247630 -0.370430 -0.022021
v -0.225580 -0.392316 -0.005544
v -0.225744 -0.392316 -0.022237
v -0.426448 -0.189122 -0.003561
v -0.426613 -0.189122 -0.020254
v -0.399331 -0.216240 -0.003829
v -0.399496 -0.216240 -0.020522
v -0.301041 -0.309072 -0.004799
v -0.301206 -0.309072 -0.021492
v -0.331697 -0.278415 -0.004497
v -0.331862 -0.278415 -0.021190
v -0.224730 -0.386949 -0.005553
v -0.224894 -0.386949 -0.022246
v -0.242098 -0.369579 -0.005381
v -0.242263 -0.369579 -0.022074
v -0.425121 -0.180743 -0.003574
v -0.425286 -0.180743 -0.020267
v -0.390952 -0.214913 -0.003912
v -0.391117 -0.214913 -0.020605
v -0.225580 -0.381581 -0.005544
v -0.225744 -0.381581 -0.022237
v -0.236731 -0.370430 -0.005434
v -0.236896 -0.370430 -0.022127
v -0.502638 -0.106019 -0.002809
v -0.495822 -0.112836 -0.002876
v -0.495986 -0.112836 -0.019569
v -0.502803 -0.106019 -0.019502
v -0.507015 -0.097429 -0.002766
v -0.507179 -0.097429 -0.019459
v -0.487232 -0.117213 -0.002961
v -0.487397 -0.117213 -0.019654
v -0.228047 -0.376739 -0.005520
v -0.228211 -0.376739 -0.022213
v -0.231889 -0.372897 -0.005482
v -0.232054 -0.372897 -0.022175
v -0.297924 -0.302954 -0.004830
v -0.298089 -0.302954 -0.021523
v -0.325579 -0.275297 -0.004557
v -0.325744 -0.275297 -0.021250
v -0.508523 -0.087907 -0.002751
v -0.508687 -0.087907 -0.019444
v -0.477711 -0.118721 -0.003055
v -0.477876 -0.118721 -0.019748
v -0.421269 -0.173183 -0.003612
v -0.421434 -0.173183 -0.020305
v -0.383393 -0.211061 -0.003986
v -0.383557 -0.211061 -0.020679
v -0.318797 -0.274223 -0.004624
v -0.318962 -0.274223 -0.021317
v -0.296849 -0.296171 -0.004841
v -0.297014 -0.296171 -0.021534
v -0.507015 -0.078386 -0.002766
v -0.507179 -0.078386 -0.019459
v -0.468189 -0.117213 -0.003149
v -0.468354 -0.117213 -0.019842
v -0.297924 -0.289389 -0.004830
v -0.298089 -0.289389 -0.021523
v -0.312015 -0.275297 -0.004691
v -0.312180 -0.275297 -0.021384
v -0.377394 -0.205062 -0.004045
v -0.377558 -0.205062 -0.020738
v -0.415270 -0.167183 -0.003671
v -0.415435 -0.167183 -0.020364
v -0.301041 -0.283270 -0.004799
v -0.301206 -0.283270 -0.021492
v -0.305897 -0.278415 -0.004751
v -0.306061 -0.278415 -0.021444
v -0.459600 -0.112836 -0.003234
v -0.459765 -0.112836 -0.019927
v -0.502638 -0.069796 -0.002809
v -0.502803 -0.069796 -0.019502
v -0.407711 -0.163332 -0.003746
v -0.407876 -0.163332 -0.020439
v -0.373542 -0.197502 -0.004083
v -0.373707 -0.197502 -0.020777
v -0.399331 -0.162004 -0.003829
v -0.399496 -0.162004 -0.020522
v -0.372215 -0.189122 -0.004097
v -0.372380 -0.189122 -0.020790
v -0.452784 -0.106019 -0.003301
v -0.452948 -0.106019 -0.019994
v -0.495822 -0.062979 -0.002876
v -0.495986 -0.062979 -0.019569
v -0.373542 -0.180743 -0.004083
v -0.377394 -0.173183 -0.004045
v -0.377558 -0.173183 -0.020738
v -0.373707 -0.180743 -0.020777
v -0.487232 -0.058602 -0.002961
v -0.487397 -0.058602 -0.019654
v -0.448407 -0.097429 -0.003344
v -0.448572 -0.097429 -0.020037
v -0.558576 0.087854 -0.018951
v -0.558411 0.087854 -0.002258
v -0.477711 -0.057094 -0.003055
v -0.477876 -0.057094 -0.019748
v -0.446899 -0.087907 -0.003359
v -0.447064 -0.087907 -0.020052
v -0.468189 -0.058602 -0.003149
v -0.468354 -0.058602 -0.019842
v -0.448407 -0.078386 -0.003344
v -0.448572 -0.078386 -0.020037
v -0.452784 -0.069796 -0.003301
v -0.452948 -0.069796 -0.019994
v -0.459600 -0.062979 -0.003234
v -0.459765 -0.062979 -0.019927
v -0.373173 -0.183071 -0.004087
v -0.373338 -0.183071 -0.020780
v -0.386505 -0.165424 0.030425
v -0.390612 -0.163332 0.030465
v -0.386670 -0.165424 0.013732
v -0.383053 -0.167183 0.030391
v -0.390777 -0.163332 0.013772
v -0.383218 -0.167183 0.013698
v -0.147101 -0.550454 0.028061
v -0.147266 -0.550454 0.011368
v -0.110525 -0.521867 0.011005
v -0.110360 -0.521867 0.027698
v -0.255810 -0.397158 0.029134
v -0.251967 -0.401000 0.029097
v -0.252132 -0.401000 0.012403
v -0.255974 -0.397158 0.012441
v -0.247125 -0.403468 0.029049
v -0.247290 -0.403468 0.012356
v -0.258277 -0.392316 0.029159
v -0.258441 -0.392316 0.012466
v -0.241758 -0.404318 0.028996
v -0.241923 -0.404318 0.012303
v -0.259127 -0.386949 0.029167
v -0.259291 -0.386949 0.012474
v -0.628001 0.033445 0.032809
v -0.628166 0.033445 0.016116
v -0.336213 -0.309072 0.029928
v -0.331358 -0.313928 0.029880
v -0.331523 -0.313928 0.013187
v -0.336378 -0.309072 0.013235
v -0.325240 -0.317046 0.029820
v -0.325404 -0.317046 0.013127
v -0.339331 -0.302954 0.029959
v -0.339495 -0.302954 0.013266
v -0.236391 -0.403468 0.028943
v -0.236556 -0.403468 0.012250
v -0.258277 -0.381581 0.029159
v -0.258441 -0.381581 0.012466
v -0.318457 -0.318120 0.029753
v -0.318622 -0.318120 0.013060
v -0.340405 -0.296171 0.029970
v -0.340570 -0.296171 0.013277
v -0.255810 -0.376739 0.029134
v -0.255974 -0.376739 0.012441
v -0.231550 -0.401000 0.028895
v -0.231714 -0.401000 0.012202
v -0.339331 -0.289389 0.029959
v -0.339495 -0.289389 0.013266
v -0.311675 -0.317046 0.029686
v -0.311840 -0.317046 0.012993
v -0.251967 -0.372897 0.029097
v -0.252132 -0.372897 0.012403
v -0.227707 -0.397158 0.028857
v -0.227872 -0.397158 0.012164
v -0.420930 -0.205062 0.030765
v -0.414931 -0.211061 0.030706
v -0.415096 -0.211061 0.014012
v -0.421095 -0.205062 0.014072
v -0.407371 -0.214913 0.030631
v -0.407536 -0.214913 0.013938
v -0.424782 -0.197502 0.030803
v -0.424946 -0.197502 0.014110
v -0.336213 -0.283270 0.029928
v -0.336378 -0.283270 0.013235
v -0.305557 -0.313928 0.029626
v -0.305722 -0.313928 0.012933
v -0.247125 -0.370430 0.029049
v -0.247290 -0.370430 0.012356
v -0.225240 -0.392316 0.028833
v -0.225405 -0.392316 0.012140
v -0.426109 -0.189122 0.030816
v -0.426274 -0.189122 0.014123
v -0.398992 -0.216240 0.030548
v -0.399157 -0.216240 0.013855
v -0.300702 -0.309072 0.029578
v -0.300866 -0.309072 0.012885
v -0.331358 -0.278415 0.029880
v -0.331523 -0.278415 0.013187
v -0.224390 -0.386949 0.028824
v -0.224555 -0.386949 0.012131
v -0.241758 -0.369579 0.028996
v -0.241923 -0.369579 0.012303
v -0.424782 -0.180743 0.030803
v -0.424946 -0.180743 0.014110
v -0.390612 -0.214913 0.030465
v -0.390777 -0.214913 0.013772
v -0.225240 -0.381581 0.028833
v -0.225405 -0.381581 0.012140
v -0.236391 -0.370430 0.028943
v -0.236556 -0.370430 0.012250
v -0.502299 -0.106019 0.031568
v -0.495482 -0.112836 0.031501
v -0.495647 -0.112836 0.014808
v -0.502463 -0.106019 0.014875
v -0.506675 -0.097429 0.031611
v -0.506840 -0.097429 0.014918
v -0.486893 -0.117213 0.031416
v -0.487058 -0.117213 0.014723
v -0.227707 -0.376739 0.028857
v -0.227872 -0.376739 0.012164
v -0.231550 -0.372897 0.028895
v -0.231714 -0.372897 0.012202
v -0.297584 -0.302954 0.029547
v -0.297749 -0.302954 0.012854
v -0.325240 -0.275297 0.029820
v -0.325404 -0.275297 0.013127
v -0.508183 -0.087907 0.031626
v -0.508348 -0.087907 0.014933
v -0.477371 -0.118721 0.031322
v -0.477536 -0.118721 0.014629
v -0.420930 -0.173183 0.030765
v -0.421095 -0.173183 0.014072
v -0.383053 -0.211061 0.030391
v -0.383218 -0.211061 0.013698
v -0.318457 -0.274223 0.029753
v -0.318622 -0.274223 0.013060
v -0.296510 -0.296171 0.029536
v -0.296675 -0.296171 0.012843
v -0.506675 -0.078386 0.031611
v -0.506840 -0.078386 0.014918
v -0.467850 -0.117213 0.031228
v -0.468015 -0.117213 0.014535
v -0.297584 -0.289389 0.029547
v -0.297749 -0.289389 0.012854
v -0.311675 -0.275297 0.029686
v -0.311840 -0.275297 0.012993
v -0.377054 -0.205062 0.030332
v -0.377219 -0.205062 0.013638
v -0.414931 -0.167183 0.030706
v -0.415096 -0.167183 0.014012
v -0.300702 -0.283270 0.029578
v -0.300866 -0.283270 0.012885
v -0.305557 -0.278415 0.029626
v -0.305722 -0.278415 0.012933
v -0.459261 -0.112836 0.031143
v -0.459425 -0.112836 0.014450
v -0.502299 -0.069796 0.031568
v -0.502463 -0.069796 0.014875
v -0.407371 -0.163332 0.030631
v -0.407536 -0.163332 0.013938
v -0.373203 -0.197502 0.030294
v -0.373367 -0.197502 0.013600
v -0.398992 -0.162004 0.030548
v -0.399157 -0.162004 0.013855
v -0.371875 -0.189122 0.030280
v -0.372040 -0.189122 0.013587
v -0.452444 -0.106019 0.031076
v -0.452609 -0.106019 0.014383
v -0.495482 -0.062979 0.031501
v -0.495647 -0.062979 0.014808
v -0.373203 -0.180743 0.030294
v -0.377054 -0.173183 0.030332
v -0.377219 -0.173183 0.013638
v -0.373367 -0.180743 0.013600
v -0.486893 -0.058602 0.031416
v -0.487058 -0.058602 0.014723
v -0.448068 -0.097429 0.031033
v -0.448232 -0.097429 0.014340
v -0.558236 0.087854 0.015426
v -0.558072 0.087854 0.032119
v -0.477371 -0.057094 0.031322
v -0.477536 -0.057094 0.014629
v -0.446560 -0.087907 0.031018
v -0.446724 -0.087907 0.014325
v -0.467850 -0.058602 0.031228
v -0.468015 -0.058602 0.014535
v -0.448068 -0.078386 0.031033
v -0.448232 -0.078386 0.014340
v -0.452444 -0.069796 0.031076
v -0.452609 -0.069796 0.014383
v -0.459261 -0.062979 0.031143
v -0.459425 -0.062979 0.014450
v -0.372834 -0.183071 0.030290
v -0.372998 -0.183071 0.013597
v -0.035132 -0.600721 0.032345
v -0.035717 -0.600721 -0.026897
v -0.035132 -0.429310 0.032345
v -0.035717 -0.429310 -0.026897
v -0.094374 -0.429310 0.032930
v -0.094959 -0.429310 -0.026312
v -0.094374 -0.600721 0.032930
v -0.094959 -0.600721 -0.026312
v -0.105708 -0.450087 0.033041
v -0.106293 -0.450087 -0.026201
v -0.106293 -0.579945 -0.026201
v -0.105708 -0.579945 0.033041
v -0.123713 -0.463422 0.033219
v -0.124298 -0.463422 -0.026023
v -0.124298 -0.566610 -0.026023
v -0.123713 -0.566610 0.033219
v -0.147441 -0.476452 0.033454
v -0.148026 -0.476452 -0.025788
v -0.148026 -0.553579 -0.025788
v -0.147441 -0.553579 0.033454
v -0.046422 0.975760 0.033447
v -0.047026 0.975760 -0.027777
v -0.046422 1.123034 0.033447
v -0.047026 1.123034 -0.027777
v -0.227358 1.097837 0.035234
v -0.227962 1.097837 -0.025990
v -0.227358 1.000956 0.035234
v -0.227962 1.000956 -0.025990
v -0.533107 0.125911 -0.038630
v -0.533271 0.125911 -0.055323
v -0.259612 0.674554 -0.041330
v -0.259777 0.674554 -0.058023
v -0.301273 0.695324 -0.040919
v -0.301438 0.695324 -0.057612
v -0.574768 0.146681 -0.038218
v -0.574933 0.146681 -0.054912
v -0.227299 0.731150 0.072918
v -0.227464 0.731150 0.056225
v -0.145807 1.035296 0.072114
v -0.145972 1.035296 0.055421
v -0.190772 1.047345 0.072558
v -0.190937 1.047345 0.055865
v -0.272264 0.743199 0.073362
v -0.272429 0.743199 0.056669
v -0.228424 0.731150 -0.041003
v -0.228589 0.731150 -0.057696
v -0.146932 1.035296 -0.041807
v -0.147097 1.035296 -0.058500
v -0.191897 1.047345 -0.041363
v -0.192062 1.047345 -0.058056
v -0.273389 0.743199 -0.040559
v -0.273554 0.743199 -0.057252
v -0.181551 1.077448 -0.058501
v -0.190603 1.072836 -0.058411
v -0.197787 1.065652 -0.058340
v -0.202399 1.056599 -0.058295
v -0.203989 1.046564 -0.058279
v -0.202399 1.036529 -0.058295
v -0.197787 1.027477 -0.058340
v -0.190603 1.020293 -0.058411
v -0.181551 1.015680 -0.058501
v -0.171517 1.014091 -0.058600
v -0.161482 1.015680 -0.058699
v -0.152430 1.020293 -0.058788
v -0.145247 1.027477 -0.058859
v -0.140634 1.036529 -0.058905
v -0.139045 1.046564 -0.058920
v -0.140634 1.056599 -0.058905
v -0.145247 1.065652 -0.058859
v -0.152430 1.072836 -0.058788
v -0.161482 1.077448 -0.058699
v -0.171517 1.079038 -0.058600
v -0.180257 1.077448 0.072617
v -0.189309 1.072836 0.072707
v -0.196492 1.065652 0.072778
v -0.201105 1.056599 0.072823
v -0.202694 1.046564 0.072839
v -0.201105 1.036529 0.072823
v -0.196492 1.027477 0.072778
v -0.189309 1.020293 0.072707
v -0.180257 1.015680 0.072617
v -0.170222 1.014091 0.072518
v -0.160188 1.015680 0.072419
v -0.151136 1.020293 0.072330
v -0.143952 1.027477 0.072259
v -0.139340 1.036529 0.072213
v -0.137750 1.046564 0.072198
v -0.139340 1.056599 0.072213
v -0.143952 1.065652 0.072259
v -0.151136 1.072836 0.072330
v -0.160188 1.077448 0.072419
v -0.170222 1.079038 0.072518
v -0.171517 1.046564 -0.058600
v -0.170222 1.046564 0.072518
v -0.531975 0.125911 0.075927
v -0.532140 0.125911 0.059234
v -0.258481 0.674554 0.073226
v -0.258645 0.674554 0.056533
v -0.300142 0.695324 0.073638
v -0.300307 0.695324 0.056945
v -0.573637 0.146681 0.076338
v -0.573802 0.146681 0.059645
v -0.221866 1.135071 -0.013146
v -0.247500 1.122009 -0.012893
v -0.267843 1.101665 -0.012692
v -0.280904 1.076030 -0.012563
v -0.285405 1.047613 -0.012519
v -0.280904 1.019197 -0.012563
v -0.267843 0.993562 -0.012692
v -0.247500 0.973218 -0.012893
v -0.221866 0.960156 -0.013146
v -0.193451 0.955655 -0.013427
v -0.165036 0.960156 -0.013708
v -0.139402 0.973218 -0.013961
v -0.119059 0.993562 -0.014161
v -0.105998 1.019197 -0.014290
v -0.101498 1.047613 -0.014335
v -0.105998 1.076030 -0.014290
v -0.119059 1.101665 -0.014161
v -0.139402 1.122009 -0.013961
v -0.165036 1.135070 -0.013708
v -0.193451 1.139571 -0.013427
v -0.221517 1.135071 0.022272
v -0.247150 1.122009 0.022525
v -0.267493 1.101665 0.022726
v -0.280555 1.076030 0.022855
v -0.285055 1.047613 0.022899
v -0.280555 1.019197 0.022855
v -0.267493 0.993562 0.022726
v -0.247150 0.973218 0.022525
v -0.221517 0.960156 0.022272
v -0.193101 0.955655 0.021991
v -0.164686 0.960156 0.021711
v -0.139053 0.973218 0.021458
v -0.118710 0.993562 0.021257
v -0.105649 1.019197 0.021128
v -0.101148 1.047613 0.021083
v -0.105649 1.076030 0.021128
v -0.118710 1.101665 0.021257
v -0.139053 1.122009 0.021458
v -0.164686 1.135070 0.021711
v -0.193101 1.139571 0.021991
v -0.193451 1.047613 -0.013427
v -0.193101 1.047613 0.021991
v -0.255055 1.132408 -0.012819
v -0.278241 1.109220 -0.012590
v -0.277892 1.109220 0.022829
v -0.254705 1.132408 0.022600
v -0.293128 1.080002 -0.012443
v -0.298258 1.047613 -0.012392
v -0.297908 1.047613 0.023026
v -0.292778 1.080002 0.022976
v -0.293128 1.015225 -0.012443
v -0.278241 0.986007 -0.012590
v -0.277892 0.986007 0.022829
v -0.292778 1.015225 0.022976
v -0.255055 0.962819 -0.012819
v -0.225838 0.947932 -0.013107
v -0.225488 0.947932 0.022311
v -0.254705 0.962819 0.022600
v -0.193451 0.942802 -0.013427
v -0.161064 0.947932 -0.013747
v -0.160714 0.947932 0.021672
v -0.193101 0.942802 0.021991
v -0.131847 0.962819 -0.014035
v -0.108661 0.986007 -0.014264
v -0.108311 0.986007 0.021154
v -0.131498 0.962819 0.021383
v -0.093774 1.015225 -0.014411
v -0.088645 1.047613 -0.014462
v -0.088295 1.047613 0.020957
v -0.093425 1.015225 0.021007
v -0.093774 1.080002 -0.014411
v -0.108661 1.109220 -0.014264
v -0.108311 1.109220 0.021154
v -0.093425 1.080002 0.021007
v -0.131847 1.132408 -0.014035
v -0.161064 1.147295 -0.013747
v -0.160714 1.147295 0.021672
v -0.131498 1.132408 0.021383
v -0.193451 1.152425 -0.013427
v -0.225838 1.147295 -0.013107
v -0.225488 1.147295 0.022311
v -0.193101 1.152425 0.021991
v -0.615490 0.010399 0.080450
v -0.638801 0.022277 0.080680
v -0.657301 0.040777 0.080863
v -0.669178 0.064090 0.080980
v -0.673271 0.089932 0.081021
v -0.669178 0.115774 0.080980
v -0.657301 0.139086 0.080863
v -0.638801 0.157587 0.080680
v -0.615490 0.169465 0.080450
v -0.589649 0.173558 0.080195
v -0.563808 0.169465 0.079940
v -0.540497 0.157587 0.079710
v -0.521997 0.139086 0.079527
v -0.510120 0.115774 0.079410
v -0.506027 0.089932 0.079369
v -0.510120 0.064090 0.079410
v -0.521997 0.040777 0.079527
v -0.540497 0.022277 0.079710
v -0.563808 0.010399 0.079940
v -0.589649 0.006306 0.080195
v -0.616861 0.010399 -0.058486
v -0.640173 0.022277 -0.058256
v -0.658672 0.040777 -0.058073
v -0.670550 0.064090 -0.057956
v -0.674643 0.089932 -0.057915
v -0.670550 0.115774 -0.057956
v -0.658672 0.139086 -0.058073
v -0.640173 0.157587 -0.058256
v -0.616861 0.169465 -0.058486
v -0.591021 0.173558 -0.058741
v -0.565180 0.169465 -0.058996
v -0.541869 0.157587 -0.059226
v -0.523369 0.139086 -0.059409
v -0.511492 0.115774 -0.059526
v -0.507399 0.089932 -0.059567
v -0.511492 0.064090 -0.059526
v -0.523369 0.040777 -0.059409
v -0.541869 0.022277 -0.059226
v -0.565180 0.010399 -0.058996
v -0.591021 0.006306 -0.058741
v -0.589649 0.089932 0.080195
v -0.591021 0.089932 -0.058741
v -0.272604 0.666502 0.074995
v -0.285622 0.673135 0.075124
v -0.295953 0.683466 0.075226
v -0.302585 0.696485 0.075291
v -0.304871 0.710915 0.075314
v -0.302585 0.725346 0.075291
v -0.295953 0.738364 0.075226
v -0.285622 0.748695 0.075124
v -0.272604 0.755328 0.074995
v -0.258174 0.757614 0.074853
v -0.243744 0.755328 0.074710
v -0.230727 0.748695 0.074582
v -0.220396 0.738364 0.074480
v -0.213763 0.725346 0.074414
v -0.211478 0.710915 0.074392
v -0.213763 0.696485 0.074414
v -0.220396 0.683466 0.074480
v -0.230727 0.673135 0.074582
v -0.243744 0.666502 0.074710
v -0.258174 0.664216 0.074853
v -0.273953 0.666502 -0.061605
v -0.286971 0.673135 -0.061477
v -0.297301 0.683466 -0.061375
v -0.303934 0.696485 -0.061309
v -0.306219 0.710915 -0.061287
v -0.303934 0.725346 -0.061309
v -0.297301 0.738364 -0.061375
v -0.286971 0.748695 -0.061477
v -0.273953 0.755328 -0.061605
v -0.259523 0.757614 -0.061748
v -0.245093 0.755328 -0.061890
v -0.232076 0.748695 -0.062019
v -0.221745 0.738364 -0.062121
v -0.215112 0.725346 -0.062186
v -0.212827 0.710915 -0.062209
v -0.215112 0.696485 -0.062186
v -0.221745 0.683466 -0.062121
v -0.232076 0.673135 -0.062019
v -0.245093 0.666502 -0.061890
v -0.259523 0.664216 -0.061748
v -0.258174 0.710915 0.074853
v -0.259523 0.710915 -0.061748
vn -0.4540 0.8910 0.0045
vn -0.7071 0.7071 0.0070
vn -0.8910 0.4540 0.0088
vn -0.9876 0.1564 0.0098
vn -0.9876 -0.1564 0.0098
vn -0.8910 -0.4540 0.0088
vn -0.7071 -0.7071 0.0070
vn -0.4540 -0.8910 0.0045
vn -0.1564 -0.9877 0.0015
vn 0.1564 -0.9877 -0.0015
vn 0.4540 -0.8910 -0.0045
vn 0.7071 -0.7071 -0.0070
vn 0.8910 -0.4540 -0.0088
vn 0.9876 -0.1564 -0.0098
vn 0.9876 0.1564 -0.0098
vn 0.8910 0.4540 -0.0088
vn 0.7071 0.7071 -0.0070
vn 0.4540 0.8910 -0.0045
vn 0.1564 0.9877 -0.0015
vn -0.1564 0.9877 0.0015
vn -0.0099 -0.0000 -1.0000
vn 0.0099 -0.0000 1.0000
vn -0.5878 -0.8090 0.0058
vn 0.8090 0.5878 -0.0080
vn -0.0000 -1.0000 -0.0000
vn 0.3090 0.9511 -0.0031
vn 0.5878 -0.8090 -0.0058
vn -0.3090 0.9511 0.0031
vn 0.9510 -0.3090 -0.0094
vn -0.8090 0.5878 0.0080
vn 0.9510 0.3090 -0.0094
vn -1.0000 -0.0000 0.0099
vn 0.5878 0.8090 -0.0058
vn -0.8090 -0.5878 0.0080
vn -0.0000 1.0000 -0.0000
vn -0.3090 -0.9511 0.0031
vn -0.5878 0.8090 0.0058
vn 0.3090 -0.9511 -0.0031
vn -0.9510 0.3090 0.0094
vn 0.8090 -0.5878 -0.0080
vn -0.9510 -0.3090 0.0094
vn 1.0000 -0.0000 -0.0099
vn -0.5216 -0.0762 -0.8498
vn -0.3178 0.0614 -0.9462
vn -0.3178 -0.0614 -0.9462
vn -0.7586 -0.0762 -0.6470
vn -0.7483 0.3137 -0.5845
vn -0.9215 -0.0761 -0.3810
vn -0.8923 0.3137 -0.3247
vn -0.9941 -0.0763 -0.0775
vn -0.9489 0.3137 -0.0331
vn -0.9694 -0.0761 0.2334
vn -0.9127 0.3137 0.2619
vn -0.8498 -0.0763 0.5216
vn -0.7872 0.3137 0.5309
vn -0.6470 -0.0762 0.7586
vn -0.5844 0.3137 0.7484
vn -0.3809 -0.0762 0.9215
vn -0.3248 0.3137 0.8922
vn -0.0776 -0.0761 0.9941
vn -0.0331 0.3137 0.9489
vn 0.2334 -0.0762 0.9694
vn 0.2619 0.3137 0.9127
vn 0.5216 -0.0763 0.8498
vn 0.5310 0.3137 0.7872
vn 0.7586 -0.0762 0.6470
vn 0.7482 0.3137 0.5846
vn 0.9215 -0.0761 0.3810
vn 0.8923 0.3137 0.3247
vn 0.9941 -0.0763 0.0775
vn 0.9489 0.3137 0.0329
vn 0.9694 -0.0762 -0.2334
vn 0.9127 0.3137 -0.2618
vn 0.8498 -0.0762 -0.5216
vn 0.7872 0.3137 -0.5309
vn 0.6470 -0.0762 -0.7586
vn 0.5845 0.3137 -0.7483
vn 0.3809 -0.0762 -0.9215
vn 0.3247 0.3137 -0.8923
vn 0.0775 -0.0762 -0.9941
vn 0.0331 0.3137 -0.9489
vn -0.2618 0.3137 -0.9127
vn -0.4727 -0.6086 -0.6373
vn -0.6465 -0.6086 -0.4600
vn -0.7570 -0.6086 -0.2377
vn -0.7934 -0.6086 0.0078
vn -0.7522 -0.6086 0.2526
vn -0.6373 -0.6086 0.4727
vn -0.4600 -0.6086 0.6465
vn -0.2377 -0.6086 0.7570
vn 0.0078 -0.6086 0.7934
vn 0.2526 -0.6086 0.7522
vn 0.4727 -0.6086 0.6373
vn 0.6465 -0.6086 0.4600
vn 0.7570 -0.6086 0.2377
vn 0.7934 -0.6086 -0.0078
vn 0.7522 -0.6086 -0.2526
vn 0.6373 -0.6086 -0.4727
vn 0.4600 -0.6086 -0.6465
vn 0.2377 -0.6086 -0.7570
vn -0.0078 -0.6086 -0.7934
vn -0.2526 -0.6086 -0.7522
vn -0.4727 0.6086 -0.6373
vn -0.2526 0.6086 -0.7522
vn -0.6465 0.6086 -0.4600
vn -0.7570 0.6086 -0.2377
vn -0.7934 0.6086 0.0078
vn -0.6373 0.6086 0.4727
vn -0.7522 0.6086 0.2526
vn -0.2377 0.6086 0.7570
vn -0.4600 0.6086 0.6465
vn 0.0078 0.6086 0.7934
vn 0.2526 0.6086 0.7522
vn 0.6465 0.6086 0.4600
vn 0.4727 0.6086 0.6373
vn 0.7570 0.6086 0.2377
vn 0.7934 0.6086 -0.0078
vn 0.6373 0.6086 -0.4727
vn 0.7522 0.6086 -0.2526
vn 0.4600 0.6086 -0.6465
vn 0.2377 0.6086 -0.7570
vn -0.0078 0.6086 -0.7934
vn -0.2263 -0.7033 -0.6739
vn -0.4235 -0.7033 -0.5710
vn -0.5792 -0.7033 -0.4122
vn -0.6782 -0.7033 -0.2130
vn -0.7109 -0.7033 0.0070
vn -0.6739 -0.7033 0.2263
vn -0.5710 -0.7033 0.4235
vn -0.4122 -0.7033 0.5792
vn -0.2130 -0.7033 0.6782
vn 0.0070 -0.7033 0.7109
vn 0.2263 -0.7033 0.6739
vn 0.4235 -0.7033 0.5710
vn 0.5792 -0.7033 0.4122
vn 0.6782 -0.7033 0.2130
vn 0.7109 -0.7033 -0.0070
vn 0.6739 -0.7033 -0.2263
vn 0.5710 -0.7033 -0.4235
vn 0.4122 -0.7033 -0.5792
vn 0.2130 -0.7033 -0.6782
vn -0.0070 -0.7033 -0.7109
vn -0.2263 0.7033 -0.6739
vn -0.4235 0.7033 -0.5710
vn -0.5792 0.7033 -0.4122
vn -0.6782 0.7033 -0.2130
vn -0.7109 0.7033 0.0070
vn -0.6739 0.7033 0.2263
vn -0.5710 0.7033 0.4235
vn -0.4121 0.7033 0.5792
vn -0.2130 0.7033 0.6782
vn 0.0070 0.7033 0.7109
vn 0.2263 0.7033 0.6739
vn 0.4235 0.7033 0.5710
vn 0.2264 0.7033 0.6739
vn 0.5792 0.7033 0.4122
vn 0.6782 0.7033 0.2130
vn 0.7109 0.7033 -0.0070
vn 0.6739 0.7033 -0.2263
vn 0.5710 0.7033 -0.4235
vn 0.4122 0.7033 -0.5792
vn 0.2130 0.7033 -0.6782
vn -0.0070 0.7033 -0.7109
vn -0.3178 0.0613 -0.9462
vn -0.7586 -0.0761 -0.6471
vn -0.7482 0.3137 -0.5846
vn -0.9215 -0.0763 -0.3809
vn -0.9941 -0.0762 -0.0775
vn -0.8498 -0.0762 0.5216
vn -0.7872 0.3137 0.5310
vn -0.6470 -0.0763 0.7587
vn -0.5845 0.3137 0.7483
vn 0.7586 -0.0761 0.6471
vn 0.9215 -0.0763 0.3809
vn 0.9941 -0.0761 0.0776
vn 0.7872 0.3137 -0.5310
vn 0.6470 -0.0763 -0.7587
vn 0.3248 0.3137 -0.8922
vn -0.6739 -0.7033 0.2264
vn -0.2264 -0.7033 -0.6739
vn -0.6783 0.7033 -0.2130
vn -0.4122 0.7033 0.5792
vn -0.0253 -0.9832 -0.1809
vn -0.1988 -0.9427 -0.2680
vn -0.1062 -0.9427 -0.3163
vn -0.1463 -0.9807 -0.1295
vn -0.1236 -0.9867 -0.1055
vn -0.3184 -0.9427 -0.1000
vn -0.2490 -0.9477 -0.1997
vn -0.1945 -0.9807 -0.0188
vn -0.1620 -0.9867 -0.0127
vn -0.3164 -0.9427 0.1063
vn -0.3188 -0.9477 -0.0153
vn -0.1684 -0.9807 0.0991
vn -0.1385 -0.9867 0.0850
vn -0.1295 -0.9807 0.1462
vn -0.2669 -0.9477 0.1750
vn -0.0780 -0.9807 0.1791
vn -0.1997 -0.9477 0.2490
vn 0.0033 -0.9427 0.3337
vn -0.1129 -0.9477 0.2985
vn 0.0422 -0.9807 0.1908
vn 0.0380 -0.9867 0.1580
vn 0.1988 -0.9427 0.2680
vn 0.0840 -0.9477 0.3079
vn 0.1462 -0.9807 0.1295
vn 0.1236 -0.9867 0.1055
vn 0.1791 -0.9807 0.0779
vn 0.2490 -0.9477 0.1997
vn 0.1945 -0.9807 0.0188
vn 0.2985 -0.9477 0.1130
vn 0.3163 -0.9427 -0.1062
vn 0.3188 -0.9477 0.0152
vn 0.1775 -0.9807 -0.0815
vn 0.2680 -0.9427 -0.1988
vn 0.1437 -0.9807 -0.1323
vn 0.1935 -0.9427 -0.2719
vn 0.0780 -0.9807 -0.1791
vn 0.0621 -0.9867 -0.1501
vn -0.0033 -0.9427 -0.3337
vn 0.1129 -0.9477 -0.2985
vn -0.0380 -0.9867 -0.1580
vn -0.1499 -0.8822 -0.4463
vn -0.3836 -0.8822 -0.2730
vn -0.2655 -0.8870 -0.3778
vn -0.4492 -0.8822 -0.1411
vn -0.4463 -0.8822 0.1499
vn -0.4617 -0.8870 -0.0074
vn -0.3782 -0.8822 0.2805
vn -0.2730 -0.8822 0.3836
vn -0.1411 -0.8822 0.4492
vn 0.1499 -0.8822 0.4463
vn -0.0073 -0.8870 0.4617
vn 0.2805 -0.8822 0.3782
vn 0.3692 -0.8870 0.2773
vn 0.4369 -0.8870 0.1496
vn 0.4617 -0.8870 0.0074
vn 0.4414 -0.8870 -0.1357
vn 0.2730 -0.8822 -0.3836
vn 0.3778 -0.8870 -0.2655
vn 0.1410 -0.8822 -0.4492
vn 0.0074 -0.8870 -0.4617
vn -0.3573 -0.8002 -0.4817
vn -0.1910 -0.8002 -0.5685
vn -0.4788 -0.8046 -0.3511
vn -0.5639 -0.8046 -0.1860
vn -0.5685 -0.8002 0.1909
vn -0.5938 -0.8046 -0.0026
vn -0.4817 -0.8002 0.3573
vn -0.3477 -0.8002 0.4886
vn -0.1797 -0.8002 0.5721
vn 0.0059 -0.8002 0.5997
vn 0.3573 -0.8002 0.4817
vn 0.1810 -0.8046 0.5655
vn 0.4886 -0.8002 0.3477
vn 0.5721 -0.8002 0.1797
vn 0.5685 -0.8002 -0.1909
vn 0.5938 -0.8046 0.0026
vn 0.4817 -0.8002 -0.3573
vn 0.1797 -0.8002 -0.5722
vn 0.3511 -0.8046 -0.4788
vn 0.0026 -0.8046 -0.5938
vn -0.4262 -0.6988 -0.5746
vn -0.2278 -0.6988 -0.6781
vn -0.5829 -0.6987 -0.4147
vn -0.7153 -0.6988 0.0071
vn -0.6769 -0.7027 -0.2191
vn -0.6781 -0.6987 0.2278
vn -0.5751 -0.7027 0.4189
vn -0.4175 -0.7027 0.5761
vn -0.2191 -0.7027 0.6769
vn 0.2278 -0.6987 0.6781
vn 0.0009 -0.7027 0.7115
vn 0.5829 -0.6987 0.4147
vn 0.4189 -0.7027 0.5751
vn 0.6825 -0.6988 0.2143
vn 0.6781 -0.6988 -0.2278
vn 0.7115 -0.7027 -0.0008
vn 0.5746 -0.6987 -0.4262
vn 0.2143 -0.6988 -0.6825
vn 0.4175 -0.7027 -0.5761
vn -0.0071 -0.6987 -0.7153
vn -0.4852 -0.5804 -0.6541
vn -0.2593 -0.5804 -0.7720
vn -0.6635 -0.5804 -0.4721
vn -0.7769 -0.5804 -0.2440
vn -0.8143 -0.5803 0.0080
vn -0.7711 -0.5837 0.2542
vn -0.6548 -0.5837 0.4800
vn -0.4745 -0.5837 0.6589
vn 0.0080 -0.5804 0.8143
vn -0.2476 -0.5837 0.7733
vn 0.4852 -0.5803 0.6541
vn 0.2542 -0.5837 0.7711
vn 0.7769 -0.5804 0.2440
vn 0.6589 -0.5837 0.4744
vn 0.8119 -0.5837 -0.0034
vn 0.7711 -0.5837 -0.2542
vn 0.6548 -0.5837 -0.4800
vn 0.2440 -0.5804 -0.7770
vn 0.4744 -0.5837 -0.6589
vn -0.0035 -0.5837 -0.8119
vn -0.2847 -0.4480 -0.8475
vn -0.7284 -0.4480 -0.5183
vn -0.5293 -0.4507 -0.7189
vn -0.8507 -0.4507 -0.2706
vn -0.8475 -0.4480 0.2847
vn -0.8927 -0.4507 0.0056
vn -0.7181 -0.4480 0.5326
vn -0.2679 -0.4480 0.8530
vn -0.5201 -0.4507 0.7255
vn 0.0088 -0.4480 0.8940
vn 0.2812 -0.4507 0.8473
vn 0.7284 -0.4480 0.5183
vn 0.5293 -0.4507 0.7189
vn 0.8530 -0.4480 0.2679
vn 0.8475 -0.4480 -0.2847
vn 0.8927 -0.4507 -0.0056
vn 0.5183 -0.4480 -0.7284
vn 0.7189 -0.4507 -0.5293
vn 0.2679 -0.4480 -0.8530
vn -0.0088 -0.4480 -0.8940
vn -0.5674 -0.3048 -0.7650
vn -0.3032 -0.3048 -0.9029
vn -0.7743 -0.3067 -0.5535
vn -0.9075 -0.3066 -0.2871
vn -0.9029 -0.3048 0.3032
vn -0.9518 -0.3066 0.0073
vn -0.5522 -0.3048 0.7760
vn -0.7657 -0.3067 0.5654
vn -0.2871 -0.3067 0.9075
vn 0.0073 -0.3066 0.9518
vn 0.5674 -0.3048 0.7650
vn 0.3011 -0.3066 0.9029
vn 0.7760 -0.3047 0.5522
vn 0.9524 -0.3048 -0.0094
vn 0.9075 -0.3066 0.2871
vn 0.9029 -0.3048 -0.3032
vn 0.7650 -0.3047 -0.5674
vn 0.5522 -0.3048 -0.7760
vn 0.2854 -0.3048 -0.9087
vn -0.0073 -0.3066 -0.9518
vn -0.3146 -0.1542 -0.9366
vn -0.8050 -0.1543 -0.5728
vn -0.5877 -0.1552 -0.7941
vn -0.9422 -0.1552 -0.2969
vn -0.9366 -0.1543 0.3146
vn -0.9878 -0.1552 0.0088
vn -0.7936 -0.1543 0.5886
vn -0.2960 -0.1542 0.9426
vn -0.5736 -0.1552 0.8043
vn 0.3146 -0.1543 0.9366
vn 0.0088 -0.1552 0.9878
vn 0.5886 -0.1543 0.7936
vn 0.8050 -0.1543 0.5728
vn 0.9426 -0.1543 0.2960
vn 0.9366 -0.1543 -0.3146
vn 0.9878 -0.1552 -0.0088
vn 0.5728 -0.1543 -0.8050
vn 0.7940 -0.1552 -0.5878
vn 0.2969 -0.1552 -0.9422
vn -0.0087 -0.1552 -0.9878
vn -0.5957 -0.0000 -0.8032
vn -0.3184 -0.0000 -0.9480
vn -0.9541 -0.0000 -0.2996
vn -0.8148 -0.0000 -0.5798
vn -0.9480 -0.0000 0.3184
vn -0.8032 -0.0000 0.5957
vn -0.5798 -0.0000 0.8148
vn -0.2996 -0.0000 0.9541
vn 0.3184 -0.0000 0.9480
vn 0.5957 -0.0000 0.8032
vn 0.9541 -0.0000 0.2996
vn 0.8148 -0.0000 0.5798
vn 0.9480 -0.0000 -0.3184
vn 0.8032 -0.0000 -0.5957
vn 0.5798 -0.0000 -0.8148
vn 0.2996 -0.0000 -0.9541
vn -0.5886 0.1543 -0.7936
vn -0.3146 0.1542 -0.9366
vn -0.9426 0.1543 -0.2960
vn -0.8055 0.1553 -0.5719
vn -0.9878 0.1553 0.0107
vn -0.9361 0.1553 0.3155
vn -0.5728 0.1542 0.8050
vn -0.7928 0.1553 0.5893
vn -0.2950 0.1553 0.9428
vn 0.3146 0.1543 0.9366
vn 0.0107 0.1553 0.9878
vn 0.5893 0.1553 0.7929
vn 0.8055 0.1553 0.5719
vn 0.9428 0.1553 0.2950
vn 0.9366 0.1543 -0.3146
vn 0.9878 0.1553 -0.0107
vn 0.7936 0.1543 -0.5886
vn 0.5728 0.1543 -0.8050
vn 0.2960 0.1543 -0.9426
vn -0.0107 0.1553 -0.9878
vn -0.5674 0.3048 -0.7650
vn -0.3032 0.3048 -0.9029
vn -0.9087 0.3048 -0.2854
vn -0.7766 0.3068 -0.5502
vn -0.9524 0.3048 0.0094
vn -0.9015 0.3068 0.3051
vn -0.5522 0.3048 0.7760
vn -0.7632 0.3068 0.5687
vn 0.0094 0.3048 0.9524
vn -0.2832 0.3068 0.9087
vn 0.5674 0.3048 0.7650
vn 0.3049 0.3068 0.9016
vn 0.9087 0.3048 0.2854
vn 0.7767 0.3068 0.5501
vn 0.9517 0.3068 -0.0115
vn 0.7650 0.3048 -0.5674
vn 0.9016 0.3068 -0.3050
vn 0.5522 0.3048 -0.7760
vn 0.2854 0.3048 -0.9087
vn -0.0094 0.3048 -0.9524
vn -0.2847 0.4480 -0.8475
vn -0.7285 0.4480 -0.5183
vn -0.5343 0.4511 -0.7149
vn -0.8940 0.4479 0.0088
vn -0.8524 0.4511 -0.2644
vn -0.7181 0.4479 0.5326
vn -0.8450 0.4511 0.2872
vn -0.5184 0.4480 0.7285
vn -0.2679 0.4480 0.8530
vn 0.0120 0.4511 0.8924
vn 0.2872 0.4511 0.8450
vn 0.5343 0.4511 0.7149
vn 0.8530 0.4480 0.2679
vn 0.7290 0.4511 0.5148
vn 0.8940 0.4480 -0.0088
vn 0.8450 0.4511 -0.2872
vn 0.7149 0.4511 -0.5343
vn 0.5148 0.4511 -0.7291
vn 0.2643 0.4511 -0.8525
vn -0.0120 0.4511 -0.8924
vn -0.2593 0.5804 -0.7720
vn -0.4871 0.5844 -0.6490
vn -0.7769 0.5804 -0.2440
vn -0.6638 0.5844 -0.4667
vn -0.8143 0.5804 0.0080
vn -0.7677 0.5844 0.2627
vn -0.4721 0.5804 0.6635
vn -0.6490 0.5844 0.4871
vn -0.2388 0.5844 0.7755
vn 0.2593 0.5803 0.7720
vn 0.0126 0.5844 0.8114
vn 0.4871 0.5844 0.6490
vn 0.7769 0.5804 0.2440
vn 0.6638 0.5844 0.4668
vn 0.8143 0.5804 -0.0080
vn 0.7720 0.5804 -0.2593
vn 0.6541 0.5804 -0.4852
vn 0.4667 0.5844 -0.6638
vn -0.0080 0.5804 -0.8143
vn 0.2388 0.5844 -0.7755
vn -0.2278 0.6988 -0.6781
vn -0.4283 0.7037 -0.5669
vn -0.5825 0.7037 -0.4068
vn -0.7153 0.6987 0.0071
vn -0.6797 0.7037 -0.2070
vn -0.5746 0.6988 0.4262
vn -0.6715 0.7037 0.2321
vn -0.4148 0.6987 0.5829
vn -0.2069 0.7037 0.6797
vn 0.2278 0.6988 0.6781
vn 0.0132 0.7037 0.7104
vn 0.4262 0.6987 0.5746
vn 0.5829 0.6987 0.4148
vn 0.6797 0.7037 0.2070
vn 0.7104 0.7037 -0.0132
vn 0.5746 0.6987 -0.4262
vn 0.6715 0.7037 -0.2321
vn 0.2143 0.6988 -0.6825
vn 0.4069 0.7037 -0.5825
vn -0.0071 0.6987 -0.7153
vn -0.1909 0.8002 -0.5685
vn -0.3595 0.8059 -0.4704
vn -0.5721 0.8003 -0.1797
vn -0.4872 0.8059 -0.3363
vn -0.5997 0.8002 0.0059
vn -0.5685 0.8002 0.1909
vn -0.4817 0.8002 0.3573
vn -0.3477 0.8002 0.4886
vn -0.1797 0.8002 0.5722
vn 0.0059 0.8002 0.5997
vn 0.1910 0.8002 0.5685
vn 0.4887 0.8002 0.3477
vn 0.3594 0.8059 0.4704
vn 0.5722 0.8002 0.1797
vn 0.5919 0.8059 -0.0143
vn 0.5585 0.8059 -0.1965
vn 0.3477 0.8002 -0.4886
vn 0.4704 0.8059 -0.3595
vn 0.1693 0.8059 -0.5673
vn -0.0143 0.8059 -0.5919
vn -0.2805 0.8822 -0.3782
vn -0.1499 0.8822 -0.4463
vn -0.4492 0.8822 -0.1411
vn -0.3806 0.8885 -0.2562
vn -0.4463 0.8822 0.1499
vn -0.4585 0.8885 0.0164
vn -0.2730 0.8822 0.3836
vn -0.3613 0.8885 0.2828
vn -0.1411 0.8822 0.4492
vn 0.1499 0.8822 0.4463
vn 0.0164 0.8885 0.4585
vn 0.2828 0.8885 0.3613
vn 0.4492 0.8822 0.1411
vn 0.3806 0.8885 0.2563
vn 0.4708 0.8822 -0.0046
vn 0.4310 0.8885 -0.1573
vn 0.2730 0.8822 -0.3836
vn 0.3613 0.8885 -0.2828
vn 0.1261 0.8885 -0.4412
vn -0.0164 0.8885 -0.4585
vn -0.1062 0.9427 -0.3163
vn -0.2015 0.9494 -0.2407
vn -0.2660 0.9494 -0.1667
vn -0.3045 0.9494 -0.0764
vn -0.3163 0.9427 0.1062
vn -0.3132 0.9494 0.0215
vn -0.2407 0.9494 0.2015
vn -0.1667 0.9494 0.2660
vn 0.0033 0.9427 0.3337
vn -0.0764 0.9494 0.3045
vn 0.1172 0.9494 0.2913
vn 0.2719 0.9427 0.1935
vn 0.2015 0.9494 0.2408
vn 0.3337 0.9427 -0.0033
vn 0.3045 0.9494 0.0763
vn 0.2680 0.9427 -0.1988
vn 0.2912 0.9494 -0.1172
vn 0.1000 0.9427 -0.3183
vn 0.1667 0.9494 -0.2660
vn -0.0033 0.9427 -0.3337
vn -0.0639 0.9797 -0.1901
vn -0.1633 0.9797 -0.1162
vn -0.1236 0.9867 -0.1055
vn -0.1913 0.9797 -0.0601
vn -0.1900 0.9797 0.0638
vn -0.1580 0.9867 0.0380
vn -0.1610 0.9797 0.1194
vn -0.1162 0.9797 0.1633
vn -0.0601 0.9797 0.1913
vn 0.0638 0.9797 0.1901
vn 0.0380 0.9867 0.1580
vn 0.1237 0.9867 0.1054
vn 0.1502 0.9867 0.0620
vn 0.2005 0.9797 -0.0020
vn 0.1620 0.9867 0.0127
vn 0.1384 0.9867 -0.0851
vn 0.1162 0.9797 -0.1633
vn 0.1054 0.9867 -0.1236
vn 0.0601 0.9797 -0.1913
vn -0.0380 0.9867 -0.1580
vn -0.1220 0.9054 -0.4066
vn -0.0601 0.9949 -0.0811
vn -0.0321 0.9949 -0.0957
vn -0.0042 0.9068 -0.4215
vn -0.3434 0.9068 -0.2444
vn -0.0822 0.9949 -0.0585
vn -0.0963 0.9949 -0.0302
vn -0.4227 0.9002 -0.1044
vn -0.1009 0.9949 0.0010
vn -0.4343 0.9002 0.0314
vn -0.0957 0.9949 0.0321
vn -0.3385 0.9068 0.2511
vn -0.0810 0.9949 0.0601
vn -0.0585 0.9949 0.0822
vn -0.2299 0.9002 0.3698
vn -0.0302 0.9949 0.0963
vn 0.0042 0.9068 0.4215
vn 0.0010 0.9949 0.1009
vn 0.0321 0.9949 0.0957
vn 0.2511 0.9068 0.3385
vn 0.0601 0.9949 0.0810
vn 0.0822 0.9949 0.0585
vn 0.3698 0.9002 0.2299
vn 0.0963 0.9949 0.0302
vn 0.4228 0.9002 0.1044
vn 0.1009 0.9949 -0.0010
vn 0.4343 0.9002 -0.0314
vn 0.0957 0.9949 -0.0321
vn 0.3385 0.9068 -0.2511
vn 0.0810 0.9949 -0.0601
vn 0.0585 0.9949 -0.0822
vn 0.1263 0.9068 -0.4022
vn 0.0302 0.9949 -0.0963
vn -0.0880 0.9761 -0.1987
vn -0.1723 0.8409 -0.5130
vn -0.2402 0.8942 -0.3776
vn -0.3224 0.8409 -0.4346
vn -0.5163 0.8409 -0.1621
vn -0.4409 0.8409 -0.3137
vn -0.5411 0.8409 0.0053
vn -0.4334 0.8942 0.1118
vn -0.4346 0.8409 0.3224
vn -0.5130 0.8409 0.1723
vn -0.3137 0.8409 0.4409
vn -0.1643 0.8942 0.4163
vn -0.1621 0.8409 0.5163
vn 0.0053 0.8409 0.5411
vn 0.1118 0.8942 0.4334
vn 0.1723 0.8409 0.5130
vn 0.3224 0.8409 0.4346
vn 0.4409 0.8409 0.3137
vn 0.5411 0.8409 -0.0053
vn 0.5163 0.8409 0.1621
vn 0.5130 0.8409 -0.1723
vn 0.4346 0.8409 -0.3224
vn 0.4544 0.8776 -0.1526
vn 0.2849 0.8942 -0.3452
vn 0.1621 0.8409 -0.5163
vn 0.3137 0.8409 -0.4409
vn -0.0053 0.8409 -0.5411
vn -0.1447 -0.8908 -0.4308
vn -0.3550 -0.8031 -0.4786
vn -0.1897 -0.8030 -0.5649
vn -0.0045 -0.8908 -0.4544
vn -0.2708 -0.8908 -0.3650
vn -0.4854 -0.8031 -0.3454
vn -0.4336 -0.8908 -0.1362
vn -0.5687 -0.8029 -0.1786
vn -0.5958 -0.8031 0.0059
vn -0.4308 -0.8908 0.1447
vn -0.5651 -0.8029 0.1898
vn -0.4786 -0.8031 0.3550
vn -0.3650 -0.8908 0.2707
vn -0.3454 -0.8031 0.4855
vn -0.1362 -0.8908 0.4336
vn -0.1785 -0.8030 0.5685
vn 0.0045 -0.8908 0.4544
vn 0.0059 -0.8029 0.5961
vn 0.1897 -0.8030 0.5649
vn 0.1447 -0.8908 0.4308
vn 0.3550 -0.8030 0.4786
vn 0.2707 -0.8908 0.3650
vn 0.4855 -0.8031 0.3454
vn 0.4336 -0.8908 0.1362
vn 0.5687 -0.8029 0.1786
vn 0.5959 -0.8030 -0.0059
vn 0.4545 -0.8908 -0.0045
vn 0.5649 -0.8031 -0.1897
vn 0.4308 -0.8908 -0.1447
vn 0.4786 -0.8031 -0.3550
vn 0.2635 -0.8908 -0.3703
vn 0.3455 -0.8030 -0.4855
vn 0.1362 -0.8908 -0.4336
vn 0.1785 -0.8030 -0.5685
vn 0.0429 -0.7753 -0.6301
vn -0.4568 -0.6419 -0.6159
vn -0.2441 -0.6419 -0.7269
vn -0.6248 -0.6419 -0.4446
vn -0.7316 -0.6419 -0.2298
vn -0.7668 -0.6419 0.0076
vn -0.6159 -0.6419 0.4568
vn -0.7269 -0.6419 0.2441
vn -0.2297 -0.6419 0.7316
vn -0.4446 -0.6419 0.6248
vn 0.0076 -0.6419 0.7668
vn 0.2441 -0.6419 0.7269
vn 0.4568 -0.6419 0.6159
vn 0.7316 -0.6419 0.2297
vn 0.6248 -0.6419 0.4446
vn 0.7269 -0.6419 -0.2441
vn 0.7668 -0.6419 -0.0076
vn 0.4446 -0.6419 -0.6248
vn 0.6159 -0.6419 -0.4568
vn 0.2297 -0.6419 -0.7316
vn -0.0076 -0.6419 -0.7668
vn -0.4323 0.6881 -0.5828
vn -0.2310 0.6881 -0.6879
vn -0.5912 0.6881 -0.4207
vn -0.6923 0.6881 -0.2174
vn -0.7256 0.6881 0.0072
vn -0.6879 0.6881 0.2310
vn -0.5828 0.6881 0.4323
vn -0.4207 0.6881 0.5912
vn -0.2174 0.6881 0.6923
vn 0.0072 0.6881 0.7256
vn 0.2310 0.6881 0.6879
vn 0.4323 0.6881 0.5828
vn 0.5912 0.6881 0.4207
vn 0.6923 0.6881 0.2174
vn 0.7256 0.6881 -0.0072
vn 0.6879 0.6881 -0.2310
vn 0.5828 0.6881 -0.4323
vn 0.4207 0.6881 -0.5912
vn 0.2174 0.6881 -0.6923
vn -0.0072 0.6881 -0.7256
vn -0.5018 0.5389 -0.6766
vn -0.2682 0.5389 -0.7985
vn -0.6863 0.5389 -0.4884
vn -0.8037 0.5389 -0.2524
vn -0.8423 0.5389 0.0083
vn -0.7985 0.5389 0.2682
vn -0.6766 0.5389 0.5018
vn -0.4884 0.5389 0.6863
vn -0.2524 0.5389 0.8037
vn 0.0083 0.5389 0.8423
vn 0.2682 0.5389 0.7985
vn 0.5018 0.5389 0.6766
vn 0.6863 0.5389 0.4884
vn 0.8037 0.5389 0.2524
vn 0.8423 0.5389 -0.0083
vn 0.7985 0.5389 -0.2682
vn 0.6766 0.5389 -0.5018
vn 0.4884 0.5389 -0.6863
vn 0.2524 0.5389 -0.8037
vn -0.0083 0.5389 -0.8423
vn -0.5958 -0.0000 -0.8032
vn -0.8148 -0.0000 -0.5797
vn -0.9479 -0.0000 0.3184
vn -0.8032 -0.0000 0.5958
vn -0.8031 -0.0000 0.5958
vn -1.0000 -0.0000 0.0098
vn 0.5958 -0.0000 0.8032
vn -0.8031 -0.0000 0.5959
vn -0.2996 -0.0000 0.9540
vn -0.2997 -0.0000 0.9540
vn 0.3184 -0.0000 0.9479
vn 0.8147 -0.0000 0.5799
vn 0.8147 -0.0000 0.5798
vn 0.9540 -0.0000 0.2997
vn 0.9479 -0.0000 -0.3185
vn 0.8032 -0.0000 -0.5958
vn 0.5798 -0.0000 -0.8147
vn 0.2997 -0.0000 -0.9540
vn -0.3089 0.7446 -0.5917
vn -0.4767 0.7446 -0.4673
vn -0.5977 0.7446 -0.2971
vn -0.5978 0.7446 -0.2971
vn -0.6603 0.7446 -0.0980
vn -0.6582 0.7446 0.1108
vn -0.6583 0.7446 0.1108
vn -0.5917 0.7446 0.3090
vn -0.5916 0.7446 0.3090
vn -0.4673 0.7446 0.4767
vn -0.2972 0.7446 0.5977
vn -0.0979 0.7446 0.6603
vn 0.1109 0.7446 0.6582
vn 0.3090 0.7446 0.5917
vn 0.4766 0.7446 0.4673
vn 0.5977 0.7446 0.2973
vn 0.6603 0.7446 0.0979
vn 0.6582 0.7446 -0.1110
vn 0.5917 0.7446 -0.3090
vn 0.4674 0.7446 -0.4766
vn 0.2972 0.7446 -0.5977
vn 0.0979 0.7446 -0.6603
vn -0.1109 0.7446 -0.6582
vn -0.5279 0.4634 -0.7117
vn -0.3124 0.1936 -0.9300
vn -0.5844 0.1938 -0.7879
vn -0.7994 0.1936 -0.5687
vn -0.7221 0.4634 -0.5137
vn -0.9360 0.1937 -0.2939
vn -0.8454 0.4634 -0.2655
vn -0.8861 0.4634 0.0086
vn -0.9811 0.1935 0.0096
vn -0.8400 0.4634 0.2822
vn -0.9300 0.1938 0.3124
vn -0.7879 0.1936 0.5846
vn -0.7116 0.4634 0.5280
vn -0.5689 0.1935 0.7993
vn -0.5138 0.4634 0.7220
vn -0.2656 0.4634 0.8454
vn -0.2940 0.1938 0.9360
vn 0.0097 0.1935 0.9810
vn 0.0087 0.4634 0.8861
vn 0.2822 0.4634 0.8400
vn 0.3124 0.1941 0.9299
vn 0.5845 0.1937 0.7879
vn 0.5280 0.4634 0.7117
vn 0.7993 0.1934 0.5689
vn 0.7220 0.4634 0.5138
vn 0.8454 0.4634 0.2656
vn 0.9360 0.1938 0.2940
vn 0.9810 0.1936 -0.0097
vn 0.8861 0.4634 -0.0088
vn 0.9300 0.1936 -0.3125
vn 0.8400 0.4634 -0.2822
vn 0.7880 0.1935 -0.5845
vn 0.7117 0.4634 -0.5279
vn 0.5138 0.4634 -0.7220
vn 0.5688 0.1936 -0.7993
vn 0.2655 0.4634 -0.8454
vn 0.2940 0.1936 -0.9360
vn -0.0087 0.4634 -0.8861
vn -0.0097 0.1936 -0.9810
vn -0.2821 0.4634 -0.8400
vn 0.5958 -0.0000 0.8031
vn 0.8658 0.5003 -0.0085
vn 0.6093 0.7929 -0.0060
vn -0.0085 0.5003 -0.8658
vn -0.0060 0.7929 -0.6093
vn -0.6093 0.7929 0.0060
vn -0.8658 0.5003 0.0085
vn 0.0085 0.5003 0.8658
vn 0.0060 0.7929 0.6093
vn 0.9433 0.3319 -0.0093
vn -0.0093 0.3319 -0.9433
vn -0.9433 0.3319 0.0093
vn 0.0093 0.3319 0.9433
vn -0.0000 -0.0000 -0.0000
vn -0.0070 -0.7084 -0.7057
vn -0.7057 -0.7084 0.0070
vn 0.0070 -0.7084 0.7057
vn 0.7057 -0.7084 -0.0070
vn 0.3994 0.8213 -0.4074
vn 0.2002 0.9797 -0.0020
vn -0.0020 0.9797 -0.2002
vn -0.3994 0.8213 0.4074
vn -0.4074 0.8213 -0.3994
vn 0.4074 0.8213 0.3994
vn -0.2002 0.9797 0.0020
vn 0.0020 0.9797 0.2002
vn 0.6515 0.3660 -0.6645
vn -0.6645 0.3660 -0.6515
vn 0.6645 0.3660 0.6515
vn -0.6515 0.3660 0.6645
vn -0.7001 -0.0000 0.7140
vn -0.7002 -0.0000 0.7140
vn -0.7000 -0.0000 0.7141
vn 0.7141 -0.0000 0.7001
vn 0.7141 -0.0000 0.7000
vn 0.7140 -0.0000 0.7001
vn -0.7141 -0.0000 -0.7001
vn -0.7141 -0.0000 -0.7000
vn -0.7140 -0.0000 -0.7001
vn 0.7001 -0.0000 -0.7140
vn 0.7002 -0.0000 -0.7140
vn 0.7000 -0.0000 -0.7141
vn 0.8639 -0.5036 -0.0085
vn 0.9481 -0.3178 -0.0094
vn 0.9481 -0.3179 -0.0093
vn 0.9082 -0.4183 -0.0090
vn -0.0085 -0.5036 -0.8639
vn -0.0094 -0.3181 -0.9480
vn -0.0094 -0.3175 -0.9482
vn -0.0090 -0.4185 -0.9082
vn -0.8639 -0.5036 0.0085
vn -0.9481 -0.3178 0.0094
vn -0.9481 -0.3179 0.0094
vn -0.9082 -0.4185 0.0090
vn 0.0085 -0.5036 0.8639
vn 0.0094 -0.3178 0.9481
vn 0.0093 -0.3179 0.9481
vn 0.0090 -0.4185 0.9082
vn 0.7403 -0.6722 -0.0073
vn -0.0073 -0.6722 -0.7403
vn -0.7403 -0.6722 0.0073
vn 0.0073 -0.6722 0.7403
vn 0.7140 -0.7001 -0.0071
vn 0.0071 -0.7001 0.7140
vn -0.7140 -0.7001 0.0071
vn -0.0071 -0.7001 -0.7140
vn 0.6139 -0.4807 -0.6261
vn 0.5960 -0.5247 -0.6079
vn -0.6079 -0.5247 -0.5960
vn -0.6261 -0.4807 -0.6139
vn 0.6261 -0.4807 0.6139
vn 0.6079 -0.5247 0.5960
vn -0.6139 -0.4807 0.6261
vn -0.5960 -0.5247 0.6079
vn 0.6812 -0.2309 -0.6948
vn 0.6580 -0.3416 -0.6711
vn 0.6812 -0.2310 -0.6947
vn -0.6948 -0.2308 -0.6812
vn -0.6711 -0.3416 -0.6580
vn -0.6947 -0.2310 -0.6812
vn 0.6711 -0.3416 0.6580
vn 0.6948 -0.2309 0.6812
vn 0.6947 -0.2310 0.6812
vn -0.6580 -0.3416 0.6711
vn -0.6812 -0.2308 0.6948
vn -0.6812 -0.2310 0.6947
vn 0.6839 -0.2137 -0.6976
vn -0.6975 -0.2140 -0.6839
vn 0.6976 -0.2137 0.6839
vn -0.6839 -0.2140 0.6975
vn -0.6839 -0.2135 0.6976
vn -0.6976 -0.2135 -0.6839
vn 0.8400 -0.5425 -0.0083
vn -0.0083 -0.5425 -0.8400
vn -0.8400 -0.5425 0.0083
vn 0.0083 -0.5425 0.8400
vn 0.0001 -1.0000 -0.0000
vn -0.0379 0.0272 0.9989
vn -0.0461 0.0292 0.9985
vn -0.0366 0.0269 0.9990
vn -0.0576 0.0272 -0.9980
vn -0.0659 0.0292 -0.9974
vn -0.0673 0.0296 -0.9973
vn -0.0484 0.0123 0.9988
vn -0.0589 0.0131 0.9982
vn -0.0477 0.0122 0.9988
vn -0.0681 0.0123 -0.9976
vn -0.0786 0.0131 -0.9968
vn -0.0795 0.0132 -0.9968
vn 0.9989 0.0272 0.0379
vn 0.9985 0.0292 0.0461
vn 0.9990 0.0269 0.0366
vn -0.9980 0.0272 0.0576
vn -0.9974 0.0292 0.0659
vn -0.9973 0.0296 0.0674
vn 0.9988 0.0123 0.0484
vn 0.9982 0.0131 0.0589
vn 0.9988 0.0122 0.0477
vn -0.9976 0.0123 0.0681
vn -0.9968 0.0131 0.0786
vn -0.9968 0.0132 0.0795
vn 0.0379 0.0272 -0.9989
vn 0.0461 0.0292 -0.9985
vn 0.0366 0.0269 -0.9990
vn 0.0576 0.0272 0.9980
vn 0.0658 0.0292 0.9974
vn 0.0673 0.0296 0.9973
vn 0.0484 0.0123 -0.9988
vn 0.0589 0.0131 -0.9982
vn 0.0477 0.0122 -0.9988
vn 0.0681 0.0123 0.9976
vn 0.0786 0.0131 0.9968
vn 0.0795 0.0132 0.9968
vn -0.9989 0.0272 -0.0379
vn -0.9985 0.0292 -0.0461
vn -0.9990 0.0269 -0.0366
vn 0.9980 0.0272 -0.0576
vn 0.9974 0.0292 -0.0659
vn 0.9973 0.0296 -0.0674
vn -0.9988 0.0123 -0.0484
vn -0.9982 0.0131 -0.0589
vn -0.9988 0.0122 -0.0477
vn 0.9976 0.0123 -0.0681
vn 0.9968 0.0131 -0.0786
vn 0.9968 0.0132 -0.0795
vn -0.0616 0.0611 0.9962
vn -0.1331 0.1096 0.9850
vn -0.0597 0.0598 0.9964
vn -0.0813 0.0611 -0.9948
vn -0.1525 0.1096 -0.9822
vn -0.1563 0.1122 -0.9813
vn 0.9962 0.0611 0.0616
vn 0.9850 0.1096 0.1331
vn 0.9964 0.0598 0.0597
vn -0.9948 0.0611 0.0813
vn -0.9822 0.1096 0.1525
vn -0.9813 0.1121 0.1563
vn 0.0616 0.0611 -0.9962
vn 0.1331 0.1096 -0.9850
vn 0.0597 0.0598 -0.9964
vn 0.0813 0.0611 0.9948
vn 0.1525 0.1096 0.9822
vn 0.1563 0.1122 0.9813
vn -0.9962 0.0611 -0.0616
vn -0.9850 0.1096 -0.1331
vn -0.9964 0.0598 -0.0597
vn 0.9948 0.0611 -0.0813
vn 0.9822 0.1096 -0.1525
vn 0.9813 0.1122 -0.1563
vn -0.1403 0.1465 0.9792
vn -0.5852 0.5160 0.6255
vn -0.1363 0.1432 0.9803
vn -0.1596 0.1465 -0.9763
vn -0.5975 0.5160 -0.6138
vn -0.6079 0.5247 -0.5960
vn 0.9763 0.1465 -0.1596
vn 0.6138 0.5159 -0.5975
vn 0.5960 0.5246 -0.6079
vn -0.9792 0.1465 -0.1403
vn -0.6256 0.5159 -0.5852
vn -0.9803 0.1432 -0.1363
vn 0.0002 -1.0000 -0.0000
vn 0.1596 0.1465 0.9763
vn 0.5975 0.5160 0.6138
vn 0.6079 0.5247 0.5960
vn 0.1403 0.1465 -0.9792
vn 0.5852 0.5160 -0.6255
vn 0.1363 0.1432 -0.9803
vn -0.9763 0.1465 0.1596
vn -0.6139 0.5159 0.5975
vn -0.5961 0.5246 0.6079
vn 0.9792 0.1465 0.1403
vn 0.6255 0.5159 0.5853
vn 0.9803 0.1432 0.1363
vn -0.5944 0.0659 -0.8014
vn -0.3177 0.0659 -0.9459
vn -0.8130 0.0659 -0.5785
vn -0.9520 0.0659 -0.2990
vn -0.9978 0.0659 0.0099
vn -0.9459 0.0659 0.3177
vn -0.8014 0.0659 0.5944
vn -0.5785 0.0659 0.8130
vn -0.2990 0.0659 0.9520
vn 0.0099 0.0659 0.9978
vn 0.3177 0.0659 0.9459
vn 0.5944 0.0659 0.8014
vn 0.8130 0.0659 0.5785
vn 0.9520 0.0659 0.2990
vn 0.9978 0.0659 -0.0099
vn 0.9459 0.0659 -0.3177
vn 0.8014 0.0659 -0.5944
vn 0.5785 0.0659 -0.8130
vn 0.2990 0.0659 -0.9520
vn -0.0099 0.0659 -0.9978
vn -0.1400 -0.8982 -0.4167
vn -0.4265 -0.6982 -0.5750
vn -0.2280 -0.6979 -0.6789
vn -0.3582 -0.8982 -0.2549
vn -0.2619 -0.8982 -0.3531
vn -0.6832 -0.6980 -0.2146
vn -0.6313 -0.6679 -0.3942
vn -0.4396 -0.8982 0.0043
vn -0.4194 -0.8982 -0.1317
vn -0.4167 -0.8982 0.1400
vn -0.7424 -0.6679 0.0523
vn -0.3531 -0.8982 0.2619
vn -0.6900 -0.6679 0.2790
vn -0.4151 -0.6981 0.5834
vn -0.5700 -0.6679 0.4786
vn -0.2549 -0.8982 0.3582
vn -0.2146 -0.6980 0.6832
vn -0.1317 -0.8982 0.4194
vn 0.0071 -0.6982 0.7159
vn 0.1400 -0.8982 0.4167
vn 0.0043 -0.8982 0.4396
vn 0.2619 -0.8982 0.3531
vn 0.2790 -0.6679 0.6900
vn 0.5833 -0.6982 0.4151
vn 0.4785 -0.6679 0.5701
vn 0.4194 -0.8982 0.1317
vn 0.3582 -0.8982 0.2549
vn 0.4396 -0.8982 -0.0043
vn 0.7222 -0.6679 0.1798
vn 0.4167 -0.8982 -0.1400
vn 0.7424 -0.6679 -0.0521
vn 0.5750 -0.6982 -0.4265
vn 0.6900 -0.6679 -0.2790
vn 0.2549 -0.8982 -0.3582
vn 0.3531 -0.8982 -0.2619
vn 0.2146 -0.6980 -0.6832
vn 0.3942 -0.6679 -0.6313
vn -0.0043 -0.8982 -0.4396
vn 0.1317 -0.8982 -0.4194
vn -0.0523 -0.6679 -0.7424
vn -0.5915 -0.1195 -0.7974
vn -0.3161 -0.1197 -0.9411
vn -0.7584 -0.1859 -0.6247
vn -0.9928 -0.1194 0.0098
vn -0.9143 -0.1859 -0.3599
vn -0.9512 -0.1859 0.2464
vn -0.8286 -0.1859 0.5280
vn -0.6249 -0.1859 0.7582
vn 0.0098 -0.1195 0.9928
vn -0.3599 -0.1859 0.9143
vn 0.2461 -0.1859 0.9512
vn 0.8089 -0.1198 0.5756
vn 0.5279 -0.1859 0.8287
vn 0.9142 -0.1859 0.3600
vn 0.9411 -0.1199 -0.3161
vn 0.9807 -0.1859 0.0601
vn 0.7974 -0.1194 -0.5915
vn 0.6247 -0.1859 -0.7584
vn -0.0098 -0.1195 -0.9928
vn 0.3602 -0.1859 -0.9142
vn -0.2699 0.5307 -0.8035
vn -0.3764 0.7751 -0.5075
vn -0.2011 0.7752 -0.5989
vn -0.6906 0.5307 -0.4914
vn -0.5049 0.5307 -0.6807
vn -0.8086 0.5307 -0.2539
vn -0.5186 0.7505 -0.4097
vn -0.8475 0.5307 0.0084
vn -0.6198 0.7505 -0.2295
vn -0.8035 0.5307 0.2699
vn -0.6604 0.7505 -0.0268
vn -0.6807 0.5307 0.5049
vn -0.6363 0.7505 0.1787
vn -0.3664 0.7751 0.5148
vn -0.5501 0.7504 0.3664
vn -0.4914 0.5307 0.6906
vn -0.1893 0.7751 0.6029
vn 0.0084 0.5307 0.8475
vn -0.2539 0.5307 0.8086
vn 0.2699 0.5307 0.8035
vn -0.0268 0.7504 0.6604
vn 0.5049 0.5307 0.6807
vn 0.1786 0.7505 0.6363
vn 0.6906 0.5307 0.4914
vn 0.3665 0.7505 0.5500
vn 0.8086 0.5307 0.2539
vn 0.5186 0.7505 0.4097
vn 0.8475 0.5307 -0.0084
vn 0.6198 0.7505 0.2295
vn 0.5990 0.7751 -0.2012
vn 0.6604 0.7504 0.0269
vn 0.6807 0.5307 -0.5049
vn 0.8035 0.5307 -0.2699
vn 0.3664 0.7750 -0.5149
vn 0.5500 0.7504 -0.3664
vn 0.2539 0.5307 -0.8086
vn 0.4914 0.5307 -0.6906
vn -0.0084 0.5307 -0.8475
vn 0.2296 0.7505 -0.6198
vn 0.0268 0.7505 -0.6604
vn -0.2193 0.9298 -0.2957
vn -0.1172 0.9298 -0.3490
vn -0.3000 0.9298 -0.2135
vn -0.3513 0.9298 -0.1103
vn -0.3490 0.9298 0.1172
vn -0.3681 0.9298 0.0036
vn -0.2135 0.9298 0.3000
vn -0.2957 0.9298 0.2193
vn -0.1103 0.9298 0.3513
vn 0.1172 0.9298 0.3490
vn 0.0036 0.9298 0.3681
vn 0.2193 0.9298 0.2957
vn 0.3000 0.9298 0.2135
vn 0.3512 0.9298 0.1103
vn 0.3490 0.9298 -0.1172
vn 0.3681 0.9298 -0.0036
vn 0.2957 0.9298 -0.2193
vn 0.2135 0.9298 -0.3000
vn -0.0036 0.9298 -0.3681
vn 0.1103 0.9298 -0.3513
vn -0.5914 0.1204 -0.7973
vn -0.3161 0.1205 -0.9411
vn -0.8703 0.3203 -0.3741
vn -0.9433 0.3203 -0.0868
vn -0.9240 0.3203 0.2089
vn -0.8139 0.3203 0.4848
vn -0.6247 0.3203 0.7121
vn -0.2974 0.1211 0.9470
vn -0.3757 0.3203 0.8696
vn 0.0098 0.1198 0.9927
vn 0.4842 0.3203 0.8142
vn 0.7118 0.3203 0.6251
vn 0.9471 0.1205 0.2974
vn 0.8696 0.3203 0.3757
vn 0.9927 0.1198 -0.0098
vn 0.8144 0.3203 -0.4839
vn 0.6243 0.3203 -0.7125
vn 0.3741 0.3203 -0.8703
vn 0.0873 0.3203 -0.9433
vn -0.2072 0.3203 -0.9244
vn -0.2310 0.6882 -0.6878
vn -0.5912 0.6882 -0.4206
vn -0.4432 0.7146 -0.5413
vn -0.6922 0.6882 -0.2174
vn -0.7255 0.6882 0.0072
vn -0.6878 0.6882 0.2310
vn -0.5412 0.7146 0.4433
vn -0.3778 0.7146 0.5888
vn -0.1773 0.7146 0.6767
vn 0.0405 0.7146 0.6984
vn 0.2543 0.7146 0.6517
vn 0.5911 0.6882 0.4206
vn 0.4432 0.7146 0.5413
vn 0.6922 0.6882 0.2174
vn 0.6984 0.7146 -0.0405
vn 0.5828 0.6882 -0.4322
vn 0.6517 0.7146 -0.2543
vn 0.3778 0.7146 -0.5888
vn -0.0072 0.6882 -0.7255
vn 0.1774 0.7146 -0.6767
vn -0.1194 0.9270 -0.3556
vn -0.2141 0.9019 -0.3751
vn -0.3579 0.9270 -0.1124
vn -0.3194 0.9019 -0.2908
vn -0.3554 0.9270 0.1194
vn -0.4293 0.9019 -0.0475
vn -0.3012 0.9270 0.2234
vn -0.2174 0.9270 0.3055
vn -0.1124 0.9270 0.3579
vn 0.1194 0.9270 0.3556
vn -0.0475 0.9019 0.4293
vn 0.3056 0.9270 0.2175
vn 0.2140 0.9019 0.3752
vn 0.3937 0.9019 0.1776
vn 0.4293 0.9019 0.0473
vn 0.3013 0.9270 -0.2235
vn 0.4230 0.9019 -0.0875
vn 0.2906 0.9019 -0.3195
vn -0.0037 0.9270 -0.3749
vn 0.1778 0.9019 -0.3937
vn -0.1198 0.9796 -0.1615
vn -0.0640 0.9796 -0.1906
vn -0.1639 0.9796 -0.1166
vn -0.2011 0.9796 0.0020
vn -0.1919 0.9796 -0.0603
vn -0.1906 0.9796 0.0640
vn -0.1615 0.9796 0.1198
vn -0.1166 0.9796 0.1639
vn -0.0603 0.9796 0.1919
vn 0.0020 0.9796 0.2011
vn 0.0640 0.9796 0.1906
vn 0.1198 0.9796 0.1615
vn 0.1639 0.9796 0.1166
vn 0.1919 0.9796 0.0603
vn 0.2011 0.9796 -0.0020
vn 0.1906 0.9796 -0.0640
vn 0.1615 0.9796 -0.1198
vn 0.1166 0.9796 -0.1639
vn -0.0020 0.9796 -0.2011
vn 0.0603 0.9796 -0.1919
vn -0.3183 -0.0000 -0.9480
vn -0.9541 -0.0000 -0.2995
vn -0.8149 -0.0000 -0.5797
vn 0.9480 -0.0000 -0.3183
vn 0.5797 -0.0000 -0.8148
vn -0.8149 -0.0000 -0.5796
vn -0.9541 -0.0000 -0.2994
vn 0.8148 -0.0000 0.5797
vn 1.0000 -0.0000 -0.0098
vn -0.4627 -0.0000 -0.8865
vn -0.7140 -0.0000 -0.7002
vn -0.8956 -0.0000 -0.4448
vn -0.9892 -0.0000 -0.1466
vn -0.9861 -0.0000 0.1660
vn -0.8864 -0.0000 0.4629
vn -0.4452 -0.0000 0.8954
vn -0.1467 -0.0000 0.9892
vn 0.1662 -0.0000 0.9861
vn 0.4627 -0.0000 0.8865
vn 0.8955 -0.0000 0.4451
vn 0.9892 -0.0000 0.1467
vn 0.9861 -0.0000 -0.1661
vn 0.8865 -0.0000 -0.4627
vn 0.4453 -0.0000 -0.8954
vn 0.1466 -0.0000 -0.9892
vn -0.1661 -0.0000 -0.9861
vn -0.0991 -0.9807 -0.1684
vn -0.0638 -0.9797 -0.1900
vn -0.2719 -0.9427 -0.1935
vn -0.1751 -0.9477 -0.2669
vn -0.1703 -0.9807 -0.0957
vn -0.3163 -0.9427 0.1063
vn -0.1683 -0.9807 0.0991
vn -0.1295 -0.9807 0.1463
vn -0.1000 -0.9427 0.3184
vn -0.0188 -0.9807 0.1945
vn -0.0127 -0.9867 0.1620
vn 0.1062 -0.9427 0.3164
vn -0.0152 -0.9477 0.3188
vn 0.0991 -0.9807 0.1683
vn 0.0850 -0.9867 0.1385
vn 0.1751 -0.9477 0.2669
vn 0.2985 -0.9477 0.1131
vn 0.3163 -0.9427 -0.1063
vn 0.1934 -0.9427 -0.2719
vn 0.0957 -0.9807 -0.1702
vn 0.1000 -0.9427 -0.3184
vn 0.0188 -0.9807 -0.1944
vn 0.0126 -0.9867 -0.1620
vn 0.0152 -0.9477 -0.3188
vn -0.2655 -0.8870 -0.3779
vn -0.3692 -0.8870 -0.2774
vn -0.4369 -0.8870 -0.1497
vn -0.4617 -0.8870 -0.0073
vn -0.3781 -0.8822 0.2805
vn 0.0046 -0.8822 0.4708
vn 0.1357 -0.8870 0.4414
vn 0.2654 -0.8870 0.3779
vn 0.4708 -0.8822 -0.0046
vn 0.4368 -0.8870 0.1496
vn 0.3781 -0.8822 -0.2805
vn -0.0047 -0.8822 -0.4708
vn 0.1497 -0.8870 -0.4368
vn -0.3469 -0.8046 -0.4819
vn -0.5722 -0.8002 -0.1797
vn -0.5997 -0.8002 0.0059
vn -0.5655 -0.8046 0.1810
vn -0.1797 -0.8002 0.5722
vn -0.3511 -0.8046 0.4788
vn 0.1909 -0.8002 0.5685
vn -0.0026 -0.8046 0.5937
vn 0.4887 -0.8002 0.3477
vn 0.5721 -0.8003 0.1797
vn 0.5997 -0.8002 -0.0059
vn 0.5655 -0.8046 -0.1810
vn 0.4819 -0.8046 -0.3469
vn 0.1859 -0.8046 -0.5639
vn -0.4188 -0.7027 -0.5751
vn -0.6825 -0.6987 -0.2143
vn -0.5761 -0.7027 -0.4175
vn -0.7115 -0.7027 0.0008
vn -0.4147 -0.6988 0.5829
vn -0.2143 -0.6988 0.6825
vn 0.0071 -0.6987 0.7153
vn 0.2206 -0.7027 0.6764
vn 0.6825 -0.6987 0.2143
vn 0.5761 -0.7027 0.4175
vn 0.6782 -0.6987 -0.2278
vn 0.4148 -0.6988 -0.5829
vn 0.5751 -0.7027 -0.4189
vn -0.6635 -0.5803 -0.4721
vn -0.4800 -0.5837 -0.6548
vn -0.8143 -0.5804 0.0080
vn -0.7733 -0.5837 -0.2476
vn 0.2593 -0.5804 0.7720
vn 0.0035 -0.5837 0.8119
vn 0.4851 -0.5804 0.6541
vn 0.6635 -0.5803 0.4722
vn 0.7733 -0.5837 0.2476
vn 0.6541 -0.5804 -0.4852
vn 0.4745 -0.5837 -0.6589
vn 0.2476 -0.5837 -0.7733
vn -0.0034 -0.5837 -0.8119
vn -0.5292 -0.4507 -0.7189
vn -0.8530 -0.4479 -0.2679
vn -0.7255 -0.4507 -0.5202
vn -0.8940 -0.4480 0.0088
vn -0.8473 -0.4506 0.2812
vn -0.5202 -0.4506 0.7255
vn -0.2705 -0.4507 0.8507
vn 0.2847 -0.4479 0.8475
vn 0.5326 -0.4480 0.7181
vn 0.7255 -0.4507 0.5202
vn 0.8507 -0.4507 0.2705
vn 0.7181 -0.4480 -0.5326
vn 0.5202 -0.4507 -0.7255
vn 0.2706 -0.4507 -0.8507
vn -0.0056 -0.4506 -0.8927
vn -0.3032 -0.3048 -0.9028
vn -0.7760 -0.3048 -0.5522
vn -0.5654 -0.3067 -0.7657
vn -0.9524 -0.3048 0.0094
vn -0.7650 -0.3048 0.5674
vn -0.9029 -0.3066 0.3011
vn -0.2854 -0.3048 0.9087
vn 0.0094 -0.3048 0.9524
vn 0.3011 -0.3066 0.9030
vn 0.7760 -0.3048 0.5522
vn 0.5654 -0.3066 0.7657
vn 0.9087 -0.3048 0.2854
vn 0.9518 -0.3066 -0.0073
vn 0.9029 -0.3066 -0.3011
vn 0.7657 -0.3067 -0.5654
vn -0.0094 -0.3048 -0.9524
vn -0.5886 -0.1543 -0.7936
vn -0.9427 -0.1542 -0.2960
vn -0.9368 -0.1552 0.3136
vn -0.7940 -0.1552 0.5877
vn -0.2960 -0.1543 0.9426
vn 0.0098 -0.1542 0.9880
vn 0.3135 -0.1552 0.9368
vn 0.8050 -0.1542 0.5728
vn 0.9366 -0.1542 -0.3146
vn 0.9878 -0.1552 -0.0087
vn 0.7940 -0.1552 -0.5877
vn 0.2960 -0.1543 -0.9426
vn 0.5736 -0.1552 -0.8043
vn -0.0088 -0.1552 -0.9878
vn -0.3146 0.1544 -0.9366
vn -0.5894 0.1553 -0.7928
vn -0.9880 0.1542 0.0098
vn -0.9428 0.1553 -0.2950
vn -0.5728 0.1544 0.8050
vn -0.7929 0.1553 0.5892
vn -0.2960 0.1544 0.9426
vn 0.0098 0.1543 0.9880
vn 0.5886 0.1543 0.7936
vn 0.3155 0.1553 0.9361
vn 0.8050 0.1543 0.5728
vn 0.9427 0.1542 0.2960
vn 0.9366 0.1542 -0.3146
vn 0.9878 0.1553 -0.0108
vn 0.7928 0.1553 -0.5893
vn -0.0098 0.1543 -0.9880
vn -0.7760 0.3048 -0.5522
vn -0.5686 0.3068 -0.7632
vn -0.9087 0.3068 -0.2832
vn -0.9029 0.3048 0.3032
vn -0.7649 0.3048 0.5674
vn 0.0115 0.3068 0.9517
vn 0.3050 0.3068 0.9016
vn 0.5687 0.3068 0.7632
vn 0.7766 0.3068 0.5502
vn 0.7649 0.3048 -0.5674
vn -0.0115 0.3068 -0.9517
vn -0.5326 0.4479 -0.7181
vn -0.8530 0.4480 -0.2679
vn -0.7290 0.4511 -0.5148
vn -0.8475 0.4480 0.2847
vn -0.8924 0.4511 0.0120
vn -0.7149 0.4511 0.5343
vn -0.5148 0.4511 0.7290
vn -0.2643 0.4511 0.8524
vn 0.2847 0.4480 0.8475
vn 0.5326 0.4480 0.7181
vn 0.7291 0.4511 0.5148
vn 0.7181 0.4480 -0.5326
vn 0.5183 0.4479 -0.7285
vn 0.2679 0.4480 -0.8530
vn -0.4852 0.5803 -0.6541
vn -0.7755 0.5844 -0.2388
vn -0.7720 0.5804 0.2593
vn -0.8113 0.5844 0.0126
vn -0.2440 0.5804 0.7770
vn 0.0080 0.5804 0.8143
vn 0.4870 0.5844 0.6490
vn 0.6638 0.5844 0.4667
vn 0.8143 0.5803 -0.0080
vn 0.6541 0.5803 -0.4852
vn 0.7678 0.5844 -0.2626
vn 0.2440 0.5804 -0.7770
vn -0.0080 0.5803 -0.8143
vn -0.4262 0.6987 -0.5746
vn -0.5829 0.6988 -0.4147
vn -0.6825 0.6987 -0.2143
vn -0.6781 0.6987 0.2278
vn -0.7104 0.7037 0.0132
vn -0.5669 0.7037 0.4283
vn -0.4068 0.7037 0.5825
vn 0.0071 0.6987 0.7153
vn -0.2070 0.7037 0.6797
vn 0.2321 0.7037 0.6715
vn 0.4283 0.7037 0.5669
vn 0.6825 0.6987 0.2143
vn 0.5825 0.7037 0.4069
vn 0.6781 0.6988 -0.2278
vn 0.4148 0.6988 -0.5829
vn 0.5670 0.7037 -0.4282
vn -0.4887 0.8002 -0.3477
vn -0.3594 0.8059 -0.4704
vn -0.5673 0.8059 -0.1693
vn -0.5585 0.8059 0.1965
vn -0.4704 0.8059 0.3594
vn -0.3363 0.8059 0.4872
vn -0.1693 0.8059 0.5673
vn 0.0142 0.8059 0.5919
vn 0.3573 0.8002 0.4817
vn 0.4886 0.8002 0.3477
vn 0.5997 0.8002 -0.0059
vn 0.5673 0.8059 0.1693
vn 0.4704 0.8059 -0.3594
vn 0.3363 0.8059 -0.4872
vn -0.0143 0.8059 -0.5918
vn -0.2805 0.8822 -0.3781
vn -0.3836 0.8822 -0.2730
vn -0.4411 0.8885 -0.1261
vn -0.3782 0.8822 0.2805
vn 0.0046 0.8822 0.4708
vn -0.1261 0.8885 0.4411
vn 0.1573 0.8885 0.4310
vn 0.3806 0.8885 0.2562
vn 0.4412 0.8885 0.1261
vn 0.4463 0.8822 -0.1499
vn 0.4585 0.8885 -0.0164
vn 0.3782 0.8822 -0.2805
vn 0.1411 0.8822 -0.4492
vn -0.0046 0.8822 -0.4708
vn -0.1988 0.9427 -0.2680
vn -0.2719 0.9427 -0.1935
vn -0.3184 0.9427 -0.1000
vn -0.3337 0.9427 0.0033
vn -0.2912 0.9494 0.1173
vn -0.0763 0.9494 0.3045
vn 0.1063 0.9427 0.3163
vn 0.0214 0.9494 0.3132
vn 0.1988 0.9427 0.2680
vn 0.3184 0.9427 0.1000
vn 0.3163 0.9427 -0.1062
vn 0.3132 0.9494 -0.0214
vn 0.2408 0.9494 -0.2015
vn 0.1000 0.9427 -0.3184
vn -0.1195 0.9797 -0.1611
vn -0.0638 0.9797 -0.1900
vn -0.1502 0.9867 -0.0620
vn -0.2005 0.9797 0.0020
vn -0.1620 0.9867 -0.0127
vn -0.1385 0.9867 0.0849
vn -0.1163 0.9797 0.1634
vn 0.0020 0.9797 0.2005
vn -0.0127 0.9867 0.1619
vn 0.1195 0.9797 0.1610
vn 0.0850 0.9867 0.1385
vn 0.1633 0.9797 0.1162
vn 0.1912 0.9797 0.0601
vn 0.1385 0.9867 -0.0850
vn 0.1054 0.9867 -0.1237
vn 0.0620 0.9867 -0.1502
vn -0.0020 0.9797 -0.2004
vn 0.0127 0.9867 -0.1620
vn -0.0080 0.5878 -0.8090
vn -0.0094 0.3090 -0.9510
vn -0.0058 0.8090 -0.5878
vn -0.0031 0.9511 -0.3090
vn 0.0031 0.9511 0.3090
vn 0.0058 0.8090 0.5878
vn 0.0080 0.5878 0.8090
vn 0.0094 0.3090 0.9510
vn 0.0094 -0.3090 0.9510
vn 0.0080 -0.5878 0.8090
vn 0.0058 -0.8090 0.5878
vn 0.0031 -0.9511 0.3090
vn -0.0031 -0.9511 -0.3090
vn -0.0058 -0.8090 -0.5878
vn -0.0080 -0.5878 -0.8090
vn -0.0094 -0.3090 -0.9510
vn -0.3177 0.0002 -0.9482
vn -0.6114 0.0137 -0.7912
vn -0.8296 0.0224 -0.5578
vn -0.9529 0.0010 -0.3034
vn -0.9999 0.0014 0.0135
vn -0.9382 0.0334 0.3444
vn -0.7896 0.0292 0.6129
vn -0.5681 0.0217 0.8227
vn -0.2943 0.0122 0.9556
vn 0.0080 0.0025 1.0000
vn 0.3116 -0.0055 0.9502
vn 0.5880 -0.0103 0.8088
vn 0.8091 -0.0114 0.5875
vn 0.9513 -0.0102 0.3080
vn 1.0000 -0.0083 -0.0015
vn 0.9507 -0.0068 -0.3099
vn 0.8089 -0.0067 -0.5880
vn 0.5867 -0.0070 -0.8098
vn 0.3038 -0.0057 -0.9527
vn -0.0125 -0.0018 -0.9999
vn 0.0075 -0.9997 -0.0243
vn 0.0150 -0.9997 -0.0214
vn -0.0003 -1.0000 0.0002
vn 0.0213 -0.9996 -0.0160
vn 0.0242 -0.9996 -0.0126
vn 0.0001 1.0000 -0.0000
vn 0.0272 -0.9996 0.0040
vn 0.0258 -0.9996 0.0082
vn 0.0216 -0.9996 0.0156
vn 0.0154 -0.9997 0.0211
vn 0.0080 -0.9997 0.0242
vn 0.0001 -0.9997 0.0247
vn -0.0074 -0.9997 0.0229
vn -0.0137 -0.9997 0.0191
vn -0.0186 -0.9997 0.0137
vn -0.0216 -0.9997 0.0072
vn -0.0227 -0.9997 0.0002
vn -0.0218 -0.9997 -0.0068
vn -0.0188 -0.9997 -0.0133
vn -0.0141 -0.9997 -0.0188
vn -0.0078 -0.9997 -0.0228
vn -0.0004 -0.9997 -0.0247
vn -0.3471 0.0201 -0.9376
vn -0.6181 0.0386 -0.7852
vn -0.8263 0.0542 -0.5607
vn -0.9995 0.0226 0.0217
vn -0.9893 0.0374 -0.1412
vn -0.9875 0.0614 -0.1449
vn -0.9498 0.0642 0.3061
vn -0.9843 0.0668 0.1633
vn -0.8150 0.0542 0.5769
vn -0.6024 0.0386 0.7972
vn -0.3286 0.0201 0.9443
vn -0.0181 0.0019 0.9998
vn 0.2974 -0.0126 0.9547
vn 0.5838 -0.0208 0.8116
vn 0.8099 -0.0224 0.5861
vn 0.9528 -0.0200 0.3028
vn 0.9998 -0.0182 -0.0099
vn 0.9467 -0.0200 -0.3215
vn 0.7982 -0.0224 -0.6020
vn 0.5677 -0.0208 -0.8230
vn 0.2785 -0.0126 -0.9604
vn -0.0379 0.0019 -0.9993
vn -0.5864 0.0987 -0.8040
vn -0.3261 0.0993 -0.9401
vn -0.3105 0.0494 -0.9493
vn -0.8026 0.1407 -0.5797
vn -0.5832 0.1926 -0.7892
vn -0.8829 0.1574 -0.4424
vn -0.7820 0.2652 -0.5640
vn -0.9378 0.3155 -0.1447
vn -0.9733 0.1773 -0.1457
vn -0.9361 0.3210 -0.1442
vn -0.8987 0.3091 0.3111
vn -0.9703 0.1773 0.1648
vn -0.9330 0.1693 0.3176
vn -0.7694 0.2602 0.5833
vn -0.7910 0.1407 0.5954
vn -0.5659 0.1861 0.8032
vn -0.5704 0.0987 0.8154
vn -0.3037 0.0954 0.9480
vn -0.2917 0.0494 0.9552
vn -0.0061 -0.0013 1.0000
vn 0.0179 -0.0006 0.9998
vn 0.2965 -0.0929 0.9505
vn 0.3264 -0.0450 0.9441
vn 0.5699 -0.1699 0.8040
vn 0.6014 -0.0801 0.7949
vn 0.7837 -0.2265 0.5784
vn 0.8151 -0.1044 0.5698
vn 0.9179 -0.2601 0.2996
vn 0.9487 -0.1189 0.2930
vn 0.9626 -0.2708 -0.0060
vn 0.9923 -0.1239 -0.0098
vn 0.9428 -0.1189 -0.3113
vn 0.8037 -0.1045 -0.5858
vn 0.9142 -0.2593 -0.3115
vn 0.5857 -0.0801 -0.8066
vn 0.7757 -0.2241 -0.5900
vn 0.3077 -0.0450 -0.9504
vn 0.5571 -0.1659 -0.8137
vn -0.0018 -0.0006 -1.0000
vn 0.2794 -0.0872 -0.9562
vn -0.0258 0.0056 -0.9997
vn -0.2848 0.1883 -0.9399
vn -0.5024 0.3698 -0.7816
vn -0.8495 0.2933 -0.4385
vn -0.6689 0.5010 -0.5492
vn -0.8061 0.5731 -0.1474
vn -0.8036 0.5767 -0.1470
vn -0.9330 0.3209 0.1626
vn -0.7725 0.5559 0.3070
vn -0.8006 0.5767 0.1625
vn -0.6626 0.4746 0.5794
vn -0.4895 0.3479 0.7996
vn -0.2662 0.1883 0.9453
vn -0.0111 0.0119 0.9999
vn 0.2512 -0.1625 0.9542
vn 0.4921 -0.3166 0.8110
vn 0.6838 -0.4350 0.5858
vn 0.8057 -0.5088 0.3032
vn 0.8456 -0.5338 -0.0084
vn 0.7913 -0.5422 -0.2827
vn 0.6756 -0.4638 -0.5731
vn 0.4853 -0.3368 -0.8069
vn 0.2422 -0.1715 -0.9549
vn -0.0237 0.0150 -0.9996
vn -0.2066 0.2526 -0.9453
vn -0.3727 0.4628 -0.8043
vn -0.7285 0.5230 -0.4425
vn -0.5030 0.6355 -0.5858
vn -0.5986 0.7870 -0.1491
vn -0.5968 0.7885 -0.1487
vn -0.5722 0.7599 0.3085
vn -0.5938 0.7885 0.1602
vn -0.4884 0.6487 0.5837
vn -0.3570 0.4741 0.8048
vn -0.1879 0.2526 0.9492
vn 0.0041 0.0058 1.0000
vn 0.2002 -0.2400 0.9499
vn 0.3786 -0.4591 0.8037
vn 0.5193 -0.6286 0.5789
vn 0.6081 -0.7351 0.2998
vn 0.6365 -0.7712 -0.0064
vn 0.6112 -0.7184 -0.3322
vn 0.5103 -0.6122 -0.6039
vn 0.3615 -0.4461 -0.8187
vn 0.1801 -0.2332 -0.9556
vn -0.0156 0.0058 -0.9999
vn -0.1403 0.3056 -0.9418
vn -0.2365 0.5618 -0.7927
vn -0.5426 0.7133 -0.4436
vn -0.3117 0.7613 -0.5685
vn -0.3775 0.9135 -0.1519
vn -0.3732 0.9153 -0.1516
vn -0.3569 0.8834 0.3038
vn -0.3702 0.9153 0.1589
vn -0.3056 0.7572 0.5772
vn -0.2256 0.5588 0.7981
vn -0.1217 0.3056 0.9444
vn -0.0018 0.0212 0.9998
vn 0.1231 -0.2662 0.9560
vn 0.2397 -0.5273 0.8152
vn 0.3335 -0.7335 0.5922
vn 0.3938 -0.8656 0.3094
vn 0.4127 -0.9109 -0.0042
vn 0.3824 -0.8710 -0.3084
vn 0.3201 -0.7392 -0.5926
vn 0.2243 -0.5317 -0.8167
vn 0.1069 -0.2692 -0.9571
vn -0.0177 0.0206 -0.9996
vn -0.0372 0.3176 -0.9475
vn -0.0621 0.5894 -0.8055
vn -0.3375 0.8280 -0.4479
vn -0.0791 0.8072 -0.5850
vn -0.0879 0.9840 -0.1551
vn -0.0863 0.9841 -0.1551
vn -0.0787 0.9489 0.3057
vn -0.0832 0.9841 0.1567
vn -0.0641 0.8104 0.5824
vn -0.0434 0.5933 0.8038
vn -0.0185 0.3175 0.9481
vn 0.0081 0.0097 0.9999
vn 0.0338 -0.3000 0.9533
vn 0.0560 -0.5812 0.8118
vn 0.0725 -0.8038 0.5905
vn 0.0816 -0.9472 0.3101
vn 0.0829 -0.9966 -0.0011
vn 0.0901 -0.9409 -0.3265
vn 0.0715 -0.7954 -0.6018
vn 0.0465 -0.5737 -0.8178
vn 0.0180 -0.2965 -0.9549
vn -0.0111 0.0096 -0.9999
vn 0.0034 0.5898 -0.8075
vn -0.0039 0.3118 -0.9501
vn 0.0109 0.8102 -0.5861
vn -0.0793 0.8887 -0.4516
vn 0.0203 0.9875 -0.1566
vn 0.0201 0.9875 -0.1564
vn 0.0236 0.9513 0.3073
vn 0.0233 0.9875 0.1559
vn 0.0238 0.8088 0.5876
vn 0.0199 0.5883 0.8084
vn 0.0147 0.3101 0.9506
vn 0.0055 -0.3063 0.9519
vn 0.0089 0.0018 1.0000
vn -0.0011 -0.5861 0.8103
vn -0.0056 -0.9507 0.3100
vn -0.0054 -0.8074 0.5900
vn -0.0112 -0.9999 0.0023
vn -0.0137 -0.8079 -0.5891
vn -0.0132 -0.9516 -0.3069
vn -0.0144 -0.5861 -0.8101
vn -0.0132 -0.3066 -0.9517
vn -0.0096 0.0031 -0.9999
vn 0.0798 0.3185 -0.9446
vn 0.1480 0.5738 -0.8055
vn 0.0143 0.8911 -0.4536
vn 0.2048 0.7818 -0.5890
vn 0.2644 0.9512 -0.1591
vn 0.2643 0.9513 -0.1588
vn 0.2596 0.9181 0.2993
vn 0.2673 0.9513 0.1537
vn 0.2257 0.7867 0.5745
vn 0.1704 0.5808 0.7960
vn 0.0984 0.3183 0.9429
vn 0.0164 0.0238 0.9996
vn -0.0678 -0.2747 0.9591
vn -0.1465 -0.5494 0.8226
vn -0.2107 -0.7694 0.6030
vn -0.2540 -0.9127 0.3200
vn -0.2708 -0.9626 0.0024
vn -0.2431 -0.9120 -0.3302
vn -0.2076 -0.7657 -0.6087
vn -0.1515 -0.5456 -0.8243
vn -0.0803 -0.2745 -0.9582
vn -0.0013 0.0207 -0.9998
vn 0.3369 0.4923 -0.8026
vn 0.1799 0.2663 -0.9470
vn 0.4597 0.6708 -0.5820
vn 0.5000 0.7360 -0.4564
vn 0.5590 0.8135 -0.1606
vn 0.5617 0.8115 -0.1610
vn 0.5620 0.8135 0.1498
vn 0.5611 0.7627 0.3216
vn 0.4818 0.6463 0.5917
vn 0.3579 0.4707 0.8065
vn 0.1998 0.2524 0.9468
vn 0.0202 0.0125 0.9997
vn -0.1650 -0.2265 0.9599
vn -0.3379 -0.4440 0.8299
vn -0.4815 -0.6181 0.6213
vn -0.5801 -0.7349 0.3514
vn -0.5653 -0.7657 -0.3067
vn -0.6213 -0.7824 0.0438
vn -0.4801 -0.6503 -0.5887
vn -0.3469 -0.4696 -0.8119
vn -0.1801 -0.2404 -0.9538
vn 0.0020 0.0137 -0.9999
vn 0.4734 0.3609 -0.8035
vn 0.2536 0.1936 -0.9478
vn 0.6450 0.4940 -0.5831
vn 0.7036 0.5441 -0.4570
vn 0.7824 0.6013 -0.1623
vn 0.7842 0.5988 -0.1628
vn 0.7854 0.6013 0.1470
vn 0.7569 0.5853 0.2907
vn 0.6527 0.5002 0.5690
vn 0.4847 0.3667 0.7941
vn 0.2664 0.1971 0.9435
vn 0.0171 0.0098 0.9998
vn -0.2386 -0.1752 0.9552
vn -0.4729 -0.3398 0.8130
vn -0.6597 -0.4653 0.5901
vn -0.7796 -0.5440 0.3102
vn -0.7863 -0.5391 -0.3020
vn -0.8210 -0.5709 0.0014
vn -0.6688 -0.4609 -0.5833
vn -0.4840 -0.3361 -0.8079
vn -0.2511 -0.1744 -0.9521
vn 0.0041 0.0088 -1.0000
vn 0.5672 0.1970 -0.7997
vn 0.3083 0.1047 -0.9455
vn 0.7685 0.2716 -0.5793
vn 0.8363 0.3034 -0.4566
vn 0.9289 0.3326 -0.1630
vn 0.9305 0.3278 -0.1634
vn 0.9319 0.3326 0.1448
vn 0.8980 0.3501 0.2666
vn 0.7797 0.3010 0.5490
vn 0.5834 0.2219 0.7813
vn 0.3242 0.1205 0.9383
vn 0.0255 0.0094 0.9996
vn -0.2806 -0.0982 0.9548
vn -0.5589 -0.1924 0.8066
vn -0.7755 -0.2614 0.5746
vn -0.9090 -0.3026 0.2867
vn -0.9144 -0.2707 -0.3009
vn -0.9487 -0.3152 -0.0256
vn -0.7780 -0.2336 -0.5833
vn -0.5621 -0.1724 -0.8089
vn -0.2879 -0.0905 -0.9534
vn 0.0135 0.0052 -0.9999
vn 0.5685 0.1096 -0.8154
vn 0.2915 0.0555 -0.9550
vn 0.7884 0.1549 -0.5953
vn 0.8710 0.1726 -0.4599
vn 0.9862 0.1361 -0.0947
vn 0.9643 0.1342 -0.2284
vn 0.9702 0.1936 0.1458
vn 0.9361 0.1852 0.2989
vn 0.7998 0.1548 0.5800
vn 0.5848 0.1096 0.8037
vn 0.3100 0.0555 0.9491
vn 0.0037 -0.0005 1.0000
vn -0.3033 -0.0520 0.9515
vn -0.5812 -0.0947 0.8082
vn -0.7986 -0.1255 0.5886
vn -0.9386 -0.1444 0.3134
vn -0.9446 -0.1444 -0.2946
vn -0.9885 -0.1509 0.0094
vn -0.8102 -0.1255 -0.5726
vn -0.5966 -0.0946 -0.7970
vn -0.3227 -0.0522 -0.9451
vn -0.0158 -0.0005 -0.9999
vn 0.0272 -0.9996 -0.0046
vn 0.3301 0.0084 -0.9439
vn 0.5871 0.0265 -0.8091
vn 0.3100 0.0041 -0.9507
vn 0.6029 0.0308 -0.7972
vn 0.8066 0.0458 -0.5893
vn 0.8154 0.0490 -0.5768
vn 0.9478 0.0590 -0.3133
vn 0.9560 0.0605 0.2870
vn 0.9979 0.0637 -0.0100
vn 0.8264 0.0489 0.5609
vn 0.9537 0.0590 0.2950
vn 0.6188 0.0308 0.7849
vn 0.8179 0.0458 0.5735
vn 0.3485 0.0084 0.9373
vn 0.6034 0.0265 0.7970
vn 0.0403 -0.0148 0.9991
vn 0.3285 0.0040 0.9445
vn -0.2740 -0.0353 0.9611
vn 0.0206 -0.0181 0.9996
vn -0.5642 -0.0502 0.8241
vn -0.2894 -0.0367 0.9565
vn -0.7946 -0.0583 0.6044
vn -0.5734 -0.0495 0.8177
vn -0.9443 -0.0610 0.3233
vn -0.7986 -0.0565 0.5992
vn -0.9981 -0.0612 0.0095
vn -0.9453 -0.0596 0.3206
vn -0.9515 -0.0595 -0.3017
vn -0.9981 -0.0604 0.0095
vn -0.9506 -0.0609 -0.3044
vn -0.8104 -0.0565 -0.5832
vn -0.8064 -0.0583 -0.5885
vn -0.5890 -0.0495 -0.8066
vn -0.5799 -0.0502 -0.8131
vn -0.3091 -0.0367 -0.9503
vn -0.2937 -0.0353 -0.9552
vn 0.0012 -0.0181 -0.9998
vn 0.0209 -0.0148 -0.9997
vn -0.0991 -0.9807 -0.1685
vn -0.0639 -0.9797 -0.1900
vn -0.1750 -0.9477 -0.2669
vn -0.1791 -0.9807 -0.0780
vn -0.1502 -0.9867 -0.0621
vn -0.2985 -0.9477 -0.1130
vn -0.3163 -0.9427 0.1062
vn -0.1776 -0.9807 0.0815
vn -0.2680 -0.9427 0.1988
vn -0.1055 -0.9867 0.1236
vn -0.0780 -0.9807 0.1792
vn -0.1997 -0.9477 0.2489
vn 0.1463 -0.9807 0.1295
vn 0.1237 -0.9867 0.1054
vn 0.1792 -0.9807 0.0780
vn 0.3337 -0.9427 -0.0033
vn 0.1907 -0.9807 -0.0422
vn 0.1580 -0.9867 -0.0380
vn 0.1684 -0.9807 -0.0991
vn 0.3079 -0.9477 -0.0840
vn 0.2668 -0.9477 -0.1752
vn 0.0780 -0.9807 -0.1792
vn 0.0620 -0.9867 -0.1502
vn -0.2654 -0.8870 -0.3779
vn -0.4368 -0.8870 -0.1497
vn -0.2729 -0.8822 0.3836
vn 0.2805 -0.8822 0.3781
vn 0.3836 -0.8822 0.2729
vn 0.4368 -0.8870 0.1497
vn 0.4463 -0.8823 -0.1499
vn 0.1411 -0.8822 -0.4492
vn 0.2773 -0.8870 -0.3693
vn 0.0073 -0.8870 -0.4617
vn -0.4886 -0.8002 -0.3477
vn -0.4819 -0.8046 0.3469
vn -0.1860 -0.8046 0.5639
vn 0.1910 -0.8002 0.5685
vn 0.5639 -0.8046 0.1859
vn 0.5685 -0.8002 -0.1910
vn 0.5938 -0.8046 0.0025
vn 0.3511 -0.8046 -0.4789
vn -0.0059 -0.8002 -0.5997
vn -0.2278 -0.6987 -0.6781
vn -0.4189 -0.7027 -0.5751
vn -0.5746 -0.6987 0.4262
vn -0.6764 -0.7027 0.2206
vn 0.0071 -0.6988 0.7153
vn 0.2278 -0.6987 0.6782
vn 0.5828 -0.6988 0.4147
vn 0.7153 -0.6988 -0.0071
vn 0.6764 -0.7027 -0.2206
vn 0.2143 -0.6987 -0.6825
vn 0.4176 -0.7027 -0.5761
vn -0.6589 -0.5838 -0.4744
vn -0.8119 -0.5837 0.0035
vn -0.4721 -0.5804 0.6635
vn 0.4852 -0.5804 0.6541
vn 0.6635 -0.5804 0.4721
vn 0.8143 -0.5804 -0.0080
vn 0.7733 -0.5838 0.2476
vn 0.2440 -0.5804 -0.7769
vn -0.0080 -0.5804 -0.8143
vn -0.5326 -0.4480 -0.7181
vn -0.2846 -0.4480 -0.8475
vn -0.8507 -0.4506 -0.2706
vn -0.8473 -0.4506 0.2811
vn -0.7189 -0.4507 0.5292
vn -0.5202 -0.4507 0.7255
vn 0.0088 -0.4479 0.8940
vn 0.8507 -0.4507 0.2706
vn 0.8472 -0.4507 -0.2812
vn 0.2705 -0.4507 -0.8507
vn -0.0056 -0.4507 -0.8927
vn -0.9075 -0.3067 -0.2871
vn -0.9518 -0.3067 0.0073
vn -0.2872 -0.3067 0.9075
vn 0.3033 -0.3048 0.9029
vn 0.0074 -0.3066 0.9518
vn 0.7743 -0.3067 0.5535
vn 0.9518 -0.3067 -0.0074
vn -0.0074 -0.3066 -0.9518
vn -0.9426 -0.1542 -0.2960
vn -0.8043 -0.1552 -0.5736
vn -0.9878 -0.1552 0.0087
vn -0.5728 -0.1542 0.8050
vn 0.0098 -0.1543 0.9880
vn -0.2969 -0.1552 0.9422
vn 0.3136 -0.1552 0.9368
vn 0.5877 -0.1552 0.7941
vn 0.8043 -0.1552 0.5736
vn 0.9880 -0.1542 -0.0098
vn 0.9422 -0.1552 0.2969
vn 0.7941 -0.1552 -0.5877
vn 0.2960 -0.1544 -0.9426
vn -0.0098 -0.1543 -0.9880
vn -0.8050 0.1543 -0.5728
vn -0.5893 0.1553 -0.7928
vn -0.9366 0.1543 0.3146
vn -0.7936 0.1542 0.5886
vn -0.5728 0.1543 0.8050
vn 0.3146 0.1542 0.9366
vn 0.9880 0.1542 -0.0098
vn 0.9361 0.1553 -0.3156
vn 0.5720 0.1553 -0.8054
vn 0.2951 0.1553 -0.9428
vn -0.3032 0.3048 -0.9028
vn -0.7767 0.3068 -0.5501
vn -0.9029 0.3048 0.3033
vn -0.9517 0.3068 0.0115
vn -0.7632 0.3069 0.5687
vn -0.5501 0.3068 0.7767
vn 0.3032 0.3048 0.9029
vn 0.0114 0.3068 0.9517
vn 0.7760 0.3048 0.5522
vn 0.9524 0.3048 -0.0094
vn 0.5502 0.3068 -0.7766
vn -0.0114 0.3068 -0.9517
vn -0.5326 0.4480 -0.7181
vn -0.7284 0.4480 -0.5183
vn -0.8940 0.4480 0.0088
vn -0.5183 0.4480 0.7284
vn 0.0088 0.4480 0.8940
vn -0.2644 0.4511 0.8524
vn 0.7284 0.4480 0.5183
vn 0.8524 0.4511 0.2644
vn 0.5148 0.4511 -0.7290
vn -0.0088 0.4480 -0.8940
vn 0.2643 0.4511 -0.8524
vn -0.4851 0.5804 -0.6541
vn -0.2593 0.5804 -0.7719
vn -0.7678 0.5844 0.2627
vn 0.2593 0.5804 0.7720
vn 0.0126 0.5844 0.8113
vn 0.4851 0.5804 0.6541
vn 0.6541 0.5804 -0.4851
vn 0.7678 0.5844 -0.2627
vn 0.4721 0.5804 -0.6635
vn -0.2278 0.6987 -0.6781
vn -0.6825 0.6988 -0.2143
vn -0.5825 0.7037 -0.4069
vn -0.6781 0.6988 0.2278
vn -0.4069 0.7037 0.5825
vn 0.2278 0.6987 0.6781
vn 0.6825 0.6988 0.2143
vn 0.4147 0.6987 -0.5829
vn 0.2069 0.7037 -0.6797
vn -0.0132 0.7037 -0.7104
vn -0.3573 0.8002 -0.4817
vn -0.1910 0.8002 -0.5685
vn -0.4886 0.8002 -0.3477
vn -0.5722 0.8002 -0.1797
vn -0.5919 0.8059 0.0143
vn -0.3477 0.8002 0.4887
vn 0.1909 0.8002 0.5685
vn 0.0143 0.8059 0.5919
vn 0.5685 0.8002 -0.1910
vn 0.4817 0.8002 -0.3573
vn -0.2827 0.8885 -0.3613
vn -0.4708 0.8822 0.0046
vn -0.4310 0.8885 0.1573
vn -0.2729 0.8823 0.3836
vn -0.3613 0.8886 0.2828
vn 0.2805 0.8822 0.3781
vn 0.3806 0.8886 0.2562
vn 0.4411 0.8886 0.1261
vn 0.1261 0.8885 -0.4411
vn -0.2660 0.9495 -0.1667
vn -0.2912 0.9494 0.1172
vn -0.1935 0.9427 0.2719
vn -0.2408 0.9494 0.2014
vn 0.1062 0.9427 0.3163
vn 0.3183 0.9427 0.1000
vn 0.2660 0.9494 0.1667
vn 0.3336 0.9427 -0.0033
vn 0.1935 0.9427 -0.2719
vn 0.0764 0.9494 -0.3045
vn -0.0639 0.9797 -0.1900
vn -0.1501 0.9867 -0.0620
vn -0.2006 0.9797 0.0020
vn -0.1384 0.9867 0.0851
vn -0.1055 0.9867 0.1235
vn -0.0601 0.9797 0.1914
vn 0.0639 0.9797 0.1901
vn 0.0380 0.9867 0.1579
vn 0.1236 0.9867 0.1055
vn 0.1901 0.9797 -0.0638
vn 0.1610 0.9797 -0.1195
vn 0.1162 0.9797 -0.1634
vn 0.6140 -0.7893 -0.0061
vn -0.7719 -0.6358 0.0076
vn 0.8060 0.5919 -0.0080
vn -0.6140 0.7893 0.0061
vn -0.8778 0.4789 0.0087
vn -0.8778 -0.4789 0.0087
vn -0.5951 0.8036 0.0059
vn -0.5951 -0.8036 0.0059
vn -0.4813 0.8765 0.0048
vn -0.4813 -0.8765 0.0048
vn -0.1379 0.9904 0.0014
vn -0.1379 -0.9904 0.0014
vn 0.8949 -0.4462 -0.0088
vn 0.4461 0.8950 -0.0044
vn -0.8949 0.4462 0.0088
vn -0.4461 -0.8950 0.0044
vn 0.9659 -0.2588 -0.0095
vn 0.2588 0.9659 -0.0026
vn -0.9659 0.2588 0.0095
vn -0.2588 -0.9659 0.0026
vn -0.5877 0.8090 0.0058
vn -0.5877 -0.8090 0.0058
vn 0.5877 -0.8090 -0.0058
vn 0.5877 0.8090 -0.0058
vn -0.3703 -0.8908 -0.2635
vn -0.4544 -0.8908 0.0045
vn -0.2635 -0.8908 0.3703
vn 0.3703 -0.8908 0.2635
vn 0.3650 -0.8908 -0.2707
vn -0.6603 0.7446 -0.0979
vn 0.7001 -0.0000 -0.7141
vn -0.7001 -0.0000 0.7141
vn 0.9080 -0.4188 -0.0090
vn -0.0476 0.0296 0.9984
vn -0.0563 0.0269 -0.9981
vn -0.0598 0.0132 0.9981
vn -0.0674 0.0122 -0.9977
vn 0.9984 0.0296 0.0477
vn -0.9981 0.0269 0.0563
vn 0.9981 0.0132 0.0598
vn -0.9977 0.0122 0.0674
vn 0.0476 0.0296 -0.9984
vn 0.0563 0.0269 0.9981
vn 0.0598 0.0132 -0.9981
vn 0.0674 0.0122 0.9977
vn -0.9984 0.0296 -0.0476
vn 0.9981 0.0269 -0.0563
vn -0.9981 0.0132 -0.0598
vn 0.9977 0.0122 -0.0674
vn -0.1369 0.1122 0.9842
vn -0.0793 0.0598 -0.9951
vn 0.9842 0.1122 0.1369
vn -0.9951 0.0598 0.0793
vn 0.1369 0.1122 -0.9842
vn 0.0793 0.0598 0.9951
vn -0.9842 0.1121 -0.1369
vn 0.9951 0.0598 -0.0793
vn -0.5960 0.5247 0.6079
vn -0.1557 0.1432 -0.9774
vn 0.9774 0.1432 -0.1557
vn -0.6080 0.5246 -0.5960
vn 0.1557 0.1432 0.9774
vn 0.5960 0.5247 -0.6079
vn -0.9774 0.1432 0.1557
vn 0.6079 0.5246 0.5960
vn -0.8968 0.0598 -0.4383
vn -0.9874 0.0661 -0.1438
vn -0.9306 0.0628 -0.3607
vn -0.9732 0.1772 -0.1463
vn 0.2355 0.8582 -0.4560
vt 0.599569 0.863164
vt 0.598566 0.861702
vt 0.599569 0.861702
vt 0.599569 0.864918
vt 0.598566 0.863595
vt 0.599569 0.863595
vt 0.875843 0.802031
vt 0.874840 0.800569
vt 0.875843 0.800569
vt 0.861566 0.802068
vt 0.860563 0.800220
vt 0.861566 0.800220
vt 0.504036 0.950548
vt 0.503033 0.948927
vt 0.504036 0.948927
vt 0.539673 0.950414
vt 0.538670 0.948747
vt 0.539673 0.948747
vt 0.833012 0.800077
vt 0.832009 0.798917
vt 0.833012 0.798917
vt 0.532535 0.950414
vt 0.531532 0.948747
vt 0.532535 0.948747
vt 0.496897 0.950548
vt 0.495894 0.948927
vt 0.496897 0.948927
vt 0.854428 0.802068
vt 0.853424 0.800220
vt 0.854428 0.800220
vt 0.607365 0.816228
vt 0.606362 0.814766
vt 0.607365 0.814766
vt 0.607365 0.817981
vt 0.606362 0.816659
vt 0.607365 0.816659
vt 0.868704 0.802113
vt 0.867701 0.800651
vt 0.868704 0.800651
vt 0.847289 0.802068
vt 0.846286 0.800220
vt 0.847289 0.800220
vt 0.489759 0.950422
vt 0.488756 0.948802
vt 0.489759 0.948802
vt 0.525396 0.950594
vt 0.524393 0.948927
vt 0.525396 0.948927
vt 0.825874 0.799811
vt 0.824871 0.798650
vt 0.825874 0.798650
vt 0.518258 0.950594
vt 0.517255 0.948927
vt 0.518258 0.948927
vt 0.482621 0.950543
vt 0.481617 0.948923
vt 0.482621 0.948923
vt 0.840151 0.800171
vt 0.839148 0.798324
vt 0.840151 0.798324
vt 0.631275 0.801713
vt 0.632020 0.803175
vt 0.627032 0.804796
vt 0.630115 0.800552
vt 0.628653 0.799807
vt 0.627032 0.799550
vt 0.625411 0.799807
vt 0.623949 0.800552
vt 0.622788 0.801713
vt 0.622043 0.803175
vt 0.621786 0.804796
vt 0.622043 0.806417
vt 0.622788 0.807879
vt 0.623949 0.809039
vt 0.625411 0.809784
vt 0.627032 0.810041
vt 0.628653 0.809784
vt 0.630115 0.809039
vt 0.631275 0.807879
vt 0.632020 0.806417
vt 0.632277 0.804796
vt 0.613928 0.806417
vt 0.613183 0.807879
vt 0.608940 0.804796
vt 0.612023 0.809039
vt 0.610560 0.809784
vt 0.608940 0.810041
vt 0.607319 0.809784
vt 0.605856 0.809039
vt 0.604696 0.807879
vt 0.603951 0.806417
vt 0.603694 0.804796
vt 0.603951 0.803175
vt 0.604696 0.801713
vt 0.605856 0.800552
vt 0.607319 0.799807
vt 0.608940 0.799550
vt 0.610560 0.799807
vt 0.612023 0.800552
vt 0.613183 0.801713
vt 0.613928 0.803175
vt 0.614185 0.804796
vt 0.631869 0.801282
vt 0.875843 0.800138
vt 0.613776 0.808310
vt 0.612454 0.809632
vt 0.598566 0.863164
vt 0.628879 0.799110
vt 0.392205 0.949022
vt 0.391472 0.948019
vt 0.392205 0.948019
vt 0.610787 0.810482
vt 0.608940 0.810774
vt 0.384639 0.947793
vt 0.385336 0.948797
vt 0.384639 0.948797
vt 0.623518 0.799959
vt 0.625184 0.799110
vt 0.833012 0.798324
vt 0.605425 0.809632
vt 0.377807 0.947793
vt 0.378504 0.948797
vt 0.377807 0.948797
vt 0.621346 0.802948
vt 0.622195 0.801282
vt 0.371671 0.948570
vt 0.370974 0.947566
vt 0.371671 0.947566
vt 0.603254 0.806643
vt 0.832009 0.799646
vt 0.832009 0.800077
vt 0.621053 0.804796
vt 0.364839 0.948570
vt 0.364141 0.947567
vt 0.364839 0.947567
vt 0.602961 0.804796
vt 0.603254 0.802948
vt 0.357273 0.947643
vt 0.358006 0.948646
vt 0.357273 0.948646
vt 0.623518 0.809632
vt 0.622195 0.808310
vt 0.868704 0.800220
vt 0.605425 0.799959
vt 0.606362 0.816228
vt 0.627032 0.810774
vt 0.625184 0.810482
vt 0.351138 0.948646
vt 0.350404 0.947643
vt 0.351138 0.947643
vt 0.608940 0.798817
vt 0.343572 0.948046
vt 0.344269 0.949049
vt 0.343572 0.949049
vt 0.628879 0.810482
vt 0.825874 0.798057
vt 0.610787 0.799110
vt 0.612454 0.799959
vt 0.336739 0.948046
vt 0.337436 0.949049
vt 0.336739 0.949049
vt 0.632718 0.806643
vt 0.631869 0.808310
vt 0.330604 0.947680
vt 0.329907 0.946677
vt 0.330604 0.946677
vt 0.614625 0.802948
vt 0.824871 0.799380
vt 0.824871 0.799811
vt 0.632718 0.802948
vt 0.633010 0.804796
vt 0.323771 0.947680
vt 0.323074 0.946677
vt 0.323771 0.946677
vt 0.614625 0.806643
vt 0.316206 0.946677
vt 0.316939 0.947680
vt 0.316206 0.947680
vt 0.489785 0.941706
vt 0.491785 0.942325
vt 0.489785 0.942325
vt 0.489785 0.941214
vt 0.491785 0.941706
vt 0.799361 0.795393
vt 0.797360 0.794774
vt 0.799361 0.794774
vt 0.799361 0.796080
vt 0.797360 0.795393
vt 0.799361 0.796766
vt 0.797360 0.796080
vt 0.799361 0.797386
vt 0.797360 0.796766
vt 0.499529 0.944444
vt 0.501530 0.944936
vt 0.499529 0.944936
vt 0.499529 0.943824
vt 0.501530 0.944444
vt 0.499529 0.943138
vt 0.501530 0.943824
vt 0.499529 0.942451
vt 0.501530 0.943138
vt 0.499529 0.941831
vt 0.501530 0.942451
vt 0.499529 0.941340
vt 0.501530 0.941831
vt 0.807104 0.793446
vt 0.809105 0.794066
vt 0.807104 0.794066
vt 0.807104 0.792760
vt 0.809105 0.793446
vt 0.807104 0.792073
vt 0.809105 0.792760
vt 0.807104 0.791453
vt 0.809105 0.792073
vt 0.489785 0.944318
vt 0.491785 0.944810
vt 0.489785 0.944810
vt 0.489785 0.943699
vt 0.491785 0.944318
vt 0.489785 0.943012
vt 0.491785 0.943699
vt 0.491785 0.943012
vt 0.307733 0.939327
vt 0.308005 0.939860
vt 0.306186 0.940451
vt 0.307310 0.938904
vt 0.306777 0.938632
vt 0.306186 0.938539
vt 0.305596 0.938632
vt 0.305063 0.938904
vt 0.304640 0.939327
vt 0.304368 0.939860
vt 0.304275 0.940451
vt 0.304368 0.941041
vt 0.304640 0.941574
vt 0.305063 0.941997
vt 0.305596 0.942269
vt 0.306186 0.942362
vt 0.306777 0.942269
vt 0.307310 0.941997
vt 0.307733 0.941574
vt 0.308005 0.941041
vt 0.308098 0.940451
vt 0.319698 0.941054
vt 0.319427 0.941587
vt 0.317880 0.940463
vt 0.319004 0.942010
vt 0.318471 0.942281
vt 0.317880 0.942375
vt 0.317289 0.942281
vt 0.316756 0.942010
vt 0.316333 0.941587
vt 0.316062 0.941054
vt 0.315968 0.940463
vt 0.316062 0.939873
vt 0.316333 0.939340
vt 0.316756 0.938917
vt 0.317289 0.938645
vt 0.317880 0.938551
vt 0.318471 0.938645
vt 0.319004 0.938917
vt 0.319427 0.939340
vt 0.319698 0.939873
vt 0.319792 0.940463
vt 0.489582 0.941797
vt 0.489582 0.941340
vt 0.307493 0.938653
vt 0.306825 0.938485
vt 0.306873 0.938337
vt 0.306186 0.938228
vt 0.306186 0.938384
vt 0.305548 0.938485
vt 0.305500 0.938337
vt 0.304880 0.938653
vt 0.304972 0.938778
vt 0.499327 0.944353
vt 0.499327 0.943776
vt 0.499327 0.943138
vt 0.499327 0.942499
vt 0.499327 0.941923
vt 0.499327 0.941466
vt 0.304880 0.942248
vt 0.305548 0.942416
vt 0.305500 0.942564
vt 0.306186 0.942673
vt 0.306186 0.942517
vt 0.306825 0.942416
vt 0.306873 0.942564
vt 0.307401 0.942123
vt 0.307493 0.942248
vt 0.489582 0.944227
vt 0.489582 0.943651
vt 0.489582 0.943012
vt 0.489582 0.942373
vt 0.491988 0.941797
vt 0.491988 0.942373
vt 0.491988 0.941340
vt 0.319186 0.942261
vt 0.318519 0.942429
vt 0.319095 0.942135
vt 0.318567 0.942577
vt 0.317880 0.942530
vt 0.317193 0.942577
vt 0.317880 0.942686
vt 0.316665 0.942135
vt 0.317241 0.942429
vt 0.501733 0.944810
vt 0.501733 0.943776
vt 0.501733 0.944353
vt 0.501733 0.943138
vt 0.501733 0.942499
vt 0.501733 0.941466
vt 0.501733 0.941923
vt 0.316574 0.938665
vt 0.317241 0.938498
vt 0.316665 0.938791
vt 0.317880 0.938241
vt 0.317193 0.938350
vt 0.318567 0.938350
vt 0.317880 0.938396
vt 0.319095 0.938791
vt 0.318519 0.938498
vt 0.491988 0.944227
vt 0.491988 0.944684
vt 0.491988 0.943651
vt 0.491988 0.943012
vt 0.489425 0.941888
vt 0.489425 0.941466
vt 0.307401 0.938778
vt 0.499327 0.944810
vt 0.499170 0.944261
vt 0.499170 0.943728
vt 0.499170 0.943138
vt 0.499170 0.942547
vt 0.499170 0.942014
vt 0.499170 0.941591
vt 0.304972 0.942123
vt 0.489425 0.944559
vt 0.489425 0.944136
vt 0.489425 0.943603
vt 0.489425 0.943012
vt 0.489425 0.942421
vt 0.492145 0.941888
vt 0.492145 0.942421
vt 0.501890 0.944684
vt 0.501890 0.944261
vt 0.501890 0.943138
vt 0.501890 0.943728
vt 0.501890 0.942014
vt 0.501890 0.942547
vt 0.501890 0.941591
vt 0.492145 0.944559
vt 0.492145 0.944136
vt 0.492145 0.943012
vt 0.492145 0.943603
vt 0.509274 0.941831
vt 0.511275 0.942451
vt 0.509274 0.942451
vt 0.509274 0.941340
vt 0.511275 0.941831
vt 0.818850 0.792073
vt 0.816849 0.791453
vt 0.818850 0.791453
vt 0.818850 0.792760
vt 0.816849 0.792073
vt 0.818850 0.793446
vt 0.816849 0.792760
vt 0.818850 0.794066
vt 0.816849 0.793446
vt 0.519019 0.944444
vt 0.521020 0.944936
vt 0.519019 0.944936
vt 0.519019 0.943824
vt 0.521020 0.944444
vt 0.519019 0.943138
vt 0.521020 0.943824
vt 0.519019 0.942451
vt 0.521020 0.943138
vt 0.519019 0.941831
vt 0.521020 0.942451
vt 0.519019 0.941340
vt 0.521020 0.941831
vt 0.826594 0.793446
vt 0.828595 0.794066
vt 0.826594 0.794066
vt 0.826594 0.792760
vt 0.828595 0.793446
vt 0.826594 0.792073
vt 0.828595 0.792760
vt 0.826594 0.791453
vt 0.828595 0.792073
vt 0.509274 0.944444
vt 0.511275 0.944936
vt 0.509274 0.944936
vt 0.509274 0.943824
vt 0.511275 0.944444
vt 0.509274 0.943138
vt 0.511275 0.943824
vt 0.511275 0.943138
vt 0.331120 0.939340
vt 0.331392 0.939873
vt 0.329574 0.940463
vt 0.330698 0.938917
vt 0.330165 0.938645
vt 0.329574 0.938552
vt 0.328983 0.938645
vt 0.328450 0.938917
vt 0.328027 0.939340
vt 0.327756 0.939873
vt 0.327662 0.940463
vt 0.327756 0.941054
vt 0.328027 0.941587
vt 0.328450 0.942010
vt 0.328983 0.942281
vt 0.329574 0.942375
vt 0.330165 0.942281
vt 0.330698 0.942010
vt 0.331120 0.941587
vt 0.331392 0.941054
vt 0.331486 0.940463
vt 0.343086 0.942423
vt 0.342814 0.942956
vt 0.341267 0.941833
vt 0.342391 0.943379
vt 0.341858 0.943651
vt 0.341267 0.943744
vt 0.340677 0.943651
vt 0.340144 0.943379
vt 0.339721 0.942956
vt 0.339449 0.942423
vt 0.339356 0.941833
vt 0.339449 0.941242
vt 0.339721 0.940709
vt 0.340144 0.940286
vt 0.340677 0.940014
vt 0.341267 0.939921
vt 0.341858 0.940014
vt 0.342391 0.940286
vt 0.342814 0.940709
vt 0.343086 0.941242
vt 0.343179 0.941833
vt 0.509071 0.941923
vt 0.509071 0.941466
vt 0.330261 0.938350
vt 0.330789 0.938791
vt 0.330213 0.938498
vt 0.329574 0.938396
vt 0.329574 0.938241
vt 0.328935 0.938498
vt 0.328887 0.938350
vt 0.328268 0.938665
vt 0.328359 0.938791
vt 0.518816 0.944810
vt 0.518816 0.944353
vt 0.518816 0.943776
vt 0.518816 0.943138
vt 0.518816 0.942499
vt 0.518816 0.941923
vt 0.518816 0.941466
vt 0.328887 0.942577
vt 0.328359 0.942135
vt 0.328935 0.942429
vt 0.329574 0.942530
vt 0.329574 0.942686
vt 0.330261 0.942577
vt 0.330213 0.942429
vt 0.330880 0.942261
vt 0.330789 0.942135
vt 0.509071 0.944810
vt 0.509071 0.944353
vt 0.509071 0.943776
vt 0.509071 0.943138
vt 0.509071 0.942499
vt 0.511478 0.942499
vt 0.511478 0.941466
vt 0.511478 0.941923
vt 0.342574 0.943631
vt 0.341906 0.943798
vt 0.342482 0.943505
vt 0.341954 0.943946
vt 0.341267 0.943899
vt 0.340581 0.943946
vt 0.341267 0.944055
vt 0.339961 0.943631
vt 0.340629 0.943798
vt 0.521222 0.944810
vt 0.521222 0.943776
vt 0.521222 0.944353
vt 0.521222 0.943138
vt 0.521222 0.942499
vt 0.521222 0.941466
vt 0.521222 0.941923
vt 0.339961 0.940035
vt 0.340629 0.939867
vt 0.340053 0.940160
vt 0.341267 0.939610
vt 0.340581 0.939719
vt 0.341954 0.939719
vt 0.341267 0.939766
vt 0.342574 0.940035
vt 0.341906 0.939867
vt 0.511478 0.944810
vt 0.511478 0.943776
vt 0.511478 0.944353
vt 0.511478 0.943138
vt 0.508915 0.942547
vt 0.508915 0.942014
vt 0.508915 0.941591
vt 0.518659 0.944261
vt 0.518659 0.943728
vt 0.518659 0.943138
vt 0.518659 0.942547
vt 0.518659 0.942014
vt 0.518659 0.941591
vt 0.508915 0.944684
vt 0.508915 0.944261
vt 0.508915 0.943728
vt 0.508915 0.943138
vt 0.511635 0.942547
vt 0.511635 0.942014
vt 0.340053 0.943505
vt 0.521379 0.944684
vt 0.521379 0.943728
vt 0.521379 0.944261
vt 0.521379 0.943138
vt 0.521379 0.942014
vt 0.521379 0.942547
vt 0.521379 0.941591
vt 0.342482 0.940160
vt 0.511635 0.944684
vt 0.511635 0.943728
vt 0.511635 0.944261
vt 0.511635 0.943138
vt 0.391535 0.942064
vt 0.391747 0.941785
vt 0.391839 0.941965
vt 0.391416 0.941900
vt 0.391489 0.941973
vt 0.391424 0.941551
vt 0.391604 0.941642
vt 0.391224 0.941838
vt 0.391325 0.941854
vt 0.391025 0.941551
vt 0.391224 0.941519
vt 0.391032 0.941900
vt 0.391123 0.941854
vt 0.390960 0.941973
vt 0.390845 0.941642
vt 0.390913 0.942064
vt 0.390702 0.941785
vt 0.390578 0.942165
vt 0.390610 0.941965
vt 0.390913 0.942266
vt 0.390897 0.942165
vt 0.390702 0.942545
vt 0.390610 0.942365
vt 0.391032 0.942429
vt 0.390960 0.942357
vt 0.391123 0.942476
vt 0.390845 0.942688
vt 0.391224 0.942492
vt 0.391025 0.942779
vt 0.391424 0.942779
vt 0.391224 0.942811
vt 0.391325 0.942476
vt 0.391604 0.942688
vt 0.391416 0.942429
vt 0.391747 0.942545
vt 0.391535 0.942266
vt 0.391489 0.942357
vt 0.391870 0.942165
vt 0.391839 0.942365
vt 0.391551 0.942165
vt 0.392127 0.941872
vt 0.391782 0.941397
vt 0.391992 0.941607
vt 0.391517 0.941262
vt 0.390931 0.941262
vt 0.391224 0.941216
vt 0.390666 0.941397
vt 0.390457 0.941607
vt 0.390322 0.941872
vt 0.390322 0.942458
vt 0.390275 0.942165
vt 0.390457 0.942723
vt 0.390666 0.942933
vt 0.390931 0.943067
vt 0.391224 0.943114
vt 0.391517 0.943067
vt 0.391992 0.942723
vt 0.391782 0.942933
vt 0.392127 0.942458
vt 0.392173 0.942165
vt 0.392218 0.941443
vt 0.392393 0.941785
vt 0.391946 0.941171
vt 0.391604 0.940996
vt 0.390845 0.940996
vt 0.391224 0.940936
vt 0.390502 0.941171
vt 0.390230 0.941443
vt 0.390056 0.941785
vt 0.401171 0.940302
vt 0.401464 0.940474
vt 0.401085 0.940474
vt 0.401758 0.940302
vt 0.401464 0.940302
vt 0.390230 0.942887
vt 0.390056 0.942545
vt 0.390502 0.943159
vt 0.390845 0.943333
vt 0.391604 0.943333
vt 0.391224 0.943394
vt 0.391946 0.943159
vt 0.392393 0.942545
vt 0.392218 0.942887
vt 0.411209 0.940400
vt 0.410829 0.940571
vt 0.410916 0.940400
vt 0.411502 0.940400
vt 0.411209 0.940571
vt 0.411589 0.940571
vt 0.412078 0.940784
vt 0.411666 0.940784
vt 0.392093 0.940969
vt 0.392420 0.941296
vt 0.391224 0.940687
vt 0.391681 0.940759
vt 0.390768 0.940759
vt 0.390355 0.940969
vt 0.400596 0.940687
vt 0.400742 0.940474
vt 0.401008 0.940687
vt 0.401921 0.940687
vt 0.401464 0.940687
vt 0.402187 0.940474
vt 0.401844 0.940474
vt 0.390355 0.943361
vt 0.390028 0.943034
vt 0.390768 0.943571
vt 0.391681 0.943571
vt 0.391224 0.943643
vt 0.392093 0.943361
vt 0.410487 0.940571
vt 0.410752 0.940784
vt 0.410340 0.940784
vt 0.411209 0.940784
vt 0.412203 0.941034
vt 0.411732 0.941034
vt 0.412577 0.941034
vt 0.391747 0.940557
vt 0.392218 0.940797
vt 0.391224 0.940474
vt 0.390702 0.940557
vt 0.400096 0.940936
vt 0.400269 0.940687
vt 0.400470 0.940936
vt 0.401464 0.940936
vt 0.400942 0.940936
vt 0.402458 0.940936
vt 0.401987 0.940936
vt 0.402660 0.940687
vt 0.402333 0.940687
vt 0.390702 0.943773
vt 0.390230 0.943533
vt 0.391224 0.943856
vt 0.391747 0.943773
vt 0.409841 0.941034
vt 0.410013 0.940784
vt 0.410687 0.941034
vt 0.410215 0.941034
vt 0.411209 0.941034
vt 0.411785 0.941313
vt 0.412716 0.941313
vt 0.412304 0.941313
vt 0.392319 0.940658
vt 0.391800 0.940394
vt 0.390649 0.940394
vt 0.391224 0.940302
vt 0.390130 0.940658
vt 0.399958 0.941216
vt 0.400889 0.941216
vt 0.400370 0.941216
vt 0.401464 0.941216
vt 0.402040 0.941216
vt 0.402971 0.941216
vt 0.402559 0.941216
vt 0.390649 0.943936
vt 0.390130 0.943672
vt 0.391800 0.943936
vt 0.391224 0.944027
vt 0.392218 0.943533
vt 0.410114 0.941313
vt 0.409702 0.941313
vt 0.410634 0.941313
vt 0.411209 0.941313
vt 0.412378 0.941616
vt 0.411823 0.941616
vt 0.886960 0.794286
vt 0.886657 0.793693
vt 0.886960 0.793767
vt 0.886960 0.794862
vt 0.886657 0.794248
vt 0.886657 0.795476
vt 0.886657 0.794862
vt 0.886960 0.795957
vt 0.886960 0.795438
vt 0.400296 0.941519
vt 0.399856 0.941519
vt 0.400850 0.941519
vt 0.401464 0.941519
vt 0.402633 0.941519
vt 0.402079 0.941519
vt 0.403073 0.941519
vt 0.894807 0.794437
vt 0.895110 0.795030
vt 0.894807 0.794956
vt 0.895110 0.793861
vt 0.895110 0.794475
vt 0.894807 0.793861
vt 0.895110 0.793247
vt 0.894807 0.793285
vt 0.895110 0.792693
vt 0.410041 0.941616
vt 0.409601 0.941616
vt 0.410595 0.941616
vt 0.411209 0.941616
vt 0.411847 0.941935
vt 0.412879 0.941935
vt 0.412423 0.941935
vt 0.886338 0.793648
vt 0.886338 0.794224
vt 0.886338 0.795500
vt 0.886338 0.794862
vt 0.886338 0.796076
vt 0.399794 0.941838
vt 0.400826 0.941838
vt 0.400251 0.941838
vt 0.402102 0.941838
vt 0.401464 0.941838
vt 0.402678 0.941838
vt 0.403135 0.941838
vt 0.895429 0.794499
vt 0.895429 0.795075
vt 0.895429 0.793223
vt 0.895429 0.793861
vt 0.409996 0.941935
vt 0.409539 0.941935
vt 0.410571 0.941935
vt 0.411209 0.941935
vt 0.412438 0.942262
vt 0.411855 0.942262
vt 0.886011 0.794216
vt 0.886011 0.793633
vt 0.886011 0.795508
vt 0.886011 0.794862
vt 0.399773 0.942165
vt 0.400236 0.942165
vt 0.401464 0.942165
vt 0.400818 0.942165
vt 0.402110 0.942165
vt 0.402693 0.942165
vt 0.895756 0.794507
vt 0.895756 0.795090
vt 0.895756 0.793861
vt 0.895429 0.792648
vt 0.895756 0.793215
vt 0.409518 0.942262
vt 0.409980 0.942262
vt 0.411209 0.942262
vt 0.410563 0.942262
vt 0.412423 0.942589
vt 0.411847 0.942589
vt 0.412900 0.942262
vt 0.885684 0.794224
vt 0.885684 0.793648
vt 0.885684 0.794862
vt 0.886011 0.796091
vt 0.885684 0.795500
vt 0.400251 0.942492
vt 0.399794 0.942492
vt 0.400826 0.942492
vt 0.402102 0.942492
vt 0.401464 0.942492
vt 0.403155 0.942165
vt 0.402678 0.942492
vt 0.896083 0.795075
vt 0.896083 0.794499
vt 0.896083 0.793223
vt 0.896083 0.793861
vt 0.896083 0.792648
vt 0.409996 0.942589
vt 0.409539 0.942589
vt 0.410571 0.942589
vt 0.411209 0.942589
vt 0.412378 0.942908
vt 0.411823 0.942908
vt 0.412879 0.942589
vt 0.885365 0.794248
vt 0.885365 0.793693
vt 0.885365 0.794862
vt 0.885684 0.796076
vt 0.885365 0.795476
vt 0.400296 0.942811
vt 0.399856 0.942811
vt 0.401464 0.942811
vt 0.400850 0.942811
vt 0.402633 0.942811
vt 0.402079 0.942811
vt 0.403135 0.942492
vt 0.896402 0.794475
vt 0.896402 0.795030
vt 0.896402 0.793861
vt 0.896402 0.792693
vt 0.896402 0.793247
vt 0.410041 0.942908
vt 0.409601 0.942908
vt 0.410595 0.942908
vt 0.411209 0.942908
vt 0.411785 0.943211
vt 0.412716 0.943211
vt 0.412304 0.943211
vt 0.885062 0.793767
vt 0.885062 0.794862
vt 0.885062 0.794286
vt 0.885062 0.795957
vt 0.885062 0.795438
vt 0.400370 0.943114
vt 0.399958 0.943114
vt 0.400889 0.943114
vt 0.401464 0.943114
vt 0.402040 0.943114
vt 0.403073 0.942811
vt 0.402559 0.943114
vt 0.896705 0.794437
vt 0.896705 0.794956
vt 0.896705 0.793861
vt 0.896705 0.793285
vt 0.409702 0.943211
vt 0.410114 0.943211
vt 0.410634 0.943211
vt 0.411209 0.943211
vt 0.411732 0.943491
vt 0.412203 0.943491
vt 0.421553 0.943769
vt 0.420981 0.943871
vt 0.421453 0.943630
vt 0.421034 0.944034
vt 0.420459 0.943953
vt 0.419883 0.944034
vt 0.420459 0.944125
vt 0.419364 0.943769
vt 0.419936 0.943871
vt 0.400470 0.943394
vt 0.400096 0.943394
vt 0.400942 0.943394
vt 0.401987 0.943394
vt 0.401464 0.943394
vt 0.402971 0.943114
vt 0.402458 0.943394
vt 0.419364 0.940756
vt 0.419936 0.940654
vt 0.419465 0.940894
vt 0.419883 0.940491
vt 0.420459 0.940571
vt 0.420459 0.940400
vt 0.420981 0.940654
vt 0.421034 0.940491
vt 0.421453 0.940894
vt 0.409841 0.943491
vt 0.410215 0.943491
vt 0.411209 0.943491
vt 0.410687 0.943491
vt 0.411666 0.943740
vt 0.412577 0.943491
vt 0.412078 0.943740
vt 0.421327 0.943458
vt 0.420459 0.943740
vt 0.420915 0.943668
vt 0.419590 0.943458
vt 0.420002 0.943668
vt 0.400596 0.943643
vt 0.400269 0.943643
vt 0.401008 0.943643
vt 0.401921 0.943643
vt 0.401464 0.943643
vt 0.402333 0.943643
vt 0.402660 0.943643
vt 0.419590 0.941067
vt 0.420002 0.940857
vt 0.420459 0.940784
vt 0.421327 0.941067
vt 0.420915 0.940857
vt 0.410013 0.943740
vt 0.410752 0.943740
vt 0.410340 0.943740
vt 0.411209 0.943740
vt 0.411589 0.943953
vt 0.421453 0.942984
vt 0.421654 0.943131
vt 0.420838 0.943431
vt 0.421181 0.943256
vt 0.420459 0.943491
vt 0.420079 0.943431
vt 0.419736 0.943256
vt 0.419465 0.942984
vt 0.401085 0.943856
vt 0.400742 0.943856
vt 0.401464 0.943856
vt 0.401844 0.943856
vt 0.419263 0.941393
vt 0.419736 0.941268
vt 0.419465 0.941540
vt 0.420079 0.941094
vt 0.420459 0.941034
vt 0.420838 0.941094
vt 0.421453 0.941540
vt 0.421181 0.941268
vt 0.410487 0.943953
vt 0.410829 0.943953
vt 0.411209 0.943953
vt 0.421627 0.942642
vt 0.421226 0.942820
vt 0.421361 0.942556
vt 0.420752 0.943165
vt 0.421016 0.943030
vt 0.420165 0.943165
vt 0.420459 0.943211
vt 0.419691 0.942820
vt 0.419901 0.943030
vt 0.419556 0.942556
vt 0.401171 0.944027
vt 0.401758 0.944027
vt 0.401464 0.944027
vt 0.419556 0.941969
vt 0.419290 0.941883
vt 0.419691 0.941705
vt 0.420165 0.941360
vt 0.419901 0.941495
vt 0.420459 0.941313
vt 0.420752 0.941360
vt 0.421226 0.941705
vt 0.421016 0.941495
vt 0.421627 0.941883
vt 0.410916 0.944125
vt 0.411502 0.944125
vt 0.411209 0.944125
vt 0.421073 0.942462
vt 0.420981 0.942642
vt 0.420838 0.942785
vt 0.420658 0.942877
vt 0.420259 0.942877
vt 0.420459 0.942908
vt 0.420079 0.942785
vt 0.419936 0.942642
vt 0.419813 0.942262
vt 0.419844 0.942462
vt 0.419510 0.942262
vt 0.419844 0.942063
vt 0.420079 0.941740
vt 0.419936 0.941883
vt 0.420459 0.941616
vt 0.420259 0.941648
vt 0.420838 0.941740
vt 0.420658 0.941648
vt 0.421073 0.942063
vt 0.420981 0.941883
vt 0.421361 0.941969
vt 0.421104 0.942262
vt 0.421408 0.942262
vt 0.420770 0.942363
vt 0.420651 0.942527
vt 0.420723 0.942455
vt 0.420560 0.942573
vt 0.420357 0.942573
vt 0.420459 0.942589
vt 0.420266 0.942527
vt 0.420194 0.942455
vt 0.420148 0.942363
vt 0.420148 0.942161
vt 0.420132 0.942262
vt 0.420194 0.942070
vt 0.420266 0.941998
vt 0.420459 0.941935
vt 0.420357 0.941951
vt 0.420560 0.941951
vt 0.420723 0.942070
vt 0.420651 0.941998
vt 0.420770 0.942161
vt 0.420786 0.942262
vt 0.391224 0.942165
vt 0.420459 0.942262
vt 0.261607 0.938768
vt 0.264251 0.939564
vt 0.261607 0.939564
vt 0.261607 0.938136
vt 0.264251 0.938768
vt 0.581720 0.862498
vt 0.579077 0.861702
vt 0.581720 0.861702
vt 0.581720 0.863380
vt 0.579077 0.862498
vt 0.581720 0.864262
vt 0.579077 0.863380
vt 0.581720 0.865058
vt 0.579077 0.864262
vt 0.271352 0.942124
vt 0.273995 0.942756
vt 0.271352 0.942756
vt 0.271352 0.941328
vt 0.273995 0.942124
vt 0.271352 0.940446
vt 0.273995 0.941328
vt 0.271352 0.939564
vt 0.273995 0.940446
vt 0.271352 0.938768
vt 0.273995 0.939564
vt 0.271352 0.938136
vt 0.273995 0.938768
vt 0.588822 0.864262
vt 0.591465 0.865058
vt 0.588822 0.865058
vt 0.588822 0.863380
vt 0.591465 0.864262
vt 0.588822 0.862498
vt 0.591465 0.863380
vt 0.588822 0.861702
vt 0.591465 0.862498
vt 0.261607 0.942124
vt 0.264251 0.942756
vt 0.261607 0.942756
vt 0.261607 0.941328
vt 0.264251 0.942124
vt 0.261607 0.940446
vt 0.264251 0.941328
vt 0.264251 0.940446
vt 0.163379 0.940718
vt 0.162710 0.941261
vt 0.163043 0.940609
vt 0.163511 0.939886
vt 0.162401 0.942065
vt 0.162193 0.941778
vt 0.161541 0.942110
vt 0.161651 0.942447
vt 0.160818 0.942225
vt 0.160818 0.942579
vt 0.160096 0.942110
vt 0.159236 0.942065
vt 0.159444 0.941778
vt 0.158926 0.941261
vt 0.158640 0.941469
vt 0.158594 0.940609
vt 0.158126 0.939886
vt 0.158480 0.939886
vt 0.158594 0.939163
vt 0.158640 0.938303
vt 0.158926 0.938511
vt 0.159444 0.937994
vt 0.159236 0.937707
vt 0.160096 0.937662
vt 0.159986 0.937325
vt 0.160818 0.937548
vt 0.160818 0.937193
vt 0.161541 0.937662
vt 0.162401 0.937707
vt 0.162193 0.937994
vt 0.162710 0.938511
vt 0.163379 0.939054
vt 0.163043 0.939163
vt 0.163157 0.939886
vt 0.163534 0.940768
vt 0.162997 0.941469
vt 0.163128 0.941564
vt 0.161701 0.942601
vt 0.162497 0.942196
vt 0.160818 0.942741
vt 0.159986 0.942447
vt 0.159140 0.942196
vt 0.159936 0.942601
vt 0.158509 0.941564
vt 0.158257 0.940718
vt 0.274100 0.940446
vt 0.274100 0.941278
vt 0.274100 0.939614
vt 0.158103 0.939004
vt 0.158257 0.939054
vt 0.158509 0.938208
vt 0.159140 0.937576
vt 0.160818 0.937031
vt 0.159936 0.937171
vt 0.161701 0.937171
vt 0.162497 0.937576
vt 0.161651 0.937325
vt 0.162997 0.938303
vt 0.163534 0.939004
vt 0.163128 0.938208
vt 0.264355 0.941278
vt 0.264355 0.940446
vt 0.160818 0.939886
vt 0.174597 0.939292
vt 0.174644 0.938406
vt 0.175025 0.939153
vt 0.174706 0.939981
vt 0.174280 0.938671
vt 0.174051 0.937814
vt 0.173165 0.937861
vt 0.173304 0.937433
vt 0.172476 0.937302
vt 0.171787 0.937861
vt 0.171648 0.937433
vt 0.170901 0.937814
vt 0.171166 0.938178
vt 0.170309 0.938406
vt 0.170356 0.939292
vt 0.169928 0.939153
vt 0.170247 0.939981
vt 0.169797 0.939981
vt 0.169928 0.940809
vt 0.170356 0.940670
vt 0.170309 0.941556
vt 0.170673 0.941292
vt 0.170901 0.942149
vt 0.171787 0.942102
vt 0.171648 0.942530
vt 0.172476 0.942661
vt 0.172476 0.942211
vt 0.173304 0.942530
vt 0.173165 0.942102
vt 0.174051 0.942149
vt 0.174280 0.941292
vt 0.174644 0.941556
vt 0.174597 0.940670
vt 0.175025 0.940809
vt 0.175156 0.939981
vt 0.468753 0.941245
vt 0.469271 0.940981
vt 0.469845 0.942748
vt 0.468341 0.941656
vt 0.468078 0.942174
vt 0.467987 0.942748
vt 0.468077 0.943323
vt 0.468342 0.943841
vt 0.468753 0.944252
vt 0.469271 0.944516
vt 0.469845 0.944607
vt 0.470419 0.944516
vt 0.470937 0.944252
vt 0.471348 0.943841
vt 0.471612 0.943323
vt 0.471703 0.942748
vt 0.471612 0.942174
vt 0.471348 0.941656
vt 0.470937 0.941245
vt 0.470419 0.940981
vt 0.469845 0.940890
vt 0.261398 0.939618
vt 0.261398 0.938278
vt 0.261398 0.938871
vt 0.174155 0.937672
vt 0.173359 0.937266
vt 0.172476 0.937126
vt 0.170798 0.937672
vt 0.171594 0.937266
vt 0.271142 0.942021
vt 0.271142 0.942614
vt 0.271142 0.941274
vt 0.271142 0.939618
vt 0.271142 0.940446
vt 0.271142 0.938871
vt 0.271142 0.938278
vt 0.171594 0.942697
vt 0.170798 0.942291
vt 0.173359 0.942697
vt 0.172476 0.942836
vt 0.261398 0.942614
vt 0.261398 0.942021
vt 0.261398 0.941274
vt 0.261398 0.940446
vt 0.237521 0.938809
vt 0.237135 0.939318
vt 0.237135 0.938594
vt 0.237135 0.938020
vt 0.237521 0.938316
vt 0.528404 0.941737
vt 0.528790 0.942246
vt 0.528404 0.942359
vt 0.528790 0.943048
vt 0.528404 0.943048
vt 0.528790 0.943850
vt 0.528404 0.943737
vt 0.528790 0.944573
vt 0.528404 0.944358
vt 0.245317 0.941797
vt 0.244931 0.942587
vt 0.244931 0.942012
vt 0.244931 0.941289
vt 0.245317 0.941176
vt 0.244931 0.940487
vt 0.245317 0.940487
vt 0.245317 0.939798
vt 0.244931 0.939685
vt 0.245317 0.939176
vt 0.244931 0.938961
vt 0.245317 0.938683
vt 0.244931 0.938387
vt 0.537659 0.943737
vt 0.537274 0.944573
vt 0.537274 0.943850
vt 0.537659 0.943048
vt 0.537274 0.943048
vt 0.537659 0.942359
vt 0.537274 0.942246
vt 0.537274 0.941522
vt 0.537659 0.941737
vt 0.237521 0.941923
vt 0.237135 0.941645
vt 0.237521 0.941430
vt 0.237521 0.940808
vt 0.237135 0.940921
vt 0.237135 0.940120
vt 0.237521 0.940120
vt 0.237521 0.939431
vt 0.236650 0.939222
vt 0.236650 0.938412
vt 0.236650 0.937769
vt 0.528790 0.941522
vt 0.529275 0.942150
vt 0.529275 0.943048
vt 0.529275 0.943946
vt 0.529275 0.944756
vt 0.244446 0.942195
vt 0.244446 0.941385
vt 0.244446 0.940487
vt 0.244446 0.939589
vt 0.244446 0.938779
vt 0.244446 0.938136
vt 0.536789 0.943946
vt 0.536789 0.943048
vt 0.536789 0.942150
vt 0.536789 0.941340
vt 0.237135 0.942219
vt 0.236650 0.941827
vt 0.236650 0.941017
vt 0.236650 0.940120
vt 0.236061 0.938412
vt 0.236061 0.937769
vt 0.529864 0.941340
vt 0.529864 0.942150
vt 0.529864 0.943048
vt 0.529864 0.943946
vt 0.529864 0.944756
vt 0.244446 0.942838
vt 0.243857 0.942195
vt 0.243857 0.941385
vt 0.243857 0.940487
vt 0.243857 0.939589
vt 0.243857 0.938779
vt 0.243857 0.938136
vt 0.536789 0.944756
vt 0.536200 0.943946
vt 0.536200 0.943048
vt 0.536200 0.942150
vt 0.536200 0.941340
vt 0.236650 0.942470
vt 0.236061 0.941827
vt 0.236061 0.941017
vt 0.236061 0.940120
vt 0.236061 0.939222
vt 0.146468 0.937173
vt 0.146232 0.938376
vt 0.145658 0.937586
vt 0.145015 0.938229
vt 0.145805 0.938803
vt 0.145531 0.939340
vt 0.144603 0.939039
vt 0.144460 0.939937
vt 0.145437 0.939937
vt 0.145531 0.940533
vt 0.144603 0.940835
vt 0.145015 0.941645
vt 0.145805 0.941071
vt 0.145658 0.942287
vt 0.146232 0.941498
vt 0.146770 0.941772
vt 0.146468 0.942700
vt 0.147366 0.942842
vt 0.147366 0.941866
vt 0.147962 0.941772
vt 0.148264 0.942700
vt 0.149074 0.942287
vt 0.148500 0.941498
vt 0.148927 0.941071
vt 0.149717 0.941645
vt 0.149201 0.940533
vt 0.150129 0.940835
vt 0.150272 0.939937
vt 0.149296 0.939937
vt 0.149201 0.939340
vt 0.150129 0.939039
vt 0.149717 0.938229
vt 0.148927 0.938803
vt 0.149074 0.937586
vt 0.148500 0.938376
vt 0.147962 0.938102
vt 0.148264 0.937173
vt 0.147366 0.937031
vt 0.147366 0.938007
vt 0.146770 0.938102
vt 0.636445 0.815389
vt 0.633648 0.815927
vt 0.633648 0.815389
vt 0.636445 0.814962
vt 0.633648 0.814962
vt 0.725568 0.794193
vt 0.725030 0.796990
vt 0.725030 0.794193
vt 0.724434 0.796990
vt 0.724434 0.794193
vt 0.723837 0.796990
vt 0.723837 0.794193
vt 0.723299 0.794193
vt 0.723299 0.796990
vt 0.646190 0.818074
vt 0.643392 0.818501
vt 0.643392 0.818074
vt 0.646190 0.817536
vt 0.643392 0.817536
vt 0.643392 0.816940
vt 0.646190 0.816940
vt 0.643392 0.816343
vt 0.646190 0.816343
vt 0.643392 0.815805
vt 0.646190 0.815805
vt 0.643392 0.815379
vt 0.646190 0.815379
vt 0.733044 0.797091
vt 0.733582 0.794293
vt 0.733582 0.797091
vt 0.734178 0.797091
vt 0.734178 0.794293
vt 0.734775 0.797091
vt 0.734775 0.794293
vt 0.735312 0.797091
vt 0.735312 0.794293
vt 0.636445 0.817657
vt 0.633648 0.818084
vt 0.633648 0.817657
vt 0.636445 0.817119
vt 0.633648 0.817119
vt 0.633648 0.816523
vt 0.636445 0.816523
vt 0.636445 0.815927
vt 0.185075 0.938458
vt 0.184698 0.937688
vt 0.185381 0.938036
vt 0.185923 0.938579
vt 0.185502 0.938885
vt 0.186271 0.939262
vt 0.185776 0.939423
vt 0.185871 0.940019
vt 0.186391 0.940019
vt 0.185776 0.940615
vt 0.186271 0.940776
vt 0.185923 0.941459
vt 0.185502 0.941153
vt 0.185075 0.941580
vt 0.185381 0.942001
vt 0.184537 0.941854
vt 0.184698 0.942349
vt 0.183941 0.942469
vt 0.183941 0.941948
vt 0.183184 0.942349
vt 0.183345 0.941854
vt 0.182501 0.942001
vt 0.182807 0.941580
vt 0.182380 0.941153
vt 0.181959 0.941459
vt 0.182106 0.940615
vt 0.181610 0.940776
vt 0.181491 0.940019
vt 0.182011 0.940019
vt 0.181611 0.939262
vt 0.182106 0.939423
vt 0.182380 0.938885
vt 0.181959 0.938579
vt 0.182807 0.938458
vt 0.182501 0.938036
vt 0.183345 0.938184
vt 0.183184 0.937688
vt 0.183941 0.937568
vt 0.183941 0.938089
vt 0.184537 0.938184
vt 0.363659 0.940835
vt 0.362743 0.940152
vt 0.363659 0.940152
vt 0.363659 0.939610
vt 0.362743 0.939610
vt 0.653137 0.816062
vt 0.654053 0.815379
vt 0.654053 0.816062
vt 0.654053 0.816819
vt 0.653137 0.816819
vt 0.654053 0.817576
vt 0.653137 0.817576
vt 0.654053 0.818259
vt 0.653137 0.818259
vt 0.371455 0.943575
vt 0.370539 0.943033
vt 0.371455 0.943033
vt 0.371455 0.942350
vt 0.370539 0.942350
vt 0.370539 0.941593
vt 0.371455 0.941593
vt 0.370539 0.940835
vt 0.371455 0.940835
vt 0.370539 0.940152
vt 0.371455 0.940152
vt 0.370539 0.939610
vt 0.371455 0.939610
vt 0.661849 0.818259
vt 0.660933 0.817576
vt 0.661849 0.817576
vt 0.660933 0.816819
vt 0.661849 0.816819
vt 0.660933 0.816062
vt 0.661849 0.816062
vt 0.661849 0.815379
vt 0.660933 0.815379
vt 0.363659 0.943575
vt 0.362743 0.943033
vt 0.363659 0.943033
vt 0.362743 0.942350
vt 0.363659 0.942350
vt 0.362743 0.941593
vt 0.363659 0.941593
vt 0.362743 0.940835
vt 0.194878 0.937688
vt 0.194821 0.938899
vt 0.194194 0.938036
vt 0.193652 0.938579
vt 0.194515 0.939205
vt 0.193304 0.939262
vt 0.194319 0.939591
vt 0.194251 0.940019
vt 0.193184 0.940019
vt 0.193304 0.940776
vt 0.194319 0.940447
vt 0.193652 0.941459
vt 0.194515 0.940832
vt 0.194821 0.941139
vt 0.194194 0.942001
vt 0.195207 0.941335
vt 0.194877 0.942349
vt 0.195635 0.941403
vt 0.195635 0.942469
vt 0.196062 0.941335
vt 0.196392 0.942349
vt 0.197075 0.942001
vt 0.196448 0.941139
vt 0.196754 0.940832
vt 0.197617 0.941459
vt 0.196951 0.940447
vt 0.197965 0.940776
vt 0.198085 0.940019
vt 0.197019 0.940019
vt 0.197965 0.939262
vt 0.196951 0.939591
vt 0.196754 0.939205
vt 0.197617 0.938579
vt 0.196448 0.938899
vt 0.197075 0.938036
vt 0.196062 0.938703
vt 0.196392 0.937688
vt 0.195635 0.937568
vt 0.195635 0.938635
vt 0.195207 0.938703
vt 0.545927 0.944735
vt 0.546313 0.942377
vt 0.546313 0.944735
vt 0.546619 0.942377
vt 0.546619 0.944735
vt 0.956852 0.791902
vt 0.956466 0.794261
vt 0.956466 0.791902
vt 0.956038 0.791902
vt 0.956038 0.794261
vt 0.955611 0.794261
vt 0.955611 0.791902
vt 0.955225 0.794261
vt 0.955225 0.791902
vt 0.554431 0.944735
vt 0.554124 0.942377
vt 0.554431 0.942377
vt 0.554816 0.944735
vt 0.554816 0.942377
vt 0.555244 0.942377
vt 0.555244 0.944735
vt 0.555672 0.942377
vt 0.555672 0.944735
vt 0.556057 0.942377
vt 0.556057 0.944735
vt 0.556363 0.942377
vt 0.556364 0.944735
vt 0.963021 0.794260
vt 0.963406 0.791902
vt 0.963406 0.794260
vt 0.963834 0.791902
vt 0.963834 0.794260
vt 0.964262 0.794260
vt 0.964262 0.791902
vt 0.964647 0.794260
vt 0.964647 0.791902
vt 0.544686 0.944735
vt 0.544380 0.942377
vt 0.544686 0.942377
vt 0.545071 0.944735
vt 0.545071 0.942377
vt 0.545499 0.942377
vt 0.545499 0.944735
vt 0.545927 0.942377
vt 0.546024 0.942097
vt 0.546498 0.942097
vt 0.752534 0.794549
vt 0.753096 0.794669
vt 0.752840 0.794855
vt 0.753337 0.795143
vt 0.753036 0.795241
vt 0.753104 0.795669
vt 0.753420 0.795669
vt 0.753037 0.796096
vt 0.753337 0.796194
vt 0.753096 0.796668
vt 0.752840 0.796482
vt 0.752719 0.797044
vt 0.752534 0.796788
vt 0.554245 0.942097
vt 0.554719 0.942097
vt 0.555244 0.942097
vt 0.555769 0.942097
vt 0.556243 0.942097
vt 0.761216 0.796788
vt 0.760654 0.796668
vt 0.760910 0.796482
vt 0.760713 0.796096
vt 0.760413 0.796194
vt 0.760329 0.795669
vt 0.760646 0.795669
vt 0.760413 0.795143
vt 0.760713 0.795241
vt 0.760654 0.794669
vt 0.760910 0.794855
vt 0.761216 0.794549
vt 0.761030 0.794293
vt 0.544500 0.942097
vt 0.544974 0.942097
vt 0.545499 0.942097
vt 0.546073 0.941794
vt 0.546592 0.941794
vt 0.547003 0.941794
vt 0.546875 0.942097
vt 0.972148 0.798244
vt 0.972451 0.798669
vt 0.972148 0.798718
vt 0.972148 0.799243
vt 0.972451 0.799243
vt 0.972148 0.799769
vt 0.972451 0.799818
vt 0.972451 0.800336
vt 0.972148 0.800242
vt 0.553869 0.942097
vt 0.554152 0.941794
vt 0.554670 0.941794
vt 0.555244 0.941794
vt 0.555818 0.941794
vt 0.556336 0.941794
vt 0.556747 0.941794
vt 0.556619 0.942097
vt 0.966013 0.799870
vt 0.965710 0.800437
vt 0.965710 0.799919
vt 0.965710 0.799344
vt 0.966013 0.799344
vt 0.965710 0.798770
vt 0.966013 0.798819
vt 0.965710 0.798252
vt 0.966013 0.798345
vt 0.543996 0.941794
vt 0.544407 0.941794
vt 0.544925 0.941794
vt 0.545499 0.941794
vt 0.546592 0.941340
vt 0.547003 0.941340
vt 0.972451 0.798151
vt 0.972905 0.798669
vt 0.972905 0.799243
vt 0.972905 0.799818
vt 0.972905 0.800336
vt 0.553741 0.941794
vt 0.554152 0.941340
vt 0.554670 0.941340
vt 0.555244 0.941340
vt 0.555818 0.941340
vt 0.556336 0.941340
vt 0.556747 0.941340
vt 0.965256 0.799919
vt 0.965256 0.799344
vt 0.965256 0.798770
vt 0.965256 0.798252
vt 0.544407 0.941340
vt 0.544925 0.941340
vt 0.545499 0.941340
vt 0.546073 0.941340
vt 0.975628 0.768510
vt 0.956228 0.787910
vt 0.956228 0.768510
vt 0.948222 0.769336
vt 0.950092 0.784649
vt 0.948222 0.787084
vt 0.937866 0.769336
vt 0.939737 0.784649
vt 0.937866 0.787084
vt 0.925161 0.772992
vt 0.927032 0.788305
vt 0.925161 0.785870
vt 0.917155 0.772050
vt 0.919026 0.787363
vt 0.917155 0.789798
vt 0.945872 0.768510
vt 0.945872 0.787910
vt 0.935517 0.768510
vt 0.935517 0.787910
vt 0.927032 0.770557
vt 0.929382 0.789132
vt 0.914806 0.771224
vt 0.914806 0.790624
vt 0.908671 0.788641
vt 0.891253 0.771224
vt 0.908671 0.771224
vt 0.001992 0.001897
vt 0.182724 0.182630
vt 0.001992 0.182630
vt 0.189286 0.001897
vt 0.370019 0.182630
vt 0.189286 0.182630
vt 0.376386 0.001897
vt 0.557118 0.182630
vt 0.376386 0.182630
vt 0.563485 0.001897
vt 0.744218 0.182630
vt 0.563485 0.182630
vt 0.879862 0.774494
vt 0.880221 0.787372
vt 0.879862 0.787372
vt 0.873727 0.787372
vt 0.873368 0.774494
vt 0.873727 0.774494
vt 0.857081 0.774494
vt 0.857439 0.787372
vt 0.857081 0.787372
vt 0.845690 0.774494
vt 0.846048 0.787372
vt 0.845690 0.787372
vt 0.880221 0.774494
vt 0.882482 0.789642
vt 0.873368 0.787372
vt 0.871107 0.772224
vt 0.859700 0.772224
vt 0.859700 0.789642
vt 0.846048 0.774494
vt 0.848309 0.789642
vt 0.882482 0.772224
vt 0.885118 0.789642
vt 0.871107 0.789642
vt 0.868472 0.772224
vt 0.862336 0.789642
vt 0.848309 0.772224
vt 0.850945 0.789642
vt 0.493674 0.931370
vt 0.487821 0.927255
vt 0.487821 0.925517
vt 0.491936 0.931370
vt 0.487821 0.931370
vt 0.487821 0.935485
vt 0.481968 0.931370
vt 0.483706 0.931370
vt 0.639548 0.804894
vt 0.639146 0.798817
vt 0.639146 0.804894
vt 0.066905 0.942281
vt 0.066502 0.936204
vt 0.066905 0.936428
vt 0.639548 0.799041
vt 0.639146 0.810971
vt 0.769421 0.782923
vt 0.775497 0.776364
vt 0.775497 0.776846
vt 0.781574 0.782923
vt 0.782057 0.782923
vt 0.775497 0.789000
vt 0.768938 0.782923
vt 0.775497 0.789483
vt 0.761935 0.790302
vt 0.761984 0.790302
vt 0.761984 0.782923
vt 0.761935 0.782923
vt 0.761984 0.775545
vt 0.743460 0.782923
vt 0.743509 0.782923
vt 0.743509 0.775545
vt 0.743460 0.790302
vt 0.743509 0.790302
vt 0.161080 0.932531
vt 0.161736 0.930188
vt 0.161736 0.932531
vt 0.161080 0.930188
vt 0.161736 0.925517
vt 0.761475 0.782595
vt 0.759132 0.783251
vt 0.759132 0.782595
vt 0.754461 0.782595
vt 0.154945 0.926025
vt 0.154289 0.928369
vt 0.154289 0.926025
vt 0.154945 0.928369
vt 0.154289 0.933040
vt 0.743001 0.783251
vt 0.740657 0.782595
vt 0.743001 0.782595
vt 0.740657 0.783251
vt 0.735986 0.782595
vt 0.341358 0.934921
vt 0.340702 0.932419
vt 0.341358 0.932419
vt 0.754461 0.783251
vt 0.751553 0.782595
vt 0.341358 0.925517
vt 0.340702 0.928019
vt 0.340702 0.925517
vt 0.735986 0.783251
vt 0.733078 0.782595
vt 0.340702 0.930547
vt 0.341358 0.930547
vt 0.731169 0.782595
vt 0.733078 0.783251
vt 0.731169 0.783251
vt 0.340702 0.929891
vt 0.341358 0.928019
vt 0.341358 0.929891
vt 0.749644 0.782595
vt 0.751553 0.783251
vt 0.749644 0.783251
vt 0.595162 0.847788
vt 0.596826 0.845879
vt 0.596826 0.847788
vt 0.577173 0.845879
vt 0.578837 0.847788
vt 0.577173 0.847788
vt 0.564279 0.847788
vt 0.564279 0.845879
vt 0.565943 0.847788
vt 0.558144 0.927426
vt 0.556480 0.927426
vt 0.558144 0.925517
vt 0.596826 0.855367
vt 0.590850 0.857710
vt 0.592054 0.855367
vt 0.581944 0.855367
vt 0.577173 0.857710
vt 0.577173 0.855367
vt 0.570255 0.857710
vt 0.564279 0.855367
vt 0.569050 0.855367
vt 0.558144 0.937348
vt 0.553372 0.935005
vt 0.558144 0.935005
vt 0.592937 0.850696
vt 0.596826 0.850696
vt 0.581061 0.850696
vt 0.568168 0.850696
vt 0.554255 0.930334
vt 0.558144 0.930334
vt 0.577173 0.850696
vt 0.161408 0.933040
vt 0.761475 0.783251
vt 0.154617 0.925517
vt 0.341322 0.929927
vt 0.340738 0.930511
vt 0.340738 0.929927
vt 0.775497 0.775545
vt 0.124548 0.926300
vt 0.131307 0.932239
vt 0.130524 0.932276
vt 0.782876 0.782923
vt 0.118413 0.926300
vt 0.111654 0.932239
vt 0.118377 0.925517
vt 0.775497 0.790302
vt 0.768119 0.782923
vt 0.104737 0.925517
vt 0.098797 0.932276
vt 0.098760 0.931493
vt 0.086649 0.932276
vt 0.092589 0.925517
vt 0.092625 0.926300
vt 0.569682 0.855367
vt 0.571038 0.857710
vt 0.591422 0.855367
vt 0.568689 0.850696
vt 0.592415 0.850696
vt 0.544467 0.937348
vt 0.543894 0.935005
vt 0.545250 0.937348
vt 0.531573 0.925517
vt 0.531000 0.927861
vt 0.530368 0.927861
vt 0.543262 0.935005
vt 0.542901 0.930334
vt 0.530007 0.932531
vt 0.529486 0.932531
vt 0.583149 0.857710
vt 0.582576 0.855367
vt 0.583932 0.857710
vt 0.552168 0.937348
vt 0.552740 0.935005
vt 0.581583 0.850696
vt 0.553733 0.930334
vt 0.513486 0.925517
vt 0.514058 0.927861
vt 0.512703 0.925517
vt 0.500592 0.937348
vt 0.501164 0.935005
vt 0.501797 0.935005
vt 0.514691 0.927861
vt 0.515051 0.932531
vt 0.502158 0.930334
vt 0.502679 0.930334
vt 0.566187 0.847788
vt 0.594918 0.847788
vt 0.542380 0.930334
vt 0.540399 0.927426
vt 0.527505 0.935439
vt 0.527261 0.935439
vt 0.579081 0.847788
vt 0.556236 0.927426
vt 0.515573 0.932531
vt 0.517554 0.935439
vt 0.504660 0.927426
vt 0.504904 0.927426
vt 0.564315 0.845879
vt 0.341322 0.930511
vt 0.596789 0.845879
vt 0.506531 0.925517
vt 0.506568 0.925517
vt 0.517798 0.935439
vt 0.519425 0.937348
vt 0.558107 0.925517
vt 0.577209 0.845879
vt 0.525634 0.937348
vt 0.525597 0.937348
vt 0.540155 0.927426
vt 0.538527 0.925517
vt 0.943867 0.740793
vt 0.941370 0.764518
vt 0.941855 0.740793
vt 0.945463 0.740793
vt 0.942945 0.764518
vt 0.961760 0.764518
vt 0.959263 0.740793
vt 0.960838 0.740793
vt 0.957518 0.764518
vt 0.959748 0.764518
vt 0.955288 0.764518
vt 0.957518 0.740793
vt 0.953276 0.764518
vt 0.955772 0.740793
vt 0.970464 0.740793
vt 0.970136 0.764518
vt 0.968867 0.740793
vt 0.972476 0.740793
vt 0.971385 0.764518
vt 0.974706 0.740793
vt 0.972960 0.764518
vt 0.976452 0.764518
vt 0.974706 0.764518
vt 0.978948 0.740793
vt 0.976936 0.740793
vt 0.980544 0.740793
vt 0.978026 0.764518
vt 0.991536 0.740793
vt 0.990446 0.764518
vt 0.989524 0.740793
vt 0.993766 0.740793
vt 0.992021 0.764518
vt 0.995512 0.764518
vt 0.993766 0.764518
vt 0.998008 0.740793
vt 0.995996 0.740793
vt 0.935383 0.740793
vt 0.935055 0.764518
vt 0.933786 0.740793
vt 0.937879 0.764518
vt 0.936304 0.764518
vt 0.939625 0.740793
vt 0.937395 0.740793
vt 0.939625 0.764518
vt 0.695897 0.778519
vt 0.696922 0.780531
vt 0.690058 0.782761
vt 0.694300 0.776923
vt 0.692288 0.775898
vt 0.690058 0.775545
vt 0.687828 0.775898
vt 0.685816 0.776923
vt 0.684220 0.778519
vt 0.683195 0.780531
vt 0.682842 0.782761
vt 0.683195 0.784991
vt 0.684220 0.787003
vt 0.685816 0.788600
vt 0.687828 0.789625
vt 0.690058 0.789978
vt 0.692288 0.789625
vt 0.694300 0.788600
vt 0.695897 0.787003
vt 0.696922 0.784991
vt 0.697275 0.782761
vt 0.405546 0.932295
vt 0.404911 0.933541
vt 0.401295 0.930914
vt 0.403922 0.934530
vt 0.402676 0.935165
vt 0.401295 0.935384
vt 0.399914 0.935165
vt 0.398668 0.934530
vt 0.397679 0.933541
vt 0.397044 0.932295
vt 0.396825 0.930914
vt 0.397044 0.929533
vt 0.397679 0.928287
vt 0.398668 0.927298
vt 0.399914 0.926663
vt 0.401295 0.926444
vt 0.402676 0.926663
vt 0.403922 0.927298
vt 0.404911 0.928287
vt 0.405546 0.929533
vt 0.405765 0.930914
vt 0.650223 0.799730
vt 0.648274 0.800017
vt 0.650027 0.799125
vt 0.647399 0.801782
vt 0.648648 0.800532
vt 0.645991 0.803160
vt 0.646884 0.801408
vt 0.646320 0.805102
vt 0.646596 0.803356
vt 0.646596 0.806848
vt 0.645684 0.805102
vt 0.647399 0.808423
vt 0.645991 0.807044
vt 0.648274 0.810187
vt 0.646884 0.808796
vt 0.648648 0.809672
vt 0.650027 0.811080
vt 0.650223 0.810475
vt 0.651969 0.811387
vt 0.653714 0.810475
vt 0.651969 0.810751
vt 0.655289 0.809672
vt 0.653911 0.811080
vt 0.657053 0.808796
vt 0.655663 0.810187
vt 0.657341 0.806848
vt 0.656539 0.808423
vt 0.657618 0.805102
vt 0.657946 0.807044
vt 0.657341 0.803356
vt 0.658254 0.805102
vt 0.657053 0.801408
vt 0.657946 0.803160
vt 0.655289 0.800532
vt 0.656539 0.801782
vt 0.653911 0.799125
vt 0.655663 0.800017
vt 0.651969 0.799453
vt 0.653714 0.799730
vt 0.651969 0.798817
vt 0.388170 0.928817
vt 0.388650 0.926951
vt 0.388650 0.928757
vt 0.388170 0.925675
vt 0.388170 0.927065
vt 0.177114 0.927384
vt 0.176635 0.925517
vt 0.177114 0.925632
vt 0.176635 0.929326
vt 0.176635 0.927324
vt 0.177114 0.931268
vt 0.177114 0.929326
vt 0.177114 0.933020
vt 0.176635 0.931328
vt 0.379968 0.934454
vt 0.380447 0.936002
vt 0.379968 0.935844
vt 0.379968 0.932702
vt 0.380447 0.934569
vt 0.380447 0.930760
vt 0.380447 0.932762
vt 0.379968 0.928817
vt 0.379968 0.930760
vt 0.379968 0.927065
vt 0.380447 0.928757
vt 0.380447 0.925517
vt 0.380447 0.926951
vt 0.167872 0.931268
vt 0.168351 0.933135
vt 0.167872 0.933020
vt 0.167872 0.929326
vt 0.168351 0.931328
vt 0.168351 0.927324
vt 0.168351 0.929326
vt 0.167872 0.927384
vt 0.168351 0.925517
vt 0.388170 0.934454
vt 0.388650 0.936002
vt 0.388170 0.935844
vt 0.388170 0.932702
vt 0.388650 0.934569
vt 0.388650 0.930760
vt 0.388650 0.932762
vt 0.388170 0.930760
vt 0.389724 0.926951
vt 0.389724 0.928757
vt 0.389724 0.925517
vt 0.175561 0.925517
vt 0.175561 0.927324
vt 0.175561 0.931328
vt 0.175561 0.929326
vt 0.176635 0.933135
vt 0.381521 0.936002
vt 0.381521 0.934569
vt 0.381521 0.932762
vt 0.381521 0.930760
vt 0.381521 0.928757
vt 0.381521 0.925517
vt 0.381521 0.926951
vt 0.169425 0.933135
vt 0.169425 0.931328
vt 0.169425 0.927324
vt 0.169425 0.929326
vt 0.389724 0.934569
vt 0.389724 0.936002
vt 0.389724 0.930760
vt 0.389724 0.932762
vt 0.390237 0.927140
vt 0.390237 0.928856
vt 0.672550 0.807704
vt 0.674168 0.806523
vt 0.674357 0.806783
vt 0.670548 0.808021
vt 0.672451 0.807398
vt 0.668545 0.807704
vt 0.670548 0.807699
vt 0.666739 0.806783
vt 0.668645 0.807398
vt 0.382035 0.934380
vt 0.382035 0.935742
vt 0.382035 0.932663
vt 0.382035 0.930760
vt 0.382035 0.928856
vt 0.382035 0.927140
vt 0.668545 0.795378
vt 0.666928 0.796558
vt 0.666739 0.796298
vt 0.670548 0.795060
vt 0.668645 0.795683
vt 0.672451 0.795683
vt 0.670548 0.795382
vt 0.674357 0.796298
vt 0.672550 0.795378
vt 0.390237 0.934380
vt 0.390237 0.935742
vt 0.390237 0.932663
vt 0.390237 0.930760
vt 0.676405 0.803444
vt 0.674914 0.804713
vt 0.675681 0.803208
vt 0.675530 0.805161
vt 0.673720 0.805907
vt 0.672215 0.806673
vt 0.668880 0.806673
vt 0.670548 0.806938
vt 0.666928 0.806523
vt 0.666182 0.804713
vt 0.667376 0.805907
vt 0.664691 0.803444
vt 0.665565 0.805161
vt 0.664389 0.801541
vt 0.665415 0.803208
vt 0.665415 0.799873
vt 0.665151 0.801541
vt 0.664691 0.799637
vt 0.666182 0.798368
vt 0.665565 0.797921
vt 0.667376 0.797174
vt 0.668880 0.796408
vt 0.672215 0.796408
vt 0.670548 0.796144
vt 0.673720 0.797174
vt 0.674168 0.796558
vt 0.674914 0.798368
vt 0.676405 0.799637
vt 0.675530 0.797921
vt 0.675945 0.801541
vt 0.675681 0.799873
vt 0.676706 0.801541
vt 0.332447 0.928216
vt 0.334078 0.926711
vt 0.334078 0.928216
vt 0.332447 0.925517
vt 0.332447 0.926711
vt 0.013563 0.937596
vt 0.011932 0.936092
vt 0.013563 0.936092
vt 0.013563 0.939264
vt 0.011932 0.937596
vt 0.013563 0.940932
vt 0.011932 0.939264
vt 0.013563 0.942436
vt 0.011932 0.940932
vt 0.324193 0.933056
vt 0.325824 0.934250
vt 0.324193 0.934250
vt 0.325824 0.931551
vt 0.325824 0.933056
vt 0.324193 0.931551
vt 0.325824 0.929883
vt 0.324193 0.928216
vt 0.324193 0.929883
vt 0.324193 0.926711
vt 0.325824 0.928216
vt 0.324193 0.925517
vt 0.325824 0.926711
vt 0.019728 0.942436
vt 0.021358 0.940932
vt 0.021358 0.942436
vt 0.019728 0.940932
vt 0.021358 0.939264
vt 0.019728 0.937596
vt 0.019728 0.939264
vt 0.019728 0.936092
vt 0.021358 0.937596
vt 0.332447 0.933056
vt 0.334078 0.934250
vt 0.332447 0.934250
vt 0.332447 0.931551
vt 0.334078 0.933056
vt 0.332447 0.929883
vt 0.334078 0.931551
vt 0.334078 0.929883
vt 0.334410 0.928296
vt 0.334410 0.925728
vt 0.334410 0.926864
vt 0.404467 0.935280
vt 0.402882 0.935799
vt 0.404314 0.935069
vt 0.402963 0.936047
vt 0.401295 0.936050
vt 0.401295 0.936311
vt 0.399708 0.935799
vt 0.398123 0.935280
vt 0.399627 0.936047
vt 0.326155 0.934039
vt 0.326155 0.932902
vt 0.326155 0.931471
vt 0.326155 0.929883
vt 0.326155 0.928296
vt 0.326155 0.925728
vt 0.326155 0.926864
vt 0.398123 0.926548
vt 0.399708 0.926029
vt 0.398276 0.926759
vt 0.401295 0.925517
vt 0.399627 0.925781
vt 0.402963 0.925781
vt 0.401295 0.925778
vt 0.404314 0.926759
vt 0.402882 0.926029
vt 0.334410 0.934039
vt 0.334410 0.932902
vt 0.334410 0.929883
vt 0.334410 0.931471
vt 0.334567 0.928362
vt 0.405277 0.933807
vt 0.405450 0.933933
vt 0.402816 0.935595
vt 0.404188 0.934896
vt 0.399774 0.935595
vt 0.401295 0.935836
vt 0.398402 0.934896
vt 0.398276 0.935069
vt 0.397313 0.933807
vt 0.326312 0.931404
vt 0.326312 0.932777
vt 0.326312 0.928362
vt 0.326312 0.929883
vt 0.397140 0.927895
vt 0.398402 0.926932
vt 0.397313 0.928021
vt 0.399774 0.926233
vt 0.401295 0.925992
vt 0.404188 0.926932
vt 0.402816 0.926233
vt 0.405450 0.927895
vt 0.334567 0.932777
vt 0.334567 0.929883
vt 0.334567 0.931404
vt 0.405976 0.932435
vt 0.396614 0.932435
vt 0.396373 0.930914
vt 0.396614 0.929393
vt 0.405277 0.928021
vt 0.405976 0.929393
vt 0.406217 0.930914
vt 0.566145 0.740793
vt 0.565614 0.841888
vt 0.565614 0.740793
vt 0.566566 0.740793
vt 0.566145 0.841888
vt 0.574938 0.841888
vt 0.575468 0.740793
vt 0.575468 0.841888
vt 0.574349 0.841888
vt 0.574938 0.740793
vt 0.573761 0.841888
vt 0.574349 0.740793
vt 0.573230 0.841888
vt 0.573761 0.740793
vt 0.583396 0.740793
vt 0.582975 0.841888
vt 0.582975 0.740793
vt 0.583927 0.740793
vt 0.583396 0.841888
vt 0.584515 0.740793
vt 0.583927 0.841888
vt 0.585104 0.740793
vt 0.584515 0.841888
vt 0.585634 0.740793
vt 0.585104 0.841888
vt 0.586056 0.740793
vt 0.585634 0.841888
vt 0.593250 0.740793
vt 0.592720 0.841888
vt 0.592720 0.740793
vt 0.593839 0.740793
vt 0.593250 0.841888
vt 0.594427 0.740793
vt 0.593839 0.841888
vt 0.594958 0.740793
vt 0.594427 0.841888
vt 0.563907 0.740793
vt 0.563485 0.841888
vt 0.563485 0.740793
vt 0.564437 0.740793
vt 0.563907 0.841888
vt 0.565026 0.740793
vt 0.564437 0.841888
vt 0.565026 0.841888
vt 0.381779 0.940779
vt 0.382050 0.941309
vt 0.380239 0.941898
vt 0.381358 0.940357
vt 0.380827 0.940087
vt 0.380239 0.939994
vt 0.379651 0.940087
vt 0.379120 0.940357
vt 0.378698 0.940779
vt 0.378428 0.941309
vt 0.378335 0.941898
vt 0.378428 0.942486
vt 0.378698 0.943017
vt 0.379120 0.943438
vt 0.379651 0.943709
vt 0.380239 0.943802
vt 0.380827 0.943709
vt 0.381358 0.943438
vt 0.381779 0.943017
vt 0.382050 0.942486
vt 0.382143 0.941898
vt 0.876963 0.793695
vt 0.877313 0.793873
vt 0.876574 0.794890
vt 0.877591 0.794151
vt 0.877770 0.794502
vt 0.877831 0.794890
vt 0.877770 0.795278
vt 0.877591 0.795629
vt 0.877313 0.795907
vt 0.876963 0.796085
vt 0.876574 0.796147
vt 0.876186 0.796085
vt 0.875836 0.795907
vt 0.875558 0.795629
vt 0.875379 0.795278
vt 0.875318 0.794890
vt 0.875379 0.794502
vt 0.875558 0.794151
vt 0.875836 0.793873
vt 0.876186 0.793695
vt 0.876574 0.793633
vt 0.213973 0.938647
vt 0.214345 0.937887
vt 0.214504 0.938376
vt 0.213136 0.938766
vt 0.213671 0.938231
vt 0.213552 0.939068
vt 0.212792 0.939440
vt 0.213281 0.939599
vt 0.212674 0.940187
vt 0.213281 0.940776
vt 0.213188 0.940187
vt 0.213136 0.941608
vt 0.212792 0.940934
vt 0.213973 0.941728
vt 0.213552 0.941306
vt 0.214504 0.941998
vt 0.213671 0.942143
vt 0.215092 0.942091
vt 0.214345 0.942487
vt 0.215680 0.941998
vt 0.215092 0.942605
vt 0.216513 0.942143
vt 0.215839 0.942487
vt 0.216211 0.941728
vt 0.217048 0.941608
vt 0.216903 0.940776
vt 0.216632 0.941306
vt 0.217510 0.940187
vt 0.217392 0.940934
vt 0.216903 0.939599
vt 0.216996 0.940187
vt 0.217048 0.938766
vt 0.217392 0.939440
vt 0.216211 0.938647
vt 0.216632 0.939068
vt 0.215839 0.937887
vt 0.216513 0.938231
vt 0.215680 0.938376
vt 0.215092 0.937769
vt 0.215092 0.938283
vt 0.475298 0.925517
vt 0.474623 0.936899
vt 0.474623 0.925517
vt 0.475833 0.925517
vt 0.475298 0.936899
vt 0.465784 0.936899
vt 0.465110 0.925517
vt 0.465784 0.925517
vt 0.464363 0.936899
vt 0.465110 0.936899
vt 0.463616 0.936899
vt 0.464363 0.925517
vt 0.462942 0.936899
vt 0.463616 0.925517
vt 0.453429 0.925517
vt 0.452894 0.936899
vt 0.452893 0.925517
vt 0.454103 0.925517
vt 0.453429 0.936899
vt 0.454850 0.925517
vt 0.454103 0.936899
vt 0.455597 0.925517
vt 0.454850 0.936899
vt 0.456271 0.925517
vt 0.455597 0.936899
vt 0.456806 0.925517
vt 0.456271 0.936899
vt 0.444590 0.925517
vt 0.443915 0.936899
vt 0.443915 0.925517
vt 0.445337 0.925517
vt 0.444590 0.936899
vt 0.446084 0.936899
vt 0.445337 0.936899
vt 0.446084 0.925517
vt 0.446758 0.936899
vt 0.471920 0.925517
vt 0.472455 0.936899
vt 0.471920 0.936899
vt 0.472455 0.925517
vt 0.473129 0.936899
vt 0.473876 0.925517
vt 0.473129 0.925517
vt 0.473876 0.936899
vt 0.227533 0.937887
vt 0.227973 0.938552
vt 0.227410 0.938266
vt 0.228207 0.938231
vt 0.228420 0.939000
vt 0.229086 0.939440
vt 0.228742 0.938766
vt 0.229204 0.940187
vt 0.228707 0.939563
vt 0.228707 0.940811
vt 0.228806 0.940187
vt 0.228742 0.941608
vt 0.229086 0.940934
vt 0.228207 0.942143
vt 0.228420 0.941375
vt 0.227410 0.942109
vt 0.227973 0.941822
vt 0.227533 0.942487
vt 0.226786 0.942207
vt 0.226786 0.942605
vt 0.226161 0.942109
vt 0.226038 0.942487
vt 0.225598 0.941822
vt 0.225364 0.942143
vt 0.225151 0.941375
vt 0.224829 0.941608
vt 0.224864 0.940811
vt 0.224367 0.940187
vt 0.224486 0.940934
vt 0.224864 0.939563
vt 0.224765 0.940187
vt 0.224486 0.939440
vt 0.225151 0.939000
vt 0.225364 0.938231
vt 0.224829 0.938766
vt 0.226038 0.937887
vt 0.225598 0.938552
vt 0.226786 0.937769
vt 0.226161 0.938266
vt 0.226786 0.938167
vt 0.272974 0.925517
vt 0.272411 0.934145
vt 0.272410 0.925517
vt 0.273421 0.925517
vt 0.272974 0.934145
vt 0.263453 0.934145
vt 0.264016 0.925517
vt 0.264016 0.934145
vt 0.262828 0.934145
vt 0.263453 0.925517
vt 0.262204 0.925517
vt 0.262828 0.925517
vt 0.262204 0.934145
vt 0.261641 0.925517
vt 0.252683 0.925517
vt 0.252236 0.934145
vt 0.252236 0.925517
vt 0.253247 0.925517
vt 0.252683 0.934145
vt 0.253871 0.925517
vt 0.253247 0.934145
vt 0.254495 0.925517
vt 0.253871 0.934145
vt 0.255059 0.934145
vt 0.254495 0.934145
vt 0.255505 0.925517
vt 0.255058 0.925517
vt 0.244289 0.925517
vt 0.243726 0.934145
vt 0.243726 0.925517
vt 0.244913 0.934145
vt 0.244289 0.934145
vt 0.245538 0.925517
vt 0.244913 0.925517
vt 0.246101 0.934145
vt 0.245538 0.934145
vt 0.270598 0.925517
vt 0.270151 0.934145
vt 0.270151 0.925517
vt 0.271162 0.934145
vt 0.270598 0.934145
vt 0.271162 0.925517
vt 0.271786 0.934145
vt 0.271786 0.925517
vt 0.353694 0.939709
vt 0.353809 0.940614
vt 0.353458 0.940436
vt 0.354258 0.939996
vt 0.354087 0.940892
vt 0.354992 0.941006
vt 0.354705 0.940443
vt 0.355090 0.941631
vt 0.354265 0.941242
vt 0.354265 0.942019
vt 0.354327 0.941631
vt 0.354704 0.942818
vt 0.354992 0.942255
vt 0.354257 0.943265
vt 0.354087 0.942369
vt 0.353458 0.942826
vt 0.353808 0.942647
vt 0.353694 0.943552
vt 0.353070 0.942887
vt 0.352446 0.943552
vt 0.353070 0.943651
vt 0.352331 0.942647
vt 0.352682 0.942826
vt 0.351435 0.942818
vt 0.351882 0.943265
vt 0.351148 0.942255
vt 0.352053 0.942369
vt 0.351813 0.941631
vt 0.351875 0.942019
vt 0.351049 0.941631
vt 0.351875 0.941242
vt 0.351148 0.941006
vt 0.352053 0.940892
vt 0.351882 0.939996
vt 0.351435 0.940443
vt 0.352681 0.940436
vt 0.352331 0.940614
vt 0.353070 0.939610
vt 0.352445 0.939709
vt 0.353070 0.940374
vt 0.437502 0.925517
vt 0.437152 0.936408
vt 0.437152 0.925517
vt 0.437780 0.925517
vt 0.437502 0.936408
vt 0.429261 0.936408
vt 0.429611 0.925517
vt 0.429611 0.936408
vt 0.428872 0.936408
vt 0.429261 0.925517
vt 0.428484 0.936408
vt 0.428872 0.925517
vt 0.428134 0.936408
vt 0.428484 0.925517
vt 0.420243 0.925517
vt 0.419965 0.936408
vt 0.419965 0.925517
vt 0.420594 0.925517
vt 0.420243 0.936408
vt 0.420982 0.925517
vt 0.420594 0.936408
vt 0.421370 0.925517
vt 0.420982 0.936408
vt 0.421721 0.925517
vt 0.421370 0.936408
vt 0.421999 0.925517
vt 0.421721 0.936408
vt 0.412703 0.925517
vt 0.412353 0.936408
vt 0.412353 0.925517
vt 0.413091 0.925517
vt 0.412703 0.936408
vt 0.413480 0.925517
vt 0.413091 0.936408
vt 0.413830 0.925517
vt 0.413480 0.936408
vt 0.436025 0.925517
vt 0.435746 0.936408
vt 0.435746 0.925517
vt 0.436375 0.925517
vt 0.436025 0.936408
vt 0.436763 0.925517
vt 0.436375 0.936408
vt 0.436763 0.936408
vt 0.430468 0.942070
vt 0.430818 0.942063
vt 0.430514 0.942161
vt 0.430583 0.941740
vt 0.430726 0.941883
vt 0.430396 0.941998
vt 0.430403 0.941648
vt 0.430203 0.941935
vt 0.430304 0.941951
vt 0.430004 0.941648
vt 0.430203 0.941616
vt 0.430011 0.941998
vt 0.430102 0.941951
vt 0.429939 0.942070
vt 0.429824 0.941740
vt 0.429589 0.942063
vt 0.429681 0.941883
vt 0.429876 0.942262
vt 0.429892 0.942161
vt 0.429589 0.942462
vt 0.429557 0.942262
vt 0.429939 0.942454
vt 0.429892 0.942363
vt 0.430011 0.942527
vt 0.429681 0.942642
vt 0.430102 0.942573
vt 0.429824 0.942785
vt 0.430203 0.942589
vt 0.430004 0.942877
vt 0.430403 0.942877
vt 0.430203 0.942908
vt 0.430304 0.942573
vt 0.430583 0.942785
vt 0.430396 0.942527
vt 0.430726 0.942642
vt 0.430468 0.942454
vt 0.430818 0.942462
vt 0.430530 0.942262
vt 0.430514 0.942363
vt 0.430849 0.942262
vt 0.431106 0.941969
vt 0.430971 0.941705
vt 0.430761 0.941495
vt 0.430497 0.941360
vt 0.429910 0.941360
vt 0.430203 0.941313
vt 0.429646 0.941495
vt 0.429436 0.941705
vt 0.429301 0.941969
vt 0.429254 0.942262
vt 0.429301 0.942556
vt 0.429436 0.942820
vt 0.429646 0.943030
vt 0.430203 0.943211
vt 0.429910 0.943165
vt 0.430761 0.943030
vt 0.430497 0.943165
vt 0.430971 0.942820
vt 0.431152 0.942262
vt 0.431106 0.942556
vt 0.431372 0.941883
vt 0.431197 0.941540
vt 0.430583 0.941094
vt 0.430925 0.941268
vt 0.430203 0.941034
vt 0.429481 0.941268
vt 0.429824 0.941094
vt 0.429035 0.941883
vt 0.429209 0.941540
vt 0.440443 0.940890
vt 0.440064 0.941061
vt 0.440150 0.940890
vt 0.440823 0.941061
vt 0.440443 0.941061
vt 0.429209 0.942984
vt 0.429035 0.942642
vt 0.429481 0.943256
vt 0.429824 0.943431
vt 0.430203 0.943491
vt 0.430583 0.943431
vt 0.430925 0.943256
vt 0.431197 0.942984
vt 0.450188 0.940890
vt 0.449809 0.941061
vt 0.449895 0.940890
vt 0.450568 0.941061
vt 0.450188 0.941061
vt 0.450910 0.941061
vt 0.450645 0.941274
vt 0.431399 0.941393
vt 0.430660 0.940857
vt 0.431072 0.941067
vt 0.429747 0.940857
vt 0.430203 0.940784
vt 0.429008 0.941393
vt 0.429335 0.941067
vt 0.439721 0.941061
vt 0.439987 0.941274
vt 0.439575 0.941274
vt 0.440443 0.941274
vt 0.441166 0.941061
vt 0.440900 0.941274
vt 0.429008 0.943131
vt 0.429747 0.943668
vt 0.429335 0.943458
vt 0.430660 0.943668
vt 0.430203 0.943740
vt 0.431399 0.943131
vt 0.431072 0.943458
vt 0.449466 0.941061
vt 0.449731 0.941274
vt 0.449319 0.941274
vt 0.450188 0.941274
vt 0.451057 0.941274
vt 0.450711 0.941524
vt 0.451556 0.941524
vt 0.451182 0.941524
vt 0.431197 0.940894
vt 0.430203 0.940571
vt 0.430726 0.940654
vt 0.429681 0.940654
vt 0.439075 0.941524
vt 0.439248 0.941274
vt 0.439449 0.941524
vt 0.439921 0.941524
vt 0.440966 0.941524
vt 0.440443 0.941524
vt 0.441437 0.941524
vt 0.441312 0.941274
vt 0.441812 0.941524
vt 0.429209 0.943630
vt 0.429681 0.943871
vt 0.430203 0.943953
vt 0.431197 0.943630
vt 0.430726 0.943871
vt 0.448820 0.941524
vt 0.448992 0.941274
vt 0.449194 0.941524
vt 0.449666 0.941524
vt 0.450188 0.941524
vt 0.450764 0.941804
vt 0.451283 0.941804
vt 0.430779 0.940491
vt 0.431298 0.940756
vt 0.430203 0.940400
vt 0.429109 0.940756
vt 0.429628 0.940491
vt 0.438937 0.941804
vt 0.439349 0.941804
vt 0.440443 0.941804
vt 0.439868 0.941804
vt 0.441019 0.941804
vt 0.441538 0.941804
vt 0.429109 0.943769
vt 0.429628 0.944034
vt 0.430779 0.944034
vt 0.430203 0.944125
vt 0.431298 0.943769
vt 0.448681 0.941804
vt 0.449093 0.941804
vt 0.449613 0.941804
vt 0.450188 0.941804
vt 0.450803 0.942107
vt 0.451797 0.942107
vt 0.451357 0.942107
vt 0.906450 0.793285
vt 0.906147 0.792693
vt 0.906450 0.792766
vt 0.906147 0.793861
vt 0.906147 0.793247
vt 0.906450 0.794437
vt 0.906450 0.793861
vt 0.906147 0.795030
vt 0.906147 0.794475
vt 0.439275 0.942107
vt 0.438835 0.942107
vt 0.439829 0.942107
vt 0.440443 0.942107
vt 0.441058 0.942107
vt 0.442052 0.942107
vt 0.441612 0.942107
vt 0.914297 0.796939
vt 0.914600 0.796459
vt 0.914600 0.797013
vt 0.914297 0.795845
vt 0.914297 0.796420
vt 0.914297 0.795269
vt 0.914600 0.795845
vt 0.914297 0.794750
vt 0.914600 0.795230
vt 0.449020 0.942107
vt 0.448580 0.942107
vt 0.449574 0.942107
vt 0.450188 0.942107
vt 0.451402 0.942426
vt 0.450826 0.942426
vt 0.451858 0.942426
vt 0.905828 0.793223
vt 0.905828 0.792648
vt 0.905828 0.793861
vt 0.905828 0.794499
vt 0.438773 0.942426
vt 0.439805 0.942426
vt 0.439230 0.942426
vt 0.440443 0.942426
vt 0.441657 0.942426
vt 0.441081 0.942426
vt 0.442114 0.942426
vt 0.914919 0.796482
vt 0.914919 0.797058
vt 0.914919 0.795206
vt 0.914919 0.795845
vt 0.914600 0.794676
vt 0.448518 0.942426
vt 0.449550 0.942426
vt 0.448975 0.942426
vt 0.450188 0.942426
vt 0.451417 0.942752
vt 0.450834 0.942752
vt 0.451879 0.942752
vt 0.905501 0.793215
vt 0.905501 0.792632
vt 0.905501 0.794507
vt 0.905501 0.793861
vt 0.905501 0.795090
vt 0.438752 0.942752
vt 0.439215 0.942752
vt 0.439797 0.942752
vt 0.441089 0.942752
vt 0.440443 0.942752
vt 0.441672 0.942752
vt 0.915246 0.797073
vt 0.915246 0.795845
vt 0.915246 0.796490
vt 0.915246 0.795199
vt 0.915246 0.794616
vt 0.448497 0.942752
vt 0.449542 0.942752
vt 0.448960 0.942752
vt 0.450188 0.942752
vt 0.450826 0.943080
vt 0.451402 0.943080
vt 0.905174 0.792648
vt 0.905174 0.793861
vt 0.905174 0.793223
vt 0.905174 0.794499
vt 0.439230 0.943080
vt 0.438773 0.943080
vt 0.439805 0.943080
vt 0.440443 0.943080
vt 0.441657 0.943080
vt 0.441081 0.943080
vt 0.442114 0.943080
vt 0.915573 0.796482
vt 0.915573 0.797058
vt 0.915573 0.795206
vt 0.915573 0.795845
vt 0.448975 0.943080
vt 0.448518 0.943080
vt 0.449550 0.943080
vt 0.450188 0.943080
vt 0.450803 0.943398
vt 0.451797 0.943398
vt 0.451357 0.943398
vt 0.904855 0.792693
vt 0.904855 0.793861
vt 0.904855 0.793247
vt 0.904855 0.794475
vt 0.904855 0.795030
vt 0.439275 0.943398
vt 0.438835 0.943398
vt 0.439829 0.943398
vt 0.440443 0.943398
vt 0.441058 0.943398
vt 0.441612 0.943398
vt 0.915892 0.796459
vt 0.915892 0.797013
vt 0.915892 0.795845
vt 0.915892 0.794676
vt 0.915892 0.795230
vt 0.449020 0.943398
vt 0.448580 0.943398
vt 0.449574 0.943398
vt 0.450188 0.943398
vt 0.451283 0.943701
vt 0.450764 0.943701
vt 0.904552 0.793285
vt 0.904552 0.792766
vt 0.904552 0.794437
vt 0.904552 0.793861
vt 0.438937 0.943701
vt 0.439349 0.943701
vt 0.439868 0.943701
vt 0.441019 0.943701
vt 0.440443 0.943701
vt 0.441538 0.943701
vt 0.442052 0.943398
vt 0.916195 0.796420
vt 0.916195 0.796939
vt 0.916195 0.795845
vt 0.916195 0.794750
vt 0.916195 0.795269
vt 0.449093 0.943701
vt 0.448681 0.943701
vt 0.449613 0.943701
vt 0.450188 0.943701
vt 0.451182 0.943981
vt 0.450711 0.943981
vt 0.451695 0.943701
vt 0.460013 0.944524
vt 0.460432 0.944121
vt 0.460532 0.944259
vt 0.459438 0.944615
vt 0.459960 0.944361
vt 0.458915 0.944361
vt 0.459438 0.944444
vt 0.458343 0.944259
vt 0.458862 0.944524
vt 0.439449 0.943981
vt 0.439075 0.943981
vt 0.439921 0.943981
vt 0.440443 0.943981
vt 0.440966 0.943981
vt 0.441950 0.943701
vt 0.441437 0.943981
vt 0.458343 0.941246
vt 0.458915 0.941144
vt 0.458444 0.941384
vt 0.458862 0.940981
vt 0.459438 0.941061
vt 0.460013 0.940981
vt 0.459438 0.940890
vt 0.460432 0.941384
vt 0.459960 0.941144
vt 0.448820 0.943981
vt 0.449666 0.943981
vt 0.449194 0.943981
vt 0.450188 0.943981
vt 0.451057 0.944231
vt 0.450645 0.944231
vt 0.451384 0.944231
vt 0.459894 0.944158
vt 0.460306 0.943948
vt 0.458981 0.944158
vt 0.459438 0.944231
vt 0.458444 0.944121
vt 0.439248 0.944231
vt 0.439575 0.944231
vt 0.440443 0.944231
vt 0.439987 0.944231
vt 0.440900 0.944231
vt 0.441812 0.943981
vt 0.441312 0.944231
vt 0.458981 0.941347
vt 0.458569 0.941557
vt 0.459894 0.941347
vt 0.459438 0.941274
vt 0.449319 0.944231
vt 0.448992 0.944231
vt 0.449731 0.944231
vt 0.450188 0.944231
vt 0.450568 0.944444
vt 0.460633 0.943621
vt 0.460160 0.943747
vt 0.460432 0.943475
vt 0.459438 0.943981
vt 0.459817 0.943921
vt 0.458569 0.943948
vt 0.459058 0.943921
vt 0.458242 0.943621
vt 0.458715 0.943747
vt 0.439721 0.944444
vt 0.440064 0.944444
vt 0.440823 0.944444
vt 0.440443 0.944444
vt 0.441166 0.944444
vt 0.458242 0.941884
vt 0.458715 0.941759
vt 0.458444 0.942030
vt 0.459438 0.941524
vt 0.459058 0.941584
vt 0.460306 0.941557
vt 0.459817 0.941584
vt 0.460633 0.941884
vt 0.460160 0.941759
vt 0.449466 0.944444
vt 0.449809 0.944444
vt 0.450188 0.944444
vt 0.460606 0.943132
vt 0.460205 0.943310
vt 0.460340 0.943046
vt 0.459995 0.943520
vt 0.459731 0.943655
vt 0.459144 0.943655
vt 0.459438 0.943701
vt 0.458880 0.943520
vt 0.458670 0.943310
vt 0.458269 0.943132
vt 0.458444 0.943475
vt 0.440443 0.944615
vt 0.440150 0.944615
vt 0.458535 0.942459
vt 0.458269 0.942373
vt 0.458670 0.942195
vt 0.458880 0.941985
vt 0.459144 0.941850
vt 0.459731 0.941850
vt 0.459438 0.941804
vt 0.459995 0.941985
vt 0.460205 0.942195
vt 0.460432 0.942030
vt 0.460340 0.942459
vt 0.450188 0.944615
vt 0.449895 0.944615
vt 0.450481 0.944615
vt 0.459960 0.943132
vt 0.460052 0.942952
vt 0.459817 0.943275
vt 0.459637 0.943367
vt 0.459438 0.943398
vt 0.459238 0.943367
vt 0.459058 0.943275
vt 0.458535 0.943046
vt 0.458915 0.943132
vt 0.458489 0.942752
vt 0.458823 0.942952
vt 0.458823 0.942553
vt 0.458792 0.942752
vt 0.458915 0.942373
vt 0.459058 0.942230
vt 0.459238 0.942138
vt 0.459637 0.942138
vt 0.459438 0.942107
vt 0.459817 0.942230
vt 0.460052 0.942553
vt 0.459960 0.942373
vt 0.460084 0.942752
vt 0.460387 0.942752
vt 0.459702 0.942945
vt 0.459749 0.942854
vt 0.459630 0.943017
vt 0.459438 0.943079
vt 0.459539 0.943063
vt 0.459245 0.943017
vt 0.459337 0.943063
vt 0.459173 0.942945
vt 0.459111 0.942752
vt 0.459127 0.942854
vt 0.459173 0.942560
vt 0.459127 0.942651
vt 0.459245 0.942488
vt 0.459337 0.942441
vt 0.459438 0.942426
vt 0.459539 0.942441
vt 0.459630 0.942488
vt 0.459702 0.942560
vt 0.459765 0.942752
vt 0.459749 0.942651
vt 0.430203 0.942262
vt 0.459438 0.942752
vt 0.075857 0.936204
vt 0.075546 0.942105
vt 0.075546 0.936204
vt 0.076104 0.936204
vt 0.075857 0.942105
vt 0.085044 0.942168
vt 0.085355 0.936267
vt 0.085355 0.942168
vt 0.084699 0.942168
vt 0.085044 0.936267
vt 0.084354 0.942168
vt 0.084699 0.936267
vt 0.084043 0.942168
vt 0.084354 0.936267
vt 0.093398 0.942168
vt 0.093645 0.936267
vt 0.093645 0.942168
vt 0.093087 0.942168
vt 0.093398 0.936267
vt 0.092742 0.942168
vt 0.093087 0.936267
vt 0.092397 0.942168
vt 0.092742 0.936267
vt 0.092086 0.942168
vt 0.092397 0.936267
vt 0.091839 0.942168
vt 0.092086 0.936267
vt 0.101895 0.936267
vt 0.101584 0.942168
vt 0.101584 0.936267
vt 0.102240 0.936267
vt 0.101895 0.942168
vt 0.102585 0.936267
vt 0.102240 0.942168
vt 0.102896 0.936267
vt 0.102585 0.942168
vt 0.074545 0.936204
vt 0.074298 0.942105
vt 0.074298 0.936204
vt 0.074856 0.936204
vt 0.074545 0.942105
vt 0.075201 0.936204
vt 0.074856 0.942105
vt 0.075201 0.942105
vt 0.986868 0.793152
vt 0.987179 0.792993
vt 0.987524 0.794055
vt 0.986621 0.793398
vt 0.986463 0.793710
vt 0.986408 0.794055
vt 0.986463 0.794399
vt 0.986621 0.794711
vt 0.986868 0.794958
vt 0.987179 0.795116
vt 0.987524 0.795171
vt 0.987869 0.795116
vt 0.988180 0.794958
vt 0.988427 0.794711
vt 0.988586 0.794399
vt 0.988640 0.794055
vt 0.988586 0.793710
vt 0.988427 0.793398
vt 0.988180 0.793152
vt 0.987869 0.792993
vt 0.987524 0.792938
vt 0.997237 0.768564
vt 0.997548 0.768723
vt 0.996892 0.769626
vt 0.997795 0.768970
vt 0.997953 0.769281
vt 0.998008 0.769626
vt 0.997953 0.769971
vt 0.997795 0.770282
vt 0.997548 0.770529
vt 0.997237 0.770688
vt 0.996892 0.770742
vt 0.996547 0.770688
vt 0.996236 0.770529
vt 0.995989 0.770282
vt 0.995830 0.769971
vt 0.995776 0.769626
vt 0.995830 0.769281
vt 0.995989 0.768970
vt 0.996236 0.768723
vt 0.996547 0.768564
vt 0.996892 0.768510
vt 0.654247 0.740793
vt 0.653861 0.783303
vt 0.653861 0.740793
vt 0.654552 0.740793
vt 0.654247 0.783303
vt 0.662173 0.791069
vt 0.662558 0.748559
vt 0.662558 0.791069
vt 0.661745 0.791069
vt 0.662173 0.748559
vt 0.661318 0.791069
vt 0.661745 0.748559
vt 0.660933 0.791069
vt 0.661318 0.748559
vt 0.602770 0.740793
vt 0.602464 0.783303
vt 0.602464 0.740793
vt 0.603156 0.740793
vt 0.602770 0.783303
vt 0.603583 0.740793
vt 0.603156 0.783303
vt 0.604010 0.740793
vt 0.603583 0.783303
vt 0.604395 0.740793
vt 0.604010 0.783303
vt 0.604701 0.740793
vt 0.604395 0.783303
vt 0.669114 0.740793
vt 0.668729 0.783303
vt 0.668729 0.740793
vt 0.669541 0.740793
vt 0.669114 0.783303
vt 0.669968 0.740793
vt 0.669541 0.783303
vt 0.670354 0.740793
vt 0.669968 0.783303
vt 0.652622 0.740793
vt 0.652316 0.783303
vt 0.652316 0.740793
vt 0.653007 0.740793
vt 0.652622 0.783303
vt 0.653434 0.740793
vt 0.653007 0.783303
vt 0.653434 0.783303
vt 0.745290 0.794863
vt 0.745486 0.795248
vt 0.744171 0.795676
vt 0.744984 0.794557
vt 0.744598 0.794361
vt 0.744171 0.794293
vt 0.743744 0.794361
vt 0.743359 0.794557
vt 0.743053 0.794863
vt 0.742857 0.795248
vt 0.742789 0.795676
vt 0.742857 0.796103
vt 0.743053 0.796488
vt 0.743359 0.796794
vt 0.743744 0.796990
vt 0.744171 0.797058
vt 0.744598 0.796990
vt 0.744984 0.796794
vt 0.745290 0.796488
vt 0.745486 0.796103
vt 0.745554 0.795676
vt 0.770779 0.796070
vt 0.770587 0.796450
vt 0.769485 0.795771
vt 0.770286 0.796752
vt 0.769907 0.796946
vt 0.282243 0.946721
vt 0.282311 0.947148
vt 0.282233 0.946952
vt 0.769484 0.797013
vt 0.769063 0.796946
vt 0.768684 0.796752
vt 0.768383 0.796450
vt 0.768190 0.796070
vt 0.768125 0.795649
vt 0.768193 0.795229
vt 0.768386 0.794852
vt 0.768687 0.794552
vt 0.769066 0.794359
vt 0.769484 0.794293
vt 0.769904 0.794360
vt 0.770282 0.794552
vt 0.770583 0.794852
vt 0.770777 0.795230
vt 0.770845 0.795649
vt 0.653785 0.784666
vt 0.654552 0.783303
vt 0.654157 0.784765
vt 0.662558 0.747018
vt 0.661941 0.748559
vt 0.661745 0.746949
vt 0.661318 0.746967
vt 0.660933 0.747018
vt 0.602860 0.784765
vt 0.602564 0.784845
vt 0.603232 0.784666
vt 0.603645 0.784555
vt 0.604057 0.784445
vt 0.604430 0.784345
vt 0.604725 0.784266
vt 0.669114 0.784215
vt 0.668729 0.784266
vt 0.669541 0.784197
vt 0.670354 0.783303
vt 0.669968 0.784215
vt 0.652292 0.784266
vt 0.652587 0.784345
vt 0.652960 0.784445
vt 0.653372 0.784555
vt 0.653276 0.787726
vt 0.654452 0.784845
vt 0.653610 0.787919
vt 0.662173 0.746967
vt 0.662558 0.743791
vt 0.662173 0.743692
vt 0.661745 0.743659
vt 0.661318 0.743692
vt 0.660933 0.743791
vt 0.603407 0.787919
vt 0.603740 0.787726
vt 0.604110 0.787512
vt 0.604480 0.787299
vt 0.604814 0.787106
vt 0.605079 0.786953
vt 0.669114 0.786855
vt 0.669541 0.786821
vt 0.670354 0.784266
vt 0.669968 0.786855
vt 0.651938 0.786953
vt 0.652203 0.787106
vt 0.652537 0.787299
vt 0.652906 0.787512
vt 0.651934 0.790393
vt 0.653875 0.788071
vt 0.652207 0.790666
vt 0.662558 0.740980
vt 0.662173 0.740841
vt 0.661745 0.740793
vt 0.661318 0.740841
vt 0.660933 0.740980
vt 0.603142 0.788071
vt 0.604810 0.790666
vt 0.604594 0.790882
vt 0.605083 0.790394
vt 0.605385 0.790092
vt 0.605687 0.789789
vt 0.605959 0.789517
vt 0.606176 0.789301
vt 0.668729 0.786953
vt 0.669114 0.789162
vt 0.668729 0.789301
vt 0.669541 0.789114
vt 0.670354 0.786953
vt 0.669968 0.789162
vt 0.650841 0.789301
vt 0.651058 0.789517
vt 0.651330 0.789790
vt 0.651632 0.790091
vt 0.650455 0.791801
vt 0.652423 0.790882
vt 0.650648 0.792135
vt 0.983004 0.788899
vt 0.983389 0.787138
vt 0.983389 0.788760
vt 0.983004 0.787236
vt 0.982576 0.788947
vt 0.982576 0.787270
vt 0.982149 0.787236
vt 0.982149 0.788899
vt 0.981764 0.787138
vt 0.606369 0.792135
vt 0.606216 0.792400
vt 0.606561 0.791801
vt 0.606775 0.791431
vt 0.606989 0.791061
vt 0.607181 0.790728
vt 0.607334 0.790462
vt 0.837929 0.772224
vt 0.838315 0.773481
vt 0.837929 0.773383
vt 0.838315 0.772363
vt 0.838742 0.773515
vt 0.839169 0.772363
vt 0.838742 0.772411
vt 0.839554 0.772224
vt 0.839169 0.773481
vt 0.649683 0.790463
vt 0.649836 0.790728
vt 0.650028 0.791061
vt 0.650242 0.791431
vt 0.647818 0.793583
vt 0.650801 0.792400
vt 0.647918 0.793955
vt 0.983389 0.784334
vt 0.983004 0.784385
vt 0.982576 0.784403
vt 0.982149 0.784385
vt 0.981764 0.784334
vt 0.609099 0.793955
vt 0.609020 0.794251
vt 0.609199 0.793583
vt 0.609309 0.793170
vt 0.609420 0.792757
vt 0.609519 0.792386
vt 0.609599 0.792090
vt 0.838315 0.775698
vt 0.837929 0.775648
vt 0.838742 0.775716
vt 0.839554 0.773383
vt 0.839169 0.775698
vt 0.647418 0.792090
vt 0.647497 0.792386
vt 0.647597 0.792758
vt 0.647707 0.793170
vt 0.644909 0.794134
vt 0.647997 0.794250
vt 0.644909 0.794520
vt 0.983389 0.781246
vt 0.983004 0.781246
vt 0.982576 0.781246
vt 0.982149 0.781246
vt 0.981764 0.781246
vt 0.612108 0.794520
vt 0.612108 0.794826
vt 0.612108 0.794134
vt 0.612108 0.793707
vt 0.612108 0.793280
vt 0.612108 0.792895
vt 0.612108 0.792589
vt 0.838315 0.778157
vt 0.837929 0.778157
vt 0.838742 0.778157
vt 0.839554 0.775648
vt 0.839169 0.778157
vt 0.644909 0.792589
vt 0.644909 0.792895
vt 0.644909 0.793280
vt 0.644909 0.793707
vt 0.641360 0.794520
vt 0.641360 0.794134
vt 0.641360 0.794825
vt 0.983389 0.777697
vt 0.983004 0.777697
vt 0.982576 0.777697
vt 0.982149 0.777697
vt 0.615657 0.794826
vt 0.615657 0.794520
vt 0.615657 0.794134
vt 0.615657 0.793279
vt 0.615657 0.793707
vt 0.615657 0.792895
vt 0.838315 0.781706
vt 0.837929 0.781706
vt 0.838742 0.781706
vt 0.839554 0.781706
vt 0.839169 0.781706
vt 0.641360 0.792895
vt 0.641360 0.792589
vt 0.641360 0.793280
vt 0.641360 0.793707
vt 0.638581 0.794020
vt 0.638481 0.794393
vt 0.983389 0.774739
vt 0.983004 0.774688
vt 0.982576 0.774671
vt 0.982149 0.774688
vt 0.981764 0.774739
vt 0.618536 0.794393
vt 0.618615 0.794688
vt 0.618436 0.794021
vt 0.618326 0.793608
vt 0.618215 0.793195
vt 0.618116 0.792823
vt 0.618036 0.792528
vt 0.838315 0.784034
vt 0.837929 0.784085
vt 0.838742 0.784017
vt 0.839169 0.784034
vt 0.638981 0.792528
vt 0.638901 0.792824
vt 0.638802 0.793196
vt 0.638691 0.793608
vt 0.635564 0.792898
vt 0.635757 0.792564
vt 0.635411 0.793162
vt 0.983004 0.771650
vt 0.983389 0.771748
vt 0.982576 0.771617
vt 0.982149 0.771650
vt 0.621606 0.793163
vt 0.621453 0.792897
vt 0.621260 0.792564
vt 0.621046 0.792194
vt 0.620833 0.791823
vt 0.620641 0.791491
vt 0.837929 0.786536
vt 0.838315 0.786438
vt 0.839169 0.786438
vt 0.838742 0.786404
vt 0.839554 0.786537
vt 0.636376 0.791491
vt 0.636529 0.791226
vt 0.636184 0.791824
vt 0.635970 0.792194
vt 0.633955 0.791234
vt 0.634228 0.790961
vt 0.633739 0.791450
vt 0.983004 0.769938
vt 0.983389 0.770076
vt 0.982576 0.769890
vt 0.981764 0.771748
vt 0.982149 0.769938
vt 0.623278 0.791450
vt 0.623061 0.791234
vt 0.622789 0.790962
vt 0.622487 0.790659
vt 0.622185 0.790357
vt 0.620487 0.791225
vt 0.621913 0.790085
vt 0.837929 0.787745
vt 0.838315 0.787606
vt 0.839169 0.787607
vt 0.838742 0.787559
vt 0.839554 0.787745
vt 0.635104 0.790085
vt 0.635320 0.789869
vt 0.634831 0.790357
vt 0.634530 0.790659
vt 0.632665 0.789048
vt 0.632999 0.788855
vt 0.632401 0.789200
vt 0.148153 0.932859
vt 0.147768 0.930707
vt 0.148153 0.930609
vt 0.982576 0.768510
vt 0.983004 0.768568
vt 0.146528 0.932859
vt 0.146913 0.930707
vt 0.146913 0.932998
vt 0.624616 0.789200
vt 0.624351 0.789047
vt 0.624018 0.788855
vt 0.623648 0.788641
vt 0.623277 0.788427
vt 0.621696 0.789868
vt 0.622945 0.788235
vt 0.205263 0.937707
vt 0.204878 0.939355
vt 0.204878 0.937568
vt 0.205690 0.937755
vt 0.205263 0.939453
vt 0.206117 0.939453
vt 0.205690 0.939487
vt 0.206117 0.937707
vt 0.206503 0.939355
vt 0.634072 0.788235
vt 0.634337 0.788082
vt 0.633739 0.788428
vt 0.633369 0.788641
vt 0.631994 0.785556
vt 0.632367 0.785456
vt 0.631699 0.785635
vt 0.147768 0.927095
vt 0.148153 0.927044
vt 0.147340 0.927112
vt 0.147340 0.930741
vt 0.146528 0.930610
vt 0.146913 0.927095
vt 0.625318 0.785635
vt 0.625022 0.785556
vt 0.624651 0.785456
vt 0.624238 0.785346
vt 0.623825 0.785235
vt 0.622679 0.788082
vt 0.623454 0.785135
vt 0.204878 0.942381
vt 0.205263 0.942432
vt 0.206117 0.942432
vt 0.205690 0.942449
vt 0.206503 0.942381
vt 0.633563 0.785135
vt 0.633859 0.785056
vt 0.633191 0.785235
vt 0.632779 0.785346
vt 0.750585 0.001897
vt 0.931317 0.182630
vt 0.750585 0.182630
vt 0.817276 0.186621
vt 0.998008 0.367354
vt 0.817276 0.367354
vt 0.630408 0.186621
vt 0.811140 0.367354
vt 0.630408 0.367354
vt 0.443540 0.186621
vt 0.624272 0.367354
vt 0.443540 0.367354
vt 0.256672 0.186621
vt 0.437405 0.367354
vt 0.256672 0.367354
vt 0.069804 0.186621
vt 0.250537 0.367354
vt 0.069804 0.367354
vt 0.001992 0.371345
vt 0.182724 0.552078
vt 0.001992 0.552078
vt 0.189286 0.371345
vt 0.370019 0.552078
vt 0.189286 0.552078
vt 0.376386 0.371345
vt 0.557118 0.552078
vt 0.376386 0.552078
vt 0.563485 0.371345
vt 0.744218 0.552078
vt 0.563485 0.552078
vt 0.750585 0.371345
vt 0.931317 0.552078
vt 0.750585 0.552078
vt 0.817276 0.556069
vt 0.998008 0.736802
vt 0.817276 0.736802
vt 0.630408 0.556069
vt 0.811140 0.736802
vt 0.630408 0.736802
vt 0.443540 0.556069
vt 0.624272 0.736802
vt 0.443540 0.736802
vt 0.256672 0.556069
vt 0.437405 0.736802
vt 0.256672 0.736802
vt 0.069804 0.556069
vt 0.250537 0.736802
vt 0.069804 0.736802
vt 0.001992 0.740793
vt 0.182724 0.921526
vt 0.001992 0.921526
vt 0.189286 0.740793
vt 0.370019 0.921526
vt 0.189286 0.921526
vt 0.376386 0.740793
vt 0.557118 0.921526
vt 0.376386 0.921526
vt 0.979961 0.794431
vt 0.978612 0.794893
vt 0.978612 0.794513
vt 0.980060 0.794803
vt 0.978612 0.795195
vt 0.147763 0.925517
vt 0.148142 0.925517
vt 0.147340 0.925517
vt 0.146528 0.927044
vt 0.146919 0.925517
vt 0.972264 0.792295
vt 0.970817 0.791902
vt 0.972344 0.791999
vt 0.972165 0.792666
vt 0.970817 0.792205
vt 0.972054 0.793079
vt 0.970817 0.792584
vt 0.971943 0.793493
vt 0.970816 0.793005
vt 0.971844 0.793863
vt 0.970816 0.793425
vt 0.971765 0.794159
vt 0.970816 0.793802
vt 0.510222 0.950167
vt 0.511120 0.950537
vt 0.510171 0.950552
vt 0.510240 0.949740
vt 0.511120 0.950159
vt 0.511120 0.949320
vt 0.511120 0.949740
vt 0.510222 0.949313
vt 0.511120 0.948942
vt 0.979561 0.792938
vt 0.978612 0.793295
vt 0.978612 0.792995
vt 0.979640 0.793234
vt 0.978612 0.793673
vt 0.979740 0.793606
vt 0.978612 0.794092
vt 0.979850 0.794018
vt 0.110938 0.936267
vt 0.110627 0.942168
vt 0.110627 0.936267
vt 0.111185 0.936267
vt 0.110938 0.942168
vt 0.120125 0.942168
vt 0.120436 0.936267
vt 0.120436 0.942168
vt 0.119780 0.942168
vt 0.120125 0.936267
vt 0.119435 0.942168
vt 0.119780 0.936267
vt 0.119124 0.942168
vt 0.119435 0.936267
vt 0.128479 0.942168
vt 0.128726 0.936267
vt 0.128726 0.942168
vt 0.128168 0.942168
vt 0.128479 0.936267
vt 0.127823 0.942168
vt 0.128168 0.936267
vt 0.127478 0.942168
vt 0.127823 0.936267
vt 0.127167 0.942168
vt 0.127478 0.936267
vt 0.126920 0.942168
vt 0.127167 0.936267
vt 0.136976 0.936606
vt 0.136665 0.942507
vt 0.136665 0.936606
vt 0.137321 0.936606
vt 0.136976 0.942507
vt 0.137666 0.936606
vt 0.137321 0.942507
vt 0.137977 0.936606
vt 0.137666 0.942507
vt 0.109626 0.936267
vt 0.109379 0.942168
vt 0.109379 0.936267
vt 0.109937 0.936267
vt 0.109626 0.942168
vt 0.110282 0.936267
vt 0.109937 0.942168
vt 0.110282 0.942168
vt 0.989427 0.799622
vt 0.989586 0.799934
vt 0.988524 0.800278
vt 0.989180 0.799375
vt 0.988869 0.799217
vt 0.988524 0.799162
vt 0.988179 0.799217
vt 0.987868 0.799375
vt 0.987621 0.799622
vt 0.987463 0.799934
vt 0.987408 0.800278
vt 0.987463 0.800623
vt 0.987621 0.800935
vt 0.987868 0.801181
vt 0.988179 0.801340
vt 0.988524 0.801395
vt 0.988869 0.801340
vt 0.989180 0.801181
vt 0.989427 0.800935
vt 0.989586 0.800623
vt 0.989640 0.800278
vt 0.981218 0.800648
vt 0.981059 0.800959
vt 0.980156 0.800303
vt 0.980812 0.801206
vt 0.980501 0.801365
vt 0.980156 0.801419
vt 0.979811 0.801365
vt 0.979500 0.801206
vt 0.979253 0.800959
vt 0.979095 0.800648
vt 0.979040 0.800303
vt 0.979095 0.799958
vt 0.979253 0.799647
vt 0.979500 0.799400
vt 0.979811 0.799242
vt 0.980156 0.799187
vt 0.980501 0.799242
vt 0.980812 0.799400
vt 0.981059 0.799647
vt 0.981218 0.799958
vt 0.981273 0.800303
vt 0.837356 0.792901
vt 0.837600 0.792896
vt 0.837388 0.792964
vt 0.837436 0.792671
vt 0.837536 0.792770
vt 0.837242 0.792818
vt 0.837306 0.792850
vt 0.837172 0.792807
vt 0.837311 0.792607
vt 0.837033 0.792607
vt 0.837172 0.792585
vt 0.837101 0.792818
vt 0.836907 0.792671
vt 0.836987 0.792901
vt 0.837038 0.792850
vt 0.836955 0.792964
vt 0.836808 0.792770
vt 0.836722 0.793035
vt 0.836744 0.792896
vt 0.836955 0.793105
vt 0.836944 0.793035
vt 0.836808 0.793299
vt 0.836744 0.793174
vt 0.837038 0.793219
vt 0.836987 0.793168
vt 0.837101 0.793251
vt 0.836907 0.793399
vt 0.837172 0.793485
vt 0.837033 0.793463
vt 0.837242 0.793251
vt 0.837172 0.793262
vt 0.837306 0.793219
vt 0.837311 0.793463
vt 0.837536 0.793299
vt 0.837436 0.793399
vt 0.837388 0.793105
vt 0.837356 0.793168
vt 0.837622 0.793035
vt 0.837600 0.793174
vt 0.837400 0.793035
vt 0.837801 0.792830
vt 0.837560 0.792500
vt 0.837707 0.792646
vt 0.837376 0.792406
vt 0.836967 0.792406
vt 0.837172 0.792373
vt 0.836783 0.792500
vt 0.836637 0.792646
vt 0.836543 0.792830
vt 0.836543 0.793239
vt 0.836511 0.793035
vt 0.836637 0.793423
vt 0.836783 0.793569
vt 0.836967 0.793663
vt 0.837376 0.793663
vt 0.837172 0.793696
vt 0.837560 0.793569
vt 0.837801 0.793239
vt 0.837707 0.793423
vt 0.837833 0.793035
vt 0.837986 0.792770
vt 0.837675 0.792342
vt 0.837864 0.792531
vt 0.837436 0.792220
vt 0.837172 0.792179
vt 0.836907 0.792220
vt 0.836669 0.792342
vt 0.836479 0.792531
vt 0.847057 0.793633
vt 0.847262 0.793753
vt 0.846997 0.793753
vt 0.847262 0.793633
vt 0.847526 0.793753
vt 0.836479 0.793538
vt 0.836358 0.793299
vt 0.836669 0.793727
vt 0.836907 0.793849
vt 0.837436 0.793849
vt 0.837172 0.793891
vt 0.837675 0.793727
vt 0.837864 0.793538
vt 0.856802 0.793633
vt 0.857006 0.793753
vt 0.856742 0.793753
vt 0.857006 0.793633
vt 0.857271 0.793753
vt 0.857510 0.793753
vt 0.857325 0.793901
vt 0.838005 0.792429
vt 0.837777 0.792201
vt 0.837490 0.792055
vt 0.837172 0.792005
vt 0.836566 0.792201
vt 0.836854 0.792055
vt 0.836339 0.792429
vt 0.846758 0.793753
vt 0.846943 0.793901
vt 0.846656 0.793901
vt 0.847262 0.793901
vt 0.847580 0.793901
vt 0.847765 0.793753
vt 0.836566 0.793868
vt 0.836339 0.793640
vt 0.836854 0.794014
vt 0.837172 0.794064
vt 0.837777 0.793868
vt 0.837490 0.794014
vt 0.856503 0.793753
vt 0.856688 0.793901
vt 0.856401 0.793901
vt 0.857006 0.793901
vt 0.857699 0.794075
vt 0.857370 0.794075
vt 0.857839 0.793901
vt 0.857612 0.793901
vt 0.837864 0.792081
vt 0.837536 0.791914
vt 0.837172 0.791856
vt 0.836808 0.791914
vt 0.846428 0.793901
vt 0.846569 0.794075
vt 0.846308 0.794075
vt 0.847262 0.794075
vt 0.846898 0.794075
vt 0.847954 0.794075
vt 0.847626 0.794075
vt 0.847867 0.793901
vt 0.848215 0.794075
vt 0.836479 0.793988
vt 0.837172 0.794213
vt 0.836808 0.794155
vt 0.837536 0.794155
vt 0.856053 0.794075
vt 0.856173 0.793901
vt 0.856642 0.794075
vt 0.856314 0.794075
vt 0.857006 0.794075
vt 0.857769 0.794270
vt 0.857407 0.794270
vt 0.858056 0.794270
vt 0.837934 0.791985
vt 0.837172 0.791737
vt 0.837573 0.791800
vt 0.836479 0.792081
vt 0.836771 0.791800
vt 0.846212 0.794270
vt 0.846499 0.794270
vt 0.847262 0.794270
vt 0.846861 0.794270
vt 0.847663 0.794270
vt 0.848311 0.794270
vt 0.848024 0.794270
vt 0.836409 0.794084
vt 0.836771 0.794269
vt 0.837172 0.794332
vt 0.837934 0.794084
vt 0.837573 0.794269
vt 0.855957 0.794270
vt 0.856244 0.794270
vt 0.856605 0.794270
vt 0.857006 0.794270
vt 0.857434 0.794481
vt 0.857821 0.794481
vt 0.790976 0.801937
vt 0.790765 0.801524
vt 0.790976 0.801575
vt 0.790976 0.802338
vt 0.790765 0.801910
vt 0.790976 0.802739
vt 0.790765 0.802338
vt 0.790765 0.803152
vt 0.790765 0.802766
vt 0.846447 0.794481
vt 0.846141 0.794481
vt 0.846834 0.794481
vt 0.847690 0.794481
vt 0.847262 0.794481
vt 0.848076 0.794481
vt 0.782196 0.803101
vt 0.782408 0.802766
vt 0.782408 0.803152
vt 0.782196 0.802338
vt 0.782196 0.802739
vt 0.782408 0.801910
vt 0.782408 0.802338
vt 0.782196 0.801575
vt 0.782196 0.801937
vt 0.856192 0.794481
vt 0.855886 0.794481
vt 0.856578 0.794481
vt 0.857006 0.794481
vt 0.857451 0.794703
vt 0.858127 0.794481
vt 0.857852 0.794703
vt 0.790543 0.801893
vt 0.790543 0.801492
vt 0.790543 0.802338
vt 0.790543 0.803183
vt 0.790543 0.802782
vt 0.846416 0.794703
vt 0.846098 0.794703
vt 0.847262 0.794703
vt 0.846817 0.794703
vt 0.847706 0.794703
vt 0.848382 0.794481
vt 0.848107 0.794703
vt 0.782630 0.803183
vt 0.782630 0.802338
vt 0.782630 0.802782
vt 0.782630 0.801893
vt 0.782408 0.801524
vt 0.855843 0.794703
vt 0.856562 0.794703
vt 0.856161 0.794703
vt 0.857006 0.794703
vt 0.857862 0.794931
vt 0.857457 0.794931
vt 0.858170 0.794703
vt 0.790315 0.801888
vt 0.790315 0.801482
vt 0.790315 0.802788
vt 0.790315 0.802338
vt 0.846083 0.794931
vt 0.846812 0.794931
vt 0.846406 0.794931
vt 0.847262 0.794931
vt 0.847712 0.794931
vt 0.848440 0.794931
vt 0.848118 0.794931
vt 0.782858 0.802788
vt 0.782858 0.803194
vt 0.782858 0.802338
vt 0.782858 0.801888
vt 0.782630 0.801492
vt 0.856150 0.794931
vt 0.855828 0.794931
vt 0.856556 0.794931
vt 0.857006 0.794931
vt 0.857451 0.795159
vt 0.858170 0.795159
vt 0.857852 0.795159
vt 0.790087 0.801492
vt 0.790087 0.802338
vt 0.790087 0.801893
vt 0.790087 0.802782
vt 0.790087 0.803183
vt 0.846416 0.795159
vt 0.846098 0.795159
vt 0.846817 0.795159
vt 0.847706 0.795159
vt 0.847262 0.795159
vt 0.848107 0.795159
vt 0.783085 0.803183
vt 0.783085 0.802338
vt 0.783085 0.802782
vt 0.783085 0.801492
vt 0.783085 0.801893
vt 0.855843 0.795159
vt 0.856161 0.795159
vt 0.856562 0.795159
vt 0.857006 0.795159
vt 0.857821 0.795381
vt 0.857434 0.795381
vt 0.789865 0.801524
vt 0.789865 0.801910
vt 0.789865 0.802766
vt 0.789865 0.802338
vt 0.846141 0.795381
vt 0.846447 0.795381
vt 0.846834 0.795381
vt 0.847690 0.795381
vt 0.847262 0.795381
vt 0.848382 0.795381
vt 0.848076 0.795381
vt 0.783308 0.802766
vt 0.783308 0.803152
vt 0.783308 0.802338
vt 0.783308 0.801524
vt 0.783308 0.801910
vt 0.855886 0.795381
vt 0.856578 0.795381
vt 0.856192 0.795381
vt 0.857006 0.795381
vt 0.857769 0.795592
vt 0.857407 0.795592
vt 0.858056 0.795592
vt 0.789654 0.801937
vt 0.789654 0.801575
vt 0.789654 0.802338
vt 0.789654 0.802739
vt 0.789865 0.803152
vt 0.846499 0.795592
vt 0.846212 0.795592
vt 0.847262 0.795592
vt 0.846861 0.795592
vt 0.847663 0.795592
vt 0.848311 0.795592
vt 0.848024 0.795592
vt 0.783519 0.803101
vt 0.783519 0.802338
vt 0.783519 0.802739
vt 0.783519 0.801937
vt 0.855957 0.795592
vt 0.856244 0.795592
vt 0.857006 0.795592
vt 0.856605 0.795592
vt 0.857699 0.795787
vt 0.857370 0.795787
vt 0.866807 0.796165
vt 0.867099 0.795884
vt 0.867169 0.795981
vt 0.866406 0.796229
vt 0.866770 0.796051
vt 0.866005 0.796165
vt 0.866406 0.796109
vt 0.865643 0.795981
vt 0.866042 0.796051
vt 0.846569 0.795787
vt 0.846308 0.795787
vt 0.846898 0.795787
vt 0.847626 0.795787
vt 0.847262 0.795787
vt 0.847954 0.795787
vt 0.865643 0.793881
vt 0.866042 0.793810
vt 0.865713 0.793978
vt 0.866005 0.793697
vt 0.866406 0.793753
vt 0.866807 0.793697
vt 0.866406 0.793633
vt 0.867099 0.793978
vt 0.866770 0.793810
vt 0.856314 0.795787
vt 0.856053 0.795787
vt 0.857006 0.795787
vt 0.856642 0.795787
vt 0.857325 0.795961
vt 0.857960 0.795787
vt 0.857612 0.795961
vt 0.866724 0.795910
vt 0.867011 0.795764
vt 0.866406 0.795961
vt 0.866088 0.795910
vt 0.865713 0.795884
vt 0.846428 0.795961
vt 0.846656 0.795961
vt 0.846943 0.795961
vt 0.847580 0.795961
vt 0.847262 0.795961
vt 0.848215 0.795787
vt 0.847867 0.795961
vt 0.866088 0.793952
vt 0.865801 0.794098
vt 0.866406 0.793901
vt 0.866724 0.793952
vt 0.856401 0.795961
vt 0.856173 0.795961
vt 0.856688 0.795961
vt 0.857006 0.795961
vt 0.857510 0.796109
vt 0.857271 0.796109
vt 0.867239 0.795536
vt 0.866909 0.795623
vt 0.867099 0.795434
vt 0.866670 0.795745
vt 0.866406 0.795787
vt 0.865903 0.795623
vt 0.866141 0.795745
vt 0.865801 0.795764
vt 0.865713 0.795434
vt 0.846758 0.796109
vt 0.846997 0.796109
vt 0.847526 0.796109
vt 0.847262 0.796109
vt 0.847765 0.796109
vt 0.865573 0.794326
vt 0.865903 0.794238
vt 0.865713 0.794428
vt 0.866406 0.794075
vt 0.866141 0.794117
vt 0.866670 0.794117
vt 0.866909 0.794238
vt 0.867011 0.794098
vt 0.867099 0.794428
vt 0.856503 0.796109
vt 0.856742 0.796109
vt 0.857006 0.796109
vt 0.867035 0.795135
vt 0.867220 0.795195
vt 0.866795 0.795466
vt 0.866941 0.795320
vt 0.866406 0.795592
vt 0.866610 0.795560
vt 0.866202 0.795560
vt 0.865871 0.795320
vt 0.866017 0.795466
vt 0.865777 0.795135
vt 0.847057 0.796229
vt 0.847262 0.796229
vt 0.865592 0.794666
vt 0.865871 0.794542
vt 0.865777 0.794727
vt 0.866017 0.794396
vt 0.866406 0.794270
vt 0.866202 0.794302
vt 0.866795 0.794396
vt 0.866610 0.794302
vt 0.866941 0.794542
vt 0.867220 0.794666
vt 0.857006 0.796229
vt 0.856802 0.796229
vt 0.866770 0.795195
vt 0.866834 0.795070
vt 0.866545 0.795359
vt 0.866670 0.795295
vt 0.866406 0.795381
vt 0.866267 0.795359
vt 0.866042 0.795195
vt 0.866141 0.795295
vt 0.865956 0.794931
vt 0.865978 0.795070
vt 0.865745 0.794931
vt 0.865978 0.794792
vt 0.866042 0.794666
vt 0.866267 0.794503
vt 0.866141 0.794567
vt 0.866406 0.794481
vt 0.866545 0.794503
vt 0.866770 0.794666
vt 0.866670 0.794567
vt 0.867035 0.794727
vt 0.866856 0.794931
vt 0.866834 0.794792
vt 0.867067 0.794931
vt 0.866590 0.795065
vt 0.866623 0.795001
vt 0.866476 0.795148
vt 0.866540 0.795115
vt 0.866406 0.795159
vt 0.866336 0.795148
vt 0.866222 0.795065
vt 0.866272 0.795115
vt 0.866189 0.795001
vt 0.866189 0.794861
vt 0.866178 0.794931
vt 0.866272 0.794747
vt 0.866222 0.794797
vt 0.866336 0.794714
vt 0.866406 0.794703
vt 0.866476 0.794714
vt 0.866540 0.794747
vt 0.866590 0.794797
vt 0.866623 0.794861
vt 0.866634 0.794931
vt 0.837172 0.793035
vt 0.866406 0.794931
vt 0.930557 0.801176
vt 0.931361 0.800978
vt 0.931361 0.801176
vt 0.918999 0.763969
vt 0.918195 0.765739
vt 0.918195 0.763969
vt 0.446919 0.949776
vt 0.447723 0.949961
vt 0.446919 0.949961
vt 0.446919 0.949542
vt 0.447723 0.949776
vt 0.309266 0.946664
vt 0.310070 0.946898
vt 0.309266 0.946898
vt 0.446919 0.949284
vt 0.447723 0.949542
vt 0.310070 0.947156
vt 0.309266 0.947156
vt 0.918999 0.740793
vt 0.918195 0.740793
vt 0.775257 0.802482
vt 0.776061 0.802716
vt 0.775257 0.802716
vt 0.775257 0.802187
vt 0.776061 0.802482
vt 0.419160 0.948116
vt 0.419964 0.948411
vt 0.419160 0.948411
vt 0.446919 0.949025
vt 0.447723 0.949284
vt 0.310070 0.947415
vt 0.309266 0.947415
vt 0.775257 0.801860
vt 0.776061 0.802187
vt 0.419964 0.948738
vt 0.419160 0.948738
vt 0.310070 0.947648
vt 0.309266 0.947648
vt 0.446919 0.948792
vt 0.447723 0.949025
vt 0.419964 0.949065
vt 0.419160 0.949065
vt 0.775257 0.801533
vt 0.776061 0.801860
vt 0.439979 0.948606
vt 0.440783 0.948792
vt 0.439979 0.948792
vt 0.446919 0.948606
vt 0.447723 0.948792
vt 0.923617 0.801342
vt 0.924421 0.801632
vt 0.923617 0.801632
vt 0.923617 0.800978
vt 0.924421 0.801342
vt 0.474678 0.948598
vt 0.475482 0.948963
vt 0.474678 0.948963
vt 0.419964 0.949360
vt 0.419160 0.949360
vt 0.775257 0.801238
vt 0.776061 0.801533
vt 0.440783 0.949025
vt 0.439979 0.949025
vt 0.302326 0.947415
vt 0.303130 0.947648
vt 0.302326 0.947648
vt 0.475482 0.949367
vt 0.474678 0.949367
vt 0.923617 0.800574
vt 0.924421 0.800978
vt 0.775257 0.801004
vt 0.776061 0.801238
vt 0.768317 0.801004
vt 0.769121 0.801238
vt 0.768317 0.801238
vt 0.302326 0.947156
vt 0.303130 0.947415
vt 0.440783 0.949284
vt 0.439979 0.949284
vt 0.475482 0.949770
vt 0.474678 0.949770
vt 0.923617 0.800170
vt 0.924421 0.800574
vt 0.302326 0.946898
vt 0.303130 0.947156
vt 0.440783 0.949542
vt 0.439979 0.949542
vt 0.924042 0.795197
vt 0.924846 0.795526
vt 0.924042 0.795526
vt 0.817931 0.798057
vt 0.818736 0.798471
vt 0.817931 0.798471
vt 0.924042 0.794783
vt 0.924846 0.795197
vt 0.302326 0.946664
vt 0.303130 0.946898
vt 0.440783 0.949776
vt 0.439979 0.949776
vt 0.412220 0.949065
vt 0.413024 0.949360
vt 0.412220 0.949360
vt 0.769121 0.801533
vt 0.768317 0.801533
vt 0.440783 0.949961
vt 0.439979 0.949961
vt 0.818736 0.798930
vt 0.817931 0.798930
vt 0.924042 0.794324
vt 0.924846 0.794783
vt 0.475482 0.950135
vt 0.474678 0.950135
vt 0.923617 0.799806
vt 0.924421 0.800170
vt 0.769121 0.801860
vt 0.768317 0.801860
vt 0.412220 0.948738
vt 0.413024 0.949065
vt 0.818736 0.799389
vt 0.817931 0.799389
vt 0.924042 0.793866
vt 0.924846 0.794324
vt 0.412220 0.948411
vt 0.413024 0.948738
vt 0.769121 0.802187
vt 0.768317 0.802187
vt 0.923617 0.799517
vt 0.924421 0.799806
vt 0.930557 0.799517
vt 0.931361 0.799806
vt 0.930557 0.799806
vt 0.412220 0.948116
vt 0.413024 0.948411
vt 0.769121 0.802482
vt 0.768317 0.802482
vt 0.769121 0.802716
vt 0.768317 0.802716
vt 0.924042 0.793451
vt 0.924846 0.793866
vt 0.818736 0.799803
vt 0.817931 0.799803
vt 0.931361 0.800170
vt 0.930557 0.800170
vt 0.467738 0.949770
vt 0.468542 0.950135
vt 0.467738 0.950135
vt 0.931361 0.800574
vt 0.930557 0.800574
vt 0.467738 0.949367
vt 0.468542 0.949770
vt 0.924042 0.793123
vt 0.924846 0.793451
vt 0.931837 0.793123
vt 0.932642 0.793451
vt 0.931837 0.793451
vt 0.930557 0.800978
vt 0.467738 0.948598
vt 0.468542 0.948963
vt 0.467738 0.948963
vt 0.932642 0.793866
vt 0.931837 0.793866
vt 0.810991 0.799389
vt 0.811796 0.799803
vt 0.810991 0.799803
vt 0.918999 0.765739
vt 0.918195 0.744163
vt 0.930557 0.801342
vt 0.931361 0.801632
vt 0.930557 0.801632
vt 0.932642 0.794324
vt 0.931837 0.794324
vt 0.810991 0.798930
vt 0.811796 0.799389
vt 0.564290 0.861702
vt 0.563485 0.865072
vt 0.563485 0.861702
vt 0.932642 0.794783
vt 0.931837 0.794783
vt 0.810991 0.798471
vt 0.811796 0.798930
vt 0.810991 0.798057
vt 0.811796 0.798471
vt 0.932642 0.795197
vt 0.931837 0.795197
vt 0.932642 0.795526
vt 0.931837 0.795526
vt 0.467738 0.949075
vt 0.468542 0.949075
vt 0.683534 0.748180
vt 0.678295 0.740793
vt 0.686553 0.751989
vt 0.722625 0.751989
vt 0.725526 0.748414
vt 0.725485 0.748672
vt 0.711078 0.771553
vt 0.715840 0.764284
vt 0.716168 0.763956
vt 0.693339 0.764284
vt 0.693753 0.764495
vt 0.698101 0.771553
vt 0.727159 0.748672
vt 0.727118 0.748414
vt 0.732654 0.742171
vt 0.682598 0.749469
vt 0.682857 0.749509
vt 0.685547 0.753374
vt 0.687409 0.752425
vt 0.695413 0.762210
vt 0.717687 0.757437
vt 0.714094 0.761882
vt 0.713766 0.762210
vt 0.916677 0.802724
vt 0.917481 0.802526
vt 0.917481 0.802724
vt 0.926795 0.763969
vt 0.925990 0.765739
vt 0.925990 0.763969
vt 0.433039 0.949285
vt 0.433844 0.949470
vt 0.433039 0.949470
vt 0.433039 0.949052
vt 0.433844 0.949285
vt 0.295386 0.946721
vt 0.296191 0.946954
vt 0.295386 0.946954
vt 0.433039 0.948793
vt 0.433844 0.949052
vt 0.296191 0.947213
vt 0.295386 0.947213
vt 0.926795 0.740793
vt 0.925990 0.740793
vt 0.761377 0.802513
vt 0.762181 0.802747
vt 0.761377 0.802747
vt 0.761377 0.802218
vt 0.762181 0.802513
vt 0.405280 0.948116
vt 0.406084 0.948411
vt 0.405280 0.948411
vt 0.433039 0.948535
vt 0.433844 0.948793
vt 0.296191 0.947471
vt 0.295386 0.947471
vt 0.761377 0.801891
vt 0.762181 0.802218
vt 0.406084 0.948738
vt 0.405280 0.948738
vt 0.296191 0.947705
vt 0.295386 0.947705
vt 0.433039 0.948301
vt 0.433844 0.948535
vt 0.406084 0.949065
vt 0.405280 0.949065
vt 0.761377 0.801564
vt 0.762181 0.801891
vt 0.426099 0.948116
vt 0.426904 0.948301
vt 0.426099 0.948301
vt 0.433039 0.948116
vt 0.433844 0.948301
vt 0.909737 0.802890
vt 0.910542 0.803179
vt 0.909737 0.803179
vt 0.909737 0.802526
vt 0.910542 0.802890
vt 0.460798 0.948606
vt 0.461603 0.948971
vt 0.460798 0.948971
vt 0.406084 0.949360
vt 0.405280 0.949360
vt 0.761377 0.801269
vt 0.762181 0.801564
vt 0.426904 0.948535
vt 0.426099 0.948535
vt 0.288446 0.947471
vt 0.289251 0.947705
vt 0.288446 0.947705
vt 0.461603 0.949375
vt 0.460798 0.949375
vt 0.909737 0.802122
vt 0.910542 0.802526
vt 0.761377 0.801036
vt 0.762181 0.801269
vt 0.754437 0.801035
vt 0.755242 0.801269
vt 0.754437 0.801269
vt 0.288446 0.947213
vt 0.289251 0.947471
vt 0.426904 0.948793
vt 0.426099 0.948793
vt 0.461603 0.949778
vt 0.460798 0.949778
vt 0.909737 0.801718
vt 0.910542 0.802122
vt 0.288446 0.946954
vt 0.289251 0.947213
vt 0.426904 0.949052
vt 0.426099 0.949052
vt 0.939633 0.793976
vt 0.940438 0.794304
vt 0.939633 0.794304
vt 0.804052 0.801377
vt 0.804856 0.801791
vt 0.804052 0.801791
vt 0.939633 0.793562
vt 0.940438 0.793976
vt 0.288446 0.946721
vt 0.289251 0.946954
vt 0.426904 0.949285
vt 0.426099 0.949285
vt 0.398340 0.948967
vt 0.399145 0.949262
vt 0.398340 0.949262
vt 0.755242 0.801564
vt 0.754437 0.801564
vt 0.426904 0.949470
vt 0.426099 0.949470
vt 0.804856 0.802250
vt 0.804052 0.802250
vt 0.939633 0.793103
vt 0.940438 0.793562
vt 0.461603 0.950143
vt 0.460798 0.950143
vt 0.909737 0.801354
vt 0.910542 0.801718
vt 0.755242 0.801891
vt 0.754437 0.801891
vt 0.398340 0.948641
vt 0.399145 0.948967
vt 0.804856 0.802709
vt 0.804052 0.802709
vt 0.939633 0.792644
vt 0.940438 0.793103
vt 0.398340 0.948314
vt 0.399145 0.948641
vt 0.755242 0.802218
vt 0.754437 0.802218
vt 0.909737 0.801065
vt 0.910542 0.801354
vt 0.916677 0.801065
vt 0.917481 0.801354
vt 0.916677 0.801354
vt 0.398340 0.948019
vt 0.399145 0.948314
vt 0.755242 0.802513
vt 0.754437 0.802513
vt 0.755242 0.802747
vt 0.754437 0.802747
vt 0.939633 0.792230
vt 0.940438 0.792644
vt 0.804856 0.803123
vt 0.804052 0.803123
vt 0.917481 0.801718
vt 0.916677 0.801718
vt 0.453858 0.949778
vt 0.454663 0.950143
vt 0.453858 0.950143
vt 0.917481 0.802122
vt 0.916677 0.802122
vt 0.453858 0.949374
vt 0.454663 0.949778
vt 0.939633 0.791902
vt 0.940438 0.792230
vt 0.947429 0.791902
vt 0.948233 0.792230
vt 0.947429 0.792230
vt 0.916677 0.802526
vt 0.453858 0.948606
vt 0.454663 0.948971
vt 0.453858 0.948971
vt 0.948233 0.792644
vt 0.947429 0.792644
vt 0.797112 0.802709
vt 0.797916 0.803123
vt 0.797112 0.803123
vt 0.926795 0.765739
vt 0.925990 0.744163
vt 0.916677 0.802890
vt 0.917481 0.803179
vt 0.916677 0.803179
vt 0.948233 0.793103
vt 0.947429 0.793103
vt 0.797112 0.802250
vt 0.797916 0.802709
vt 0.572086 0.861702
vt 0.571281 0.865072
vt 0.571281 0.861702
vt 0.948233 0.793562
vt 0.947429 0.793562
vt 0.797112 0.801791
vt 0.797916 0.802250
vt 0.797112 0.801377
vt 0.797916 0.801791
vt 0.948233 0.793976
vt 0.947429 0.793976
vt 0.948233 0.794304
vt 0.947429 0.794304
vt 0.453858 0.949083
vt 0.454663 0.949083
vt 0.745901 0.748180
vt 0.740662 0.740793
vt 0.748920 0.751989
vt 0.784992 0.751989
vt 0.787892 0.748414
vt 0.787851 0.748672
vt 0.773444 0.771553
vt 0.778206 0.764284
vt 0.778535 0.763956
vt 0.755705 0.764284
vt 0.756119 0.764495
vt 0.760467 0.771553
vt 0.789525 0.748672
vt 0.789484 0.748414
vt 0.795021 0.742171
vt 0.744965 0.749469
vt 0.745223 0.749509
vt 0.747914 0.753374
vt 0.749775 0.752425
vt 0.757779 0.762210
vt 0.780053 0.757437
vt 0.776461 0.761882
vt 0.776132 0.762210
vt 0.237590 0.925517
vt 0.234735 0.933777
vt 0.234735 0.925517
vt 0.668729 0.812012
vt 0.671584 0.814867
vt 0.668729 0.814867
vt 0.482535 0.941214
vt 0.479680 0.944931
vt 0.479680 0.941214
vt 0.678473 0.812012
vt 0.681328 0.814867
vt 0.678473 0.814867
vt 0.226043 0.925517
vt 0.223188 0.933777
vt 0.223188 0.925517
vt 0.217052 0.925517
vt 0.214197 0.933777
vt 0.214197 0.925517
vt 0.688218 0.793970
vt 0.689219 0.796825
vt 0.688218 0.796825
vt 0.226589 0.932776
vt 0.226043 0.933777
vt 0.697015 0.796825
vt 0.696014 0.793970
vt 0.697015 0.793970
vt 0.213651 0.926518
vt 0.703810 0.794193
vt 0.704678 0.797048
vt 0.703810 0.797048
vt 0.226589 0.926518
vt 0.227457 0.932134
vt 0.715566 0.797048
vt 0.714698 0.794193
vt 0.715566 0.794193
vt 0.213651 0.932776
vt 0.212783 0.927161
vt 0.704678 0.794193
vt 0.705821 0.797048
vt 0.227457 0.927161
vt 0.228600 0.931506
vt 0.714698 0.797048
vt 0.713555 0.794193
vt 0.212783 0.932134
vt 0.211640 0.927789
vt 0.140393 0.925517
vt 0.137442 0.932614
vt 0.137442 0.925517
vt 0.318058 0.925517
vt 0.315107 0.934237
vt 0.315107 0.925517
vt 0.254603 0.938136
vt 0.251653 0.942805
vt 0.251653 0.938136
vt 0.308972 0.925517
vt 0.306021 0.934237
vt 0.306021 0.925517
vt 0.294003 0.925517
vt 0.299886 0.934237
vt 0.292789 0.934237
vt 0.279556 0.925517
vt 0.285439 0.934237
vt 0.280771 0.934237
vt 0.887816 0.740793
vt 0.887011 0.767232
vt 0.887011 0.740793
vt 0.903602 0.799081
vt 0.902797 0.801089
vt 0.902797 0.799081
vt 0.895612 0.740793
vt 0.894807 0.767232
vt 0.894807 0.740793
vt 0.896662 0.799081
vt 0.895858 0.801089
vt 0.895858 0.799081
vt 0.816446 0.741794
vt 0.801257 0.767232
vt 0.814438 0.740793
vt 0.824704 0.740793
vt 0.835876 0.768233
vt 0.822696 0.741794
vt 0.725034 0.775545
vt 0.724230 0.790201
vt 0.724230 0.775545
vt 0.959120 0.798252
vt 0.958316 0.800419
vt 0.958316 0.798252
vt 0.718094 0.775545
vt 0.717290 0.790201
vt 0.717290 0.775545
vt 0.952181 0.798296
vt 0.951376 0.800463
vt 0.951376 0.798296
vt 0.831794 0.772805
vt 0.825700 0.786881
vt 0.829627 0.772224
vt 0.813470 0.772805
vt 0.819565 0.786881
vt 0.817398 0.787462
vt 0.711155 0.775545
vt 0.710350 0.790201
vt 0.710350 0.775545
vt 0.945241 0.798296
vt 0.944436 0.800463
vt 0.944436 0.798296
vt 0.704215 0.775545
vt 0.703410 0.790201
vt 0.703410 0.775545
vt 0.938301 0.798296
vt 0.937496 0.800463
vt 0.937496 0.798296
vt 0.807335 0.772805
vt 0.801241 0.786881
vt 0.805168 0.772224
vt 0.789011 0.776125
vt 0.795106 0.790201
vt 0.792939 0.790782
vt 0.029709 0.936092
vt 0.029273 0.942410
vt 0.029273 0.936092
vt 0.030055 0.936092
vt 0.029709 0.942410
vt 0.037704 0.936204
vt 0.037268 0.942523
vt 0.037268 0.936204
vt 0.038188 0.936204
vt 0.037704 0.942523
vt 0.038671 0.936204
vt 0.038188 0.942523
vt 0.039108 0.936204
vt 0.038671 0.942523
vt 0.047359 0.936204
vt 0.047013 0.942523
vt 0.047013 0.936204
vt 0.047795 0.936204
vt 0.047359 0.942523
vt 0.048279 0.936204
vt 0.047795 0.942523
vt 0.048762 0.936204
vt 0.048279 0.942523
vt 0.049199 0.936204
vt 0.048762 0.942523
vt 0.049545 0.936204
vt 0.049199 0.942523
vt 0.057194 0.936204
vt 0.056758 0.942523
vt 0.056758 0.936204
vt 0.057677 0.936204
vt 0.057194 0.942523
vt 0.058161 0.936204
vt 0.057677 0.942523
vt 0.058597 0.936204
vt 0.058161 0.942523
vt 0.027869 0.936092
vt 0.027523 0.942410
vt 0.027523 0.936092
vt 0.028306 0.936092
vt 0.027869 0.942410
vt 0.028789 0.936092
vt 0.028306 0.942410
vt 0.028789 0.942410
vt 0.616643 0.817597
vt 0.616206 0.817819
vt 0.615723 0.816331
vt 0.616989 0.817250
vt 0.617211 0.816814
vt 0.617288 0.816331
vt 0.617211 0.815847
vt 0.616989 0.815411
vt 0.616643 0.815065
vt 0.616206 0.814842
vt 0.615723 0.814766
vt 0.615239 0.814842
vt 0.614803 0.815065
vt 0.614457 0.815411
vt 0.614235 0.815847
vt 0.614158 0.816331
vt 0.614235 0.816814
vt 0.614457 0.817250
vt 0.614803 0.817597
vt 0.615239 0.817819
vt 0.615723 0.817896
vt 0.624984 0.817819
vt 0.624548 0.817597
vt 0.625468 0.816331
vt 0.624202 0.817250
vt 0.623979 0.816814
vt 0.623903 0.816331
vt 0.623979 0.815847
vt 0.624202 0.815411
vt 0.624548 0.815065
vt 0.624984 0.814842
vt 0.625468 0.814766
vt 0.625951 0.814842
vt 0.626387 0.815065
vt 0.626734 0.815411
vt 0.626956 0.815847
vt 0.627033 0.816331
vt 0.626956 0.816814
vt 0.626734 0.817250
vt 0.626387 0.817597
vt 0.625951 0.817819
vt 0.625468 0.817896
vt 0.903408 0.740793
vt 0.902603 0.767232
vt 0.902603 0.740793
vt 0.889722 0.800082
vt 0.888918 0.802090
vt 0.888918 0.800082
vt 0.911203 0.740793
vt 0.910399 0.767232
vt 0.910399 0.740793
vt 0.882782 0.800138
vt 0.881978 0.802146
vt 0.881978 0.800138
vt 0.859322 0.741794
vt 0.844134 0.767232
vt 0.857315 0.740793
vt 0.867581 0.740793
vt 0.878753 0.768233
vt 0.865573 0.741794
vt 0.779577 0.795528
vt 0.777870 0.794293
vt 0.779577 0.794293
vt 0.779577 0.797010
vt 0.777870 0.795893
vt 0.779577 0.795893
vt 0.748302 0.801049
vt 0.747066 0.802756
vt 0.747066 0.801049
vt 0.740567 0.801082
vt 0.739006 0.802789
vt 0.739006 0.801082
vt 0.732871 0.801082
vt 0.731502 0.802789
vt 0.731502 0.801082
vt 0.725366 0.800982
vt 0.723958 0.802689
vt 0.723958 0.800982
vt 0.717823 0.801039
vt 0.716843 0.802746
vt 0.716843 0.801039
vt 0.710206 0.801039
vt 0.708798 0.802746
vt 0.708798 0.801039
vt 0.702663 0.801039
vt 0.701293 0.802746
vt 0.701293 0.801039
vt 0.695158 0.800816
vt 0.693597 0.802523
vt 0.693597 0.800816
vt 0.789322 0.796009
vt 0.787615 0.794773
vt 0.789322 0.794773
vt 0.789322 0.797490
vt 0.787615 0.796373
vt 0.789322 0.796373
vt 0.687462 0.818859
vt 0.686227 0.820566
vt 0.686227 0.818859
vt 0.679727 0.818859
vt 0.678167 0.820566
vt 0.678167 0.818859
vt 0.672031 0.818859
vt 0.670662 0.820566
vt 0.670662 0.818859
vt 0.664527 0.822251
vt 0.663119 0.823958
vt 0.663119 0.822251
vt 0.656983 0.822251
vt 0.656003 0.823958
vt 0.656003 0.822251
vt 0.649868 0.822492
vt 0.648460 0.824199
vt 0.648460 0.822492
vt 0.642324 0.822492
vt 0.640955 0.824199
vt 0.640955 0.822492
vt 0.634820 0.822076
vt 0.633259 0.823783
vt 0.633259 0.822076
vt 0.372367 0.927963
vt 0.372996 0.929199
vt 0.368781 0.930568
vt 0.371386 0.926983
vt 0.370151 0.926353
vt 0.368781 0.926136
vt 0.367412 0.926353
vt 0.366177 0.926983
vt 0.365196 0.927963
vt 0.364567 0.929199
vt 0.364350 0.930568
vt 0.364567 0.931937
vt 0.365196 0.933173
vt 0.366177 0.934153
vt 0.367412 0.934783
vt 0.368781 0.934999
vt 0.370151 0.934783
vt 0.371386 0.934153
vt 0.372367 0.933173
vt 0.372996 0.931937
vt 0.373213 0.930568
vt 0.356759 0.931937
vt 0.356130 0.933173
vt 0.352544 0.930568
vt 0.355149 0.934153
vt 0.353914 0.934783
vt 0.352544 0.934999
vt 0.351175 0.934783
vt 0.349940 0.934153
vt 0.348959 0.933173
vt 0.348330 0.931937
vt 0.348113 0.930568
vt 0.348330 0.929199
vt 0.348959 0.927963
vt 0.349940 0.926983
vt 0.351175 0.926353
vt 0.352544 0.926137
vt 0.353914 0.926353
vt 0.355149 0.926983
vt 0.356130 0.927963
vt 0.356759 0.929199
vt 0.356976 0.930568
vt 0.372868 0.927599
vt 0.746702 0.801049
vt 0.356631 0.933537
vt 0.355513 0.934654
vt 0.777870 0.795528
vt 0.370342 0.925764
vt 0.627124 0.823594
vt 0.626504 0.821887
vt 0.627124 0.821887
vt 0.352544 0.935619
vt 0.619780 0.821887
vt 0.620369 0.823594
vt 0.619780 0.823594
vt 0.365813 0.926482
vt 0.367221 0.925764
vt 0.716341 0.801039
vt 0.349576 0.934654
vt 0.613055 0.821887
vt 0.613644 0.823594
vt 0.613055 0.823594
vt 0.364695 0.927599
vt 0.606920 0.823680
vt 0.606331 0.821973
vt 0.606920 0.821973
vt 0.348458 0.933537
vt 0.347741 0.932129
vt 0.717459 0.802746
vt 0.717823 0.802746
vt 0.363731 0.930568
vt 0.600196 0.870616
vt 0.599607 0.868909
vt 0.600196 0.868909
vt 0.347494 0.930568
vt 0.347741 0.929007
vt 0.592852 0.869050
vt 0.593471 0.870756
vt 0.592852 0.870756
vt 0.364695 0.933537
vt 0.685863 0.818859
vt 0.348458 0.927599
vt 0.349576 0.926482
vt 0.787615 0.796009
vt 0.367221 0.935372
vt 0.586717 0.870756
vt 0.586097 0.869050
vt 0.586717 0.869050
vt 0.350984 0.925764
vt 0.352544 0.925517
vt 0.579373 0.869049
vt 0.579962 0.870756
vt 0.579373 0.870756
vt 0.371750 0.934654
vt 0.370342 0.935372
vt 0.573237 0.870770
vt 0.572736 0.869063
vt 0.573237 0.869063
vt 0.355513 0.926482
vt 0.566012 0.869063
vt 0.566601 0.870770
vt 0.566012 0.870770
vt 0.373585 0.932129
vt 0.372868 0.933537
vt 0.559877 0.950434
vt 0.559288 0.948727
vt 0.559877 0.948727
vt 0.357348 0.929007
vt 0.656619 0.823958
vt 0.656983 0.823958
vt 0.373832 0.930568
vt 0.553152 0.950434
vt 0.552563 0.948727
vt 0.553152 0.948727
vt 0.357595 0.930568
vt 0.357348 0.932129
vt 0.545809 0.948727
vt 0.546428 0.950434
vt 0.545809 0.950434
vt 0.074102 0.932213
vt 0.075226 0.925517
vt 0.075226 0.932213
vt 0.073211 0.932213
vt 0.074102 0.925517
vt 0.065952 0.932213
vt 0.067075 0.925517
vt 0.067075 0.932213
vt 0.064707 0.932213
vt 0.065952 0.925517
vt 0.063461 0.932213
vt 0.064707 0.925517
vt 0.062338 0.932213
vt 0.063461 0.925517
vt 0.055311 0.932213
vt 0.056203 0.925517
vt 0.056203 0.932213
vt 0.054188 0.932213
vt 0.055311 0.925517
vt 0.052942 0.932213
vt 0.054188 0.925517
vt 0.051697 0.932213
vt 0.052942 0.925517
vt 0.050573 0.932213
vt 0.051697 0.925517
vt 0.049682 0.932213
vt 0.050573 0.925517
vt 0.042423 0.932213
vt 0.043547 0.925517
vt 0.043547 0.932213
vt 0.041178 0.932213
vt 0.042423 0.925517
vt 0.039933 0.932213
vt 0.041178 0.925517
vt 0.038809 0.932213
vt 0.039933 0.925517
vt 0.078840 0.932213
vt 0.079731 0.925517
vt 0.079731 0.932213
vt 0.077716 0.932213
vt 0.078840 0.925517
vt 0.076471 0.932213
vt 0.077716 0.925517
vt 0.076471 0.925517
vt 0.198214 0.931916
vt 0.197642 0.930792
vt 0.201475 0.929547
vt 0.199106 0.932807
vt 0.200229 0.933380
vt 0.201475 0.933577
vt 0.202720 0.933380
vt 0.203843 0.932807
vt 0.204735 0.931916
vt 0.205307 0.930792
vt 0.205505 0.929547
vt 0.205307 0.928302
vt 0.204735 0.927178
vt 0.203843 0.926287
vt 0.202720 0.925714
vt 0.201475 0.925517
vt 0.200229 0.925714
vt 0.199106 0.926287
vt 0.198214 0.927178
vt 0.197642 0.928302
vt 0.197445 0.929547
vt 0.183447 0.928302
vt 0.184019 0.927178
vt 0.187280 0.929547
vt 0.184911 0.926287
vt 0.186034 0.925714
vt 0.187280 0.925517
vt 0.188525 0.925714
vt 0.189648 0.926287
vt 0.190540 0.927178
vt 0.191112 0.928302
vt 0.191309 0.929547
vt 0.191112 0.930792
vt 0.190540 0.931916
vt 0.189648 0.932807
vt 0.188525 0.933380
vt 0.187280 0.933577
vt 0.186034 0.933380
vt 0.184911 0.932807
vt 0.184019 0.931916
vt 0.183447 0.930792
vt 0.183250 0.929547
vt 0.029530 0.932100
vt 0.030158 0.925517
vt 0.030158 0.932100
vt 0.029033 0.932100
vt 0.029530 0.925517
vt 0.022270 0.932100
vt 0.022897 0.925517
vt 0.022897 0.932100
vt 0.021575 0.932100
vt 0.022270 0.925517
vt 0.020879 0.932100
vt 0.021575 0.925517
vt 0.020252 0.932100
vt 0.020879 0.925517
vt 0.013619 0.932100
vt 0.014117 0.925517
vt 0.014117 0.932100
vt 0.012991 0.932100
vt 0.013619 0.925517
vt 0.012296 0.932100
vt 0.012991 0.925517
vt 0.011601 0.932100
vt 0.012296 0.925517
vt 0.010973 0.932100
vt 0.011601 0.925517
vt 0.010475 0.932100
vt 0.010973 0.925517
vt 0.004010 0.932100
vt 0.004638 0.925517
vt 0.004638 0.932100
vt 0.003315 0.932100
vt 0.004010 0.925517
vt 0.002619 0.932100
vt 0.003315 0.925517
vt 0.001992 0.932100
vt 0.002619 0.925517
vt 0.032176 0.932100
vt 0.032674 0.925517
vt 0.032674 0.932100
vt 0.031549 0.932100
vt 0.032176 0.925517
vt 0.030853 0.932100
vt 0.031549 0.925517
vt 0.030853 0.925517
vt 0.281815 0.938658
vt 0.282442 0.938338
vt 0.283138 0.940479
vt 0.281317 0.939156
vt 0.280997 0.939783
vt 0.280887 0.940479
vt 0.280997 0.941174
vt 0.281317 0.941801
vt 0.281815 0.942299
vt 0.282442 0.942619
vt 0.283138 0.942729
vt 0.283833 0.942619
vt 0.284460 0.942299
vt 0.284958 0.941801
vt 0.285278 0.941174
vt 0.285388 0.940479
vt 0.285278 0.939783
vt 0.284958 0.939156
vt 0.284460 0.938658
vt 0.283833 0.938338
vt 0.283138 0.938228
vt 0.295527 0.938338
vt 0.296154 0.938658
vt 0.294831 0.940479
vt 0.296652 0.939156
vt 0.296972 0.939783
vt 0.297082 0.940479
vt 0.296972 0.941174
vt 0.296652 0.941801
vt 0.296154 0.942299
vt 0.295527 0.942619
vt 0.294831 0.942729
vt 0.294136 0.942619
vt 0.293509 0.942299
vt 0.293011 0.941801
vt 0.292691 0.941174
vt 0.292581 0.940479
vt 0.292691 0.939783
vt 0.293011 0.939156
vt 0.293509 0.938658
vt 0.294136 0.938338
vt 0.294831 0.938228
vt 0.598566 0.864918
vt 0.874840 0.802031
vt 0.860563 0.802068
vt 0.503033 0.950548
vt 0.538670 0.950414
vt 0.531532 0.950414
vt 0.495894 0.950548
vt 0.853424 0.802068
vt 0.606362 0.817981
vt 0.867701 0.802113
vt 0.846286 0.802068
vt 0.488756 0.950422
vt 0.524393 0.950594
vt 0.517255 0.950594
vt 0.481617 0.950543
vt 0.839148 0.800171
vt 0.630546 0.799959
vt 0.874840 0.800138
vt 0.627032 0.798817
vt 0.391472 0.949022
vt 0.385336 0.947793
vt 0.832009 0.798324
vt 0.607092 0.810482
vt 0.378504 0.947793
vt 0.370974 0.948570
vt 0.604103 0.808310
vt 0.833012 0.799646
vt 0.621346 0.806643
vt 0.364141 0.948570
vt 0.358006 0.947643
vt 0.867701 0.800220
vt 0.604103 0.801282
vt 0.350404 0.948646
vt 0.607092 0.799110
vt 0.344269 0.948046
vt 0.630546 0.809632
vt 0.824871 0.798057
vt 0.337436 0.948046
vt 0.329907 0.947680
vt 0.613776 0.801282
vt 0.825874 0.799380
vt 0.323074 0.947680
vt 0.614918 0.804796
vt 0.316939 0.946677
vt 0.491785 0.941214
vt 0.797360 0.797386
vt 0.501530 0.941340
vt 0.809105 0.791453
vt 0.489582 0.944684
vt 0.316574 0.942261
vt 0.319186 0.938665
vt 0.499170 0.944684
vt 0.492145 0.941466
vt 0.511275 0.941340
vt 0.816849 0.794066
vt 0.521020 0.941340
vt 0.828595 0.791453
vt 0.330880 0.938665
vt 0.328268 0.942261
vt 0.518659 0.944684
vt 0.511635 0.941591
vt 0.411931 0.940571
vt 0.390028 0.941296
vt 0.392420 0.943034
vt 0.412405 0.940784
vt 0.390230 0.940797
vt 0.402832 0.940936
vt 0.392319 0.943672
vt 0.412817 0.941616
vt 0.886657 0.796031
vt 0.894807 0.792766
vt 0.895756 0.792632
vt 0.412817 0.942908
vt 0.885365 0.796031
vt 0.896705 0.792766
vt 0.419465 0.943630
vt 0.402832 0.943394
vt 0.421553 0.940756
vt 0.412405 0.943740
vt 0.411931 0.943953
vt 0.419263 0.943131
vt 0.402187 0.943856
vt 0.421654 0.941393
vt 0.419290 0.942642
vt 0.264251 0.938136
vt 0.579077 0.865058
vt 0.273995 0.938136
vt 0.591465 0.861702
vt 0.158103 0.940768
vt 0.264355 0.939614
vt 0.173787 0.938178
vt 0.172476 0.937752
vt 0.170673 0.938671
vt 0.171166 0.941785
vt 0.173787 0.941785
vt 0.174155 0.942291
vt 0.245317 0.942291
vt 0.537659 0.944358
vt 0.529275 0.941340
vt 0.243857 0.942838
vt 0.536200 0.944756
vt 0.236061 0.942470
vt 0.725568 0.796990
vt 0.646190 0.818501
vt 0.733044 0.794293
vt 0.636445 0.818084
vt 0.653137 0.815379
vt 0.370539 0.943575
vt 0.660933 0.818259
vt 0.362743 0.943575
vt 0.956852 0.794261
vt 0.554124 0.944735
vt 0.963021 0.791902
vt 0.544380 0.944735
vt 0.752720 0.794293
vt 0.761030 0.797044
vt 0.966013 0.800344
vt 0.544124 0.942097
vt 0.972905 0.798151
vt 0.553741 0.941340
vt 0.965256 0.800437
vt 0.543996 0.941340
vt 0.975628 0.787910
vt 0.950092 0.771771
vt 0.939737 0.771771
vt 0.919026 0.774485
vt 0.929382 0.769731
vt 0.891253 0.788641
vt 0.182724 0.001897
vt 0.370019 0.001897
vt 0.557118 0.001897
vt 0.744218 0.001897
vt 0.857439 0.774494
vt 0.885118 0.772224
vt 0.868472 0.789642
vt 0.862336 0.772224
vt 0.850945 0.772224
vt 0.487821 0.937223
vt 0.066502 0.942281
vt 0.639548 0.810747
vt 0.761475 0.789974
vt 0.761475 0.775873
vt 0.761935 0.775545
vt 0.743001 0.775873
vt 0.743460 0.775545
vt 0.743001 0.789974
vt 0.161080 0.925517
vt 0.154945 0.933040
vt 0.340702 0.934921
vt 0.596826 0.857710
vt 0.564279 0.857710
vt 0.564279 0.850696
vt 0.124585 0.925517
vt 0.112437 0.932276
vt 0.105519 0.925553
vt 0.085866 0.932239
vt 0.590067 0.857710
vt 0.532356 0.925517
vt 0.551385 0.937348
vt 0.499809 0.937348
vt 0.519462 0.937348
vt 0.538491 0.925517
vt 0.944195 0.764518
vt 0.954197 0.740793
vt 0.979276 0.764518
vt 0.997087 0.764518
vt 0.388650 0.925517
vt 0.379968 0.925675
vt 0.167872 0.925632
vt 0.175561 0.933135
vt 0.169425 0.925517
vt 0.390237 0.925777
vt 0.382035 0.925777
vt 0.334078 0.925517
vt 0.011932 0.942436
vt 0.325824 0.925517
vt 0.021358 0.936092
vt 0.404467 0.926548
vt 0.334567 0.926990
vt 0.397140 0.933933
vt 0.326312 0.926990
vt 0.566566 0.841888
vt 0.573230 0.740793
vt 0.586056 0.841888
vt 0.594958 0.841888
vt 0.475833 0.936899
vt 0.462942 0.925517
vt 0.456806 0.936899
vt 0.446758 0.925517
vt 0.273421 0.934145
vt 0.261641 0.934145
vt 0.255506 0.934145
vt 0.246101 0.925517
vt 0.437780 0.936408
vt 0.428134 0.925517
vt 0.421999 0.936408
vt 0.413830 0.936408
vt 0.440737 0.940890
vt 0.431372 0.942642
vt 0.450481 0.940890
vt 0.451384 0.941274
vt 0.429209 0.940894
vt 0.441639 0.941274
vt 0.451695 0.941804
vt 0.441950 0.941804
vt 0.906450 0.794956
vt 0.905828 0.795075
vt 0.914919 0.794631
vt 0.442135 0.942752
vt 0.451858 0.943080
vt 0.905174 0.795075
vt 0.915573 0.794631
vt 0.904552 0.794956
vt 0.451556 0.943981
vt 0.460532 0.941246
vt 0.441639 0.944231
vt 0.450910 0.944444
vt 0.440737 0.944615
vt 0.460606 0.942373
vt 0.076104 0.942105
vt 0.084043 0.936267
vt 0.091839 0.936267
vt 0.102896 0.942168
vt 0.660933 0.748559
vt 0.604701 0.783303
vt 0.670354 0.789301
vt 0.981764 0.788760
vt 0.644909 0.794825
vt 0.839554 0.778157
vt 0.981764 0.777697
vt 0.615657 0.792589
vt 0.638402 0.794688
vt 0.839554 0.784085
vt 0.981764 0.770076
vt 0.147768 0.932998
vt 0.982149 0.768568
vt 0.206503 0.937568
vt 0.623158 0.785056
vt 0.931317 0.001897
vt 0.998008 0.186621
vt 0.811140 0.186621
vt 0.624272 0.186621
vt 0.437405 0.186621
vt 0.250537 0.186621
vt 0.182724 0.371345
vt 0.370019 0.371345
vt 0.557118 0.371345
vt 0.744218 0.371345
vt 0.931317 0.371345
vt 0.998008 0.556069
vt 0.811140 0.556069
vt 0.624272 0.556069
vt 0.437405 0.556069
vt 0.250537 0.556069
vt 0.182724 0.740793
vt 0.370019 0.740793
vt 0.557118 0.740793
vt 0.980139 0.795099
vt 0.146539 0.925517
vt 0.970816 0.794103
vt 0.510171 0.948927
vt 0.111185 0.942168
vt 0.119124 0.936267
vt 0.126920 0.936267
vt 0.137977 0.942507
vt 0.836358 0.792770
vt 0.847466 0.793633
vt 0.837986 0.793299
vt 0.857211 0.793633
vt 0.838005 0.793640
vt 0.857960 0.794075
vt 0.848095 0.793901
vt 0.837864 0.793988
vt 0.836409 0.791985
vt 0.790976 0.803101
vt 0.848425 0.794703
vt 0.858185 0.794931
vt 0.790315 0.803194
vt 0.782858 0.801482
vt 0.848425 0.795159
vt 0.858127 0.795381
vt 0.789654 0.803101
vt 0.783519 0.801575
vt 0.867169 0.793881
vt 0.857839 0.795961
vt 0.848095 0.795961
vt 0.865573 0.795536
vt 0.867239 0.794326
vt 0.865592 0.795195
vt 0.847466 0.796229
vt 0.857211 0.796229
vt 0.931361 0.801342
vt 0.310070 0.946664
vt 0.419964 0.948116
vt 0.440783 0.948606
vt 0.447723 0.948606
vt 0.475482 0.948598
vt 0.776061 0.801004
vt 0.769121 0.801004
vt 0.818736 0.798057
vt 0.303130 0.946664
vt 0.924421 0.799517
vt 0.931361 0.799517
vt 0.413024 0.948116
vt 0.468542 0.949367
vt 0.924846 0.793123
vt 0.932642 0.793123
vt 0.468542 0.948598
vt 0.918999 0.744163
vt 0.564290 0.865072
vt 0.811796 0.798057
vt 0.685547 0.752720
vt 0.683116 0.749469
vt 0.683349 0.749350
vt 0.683534 0.749164
vt 0.685697 0.752425
vt 0.683653 0.748931
vt 0.685932 0.752191
vt 0.683694 0.748672
vt 0.686226 0.752041
vt 0.683653 0.748414
vt 0.683116 0.747876
vt 0.682857 0.747835
vt 0.683349 0.747995
vt 0.726322 0.749509
vt 0.723683 0.753047
vt 0.723631 0.752720
vt 0.723481 0.752425
vt 0.726063 0.749469
vt 0.723247 0.752191
vt 0.725830 0.749350
vt 0.722952 0.752041
vt 0.725645 0.749164
vt 0.730883 0.740793
vt 0.726322 0.747835
vt 0.726063 0.747876
vt 0.725830 0.747995
vt 0.725526 0.748931
vt 0.725645 0.748180
vt 0.707708 0.768931
vt 0.713482 0.763083
vt 0.713555 0.763542
vt 0.719987 0.758609
vt 0.720005 0.758497
vt 0.719801 0.758974
vt 0.713766 0.763956
vt 0.714094 0.764284
vt 0.716452 0.763083
vt 0.719346 0.759348
vt 0.719512 0.759263
vt 0.714508 0.764495
vt 0.714967 0.764568
vt 0.716379 0.763542
vt 0.715426 0.764495
vt 0.676524 0.742171
vt 0.689174 0.758497
vt 0.689191 0.758609
vt 0.689377 0.758974
vt 0.695696 0.763083
vt 0.701471 0.768931
vt 0.695624 0.763542
vt 0.689666 0.759263
vt 0.689833 0.759348
vt 0.692727 0.763083
vt 0.695413 0.763956
vt 0.695084 0.764284
vt 0.692799 0.763542
vt 0.693010 0.763956
vt 0.694670 0.764495
vt 0.694212 0.764568
vt 0.719512 0.757148
vt 0.722625 0.754105
vt 0.722952 0.754053
vt 0.723247 0.753903
vt 0.719801 0.757437
vt 0.723481 0.753669
vt 0.719987 0.757802
vt 0.723631 0.753374
vt 0.720051 0.758206
vt 0.726580 0.749469
vt 0.726580 0.747876
vt 0.726814 0.749350
vt 0.726999 0.749164
vt 0.726814 0.747995
vt 0.726999 0.748180
vt 0.727118 0.748931
vt 0.682598 0.747876
vt 0.689127 0.758206
vt 0.682365 0.747995
vt 0.682180 0.748180
vt 0.686553 0.754105
vt 0.690030 0.756963
vt 0.689666 0.757148
vt 0.686226 0.754053
vt 0.689377 0.757437
vt 0.685932 0.753903
vt 0.689191 0.757802
vt 0.685697 0.753669
vt 0.682061 0.748414
vt 0.682020 0.748672
vt 0.682061 0.748931
vt 0.682180 0.749164
vt 0.685495 0.753047
vt 0.682365 0.749350
vt 0.686880 0.754053
vt 0.687175 0.753903
vt 0.690434 0.756899
vt 0.687409 0.753669
vt 0.690838 0.756963
vt 0.687559 0.753374
vt 0.691202 0.757148
vt 0.687611 0.753047
vt 0.691492 0.757437
vt 0.687559 0.752720
vt 0.690030 0.759449
vt 0.692799 0.762624
vt 0.690434 0.759512
vt 0.693010 0.762210
vt 0.690838 0.759449
vt 0.693339 0.761882
vt 0.691202 0.759263
vt 0.693753 0.761671
vt 0.691492 0.758974
vt 0.694212 0.761598
vt 0.691677 0.758609
vt 0.694670 0.761671
vt 0.691741 0.758206
vt 0.695084 0.761882
vt 0.691677 0.757802
vt 0.695624 0.762624
vt 0.686880 0.752041
vt 0.687175 0.752191
vt 0.722299 0.752041
vt 0.722004 0.752191
vt 0.713555 0.762624
vt 0.721770 0.752425
vt 0.716379 0.762624
vt 0.719148 0.759449
vt 0.716168 0.762210
vt 0.718744 0.759512
vt 0.715840 0.761882
vt 0.718340 0.759449
vt 0.715426 0.761671
vt 0.717976 0.759263
vt 0.714967 0.761598
vt 0.717687 0.758974
vt 0.714508 0.761671
vt 0.717501 0.758609
vt 0.717437 0.758206
vt 0.722299 0.754053
vt 0.719148 0.756963
vt 0.722004 0.753903
vt 0.718744 0.756899
vt 0.721770 0.753669
vt 0.718340 0.756963
vt 0.721619 0.753374
vt 0.717976 0.757148
vt 0.721568 0.753047
vt 0.721619 0.752720
vt 0.717501 0.757802
vt 0.917481 0.802890
vt 0.296191 0.946721
vt 0.406084 0.948116
vt 0.426904 0.948116
vt 0.433844 0.948116
vt 0.461603 0.948606
vt 0.762181 0.801036
vt 0.755242 0.801035
vt 0.804856 0.801377
vt 0.289251 0.946721
vt 0.910542 0.801065
vt 0.917481 0.801065
vt 0.399145 0.948019
vt 0.454663 0.949374
vt 0.940438 0.791902
vt 0.948233 0.791902
vt 0.454663 0.948606
vt 0.926795 0.744163
vt 0.572086 0.865072
vt 0.797916 0.801377
vt 0.747914 0.752720
vt 0.745482 0.749469
vt 0.745715 0.749350
vt 0.745901 0.749164
vt 0.748064 0.752425
vt 0.746019 0.748931
vt 0.748298 0.752191
vt 0.746060 0.748672
vt 0.748593 0.752041
vt 0.746019 0.748414
vt 0.745482 0.747876
vt 0.745223 0.747835
vt 0.745715 0.747995
vt 0.788688 0.749509
vt 0.786049 0.753047
vt 0.785998 0.752720
vt 0.785847 0.752425
vt 0.788430 0.749469
vt 0.785614 0.752191
vt 0.788196 0.749350
vt 0.785319 0.752041
vt 0.788011 0.749164
vt 0.793250 0.740793
vt 0.788688 0.747835
vt 0.788430 0.747876
vt 0.788196 0.747995
vt 0.787892 0.748931
vt 0.788011 0.748180
vt 0.770074 0.768931
vt 0.775849 0.763083
vt 0.775921 0.763542
vt 0.782354 0.758609
vt 0.782371 0.758497
vt 0.782168 0.758974
vt 0.776132 0.763956
vt 0.776461 0.764284
vt 0.778818 0.763083
vt 0.781712 0.759348
vt 0.781879 0.759263
vt 0.776875 0.764495
vt 0.777333 0.764568
vt 0.778746 0.763542
vt 0.777792 0.764495
vt 0.738891 0.742171
vt 0.751540 0.758497
vt 0.751558 0.758609
vt 0.751744 0.758974
vt 0.758063 0.763083
vt 0.763837 0.768931
vt 0.757990 0.763542
vt 0.752033 0.759263
vt 0.752199 0.759348
vt 0.755093 0.763083
vt 0.757779 0.763956
vt 0.757451 0.764284
vt 0.755166 0.763542
vt 0.755377 0.763956
vt 0.757037 0.764495
vt 0.756578 0.764568
vt 0.781879 0.757148
vt 0.784992 0.754105
vt 0.785319 0.754053
vt 0.785614 0.753903
vt 0.782168 0.757437
vt 0.785847 0.753669
vt 0.782354 0.757802
vt 0.785998 0.753374
vt 0.782418 0.758206
vt 0.788947 0.749469
vt 0.788947 0.747876
vt 0.789180 0.749350
vt 0.789365 0.749164
vt 0.789180 0.747995
vt 0.789365 0.748180
vt 0.789484 0.748931
vt 0.744965 0.747876
vt 0.751494 0.758206
vt 0.744731 0.747995
vt 0.744546 0.748180
vt 0.748920 0.754105
vt 0.752397 0.756963
vt 0.752033 0.757148
vt 0.748593 0.754053
vt 0.751744 0.757437
vt 0.748298 0.753903
vt 0.751558 0.757802
vt 0.748064 0.753669
vt 0.744427 0.748414
vt 0.744386 0.748672
vt 0.744427 0.748931
vt 0.744546 0.749164
vt 0.747862 0.753047
vt 0.744731 0.749350
vt 0.749247 0.754053
vt 0.749541 0.753903
vt 0.752801 0.756899
vt 0.749775 0.753669
vt 0.753205 0.756963
vt 0.749926 0.753374
vt 0.753569 0.757148
vt 0.749977 0.753047
vt 0.753858 0.757437
vt 0.749926 0.752720
vt 0.752397 0.759449
vt 0.755166 0.762624
vt 0.752801 0.759512
vt 0.755377 0.762210
vt 0.753205 0.759449
vt 0.755705 0.761882
vt 0.753569 0.759263
vt 0.756119 0.761671
vt 0.753858 0.758974
vt 0.756578 0.761598
vt 0.754044 0.758609
vt 0.757037 0.761671
vt 0.754108 0.758206
vt 0.757451 0.761882
vt 0.754044 0.757802
vt 0.757990 0.762624
vt 0.749247 0.752041
vt 0.749541 0.752191
vt 0.784665 0.752041
vt 0.784370 0.752191
vt 0.775921 0.762624
vt 0.784136 0.752425
vt 0.778746 0.762624
vt 0.781515 0.759449
vt 0.778535 0.762210
vt 0.781111 0.759512
vt 0.778206 0.761882
vt 0.780707 0.759449
vt 0.777792 0.761671
vt 0.780343 0.759263
vt 0.777333 0.761598
vt 0.780053 0.758974
vt 0.776875 0.761671
vt 0.779868 0.758609
vt 0.779804 0.758206
vt 0.784665 0.754053
vt 0.781515 0.756963
vt 0.784370 0.753903
vt 0.781111 0.756899
vt 0.784136 0.753669
vt 0.780707 0.756963
vt 0.783986 0.753374
vt 0.780343 0.757148
vt 0.783934 0.753047
vt 0.783986 0.752720
vt 0.779868 0.757802
vt 0.237590 0.933777
vt 0.671584 0.812012
vt 0.482535 0.944931
vt 0.681328 0.812012
vt 0.217052 0.933777
vt 0.689219 0.793970
vt 0.696014 0.796825
vt 0.705821 0.794193
vt 0.228600 0.927789
vt 0.713555 0.797048
vt 0.211640 0.931506
vt 0.140393 0.932614
vt 0.318058 0.934237
vt 0.254603 0.942805
vt 0.308972 0.934237
vt 0.298672 0.925517
vt 0.286654 0.925517
vt 0.887816 0.767232
vt 0.903602 0.801089
vt 0.895612 0.767232
vt 0.896662 0.801089
vt 0.803265 0.768233
vt 0.837884 0.767232
vt 0.725034 0.790201
vt 0.959120 0.800419
vt 0.718094 0.790201
vt 0.952181 0.800463
vt 0.827867 0.787462
vt 0.815637 0.772224
vt 0.711155 0.790201
vt 0.945241 0.800463
vt 0.704215 0.790201
vt 0.938301 0.800463
vt 0.803408 0.787462
vt 0.791178 0.775545
vt 0.030055 0.942410
vt 0.039108 0.942523
vt 0.049545 0.942523
vt 0.058597 0.942523
vt 0.903408 0.767232
vt 0.889722 0.802090
vt 0.911203 0.767232
vt 0.882782 0.802146
vt 0.846142 0.768233
vt 0.880761 0.767232
vt 0.777870 0.797010
vt 0.748302 0.802756
vt 0.740567 0.802789
vt 0.732871 0.802789
vt 0.725366 0.802689
vt 0.710206 0.802746
vt 0.702663 0.802746
vt 0.695158 0.802523
vt 0.787615 0.797490
vt 0.687462 0.820566
vt 0.679727 0.820566
vt 0.672031 0.820566
vt 0.664527 0.823958
vt 0.649868 0.824199
vt 0.642324 0.824199
vt 0.634820 0.823783
vt 0.371750 0.926482
vt 0.746702 0.802756
vt 0.368781 0.925517
vt 0.626504 0.823594
vt 0.354105 0.935372
vt 0.620369 0.821887
vt 0.716341 0.802746
vt 0.350984 0.935372
vt 0.613644 0.821887
vt 0.363978 0.929007
vt 0.606331 0.823680
vt 0.717459 0.801039
vt 0.363978 0.932129
vt 0.599607 0.870616
vt 0.593471 0.869050
vt 0.365813 0.934654
vt 0.685863 0.820566
vt 0.368781 0.935619
vt 0.586097 0.870756
vt 0.579962 0.869049
vt 0.572736 0.870770
vt 0.354105 0.925764
vt 0.566601 0.869063
vt 0.559288 0.950434
vt 0.356631 0.927599
vt 0.656619 0.822251
vt 0.373585 0.929007
vt 0.552563 0.950434
vt 0.546428 0.948727
vt 0.073211 0.925517
vt 0.062338 0.925517
vt 0.049682 0.925517
vt 0.038809 0.925517
vt 0.029033 0.925517
vt 0.020252 0.925517
vt 0.010475 0.925517
vt 0.001992 0.925517
s 1
g off
g pCylinder23_lambert1
usemtl lambert1
f 2/1/1 21/2/1 1/3/1
f 44/4/2 46/5/2 43/6/2
f 4/7/3 23/8/3 3/9/3
f 48/10/4 50/11/4 47/12/4
f 6/13/5 25/14/5 5/15/5
f 52/16/6 54/17/6 51/18/6
f 8/19/7 27/20/7 7/21/7
f 56/22/8 58/23/8 55/24/8
f 10/25/9 29/26/9 9/27/9
f 60/28/10 62/29/10 59/30/10
f 12/31/11 31/32/11 11/33/11
f 64/34/12 66/35/12 63/36/12
f 14/37/13 33/38/13 13/39/13
f 68/40/14 70/41/14 67/42/14
f 16/43/15 35/44/15 15/45/15
f 72/46/16 74/47/16 71/48/16
f 18/49/17 37/50/17 17/51/17
f 76/52/18 78/53/18 75/54/18
f 20/55/19 39/56/19 19/57/19
f 80/58/20 82/59/20 79/60/20
f 2/61/21 1/62/21 41/63/21
f 3/64/21 2/61/21 41/63/21
f 4/65/21 3/64/21 41/63/21
f 5/66/21 4/65/21 41/63/21
f 6/67/21 5/66/21 41/63/21
f 7/68/21 6/67/21 41/63/21
f 8/69/21 7/68/21 41/63/21
f 9/70/21 8/69/21 41/63/21
f 10/71/21 9/70/21 41/63/21
f 11/72/21 10/71/21 41/63/21
f 12/73/21 11/72/21 41/63/21
f 13/74/21 12/73/21 41/63/21
f 14/75/21 13/74/21 41/63/21
f 15/76/21 14/75/21 41/63/21
f 16/77/21 15/76/21 41/63/21
f 17/78/21 16/77/21 41/63/21
f 18/79/21 17/78/21 41/63/21
f 19/80/21 18/79/21 41/63/21
f 20/81/21 19/80/21 41/63/21
f 1/62/21 20/81/21 41/63/21
f 21/82/22 22/83/22 42/84/22
f 22/83/22 23/85/22 42/84/22
f 23/85/22 24/86/22 42/84/22
f 24/86/22 25/87/22 42/84/22
f 25/87/22 26/88/22 42/84/22
f 26/88/22 27/89/22 42/84/22
f 27/89/22 28/90/22 42/84/22
f 28/90/22 29/91/22 42/84/22
f 29/91/22 30/92/22 42/84/22
f 30/92/22 31/93/22 42/84/22
f 31/93/22 32/94/22 42/84/22
f 32/94/22 33/95/22 42/84/22
f 33/95/22 34/96/22 42/84/22
f 34/96/22 35/97/22 42/84/22
f 35/97/22 36/98/22 42/84/22
f 36/98/22 37/99/22 42/84/22
f 37/99/22 38/100/22 42/84/22
f 38/100/22 39/101/22 42/84/22
f 39/101/22 40/102/22 42/84/22
f 40/102/22 21/82/22 42/84/22
f 3/64/21 43/103/21 2/61/21
f 23/8/23 44/104/23 3/9/23
f 23/85/22 46/105/22 45/106/22
f 2/1/24 46/5/24 22/107/24
f 5/66/21 47/108/21 4/65/21
f 25/109/25 48/110/25 5/111/25
f 25/87/22 50/112/22 49/113/22
f 4/114/26 50/115/26 24/116/26
f 6/67/21 52/117/21 51/118/21
f 27/20/27 52/119/27 7/21/27
f 26/88/22 53/120/22 27/89/22
f 6/121/28 54/122/28 26/123/28
f 8/69/21 56/124/21 55/125/21
f 29/126/29 56/127/29 9/128/29
f 28/90/22 57/129/22 29/91/22
f 8/19/30 58/130/30 28/131/30
f 11/72/21 59/132/21 10/71/21
f 31/133/31 60/134/31 11/135/31
f 31/93/22 62/136/22 61/137/22
f 10/138/32 62/139/32 30/140/32
f 12/73/21 64/141/21 63/142/21
f 33/38/33 64/143/33 13/39/33
f 32/94/22 65/144/22 33/95/22
f 12/31/34 66/35/34 32/145/34
f 14/75/21 68/146/21 67/147/21
f 35/148/35 68/149/35 15/150/35
f 34/96/22 69/151/22 35/97/22
f 14/152/36 70/153/36 34/154/36
f 17/78/21 71/155/21 16/77/21
f 37/50/37 72/156/37 17/51/37
f 37/99/22 74/157/22 73/158/22
f 16/159/38 74/160/38 36/161/38
f 18/79/21 76/162/21 75/163/21
f 39/164/39 76/165/39 19/166/39
f 38/100/22 77/167/22 39/101/22
f 18/49/40 78/168/40 38/169/40
f 20/81/21 80/170/21 79/171/21
f 21/172/41 80/173/41 1/174/41
f 40/102/22 81/175/22 21/82/22
f 20/176/42 82/177/42 40/178/42
f 84/179/43 103/180/44 83/181/45
f 85/182/46 104/183/47 84/179/43
f 86/184/48 105/185/49 85/186/46
f 87/187/50 106/188/51 86/184/48
f 88/189/52 107/190/53 87/187/50
f 89/191/54 108/192/55 88/189/52
f 90/193/56 109/194/57 89/195/54
f 91/196/58 110/197/59 90/193/56
f 92/198/60 111/199/61 91/196/58
f 93/200/62 112/201/63 92/198/60
f 94/202/64 113/203/65 93/200/62
f 95/204/66 114/205/67 94/202/64
f 96/206/68 115/207/69 95/208/66
f 97/209/70 116/210/71 96/206/68
f 98/211/72 117/212/73 97/209/70
f 99/213/74 118/214/75 98/211/72
f 100/215/76 119/216/77 99/217/74
f 101/218/78 120/219/79 100/215/76
f 102/220/80 121/221/81 101/218/78
f 83/181/45 122/222/82 102/220/80
f 164/223/25 163/224/25 165/225/25
f 166/226/25 164/223/25 165/225/25
f 167/227/25 166/226/25 165/225/25
f 168/228/25 167/227/25 165/225/25
f 169/229/25 168/228/25 165/225/25
f 170/230/25 169/229/25 165/225/25
f 171/231/25 170/230/25 165/225/25
f 172/232/25 171/231/25 165/225/25
f 173/233/25 172/232/25 165/225/25
f 174/234/25 173/233/25 165/225/25
f 175/235/25 174/234/25 165/225/25
f 176/236/25 175/235/25 165/225/25
f 177/237/25 176/236/25 165/225/25
f 178/238/25 177/237/25 165/225/25
f 179/239/25 178/238/25 165/225/25
f 180/240/25 179/239/25 165/225/25
f 181/241/25 180/240/25 165/225/25
f 182/242/25 181/241/25 165/225/25
f 183/243/25 182/242/25 165/225/25
f 163/224/25 183/243/25 165/225/25
f 184/244/35 185/245/35 186/246/35
f 185/245/35 187/247/35 186/246/35
f 187/247/35 188/248/35 186/246/35
f 188/248/35 189/249/35 186/246/35
f 189/249/35 190/250/35 186/246/35
f 190/250/35 191/251/35 186/246/35
f 191/251/35 192/252/35 186/246/35
f 192/252/35 193/253/35 186/246/35
f 193/253/35 194/254/35 186/246/35
f 194/254/35 195/255/35 186/246/35
f 195/255/35 196/256/35 186/246/35
f 196/256/35 197/257/35 186/246/35
f 197/257/35 198/258/35 186/246/35
f 198/258/35 199/259/35 186/246/35
f 199/259/35 200/260/35 186/246/35
f 200/260/35 201/261/35 186/246/35
f 201/261/35 202/262/35 186/246/35
f 202/262/35 203/263/35 186/246/35
f 203/263/35 204/264/35 186/246/35
f 204/264/35 184/244/35 186/246/35
f 83/181/45 124/265/83 84/179/43
f 84/179/43 125/266/84 85/182/46
f 85/267/46 126/268/85 86/269/48
f 87/270/50 126/268/85 127/271/86
f 87/270/50 128/272/87 88/273/52
f 89/274/54 128/272/87 129/275/88
f 89/195/54 130/276/89 90/193/56
f 90/193/56 131/277/90 91/196/58
f 91/196/58 132/278/91 92/198/60
f 93/200/62 132/278/91 133/279/92
f 94/202/64 133/279/92 134/280/93
f 94/202/64 135/281/94 95/204/66
f 95/282/66 136/283/95 96/284/68
f 97/285/70 136/283/95 137/286/96
f 97/285/70 138/287/97 98/288/72
f 98/288/72 139/289/98 99/290/74
f 99/217/74 140/291/99 100/215/76
f 100/215/76 141/292/100 101/218/78
f 101/218/78 142/293/101 102/220/80
f 102/220/80 123/294/102 83/181/45
f 103/180/44 144/295/103 143/296/104
f 104/183/47 145/297/105 144/295/103
f 105/298/49 146/299/106 145/300/105
f 106/301/51 147/302/107 146/299/106
f 108/303/55 147/302/107 107/304/53
f 108/303/55 149/305/108 148/306/109
f 110/197/59 149/307/108 109/194/57
f 110/197/59 151/308/110 150/309/111
f 111/199/61 152/310/112 151/308/110
f 113/203/65 152/310/112 112/201/63
f 114/205/67 153/311/113 113/203/65
f 114/205/67 155/312/114 154/313/115
f 115/314/69 156/315/116 155/316/114
f 117/317/73 156/315/116 116/318/71
f 118/319/75 157/320/117 117/317/73
f 118/319/75 159/321/118 158/322/119
f 119/216/77 160/323/120 159/324/118
f 120/219/79 161/325/121 160/323/120
f 121/221/81 162/326/122 161/325/121
f 122/222/82 143/296/104 162/326/122
f 123/294/123 164/327/124 124/265/124
f 124/265/124 166/328/125 125/266/125
f 125/329/125 167/227/126 126/268/126
f 127/271/127 167/227/126 168/228/127
f 127/271/127 169/229/128 128/272/128
f 128/272/128 170/230/129 129/275/129
f 129/330/129 171/331/130 130/276/130
f 131/277/131 171/331/130 172/332/131
f 132/278/132 172/332/131 173/333/132
f 132/278/132 174/334/133 133/279/133
f 133/279/133 175/335/134 134/280/134
f 135/281/135 175/335/134 176/336/135
f 135/337/135 177/237/136 136/283/136
f 137/286/137 177/237/136 178/238/137
f 137/286/137 179/239/138 138/287/138
f 139/289/139 179/239/138 180/240/139
f 140/291/140 180/338/139 181/339/140
f 141/292/141 181/339/140 182/340/141
f 142/293/142 182/340/141 183/341/142
f 123/294/123 183/341/142 163/342/123
f 143/296/143 185/343/144 184/344/143
f 145/297/145 185/343/144 144/295/144
f 146/299/146 187/247/145 145/300/145
f 147/302/147 188/248/146 146/299/146
f 147/302/147 190/250/148 189/249/147
f 149/305/149 190/250/148 148/306/148
f 150/309/150 191/345/149 149/307/149
f 151/308/151 192/346/150 150/309/150
f 151/308/151 194/347/152 193/348/151
f 153/311/153 194/347/152 152/310/152
f 153/311/153 196/349/154 195/350/155
f 154/313/154 197/351/156 196/349/154
f 155/316/156 198/258/157 197/257/156
f 157/320/158 198/258/157 156/315/157
f 158/322/159 199/259/158 157/320/158
f 158/322/159 201/261/160 200/260/159
f 160/323/161 201/352/160 159/324/160
f 161/325/162 202/353/161 160/323/161
f 161/325/162 204/354/163 203/355/162
f 162/326/163 184/344/143 204/354/163
f 206/356/43 225/357/164 205/358/45
f 207/359/165 226/360/166 206/356/43
f 208/361/167 227/362/49 207/363/165
f 209/364/168 228/365/51 208/361/167
f 210/366/52 229/367/53 209/364/168
f 211/368/169 230/369/170 210/366/52
f 212/370/171 231/371/172 211/372/169
f 213/373/58 232/374/59 212/370/171
f 214/375/60 233/376/61 213/373/58
f 215/377/62 234/378/63 214/375/60
f 216/379/64 235/380/65 215/377/62
f 217/381/173 236/382/67 216/379/64
f 218/383/174 237/384/69 217/385/173
f 219/386/175 238/387/71 218/383/174
f 220/388/72 239/389/73 219/386/175
f 221/390/74 240/391/176 220/388/72
f 222/392/177 241/393/77 221/394/74
f 223/395/78 242/396/178 222/392/177
f 224/397/80 243/398/81 223/395/78
f 205/358/45 244/399/82 224/397/80
f 286/400/25 285/401/25 287/402/25
f 288/403/25 286/400/25 287/402/25
f 289/404/25 288/403/25 287/402/25
f 290/405/25 289/404/25 287/402/25
f 291/406/25 290/405/25 287/402/25
f 292/407/25 291/406/25 287/402/25
f 293/408/25 292/407/25 287/402/25
f 294/409/25 293/408/25 287/402/25
f 295/410/25 294/409/25 287/402/25
f 296/411/25 295/410/25 287/402/25
f 297/412/25 296/411/25 287/402/25
f 298/413/25 297/412/25 287/402/25
f 299/414/25 298/413/25 287/402/25
f 300/415/25 299/414/25 287/402/25
f 301/416/25 300/415/25 287/402/25
f 302/417/25 301/416/25 287/402/25
f 303/418/25 302/417/25 287/402/25
f 304/419/25 303/418/25 287/402/25
f 305/420/25 304/419/25 287/402/25
f 285/401/25 305/420/25 287/402/25
f 306/421/35 307/422/35 308/423/35
f 307/422/35 309/424/35 308/423/35
f 309/424/35 310/425/35 308/423/35
f 310/425/35 311/426/35 308/423/35
f 311/426/35 312/427/35 308/423/35
f 312/427/35 313/428/35 308/423/35
f 313/428/35 314/429/35 308/423/35
f 314/429/35 315/430/35 308/423/35
f 315/430/35 316/431/35 308/423/35
f 316/431/35 317/432/35 308/423/35
f 317/432/35 318/433/35 308/423/35
f 318/433/35 319/434/35 308/423/35
f 319/434/35 320/435/35 308/423/35
f 320/435/35 321/436/35 308/423/35
f 321/436/35 322/437/35 308/423/35
f 322/437/35 323/438/35 308/423/35
f 323/438/35 324/439/35 308/423/35
f 324/439/35 325/440/35 308/423/35
f 325/440/35 326/441/35 308/423/35
f 326/441/35 306/421/35 308/423/35
f 205/358/45 246/442/83 206/356/43
f 206/356/43 247/443/84 207/359/165
f 208/444/167 247/445/84 248/446/85
f 208/444/167 249/447/86 209/448/168
f 209/448/168 250/449/87 210/450/52
f 211/451/169 250/449/87 251/452/88
f 212/370/171 251/453/88 252/454/89
f 212/370/171 253/455/90 213/373/58
f 213/373/58 254/456/91 214/375/60
f 215/377/62 254/456/91 255/457/92
f 216/379/64 255/457/92 256/458/93
f 216/379/64 257/459/94 217/381/173
f 218/460/174 257/461/94 258/462/95
f 218/460/174 259/463/96 219/464/175
f 220/465/72 259/463/96 260/466/97
f 221/467/74 260/466/97 261/468/98
f 222/392/177 261/469/98 262/470/99
f 222/392/177 263/471/100 223/395/78
f 223/395/78 264/472/101 224/397/80
f 224/397/80 245/473/102 205/358/45
f 226/360/166 265/474/104 225/357/164
f 226/360/166 267/475/105 266/476/103
f 227/477/49 268/478/106 267/479/105
f 228/480/51 269/481/107 268/478/106
f 230/482/170 269/481/107 229/483/53
f 231/484/172 270/485/109 230/482/170
f 232/374/59 271/486/108 231/371/172
f 232/374/59 273/487/110 272/488/111
f 233/376/61 274/489/112 273/487/110
f 235/380/65 274/489/112 234/378/63
f 236/382/67 275/490/113 235/380/65
f 236/382/67 277/491/114 276/492/115
f 237/493/69 278/494/116 277/495/114
f 239/496/73 278/494/116 238/497/71
f 240/498/176 279/499/117 239/496/73
f 241/500/77 280/501/119 240/498/176
f 242/396/178 281/502/118 241/393/77
f 242/396/178 283/503/121 282/504/120
f 243/398/81 284/505/122 283/503/121
f 244/399/82 265/474/104 284/505/122
f 246/442/124 285/506/123 286/507/124
f 246/442/124 288/508/125 247/443/125
f 248/446/126 288/403/125 289/404/126
f 249/447/127 289/404/126 290/405/127
f 250/449/179 290/405/127 291/406/128
f 251/452/129 291/406/128 292/407/129
f 251/453/129 293/509/130 252/454/130
f 252/454/130 294/510/131 253/455/131
f 254/456/132 294/510/131 295/511/132
f 254/456/132 296/512/133 255/457/133
f 255/457/133 297/513/134 256/458/134
f 257/459/135 297/513/134 298/514/135
f 258/462/136 298/413/135 299/414/136
f 258/462/136 300/415/137 259/463/137
f 260/466/138 300/415/137 301/416/138
f 261/468/139 301/416/138 302/417/139
f 262/470/140 302/515/139 303/516/140
f 262/470/140 304/517/141 263/471/141
f 263/471/141 305/518/142 264/472/142
f 245/473/180 305/518/142 285/506/123
f 266/476/144 306/519/143 265/474/143
f 267/475/145 307/520/144 266/476/144
f 267/479/145 310/425/146 309/424/145
f 269/481/147 310/425/146 268/478/181
f 270/485/148 311/426/147 269/481/147
f 271/521/149 312/427/148 270/485/148
f 272/488/182 313/522/149 271/486/149
f 272/488/182 315/523/151 314/524/150
f 273/487/151 316/525/152 315/523/151
f 275/490/153 316/525/152 274/489/152
f 275/490/153 318/526/154 317/527/153
f 276/492/154 319/528/156 318/526/154
f 278/494/157 319/434/156 277/495/156
f 278/494/157 321/436/158 320/435/157
f 280/501/159 321/436/158 279/499/158
f 281/529/160 322/437/159 280/501/159
f 282/504/161 323/530/160 281/502/160
f 282/504/161 325/531/162 324/532/161
f 283/503/162 326/533/163 325/531/162
f 284/505/163 306/519/143 326/533/163
f 327/534/183 348/535/184 347/536/185
f 329/537/186 348/535/184 328/538/187
f 329/537/186 350/539/188 349/540/189
f 331/541/190 350/539/188 330/542/191
f 331/541/190 352/543/192 351/544/193
f 333/545/194 352/543/192 332/546/195
f 334/547/196 353/548/197 333/545/194
f 335/549/198 354/550/199 334/547/196
f 335/549/198 356/551/200 355/552/201
f 337/553/202 356/551/200 336/554/203
f 337/553/202 358/555/204 357/556/205
f 339/557/206 358/555/204 338/558/207
f 340/559/208 359/560/209 339/557/206
f 341/561/210 360/562/211 340/559/208
f 341/561/210 362/563/212 361/564/213
f 342/565/214 363/566/215 362/563/212
f 343/567/216 364/568/217 363/566/215
f 345/569/218 364/568/217 344/570/219
f 345/569/218 366/571/220 365/572/221
f 327/534/183 366/571/220 346/573/222
f 348/535/184 367/574/223 347/536/185
f 348/535/184 369/575/224 368/576/225
f 349/540/189 370/577/226 369/575/224
f 351/544/193 370/577/226 350/539/188
f 351/544/193 372/578/227 371/579/228
f 352/543/192 373/580/229 372/578/227
f 353/548/197 374/581/230 373/580/229
f 354/550/199 375/582/231 374/581/230
f 356/551/200 375/582/231 355/552/201
f 356/551/200 377/583/232 376/584/233
f 357/556/205 378/585/234 377/583/232
f 359/560/209 378/585/234 358/555/204
f 360/562/211 379/586/235 359/560/209
f 361/564/213 380/587/236 360/562/211
f 362/563/212 381/588/237 361/564/213
f 363/566/215 382/589/238 362/563/212
f 363/566/215 384/590/239 383/591/240
f 364/568/217 385/592/241 384/590/239
f 366/571/220 385/592/241 365/572/221
f 347/536/185 386/593/242 366/571/220
f 367/574/223 388/594/243 387/595/244
f 369/575/224 388/594/243 368/576/225
f 370/577/226 389/596/245 369/575/224
f 371/579/228 390/597/246 370/577/226
f 371/579/228 392/598/247 391/599/248
f 372/578/227 393/600/249 392/598/247
f 373/580/229 394/601/250 393/600/249
f 374/581/230 395/602/251 394/601/250
f 375/603/231 396/604/252 395/605/251
f 377/606/232 396/604/252 376/607/233
f 377/583/232 398/608/253 397/609/254
f 378/585/234 399/610/255 398/608/253
f 379/586/235 400/611/256 399/610/255
f 381/588/237 400/611/256 380/587/236
f 381/588/237 402/612/257 401/613/258
f 382/589/238 403/614/259 402/612/257
f 384/590/239 403/614/259 383/591/240
f 384/590/239 405/615/260 404/616/261
f 386/617/242 405/618/260 385/619/241
f 367/620/223 406/621/262 386/617/242
f 387/622/244 408/623/263 407/624/264
f 388/594/243 409/625/265 408/626/263
f 390/597/246 409/625/265 389/596/245
f 390/597/246 411/627/266 410/628/267
f 391/599/248 412/629/268 411/627/266
f 393/600/249 412/629/268 392/598/247
f 394/601/250 413/630/269 393/600/249
f 395/605/251 414/631/270 394/632/250
f 396/604/252 415/633/271 395/605/251
f 396/604/252 417/634/272 416/635/273
f 398/636/253 417/634/272 397/637/254
f 398/608/253 419/638/274 418/639/275
f 399/610/255 420/640/276 419/638/274
f 401/613/258 420/640/276 400/611/256
f 401/613/258 422/641/277 421/642/278
f 402/612/257 423/643/279 422/641/277
f 404/616/261 423/643/279 403/614/259
f 404/644/261 425/645/280 424/646/281
f 405/618/260 426/647/282 425/645/280
f 387/622/244 426/647/282 406/621/262
f 407/624/264 428/648/283 427/649/284
f 408/623/263 429/650/285 428/648/283
f 409/625/265 430/651/286 429/652/285
f 410/628/267 431/653/287 430/651/286
f 412/629/268 431/653/287 411/627/266
f 413/630/269 432/654/288 412/629/268
f 414/631/270 433/655/289 413/656/269
f 415/633/271 434/657/290 414/631/270
f 415/633/271 436/658/291 435/659/292
f 417/634/272 436/658/291 416/635/273
f 417/634/272 438/660/293 437/661/294
f 419/662/274 438/660/293 418/663/275
f 419/638/274 440/664/295 439/665/296
f 421/642/278 440/664/295 420/640/276
f 422/641/277 441/666/297 421/642/278
f 423/643/279 442/667/298 422/641/277
f 424/646/281 443/668/299 423/669/279
f 424/646/281 445/670/300 444/671/301
f 426/647/282 445/670/300 425/645/280
f 407/624/264 446/672/302 426/647/282
f 428/648/283 447/673/303 427/649/284
f 428/648/283 449/674/304 448/675/305
f 430/651/286 449/676/304 429/652/285
f 431/653/287 450/677/306 430/651/286
f 431/653/287 452/678/307 451/679/308
f 432/654/288 453/680/309 452/678/307
f 434/657/290 453/681/309 433/655/289
f 434/657/290 455/682/310 454/683/311
f 435/659/292 456/684/312 455/682/310
f 437/661/294 456/684/312 436/658/291
f 438/660/293 457/685/313 437/661/294
f 438/660/293 459/686/314 458/687/315
f 439/665/296 460/688/316 459/689/314
f 441/666/297 460/688/316 440/664/295
f 441/666/297 462/690/317 461/691/318
f 443/692/299 462/690/317 442/667/298
f 443/668/299 464/693/319 463/694/320
f 444/671/301 465/695/321 464/693/319
f 445/670/300 466/696/322 465/695/321
f 427/649/284 466/696/322 446/672/302
f 447/673/303 468/697/323 467/698/324
f 449/674/304 468/697/323 448/675/305
f 450/699/306 469/700/325 449/701/304
f 451/702/308 470/703/326 450/699/306
f 451/702/308 472/704/327 471/705/328
f 453/706/309 472/704/327 452/707/307
f 453/681/309 474/708/329 473/709/330
f 455/682/310 474/708/329 454/683/311
f 456/684/312 475/710/331 455/682/310
f 457/685/313 476/711/332 456/684/312
f 457/685/313 478/712/333 477/713/334
f 458/687/315 479/714/335 478/712/333
f 460/715/316 479/716/335 459/717/314
f 460/715/316 481/718/336 480/719/337
f 461/720/318 482/721/338 481/718/336
f 462/722/317 483/723/339 482/721/338
f 463/694/320 484/724/340 483/725/339
f 464/693/319 485/726/341 484/724/340
f 466/696/322 485/726/341 465/695/321
f 466/696/322 467/698/324 486/727/342
f 468/697/323 487/728/343 467/698/324
f 468/697/323 489/729/344 488/730/345
f 470/703/326 489/731/344 469/700/325
f 471/705/328 490/732/346 470/703/326
f 471/705/328 492/733/347 491/734/348
f 472/704/327 493/735/349 492/733/347
f 474/708/329 493/736/349 473/709/330
f 474/708/329 495/737/350 494/738/351
f 476/711/332 495/737/350 475/710/331
f 476/711/332 497/739/352 496/740/353
f 477/713/334 498/741/354 497/739/352
f 478/712/333 499/742/355 498/741/354
f 479/716/335 500/743/356 499/744/355
f 481/718/336 500/743/356 480/719/337
f 481/718/336 502/745/357 501/746/358
f 483/723/339 502/745/357 482/721/338
f 483/725/339 504/747/359 503/748/360
f 485/726/341 504/747/359 484/724/340
f 486/727/342 505/749/361 485/726/341
f 486/727/342 487/728/343 506/750/362
f 487/728/343 508/751/363 507/752/364
f 489/729/344 508/751/363 488/730/345
f 489/731/344 510/753/365 509/754/366
f 491/734/348 510/753/365 490/732/346
f 491/734/348 512/755/367 511/756/32
f 493/735/349 512/755/367 492/733/347
f 494/738/351 513/757/368 493/736/349
f 495/737/350 514/758/369 494/738/351
f 495/737/350 516/759/22 515/760/370
f 497/739/352 516/759/22 496/740/353
f 498/741/354 517/761/371 497/739/352
f 499/742/355 518/762/372 498/741/354
f 499/744/355 520/763/373 519/764/374
f 500/743/356 521/765/42 520/763/373
f 502/745/357 521/765/42 501/746/358
f 503/766/360 522/767/375 502/745/357
f 504/747/359 523/768/376 503/748/360
f 505/749/361 524/769/377 504/747/359
f 505/749/361 526/770/21 525/771/378
f 487/728/343 526/770/21 506/750/362
f 507/752/364 528/772/379 527/773/380
f 509/774/366 528/772/379 508/751/363
f 509/754/366 530/775/381 529/776/382
f 511/756/32 530/775/381 510/753/365
f 512/755/367 531/777/383 511/756/32
f 513/778/368 532/779/384 512/755/367
f 513/757/368 534/780/385 533/781/386
f 515/760/370 534/780/385 514/758/369
f 516/759/22 535/782/387 515/760/370
f 516/759/22 537/783/388 536/784/389
f 518/762/372 537/783/388 517/761/371
f 519/785/374 538/786/390 518/762/372
f 520/763/373 539/787/391 519/764/374
f 521/765/42 540/788/392 520/763/373
f 521/765/42 542/789/393 541/790/394
f 522/767/375 543/791/395 542/789/393
f 523/768/376 544/792/396 543/793/395
f 524/769/377 545/794/397 544/792/396
f 526/770/21 545/794/397 525/771/378
f 526/770/21 527/773/380 546/795/398
f 527/773/380 548/796/399 547/797/400
f 529/798/382 548/796/399 528/772/379
f 529/776/382 550/799/401 549/800/402
f 530/775/381 551/801/403 550/799/401
f 532/779/384 551/801/403 531/777/383
f 533/802/386 552/803/404 532/779/384
f 533/781/386 554/804/405 553/805/406
f 535/782/387 554/804/405 534/780/385
f 535/782/387 556/806/407 555/807/408
f 537/783/388 556/806/407 536/784/389
f 537/783/388 558/808/409 557/809/410
f 539/810/391 558/808/409 538/786/390
f 539/787/391 560/811/411 559/812/412
f 541/790/394 560/811/411 540/788/392
f 542/789/393 561/813/413 541/790/394
f 542/789/393 563/814/414 562/815/415
f 543/793/395 564/816/416 563/817/414
f 544/792/396 565/818/417 564/816/416
f 545/794/397 566/819/418 565/818/417
f 527/773/380 566/819/418 546/795/398
f 548/796/399 567/820/419 547/797/400
f 548/796/399 569/821/420 568/822/421
f 550/799/401 569/823/420 549/800/402
f 550/799/401 571/824/422 570/825/423
f 552/803/404 571/824/422 551/801/403
f 552/803/404 573/826/424 572/827/425
f 553/805/406 574/828/426 573/829/424
f 554/804/405 575/830/427 574/828/426
f 556/806/407 575/830/427 555/807/408
f 557/809/410 576/831/428 556/806/407
f 558/808/409 577/832/429 557/809/410
f 559/833/412 578/834/430 558/808/409
f 559/812/412 580/835/431 579/836/432
f 560/811/411 581/837/433 580/835/431
f 562/815/415 581/837/433 561/813/413
f 563/814/414 582/838/434 562/815/415
f 564/816/416 583/839/435 563/817/414
f 565/818/417 584/840/436 564/816/416
f 566/819/418 585/841/437 565/818/417
f 547/797/400 586/842/438 566/819/418
f 568/822/421 587/843/439 567/820/419
f 569/821/420 588/844/440 568/822/421
f 569/845/420 590/846/441 589/847/442
f 570/848/423 591/849/443 590/846/441
f 572/850/425 591/849/443 571/851/422
f 573/852/424 592/853/444 572/850/425
f 573/829/424 594/854/445 593/855/446
f 575/830/427 594/854/445 574/828/426
f 576/831/428 595/856/447 575/830/427
f 576/831/428 597/857/448 596/858/449
f 578/834/430 597/857/448 577/832/429
f 579/859/432 598/860/450 578/834/430
f 579/861/432 600/862/451 599/863/452
f 580/864/431 601/865/453 600/862/451
f 581/866/433 602/867/454 601/865/453
f 582/868/434 603/869/455 602/867/454
f 584/840/436 603/870/455 583/839/435
f 585/841/437 604/871/456 584/840/436
f 585/841/437 606/872/457 605/873/458
f 586/842/438 587/843/439 606/872/457
f 588/844/440 607/874/459 587/843/439
f 589/875/442 608/876/460 588/844/440
f 590/846/441 609/877/461 589/847/442
f 590/846/441 611/878/462 610/879/463
f 592/853/444 611/878/462 591/849/443
f 592/853/444 613/880/464 612/881/465
f 593/855/446 614/882/466 613/883/464
f 595/856/447 614/882/466 594/854/445
f 596/858/449 615/884/467 595/856/447
f 596/858/449 617/885/468 616/886/469
f 597/857/448 618/887/470 617/885/468
f 598/860/450 619/888/471 618/887/470
f 600/862/451 619/889/471 599/863/452
f 601/865/453 620/890/472 600/862/451
f 602/867/454 621/891/473 601/865/453
f 602/867/454 623/892/474 622/893/475
f 604/871/456 623/894/474 603/870/455
f 604/871/456 625/895/476 624/896/477
f 605/873/458 626/897/478 625/895/476
f 606/872/457 607/874/459 626/897/478
f 608/876/460 627/898/479 607/874/459
f 609/877/461 628/899/480 608/900/460
f 609/877/461 630/901/481 629/902/482
f 610/879/463 631/903/483 630/901/481
f 611/878/462 632/904/484 631/903/483
f 612/881/465 633/905/485 632/904/484
f 613/880/464 634/906/486 633/905/485
f 614/882/466 635/907/487 634/908/486
f 615/884/467 636/909/488 635/907/487
f 616/886/469 637/910/489 636/909/488
f 618/887/470 637/910/489 617/885/468
f 618/911/470 639/912/490 638/913/491
f 619/889/471 640/914/492 639/912/490
f 621/891/473 640/914/492 620/890/472
f 622/893/475 641/915/493 621/891/473
f 623/892/474 642/916/494 622/893/475
f 623/892/474 644/917/495 643/918/496
f 625/895/476 644/919/495 624/896/477
f 626/897/478 645/920/497 625/895/476
f 626/897/478 627/898/479 646/921/498
f 627/922/479 648/923/499 647/924/500
f 629/902/482 648/923/499 628/899/480
f 629/902/482 650/925/501 649/926/502
f 631/903/483 650/925/501 630/901/481
f 631/903/483 652/927/503 651/928/504
f 633/905/485 652/927/503 632/904/484
f 633/905/485 654/929/505 653/930/506
f 634/906/486 655/931/507 654/929/505
f 636/909/488 655/932/507 635/907/487
f 636/909/488 657/933/508 656/934/509
f 638/913/491 657/935/508 637/936/489
f 639/912/490 658/937/510 638/913/491
f 639/912/490 660/938/511 659/939/512
f 640/914/492 661/940/513 660/938/511
f 642/916/494 661/940/513 641/915/493
f 643/918/496 662/941/514 642/916/494
f 643/918/496 664/942/515 663/943/516
f 645/944/497 664/942/515 644/917/495
f 646/921/498 665/945/517 645/920/497
f 646/921/498 647/946/500 666/947/518
f 648/923/499 667/948/519 647/924/500
f 649/926/502 668/949/520 648/923/499
f 650/925/501 669/950/521 649/926/502
f 651/928/504 670/951/522 650/925/501
f 651/928/504 672/952/523 671/953/524
f 653/930/506 672/952/523 652/927/503
f 654/929/505 673/954/525 653/930/506
f 655/931/507 674/955/526 654/929/505
f 655/931/507 676/956/527 675/957/528
f 657/935/508 676/956/527 656/958/509
f 658/937/510 677/959/529 657/935/508
f 658/937/510 679/960/530 678/961/531
f 660/938/511 679/960/530 659/939/512
f 660/938/511 681/962/532 680/963/533
f 662/941/514 681/962/532 661/940/513
f 662/941/514 683/964/534 682/965/535
f 664/942/515 683/964/534 663/943/516
f 664/942/515 685/966/536 684/967/537
f 665/968/517 686/969/538 685/966/536
f 647/924/500 686/969/538 666/970/518
f 668/949/520 687/971/539 667/948/519
f 668/949/520 689/972/540 688/973/541
f 669/950/521 690/974/542 689/972/540
f 671/953/524 690/974/542 670/951/522
f 671/953/524 692/975/543 691/976/544
f 672/952/523 693/977/545 692/975/543
f 673/954/525 694/978/546 693/977/545
f 674/955/526 695/979/547 694/978/546
f 676/956/527 695/979/547 675/957/528
f 676/956/527 697/980/548 696/981/549
f 678/961/531 697/980/548 677/959/529
f 679/960/530 698/982/550 678/961/531
f 680/963/533 699/983/551 679/960/530
f 680/963/533 701/984/552 700/985/553
f 682/965/535 701/984/552 681/962/532
f 683/964/534 702/986/554 682/965/535
f 683/964/534 704/987/555 703/988/556
f 684/967/537 705/989/557 704/987/555
f 686/969/538 705/989/557 685/966/536
f 686/969/538 687/971/539 706/990/558
f 328/538/187 327/534/183 707/991/25
f 329/537/186 328/538/187 707/991/25
f 330/542/191 329/537/186 707/991/25
f 331/541/190 330/542/191 707/991/25
f 332/546/195 331/541/190 707/991/25
f 333/545/194 332/546/195 707/991/25
f 334/547/196 333/545/194 707/991/25
f 335/549/198 334/547/196 707/991/25
f 336/554/203 335/549/198 707/991/25
f 337/553/202 336/554/203 707/991/25
f 338/558/207 337/553/202 707/991/25
f 339/557/206 338/558/207 707/991/25
f 340/559/208 339/557/206 707/991/25
f 341/561/210 340/559/208 707/991/25
f 342/565/214 341/561/210 707/991/25
f 343/567/216 342/565/214 707/991/25
f 344/570/219 343/567/216 707/991/25
f 345/569/218 344/570/219 707/991/25
f 346/573/222 345/569/218 707/991/25
f 327/534/183 346/573/222 707/991/25
f 687/971/539 688/973/541 708/992/35
f 688/973/541 689/972/540 708/992/35
f 689/972/540 690/974/542 708/992/35
f 690/974/542 691/976/544 708/992/35
f 691/976/544 692/975/543 708/992/35
f 692/975/543 693/977/545 708/992/35
f 693/977/545 694/978/546 708/992/35
f 694/978/546 695/979/547 708/992/35
f 695/979/547 696/981/549 708/992/35
f 696/981/549 697/980/548 708/992/35
f 697/980/548 698/982/550 708/992/35
f 698/982/550 699/983/551 708/992/35
f 699/983/551 700/985/553 708/992/35
f 700/985/553 701/984/552 708/992/35
f 701/984/552 702/986/554 708/992/35
f 702/986/554 703/988/556 708/992/35
f 703/988/556 704/987/555 708/992/35
f 704/987/555 705/989/557 708/992/35
f 705/989/557 706/990/558 708/992/35
f 706/990/558 687/971/539 708/992/35
f 731/993/363 710/994/364 730/995/364
f 732/996/366 711/997/363 731/993/363
f 733/998/365 712/999/366 732/1000/366
f 734/1001/32 713/1002/365 733/998/365
f 735/1003/367 714/1004/32 734/1001/32
f 736/1005/368 715/1006/367 735/1003/367
f 737/1007/369 716/1008/368 736/1009/368
f 738/1010/370 717/1011/369 737/1007/369
f 739/1012/22 718/1013/370 738/1010/370
f 740/1014/371 719/1015/22 739/1012/22
f 741/1016/372 720/1017/371 740/1014/371
f 742/1018/374 721/1019/372 741/1016/372
f 743/1020/373 722/1021/374 742/1022/374
f 744/1023/42 723/1024/373 743/1020/373
f 745/1025/375 724/1026/42 744/1023/42
f 746/1027/376 725/1028/375 745/1025/375
f 747/1029/377 726/1030/376 746/1031/376
f 748/1032/378 727/1033/377 747/1029/377
f 749/1034/21 728/1035/378 748/1032/378
f 730/995/364 729/1036/21 749/1034/21
f 751/1037/559 752/1038/560 750/1039/561
f 750/1039/561 789/1040/562 751/1037/559
f 752/1038/560 755/1041/563 754/1042/564
f 755/1041/563 756/1043/565 754/1042/564
f 757/1044/566 758/1045/567 756/1043/565
f 759/1046/568 760/1047/569 758/1045/567
f 760/1047/569 763/1048/570 762/1049/571
f 763/1048/570 764/1050/572 762/1049/571
f 765/1051/573 766/1052/574 764/1050/572
f 766/1052/574 769/1053/575 768/1054/576
f 769/1053/575 770/1055/577 768/1054/576
f 770/1055/577 773/1056/578 772/1057/579
f 773/1056/578 774/1058/580 772/1057/579
f 775/1059/581 776/1060/582 774/1058/580
f 777/1061/583 778/1062/584 776/1060/582
f 779/1063/585 780/1064/586 778/1062/584
f 780/1064/586 783/1065/587 782/1066/588
f 783/1065/587 784/1067/589 782/1066/588
f 784/1067/589 787/1068/590 786/1069/591
f 786/1069/591 789/1040/562 788/1070/592
f 710/1071/593 753/1072/594 751/1037/559
f 711/1073/595 755/1041/563 753/1072/594
f 713/1074/596 755/1041/563 712/1075/597
f 714/1076/598 757/1044/566 713/1074/596
f 714/1076/598 761/1077/599 759/1046/568
f 716/1078/600 761/1077/599 715/1079/601
f 716/1078/600 765/1051/573 763/1048/570
f 717/1080/602 767/1081/603 765/1051/573
f 718/1013/604 769/1082/575 767/1083/603
f 719/1015/605 771/1084/606 769/1082/575
f 720/1085/607 773/1056/578 771/1086/606
f 721/1087/608 775/1059/581 773/1056/578
f 722/1088/609 777/1061/583 775/1059/581
f 724/1089/610 777/1061/583 723/1090/611
f 725/1091/612 779/1063/585 724/1089/610
f 726/1092/613 781/1093/614 725/1091/612
f 726/1092/613 785/1094/615 783/1065/587
f 728/1095/616 785/1094/615 727/1096/617
f 729/1036/618 787/1097/590 728/1035/616
f 710/994/593 789/1098/562 729/1036/618
f 750/1039/561 752/1038/560 709/1099/35
f 752/1038/560 754/1042/564 709/1099/35
f 754/1042/564 756/1043/565 709/1099/35
f 756/1043/565 758/1045/567 709/1099/35
f 758/1045/567 760/1047/569 709/1099/35
f 760/1047/569 762/1049/571 709/1099/35
f 762/1049/571 764/1050/572 709/1099/35
f 764/1050/572 766/1052/574 709/1099/35
f 766/1052/574 768/1054/576 709/1099/35
f 768/1054/576 770/1055/577 709/1099/35
f 770/1055/577 772/1057/579 709/1099/35
f 772/1057/579 774/1058/580 709/1099/35
f 774/1058/580 776/1060/582 709/1099/35
f 776/1060/582 778/1062/584 709/1099/35
f 778/1062/584 780/1064/586 709/1099/35
f 780/1064/586 782/1066/588 709/1099/35
f 782/1066/588 784/1067/589 709/1099/35
f 784/1067/589 786/1069/591 709/1099/35
f 786/1069/591 788/1070/592 709/1099/35
f 788/1070/592 750/1039/561 709/1099/35
f 791/1100/619 792/1101/620 790/1102/621
f 790/1102/621 829/1103/622 791/1100/619
f 793/1104/623 794/1105/624 792/1101/620
f 794/1105/624 797/1106/625 796/1107/626
f 797/1106/625 798/1108/627 796/1107/626
f 798/1108/627 801/1109/628 800/1110/629
f 801/1109/628 802/1111/630 800/1110/629
f 803/1112/631 804/1113/632 802/1111/630
f 804/1113/632 807/1114/633 806/1115/634
f 806/1115/634 809/1116/635 808/1117/636
f 809/1116/635 810/1118/637 808/1117/636
f 811/1119/638 812/1120/639 810/1118/637
f 813/1121/640 814/1122/641 812/1120/639
f 814/1122/641 817/1123/642 816/1124/643
f 817/1123/642 818/1125/644 816/1124/643
f 819/1126/645 820/1127/646 818/1125/644
f 821/1128/647 822/1129/648 820/1127/646
f 822/1129/648 825/1130/649 824/1131/650
f 824/1131/650 827/1132/651 826/1133/652
f 826/1133/652 829/1103/622 828/1134/653
f 1051/1135/25 1050/1136/25 1052/1137/25
f 1053/1138/25 1051/1135/25 1052/1137/25
f 1054/1139/25 1053/1138/25 1052/1137/25
f 1055/1140/25 1054/1139/25 1052/1137/25
f 1056/1141/25 1055/1140/25 1052/1137/25
f 1057/1142/25 1056/1141/25 1052/1137/25
f 1058/1143/25 1057/1142/25 1052/1137/25
f 1059/1144/25 1058/1143/25 1052/1137/25
f 1060/1145/25 1059/1144/25 1052/1137/25
f 1061/1146/25 1060/1145/25 1052/1137/25
f 1062/1147/25 1061/1146/25 1052/1137/25
f 1063/1148/25 1062/1147/25 1052/1137/25
f 1064/1149/25 1063/1148/25 1052/1137/25
f 1065/1150/25 1064/1149/25 1052/1137/25
f 1066/1151/25 1065/1150/25 1052/1137/25
f 1067/1152/25 1066/1151/25 1052/1137/25
f 1068/1153/25 1067/1152/25 1052/1137/25
f 1069/1154/25 1068/1153/25 1052/1137/25
f 1070/1155/25 1069/1154/25 1052/1137/25
f 1050/1136/25 1070/1155/25 1052/1137/25
f 790/1156/621 731/993/654 730/995/655
f 794/1157/624 731/993/654 792/1158/620
f 796/1107/626 732/1159/656 794/1105/624
f 798/1108/627 733/1160/657 796/1107/626
f 800/1110/629 734/1161/658 798/1108/627
f 800/1110/629 736/1162/659 735/1163/660
f 804/1164/632 736/1009/659 802/1165/630
f 804/1164/632 738/1010/661 737/1007/662
f 806/1166/634 739/1012/663 738/1010/661
f 810/1167/637 739/1012/663 808/1168/636
f 812/1169/639 740/1014/664 810/1167/637
f 814/1170/641 741/1016/665 812/1169/639
f 814/1122/641 743/1171/666 742/1172/667
f 818/1125/644 743/1171/666 816/1124/643
f 818/1125/644 745/1173/668 744/1174/669
f 822/1129/648 745/1173/668 820/1127/646
f 822/1175/648 747/1029/670 746/1031/671
f 824/1176/650 748/1032/672 747/1029/670
f 826/1177/652 749/1034/673 748/1032/672
f 790/1156/621 749/1034/673 828/1178/653
f 793/1179/674 830/1180/675 831/1181/674
f 793/1179/674 832/1182/676 795/1183/676
f 795/1184/676 833/1185/677 797/1186/677
f 797/1186/677 834/1187/678 799/1188/678
f 799/1188/678 835/1189/679 801/1190/679
f 801/1190/679 836/1191/680 803/1192/680
f 805/1193/681 836/1194/680 837/1195/681
f 805/1193/681 838/1196/682 807/1197/682
f 807/1197/682 839/1198/683 809/1199/683
f 811/1200/684 839/1198/683 840/1201/684
f 813/1202/685 840/1201/684 841/1203/685
f 815/1204/686 841/1203/685 842/1205/686
f 817/1206/687 842/1207/686 843/1208/687
f 819/1209/688 843/1208/687 844/1210/688
f 821/1211/689 844/1210/688 845/1212/689
f 821/1211/689 846/1213/690 823/1214/690
f 823/1215/690 847/1216/691 825/1217/691
f 827/1218/692 847/1216/691 848/1219/692
f 827/1218/692 849/1220/693 829/1221/693
f 829/1221/693 830/1180/675 791/1222/675
f 831/1181/694 850/1223/695 851/1224/694
f 831/1181/694 852/1225/696 832/1182/696
f 832/1226/696 853/1227/697 833/1185/697
f 833/1185/697 854/1228/698 834/1187/698
f 835/1189/699 854/1228/698 855/1229/699
f 836/1191/700 855/1229/699 856/1230/700
f 836/1194/700 857/1231/701 837/1195/701
f 838/1196/702 857/1231/701 858/1232/702
f 838/1196/702 859/1233/703 839/1198/703
f 839/1198/703 860/1234/704 840/1201/704
f 840/1201/704 861/1235/705 841/1203/705
f 842/1205/706 861/1235/705 862/1236/706
f 842/1207/706 863/1237/707 843/1208/707
f 844/1210/708 863/1237/707 864/1238/708
f 845/1212/709 864/1238/708 865/1239/709
f 846/1213/710 865/1239/709 866/1240/710
f 846/1241/710 867/1242/711 847/1216/711
f 848/1219/712 867/1242/711 868/1243/712
f 849/1220/713 868/1243/712 869/1244/713
f 830/1180/695 869/1244/713 850/1223/695
f 850/1223/364 871/1245/363 851/1224/363
f 851/1224/363 872/1246/366 852/1225/366
f 853/1227/365 872/1247/366 873/1248/365
f 853/1227/365 874/1249/32 854/1228/32
f 854/1228/32 875/1250/367 855/1229/367
f 855/1229/367 876/1251/368 856/1230/368
f 856/1252/368 877/1253/369 857/1231/369
f 857/1231/369 878/1254/370 858/1232/370
f 858/1232/370 879/1255/22 859/1233/22
f 859/1233/22 880/1256/371 860/1234/371
f 860/1234/371 881/1257/372 861/1235/372
f 861/1235/372 882/1258/374 862/1236/374
f 862/1259/374 883/1260/373 863/1237/373
f 863/1237/373 884/1261/42 864/1238/42
f 864/1238/42 885/1262/375 865/1239/375
f 865/1239/375 886/1263/376 866/1240/376
f 866/1264/376 887/1265/377 867/1242/377
f 867/1242/377 888/1266/378 868/1243/378
f 868/1243/378 889/1267/21 869/1244/21
f 869/1244/21 870/1268/364 850/1223/364
f 870/1269/25 891/1270/25 871/1271/25
f 872/1272/25 891/1270/25 892/1273/25
f 872/1272/25 893/1274/25 873/1275/25
f 874/1276/25 893/1274/25 894/1277/25
f 874/1276/25 895/1278/25 875/1279/25
f 876/1280/25 895/1278/25 896/1281/25
f 877/1282/25 896/1281/25 897/1283/25
f 877/1282/25 898/1284/25 878/1285/25
f 879/1286/25 898/1284/25 899/1287/25
f 879/1286/25 900/1288/25 880/1289/25
f 881/1290/25 900/1288/25 901/1291/25
f 881/1290/25 902/1292/25 882/1293/25
f 882/1293/25 903/1294/25 883/1295/25
f 884/1296/25 903/1294/25 904/1297/25
f 884/1296/25 905/1298/25 885/1299/25
f 886/1300/25 905/1298/25 906/1301/25
f 887/1302/25 906/1301/25 907/1303/25
f 887/1302/25 908/1304/25 888/1305/25
f 889/1306/25 908/1304/25 909/1307/25
f 889/1306/25 890/1308/25 870/1269/25
f 891/1309/363 910/1310/364 911/1311/714
f 892/1312/366 911/1311/714 912/1313/715
f 892/1314/366 913/1315/365 893/1316/365
f 893/1316/365 914/1317/32 894/1318/32
f 894/1318/32 915/1319/716 895/1320/367
f 896/1321/717 915/1319/716 916/1322/718
f 897/1323/369 916/1324/718 917/1325/369
f 898/1326/370 917/1325/369 918/1327/370
f 898/1326/370 919/1328/22 899/1329/22
f 899/1329/22 920/1330/371 900/1331/371
f 900/1331/371 921/1332/372 901/1333/372
f 901/1333/372 922/1334/374 902/1335/374
f 902/1336/374 923/1337/373 903/1338/373
f 904/1339/42 923/1337/373 924/1340/42
f 905/1341/375 924/1340/42 925/1342/375
f 906/1343/376 925/1342/375 926/1344/376
f 907/1345/377 926/1346/376 927/1347/377
f 908/1348/378 927/1347/377 928/1349/378
f 908/1348/378 929/1350/21 909/1351/21
f 909/1351/21 910/1310/364 890/1352/364
f 911/1353/35 930/1354/35 931/1355/35
f 911/1353/35 932/1356/35 912/1357/35
f 912/1357/35 933/1358/35 913/1359/35
f 914/1360/35 933/1358/35 934/1361/35
f 915/1362/35 934/1361/35 935/1363/35
f 915/1362/35 936/1364/35 916/1365/35
f 917/1366/35 936/1364/35 937/1367/35
f 918/1368/35 937/1367/35 938/1369/35
f 918/1368/35 939/1370/35 919/1371/35
f 919/1371/35 940/1372/35 920/1373/35
f 920/1373/35 941/1374/35 921/1375/35
f 922/1376/35 941/1374/35 942/1377/35
f 923/1378/35 942/1377/35 943/1379/35
f 923/1378/35 944/1380/35 924/1381/35
f 924/1381/35 945/1382/35 925/1383/35
f 926/1384/35 945/1382/35 946/1385/35
f 927/1386/35 946/1385/35 947/1387/35
f 928/1388/35 947/1387/35 948/1389/35
f 928/1388/35 949/1390/35 929/1391/35
f 910/1392/35 949/1390/35 930/1354/35
f 930/1393/364 951/1394/714 931/1395/714
f 932/1396/715 951/1394/714 952/1397/715
f 933/1398/365 952/1399/715 953/1400/365
f 933/1398/365 954/1401/719 934/1402/719
f 934/1402/719 955/1403/716 935/1404/716
f 935/1404/716 956/1405/718 936/1406/718
f 936/1407/718 957/1408/369 937/1409/369
f 938/1410/370 957/1408/369 958/1411/370
f 938/1410/370 959/1412/22 939/1413/22
f 939/1413/22 960/1414/371 940/1415/371
f 940/1415/371 961/1416/372 941/1417/720
f 941/1417/720 962/1418/374 942/1419/374
f 942/1420/374 963/1421/373 943/1422/373
f 943/1422/373 964/1423/42 944/1424/42
f 944/1424/42 965/1425/375 945/1426/375
f 946/1427/376 965/1425/375 966/1428/376
f 946/1429/376 967/1430/377 947/1431/377
f 947/1431/377 968/1432/378 948/1433/378
f 948/1433/378 969/1434/21 949/1435/21
f 949/1435/21 950/1436/364 930/1393/364
f 950/1437/25 971/1438/25 951/1439/25
f 952/1440/25 971/1438/25 972/1441/25
f 953/1442/25 972/1441/25 973/1443/25
f 953/1442/25 974/1444/25 954/1445/25
f 955/1446/25 974/1444/25 975/1447/25
f 956/1448/25 975/1447/25 976/1449/25
f 956/1448/25 977/1450/25 957/1451/25
f 957/1451/25 978/1452/25 958/1453/25
f 958/1453/25 979/1454/25 959/1455/25
f 959/1455/25 980/1456/25 960/1457/25
f 961/1458/25 980/1456/25 981/1459/25
f 961/1458/25 982/1460/25 962/1461/25
f 962/1461/25 983/1462/25 963/1463/25
f 964/1464/25 983/1462/25 984/1465/25
f 965/1466/25 984/1465/25 985/1467/25
f 965/1466/25 986/1468/25 966/1469/25
f 966/1469/25 987/1470/25 967/1471/25
f 967/1471/25 988/1472/25 968/1473/25
f 969/1474/25 988/1472/25 989/1475/25
f 950/1437/25 989/1475/25 970/1476/25
f 970/1477/364 991/1478/714 971/1479/714
f 971/1479/714 992/1480/715 972/1481/715
f 972/1482/715 993/1483/365 973/1484/365
f 974/1485/719 993/1483/365 994/1486/719
f 974/1485/719 995/1487/716 975/1488/716
f 975/1488/716 996/1489/721 976/1490/718
f 977/1491/369 996/1492/721 997/1493/369
f 978/1494/722 997/1493/369 998/1495/723
f 978/1494/722 999/1496/22 979/1497/22
f 979/1497/22 1000/1498/724 980/1499/371
f 980/1499/371 1001/1500/720 981/1501/720
f 981/1501/720 1002/1502/725 982/1503/726
f 982/1504/726 1003/1505/727 983/1506/373
f 983/1506/373 1004/1507/42 984/1508/42
f 985/1509/375 1004/1507/42 1005/1510/728
f 986/1511/376 1005/1510/728 1006/1512/729
f 987/1513/377 1006/1514/729 1007/1515/730
f 988/1516/378 1007/1515/730 1008/1517/731
f 988/1516/378 1009/1518/21 989/1519/21
f 989/1519/21 990/1520/364 970/1477/364
f 991/1478/732 1010/1521/732 1011/1522/732
f 991/1523/733 1012/1524/733 992/1525/733
f 992/1525/734 1013/1526/734 993/1527/735
f 994/1528/736 1013/1526/736 1014/1529/736
f 995/1530/737 1014/1529/737 1015/1531/738
f 995/1530/739 1016/1532/739 996/1533/740
f 996/1533/741 1017/1534/741 997/1535/741
f 998/1495/742 1017/1536/742 1018/1537/742
f 998/1495/743 1019/1538/743 999/1496/743
f 999/1496/744 1020/1539/744 1000/1498/744
f 1000/1498/745 1021/1540/745 1001/1500/745
f 1001/1541/746 1022/1542/746 1002/1543/746
f 1003/1544/747 1022/1542/747 1023/1545/747
f 1003/1544/748 1024/1546/748 1004/1547/748
f 1004/1547/749 1025/1548/749 1005/1549/749
f 1005/1549/750 1026/1550/750 1006/1551/750
f 1007/1552/751 1026/1550/751 1027/1553/751
f 1008/1517/752 1027/1554/752 1028/1555/752
f 1009/1518/753 1028/1555/753 1029/1556/753
f 1009/1518/754 1010/1521/754 990/1520/754
f 1011/1522/755 1030/1557/756 1031/1558/757
f 1011/1522/755 1032/1559/758 1012/1560/759
f 1012/1561/759 1033/1562/760 1013/1563/761
f 1014/1564/762 1033/1562/760 1034/1565/763
f 1015/1566/764 1034/1565/763 1035/1567/765
f 1015/1566/764 1036/1568/766 1016/1569/767
f 1016/1570/767 1037/1571/768 1017/1536/769
f 1018/1537/770 1037/1571/768 1038/1572/771
f 1018/1537/770 1039/1573/772 1019/1538/773
f 1020/1539/774 1039/1573/772 1040/1574/775
f 1020/1539/774 1041/1575/776 1021/1540/777
f 1021/1540/777 1042/1576/778 1022/1577/779
f 1023/1578/780 1042/1579/778 1043/1580/781
f 1023/1578/780 1044/1581/782 1024/1582/783
f 1024/1582/783 1045/1583/784 1025/1584/785
f 1025/1584/785 1046/1585/786 1026/1586/787
f 1027/1554/788 1046/1587/786 1047/1588/789
f 1028/1555/790 1047/1588/789 1048/1589/791
f 1029/1556/792 1048/1589/791 1049/1590/793
f 1010/1521/794 1049/1590/793 1030/1557/756
f 1030/1557/756 1051/1591/714 1031/1558/757
f 1031/1558/757 1053/1592/715 1032/1559/758
f 1032/1593/758 1054/1594/365 1033/1562/760
f 1034/1565/763 1054/1594/365 1055/1595/719
f 1034/1565/763 1056/1596/367 1035/1567/765
f 1035/1567/765 1057/1597/721 1036/1568/766
f 1036/1598/766 1058/1599/369 1037/1571/768
f 1037/1571/768 1059/1600/723 1038/1572/771
f 1038/1572/771 1060/1601/22 1039/1573/772
f 1039/1573/772 1061/1602/724 1040/1574/775
f 1041/1575/776 1061/1602/724 1062/1603/795
f 1042/1576/778 1062/1603/795 1063/1604/726
f 1042/1579/778 1064/1605/727 1043/1580/781
f 1043/1580/781 1065/1606/42 1044/1581/782
f 1044/1581/782 1066/1607/728 1045/1583/784
f 1045/1583/784 1067/1608/729 1046/1585/786
f 1046/1587/786 1068/1609/730 1047/1588/789
f 1047/1588/789 1069/1610/731 1048/1589/791
f 1048/1589/791 1070/1611/21 1049/1590/793
f 1049/1590/793 1050/1612/364 1030/1557/756
f 1074/1613/25 1071/1614/25 1073/1615/25
f 1080/1616/796 1075/1617/797 1079/1618/796
f 1081/1619/798 1076/1620/799 1080/1621/798
f 1077/1622/800 1082/1623/801 1078/1624/800
f 1079/1625/802 1078/1626/803 1082/1627/802
f 1072/1628/804 1079/1618/796 1071/1629/804
f 1074/1630/805 1080/1621/798 1072/1631/805
f 1081/1632/801 1073/1633/806 1082/1623/801
f 1071/1634/807 1082/1627/802 1073/1635/807
f 1096/1636/35 1098/1637/35 1095/1638/35
f 1075/1639/42 1084/1640/42 1083/1641/42
f 1076/1642/808 1085/1643/808 1084/1644/808
f 1077/1645/42 1086/1646/42 1085/1647/42
f 1078/1648/808 1083/1649/808 1086/1650/808
f 1077/1651/21 1087/1652/21 1076/1653/21
f 1078/1654/32 1088/1655/32 1077/1656/32
f 1075/1657/22 1089/1658/22 1078/1659/22
f 1076/1660/42 1090/1661/42 1075/1662/42
f 1088/1663/809 1091/1664/809 1087/1652/809
f 1089/1665/810 1092/1666/810 1088/1655/810
f 1089/1658/811 1094/1667/811 1093/1668/811
f 1087/1669/812 1094/1670/812 1090/1661/812
f 1092/1671/21 1095/1672/21 1091/1664/21
f 1093/1673/32 1096/1674/32 1092/1666/32
f 1094/1667/22 1097/1675/22 1093/1668/22
f 1091/1676/42 1098/1677/42 1094/1670/42
f 1100/1678/813 1101/1679/813 1099/1680/813
f 1101/1679/814 1102/1681/815 1107/1682/35
f 1104/1683/816 1105/1684/816 1103/1685/816
f 1100/1678/817 1104/1683/817 1102/1681/817
f 1105/1684/818 1101/1679/818 1103/1685/818
f 1104/1683/819 1107/1682/35 1102/1681/815
f 1103/1685/820 1107/1682/35 1104/1683/819
f 1101/1679/814 1107/1682/35 1103/1685/820
f 1100/1686/821 1108/1687/821 1109/1688/821
f 1100/1689/822 1110/1690/822 1106/1691/822
f 1105/1686/823 1108/1687/823 1099/1692/823
f 1105/1686/824 1110/1693/824 1111/1688/824
f 1108/1694/35 1113/1695/35 1109/1696/35
f 1110/1697/35 1113/1695/35 1114/1698/35
f 1111/1699/35 1112/1700/35 1108/1694/35
f 1111/1699/35 1114/1698/35 1115/1701/35
f 1152/1702/825 1154/1703/826 1157/1704/827
f 1153/1705/828 1157/1704/829 1161/1706/830
f 1162/1707/831 1163/1708/832 1154/1709/833
f 1158/1710/834 1161/1711/835 1163/1708/836
f 1165/1712/837 1169/1713/838 1155/1714/837
f 1168/1715/839 1171/1716/840 1169/1713/838
f 1159/1717/841 1172/1718/842 1173/1719/843
f 1172/1718/842 1175/1720/844 1173/1719/843
f 1160/1721/845 1177/1722/846 1166/1723/845
f 1176/1724/847 1179/1725/848 1177/1722/846
f 1167/1726/849 1181/1727/850 1164/1728/849
f 1180/1729/851 1183/1730/852 1181/1727/850
f 1171/1731/840 1184/1732/853 1185/1733/853
f 1174/1734/844 1187/1735/854 1175/1720/844
f 1178/1736/848 1189/1737/855 1179/1738/848
f 1182/1739/852 1191/1740/856 1183/1730/852
f 1185/1733/853 1192/1741/857 1193/1742/857
f 1192/1743/858 1190/1744/856 1194/1745/858
f 1194/1746/859 1188/1747/855 1195/1748/859
f 1195/1749/860 1186/1750/854 1193/1751/860
f 1140/1752/861 1144/1753/862 1146/1754/861
f 1143/1755/863 1148/1756/864 1147/1757/864
f 1150/1758/865 1145/1759/866 1141/1760/865
f 1151/1761/867 1149/1762/867 1142/1763/868
f 1123/1764/869 1116/1765/870 1118/1766/871
f 1127/1767/872 1120/1768/873 1122/1769/874
f 1117/1770/875 1130/1771/876 1119/1772/877
f 1129/1773/878 1126/1774/879 1131/1775/880
f 1123/1764/869 1132/1776/881 1135/1777/881
f 1122/1769/874 1137/1778/882 1127/1767/872
f 1130/1771/876 1133/1779/883 1119/1772/877
f 1131/1775/880 1136/1780/884 1139/1781/885
f 1132/1776/881 1146/1754/861 1135/1777/881
f 1134/1782/886 1148/1756/864 1137/1778/882
f 1133/1779/883 1150/1758/865 1141/1760/865
f 1139/1781/885 1149/1762/867 1151/1761/867
f 1155/1714/837 1154/1783/887 1165/1712/837
f 1159/1717/841 1157/1704/888 1156/1784/841
f 1166/1723/845 1161/1785/889 1160/1721/845
f 1164/1728/849 1163/1708/890 1167/1726/849
f 1143/1786/891 1145/1787/25 1142/1788/25
f 1112/1700/35 1153/1789/35 1113/1695/35
f 1121/1790/25 1155/1791/25 1116/1792/25
f 1113/1695/35 1158/1793/35 1114/1698/35
f 1120/1794/25 1160/1795/25 1159/1796/25
f 1112/1700/35 1162/1797/35 1152/1798/35
f 1117/1799/25 1164/1800/25 1128/1801/25
f 1115/1701/35 1158/1793/35 1162/1797/35
f 1129/1802/25 1166/1803/25 1124/1804/25
f 1117/1770/892 1168/1805/893 1165/1806/894
f 1116/1765/895 1169/1807/896 1118/1766/897
f 1119/1772/898 1170/1808/899 1168/1805/900
f 1118/1766/901 1171/1809/902 1132/1776/903
f 1121/1810/904 1172/1811/905 1156/1812/906
f 1120/1813/907 1173/1814/908 1122/1815/909
f 1123/1816/910 1174/1817/911 1172/1811/912
f 1122/1815/913 1175/1818/914 1134/1819/915
f 1125/1820/916 1176/1821/917 1160/1822/918
f 1124/1823/919 1177/1824/920 1126/1774/921
f 1127/1767/922 1178/1825/923 1176/1821/924
f 1126/1774/925 1179/1826/926 1136/1780/927
f 1129/1827/928 1180/1828/929 1167/1829/930
f 1128/1830/931 1181/1831/932 1130/1832/933
f 1131/1833/934 1182/1834/935 1180/1828/936
f 1130/1832/937 1183/1835/938 1138/1836/939
f 1133/1779/940 1184/1837/941 1170/1808/942
f 1132/1776/943 1185/1838/944 1140/1752/945
f 1135/1839/946 1186/1840/947 1174/1817/948
f 1134/1819/949 1187/1841/950 1147/1842/951
f 1137/1778/952 1188/1843/953 1178/1825/954
f 1136/1780/955 1189/1844/956 1149/1762/957
f 1139/1845/958 1190/1846/959 1182/1834/960
f 1138/1836/961 1191/1847/962 1150/1848/963
f 1141/1760/964 1192/1849/965 1184/1837/966
f 1144/1850/25 1192/1741/891 1145/1787/25
f 1140/1752/967 1193/1851/968 1144/1753/969
f 1145/1787/25 1194/1746/25 1142/1788/25
f 1150/1848/970 1192/1852/971 1145/1853/972
f 1151/1854/973 1194/1855/974 1190/1846/975
f 1142/1788/25 1195/1748/976 1143/1786/891
f 1149/1762/977 1194/1856/978 1142/1763/979
f 1148/1756/980 1195/1857/981 1188/1843/982
f 1144/1850/25 1195/1748/25 1193/1742/25
f 1147/1842/983 1195/1858/984 1143/1859/985
f 1146/1860/986 1193/1861/987 1186/1840/988
f 1197/1862/989 1216/1863/990 1196/1864/990
f 1198/1865/991 1217/1866/989 1197/1862/989
f 1198/1867/991 1219/1868/992 1218/1869/991
f 1200/1870/993 1219/1868/992 1199/1871/992
f 1201/1872/994 1220/1873/993 1200/1870/993
f 1202/1874/995 1221/1875/994 1201/1872/994
f 1203/1876/996 1222/1877/995 1202/1878/995
f 1204/1879/997 1223/1880/996 1203/1876/996
f 1205/1881/998 1224/1882/997 1204/1879/997
f 1205/1881/998 1226/1883/999 1225/1884/998
f 1207/1885/1000 1226/1883/999 1206/1886/999
f 1208/1887/1001 1227/1888/1000 1207/1885/1000
f 1209/1889/1002 1228/1890/1001 1208/1891/1001
f 1210/1892/1003 1229/1893/1002 1209/1889/1002
f 1210/1892/1003 1231/1894/1004 1230/1895/1003
f 1212/1896/1005 1231/1894/1004 1211/1897/1004
f 1213/1898/1006 1232/1899/1005 1212/1900/1005
f 1213/1898/1006 1234/1901/1007 1233/1902/1006
f 1215/1903/1008 1234/1901/1007 1214/1904/1007
f 1196/1864/990 1235/1905/1008 1215/1903/1008
f 1197/1906/25 1196/1907/25 1236/1908/25
f 1198/1909/25 1197/1906/25 1236/1908/25
f 1199/1910/25 1198/1909/25 1236/1908/25
f 1200/1911/25 1199/1910/25 1236/1908/25
f 1201/1912/25 1200/1911/25 1236/1908/25
f 1202/1913/25 1201/1912/25 1236/1908/25
f 1203/1914/25 1202/1913/25 1236/1908/25
f 1204/1915/25 1203/1914/25 1236/1908/25
f 1205/1916/25 1204/1915/25 1236/1908/25
f 1206/1917/25 1205/1916/25 1236/1908/25
f 1207/1918/25 1206/1917/25 1236/1908/25
f 1208/1919/25 1207/1918/25 1236/1908/25
f 1209/1920/25 1208/1919/25 1236/1908/25
f 1210/1921/25 1209/1920/25 1236/1908/25
f 1211/1922/25 1210/1921/25 1236/1908/25
f 1212/1923/25 1211/1922/25 1236/1908/25
f 1213/1924/25 1212/1923/25 1236/1908/25
f 1214/1925/25 1213/1924/25 1236/1908/25
f 1215/1926/25 1214/1925/25 1236/1908/25
f 1196/1907/25 1215/1926/25 1236/1908/25
f 1397/1927/35 1398/1928/35 1399/1929/35
f 1398/1928/35 1400/1930/35 1399/1929/35
f 1400/1930/35 1401/1931/35 1399/1929/35
f 1401/1931/35 1402/1932/35 1399/1929/35
f 1402/1932/35 1403/1933/35 1399/1929/35
f 1403/1933/35 1404/1934/35 1399/1929/35
f 1404/1934/35 1405/1935/35 1399/1929/35
f 1405/1935/35 1406/1936/35 1399/1929/35
f 1406/1936/35 1407/1937/35 1399/1929/35
f 1407/1937/35 1408/1938/35 1399/1929/35
f 1408/1938/35 1409/1939/35 1399/1929/35
f 1409/1939/35 1410/1940/35 1399/1929/35
f 1410/1940/35 1411/1941/35 1399/1929/35
f 1411/1941/35 1412/1942/35 1399/1929/35
f 1412/1942/35 1413/1943/35 1399/1929/35
f 1413/1943/35 1414/1944/35 1399/1929/35
f 1414/1944/35 1415/1945/35 1399/1929/35
f 1415/1945/35 1416/1946/35 1399/1929/35
f 1416/1946/35 1417/1947/35 1399/1929/35
f 1417/1947/35 1397/1927/35 1399/1929/35
f 1216/1948/1009 1238/1949/1010 1237/1950/1011
f 1218/1951/1012 1238/1949/1010 1217/1952/1013
f 1218/1951/1012 1240/1953/1014 1239/1954/1015
f 1220/1955/1016 1240/1953/1014 1219/1956/1017
f 1221/1957/1018 1241/1958/1019 1220/1955/1016
f 1222/1959/1020 1242/1960/1021 1221/1957/1018
f 1222/1959/1020 1244/1961/1022 1243/1962/1023
f 1223/1963/1024 1245/1964/1025 1244/1961/1022
f 1224/1965/1026 1246/1966/1027 1245/1964/1025
f 1226/1967/1028 1246/1966/1027 1225/1968/1029
f 1227/1969/1030 1247/1970/1031 1226/1967/1028
f 1227/1969/1030 1249/1971/1032 1248/1972/1033
f 1229/1973/1034 1249/1971/1032 1228/1974/1035
f 1230/1975/1036 1250/1976/1037 1229/1973/1034
f 1231/1977/1038 1251/1978/1039 1230/1975/1036
f 1231/1977/1038 1253/1979/1040 1252/1980/1041
f 1233/1981/1042 1253/1979/1040 1232/1982/1043
f 1233/1981/1042 1255/1983/1044 1254/1984/1045
f 1235/1985/1046 1255/1983/1044 1234/1986/1047
f 1216/1948/1009 1256/1987/1048 1235/1985/1046
f 1237/1988/1011 1258/1989/1049 1257/1990/1050
f 1239/1991/1015 1258/1989/1049 1238/1992/1010
f 1240/1993/1014 1259/1994/1051 1239/1995/1015
f 1240/1993/1014 1261/1996/1052 1260/1997/1053
f 1242/1998/1021 1261/1996/1052 1241/1999/1019
f 1243/2000/1023 1262/2001/1054 1242/1998/1021
f 1244/2002/1022 1263/2003/1055 1243/2004/1023
f 1245/2005/1025 1264/2006/1056 1244/2002/1022
f 1245/2005/1025 1266/2007/1057 1265/2008/1058
f 1247/2009/1031 1266/2007/1057 1246/2010/1027
f 1248/2011/1033 1267/2012/1059 1247/2009/1031
f 1248/2011/1033 1269/2013/1060 1268/2014/1061
f 1250/2015/1037 1269/2016/1060 1249/2017/1032
f 1251/2018/1039 1270/2019/1062 1250/2015/1037
f 1251/2018/1039 1272/2020/1063 1271/2021/1064
f 1252/2022/1041 1273/2023/1065 1272/2020/1063
f 1254/2024/1045 1273/2025/1065 1253/2026/1040
f 1255/2027/1044 1274/2028/1066 1254/2024/1045
f 1255/2027/1044 1276/2029/1067 1275/2030/1068
f 1237/1988/1011 1276/2029/1067 1256/2031/1048
f 1257/1990/1050 1278/2032/363 1277/2033/364
f 1258/1989/1049 1279/2034/366 1278/2032/363
f 1260/1997/1053 1279/2035/366 1259/1994/1051
f 1261/1996/1052 1280/2036/365 1260/1997/1053
f 1261/1996/1052 1282/2037/367 1281/2038/32
f 1263/2039/1055 1282/2037/367 1262/2001/1054
f 1264/2006/1056 1283/2040/368 1263/2003/1055
f 1265/2008/1058 1284/2041/369 1264/2006/1056
f 1266/2007/1057 1285/2042/370 1265/2008/1058
f 1267/2012/1059 1286/2043/22 1266/2007/1057
f 1268/2014/1061 1287/2044/371 1267/2012/1059
f 1268/2014/1061 1289/2045/374 1288/2046/372
f 1270/2019/1062 1289/2047/374 1269/2016/1060
f 1271/2021/1064 1290/2048/373 1270/2019/1062
f 1271/2021/1064 1292/2049/375 1291/2050/42
f 1273/2023/1065 1292/2049/375 1272/2020/1063
f 1273/2025/1065 1294/2051/377 1293/2052/376
f 1275/2030/1068 1294/2051/377 1274/2028/1066
f 1275/2030/1068 1296/2053/21 1295/2054/378
f 1276/2029/1067 1277/2033/364 1296/2053/21
f 1277/2033/1069 1298/2055/1070 1297/2056/1071
f 1279/2034/1072 1298/2055/1070 1278/2032/1073
f 1280/2057/1074 1299/2058/1075 1279/2059/1072
f 1281/2060/1076 1300/2061/1077 1280/2057/1074
f 1282/2062/1078 1301/2063/1079 1281/2060/1076
f 1283/2064/1080 1302/2065/1081 1282/2062/1078
f 1283/2040/1080 1304/2066/1082 1303/2067/1083
f 1284/2041/1084 1305/2068/1085 1304/2066/1082
f 1286/2043/1086 1305/2068/1085 1285/2042/1087
f 1287/2044/1088 1306/2069/1089 1286/2043/1086
f 1288/2046/1090 1307/2070/1091 1287/2044/1088
f 1289/2045/1092 1308/2071/1093 1288/2046/1090
f 1290/2072/1094 1309/2073/1095 1289/2074/1092
f 1291/2075/1096 1310/2076/1097 1290/2072/1094
f 1291/2075/1096 1312/2077/1098 1311/2078/1099
f 1293/2079/1100 1312/2077/1098 1292/2080/1101
f 1293/2052/1100 1314/2081/1102 1313/2082/1103
f 1295/2054/1104 1314/2081/1102 1294/2051/1105
f 1296/2053/1106 1315/2083/1107 1295/2054/1104
f 1277/2033/1069 1316/2084/1108 1296/2053/1106
f 1297/2085/1071 1318/2086/1109 1317/2087/1110
f 1298/2088/1070 1319/2089/1111 1318/2086/1109
f 1300/2061/1077 1319/2089/1111 1299/2058/1075
f 1301/2063/1079 1320/2090/1112 1300/2061/1077
f 1301/2063/1079 1322/2091/1113 1321/2092/1114
f 1303/2093/1083 1322/2091/1113 1302/2065/1081
f 1303/2093/1083 1324/2094/1115 1323/2095/1116
f 1305/2096/1085 1324/2094/1115 1304/2097/1082
f 1306/2098/1089 1325/2099/1117 1305/2096/1085
f 1306/2098/1089 1327/2100/1118 1326/2101/1119
f 1307/2102/1091 1328/2103/1120 1327/2100/1118
f 1308/2104/1093 1329/2105/1121 1328/2103/1120
f 1310/2076/1097 1329/2105/1121 1309/2073/1095
f 1311/2078/1099 1330/2106/1122 1310/2076/1097
f 1311/2078/1099 1332/2107/1123 1331/2108/1124
f 1312/2077/1098 1333/2109/1125 1332/2107/1123
f 1313/2110/1103 1334/2111/1126 1333/2109/1125
f 1315/2112/1107 1334/2111/1126 1314/2113/1102
f 1315/2112/1107 1336/2114/1127 1335/2115/1128
f 1316/2116/1108 1317/2087/1110 1336/2114/1127
f 1317/2117/364 1338/2118/1129 1337/2119/1130
f 1319/2120/366 1338/2118/1129 1318/2121/363
f 1320/2122/365 1339/2123/1131 1319/2124/366
f 1321/2125/32 1340/2126/1132 1320/2122/365
f 1322/2127/367 1341/2128/1133 1321/2125/32
f 1323/2129/368 1342/2130/1134 1322/2127/367
f 1324/2131/369 1343/2132/1135 1323/2133/368
f 1324/2131/369 1345/2134/1136 1344/2135/1137
f 1325/2136/370 1346/2137/1138 1345/2134/1136
f 1327/2138/371 1346/2137/1138 1326/2139/22
f 1328/2140/372 1347/2141/1139 1327/2138/371
f 1329/2142/374 1348/2143/1140 1328/2140/372
f 1329/2144/374 1350/2145/1141 1349/2146/1142
f 1330/2147/373 1351/2148/1143 1350/2145/1141
f 1332/2149/375 1351/2148/1143 1331/2150/42
f 1333/2151/376 1352/2152/1144 1332/2149/375
f 1334/2153/377 1353/2154/1145 1333/2155/376
f 1335/2156/378 1354/2157/1146 1334/2153/377
f 1336/2158/21 1355/2159/1147 1335/2156/378
f 1336/2158/21 1337/2119/1130 1356/2160/1148
f 1338/2118/1129 1357/2161/1149 1337/2119/1130
f 1338/2118/1129 1359/2162/1150 1358/2163/1151
f 1339/2164/1131 1360/2165/1152 1359/2166/1150
f 1340/2167/1132 1361/2168/1153 1360/2165/1152
f 1341/2169/1133 1362/2170/1154 1361/2168/1153
f 1343/2171/1135 1362/2170/1154 1342/2172/1134
f 1344/2135/1137 1363/2173/1155 1343/2132/1135
f 1345/2134/1136 1364/2174/1156 1344/2135/1137
f 1346/2137/1138 1365/2175/1157 1345/2134/1136
f 1347/2141/1139 1366/2176/1158 1346/2137/1138
f 1348/2143/1140 1367/2177/1159 1347/2141/1139
f 1348/2143/1140 1369/2178/1160 1368/2179/1161
f 1349/2180/1142 1370/2181/1162 1369/2182/1160
f 1351/2183/1143 1370/2181/1162 1350/2184/1141
f 1352/2185/1144 1371/2186/1163 1351/2183/1143
f 1352/2185/1144 1373/2187/1164 1372/2188/1165
f 1354/2157/1146 1373/2189/1164 1353/2154/1145
f 1355/2159/1147 1374/2190/1166 1354/2157/1146
f 1355/2159/1147 1376/2191/1167 1375/2192/1168
f 1356/2160/1148 1357/2161/1149 1376/2191/1167
f 1358/2163/1151 1377/2193/1169 1357/2161/1149
f 1359/2166/1150 1378/2194/1170 1358/2195/1151
f 1359/2166/1150 1380/2196/1171 1379/2197/1172
f 1361/2168/1153 1380/2196/1171 1360/2165/1152
f 1361/2168/1153 1382/2198/1173 1381/2199/1174
f 1362/2170/1154 1383/2200/1175 1382/2198/1173
f 1363/2201/1155 1384/2202/1176 1383/2200/1175
f 1364/2174/1156 1385/2203/1177 1384/2204/1176
f 1366/2176/1158 1385/2203/1177 1365/2175/1157
f 1366/2176/1158 1387/2205/1178 1386/2206/1179
f 1368/2179/1161 1387/2205/1178 1367/2177/1159
f 1368/2207/1161 1389/2208/1180 1388/2209/1181
f 1370/2181/1162 1389/2208/1180 1369/2182/1160
f 1371/2186/1163 1390/2210/1182 1370/2181/1162
f 1372/2188/1165 1391/2211/1183 1371/2186/1163
f 1372/2188/1165 1393/2212/1184 1392/2213/1185
f 1374/2214/1166 1393/2212/1184 1373/2187/1164
f 1375/2192/1168 1394/2215/1186 1374/2190/1166
f 1375/2192/1168 1396/2216/1187 1395/2217/1188
f 1376/2191/1167 1377/2193/1169 1396/2216/1187
f 1377/2218/1169 1398/1928/1189 1397/1927/1190
f 1378/2194/1170 1400/1930/1191 1398/1928/1189
f 1380/2196/1171 1400/1930/1191 1379/2197/1172
f 1380/2196/1171 1402/1932/1192 1401/1931/1193
f 1382/2198/1173 1402/1932/1192 1381/2199/1174
f 1383/2200/1175 1403/1933/1194 1382/2198/1173
f 1384/2202/1176 1404/1934/1195 1383/2200/1175
f 1385/2219/1177 1405/1935/1196 1384/2202/1176
f 1386/2220/1179 1406/1936/1197 1385/2219/1177
f 1387/2221/1178 1407/1937/1198 1386/2220/1179
f 1388/2209/1181 1408/1938/1199 1387/2221/1178
f 1389/2208/1180 1409/1939/1200 1388/2209/1181
f 1390/2210/1182 1410/1940/1201 1389/2208/1180
f 1391/2211/1183 1411/1941/1202 1390/2210/1182
f 1392/2213/1185 1412/1942/1203 1391/2211/1183
f 1393/2212/1184 1413/1943/1204 1392/2213/1185
f 1394/2222/1186 1414/1944/1205 1393/2212/1184
f 1395/2223/1188 1415/1945/1206 1394/2222/1186
f 1395/2223/1188 1417/1947/1207 1416/1946/1208
f 1396/2224/1187 1397/1927/1190 1417/1947/1207
f 1419/2225/363 1438/2226/364 1418/2227/364
f 1420/2228/366 1439/2229/363 1419/2225/363
f 1421/2230/365 1440/2231/366 1420/2232/366
f 1422/2233/32 1441/2234/365 1421/2230/365
f 1423/2235/367 1442/2236/32 1422/2233/32
f 1424/2237/368 1443/2238/367 1423/2235/367
f 1425/2239/369 1444/2240/368 1424/2241/368
f 1426/2242/370 1445/2243/369 1425/2239/369
f 1427/2244/22 1446/2245/370 1426/2242/370
f 1428/2246/371 1447/2247/22 1427/2244/22
f 1429/2248/372 1448/2249/371 1428/2246/371
f 1430/2250/374 1449/2251/372 1429/2248/372
f 1431/2252/373 1450/2253/374 1430/2254/374
f 1432/2255/42 1451/2256/373 1431/2252/373
f 1433/2257/375 1452/2258/42 1432/2255/42
f 1434/2259/376 1453/2260/375 1433/2257/375
f 1435/2261/377 1454/2262/376 1434/2263/376
f 1436/2264/378 1455/2265/377 1435/2261/377
f 1437/2266/21 1456/2267/378 1436/2264/378
f 1418/2227/364 1457/2268/21 1437/2266/21
f 1419/2269/25 1418/2270/25 1458/2271/25
f 1420/2272/25 1419/2269/25 1458/2271/25
f 1421/2273/25 1420/2272/25 1458/2271/25
f 1422/2274/25 1421/2273/25 1458/2271/25
f 1423/2275/25 1422/2274/25 1458/2271/25
f 1424/2276/25 1423/2275/25 1458/2271/25
f 1425/2277/25 1424/2276/25 1458/2271/25
f 1426/2278/25 1425/2277/25 1458/2271/25
f 1427/2279/25 1426/2278/25 1458/2271/25
f 1428/2280/25 1427/2279/25 1458/2271/25
f 1429/2281/25 1428/2280/25 1458/2271/25
f 1430/2282/25 1429/2281/25 1458/2271/25
f 1431/2283/25 1430/2282/25 1458/2271/25
f 1432/2284/25 1431/2283/25 1458/2271/25
f 1433/2285/25 1432/2284/25 1458/2271/25
f 1434/2286/25 1433/2285/25 1458/2271/25
f 1435/2287/25 1434/2286/25 1458/2271/25
f 1436/2288/25 1435/2287/25 1458/2271/25
f 1437/2289/25 1436/2288/25 1458/2271/25
f 1418/2270/25 1437/2289/25 1458/2271/25
f 1559/2290/35 1560/2291/35 1561/2292/35
f 1560/2291/35 1562/2293/35 1561/2292/35
f 1562/2293/35 1563/2294/35 1561/2292/35
f 1563/2294/35 1564/2295/35 1561/2292/35
f 1564/2295/35 1565/2296/35 1561/2292/35
f 1565/2296/35 1566/2297/35 1561/2292/35
f 1566/2297/35 1567/2298/35 1561/2292/35
f 1567/2298/35 1568/2299/35 1561/2292/35
f 1568/2299/35 1569/2300/35 1561/2292/35
f 1569/2300/35 1570/2301/35 1561/2292/35
f 1570/2301/35 1571/2302/35 1561/2292/35
f 1571/2302/35 1572/2303/35 1561/2292/35
f 1572/2303/35 1573/2304/35 1561/2292/35
f 1573/2304/35 1574/2305/35 1561/2292/35
f 1574/2305/35 1575/2306/35 1561/2292/35
f 1575/2306/35 1576/2307/35 1561/2292/35
f 1576/2307/35 1577/2308/35 1561/2292/35
f 1577/2308/35 1578/2309/35 1561/2292/35
f 1578/2309/35 1579/2310/35 1561/2292/35
f 1579/2310/35 1559/2290/35 1561/2292/35
f 1439/2311/25 1459/2312/25 1438/2313/25
f 1439/2311/25 1461/2314/25 1460/2315/25
f 1440/2316/25 1462/2317/25 1461/2314/25
f 1441/2318/25 1463/2319/25 1462/2317/25
f 1443/2320/25 1463/2319/25 1442/2321/25
f 1443/2320/25 1465/2322/25 1464/2323/25
f 1445/2324/25 1465/2322/25 1444/2325/25
f 1446/2326/25 1466/2327/25 1445/2324/25
f 1447/2328/25 1467/2329/25 1446/2326/25
f 1448/2330/25 1468/2331/25 1447/2328/25
f 1448/2330/25 1470/2332/25 1469/2333/25
f 1449/2334/25 1471/2335/25 1470/2332/25
f 1451/2336/25 1471/2335/25 1450/2337/25
f 1451/2336/25 1473/2338/25 1472/2339/25
f 1453/2340/25 1473/2338/25 1452/2341/25
f 1453/2340/25 1475/2342/25 1474/2343/25
f 1455/2344/25 1475/2342/25 1454/2345/25
f 1455/2344/25 1477/2346/25 1476/2347/25
f 1456/2348/25 1478/2349/25 1477/2346/25
f 1438/2313/25 1478/2349/25 1457/2350/25
f 1460/2351/363 1479/2352/1209 1459/2353/364
f 1461/2354/366 1480/2355/363 1460/2351/363
f 1461/2356/366 1482/2357/1210 1481/2358/1211
f 1463/2359/32 1482/2357/1210 1462/2360/365
f 1464/2361/367 1483/2362/719 1463/2359/32
f 1465/2363/368 1484/2364/367 1464/2361/367
f 1466/2365/369 1485/2366/718 1465/2367/368
f 1467/2368/370 1486/2369/369 1466/2365/369
f 1468/2370/22 1487/2371/370 1467/2368/370
f 1469/2372/371 1488/2373/22 1468/2370/22
f 1470/2374/372 1489/2375/371 1469/2372/371
f 1471/2376/374 1490/2377/372 1470/2374/372
f 1472/2378/373 1491/2379/374 1471/2380/374
f 1473/2381/42 1492/2382/373 1472/2378/373
f 1473/2381/42 1494/2383/1212 1493/2384/42
f 1474/2385/375 1495/2386/376 1494/2383/1212
f 1475/2387/376 1496/2388/1213 1495/2389/376
f 1476/2390/377 1497/2391/378 1496/2388/1213
f 1478/2392/21 1497/2391/378 1477/2393/378
f 1459/2353/364 1498/2394/21 1478/2392/21
f 1479/2395/35 1500/2396/35 1499/2397/35
f 1480/2398/35 1501/2399/35 1500/2396/35
f 1482/2400/35 1501/2399/35 1481/2401/35
f 1483/2402/35 1502/2403/35 1482/2400/35
f 1483/2402/35 1504/2404/35 1503/2405/35
f 1485/2406/35 1504/2404/35 1484/2407/35
f 1486/2408/35 1505/2409/35 1485/2406/35
f 1486/2408/35 1507/2410/35 1506/2411/35
f 1487/2412/35 1508/2413/35 1507/2410/35
f 1488/2414/35 1509/2415/35 1508/2413/35
f 1489/2416/35 1510/2417/35 1509/2415/35
f 1490/2418/35 1511/2419/35 1510/2417/35
f 1491/2420/35 1512/2421/35 1511/2419/35
f 1493/2422/35 1512/2421/35 1492/2423/35
f 1493/2422/35 1514/2424/35 1513/2425/35
f 1494/2426/35 1515/2427/35 1514/2424/35
f 1496/2428/35 1515/2427/35 1495/2429/35
f 1497/2430/35 1516/2431/35 1496/2428/35
f 1498/2432/35 1517/2433/35 1497/2430/35
f 1479/2395/35 1518/2434/35 1498/2432/35
f 1500/2435/363 1519/2436/364 1499/2437/1209
f 1501/2438/715 1520/2439/363 1500/2435/363
f 1502/2440/1210 1521/2441/1214 1501/2442/715
f 1503/2443/719 1522/2444/1215 1502/2440/1210
f 1503/2443/719 1524/2445/367 1523/2446/719
f 1504/2447/716 1525/2448/721 1524/2445/367
f 1506/2449/369 1525/2450/721 1505/2451/718
f 1507/2452/370 1526/2453/369 1506/2449/369
f 1508/2454/22 1527/2455/723 1507/2452/370
f 1509/2456/371 1528/2457/22 1508/2454/22
f 1509/2456/371 1530/2458/372 1529/2459/371
f 1511/2460/374 1530/2458/372 1510/2461/372
f 1512/2462/373 1531/2463/1216 1511/2464/374
f 1512/2462/373 1533/2465/1217 1532/2466/373
f 1514/2467/1212 1533/2465/1217 1513/2468/42
f 1514/2467/1212 1535/2469/376 1534/2470/1212
f 1516/2471/1213 1535/2472/376 1515/2473/376
f 1516/2471/1213 1537/2474/378 1536/2475/377
f 1517/2476/378 1538/2477/21 1537/2474/378
f 1499/2437/1209 1538/2477/21 1518/2478/21
f 1519/2479/35 1540/2480/35 1539/2481/35
f 1520/2482/35 1541/2483/35 1540/2480/35
f 1522/2484/35 1541/2483/35 1521/2485/35
f 1523/2486/35 1542/2487/35 1522/2484/35
f 1523/2486/35 1544/2488/35 1543/2489/35
f 1525/2490/35 1544/2488/35 1524/2491/35
f 1526/2492/35 1545/2493/35 1525/2490/35
f 1526/2492/35 1547/2494/35 1546/2495/35
f 1527/2496/35 1548/2497/35 1547/2494/35
f 1529/2498/35 1548/2497/35 1528/2499/35
f 1529/2498/35 1550/2500/35 1549/2501/35
f 1531/2502/35 1550/2500/35 1530/2503/35
f 1532/2504/35 1551/2505/35 1531/2502/35
f 1532/2504/35 1553/2506/35 1552/2507/35
f 1533/2508/35 1554/2509/35 1553/2506/35
f 1534/2510/35 1555/2511/35 1554/2509/35
f 1536/2512/35 1555/2511/35 1535/2513/35
f 1536/2512/35 1557/2514/35 1556/2515/35
f 1538/2516/35 1557/2514/35 1537/2517/35
f 1538/2516/35 1539/2481/35 1558/2518/35
f 1540/2519/1218 1559/2520/1218 1539/2521/1218
f 1541/2522/1219 1560/2523/1219 1540/2519/1219
f 1542/2524/1220 1562/2525/1220 1541/2526/1220
f 1543/2527/1221 1563/2528/1221 1542/2524/1221
f 1544/2529/1222 1564/2530/1222 1543/2527/1222
f 1545/2531/1223 1565/2532/1223 1544/2529/1223
f 1546/2533/827 1566/2534/827 1545/2535/827
f 1547/2536/1224 1567/2537/1224 1546/2533/1224
f 1548/2538/1225 1568/2539/1225 1547/2536/1225
f 1549/2540/1226 1569/2541/1226 1548/2538/1226
f 1550/2542/1227 1570/2543/1227 1549/2540/1227
f 1551/2544/828 1571/2545/828 1550/2542/828
f 1552/2546/1228 1572/2547/1228 1551/2548/1228
f 1553/2549/1229 1573/2550/1229 1552/2546/1229
f 1554/2551/1230 1574/2552/1230 1553/2549/1230
f 1555/2553/1231 1575/2554/1231 1554/2551/1231
f 1556/2555/836 1576/2556/836 1555/2557/836
f 1557/2558/1232 1577/2559/1232 1556/2555/1232
f 1558/2560/1233 1578/2561/1233 1557/2558/1233
f 1539/2521/1234 1579/2562/1234 1558/2560/1234
f 1581/2563/1235 1600/2564/185 1580/2565/1236
f 1581/2563/1235 1602/2566/1237 1601/2567/1238
f 1582/2568/1239 1603/2569/188 1602/2566/1237
f 1584/2570/190 1603/2569/188 1583/2571/191
f 1584/2570/190 1605/2572/1240 1604/2573/193
f 1586/2574/1241 1605/2572/1240 1585/2575/195
f 1587/2576/1242 1606/2577/197 1586/2574/1241
f 1587/2576/1242 1608/2578/1243 1607/2579/199
f 1589/2580/1244 1608/2578/1243 1588/2581/1245
f 1589/2580/1244 1610/2582/1246 1609/2583/1247
f 1591/2584/1248 1610/2582/1246 1590/2585/1249
f 1592/2586/206 1611/2587/1250 1591/2584/1248
f 1593/2588/208 1612/2589/209 1592/2586/206
f 1594/2590/210 1613/2591/1251 1593/2588/208
f 1594/2590/210 1615/2592/1252 1614/2593/213
f 1595/2594/214 1616/2595/215 1615/2592/1252
f 1596/2596/216 1617/2597/1253 1616/2595/215
f 1597/2598/1254 1618/2599/1255 1617/2597/1253
f 1599/2600/1256 1618/2599/1255 1598/2601/1257
f 1580/2565/1236 1619/2602/1258 1599/2600/1256
f 1601/2567/1238 1620/2603/223 1600/2564/185
f 1602/2566/1237 1621/2604/1259 1601/2567/1238
f 1603/2569/188 1622/2605/1260 1602/2566/1237
f 1604/2573/193 1623/2606/1261 1603/2569/188
f 1604/2573/193 1625/2607/227 1624/2608/1262
f 1605/2572/1240 1626/2609/1263 1625/2607/227
f 1606/2577/197 1627/2610/230 1626/2609/1263
f 1607/2579/199 1628/2611/231 1627/2610/230
f 1608/2578/1243 1629/2612/1264 1628/2611/231
f 1610/2582/1246 1629/2612/1264 1609/2583/1247
f 1611/2587/1250 1630/2613/1265 1610/2582/1246
f 1612/2589/209 1631/2614/1266 1611/2587/1250
f 1613/2591/1251 1632/2615/235 1612/2589/209
f 1613/2591/1251 1634/2616/1267 1633/2617/1268
f 1615/2592/1252 1634/2616/1267 1614/2593/213
f 1615/2592/1252 1636/2618/1269 1635/2619/238
f 1616/2595/215 1637/2620/239 1636/2618/1269
f 1618/2599/1255 1637/2620/239 1617/2597/1253
f 1618/2599/1255 1639/2621/1270 1638/2622/1271
f 1600/2564/185 1639/2621/1270 1619/2602/1258
f 1621/2604/1259 1640/2623/244 1620/2603/223
f 1622/2605/1260 1641/2624/1272 1621/2604/1259
f 1622/2605/1260 1643/2625/1273 1642/2626/245
f 1623/2606/1261 1644/2627/1274 1643/2625/1273
f 1625/2607/227 1644/2627/1274 1624/2608/1262
f 1625/2607/227 1646/2628/249 1645/2629/1275
f 1627/2610/230 1646/2628/249 1626/2609/1263
f 1627/2610/230 1648/2630/1276 1647/2631/1277
f 1629/2632/1264 1648/2633/1276 1628/2634/231
f 1629/2632/1264 1650/2635/1278 1649/2636/1279
f 1630/2613/1265 1651/2637/253 1650/2638/1278
f 1631/2614/1266 1652/2639/1280 1651/2637/253
f 1632/2615/235 1653/2640/1281 1652/2639/1280
f 1633/2617/1268 1654/2641/1282 1653/2640/1281
f 1635/2619/238 1654/2641/1282 1634/2616/1267
f 1636/2618/1269 1655/2642/1283 1635/2619/238
f 1637/2620/239 1656/2643/1284 1636/2618/1269
f 1638/2622/1271 1657/2644/261 1637/2620/239
f 1639/2645/1270 1658/2646/1285 1638/2647/1271
f 1639/2645/1270 1640/2648/244 1659/2649/262
f 1641/2650/1272 1660/2651/264 1640/2648/244
f 1642/2626/245 1661/2652/1286 1641/2624/1272
f 1642/2626/245 1663/2653/1287 1662/2654/1288
f 1644/2627/1274 1663/2653/1287 1643/2625/1273
f 1644/2627/1274 1665/2655/268 1664/2656/1289
f 1646/2628/249 1665/2655/268 1645/2629/1275
f 1646/2628/249 1667/2657/1290 1666/2658/269
f 1647/2659/1277 1668/2660/1291 1667/2661/1290
f 1648/2633/1276 1669/2662/1292 1668/2660/1291
f 1650/2635/1278 1669/2662/1292 1649/2636/1279
f 1651/2663/253 1670/2664/1293 1650/2635/1278
f 1652/2639/1280 1671/2665/275 1651/2637/253
f 1652/2639/1280 1673/2666/1294 1672/2667/1295
f 1654/2641/1282 1673/2666/1294 1653/2640/1281
f 1654/2641/1282 1675/2668/1296 1674/2669/278
f 1656/2643/1284 1675/2668/1296 1655/2642/1283
f 1656/2643/1284 1677/2670/1297 1676/2671/1298
f 1657/2672/261 1678/2673/280 1677/2674/1297
f 1658/2646/1285 1679/2675/282 1678/2673/280
f 1640/2648/244 1679/2675/282 1659/2649/262
f 1661/2676/1286 1680/2677/284 1660/2651/264
f 1661/2676/1286 1682/2678/1299 1681/2679/1300
f 1663/2653/1287 1682/2680/1299 1662/2654/1288
f 1663/2653/1287 1684/2681/1301 1683/2682/1302
f 1665/2655/268 1684/2681/1301 1664/2656/1289
f 1666/2658/269 1685/2683/288 1665/2655/268
f 1667/2661/1290 1686/2684/289 1666/2685/269
f 1668/2660/1291 1687/2686/290 1667/2661/1290
f 1669/2662/1292 1688/2687/292 1668/2660/1291
f 1669/2662/1292 1690/2688/1303 1689/2689/1304
f 1670/2664/1293 1691/2690/1305 1690/2688/1303
f 1671/2691/275 1692/2692/1306 1691/2690/1305
f 1673/2666/1294 1692/2693/1306 1672/2667/1295
f 1674/2669/278 1693/2694/1307 1673/2666/1294
f 1675/2668/1296 1694/2695/297 1674/2669/278
f 1675/2668/1296 1696/2696/1308 1695/2697/298
f 1677/2674/1297 1696/2698/1308 1676/2699/1298
f 1678/2673/280 1697/2700/1309 1677/2674/1297
f 1679/2675/282 1698/2701/1310 1678/2673/280
f 1660/2651/264 1699/2702/1311 1679/2675/282
f 1681/2679/1300 1700/2703/303 1680/2677/284
f 1682/2678/1299 1701/2704/1312 1681/2679/1300
f 1682/2680/1299 1703/2705/1313 1702/2706/1314
f 1683/2682/1302 1704/2707/1315 1703/2705/1313
f 1685/2683/288 1704/2707/1315 1684/2681/1301
f 1685/2683/288 1706/2708/309 1705/2709/1316
f 1687/2686/290 1706/2710/309 1686/2684/289
f 1688/2687/292 1707/2711/1317 1687/2686/290
f 1688/2687/292 1709/2712/312 1708/2713/1318
f 1689/2689/1304 1710/2714/1319 1709/2712/312
f 1690/2688/1303 1711/2715/1320 1710/2714/1319
f 1692/2692/1306 1711/2715/1320 1691/2690/1305
f 1693/2694/1307 1712/2716/1321 1692/2693/1306
f 1694/2695/297 1713/2717/1322 1693/2694/1307
f 1694/2695/297 1715/2718/317 1714/2719/318
f 1695/2697/298 1716/2720/1323 1715/2718/317
f 1697/2700/1309 1716/2721/1323 1696/2698/1308
f 1698/2701/1310 1717/2722/1324 1697/2700/1309
f 1699/2702/1311 1718/2723/1325 1698/2701/1310
f 1680/2677/284 1719/2724/1326 1699/2702/1311
f 1701/2704/1312 1720/2725/1327 1700/2703/303
f 1701/2704/1312 1722/2726/1328 1721/2727/1329
f 1703/2728/1313 1722/2729/1328 1702/2730/1314
f 1703/2728/1313 1724/2731/1330 1723/2732/326
f 1705/2733/1316 1724/2731/1330 1704/2734/1315
f 1705/2733/1316 1726/2735/1331 1725/2736/1332
f 1706/2710/309 1727/2737/329 1726/2738/1331
f 1707/2711/1317 1728/2739/1333 1727/2737/329
f 1708/2713/1318 1729/2740/1334 1728/2739/1333
f 1710/2714/1319 1729/2740/1334 1709/2712/312
f 1711/2715/1320 1730/2741/1335 1710/2714/1319
f 1711/2715/1320 1732/2742/1336 1731/2743/1337
f 1712/2744/1321 1733/2745/1338 1732/2746/1336
f 1714/2747/318 1733/2745/1338 1713/2748/1322
f 1715/2749/317 1734/2750/1339 1714/2747/318
f 1716/2751/1323 1735/2752/1340 1715/2749/317
f 1716/2721/1323 1737/2753/340 1736/2754/1341
f 1717/2722/1324 1738/2755/341 1737/2753/340
f 1718/2723/1325 1739/2756/1342 1738/2755/341
f 1700/2703/303 1739/2756/1342 1719/2724/1326
f 1720/2725/1327 1741/2757/1343 1740/2758/343
f 1721/2727/1329 1742/2759/344 1741/2757/1343
f 1722/2729/1328 1743/2760/1344 1742/2761/344
f 1724/2731/1330 1743/2760/1344 1723/2732/326
f 1725/2736/1332 1744/2762/348 1724/2731/1330
f 1726/2735/1331 1745/2763/1345 1725/2736/1332
f 1727/2737/329 1746/2764/1346 1726/2738/1331
f 1727/2737/329 1748/2765/1347 1747/2766/351
f 1728/2739/1333 1749/2767/1348 1748/2765/1347
f 1730/2741/1335 1749/2767/1348 1729/2740/1334
f 1730/2741/1335 1751/2768/354 1750/2769/1349
f 1731/2743/1337 1752/2770/1350 1751/2768/354
f 1732/2746/1336 1753/2771/356 1752/2772/1350
f 1734/2750/1339 1753/2771/356 1733/2745/1338
f 1734/2750/1339 1755/2773/1351 1754/2774/1352
f 1736/2775/1341 1755/2773/1351 1735/2752/1340
f 1737/2753/340 1756/2776/1353 1736/2754/1341
f 1737/2753/340 1758/2777/1354 1757/2778/1355
f 1739/2756/1342 1758/2777/1354 1738/2755/341
f 1720/2725/1327 1759/2779/1356 1739/2756/1342
f 1740/2758/343 1761/2780/363 1760/2781/364
f 1741/2757/1343 1762/2782/366 1761/2780/363
f 1742/2761/344 1763/2783/365 1762/2784/366
f 1744/2762/348 1763/2783/365 1743/2760/1344
f 1744/2762/348 1765/2785/367 1764/2786/32
f 1745/2763/1345 1766/2787/368 1765/2785/367
f 1747/2766/351 1766/2788/368 1746/2764/1346
f 1748/2765/1347 1767/2789/369 1747/2766/351
f 1749/2767/1348 1768/2790/370 1748/2765/1347
f 1749/2767/1348 1770/2791/371 1769/2792/22
f 1750/2769/1349 1771/2793/372 1770/2791/371
f 1752/2770/1350 1771/2793/372 1751/2768/354
f 1753/2771/356 1772/2794/374 1752/2772/1350
f 1753/2771/356 1774/2795/42 1773/2796/373
f 1754/2774/1352 1775/2797/375 1774/2795/42
f 1755/2773/1351 1776/2798/376 1775/2797/375
f 1757/2778/1355 1776/2799/376 1756/2776/1353
f 1757/2778/1355 1778/2800/378 1777/2801/377
f 1759/2779/1356 1778/2800/378 1758/2777/1354
f 1759/2779/1356 1760/2781/364 1779/2802/21
f 1761/2780/363 1780/2803/1357 1760/2781/364
f 1762/2782/366 1781/2804/1358 1761/2780/363
f 1763/2783/365 1782/2805/382 1762/2784/366
f 1763/2783/365 1784/2806/1359 1783/2807/1360
f 1765/2785/367 1784/2806/1359 1764/2786/32
f 1766/2787/368 1785/2808/384 1765/2785/367
f 1766/2788/368 1787/2809/1361 1786/2810/1362
f 1767/2789/369 1788/2811/1363 1787/2809/1361
f 1768/2790/370 1789/2812/1364 1788/2811/1363
f 1770/2791/371 1789/2812/1364 1769/2792/22
f 1770/2791/371 1791/2813/1365 1790/2814/1366
f 1771/2793/372 1792/2815/1367 1791/2813/1365
f 1772/2794/374 1793/2816/1368 1792/2817/1367
f 1774/2795/42 1793/2816/1368 1773/2796/373
f 1774/2795/42 1795/2818/1369 1794/2819/1370
f 1776/2798/376 1795/2818/1369 1775/2797/375
f 1776/2799/376 1797/2820/396 1796/2821/1371
f 1777/2801/377 1798/2822/397 1797/2820/396
f 1778/2800/378 1799/2823/1372 1798/2822/397
f 1760/2781/364 1799/2823/1372 1779/2802/21
f 1781/2804/1358 1800/2824/400 1780/2803/1357
f 1781/2804/1358 1802/2825/1373 1801/2826/1374
f 1783/2807/1360 1802/2827/1373 1782/2805/382
f 1783/2807/1360 1804/2828/403 1803/2829/1375
f 1784/2806/1359 1805/2830/1376 1804/2828/403
f 1785/2808/384 1806/2831/1377 1805/2830/1376
f 1786/2810/1362 1807/2832/405 1806/2833/1377
f 1788/2811/1363 1807/2832/405 1787/2809/1361
f 1789/2812/1364 1808/2834/408 1788/2811/1363
f 1790/2814/1366 1809/2835/1378 1789/2812/1364
f 1791/2813/1365 1810/2836/1379 1790/2814/1366
f 1792/2815/1367 1811/2837/1380 1791/2813/1365
f 1792/2817/1367 1813/2838/411 1812/2839/1381
f 1794/2819/1370 1813/2838/411 1793/2816/1368
f 1795/2818/1369 1814/2840/413 1794/2819/1370
f 1795/2818/1369 1816/2841/1382 1815/2842/415
f 1796/2821/1371 1817/2843/416 1816/2844/1382
f 1797/2820/396 1818/2845/417 1817/2843/416
f 1799/2823/1372 1818/2845/417 1798/2822/397
f 1780/2803/1357 1819/2846/1383 1799/2823/1372
f 1800/2824/400 1821/2847/1384 1820/2848/419
f 1802/2825/1373 1821/2847/1384 1801/2826/1374
f 1802/2827/1373 1823/2849/1385 1822/2850/1386
f 1804/2828/403 1823/2849/1385 1803/2829/1375
f 1804/2828/403 1825/2851/1387 1824/2852/1388
f 1806/2831/1377 1825/2851/1387 1805/2830/1376
f 1807/2832/405 1826/2853/1389 1806/2833/1377
f 1808/2834/408 1827/2854/1390 1807/2832/405
f 1809/2835/1378 1828/2855/1391 1808/2834/408
f 1809/2835/1378 1830/2856/1392 1829/2857/428
f 1810/2836/1379 1831/2858/1393 1830/2856/1392
f 1812/2859/1381 1831/2858/1393 1811/2837/1380
f 1812/2839/1381 1833/2860/431 1832/2861/1394
f 1813/2838/411 1834/2862/433 1833/2860/431
f 1815/2842/415 1834/2862/433 1814/2840/413
f 1815/2842/415 1836/2863/1395 1835/2864/434
f 1816/2844/1382 1837/2865/1396 1836/2866/1395
f 1817/2843/416 1838/2867/1397 1837/2865/1396
f 1819/2846/1383 1838/2867/1397 1818/2845/417
f 1819/2846/1383 1820/2848/419 1839/2868/438
f 1820/2848/419 1841/2869/1398 1840/2870/439
f 1822/2871/1386 1841/2869/1398 1821/2847/1384
f 1823/2872/1385 1842/2873/442 1822/2874/1386
f 1824/2875/1388 1843/2876/1399 1823/2872/1385
f 1824/2875/1388 1845/2877/1400 1844/2878/1401
f 1826/2879/1389 1845/2877/1400 1825/2880/1387
f 1826/2853/1389 1847/2881/445 1846/2882/446
f 1827/2854/1390 1848/2883/1402 1847/2881/445
f 1828/2855/1391 1849/2884/1403 1848/2883/1402
f 1829/2857/428 1850/2885/448 1849/2884/1403
f 1831/2858/1393 1850/2885/448 1830/2856/1392
f 1832/2886/1394 1851/2887/1404 1831/2858/1393
f 1832/2888/1394 1853/2889/451 1852/2890/1405
f 1833/2891/431 1854/2892/1406 1853/2889/451
f 1835/2893/434 1854/2892/1406 1834/2894/433
f 1835/2893/434 1856/2895/1407 1855/2896/1408
f 1837/2865/1396 1856/2897/1407 1836/2866/1395
f 1837/2865/1396 1858/2898/1409 1857/2899/456
f 1838/2867/1397 1859/2900/1410 1858/2898/1409
f 1820/2848/419 1859/2900/1410 1839/2868/438
f 1840/2870/439 1861/2901/1411 1860/2902/459
f 1841/2869/1398 1862/2903/1412 1861/2901/1411
f 1842/2873/442 1863/2904/1413 1862/2905/1412
f 1844/2878/1401 1863/2904/1413 1843/2876/1399
f 1844/2878/1401 1865/2906/1414 1864/2907/1415
f 1846/2908/446 1865/2906/1414 1845/2877/1400
f 1847/2881/445 1866/2909/1416 1846/2882/446
f 1848/2883/1402 1867/2910/1417 1847/2881/445
f 1848/2883/1402 1869/2911/1418 1868/2912/1419
f 1850/2885/448 1869/2911/1418 1849/2884/1403
f 1851/2887/1404 1870/2913/1420 1850/2885/448
f 1852/2914/1405 1871/2915/1421 1851/2887/1404
f 1852/2890/1405 1873/2916/1422 1872/2917/1423
f 1854/2892/1406 1873/2916/1422 1853/2889/451
f 1854/2892/1406 1875/2918/1424 1874/2919/473
f 1856/2895/1407 1875/2918/1424 1855/2896/1408
f 1856/2897/1407 1877/2920/1425 1876/2921/1426
f 1857/2899/456 1878/2922/476 1877/2920/1425
f 1858/2898/1409 1879/2923/478 1878/2922/476
f 1859/2900/1410 1860/2902/459 1879/2923/478
f 1861/2901/1411 1880/2924/479 1860/2902/459
f 1861/2925/1411 1882/2926/1427 1881/2927/1428
f 1863/2904/1413 1882/2926/1427 1862/2905/1412
f 1863/2904/1413 1884/2928/483 1883/2929/1429
f 1865/2906/1414 1884/2928/483 1864/2907/1415
f 1866/2930/1416 1885/2931/1430 1865/2906/1414
f 1867/2932/1417 1886/2933/1431 1866/2930/1416
f 1868/2912/1419 1887/2934/1432 1867/2910/1417
f 1869/2911/1418 1888/2935/1433 1868/2912/1419
f 1869/2911/1418 1890/2936/489 1889/2937/1434
f 1870/2913/1420 1891/2938/1435 1890/2936/489
f 1871/2939/1421 1892/2940/1436 1891/2941/1435
f 1873/2916/1422 1892/2940/1436 1872/2917/1423
f 1873/2916/1422 1894/2942/1437 1893/2943/1438
f 1875/2918/1424 1894/2942/1437 1874/2919/473
f 1876/2944/1426 1895/2945/494 1875/2918/1424
f 1877/2946/1425 1896/2947/1439 1876/2944/1426
f 1878/2922/476 1897/2948/1440 1877/2920/1425
f 1879/2923/478 1898/2949/497 1878/2922/476
f 1879/2923/478 1880/2924/479 1899/2950/1441
f 1880/2951/479 1901/2952/1442 1900/2953/500
f 1881/2927/1428 1902/2954/1443 1901/2952/1442
f 1883/2929/1429 1902/2954/1443 1882/2926/1427
f 1884/2928/483 1903/2955/1444 1883/2929/1429
f 1884/2928/483 1905/2956/503 1904/2957/504
f 1885/2931/1430 1906/2958/1445 1905/2956/503
f 1886/2933/1431 1907/2959/505 1906/2958/1445
f 1888/2960/1433 1907/2959/505 1887/2961/1432
f 1888/2935/1433 1909/2962/1446 1908/2963/1447
f 1890/2936/489 1909/2962/1446 1889/2937/1434
f 1891/2941/1435 1910/2964/1448 1890/2965/489
f 1892/2940/1436 1911/2966/510 1891/2941/1435
f 1893/2943/1438 1912/2967/1449 1892/2940/1436
f 1894/2942/1437 1913/2968/1450 1893/2943/1438
f 1894/2942/1437 1915/2969/1451 1914/2970/1452
f 1895/2945/494 1916/2971/1453 1915/2969/1451
f 1896/2947/1439 1917/2972/515 1916/2971/1453
f 1897/2973/1440 1918/2974/1454 1917/2972/515
f 1898/2949/497 1919/2975/1455 1918/2976/1454
f 1899/2950/1441 1900/2977/500 1919/2975/1455
f 1900/2953/500 1921/2978/1456 1920/2979/519
f 1901/2952/1442 1922/2980/1457 1921/2978/1456
f 1902/2954/1443 1923/2981/1458 1922/2980/1457
f 1903/2955/1444 1924/2982/1459 1923/2981/1458
f 1905/2956/503 1924/2982/1459 1904/2957/504
f 1906/2958/1445 1925/2983/1460 1905/2956/503
f 1907/2959/505 1926/2984/525 1906/2958/1445
f 1908/2985/1447 1927/2986/526 1907/2959/505
f 1909/2987/1446 1928/2988/1461 1908/2985/1447
f 1909/2987/1446 1930/2989/1462 1929/2990/1463
f 1910/2964/1448 1931/2991/1464 1930/2989/1462
f 1911/2966/510 1932/2992/530 1931/2991/1464
f 1912/2967/1449 1933/2993/1465 1932/2992/530
f 1914/2970/1452 1933/2993/1465 1913/2968/1450
f 1914/2970/1452 1935/2994/1466 1934/2995/1467
f 1916/2971/1453 1935/2994/1466 1915/2969/1451
f 1917/2972/515 1936/2996/1468 1916/2971/1453
f 1917/2972/515 1938/2997/1469 1937/2998/537
f 1918/2974/1454 1939/2999/538 1938/2997/1469
f 1919/3000/1455 1920/2979/519 1939/2999/538
f 1920/2979/519 1941/3001/1470 1940/3002/1471
f 1922/2980/1457 1941/3001/1470 1921/2978/1456
f 1923/2981/1458 1942/3003/1472 1922/2980/1457
f 1923/2981/1458 1944/3004/1473 1943/3005/1474
f 1925/2983/1460 1944/3004/1473 1924/2982/1459
f 1925/2983/1460 1946/3006/545 1945/3007/1475
f 1926/2984/525 1947/3008/1476 1946/3006/545
f 1928/2988/1461 1947/3008/1476 1927/2986/526
f 1928/2988/1461 1949/3009/1477 1948/3010/1478
f 1930/2989/1462 1949/3009/1477 1929/2990/1463
f 1930/2989/1462 1951/3011/1479 1950/3012/1480
f 1931/2991/1464 1952/3013/1481 1951/3011/1479
f 1932/2992/530 1953/3014/1482 1952/3013/1481
f 1933/2993/1465 1954/3015/552 1953/3014/1482
f 1935/2994/1466 1954/3015/552 1934/2995/1467
f 1936/2996/1468 1955/3016/1483 1935/2994/1466
f 1937/2998/537 1956/3017/1484 1936/2996/1468
f 1938/2997/1469 1957/3018/1485 1937/2998/537
f 1938/2997/1469 1959/3019/1486 1958/3020/1487
f 1939/2999/538 1940/3002/1471 1959/3019/1486
f 1581/2563/1235 1580/2565/1236 1960/3021/25
f 1582/2568/1239 1581/2563/1235 1960/3021/25
f 1583/2571/191 1582/2568/1239 1960/3021/25
f 1584/2570/190 1583/2571/191 1960/3021/25
f 1585/2575/195 1584/2570/190 1960/3021/25
f 1586/2574/1241 1585/2575/195 1960/3021/25
f 1587/2576/1242 1586/2574/1241 1960/3021/25
f 1588/2581/1245 1587/2576/1242 1960/3021/25
f 1589/2580/1244 1588/2581/1245 1960/3021/25
f 1590/2585/1249 1589/2580/1244 1960/3021/25
f 1591/2584/1248 1590/2585/1249 1960/3021/25
f 1592/2586/206 1591/2584/1248 1960/3021/25
f 1593/2588/208 1592/2586/206 1960/3021/25
f 1594/2590/210 1593/2588/208 1960/3021/25
f 1595/2594/214 1594/2590/210 1960/3021/25
f 1596/2596/216 1595/2594/214 1960/3021/25
f 1597/2598/1254 1596/2596/216 1960/3021/25
f 1598/2601/1257 1597/2598/1254 1960/3021/25
f 1599/2600/1256 1598/2601/1257 1960/3021/25
f 1580/2565/1236 1599/2600/1256 1960/3021/25
f 1940/3002/1471 1941/3001/1470 1961/3022/35
f 1941/3001/1470 1942/3003/1472 1961/3022/35
f 1942/3003/1472 1943/3005/1474 1961/3022/35
f 1943/3005/1474 1944/3004/1473 1961/3022/35
f 1944/3004/1473 1945/3007/1475 1961/3022/35
f 1945/3007/1475 1946/3006/545 1961/3022/35
f 1946/3006/545 1947/3008/1476 1961/3022/35
f 1947/3008/1476 1948/3010/1478 1961/3022/35
f 1948/3010/1478 1949/3009/1477 1961/3022/35
f 1949/3009/1477 1950/3012/1480 1961/3022/35
f 1950/3012/1480 1951/3011/1479 1961/3022/35
f 1951/3011/1479 1952/3013/1481 1961/3022/35
f 1952/3013/1481 1953/3014/1482 1961/3022/35
f 1953/3014/1482 1954/3015/552 1961/3022/35
f 1954/3015/552 1955/3016/1483 1961/3022/35
f 1955/3016/1483 1956/3017/1484 1961/3022/35
f 1956/3017/1484 1957/3018/1485 1961/3022/35
f 1957/3018/1485 1958/3020/1487 1961/3022/35
f 1958/3020/1487 1959/3019/1486 1961/3022/35
f 1959/3019/1486 1940/3002/1471 1961/3022/35
f 1963/3023/1488 1982/3024/1489 1962/3025/1489
f 1964/3026/1490 1983/3027/1488 1963/3023/1488
f 1965/3028/1491 1984/3029/1490 1964/3030/1490
f 1966/3031/35 1985/3032/1491 1965/3028/1491
f 1967/3033/1492 1986/3034/35 1966/3031/35
f 1968/3035/1493 1987/3036/1492 1967/3033/1492
f 1969/3037/1494 1988/3038/1493 1968/3039/1493
f 1970/3040/1495 1989/3041/1494 1969/3037/1494
f 1971/3042/22 1990/3043/1495 1970/3040/1495
f 1972/3044/1496 1991/3045/22 1971/3042/22
f 1973/3046/1497 1992/3047/1496 1972/3044/1496
f 1974/3048/1498 1993/3049/1497 1973/3046/1497
f 1975/3050/1499 1994/3051/1498 1974/3052/1498
f 1976/3053/25 1995/3054/1499 1975/3050/1499
f 1977/3055/1500 1996/3056/25 1976/3053/25
f 1978/3057/1501 1997/3058/1500 1977/3055/1500
f 1979/3059/1502 1998/3060/1501 1978/3061/1501
f 1980/3062/1503 1999/3063/1502 1979/3059/1502
f 1981/3064/21 2000/3065/1503 1980/3062/1503
f 1962/3025/1489 2001/3066/21 1981/3064/21
f 1963/3067/32 1962/3068/32 2002/3069/32
f 1964/3070/32 1963/3067/32 2002/3069/32
f 1965/3071/32 1964/3070/32 2002/3069/32
f 1966/3072/32 1965/3071/32 2002/3069/32
f 1967/3073/32 1966/3072/32 2002/3069/32
f 1968/3074/32 1967/3073/32 2002/3069/32
f 1969/3075/32 1968/3074/32 2002/3069/32
f 1970/3076/32 1969/3075/32 2002/3069/32
f 1971/3077/32 1970/3076/32 2002/3069/32
f 1972/3078/32 1971/3077/32 2002/3069/32
f 1973/3079/32 1972/3078/32 2002/3069/32
f 1974/3080/32 1973/3079/32 2002/3069/32
f 1975/3081/32 1974/3080/32 2002/3069/32
f 1976/3082/32 1975/3081/32 2002/3069/32
f 1977/3083/32 1976/3082/32 2002/3069/32
f 1978/3084/32 1977/3083/32 2002/3069/32
f 1979/3085/32 1978/3084/32 2002/3069/32
f 1980/3086/32 1979/3085/32 2002/3069/32
f 1981/3087/32 1980/3086/32 2002/3069/32
f 1962/3068/32 1981/3087/32 2002/3069/32
f 1982/3088/42 1983/3089/42 2003/3090/42
f 1983/3089/42 1984/3091/42 2003/3090/42
f 1984/3091/42 1985/3092/42 2003/3090/42
f 1985/3092/42 1986/3093/42 2003/3090/42
f 1986/3093/42 1987/3094/42 2003/3090/42
f 1987/3094/42 1988/3095/42 2003/3090/42
f 1988/3095/42 1989/3096/42 2003/3090/42
f 1989/3096/42 1990/3097/42 2003/3090/42
f 1990/3097/42 1991/3098/42 2003/3090/42
f 1991/3098/42 1992/3099/42 2003/3090/42
f 1992/3099/42 1993/3100/42 2003/3090/42
f 1993/3100/42 1994/3101/42 2003/3090/42
f 1994/3101/42 1995/3102/42 2003/3090/42
f 1995/3102/42 1996/3103/42 2003/3090/42
f 1996/3103/42 1997/3104/42 2003/3090/42
f 1997/3104/42 1998/3105/42 2003/3090/42
f 1998/3105/42 1999/3106/42 2003/3090/42
f 1999/3106/42 2000/3107/42 2003/3090/42
f 2000/3107/42 2001/3108/42 2003/3090/42
f 2001/3108/42 1982/3088/42 2003/3090/42
f 2005/3109/363 2024/3110/1504 2004/3111/364
f 2006/3112/366 2025/3113/1505 2005/3109/363
f 2007/3114/365 2026/3115/1506 2006/3116/366
f 2008/3117/32 2027/3118/1507 2007/3114/365
f 2009/3119/367 2028/3120/1508 2008/3117/32
f 2010/3121/368 2029/3122/1509 2009/3119/367
f 2011/3123/369 2030/3124/1510 2010/3125/368
f 2012/3126/370 2031/3127/1511 2011/3123/369
f 2013/3128/22 2032/3129/1512 2012/3126/370
f 2014/3130/371 2033/3131/1513 2013/3128/22
f 2015/3132/372 2034/3133/1514 2014/3130/371
f 2016/3134/374 2035/3135/1515 2015/3132/372
f 2017/3136/373 2036/3137/1516 2016/3138/374
f 2018/3139/42 2037/3140/1517 2017/3136/373
f 2019/3141/375 2038/3142/1518 2018/3139/42
f 2020/3143/729 2039/3144/1519 2019/3141/375
f 2021/3145/377 2040/3146/1520 2020/3147/729
f 2022/3148/378 2041/3149/1521 2021/3145/377
f 2023/3150/21 2042/3151/1522 2022/3148/378
f 2004/3111/364 2043/3152/1523 2023/3150/21
f 2005/3153/25 2004/3154/25 2044/3155/25
f 2006/3156/25 2005/3153/25 2044/3155/25
f 2007/3157/25 2006/3156/25 2044/3155/25
f 2008/3158/25 2007/3157/25 2044/3155/25
f 2009/3159/25 2008/3158/25 2044/3155/25
f 2010/3160/25 2009/3159/25 2044/3155/25
f 2011/3161/25 2010/3160/25 2044/3155/25
f 2012/3162/25 2011/3161/25 2044/3155/25
f 2013/3163/25 2012/3162/25 2044/3155/25
f 2014/3164/25 2013/3163/25 2044/3155/25
f 2015/3165/25 2014/3164/25 2044/3155/25
f 2016/3166/25 2015/3165/25 2044/3155/25
f 2017/3167/25 2016/3166/25 2044/3155/25
f 2018/3168/25 2017/3167/25 2044/3155/25
f 2019/3169/25 2018/3168/25 2044/3155/25
f 2020/3170/25 2019/3169/25 2044/3155/25
f 2021/3171/25 2020/3170/25 2044/3155/25
f 2022/3172/25 2021/3171/25 2044/3155/25
f 2023/3173/25 2022/3172/25 2044/3155/25
f 2004/3154/25 2023/3173/25 2044/3155/25
f 2306/3174/1524 2307/3175/1525 2308/3176/1526
f 2307/3175/1525 2309/3177/1527 2308/3176/1526
f 2309/3177/1527 2310/3178/1528 2308/3176/1526
f 2027/3179/1529 2028/3180/1529 2045/3181/1529
f 2311/3182/1530 2312/3183/1531 2308/3176/1526
f 2312/3183/1531 2313/3184/1532 2308/3176/1526
f 2313/3184/1532 2314/3185/1533 2308/3176/1526
f 2314/3185/1533 2315/3186/1534 2308/3176/1526
f 2315/3186/1534 2316/3187/1535 2308/3176/1526
f 2316/3187/1535 2317/3188/1536 2308/3176/1526
f 2317/3188/1536 2318/3189/1537 2308/3176/1526
f 2318/3189/1537 2319/3190/1538 2308/3176/1526
f 2319/3190/1538 2320/3191/1539 2308/3176/1526
f 2320/3191/1539 2321/3192/1540 2308/3176/1526
f 2321/3192/1540 2322/3193/1541 2308/3176/1526
f 2322/3193/1541 2323/3194/1542 2308/3176/1526
f 2323/3194/1542 2324/3195/1543 2308/3176/1526
f 2324/3195/1543 2325/3196/1544 2308/3176/1526
f 2325/3196/1544 2326/3197/1545 2308/3176/1526
f 2326/3197/1545 2306/3174/1524 2308/3176/1526
f 2025/3113/1505 2046/3198/1546 2024/3110/1504
f 2026/3199/1506 2047/3200/1547 2025/3113/1505
f 2027/3118/1507 2048/3201/1548 2026/3115/1506
f 2027/3118/1549 2045/3202/1550 2050/3203/1551
f 2028/3120/1508 2051/3204/1552 2050/3203/1553
f 2029/3122/1509 2052/3205/1554 2051/3204/1552
f 2030/3124/1510 2053/3206/1555 2052/3207/1554
f 2031/3127/1511 2054/3208/1556 2053/3206/1555
f 2032/3129/1512 2055/3209/1557 2054/3208/1556
f 2033/3131/1513 2056/3210/1558 2055/3209/1557
f 2034/3133/1514 2057/3211/1559 2056/3210/1558
f 2035/3135/1515 2058/3212/1560 2057/3211/1559
f 2036/3137/1516 2059/3213/1561 2058/3214/1560
f 2037/3140/1517 2060/3215/1562 2059/3213/1561
f 2039/3144/1519 2060/3215/1562 2038/3142/1518
f 2040/3216/1520 2061/3217/1563 2039/3144/1519
f 2041/3149/1521 2062/3218/1564 2040/3146/1520
f 2042/3151/1522 2063/3219/1565 2041/3149/1521
f 2043/3152/1523 2064/3220/1566 2042/3151/1522
f 2024/3110/1504 2065/3221/1567 2043/3152/1523
f 2047/3200/1568 2066/3222/1569 2046/3198/1570
f 2048/3223/1571 2067/3224/1572 2047/3200/1568
f 2049/3225/1573 2068/3226/1574 2048/3201/1571
f 2069/3227/1575 2050/3203/1576 2070/3228/1577
f 2071/3229/1578 2050/3203/1579 2051/3204/1580
f 2072/3230/1581 2051/3204/1580 2052/3205/1582
f 2073/3231/1583 2052/3207/1582 2053/3206/1584
f 2074/3232/1585 2053/3206/1584 2054/3208/1586
f 2075/3233/1587 2054/3208/1586 2055/3209/1588
f 2076/3234/1589 2055/3209/1588 2056/3210/1590
f 2077/3235/1591 2056/3210/1590 2057/3211/1592
f 2078/3236/1593 2057/3211/1592 2058/3212/1594
f 2079/3237/1595 2058/3214/1594 2059/3213/1596
f 2080/3238/1597 2059/3213/1596 2060/3215/1598
f 2061/3217/1599 2080/3238/1597 2060/3215/1598
f 2062/3239/1600 2081/3240/1601 2061/3217/1599
f 2063/3219/1602 2082/3241/1603 2062/3218/1600
f 2064/3220/1604 2083/3242/1605 2063/3219/1602
f 2065/3221/1606 2084/3243/1607 2064/3220/1604
f 2046/3198/1570 2085/3244/1608 2065/3221/1606
f 2067/3224/1572 2086/3245/1609 2066/3222/1569
f 2068/3246/1574 2087/3247/1610 2067/3224/1572
f 2069/3227/1611 2088/3248/1612 2068/3226/1574
f 2089/3249/1613 2070/3228/1577 2090/3250/1614
f 2070/3228/1615 2091/3251/1616 2090/3250/1617
f 2071/3229/1578 2092/3252/1618 2091/3251/1616
f 2072/3253/1581 2093/3254/1619 2092/3255/1618
f 2073/3231/1583 2094/3256/1620 2093/3254/1619
f 2074/3232/1585 2095/3257/1621 2094/3256/1620
f 2075/3233/1587 2096/3258/1622 2095/3257/1621
f 2076/3234/1589 2097/3259/1623 2096/3258/1622
f 2077/3235/1591 2098/3260/1624 2097/3259/1623
f 2078/3261/1593 2099/3262/1625 2098/3263/1624
f 2079/3237/1595 2100/3264/1626 2099/3262/1625
f 2081/3240/1601 2100/3264/1626 2080/3238/1597
f 2082/3265/1603 2101/3266/1627 2081/3240/1601
f 2083/3242/1605 2102/3267/1628 2082/3241/1603
f 2084/3243/1607 2103/3268/1629 2083/3242/1605
f 2085/3244/1608 2104/3269/1630 2084/3243/1607
f 2066/3222/1569 2105/3270/1631 2085/3244/1608
f 2087/3247/1610 2106/3271/1632 2086/3245/1609
f 2088/3272/1612 2107/3273/1633 2087/3247/1610
f 2089/3274/1634 2108/3275/1635 2088/3276/1612
f 2109/3277/1636 2090/3278/1614 2110/3279/1637
f 2090/3278/1617 2111/3280/1638 2110/3279/1639
f 2091/3281/1616 2112/3282/1640 2111/3280/1638
f 2092/3255/1618 2113/3283/1641 2112/3284/1640
f 2093/3254/1619 2114/3285/1642 2113/3283/1641
f 2094/3256/1620 2115/3286/1643 2114/3285/1642
f 2095/3257/1621 2116/3287/1644 2115/3286/1643
f 2096/3258/1622 2117/3288/1645 2116/3287/1644
f 2097/3259/1623 2118/3289/1646 2117/3288/1645
f 2098/3290/1624 2119/3291/1647 2118/3292/1646
f 2099/3293/1625 2120/3294/1648 2119/3291/1647
f 2101/3295/1627 2120/3294/1648 2100/3296/1626
f 2102/3297/1628 2121/3298/1649 2101/3295/1627
f 2103/3268/1629 2122/3299/1650 2102/3267/1628
f 2104/3269/1630 2123/3300/1651 2103/3268/1629
f 2105/3270/1631 2124/3301/1652 2104/3269/1630
f 2086/3245/1609 2125/3302/1653 2105/3270/1631
f 2107/3273/1633 2126/3303/1654 2106/3271/1632
f 2108/3304/1635 2127/3305/1655 2107/3273/1633
f 2109/3277/1656 2128/3306/1657 2108/3275/1635
f 2129/3307/1658 2110/3279/1637 2130/3308/1659
f 2110/3279/1639 2131/3309/1660 2130/3308/1661
f 2111/3280/1638 2132/3310/1662 2131/3309/1660
f 2112/3284/1640 2133/3311/1663 2132/3312/1662
f 2113/3283/1641 2134/3313/1664 2133/3311/1663
f 2114/3285/1642 2135/3314/1665 2134/3313/1664
f 2115/3286/1643 2136/3315/1666 2135/3314/1665
f 2116/3287/1644 2137/3316/1667 2136/3315/1666
f 2117/3288/1645 2138/3317/1668 2137/3316/1667
f 2118/3292/1646 2139/3318/1669 2138/3319/1668
f 2119/3291/1647 2140/3320/1670 2139/3318/1669
f 2121/3298/1649 2140/3320/1670 2120/3294/1648
f 2122/3321/1650 2141/3322/1671 2121/3298/1649
f 2123/3300/1651 2142/3323/1672 2122/3299/1650
f 2124/3301/1652 2143/3324/1673 2123/3300/1651
f 2125/3302/1653 2144/3325/1674 2124/3301/1652
f 2106/3271/1632 2145/3326/1675 2125/3302/1653
f 2127/3305/1655 2146/3327/1676 2126/3303/1654
f 2128/3328/1657 2147/3329/1677 2127/3305/1655
f 2129/3307/1678 2148/3330/1679 2128/3306/1657
f 2149/3331/1680 2130/3308/1659 2150/3332/1681
f 2130/3308/1661 2151/3333/1682 2150/3332/1683
f 2131/3309/1660 2152/3334/1684 2151/3333/1682
f 2132/3312/1662 2153/3335/1685 2152/3336/1684
f 2133/3311/1663 2154/3337/1686 2153/3335/1685
f 2134/3313/1664 2155/3338/1687 2154/3337/1686
f 2135/3314/1665 2156/3339/1688 2155/3338/1687
f 2136/3315/1666 2157/3340/1689 2156/3339/1688
f 2137/3316/1667 2158/3341/1690 2157/3340/1689
f 2138/3319/1668 2159/3342/1691 2158/3343/1690
f 2139/3318/1669 2160/3344/1692 2159/3342/1691
f 2141/3322/1671 2160/3344/1692 2140/3320/1670
f 2142/3345/1672 2161/3346/1693 2141/3322/1671
f 2143/3324/1673 2162/3347/1694 2142/3323/1672
f 2144/3325/1674 2163/3348/1695 2143/3324/1673
f 2145/3326/1675 2164/3349/1696 2144/3325/1674
f 2126/3303/1654 2165/3350/1697 2145/3326/1675
f 2146/3327/1676 2167/3351/1698 2166/3352/1699
f 2147/3329/1677 2168/3353/1700 2167/3351/1698
f 2149/3331/1701 2168/3354/1700 2148/3330/1679
f 2169/3355/1702 2150/3332/1681 2170/3356/1703
f 2150/3332/1683 2171/3357/1704 2170/3356/1705
f 2152/3334/1684 2171/3357/1704 2151/3333/1682
f 2153/3335/1685 2172/3358/1706 2152/3336/1684
f 2154/3337/1686 2173/3359/1707 2153/3335/1685
f 2155/3338/1687 2174/3360/1708 2154/3337/1686
f 2155/3338/1687 2176/3361/1709 2175/3362/1710
f 2157/3340/1689 2176/3361/1709 2156/3339/1688
f 2158/3341/1690 2177/3363/1711 2157/3340/1689
f 2158/3343/1690 2179/3364/1712 2178/3365/1713
f 2160/3344/1692 2179/3364/1712 2159/3342/1691
f 2161/3346/1693 2180/3366/1714 2160/3344/1692
f 2161/3346/1693 2182/3367/1715 2181/3368/1716
f 2162/3347/1694 2183/3369/1717 2182/3370/1715
f 2163/3348/1695 2184/3371/1718 2183/3369/1717
f 2164/3349/1696 2185/3372/1719 2184/3371/1718
f 2165/3350/1697 2166/3352/1699 2185/3372/1719
f 2167/3351/1698 2186/3373/1720 2166/3352/1699
f 2168/3353/1700 2187/3374/1721 2167/3351/1698
f 2169/3355/1722 2188/3375/1723 2168/3354/1700
f 2189/3376/1724 2170/3356/1703 2190/3377/1725
f 2170/3356/1705 2191/3378/1726 2190/3377/1727
f 2171/3357/1704 2192/3379/1728 2191/3378/1726
f 2172/3358/1706 2193/3380/1729 2192/3381/1728
f 2173/3359/1707 2194/3382/1730 2193/3380/1729
f 2174/3360/1708 2195/3383/1731 2194/3382/1730
f 2175/3362/1710 2196/3384/1732 2195/3383/1731
f 2176/3361/1709 2197/3385/1733 2196/3384/1732
f 2177/3363/1711 2198/3386/1734 2197/3385/1733
f 2178/3365/1713 2199/3387/1735 2198/3388/1734
f 2179/3364/1712 2200/3389/1736 2199/3387/1735
f 2181/3368/1716 2200/3389/1736 2180/3366/1714
f 2182/3367/1715 2201/3390/1737 2181/3368/1716
f 2183/3369/1717 2202/3391/1738 2182/3370/1715
f 2184/3371/1718 2203/3392/1739 2183/3369/1717
f 2185/3372/1719 2204/3393/1740 2184/3371/1718
f 2166/3352/1699 2205/3394/1741 2185/3372/1719
f 2186/3373/1720 2207/3395/1742 2206/3396/1743
f 2187/3374/1721 2208/3397/1744 2207/3395/1742
f 2188/3375/1723 2209/3398/1745 2208/3399/1744
f 2189/3376/1724 2210/3400/1746 2209/3398/1747
f 2191/3378/1726 2210/3400/1748 2190/3377/1727
f 2192/3379/1728 2211/3401/1749 2191/3378/1726
f 2193/3380/1729 2212/3402/1750 2192/3381/1728
f 2194/3382/1730 2213/3403/1751 2193/3380/1729
f 2195/3383/1731 2214/3404/1752 2194/3382/1730
f 2196/3384/1732 2215/3405/1753 2195/3383/1731
f 2197/3385/1733 2216/3406/1754 2196/3384/1732
f 2198/3386/1734 2217/3407/1755 2197/3385/1733
f 2199/3387/1735 2218/3408/1756 2198/3388/1734
f 2200/3389/1736 2219/3409/1757 2199/3387/1735
f 2200/3389/1736 2221/3410/1758 2220/3411/1759
f 2201/3390/1737 2222/3412/1760 2221/3410/1758
f 2202/3391/1738 2223/3413/1761 2222/3414/1760
f 2203/3392/1739 2224/3415/1762 2223/3413/1761
f 2204/3393/1740 2225/3416/1763 2224/3415/1762
f 2205/3394/1741 2206/3396/1743 2225/3416/1763
f 2206/3396/1743 2227/3417/1764 2226/3418/1765
f 2207/3395/1742 2228/3419/1766 2227/3417/1764
f 2208/3399/1744 2229/3420/1767 2228/3421/1766
f 2209/3398/1747 2230/3422/1768 2229/3420/1769
f 2211/3401/1749 2230/3422/1770 2210/3400/1748
f 2212/3423/1750 2231/3424/1771 2211/3401/1749
f 2213/3403/1751 2232/3425/1772 2212/3402/1750
f 2214/3404/1752 2233/3426/1773 2213/3403/1751
f 2215/3405/1753 2234/3427/1774 2214/3404/1752
f 2216/3406/1754 2235/3428/1775 2215/3405/1753
f 2217/3407/1755 2236/3429/1776 2216/3406/1754
f 2218/3430/1756 2237/3431/1777 2217/3407/1755
f 2219/3409/1757 2238/3432/1778 2218/3408/1756
f 2220/3411/1759 2239/3433/1779 2219/3409/1757
f 2220/3411/1759 2241/3434/1780 2240/3435/1781
f 2221/3410/1758 2242/3436/1782 2241/3434/1780
f 2222/3414/1760 2243/3437/1783 2242/3438/1782
f 2223/3413/1761 2244/3439/1784 2243/3437/1783
f 2224/3415/1762 2245/3440/1785 2244/3439/1784
f 2225/3416/1763 2226/3418/1765 2245/3440/1785
f 2226/3418/1765 2247/3441/1786 2246/3442/1787
f 2227/3417/1764 2248/3443/1788 2247/3441/1786
f 2228/3444/1766 2249/3445/1789 2248/3446/1788
f 2229/3420/1769 2250/3447/1790 2249/3448/1791
f 2231/3424/1771 2250/3447/1792 2230/3422/1770
f 2232/3449/1772 2251/3450/1793 2231/3451/1771
f 2233/3426/1773 2252/3452/1794 2232/3425/1772
f 2234/3427/1774 2253/3453/1795 2233/3426/1773
f 2235/3428/1775 2254/3454/1796 2234/3427/1774
f 2236/3429/1776 2255/3455/1797 2235/3428/1775
f 2237/3431/1777 2256/3456/1798 2236/3429/1776
f 2238/3457/1778 2257/3458/1799 2237/3431/1777
f 2239/3459/1779 2258/3460/1800 2238/3461/1778
f 2240/3462/1781 2259/3463/1801 2239/3459/1779
f 2240/3462/1781 2261/3464/1802 2260/3465/1803
f 2241/3466/1780 2262/3467/1804 2261/3464/1802
f 2242/3438/1782 2263/3468/1805 2262/3469/1804
f 2243/3437/1783 2264/3470/1806 2263/3468/1805
f 2244/3439/1784 2265/3471/1807 2264/3470/1806
f 2245/3440/1785 2246/3442/1787 2265/3471/1807
f 2246/3442/1787 2267/3472/1808 2266/3473/1809
f 2247/3441/1786 2268/3474/1810 2267/3472/1808
f 2248/3446/1788 2269/3475/1811 2268/3476/1810
f 2249/3445/1791 2270/3477/1812 2269/3475/1813
f 2251/3450/1793 2270/3477/1814 2250/3478/1792
f 2252/3479/1794 2271/3480/1815 2251/3450/1793
f 2253/3453/1795 2272/3481/1816 2252/3452/1794
f 2254/3454/1796 2273/3482/1817 2253/3453/1795
f 2255/3455/1797 2274/3483/1818 2254/3454/1796
f 2256/3456/1798 2275/3484/1819 2255/3455/1797
f 2257/3458/1799 2276/3485/1820 2256/3456/1798
f 2258/3486/1800 2277/3487/1821 2257/3458/1799
f 2259/3463/1801 2278/3488/1822 2258/3460/1800
f 2260/3465/1803 2279/3489/1823 2259/3463/1801
f 2260/3465/1803 2281/3490/1824 2280/3491/1825
f 2261/3464/1802 2282/3492/1826 2281/3490/1824
f 2262/3469/1804 2283/3493/1827 2282/3494/1826
f 2263/3468/1805 2284/3495/1828 2283/3493/1827
f 2264/3470/1806 2285/3496/1829 2284/3495/1828
f 2265/3471/1807 2266/3473/1809 2285/3496/1829
f 2266/3497/42 2287/3498/42 2286/3499/42
f 2267/3500/42 2288/3501/42 2287/3502/42
f 2268/3503/42 2289/3504/42 2288/3505/42
f 2270/3506/42 2291/3507/42 2290/3508/42
f 2271/3509/42 2292/3510/42 2291/3511/42
f 2272/3512/42 2293/3513/42 2292/3514/42
f 2273/3515/42 2294/3516/42 2293/3517/42
f 2274/3518/42 2295/3519/42 2294/3520/42
f 2275/3521/42 2296/3522/42 2295/3523/42
f 2276/3524/42 2297/3525/42 2296/3526/42
f 2277/3527/42 2298/3528/42 2297/3529/42
f 2278/3530/42 2299/3531/42 2298/3532/42
f 2279/3533/42 2300/3534/42 2299/3535/42
f 2280/3536/42 2301/3537/42 2300/3538/42
f 2281/3539/42 2302/3540/42 2301/3541/42
f 2282/3542/42 2303/3543/42 2302/3544/42
f 2283/3545/42 2304/3546/42 2303/3547/42
f 2284/3548/42 2305/3549/42 2304/3550/42
f 2285/3551/42 2286/3552/42 2305/3553/42
f 2308/3176/1830 2310/3178/1830 2311/3182/1830
f 2266/3554/1831 2307/3555/1832 2306/3556/1833
f 2267/3557/1834 2309/3558/1835 2307/3555/1832
f 2268/3476/1836 2310/3559/1837 2309/3560/1835
f 2271/3480/1838 2311/3561/1839 2270/3477/1812
f 2272/3562/1840 2312/3563/1841 2271/3480/1838
f 2273/3564/1842 2313/3565/1843 2272/3566/1840
f 2274/3567/1844 2314/3568/1845 2273/3564/1842
f 2275/3569/1846 2315/3570/1847 2274/3567/1844
f 2276/3571/1848 2316/3572/1849 2275/3569/1846
f 2277/3573/1850 2317/3574/1851 2276/3571/1848
f 2278/3575/1852 2318/3576/1853 2277/3573/1850
f 2279/3577/1854 2319/3578/1855 2278/3579/1852
f 2280/3580/1856 2320/3581/1857 2279/3577/1854
f 2280/3580/1856 2322/3582/1858 2321/3583/1859
f 2281/3584/1860 2323/3585/1861 2322/3582/1858
f 2282/3586/1862 2324/3587/1863 2323/3588/1861
f 2283/3589/1864 2325/3590/1865 2324/3587/1863
f 2284/3591/1866 2326/3592/1867 2325/3590/1865
f 2285/3593/1868 2306/3556/1833 2326/3592/1867
f 2269/3475/1813 2311/3561/1839 2310/3559/1837
f 2328/3594/1488 2347/3595/1489 2327/3596/1489
f 2329/3597/1490 2348/3598/1488 2328/3594/1488
f 2330/3599/1491 2349/3600/1490 2329/3601/1490
f 2331/3602/35 2350/3603/1491 2330/3599/1491
f 2332/3604/1492 2351/3605/35 2331/3602/35
f 2333/3606/1493 2352/3607/1492 2332/3604/1492
f 2334/3608/1494 2353/3609/1493 2333/3610/1493
f 2335/3611/1495 2354/3612/1494 2334/3608/1494
f 2336/3613/22 2355/3614/1495 2335/3611/1495
f 2337/3615/1496 2356/3616/22 2336/3613/22
f 2338/3617/1497 2357/3618/1496 2337/3615/1496
f 2339/3619/1498 2358/3620/1497 2338/3617/1497
f 2340/3621/1499 2359/3622/1498 2339/3623/1498
f 2341/3624/25 2360/3625/1499 2340/3621/1499
f 2342/3626/1500 2361/3627/25 2341/3624/25
f 2343/3628/1501 2362/3629/1500 2342/3626/1500
f 2344/3630/1502 2363/3631/1501 2343/3632/1501
f 2345/3633/1503 2364/3634/1502 2344/3630/1502
f 2346/3635/21 2365/3636/1503 2345/3633/1503
f 2327/3596/1489 2366/3637/21 2346/3635/21
f 2328/3638/32 2327/3639/32 2367/3640/32
f 2329/3641/32 2328/3638/32 2367/3640/32
f 2330/3642/32 2329/3641/32 2367/3640/32
f 2331/3643/32 2330/3642/32 2367/3640/32
f 2332/3644/32 2331/3643/32 2367/3640/32
f 2333/3645/32 2332/3644/32 2367/3640/32
f 2334/3646/32 2333/3645/32 2367/3640/32
f 2335/3647/32 2334/3646/32 2367/3640/32
f 2336/3648/32 2335/3647/32 2367/3640/32
f 2337/3649/32 2336/3648/32 2367/3640/32
f 2338/3650/32 2337/3649/32 2367/3640/32
f 2339/3651/32 2338/3650/32 2367/3640/32
f 2340/3652/32 2339/3651/32 2367/3640/32
f 2341/3653/32 2340/3652/32 2367/3640/32
f 2342/3654/32 2341/3653/32 2367/3640/32
f 2343/3655/32 2342/3654/32 2367/3640/32
f 2344/3656/32 2343/3655/32 2367/3640/32
f 2345/3657/32 2344/3656/32 2367/3640/32
f 2346/3658/32 2345/3657/32 2367/3640/32
f 2327/3639/32 2346/3658/32 2367/3640/32
f 2347/3659/42 2348/3660/42 2368/3661/42
f 2348/3660/42 2349/3662/42 2368/3661/42
f 2349/3662/42 2350/3663/42 2368/3661/42
f 2350/3663/42 2351/3664/42 2368/3661/42
f 2351/3664/42 2352/3665/42 2368/3661/42
f 2352/3665/42 2353/3666/42 2368/3661/42
f 2353/3666/42 2354/3667/42 2368/3661/42
f 2354/3667/42 2355/3668/42 2368/3661/42
f 2355/3668/42 2356/3669/42 2368/3661/42
f 2356/3669/42 2357/3670/42 2368/3661/42
f 2357/3670/42 2358/3671/42 2368/3661/42
f 2358/3671/42 2359/3672/42 2368/3661/42
f 2359/3672/42 2360/3673/42 2368/3661/42
f 2360/3673/42 2361/3674/42 2368/3661/42
f 2361/3674/42 2362/3675/42 2368/3661/42
f 2362/3675/42 2363/3676/42 2368/3661/42
f 2363/3676/42 2364/3677/42 2368/3661/42
f 2364/3677/42 2365/3678/42 2368/3661/42
f 2365/3678/42 2366/3679/42 2368/3661/42
f 2366/3679/42 2347/3659/42 2368/3661/42
f 2370/3680/1869 2389/3681/185 2369/3682/1870
f 2370/3680/1869 2391/3683/1237 2390/3684/1871
f 2372/3685/1872 2391/3683/1237 2371/3686/1873
f 2373/3687/190 2392/3688/1874 2372/3685/1872
f 2373/3687/190 2394/3689/1875 2393/3690/193
f 2374/3691/1876 2395/3692/1877 2394/3689/1875
f 2376/3693/1242 2395/3692/1877 2375/3694/1878
f 2377/3695/1879 2396/3696/1880 2376/3693/1242
f 2377/3695/1879 2398/3697/200 2397/3698/201
f 2379/3699/202 2398/3697/200 2378/3700/203
f 2379/3699/202 2400/3701/204 2399/3702/205
f 2381/3703/1881 2400/3701/204 2380/3704/1882
f 2382/3705/1883 2401/3706/209 2381/3703/1881
f 2382/3705/1883 2403/3707/1884 2402/3708/211
f 2384/3709/1885 2403/3707/1884 2383/3710/1886
f 2385/3711/1887 2404/3712/1888 2384/3709/1885
f 2385/3711/1887 2406/3713/1253 2405/3714/1889
f 2387/3715/1890 2406/3713/1253 2386/3716/1891
f 2387/3715/1890 2408/3717/220 2407/3718/221
f 2369/3682/1870 2408/3717/220 2388/3719/222
f 2390/3684/1871 2409/3720/223 2389/3681/185
f 2390/3684/1871 2411/3721/224 2410/3722/1892
f 2392/3688/1874 2411/3721/224 2391/3683/1237
f 2393/3690/193 2412/3723/1893 2392/3688/1874
f 2393/3690/193 2414/3724/227 2413/3725/1262
f 2394/3689/1875 2415/3726/1263 2414/3724/227
f 2395/3692/1877 2416/3727/1894 2415/3726/1263
f 2396/3696/1880 2417/3728/231 2416/3727/1894
f 2398/3697/200 2417/3728/231 2397/3698/201
f 2398/3697/200 2419/3729/232 2418/3730/233
f 2399/3702/205 2420/3731/1895 2419/3729/232
f 2400/3701/204 2421/3732/1896 2420/3731/1895
f 2402/3708/211 2421/3732/1896 2401/3706/209
f 2403/3707/1884 2422/3733/1897 2402/3708/211
f 2403/3707/1884 2424/3734/1898 2423/3735/237
f 2404/3712/1888 2425/3736/1269 2424/3734/1898
f 2406/3713/1253 2425/3736/1269 2405/3714/1889
f 2406/3713/1253 2427/3737/1899 2426/3738/1900
f 2408/3717/220 2427/3737/1899 2407/3718/221
f 2408/3717/220 2409/3720/223 2428/3739/1901
f 2410/3722/1892 2429/3740/244 2409/3720/223
f 2410/3722/1892 2431/3741/1902 2430/3742/1272
f 2411/3721/224 2432/3743/1273 2431/3741/1902
f 2412/3723/1893 2433/3744/1274 2432/3743/1273
f 2413/3725/1262 2434/3745/247 2433/3744/1274
f 2415/3726/1263 2434/3745/247 2414/3724/227
f 2416/3727/1894 2435/3746/1903 2415/3726/1263
f 2417/3728/231 2436/3747/1277 2416/3727/1894
f 2417/3748/231 2438/3749/252 2437/3750/1904
f 2418/3751/233 2439/3752/1905 2438/3749/252
f 2419/3729/232 2440/3753/253 2439/3754/1905
f 2420/3731/1895 2441/3755/255 2440/3753/253
f 2422/3733/1897 2441/3755/255 2421/3732/1896
f 2423/3735/237 2442/3756/1906 2422/3733/1897
f 2423/3735/237 2444/3757/1907 2443/3758/1908
f 2425/3736/1269 2444/3757/1907 2424/3734/1898
f 2426/3738/1900 2445/3759/1284 2425/3736/1269
f 2427/3737/1899 2446/3760/1909 2426/3738/1900
f 2427/3761/1899 2448/3762/1910 2447/3763/1285
f 2428/3764/1901 2429/3765/244 2448/3762/1910
f 2430/3766/1272 2449/3767/1911 2429/3765/244
f 2431/3741/1902 2450/3768/1912 2430/3742/1272
f 2432/3743/1273 2451/3769/1288 2431/3741/1902
f 2433/3744/1274 2452/3770/267 2432/3743/1273
f 2434/3745/247 2453/3771/1289 2433/3744/1274
f 2434/3745/247 2455/3772/1913 2454/3773/1914
f 2435/3746/1903 2456/3774/1290 2455/3772/1913
f 2436/3775/1277 2457/3776/1291 2456/3777/1290
f 2437/3750/1904 2458/3778/1915 2457/3776/1291
f 2438/3749/252 2459/3779/1916 2458/3778/1915
f 2440/3780/253 2459/3779/1916 2439/3752/1905
f 2440/3753/253 2461/3781/1917 2460/3782/275
f 2441/3755/255 2462/3783/1294 2461/3781/1917
f 2442/3756/1906 2463/3784/1918 2462/3783/1294
f 2444/3757/1907 2463/3784/1918 2443/3758/1908
f 2444/3757/1907 2465/3785/279 2464/3786/1919
f 2446/3760/1909 2465/3785/279 2445/3759/1284
f 2446/3787/1909 2467/3788/1920 2466/3789/1921
f 2447/3763/1285 2468/3790/282 2467/3788/1920
f 2429/3765/244 2468/3790/282 2448/3762/1910
f 2449/3767/1911 2470/3791/283 2469/3792/284
f 2451/3793/1288 2470/3791/283 2450/3794/1912
f 2452/3770/267 2471/3795/1922 2451/3769/1288
f 2453/3771/1289 2472/3796/1302 2452/3770/267
f 2454/3773/1914 2473/3797/1923 2453/3771/1289
f 2455/3772/1913 2474/3798/288 2454/3773/1914
f 2455/3799/1913 2476/3800/1924 2475/3801/289
f 2457/3776/1291 2476/3800/1924 2456/3777/1290
f 2457/3776/1291 2478/3802/291 2477/3803/292
f 2459/3779/1916 2478/3802/291 2458/3778/1915
f 2459/3779/1916 2480/3804/1925 2479/3805/294
f 2460/3806/275 2481/3807/1926 2480/3804/1925
f 2462/3783/1294 2481/3808/1926 2461/3781/1917
f 2462/3783/1294 2483/3809/1927 2482/3810/1928
f 2464/3786/1919 2483/3809/1927 2463/3784/1918
f 2465/3785/279 2484/3811/298 2464/3786/1919
f 2466/3789/1921 2485/3812/299 2465/3813/279
f 2466/3789/1921 2487/3814/1929 2486/3815/301
f 2467/3788/1920 2488/3816/1930 2487/3814/1929
f 2468/3790/282 2469/3792/284 2488/3816/1930
f 2469/3792/284 2490/3817/1931 2489/3818/1932
f 2470/3791/283 2491/3819/304 2490/3817/1931
f 2472/3796/1302 2491/3820/304 2471/3795/1922
f 2472/3796/1302 2493/3821/1315 2492/3822/1933
f 2474/3798/288 2493/3821/1315 2473/3797/1923
f 2475/3823/289 2494/3824/1934 2474/3798/288
f 2476/3800/1924 2495/3825/1935 2475/3801/289
f 2477/3803/292 2496/3826/1936 2476/3800/1924
f 2477/3803/292 2498/3827/1937 2497/3828/1318
f 2479/3805/294 2498/3827/1937 2478/3802/291
f 2480/3804/1925 2499/3829/313 2479/3805/294
f 2480/3804/1925 2501/3830/314 2500/3831/315
f 2482/3810/1928 2501/3832/314 2481/3808/1926
f 2483/3809/1927 2502/3833/1938 2482/3810/1928
f 2484/3811/298 2503/3834/318 2483/3809/1927
f 2484/3811/298 2505/3835/1323 2504/3836/1939
f 2486/3815/301 2505/3837/1323 2485/3812/299
f 2487/3814/1929 2506/3838/1324 2486/3815/301
f 2488/3816/1930 2507/3839/1940 2487/3814/1929
f 2488/3816/1930 2489/3818/1932 2508/3840/1941
f 2490/3817/1931 2509/3841/324 2489/3818/1932
f 2491/3819/304 2510/3842/1329 2490/3817/1931
f 2492/3843/1933 2511/3844/325 2491/3845/304
f 2493/3846/1315 2512/3847/1942 2492/3843/1933
f 2494/3848/1934 2513/3849/1943 2493/3846/1315
f 2494/3848/1934 2515/3850/1331 2514/3851/1332
f 2495/3825/1935 2516/3852/329 2515/3853/1331
f 2497/3828/1318 2516/3852/329 2496/3826/1936
f 2498/3827/1937 2517/3854/1944 2497/3828/1318
f 2498/3827/1937 2519/3855/1945 2518/3856/1946
f 2499/3829/313 2520/3857/333 2519/3855/1945
f 2501/3830/314 2520/3857/333 2500/3831/315
f 2501/3858/314 2522/3859/1338 2521/3860/1947
f 2503/3861/318 2522/3859/1338 2502/3862/1938
f 2503/3861/318 2524/3863/338 2523/3864/1948
f 2505/3865/1323 2524/3863/338 2504/3866/1939
f 2505/3837/1323 2526/3867/340 2525/3868/1341
f 2506/3838/1324 2527/3869/341 2526/3867/340
f 2508/3840/1941 2527/3869/341 2507/3839/1940
f 2508/3840/1941 2509/3841/324 2528/3870/1949
f 2510/3842/1329 2529/3871/343 2509/3841/324
f 2511/3872/325 2530/3873/345 2510/3842/1329
f 2511/3844/325 2532/3874/1950 2531/3875/1951
f 2513/3849/1943 2532/3874/1950 2512/3847/1942
f 2514/3851/1332 2533/3876/1952 2513/3849/1943
f 2514/3851/1332 2535/3877/349 2534/3878/1345
f 2515/3853/1331 2536/3879/1953 2535/3880/349
f 2517/3854/1944 2536/3879/1953 2516/3852/329
f 2517/3854/1944 2538/3881/1954 2537/3882/1955
f 2519/3855/1945 2538/3881/1954 2518/3856/1946
f 2520/3857/333 2539/3883/1956 2519/3855/1945
f 2521/3884/1947 2540/3885/1957 2520/3857/333
f 2522/3859/1338 2541/3886/1958 2521/3860/1947
f 2522/3859/1338 2543/3887/1959 2542/3888/1960
f 2523/3864/1948 2544/3889/357 2543/3887/1959
f 2525/3890/1341 2544/3889/357 2524/3863/338
f 2526/3867/340 2545/3891/1961 2525/3868/1341
f 2526/3867/340 2547/3892/1962 2546/3893/1355
f 2527/3869/341 2548/3894/1963 2547/3892/1962
f 2509/3841/324 2548/3894/1963 2528/3870/1949
f 2529/3871/343 2550/3895/363 2549/3896/364
f 2531/3897/1951 2550/3895/363 2530/3873/345
f 2531/3875/1951 2552/3898/365 2551/3899/366
f 2533/3876/1952 2552/3898/365 2532/3874/1950
f 2533/3876/1952 2554/3900/367 2553/3901/32
f 2535/3877/349 2554/3900/367 2534/3878/1345
f 2536/3879/1953 2555/3902/368 2535/3880/349
f 2536/3879/1953 2557/3903/370 2556/3904/369
f 2537/3882/1955 2558/3905/22 2557/3903/370
f 2539/3883/1956 2558/3905/22 2538/3881/1954
f 2540/3885/1957 2559/3906/371 2539/3883/1956
f 2540/3885/1957 2561/3907/374 2560/3908/372
f 2541/3886/1958 2562/3909/373 2561/3910/374
f 2542/3888/1960 2563/3911/42 2562/3909/373
f 2543/3887/1959 2564/3912/375 2563/3911/42
f 2545/3913/1961 2564/3912/375 2544/3889/357
f 2545/3891/1961 2566/3914/377 2565/3915/376
f 2546/3893/1355 2567/3916/378 2566/3914/377
f 2547/3892/1962 2568/3917/21 2567/3916/378
f 2529/3871/343 2568/3917/21 2548/3894/1963
f 2550/3895/363 2569/3918/380 2549/3896/364
f 2550/3895/363 2571/3919/1964 2570/3920/1965
f 2552/3898/365 2571/3921/1964 2551/3899/366
f 2552/3898/365 2573/3922/1359 2572/3923/1360
f 2553/3901/32 2574/3924/1966 2573/3922/1359
f 2554/3900/367 2575/3925/1967 2574/3924/1966
f 2555/3902/368 2576/3926/1968 2575/3927/1967
f 2557/3903/370 2576/3926/1968 2556/3904/369
f 2558/3905/22 2577/3928/387 2557/3903/370
f 2558/3905/22 2579/3929/1969 2578/3930/389
f 2559/3906/371 2580/3931/1365 2579/3929/1969
f 2561/3907/374 2580/3931/1365 2560/3908/372
f 2562/3909/373 2581/3932/391 2561/3910/374
f 2562/3909/373 2583/3933/1970 2582/3934/392
f 2564/3912/375 2583/3933/1970 2563/3911/42
f 2564/3912/375 2585/3935/395 2584/3936/1971
f 2566/3914/377 2585/3937/395 2565/3915/376
f 2567/3916/378 2586/3938/1972 2566/3914/377
f 2568/3917/21 2587/3939/1973 2567/3916/378
f 2568/3917/21 2569/3918/380 2588/3940/398
f 2569/3918/380 2590/3941/399 2589/3942/1974
f 2571/3919/1964 2590/3941/399 2570/3920/1965
f 2572/3923/1360 2591/3943/1975 2571/3921/1964
f 2573/3922/1359 2592/3944/1375 2572/3923/1360
f 2573/3922/1359 2594/3945/1976 2593/3946/1977
f 2575/3925/1967 2594/3945/1976 2574/3924/1966
f 2576/3926/1968 2595/3947/1978 2575/3927/1967
f 2577/3928/387 2596/3948/1979 2576/3926/1968
f 2578/3930/389 2597/3949/408 2577/3928/387
f 2578/3930/389 2599/3950/1980 2598/3951/1981
f 2580/3931/1365 2599/3950/1980 2579/3929/1969
f 2580/3931/1365 2601/3952/1982 2600/3953/1380
f 2581/3932/391 2602/3954/411 2601/3955/1982
f 2582/3934/392 2603/3956/1983 2602/3954/411
f 2584/3936/1971 2603/3956/1983 2583/3933/1970
f 2584/3936/1971 2605/3957/414 2604/3958/415
f 2586/3938/1972 2605/3959/414 2585/3937/395
f 2586/3938/1972 2607/3960/417 2606/3961/1984
f 2588/3940/398 2607/3960/417 2587/3939/1973
f 2588/3940/398 2589/3942/1974 2608/3962/1985
f 2589/3942/1974 2610/3963/1986 2609/3964/419
f 2590/3941/399 2611/3965/1987 2610/3963/1986
f 2591/3943/1975 2612/3966/1385 2611/3967/1987
f 2592/3944/1375 2613/3968/1988 2612/3966/1385
f 2593/3946/1977 2614/3969/1387 2613/3968/1988
f 2595/3970/1978 2614/3969/1387 2594/3945/1976
f 2595/3947/1978 2616/3971/1989 2615/3972/1389
f 2597/3949/408 2616/3971/1989 2596/3948/1979
f 2597/3949/408 2618/3973/1990 2617/3974/1991
f 2598/3951/1981 2619/3975/1392 2618/3973/1990
f 2600/3953/1380 2619/3975/1392 2599/3950/1980
f 2600/3953/1380 2621/3976/1992 2620/3977/430
f 2602/3954/411 2621/3978/1992 2601/3955/1982
f 2602/3954/411 2623/3979/433 2622/3980/1993
f 2604/3958/415 2623/3979/433 2603/3956/1983
f 2605/3957/414 2624/3981/434 2604/3958/415
f 2606/3961/1984 2625/3982/435 2605/3959/414
f 2607/3960/417 2626/3983/1994 2606/3961/1984
f 2607/3960/417 2628/3984/1995 2627/3985/1996
f 2589/3942/1974 2628/3984/1995 2608/3962/1985
f 2609/3964/419 2630/3986/1997 2629/3987/1998
f 2611/3965/1987 2630/3986/1997 2610/3963/1986
f 2612/3988/1385 2631/3989/442 2611/3990/1987
f 2613/3991/1988 2632/3992/1399 2612/3988/1385
f 2614/3993/1387 2633/3994/1401 2613/3991/1988
f 2615/3995/1389 2634/3996/1999 2614/3993/1387
f 2615/3972/1389 2636/3997/445 2635/3998/446
f 2616/3971/1989 2637/3999/1402 2636/3997/445
f 2618/3973/1990 2637/3999/1402 2617/3974/1991
f 2618/3973/1990 2639/4000/2000 2638/4001/2001
f 2619/3975/1392 2640/4002/2002 2639/4000/2000
f 2621/3976/1992 2640/4002/2002 2620/3977/430
f 2621/4003/1992 2642/4004/451 2641/4005/1405
f 2622/4006/1993 2643/4007/1406 2642/4004/451
f 2624/4008/434 2643/4007/1406 2623/4009/433
f 2624/4008/434 2645/4010/2003 2644/4011/2004
f 2625/3982/435 2646/4012/2005 2645/4013/2003
f 2627/3985/1996 2646/4012/2005 2626/3983/1994
f 2627/3985/1996 2648/4014/457 2647/4015/458
f 2609/3964/419 2648/4014/457 2628/3984/1995
f 2630/3986/1997 2649/4016/2006 2629/3987/1998
f 2631/4017/442 2650/4018/460 2630/3986/1997
f 2631/3989/442 2652/4019/2007 2651/4020/2008
f 2632/3992/1399 2653/4021/462 2652/4019/2007
f 2633/3994/1401 2654/4022/2009 2653/4021/462
f 2635/4023/446 2654/4022/2009 2634/3996/1999
f 2636/3997/445 2655/4024/1416 2635/3998/446
f 2637/3999/1402 2656/4025/2010 2636/3997/445
f 2638/4001/2001 2657/4026/467 2637/3999/1402
f 2638/4001/2001 2659/4027/2011 2658/4028/469
f 2640/4002/2002 2659/4027/2011 2639/4000/2000
f 2641/4029/1405 2660/4030/1421 2640/4002/2002
f 2641/4005/1405 2662/4031/2012 2661/4032/1423
f 2643/4007/1406 2662/4031/2012 2642/4004/451
f 2644/4011/2004 2663/4033/473 2643/4007/1406
f 2645/4010/2003 2664/4034/475 2644/4011/2004
f 2645/4013/2003 2666/4035/2013 2665/4036/1426
f 2647/4015/458 2666/4035/2013 2646/4012/2005
f 2648/4014/457 2667/4037/2014 2647/4015/458
f 2629/3987/1998 2668/4038/2015 2648/4014/457
f 2649/4016/2006 2670/4039/2016 2669/4040/2017
f 2650/4041/460 2671/4042/2018 2670/4043/2016
f 2651/4020/2008 2672/4044/2019 2671/4042/2018
f 2653/4021/462 2672/4044/2019 2652/4019/2007
f 2654/4022/2009 2673/4045/2020 2653/4021/462
f 2654/4022/2009 2675/4046/485 2674/4047/1430
f 2655/4048/1416 2676/4049/2021 2675/4046/485
f 2657/4026/467 2676/4050/2021 2656/4025/2010
f 2658/4028/469 2677/4051/1433 2657/4026/467
f 2658/4028/469 2679/4052/2022 2678/4053/2023
f 2659/4027/2011 2680/4054/1435 2679/4052/2022
f 2660/4055/1421 2681/4056/490 2680/4057/1435
f 2662/4031/2012 2681/4056/490 2661/4032/1423
f 2662/4031/2012 2683/4058/1437 2682/4059/1438
f 2663/4033/473 2684/4060/2024 2683/4058/1437
f 2664/4034/475 2685/4061/2025 2684/4060/2024
f 2665/4062/1426 2686/4063/495 2685/4061/2025
f 2667/4037/2014 2686/4064/495 2666/4035/2013
f 2668/4038/2015 2687/4065/497 2667/4037/2014
f 2668/4038/2015 2669/4040/2017 2688/4066/498
f 2670/4043/2016 2689/4067/500 2669/4068/2017
f 2670/4043/2016 2691/4069/1443 2690/4070/2026
f 2672/4044/2019 2691/4069/1443 2671/4042/2018
f 2672/4044/2019 2693/4071/2027 2692/4072/1444
f 2674/4047/1430 2693/4071/2027 2673/4045/2020
f 2675/4046/485 2694/4073/2028 2674/4047/1430
f 2675/4046/485 2696/4074/2029 2695/4075/2030
f 2676/4049/2021 2697/4076/507 2696/4074/2029
f 2678/4053/2023 2697/4077/507 2677/4051/1433
f 2679/4052/2022 2698/4078/509 2678/4053/2023
f 2679/4079/2022 2700/4080/2031 2699/4081/1448
f 2681/4056/490 2700/4080/2031 2680/4057/1435
f 2682/4059/1438 2701/4082/2032 2681/4056/490
f 2682/4059/1438 2703/4083/513 2702/4084/2033
f 2684/4060/2024 2703/4083/513 2683/4058/1437
f 2684/4060/2024 2705/4085/1453 2704/4086/514
f 2685/4061/2025 2706/4087/515 2705/4085/1453
f 2687/4088/497 2706/4087/515 2686/4063/495
f 2687/4065/497 2708/4089/1455 2707/4090/2034
f 2669/4040/2017 2708/4089/1455 2688/4066/498
f 2689/4067/500 2710/4091/1456 2709/4092/519
f 2691/4069/1443 2710/4091/1456 2690/4070/2026
f 2691/4069/1443 2712/4093/1458 2711/4094/2035
f 2692/4072/1444 2713/4095/1459 2712/4093/1458
f 2694/4073/2028 2713/4095/1459 2693/4071/2027
f 2695/4075/2030 2714/4096/2036 2694/4073/2028
f 2695/4075/2030 2716/4097/2037 2715/4098/2038
f 2697/4076/507 2716/4097/2037 2696/4074/2029
f 2697/4076/507 2718/4099/527 2717/4100/528
f 2698/4101/509 2719/4102/2039 2718/4099/527
f 2699/4081/1448 2720/4103/1464 2719/4102/2039
f 2701/4082/2032 2720/4103/1464 2700/4080/2031
f 2701/4082/2032 2722/4104/2040 2721/4105/2041
f 2702/4084/2033 2723/4106/2042 2722/4104/2040
f 2704/4086/514 2723/4106/2042 2703/4083/513
f 2705/4085/1453 2724/4107/535 2704/4086/514
f 2705/4085/1453 2726/4108/2043 2725/4109/1468
f 2707/4110/2034 2726/4108/2043 2706/4087/515
f 2707/4110/2034 2728/4111/538 2727/4112/2044
f 2708/4113/1455 2709/4092/519 2728/4111/538
f 2709/4092/519 2730/4114/1470 2729/4115/2045
f 2711/4094/2035 2730/4114/1470 2710/4091/1456
f 2711/4094/2035 2732/4116/542 2731/4117/2046
f 2712/4093/1458 2733/4118/2047 2732/4116/542
f 2714/4096/2036 2733/4118/2047 2713/4095/1459
f 2715/4098/2038 2734/4119/2048 2714/4096/2036
f 2715/4098/2038 2736/4120/546 2735/4121/2049
f 2716/4097/2037 2737/4122/2050 2736/4120/546
f 2718/4099/527 2737/4122/2050 2717/4100/528
f 2718/4099/527 2739/4123/2051 2738/4124/2052
f 2720/4103/1464 2739/4123/2051 2719/4102/2039
f 2720/4103/1464 2741/4125/1481 2740/4126/2053
f 2721/4105/2041 2742/4127/1482 2741/4125/1481
f 2722/4104/2040 2743/4128/552 2742/4127/1482
f 2723/4106/2042 2744/4129/2054 2743/4128/552
f 2724/4107/535 2745/4130/2055 2744/4129/2054
f 2725/4109/1468 2746/4131/2056 2745/4130/2055
f 2726/4108/2043 2747/4132/557 2746/4131/2056
f 2728/4111/538 2747/4132/557 2727/4112/2044
f 2728/4111/538 2729/4115/2045 2748/4133/558
f 2370/3680/1869 2369/3682/1870 2749/4134/25
f 2371/3686/1873 2370/3680/1869 2749/4134/25
f 2372/3685/1872 2371/3686/1873 2749/4134/25
f 2373/3687/190 2372/3685/1872 2749/4134/25
f 2374/3691/1876 2373/3687/190 2749/4134/25
f 2375/3694/1878 2374/3691/1876 2749/4134/25
f 2376/3693/1242 2375/3694/1878 2749/4134/25
f 2377/3695/1879 2376/3693/1242 2749/4134/25
f 2378/3700/203 2377/3695/1879 2749/4134/25
f 2379/3699/202 2378/3700/203 2749/4134/25
f 2380/3704/1882 2379/3699/202 2749/4134/25
f 2381/3703/1881 2380/3704/1882 2749/4134/25
f 2382/3705/1883 2381/3703/1881 2749/4134/25
f 2383/3710/1886 2382/3705/1883 2749/4134/25
f 2384/3709/1885 2383/3710/1886 2749/4134/25
f 2385/3711/1887 2384/3709/1885 2749/4134/25
f 2386/3716/1891 2385/3711/1887 2749/4134/25
f 2387/3715/1890 2386/3716/1891 2749/4134/25
f 2388/3719/222 2387/3715/1890 2749/4134/25
f 2369/3682/1870 2388/3719/222 2749/4134/25
f 2729/4115/2045 2730/4114/1470 2750/4135/35
f 2730/4114/1470 2731/4117/2046 2750/4135/35
f 2731/4117/2046 2732/4116/542 2750/4135/35
f 2732/4116/542 2733/4118/2047 2750/4135/35
f 2733/4118/2047 2734/4119/2048 2750/4135/35
f 2734/4119/2048 2735/4121/2049 2750/4135/35
f 2735/4121/2049 2736/4120/546 2750/4135/35
f 2736/4120/546 2737/4122/2050 2750/4135/35
f 2737/4122/2050 2738/4124/2052 2750/4135/35
f 2738/4124/2052 2739/4123/2051 2750/4135/35
f 2739/4123/2051 2740/4126/2053 2750/4135/35
f 2740/4126/2053 2741/4125/1481 2750/4135/35
f 2741/4125/1481 2742/4127/1482 2750/4135/35
f 2742/4127/1482 2743/4128/552 2750/4135/35
f 2743/4128/552 2744/4129/2054 2750/4135/35
f 2744/4129/2054 2745/4130/2055 2750/4135/35
f 2745/4130/2055 2746/4131/2056 2750/4135/35
f 2746/4131/2056 2747/4132/557 2750/4135/35
f 2747/4132/557 2748/4133/558 2750/4135/35
f 2748/4133/558 2729/4115/2045 2750/4135/35
f 2751/4136/8 2755/4137/36 2753/4138/8
f 2758/4139/2057 2760/4140/2057 2757/4141/2057
f 2762/4142/33 2764/4143/24 2761/4144/24
f 2765/4145/26 2763/4146/33 2762/4142/33
f 2761/4147/24 2768/4148/31 2767/4149/31
f 2769/4150/35 2766/4151/26 2765/4145/26
f 2767/4149/31 2772/4152/42 2771/4153/42
f 2774/4154/2058 2757/4141/2058 2773/4155/2058
f 2776/4156/33 2778/4157/24 2775/4158/24
f 2779/4159/26 2777/4160/33 2776/4156/33
f 2775/4161/24 2782/4162/31 2781/4163/31
f 2783/4164/28 2770/4165/35 2769/4150/35
f 2771/4153/42 2786/4166/29 2785/4167/29
f 2787/4168/35 2780/4169/26 2779/4159/26
f 2781/4163/31 2790/4170/42 2789/4171/42
f 2785/4167/29 2792/4172/40 2791/4173/40
f 2793/4174/37 2784/4175/28 2783/4164/28
f 2789/4171/42 2796/4176/29 2795/4177/29
f 2797/4178/28 2788/4179/35 2787/4168/35
f 2791/4180/40 2800/4181/27 2799/4182/27
f 2801/4183/30 2794/4184/37 2793/4174/37
f 2804/4185/33 2806/4186/24 2803/4187/24
f 2807/4188/26 2805/4189/33 2804/4185/33
f 2803/4190/24 2810/4191/31 2809/4192/31
f 2795/4177/29 2812/4193/40 2811/4194/40
f 2813/4195/37 2798/4196/28 2797/4178/28
f 2799/4182/27 2816/4197/38 2815/4198/38
f 2817/4199/39 2802/4200/30 2801/4201/30
f 2809/4192/31 2820/4202/42 2819/4203/42
f 2821/4204/35 2808/4205/26 2807/4188/26
f 2823/4206/30 2814/4207/37 2813/4195/37
f 2811/4208/40 2826/4209/27 2825/4210/27
f 2827/4211/32 2818/4212/39 2817/4199/39
f 2815/4198/38 2830/4213/25 2829/4214/25
f 2819/4203/42 2832/4215/29 2831/4216/29
f 2833/4217/28 2822/4218/35 2821/4204/35
f 2835/4219/41 2828/4220/32 2827/4211/32
f 2829/4214/25 2838/4221/36 2837/4222/36
f 2840/4223/33 2842/4224/24 2839/4225/24
f 2839/4226/24 2844/4227/31 2843/4228/31
f 2845/4229/26 2841/4230/33 2840/4223/33
f 2847/4231/34 2836/4232/41 2835/4219/41
f 2837/4222/36 2850/4233/23 2849/4234/23
f 2851/4235/39 2824/4236/30 2823/4237/30
f 2825/4210/27 2854/4238/38 2853/4239/38
f 2849/4234/23 2848/4240/34 2847/4241/34
f 2843/4228/31 2856/4242/42 2855/4243/42
f 2857/4244/35 2846/4245/26 2845/4229/26
f 2831/4216/29 2860/4246/40 2859/4247/40
f 2861/4248/37 2834/4249/28 2833/4217/28
f 2853/4239/38 2864/4250/25 2863/4251/25
f 2865/4252/32 2852/4253/39 2851/4235/39
f 2855/4243/42 2868/4254/29 2867/4255/29
f 2869/4256/28 2858/4257/35 2857/4244/35
f 2871/4258/41 2866/4259/32 2865/4252/32
f 2863/4251/25 2874/4260/36 2873/4261/36
f 2875/4262/30 2862/4263/37 2861/4248/37
f 2859/4264/40 2878/4265/27 2877/4266/27
f 2879/4267/34 2872/4268/41 2871/4258/41
f 2873/4261/36 2882/4269/23 2881/4270/23
f 2881/4270/23 2880/4271/34 2879/4272/34
f 2883/4273/37 2870/4274/28 2869/4256/28
f 2867/4255/29 2886/4275/40 2885/4276/40
f 2877/4266/27 2888/4277/38 2887/4278/38
f 2889/4279/39 2876/4280/30 2875/4281/30
f 2887/4278/38 2892/4282/25 2891/4283/25
f 2893/4284/32 2890/4285/39 2889/4279/39
f 2895/4286/30 2884/4287/37 2883/4273/37
f 2885/4288/40 2898/4289/27 2897/4290/27
f 2891/4283/25 2755/4137/36 2752/4291/36
f 2900/4292/34 2902/4293/41 2899/4294/41
f 2897/4290/27 2904/4295/38 2903/4296/38
f 2905/4297/39 2896/4298/30 2895/4299/30
f 2759/4300/2059 2908/4301/2059 2760/4140/2059
f 2754/4302/23 2901/4303/34 2900/4304/34
f 2903/4296/38 2910/4305/25 2909/4306/25
f 2911/4307/32 2906/4308/39 2905/4297/39
f 2907/4309/2060 2773/4310/2060 2908/4311/2060
f 2909/4306/25 2914/4312/36 2913/4313/36
f 2915/4314/41 2912/4315/32 2911/4307/32
f 2917/4316/34 2916/4317/41 2915/4314/41
f 2913/4313/36 2920/4318/23 2919/4319/23
f 2919/4319/23 2918/4320/34 2917/4321/34
f 2921/4322/5 2902/4293/41 2922/4323/5
f 2764/4324/21 2758/4325/21 2788/4326/21
f 2787/4327/22 2767/4328/22 2771/4329/22
f 2908/4330/22 2919/4331/22 2917/4332/22
f 2920/4333/21 2914/4334/21 2907/4335/21
f 2827/4336/22 2817/4337/22 2760/4338/22
f 2838/4339/21 2830/4340/21 2872/4341/21
f 2778/4342/21 2758/4325/21 2842/4343/21
f 2803/4344/22 2840/4345/22 2839/4346/22
f 2923/4347/8 2927/4348/36 2925/4349/8
f 2930/4350/2057 2932/4351/2057 2929/4352/2057
f 2934/4353/33 2936/4354/24 2933/4355/24
f 2937/4356/26 2935/4357/33 2934/4353/33
f 2933/4358/24 2940/4359/31 2939/4360/31
f 2941/4361/35 2938/4362/26 2937/4356/26
f 2939/4360/31 2944/4363/42 2943/4364/42
f 2946/4365/2058 2929/4352/2058 2945/4366/2058
f 2948/4367/33 2950/4368/24 2947/4369/24
f 2951/4370/26 2949/4371/33 2948/4367/33
f 2947/4372/24 2954/4373/31 2953/4374/31
f 2955/4375/28 2942/4376/35 2941/4361/35
f 2943/4364/42 2958/4377/29 2957/4378/29
f 2959/4379/35 2952/4380/26 2951/4370/26
f 2953/4374/31 2962/4381/42 2961/4382/42
f 2957/4378/29 2964/4383/40 2963/4384/40
f 2965/4385/37 2956/4386/28 2955/4375/28
f 2961/4382/42 2968/4387/29 2967/4388/29
f 2969/4389/28 2960/4390/35 2959/4379/35
f 2963/4391/40 2972/4392/27 2971/4393/27
f 2973/4394/30 2966/4395/37 2965/4385/37
f 2976/4396/33 2978/4397/24 2975/4398/24
f 2979/4399/26 2977/4400/33 2976/4396/33
f 2975/4401/24 2982/4402/31 2981/4403/31
f 2967/4388/29 2984/4404/40 2983/4405/40
f 2985/4406/37 2970/4407/28 2969/4389/28
f 2971/4393/27 2988/4408/38 2987/4409/38
f 2989/4410/39 2974/4411/30 2973/4412/30
f 2981/4403/31 2992/4413/42 2991/4414/42
f 2993/4415/35 2980/4416/26 2979/4399/26
f 2995/4417/30 2986/4418/37 2985/4406/37
f 2983/4419/40 2998/4420/27 2997/4421/27
f 2999/4422/32 2990/4423/39 2989/4410/39
f 2987/4409/38 3002/4424/25 3001/4425/25
f 2991/4414/42 3004/4426/29 3003/4427/29
f 3005/4428/28 2994/4429/35 2993/4415/35
f 3007/4430/41 3000/4431/32 2999/4422/32
f 3001/4425/25 3010/4432/36 3009/4433/36
f 3012/4434/33 3014/4435/24 3011/4436/24
f 3011/4437/24 3016/4438/31 3015/4439/31
f 3017/4440/26 3013/4441/33 3012/4434/33
f 3019/4442/34 3008/4443/41 3007/4430/41
f 3009/4433/36 3022/4444/23 3021/4445/23
f 3023/4446/39 2996/4447/30 2995/4448/30
f 2997/4421/27 3026/4449/38 3025/4450/38
f 3021/4445/23 3020/4451/34 3019/4452/34
f 3015/4439/31 3028/4453/42 3027/4454/42
f 3029/4455/35 3018/4456/26 3017/4440/26
f 3003/4427/29 3032/4457/40 3031/4458/40
f 3033/4459/37 3006/4460/28 3005/4428/28
f 3025/4450/38 3036/4461/25 3035/4462/25
f 3037/4463/32 3024/4464/39 3023/4446/39
f 3027/4454/42 3040/4465/29 3039/4466/29
f 3041/4467/28 3030/4468/35 3029/4455/35
f 3043/4469/41 3038/4470/32 3037/4463/32
f 3035/4462/25 3046/4471/36 3045/4472/36
f 3047/4473/30 3034/4474/37 3033/4459/37
f 3031/4475/40 3050/4476/27 3049/4477/27
f 3051/4478/34 3044/4479/41 3043/4469/41
f 3045/4472/36 3054/4480/23 3053/4481/23
f 3053/4481/23 3052/4482/34 3051/4483/34
f 3055/4484/37 3042/4485/28 3041/4467/28
f 3039/4466/29 3058/4486/40 3057/4487/40
f 3049/4477/27 3060/4488/38 3059/4489/38
f 3061/4490/39 3048/4491/30 3047/4492/30
f 3059/4489/38 3064/4493/25 3063/4494/25
f 3065/4495/32 3062/4496/39 3061/4490/39
f 3067/4497/30 3056/4498/37 3055/4484/37
f 3057/4499/40 3070/4500/27 3069/4501/27
f 3063/4494/25 2927/4348/36 2924/4502/36
f 3072/4503/34 3074/4504/41 3071/4505/41
f 3069/4501/27 3076/4506/38 3075/4507/38
f 3077/4508/39 3068/4509/30 3067/4510/30
f 2931/4511/2059 3080/4512/2059 2932/4351/2059
f 2926/4513/23 3073/4514/34 3072/4515/34
f 3075/4507/38 3082/4516/25 3081/4517/25
f 3083/4518/32 3078/4519/39 3077/4508/39
f 3079/4520/2060 2945/4521/2060 3080/4522/2060
f 3081/4517/25 3086/4523/36 3085/4524/36
f 3087/4525/41 3084/4526/32 3083/4518/32
f 3089/4527/34 3088/4528/41 3087/4525/41
f 3085/4524/36 3092/4529/23 3091/4530/23
f 3091/4530/23 3090/4531/34 3089/4532/34
f 3093/4533/5 3074/4504/41 3094/4534/5
f 2936/4535/21 2930/4536/21 2960/4537/21
f 2959/4538/22 2939/4539/22 2943/4540/22
f 3080/4541/22 3091/4542/22 3089/4543/22
f 3092/4544/21 3086/4545/21 3079/4546/21
f 2999/4547/22 2989/4548/22 2932/4549/22
f 3010/4550/21 3002/4551/21 3044/4552/21
f 2950/4553/21 2930/4536/21 3014/4554/21
f 2975/4555/22 3012/4556/22 3011/4557/22
f 3096/4558/42 3097/4559/42 3095/4560/42
f 3098/4561/35 3099/4562/35 3097/4563/35
f 3112/4564/32 3114/4565/32 3111/4566/32
f 3102/4567/25 3095/4568/25 3101/4569/25
f 3102/4570/21 3098/4571/21 3096/4572/21
f 3095/4573/22 3099/4574/22 3101/4575/22
f 3100/4576/2061 3103/4577/2061 3099/4578/2061
f 3102/4570/21 3104/4579/21 3100/4580/21
f 3101/4581/2062 3105/4582/2062 3102/4583/2062
f 3099/4574/22 3106/4584/22 3101/4575/22
f 3104/4585/2063 3107/4586/2063 3103/4587/2063
f 3105/4588/21 3108/4589/21 3104/4579/21
f 3106/4590/2064 3109/4591/2064 3105/4592/2064
f 3103/4593/22 3110/4594/22 3106/4584/22
f 3108/4595/2065 3111/4596/2065 3107/4586/2065
f 3109/4597/21 3112/4598/21 3108/4589/21
f 3110/4599/2066 3113/4600/2066 3109/4591/2066
f 3107/4601/22 3114/4602/22 3110/4594/22
f 3116/4603/42 3117/4604/42 3115/4605/42
f 3118/4606/2067 3119/4607/2067 3117/4608/2067
f 3120/4609/32 3121/4610/32 3119/4611/32
f 3122/4612/2068 3115/4613/2068 3121/4614/2068
f 3122/4615/21 3118/4616/21 3116/4617/21
f 3115/4618/22 3119/4619/22 3121/4620/22
f 3124/4621/2069 3125/4622/2069 3123/4623/2069
f 3126/4624/2070 3127/4625/2070 3125/4626/2070
f 3128/4627/2071 3129/4628/2071 3127/4629/2071
f 3130/4630/2072 3123/4631/2072 3129/4632/2072
f 3130/4633/21 3126/4634/21 3124/4635/21
f 3123/4636/22 3127/4637/22 3129/4638/22
f 3132/4639/2073 3133/4640/2073 3131/4641/2073
f 3134/4642/2074 3135/4643/2074 3133/4644/2074
f 3136/4645/2075 3137/4646/2075 3135/4647/2075
f 3138/4648/2076 3131/4649/2076 3137/4650/2076
f 3138/4651/21 3134/4652/21 3132/4653/21
f 3137/4654/22 3133/4655/22 3135/4656/22
f 3140/4657/2073 3141/4658/2073 3139/4659/2073
f 3142/4660/2074 3143/4661/2074 3141/4662/2074
f 3144/4663/2075 3145/4664/2075 3143/4665/2075
f 3146/4666/2076 3139/4667/2076 3145/4668/2076
f 3146/4669/21 3142/4670/21 3140/4671/21
f 3145/4672/22 3141/4673/22 3143/4674/22
f 3148/4675/2077 3167/4676/28 3147/4677/28
f 3149/4678/30 3168/4679/37 3148/4675/2077
f 3150/4680/39 3169/4681/30 3149/4682/30
f 3151/4683/32 3170/4684/39 3150/4680/39
f 3152/4685/41 3171/4686/32 3151/4683/32
f 3153/4687/34 3172/4688/41 3152/4685/41
f 3154/4689/23 3173/4690/34 3153/4691/34
f 3155/4692/36 3174/4693/2078 3154/4689/23
f 3156/4694/25 3175/4695/36 3155/4692/36
f 3157/4696/38 3176/4697/25 3156/4694/25
f 3158/4698/2079 3177/4699/38 3157/4696/38
f 3159/4700/40 3178/4701/27 3158/4698/2079
f 3160/4702/29 3179/4703/40 3159/4704/40
f 3161/4705/42 3180/4706/29 3160/4702/29
f 3162/4707/31 3181/4708/42 3161/4705/42
f 3163/4709/24 3182/4710/31 3162/4707/31
f 3164/4711/33 3183/4712/24 3163/4713/24
f 3165/4714/26 3184/4715/2080 3164/4711/33
f 3166/4716/35 3185/4717/26 3165/4714/26
f 3147/4677/28 3186/4718/35 3166/4716/35
f 3148/4719/21 3147/4720/21 3187/4721/21
f 3149/4722/21 3148/4719/21 3187/4721/21
f 3150/4723/21 3149/4722/21 3187/4721/21
f 3151/4724/21 3150/4723/21 3187/4721/21
f 3152/4725/21 3151/4724/21 3187/4721/21
f 3153/4726/21 3152/4725/21 3187/4721/21
f 3154/4727/21 3153/4726/21 3187/4721/21
f 3155/4728/21 3154/4727/21 3187/4721/21
f 3156/4729/21 3155/4728/21 3187/4721/21
f 3157/4730/21 3156/4729/21 3187/4721/21
f 3158/4731/21 3157/4730/21 3187/4721/21
f 3159/4732/21 3158/4731/21 3187/4721/21
f 3160/4733/21 3159/4732/21 3187/4721/21
f 3161/4734/21 3160/4733/21 3187/4721/21
f 3162/4735/21 3161/4734/21 3187/4721/21
f 3163/4736/21 3162/4735/21 3187/4721/21
f 3164/4737/21 3163/4736/21 3187/4721/21
f 3165/4738/21 3164/4737/21 3187/4721/21
f 3166/4739/21 3165/4738/21 3187/4721/21
f 3147/4720/21 3166/4739/21 3187/4721/21
f 3167/4740/22 3168/4741/22 3188/4742/22
f 3168/4741/22 3169/4743/22 3188/4742/22
f 3169/4743/22 3170/4744/22 3188/4742/22
f 3170/4744/22 3171/4745/22 3188/4742/22
f 3171/4745/22 3172/4746/22 3188/4742/22
f 3172/4746/22 3173/4747/22 3188/4742/22
f 3173/4747/22 3174/4748/22 3188/4742/22
f 3174/4748/22 3175/4749/22 3188/4742/22
f 3175/4749/22 3176/4750/22 3188/4742/22
f 3176/4750/22 3177/4751/22 3188/4742/22
f 3177/4751/22 3178/4752/22 3188/4742/22
f 3178/4752/22 3179/4753/22 3188/4742/22
f 3179/4753/22 3180/4754/22 3188/4742/22
f 3180/4754/22 3181/4755/22 3188/4742/22
f 3181/4755/22 3182/4756/22 3188/4742/22
f 3182/4756/22 3183/4757/22 3188/4742/22
f 3183/4757/22 3184/4758/22 3188/4742/22
f 3184/4758/22 3185/4759/22 3188/4742/22
f 3185/4759/22 3186/4760/22 3188/4742/22
f 3186/4760/22 3167/4740/22 3188/4742/22
f 3190/4761/2069 3191/4762/2069 3189/4763/2069
f 3192/4764/2070 3193/4765/2070 3191/4766/2070
f 3194/4767/2071 3195/4768/2071 3193/4769/2071
f 3196/4770/2072 3189/4771/2072 3195/4772/2072
f 3196/4773/21 3192/4774/21 3190/4775/21
f 3189/4776/22 3193/4777/22 3195/4778/22
f 3198/4779/1 3217/4780/1 3197/4781/1
f 3240/4782/2 3242/4783/2 3239/4784/2
f 3200/4785/3 3219/4786/3 3199/4787/3
f 3244/4788/4 3246/4789/4 3243/4790/4
f 3202/4791/5 3221/4792/5 3201/4793/5
f 3248/4794/6 3250/4795/6 3247/4796/6
f 3204/4797/7 3223/4798/7 3203/4799/7
f 3252/4800/8 3254/4801/8 3251/4802/8
f 3206/4803/9 3225/4804/9 3205/4805/9
f 3256/4806/10 3258/4807/10 3255/4808/10
f 3208/4809/11 3227/4810/11 3207/4811/11
f 3260/4812/12 3262/4813/12 3259/4814/12
f 3210/4815/13 3229/4816/13 3209/4817/13
f 3264/4818/14 3266/4819/14 3263/4820/14
f 3212/4821/15 3231/4822/15 3211/4823/15
f 3268/4824/16 3270/4825/16 3267/4826/16
f 3214/4827/17 3233/4828/17 3213/4829/17
f 3272/4830/18 3274/4831/18 3271/4832/18
f 3216/4833/19 3235/4834/19 3215/4835/19
f 3276/4836/20 3278/4837/20 3275/4838/20
f 3198/4839/21 3197/4840/21 3237/4841/21
f 3199/4842/21 3198/4839/21 3237/4841/21
f 3200/4843/21 3199/4842/21 3237/4841/21
f 3201/4844/21 3200/4843/21 3237/4841/21
f 3202/4845/21 3201/4844/21 3237/4841/21
f 3203/4846/21 3202/4845/21 3237/4841/21
f 3204/4847/21 3203/4846/21 3237/4841/21
f 3205/4848/21 3204/4847/21 3237/4841/21
f 3206/4849/21 3205/4848/21 3237/4841/21
f 3207/4850/21 3206/4849/21 3237/4841/21
f 3208/4851/21 3207/4850/21 3237/4841/21
f 3209/4852/21 3208/4851/21 3237/4841/21
f 3210/4853/21 3209/4852/21 3237/4841/21
f 3211/4854/21 3210/4853/21 3237/4841/21
f 3212/4855/21 3211/4854/21 3237/4841/21
f 3213/4856/21 3212/4855/21 3237/4841/21
f 3214/4857/21 3213/4856/21 3237/4841/21
f 3215/4858/21 3214/4857/21 3237/4841/21
f 3216/4859/21 3215/4858/21 3237/4841/21
f 3197/4840/21 3216/4859/21 3237/4841/21
f 3217/4860/22 3218/4861/22 3238/4862/22
f 3218/4861/22 3219/4863/22 3238/4862/22
f 3219/4863/22 3220/4864/22 3238/4862/22
f 3220/4864/22 3221/4865/22 3238/4862/22
f 3221/4865/22 3222/4866/22 3238/4862/22
f 3222/4866/22 3223/4867/22 3238/4862/22
f 3223/4867/22 3224/4868/22 3238/4862/22
f 3224/4868/22 3225/4869/22 3238/4862/22
f 3225/4869/22 3226/4870/22 3238/4862/22
f 3226/4870/22 3227/4871/22 3238/4862/22
f 3227/4871/22 3228/4872/22 3238/4862/22
f 3228/4872/22 3229/4873/22 3238/4862/22
f 3229/4873/22 3230/4874/22 3238/4862/22
f 3230/4874/22 3231/4875/22 3238/4862/22
f 3231/4875/22 3232/4876/22 3238/4862/22
f 3232/4876/22 3233/4877/22 3238/4862/22
f 3233/4877/22 3234/4878/22 3238/4862/22
f 3234/4878/22 3235/4879/22 3238/4862/22
f 3235/4879/22 3236/4880/22 3238/4862/22
f 3236/4880/22 3217/4860/22 3238/4862/22
f 3199/4842/21 3239/4881/21 3198/4839/21
f 3219/4786/23 3240/4882/2078 3199/4787/2078
f 3219/4863/22 3242/4883/22 3241/4884/22
f 3198/4779/24 3242/4783/24 3218/4885/24
f 3201/4844/21 3243/4886/21 3200/4843/21
f 3221/4887/25 3244/4888/25 3201/4889/25
f 3220/4864/22 3245/4890/22 3221/4865/22
f 3200/4891/26 3246/4892/26 3220/4893/26
f 3202/4845/21 3248/4894/21 3247/4895/21
f 3223/4798/27 3248/4896/2079 3203/4799/2079
f 3222/4866/22 3249/4897/22 3223/4867/22
f 3202/4898/28 3250/4899/28 3222/4900/28
f 3205/4848/21 3251/4901/21 3204/4847/21
f 3225/4902/29 3252/4903/29 3205/4904/29
f 3225/4869/22 3254/4905/22 3253/4906/22
f 3204/4797/30 3254/4907/30 3224/4908/30
f 3207/4850/21 3255/4909/21 3206/4849/21
f 3227/4910/31 3256/4911/31 3207/4912/31
f 3227/4871/22 3258/4913/22 3257/4914/22
f 3206/4915/32 3258/4916/32 3226/4917/32
f 3209/4852/21 3259/4918/21 3208/4851/21
f 3229/4816/33 3260/4919/2080 3209/4817/2080
f 3229/4873/22 3262/4920/22 3261/4921/22
f 3208/4809/34 3262/4813/34 3228/4922/34
f 3211/4854/21 3263/4923/21 3210/4853/21
f 3231/4924/35 3264/4925/35 3211/4926/35
f 3231/4875/22 3266/4927/22 3265/4928/22
f 3210/4929/36 3266/4930/36 3230/4931/36
f 3212/4855/21 3268/4932/21 3267/4933/21
f 3233/4934/37 3268/4935/2077 3213/4936/2077
f 3232/4876/22 3269/4937/22 3233/4877/22
f 3212/4938/38 3270/4939/38 3232/4940/38
f 3214/4857/21 3272/4941/21 3271/4942/21
f 3235/4943/39 3272/4944/39 3215/4945/39
f 3234/4878/22 3273/4946/22 3235/4879/22
f 3214/4827/40 3274/4947/40 3234/4948/40
f 3197/4840/21 3275/4949/21 3216/4859/21
f 3217/4950/41 3276/4951/41 3197/4952/41
f 3217/4860/22 3278/4953/22 3277/4954/22
f 3216/4955/42 3278/4956/42 3236/4957/42
f 3280/4958/23 3299/4959/36 3279/4960/36
f 3281/4961/34 3300/4962/23 3280/4958/23
f 3282/4963/41 3301/4964/34 3281/4965/34
f 3283/4966/32 3302/4967/41 3282/4963/41
f 3284/4968/39 3303/4969/32 3283/4966/32
f 3285/4970/30 3304/4971/39 3284/4968/39
f 3286/4972/37 3305/4973/30 3285/4974/30
f 3287/4975/28 3306/4976/37 3286/4972/37
f 3288/4977/35 3307/4978/28 3287/4975/28
f 3289/4979/26 3308/4980/35 3288/4977/35
f 3290/4981/33 3309/4982/26 3289/4979/26
f 3291/4983/24 3310/4984/33 3290/4981/33
f 3292/4985/31 3311/4986/24 3291/4987/24
f 3293/4988/42 3312/4989/31 3292/4985/31
f 3294/4990/29 3313/4991/42 3293/4988/42
f 3295/4992/40 3314/4993/29 3294/4990/29
f 3296/4994/27 3315/4995/40 3295/4996/40
f 3297/4997/38 3316/4998/27 3296/4994/27
f 3298/4999/25 3317/5000/38 3297/4997/38
f 3279/4960/36 3318/5001/25 3298/4999/25
f 3280/5002/22 3279/5003/22 3319/5004/22
f 3281/5005/22 3280/5002/22 3319/5004/22
f 3282/5006/22 3281/5005/22 3319/5004/22
f 3283/5007/22 3282/5006/22 3319/5004/22
f 3284/5008/22 3283/5007/22 3319/5004/22
f 3285/5009/22 3284/5008/22 3319/5004/22
f 3286/5010/22 3285/5009/22 3319/5004/22
f 3287/5011/22 3286/5010/22 3319/5004/22
f 3288/5012/22 3287/5011/22 3319/5004/22
f 3289/5013/22 3288/5012/22 3319/5004/22
f 3290/5014/22 3289/5013/22 3319/5004/22
f 3291/5015/22 3290/5014/22 3319/5004/22
f 3292/5016/22 3291/5015/22 3319/5004/22
f 3293/5017/22 3292/5016/22 3319/5004/22
f 3294/5018/22 3293/5017/22 3319/5004/22
f 3295/5019/22 3294/5018/22 3319/5004/22
f 3296/5020/22 3295/5019/22 3319/5004/22
f 3297/5021/22 3296/5020/22 3319/5004/22
f 3298/5022/22 3297/5021/22 3319/5004/22
f 3279/5003/22 3298/5022/22 3319/5004/22
f 3299/5023/21 3300/5024/21 3320/5025/21
f 3300/5024/21 3301/5026/21 3320/5025/21
f 3301/5026/21 3302/5027/21 3320/5025/21
f 3302/5027/21 3303/5028/21 3320/5025/21
f 3303/5028/21 3304/5029/21 3320/5025/21
f 3304/5029/21 3305/5030/21 3320/5025/21
f 3305/5030/21 3306/5031/21 3320/5025/21
f 3306/5031/21 3307/5032/21 3320/5025/21
f 3307/5032/21 3308/5033/21 3320/5025/21
f 3308/5033/21 3309/5034/21 3320/5025/21
f 3309/5034/21 3310/5035/21 3320/5025/21
f 3310/5035/21 3311/5036/21 3320/5025/21
f 3311/5036/21 3312/5037/21 3320/5025/21
f 3312/5037/21 3313/5038/21 3320/5025/21
f 3313/5038/21 3314/5039/21 3320/5025/21
f 3314/5039/21 3315/5040/21 3320/5025/21
f 3315/5040/21 3316/5041/21 3320/5025/21
f 3316/5041/21 3317/5042/21 3320/5025/21
f 3317/5042/21 3318/5043/21 3320/5025/21
f 3318/5043/21 3299/5023/21 3320/5025/21
f 3322/5044/23 3341/5045/36 3321/5046/36
f 3323/5047/34 3342/5048/23 3322/5044/23
f 3324/5049/41 3343/5050/34 3323/5051/34
f 3325/5052/32 3344/5053/41 3324/5049/41
f 3326/5054/39 3345/5055/32 3325/5052/32
f 3327/5056/30 3346/5057/39 3326/5054/39
f 3328/5058/37 3347/5059/30 3327/5060/30
f 3329/5061/28 3348/5062/37 3328/5058/37
f 3330/5063/35 3349/5064/28 3329/5061/28
f 3331/5065/26 3350/5066/35 3330/5063/35
f 3332/5067/33 3351/5068/26 3331/5065/26
f 3333/5069/24 3352/5070/33 3332/5067/33
f 3334/5071/31 3353/5072/24 3333/5073/24
f 3335/5074/42 3354/5075/31 3334/5071/31
f 3336/5076/29 3355/5077/42 3335/5074/42
f 3337/5078/40 3356/5079/29 3336/5076/29
f 3338/5080/27 3357/5081/40 3337/5082/40
f 3339/5083/38 3358/5084/27 3338/5080/27
f 3340/5085/25 3359/5086/38 3339/5083/38
f 3321/5046/36 3360/5087/25 3340/5085/25
f 3322/5088/22 3321/5089/22 3361/5090/22
f 3323/5091/22 3322/5088/22 3361/5090/22
f 3324/5092/22 3323/5091/22 3361/5090/22
f 3325/5093/22 3324/5092/22 3361/5090/22
f 3326/5094/22 3325/5093/22 3361/5090/22
f 3327/5095/22 3326/5094/22 3361/5090/22
f 3328/5096/22 3327/5095/22 3361/5090/22
f 3329/5097/22 3328/5096/22 3361/5090/22
f 3330/5098/22 3329/5097/22 3361/5090/22
f 3331/5099/22 3330/5098/22 3361/5090/22
f 3332/5100/22 3331/5099/22 3361/5090/22
f 3333/5101/22 3332/5100/22 3361/5090/22
f 3334/5102/22 3333/5101/22 3361/5090/22
f 3335/5103/22 3334/5102/22 3361/5090/22
f 3336/5104/22 3335/5103/22 3361/5090/22
f 3337/5105/22 3336/5104/22 3361/5090/22
f 3338/5106/22 3337/5105/22 3361/5090/22
f 3339/5107/22 3338/5106/22 3361/5090/22
f 3340/5108/22 3339/5107/22 3361/5090/22
f 3321/5089/22 3340/5108/22 3361/5090/22
f 3341/5109/21 3342/5110/21 3362/5111/21
f 3342/5110/21 3343/5112/21 3362/5111/21
f 3343/5112/21 3344/5113/21 3362/5111/21
f 3344/5113/21 3345/5114/21 3362/5111/21
f 3345/5114/21 3346/5115/21 3362/5111/21
f 3346/5115/21 3347/5116/21 3362/5111/21
f 3347/5116/21 3348/5117/21 3362/5111/21
f 3348/5117/21 3349/5118/21 3362/5111/21
f 3349/5118/21 3350/5119/21 3362/5111/21
f 3350/5119/21 3351/5120/21 3362/5111/21
f 3351/5120/21 3352/5121/21 3362/5111/21
f 3352/5121/21 3353/5122/21 3362/5111/21
f 3353/5122/21 3354/5123/21 3362/5111/21
f 3354/5123/21 3355/5124/21 3362/5111/21
f 3355/5124/21 3356/5125/21 3362/5111/21
f 3356/5125/21 3357/5126/21 3362/5111/21
f 3357/5126/21 3358/5127/21 3362/5111/21
f 3358/5127/21 3359/5128/21 3362/5111/21
f 3359/5128/21 3360/5129/21 3362/5111/21
f 3360/5129/21 3341/5109/21 3362/5111/21
f 2/1/1 22/107/1 21/2/1
f 44/4/2 45/5130/2 46/5/2
f 4/7/3 24/5131/3 23/8/3
f 48/10/4 49/5132/4 50/11/4
f 6/13/5 26/5133/5 25/14/5
f 52/16/6 53/5134/6 54/17/6
f 8/19/7 28/131/7 27/20/7
f 56/22/8 57/5135/8 58/23/8
f 10/25/9 30/5136/9 29/26/9
f 60/28/10 61/5137/10 62/29/10
f 12/31/11 32/145/11 31/32/11
f 64/34/12 65/5138/12 66/35/12
f 14/37/13 34/5139/13 33/38/13
f 68/40/14 69/5140/14 70/41/14
f 16/43/15 36/5141/15 35/44/15
f 72/46/16 73/5142/16 74/47/16
f 18/49/17 38/169/17 37/50/17
f 76/52/18 77/5143/18 78/53/18
f 20/55/19 40/5144/19 39/56/19
f 80/58/20 81/5145/20 82/59/20
f 3/64/21 44/5146/21 43/103/21
f 23/8/23 45/5147/23 44/104/23
f 23/85/22 22/83/22 46/105/22
f 2/1/24 43/6/24 46/5/24
f 5/66/21 48/5148/21 47/108/21
f 25/109/25 49/5149/25 48/110/25
f 25/87/22 24/86/22 50/112/22
f 4/114/26 47/5150/26 50/115/26
f 6/67/21 7/68/21 52/117/21
f 27/20/27 53/5151/27 52/119/27
f 26/88/22 54/5152/22 53/120/22
f 6/121/28 51/5153/28 54/122/28
f 8/69/21 9/70/21 56/124/21
f 29/126/29 57/5154/29 56/127/29
f 28/90/22 58/5155/22 57/129/22
f 8/19/30 55/5156/30 58/130/30
f 11/72/21 60/5157/21 59/132/21
f 31/133/31 61/5158/31 60/134/31
f 31/93/22 30/92/22 62/136/22
f 10/138/32 59/5159/32 62/139/32
f 12/73/21 13/74/21 64/141/21
f 33/38/33 65/5160/33 64/143/33
f 32/94/22 66/5161/22 65/144/22
f 12/31/34 63/36/34 66/35/34
f 14/75/21 15/76/21 68/146/21
f 35/148/35 69/5162/35 68/149/35
f 34/96/22 70/5163/22 69/151/22
f 14/152/36 67/5164/36 70/153/36
f 17/78/21 72/5165/21 71/155/21
f 37/50/37 73/5166/37 72/156/37
f 37/99/22 36/98/22 74/157/22
f 16/159/38 71/5167/38 74/160/38
f 18/79/21 19/80/21 76/162/21
f 39/164/39 77/5168/39 76/165/39
f 38/100/22 78/5169/22 77/167/22
f 18/49/40 75/5170/40 78/168/40
f 20/81/21 1/62/21 80/170/21
f 21/172/41 81/5171/41 80/173/41
f 40/102/22 82/5172/22 81/175/22
f 20/176/42 79/5173/42 82/177/42
f 84/179/43 104/183/47 103/180/44
f 85/182/46 105/5174/49 104/183/47
f 86/184/48 106/188/51 105/185/49
f 87/187/50 107/190/53 106/188/51
f 88/189/52 108/192/55 107/190/53
f 89/191/54 109/5175/57 108/192/55
f 90/193/56 110/197/59 109/194/57
f 91/196/58 111/199/61 110/197/59
f 92/198/60 112/201/63 111/199/61
f 93/200/62 113/203/65 112/201/63
f 94/202/64 114/205/67 113/203/65
f 95/204/66 115/5176/69 114/205/67
f 96/206/68 116/210/71 115/207/69
f 97/209/70 117/212/73 116/210/71
f 98/211/72 118/214/75 117/212/73
f 99/213/74 119/5177/77 118/214/75
f 100/215/76 120/219/79 119/216/77
f 101/218/78 121/221/81 120/219/79
f 102/220/80 122/222/82 121/221/81
f 83/181/45 103/180/44 122/222/82
f 83/181/45 123/294/102 124/265/83
f 84/179/43 124/265/83 125/266/84
f 85/267/46 125/329/84 126/268/85
f 87/270/50 86/269/48 126/268/85
f 87/270/50 127/271/86 128/272/87
f 89/274/54 88/273/52 128/272/87
f 89/195/54 129/330/88 130/276/89
f 90/193/56 130/276/89 131/277/90
f 91/196/58 131/277/90 132/278/91
f 93/200/62 92/198/60 132/278/91
f 94/202/64 93/200/62 133/279/92
f 94/202/64 134/280/93 135/281/94
f 95/282/66 135/337/94 136/283/95
f 97/285/70 96/284/68 136/283/95
f 97/285/70 137/286/96 138/287/97
f 98/288/72 138/287/97 139/289/98
f 99/217/74 139/5178/98 140/291/99
f 100/215/76 140/291/99 141/292/100
f 101/218/78 141/292/100 142/293/101
f 102/220/80 142/293/101 123/294/102
f 103/180/44 104/183/47 144/295/103
f 104/183/47 105/5174/49 145/297/105
f 105/298/49 106/301/51 146/299/106
f 106/301/51 107/304/53 147/302/107
f 108/303/55 148/306/109 147/302/107
f 108/303/55 109/5179/57 149/305/108
f 110/197/59 150/309/111 149/307/108
f 110/197/59 111/199/61 151/308/110
f 111/199/61 112/201/63 152/310/112
f 113/203/65 153/311/113 152/310/112
f 114/205/67 154/313/115 153/311/113
f 114/205/67 115/5176/69 155/312/114
f 115/314/69 116/318/71 156/315/116
f 117/317/73 157/320/117 156/315/116
f 118/319/75 158/322/119 157/320/117
f 118/319/75 119/5180/77 159/321/118
f 119/216/77 120/219/79 160/323/120
f 120/219/79 121/221/81 161/325/121
f 121/221/81 122/222/82 162/326/122
f 122/222/82 103/180/44 143/296/104
f 123/294/123 163/342/123 164/327/124
f 124/265/124 164/327/124 166/328/125
f 125/329/125 166/226/125 167/227/126
f 127/271/127 126/268/126 167/227/126
f 127/271/127 168/228/127 169/229/128
f 128/272/128 169/229/128 170/230/129
f 129/330/129 170/5181/129 171/331/130
f 131/277/131 130/276/130 171/331/130
f 132/278/132 131/277/131 172/332/131
f 132/278/132 173/333/132 174/334/133
f 133/279/133 174/334/133 175/335/134
f 135/281/135 134/280/134 175/335/134
f 135/337/135 176/236/135 177/237/136
f 137/286/137 136/283/136 177/237/136
f 137/286/137 178/238/137 179/239/138
f 139/289/139 138/287/138 179/239/138
f 140/291/140 139/5178/139 180/338/139
f 141/292/141 140/291/140 181/339/140
f 142/293/142 141/292/141 182/340/141
f 123/294/123 142/293/142 183/341/142
f 143/296/143 144/295/144 185/343/144
f 145/297/145 187/5182/145 185/343/144
f 146/299/146 188/248/146 187/247/145
f 147/302/147 189/249/147 188/248/146
f 147/302/147 148/306/148 190/250/148
f 149/305/149 191/251/149 190/250/148
f 150/309/150 192/346/150 191/345/149
f 151/308/151 193/348/151 192/346/150
f 151/308/151 152/310/152 194/347/152
f 153/311/153 195/350/155 194/347/152
f 153/311/153 154/313/154 196/349/154
f 154/313/154 155/312/156 197/351/156
f 155/316/156 156/315/157 198/258/157
f 157/320/158 199/259/158 198/258/157
f 158/322/159 200/260/159 199/259/158
f 158/322/159 159/321/160 201/261/160
f 160/323/161 202/353/161 201/352/160
f 161/325/162 203/355/162 202/353/161
f 161/325/162 162/326/163 204/354/163
f 162/326/163 143/296/143 184/344/143
f 206/356/43 226/360/166 225/357/164
f 207/359/165 227/5183/49 226/360/166
f 208/361/167 228/365/51 227/362/49
f 209/364/168 229/367/53 228/365/51
f 210/366/52 230/369/170 229/367/53
f 211/368/169 231/5184/172 230/369/170
f 212/370/171 232/374/59 231/371/172
f 213/373/58 233/376/61 232/374/59
f 214/375/60 234/378/63 233/376/61
f 215/377/62 235/380/65 234/378/63
f 216/379/64 236/382/67 235/380/65
f 217/381/173 237/5185/69 236/382/67
f 218/383/174 238/387/71 237/384/69
f 219/386/175 239/389/73 238/387/71
f 220/388/72 240/391/176 239/389/73
f 221/390/74 241/5186/77 240/391/176
f 222/392/177 242/396/178 241/393/77
f 223/395/78 243/398/81 242/396/178
f 224/397/80 244/399/82 243/398/81
f 205/358/45 225/357/164 244/399/82
f 205/358/45 245/473/102 246/442/83
f 206/356/43 246/442/83 247/443/84
f 208/444/167 207/5187/165 247/445/84
f 208/444/167 248/446/85 249/447/86
f 209/448/168 249/447/86 250/449/87
f 211/451/169 210/450/52 250/449/87
f 212/370/171 211/372/169 251/453/88
f 212/370/171 252/454/89 253/455/90
f 213/373/58 253/455/90 254/456/91
f 215/377/62 214/375/60 254/456/91
f 216/379/64 215/377/62 255/457/92
f 216/379/64 256/458/93 257/459/94
f 218/460/174 217/5188/173 257/461/94
f 218/460/174 258/462/95 259/463/96
f 220/465/72 219/464/175 259/463/96
f 221/467/74 220/465/72 260/466/97
f 222/392/177 221/394/74 261/469/98
f 222/392/177 262/470/99 263/471/100
f 223/395/78 263/471/100 264/472/101
f 224/397/80 264/472/101 245/473/102
f 226/360/166 266/476/103 265/474/104
f 226/360/166 227/5183/49 267/475/105
f 227/477/49 228/480/51 268/478/106
f 228/480/51 229/483/53 269/481/107
f 230/482/170 270/485/109 269/481/107
f 231/484/172 271/521/108 270/485/109
f 232/374/59 272/488/111 271/486/108
f 232/374/59 233/376/61 273/487/110
f 233/376/61 234/378/63 274/489/112
f 235/380/65 275/490/113 274/489/112
f 236/382/67 276/492/115 275/490/113
f 236/382/67 237/5185/69 277/491/114
f 237/493/69 238/497/71 278/494/116
f 239/496/73 279/499/117 278/494/116
f 240/498/176 280/501/119 279/499/117
f 241/500/77 281/529/118 280/501/119
f 242/396/178 282/504/120 281/502/118
f 242/396/178 243/398/81 283/503/121
f 243/398/81 244/399/82 284/505/122
f 244/399/82 225/357/164 265/474/104
f 246/442/124 245/473/180 285/506/123
f 246/442/124 286/507/124 288/508/125
f 248/446/126 247/445/125 288/403/125
f 249/447/127 248/446/126 289/404/126
f 250/449/179 249/447/127 290/405/127
f 251/452/129 250/449/179 291/406/128
f 251/453/129 292/5189/129 293/509/130
f 252/454/130 293/509/130 294/510/131
f 254/456/132 253/455/131 294/510/131
f 254/456/132 295/511/132 296/512/133
f 255/457/133 296/512/133 297/513/134
f 257/459/135 256/458/134 297/513/134
f 258/462/136 257/461/135 298/413/135
f 258/462/136 299/414/136 300/415/137
f 260/466/138 259/463/137 300/415/137
f 261/468/139 260/466/138 301/416/138
f 262/470/140 261/469/139 302/515/139
f 262/470/140 303/516/140 304/517/141
f 263/471/141 304/517/141 305/518/142
f 245/473/180 264/472/142 305/518/142
f 266/476/144 307/520/144 306/519/143
f 267/475/145 309/5190/145 307/520/144
f 267/479/145 268/478/181 310/425/146
f 269/481/147 311/426/147 310/425/146
f 270/485/148 312/427/148 311/426/147
f 271/521/149 313/428/149 312/427/148
f 272/488/182 314/524/150 313/522/149
f 272/488/182 273/487/151 315/523/151
f 273/487/151 274/489/152 316/525/152
f 275/490/153 317/527/153 316/525/152
f 275/490/153 276/492/154 318/526/154
f 276/492/154 277/491/156 319/528/156
f 278/494/157 320/435/157 319/434/156
f 278/494/157 279/499/158 321/436/158
f 280/501/159 322/437/159 321/436/158
f 281/529/160 323/438/160 322/437/159
f 282/504/161 324/532/161 323/530/160
f 282/504/161 283/503/162 325/531/162
f 283/503/162 284/505/163 326/533/163
f 284/505/163 265/474/143 306/519/143
f 327/534/183 328/538/187 348/535/184
f 329/537/186 349/540/189 348/535/184
f 329/537/186 330/542/191 350/539/188
f 331/541/190 351/544/193 350/539/188
f 331/541/190 332/546/195 352/543/192
f 333/545/194 353/548/197 352/543/192
f 334/547/196 354/550/199 353/548/197
f 335/549/198 355/552/201 354/550/199
f 335/549/198 336/554/203 356/551/200
f 337/553/202 357/556/205 356/551/200
f 337/553/202 338/558/207 358/555/204
f 339/557/206 359/560/209 358/555/204
f 340/559/208 360/562/211 359/560/209
f 341/561/210 361/564/213 360/562/211
f 341/561/210 342/565/214 362/563/212
f 342/565/214 343/567/216 363/566/215
f 343/567/216 344/570/219 364/568/217
f 345/569/218 365/572/221 364/568/217
f 345/569/218 346/573/222 366/571/220
f 327/534/183 347/536/185 366/571/220
f 348/535/184 368/576/225 367/574/223
f 348/535/184 349/540/189 369/575/224
f 349/540/189 350/539/188 370/577/226
f 351/544/193 371/579/228 370/577/226
f 351/544/193 352/543/192 372/578/227
f 352/543/192 353/548/197 373/580/229
f 353/548/197 354/550/199 374/581/230
f 354/550/199 355/552/201 375/582/231
f 356/551/200 376/584/233 375/582/231
f 356/551/200 357/556/205 377/583/232
f 357/556/205 358/555/204 378/585/234
f 359/560/209 379/586/235 378/585/234
f 360/562/211 380/587/236 379/586/235
f 361/564/213 381/588/237 380/587/236
f 362/563/212 382/589/238 381/588/237
f 363/566/215 383/591/240 382/589/238
f 363/566/215 364/568/217 384/590/239
f 364/568/217 365/572/221 385/592/241
f 366/571/220 386/593/242 385/592/241
f 347/536/185 367/574/223 386/593/242
f 367/574/223 368/576/225 388/594/243
f 369/575/224 389/596/245 388/594/243
f 370/577/226 390/597/246 389/596/245
f 371/579/228 391/599/248 390/597/246
f 371/579/228 372/578/227 392/598/247
f 372/578/227 373/580/229 393/600/249
f 373/580/229 374/581/230 394/601/250
f 374/581/230 375/582/231 395/602/251
f 375/603/231 376/607/233 396/604/252
f 377/606/232 397/637/254 396/604/252
f 377/583/232 378/585/234 398/608/253
f 378/585/234 379/586/235 399/610/255
f 379/586/235 380/587/236 400/611/256
f 381/588/237 401/613/258 400/611/256
f 381/588/237 382/589/238 402/612/257
f 382/589/238 383/591/240 403/614/259
f 384/590/239 404/616/261 403/614/259
f 384/590/239 385/592/241 405/615/260
f 386/617/242 406/621/262 405/618/260
f 367/620/223 387/622/244 406/621/262
f 387/622/244 388/5191/243 408/623/263
f 388/594/243 389/596/245 409/625/265
f 390/597/246 410/628/267 409/625/265
f 390/597/246 391/599/248 411/627/266
f 391/599/248 392/598/247 412/629/268
f 393/600/249 413/630/269 412/629/268
f 394/601/250 414/5192/270 413/630/269
f 395/605/251 415/633/271 414/631/270
f 396/604/252 416/635/273 415/633/271
f 396/604/252 397/637/254 417/634/272
f 398/636/253 418/663/275 417/634/272
f 398/608/253 399/610/255 419/638/274
f 399/610/255 400/611/256 420/640/276
f 401/613/258 421/642/278 420/640/276
f 401/613/258 402/612/257 422/641/277
f 402/612/257 403/614/259 423/643/279
f 404/616/261 424/5193/281 423/643/279
f 404/644/261 405/618/260 425/645/280
f 405/618/260 406/621/262 426/647/282
f 387/622/244 407/624/264 426/647/282
f 407/624/264 408/623/263 428/648/283
f 408/623/263 409/5194/265 429/650/285
f 409/625/265 410/628/267 430/651/286
f 410/628/267 411/627/266 431/653/287
f 412/629/268 432/654/288 431/653/287
f 413/630/269 433/5195/289 432/654/288
f 414/631/270 434/657/290 433/655/289
f 415/633/271 435/659/292 434/657/290
f 415/633/271 416/635/273 436/658/291
f 417/634/272 437/661/294 436/658/291
f 417/634/272 418/663/275 438/660/293
f 419/662/274 439/5196/296 438/660/293
f 419/638/274 420/640/276 440/664/295
f 421/642/278 441/666/297 440/664/295
f 422/641/277 442/667/298 441/666/297
f 423/643/279 443/692/299 442/667/298
f 424/646/281 444/671/301 443/668/299
f 424/646/281 425/645/280 445/670/300
f 426/647/282 446/672/302 445/670/300
f 407/624/264 427/649/284 446/672/302
f 428/648/283 448/675/305 447/673/303
f 428/648/283 429/650/285 449/674/304
f 430/651/286 450/677/306 449/676/304
f 431/653/287 451/679/308 450/677/306
f 431/653/287 432/654/288 452/678/307
f 432/654/288 433/5195/289 453/680/309
f 434/657/290 454/683/311 453/681/309
f 434/657/290 435/659/292 455/682/310
f 435/659/292 436/658/291 456/684/312
f 437/661/294 457/685/313 456/684/312
f 438/660/293 458/687/315 457/685/313
f 438/660/293 439/5196/296 459/686/314
f 439/665/296 440/664/295 460/688/316
f 441/666/297 461/691/318 460/688/316
f 441/666/297 442/667/298 462/690/317
f 443/692/299 463/5197/320 462/690/317
f 443/668/299 444/671/301 464/693/319
f 444/671/301 445/670/300 465/695/321
f 445/670/300 446/672/302 466/696/322
f 427/649/284 447/673/303 466/696/322
f 447/673/303 448/675/305 468/697/323
f 449/674/304 469/5198/325 468/697/323
f 450/699/306 470/703/326 469/700/325
f 451/702/308 471/705/328 470/703/326
f 451/702/308 452/707/307 472/704/327
f 453/706/309 473/5199/330 472/704/327
f 453/681/309 454/683/311 474/708/329
f 455/682/310 475/710/331 474/708/329
f 456/684/312 476/711/332 475/710/331
f 457/685/313 477/713/334 476/711/332
f 457/685/313 458/687/315 478/712/333
f 458/687/315 459/686/314 479/714/335
f 460/715/316 480/719/337 479/716/335
f 460/715/316 461/720/318 481/718/336
f 461/720/318 462/722/317 482/721/338
f 462/722/317 463/5200/320 483/723/339
f 463/694/320 464/693/319 484/724/340
f 464/693/319 465/695/321 485/726/341
f 466/696/322 486/727/342 485/726/341
f 466/696/322 447/673/303 467/698/324
f 468/697/323 488/730/345 487/728/343
f 468/697/323 469/5198/325 489/729/344
f 470/703/326 490/732/346 489/731/344
f 471/705/328 491/734/348 490/732/346
f 471/705/328 472/704/327 492/733/347
f 472/704/327 473/5199/330 493/735/349
f 474/708/329 494/738/351 493/736/349
f 474/708/329 475/710/331 495/737/350
f 476/711/332 496/740/353 495/737/350
f 476/711/332 477/713/334 497/739/352
f 477/713/334 478/712/333 498/741/354
f 478/712/333 479/714/335 499/742/355
f 479/716/335 480/719/337 500/743/356
f 481/718/336 501/746/358 500/743/356
f 481/718/336 482/721/338 502/745/357
f 483/723/339 503/766/360 502/745/357
f 483/725/339 484/724/340 504/747/359
f 485/726/341 505/749/361 504/747/359
f 486/727/342 506/750/362 505/749/361
f 486/727/342 467/698/324 487/728/343
f 487/728/343 488/730/345 508/751/363
f 489/729/344 509/774/366 508/751/363
f 489/731/344 490/732/346 510/753/365
f 491/734/348 511/756/32 510/753/365
f 491/734/348 492/733/347 512/755/367
f 493/735/349 513/778/368 512/755/367
f 494/738/351 514/758/369 513/757/368
f 495/737/350 515/760/370 514/758/369
f 495/737/350 496/740/353 516/759/22
f 497/739/352 517/761/371 516/759/22
f 498/741/354 518/762/372 517/761/371
f 499/742/355 519/785/374 518/762/372
f 499/744/355 500/743/356 520/763/373
f 500/743/356 501/746/358 521/765/42
f 502/745/357 522/767/375 521/765/42
f 503/766/360 523/5201/376 522/767/375
f 504/747/359 524/769/377 523/768/376
f 505/749/361 525/771/378 524/769/377
f 505/749/361 506/750/362 526/770/21
f 487/728/343 507/752/364 526/770/21
f 507/752/364 508/751/363 528/772/379
f 509/774/366 529/798/382 528/772/379
f 509/754/366 510/753/365 530/775/381
f 511/756/32 531/777/383 530/775/381
f 512/755/367 532/779/384 531/777/383
f 513/778/368 533/802/386 532/779/384
f 513/757/368 514/758/369 534/780/385
f 515/760/370 535/782/387 534/780/385
f 516/759/22 536/784/389 535/782/387
f 516/759/22 517/761/371 537/783/388
f 518/762/372 538/786/390 537/783/388
f 519/785/374 539/810/391 538/786/390
f 520/763/373 540/788/392 539/787/391
f 521/765/42 541/790/394 540/788/392
f 521/765/42 522/767/375 542/789/393
f 522/767/375 523/5201/376 543/791/395
f 523/768/376 524/769/377 544/792/396
f 524/769/377 525/771/378 545/794/397
f 526/770/21 546/795/398 545/794/397
f 526/770/21 507/752/364 527/773/380
f 527/773/380 528/772/379 548/796/399
f 529/798/382 549/5202/402 548/796/399
f 529/776/382 530/775/381 550/799/401
f 530/775/381 531/777/383 551/801/403
f 532/779/384 552/803/404 551/801/403
f 533/802/386 553/5203/406 552/803/404
f 533/781/386 534/780/385 554/804/405
f 535/782/387 555/807/408 554/804/405
f 535/782/387 536/784/389 556/806/407
f 537/783/388 557/809/410 556/806/407
f 537/783/388 538/786/390 558/808/409
f 539/810/391 559/833/412 558/808/409
f 539/787/391 540/788/392 560/811/411
f 541/790/394 561/813/413 560/811/411
f 542/789/393 562/815/415 561/813/413
f 542/789/393 543/791/395 563/814/414
f 543/793/395 544/792/396 564/816/416
f 544/792/396 545/794/397 565/818/417
f 545/794/397 546/795/398 566/819/418
f 527/773/380 547/797/400 566/819/418
f 548/796/399 568/822/421 567/820/419
f 548/796/399 549/5202/402 569/821/420
f 550/799/401 570/825/423 569/823/420
f 550/799/401 551/801/403 571/824/422
f 552/803/404 572/827/425 571/824/422
f 552/803/404 553/5203/406 573/826/424
f 553/805/406 554/804/405 574/828/426
f 554/804/405 555/807/408 575/830/427
f 556/806/407 576/831/428 575/830/427
f 557/809/410 577/832/429 576/831/428
f 558/808/409 578/834/430 577/832/429
f 559/833/412 579/859/432 578/834/430
f 559/812/412 560/811/411 580/835/431
f 560/811/411 561/813/413 581/837/433
f 562/815/415 582/838/434 581/837/433
f 563/814/414 583/5204/435 582/838/434
f 564/816/416 584/840/436 583/839/435
f 565/818/417 585/841/437 584/840/436
f 566/819/418 586/842/438 585/841/437
f 547/797/400 567/820/419 586/842/438
f 568/822/421 588/844/440 587/843/439
f 569/821/420 589/875/442 588/844/440
f 569/845/420 570/848/423 590/846/441
f 570/848/423 571/851/422 591/849/443
f 572/850/425 592/853/444 591/849/443
f 573/852/424 593/5205/446 592/853/444
f 573/829/424 574/828/426 594/854/445
f 575/830/427 595/856/447 594/854/445
f 576/831/428 596/858/449 595/856/447
f 576/831/428 577/832/429 597/857/448
f 578/834/430 598/860/450 597/857/448
f 579/859/432 599/5206/452 598/860/450
f 579/861/432 580/864/431 600/862/451
f 580/864/431 581/866/433 601/865/453
f 581/866/433 582/868/434 602/867/454
f 582/868/434 583/5207/435 603/869/455
f 584/840/436 604/871/456 603/870/455
f 585/841/437 605/873/458 604/871/456
f 585/841/437 586/842/438 606/872/457
f 586/842/438 567/820/419 587/843/439
f 588/844/440 608/876/460 607/874/459
f 589/875/442 609/5208/461 608/876/460
f 590/846/441 610/879/463 609/877/461
f 590/846/441 591/849/443 611/878/462
f 592/853/444 612/881/465 611/878/462
f 592/853/444 593/5205/446 613/880/464
f 593/855/446 594/854/445 614/882/466
f 595/856/447 615/884/467 614/882/466
f 596/858/449 616/886/469 615/884/467
f 596/858/449 597/857/448 617/885/468
f 597/857/448 598/860/450 618/887/470
f 598/860/450 599/5206/452 619/888/471
f 600/862/451 620/890/472 619/889/471
f 601/865/453 621/891/473 620/890/472
f 602/867/454 622/893/475 621/891/473
f 602/867/454 603/869/455 623/892/474
f 604/871/456 624/896/477 623/894/474
f 604/871/456 605/873/458 625/895/476
f 605/873/458 606/872/457 626/897/478
f 606/872/457 587/843/439 607/874/459
f 608/876/460 628/5209/480 627/898/479
f 609/877/461 629/902/482 628/899/480
f 609/877/461 610/879/463 630/901/481
f 610/879/463 611/878/462 631/903/483
f 611/878/462 612/881/465 632/904/484
f 612/881/465 613/880/464 633/905/485
f 613/880/464 614/5210/466 634/906/486
f 614/882/466 615/884/467 635/907/487
f 615/884/467 616/886/469 636/909/488
f 616/886/469 617/885/468 637/910/489
f 618/887/470 638/5211/491 637/910/489
f 618/911/470 619/889/471 639/912/490
f 619/889/471 620/890/472 640/914/492
f 621/891/473 641/915/493 640/914/492
f 622/893/475 642/916/494 641/915/493
f 623/892/474 643/918/496 642/916/494
f 623/892/474 624/5212/477 644/917/495
f 625/895/476 645/920/497 644/919/495
f 626/897/478 646/921/498 645/920/497
f 626/897/478 607/874/459 627/898/479
f 627/922/479 628/899/480 648/923/499
f 629/902/482 649/926/502 648/923/499
f 629/902/482 630/901/481 650/925/501
f 631/903/483 651/928/504 650/925/501
f 631/903/483 632/904/484 652/927/503
f 633/905/485 653/930/506 652/927/503
f 633/905/485 634/906/486 654/929/505
f 634/906/486 635/5213/487 655/931/507
f 636/909/488 656/934/509 655/932/507
f 636/909/488 637/910/489 657/933/508
f 638/913/491 658/937/510 657/935/508
f 639/912/490 659/939/512 658/937/510
f 639/912/490 640/914/492 660/938/511
f 640/914/492 641/915/493 661/940/513
f 642/916/494 662/941/514 661/940/513
f 643/918/496 663/943/516 662/941/514
f 643/918/496 644/917/495 664/942/515
f 645/944/497 665/968/517 664/942/515
f 646/921/498 666/947/518 665/945/517
f 646/921/498 627/898/479 647/946/500
f 648/923/499 668/949/520 667/948/519
f 649/926/502 669/950/521 668/949/520
f 650/925/501 670/951/522 669/950/521
f 651/928/504 671/953/524 670/951/522
f 651/928/504 652/927/503 672/952/523
f 653/930/506 673/954/525 672/952/523
f 654/929/505 674/955/526 673/954/525
f 655/931/507 675/957/528 674/955/526
f 655/931/507 656/958/509 676/956/527
f 657/935/508 677/959/529 676/956/527
f 658/937/510 678/961/531 677/959/529
f 658/937/510 659/939/512 679/960/530
f 660/938/511 680/963/533 679/960/530
f 660/938/511 661/940/513 681/962/532
f 662/941/514 682/965/535 681/962/532
f 662/941/514 663/943/516 683/964/534
f 664/942/515 684/967/537 683/964/534
f 664/942/515 665/968/517 685/966/536
f 665/968/517 666/970/518 686/969/538
f 647/924/500 667/948/519 686/969/538
f 668/949/520 688/973/541 687/971/539
f 668/949/520 669/950/521 689/972/540
f 669/950/521 670/951/522 690/974/542
f 671/953/524 691/976/544 690/974/542
f 671/953/524 672/952/523 692/975/543
f 672/952/523 673/954/525 693/977/545
f 673/954/525 674/955/526 694/978/546
f 674/955/526 675/957/528 695/979/547
f 676/956/527 696/981/549 695/979/547
f 676/956/527 677/959/529 697/980/548
f 678/961/531 698/982/550 697/980/548
f 679/960/530 699/983/551 698/982/550
f 680/963/533 700/985/553 699/983/551
f 680/963/533 681/962/532 701/984/552
f 682/965/535 702/986/554 701/984/552
f 683/964/534 703/988/556 702/986/554
f 683/964/534 684/967/537 704/987/555
f 684/967/537 685/966/536 705/989/557
f 686/969/538 706/990/558 705/989/557
f 686/969/538 667/948/519 687/971/539
f 731/993/363 711/997/363 710/994/364
f 732/996/366 712/5214/366 711/997/363
f 733/998/365 713/1002/365 712/999/366
f 734/1001/32 714/1004/32 713/1002/365
f 735/1003/367 715/1006/367 714/1004/32
f 736/1005/368 716/5215/368 715/1006/367
f 737/1007/369 717/1011/369 716/1008/368
f 738/1010/370 718/1013/370 717/1011/369
f 739/1012/22 719/1015/22 718/1013/370
f 740/1014/371 720/1017/371 719/1015/22
f 741/1016/372 721/1019/372 720/1017/371
f 742/1018/374 722/5216/374 721/1019/372
f 743/1020/373 723/1024/373 722/1021/374
f 744/1023/42 724/1026/42 723/1024/373
f 745/1025/375 725/1028/375 724/1026/42
f 746/1027/376 726/5217/376 725/1028/375
f 747/1029/377 727/1033/377 726/1030/376
f 748/1032/378 728/1035/378 727/1033/377
f 749/1034/21 729/1036/21 728/1035/378
f 730/995/364 710/994/364 729/1036/21
f 751/1037/559 753/1072/594 752/1038/560
f 750/1039/561 788/1070/592 789/1040/562
f 752/1038/560 753/1072/594 755/1041/563
f 755/1041/563 757/1044/566 756/1043/565
f 757/1044/566 759/1046/568 758/1045/567
f 759/1046/568 761/1077/599 760/1047/569
f 760/1047/569 761/1077/599 763/1048/570
f 763/1048/570 765/1051/573 764/1050/572
f 765/1051/573 767/1081/603 766/1052/574
f 766/1052/574 767/1081/603 769/1053/575
f 769/1053/575 771/1086/606 770/1055/577
f 770/1055/577 771/1086/606 773/1056/578
f 773/1056/578 775/1059/581 774/1058/580
f 775/1059/581 777/1061/583 776/1060/582
f 777/1061/583 779/1063/585 778/1062/584
f 779/1063/585 781/1093/614 780/1064/586
f 780/1064/586 781/1093/614 783/1065/587
f 783/1065/587 785/1094/615 784/1067/589
f 784/1067/589 785/1094/615 787/1068/590
f 786/1069/591 787/1068/590 789/1040/562
f 710/1071/593 711/1073/595 753/1072/594
f 711/1073/595 712/1075/597 755/1041/563
f 713/1074/596 757/1044/566 755/1041/563
f 714/1076/598 759/1046/568 757/1044/566
f 714/1076/598 715/1079/601 761/1077/599
f 716/1078/600 763/1048/570 761/1077/599
f 716/1078/600 717/1080/602 765/1051/573
f 717/1080/602 718/5218/604 767/1081/603
f 718/1013/604 719/1015/605 769/1082/575
f 719/1015/605 720/1017/607 771/1084/606
f 720/1085/607 721/1087/608 773/1056/578
f 721/1087/608 722/1088/609 775/1059/581
f 722/1088/609 723/1090/611 777/1061/583
f 724/1089/610 779/1063/585 777/1061/583
f 725/1091/612 781/1093/614 779/1063/585
f 726/1092/613 783/1065/587 781/1093/614
f 726/1092/613 727/1096/617 785/1094/615
f 728/1095/616 787/1068/590 785/1094/615
f 729/1036/618 789/1098/562 787/1097/590
f 710/994/593 751/5219/559 789/1098/562
f 791/1100/619 793/1104/623 792/1101/620
f 790/1102/621 828/1134/653 829/1103/622
f 793/1104/623 795/5220/2081 794/1105/624
f 794/1105/624 795/5220/2081 797/1106/625
f 797/1106/625 799/5221/2082 798/1108/627
f 798/1108/627 799/5221/2082 801/1109/628
f 801/1109/628 803/1112/631 802/1111/630
f 803/1112/631 805/5222/2083 804/1113/632
f 804/1113/632 805/5222/2083 807/1114/633
f 806/1115/634 807/1114/633 809/1116/635
f 809/1116/635 811/1119/638 810/1118/637
f 811/1119/638 813/1121/640 812/1120/639
f 813/1121/640 815/5223/2084 814/1122/641
f 814/1122/641 815/5223/2084 817/1123/642
f 817/1123/642 819/1126/645 818/1125/644
f 819/1126/645 821/1128/647 820/1127/646
f 821/1128/647 823/5224/2085 822/1129/648
f 822/1129/648 823/5224/2085 825/1130/649
f 824/1131/650 825/1130/649 827/1132/651
f 826/1133/652 827/1132/651 829/1103/622
f 790/1156/621 792/1158/620 731/993/654
f 794/1157/624 732/996/656 731/993/654
f 796/1107/626 733/1160/657 732/1159/656
f 798/1108/627 734/1161/658 733/1160/657
f 800/1110/629 735/1163/660 734/1161/658
f 800/1110/629 802/1111/630 736/1162/659
f 804/1164/632 737/1007/662 736/1009/659
f 804/1164/632 806/1166/634 738/1010/661
f 806/1166/634 808/1168/636 739/1012/663
f 810/1167/637 740/1014/664 739/1012/663
f 812/1169/639 741/1016/665 740/1014/664
f 814/1170/641 742/1018/667 741/1016/665
f 814/1122/641 816/1124/643 743/1171/666
f 818/1125/644 744/1174/669 743/1171/666
f 818/1125/644 820/1127/646 745/1173/668
f 822/1129/648 746/5225/671 745/1173/668
f 822/1175/648 824/1176/650 747/1029/670
f 824/1176/650 826/1177/652 748/1032/672
f 826/1177/652 828/1178/653 749/1034/673
f 790/1156/621 730/995/655 749/1034/673
f 793/1179/674 791/1222/675 830/1180/675
f 793/1179/674 831/1181/674 832/1182/676
f 795/1184/676 832/1226/676 833/1185/677
f 797/1186/677 833/1185/677 834/1187/678
f 799/1188/678 834/1187/678 835/1189/679
f 801/1190/679 835/1189/679 836/1191/680
f 805/1193/681 803/5226/680 836/1194/680
f 805/1193/681 837/1195/681 838/1196/682
f 807/1197/682 838/1196/682 839/1198/683
f 811/1200/684 809/1199/683 839/1198/683
f 813/1202/685 811/1200/684 840/1201/684
f 815/1204/686 813/1202/685 841/1203/685
f 817/1206/687 815/5227/686 842/1207/686
f 819/1209/688 817/1206/687 843/1208/687
f 821/1211/689 819/1209/688 844/1210/688
f 821/1211/689 845/1212/689 846/1213/690
f 823/1215/690 846/1241/690 847/1216/691
f 827/1218/692 825/1217/691 847/1216/691
f 827/1218/692 848/1219/692 849/1220/693
f 829/1221/693 849/1220/693 830/1180/675
f 831/1181/694 830/1180/695 850/1223/695
f 831/1181/694 851/1224/694 852/1225/696
f 832/1226/696 852/5228/696 853/1227/697
f 833/1185/697 853/1227/697 854/1228/698
f 835/1189/699 834/1187/698 854/1228/698
f 836/1191/700 835/1189/699 855/1229/699
f 836/1194/700 856/1252/700 857/1231/701
f 838/1196/702 837/1195/701 857/1231/701
f 838/1196/702 858/1232/702 859/1233/703
f 839/1198/703 859/1233/703 860/1234/704
f 840/1201/704 860/1234/704 861/1235/705
f 842/1205/706 841/1203/705 861/1235/705
f 842/1207/706 862/1259/706 863/1237/707
f 844/1210/708 843/1208/707 863/1237/707
f 845/1212/709 844/1210/708 864/1238/708
f 846/1213/710 845/1212/709 865/1239/709
f 846/1241/710 866/1264/710 867/1242/711
f 848/1219/712 847/1216/711 867/1242/711
f 849/1220/713 848/1219/712 868/1243/712
f 830/1180/695 849/1220/713 869/1244/713
f 850/1223/364 870/1268/364 871/1245/363
f 851/1224/363 871/1245/363 872/1246/366
f 853/1227/365 852/5228/366 872/1247/366
f 853/1227/365 873/1248/365 874/1249/32
f 854/1228/32 874/1249/32 875/1250/367
f 855/1229/367 875/1250/367 876/1251/368
f 856/1252/368 876/5229/368 877/1253/369
f 857/1231/369 877/1253/369 878/1254/370
f 858/1232/370 878/1254/370 879/1255/22
f 859/1233/22 879/1255/22 880/1256/371
f 860/1234/371 880/1256/371 881/1257/372
f 861/1235/372 881/1257/372 882/1258/374
f 862/1259/374 882/5230/374 883/1260/373
f 863/1237/373 883/1260/373 884/1261/42
f 864/1238/42 884/1261/42 885/1262/375
f 865/1239/375 885/1262/375 886/1263/376
f 866/1264/376 886/5231/376 887/1265/377
f 867/1242/377 887/1265/377 888/1266/378
f 868/1243/378 888/1266/378 889/1267/21
f 869/1244/21 889/1267/21 870/1268/364
f 870/1269/25 890/1308/25 891/1270/25
f 872/1272/25 871/1271/25 891/1270/25
f 872/1272/25 892/1273/25 893/1274/25
f 874/1276/25 873/1275/25 893/1274/25
f 874/1276/25 894/1277/25 895/1278/25
f 876/1280/25 875/1279/25 895/1278/25
f 877/1282/25 876/1280/25 896/1281/25
f 877/1282/25 897/1283/25 898/1284/25
f 879/1286/25 878/1285/25 898/1284/25
f 879/1286/25 899/1287/25 900/1288/25
f 881/1290/25 880/1289/25 900/1288/25
f 881/1290/25 901/1291/25 902/1292/25
f 882/1293/25 902/1292/25 903/1294/25
f 884/1296/25 883/1295/25 903/1294/25
f 884/1296/25 904/1297/25 905/1298/25
f 886/1300/25 885/1299/25 905/1298/25
f 887/1302/25 886/1300/25 906/1301/25
f 887/1302/25 907/1303/25 908/1304/25
f 889/1306/25 888/1305/25 908/1304/25
f 889/1306/25 909/1307/25 890/1308/25
f 891/1309/363 890/1352/364 910/1310/364
f 892/1312/366 891/1309/363 911/1311/714
f 892/1314/366 912/5232/715 913/1315/365
f 893/1316/365 913/1315/365 914/1317/32
f 894/1318/32 914/1317/32 915/1319/716
f 896/1321/717 895/1320/367 915/1319/716
f 897/1323/369 896/5233/717 916/1324/718
f 898/1326/370 897/1323/369 917/1325/369
f 898/1326/370 918/1327/370 919/1328/22
f 899/1329/22 919/1328/22 920/1330/371
f 900/1331/371 920/1330/371 921/1332/372
f 901/1333/372 921/1332/372 922/1334/374
f 902/1336/374 922/5234/374 923/1337/373
f 904/1339/42 903/1338/373 923/1337/373
f 905/1341/375 904/1339/42 924/1340/42
f 906/1343/376 905/1341/375 925/1342/375
f 907/1345/377 906/5235/376 926/1346/376
f 908/1348/378 907/1345/377 927/1347/377
f 908/1348/378 928/1349/378 929/1350/21
f 909/1351/21 929/1350/21 910/1310/364
f 911/1353/35 910/1392/35 930/1354/35
f 911/1353/35 931/1355/35 932/1356/35
f 912/1357/35 932/1356/35 933/1358/35
f 914/1360/35 913/1359/35 933/1358/35
f 915/1362/35 914/1360/35 934/1361/35
f 915/1362/35 935/1363/35 936/1364/35
f 917/1366/35 916/1365/35 936/1364/35
f 918/1368/35 917/1366/35 937/1367/35
f 918/1368/35 938/1369/35 939/1370/35
f 919/1371/35 939/1370/35 940/1372/35
f 920/1373/35 940/1372/35 941/1374/35
f 922/1376/35 921/1375/35 941/1374/35
f 923/1378/35 922/1376/35 942/1377/35
f 923/1378/35 943/1379/35 944/1380/35
f 924/1381/35 944/1380/35 945/1382/35
f 926/1384/35 925/1383/35 945/1382/35
f 927/1386/35 926/1384/35 946/1385/35
f 928/1388/35 927/1386/35 947/1387/35
f 928/1388/35 948/1389/35 949/1390/35
f 910/1392/35 929/1391/35 949/1390/35
f 930/1393/364 950/1436/364 951/1394/714
f 932/1396/715 931/1395/714 951/1394/714
f 933/1398/365 932/5236/715 952/1399/715
f 933/1398/365 953/1400/365 954/1401/719
f 934/1402/719 954/1401/719 955/1403/716
f 935/1404/716 955/1403/716 956/1405/718
f 936/1407/718 956/5237/718 957/1408/369
f 938/1410/370 937/1409/369 957/1408/369
f 938/1410/370 958/1411/370 959/1412/22
f 939/1413/22 959/1412/22 960/1414/371
f 940/1415/371 960/1414/371 961/1416/372
f 941/1417/720 961/1416/372 962/1418/374
f 942/1420/374 962/5238/374 963/1421/373
f 943/1422/373 963/1421/373 964/1423/42
f 944/1424/42 964/1423/42 965/1425/375
f 946/1427/376 945/1426/375 965/1425/375
f 946/1429/376 966/5239/376 967/1430/377
f 947/1431/377 967/1430/377 968/1432/378
f 948/1433/378 968/1432/378 969/1434/21
f 949/1435/21 969/1434/21 950/1436/364
f 950/1437/25 970/1476/25 971/1438/25
f 952/1440/25 951/1439/25 971/1438/25
f 953/1442/25 952/1440/25 972/1441/25
f 953/1442/25 973/1443/25 974/1444/25
f 955/1446/25 954/1445/25 974/1444/25
f 956/1448/25 955/1446/25 975/1447/25
f 956/1448/25 976/1449/25 977/1450/25
f 957/1451/25 977/1450/25 978/1452/25
f 958/1453/25 978/1452/25 979/1454/25
f 959/1455/25 979/1454/25 980/1456/25
f 961/1458/25 960/1457/25 980/1456/25
f 961/1458/25 981/1459/25 982/1460/25
f 962/1461/25 982/1460/25 983/1462/25
f 964/1464/25 963/1463/25 983/1462/25
f 965/1466/25 964/1464/25 984/1465/25
f 965/1466/25 985/1467/25 986/1468/25
f 966/1469/25 986/1468/25 987/1470/25
f 967/1471/25 987/1470/25 988/1472/25
f 969/1474/25 968/1473/25 988/1472/25
f 950/1437/25 969/1474/25 989/1475/25
f 970/1477/364 990/1520/364 991/1478/714
f 971/1479/714 991/1478/714 992/1480/715
f 972/1482/715 992/5240/715 993/1483/365
f 974/1485/719 973/1484/365 993/1483/365
f 974/1485/719 994/1486/719 995/1487/716
f 975/1488/716 995/1487/716 996/1489/721
f 977/1491/369 976/5241/718 996/1492/721
f 978/1494/722 977/1491/369 997/1493/369
f 978/1494/722 998/1495/723 999/1496/22
f 979/1497/22 999/1496/22 1000/1498/724
f 980/1499/371 1000/1498/724 1001/1500/720
f 981/1501/720 1001/1500/720 1002/1502/725
f 982/1504/726 1002/5242/725 1003/1505/727
f 983/1506/373 1003/1505/727 1004/1507/42
f 985/1509/375 984/1508/42 1004/1507/42
f 986/1511/376 985/1509/375 1005/1510/728
f 987/1513/377 986/5243/376 1006/1514/729
f 988/1516/378 987/1513/377 1007/1515/730
f 988/1516/378 1008/1517/731 1009/1518/21
f 989/1519/21 1009/1518/21 990/1520/364
f 991/1478/732 990/1520/732 1010/1521/732
f 991/1523/733 1011/5244/733 1012/1524/733
f 992/1525/734 1012/1524/734 1013/1526/734
f 994/1528/736 993/1527/2086 1013/1526/736
f 995/1530/737 994/1528/737 1014/1529/737
f 995/1530/739 1015/1531/739 1016/1532/739
f 996/1533/741 1016/1532/741 1017/1534/741
f 998/1495/742 997/1493/742 1017/1536/742
f 998/1495/743 1018/1537/743 1019/1538/743
f 999/1496/744 1019/1538/744 1020/1539/744
f 1000/1498/745 1020/1539/745 1021/1540/745
f 1001/1541/746 1021/5245/746 1022/1542/746
f 1003/1544/747 1002/1543/747 1022/1542/747
f 1003/1544/748 1023/1545/748 1024/1546/748
f 1004/1547/749 1024/1546/749 1025/1548/749
f 1005/1549/750 1025/1548/750 1026/1550/750
f 1007/1552/751 1006/1551/751 1026/1550/751
f 1008/1517/752 1007/1515/752 1027/1554/752
f 1009/1518/753 1008/1517/753 1028/1555/753
f 1009/1518/754 1029/1556/754 1010/1521/754
f 1011/1522/755 1010/1521/794 1030/1557/756
f 1011/1522/755 1031/1558/757 1032/1559/758
f 1012/1561/759 1032/1593/758 1033/1562/760
f 1014/1564/762 1013/1563/761 1033/1562/760
f 1015/1566/764 1014/1564/762 1034/1565/763
f 1015/1566/764 1035/1567/765 1036/1568/766
f 1016/1570/767 1036/1598/766 1037/1571/768
f 1018/1537/770 1017/1536/769 1037/1571/768
f 1018/1537/770 1038/1572/771 1039/1573/772
f 1020/1539/774 1019/1538/773 1039/1573/772
f 1020/1539/774 1040/1574/775 1041/1575/776
f 1021/1540/777 1041/1575/776 1042/1576/778
f 1023/1578/780 1022/5246/779 1042/1579/778
f 1023/1578/780 1043/1580/781 1044/1581/782
f 1024/1582/783 1044/1581/782 1045/1583/784
f 1025/1584/785 1045/1583/784 1046/1585/786
f 1027/1554/788 1026/5247/787 1046/1587/786
f 1028/1555/790 1027/1554/788 1047/1588/789
f 1029/1556/792 1028/1555/790 1048/1589/791
f 1010/1521/794 1029/1556/792 1049/1590/793
f 1030/1557/756 1050/1612/364 1051/1591/714
f 1031/1558/757 1051/1591/714 1053/1592/715
f 1032/1593/758 1053/5248/715 1054/1594/365
f 1034/1565/763 1033/1562/760 1054/1594/365
f 1034/1565/763 1055/1595/719 1056/1596/367
f 1035/1567/765 1056/1596/367 1057/1597/721
f 1036/1598/766 1057/5249/721 1058/1599/369
f 1037/1571/768 1058/1599/369 1059/1600/723
f 1038/1572/771 1059/1600/723 1060/1601/22
f 1039/1573/772 1060/1601/22 1061/1602/724
f 1041/1575/776 1040/1574/775 1061/1602/724
f 1042/1576/778 1041/1575/776 1062/1603/795
f 1042/1579/778 1063/5250/726 1064/1605/727
f 1043/1580/781 1064/1605/727 1065/1606/42
f 1044/1581/782 1065/1606/42 1066/1607/728
f 1045/1583/784 1066/1607/728 1067/1608/729
f 1046/1587/786 1067/5251/729 1068/1609/730
f 1047/1588/789 1068/1609/730 1069/1610/731
f 1048/1589/791 1069/1610/731 1070/1611/21
f 1049/1590/793 1070/1611/21 1050/1612/364
f 1074/1613/25 1072/5252/25 1071/1614/25
f 1080/1616/796 1076/5253/797 1075/1617/797
f 1081/1619/798 1077/5254/799 1076/1620/799
f 1077/1622/800 1081/1632/801 1082/1623/801
f 1079/1625/802 1075/5255/803 1078/1626/803
f 1072/1628/804 1080/1616/796 1079/1618/796
f 1074/1630/805 1081/1619/798 1080/1621/798
f 1081/1632/801 1074/5256/806 1073/1633/806
f 1071/1634/807 1079/1625/802 1082/1627/802
f 1096/1636/35 1097/5257/35 1098/1637/35
f 1075/1639/42 1076/5258/42 1084/1640/42
f 1076/1642/808 1077/5259/808 1085/1643/808
f 1077/1645/42 1078/5260/42 1086/1646/42
f 1078/1648/808 1075/5261/808 1083/1649/808
f 1077/1651/21 1088/1663/21 1087/1652/21
f 1078/1654/32 1089/1665/32 1088/1655/32
f 1075/1657/22 1090/5262/22 1089/1658/22
f 1076/1660/42 1087/1669/42 1090/1661/42
f 1088/1663/809 1092/1671/809 1091/1664/809
f 1089/1665/810 1093/1673/810 1092/1666/810
f 1089/1658/811 1090/5262/811 1094/1667/811
f 1087/1669/812 1091/1676/812 1094/1670/812
f 1092/1671/21 1096/5263/21 1095/1672/21
f 1093/1673/32 1097/5264/32 1096/1674/32
f 1094/1667/22 1098/5265/22 1097/1675/22
f 1091/1676/42 1095/5266/42 1098/1677/42
f 1100/1678/813 1102/1681/813 1101/1679/813
f 1104/1683/816 1106/5267/816 1105/1684/816
f 1100/1678/817 1106/5267/817 1104/1683/817
f 1105/1684/818 1099/1680/818 1101/1679/818
f 1100/1686/821 1099/1692/821 1108/1687/821
f 1100/1689/822 1109/5268/822 1110/1690/822
f 1105/1686/823 1111/1688/823 1108/1687/823
f 1105/1686/824 1106/5269/824 1110/1693/824
f 1108/1694/35 1112/1700/35 1113/1695/35
f 1110/1697/35 1109/1696/35 1113/1695/35
f 1111/1699/35 1115/1701/35 1112/1700/35
f 1111/1699/35 1110/1697/35 1114/1698/35
f 1154/1703/826 1155/5270/2087 1156/1784/2087
f 1154/1703/826 1156/1784/2087 1157/1704/827
f 1157/1704/827 1153/1705/2088 1152/1702/825
f 1157/1704/829 1159/1717/831 1160/5271/831
f 1157/1704/829 1160/5271/831 1161/1706/830
f 1161/1706/830 1158/5272/830 1153/1705/828
f 1163/1708/832 1164/1728/828 1165/5273/828
f 1163/1708/832 1165/5273/828 1154/1709/833
f 1154/1709/833 1152/5274/833 1162/1707/831
f 1161/1711/835 1166/5275/2088 1167/1726/2088
f 1161/1711/835 1167/1726/2088 1163/1708/836
f 1163/1708/836 1162/1707/2087 1158/1710/834
f 1165/1712/837 1168/1715/839 1169/1713/838
f 1168/1715/839 1170/5276/2089 1171/1716/840
f 1159/1717/841 1156/1784/841 1172/1718/842
f 1172/1718/842 1174/1734/844 1175/1720/844
f 1160/1721/845 1176/1724/847 1177/1722/846
f 1176/1724/847 1178/5277/848 1179/1725/848
f 1167/1726/849 1180/1729/851 1181/1727/850
f 1180/1729/851 1182/1739/852 1183/1730/852
f 1171/1731/840 1170/5278/2089 1184/1732/853
f 1174/1734/844 1186/1750/854 1187/1735/854
f 1178/1736/848 1188/1747/855 1189/1737/855
f 1182/1739/852 1190/1744/856 1191/1740/856
f 1185/1733/853 1184/1732/853 1192/1741/857
f 1192/1743/858 1191/1740/856 1190/1744/856
f 1194/1746/859 1189/1737/855 1188/1747/855
f 1195/1749/860 1187/1735/854 1186/1750/854
f 1123/1764/869 1121/5279/870 1116/1765/870
f 1127/1767/872 1125/1820/873 1120/1768/873
f 1117/1770/875 1128/5280/875 1130/1771/876
f 1129/1773/878 1124/1823/878 1126/1774/879
f 1123/1764/869 1118/1766/871 1132/1776/881
f 1122/1769/874 1134/1782/886 1137/1778/882
f 1130/1771/876 1138/5281/883 1133/1779/883
f 1131/1775/880 1126/1774/879 1136/1780/884
f 1132/1776/881 1140/1752/861 1146/1754/861
f 1134/1782/886 1147/1757/864 1148/1756/864
f 1133/1779/883 1138/5281/883 1150/1758/865
f 1139/1781/885 1136/1780/884 1149/1762/867
f 1143/1786/891 1144/1850/25 1145/1787/25
f 1112/1700/35 1152/1798/35 1153/1789/35
f 1121/1790/25 1156/5282/25 1155/1791/25
f 1113/1695/35 1153/1789/35 1158/1793/35
f 1120/1794/25 1125/5283/25 1160/1795/25
f 1112/1700/35 1115/1701/35 1162/1797/35
f 1117/1799/25 1165/5284/25 1164/1800/25
f 1115/1701/35 1114/1698/35 1158/1793/35
f 1129/1802/25 1167/5285/25 1166/1803/25
f 1117/1770/892 1119/1772/2090 1168/1805/893
f 1116/1765/895 1155/5286/2091 1169/1807/896
f 1119/1772/898 1133/1779/2092 1170/1808/899
f 1118/1766/901 1169/1807/2093 1171/1809/902
f 1121/1810/904 1123/1816/2094 1172/1811/905
f 1120/1813/907 1159/5287/2095 1173/1814/908
f 1123/1816/910 1135/1839/2096 1174/1817/911
f 1122/1815/913 1173/1814/2097 1175/1818/914
f 1125/1820/916 1127/1767/2098 1176/1821/917
f 1124/1823/919 1166/5288/2099 1177/1824/920
f 1127/1767/922 1137/1778/2100 1178/1825/923
f 1126/1774/925 1177/1824/2101 1179/1826/926
f 1129/1827/928 1131/1833/2102 1180/1828/929
f 1128/1830/931 1164/5289/2103 1181/1831/932
f 1131/1833/934 1139/1845/2104 1182/1834/935
f 1130/1832/937 1181/1831/2105 1183/1835/938
f 1133/1779/940 1141/1760/2106 1184/1837/941
f 1132/1776/943 1171/1809/2107 1185/1838/944
f 1135/1839/946 1146/1860/2108 1186/1840/947
f 1134/1819/949 1175/1818/2109 1187/1841/950
f 1137/1778/952 1148/1756/2110 1188/1843/953
f 1136/1780/955 1179/1826/2111 1189/1844/956
f 1139/1845/958 1151/1854/2112 1190/1846/959
f 1138/1836/961 1183/1835/2113 1191/1847/962
f 1141/1760/964 1145/1759/2114 1192/1849/965
f 1144/1850/25 1193/1742/25 1192/1741/891
f 1140/1752/967 1185/1838/2115 1193/1851/968
f 1145/1787/25 1192/1741/25 1194/1746/25
f 1150/1848/970 1191/1847/2116 1192/1852/971
f 1151/1854/973 1142/5290/2117 1194/1855/974
f 1142/1788/25 1194/1746/25 1195/1748/976
f 1149/1762/977 1189/1844/2118 1194/1856/978
f 1148/1756/980 1143/1755/2119 1195/1857/981
f 1144/1850/25 1143/1786/891 1195/1748/25
f 1147/1842/983 1187/1841/2120 1195/1858/984
f 1146/1860/986 1144/5291/2121 1193/1861/987
f 1197/1862/989 1217/1866/989 1216/1863/990
f 1198/1865/991 1218/5292/991 1217/1866/989
f 1198/1867/991 1199/1871/992 1219/1868/992
f 1200/1870/993 1220/1873/993 1219/1868/992
f 1201/1872/994 1221/1875/994 1220/1873/993
f 1202/1874/995 1222/5293/995 1221/1875/994
f 1203/1876/996 1223/1880/996 1222/1877/995
f 1204/1879/997 1224/1882/997 1223/1880/996
f 1205/1881/998 1225/1884/998 1224/1882/997
f 1205/1881/998 1206/1886/999 1226/1883/999
f 1207/1885/1000 1227/1888/1000 1226/1883/999
f 1208/1887/1001 1228/5294/1001 1227/1888/1000
f 1209/1889/1002 1229/1893/1002 1228/1890/1001
f 1210/1892/1003 1230/1895/1003 1229/1893/1002
f 1210/1892/1003 1211/1897/1004 1231/1894/1004
f 1212/1896/1005 1232/5295/1005 1231/1894/1004
f 1213/1898/1006 1233/1902/1006 1232/1899/1005
f 1213/1898/1006 1214/1904/1007 1234/1901/1007
f 1215/1903/1008 1235/1905/1008 1234/1901/1007
f 1196/1864/990 1216/1863/990 1235/1905/1008
f 1216/1948/1009 1217/1952/1013 1238/1949/1010
f 1218/1951/1012 1239/1954/1015 1238/1949/1010
f 1218/1951/1012 1219/1956/1017 1240/1953/1014
f 1220/1955/1016 1241/1958/1019 1240/1953/1014
f 1221/1957/1018 1242/1960/1021 1241/1958/1019
f 1222/1959/1020 1243/1962/1023 1242/1960/1021
f 1222/1959/1020 1223/1963/1024 1244/1961/1022
f 1223/1963/1024 1224/1965/1026 1245/1964/1025
f 1224/1965/1026 1225/1968/1029 1246/1966/1027
f 1226/1967/1028 1247/1970/1031 1246/1966/1027
f 1227/1969/1030 1248/1972/1033 1247/1970/1031
f 1227/1969/1030 1228/1974/1035 1249/1971/1032
f 1229/1973/1034 1250/1976/1037 1249/1971/1032
f 1230/1975/1036 1251/1978/1039 1250/1976/1037
f 1231/1977/1038 1252/1980/1041 1251/1978/1039
f 1231/1977/1038 1232/1982/1043 1253/1979/1040
f 1233/1981/1042 1254/1984/1045 1253/1979/1040
f 1233/1981/1042 1234/1986/1047 1255/1983/1044
f 1235/1985/1046 1256/1987/1048 1255/1983/1044
f 1216/1948/1009 1237/1950/1011 1256/1987/1048
f 1237/1988/1011 1238/1992/1010 1258/1989/1049
f 1239/1991/1015 1259/5296/1051 1258/1989/1049
f 1240/1993/1014 1260/1997/1053 1259/1994/1051
f 1240/1993/1014 1241/1999/1019 1261/1996/1052
f 1242/1998/1021 1262/2001/1054 1261/1996/1052
f 1243/2000/1023 1263/2039/1055 1262/2001/1054
f 1244/2002/1022 1264/2006/1056 1263/2003/1055
f 1245/2005/1025 1265/2008/1058 1264/2006/1056
f 1245/2005/1025 1246/2010/1027 1266/2007/1057
f 1247/2009/1031 1267/2012/1059 1266/2007/1057
f 1248/2011/1033 1268/2014/1061 1267/2012/1059
f 1248/2011/1033 1249/5297/1032 1269/2013/1060
f 1250/2015/1037 1270/2019/1062 1269/2016/1060
f 1251/2018/1039 1271/2021/1064 1270/2019/1062
f 1251/2018/1039 1252/2022/1041 1272/2020/1063
f 1252/2022/1041 1253/5298/1040 1273/2023/1065
f 1254/2024/1045 1274/2028/1066 1273/2025/1065
f 1255/2027/1044 1275/2030/1068 1274/2028/1066
f 1255/2027/1044 1256/2031/1048 1276/2029/1067
f 1237/1988/1011 1257/1990/1050 1276/2029/1067
f 1257/1990/1050 1258/1989/1049 1278/2032/363
f 1258/1989/1049 1259/5296/1051 1279/2034/366
f 1260/1997/1053 1280/2036/365 1279/2035/366
f 1261/1996/1052 1281/2038/32 1280/2036/365
f 1261/1996/1052 1262/2001/1054 1282/2037/367
f 1263/2039/1055 1283/5299/368 1282/2037/367
f 1264/2006/1056 1284/2041/369 1283/2040/368
f 1265/2008/1058 1285/2042/370 1284/2041/369
f 1266/2007/1057 1286/2043/22 1285/2042/370
f 1267/2012/1059 1287/2044/371 1286/2043/22
f 1268/2014/1061 1288/2046/372 1287/2044/371
f 1268/2014/1061 1269/2013/1060 1289/2045/374
f 1270/2019/1062 1290/2048/373 1289/2047/374
f 1271/2021/1064 1291/2050/42 1290/2048/373
f 1271/2021/1064 1272/2020/1063 1292/2049/375
f 1273/2023/1065 1293/5300/376 1292/2049/375
f 1273/2025/1065 1274/2028/1066 1294/2051/377
f 1275/2030/1068 1295/2054/378 1294/2051/377
f 1275/2030/1068 1276/2029/1067 1296/2053/21
f 1276/2029/1067 1257/1990/1050 1277/2033/364
f 1277/2033/1069 1278/2032/1073 1298/2055/1070
f 1279/2034/1072 1299/5301/1075 1298/2055/1070
f 1280/2057/1074 1300/2061/1077 1299/2058/1075
f 1281/2060/1076 1301/2063/1079 1300/2061/1077
f 1282/2062/1078 1302/2065/1081 1301/2063/1079
f 1283/2064/1080 1303/2093/1083 1302/2065/1081
f 1283/2040/1080 1284/2041/1084 1304/2066/1082
f 1284/2041/1084 1285/2042/1087 1305/2068/1085
f 1286/2043/1086 1306/2069/1089 1305/2068/1085
f 1287/2044/1088 1307/2070/1091 1306/2069/1089
f 1288/2046/1090 1308/2071/1093 1307/2070/1091
f 1289/2045/1092 1309/5302/1095 1308/2071/1093
f 1290/2072/1094 1310/2076/1097 1309/2073/1095
f 1291/2075/1096 1311/2078/1099 1310/2076/1097
f 1291/2075/1096 1292/2080/1101 1312/2077/1098
f 1293/2079/1100 1313/2110/1103 1312/2077/1098
f 1293/2052/1100 1294/2051/1105 1314/2081/1102
f 1295/2054/1104 1315/2083/1107 1314/2081/1102
f 1296/2053/1106 1316/2084/1108 1315/2083/1107
f 1277/2033/1069 1297/2056/1071 1316/2084/1108
f 1297/2085/1071 1298/2088/1070 1318/2086/1109
f 1298/2088/1070 1299/2058/1075 1319/2089/1111
f 1300/2061/1077 1320/2090/1112 1319/2089/1111
f 1301/2063/1079 1321/2092/1114 1320/2090/1112
f 1301/2063/1079 1302/2065/1081 1322/2091/1113
f 1303/2093/1083 1323/2095/1116 1322/2091/1113
f 1303/2093/1083 1304/2097/1082 1324/2094/1115
f 1305/2096/1085 1325/2099/1117 1324/2094/1115
f 1306/2098/1089 1326/2101/1119 1325/2099/1117
f 1306/2098/1089 1307/2102/1091 1327/2100/1118
f 1307/2102/1091 1308/2104/1093 1328/2103/1120
f 1308/2104/1093 1309/2073/1095 1329/2105/1121
f 1310/2076/1097 1330/2106/1122 1329/2105/1121
f 1311/2078/1099 1331/2108/1124 1330/2106/1122
f 1311/2078/1099 1312/2077/1098 1332/2107/1123
f 1312/2077/1098 1313/2110/1103 1333/2109/1125
f 1313/2110/1103 1314/2113/1102 1334/2111/1126
f 1315/2112/1107 1335/2115/1128 1334/2111/1126
f 1315/2112/1107 1316/2116/1108 1336/2114/1127
f 1316/2116/1108 1297/2085/1071 1317/2087/1110
f 1317/2117/364 1318/2121/363 1338/2118/1129
f 1319/2120/366 1339/5303/1131 1338/2118/1129
f 1320/2122/365 1340/2126/1132 1339/2123/1131
f 1321/2125/32 1341/2128/1133 1340/2126/1132
f 1322/2127/367 1342/2130/1134 1341/2128/1133
f 1323/2129/368 1343/5304/1135 1342/2130/1134
f 1324/2131/369 1344/2135/1137 1343/2132/1135
f 1324/2131/369 1325/2136/370 1345/2134/1136
f 1325/2136/370 1326/2139/22 1346/2137/1138
f 1327/2138/371 1347/2141/1139 1346/2137/1138
f 1328/2140/372 1348/2143/1140 1347/2141/1139
f 1329/2142/374 1349/5305/1142 1348/2143/1140
f 1329/2144/374 1330/2147/373 1350/2145/1141
f 1330/2147/373 1331/2150/42 1351/2148/1143
f 1332/2149/375 1352/2152/1144 1351/2148/1143
f 1333/2151/376 1353/5306/1145 1352/2152/1144
f 1334/2153/377 1354/2157/1146 1353/2154/1145
f 1335/2156/378 1355/2159/1147 1354/2157/1146
f 1336/2158/21 1356/2160/1148 1355/2159/1147
f 1336/2158/21 1317/2117/364 1337/2119/1130
f 1338/2118/1129 1358/2163/1151 1357/2161/1149
f 1338/2118/1129 1339/5303/1131 1359/2162/1150
f 1339/2164/1131 1340/2167/1132 1360/2165/1152
f 1340/2167/1132 1341/2169/1133 1361/2168/1153
f 1341/2169/1133 1342/2172/1134 1362/2170/1154
f 1343/2171/1135 1363/2201/1155 1362/2170/1154
f 1344/2135/1137 1364/2174/1156 1363/2173/1155
f 1345/2134/1136 1365/2175/1157 1364/2174/1156
f 1346/2137/1138 1366/2176/1158 1365/2175/1157
f 1347/2141/1139 1367/2177/1159 1366/2176/1158
f 1348/2143/1140 1368/2179/1161 1367/2177/1159
f 1348/2143/1140 1349/5305/1142 1369/2178/1160
f 1349/2180/1142 1350/2184/1141 1370/2181/1162
f 1351/2183/1143 1371/2186/1163 1370/2181/1162
f 1352/2185/1144 1372/2188/1165 1371/2186/1163
f 1352/2185/1144 1353/5307/1145 1373/2187/1164
f 1354/2157/1146 1374/2190/1166 1373/2189/1164
f 1355/2159/1147 1375/2192/1168 1374/2190/1166
f 1355/2159/1147 1356/2160/1148 1376/2191/1167
f 1356/2160/1148 1337/2119/1130 1357/2161/1149
f 1358/2163/1151 1378/5308/1170 1377/2193/1169
f 1359/2166/1150 1379/2197/1172 1378/2194/1170
f 1359/2166/1150 1360/2165/1152 1380/2196/1171
f 1361/2168/1153 1381/2199/1174 1380/2196/1171
f 1361/2168/1153 1362/2170/1154 1382/2198/1173
f 1362/2170/1154 1363/2201/1155 1383/2200/1175
f 1363/2201/1155 1364/5309/1156 1384/2202/1176
f 1364/2174/1156 1365/2175/1157 1385/2203/1177
f 1366/2176/1158 1386/2206/1179 1385/2203/1177
f 1366/2176/1158 1367/2177/1159 1387/2205/1178
f 1368/2179/1161 1388/5310/1181 1387/2205/1178
f 1368/2207/1161 1369/2182/1160 1389/2208/1180
f 1370/2181/1162 1390/2210/1182 1389/2208/1180
f 1371/2186/1163 1391/2211/1183 1390/2210/1182
f 1372/2188/1165 1392/2213/1185 1391/2211/1183
f 1372/2188/1165 1373/2187/1164 1393/2212/1184
f 1374/2214/1166 1394/2222/1186 1393/2212/1184
f 1375/2192/1168 1395/2217/1188 1394/2215/1186
f 1375/2192/1168 1376/2191/1167 1396/2216/1187
f 1376/2191/1167 1357/2161/1149 1377/2193/1169
f 1377/2218/1169 1378/2194/1170 1398/1928/1189
f 1378/2194/1170 1379/2197/1172 1400/1930/1191
f 1380/2196/1171 1401/1931/1193 1400/1930/1191
f 1380/2196/1171 1381/2199/1174 1402/1932/1192
f 1382/2198/1173 1403/1933/1194 1402/1932/1192
f 1383/2200/1175 1404/1934/1195 1403/1933/1194
f 1384/2202/1176 1405/1935/1196 1404/1934/1195
f 1385/2219/1177 1406/1936/1197 1405/1935/1196
f 1386/2220/1179 1407/1937/1198 1406/1936/1197
f 1387/2221/1178 1408/1938/1199 1407/1937/1198
f 1388/2209/1181 1409/1939/1200 1408/1938/1199
f 1389/2208/1180 1410/1940/1201 1409/1939/1200
f 1390/2210/1182 1411/1941/1202 1410/1940/1201
f 1391/2211/1183 1412/1942/1203 1411/1941/1202
f 1392/2213/1185 1413/1943/1204 1412/1942/1203
f 1393/2212/1184 1414/1944/1205 1413/1943/1204
f 1394/2222/1186 1415/1945/1206 1414/1944/1205
f 1395/2223/1188 1416/1946/1208 1415/1945/1206
f 1395/2223/1188 1396/2224/1187 1417/1947/1207
f 1396/2224/1187 1377/2218/1169 1397/1927/1190
f 1419/2225/363 1439/2229/363 1438/2226/364
f 1420/2228/366 1440/5311/366 1439/2229/363
f 1421/2230/365 1441/2234/365 1440/2231/366
f 1422/2233/32 1442/2236/32 1441/2234/365
f 1423/2235/367 1443/2238/367 1442/2236/32
f 1424/2237/368 1444/5312/368 1443/2238/367
f 1425/2239/369 1445/2243/369 1444/2240/368
f 1426/2242/370 1446/2245/370 1445/2243/369
f 1427/2244/22 1447/2247/22 1446/2245/370
f 1428/2246/371 1448/2249/371 1447/2247/22
f 1429/2248/372 1449/2251/372 1448/2249/371
f 1430/2250/374 1450/5313/374 1449/2251/372
f 1431/2252/373 1451/2256/373 1450/2253/374
f 1432/2255/42 1452/2258/42 1451/2256/373
f 1433/2257/375 1453/2260/375 1452/2258/42
f 1434/2259/376 1454/5314/376 1453/2260/375
f 1435/2261/377 1455/2265/377 1454/2262/376
f 1436/2264/378 1456/2267/378 1455/2265/377
f 1437/2266/21 1457/2268/21 1456/2267/378
f 1418/2227/364 1438/2226/364 1457/2268/21
f 1439/2311/25 1460/2315/25 1459/2312/25
f 1439/2311/25 1440/2316/25 1461/2314/25
f 1440/2316/25 1441/2318/25 1462/2317/25
f 1441/2318/25 1442/2321/25 1463/2319/25
f 1443/2320/25 1464/2323/25 1463/2319/25
f 1443/2320/25 1444/2325/25 1465/2322/25
f 1445/2324/25 1466/2327/25 1465/2322/25
f 1446/2326/25 1467/2329/25 1466/2327/25
f 1447/2328/25 1468/2331/25 1467/2329/25
f 1448/2330/25 1469/2333/25 1468/2331/25
f 1448/2330/25 1449/2334/25 1470/2332/25
f 1449/2334/25 1450/2337/25 1471/2335/25
f 1451/2336/25 1472/2339/25 1471/2335/25
f 1451/2336/25 1452/2341/25 1473/2338/25
f 1453/2340/25 1474/2343/25 1473/2338/25
f 1453/2340/25 1454/2345/25 1475/2342/25
f 1455/2344/25 1476/2347/25 1475/2342/25
f 1455/2344/25 1456/2348/25 1477/2346/25
f 1456/2348/25 1457/2350/25 1478/2349/25
f 1438/2313/25 1459/2312/25 1478/2349/25
f 1460/2351/363 1480/2355/363 1479/2352/1209
f 1461/2354/366 1481/5315/1211 1480/2355/363
f 1461/2356/366 1462/2360/365 1482/2357/1210
f 1463/2359/32 1483/2362/719 1482/2357/1210
f 1464/2361/367 1484/2364/367 1483/2362/719
f 1465/2363/368 1485/5316/718 1484/2364/367
f 1466/2365/369 1486/2369/369 1485/2366/718
f 1467/2368/370 1487/2371/370 1486/2369/369
f 1468/2370/22 1488/2373/22 1487/2371/370
f 1469/2372/371 1489/2375/371 1488/2373/22
f 1470/2374/372 1490/2377/372 1489/2375/371
f 1471/2376/374 1491/5317/374 1490/2377/372
f 1472/2378/373 1492/2382/373 1491/2379/374
f 1473/2381/42 1493/2384/42 1492/2382/373
f 1473/2381/42 1474/2385/375 1494/2383/1212
f 1474/2385/375 1475/5318/376 1495/2386/376
f 1475/2387/376 1476/2390/377 1496/2388/1213
f 1476/2390/377 1477/2393/378 1497/2391/378
f 1478/2392/21 1498/2394/21 1497/2391/378
f 1459/2353/364 1479/2352/1209 1498/2394/21
f 1479/2395/35 1480/2398/35 1500/2396/35
f 1480/2398/35 1481/2401/35 1501/2399/35
f 1482/2400/35 1502/2403/35 1501/2399/35
f 1483/2402/35 1503/2405/35 1502/2403/35
f 1483/2402/35 1484/2407/35 1504/2404/35
f 1485/2406/35 1505/2409/35 1504/2404/35
f 1486/2408/35 1506/2411/35 1505/2409/35
f 1486/2408/35 1487/2412/35 1507/2410/35
f 1487/2412/35 1488/2414/35 1508/2413/35
f 1488/2414/35 1489/2416/35 1509/2415/35
f 1489/2416/35 1490/2418/35 1510/2417/35
f 1490/2418/35 1491/2420/35 1511/2419/35
f 1491/2420/35 1492/2423/35 1512/2421/35
f 1493/2422/35 1513/2425/35 1512/2421/35
f 1493/2422/35 1494/2426/35 1514/2424/35
f 1494/2426/35 1495/2429/35 1515/2427/35
f 1496/2428/35 1516/2431/35 1515/2427/35
f 1497/2430/35 1517/2433/35 1516/2431/35
f 1498/2432/35 1518/2434/35 1517/2433/35
f 1479/2395/35 1499/2397/35 1518/2434/35
f 1500/2435/363 1520/2439/363 1519/2436/364
f 1501/2438/715 1521/5319/1214 1520/2439/363
f 1502/2440/1210 1522/2444/1215 1521/2441/1214
f 1503/2443/719 1523/2446/719 1522/2444/1215
f 1503/2443/719 1504/2447/716 1524/2445/367
f 1504/2447/716 1505/5320/718 1525/2448/721
f 1506/2449/369 1526/2453/369 1525/2450/721
f 1507/2452/370 1527/2455/723 1526/2453/369
f 1508/2454/22 1528/2457/22 1527/2455/723
f 1509/2456/371 1529/2459/371 1528/2457/22
f 1509/2456/371 1510/2461/372 1530/2458/372
f 1511/2460/374 1531/5321/1216 1530/2458/372
f 1512/2462/373 1532/2466/373 1531/2463/1216
f 1512/2462/373 1513/2468/42 1533/2465/1217
f 1514/2467/1212 1534/2470/1212 1533/2465/1217
f 1514/2467/1212 1515/5322/376 1535/2469/376
f 1516/2471/1213 1536/2475/377 1535/2472/376
f 1516/2471/1213 1517/2476/378 1537/2474/378
f 1517/2476/378 1518/2478/21 1538/2477/21
f 1499/2437/1209 1519/2436/364 1538/2477/21
f 1519/2479/35 1520/2482/35 1540/2480/35
f 1520/2482/35 1521/2485/35 1541/2483/35
f 1522/2484/35 1542/2487/35 1541/2483/35
f 1523/2486/35 1543/2489/35 1542/2487/35
f 1523/2486/35 1524/2491/35 1544/2488/35
f 1525/2490/35 1545/2493/35 1544/2488/35
f 1526/2492/35 1546/2495/35 1545/2493/35
f 1526/2492/35 1527/2496/35 1547/2494/35
f 1527/2496/35 1528/2499/35 1548/2497/35
f 1529/2498/35 1549/2501/35 1548/2497/35
f 1529/2498/35 1530/2503/35 1550/2500/35
f 1531/2502/35 1551/2505/35 1550/2500/35
f 1532/2504/35 1552/2507/35 1551/2505/35
f 1532/2504/35 1533/2508/35 1553/2506/35
f 1533/2508/35 1534/2510/35 1554/2509/35
f 1534/2510/35 1535/2513/35 1555/2511/35
f 1536/2512/35 1556/2515/35 1555/2511/35
f 1536/2512/35 1537/2517/35 1557/2514/35
f 1538/2516/35 1558/2518/35 1557/2514/35
f 1538/2516/35 1519/2479/35 1539/2481/35
f 1540/2519/1218 1560/2523/1218 1559/2520/1218
f 1541/2522/1219 1562/5323/1219 1560/2523/1219
f 1542/2524/1220 1563/2528/1220 1562/2525/1220
f 1543/2527/1221 1564/2530/1221 1563/2528/1221
f 1544/2529/1222 1565/2532/1222 1564/2530/1222
f 1545/2531/1223 1566/5324/1223 1565/2532/1223
f 1546/2533/827 1567/2537/827 1566/2534/827
f 1547/2536/1224 1568/2539/1224 1567/2537/1224
f 1548/2538/1225 1569/2541/1225 1568/2539/1225
f 1549/2540/1226 1570/2543/1226 1569/2541/1226
f 1550/2542/1227 1571/2545/1227 1570/2543/1227
f 1551/2544/828 1572/5325/828 1571/2545/828
f 1552/2546/1228 1573/2550/1228 1572/2547/1228
f 1553/2549/1229 1574/2552/1229 1573/2550/1229
f 1554/2551/1230 1575/2554/1230 1574/2552/1230
f 1555/2553/1231 1576/5326/1231 1575/2554/1231
f 1556/2555/836 1577/2559/836 1576/2556/836
f 1557/2558/1232 1578/2561/1232 1577/2559/1232
f 1558/2560/1233 1579/2562/1233 1578/2561/1233
f 1539/2521/1234 1559/2520/1234 1579/2562/1234
f 1581/2563/1235 1601/2567/1238 1600/2564/185
f 1581/2563/1235 1582/2568/1239 1602/2566/1237
f 1582/2568/1239 1583/2571/191 1603/2569/188
f 1584/2570/190 1604/2573/193 1603/2569/188
f 1584/2570/190 1585/2575/195 1605/2572/1240
f 1586/2574/1241 1606/2577/197 1605/2572/1240
f 1587/2576/1242 1607/2579/199 1606/2577/197
f 1587/2576/1242 1588/2581/1245 1608/2578/1243
f 1589/2580/1244 1609/2583/1247 1608/2578/1243
f 1589/2580/1244 1590/2585/1249 1610/2582/1246
f 1591/2584/1248 1611/2587/1250 1610/2582/1246
f 1592/2586/206 1612/2589/209 1611/2587/1250
f 1593/2588/208 1613/2591/1251 1612/2589/209
f 1594/2590/210 1614/2593/213 1613/2591/1251
f 1594/2590/210 1595/2594/214 1615/2592/1252
f 1595/2594/214 1596/2596/216 1616/2595/215
f 1596/2596/216 1597/2598/1254 1617/2597/1253
f 1597/2598/1254 1598/2601/1257 1618/2599/1255
f 1599/2600/1256 1619/2602/1258 1618/2599/1255
f 1580/2565/1236 1600/2564/185 1619/2602/1258
f 1601/2567/1238 1621/2604/1259 1620/2603/223
f 1602/2566/1237 1622/2605/1260 1621/2604/1259
f 1603/2569/188 1623/2606/1261 1622/2605/1260
f 1604/2573/193 1624/2608/1262 1623/2606/1261
f 1604/2573/193 1605/2572/1240 1625/2607/227
f 1605/2572/1240 1606/2577/197 1626/2609/1263
f 1606/2577/197 1607/2579/199 1627/2610/230
f 1607/2579/199 1608/2578/1243 1628/2611/231
f 1608/2578/1243 1609/2583/1247 1629/2612/1264
f 1610/2582/1246 1630/2613/1265 1629/2612/1264
f 1611/2587/1250 1631/2614/1266 1630/2613/1265
f 1612/2589/209 1632/2615/235 1631/2614/1266
f 1613/2591/1251 1633/2617/1268 1632/2615/235
f 1613/2591/1251 1614/2593/213 1634/2616/1267
f 1615/2592/1252 1635/2619/238 1634/2616/1267
f 1615/2592/1252 1616/2595/215 1636/2618/1269
f 1616/2595/215 1617/2597/1253 1637/2620/239
f 1618/2599/1255 1638/2622/1271 1637/2620/239
f 1618/2599/1255 1619/2602/1258 1639/2621/1270
f 1600/2564/185 1620/2603/223 1639/2621/1270
f 1621/2604/1259 1641/2624/1272 1640/2623/244
f 1622/2605/1260 1642/2626/245 1641/2624/1272
f 1622/2605/1260 1623/2606/1261 1643/2625/1273
f 1623/2606/1261 1624/2608/1262 1644/2627/1274
f 1625/2607/227 1645/2629/1275 1644/2627/1274
f 1625/2607/227 1626/2609/1263 1646/2628/249
f 1627/2610/230 1647/2631/1277 1646/2628/249
f 1627/2610/230 1628/2611/231 1648/2630/1276
f 1629/2632/1264 1649/2636/1279 1648/2633/1276
f 1629/2632/1264 1630/5327/1265 1650/2635/1278
f 1630/2613/1265 1631/2614/1266 1651/2637/253
f 1631/2614/1266 1632/2615/235 1652/2639/1280
f 1632/2615/235 1633/2617/1268 1653/2640/1281
f 1633/2617/1268 1634/2616/1267 1654/2641/1282
f 1635/2619/238 1655/2642/1283 1654/2641/1282
f 1636/2618/1269 1656/2643/1284 1655/2642/1283
f 1637/2620/239 1657/2644/261 1656/2643/1284
f 1638/2622/1271 1658/5328/1285 1657/2644/261
f 1639/2645/1270 1659/2649/262 1658/2646/1285
f 1639/2645/1270 1620/5329/223 1640/2648/244
f 1641/2650/1272 1661/2676/1286 1660/2651/264
f 1642/2626/245 1662/2654/1288 1661/2652/1286
f 1642/2626/245 1643/2625/1273 1663/2653/1287
f 1644/2627/1274 1664/2656/1289 1663/2653/1287
f 1644/2627/1274 1645/2629/1275 1665/2655/268
f 1646/2628/249 1666/2658/269 1665/2655/268
f 1646/2628/249 1647/2631/1277 1667/2657/1290
f 1647/2659/1277 1648/2633/1276 1668/2660/1291
f 1648/2633/1276 1649/2636/1279 1669/2662/1292
f 1650/2635/1278 1670/2664/1293 1669/2662/1292
f 1651/2663/253 1671/2691/275 1670/2664/1293
f 1652/2639/1280 1672/2667/1295 1671/2665/275
f 1652/2639/1280 1653/2640/1281 1673/2666/1294
f 1654/2641/1282 1674/2669/278 1673/2666/1294
f 1654/2641/1282 1655/2642/1283 1675/2668/1296
f 1656/2643/1284 1676/2671/1298 1675/2668/1296
f 1656/2643/1284 1657/2644/261 1677/2670/1297
f 1657/2672/261 1658/2646/1285 1678/2673/280
f 1658/2646/1285 1659/2649/262 1679/2675/282
f 1640/2648/244 1660/2651/264 1679/2675/282
f 1661/2676/1286 1681/2679/1300 1680/2677/284
f 1661/2676/1286 1662/5330/1288 1682/2678/1299
f 1663/2653/1287 1683/2682/1302 1682/2680/1299
f 1663/2653/1287 1664/2656/1289 1684/2681/1301
f 1665/2655/268 1685/2683/288 1684/2681/1301
f 1666/2658/269 1686/5331/289 1685/2683/288
f 1667/2661/1290 1687/2686/290 1686/2684/289
f 1668/2660/1291 1688/2687/292 1687/2686/290
f 1669/2662/1292 1689/2689/1304 1688/2687/292
f 1669/2662/1292 1670/2664/1293 1690/2688/1303
f 1670/2664/1293 1671/2691/275 1691/2690/1305
f 1671/2691/275 1672/5332/1295 1692/2692/1306
f 1673/2666/1294 1693/2694/1307 1692/2693/1306
f 1674/2669/278 1694/2695/297 1693/2694/1307
f 1675/2668/1296 1695/2697/298 1694/2695/297
f 1675/2668/1296 1676/2671/1298 1696/2696/1308
f 1677/2674/1297 1697/2700/1309 1696/2698/1308
f 1678/2673/280 1698/2701/1310 1697/2700/1309
f 1679/2675/282 1699/2702/1311 1698/2701/1310
f 1660/2651/264 1680/2677/284 1699/2702/1311
f 1681/2679/1300 1701/2704/1312 1700/2703/303
f 1682/2678/1299 1702/5333/1314 1701/2704/1312
f 1682/2680/1299 1683/2682/1302 1703/2705/1313
f 1683/2682/1302 1684/2681/1301 1704/2707/1315
f 1685/2683/288 1705/2709/1316 1704/2707/1315
f 1685/2683/288 1686/5331/289 1706/2708/309
f 1687/2686/290 1707/2711/1317 1706/2710/309
f 1688/2687/292 1708/2713/1318 1707/2711/1317
f 1688/2687/292 1689/2689/1304 1709/2712/312
f 1689/2689/1304 1690/2688/1303 1710/2714/1319
f 1690/2688/1303 1691/2690/1305 1711/2715/1320
f 1692/2692/1306 1712/5334/1321 1711/2715/1320
f 1693/2694/1307 1713/2717/1322 1712/2716/1321
f 1694/2695/297 1714/2719/318 1713/2717/1322
f 1694/2695/297 1695/2697/298 1715/2718/317
f 1695/2697/298 1696/2696/1308 1716/2720/1323
f 1697/2700/1309 1717/2722/1324 1716/2721/1323
f 1698/2701/1310 1718/2723/1325 1717/2722/1324
f 1699/2702/1311 1719/2724/1326 1718/2723/1325
f 1680/2677/284 1700/2703/303 1719/2724/1326
f 1701/2704/1312 1721/2727/1329 1720/2725/1327
f 1701/2704/1312 1702/5333/1314 1722/2726/1328
f 1703/2728/1313 1723/2732/326 1722/2729/1328
f 1703/2728/1313 1704/2734/1315 1724/2731/1330
f 1705/2733/1316 1725/2736/1332 1724/2731/1330
f 1705/2733/1316 1706/5335/309 1726/2735/1331
f 1706/2710/309 1707/2711/1317 1727/2737/329
f 1707/2711/1317 1708/2713/1318 1728/2739/1333
f 1708/2713/1318 1709/2712/312 1729/2740/1334
f 1710/2714/1319 1730/2741/1335 1729/2740/1334
f 1711/2715/1320 1731/2743/1337 1730/2741/1335
f 1711/2715/1320 1712/5334/1321 1732/2742/1336
f 1712/2744/1321 1713/2748/1322 1733/2745/1338
f 1714/2747/318 1734/2750/1339 1733/2745/1338
f 1715/2749/317 1735/2752/1340 1734/2750/1339
f 1716/2751/1323 1736/2775/1341 1735/2752/1340
f 1716/2721/1323 1717/2722/1324 1737/2753/340
f 1717/2722/1324 1718/2723/1325 1738/2755/341
f 1718/2723/1325 1719/2724/1326 1739/2756/1342
f 1700/2703/303 1720/2725/1327 1739/2756/1342
f 1720/2725/1327 1721/2727/1329 1741/2757/1343
f 1721/2727/1329 1722/2726/1328 1742/2759/344
f 1722/2729/1328 1723/2732/326 1743/2760/1344
f 1724/2731/1330 1744/2762/348 1743/2760/1344
f 1725/2736/1332 1745/2763/1345 1744/2762/348
f 1726/2735/1331 1746/5336/1346 1745/2763/1345
f 1727/2737/329 1747/2766/351 1746/2764/1346
f 1727/2737/329 1728/2739/1333 1748/2765/1347
f 1728/2739/1333 1729/2740/1334 1749/2767/1348
f 1730/2741/1335 1750/2769/1349 1749/2767/1348
f 1730/2741/1335 1731/2743/1337 1751/2768/354
f 1731/2743/1337 1732/2742/1336 1752/2770/1350
f 1732/2746/1336 1733/2745/1338 1753/2771/356
f 1734/2750/1339 1754/2774/1352 1753/2771/356
f 1734/2750/1339 1735/2752/1340 1755/2773/1351
f 1736/2775/1341 1756/5337/1353 1755/2773/1351
f 1737/2753/340 1757/2778/1355 1756/2776/1353
f 1737/2753/340 1738/2755/341 1758/2777/1354
f 1739/2756/1342 1759/2779/1356 1758/2777/1354
f 1720/2725/1327 1740/2758/343 1759/2779/1356
f 1740/2758/343 1741/2757/1343 1761/2780/363
f 1741/2757/1343 1742/2759/344 1762/2782/366
f 1742/2761/344 1743/2760/1344 1763/2783/365
f 1744/2762/348 1764/2786/32 1763/2783/365
f 1744/2762/348 1745/2763/1345 1765/2785/367
f 1745/2763/1345 1746/5336/1346 1766/2787/368
f 1747/2766/351 1767/2789/369 1766/2788/368
f 1748/2765/1347 1768/2790/370 1767/2789/369
f 1749/2767/1348 1769/2792/22 1768/2790/370
f 1749/2767/1348 1750/2769/1349 1770/2791/371
f 1750/2769/1349 1751/2768/354 1771/2793/372
f 1752/2770/1350 1772/5338/374 1771/2793/372
f 1753/2771/356 1773/2796/373 1772/2794/374
f 1753/2771/356 1754/2774/1352 1774/2795/42
f 1754/2774/1352 1755/2773/1351 1775/2797/375
f 1755/2773/1351 1756/5337/1353 1776/2798/376
f 1757/2778/1355 1777/2801/377 1776/2799/376
f 1757/2778/1355 1758/2777/1354 1778/2800/378
f 1759/2779/1356 1779/2802/21 1778/2800/378
f 1759/2779/1356 1740/2758/343 1760/2781/364
f 1761/2780/363 1781/2804/1358 1780/2803/1357
f 1762/2782/366 1782/5339/382 1781/2804/1358
f 1763/2783/365 1783/2807/1360 1782/2805/382
f 1763/2783/365 1764/2786/32 1784/2806/1359
f 1765/2785/367 1785/2808/384 1784/2806/1359
f 1766/2787/368 1786/5340/1362 1785/2808/384
f 1766/2788/368 1767/2789/369 1787/2809/1361
f 1767/2789/369 1768/2790/370 1788/2811/1363
f 1768/2790/370 1769/2792/22 1789/2812/1364
f 1770/2791/371 1790/2814/1366 1789/2812/1364
f 1770/2791/371 1771/2793/372 1791/2813/1365
f 1771/2793/372 1772/5338/374 1792/2815/1367
f 1772/2794/374 1773/2796/373 1793/2816/1368
f 1774/2795/42 1794/2819/1370 1793/2816/1368
f 1774/2795/42 1775/2797/375 1795/2818/1369
f 1776/2798/376 1796/5341/1371 1795/2818/1369
f 1776/2799/376 1777/2801/377 1797/2820/396
f 1777/2801/377 1778/2800/378 1798/2822/397
f 1778/2800/378 1779/2802/21 1799/2823/1372
f 1760/2781/364 1780/2803/1357 1799/2823/1372
f 1781/2804/1358 1801/2826/1374 1800/2824/400
f 1781/2804/1358 1782/5339/382 1802/2825/1373
f 1783/2807/1360 1803/2829/1375 1802/2827/1373
f 1783/2807/1360 1784/2806/1359 1804/2828/403
f 1784/2806/1359 1785/2808/384 1805/2830/1376
f 1785/2808/384 1786/5340/1362 1806/2831/1377
f 1786/2810/1362 1787/2809/1361 1807/2832/405
f 1788/2811/1363 1808/2834/408 1807/2832/405
f 1789/2812/1364 1809/2835/1378 1808/2834/408
f 1790/2814/1366 1810/2836/1379 1809/2835/1378
f 1791/2813/1365 1811/2837/1380 1810/2836/1379
f 1792/2815/1367 1812/2859/1381 1811/2837/1380
f 1792/2817/1367 1793/2816/1368 1813/2838/411
f 1794/2819/1370 1814/2840/413 1813/2838/411
f 1795/2818/1369 1815/2842/415 1814/2840/413
f 1795/2818/1369 1796/5341/1371 1816/2841/1382
f 1796/2821/1371 1797/2820/396 1817/2843/416
f 1797/2820/396 1798/2822/397 1818/2845/417
f 1799/2823/1372 1819/2846/1383 1818/2845/417
f 1780/2803/1357 1800/2824/400 1819/2846/1383
f 1800/2824/400 1801/2826/1374 1821/2847/1384
f 1802/2825/1373 1822/2871/1386 1821/2847/1384
f 1802/2827/1373 1803/2829/1375 1823/2849/1385
f 1804/2828/403 1824/2852/1388 1823/2849/1385
f 1804/2828/403 1805/2830/1376 1825/2851/1387
f 1806/2831/1377 1826/5342/1389 1825/2851/1387
f 1807/2832/405 1827/2854/1390 1826/2853/1389
f 1808/2834/408 1828/2855/1391 1827/2854/1390
f 1809/2835/1378 1829/2857/428 1828/2855/1391
f 1809/2835/1378 1810/2836/1379 1830/2856/1392
f 1810/2836/1379 1811/2837/1380 1831/2858/1393
f 1812/2859/1381 1832/2886/1394 1831/2858/1393
f 1812/2839/1381 1813/2838/411 1833/2860/431
f 1813/2838/411 1814/2840/413 1834/2862/433
f 1815/2842/415 1835/2864/434 1834/2862/433
f 1815/2842/415 1816/2841/1382 1836/2863/1395
f 1816/2844/1382 1817/2843/416 1837/2865/1396
f 1817/2843/416 1818/2845/417 1838/2867/1397
f 1819/2846/1383 1839/2868/438 1838/2867/1397
f 1819/2846/1383 1800/2824/400 1820/2848/419
f 1820/2848/419 1821/2847/1384 1841/2869/1398
f 1822/2871/1386 1842/5343/442 1841/2869/1398
f 1823/2872/1385 1843/2876/1399 1842/2873/442
f 1824/2875/1388 1844/2878/1401 1843/2876/1399
f 1824/2875/1388 1825/2880/1387 1845/2877/1400
f 1826/2879/1389 1846/2908/446 1845/2877/1400
f 1826/2853/1389 1827/2854/1390 1847/2881/445
f 1827/2854/1390 1828/2855/1391 1848/2883/1402
f 1828/2855/1391 1829/2857/428 1849/2884/1403
f 1829/2857/428 1830/2856/1392 1850/2885/448
f 1831/2858/1393 1851/2887/1404 1850/2885/448
f 1832/2886/1394 1852/2914/1405 1851/2887/1404
f 1832/2888/1394 1833/2891/431 1853/2889/451
f 1833/2891/431 1834/2894/433 1854/2892/1406
f 1835/2893/434 1855/2896/1408 1854/2892/1406
f 1835/2893/434 1836/5344/1395 1856/2895/1407
f 1837/2865/1396 1857/2899/456 1856/2897/1407
f 1837/2865/1396 1838/2867/1397 1858/2898/1409
f 1838/2867/1397 1839/2868/438 1859/2900/1410
f 1820/2848/419 1840/2870/439 1859/2900/1410
f 1840/2870/439 1841/2869/1398 1861/2901/1411
f 1841/2869/1398 1842/5343/442 1862/2903/1412
f 1842/2873/442 1843/2876/1399 1863/2904/1413
f 1844/2878/1401 1864/2907/1415 1863/2904/1413
f 1844/2878/1401 1845/2877/1400 1865/2906/1414
f 1846/2908/446 1866/2930/1416 1865/2906/1414
f 1847/2881/445 1867/2910/1417 1866/2909/1416
f 1848/2883/1402 1868/2912/1419 1867/2910/1417
f 1848/2883/1402 1849/2884/1403 1869/2911/1418
f 1850/2885/448 1870/2913/1420 1869/2911/1418
f 1851/2887/1404 1871/2915/1421 1870/2913/1420
f 1852/2914/1405 1872/5345/1423 1871/2915/1421
f 1852/2890/1405 1853/2889/451 1873/2916/1422
f 1854/2892/1406 1874/2919/473 1873/2916/1422
f 1854/2892/1406 1855/2896/1408 1875/2918/1424
f 1856/2895/1407 1876/2944/1426 1875/2918/1424
f 1856/2897/1407 1857/2899/456 1877/2920/1425
f 1857/2899/456 1858/2898/1409 1878/2922/476
f 1858/2898/1409 1859/2900/1410 1879/2923/478
f 1859/2900/1410 1840/2870/439 1860/2902/459
f 1861/2901/1411 1881/5346/1428 1880/2924/479
f 1861/2925/1411 1862/2905/1412 1882/2926/1427
f 1863/2904/1413 1883/2929/1429 1882/2926/1427
f 1863/2904/1413 1864/2907/1415 1884/2928/483
f 1865/2906/1414 1885/2931/1430 1884/2928/483
f 1866/2930/1416 1886/2933/1431 1885/2931/1430
f 1867/2932/1417 1887/2961/1432 1886/2933/1431
f 1868/2912/1419 1888/2935/1433 1887/2934/1432
f 1869/2911/1418 1889/2937/1434 1888/2935/1433
f 1869/2911/1418 1870/2913/1420 1890/2936/489
f 1870/2913/1420 1871/2915/1421 1891/2938/1435
f 1871/2939/1421 1872/2917/1423 1892/2940/1436
f 1873/2916/1422 1893/2943/1438 1892/2940/1436
f 1873/2916/1422 1874/2919/473 1894/2942/1437
f 1875/2918/1424 1895/2945/494 1894/2942/1437
f 1876/2944/1426 1896/2947/1439 1895/2945/494
f 1877/2946/1425 1897/2973/1440 1896/2947/1439
f 1878/2922/476 1898/2949/497 1897/2948/1440
f 1879/2923/478 1899/2950/1441 1898/2949/497
f 1879/2923/478 1860/2902/459 1880/2924/479
f 1880/2951/479 1881/2927/1428 1901/2952/1442
f 1881/2927/1428 1882/2926/1427 1902/2954/1443
f 1883/2929/1429 1903/2955/1444 1902/2954/1443
f 1884/2928/483 1904/2957/504 1903/2955/1444
f 1884/2928/483 1885/2931/1430 1905/2956/503
f 1885/2931/1430 1886/2933/1431 1906/2958/1445
f 1886/2933/1431 1887/2961/1432 1907/2959/505
f 1888/2960/1433 1908/2985/1447 1907/2959/505
f 1888/2935/1433 1889/2937/1434 1909/2962/1446
f 1890/2936/489 1910/5347/1448 1909/2962/1446
f 1891/2941/1435 1911/2966/510 1910/2964/1448
f 1892/2940/1436 1912/2967/1449 1911/2966/510
f 1893/2943/1438 1913/2968/1450 1912/2967/1449
f 1894/2942/1437 1914/2970/1452 1913/2968/1450
f 1894/2942/1437 1895/2945/494 1915/2969/1451
f 1895/2945/494 1896/2947/1439 1916/2971/1453
f 1896/2947/1439 1897/2973/1440 1917/2972/515
f 1897/2973/1440 1898/5348/497 1918/2974/1454
f 1898/2949/497 1899/2950/1441 1919/2975/1455
f 1899/2950/1441 1880/2924/479 1900/2977/500
f 1900/2953/500 1901/2952/1442 1921/2978/1456
f 1901/2952/1442 1902/2954/1443 1922/2980/1457
f 1902/2954/1443 1903/2955/1444 1923/2981/1458
f 1903/2955/1444 1904/2957/504 1924/2982/1459
f 1905/2956/503 1925/2983/1460 1924/2982/1459
f 1906/2958/1445 1926/2984/525 1925/2983/1460
f 1907/2959/505 1927/2986/526 1926/2984/525
f 1908/2985/1447 1928/2988/1461 1927/2986/526
f 1909/2987/1446 1929/2990/1463 1928/2988/1461
f 1909/2987/1446 1910/2964/1448 1930/2989/1462
f 1910/2964/1448 1911/2966/510 1931/2991/1464
f 1911/2966/510 1912/2967/1449 1932/2992/530
f 1912/2967/1449 1913/2968/1450 1933/2993/1465
f 1914/2970/1452 1934/2995/1467 1933/2993/1465
f 1914/2970/1452 1915/2969/1451 1935/2994/1466
f 1916/2971/1453 1936/2996/1468 1935/2994/1466
f 1917/2972/515 1937/2998/537 1936/2996/1468
f 1917/2972/515 1918/2974/1454 1938/2997/1469
f 1918/2974/1454 1919/3000/1455 1939/2999/538
f 1919/3000/1455 1900/2953/500 1920/2979/519
f 1920/2979/519 1921/2978/1456 1941/3001/1470
f 1922/2980/1457 1942/3003/1472 1941/3001/1470
f 1923/2981/1458 1943/3005/1474 1942/3003/1472
f 1923/2981/1458 1924/2982/1459 1944/3004/1473
f 1925/2983/1460 1945/3007/1475 1944/3004/1473
f 1925/2983/1460 1926/2984/525 1946/3006/545
f 1926/2984/525 1927/2986/526 1947/3008/1476
f 1928/2988/1461 1948/3010/1478 1947/3008/1476
f 1928/2988/1461 1929/2990/1463 1949/3009/1477
f 1930/2989/1462 1950/3012/1480 1949/3009/1477
f 1930/2989/1462 1931/2991/1464 1951/3011/1479
f 1931/2991/1464 1932/2992/530 1952/3013/1481
f 1932/2992/530 1933/2993/1465 1953/3014/1482
f 1933/2993/1465 1934/2995/1467 1954/3015/552
f 1935/2994/1466 1955/3016/1483 1954/3015/552
f 1936/2996/1468 1956/3017/1484 1955/3016/1483
f 1937/2998/537 1957/3018/1485 1956/3017/1484
f 1938/2997/1469 1958/3020/1487 1957/3018/1485
f 1938/2997/1469 1939/2999/538 1959/3019/1486
f 1939/2999/538 1920/2979/519 1940/3002/1471
f 1963/3023/1488 1983/3027/1488 1982/3024/1489
f 1964/3026/1490 1984/5349/1490 1983/3027/1488
f 1965/3028/1491 1985/3032/1491 1984/3029/1490
f 1966/3031/35 1986/3034/35 1985/3032/1491
f 1967/3033/1492 1987/3036/1492 1986/3034/35
f 1968/3035/1493 1988/5350/1493 1987/3036/1492
f 1969/3037/1494 1989/3041/1494 1988/3038/1493
f 1970/3040/1495 1990/3043/1495 1989/3041/1494
f 1971/3042/22 1991/3045/22 1990/3043/1495
f 1972/3044/1496 1992/3047/1496 1991/3045/22
f 1973/3046/1497 1993/3049/1497 1992/3047/1496
f 1974/3048/1498 1994/5351/1498 1993/3049/1497
f 1975/3050/1499 1995/3054/1499 1994/3051/1498
f 1976/3053/25 1996/3056/25 1995/3054/1499
f 1977/3055/1500 1997/3058/1500 1996/3056/25
f 1978/3057/1501 1998/5352/1501 1997/3058/1500
f 1979/3059/1502 1999/3063/1502 1998/3060/1501
f 1980/3062/1503 2000/3065/1503 1999/3063/1502
f 1981/3064/21 2001/3066/21 2000/3065/1503
f 1962/3025/1489 1982/3024/1489 2001/3066/21
f 2005/3109/363 2025/3113/1505 2024/3110/1504
f 2006/3112/366 2026/3199/1506 2025/3113/1505
f 2007/3114/365 2027/3118/1507 2026/3115/1506
f 2008/3117/32 2028/3120/1508 2027/3118/1507
f 2009/3119/367 2029/3122/1509 2028/3120/1508
f 2010/3121/368 2030/5353/1510 2029/3122/1509
f 2011/3123/369 2031/3127/1511 2030/3124/1510
f 2012/3126/370 2032/3129/1512 2031/3127/1511
f 2013/3128/22 2033/3131/1513 2032/3129/1512
f 2014/3130/371 2034/3133/1514 2033/3131/1513
f 2015/3132/372 2035/3135/1515 2034/3133/1514
f 2016/3134/374 2036/5354/1516 2035/3135/1515
f 2017/3136/373 2037/3140/1517 2036/3137/1516
f 2018/3139/42 2038/3142/1518 2037/3140/1517
f 2019/3141/375 2039/3144/1519 2038/3142/1518
f 2020/3143/729 2040/3216/1520 2039/3144/1519
f 2021/3145/377 2041/3149/1521 2040/3146/1520
f 2022/3148/378 2042/3151/1522 2041/3149/1521
f 2023/3150/21 2043/3152/1523 2042/3151/1522
f 2004/3111/364 2024/3110/1504 2043/3152/1523
f 2025/3113/1505 2047/3200/1547 2046/3198/1546
f 2026/3199/1506 2048/3223/1548 2047/3200/1547
f 2027/3118/1507 2049/3225/2122 2048/3201/1548
f 2050/3203/1551 2049/3225/2123 2027/3118/1549
f 2045/3202/1550 2028/3120/2124 2050/3203/1551
f 2028/3120/1508 2029/3122/1509 2051/3204/1552
f 2029/3122/1509 2030/5353/1510 2052/3205/1554
f 2030/3124/1510 2031/3127/1511 2053/3206/1555
f 2031/3127/1511 2032/3129/1512 2054/3208/1556
f 2032/3129/1512 2033/3131/1513 2055/3209/1557
f 2033/3131/1513 2034/3133/1514 2056/3210/1558
f 2034/3133/1514 2035/3135/1515 2057/3211/1559
f 2035/3135/1515 2036/5354/1516 2058/3212/1560
f 2036/3137/1516 2037/3140/1517 2059/3213/1561
f 2037/3140/1517 2038/3142/1518 2060/3215/1562
f 2039/3144/1519 2061/3217/1563 2060/3215/1562
f 2040/3216/1520 2062/3239/1564 2061/3217/1563
f 2041/3149/1521 2063/3219/1565 2062/3218/1564
f 2042/3151/1522 2064/3220/1566 2063/3219/1565
f 2043/3152/1523 2065/3221/1567 2064/3220/1566
f 2024/3110/1504 2046/3198/1546 2065/3221/1567
f 2047/3200/1568 2067/3224/1572 2066/3222/1569
f 2048/3223/1571 2068/3246/1574 2067/3224/1572
f 2049/3225/1573 2069/3227/1611 2068/3226/1574
f 2069/3227/1575 2049/3225/2125 2050/3203/1576
f 2071/3229/1578 2070/3228/1615 2050/3203/1579
f 2072/3230/1581 2071/3229/1578 2051/3204/1580
f 2073/3231/1583 2072/3253/1581 2052/3207/1582
f 2074/3232/1585 2073/3231/1583 2053/3206/1584
f 2075/3233/1587 2074/3232/1585 2054/3208/1586
f 2076/3234/1589 2075/3233/1587 2055/3209/1588
f 2077/3235/1591 2076/3234/1589 2056/3210/1590
f 2078/3236/1593 2077/3235/1591 2057/3211/1592
f 2079/3237/1595 2078/3261/1593 2058/3214/1594
f 2080/3238/1597 2079/3237/1595 2059/3213/1596
f 2061/3217/1599 2081/3240/1601 2080/3238/1597
f 2062/3239/1600 2082/3265/1603 2081/3240/1601
f 2063/3219/1602 2083/3242/1605 2082/3241/1603
f 2064/3220/1604 2084/3243/1607 2083/3242/1605
f 2065/3221/1606 2085/3244/1608 2084/3243/1607
f 2046/3198/1570 2066/3222/1569 2085/3244/1608
f 2067/3224/1572 2087/3247/1610 2086/3245/1609
f 2068/3246/1574 2088/3272/1612 2087/3247/1610
f 2069/3227/1611 2089/3249/1634 2088/3248/1612
f 2089/3249/1613 2069/3227/1575 2070/3228/1577
f 2070/3228/1615 2071/3229/1578 2091/3251/1616
f 2071/3229/1578 2072/3230/1581 2092/3252/1618
f 2072/3253/1581 2073/3231/1583 2093/3254/1619
f 2073/3231/1583 2074/3232/1585 2094/3256/1620
f 2074/3232/1585 2075/3233/1587 2095/3257/1621
f 2075/3233/1587 2076/3234/1589 2096/3258/1622
f 2076/3234/1589 2077/3235/1591 2097/3259/1623
f 2077/3235/1591 2078/3236/1593 2098/3260/1624
f 2078/3261/1593 2079/3237/1595 2099/3262/1625
f 2079/3237/1595 2080/3238/1597 2100/3264/1626
f 2081/3240/1601 2101/3266/1627 2100/3264/1626
f 2082/3265/1603 2102/5355/1628 2101/3266/1627
f 2083/3242/1605 2103/3268/1629 2102/3267/1628
f 2084/3243/1607 2104/3269/1630 2103/3268/1629
f 2085/3244/1608 2105/3270/1631 2104/3269/1630
f 2066/3222/1569 2086/3245/1609 2105/3270/1631
f 2087/3247/1610 2107/3273/1633 2106/3271/1632
f 2088/3272/1612 2108/3304/1635 2107/3273/1633
f 2089/3274/1634 2109/3277/1656 2108/3275/1635
f 2109/3277/1636 2089/3274/1613 2090/3278/1614
f 2090/3278/1617 2091/3281/1616 2111/3280/1638
f 2091/3281/1616 2092/5356/1618 2112/3282/1640
f 2092/3255/1618 2093/3254/1619 2113/3283/1641
f 2093/3254/1619 2094/3256/1620 2114/3285/1642
f 2094/3256/1620 2095/3257/1621 2115/3286/1643
f 2095/3257/1621 2096/3258/1622 2116/3287/1644
f 2096/3258/1622 2097/3259/1623 2117/3288/1645
f 2097/3259/1623 2098/3260/1624 2118/3289/1646
f 2098/3290/1624 2099/3293/1625 2119/3291/1647
f 2099/3293/1625 2100/3296/1626 2120/3294/1648
f 2101/3295/1627 2121/3298/1649 2120/3294/1648
f 2102/3297/1628 2122/3321/1650 2121/3298/1649
f 2103/3268/1629 2123/3300/1651 2122/3299/1650
f 2104/3269/1630 2124/3301/1652 2123/3300/1651
f 2105/3270/1631 2125/3302/1653 2124/3301/1652
f 2086/3245/1609 2106/3271/1632 2125/3302/1653
f 2107/3273/1633 2127/3305/1655 2126/3303/1654
f 2108/3304/1635 2128/3328/1657 2127/3305/1655
f 2109/3277/1656 2129/3307/1678 2128/3306/1657
f 2129/3307/1658 2109/3277/1636 2110/3279/1637
f 2110/3279/1639 2111/3280/1638 2131/3309/1660
f 2111/3280/1638 2112/3282/1640 2132/3310/1662
f 2112/3284/1640 2113/3283/1641 2133/3311/1663
f 2113/3283/1641 2114/3285/1642 2134/3313/1664
f 2114/3285/1642 2115/3286/1643 2135/3314/1665
f 2115/3286/1643 2116/3287/1644 2136/3315/1666
f 2116/3287/1644 2117/3288/1645 2137/3316/1667
f 2117/3288/1645 2118/3289/1646 2138/3317/1668
f 2118/3292/1646 2119/3291/1647 2139/3318/1669
f 2119/3291/1647 2120/3294/1648 2140/3320/1670
f 2121/3298/1649 2141/3322/1671 2140/3320/1670
f 2122/3321/1650 2142/3345/1672 2141/3322/1671
f 2123/3300/1651 2143/3324/1673 2142/3323/1672
f 2124/3301/1652 2144/3325/1674 2143/3324/1673
f 2125/3302/1653 2145/3326/1675 2144/3325/1674
f 2106/3271/1632 2126/3303/1654 2145/3326/1675
f 2127/3305/1655 2147/3329/1677 2146/3327/1676
f 2128/3328/1657 2148/5357/1679 2147/3329/1677
f 2129/3307/1678 2149/3331/1701 2148/3330/1679
f 2149/3331/1680 2129/3307/1658 2130/3308/1659
f 2130/3308/1661 2131/3309/1660 2151/3333/1682
f 2131/3309/1660 2132/3310/1662 2152/3334/1684
f 2132/3312/1662 2133/3311/1663 2153/3335/1685
f 2133/3311/1663 2134/3313/1664 2154/3337/1686
f 2134/3313/1664 2135/3314/1665 2155/3338/1687
f 2135/3314/1665 2136/3315/1666 2156/3339/1688
f 2136/3315/1666 2137/3316/1667 2157/3340/1689
f 2137/3316/1667 2138/3317/1668 2158/3341/1690
f 2138/3319/1668 2139/3318/1669 2159/3342/1691
f 2139/3318/1669 2140/3320/1670 2160/3344/1692
f 2141/3322/1671 2161/3346/1693 2160/3344/1692
f 2142/3345/1672 2162/5358/1694 2161/3346/1693
f 2143/3324/1673 2163/3348/1695 2162/3347/1694
f 2144/3325/1674 2164/3349/1696 2163/3348/1695
f 2145/3326/1675 2165/3350/1697 2164/3349/1696
f 2126/3303/1654 2146/3327/1676 2165/3350/1697
f 2146/3327/1676 2147/3329/1677 2167/3351/1698
f 2147/3329/1677 2148/5357/1679 2168/3353/1700
f 2149/3331/1701 2169/3355/1722 2168/3354/1700
f 2169/3355/1702 2149/3331/1680 2150/3332/1681
f 2150/3332/1683 2151/3333/1682 2171/3357/1704
f 2152/3334/1684 2172/5359/1706 2171/3357/1704
f 2153/3335/1685 2173/3359/1707 2172/3358/1706
f 2154/3337/1686 2174/3360/1708 2173/3359/1707
f 2155/3338/1687 2175/3362/1710 2174/3360/1708
f 2155/3338/1687 2156/3339/1688 2176/3361/1709
f 2157/3340/1689 2177/3363/1711 2176/3361/1709
f 2158/3341/1690 2178/5360/1713 2177/3363/1711
f 2158/3343/1690 2159/3342/1691 2179/3364/1712
f 2160/3344/1692 2180/3366/1714 2179/3364/1712
f 2161/3346/1693 2181/3368/1716 2180/3366/1714
f 2161/3346/1693 2162/5358/1694 2182/3367/1715
f 2162/3347/1694 2163/3348/1695 2183/3369/1717
f 2163/3348/1695 2164/3349/1696 2184/3371/1718
f 2164/3349/1696 2165/3350/1697 2185/3372/1719
f 2165/3350/1697 2146/3327/1676 2166/3352/1699
f 2167/3351/1698 2187/3374/1721 2186/3373/1720
f 2168/3353/1700 2188/5361/1723 2187/3374/1721
f 2169/3355/1722 2189/3376/2126 2188/3375/1723
f 2189/3376/1724 2169/3355/1702 2170/3356/1703
f 2170/3356/1705 2171/3357/1704 2191/3378/1726
f 2171/3357/1704 2172/5359/1706 2192/3379/1728
f 2172/3358/1706 2173/3359/1707 2193/3380/1729
f 2173/3359/1707 2174/3360/1708 2194/3382/1730
f 2174/3360/1708 2175/3362/1710 2195/3383/1731
f 2175/3362/1710 2176/3361/1709 2196/3384/1732
f 2176/3361/1709 2177/3363/1711 2197/3385/1733
f 2177/3363/1711 2178/5360/1713 2198/3386/1734
f 2178/3365/1713 2179/3364/1712 2199/3387/1735
f 2179/3364/1712 2180/3366/1714 2200/3389/1736
f 2181/3368/1716 2201/3390/1737 2200/3389/1736
f 2182/3367/1715 2202/5362/1738 2201/3390/1737
f 2183/3369/1717 2203/3392/1739 2202/3391/1738
f 2184/3371/1718 2204/3393/1740 2203/3392/1739
f 2185/3372/1719 2205/3394/1741 2204/3393/1740
f 2166/3352/1699 2186/3373/1720 2205/3394/1741
f 2186/3373/1720 2187/3374/1721 2207/3395/1742
f 2187/3374/1721 2188/5361/1723 2208/3397/1744
f 2188/3375/1723 2189/3376/2126 2209/3398/1745
f 2189/3376/1724 2190/3377/1725 2210/3400/1746
f 2191/3378/1726 2211/3401/1749 2210/3400/1748
f 2192/3379/1728 2212/3423/1750 2211/3401/1749
f 2193/3380/1729 2213/3403/1751 2212/3402/1750
f 2194/3382/1730 2214/3404/1752 2213/3403/1751
f 2195/3383/1731 2215/3405/1753 2214/3404/1752
f 2196/3384/1732 2216/3406/1754 2215/3405/1753
f 2197/3385/1733 2217/3407/1755 2216/3406/1754
f 2198/3386/1734 2218/3430/1756 2217/3407/1755
f 2199/3387/1735 2219/3409/1757 2218/3408/1756
f 2200/3389/1736 2220/3411/1759 2219/3409/1757
f 2200/3389/1736 2201/3390/1737 2221/3410/1758
f 2201/3390/1737 2202/5362/1738 2222/3412/1760
f 2202/3391/1738 2203/3392/1739 2223/3413/1761
f 2203/3392/1739 2204/3393/1740 2224/3415/1762
f 2204/3393/1740 2205/3394/1741 2225/3416/1763
f 2205/3394/1741 2186/3373/1720 2206/3396/1743
f 2206/3396/1743 2207/3395/1742 2227/3417/1764
f 2207/3395/1742 2208/3397/1744 2228/3419/1766
f 2208/3399/1744 2209/3398/1745 2229/3420/1767
f 2209/3398/1747 2210/3400/1746 2230/3422/1768
f 2211/3401/1749 2231/3424/1771 2230/3422/1770
f 2212/3423/1750 2232/5363/1772 2231/3424/1771
f 2213/3403/1751 2233/3426/1773 2232/3425/1772
f 2214/3404/1752 2234/3427/1774 2233/3426/1773
f 2215/3405/1753 2235/3428/1775 2234/3427/1774
f 2216/3406/1754 2236/3429/1776 2235/3428/1775
f 2217/3407/1755 2237/3431/1777 2236/3429/1776
f 2218/3430/1756 2238/3457/1778 2237/3431/1777
f 2219/3409/1757 2239/3433/1779 2238/3432/1778
f 2220/3411/1759 2240/3435/1781 2239/3433/1779
f 2220/3411/1759 2221/3410/1758 2241/3434/1780
f 2221/3410/1758 2222/3412/1760 2242/3436/1782
f 2222/3414/1760 2223/3413/1761 2243/3437/1783
f 2223/3413/1761 2224/3415/1762 2244/3439/1784
f 2224/3415/1762 2225/3416/1763 2245/3440/1785
f 2225/3416/1763 2206/3396/1743 2226/3418/1765
f 2226/3418/1765 2227/3417/1764 2247/3441/1786
f 2227/3417/1764 2228/3419/1766 2248/3443/1788
f 2228/3444/1766 2229/5364/1767 2249/3445/1789
f 2229/3420/1769 2230/3422/1768 2250/3447/1790
f 2231/3424/1771 2251/5365/1793 2250/3447/1792
f 2232/3449/1772 2252/3479/1794 2251/3450/1793
f 2233/3426/1773 2253/3453/1795 2252/3452/1794
f 2234/3427/1774 2254/3454/1796 2253/3453/1795
f 2235/3428/1775 2255/3455/1797 2254/3454/1796
f 2236/3429/1776 2256/3456/1798 2255/3455/1797
f 2237/3431/1777 2257/3458/1799 2256/3456/1798
f 2238/3457/1778 2258/3486/1800 2257/3458/1799
f 2239/3459/1779 2259/3463/1801 2258/3460/1800
f 2240/3462/1781 2260/3465/1803 2259/3463/1801
f 2240/3462/1781 2241/3466/1780 2261/3464/1802
f 2241/3466/1780 2242/5366/1782 2262/3467/1804
f 2242/3438/1782 2243/3437/1783 2263/3468/1805
f 2243/3437/1783 2244/3439/1784 2264/3470/1806
f 2244/3439/1784 2245/3440/1785 2265/3471/1807
f 2245/3440/1785 2226/3418/1765 2246/3442/1787
f 2246/3442/1787 2247/3441/1786 2267/3472/1808
f 2247/3441/1786 2248/3443/1788 2268/3474/1810
f 2248/3446/1788 2249/3445/1789 2269/3475/1811
f 2249/3445/1791 2250/3478/1790 2270/3477/1812
f 2251/3450/1793 2271/3480/1815 2270/3477/1814
f 2252/3479/1794 2272/3562/1816 2271/3480/1815
f 2253/3453/1795 2273/3482/1817 2272/3481/1816
f 2254/3454/1796 2274/3483/1818 2273/3482/1817
f 2255/3455/1797 2275/3484/1819 2274/3483/1818
f 2256/3456/1798 2276/3485/1820 2275/3484/1819
f 2257/3458/1799 2277/3487/1821 2276/3485/1820
f 2258/3486/1800 2278/5367/1822 2277/3487/1821
f 2259/3463/1801 2279/3489/1823 2278/3488/1822
f 2260/3465/1803 2280/3491/1825 2279/3489/1823
f 2260/3465/1803 2261/3464/1802 2281/3490/1824
f 2261/3464/1802 2262/3467/1804 2282/3492/1826
f 2262/3469/1804 2263/3468/1805 2283/3493/1827
f 2263/3468/1805 2264/3470/1806 2284/3495/1828
f 2264/3470/1806 2265/3471/1807 2285/3496/1829
f 2265/3471/1807 2246/3442/1787 2266/3473/1809
f 2266/3497/42 2267/5368/42 2287/3498/42
f 2267/3500/42 2268/5369/42 2288/3501/42
f 2268/3503/42 2269/5370/42 2289/3504/42
f 2270/3506/42 2271/5371/42 2291/3507/42
f 2271/3509/42 2272/5372/42 2292/3510/42
f 2272/3512/42 2273/5373/42 2293/3513/42
f 2273/3515/42 2274/5374/42 2294/3516/42
f 2274/3518/42 2275/5375/42 2295/3519/42
f 2275/3521/42 2276/5376/42 2296/3522/42
f 2276/3524/42 2277/5377/42 2297/3525/42
f 2277/3527/42 2278/5378/42 2298/3528/42
f 2278/3530/42 2279/5379/42 2299/3531/42
f 2279/3533/42 2280/5380/42 2300/3534/42
f 2280/3536/42 2281/5381/42 2301/3537/42
f 2281/3539/42 2282/5382/42 2302/3540/42
f 2282/3542/42 2283/5383/42 2303/3543/42
f 2283/3545/42 2284/5384/42 2304/3546/42
f 2284/3548/42 2285/5385/42 2305/3549/42
f 2285/3551/42 2266/5386/42 2286/3552/42
f 2266/3554/1831 2267/3557/1834 2307/3555/1832
f 2267/3557/1834 2268/5387/1836 2309/3558/1835
f 2268/3476/1836 2269/3475/1813 2310/3559/1837
f 2271/3480/1838 2312/3563/1841 2311/3561/1839
f 2272/3562/1840 2313/5388/1843 2312/3563/1841
f 2273/3564/1842 2314/3568/1845 2313/3565/1843
f 2274/3567/1844 2315/3570/1847 2314/3568/1845
f 2275/3569/1846 2316/3572/1849 2315/3570/1847
f 2276/3571/1848 2317/3574/1851 2316/3572/1849
f 2277/3573/1850 2318/3576/1853 2317/3574/1851
f 2278/3575/1852 2319/5389/1855 2318/3576/1853
f 2279/3577/1854 2320/3581/1857 2319/3578/1855
f 2280/3580/1856 2321/3583/1859 2320/3581/1857
f 2280/3580/1856 2281/3584/1860 2322/3582/1858
f 2281/3584/1860 2282/5390/1862 2323/3585/1861
f 2282/3586/1862 2283/3589/1864 2324/3587/1863
f 2283/3589/1864 2284/3591/1866 2325/3590/1865
f 2284/3591/1866 2285/3593/1868 2326/3592/1867
f 2285/3593/1868 2266/3554/1831 2306/3556/1833
f 2269/3475/1813 2270/3477/1812 2311/3561/1839
f 2328/3594/1488 2348/3598/1488 2347/3595/1489
f 2329/3597/1490 2349/5391/1490 2348/3598/1488
f 2330/3599/1491 2350/3603/1491 2349/3600/1490
f 2331/3602/35 2351/3605/35 2350/3603/1491
f 2332/3604/1492 2352/3607/1492 2351/3605/35
f 2333/3606/1493 2353/5392/1493 2352/3607/1492
f 2334/3608/1494 2354/3612/1494 2353/3609/1493
f 2335/3611/1495 2355/3614/1495 2354/3612/1494
f 2336/3613/22 2356/3616/22 2355/3614/1495
f 2337/3615/1496 2357/3618/1496 2356/3616/22
f 2338/3617/1497 2358/3620/1497 2357/3618/1496
f 2339/3619/1498 2359/5393/1498 2358/3620/1497
f 2340/3621/1499 2360/3625/1499 2359/3622/1498
f 2341/3624/25 2361/3627/25 2360/3625/1499
f 2342/3626/1500 2362/3629/1500 2361/3627/25
f 2343/3628/1501 2363/5394/1501 2362/3629/1500
f 2344/3630/1502 2364/3634/1502 2363/3631/1501
f 2345/3633/1503 2365/3636/1503 2364/3634/1502
f 2346/3635/21 2366/3637/21 2365/3636/1503
f 2327/3596/1489 2347/3595/1489 2366/3637/21
f 2370/3680/1869 2390/3684/1871 2389/3681/185
f 2370/3680/1869 2371/3686/1873 2391/3683/1237
f 2372/3685/1872 2392/3688/1874 2391/3683/1237
f 2373/3687/190 2393/3690/193 2392/3688/1874
f 2373/3687/190 2374/3691/1876 2394/3689/1875
f 2374/3691/1876 2375/3694/1878 2395/3692/1877
f 2376/3693/1242 2396/3696/1880 2395/3692/1877
f 2377/3695/1879 2397/3698/201 2396/3696/1880
f 2377/3695/1879 2378/3700/203 2398/3697/200
f 2379/3699/202 2399/3702/205 2398/3697/200
f 2379/3699/202 2380/3704/1882 2400/3701/204
f 2381/3703/1881 2401/3706/209 2400/3701/204
f 2382/3705/1883 2402/3708/211 2401/3706/209
f 2382/3705/1883 2383/3710/1886 2403/3707/1884
f 2384/3709/1885 2404/3712/1888 2403/3707/1884
f 2385/3711/1887 2405/3714/1889 2404/3712/1888
f 2385/3711/1887 2386/3716/1891 2406/3713/1253
f 2387/3715/1890 2407/3718/221 2406/3713/1253
f 2387/3715/1890 2388/3719/222 2408/3717/220
f 2369/3682/1870 2389/3681/185 2408/3717/220
f 2390/3684/1871 2410/3722/1892 2409/3720/223
f 2390/3684/1871 2391/3683/1237 2411/3721/224
f 2392/3688/1874 2412/3723/1893 2411/3721/224
f 2393/3690/193 2413/3725/1262 2412/3723/1893
f 2393/3690/193 2394/3689/1875 2414/3724/227
f 2394/3689/1875 2395/3692/1877 2415/3726/1263
f 2395/3692/1877 2396/3696/1880 2416/3727/1894
f 2396/3696/1880 2397/3698/201 2417/3728/231
f 2398/3697/200 2418/3730/233 2417/3728/231
f 2398/3697/200 2399/3702/205 2419/3729/232
f 2399/3702/205 2400/3701/204 2420/3731/1895
f 2400/3701/204 2401/3706/209 2421/3732/1896
f 2402/3708/211 2422/3733/1897 2421/3732/1896
f 2403/3707/1884 2423/3735/237 2422/3733/1897
f 2403/3707/1884 2404/3712/1888 2424/3734/1898
f 2404/3712/1888 2405/3714/1889 2425/3736/1269
f 2406/3713/1253 2426/3738/1900 2425/3736/1269
f 2406/3713/1253 2407/3718/221 2427/3737/1899
f 2408/3717/220 2428/3739/1901 2427/3737/1899
f 2408/3717/220 2389/3681/185 2409/3720/223
f 2410/3722/1892 2430/3742/1272 2429/3740/244
f 2410/3722/1892 2411/3721/224 2431/3741/1902
f 2411/3721/224 2412/3723/1893 2432/3743/1273
f 2412/3723/1893 2413/3725/1262 2433/3744/1274
f 2413/3725/1262 2414/3724/227 2434/3745/247
f 2415/3726/1263 2435/3746/1903 2434/3745/247
f 2416/3727/1894 2436/3747/1277 2435/3746/1903
f 2417/3728/231 2437/5395/1904 2436/3747/1277
f 2417/3748/231 2418/3751/233 2438/3749/252
f 2418/3751/233 2419/5396/232 2439/3752/1905
f 2419/3729/232 2420/3731/1895 2440/3753/253
f 2420/3731/1895 2421/3732/1896 2441/3755/255
f 2422/3733/1897 2442/3756/1906 2441/3755/255
f 2423/3735/237 2443/3758/1908 2442/3756/1906
f 2423/3735/237 2424/3734/1898 2444/3757/1907
f 2425/3736/1269 2445/3759/1284 2444/3757/1907
f 2426/3738/1900 2446/3760/1909 2445/3759/1284
f 2427/3737/1899 2447/5397/1285 2446/3760/1909
f 2427/3761/1899 2428/3764/1901 2448/3762/1910
f 2428/3764/1901 2409/5398/223 2429/3765/244
f 2430/3766/1272 2450/3794/1912 2449/3767/1911
f 2431/3741/1902 2451/3769/1288 2450/3768/1912
f 2432/3743/1273 2452/3770/267 2451/3769/1288
f 2433/3744/1274 2453/3771/1289 2452/3770/267
f 2434/3745/247 2454/3773/1914 2453/3771/1289
f 2434/3745/247 2435/3746/1903 2455/3772/1913
f 2435/3746/1903 2436/3747/1277 2456/3774/1290
f 2436/3775/1277 2437/3750/1904 2457/3776/1291
f 2437/3750/1904 2438/3749/252 2458/3778/1915
f 2438/3749/252 2439/3752/1905 2459/3779/1916
f 2440/3780/253 2460/3806/275 2459/3779/1916
f 2440/3753/253 2441/3755/255 2461/3781/1917
f 2441/3755/255 2442/3756/1906 2462/3783/1294
f 2442/3756/1906 2443/3758/1908 2463/3784/1918
f 2444/3757/1907 2464/3786/1919 2463/3784/1918
f 2444/3757/1907 2445/3759/1284 2465/3785/279
f 2446/3760/1909 2466/5399/1921 2465/3785/279
f 2446/3787/1909 2447/3763/1285 2467/3788/1920
f 2447/3763/1285 2448/3762/1910 2468/3790/282
f 2429/3765/244 2449/3767/1911 2468/3790/282
f 2449/3767/1911 2450/3794/1912 2470/3791/283
f 2451/3793/1288 2471/5400/1922 2470/3791/283
f 2452/3770/267 2472/3796/1302 2471/3795/1922
f 2453/3771/1289 2473/3797/1923 2472/3796/1302
f 2454/3773/1914 2474/3798/288 2473/3797/1923
f 2455/3772/1913 2475/3823/289 2474/3798/288
f 2455/3799/1913 2456/3777/1290 2476/3800/1924
f 2457/3776/1291 2477/3803/292 2476/3800/1924
f 2457/3776/1291 2458/3778/1915 2478/3802/291
f 2459/3779/1916 2479/3805/294 2478/3802/291
f 2459/3779/1916 2460/3806/275 2480/3804/1925
f 2460/3806/275 2461/5401/1917 2481/3807/1926
f 2462/3783/1294 2482/3810/1928 2481/3808/1926
f 2462/3783/1294 2463/3784/1918 2483/3809/1927
f 2464/3786/1919 2484/3811/298 2483/3809/1927
f 2465/3785/279 2485/5402/299 2484/3811/298
f 2466/3789/1921 2486/3815/301 2485/3812/299
f 2466/3789/1921 2467/3788/1920 2487/3814/1929
f 2467/3788/1920 2468/3790/282 2488/3816/1930
f 2468/3790/282 2449/3767/1911 2469/3792/284
f 2469/3792/284 2470/3791/283 2490/3817/1931
f 2470/3791/283 2471/5400/1922 2491/3819/304
f 2472/3796/1302 2492/3822/1933 2491/3820/304
f 2472/3796/1302 2473/3797/1923 2493/3821/1315
f 2474/3798/288 2494/3824/1934 2493/3821/1315
f 2475/3823/289 2495/5403/1935 2494/3824/1934
f 2476/3800/1924 2496/3826/1936 2495/3825/1935
f 2477/3803/292 2497/3828/1318 2496/3826/1936
f 2477/3803/292 2478/3802/291 2498/3827/1937
f 2479/3805/294 2499/3829/313 2498/3827/1937
f 2480/3804/1925 2500/3831/315 2499/3829/313
f 2480/3804/1925 2481/3807/1926 2501/3830/314
f 2482/3810/1928 2502/3833/1938 2501/3832/314
f 2483/3809/1927 2503/3834/318 2502/3833/1938
f 2484/3811/298 2504/3836/1939 2503/3834/318
f 2484/3811/298 2485/5402/299 2505/3835/1323
f 2486/3815/301 2506/3838/1324 2505/3837/1323
f 2487/3814/1929 2507/3839/1940 2506/3838/1324
f 2488/3816/1930 2508/3840/1941 2507/3839/1940
f 2488/3816/1930 2469/3792/284 2489/3818/1932
f 2490/3817/1931 2510/3842/1329 2509/3841/324
f 2491/3819/304 2511/3872/325 2510/3842/1329
f 2492/3843/1933 2512/3847/1942 2511/3844/325
f 2493/3846/1315 2513/3849/1943 2512/3847/1942
f 2494/3848/1934 2514/3851/1332 2513/3849/1943
f 2494/3848/1934 2495/5404/1935 2515/3850/1331
f 2495/3825/1935 2496/3826/1936 2516/3852/329
f 2497/3828/1318 2517/3854/1944 2516/3852/329
f 2498/3827/1937 2518/3856/1946 2517/3854/1944
f 2498/3827/1937 2499/3829/313 2519/3855/1945
f 2499/3829/313 2500/3831/315 2520/3857/333
f 2501/3830/314 2521/3884/1947 2520/3857/333
f 2501/3858/314 2502/3862/1938 2522/3859/1338
f 2503/3861/318 2523/3864/1948 2522/3859/1338
f 2503/3861/318 2504/3866/1939 2524/3863/338
f 2505/3865/1323 2525/3890/1341 2524/3863/338
f 2505/3837/1323 2506/3838/1324 2526/3867/340
f 2506/3838/1324 2507/3839/1940 2527/3869/341
f 2508/3840/1941 2528/3870/1949 2527/3869/341
f 2508/3840/1941 2489/3818/1932 2509/3841/324
f 2510/3842/1329 2530/3873/345 2529/3871/343
f 2511/3872/325 2531/3897/1951 2530/3873/345
f 2511/3844/325 2512/3847/1942 2532/3874/1950
f 2513/3849/1943 2533/3876/1952 2532/3874/1950
f 2514/3851/1332 2534/3878/1345 2533/3876/1952
f 2514/3851/1332 2515/3850/1331 2535/3877/349
f 2515/3853/1331 2516/3852/329 2536/3879/1953
f 2517/3854/1944 2537/3882/1955 2536/3879/1953
f 2517/3854/1944 2518/3856/1946 2538/3881/1954
f 2519/3855/1945 2539/3883/1956 2538/3881/1954
f 2520/3857/333 2540/3885/1957 2539/3883/1956
f 2521/3884/1947 2541/5405/1958 2540/3885/1957
f 2522/3859/1338 2542/3888/1960 2541/3886/1958
f 2522/3859/1338 2523/3864/1948 2543/3887/1959
f 2523/3864/1948 2524/3863/338 2544/3889/357
f 2525/3890/1341 2545/3913/1961 2544/3889/357
f 2526/3867/340 2546/3893/1355 2545/3891/1961
f 2526/3867/340 2527/3869/341 2547/3892/1962
f 2527/3869/341 2528/3870/1949 2548/3894/1963
f 2509/3841/324 2529/3871/343 2548/3894/1963
f 2529/3871/343 2530/3873/345 2550/3895/363
f 2531/3897/1951 2551/5406/366 2550/3895/363
f 2531/3875/1951 2532/3874/1950 2552/3898/365
f 2533/3876/1952 2553/3901/32 2552/3898/365
f 2533/3876/1952 2534/3878/1345 2554/3900/367
f 2535/3877/349 2555/5407/368 2554/3900/367
f 2536/3879/1953 2556/3904/369 2555/3902/368
f 2536/3879/1953 2537/3882/1955 2557/3903/370
f 2537/3882/1955 2538/3881/1954 2558/3905/22
f 2539/3883/1956 2559/3906/371 2558/3905/22
f 2540/3885/1957 2560/3908/372 2559/3906/371
f 2540/3885/1957 2541/5405/1958 2561/3907/374
f 2541/3886/1958 2542/3888/1960 2562/3909/373
f 2542/3888/1960 2543/3887/1959 2563/3911/42
f 2543/3887/1959 2544/3889/357 2564/3912/375
f 2545/3913/1961 2565/5408/376 2564/3912/375
f 2545/3891/1961 2546/3893/1355 2566/3914/377
f 2546/3893/1355 2547/3892/1962 2567/3916/378
f 2547/3892/1962 2548/3894/1963 2568/3917/21
f 2529/3871/343 2549/3896/364 2568/3917/21
f 2550/3895/363 2570/3920/1965 2569/3918/380
f 2550/3895/363 2551/5406/366 2571/3919/1964
f 2552/3898/365 2572/3923/1360 2571/3921/1964
f 2552/3898/365 2553/3901/32 2573/3922/1359
f 2553/3901/32 2554/3900/367 2574/3924/1966
f 2554/3900/367 2555/5407/368 2575/3925/1967
f 2555/3902/368 2556/3904/369 2576/3926/1968
f 2557/3903/370 2577/3928/387 2576/3926/1968
f 2558/3905/22 2578/3930/389 2577/3928/387
f 2558/3905/22 2559/3906/371 2579/3929/1969
f 2559/3906/371 2560/3908/372 2580/3931/1365
f 2561/3907/374 2581/5409/391 2580/3931/1365
f 2562/3909/373 2582/3934/392 2581/3932/391
f 2562/3909/373 2563/3911/42 2583/3933/1970
f 2564/3912/375 2584/3936/1971 2583/3933/1970
f 2564/3912/375 2565/5408/376 2585/3935/395
f 2566/3914/377 2586/3938/1972 2585/3937/395
f 2567/3916/378 2587/3939/1973 2586/3938/1972
f 2568/3917/21 2588/3940/398 2587/3939/1973
f 2568/3917/21 2549/3896/364 2569/3918/380
f 2569/3918/380 2570/3920/1965 2590/3941/399
f 2571/3919/1964 2591/5410/1975 2590/3941/399
f 2572/3923/1360 2592/3944/1375 2591/3943/1975
f 2573/3922/1359 2593/3946/1977 2592/3944/1375
f 2573/3922/1359 2574/3924/1966 2594/3945/1976
f 2575/3925/1967 2595/3970/1978 2594/3945/1976
f 2576/3926/1968 2596/3948/1979 2595/3947/1978
f 2577/3928/387 2597/3949/408 2596/3948/1979
f 2578/3930/389 2598/3951/1981 2597/3949/408
f 2578/3930/389 2579/3929/1969 2599/3950/1980
f 2580/3931/1365 2600/3953/1380 2599/3950/1980
f 2580/3931/1365 2581/5409/391 2601/3952/1982
f 2581/3932/391 2582/3934/392 2602/3954/411
f 2582/3934/392 2583/3933/1970 2603/3956/1983
f 2584/3936/1971 2604/3958/415 2603/3956/1983
f 2584/3936/1971 2585/3935/395 2605/3957/414
f 2586/3938/1972 2606/3961/1984 2605/3959/414
f 2586/3938/1972 2587/3939/1973 2607/3960/417
f 2588/3940/398 2608/3962/1985 2607/3960/417
f 2588/3940/398 2569/3918/380 2589/3942/1974
f 2589/3942/1974 2590/3941/399 2610/3963/1986
f 2590/3941/399 2591/5410/1975 2611/3965/1987
f 2591/3943/1975 2592/3944/1375 2612/3966/1385
f 2592/3944/1375 2593/3946/1977 2613/3968/1988
f 2593/3946/1977 2594/3945/1976 2614/3969/1387
f 2595/3970/1978 2615/5411/1389 2614/3969/1387
f 2595/3947/1978 2596/3948/1979 2616/3971/1989
f 2597/3949/408 2617/3974/1991 2616/3971/1989
f 2597/3949/408 2598/3951/1981 2618/3973/1990
f 2598/3951/1981 2599/3950/1980 2619/3975/1392
f 2600/3953/1380 2620/3977/430 2619/3975/1392
f 2600/3953/1380 2601/3952/1982 2621/3976/1992
f 2602/3954/411 2622/3980/1993 2621/3978/1992
f 2602/3954/411 2603/3956/1983 2623/3979/433
f 2604/3958/415 2624/3981/434 2623/3979/433
f 2605/3957/414 2625/5412/435 2624/3981/434
f 2606/3961/1984 2626/3983/1994 2625/3982/435
f 2607/3960/417 2627/3985/1996 2626/3983/1994
f 2607/3960/417 2608/3962/1985 2628/3984/1995
f 2589/3942/1974 2609/3964/419 2628/3984/1995
f 2609/3964/419 2610/3963/1986 2630/3986/1997
f 2611/3965/1987 2631/4017/442 2630/3986/1997
f 2612/3988/1385 2632/3992/1399 2631/3989/442
f 2613/3991/1988 2633/3994/1401 2632/3992/1399
f 2614/3993/1387 2634/3996/1999 2633/3994/1401
f 2615/3995/1389 2635/4023/446 2634/3996/1999
f 2615/3972/1389 2616/3971/1989 2636/3997/445
f 2616/3971/1989 2617/3974/1991 2637/3999/1402
f 2618/3973/1990 2638/4001/2001 2637/3999/1402
f 2618/3973/1990 2619/3975/1392 2639/4000/2000
f 2619/3975/1392 2620/3977/430 2640/4002/2002
f 2621/3976/1992 2641/4029/1405 2640/4002/2002
f 2621/4003/1992 2622/4006/1993 2642/4004/451
f 2622/4006/1993 2623/4009/433 2643/4007/1406
f 2624/4008/434 2644/4011/2004 2643/4007/1406
f 2624/4008/434 2625/5413/435 2645/4010/2003
f 2625/3982/435 2626/3983/1994 2646/4012/2005
f 2627/3985/1996 2647/4015/458 2646/4012/2005
f 2627/3985/1996 2628/3984/1995 2648/4014/457
f 2609/3964/419 2629/3987/1998 2648/4014/457
f 2630/3986/1997 2650/4018/460 2649/4016/2006
f 2631/4017/442 2651/5414/2008 2650/4018/460
f 2631/3989/442 2632/3992/1399 2652/4019/2007
f 2632/3992/1399 2633/3994/1401 2653/4021/462
f 2633/3994/1401 2634/3996/1999 2654/4022/2009
f 2635/4023/446 2655/4048/1416 2654/4022/2009
f 2636/3997/445 2656/4025/2010 2655/4024/1416
f 2637/3999/1402 2657/4026/467 2656/4025/2010
f 2638/4001/2001 2658/4028/469 2657/4026/467
f 2638/4001/2001 2639/4000/2000 2659/4027/2011
f 2640/4002/2002 2660/4030/1421 2659/4027/2011
f 2641/4029/1405 2661/5415/1423 2660/4030/1421
f 2641/4005/1405 2642/4004/451 2662/4031/2012
f 2643/4007/1406 2663/4033/473 2662/4031/2012
f 2644/4011/2004 2664/4034/475 2663/4033/473
f 2645/4010/2003 2665/4062/1426 2664/4034/475
f 2645/4013/2003 2646/4012/2005 2666/4035/2013
f 2647/4015/458 2667/4037/2014 2666/4035/2013
f 2648/4014/457 2668/4038/2015 2667/4037/2014
f 2629/3987/1998 2649/4016/2006 2668/4038/2015
f 2649/4016/2006 2650/4018/460 2670/4039/2016
f 2650/4041/460 2651/4020/2008 2671/4042/2018
f 2651/4020/2008 2652/4019/2007 2672/4044/2019
f 2653/4021/462 2673/4045/2020 2672/4044/2019
f 2654/4022/2009 2674/4047/1430 2673/4045/2020
f 2654/4022/2009 2655/4048/1416 2675/4046/485
f 2655/4048/1416 2656/5416/2010 2676/4049/2021
f 2657/4026/467 2677/4051/1433 2676/4050/2021
f 2658/4028/469 2678/4053/2023 2677/4051/1433
f 2658/4028/469 2659/4027/2011 2679/4052/2022
f 2659/4027/2011 2660/4030/1421 2680/4054/1435
f 2660/4055/1421 2661/4032/1423 2681/4056/490
f 2662/4031/2012 2682/4059/1438 2681/4056/490
f 2662/4031/2012 2663/4033/473 2683/4058/1437
f 2663/4033/473 2664/4034/475 2684/4060/2024
f 2664/4034/475 2665/4062/1426 2685/4061/2025
f 2665/4062/1426 2666/5417/2013 2686/4063/495
f 2667/4037/2014 2687/4065/497 2686/4064/495
f 2668/4038/2015 2688/4066/498 2687/4065/497
f 2668/4038/2015 2649/4016/2006 2669/4040/2017
f 2670/4043/2016 2690/4070/2026 2689/4067/500
f 2670/4043/2016 2671/4042/2018 2691/4069/1443
f 2672/4044/2019 2692/4072/1444 2691/4069/1443
f 2672/4044/2019 2673/4045/2020 2693/4071/2027
f 2674/4047/1430 2694/4073/2028 2693/4071/2027
f 2675/4046/485 2695/4075/2030 2694/4073/2028
f 2675/4046/485 2676/4049/2021 2696/4074/2029
f 2676/4049/2021 2677/5418/1433 2697/4076/507
f 2678/4053/2023 2698/4078/509 2697/4077/507
f 2679/4052/2022 2699/5419/1448 2698/4078/509
f 2679/4079/2022 2680/4057/1435 2700/4080/2031
f 2681/4056/490 2701/4082/2032 2700/4080/2031
f 2682/4059/1438 2702/4084/2033 2701/4082/2032
f 2682/4059/1438 2683/4058/1437 2703/4083/513
f 2684/4060/2024 2704/4086/514 2703/4083/513
f 2684/4060/2024 2685/4061/2025 2705/4085/1453
f 2685/4061/2025 2686/4063/495 2706/4087/515
f 2687/4088/497 2707/4110/2034 2706/4087/515
f 2687/4065/497 2688/4066/498 2708/4089/1455
f 2669/4040/2017 2689/5420/500 2708/4089/1455
f 2689/4067/500 2690/4070/2026 2710/4091/1456
f 2691/4069/1443 2711/4094/2035 2710/4091/1456
f 2691/4069/1443 2692/4072/1444 2712/4093/1458
f 2692/4072/1444 2693/4071/2027 2713/4095/1459
f 2694/4073/2028 2714/4096/2036 2713/4095/1459
f 2695/4075/2030 2715/4098/2038 2714/4096/2036
f 2695/4075/2030 2696/4074/2029 2716/4097/2037
f 2697/4076/507 2717/4100/528 2716/4097/2037
f 2697/4076/507 2698/4101/509 2718/4099/527
f 2698/4101/509 2699/4081/1448 2719/4102/2039
f 2699/4081/1448 2700/4080/2031 2720/4103/1464
f 2701/4082/2032 2721/4105/2041 2720/4103/1464
f 2701/4082/2032 2702/4084/2033 2722/4104/2040
f 2702/4084/2033 2703/4083/513 2723/4106/2042
f 2704/4086/514 2724/4107/535 2723/4106/2042
f 2705/4085/1453 2725/4109/1468 2724/4107/535
f 2705/4085/1453 2706/4087/515 2726/4108/2043
f 2707/4110/2034 2727/4112/2044 2726/4108/2043
f 2707/4110/2034 2708/4113/1455 2728/4111/538
f 2708/4113/1455 2689/4067/500 2709/4092/519
f 2709/4092/519 2710/4091/1456 2730/4114/1470
f 2711/4094/2035 2731/4117/2046 2730/4114/1470
f 2711/4094/2035 2712/4093/1458 2732/4116/542
f 2712/4093/1458 2713/4095/1459 2733/4118/2047
f 2714/4096/2036 2734/4119/2048 2733/4118/2047
f 2715/4098/2038 2735/4121/2049 2734/4119/2048
f 2715/4098/2038 2716/4097/2037 2736/4120/546
f 2716/4097/2037 2717/4100/528 2737/4122/2050
f 2718/4099/527 2738/4124/2052 2737/4122/2050
f 2718/4099/527 2719/4102/2039 2739/4123/2051
f 2720/4103/1464 2740/4126/2053 2739/4123/2051
f 2720/4103/1464 2721/4105/2041 2741/4125/1481
f 2721/4105/2041 2722/4104/2040 2742/4127/1482
f 2722/4104/2040 2723/4106/2042 2743/4128/552
f 2723/4106/2042 2724/4107/535 2744/4129/2054
f 2724/4107/535 2725/4109/1468 2745/4130/2055
f 2725/4109/1468 2726/4108/2043 2746/4131/2056
f 2726/4108/2043 2727/4112/2044 2747/4132/557
f 2728/4111/538 2748/4133/558 2747/4132/557
f 2728/4111/538 2709/4092/519 2729/4115/2045
f 2756/5421/23 2754/4302/23 2751/4136/8
f 2751/4136/8 2752/4291/36 2755/4137/36
f 2753/4138/8 2756/5421/23 2751/4136/8
f 2758/4139/2057 2759/4300/2057 2760/4140/2057
f 2762/4142/33 2763/4146/33 2764/4143/24
f 2765/4145/26 2766/4151/26 2763/4146/33
f 2761/4147/24 2764/5422/24 2768/4148/31
f 2769/4150/35 2770/4165/35 2766/4151/26
f 2767/4149/31 2768/4148/31 2772/4152/42
f 2774/4154/2058 2758/4139/2058 2757/4141/2058
f 2776/4156/33 2777/4160/33 2778/4157/24
f 2779/4159/26 2780/4169/26 2777/4160/33
f 2775/4161/24 2778/5423/24 2782/4162/31
f 2783/4164/28 2784/4175/28 2770/4165/35
f 2771/4153/42 2772/4152/42 2786/4166/29
f 2787/4168/35 2788/4179/35 2780/4169/26
f 2781/4163/31 2782/4162/31 2790/4170/42
f 2785/4167/29 2786/4166/29 2792/4172/40
f 2793/4174/37 2794/4184/37 2784/4175/28
f 2789/4171/42 2790/4170/42 2796/4176/29
f 2797/4178/28 2798/4196/28 2788/4179/35
f 2791/4180/40 2792/5424/40 2800/4181/27
f 2801/4183/30 2802/5425/30 2794/4184/37
f 2804/4185/33 2805/4189/33 2806/4186/24
f 2807/4188/26 2808/4205/26 2805/4189/33
f 2803/4190/24 2806/5426/24 2810/4191/31
f 2795/4177/29 2796/4176/29 2812/4193/40
f 2813/4195/37 2814/4207/37 2798/4196/28
f 2799/4182/27 2800/4181/27 2816/4197/38
f 2817/4199/39 2818/4212/39 2802/4200/30
f 2809/4192/31 2810/4191/31 2820/4202/42
f 2821/4204/35 2822/4218/35 2808/4205/26
f 2823/4206/30 2824/5427/30 2814/4207/37
f 2811/4208/40 2812/5428/40 2826/4209/27
f 2827/4211/32 2828/4220/32 2818/4212/39
f 2815/4198/38 2816/4197/38 2830/4213/25
f 2819/4203/42 2820/4202/42 2832/4215/29
f 2833/4217/28 2834/4249/28 2822/4218/35
f 2835/4219/41 2836/4232/41 2828/4220/32
f 2829/4214/25 2830/4213/25 2838/4221/36
f 2840/4223/33 2841/4230/33 2842/4224/24
f 2839/4226/24 2842/5429/24 2844/4227/31
f 2845/4229/26 2846/4245/26 2841/4230/33
f 2847/4231/34 2848/5430/34 2836/4232/41
f 2837/4222/36 2838/4221/36 2850/4233/23
f 2851/4235/39 2852/4253/39 2824/4236/30
f 2825/4210/27 2826/4209/27 2854/4238/38
f 2849/4234/23 2850/4233/23 2848/4240/34
f 2843/4228/31 2844/4227/31 2856/4242/42
f 2857/4244/35 2858/4257/35 2846/4245/26
f 2831/4216/29 2832/4215/29 2860/4246/40
f 2861/4248/37 2862/4263/37 2834/4249/28
f 2853/4239/38 2854/4238/38 2864/4250/25
f 2865/4252/32 2866/4259/32 2852/4253/39
f 2855/4243/42 2856/4242/42 2868/4254/29
f 2869/4256/28 2870/4274/28 2858/4257/35
f 2871/4258/41 2872/4268/41 2866/4259/32
f 2863/4251/25 2864/4250/25 2874/4260/36
f 2875/4262/30 2876/5431/30 2862/4263/37
f 2859/4264/40 2860/5432/40 2878/4265/27
f 2879/4267/34 2880/5433/34 2872/4268/41
f 2873/4261/36 2874/4260/36 2882/4269/23
f 2881/4270/23 2882/4269/23 2880/4271/34
f 2883/4273/37 2884/4287/37 2870/4274/28
f 2867/4255/29 2868/4254/29 2886/4275/40
f 2877/4266/27 2878/4265/27 2888/4277/38
f 2889/4279/39 2890/4285/39 2876/4280/30
f 2887/4278/38 2888/4277/38 2892/4282/25
f 2893/4284/32 2894/5434/32 2890/4285/39
f 2895/4286/30 2896/5435/30 2884/4287/37
f 2885/4288/40 2886/5436/40 2898/4289/27
f 2891/4283/25 2892/4282/25 2755/4137/36
f 2900/4292/34 2901/5437/34 2902/4293/41
f 2897/4290/27 2898/4289/27 2904/4295/38
f 2905/4297/39 2906/4308/39 2896/4298/30
f 2759/4300/2059 2907/5438/2059 2908/4301/2059
f 2754/4302/23 2756/5421/23 2901/4303/34
f 2903/4296/38 2904/4295/38 2910/4305/25
f 2911/4307/32 2912/4315/32 2906/4308/39
f 2907/4309/2060 2774/5439/2060 2773/4310/2060
f 2909/4306/25 2910/4305/25 2914/4312/36
f 2915/4314/41 2916/4317/41 2912/4315/32
f 2917/4316/34 2918/5440/34 2916/4317/41
f 2913/4313/36 2914/4312/36 2920/4318/23
f 2919/4319/23 2920/4318/23 2918/4320/34
f 2894/5434/32 2893/4284/32 2921/4322/5
f 2921/4322/5 2899/4294/41 2902/4293/41
f 2922/4323/5 2894/5434/32 2921/4322/5
f 2852/5441/21 2816/5442/21 2800/5443/21
f 2852/5441/21 2800/5443/21 2792/5444/21
f 2824/5445/21 2852/5441/21 2792/5444/21
f 2824/5445/21 2792/5444/21 2786/5446/21
f 2814/5447/21 2824/5445/21 2786/5446/21
f 2814/5447/21 2786/5446/21 2772/5448/21
f 2798/5449/21 2814/5447/21 2772/5448/21
f 2798/5449/21 2772/5448/21 2768/5450/21
f 2766/5451/21 2770/5452/21 2758/4325/21
f 2763/5453/21 2766/5451/21 2758/4325/21
f 2788/4326/21 2798/5449/21 2768/5450/21
f 2764/4324/21 2763/5453/21 2758/4325/21
f 2788/4326/21 2768/5450/21 2764/4324/21
f 2829/5454/22 2865/5455/22 2851/5456/22
f 2829/5454/22 2851/5456/22 2823/5457/22
f 2815/5458/22 2829/5454/22 2823/5457/22
f 2815/5458/22 2823/5457/22 2813/5459/22
f 2799/5460/22 2815/5458/22 2813/5459/22
f 2799/5460/22 2813/5459/22 2797/5461/22
f 2791/5462/22 2799/5460/22 2797/5461/22
f 2757/5463/22 2769/5464/22 2765/5465/22
f 2757/5463/22 2765/5465/22 2762/5466/22
f 2791/5462/22 2797/5461/22 2787/4327/22
f 2785/5467/22 2791/5462/22 2787/4327/22
f 2757/5463/22 2762/5466/22 2761/5468/22
f 2787/4327/22 2757/5463/22 2761/5468/22
f 2771/4329/22 2785/5467/22 2787/4327/22
f 2787/4327/22 2761/5468/22 2767/4328/22
f 2908/4330/22 2773/5469/22 2855/5470/22
f 2908/4330/22 2855/5470/22 2867/5471/22
f 2899/5472/22 2921/5473/22 2760/4338/22
f 2900/5474/22 2899/5472/22 2760/4338/22
f 2908/4330/22 2867/5471/22 2885/5475/22
f 2908/4330/22 2885/5475/22 2897/5476/22
f 2900/5474/22 2760/4338/22 2908/4330/22
f 2911/5477/22 2751/5478/22 2754/5479/22
f 2754/5479/22 2900/5474/22 2908/4330/22
f 2908/4330/22 2897/5476/22 2903/5480/22
f 2908/4330/22 2903/5480/22 2909/5481/22
f 2915/5482/22 2911/5477/22 2754/5479/22
f 2917/4332/22 2915/5482/22 2754/5479/22
f 2908/4330/22 2909/5481/22 2913/5483/22
f 2908/4330/22 2913/5483/22 2919/4331/22
f 2917/4332/22 2754/5479/22 2908/4330/22
f 2759/5484/21 2922/5485/21 2902/5486/21
f 2759/5484/21 2902/5486/21 2901/5487/21
f 2856/5488/21 2774/5489/21 2907/4335/21
f 2868/5490/21 2856/5488/21 2907/4335/21
f 2907/4335/21 2759/5484/21 2901/5487/21
f 2756/5491/21 2753/5492/21 2912/5493/21
f 2907/4335/21 2901/5487/21 2756/5491/21
f 2886/5494/21 2868/5490/21 2907/4335/21
f 2898/5495/21 2886/5494/21 2907/4335/21
f 2756/5491/21 2912/5493/21 2916/5496/21
f 2756/5491/21 2916/5496/21 2918/5497/21
f 2904/5498/21 2898/5495/21 2907/4335/21
f 2910/5499/21 2904/5498/21 2907/4335/21
f 2907/4335/21 2756/5491/21 2918/5497/21
f 2907/4335/21 2918/5497/21 2920/4333/21
f 2914/4334/21 2910/5499/21 2907/4335/21
f 2861/5500/22 2863/5501/22 2873/5502/22
f 2861/5500/22 2873/5502/22 2881/5503/22
f 2875/5504/22 2861/5500/22 2881/5503/22
f 2875/5504/22 2881/5503/22 2879/5505/22
f 2889/5506/22 2875/5504/22 2879/5505/22
f 2871/5507/22 2865/5455/22 2829/5454/22
f 2893/5508/22 2889/5506/22 2879/5505/22
f 2879/5505/22 2871/5507/22 2829/5454/22
f 2879/5505/22 2829/5454/22 2837/5509/22
f 2921/5473/22 2893/5508/22 2879/5505/22
f 2769/5464/22 2757/5463/22 2760/4338/22
f 2783/5510/22 2769/5464/22 2760/4338/22
f 2760/4338/22 2921/5473/22 2879/5505/22
f 2879/5505/22 2837/5509/22 2849/5511/22
f 2879/5505/22 2849/5511/22 2847/5512/22
f 2793/5513/22 2783/5510/22 2760/4338/22
f 2801/5514/22 2793/5513/22 2760/4338/22
f 2760/4338/22 2879/5505/22 2847/5512/22
f 2760/4338/22 2847/5512/22 2835/5515/22
f 2817/4337/22 2801/5514/22 2760/4338/22
f 2760/4338/22 2835/5515/22 2827/4336/22
f 2759/5484/21 2758/4325/21 2770/5452/21
f 2759/5484/21 2770/5452/21 2784/5516/21
f 2894/5517/21 2922/5485/21 2759/5484/21
f 2759/5484/21 2784/5516/21 2794/5518/21
f 2759/5484/21 2794/5518/21 2802/5519/21
f 2864/5520/21 2834/5521/21 2862/5522/21
f 2874/5523/21 2864/5520/21 2862/5522/21
f 2874/5523/21 2862/5522/21 2876/5524/21
f 2882/5525/21 2874/5523/21 2876/5524/21
f 2882/5525/21 2876/5524/21 2890/5526/21
f 2880/5527/21 2882/5525/21 2890/5526/21
f 2759/5484/21 2802/5519/21 2818/5528/21
f 2759/5484/21 2818/5528/21 2828/5529/21
f 2880/5527/21 2890/5526/21 2894/5517/21
f 2880/5527/21 2894/5517/21 2759/5484/21
f 2759/5484/21 2828/5529/21 2836/5530/21
f 2759/5484/21 2836/5530/21 2848/5531/21
f 2872/4341/21 2880/5527/21 2759/5484/21
f 2816/5442/21 2852/5441/21 2866/5532/21
f 2872/4341/21 2759/5484/21 2848/5531/21
f 2872/4341/21 2848/5531/21 2850/5533/21
f 2816/5442/21 2866/5532/21 2872/4341/21
f 2830/4340/21 2816/5442/21 2872/4341/21
f 2872/4341/21 2850/5533/21 2838/4339/21
f 2834/5521/21 2864/5520/21 2854/5534/21
f 2834/5521/21 2854/5534/21 2826/5535/21
f 2822/5536/21 2834/5521/21 2826/5535/21
f 2822/5536/21 2826/5535/21 2812/5537/21
f 2808/5538/21 2822/5536/21 2812/5537/21
f 2808/5538/21 2812/5537/21 2796/5539/21
f 2805/5540/21 2808/5538/21 2796/5539/21
f 2805/5540/21 2796/5539/21 2790/5541/21
f 2806/5542/21 2805/5540/21 2790/5541/21
f 2806/5542/21 2790/5541/21 2782/5543/21
f 2806/5542/21 2782/5543/21 2778/4342/21
f 2912/5493/21 2753/5492/21 2755/5544/21
f 2906/5545/21 2912/5493/21 2755/5544/21
f 2906/5545/21 2755/5544/21 2892/5546/21
f 2896/5547/21 2906/5545/21 2892/5546/21
f 2896/5547/21 2892/5546/21 2888/5548/21
f 2884/5549/21 2896/5547/21 2888/5548/21
f 2884/5549/21 2888/5548/21 2878/5550/21
f 2870/5551/21 2884/5549/21 2878/5550/21
f 2870/5551/21 2878/5550/21 2860/5552/21
f 2858/5553/21 2870/5551/21 2860/5552/21
f 2858/5553/21 2860/5552/21 2832/5554/21
f 2846/5555/21 2858/5553/21 2832/5554/21
f 2846/5555/21 2832/5554/21 2820/5556/21
f 2841/5557/21 2846/5555/21 2820/5556/21
f 2841/5557/21 2820/5556/21 2810/5558/21
f 2842/4343/21 2841/5557/21 2810/5558/21
f 2842/4343/21 2810/5558/21 2806/5542/21
f 2774/5489/21 2856/5488/21 2844/5559/21
f 2842/4343/21 2806/5542/21 2778/4342/21
f 2774/5489/21 2844/5559/21 2842/4343/21
f 2780/5560/21 2788/4326/21 2758/4325/21
f 2777/5561/21 2780/5560/21 2758/4325/21
f 2758/4325/21 2774/5489/21 2842/4343/21
f 2778/4342/21 2777/5561/21 2758/4325/21
f 2757/5463/22 2787/4327/22 2779/5562/22
f 2757/5463/22 2779/5562/22 2776/5563/22
f 2843/5564/22 2855/5470/22 2773/5469/22
f 2839/4346/22 2843/5564/22 2773/5469/22
f 2757/5463/22 2776/5563/22 2775/5565/22
f 2773/5469/22 2757/5463/22 2775/5565/22
f 2839/4346/22 2773/5469/22 2775/5565/22
f 2751/5478/22 2911/5477/22 2905/5566/22
f 2752/5567/22 2751/5478/22 2905/5566/22
f 2752/5567/22 2905/5566/22 2895/5568/22
f 2891/5569/22 2752/5567/22 2895/5568/22
f 2891/5569/22 2895/5568/22 2883/5570/22
f 2887/5571/22 2891/5569/22 2883/5570/22
f 2887/5571/22 2883/5570/22 2869/5572/22
f 2877/5573/22 2887/5571/22 2869/5572/22
f 2877/5573/22 2869/5572/22 2857/5574/22
f 2859/5575/22 2877/5573/22 2857/5574/22
f 2859/5575/22 2857/5574/22 2845/5576/22
f 2831/5577/22 2859/5575/22 2845/5576/22
f 2831/5577/22 2845/5576/22 2840/4345/22
f 2819/5578/22 2831/5577/22 2840/4345/22
f 2853/5579/22 2863/5501/22 2861/5500/22
f 2853/5579/22 2861/5500/22 2833/5580/22
f 2825/5581/22 2853/5579/22 2833/5580/22
f 2825/5581/22 2833/5580/22 2821/5582/22
f 2811/5583/22 2825/5581/22 2821/5582/22
f 2811/5583/22 2821/5582/22 2807/5584/22
f 2795/5585/22 2811/5583/22 2807/5584/22
f 2795/5585/22 2807/5584/22 2804/5586/22
f 2789/5587/22 2795/5585/22 2804/5586/22
f 2789/5587/22 2804/5586/22 2803/4344/22
f 2781/5588/22 2789/5587/22 2803/4344/22
f 2809/5589/22 2819/5578/22 2840/4345/22
f 2775/5565/22 2781/5588/22 2803/4344/22
f 2803/4344/22 2809/5589/22 2840/4345/22
f 2839/4346/22 2775/5565/22 2803/4344/22
f 2928/5590/23 2926/4513/23 2923/4347/8
f 2923/4347/8 2924/4502/36 2927/4348/36
f 2925/4349/8 2928/5590/23 2923/4347/8
f 2930/4350/2057 2931/4511/2057 2932/4351/2057
f 2934/4353/33 2935/4357/33 2936/4354/24
f 2937/4356/26 2938/4362/26 2935/4357/33
f 2933/4358/24 2936/5591/24 2940/4359/31
f 2941/4361/35 2942/4376/35 2938/4362/26
f 2939/4360/31 2940/4359/31 2944/4363/42
f 2946/4365/2058 2930/4350/2058 2929/4352/2058
f 2948/4367/33 2949/4371/33 2950/4368/24
f 2951/4370/26 2952/4380/26 2949/4371/33
f 2947/4372/24 2950/5592/24 2954/4373/31
f 2955/4375/28 2956/4386/28 2942/4376/35
f 2943/4364/42 2944/4363/42 2958/4377/29
f 2959/4379/35 2960/4390/35 2952/4380/26
f 2953/4374/31 2954/4373/31 2962/4381/42
f 2957/4378/29 2958/4377/29 2964/4383/40
f 2965/4385/37 2966/4395/37 2956/4386/28
f 2961/4382/42 2962/4381/42 2968/4387/29
f 2969/4389/28 2970/4407/28 2960/4390/35
f 2963/4391/40 2964/5593/40 2972/4392/27
f 2973/4394/30 2974/5594/30 2966/4395/37
f 2976/4396/33 2977/4400/33 2978/4397/24
f 2979/4399/26 2980/4416/26 2977/4400/33
f 2975/4401/24 2978/5595/24 2982/4402/31
f 2967/4388/29 2968/4387/29 2984/4404/40
f 2985/4406/37 2986/4418/37 2970/4407/28
f 2971/4393/27 2972/4392/27 2988/4408/38
f 2989/4410/39 2990/4423/39 2974/4411/30
f 2981/4403/31 2982/4402/31 2992/4413/42
f 2993/4415/35 2994/4429/35 2980/4416/26
f 2995/4417/30 2996/5596/30 2986/4418/37
f 2983/4419/40 2984/5597/40 2998/4420/27
f 2999/4422/32 3000/4431/32 2990/4423/39
f 2987/4409/38 2988/4408/38 3002/4424/25
f 2991/4414/42 2992/4413/42 3004/4426/29
f 3005/4428/28 3006/4460/28 2994/4429/35
f 3007/4430/41 3008/4443/41 3000/4431/32
f 3001/4425/25 3002/4424/25 3010/4432/36
f 3012/4434/33 3013/4441/33 3014/4435/24
f 3011/4437/24 3014/5598/24 3016/4438/31
f 3017/4440/26 3018/4456/26 3013/4441/33
f 3019/4442/34 3020/5599/34 3008/4443/41
f 3009/4433/36 3010/4432/36 3022/4444/23
f 3023/4446/39 3024/4464/39 2996/4447/30
f 2997/4421/27 2998/4420/27 3026/4449/38
f 3021/4445/23 3022/4444/23 3020/4451/34
f 3015/4439/31 3016/4438/31 3028/4453/42
f 3029/4455/35 3030/4468/35 3018/4456/26
f 3003/4427/29 3004/4426/29 3032/4457/40
f 3033/4459/37 3034/4474/37 3006/4460/28
f 3025/4450/38 3026/4449/38 3036/4461/25
f 3037/4463/32 3038/4470/32 3024/4464/39
f 3027/4454/42 3028/4453/42 3040/4465/29
f 3041/4467/28 3042/4485/28 3030/4468/35
f 3043/4469/41 3044/4479/41 3038/4470/32
f 3035/4462/25 3036/4461/25 3046/4471/36
f 3047/4473/30 3048/5600/30 3034/4474/37
f 3031/4475/40 3032/5601/40 3050/4476/27
f 3051/4478/34 3052/5602/34 3044/4479/41
f 3045/4472/36 3046/4471/36 3054/4480/23
f 3053/4481/23 3054/4480/23 3052/4482/34
f 3055/4484/37 3056/4498/37 3042/4485/28
f 3039/4466/29 3040/4465/29 3058/4486/40
f 3049/4477/27 3050/4476/27 3060/4488/38
f 3061/4490/39 3062/4496/39 3048/4491/30
f 3059/4489/38 3060/4488/38 3064/4493/25
f 3065/4495/32 3066/5603/32 3062/4496/39
f 3067/4497/30 3068/5604/30 3056/4498/37
f 3057/4499/40 3058/5605/40 3070/4500/27
f 3063/4494/25 3064/4493/25 2927/4348/36
f 3072/4503/34 3073/5606/34 3074/4504/41
f 3069/4501/27 3070/4500/27 3076/4506/38
f 3077/4508/39 3078/4519/39 3068/4509/30
f 2931/4511/2059 3079/5607/2059 3080/4512/2059
f 2926/4513/23 2928/5590/23 3073/4514/34
f 3075/4507/38 3076/4506/38 3082/4516/25
f 3083/4518/32 3084/4526/32 3078/4519/39
f 3079/4520/2060 2946/5608/2060 2945/4521/2060
f 3081/4517/25 3082/4516/25 3086/4523/36
f 3087/4525/41 3088/4528/41 3084/4526/32
f 3089/4527/34 3090/5609/34 3088/4528/41
f 3085/4524/36 3086/4523/36 3092/4529/23
f 3091/4530/23 3092/4529/23 3090/4531/34
f 3066/5603/32 3065/4495/32 3093/4533/5
f 3093/4533/5 3071/4505/41 3074/4504/41
f 3094/4534/5 3066/5603/32 3093/4533/5
f 3024/5610/21 2988/5611/21 2972/5612/21
f 3024/5610/21 2972/5612/21 2964/5613/21
f 2996/5614/21 3024/5610/21 2964/5613/21
f 2996/5614/21 2964/5613/21 2958/5615/21
f 2986/5616/21 2996/5614/21 2958/5615/21
f 2986/5616/21 2958/5615/21 2944/5617/21
f 2970/5618/21 2986/5616/21 2944/5617/21
f 2970/5618/21 2944/5617/21 2940/5619/21
f 2938/5620/21 2942/5621/21 2930/4536/21
f 2935/5622/21 2938/5620/21 2930/4536/21
f 2960/4537/21 2970/5618/21 2940/5619/21
f 2936/4535/21 2935/5622/21 2930/4536/21
f 2960/4537/21 2940/5619/21 2936/4535/21
f 3001/5623/22 3037/5624/22 3023/5625/22
f 3001/5623/22 3023/5625/22 2995/5626/22
f 2987/5627/22 3001/5623/22 2995/5626/22
f 2987/5627/22 2995/5626/22 2985/5628/22
f 2971/5629/22 2987/5627/22 2985/5628/22
f 2971/5629/22 2985/5628/22 2969/5630/22
f 2963/5631/22 2971/5629/22 2969/5630/22
f 2929/5632/22 2941/5633/22 2937/5634/22
f 2929/5632/22 2937/5634/22 2934/5635/22
f 2963/5631/22 2969/5630/22 2959/4538/22
f 2957/5636/22 2963/5631/22 2959/4538/22
f 2929/5632/22 2934/5635/22 2933/5637/22
f 2959/4538/22 2929/5632/22 2933/5637/22
f 2943/4540/22 2957/5636/22 2959/4538/22
f 2959/4538/22 2933/5637/22 2939/4539/22
f 3080/4541/22 2945/5638/22 3027/5639/22
f 3080/4541/22 3027/5639/22 3039/5640/22
f 3071/5641/22 3093/5642/22 2932/4549/22
f 3072/5643/22 3071/5641/22 2932/4549/22
f 3080/4541/22 3039/5640/22 3057/5644/22
f 3080/4541/22 3057/5644/22 3069/5645/22
f 3072/5643/22 2932/4549/22 3080/4541/22
f 3083/5646/22 2923/5647/22 2926/5648/22
f 2926/5648/22 3072/5643/22 3080/4541/22
f 3080/4541/22 3069/5645/22 3075/5649/22
f 3080/4541/22 3075/5649/22 3081/5650/22
f 3087/5651/22 3083/5646/22 2926/5648/22
f 3089/4543/22 3087/5651/22 2926/5648/22
f 3080/4541/22 3081/5650/22 3085/5652/22
f 3080/4541/22 3085/5652/22 3091/4542/22
f 3089/4543/22 2926/5648/22 3080/4541/22
f 2931/5653/21 3094/5654/21 3074/5655/21
f 2931/5653/21 3074/5655/21 3073/5656/21
f 3028/5657/21 2946/5658/21 3079/4546/21
f 3040/5659/21 3028/5657/21 3079/4546/21
f 3079/4546/21 2931/5653/21 3073/5656/21
f 2928/5660/21 2925/5661/21 3084/5662/21
f 3079/4546/21 3073/5656/21 2928/5660/21
f 3058/5663/21 3040/5659/21 3079/4546/21
f 3070/5664/21 3058/5663/21 3079/4546/21
f 2928/5660/21 3084/5662/21 3088/5665/21
f 2928/5660/21 3088/5665/21 3090/5666/21
f 3076/5667/21 3070/5664/21 3079/4546/21
f 3082/5668/21 3076/5667/21 3079/4546/21
f 3079/4546/21 2928/5660/21 3090/5666/21
f 3079/4546/21 3090/5666/21 3092/4544/21
f 3086/4545/21 3082/5668/21 3079/4546/21
f 3033/5669/22 3035/5670/22 3045/5671/22
f 3033/5669/22 3045/5671/22 3053/5672/22
f 3047/5673/22 3033/5669/22 3053/5672/22
f 3047/5673/22 3053/5672/22 3051/5674/22
f 3061/5675/22 3047/5673/22 3051/5674/22
f 3043/5676/22 3037/5624/22 3001/5623/22
f 3065/5677/22 3061/5675/22 3051/5674/22
f 3051/5674/22 3043/5676/22 3001/5623/22
f 3051/5674/22 3001/5623/22 3009/5678/22
f 3093/5642/22 3065/5677/22 3051/5674/22
f 2941/5633/22 2929/5632/22 2932/4549/22
f 2955/5679/22 2941/5633/22 2932/4549/22
f 2932/4549/22 3093/5642/22 3051/5674/22
f 3051/5674/22 3009/5678/22 3021/5680/22
f 3051/5674/22 3021/5680/22 3019/5681/22
f 2965/5682/22 2955/5679/22 2932/4549/22
f 2973/5683/22 2965/5682/22 2932/4549/22
f 2932/4549/22 3051/5674/22 3019/5681/22
f 2932/4549/22 3019/5681/22 3007/5684/22
f 2989/4548/22 2973/5683/22 2932/4549/22
f 2932/4549/22 3007/5684/22 2999/4547/22
f 2931/5653/21 2930/4536/21 2942/5621/21
f 2931/5653/21 2942/5621/21 2956/5685/21
f 3066/5686/21 3094/5654/21 2931/5653/21
f 2931/5653/21 2956/5685/21 2966/5687/21
f 2931/5653/21 2966/5687/21 2974/5688/21
f 3036/5689/21 3006/5690/21 3034/5691/21
f 3046/5692/21 3036/5689/21 3034/5691/21
f 3046/5692/21 3034/5691/21 3048/5693/21
f 3054/5694/21 3046/5692/21 3048/5693/21
f 3054/5694/21 3048/5693/21 3062/5695/21
f 3052/5696/21 3054/5694/21 3062/5695/21
f 2931/5653/21 2974/5688/21 2990/5697/21
f 2931/5653/21 2990/5697/21 3000/5698/21
f 3052/5696/21 3062/5695/21 3066/5686/21
f 3052/5696/21 3066/5686/21 2931/5653/21
f 2931/5653/21 3000/5698/21 3008/5699/21
f 2931/5653/21 3008/5699/21 3020/5700/21
f 3044/4552/21 3052/5696/21 2931/5653/21
f 2988/5611/21 3024/5610/21 3038/5701/21
f 3044/4552/21 2931/5653/21 3020/5700/21
f 3044/4552/21 3020/5700/21 3022/5702/21
f 2988/5611/21 3038/5701/21 3044/4552/21
f 3002/4551/21 2988/5611/21 3044/4552/21
f 3044/4552/21 3022/5702/21 3010/4550/21
f 3006/5690/21 3036/5689/21 3026/5703/21
f 3006/5690/21 3026/5703/21 2998/5704/21
f 2994/5705/21 3006/5690/21 2998/5704/21
f 2994/5705/21 2998/5704/21 2984/5706/21
f 2980/5707/21 2994/5705/21 2984/5706/21
f 2980/5707/21 2984/5706/21 2968/5708/21
f 2977/5709/21 2980/5707/21 2968/5708/21
f 2977/5709/21 2968/5708/21 2962/5710/21
f 2978/5711/21 2977/5709/21 2962/5710/21
f 2978/5711/21 2962/5710/21 2954/5712/21
f 2978/5711/21 2954/5712/21 2950/4553/21
f 3084/5662/21 2925/5661/21 2927/5713/21
f 3078/5714/21 3084/5662/21 2927/5713/21
f 3078/5714/21 2927/5713/21 3064/5715/21
f 3068/5716/21 3078/5714/21 3064/5715/21
f 3068/5716/21 3064/5715/21 3060/5717/21
f 3056/5718/21 3068/5716/21 3060/5717/21
f 3056/5718/21 3060/5717/21 3050/5719/21
f 3042/5720/21 3056/5718/21 3050/5719/21
f 3042/5720/21 3050/5719/21 3032/5721/21
f 3030/5722/21 3042/5720/21 3032/5721/21
f 3030/5722/21 3032/5721/21 3004/5723/21
f 3018/5724/21 3030/5722/21 3004/5723/21
f 3018/5724/21 3004/5723/21 2992/5725/21
f 3013/5726/21 3018/5724/21 2992/5725/21
f 3013/5726/21 2992/5725/21 2982/5727/21
f 3014/4554/21 3013/5726/21 2982/5727/21
f 3014/4554/21 2982/5727/21 2978/5711/21
f 2946/5658/21 3028/5657/21 3016/5728/21
f 3014/4554/21 2978/5711/21 2950/4553/21
f 2946/5658/21 3016/5728/21 3014/4554/21
f 2952/5729/21 2960/4537/21 2930/4536/21
f 2949/5730/21 2952/5729/21 2930/4536/21
f 2930/4536/21 2946/5658/21 3014/4554/21
f 2950/4553/21 2949/5730/21 2930/4536/21
f 2929/5632/22 2959/4538/22 2951/5731/22
f 2929/5632/22 2951/5731/22 2948/5732/22
f 3015/5733/22 3027/5639/22 2945/5638/22
f 3011/4557/22 3015/5733/22 2945/5638/22
f 2929/5632/22 2948/5732/22 2947/5734/22
f 2945/5638/22 2929/5632/22 2947/5734/22
f 3011/4557/22 2945/5638/22 2947/5734/22
f 2923/5647/22 3083/5646/22 3077/5735/22
f 2924/5736/22 2923/5647/22 3077/5735/22
f 2924/5736/22 3077/5735/22 3067/5737/22
f 3063/5738/22 2924/5736/22 3067/5737/22
f 3063/5738/22 3067/5737/22 3055/5739/22
f 3059/5740/22 3063/5738/22 3055/5739/22
f 3059/5740/22 3055/5739/22 3041/5741/22
f 3049/5742/22 3059/5740/22 3041/5741/22
f 3049/5742/22 3041/5741/22 3029/5743/22
f 3031/5744/22 3049/5742/22 3029/5743/22
f 3031/5744/22 3029/5743/22 3017/5745/22
f 3003/5746/22 3031/5744/22 3017/5745/22
f 3003/5746/22 3017/5745/22 3012/4556/22
f 2991/5747/22 3003/5746/22 3012/4556/22
f 3025/5748/22 3035/5670/22 3033/5669/22
f 3025/5748/22 3033/5669/22 3005/5749/22
f 2997/5750/22 3025/5748/22 3005/5749/22
f 2997/5750/22 3005/5749/22 2993/5751/22
f 2983/5752/22 2997/5750/22 2993/5751/22
f 2983/5752/22 2993/5751/22 2979/5753/22
f 2967/5754/22 2983/5752/22 2979/5753/22
f 2967/5754/22 2979/5753/22 2976/5755/22
f 2961/5756/22 2967/5754/22 2976/5755/22
f 2961/5756/22 2976/5755/22 2975/4555/22
f 2953/5757/22 2961/5756/22 2975/4555/22
f 2981/5758/22 2991/5747/22 3012/4556/22
f 2947/5734/22 2953/5757/22 2975/4555/22
f 2975/4555/22 2981/5758/22 3012/4556/22
f 3011/4557/22 2947/5734/22 2975/4555/22
f 3096/4558/42 3098/5759/42 3097/4559/42
f 3098/4561/35 3100/5760/35 3099/4562/35
f 3112/4564/32 3113/5761/32 3114/4565/32
f 3102/4567/25 3096/5762/25 3095/4568/25
f 3102/4570/21 3100/4580/21 3098/4571/21
f 3095/4573/22 3097/5763/22 3099/4574/22
f 3100/4576/2061 3104/5764/2061 3103/4577/2061
f 3102/4570/21 3105/4588/21 3104/4579/21
f 3101/4581/2062 3106/5765/2062 3105/4582/2062
f 3099/4574/22 3103/4593/22 3106/4584/22
f 3104/4585/2063 3108/4595/2063 3107/4586/2063
f 3105/4588/21 3109/4597/21 3108/4589/21
f 3106/4590/2064 3110/4599/2064 3109/4591/2064
f 3103/4593/22 3107/4601/22 3110/4594/22
f 3108/4595/2065 3112/5766/2065 3111/4596/2065
f 3109/4597/21 3113/5767/21 3112/4598/21
f 3110/4599/2066 3114/5768/2066 3113/4600/2066
f 3107/4601/22 3111/5769/22 3114/4602/22
f 3116/4603/42 3118/5770/42 3117/4604/42
f 3118/4606/2067 3120/5771/2067 3119/4607/2067
f 3120/4609/32 3122/5772/32 3121/4610/32
f 3122/4612/2068 3116/5773/2068 3115/4613/2068
f 3122/4615/21 3120/5774/21 3118/4616/21
f 3115/4618/22 3117/5775/22 3119/4619/22
f 3124/4621/2069 3126/5776/2069 3125/4622/2069
f 3126/4624/2070 3128/5777/2070 3127/4625/2070
f 3128/4627/2071 3130/5778/2071 3129/4628/2071
f 3130/4630/2072 3124/5779/2072 3123/4631/2072
f 3130/4633/21 3128/5780/21 3126/4634/21
f 3123/4636/22 3125/5781/22 3127/4637/22
f 3132/4639/2073 3134/5782/2073 3133/4640/2073
f 3134/4642/2074 3136/5783/2074 3135/4643/2074
f 3136/4645/2075 3138/5784/2075 3137/4646/2075
f 3138/4648/2076 3132/5785/2076 3131/4649/2076
f 3138/4651/21 3136/5786/21 3134/4652/21
f 3137/4654/22 3131/5787/22 3133/4655/22
f 3140/4657/2073 3142/5788/2073 3141/4658/2073
f 3142/4660/2074 3144/5789/2074 3143/4661/2074
f 3144/4663/2075 3146/5790/2075 3145/4664/2075
f 3146/4666/2076 3140/5791/2076 3139/4667/2076
f 3146/4669/21 3144/5792/21 3142/4670/21
f 3145/4672/22 3139/5793/22 3141/4673/22
f 3148/4675/2077 3168/4679/37 3167/4676/28
f 3149/4678/30 3169/5794/30 3168/4679/37
f 3150/4680/39 3170/4684/39 3169/4681/30
f 3151/4683/32 3171/4686/32 3170/4684/39
f 3152/4685/41 3172/4688/41 3171/4686/32
f 3153/4687/34 3173/5795/34 3172/4688/41
f 3154/4689/23 3174/4693/2078 3173/4690/34
f 3155/4692/36 3175/4695/36 3174/4693/2078
f 3156/4694/25 3176/4697/25 3175/4695/36
f 3157/4696/38 3177/4699/38 3176/4697/25
f 3158/4698/2079 3178/4701/27 3177/4699/38
f 3159/4700/40 3179/5796/40 3178/4701/27
f 3160/4702/29 3180/4706/29 3179/4703/40
f 3161/4705/42 3181/4708/42 3180/4706/29
f 3162/4707/31 3182/4710/31 3181/4708/42
f 3163/4709/24 3183/5797/24 3182/4710/31
f 3164/4711/33 3184/4715/2080 3183/4712/24
f 3165/4714/26 3185/4717/26 3184/4715/2080
f 3166/4716/35 3186/4718/35 3185/4717/26
f 3147/4677/28 3167/4676/28 3186/4718/35
f 3190/4761/2069 3192/5798/2069 3191/4762/2069
f 3192/4764/2070 3194/5799/2070 3193/4765/2070
f 3194/4767/2071 3196/5800/2071 3195/4768/2071
f 3196/4770/2072 3190/5801/2072 3189/4771/2072
f 3196/4773/21 3194/5802/21 3192/4774/21
f 3189/4776/22 3191/5803/22 3193/4777/22
f 3198/4779/1 3218/4885/1 3217/4780/1
f 3240/4782/2 3241/5804/2 3242/4783/2
f 3200/4785/3 3220/5805/3 3219/4786/3
f 3244/4788/4 3245/5806/4 3246/4789/4
f 3202/4791/5 3222/5807/5 3221/4792/5
f 3248/4794/6 3249/5808/6 3250/4795/6
f 3204/4797/7 3224/4908/7 3223/4798/7
f 3252/4800/8 3253/5809/8 3254/4801/8
f 3206/4803/9 3226/5810/9 3225/4804/9
f 3256/4806/10 3257/5811/10 3258/4807/10
f 3208/4809/11 3228/4922/11 3227/4810/11
f 3260/4812/12 3261/5812/12 3262/4813/12
f 3210/4815/13 3230/5813/13 3229/4816/13
f 3264/4818/14 3265/5814/14 3266/4819/14
f 3212/4821/15 3232/5815/15 3231/4822/15
f 3268/4824/16 3269/5816/16 3270/4825/16
f 3214/4827/17 3234/4948/17 3233/4828/17
f 3272/4830/18 3273/5817/18 3274/4831/18
f 3216/4833/19 3236/5818/19 3235/4834/19
f 3276/4836/20 3277/5819/20 3278/4837/20
f 3199/4842/21 3240/5820/21 3239/4881/21
f 3219/4786/23 3241/5821/23 3240/4882/2078
f 3219/4863/22 3218/4861/22 3242/4883/22
f 3198/4779/24 3239/4784/24 3242/4783/24
f 3201/4844/21 3244/5822/21 3243/4886/21
f 3221/4887/25 3245/5823/25 3244/4888/25
f 3220/4864/22 3246/5824/22 3245/4890/22
f 3200/4891/26 3243/5825/26 3246/4892/26
f 3202/4845/21 3203/4846/21 3248/4894/21
f 3223/4798/27 3249/5826/27 3248/4896/2079
f 3222/4866/22 3250/5827/22 3249/4897/22
f 3202/4898/28 3247/5828/28 3250/4899/28
f 3205/4848/21 3252/5829/21 3251/4901/21
f 3225/4902/29 3253/5830/29 3252/4903/29
f 3225/4869/22 3224/4868/22 3254/4905/22
f 3204/4797/30 3251/5831/30 3254/4907/30
f 3207/4850/21 3256/5832/21 3255/4909/21
f 3227/4910/31 3257/5833/31 3256/4911/31
f 3227/4871/22 3226/4870/22 3258/4913/22
f 3206/4915/32 3255/5834/32 3258/4916/32
f 3209/4852/21 3260/5835/21 3259/4918/21
f 3229/4816/33 3261/5836/33 3260/4919/2080
f 3229/4873/22 3228/4872/22 3262/4920/22
f 3208/4809/34 3259/4814/34 3262/4813/34
f 3211/4854/21 3264/5837/21 3263/4923/21
f 3231/4924/35 3265/5838/35 3264/4925/35
f 3231/4875/22 3230/4874/22 3266/4927/22
f 3210/4929/36 3263/5839/36 3266/4930/36
f 3212/4855/21 3213/4856/21 3268/4932/21
f 3233/4934/37 3269/5840/37 3268/4935/2077
f 3232/4876/22 3270/5841/22 3269/4937/22
f 3212/4938/38 3267/5842/38 3270/4939/38
f 3214/4857/21 3215/4858/21 3272/4941/21
f 3235/4943/39 3273/5843/39 3272/4944/39
f 3234/4878/22 3274/5844/22 3273/4946/22
f 3214/4827/40 3271/5845/40 3274/4947/40
f 3197/4840/21 3276/5846/21 3275/4949/21
f 3217/4950/41 3277/5847/41 3276/4951/41
f 3217/4860/22 3236/4880/22 3278/4953/22
f 3216/4955/42 3275/5848/42 3278/4956/42
f 3280/4958/23 3300/4962/23 3299/4959/36
f 3281/4961/34 3301/5849/34 3300/4962/23
f 3282/4963/41 3302/4967/41 3301/4964/34
f 3283/4966/32 3303/4969/32 3302/4967/41
f 3284/4968/39 3304/4971/39 3303/4969/32
f 3285/4970/30 3305/5850/30 3304/4971/39
f 3286/4972/37 3306/4976/37 3305/4973/30
f 3287/4975/28 3307/4978/28 3306/4976/37
f 3288/4977/35 3308/4980/35 3307/4978/28
f 3289/4979/26 3309/4982/26 3308/4980/35
f 3290/4981/33 3310/4984/33 3309/4982/26
f 3291/4983/24 3311/5851/24 3310/4984/33
f 3292/4985/31 3312/4989/31 3311/4986/24
f 3293/4988/42 3313/4991/42 3312/4989/31
f 3294/4990/29 3314/4993/29 3313/4991/42
f 3295/4992/40 3315/5852/40 3314/4993/29
f 3296/4994/27 3316/4998/27 3315/4995/40
f 3297/4997/38 3317/5000/38 3316/4998/27
f 3298/4999/25 3318/5001/25 3317/5000/38
f 3279/4960/36 3299/4959/36 3318/5001/25
f 3322/5044/23 3342/5048/23 3341/5045/36
f 3323/5047/34 3343/5853/34 3342/5048/23
f 3324/5049/41 3344/5053/41 3343/5050/34
f 3325/5052/32 3345/5055/32 3344/5053/41
f 3326/5054/39 3346/5057/39 3345/5055/32
f 3327/5056/30 3347/5854/30 3346/5057/39
f 3328/5058/37 3348/5062/37 3347/5059/30
f 3329/5061/28 3349/5064/28 3348/5062/37
f 3330/5063/35 3350/5066/35 3349/5064/28
f 3331/5065/26 3351/5068/26 3350/5066/35
f 3332/5067/33 3352/5070/33 3351/5068/26
f 3333/5069/24 3353/5855/24 3352/5070/33
f 3334/5071/31 3354/5075/31 3353/5072/24
f 3335/5074/42 3355/5077/42 3354/5075/31
f 3336/5076/29 3356/5079/29 3355/5077/42
f 3337/5078/40 3357/5856/40 3356/5079/29
f 3338/5080/27 3358/5084/27 3357/5081/40
f 3339/5083/38 3359/5086/38 3358/5084/27
f 3340/5085/25 3360/5087/25 3359/5086/38
f 3321/5046/36 3341/5045/36 3360/5087/25
