# Blender 5.0.1
# www.blender.org
mtllib lamp_g.mtl
o Plane
v -0.444381 -1.180713 -0.444381
v -0.444381 -1.180713 0.444381
v 0.444381 -1.180713 0.444381
v 0.444381 -1.180713 -0.444381
v 0.311496 1.938312 -0.000003
v 0.303150 1.938312 0.031147
v 0.280347 1.938312 0.053950
v 0.249197 1.938312 0.062297
v 0.218047 1.938312 0.053950
v 0.195244 1.938312 0.031147
v 0.186898 1.938312 -0.000003
v 0.195244 1.938312 -0.031152
v 0.218047 1.938312 -0.053955
v 0.249197 1.938312 -0.062302
v 0.280347 1.938312 -0.053955
v 0.303150 1.938312 -0.031152
v 0.308831 1.978971 -0.000003
v 0.300556 1.977881 0.031147
v 0.277948 1.974905 0.053950
v 0.247065 1.970839 0.062297
v 0.216182 1.966773 0.053950
v 0.193574 1.963797 0.031147
v 0.185299 1.962708 -0.000003
v 0.193574 1.963797 -0.031152
v 0.216182 1.966773 -0.053955
v 0.247065 1.970839 -0.062302
v 0.277948 1.974905 -0.053955
v 0.300556 1.977881 -0.031152
v 0.300882 2.018934 -0.000003
v 0.292820 2.016773 0.031147
v 0.270794 2.010871 0.053950
v 0.240706 2.002809 0.062297
v 0.210618 1.994747 0.053950
v 0.188591 1.988845 0.031147
v 0.180529 1.986685 -0.000003
v 0.188591 1.988845 -0.031152
v 0.210618 1.994747 -0.053955
v 0.240706 2.002809 -0.062302
v 0.270794 2.010871 -0.053955
v 0.292820 2.016773 -0.031152
v 0.287785 2.057517 -0.000003
v 0.280074 2.054323 0.031147
v 0.259006 2.045596 0.053950
v 0.230228 2.033676 0.062297
v 0.201450 2.021755 0.053950
v 0.180382 2.013029 0.031147
v 0.172671 2.009835 -0.000003
v 0.180382 2.013029 -0.031152
v 0.201450 2.021755 -0.053955
v 0.230228 2.033676 -0.062302
v 0.259006 2.045596 -0.053955
v 0.280074 2.054323 -0.031152
v 0.269764 2.094061 -0.000003
v 0.262535 2.089887 0.031147
v 0.242787 2.078486 0.053950
v 0.215811 2.062911 0.062297
v 0.188835 2.047336 0.053950
v 0.169086 2.035935 0.031147
v 0.161858 2.031761 -0.000003
v 0.169086 2.035935 -0.031152
v 0.188835 2.047336 -0.053955
v 0.215811 2.062911 -0.062302
v 0.242787 2.078486 -0.053955
v 0.262535 2.089887 -0.031152
v 0.247127 2.127939 -0.000003
v 0.240505 2.122858 0.031147
v 0.222414 2.108977 0.053950
v 0.197701 2.090014 0.062297
v 0.172989 2.071051 0.053950
v 0.154898 2.057170 0.031147
v 0.148276 2.052088 -0.000003
v 0.154898 2.057170 -0.031152
v 0.172989 2.071051 -0.053955
v 0.197701 2.090014 -0.062302
v 0.222414 2.108977 -0.053955
v 0.240505 2.122858 -0.031152
v 0.220261 2.158573 -0.000003
v 0.214359 2.152672 0.031147
v 0.198235 2.136547 0.053950
v 0.176209 2.114521 0.062297
v 0.154183 2.092495 0.053950
v 0.138059 2.076371 0.031147
v 0.132157 2.070469 -0.000003
v 0.138059 2.076371 -0.031152
v 0.154183 2.092495 -0.053955
v 0.176209 2.114521 -0.062302
v 0.198235 2.136547 -0.053955
v 0.214359 2.152672 -0.031152
v 0.189627 2.185439 -0.000003
v 0.184546 2.178817 0.031147
v 0.170664 2.160726 0.053950
v 0.151702 2.136014 0.062297
v 0.132739 2.111301 0.053950
v 0.118857 2.093210 0.031147
v 0.113776 2.086588 -0.000003
v 0.118857 2.093210 -0.031152
v 0.132739 2.111301 -0.053955
v 0.151702 2.136014 -0.062302
v 0.170664 2.160726 -0.053955
v 0.184546 2.178817 -0.031152
v 0.155748 2.208076 -0.000003
v 0.151575 2.200848 0.031147
v 0.140173 2.181100 0.053950
v 0.124598 2.154124 0.062297
v 0.109024 2.127147 0.053950
v 0.097622 2.107399 0.031147
v 0.093449 2.100171 -0.000003
v 0.097622 2.107399 -0.031152
v 0.109024 2.127147 -0.053955
v 0.124598 2.154124 -0.062302
v 0.140173 2.181100 -0.053955
v 0.151575 2.200848 -0.031152
v 0.119204 2.226097 -0.000003
v 0.116010 2.218386 0.031147
v 0.107284 2.197319 0.053950
v 0.095364 2.168540 0.062297
v 0.083443 2.139762 0.053950
v 0.074717 2.118695 0.031147
v 0.071523 2.110983 -0.000003
v 0.074717 2.118695 -0.031152
v 0.083443 2.139762 -0.053955
v 0.095364 2.168540 -0.062302
v 0.107284 2.197319 -0.053955
v 0.116010 2.218386 -0.031152
v 0.080621 2.239195 -0.000003
v 0.078461 2.231133 0.031147
v 0.072559 2.209107 0.053950
v 0.064497 2.179018 0.062297
v 0.056435 2.148930 0.053950
v 0.050533 2.126904 0.031147
v 0.048373 2.118842 -0.000003
v 0.050533 2.126904 -0.031152
v 0.056435 2.148930 -0.053955
v 0.064497 2.179018 -0.062302
v 0.072559 2.209107 -0.053955
v 0.078461 2.231133 -0.031152
v 0.040658 2.247144 -0.000003
v 0.039569 2.238869 0.031147
v 0.036592 2.216261 0.053950
v 0.032527 2.185377 0.062297
v 0.028461 2.154494 0.053950
v 0.025484 2.131886 0.031147
v 0.024395 2.123611 -0.000003
v 0.025484 2.131886 -0.031152
v 0.028461 2.154494 -0.053955
v 0.032527 2.185377 -0.062302
v 0.036592 2.216261 -0.053955
v 0.039569 2.238869 -0.031152
v 0.000000 2.249809 -0.000003
v 0.000000 2.241462 0.031147
v 0.000000 2.218659 0.053950
v 0.000000 2.187509 0.062297
v 0.000000 2.156360 0.053950
v 0.000000 2.133557 0.031147
v 0.000000 2.125210 -0.000003
v 0.000000 2.133557 -0.031152
v 0.000000 2.156360 -0.053955
v 0.000000 2.187509 -0.062302
v 0.000000 2.218659 -0.053955
v 0.000000 2.241462 -0.031152
v -0.040659 2.247144 -0.000003
v -0.039569 2.238868 0.031147
v -0.036593 2.216261 0.053950
v -0.032527 2.185377 0.062297
v -0.028461 2.154494 0.053950
v -0.025485 2.131886 0.031147
v -0.024395 2.123611 -0.000003
v -0.025485 2.131886 -0.031152
v -0.028461 2.154494 -0.053955
v -0.032527 2.185377 -0.062302
v -0.036593 2.216261 -0.053955
v -0.039569 2.238868 -0.031152
v -0.080621 2.239195 -0.000003
v -0.078461 2.231133 0.031147
v -0.072559 2.209107 0.053950
v -0.064497 2.179018 0.062297
v -0.056435 2.148930 0.053950
v -0.050533 2.126904 0.031147
v -0.048373 2.118842 -0.000003
v -0.050533 2.126904 -0.031152
v -0.056435 2.148930 -0.053955
v -0.064497 2.179018 -0.062302
v -0.072559 2.209107 -0.053955
v -0.078461 2.231133 -0.031152
v -0.119204 2.226097 -0.000003
v -0.116010 2.218386 0.031147
v -0.107284 2.197319 0.053950
v -0.095364 2.168540 0.062297
v -0.083443 2.139762 0.053950
v -0.074717 2.118695 0.031147
v -0.071523 2.110983 -0.000003
v -0.074717 2.118695 -0.031152
v -0.083443 2.139762 -0.053955
v -0.095364 2.168540 -0.062302
v -0.107284 2.197319 -0.053955
v -0.116010 2.218386 -0.031152
v -0.155748 2.208076 -0.000003
v -0.151575 2.200848 0.031147
v -0.140173 2.181100 0.053950
v -0.124598 2.154124 0.062297
v -0.109024 2.127147 0.053950
v -0.097622 2.107399 0.031147
v -0.093449 2.100171 -0.000003
v -0.097622 2.107399 -0.031152
v -0.109024 2.127147 -0.053955
v -0.124598 2.154124 -0.062302
v -0.140173 2.181100 -0.053955
v -0.151575 2.200848 -0.031152
v -0.189627 2.185439 -0.000003
v -0.184546 2.178817 0.031147
v -0.170664 2.160726 0.053950
v -0.151702 2.136014 0.062297
v -0.132739 2.111301 0.053950
v -0.118857 2.093210 0.031147
v -0.113776 2.086588 -0.000003
v -0.118857 2.093210 -0.031152
v -0.132739 2.111301 -0.053955
v -0.151702 2.136014 -0.062302
v -0.170664 2.160726 -0.053955
v -0.184546 2.178817 -0.031152
v -0.220261 2.158573 -0.000003
v -0.214359 2.152672 0.031147
v -0.198235 2.136547 0.053950
v -0.176209 2.114521 0.062297
v -0.154183 2.092495 0.053950
v -0.138059 2.076371 0.031147
v -0.132157 2.070469 -0.000003
v -0.138059 2.076371 -0.031152
v -0.154183 2.092495 -0.053955
v -0.176209 2.114521 -0.062302
v -0.198235 2.136547 -0.053955
v -0.214359 2.152672 -0.031152
v -0.247127 2.127939 -0.000003
v -0.240505 2.122858 0.031147
v -0.222414 2.108977 0.053950
v -0.197701 2.090014 0.062297
v -0.172989 2.071051 0.053950
v -0.154898 2.057170 0.031147
v -0.148276 2.052088 -0.000003
v -0.154898 2.057170 -0.031152
v -0.172989 2.071051 -0.053955
v -0.197701 2.090014 -0.062302
v -0.222414 2.108977 -0.053955
v -0.240505 2.122858 -0.031152
v -0.269764 2.094061 -0.000003
v -0.262535 2.089887 0.031147
v -0.242787 2.078486 0.053950
v -0.215811 2.062911 0.062297
v -0.188835 2.047336 0.053950
v -0.169086 2.035935 0.031147
v -0.161858 2.031761 -0.000003
v -0.169086 2.035935 -0.031152
v -0.188835 2.047336 -0.053955
v -0.215811 2.062911 -0.062302
v -0.242787 2.078486 -0.053955
v -0.262535 2.089887 -0.031152
v -0.287785 2.057517 -0.000003
v -0.280074 2.054323 0.031147
v -0.259007 2.045596 0.053950
v -0.230228 2.033676 0.062297
v -0.201449 2.021755 0.053950
v -0.180382 2.013029 0.031147
v -0.172671 2.009835 -0.000003
v -0.180382 2.013029 -0.031152
v -0.201449 2.021755 -0.053955
v -0.230228 2.033676 -0.062302
v -0.259007 2.045596 -0.053955
v -0.280074 2.054323 -0.031152
v -0.300882 2.018934 -0.000003
v -0.292820 2.016773 0.031147
v -0.270794 2.010871 0.053950
v -0.240706 2.002809 0.062297
v -0.210618 1.994747 0.053950
v -0.188591 1.988845 0.031147
v -0.180529 1.986685 -0.000003
v -0.188591 1.988845 -0.031152
v -0.210618 1.994747 -0.053955
v -0.240706 2.002809 -0.062302
v -0.270794 2.010871 -0.053955
v -0.292820 2.016773 -0.031152
v -0.308831 1.978971 -0.000003
v -0.300556 1.977881 0.031147
v -0.277948 1.974905 0.053950
v -0.247065 1.970839 0.062297
v -0.216182 1.966773 0.053950
v -0.193574 1.963797 0.031147
v -0.185299 1.962708 -0.000003
v -0.193574 1.963797 -0.031152
v -0.216182 1.966773 -0.053955
v -0.247065 1.970839 -0.062302
v -0.277948 1.974905 -0.053955
v -0.300556 1.977881 -0.031152
v -0.311496 1.938312 -0.000003
v -0.303150 1.938312 0.031147
v -0.280347 1.938312 0.053950
v -0.249197 1.938312 0.062297
v -0.218047 1.938312 0.053950
v -0.195244 1.938312 0.031147
v -0.186898 1.938312 -0.000003
v -0.195244 1.938312 -0.031152
v -0.218047 1.938312 -0.053955
v -0.249197 1.938312 -0.062302
v -0.280347 1.938312 -0.053955
v -0.303150 1.938312 -0.031152
v -0.308831 1.897654 -0.000003
v -0.300556 1.898743 0.031147
v -0.277948 1.901720 0.053950
v -0.247065 1.905786 0.062297
v -0.216182 1.909851 0.053950
v -0.193574 1.912828 0.031147
v -0.185299 1.913917 -0.000003
v -0.193574 1.912828 -0.031152
v -0.216182 1.909851 -0.053955
v -0.247065 1.905786 -0.062302
v -0.277948 1.901720 -0.053955
v -0.300556 1.898743 -0.031152
v -0.300882 1.857691 -0.000003
v -0.292820 1.859852 0.031147
v -0.270794 1.865753 0.053950
v -0.240706 1.873816 0.062297
v -0.210618 1.881878 0.053950
v -0.188591 1.887779 0.031147
v -0.180529 1.889940 -0.000003
v -0.188591 1.887779 -0.031152
v -0.210618 1.881878 -0.053955
v -0.240706 1.873816 -0.062302
v -0.270794 1.865753 -0.053955
v -0.292820 1.859852 -0.031152
v -0.287785 1.819108 -0.000003
v -0.280074 1.822302 0.031147
v -0.259007 1.831028 0.053950
v -0.230228 1.842949 0.062297
v -0.201450 1.854869 0.053950
v -0.180382 1.863596 0.031147
v -0.172671 1.866790 -0.000003
v -0.180382 1.863596 -0.031152
v -0.201450 1.854869 -0.053955
v -0.230228 1.842949 -0.062302
v -0.259007 1.831028 -0.053955
v -0.280074 1.822302 -0.031152
v -0.269764 1.782564 -0.000003
v -0.262535 1.786737 0.031147
v -0.242787 1.798139 0.053950
v -0.215811 1.813714 0.062297
v -0.188835 1.829289 0.053950
v -0.169087 1.840690 0.031147
v -0.161858 1.844863 -0.000003
v -0.169087 1.840690 -0.031152
v -0.188835 1.829289 -0.053955
v -0.215811 1.813714 -0.062302
v -0.242787 1.798139 -0.053955
v -0.262535 1.786737 -0.031152
v -0.247127 1.748685 -0.000003
v -0.240505 1.753767 0.031147
v -0.222414 1.767648 0.053950
v -0.197701 1.786611 0.062297
v -0.172989 1.805573 0.053950
v -0.154898 1.819455 0.031147
v -0.148276 1.824536 -0.000003
v -0.154898 1.819455 -0.031152
v -0.172989 1.805573 -0.053955
v -0.197701 1.786611 -0.062302
v -0.222414 1.767648 -0.053955
v -0.240505 1.753767 -0.031152
v -0.220261 1.718051 -0.000003
v -0.214359 1.723953 0.031147
v -0.198235 1.740077 0.053950
v -0.176209 1.762104 0.062297
v -0.154183 1.784130 0.053950
v -0.138059 1.800254 0.031147
v -0.132157 1.806156 -0.000003
v -0.138059 1.800254 -0.031152
v -0.154183 1.784130 -0.053955
v -0.176209 1.762104 -0.062302
v -0.198235 1.740077 -0.053955
v -0.214359 1.723953 -0.031152
v -0.189627 1.691186 -0.000003
v -0.184546 1.697808 0.031147
v -0.170664 1.715899 0.053950
v -0.151702 1.740611 0.062297
v -0.132739 1.765324 0.053950
v -0.118857 1.783415 0.031147
v -0.113776 1.790036 -0.000003
v -0.118857 1.783415 -0.031152
v -0.132739 1.765324 -0.053955
v -0.151702 1.740611 -0.062302
v -0.170664 1.715899 -0.053955
v -0.184546 1.697808 -0.031152
v -0.155748 1.668549 -0.000003
v -0.151575 1.675777 0.031147
v -0.140173 1.695525 0.053950
v -0.124598 1.722501 0.062297
v -0.109024 1.749478 0.053950
v -0.097622 1.769226 0.031147
v -0.093449 1.776454 -0.000003
v -0.097622 1.769226 -0.031152
v -0.109024 1.749478 -0.053955
v -0.124598 1.722501 -0.062302
v -0.140173 1.695525 -0.053955
v -0.151575 1.675777 -0.031152
v -0.119204 1.650527 -0.000003
v -0.116010 1.658238 0.031147
v -0.107284 1.679306 0.053950
v -0.095364 1.708084 0.062297
v -0.083443 1.736863 0.053950
v -0.074717 1.757930 0.031147
v -0.071523 1.765641 -0.000003
v -0.074717 1.757930 -0.031152
v -0.083443 1.736863 -0.053955
v -0.095364 1.708084 -0.062302
v -0.107284 1.679306 -0.053955
v -0.116010 1.658238 -0.031152
v -0.080621 1.637430 -0.000003
v -0.078461 1.645492 0.031147
v -0.072559 1.667518 0.053950
v -0.064497 1.697607 0.062297
v -0.056435 1.727695 0.053950
v -0.050533 1.749721 0.031147
v -0.048373 1.757783 -0.000003
v -0.050533 1.749721 -0.031152
v -0.056435 1.727695 -0.053955
v -0.064497 1.697607 -0.062302
v -0.072559 1.667518 -0.053955
v -0.078461 1.645492 -0.031152
v -0.040659 1.629481 -0.000003
v -0.039569 1.637756 0.031147
v -0.036593 1.660364 0.053950
v -0.032527 1.691247 0.062297
v -0.028461 1.722130 0.053950
v -0.025485 1.744738 0.031147
v -0.024395 1.753014 -0.000003
v -0.025485 1.744738 -0.031152
v -0.028461 1.722130 -0.053955
v -0.032527 1.691247 -0.062302
v -0.036593 1.660364 -0.053955
v -0.039569 1.637756 -0.031152
v 0.000000 1.626816 -0.000003
v 0.000000 1.635163 0.031147
v 0.000000 1.657966 0.053950
v 0.000000 1.689115 0.062297
v 0.000000 1.720265 0.053950
v 0.000000 1.743068 0.031147
v 0.000000 1.751415 -0.000003
v 0.000000 1.743068 -0.031152
v 0.000000 1.720265 -0.053955
v 0.000000 1.689115 -0.062302
v 0.000000 1.657966 -0.053955
v 0.000000 1.635163 -0.031152
v 0.040658 1.629481 -0.000003
v 0.039569 1.637756 0.031147
v 0.036592 1.660364 0.053950
v 0.032527 1.691247 0.062297
v 0.028461 1.722130 0.053950
v 0.025484 1.744738 0.031147
v 0.024395 1.753014 -0.000003
v 0.025484 1.744738 -0.031152
v 0.028461 1.722130 -0.053955
v 0.032527 1.691247 -0.062302
v 0.036592 1.660364 -0.053955
v 0.039569 1.637756 -0.031152
v 0.080621 1.637430 -0.000003
v 0.078461 1.645492 0.031147
v 0.072559 1.667518 0.053950
v 0.064497 1.697607 0.062297
v 0.056435 1.727695 0.053950
v 0.050533 1.749721 0.031147
v 0.048373 1.757783 -0.000003
v 0.050533 1.749721 -0.031152
v 0.056435 1.727695 -0.053955
v 0.064497 1.697607 -0.062302
v 0.072559 1.667518 -0.053955
v 0.078461 1.645492 -0.031152
v 0.119204 1.650527 -0.000003
v 0.116010 1.658238 0.031147
v 0.107284 1.679306 0.053950
v 0.095364 1.708084 0.062297
v 0.083443 1.736863 0.053950
v 0.074717 1.757930 0.031147
v 0.071523 1.765641 -0.000003
v 0.074717 1.757930 -0.031152
v 0.083443 1.736863 -0.053955
v 0.095364 1.708084 -0.062302
v 0.107284 1.679306 -0.053955
v 0.116010 1.658238 -0.031152
v 0.155748 1.668549 -0.000003
v 0.151575 1.675777 0.031147
v 0.140173 1.695525 0.053950
v 0.124598 1.722502 0.062297
v 0.109024 1.749478 0.053950
v 0.097622 1.769226 0.031147
v 0.093449 1.776454 -0.000003
v 0.097622 1.769226 -0.031152
v 0.109024 1.749478 -0.053955
v 0.124598 1.722502 -0.062302
v 0.140173 1.695525 -0.053955
v 0.151575 1.675777 -0.031152
v 0.189627 1.691186 -0.000003
v 0.184546 1.697808 0.031147
v 0.170664 1.715899 0.053950
v 0.151701 1.740611 0.062297
v 0.132739 1.765324 0.053950
v 0.118857 1.783415 0.031147
v 0.113776 1.790036 -0.000003
v 0.118857 1.783415 -0.031152
v 0.132739 1.765324 -0.053955
v 0.151701 1.740611 -0.062302
v 0.170664 1.715899 -0.053955
v 0.184546 1.697808 -0.031152
v 0.220261 1.718051 -0.000003
v 0.214359 1.723953 0.031147
v 0.198235 1.740077 0.053950
v 0.176209 1.762103 0.062297
v 0.154183 1.784130 0.053950
v 0.138058 1.800254 0.031147
v 0.132157 1.806156 -0.000003
v 0.138058 1.800254 -0.031152
v 0.154183 1.784130 -0.053955
v 0.176209 1.762103 -0.062302
v 0.198235 1.740077 -0.053955
v 0.214359 1.723953 -0.031152
v 0.247127 1.748686 -0.000003
v 0.240505 1.753767 0.031147
v 0.222414 1.767648 0.053950
v 0.197701 1.786611 0.062297
v 0.172989 1.805573 0.053950
v 0.154898 1.819455 0.031147
v 0.148276 1.824536 -0.000003
v 0.154898 1.819455 -0.031152
v 0.172989 1.805573 -0.053955
v 0.197701 1.786611 -0.062302
v 0.222414 1.767648 -0.053955
v 0.240505 1.753767 -0.031152
v 0.269764 1.782564 -0.000003
v 0.262535 1.786737 0.031147
v 0.242787 1.798139 0.053950
v 0.215811 1.813714 0.062297
v 0.188835 1.829289 0.053950
v 0.169086 1.840690 0.031147
v 0.161858 1.844863 -0.000003
v 0.169086 1.840690 -0.031152
v 0.188835 1.829289 -0.053955
v 0.215811 1.813714 -0.062302
v 0.242787 1.798139 -0.053955
v 0.262535 1.786737 -0.031152
v 0.287785 1.819108 -0.000003
v 0.280074 1.822302 0.031147
v 0.259006 1.831028 0.053950
v 0.230228 1.842949 0.062297
v 0.201449 1.854869 0.053950
v 0.180382 1.863595 0.031147
v 0.172671 1.866790 -0.000003
v 0.180382 1.863595 -0.031152
v 0.201449 1.854869 -0.053955
v 0.230228 1.842949 -0.062302
v 0.259006 1.831028 -0.053955
v 0.280074 1.822302 -0.031152
v 0.300882 1.857691 -0.000003
v 0.292820 1.859852 0.031147
v 0.270794 1.865753 0.053950
v 0.240706 1.873816 0.062297
v 0.210618 1.881878 0.053950
v 0.188591 1.887779 0.031147
v 0.180529 1.889940 -0.000003
v 0.188591 1.887779 -0.031152
v 0.210618 1.881878 -0.053955
v 0.240706 1.873816 -0.062302
v 0.270794 1.865753 -0.053955
v 0.292820 1.859852 -0.031152
v 0.308831 1.897654 -0.000003
v 0.300556 1.898743 0.031147
v 0.277948 1.901720 0.053950
v 0.247065 1.905786 0.062297
v 0.216182 1.909852 0.053950
v 0.193574 1.912828 0.031147
v 0.185299 1.913917 -0.000003
v 0.193574 1.912828 -0.031152
v 0.216182 1.909852 -0.053955
v 0.247065 1.905786 -0.062302
v 0.277948 1.901720 -0.053955
v 0.300556 1.898743 -0.031152
v 0.000000 -0.900149 -0.193172
v 0.000000 -0.513806 -0.193172
v 0.037686 -0.900149 -0.189460
v 0.037686 -0.513806 -0.189460
v 0.073923 -0.900149 -0.178467
v 0.073923 -0.513806 -0.178467
v 0.107320 -0.900149 -0.160616
v 0.107320 -0.513806 -0.160616
v 0.136593 -0.900149 -0.136593
v 0.136593 -0.513806 -0.136593
v 0.160616 -0.900149 -0.107320
v 0.160616 -0.513806 -0.107320
v 0.178467 -0.900149 -0.073924
v 0.178467 -0.513806 -0.073924
v 0.189460 -0.900149 -0.037686
v 0.189460 -0.513806 -0.037686
v 0.193171 -0.900149 0.000000
v 0.193171 -0.513806 0.000000
v 0.189460 -0.900149 0.037686
v 0.189460 -0.513806 0.037686
v 0.178467 -0.900149 0.073923
v 0.178467 -0.513806 0.073923
v 0.160616 -0.900149 0.107320
v 0.160616 -0.513806 0.107320
v 0.136593 -0.900149 0.136592
v 0.136593 -0.513806 0.136592
v 0.107320 -0.900149 0.160616
v 0.107320 -0.513806 0.160616
v 0.073923 -0.900149 0.178467
v 0.073923 -0.513806 0.178467
v 0.037686 -0.900149 0.189459
v 0.037686 -0.513806 0.189459
v 0.000000 -0.900149 0.193171
v 0.000000 -0.513806 0.193171
v -0.037686 -0.900149 0.189459
v -0.037686 -0.513806 0.189459
v -0.073923 -0.900149 0.178467
v -0.073923 -0.513806 0.178467
v -0.107320 -0.900149 0.160616
v -0.107320 -0.513806 0.160616
v -0.136593 -0.900149 0.136592
v -0.136593 -0.513806 0.136592
v -0.160616 -0.900149 0.107320
v -0.160616 -0.513806 0.107320
v -0.178467 -0.900149 0.073923
v -0.178467 -0.513806 0.073923
v -0.189460 -0.900149 0.037685
v -0.189460 -0.513806 0.037685
v -0.193171 -0.900149 0.000000
v -0.193171 -0.513806 0.000000
v -0.189459 -0.900149 -0.037686
v -0.189459 -0.513806 -0.037686
v -0.178467 -0.900149 -0.073924
v -0.178467 -0.513806 -0.073924
v -0.160616 -0.900149 -0.107321
v -0.160616 -0.513806 -0.107321
v -0.136592 -0.900149 -0.136593
v -0.136592 -0.513806 -0.136593
v -0.107320 -0.900149 -0.160616
v -0.107320 -0.513806 -0.160616
v -0.073923 -0.900149 -0.178467
v -0.073923 -0.513806 -0.178467
v -0.037686 -0.900149 -0.189460
v -0.037686 -0.513806 -0.189460
v 0.000000 -0.900149 -0.193172
v 0.000000 -0.513806 -0.193172
v 0.037686 -0.900149 -0.189460
v 0.037686 -0.513806 -0.189460
v 0.073923 -0.900149 -0.178467
v 0.073923 -0.513806 -0.178467
v 0.107320 -0.900149 -0.160616
v 0.107320 -0.513806 -0.160616
v 0.136593 -0.900149 -0.136593
v 0.136593 -0.513806 -0.136593
v 0.160616 -0.900149 -0.107320
v 0.160616 -0.513806 -0.107320
v 0.178467 -0.900149 -0.073924
v 0.178467 -0.513806 -0.073924
v 0.189460 -0.900149 -0.037686
v 0.189460 -0.513806 -0.037686
v 0.193171 -0.900149 0.000000
v 0.193171 -0.513806 0.000000
v 0.189460 -0.900149 0.037686
v 0.189460 -0.513806 0.037686
v 0.178467 -0.900149 0.073923
v 0.178467 -0.513806 0.073923
v 0.160616 -0.900149 0.107320
v 0.160616 -0.513806 0.107320
v 0.136593 -0.900149 0.136592
v 0.136593 -0.513806 0.136592
v 0.107320 -0.900149 0.160616
v 0.107320 -0.513806 0.160616
v 0.073923 -0.900149 0.178467
v 0.073923 -0.513806 0.178467
v 0.037686 -0.900149 0.189459
v 0.037686 -0.513806 0.189459
v 0.000000 -0.900149 0.193171
v 0.000000 -0.513806 0.193171
v -0.037686 -0.900149 0.189459
v -0.037686 -0.513806 0.189459
v -0.073923 -0.900149 0.178467
v -0.073923 -0.513806 0.178467
v -0.107320 -0.900149 0.160616
v -0.107320 -0.513806 0.160616
v -0.136593 -0.900149 0.136592
v -0.136593 -0.513806 0.136592
v -0.160616 -0.900149 0.107320
v -0.160616 -0.513806 0.107320
v -0.178467 -0.900149 0.073923
v -0.178467 -0.513806 0.073923
v -0.189460 -0.900149 0.037685
v -0.189460 -0.513806 0.037685
v -0.193171 -0.900149 0.000000
v -0.193171 -0.513806 0.000000
v -0.189459 -0.900149 -0.037686
v -0.189459 -0.513806 -0.037686
v -0.178467 -0.900149 -0.073924
v -0.178467 -0.513806 -0.073924
v -0.160616 -0.900149 -0.107321
v -0.160616 -0.513806 -0.107321
v -0.136592 -0.900149 -0.136593
v -0.136592 -0.513806 -0.136593
v -0.107320 -0.900149 -0.160616
v -0.107320 -0.513806 -0.160616
v -0.073923 -0.900149 -0.178467
v -0.073923 -0.513806 -0.178467
v -0.037686 -0.900149 -0.189460
v -0.037686 -0.513806 -0.189460
v 0.379080 -0.219327 0.000000
v 0.326692 -0.147222 0.000000
v 0.241928 -0.174764 0.000000
v 0.241928 -0.263891 0.000000
v 0.326692 -0.291433 0.000000
v 0.335659 -0.219327 -0.176167
v 0.289272 -0.147222 -0.151822
v 0.214216 -0.174764 -0.112429
v 0.214216 -0.263891 -0.112429
v 0.289272 -0.291433 -0.151822
v 0.215342 -0.219327 -0.311977
v 0.185582 -0.147222 -0.268863
v 0.137430 -0.174764 -0.199103
v 0.137430 -0.263891 -0.199103
v 0.185582 -0.291433 -0.268863
v 0.045693 -0.219327 -0.376316
v 0.039378 -0.147222 -0.324311
v 0.029161 -0.174764 -0.240164
v 0.029161 -0.263891 -0.240164
v 0.039378 -0.291433 -0.324311
v -0.134424 -0.219327 -0.354446
v -0.115847 -0.147222 -0.305463
v -0.085789 -0.174764 -0.226206
v -0.085789 -0.263891 -0.226206
v -0.115847 -0.291433 -0.305463
v -0.283746 -0.219327 -0.251376
v -0.244533 -0.147222 -0.216637
v -0.181086 -0.174764 -0.160428
v -0.181086 -0.263891 -0.160428
v -0.244533 -0.291433 -0.216637
v -0.368065 -0.219327 -0.090720
v -0.317200 -0.147222 -0.078183
v -0.234898 -0.174764 -0.057897
v -0.234898 -0.263891 -0.057897
v -0.317200 -0.291433 -0.078183
v -0.368065 -0.219327 0.090720
v -0.317200 -0.147222 0.078183
v -0.234898 -0.174764 0.057897
v -0.234898 -0.263891 0.057897
v -0.317200 -0.291433 0.078183
v -0.283746 -0.219327 0.251377
v -0.244533 -0.147222 0.216637
v -0.181086 -0.174764 0.160428
v -0.181086 -0.263891 0.160428
v -0.244533 -0.291433 0.216637
v -0.134424 -0.219327 0.354446
v -0.115847 -0.147222 0.305463
v -0.085789 -0.174764 0.226206
v -0.085789 -0.263891 0.226206
v -0.115847 -0.291433 0.305463
v 0.045693 -0.219327 0.376316
v 0.039378 -0.147222 0.324311
v 0.029161 -0.174764 0.240164
v 0.029161 -0.263891 0.240164
v 0.039378 -0.291433 0.324311
v 0.215342 -0.219327 0.311977
v 0.185582 -0.147222 0.268863
v 0.137430 -0.174764 0.199103
v 0.137430 -0.263891 0.199103
v 0.185582 -0.291433 0.268863
v 0.335659 -0.219327 0.176167
v 0.289272 -0.147222 0.151822
v 0.214216 -0.174764 0.112430
v 0.214216 -0.263891 0.112430
v 0.289272 -0.291433 0.151822
v 0.515262 0.309445 -0.000000
v 0.444055 0.407454 -0.000000
v 0.328839 0.370018 -0.000000
v 0.328839 0.248873 -0.000000
v 0.444055 0.211437 -0.000000
v 0.456242 0.309445 -0.239454
v 0.393191 0.407454 -0.206362
v 0.291172 0.370018 -0.152819
v 0.291172 0.248873 -0.152819
v 0.393191 0.211437 -0.206362
v 0.292702 0.309445 -0.424053
v 0.252252 0.407454 -0.365450
v 0.186802 0.370018 -0.270629
v 0.186802 0.248873 -0.270629
v 0.252252 0.211437 -0.365450
v 0.062108 0.309445 -0.511505
v 0.053525 0.407454 -0.440817
v 0.039637 0.370018 -0.326441
v 0.039637 0.248873 -0.326441
v 0.053525 0.211437 -0.440817
v -0.182715 0.309445 -0.481779
v -0.157464 0.407454 -0.415198
v -0.116608 0.370018 -0.307469
v -0.116608 0.248873 -0.307469
v -0.157464 0.211437 -0.415198
v -0.385679 0.309445 -0.341682
v -0.332380 0.407454 -0.294463
v -0.246139 0.370018 -0.218060
v -0.246139 0.248873 -0.218060
v -0.332380 0.211437 -0.294463
v -0.500290 0.309445 -0.123310
v -0.431151 0.407454 -0.106269
v -0.319283 0.370018 -0.078696
v -0.319283 0.248873 -0.078696
v -0.431151 0.211437 -0.106269
v -0.500290 0.309445 0.123310
v -0.431151 0.407454 0.106269
v -0.319283 0.370018 0.078696
v -0.319283 0.248873 0.078696
v -0.431151 0.211437 0.106269
v -0.385679 0.309445 0.341682
v -0.332380 0.407454 0.294463
v -0.246139 0.370018 0.218060
v -0.246139 0.248873 0.218060
v -0.332380 0.211437 0.294463
v -0.182715 0.309445 0.481779
v -0.157464 0.407454 0.415198
v -0.116608 0.370018 0.307470
v -0.116608 0.248873 0.307470
v -0.157464 0.211437 0.415198
v 0.062108 0.309445 0.511505
v 0.053525 0.407454 0.440817
v 0.039637 0.370018 0.326441
v 0.039637 0.248873 0.326441
v 0.053525 0.211437 0.440817
v 0.292702 0.309445 0.424053
v 0.252252 0.407454 0.365450
v 0.186801 0.370018 0.270629
v 0.186801 0.248873 0.270629
v 0.252252 0.211437 0.365450
v 0.456242 0.309445 0.239455
v 0.393191 0.407454 0.206363
v 0.291172 0.370018 0.152819
v 0.291172 0.248873 0.152819
v 0.393191 0.211437 0.206363
v 0.448077 0.027433 -0.000000
v 0.386155 0.112662 -0.000000
v 0.285961 0.080108 -0.000000
v 0.285961 -0.025241 0.000000
v 0.386155 -0.057796 0.000000
v 0.396753 0.027433 -0.208232
v 0.341923 0.112662 -0.179455
v 0.253206 0.080108 -0.132893
v 0.253206 -0.025241 -0.132893
v 0.341923 -0.057796 -0.179455
v 0.254537 0.027433 -0.368761
v 0.219361 0.112662 -0.317799
v 0.162445 0.080108 -0.235342
v 0.162445 -0.025241 -0.235342
v 0.219361 -0.057796 -0.317799
v 0.054010 0.027433 -0.444810
v 0.046546 0.112662 -0.383339
v 0.034469 0.080108 -0.283876
v 0.034469 -0.025241 -0.283876
v 0.046546 -0.057796 -0.383339
v -0.158891 0.027433 -0.418960
v -0.136932 0.112662 -0.361061
v -0.101403 0.080108 -0.267379
v -0.101403 -0.025241 -0.267379
v -0.136932 -0.057796 -0.361061
v -0.335391 0.027433 -0.297130
v -0.289041 0.112662 -0.256068
v -0.214045 0.080108 -0.189627
v -0.214045 -0.025241 -0.189627
v -0.289041 -0.057796 -0.256068
v -0.435057 0.027433 -0.107232
v -0.374934 0.112662 -0.092413
v -0.277652 0.080108 -0.068435
v -0.277652 -0.025241 -0.068435
v -0.374934 -0.057796 -0.092413
v -0.435057 0.027433 0.107232
v -0.374934 0.112662 0.092413
v -0.277652 0.080108 0.068435
v -0.277652 -0.025241 0.068435
v -0.374934 -0.057796 0.092413
v -0.335391 0.027433 0.297130
v -0.289041 0.112662 0.256068
v -0.214045 0.080108 0.189628
v -0.214045 -0.025241 0.189628
v -0.289041 -0.057796 0.256068
v -0.158891 0.027433 0.418960
v -0.136932 0.112662 0.361061
v -0.101403 0.080108 0.267379
v -0.101403 -0.025241 0.267379
v -0.136932 -0.057796 0.361061
v 0.054010 0.027433 0.444811
v 0.046546 0.112662 0.383339
v 0.034469 0.080108 0.283877
v 0.034469 -0.025241 0.283877
v 0.046546 -0.057796 0.383339
v 0.254537 0.027433 0.368761
v 0.219361 0.112662 0.317799
v 0.162444 0.080108 0.235342
v 0.162444 -0.025241 0.235342
v 0.219361 -0.057796 0.317799
v 0.396753 0.027433 0.208232
v 0.341923 0.112662 0.179455
v 0.253206 0.080108 0.132893
v 0.253206 -0.025241 0.132893
v 0.341923 -0.057796 0.179455
v -1.000000 1.003702 1.000000
v 1.000000 1.003702 1.000000
v -1.000000 1.003702 -1.000000
v 1.000000 1.003702 -1.000000
v -0.187265 1.534313 0.187265
v 0.187265 1.534313 0.187265
v -0.187265 1.534313 -0.187265
v 0.187265 1.534313 -0.187265
v -0.109123 1.629534 0.109123
v 0.109123 1.629534 0.109123
v -0.109123 1.629534 -0.109123
v 0.109123 1.629534 -0.109123
v -0.109123 1.790316 0.109123
v 0.109123 1.790316 0.109123
v -0.109123 1.790316 -0.109123
v 0.109123 1.790316 -0.109123
v -0.825808 0.786532 0.723678
v 0.723678 0.786532 0.825808
v -0.723678 0.786532 -0.825808
v 0.723678 0.786532 -0.825808
v -0.467145 -0.904590 0.365015
v 0.365015 -0.904590 0.467145
v -0.365015 -0.904590 -0.467145
v 0.365015 -0.904590 -0.467145
v -0.526483 -1.062845 -0.526483
v -0.526483 -1.062845 0.526483
v 0.526483 -1.062845 0.526483
v 0.526483 -1.062845 -0.526483
v -0.526483 -1.129146 -0.526483
v -0.526483 -1.129146 0.526483
v 0.526483 -1.129146 0.526483
v 0.526483 -1.129146 -0.526483
v -0.444381 -1.180713 -0.444381
v -0.444381 -1.180713 0.444381
v 0.444381 -1.180713 0.444381
v 0.444381 -1.180713 -0.444381
v 0.825808 0.786532 -0.723678
v -0.825808 0.786532 -0.723678
v 0.467145 -0.904590 -0.365015
v -0.467145 -0.904590 -0.365015
v -0.846555 0.884356 -0.846555
v -0.723678 0.786532 0.825808
v -0.446397 -1.002414 -0.446397
v -0.365015 -0.904590 0.467145
v -0.846555 0.884356 0.846555
v 0.825808 0.786532 0.723678
v -0.446397 -1.002414 0.446397
v 0.467145 -0.904590 0.365015
v 0.846555 0.884356 0.846555
v 0.846555 0.884356 -0.846555
v 0.446397 -1.002414 0.446397
v 0.446397 -1.002414 -0.446397
v 0.727984 0.807279 0.723678
v 0.727984 0.807279 -0.723678
v 0.369320 -0.883843 0.365015
v 0.369320 -0.883843 -0.365015
v 0.723678 0.807279 -0.727984
v -0.723678 0.807279 -0.727984
v 0.365015 -0.883843 -0.369320
v -0.365015 -0.883843 -0.369320
v -0.727984 0.807279 -0.723678
v -0.727984 0.807279 0.723678
v -0.369320 -0.883843 -0.365015
v -0.369320 -0.883843 0.365015
v -0.723678 0.807279 0.727984
v 0.723678 0.807279 0.727984
v -0.365015 -0.883843 0.369320
v 0.365015 -0.883843 0.369320
vn -0.0000 -1.0000 -0.0000
vn 0.9640 0.0632 0.2583
vn 0.7063 0.0463 0.7063
vn 0.2588 0.0170 0.9658
vn -0.2588 -0.0170 0.9658
vn -0.7064 -0.0463 0.7063
vn -0.7063 -0.0463 0.7063
vn -0.7063 -0.0463 0.7064
vn -0.9640 -0.0632 0.2583
vn -0.9640 -0.0632 -0.2583
vn -0.7063 -0.0463 -0.7063
vn -0.7063 -0.0463 -0.7064
vn -0.2588 -0.0170 -0.9658
vn 0.2588 0.0170 -0.9658
vn 0.7063 0.0463 -0.7063
vn 0.9640 0.0632 -0.2583
vn 0.9475 0.1885 0.2583
vn 0.6943 0.1381 0.7063
vn 0.6943 0.1381 0.7064
vn 0.2544 0.0506 0.9658
vn -0.2544 -0.0506 0.9658
vn -0.6943 -0.1381 0.7064
vn -0.9475 -0.1885 0.2583
vn -0.9475 -0.1885 -0.2583
vn -0.6943 -0.1381 -0.7064
vn -0.6943 -0.1381 -0.7063
vn -0.2544 -0.0506 -0.9658
vn 0.2544 0.0506 -0.9658
vn 0.6943 0.1381 -0.7064
vn 0.6943 0.1381 -0.7063
vn 0.9475 0.1885 -0.2583
vn 0.9148 0.3105 0.2583
vn 0.6703 0.2275 0.7064
vn 0.6703 0.2275 0.7063
vn 0.2456 0.0834 0.9658
vn -0.2456 -0.0834 0.9658
vn -0.6703 -0.2275 0.7064
vn -0.9148 -0.3105 0.2583
vn -0.9148 -0.3105 -0.2583
vn -0.6703 -0.2275 -0.7064
vn -0.2456 -0.0834 -0.9658
vn 0.2456 0.0834 -0.9658
vn 0.6703 0.2275 -0.7064
vn 0.6703 0.2275 -0.7063
vn 0.9148 0.3105 -0.2583
vn 0.8664 0.4273 0.2583
vn 0.6349 0.3131 0.7064
vn 0.2326 0.1147 0.9658
vn -0.2326 -0.1147 0.9658
vn -0.6349 -0.3131 0.7064
vn -0.6349 -0.3131 0.7063
vn -0.8664 -0.4273 0.2583
vn -0.8664 -0.4273 -0.2583
vn -0.6349 -0.3131 -0.7064
vn -0.2326 -0.1147 -0.9658
vn 0.2326 0.1147 -0.9658
vn 0.6349 0.3131 -0.7064
vn 0.8664 0.4273 -0.2583
vn 0.8033 0.5367 0.2583
vn 0.8032 0.5367 0.2583
vn 0.5886 0.3933 0.7063
vn 0.2156 0.1441 0.9658
vn -0.2156 -0.1441 0.9658
vn -0.5886 -0.3933 0.7064
vn -0.8033 -0.5367 0.2583
vn -0.8033 -0.5367 -0.2583
vn -0.5886 -0.3933 -0.7064
vn -0.2156 -0.1441 -0.9658
vn 0.2156 0.1441 -0.9658
vn 0.5886 0.3933 -0.7063
vn 0.8032 0.5367 -0.2583
vn 0.7263 0.6370 0.2583
vn 0.5322 0.4667 0.7063
vn 0.1950 0.1710 0.9658
vn -0.1950 -0.1710 0.9658
vn -0.5322 -0.4667 0.7063
vn -0.7263 -0.6370 0.2583
vn -0.7263 -0.6370 -0.2583
vn -0.5322 -0.4667 -0.7063
vn -0.1950 -0.1710 -0.9658
vn 0.1950 0.1710 -0.9658
vn 0.5322 0.4667 -0.7063
vn 0.7263 0.6370 -0.2583
vn 0.6370 0.7263 0.2583
vn 0.4667 0.5322 0.7064
vn 0.1710 0.1950 0.9658
vn -0.1710 -0.1950 0.9658
vn -0.4667 -0.5322 0.7063
vn -0.6370 -0.7263 0.2583
vn -0.6370 -0.7263 -0.2583
vn -0.4667 -0.5322 -0.7063
vn -0.1710 -0.1950 -0.9658
vn 0.1710 0.1950 -0.9658
vn 0.4667 0.5322 -0.7064
vn 0.6370 0.7263 -0.2583
vn 0.5367 0.8033 0.2583
vn 0.3933 0.5886 0.7064
vn 0.3933 0.5886 0.7063
vn 0.1441 0.2156 0.9658
vn -0.1441 -0.2156 0.9658
vn -0.3933 -0.5886 0.7064
vn -0.5367 -0.8032 0.2583
vn -0.5367 -0.8032 -0.2583
vn -0.3933 -0.5886 -0.7064
vn -0.1441 -0.2156 -0.9658
vn 0.1441 0.2156 -0.9658
vn 0.3933 0.5886 -0.7064
vn 0.3933 0.5886 -0.7063
vn 0.5367 0.8033 -0.2583
vn 0.5367 0.8032 -0.2583
vn 0.4273 0.8664 0.2583
vn 0.3131 0.6349 0.7064
vn 0.3131 0.6349 0.7063
vn 0.1147 0.2326 0.9658
vn -0.1147 -0.2326 0.9658
vn -0.3131 -0.6349 0.7063
vn -0.4273 -0.8664 0.2583
vn -0.4273 -0.8665 0.2583
vn -0.4273 -0.8664 -0.2583
vn -0.4273 -0.8665 -0.2583
vn -0.3131 -0.6349 -0.7063
vn -0.1147 -0.2326 -0.9658
vn 0.1147 0.2326 -0.9658
vn 0.3131 0.6349 -0.7063
vn 0.3131 0.6349 -0.7064
vn 0.4273 0.8664 -0.2583
vn 0.3106 0.9148 0.2583
vn 0.3105 0.9148 0.2583
vn 0.2275 0.6703 0.7063
vn 0.0834 0.2456 0.9658
vn -0.0834 -0.2456 0.9658
vn -0.2275 -0.6703 0.7063
vn -0.3105 -0.9148 0.2583
vn -0.3105 -0.9148 -0.2583
vn -0.2275 -0.6703 -0.7063
vn -0.0834 -0.2456 -0.9658
vn 0.0834 0.2456 -0.9658
vn 0.2275 0.6703 -0.7063
vn 0.3105 0.9148 -0.2583
vn 0.1885 0.9475 0.2583
vn 0.1381 0.6943 0.7064
vn 0.0506 0.2544 0.9658
vn -0.0506 -0.2544 0.9658
vn -0.1381 -0.6943 0.7063
vn -0.1885 -0.9475 0.2583
vn -0.1884 -0.9475 0.2583
vn -0.1885 -0.9475 -0.2583
vn -0.1884 -0.9475 -0.2583
vn -0.1381 -0.6943 -0.7063
vn -0.0506 -0.2544 -0.9658
vn 0.0506 0.2544 -0.9658
vn 0.1381 0.6943 -0.7064
vn 0.1381 0.6943 -0.7063
vn 0.1885 0.9475 -0.2583
vn 0.0632 0.9640 0.2583
vn 0.0463 0.7063 0.7064
vn 0.0170 0.2588 0.9658
vn -0.0170 -0.2588 0.9658
vn -0.0463 -0.7063 0.7063
vn -0.0463 -0.7063 0.7064
vn -0.0632 -0.9640 0.2583
vn -0.0632 -0.9640 -0.2583
vn -0.0463 -0.7063 -0.7064
vn -0.0463 -0.7063 -0.7063
vn -0.0170 -0.2588 -0.9658
vn 0.0170 0.2588 -0.9658
vn 0.0463 0.7063 -0.7064
vn 0.0632 0.9640 -0.2583
vn -0.0632 0.9640 0.2583
vn -0.0463 0.7064 0.7063
vn -0.0170 0.2588 0.9658
vn 0.0170 -0.2588 0.9658
vn 0.0463 -0.7063 0.7063
vn 0.0463 -0.7063 0.7064
vn 0.0463 -0.7064 0.7063
vn 0.0632 -0.9640 0.2583
vn 0.0632 -0.9640 -0.2583
vn 0.0463 -0.7063 -0.7063
vn 0.0463 -0.7064 -0.7063
vn 0.0170 -0.2588 -0.9658
vn -0.0170 0.2588 -0.9658
vn -0.0463 0.7064 -0.7063
vn -0.0632 0.9640 -0.2583
vn -0.1885 0.9475 0.2583
vn -0.1381 0.6943 0.7063
vn -0.0506 0.2544 0.9658
vn 0.0506 -0.2544 0.9658
vn 0.1381 -0.6943 0.7063
vn 0.1885 -0.9475 0.2583
vn 0.1885 -0.9475 -0.2583
vn 0.1381 -0.6943 -0.7063
vn 0.0506 -0.2544 -0.9658
vn -0.0506 0.2544 -0.9658
vn -0.1381 0.6943 -0.7063
vn -0.1885 0.9475 -0.2583
vn -0.3106 0.9148 0.2583
vn -0.2275 0.6703 0.7063
vn -0.0834 0.2456 0.9658
vn 0.0834 -0.2456 0.9658
vn 0.2275 -0.6703 0.7063
vn 0.3105 -0.9148 0.2583
vn 0.3106 -0.9148 0.2583
vn 0.3105 -0.9148 -0.2583
vn 0.3106 -0.9148 -0.2583
vn 0.2275 -0.6703 -0.7063
vn 0.2275 -0.6703 -0.7064
vn 0.0834 -0.2456 -0.9658
vn -0.0834 0.2456 -0.9658
vn -0.2275 0.6703 -0.7063
vn -0.2275 0.6703 -0.7064
vn -0.3105 0.9148 -0.2583
vn -0.3106 0.9148 -0.2583
vn -0.4273 0.8664 0.2583
vn -0.3131 0.6349 0.7064
vn -0.3131 0.6349 0.7063
vn -0.1147 0.2326 0.9658
vn 0.1147 -0.2326 0.9658
vn 0.3131 -0.6349 0.7063
vn 0.4273 -0.8664 0.2583
vn 0.4273 -0.8664 -0.2583
vn 0.3131 -0.6349 -0.7063
vn 0.1147 -0.2326 -0.9658
vn -0.1147 0.2326 -0.9658
vn -0.3131 0.6349 -0.7063
vn -0.3131 0.6349 -0.7064
vn -0.4273 0.8664 -0.2583
vn -0.5367 0.8033 0.2583
vn -0.3933 0.5886 0.7064
vn -0.1441 0.2156 0.9658
vn 0.1441 -0.2156 0.9658
vn 0.3933 -0.5886 0.7064
vn 0.3933 -0.5886 0.7063
vn 0.5367 -0.8032 0.2583
vn 0.5367 -0.8033 0.2583
vn 0.5367 -0.8032 -0.2583
vn 0.5367 -0.8033 -0.2583
vn 0.3933 -0.5886 -0.7064
vn 0.1441 -0.2156 -0.9658
vn -0.1441 0.2156 -0.9658
vn -0.3933 0.5886 -0.7064
vn -0.5367 0.8033 -0.2583
vn -0.6370 0.7263 0.2583
vn -0.4667 0.5322 0.7064
vn -0.1710 0.1950 0.9658
vn 0.1710 -0.1950 0.9658
vn 0.4667 -0.5322 0.7063
vn 0.4667 -0.5322 0.7064
vn 0.6370 -0.7263 0.2583
vn 0.6370 -0.7263 -0.2583
vn 0.4667 -0.5322 -0.7063
vn 0.4667 -0.5322 -0.7064
vn 0.1710 -0.1950 -0.9658
vn -0.1710 0.1950 -0.9658
vn -0.4667 0.5322 -0.7064
vn -0.6370 0.7263 -0.2583
vn -0.7263 0.6370 0.2583
vn -0.5322 0.4667 0.7063
vn -0.5322 0.4667 0.7064
vn -0.1950 0.1710 0.9658
vn 0.1950 -0.1710 0.9658
vn 0.5322 -0.4667 0.7063
vn 0.7263 -0.6370 0.2583
vn 0.7263 -0.6370 -0.2583
vn 0.5322 -0.4667 -0.7063
vn 0.1950 -0.1710 -0.9658
vn -0.1950 0.1710 -0.9658
vn -0.5322 0.4667 -0.7063
vn -0.5322 0.4667 -0.7064
vn -0.7263 0.6370 -0.2583
vn -0.8033 0.5367 0.2583
vn -0.8032 0.5367 0.2583
vn -0.5886 0.3933 0.7063
vn -0.2156 0.1441 0.9658
vn 0.2156 -0.1441 0.9658
vn 0.5886 -0.3933 0.7064
vn 0.5886 -0.3933 0.7063
vn 0.8033 -0.5367 0.2583
vn 0.8033 -0.5367 -0.2583
vn 0.5886 -0.3933 -0.7064
vn 0.5886 -0.3933 -0.7063
vn 0.2156 -0.1441 -0.9658
vn -0.2156 0.1441 -0.9658
vn -0.5886 0.3933 -0.7063
vn -0.8032 0.5367 -0.2583
vn -0.8664 0.4273 0.2583
vn -0.6349 0.3131 0.7063
vn -0.2326 0.1147 0.9658
vn 0.2326 -0.1147 0.9658
vn 0.6349 -0.3131 0.7064
vn 0.8664 -0.4273 0.2583
vn 0.8664 -0.4273 -0.2583
vn 0.6349 -0.3131 -0.7064
vn 0.6348 -0.3131 -0.7064
vn 0.2326 -0.1147 -0.9658
vn -0.2326 0.1147 -0.9658
vn -0.6349 0.3131 -0.7063
vn -0.8664 0.4273 -0.2583
vn -0.9148 0.3105 0.2583
vn -0.6703 0.2275 0.7063
vn -0.2456 0.0834 0.9658
vn 0.2456 -0.0834 0.9658
vn 0.6703 -0.2275 0.7064
vn 0.6703 -0.2275 0.7063
vn 0.9148 -0.3105 0.2583
vn 0.9148 -0.3105 -0.2583
vn 0.6703 -0.2275 -0.7064
vn 0.6703 -0.2275 -0.7063
vn 0.2456 -0.0834 -0.9658
vn -0.2456 0.0834 -0.9658
vn -0.6703 0.2275 -0.7063
vn -0.6703 0.2275 -0.7064
vn -0.9148 0.3105 -0.2583
vn -0.9475 0.1885 0.2583
vn -0.6943 0.1381 0.7064
vn -0.2544 0.0506 0.9658
vn 0.2544 -0.0506 0.9658
vn 0.6943 -0.1381 0.7064
vn 0.6942 -0.1381 0.7064
vn 0.9475 -0.1885 0.2583
vn 0.9475 -0.1885 -0.2583
vn 0.6943 -0.1381 -0.7064
vn 0.6942 -0.1381 -0.7064
vn 0.2544 -0.0506 -0.9658
vn -0.2544 0.0506 -0.9658
vn -0.6943 0.1381 -0.7063
vn -0.6943 0.1381 -0.7064
vn -0.9475 0.1885 -0.2583
vn -0.9640 0.0632 0.2583
vn -0.7063 0.0463 0.7063
vn -0.7063 0.0463 0.7064
vn -0.2588 0.0170 0.9658
vn 0.2588 -0.0170 0.9658
vn 0.7064 -0.0463 0.7063
vn 0.7063 -0.0463 0.7063
vn 0.9640 -0.0632 0.2583
vn 0.9640 -0.0632 -0.2583
vn 0.7063 -0.0463 -0.7063
vn 0.7063 -0.0463 -0.7064
vn 0.2588 -0.0170 -0.9658
vn -0.2588 0.0170 -0.9658
vn -0.7063 0.0463 -0.7063
vn -0.7063 0.0463 -0.7064
vn -0.9640 0.0632 -0.2583
vn 0.7063 0.0463 -0.7064
vn -0.6943 -0.1381 0.7063
vn -0.6703 -0.2275 0.7063
vn -0.6703 -0.2275 -0.7063
vn 0.6348 0.3131 0.7064
vn 0.8665 0.4273 0.2583
vn 0.8665 0.4272 -0.2583
vn -0.6349 -0.3131 -0.7063
vn -0.8032 -0.5367 0.2583
vn 0.5886 0.3933 -0.7064
vn -0.8032 -0.5367 -0.2583
vn 0.5322 0.4667 0.7064
vn 0.5322 0.4667 -0.7064
vn -0.4667 -0.5322 0.7064
vn 0.4667 0.5322 0.7063
vn 0.4667 0.5322 -0.7063
vn -0.5367 -0.8033 0.2583
vn -0.5367 -0.8033 -0.2583
vn -0.3131 -0.6349 0.7064
vn -0.3131 -0.6349 -0.7064
vn -0.2275 -0.6703 0.7064
vn -0.2275 -0.6703 -0.7064
vn -0.1381 -0.6943 0.7064
vn 0.1381 0.6943 0.7063
vn 0.0463 0.7063 0.7063
vn 0.0463 0.7063 -0.7063
vn -0.0463 -0.7064 -0.7063
vn -0.0463 0.7063 0.7063
vn -0.0463 0.7063 -0.7063
vn 0.0463 -0.7063 -0.7064
vn 0.1381 -0.6943 0.7064
vn -0.1381 0.6943 0.7064
vn -0.1381 0.6943 -0.7064
vn 0.1381 -0.6943 -0.7064
vn 0.2275 -0.6703 0.7064
vn -0.3105 0.9148 0.2583
vn 0.3131 -0.6349 0.7064
vn 0.3131 -0.6349 -0.7064
vn -0.5367 0.8032 -0.2583
vn 0.8032 -0.5367 0.2583
vn -0.5886 0.3933 0.7064
vn -0.8033 0.5367 -0.2583
vn -0.5886 0.3933 -0.7064
vn 0.8032 -0.5367 -0.2583
vn -0.6349 0.3131 0.7064
vn -0.6348 0.3131 0.7064
vn -0.6349 0.3131 -0.7064
vn -0.6348 0.3131 -0.7064
vn -0.6703 0.2275 0.7064
vn 0.6943 -0.1381 0.7063
vn -0.6942 0.1381 0.7064
vn 0.6943 -0.1381 -0.7063
vn 0.7063 -0.0463 0.7064
vn -0.0000 1.0000 -0.0000
vn 0.7063 0.0463 0.7064
vn -0.7064 -0.0463 -0.7063
vn -0.6942 -0.1381 0.7064
vn -0.6942 -0.1381 -0.7064
vn 0.6349 0.3131 0.7063
vn -0.6348 -0.3131 -0.7064
vn 0.6349 0.3131 -0.7063
vn -0.5886 -0.3933 0.7063
vn -0.5886 -0.3933 -0.7063
vn 0.3933 0.5885 -0.7064
vn -0.3106 -0.9148 0.2583
vn -0.3106 -0.9148 -0.2583
vn 0.2275 0.6703 -0.7064
vn -0.1381 -0.6943 -0.7064
vn -0.0463 -0.7064 0.7063
vn -0.1884 0.9475 0.2583
vn -0.1884 0.9475 -0.2583
vn -0.4273 0.8665 0.2583
vn 0.4273 -0.8665 0.2583
vn 0.4273 -0.8665 -0.2583
vn -0.3933 0.5886 0.7063
vn 0.6349 -0.3131 0.7063
vn 0.6349 -0.3131 -0.7063
vn 0.6703 -0.2276 0.7064
vn 0.6703 -0.2276 -0.7064
vn -0.6943 0.1381 0.7063
vn 0.7064 -0.0463 -0.7063
vn 0.8033 0.5367 -0.2583
vn -0.4667 -0.5322 -0.7064
vn -0.3933 -0.5886 0.7063
vn 0.0463 0.7064 0.7063
vn 0.0463 0.7064 -0.7063
vn -0.0463 0.7063 0.7064
vn -0.0000 -0.0000 -1.0000
vn 0.1951 -0.0000 -0.9808
vn 0.3827 -0.0000 -0.9239
vn 0.5556 -0.0000 -0.8315
vn 0.7071 -0.0000 -0.7071
vn 0.8315 -0.0000 -0.5556
vn 0.9239 -0.0000 -0.3827
vn 0.9808 -0.0000 -0.1951
vn 1.0000 -0.0000 -0.0000
vn 0.9808 -0.0000 0.1951
vn 0.9239 -0.0000 0.3827
vn 0.8315 -0.0000 0.5556
vn 0.7071 -0.0000 0.7071
vn 0.5556 -0.0000 0.8315
vn 0.3827 -0.0000 0.9239
vn 0.1951 -0.0000 0.9808
vn -0.0000 -0.0000 1.0000
vn -0.1951 -0.0000 0.9808
vn -0.3827 -0.0000 0.9239
vn -0.5556 -0.0000 0.8315
vn -0.7071 -0.0000 0.7071
vn -0.8315 -0.0000 0.5556
vn -0.9239 -0.0000 0.3827
vn -0.9808 -0.0000 0.1951
vn -1.0000 -0.0000 -0.0000
vn -0.9808 -0.0000 -0.1951
vn -0.9239 -0.0000 -0.3827
vn -0.8315 -0.0000 -0.5556
vn -0.7071 -0.0000 -0.7071
vn -0.5556 -0.0000 -0.8315
vn -0.3827 -0.0000 -0.9239
vn -0.1951 -0.0000 -0.9808
vn 0.8855 -0.0000 -0.4647
vn 0.3859 0.9225 -0.0000
vn 0.3417 0.9225 -0.1794
vn -0.7729 0.6345 -0.0000
vn -0.6844 0.6345 0.3592
vn -0.7729 -0.6345 -0.0000
vn 0.3417 -0.9225 -0.1794
vn 0.3860 -0.9225 -0.0000
vn 0.2192 0.9225 -0.3176
vn -0.4391 0.6345 0.6361
vn -0.6844 -0.6345 0.3592
vn 0.2192 -0.9225 -0.3176
vn 0.1205 -0.0000 -0.9927
vn 0.5681 -0.0000 -0.8230
vn 0.0465 0.9225 -0.3831
vn -0.0932 0.6345 0.7673
vn -0.4391 -0.6345 0.6361
vn -0.0932 -0.6345 0.7673
vn 0.0465 -0.9225 -0.3831
vn -0.3546 -0.0000 -0.9350
vn 0.2741 0.6345 0.7227
vn 0.2741 -0.6345 0.7227
vn -0.1369 -0.9225 -0.3609
vn -0.7485 -0.0000 -0.6631
vn -0.1369 0.9225 -0.3609
vn -0.2889 0.9225 -0.2559
vn 0.5786 0.6345 0.5126
vn -0.2889 -0.9225 -0.2559
vn -0.9709 -0.0000 -0.2393
vn -0.3747 0.9225 -0.0924
vn 0.7505 0.6345 0.1850
vn 0.5786 -0.6345 0.5126
vn -0.3747 -0.9225 -0.0924
vn -0.9709 -0.0000 0.2393
vn 0.7505 0.6345 -0.1850
vn 0.7505 -0.6345 0.1850
vn 0.7505 -0.6345 -0.1850
vn -0.3747 -0.9225 0.0924
vn -0.7485 -0.0000 0.6631
vn -0.3747 0.9225 0.0924
vn 0.5786 0.6345 -0.5126
vn 0.5786 -0.6345 -0.5126
vn -0.2889 -0.9225 0.2559
vn -0.1369 0.9225 0.3609
vn -0.2889 0.9225 0.2559
vn 0.2741 0.6345 -0.7227
vn -0.1369 -0.9225 0.3609
vn -0.3546 -0.0000 0.9350
vn 0.0465 0.9225 0.3831
vn -0.0932 0.6345 -0.7673
vn 0.2741 -0.6345 -0.7227
vn -0.0932 -0.6345 -0.7673
vn 0.0465 -0.9225 0.3831
vn 0.5681 -0.0000 0.8230
vn 0.1205 -0.0000 0.9927
vn -0.4391 0.6345 -0.6361
vn -0.4391 -0.6345 -0.6361
vn 0.2192 -0.9225 0.3176
vn 0.8855 -0.0000 0.4647
vn 0.2192 0.9225 0.3176
vn -0.6844 0.6345 -0.3592
vn -0.6844 -0.6345 -0.3592
vn 0.3417 -0.9225 0.1794
vn 0.3417 0.9225 0.1794
vn 0.3859 -0.9225 -0.0000
vn 0.2193 0.9225 0.3176
vn 0.5785 0.6345 0.5126
vn -0.0000 -0.7894 -0.6139
vn -0.0000 0.6344 -0.7730
vn -0.7730 0.6344 -0.0000
vn -0.0000 0.6344 0.7730
vn 0.7730 0.6344 -0.0000
vn 0.9791 0.1987 -0.0421
vn -0.6139 -0.7894 -0.0000
vn -0.0000 -0.7894 0.6139
vn 0.6139 -0.7894 -0.0000
vn -0.0000 0.7982 -0.6023
vn -0.0421 0.1987 -0.9791
vn -0.9791 0.1987 0.0421
vn 0.0421 0.1987 -0.9791
vn -0.6023 0.7982 -0.0000
vn -0.0000 0.7982 0.6023
vn 0.6023 0.7982 -0.0000
vn -0.0000 -0.8468 -0.5319
vn -0.5319 -0.8468 -0.0000
vn -0.0000 -0.8468 0.5319
vn 0.5319 -0.8468 -0.0000
vn -0.0000 -0.2075 -0.9782
vn -0.9782 -0.2075 -0.0000
vn -0.0000 -0.2075 0.9782
vn 0.9782 -0.2075 -0.0000
vn -0.2075 -0.9782 -0.0000
vn 0.2075 0.9782 -0.0000
vn 0.0421 0.1987 0.9791
vn -0.0000 -0.9782 0.2075
vn -0.0000 0.9782 -0.2075
vn -0.9791 0.1987 -0.0421
vn 0.2075 -0.9782 -0.0000
vn -0.2075 0.9782 -0.0000
vn -0.0421 0.1987 0.9791
vn -0.0000 -0.9782 -0.2075
vn -0.0000 0.9782 0.2075
vn 0.9791 0.1987 0.0421
vn 0.6773 0.2873 0.6773
vn 0.6773 0.2873 -0.6773
vn -0.6773 0.2873 -0.6773
vn -0.6773 0.2873 0.6773
vn -0.0000 0.8373 -0.5467
vn -0.5467 0.8373 -0.0000
vn -0.0000 0.8373 0.5467
vn 0.5467 0.8373 -0.0000
vt 0.000000 0.000000
vt 0.351851 0.000000
vt 0.386505 0.500000
vt 0.351851 0.500000
vt 0.000000 0.500000
vt 0.040749 1.000000
vt 0.000000 1.000000
vt 0.040749 0.500000
vt 0.086027 1.000000
vt 0.086027 0.500000
vt 0.134094 1.000000
vt 0.134094 0.500000
vt 0.183103 1.000000
vt 0.183103 0.500000
vt 0.231170 1.000000
vt 0.231170 0.500000
vt 0.276448 1.000000
vt 0.276448 0.500000
vt 0.317197 1.000000
vt 0.317197 0.500000
vt 0.351851 1.000000
vt 0.392600 1.000000
vt 0.392600 0.500000
vt 0.437878 1.000000
vt 0.437878 0.500000
vt 0.485945 1.000000
vt 0.485945 0.500000
vt 0.534954 1.000000
vt 0.534954 0.500000
vt 0.583021 1.000000
vt 0.583021 0.500000
vt 0.628299 1.000000
vt 0.628299 0.500000
vt 0.669048 1.000000
vt 0.386505 0.000000
vt 0.421159 0.500000
vt 0.421159 0.000000
vt 0.461909 0.500000
vt 0.461909 0.000000
vt 0.507187 0.500000
vt 0.507187 0.000000
vt 0.555254 0.500000
vt 0.555254 0.000000
vt 0.604262 0.500000
vt 0.604262 0.000000
vt 0.652329 0.500000
vt 0.652329 0.000000
vt 0.697607 0.500000
vt 0.697607 0.000000
vt 0.738356 0.500000
vt 0.034654 0.500000
vt 0.034654 0.000000
vt 0.075403 0.500000
vt 0.075403 0.000000
vt 0.120682 0.500000
vt 0.120682 0.000000
vt 0.168748 0.500000
vt 0.168748 0.000000
vt 0.217757 0.500000
vt 0.217757 0.000000
vt 0.265824 0.500000
vt 0.265824 0.000000
vt 0.311102 0.500000
vt 0.311102 0.000000
vt 0.669048 0.500000
vt 0.738356 0.000000
vt 0.030655 0.983307
vt 0.026177 0.911128
vt 0.061030 0.921519
vt 0.468777 0.407791
vt 0.438127 0.430167
vt 0.431867 0.394487
vt 0.880924 0.729957
vt 0.915874 0.778234
vt 0.888315 0.769455
vt 0.937017 0.717929
vt 0.946997 0.771267
vt 0.586584 0.451574
vt 0.582106 0.379395
vt 0.612761 0.398325
vt 0.499432 0.392153
vt 0.494954 0.448382
vt 0.465460 0.440019
vt 0.202870 0.822324
vt 0.239264 0.864191
vt 0.202870 0.864191
vt 0.908483 0.738736
vt 0.909362 0.685357
vt 0.577136 0.514721
vt 0.551731 0.441184
vt 0.540769 0.507225
vt 0.529807 0.439253
vt 0.281627 0.973932
vt 0.331861 0.947891
vt 0.320620 0.978276
vt 0.202870 0.775041
vt 0.239264 0.822324
vt 0.859128 0.711397
vt 0.888004 0.714615
vt 0.586584 0.573300
vt 0.540769 0.514457
vt 0.529807 0.580498
vt 0.504402 0.506961
vt 0.282506 0.920553
vt 0.302985 0.944674
vt 0.202870 0.733173
vt 0.239264 0.775041
vt 0.616078 0.581663
vt 0.596693 0.551604
vt 0.612761 0.613891
vt 0.551731 0.582429
vt 0.499432 0.642286
vt 0.494954 0.570108
vt 0.243992 0.888021
vt 0.253972 0.941359
vt 0.275115 0.881054
vt 0.310065 0.929332
vt 0.649671 0.627194
vt 0.117806 0.805352
vt 0.113329 0.733173
vt 0.143983 0.752103
vt 0.456603 0.678434
vt 0.468777 0.623357
vt 0.253972 0.826136
vt 0.282506 0.835226
vt 0.302674 0.889833
vt 0.643411 0.591515
vt 0.688859 0.610164
vt 0.108359 0.868499
vt 0.082954 0.794962
vt 0.411131 0.680661
vt 0.431867 0.654510
vt 0.302985 0.793568
vt 0.310065 0.844005
vt 0.696489 0.546717
vt 0.672431 0.578903
vt 0.117806 0.927078
vt 0.071992 0.868235
vt 0.173427 0.788630
vt 0.143983 0.750779
vt 0.173427 0.733173
vt 0.281627 0.769882
vt 0.331861 0.765622
vt 0.681470 0.498050
vt 0.667885 0.542437
vt 0.710075 0.502329
vt 0.721347 0.566700
vt 0.143983 0.967669
vt 0.082954 0.936207
vt 0.143983 0.860565
vt 0.143983 0.798571
vt 0.360192 0.628675
vt 0.371463 0.565773
vt 0.385049 0.603591
vt 0.681470 0.451630
vt 0.739692 0.444076
vt 0.739692 0.506760
vt 0.202870 0.860565
vt 0.202870 0.798571
vt 0.173427 0.860565
vt 0.143983 0.922560
vt 0.341846 0.577606
vt 0.371463 0.519353
vt 0.400068 0.570052
vt 0.696489 0.418091
vt 0.710075 0.455909
vt 0.202870 0.922560
vt 0.061030 0.780273
vt 0.000000 0.748812
vt 0.030655 0.733173
vt 0.341846 0.514922
vt 0.385049 0.474965
vt 0.400068 0.523632
vt 0.888004 0.865721
vt 0.870369 0.927143
vt 0.859128 0.893666
vt 0.202870 0.970352
vt 0.173427 0.932501
vt 0.071992 0.848245
vt 0.026177 0.789402
vt 0.360191 0.454982
vt 0.409107 0.442779
vt 0.880924 0.815283
vt 0.860445 0.856942
vt 0.908483 0.824062
vt 0.909362 0.889407
vt 0.649671 0.367172
vt 0.670407 0.341020
vt 0.688859 0.365253
vt 0.035624 0.847981
vt 0.392679 0.411518
vt 0.937017 0.833152
vt 0.624935 0.343247
vt 0.326946 0.648160
vt 0.243992 0.706416
vt 0.279573 0.634037
vt 0.392745 0.003173
vt 0.438406 0.065061
vt 0.401253 0.051670
vt 0.769319 0.407547
vt 0.816824 0.473169
vt 0.779365 0.461236
vt 0.806778 0.419480
vt 0.859128 0.463699
vt 0.062273 0.150269
vt 0.056187 0.052161
vt 0.097854 0.077891
vt 0.525869 0.064020
vt 0.442915 0.021256
vt 0.484582 0.000000
vt 0.464755 0.105918
vt 0.946997 0.802189
vt 0.996465 0.859097
vt 0.946997 0.859097
vt 0.807973 0.346926
vt 0.845562 0.391199
vt -0.000000 0.235742
vt 0.014900 0.136146
vt 0.540769 0.156411
vt 0.478496 0.076429
vt 0.880055 0.334552
vt 0.856084 0.288878
vt 0.895334 0.293252
vt 0.946997 0.737920
vt 0.996465 0.802189
vt 0.739692 0.382321
vt 0.778941 0.386694
vt 0.049432 0.236102
vt 0.014900 0.328133
vt 0.525869 0.256007
vt 0.491337 0.156052
vt 0.789464 0.284373
vt 0.827053 0.328647
vt 0.946997 0.681013
vt 0.996465 0.737920
vt 0.102363 0.327092
vt 0.062273 0.315724
vt 0.076014 0.286235
vt 0.097854 0.370897
vt 0.484582 0.339992
vt 0.478496 0.241884
vt 0.775898 0.211874
vt 0.828248 0.256092
vt 0.818202 0.202404
vt 0.865707 0.268025
vt 0.148024 0.388980
vt 0.921401 0.439129
vt 0.915315 0.341020
vt 0.956982 0.366750
vt 0.392745 0.356606
vt 0.442915 0.314262
vt 0.789464 0.127757
vt 0.828248 0.140112
vt 0.855661 0.214337
vt 0.178961 0.323341
vt 0.139516 0.340483
vt 0.908560 0.524961
vt 0.874028 0.425006
vt 0.364560 0.392153
vt 0.426367 0.389126
vt 0.827053 0.051294
vt 0.856084 0.083488
vt 0.865707 0.152045
vt 0.211662 0.279591
vt 0.201290 0.365831
vt 0.874028 0.616992
vt 0.859128 0.524602
vt 0.684652 0.704907
vt 0.644632 0.653458
vt 0.684653 0.629529
vt 0.880055 0.000000
vt 0.191247 0.213441
vt 0.172781 0.273775
vt 0.230128 0.219258
vt 0.245449 0.306753
vt 0.921401 0.604584
vt 0.915315 0.681013
vt 0.684652 0.802685
vt 0.644632 0.718420
vt 0.270385 0.252076
vt 0.329107 0.287396
vt 0.295320 0.321491
vt 0.191247 0.150345
vt 0.230128 0.156162
vt 0.270385 0.225280
vt 0.724673 0.802685
vt 0.724673 0.718420
vt 0.684652 0.900464
vt 0.644632 0.802685
vt 0.270385 0.166873
vt 0.310641 0.235992
vt 0.310641 0.172895
vt 0.349522 0.241808
vt 0.211662 0.104757
vt 0.270385 0.140077
vt 0.285659 0.392153
vt 0.279573 0.468582
vt 0.243992 0.413409
vt 0.329107 0.112562
vt 0.349522 0.178712
vt 0.778941 0.592084
vt 0.754971 0.675572
vt 0.739692 0.630069
vt 0.724673 0.951912
vt 0.724673 0.886951
vt 0.326946 0.456173
vt 0.292414 0.548205
vt 0.339479 0.026322
vt 0.295320 0.085400
vt 0.769319 0.523527
vt 0.741483 0.580151
vt 0.806778 0.535460
vt 0.807973 0.624279
vt 0.148024 0.035547
vt 0.176210 0.000000
vt 0.201290 0.032938
vt 0.341846 0.548564
vt 0.361808 0.068812
vt 0.845562 0.547816
vt 0.114402 0.003027
vt 0.413984 0.903288
vt 0.341846 0.953947
vt 0.372788 0.891006
vt 0.647175 0.002759
vt 0.686882 0.056578
vt 0.654574 0.044933
vt 0.566533 0.687381
vt 0.607844 0.744446
vt 0.575269 0.734069
vt 0.632835 0.673165
vt 0.644632 0.736211
vt 0.054153 0.522829
vt 0.048861 0.437513
vt 0.085095 0.459887
vt 0.727037 0.000000
vt 0.721745 0.066463
vt 0.690803 0.018485
vt 0.709796 0.092108
vt 0.956982 0.446397
vt 1.000000 0.495885
vt 0.956982 0.495885
vt 0.574901 0.669247
vt 0.599108 0.697758
vt 0.042987 0.597469
vt 0.012957 0.510547
vt 0.775898 0.136017
vt 0.762941 0.055673
vt 0.784177 0.961367
vt 0.843554 0.930587
vt 0.830267 0.966502
vt 0.956982 0.390508
vt 1.000000 0.446397
vt 0.540769 0.665444
vt 0.600147 0.634664
vt 0.054153 0.666710
vt -0.000000 0.597157
vt 0.721745 0.210345
vt 0.732911 0.135704
vt 0.785216 0.898273
vt 0.809423 0.926784
vt 0.956982 0.341020
vt 1.000000 0.390508
vt 0.089016 0.676596
vt 0.066102 0.641066
vt 0.085095 0.714689
vt 0.012957 0.677501
vt 0.727037 0.295661
vt 0.762941 0.222626
vt 0.739692 0.859820
vt 0.751489 0.922866
vt 0.776480 0.851585
vt 0.817791 0.908650
vt 0.128724 0.730414
vt 0.512036 0.703036
vt 0.439899 0.753696
vt 0.475802 0.680661
vt 0.676413 0.338388
vt 0.690803 0.273286
vt 0.785216 0.797416
vt 0.809055 0.861962
vt 0.155626 0.673333
vt 0.121324 0.688241
vt 0.469928 0.840618
vt 0.481095 0.765977
vt 0.622665 0.341020
vt 0.647175 0.310109
vt 0.784177 0.720178
vt 0.751489 0.786671
vt 0.809423 0.748175
vt 0.817791 0.807793
vt 0.184063 0.635289
vt 0.175044 0.710284
vt 0.481095 0.909859
vt 0.426941 0.840306
vt 0.930136 0.065550
vt 0.895334 0.020809
vt 0.930136 -0.000000
vt 0.843554 0.715143
vt 0.166310 0.577764
vt 0.150252 0.630230
vt 0.200121 0.582822
vt 0.213445 0.658909
vt 0.512036 0.957838
vt 0.439899 0.920650
vt 0.930136 0.150579
vt 0.895334 0.077301
vt 0.540769 0.219208
vt 0.591835 0.249922
vt 0.562453 0.279572
vt 0.166310 0.522894
vt 0.200121 0.527953
vt 0.235129 0.588059
vt 0.964939 0.150579
vt 0.964939 0.077301
vt 0.930136 0.235608
vt 0.895334 0.150579
vt 0.540769 0.145114
vt 0.575777 0.205221
vt 0.575777 0.150352
vt 0.609588 0.210279
vt 0.213445 0.453602
vt 0.235129 0.513965
vt 0.964939 0.223857
vt 0.413984 0.736334
vt 0.341846 0.699146
vt 0.378081 0.680661
vt 0.562453 0.074265
vt 0.591835 0.097885
vt 0.609588 0.155410
vt 0.574901 0.847856
vt 0.554056 0.920459
vt 0.540769 0.880888
vt 0.964939 0.280348
vt 0.383955 0.816365
vt 0.372788 0.747125
vt 0.600854 0.022890
vt 0.566533 0.788239
vt 0.542326 0.837479
vt 0.599108 0.798616
vt 0.600147 0.875853
vt 0.128724 0.423065
vt 0.153234 0.392153
vt 0.175044 0.420796
vt 0.426941 0.816678
vt 0.620272 0.059840
vt 0.632835 0.809360
vt 0.099485 0.394785
vt -0.000000 0.964377
vt 0.484846 0.470078
vt 0.870369 0.681012
vt 0.239264 0.733173
vt 0.582106 0.629529
vt 0.392679 0.656429
vt 0.330544 0.802347
vt 0.320620 0.732145
vt 0.113329 0.983307
vt 0.721347 0.393007
vt 0.413653 0.479245
vt 0.173427 0.987957
vt 0.285659 0.732145
vt 0.754971 0.341020
vt 0.996465 0.681013
vt 0.056187 0.392153
vt 0.339479 0.359215
vt 0.893543 0.095421
vt 0.895334 0.045504
vt 0.956982 0.659756
vt 0.644632 0.886951
vt 0.245449 0.070662
vt 0.367988 0.118379
vt 0.684652 0.975842
vt 0.378081 0.976322
vt 0.554056 0.629529
vt 1.000000 0.341020
vt 0.048861 0.733173
vt 0.600854 0.312377
vt 0.841997 0.758552
vt 0.830267 0.675572
vt 0.475802 0.976322
vt 0.895334 0.223857
vt 0.184063 0.483251
vt 0.625646 0.102943
vt 0.930136 0.301158
vt 0.351302 0.351302
vt 0.324349 0.026953
vt 0.351302 0.000000
vt 0.739461 0.936815
vt 0.723514 0.884754
vt 0.739461 0.871028
vt 0.723514 0.923089
vt 0.695315 0.884754
vt 0.783608 0.936815
vt 0.767660 0.884754
vt 0.783608 0.871028
vt 0.799310 0.922982
vt 0.783608 0.936813
vt 0.913660 0.936814
vt 0.897830 0.884753
vt 0.913660 0.871028
vt 0.827479 0.909364
vt 0.865814 0.871028
vt 0.865814 0.909363
vt 0.767660 0.923089
vt 0.739461 0.884754
vt 0.799310 0.884648
vt 0.827479 0.922968
vt 0.352516 0.351303
vt 0.370079 0.650577
vt 0.352516 0.650515
vt 0.026953 0.026953
vt 0.000000 0.351302
vt 0.324349 0.324349
vt 0.866226 0.700117
vt 0.880269 0.871028
vt 0.866226 0.856937
vt 0.315684 0.351302
vt 0.333247 0.651192
vt 0.315684 0.651140
vt 0.370079 0.351303
vt 0.387643 0.651193
vt 0.370079 0.651141
vt 0.298120 0.651192
vt 0.298120 0.351355
vt 0.897830 0.686073
vt 0.909458 0.871028
vt 0.897830 0.871028
vt 0.695315 0.871027
vt 0.709406 0.856936
vt 0.695315 0.686073
vt 0.709406 0.700116
vt 0.880269 0.686074
vt 0.395554 0.871846
vt 0.381133 0.701312
vt 0.395554 0.686891
vt 0.909458 0.686073
vt 0.921086 0.871028
vt 0.944326 0.871023
vt 0.932709 0.686079
vt 0.944326 0.686073
vt 0.921087 0.686073
vt 0.932709 0.871028
vt 0.225021 0.701312
vt 0.210599 0.686891
vt 0.225021 0.857424
vt 0.210599 0.871846
vt 0.381133 0.857424
vt 0.724187 0.352531
vt 1.000000 0.335174
vt 0.978417 0.352531
vt 0.915417 0.652587
vt 0.772892 0.669944
vt 0.787186 0.652587
vt 0.929712 0.669944
vt 0.702603 0.335174
vt 0.426790 0.368660
vt 0.702603 0.351303
vt 0.681020 0.368660
vt 0.618020 0.668716
vt 0.475495 0.686073
vt 0.489790 0.668716
vt 0.632315 0.686073
vt 0.405207 0.351303
vt 0.212495 0.669492
vt 0.069956 0.686891
vt 0.084268 0.669492
vt 0.275789 0.368702
vt 0.226773 0.686891
vt 0.021566 0.368702
vt 0.724187 0.017378
vt 1.000000 0.000000
vt 0.978417 0.017378
vt 0.915417 0.317796
vt 0.772892 0.335174
vt 0.787186 0.317796
vt 0.702603 0.000000
vt 0.929712 0.335174
vt 0.423146 0.976181
vt 0.677376 0.958998
vt 0.677376 0.976181
vt 0.046491 0.751321
vt 0.063665 0.879543
vt 0.046490 0.879552
vt 0.880269 0.686073
vt 0.897830 0.984816
vt 0.880269 0.984709
vt 0.695315 0.958242
vt 0.678132 0.704012
vt 0.695315 0.704012
vt 0.192660 0.733382
vt 0.064422 0.750557
vt 0.064430 0.733382
vt 0.405207 0.651141
vt 0.387643 0.351356
vt 0.677376 0.686073
vt 0.423146 0.703256
vt 0.423146 0.686073
vt 0.210599 0.879552
vt 0.193408 0.751313
vt 0.210599 0.751321
vt 0.405207 0.704012
vt 0.422390 0.958242
vt 0.405207 0.958242
vt 0.064429 0.897491
vt 0.192652 0.880300
vt 0.192660 0.897491
vt 0.334952 0.351365
vt 0.334712 0.351302
vt 0.333978 0.649898
vt 0.333978 0.351514
vt 0.333978 0.351554
vt 0.333247 0.351355
vt 0.297389 0.651392
vt 0.297389 0.351554
vt 0.063666 0.751313
vt 0.695315 0.923089
vt 0.897830 0.923089
vt 0.827479 0.871028
vt 0.739461 0.923089
vt 0.827479 0.884633
vt 0.370079 0.351365
vt 0.026953 0.324349
vt 0.921086 0.686073
vt 0.932709 0.871029
vt 0.932709 0.686073
vt 0.297389 0.351302
vt 0.423146 0.958998
vt 0.897830 0.686180
vt 0.678132 0.958242
vt 0.192652 0.750557
vt 0.677376 0.703256
vt 0.193408 0.879544
vt 0.422390 0.704012
vt 0.064421 0.880300
vt 0.334952 0.650577
vt 0.334712 0.649686
vt 0.333978 0.651392
vt 0.000000 0.687647
vt 0.000756 0.686891
vt 0.702603 0.000002
vt 0.560055 0.208336
vt 0.560055 0.142549
vt 0.494269 0.208335
vt 0.351302 0.351301
vt 0.494269 0.142549
s 1
g off
usemtl Material.001
f 1/1/1 3/1/1 2/1/1
s 2
f 17/1/2 6/1/2 5/1/2
s 3
f 6/1/3 19/1/3 7/1/3
s 4
f 19/1/4 8/1/4 7/1/4
s 5
f 8/1/5 21/1/5 9/1/5
s 6
f 9/1/6 22/1/7 10/1/8
s 7
f 22/1/9 11/1/9 10/1/9
s 8
f 11/1/10 24/1/10 12/1/10
s 9
f 24/1/11 13/1/11 12/1/12
s 10
f 25/1/13 14/1/13 13/1/13
s 11
f 26/1/14 15/1/14 14/1/14
s 12
f 27/1/15 16/1/15 15/1/15
s 13
f 16/1/16 17/1/16 5/1/16
s 14
f 29/1/17 18/1/17 17/1/17
s 15
f 18/1/18 31/1/19 19/1/18
s 16
f 31/1/20 20/1/20 19/1/20
s 17
f 20/1/21 33/1/21 21/1/21
s 18
f 33/1/22 22/1/22 21/1/22
s 19
f 34/1/23 23/1/23 22/1/23
s 20
f 23/1/24 36/1/24 24/1/24
s 21
f 24/1/25 37/1/25 25/1/26
s 22
f 37/1/27 26/1/27 25/1/27
s 23
f 26/1/28 39/1/28 27/1/28
s 24
f 39/1/29 28/1/29 27/1/30
s 25
f 28/1/31 29/1/31 17/1/31
s 26
f 41/1/32 30/1/32 29/1/32
s 27
f 30/1/33 43/1/33 31/1/34
s 28
f 31/1/35 44/1/35 32/1/35
s 29
f 32/1/36 45/1/36 33/1/36
s 30
f 45/1/37 34/1/37 33/1/37
s 31
f 34/1/38 47/1/38 35/1/38
s 32
f 47/1/39 36/1/39 35/1/39
s 33
f 36/1/40 49/1/40 37/1/40
s 34
f 49/1/41 38/1/41 37/1/41
s 35
f 50/1/42 39/1/42 38/1/42
s 36
f 51/1/43 40/1/43 39/1/44
s 37
f 40/1/45 41/1/45 29/1/45
s 38
f 53/1/46 42/1/46 41/1/46
s 39
f 42/1/47 55/1/47 43/1/47
s 40
f 43/1/48 56/1/48 44/1/48
s 41
f 56/1/49 45/1/49 44/1/49
s 42
f 57/1/50 46/1/50 45/1/51
s 43
f 46/1/52 59/1/52 47/1/52
s 44
f 59/1/53 48/1/53 47/1/53
s 45
f 48/1/54 61/1/54 49/1/54
s 46
f 49/1/55 62/1/55 50/1/55
s 47
f 62/1/56 51/1/56 50/1/56
s 48
f 63/1/57 52/1/57 51/1/57
s 49
f 52/1/58 53/1/58 41/1/58
s 50
f 53/1/59 66/1/60 54/1/59
s 51
f 54/1/61 67/1/61 55/1/61
s 52
f 55/1/62 68/1/62 56/1/62
s 53
f 68/1/63 57/1/63 56/1/63
s 54
f 69/1/64 58/1/64 57/1/64
s 55
f 58/1/65 71/1/65 59/1/65
s 56
f 71/1/66 60/1/66 59/1/66
s 57
f 60/1/67 73/1/67 61/1/67
s 58
f 61/1/68 74/1/68 62/1/68
s 59
f 74/1/69 63/1/69 62/1/69
s 60
f 75/1/70 64/1/70 63/1/70
s 61
f 76/1/71 53/1/71 64/1/71
s 62
f 77/1/72 66/1/72 65/1/72
s 63
f 78/1/73 67/1/73 66/1/73
s 64
f 67/1/74 80/1/74 68/1/74
s 65
f 80/1/75 69/1/75 68/1/75
s 66
f 81/1/76 70/1/76 69/1/76
s 67
f 70/1/77 83/1/77 71/1/77
s 68
f 83/1/78 72/1/78 71/1/78
s 69
f 72/1/79 85/1/79 73/1/79
s 70
f 73/1/80 86/1/80 74/1/80
s 71
f 74/1/81 87/1/81 75/1/81
s 72
f 75/1/82 88/1/82 76/1/82
s 73
f 76/1/83 77/1/83 65/1/83
s 74
f 89/1/84 78/1/84 77/1/84
s 75
f 90/1/85 79/1/85 78/1/85
s 76
f 91/1/86 80/1/86 79/1/86
s 77
f 92/1/87 81/1/87 80/1/87
s 78
f 93/1/88 82/1/88 81/1/88
s 79
f 94/1/89 83/1/89 82/1/89
s 80
f 83/1/90 96/1/90 84/1/90
s 81
f 96/1/91 85/1/91 84/1/91
s 82
f 97/1/92 86/1/92 85/1/92
s 83
f 98/1/93 87/1/93 86/1/93
s 84
f 99/1/94 88/1/94 87/1/94
s 85
f 88/1/95 89/1/95 77/1/95
s 86
f 101/1/96 90/1/96 89/1/96
s 87
f 90/1/97 103/1/97 91/1/98
s 88
f 103/1/99 92/1/99 91/1/99
s 89
f 92/1/100 105/1/100 93/1/100
s 90
f 93/1/101 106/1/101 94/1/101
s 91
f 94/1/102 107/1/102 95/1/102
s 92
f 107/1/103 96/1/103 95/1/103
s 93
f 108/1/104 97/1/104 96/1/104
s 94
f 97/1/105 110/1/105 98/1/105
s 95
f 98/1/106 111/1/106 99/1/106
s 96
f 111/1/107 100/1/107 99/1/108
s 97
f 112/1/109 89/1/109 100/1/110
s 98
f 113/1/111 102/1/111 101/1/111
s 99
f 102/1/112 115/1/113 103/1/112
s 100
f 115/1/114 104/1/114 103/1/114
s 101
f 116/1/115 105/1/115 104/1/115
s 102
f 117/1/116 106/1/116 105/1/116
s 103
f 106/1/117 119/1/117 107/1/118
s 104
f 119/1/119 108/1/119 107/1/120
s 105
f 120/1/121 109/1/121 108/1/121
s 106
f 109/1/122 122/1/122 110/1/122
s 107
f 110/1/123 123/1/123 111/1/123
s 108
f 123/1/124 112/1/125 111/1/125
s 109
f 112/1/126 113/1/126 101/1/126
s 110
f 125/1/127 114/1/127 113/1/128
s 111
f 114/1/129 127/1/129 115/1/129
s 112
f 115/1/130 128/1/130 116/1/130
s 113
f 116/1/131 129/1/131 117/1/131
s 114
f 117/1/132 130/1/132 118/1/132
s 115
f 130/1/133 119/1/133 118/1/133
s 116
f 119/1/134 132/1/134 120/1/134
s 117
f 120/1/135 133/1/135 121/1/135
s 118
f 133/1/136 122/1/136 121/1/136
s 119
f 134/1/137 123/1/137 122/1/137
s 120
f 135/1/138 124/1/138 123/1/138
s 121
f 124/1/139 125/1/139 113/1/139
s 122
f 125/1/140 138/1/140 126/1/140
s 123
f 138/1/141 127/1/141 126/1/141
s 124
f 139/1/142 128/1/142 127/1/142
s 125
f 140/1/143 129/1/143 128/1/143
s 126
f 141/1/144 130/1/144 129/1/144
s 127
f 142/1/145 131/1/145 130/1/146
s 128
f 131/1/147 144/1/147 132/1/148
s 129
f 132/1/149 145/1/149 133/1/149
s 130
f 145/1/150 134/1/150 133/1/150
s 131
f 134/1/151 147/1/151 135/1/151
s 132
f 135/1/152 148/1/152 136/1/153
s 133
f 148/1/154 125/1/154 136/1/154
s 134
f 149/1/155 138/1/155 137/1/155
s 135
f 150/1/156 139/1/156 138/1/156
s 136
f 139/1/157 152/1/157 140/1/157
s 137
f 140/1/158 153/1/158 141/1/158
s 138
f 141/1/159 154/1/160 142/1/160
s 139
f 154/1/161 143/1/161 142/1/161
s 140
f 143/1/162 156/1/162 144/1/162
s 141
f 156/1/163 145/1/164 144/1/163
s 142
f 157/1/165 146/1/165 145/1/165
s 143
f 158/1/166 147/1/166 146/1/166
s 144
f 147/1/167 160/1/167 148/1/167
s 145
f 148/1/168 149/1/168 137/1/168
s 146
f 149/1/169 162/1/169 150/1/169
s 147
f 150/1/170 163/1/170 151/1/170
s 148
f 163/1/171 152/1/171 151/1/171
s 149
f 164/1/172 153/1/172 152/1/172
s 150
f 165/1/173 154/1/174 153/1/175
s 151
f 154/1/176 167/1/176 155/1/176
s 152
f 155/1/177 168/1/177 156/1/177
s 153
f 156/1/178 169/1/178 157/1/179
s 154
f 157/1/180 170/1/180 158/1/180
s 155
f 158/1/181 171/1/181 159/1/181
s 156
f 159/1/182 172/1/182 160/1/182
s 157
f 172/1/183 149/1/183 160/1/183
s 158
f 173/1/184 162/1/184 161/1/184
s 159
f 162/1/185 175/1/185 163/1/185
s 160
f 175/1/186 164/1/186 163/1/186
s 161
f 164/1/187 177/1/187 165/1/187
s 162
f 165/1/188 178/1/188 166/1/188
s 163
f 166/1/189 179/1/189 167/1/189
s 164
f 179/1/190 168/1/190 167/1/190
s 165
f 180/1/191 169/1/191 168/1/191
s 166
f 169/1/192 182/1/192 170/1/192
s 167
f 182/1/193 171/1/193 170/1/193
s 168
f 183/1/194 172/1/194 171/1/194
s 169
f 172/1/195 173/1/195 161/1/195
s 170
f 173/1/196 186/1/196 174/1/196
s 171
f 186/1/197 175/1/197 174/1/197
s 172
f 187/1/198 176/1/198 175/1/198
s 173
f 188/1/199 177/1/199 176/1/199
s 174
f 189/1/200 178/1/200 177/1/200
s 175
f 178/1/201 191/1/201 179/1/202
s 176
f 191/1/203 180/1/203 179/1/204
s 177
f 192/1/205 181/1/205 180/1/206
s 178
f 181/1/207 194/1/207 182/1/207
s 179
f 182/1/208 195/1/208 183/1/208
s 180
f 183/1/209 196/1/209 184/1/210
s 181
f 196/1/211 173/1/211 184/1/212
s 182
f 197/1/213 186/1/213 185/1/213
s 183
f 198/1/214 187/1/215 186/1/215
s 184
f 187/1/216 200/1/216 188/1/216
s 185
f 188/1/217 201/1/217 189/1/217
s 186
f 189/1/218 202/1/218 190/1/218
s 187
f 202/1/219 191/1/219 190/1/219
s 188
f 191/1/220 204/1/220 192/1/220
s 189
f 204/1/221 193/1/221 192/1/221
s 190
f 205/1/222 194/1/222 193/1/222
s 191
f 206/1/223 195/1/223 194/1/223
s 192
f 195/1/224 208/1/225 196/1/224
s 193
f 196/1/226 197/1/226 185/1/226
s 194
f 197/1/227 210/1/227 198/1/227
s 195
f 210/1/228 199/1/228 198/1/228
s 196
f 199/1/229 212/1/229 200/1/229
s 197
f 212/1/230 201/1/230 200/1/230
s 198
f 201/1/231 214/1/231 202/1/232
s 199
f 214/1/233 203/1/233 202/1/234
s 200
f 203/1/235 216/1/235 204/1/236
s 201
f 204/1/237 217/1/237 205/1/237
s 202
f 205/1/238 218/1/238 206/1/238
s 203
f 218/1/239 207/1/239 206/1/239
s 204
f 219/1/240 208/1/240 207/1/240
s 205
f 208/1/241 209/1/241 197/1/241
s 206
f 209/1/242 222/1/242 210/1/242
s 207
f 222/1/243 211/1/243 210/1/243
s 208
f 211/1/244 224/1/244 212/1/244
s 209
f 224/1/245 213/1/245 212/1/245
s 210
f 213/1/246 226/1/246 214/1/247
s 211
f 214/1/248 227/1/248 215/1/248
s 212
f 227/1/249 216/1/249 215/1/249
s 213
f 228/1/250 217/1/250 216/1/251
s 214
f 229/1/252 218/1/252 217/1/252
s 215
f 230/1/253 219/1/253 218/1/253
s 216
f 219/1/254 232/1/254 220/1/254
s 217
f 232/1/255 209/1/255 220/1/255
s 218
f 233/1/256 222/1/256 221/1/256
s 219
f 234/1/257 223/1/257 222/1/258
s 220
f 235/1/259 224/1/259 223/1/259
s 221
f 224/1/260 237/1/260 225/1/260
s 222
f 225/1/261 238/1/261 226/1/261
s 223
f 226/1/262 239/1/262 227/1/262
s 224
f 227/1/263 240/1/263 228/1/263
s 225
f 240/1/264 229/1/264 228/1/264
s 226
f 241/1/265 230/1/265 229/1/265
s 227
f 230/1/266 243/1/266 231/1/266
s 228
f 231/1/267 244/1/267 232/1/268
s 229
f 232/1/269 233/1/269 221/1/269
s 230
f 245/1/270 234/1/271 233/1/271
s 231
f 246/1/272 235/1/272 234/1/272
s 232
f 247/1/273 236/1/273 235/1/273
s 233
f 236/1/274 249/1/274 237/1/274
s 234
f 237/1/275 250/1/275 238/1/276
s 235
f 250/1/277 239/1/277 238/1/277
s 236
f 239/1/278 252/1/278 240/1/278
s 237
f 252/1/279 241/1/279 240/1/280
s 238
f 253/1/281 242/1/281 241/1/281
s 239
f 242/1/282 255/1/282 243/1/282
s 240
f 243/1/283 256/1/283 244/1/283
s 241
f 244/1/284 245/1/284 233/1/284
s 242
f 245/1/285 258/1/285 246/1/285
s 243
f 258/1/286 247/1/286 246/1/286
s 244
f 247/1/287 260/1/287 248/1/287
s 245
f 248/1/288 261/1/288 249/1/288
s 246
f 249/1/289 262/1/289 250/1/289
s 247
f 262/1/290 251/1/290 250/1/290
s 248
f 251/1/291 264/1/291 252/1/291
s 249
f 264/1/292 253/1/292 252/1/293
s 250
f 265/1/294 254/1/294 253/1/294
s 251
f 254/1/295 267/1/295 255/1/295
s 252
f 255/1/296 268/1/296 256/1/296
s 253
f 268/1/297 245/1/297 256/1/297
s 254
f 257/1/298 270/1/298 258/1/298
s 255
f 270/1/299 259/1/299 258/1/299
s 256
f 271/1/300 260/1/300 259/1/300
s 257
f 260/1/301 273/1/301 261/1/301
s 258
f 261/1/302 274/1/302 262/1/303
s 259
f 274/1/304 263/1/304 262/1/304
s 260
f 263/1/305 276/1/305 264/1/305
s 261
f 276/1/306 265/1/306 264/1/307
s 262
f 277/1/308 266/1/308 265/1/308
s 263
f 266/1/309 279/1/309 267/1/309
s 264
f 267/1/310 280/1/310 268/1/311
s 265
f 280/1/312 257/1/312 268/1/312
s 266
f 269/1/313 282/1/313 270/1/313
s 267
f 270/1/314 283/1/314 271/1/314
s 268
f 283/1/315 272/1/315 271/1/315
s 269
f 284/1/316 273/1/316 272/1/316
s 270
f 273/1/317 286/1/317 274/1/318
s 271
f 286/1/319 275/1/319 274/1/319
s 272
f 275/1/320 288/1/320 276/1/320
s 273
f 288/1/321 277/1/321 276/1/322
s 274
f 277/1/323 290/1/323 278/1/323
s 275
f 290/1/324 279/1/324 278/1/324
s 276
f 291/1/325 280/1/325 279/1/326
s 277
f 292/1/327 269/1/327 280/1/327
s 278
f 281/1/328 294/1/328 282/1/328
s 279
f 294/1/329 283/1/329 282/1/330
s 280
f 295/1/331 284/1/331 283/1/331
s 281
f 284/1/332 297/1/332 285/1/332
s 282
f 297/1/333 286/1/334 285/1/333
s 283
f 286/1/335 299/1/335 287/1/335
s 284
f 299/1/336 288/1/336 287/1/336
s 285
f 300/1/337 289/1/337 288/1/338
s 286
f 289/1/339 302/1/339 290/1/339
s 287
f 302/1/340 291/1/340 290/1/340
s 288
f 303/1/341 292/1/341 291/1/342
s 289
f 304/1/343 281/1/343 292/1/343
s 290
f 305/1/9 294/1/9 293/1/9
s 291
f 306/1/8 295/1/8 294/1/7
s 292
f 307/1/5 296/1/5 295/1/5
s 293
f 308/1/4 297/1/4 296/1/4
s 294
f 297/1/3 310/1/3 298/1/3
s 295
f 310/1/2 299/1/2 298/1/2
s 296
f 299/1/16 312/1/16 300/1/16
s 297
f 312/1/15 301/1/15 300/1/344
s 298
f 301/1/14 314/1/14 302/1/14
s 299
f 302/1/13 315/1/13 303/1/13
s 300
f 303/1/11 316/1/11 304/1/11
s 301
f 304/1/10 305/1/10 293/1/10
s 302
f 317/1/23 306/1/23 305/1/23
s 303
f 318/1/345 307/1/345 306/1/22
s 304
f 319/1/21 308/1/21 307/1/21
s 305
f 320/1/20 309/1/20 308/1/20
s 306
f 309/1/19 322/1/19 310/1/19
s 307
f 310/1/17 323/1/17 311/1/17
s 308
f 323/1/31 312/1/31 311/1/31
s 309
f 324/1/29 313/1/29 312/1/29
s 310
f 313/1/28 326/1/28 314/1/28
s 311
f 326/1/27 315/1/27 314/1/27
s 312
f 315/1/26 328/1/26 316/1/25
s 313
f 316/1/24 317/1/24 305/1/24
s 314
f 317/1/38 330/1/38 318/1/38
s 315
f 318/1/346 331/1/346 319/1/346
s 316
f 319/1/36 332/1/36 320/1/36
s 317
f 332/1/35 321/1/35 320/1/35
s 318
f 333/1/33 322/1/33 321/1/33
s 319
f 322/1/32 335/1/32 323/1/32
s 320
f 335/1/45 324/1/45 323/1/45
s 321
f 324/1/43 337/1/43 325/1/43
s 322
f 325/1/42 338/1/42 326/1/42
s 323
f 338/1/41 327/1/41 326/1/41
s 324
f 339/1/347 328/1/347 327/1/347
s 325
f 340/1/39 317/1/39 328/1/39
s 326
f 329/1/52 342/1/52 330/1/52
s 327
f 330/1/51 343/1/51 331/1/51
s 328
f 343/1/49 332/1/49 331/1/49
s 329
f 344/1/48 333/1/48 332/1/48
s 330
f 345/1/47 334/1/47 333/1/348
s 331
f 346/1/46 335/1/46 334/1/349
s 332
f 335/1/58 348/1/58 336/1/350
s 333
f 348/1/57 337/1/57 336/1/57
s 334
f 337/1/56 350/1/56 338/1/56
s 335
f 338/1/55 351/1/55 339/1/55
s 336
f 351/1/351 340/1/351 339/1/351
s 337
f 352/1/53 329/1/53 340/1/53
s 338
f 341/1/65 354/1/65 342/1/352
s 339
f 342/1/64 355/1/64 343/1/64
s 340
f 343/1/63 356/1/63 344/1/63
s 341
f 344/1/62 357/1/62 345/1/62
s 342
f 345/1/61 358/1/61 346/1/61
s 343
f 358/1/59 347/1/59 346/1/60
s 344
f 347/1/71 360/1/71 348/1/71
s 345
f 360/1/70 349/1/353 348/1/70
s 346
f 361/1/69 350/1/69 349/1/69
s 347
f 362/1/68 351/1/68 350/1/68
s 348
f 363/1/67 352/1/67 351/1/67
s 349
f 364/1/354 341/1/354 352/1/354
s 350
f 353/1/77 366/1/77 354/1/77
s 351
f 366/1/76 355/1/76 354/1/76
s 352
f 355/1/75 368/1/75 356/1/75
s 353
f 368/1/74 357/1/74 356/1/74
s 354
f 357/1/355 370/1/355 358/1/355
s 355
f 370/1/72 359/1/72 358/1/72
s 356
f 359/1/83 372/1/83 360/1/83
s 357
f 372/1/356 361/1/356 360/1/356
s 358
f 361/1/81 374/1/81 362/1/81
s 359
f 374/1/80 363/1/80 362/1/80
s 360
f 363/1/79 376/1/79 364/1/79
s 361
f 364/1/78 365/1/78 353/1/78
s 362
f 377/1/89 366/1/89 365/1/89
s 363
f 378/1/357 367/1/88 366/1/88
s 364
f 367/1/87 380/1/87 368/1/87
s 365
f 368/1/86 381/1/86 369/1/86
s 366
f 369/1/358 382/1/358 370/1/358
s 367
f 382/1/84 371/1/84 370/1/84
s 368
f 371/1/95 384/1/95 372/1/95
s 369
f 384/1/359 373/1/359 372/1/359
s 370
f 385/1/93 374/1/93 373/1/93
s 371
f 374/1/92 387/1/92 375/1/92
s 372
f 375/1/91 388/1/91 376/1/91
s 373
f 376/1/90 377/1/90 365/1/90
s 374
f 377/1/360 390/1/360 378/1/102
s 375
f 378/1/101 391/1/101 379/1/101
s 376
f 391/1/100 380/1/100 379/1/100
s 377
f 380/1/99 393/1/99 381/1/99
s 378
f 381/1/97 394/1/97 382/1/97
s 379
f 382/1/96 395/1/96 383/1/96
s 380
f 395/1/109 384/1/109 383/1/109
s 381
f 396/1/107 385/1/107 384/1/107
s 382
f 397/1/106 386/1/106 385/1/106
s 383
f 386/1/105 399/1/105 387/1/105
s 384
f 399/1/104 388/1/104 387/1/104
s 385
f 400/1/361 377/1/103 388/1/103
s 386
f 389/1/117 402/1/117 390/1/117
s 387
f 390/1/362 403/1/362 391/1/362
s 388
f 403/1/115 392/1/115 391/1/115
s 389
f 392/1/114 405/1/114 393/1/114
s 390
f 405/1/113 394/1/113 393/1/112
s 391
f 406/1/111 395/1/111 394/1/111
s 392
f 395/1/126 408/1/126 396/1/126
s 393
f 396/1/124 409/1/124 397/1/125
s 394
f 409/1/123 398/1/123 397/1/123
s 395
f 398/1/122 411/1/122 399/1/122
s 396
f 399/1/363 412/1/363 400/1/363
s 397
f 412/1/119 389/1/119 400/1/119
s 398
f 413/1/133 402/1/133 401/1/133
s 399
f 414/1/364 403/1/364 402/1/364
s 400
f 415/1/131 404/1/131 403/1/131
s 401
f 404/1/130 417/1/130 405/1/130
s 402
f 405/1/129 418/1/129 406/1/129
s 403
f 418/1/128 407/1/128 406/1/128
s 404
f 419/1/139 408/1/139 407/1/139
s 405
f 420/1/138 409/1/138 408/1/138
s 406
f 421/1/137 410/1/137 409/1/137
s 407
f 410/1/136 423/1/136 411/1/136
s 408
f 411/1/365 424/1/365 412/1/365
s 409
f 412/1/134 413/1/134 401/1/134
s 410
f 425/1/145 414/1/145 413/1/145
s 411
f 414/1/144 427/1/144 415/1/366
s 412
f 415/1/143 428/1/143 416/1/143
s 413
f 416/1/142 429/1/142 417/1/142
s 414
f 429/1/367 418/1/367 417/1/141
s 415
f 430/1/140 419/1/140 418/1/140
s 416
f 431/1/154 420/1/154 419/1/154
s 417
f 432/1/153 421/1/153 420/1/153
s 418
f 421/1/151 434/1/151 422/1/151
s 419
f 434/1/150 423/1/150 422/1/150
s 420
f 435/1/149 424/1/149 423/1/149
s 421
f 436/1/147 413/1/147 424/1/147
s 422
f 425/1/161 438/1/161 426/1/161
s 423
f 426/1/159 439/1/159 427/1/159
s 424
f 427/1/158 440/1/158 428/1/158
s 425
f 440/1/157 429/1/157 428/1/157
s 426
f 441/1/368 430/1/368 429/1/368
s 427
f 442/1/155 431/1/155 430/1/155
s 428
f 431/1/168 444/1/168 432/1/168
s 429
f 432/1/369 445/1/369 433/1/369
s 430
f 433/1/166 446/1/166 434/1/166
s 431
f 446/1/165 435/1/165 434/1/165
s 432
f 447/1/164 436/1/164 435/1/370
s 433
f 448/1/162 425/1/162 436/1/162
s 434
f 449/1/176 438/1/176 437/1/176
s 435
f 450/1/173 439/1/173 438/1/174
s 436
f 451/1/172 440/1/172 439/1/172
s 437
f 440/1/171 453/1/171 441/1/171
s 438
f 441/1/371 454/1/371 442/1/170
s 439
f 454/1/169 443/1/169 442/1/169
s 440
f 455/1/183 444/1/183 443/1/183
s 441
f 456/1/372 445/1/372 444/1/182
s 442
f 445/1/181 458/1/181 446/1/181
s 443
f 446/1/180 459/1/180 447/1/180
s 444
f 447/1/178 460/1/178 448/1/373
s 445
f 460/1/177 437/1/177 448/1/177
s 446
f 461/1/189 450/1/189 449/1/189
s 447
f 450/1/374 463/1/374 451/1/374
s 448
f 463/1/187 452/1/187 451/1/187
s 449
f 464/1/186 453/1/186 452/1/186
s 450
f 465/1/375 454/1/375 453/1/375
s 451
f 454/1/184 467/1/184 455/1/184
s 452
f 467/1/195 456/1/195 455/1/195
s 453
f 456/1/376 469/1/376 457/1/376
s 454
f 457/1/193 470/1/193 458/1/193
s 455
f 470/1/192 459/1/192 458/1/192
s 456
f 471/1/377 460/1/377 459/1/377
s 457
f 460/1/190 461/1/190 449/1/190
s 458
f 461/1/201 474/1/201 462/1/201
s 459
f 462/1/378 475/1/378 463/1/200
s 460
f 475/1/199 464/1/199 463/1/199
s 461
f 464/1/198 477/1/198 465/1/198
s 462
f 477/1/197 466/1/197 465/1/197
s 463
f 466/1/379 479/1/379 467/1/379
s 464
f 479/1/211 468/1/211 467/1/211
s 465
f 480/1/209 469/1/209 468/1/209
s 466
f 481/1/208 470/1/208 469/1/208
s 467
f 470/1/207 483/1/207 471/1/207
s 468
f 483/1/206 472/1/206 471/1/206
s 469
f 484/1/203 461/1/203 472/1/203
s 470
f 473/1/219 486/1/219 474/1/219
s 471
f 486/1/380 475/1/380 474/1/380
s 472
f 487/1/217 476/1/217 475/1/217
s 473
f 488/1/216 477/1/216 476/1/216
s 474
f 477/1/215 490/1/215 478/1/215
s 475
f 490/1/213 479/1/213 478/1/213
s 476
f 491/1/226 480/1/226 479/1/226
s 477
f 492/1/224 481/1/224 480/1/224
s 478
f 481/1/223 494/1/223 482/1/223
s 479
f 482/1/222 495/1/222 483/1/222
s 480
f 483/1/381 496/1/381 484/1/381
s 481
f 496/1/220 473/1/220 484/1/220
s 482
f 485/1/234 498/1/234 486/1/233
s 483
f 498/1/231 487/1/231 486/1/232
s 484
f 499/1/230 488/1/230 487/1/230
s 485
f 488/1/229 501/1/229 489/1/229
s 486
f 489/1/228 502/1/228 490/1/228
s 487
f 490/1/227 503/1/227 491/1/227
s 488
f 491/1/241 504/1/241 492/1/382
s 489
f 504/1/240 493/1/240 492/1/240
s 490
f 505/1/239 494/1/239 493/1/239
s 491
f 494/1/238 507/1/238 495/1/238
s 492
f 495/1/237 508/1/237 496/1/237
s 493
f 496/1/236 497/1/235 485/1/236
s 494
f 509/1/248 498/1/248 497/1/248
s 495
f 498/1/247 511/1/246 499/1/247
s 496
f 499/1/245 512/1/245 500/1/245
s 497
f 512/1/244 501/1/244 500/1/244
s 498
f 513/1/243 502/1/243 501/1/243
s 499
f 514/1/242 503/1/242 502/1/242
s 500
f 503/1/255 516/1/255 504/1/255
s 501
f 504/1/254 517/1/254 505/1/254
s 502
f 505/1/253 518/1/253 506/1/253
s 503
f 518/1/252 507/1/252 506/1/252
s 504
f 519/1/250 508/1/250 507/1/251
s 505
f 508/1/249 509/1/249 497/1/249
s 506
f 521/1/262 510/1/262 509/1/262
s 507
f 522/1/261 511/1/261 510/1/261
s 508
f 523/1/260 512/1/260 511/1/260
s 509
f 512/1/259 525/1/259 513/1/259
s 510
f 513/1/258 526/1/258 514/1/258
s 511
f 526/1/256 515/1/256 514/1/256
s 512
f 515/1/269 528/1/269 516/1/269
s 513
f 528/1/268 517/1/268 516/1/268
s 514
f 529/1/266 518/1/266 517/1/266
s 515
f 530/1/265 519/1/265 518/1/265
s 516
f 519/1/264 532/1/264 520/1/264
s 517
f 520/1/263 521/1/263 509/1/263
s 518
f 533/1/383 522/1/383 521/1/383
s 519
f 534/1/275 523/1/275 522/1/276
s 520
f 523/1/274 536/1/274 524/1/274
s 521
f 536/1/273 525/1/273 524/1/273
s 522
f 525/1/384 538/1/384 526/1/384
s 523
f 538/1/270 527/1/270 526/1/270
s 524
f 527/1/385 540/1/385 528/1/385
s 525
f 540/1/386 529/1/386 528/1/386
s 526
f 541/1/282 530/1/282 529/1/282
s 527
f 542/1/281 531/1/281 530/1/281
s 528
f 531/1/279 544/1/279 532/1/280
s 529
f 544/1/387 521/1/387 532/1/387
s 530
f 545/1/290 534/1/290 533/1/290
s 531
f 534/1/289 547/1/289 535/1/289
s 532
f 535/1/288 548/1/288 536/1/288
s 533
f 536/1/287 549/1/287 537/1/287
s 534
f 537/1/286 550/1/388 538/1/389
s 535
f 550/1/285 539/1/285 538/1/285
s 536
f 551/1/297 540/1/297 539/1/297
s 537
f 552/1/390 541/1/390 540/1/391
s 538
f 553/1/295 542/1/295 541/1/295
s 539
f 542/1/294 555/1/294 543/1/294
s 540
f 555/1/292 544/1/292 543/1/292
s 541
f 544/1/291 545/1/291 533/1/291
s 542
f 545/1/304 558/1/304 546/1/304
s 543
f 558/1/302 547/1/302 546/1/302
s 544
f 559/1/301 548/1/301 547/1/301
s 545
f 560/1/300 549/1/300 548/1/300
s 546
f 549/1/392 562/1/392 550/1/299
s 547
f 562/1/298 551/1/298 550/1/298
s 548
f 551/1/312 564/1/312 552/1/312
s 549
f 564/1/311 553/1/311 552/1/310
s 550
f 553/1/309 566/1/309 554/1/309
s 551
f 554/1/308 567/1/308 555/1/308
s 552
f 555/1/306 568/1/306 556/1/306
s 553
f 568/1/305 545/1/305 556/1/305
s 554
f 569/1/319 558/1/319 557/1/319
s 555
f 558/1/393 571/1/393 559/1/393
s 556
f 559/1/316 572/1/316 560/1/316
s 557
f 572/1/315 561/1/315 560/1/315
s 558
f 561/1/314 574/1/314 562/1/394
s 559
f 562/1/313 575/1/313 563/1/313
s 560
f 575/1/327 564/1/327 563/1/327
s 561
f 564/1/326 577/1/326 565/1/326
s 562
f 565/1/324 578/1/324 566/1/324
s 563
f 578/1/323 567/1/323 566/1/323
s 564
f 579/1/395 568/1/395 567/1/395
s 565
f 568/1/320 569/1/320 557/1/320
s 566
f 5/1/335 570/1/335 569/1/335
s 567
f 6/1/396 571/1/396 570/1/396
s 568
f 571/1/332 8/1/332 572/1/332
s 569
f 8/1/331 573/1/331 572/1/331
s 570
f 9/1/329 574/1/329 573/1/329
s 571
f 574/1/328 11/1/328 575/1/328
s 572
f 11/1/343 576/1/343 575/1/343
s 573
f 576/1/341 13/1/341 577/1/341
s 574
f 577/1/340 14/1/340 578/1/340
s 575
f 14/1/339 579/1/339 578/1/339
s 576
f 579/1/337 16/1/337 580/1/338
s 577
f 16/1/336 569/1/336 580/1/336
s 578
f 611/1/1 627/1/1 643/1/1
s 579
f 618/1/397 602/1/397 586/1/397
s 1
f 1/1/1 4/1/1 3/1/1
s 2
f 17/1/2 18/1/2 6/1/2
s 3
f 6/1/3 18/1/398 19/1/3
s 4
f 19/1/4 20/1/4 8/1/4
s 5
f 8/1/5 20/1/5 21/1/5
s 6
f 9/1/6 21/1/6 22/1/7
s 7
f 22/1/9 23/1/9 11/1/9
s 8
f 11/1/10 23/1/10 24/1/10
s 9
f 24/1/11 25/1/399 13/1/11
s 10
f 25/1/13 26/1/13 14/1/13
s 11
f 26/1/14 27/1/14 15/1/14
s 12
f 27/1/15 28/1/15 16/1/15
s 13
f 16/1/16 28/1/16 17/1/16
s 14
f 29/1/17 30/1/17 18/1/17
s 15
f 18/1/18 30/1/19 31/1/19
s 16
f 31/1/20 32/1/20 20/1/20
s 17
f 20/1/21 32/1/21 33/1/21
s 18
f 33/1/22 34/1/400 22/1/22
s 19
f 34/1/23 35/1/23 23/1/23
s 20
f 23/1/24 35/1/24 36/1/24
s 21
f 24/1/25 36/1/401 37/1/25
s 22
f 37/1/27 38/1/27 26/1/27
s 23
f 26/1/28 38/1/28 39/1/28
s 24
f 39/1/29 40/1/29 28/1/29
s 25
f 28/1/31 40/1/31 29/1/31
s 26
f 41/1/32 42/1/32 30/1/32
s 27
f 30/1/33 42/1/33 43/1/33
s 28
f 31/1/35 43/1/35 44/1/35
s 29
f 32/1/36 44/1/36 45/1/36
s 30
f 45/1/37 46/1/37 34/1/37
s 31
f 34/1/38 46/1/38 47/1/38
s 32
f 47/1/39 48/1/39 36/1/39
s 33
f 36/1/40 48/1/40 49/1/40
s 34
f 49/1/41 50/1/41 38/1/41
s 35
f 50/1/42 51/1/42 39/1/42
s 36
f 51/1/43 52/1/43 40/1/43
s 37
f 40/1/45 52/1/45 41/1/45
s 38
f 53/1/46 54/1/46 42/1/46
s 39
f 42/1/47 54/1/402 55/1/47
s 40
f 43/1/48 55/1/48 56/1/48
s 41
f 56/1/49 57/1/49 45/1/49
s 42
f 57/1/50 58/1/50 46/1/50
s 43
f 46/1/52 58/1/52 59/1/52
s 44
f 59/1/53 60/1/53 48/1/53
s 45
f 48/1/54 60/1/403 61/1/54
s 46
f 49/1/55 61/1/55 62/1/55
s 47
f 62/1/56 63/1/56 51/1/56
s 48
f 63/1/57 64/1/404 52/1/57
s 49
f 52/1/58 64/1/58 53/1/58
s 50
f 53/1/59 65/1/60 66/1/60
s 51
f 54/1/61 66/1/61 67/1/61
s 52
f 55/1/62 67/1/62 68/1/62
s 53
f 68/1/63 69/1/63 57/1/63
s 54
f 69/1/64 70/1/405 58/1/64
s 55
f 58/1/65 70/1/65 71/1/65
s 56
f 71/1/66 72/1/66 60/1/66
s 57
f 60/1/67 72/1/406 73/1/67
s 58
f 61/1/68 73/1/68 74/1/68
s 59
f 74/1/69 75/1/69 63/1/69
s 60
f 75/1/70 76/1/70 64/1/70
s 61
f 76/1/71 65/1/71 53/1/71
s 62
f 77/1/72 78/1/72 66/1/72
s 63
f 78/1/73 79/1/355 67/1/73
s 64
f 67/1/74 79/1/74 80/1/74
s 65
f 80/1/75 81/1/75 69/1/75
s 66
f 81/1/76 82/1/76 70/1/76
s 67
f 70/1/77 82/1/77 83/1/77
s 68
f 83/1/78 84/1/78 72/1/78
s 69
f 72/1/79 84/1/79 85/1/79
s 70
f 73/1/80 85/1/80 86/1/80
s 71
f 74/1/81 86/1/81 87/1/81
s 72
f 75/1/82 87/1/356 88/1/82
s 73
f 76/1/83 88/1/83 77/1/83
s 74
f 89/1/84 90/1/84 78/1/84
s 75
f 90/1/85 91/1/85 79/1/85
s 76
f 91/1/86 92/1/86 80/1/86
s 77
f 92/1/87 93/1/87 81/1/87
s 78
f 93/1/88 94/1/357 82/1/88
s 79
f 94/1/89 95/1/89 83/1/89
s 80
f 83/1/90 95/1/90 96/1/90
s 81
f 96/1/91 97/1/91 85/1/91
s 82
f 97/1/92 98/1/92 86/1/92
s 83
f 98/1/93 99/1/93 87/1/93
s 84
f 99/1/94 100/1/94 88/1/94
s 85
f 88/1/95 100/1/95 89/1/95
s 86
f 101/1/96 102/1/96 90/1/96
s 87
f 90/1/97 102/1/97 103/1/97
s 88
f 103/1/99 104/1/99 92/1/99
s 89
f 92/1/100 104/1/100 105/1/100
s 90
f 93/1/101 105/1/101 106/1/101
s 91
f 94/1/102 106/1/360 107/1/102
s 92
f 107/1/103 108/1/361 96/1/103
s 93
f 108/1/104 109/1/104 97/1/104
s 94
f 97/1/105 109/1/105 110/1/105
s 95
f 98/1/106 110/1/106 111/1/106
s 96
f 111/1/107 112/1/407 100/1/107
s 97
f 112/1/109 101/1/109 89/1/109
s 98
f 113/1/111 114/1/111 102/1/111
s 99
f 102/1/112 114/1/113 115/1/113
s 100
f 115/1/114 116/1/114 104/1/114
s 101
f 116/1/115 117/1/115 105/1/115
s 102
f 117/1/116 118/1/116 106/1/116
s 103
f 106/1/117 118/1/117 119/1/117
s 104
f 119/1/119 120/1/119 108/1/119
s 105
f 120/1/121 121/1/121 109/1/121
s 106
f 109/1/122 121/1/122 122/1/122
s 107
f 110/1/123 122/1/123 123/1/123
s 108
f 123/1/124 124/1/124 112/1/125
s 109
f 112/1/126 124/1/126 113/1/126
s 110
f 125/1/127 126/1/127 114/1/127
s 111
f 114/1/129 126/1/129 127/1/129
s 112
f 115/1/130 127/1/130 128/1/130
s 113
f 116/1/131 128/1/131 129/1/131
s 114
f 117/1/132 129/1/132 130/1/132
s 115
f 130/1/133 131/1/408 119/1/133
s 116
f 119/1/134 131/1/409 132/1/134
s 117
f 120/1/135 132/1/365 133/1/135
s 118
f 133/1/136 134/1/136 122/1/136
s 119
f 134/1/137 135/1/137 123/1/137
s 120
f 135/1/138 136/1/410 124/1/138
s 121
f 124/1/139 136/1/139 125/1/139
s 122
f 125/1/140 137/1/140 138/1/140
s 123
f 138/1/141 139/1/141 127/1/141
s 124
f 139/1/142 140/1/142 128/1/142
s 125
f 140/1/143 141/1/143 129/1/143
s 126
f 141/1/144 142/1/366 130/1/144
s 127
f 142/1/145 143/1/145 131/1/145
s 128
f 131/1/147 143/1/147 144/1/147
s 129
f 132/1/149 144/1/411 145/1/149
s 130
f 145/1/150 146/1/150 134/1/150
s 131
f 134/1/151 146/1/151 147/1/151
s 132
f 135/1/152 147/1/152 148/1/152
s 133
f 148/1/154 137/1/154 125/1/154
s 134
f 149/1/155 150/1/155 138/1/155
s 135
f 150/1/156 151/1/368 139/1/156
s 136
f 139/1/157 151/1/157 152/1/157
s 137
f 140/1/158 152/1/158 153/1/158
s 138
f 141/1/159 153/1/412 154/1/160
s 139
f 154/1/161 155/1/161 143/1/161
s 140
f 143/1/162 155/1/162 156/1/162
s 141
f 156/1/163 157/1/370 145/1/164
s 142
f 157/1/165 158/1/165 146/1/165
s 143
f 158/1/166 159/1/166 147/1/166
s 144
f 147/1/167 159/1/369 160/1/167
s 145
f 148/1/168 160/1/168 149/1/168
s 146
f 149/1/169 161/1/169 162/1/169
s 147
f 150/1/170 162/1/170 163/1/170
s 148
f 163/1/171 164/1/171 152/1/171
s 149
f 164/1/172 165/1/172 153/1/172
s 150
f 165/1/173 166/1/174 154/1/174
s 151
f 154/1/176 166/1/176 167/1/176
s 152
f 155/1/177 167/1/177 168/1/177
s 153
f 156/1/178 168/1/373 169/1/178
s 154
f 157/1/180 169/1/180 170/1/180
s 155
f 158/1/181 170/1/181 171/1/181
s 156
f 159/1/182 171/1/182 172/1/182
s 157
f 172/1/183 161/1/183 149/1/183
s 158
f 173/1/184 174/1/413 162/1/184
s 159
f 162/1/185 174/1/185 175/1/185
s 160
f 175/1/186 176/1/186 164/1/186
s 161
f 164/1/187 176/1/187 177/1/187
s 162
f 165/1/188 177/1/188 178/1/188
s 163
f 166/1/189 178/1/189 179/1/189
s 164
f 179/1/190 180/1/190 168/1/190
s 165
f 180/1/191 181/1/191 169/1/191
s 166
f 169/1/192 181/1/192 182/1/192
s 167
f 182/1/193 183/1/193 171/1/193
s 168
f 183/1/194 184/1/194 172/1/194
s 169
f 172/1/195 184/1/414 173/1/195
s 170
f 173/1/196 185/1/379 186/1/196
s 171
f 186/1/197 187/1/197 175/1/197
s 172
f 187/1/198 188/1/198 176/1/198
s 173
f 188/1/199 189/1/199 177/1/199
s 174
f 189/1/200 190/1/200 178/1/200
s 175
f 178/1/201 190/1/201 191/1/201
s 176
f 191/1/203 192/1/203 180/1/203
s 177
f 192/1/205 193/1/205 181/1/205
s 178
f 181/1/207 193/1/207 194/1/207
s 179
f 182/1/208 194/1/208 195/1/208
s 180
f 183/1/209 195/1/209 196/1/209
s 181
f 196/1/211 185/1/211 173/1/211
s 182
f 197/1/213 198/1/415 186/1/213
s 183
f 198/1/214 199/1/214 187/1/215
s 184
f 187/1/216 199/1/216 200/1/216
s 185
f 188/1/217 200/1/217 201/1/217
s 186
f 189/1/218 201/1/218 202/1/218
s 187
f 202/1/219 203/1/416 191/1/219
s 188
f 191/1/220 203/1/417 204/1/220
s 189
f 204/1/221 205/1/221 193/1/221
s 190
f 205/1/222 206/1/222 194/1/222
s 191
f 206/1/223 207/1/223 195/1/223
s 192
f 195/1/224 207/1/225 208/1/225
s 193
f 196/1/226 208/1/226 197/1/226
s 194
f 197/1/227 209/1/227 210/1/227
s 195
f 210/1/228 211/1/418 199/1/228
s 196
f 199/1/229 211/1/229 212/1/229
s 197
f 212/1/230 213/1/230 201/1/230
s 198
f 201/1/231 213/1/231 214/1/231
s 199
f 214/1/233 215/1/233 203/1/233
s 200
f 203/1/235 215/1/235 216/1/235
s 201
f 204/1/237 216/1/237 217/1/237
s 202
f 205/1/238 217/1/238 218/1/238
s 203
f 218/1/239 219/1/239 207/1/239
s 204
f 219/1/240 220/1/240 208/1/240
s 205
f 208/1/241 220/1/382 209/1/241
s 206
f 209/1/242 221/1/242 222/1/242
s 207
f 222/1/243 223/1/243 211/1/243
s 208
f 211/1/244 223/1/244 224/1/244
s 209
f 224/1/245 225/1/245 213/1/245
s 210
f 213/1/246 225/1/246 226/1/246
s 211
f 214/1/248 226/1/248 227/1/248
s 212
f 227/1/249 228/1/249 216/1/249
s 213
f 228/1/250 229/1/250 217/1/250
s 214
f 229/1/252 230/1/252 218/1/252
s 215
f 230/1/253 231/1/253 219/1/253
s 216
f 219/1/254 231/1/254 232/1/254
s 217
f 232/1/255 221/1/255 209/1/255
s 218
f 233/1/256 234/1/256 222/1/256
s 219
f 234/1/257 235/1/257 223/1/257
s 220
f 235/1/259 236/1/259 224/1/259
s 221
f 224/1/260 236/1/260 237/1/260
s 222
f 225/1/261 237/1/261 238/1/261
s 223
f 226/1/262 238/1/262 239/1/262
s 224
f 227/1/263 239/1/263 240/1/263
s 225
f 240/1/264 241/1/264 229/1/264
s 226
f 241/1/265 242/1/265 230/1/265
s 227
f 230/1/266 242/1/266 243/1/266
s 228
f 231/1/267 243/1/267 244/1/267
s 229
f 232/1/269 244/1/269 233/1/269
s 230
f 245/1/270 246/1/270 234/1/271
s 231
f 246/1/272 247/1/272 235/1/272
s 232
f 247/1/273 248/1/273 236/1/273
s 233
f 236/1/274 248/1/274 249/1/274
s 234
f 237/1/275 249/1/275 250/1/275
s 235
f 250/1/277 251/1/277 239/1/277
s 236
f 239/1/278 251/1/278 252/1/278
s 237
f 252/1/279 253/1/279 241/1/279
s 238
f 253/1/281 254/1/281 242/1/281
s 239
f 242/1/282 254/1/282 255/1/282
s 240
f 243/1/283 255/1/283 256/1/283
s 241
f 244/1/284 256/1/284 245/1/284
s 242
f 245/1/285 257/1/285 258/1/285
s 243
f 258/1/286 259/1/388 247/1/286
s 244
f 247/1/287 259/1/287 260/1/287
s 245
f 248/1/288 260/1/288 261/1/288
s 246
f 249/1/289 261/1/419 262/1/289
s 247
f 262/1/290 263/1/290 251/1/290
s 248
f 251/1/291 263/1/291 264/1/291
s 249
f 264/1/292 265/1/420 253/1/292
s 250
f 265/1/294 266/1/294 254/1/294
s 251
f 254/1/295 266/1/295 267/1/295
s 252
f 255/1/296 267/1/390 268/1/296
s 253
f 268/1/297 257/1/297 245/1/297
s 254
f 257/1/298 269/1/298 270/1/298
s 255
f 270/1/299 271/1/299 259/1/299
s 256
f 271/1/300 272/1/300 260/1/300
s 257
f 260/1/301 272/1/301 273/1/301
s 258
f 261/1/302 273/1/421 274/1/302
s 259
f 274/1/304 275/1/304 263/1/304
s 260
f 263/1/305 275/1/305 276/1/305
s 261
f 276/1/306 277/1/422 265/1/306
s 262
f 277/1/308 278/1/308 266/1/308
s 263
f 266/1/309 278/1/309 279/1/309
s 264
f 267/1/310 279/1/310 280/1/310
s 265
f 280/1/312 269/1/312 257/1/312
s 266
f 269/1/313 281/1/313 282/1/313
s 267
f 270/1/314 282/1/423 283/1/314
s 268
f 283/1/315 284/1/315 272/1/315
s 269
f 284/1/316 285/1/316 273/1/316
s 270
f 273/1/317 285/1/317 286/1/317
s 271
f 286/1/319 287/1/319 275/1/319
s 272
f 275/1/320 287/1/320 288/1/320
s 273
f 288/1/321 289/1/395 277/1/321
s 274
f 277/1/323 289/1/323 290/1/323
s 275
f 290/1/324 291/1/324 279/1/324
s 276
f 291/1/325 292/1/325 280/1/325
s 277
f 292/1/327 281/1/327 269/1/327
s 278
f 281/1/328 293/1/328 294/1/328
s 279
f 294/1/329 295/1/329 283/1/329
s 280
f 295/1/331 296/1/331 284/1/331
s 281
f 284/1/332 296/1/332 297/1/332
s 282
f 297/1/333 298/1/396 286/1/334
s 283
f 286/1/335 298/1/335 299/1/335
s 284
f 299/1/336 300/1/336 288/1/336
s 285
f 300/1/337 301/1/424 289/1/337
s 286
f 289/1/339 301/1/339 302/1/339
s 287
f 302/1/340 303/1/340 291/1/340
s 288
f 303/1/341 304/1/341 292/1/341
s 289
f 304/1/343 293/1/343 281/1/343
s 290
f 305/1/9 306/1/9 294/1/9
s 291
f 306/1/8 307/1/8 295/1/8
s 292
f 307/1/5 308/1/5 296/1/5
s 293
f 308/1/4 309/1/4 297/1/4
s 294
f 297/1/3 309/1/3 310/1/3
s 295
f 310/1/2 311/1/2 299/1/2
s 296
f 299/1/16 311/1/16 312/1/16
s 297
f 312/1/15 313/1/15 301/1/15
s 298
f 301/1/14 313/1/14 314/1/14
s 299
f 302/1/13 314/1/13 315/1/13
s 300
f 303/1/11 315/1/12 316/1/11
s 301
f 304/1/10 316/1/10 305/1/10
s 302
f 317/1/23 318/1/23 306/1/23
s 303
f 318/1/345 319/1/345 307/1/345
s 304
f 319/1/21 320/1/21 308/1/21
s 305
f 320/1/20 321/1/20 309/1/20
s 306
f 309/1/19 321/1/19 322/1/19
s 307
f 310/1/17 322/1/17 323/1/17
s 308
f 323/1/31 324/1/31 312/1/31
s 309
f 324/1/29 325/1/29 313/1/29
s 310
f 313/1/28 325/1/28 326/1/28
s 311
f 326/1/27 327/1/27 315/1/27
s 312
f 315/1/26 327/1/26 328/1/26
s 313
f 316/1/24 328/1/24 317/1/24
s 314
f 317/1/38 329/1/38 330/1/38
s 315
f 318/1/346 330/1/346 331/1/346
s 316
f 319/1/36 331/1/36 332/1/36
s 317
f 332/1/35 333/1/35 321/1/35
s 318
f 333/1/33 334/1/33 322/1/33
s 319
f 322/1/32 334/1/32 335/1/32
s 320
f 335/1/45 336/1/45 324/1/45
s 321
f 324/1/43 336/1/43 337/1/43
s 322
f 325/1/42 337/1/42 338/1/42
s 323
f 338/1/41 339/1/41 327/1/41
s 324
f 339/1/347 340/1/347 328/1/347
s 325
f 340/1/39 329/1/39 317/1/39
s 326
f 329/1/52 341/1/52 342/1/52
s 327
f 330/1/51 342/1/50 343/1/51
s 328
f 343/1/49 344/1/49 332/1/49
s 329
f 344/1/48 345/1/48 333/1/48
s 330
f 345/1/47 346/1/402 334/1/47
s 331
f 346/1/46 347/1/46 335/1/46
s 332
f 335/1/58 347/1/58 348/1/58
s 333
f 348/1/57 349/1/404 337/1/57
s 334
f 337/1/56 349/1/56 350/1/56
s 335
f 338/1/55 350/1/55 351/1/55
s 336
f 351/1/351 352/1/54 340/1/351
s 337
f 352/1/53 341/1/53 329/1/53
s 338
f 341/1/65 353/1/65 354/1/65
s 339
f 342/1/64 354/1/405 355/1/64
s 340
f 343/1/63 355/1/63 356/1/63
s 341
f 344/1/62 356/1/62 357/1/62
s 342
f 345/1/61 357/1/61 358/1/61
s 343
f 358/1/59 359/1/59 347/1/59
s 344
f 347/1/71 359/1/425 360/1/71
s 345
f 360/1/70 361/1/353 349/1/353
s 346
f 361/1/69 362/1/69 350/1/69
s 347
f 362/1/68 363/1/68 351/1/68
s 348
f 363/1/67 364/1/406 352/1/67
s 349
f 364/1/354 353/1/354 341/1/354
s 350
f 353/1/77 365/1/77 366/1/77
s 351
f 366/1/76 367/1/76 355/1/76
s 352
f 355/1/75 367/1/75 368/1/75
s 353
f 368/1/74 369/1/74 357/1/74
s 354
f 357/1/355 369/1/73 370/1/355
s 355
f 370/1/72 371/1/72 359/1/72
s 356
f 359/1/83 371/1/83 372/1/83
s 357
f 372/1/356 373/1/82 361/1/356
s 358
f 361/1/81 373/1/81 374/1/81
s 359
f 374/1/80 375/1/80 363/1/80
s 360
f 363/1/79 375/1/79 376/1/79
s 361
f 364/1/78 376/1/78 365/1/78
s 362
f 377/1/89 378/1/89 366/1/89
s 363
f 378/1/357 379/1/357 367/1/88
s 364
f 367/1/87 379/1/87 380/1/87
s 365
f 368/1/86 380/1/86 381/1/86
s 366
f 369/1/358 381/1/85 382/1/358
s 367
f 382/1/84 383/1/84 371/1/84
s 368
f 371/1/95 383/1/95 384/1/95
s 369
f 384/1/359 385/1/94 373/1/359
s 370
f 385/1/93 386/1/93 374/1/93
s 371
f 374/1/92 386/1/92 387/1/92
s 372
f 375/1/91 387/1/426 388/1/91
s 373
f 376/1/90 388/1/90 377/1/90
s 374
f 377/1/360 389/1/360 390/1/360
s 375
f 378/1/101 390/1/427 391/1/101
s 376
f 391/1/100 392/1/100 380/1/100
s 377
f 380/1/99 392/1/99 393/1/99
s 378
f 381/1/97 393/1/97 394/1/97
s 379
f 382/1/96 394/1/96 395/1/96
s 380
f 395/1/109 396/1/110 384/1/109
s 381
f 396/1/107 397/1/107 385/1/107
s 382
f 397/1/106 398/1/106 386/1/106
s 383
f 386/1/105 398/1/105 399/1/105
s 384
f 399/1/104 400/1/104 388/1/104
s 385
f 400/1/361 389/1/361 377/1/103
s 386
f 389/1/117 401/1/117 402/1/117
s 387
f 390/1/362 402/1/362 403/1/362
s 388
f 403/1/115 404/1/115 392/1/115
s 389
f 392/1/114 404/1/114 405/1/114
s 390
f 405/1/113 406/1/113 394/1/113
s 391
f 406/1/111 407/1/111 395/1/111
s 392
f 395/1/126 407/1/126 408/1/126
s 393
f 396/1/124 408/1/124 409/1/124
s 394
f 409/1/123 410/1/123 398/1/123
s 395
f 398/1/122 410/1/122 411/1/122
s 396
f 399/1/363 411/1/363 412/1/363
s 397
f 412/1/119 401/1/119 389/1/119
s 398
f 413/1/133 414/1/133 402/1/133
s 399
f 414/1/364 415/1/132 403/1/364
s 400
f 415/1/131 416/1/131 404/1/131
s 401
f 404/1/130 416/1/130 417/1/130
s 402
f 405/1/129 417/1/129 418/1/129
s 403
f 418/1/128 419/1/128 407/1/128
s 404
f 419/1/139 420/1/139 408/1/139
s 405
f 420/1/138 421/1/138 409/1/138
s 406
f 421/1/137 422/1/137 410/1/137
s 407
f 410/1/136 422/1/136 423/1/136
s 408
f 411/1/365 423/1/365 424/1/365
s 409
f 412/1/134 424/1/134 413/1/134
s 410
f 425/1/145 426/1/145 414/1/145
s 411
f 414/1/144 426/1/144 427/1/144
s 412
f 415/1/143 427/1/143 428/1/143
s 413
f 416/1/142 428/1/142 429/1/142
s 414
f 429/1/367 430/1/367 418/1/367
s 415
f 430/1/140 431/1/140 419/1/140
s 416
f 431/1/154 432/1/154 420/1/154
s 417
f 432/1/153 433/1/152 421/1/153
s 418
f 421/1/151 433/1/151 434/1/151
s 419
f 434/1/150 435/1/150 423/1/150
s 420
f 435/1/149 436/1/149 424/1/149
s 421
f 436/1/147 425/1/147 413/1/147
s 422
f 425/1/161 437/1/161 438/1/161
s 423
f 426/1/159 438/1/160 439/1/159
s 424
f 427/1/158 439/1/158 440/1/158
s 425
f 440/1/157 441/1/157 429/1/157
s 426
f 441/1/368 442/1/428 430/1/368
s 427
f 442/1/155 443/1/155 431/1/155
s 428
f 431/1/168 443/1/168 444/1/168
s 429
f 432/1/369 444/1/429 445/1/369
s 430
f 433/1/166 445/1/166 446/1/166
s 431
f 446/1/165 447/1/165 435/1/165
s 432
f 447/1/164 448/1/163 436/1/164
s 433
f 448/1/162 437/1/162 425/1/162
s 434
f 449/1/176 450/1/176 438/1/176
s 435
f 450/1/173 451/1/173 439/1/173
s 436
f 451/1/172 452/1/172 440/1/172
s 437
f 440/1/171 452/1/171 453/1/171
s 438
f 441/1/371 453/1/430 454/1/371
s 439
f 454/1/169 455/1/169 443/1/169
s 440
f 455/1/183 456/1/183 444/1/183
s 441
f 456/1/372 457/1/372 445/1/372
s 442
f 445/1/181 457/1/181 458/1/181
s 443
f 446/1/180 458/1/180 459/1/180
s 444
f 447/1/178 459/1/178 460/1/178
s 445
f 460/1/177 449/1/177 437/1/177
s 446
f 461/1/189 462/1/189 450/1/189
s 447
f 450/1/374 462/1/188 463/1/374
s 448
f 463/1/187 464/1/187 452/1/187
s 449
f 464/1/186 465/1/186 453/1/186
s 450
f 465/1/375 466/1/375 454/1/375
s 451
f 454/1/184 466/1/184 467/1/184
s 452
f 467/1/195 468/1/195 456/1/195
s 453
f 456/1/376 468/1/376 469/1/376
s 454
f 457/1/193 469/1/193 470/1/193
s 455
f 470/1/192 471/1/192 459/1/192
s 456
f 471/1/377 472/1/191 460/1/377
s 457
f 460/1/190 472/1/190 461/1/190
s 458
f 461/1/201 473/1/201 474/1/201
s 459
f 462/1/378 474/1/378 475/1/378
s 460
f 475/1/199 476/1/199 464/1/199
s 461
f 464/1/198 476/1/198 477/1/198
s 462
f 477/1/197 478/1/197 466/1/197
s 463
f 466/1/379 478/1/379 479/1/379
s 464
f 479/1/211 480/1/211 468/1/211
s 465
f 480/1/209 481/1/209 469/1/209
s 466
f 481/1/208 482/1/208 470/1/208
s 467
f 470/1/207 482/1/207 483/1/207
s 468
f 483/1/206 484/1/206 472/1/206
s 469
f 484/1/203 473/1/203 461/1/203
s 470
f 473/1/219 485/1/219 486/1/219
s 471
f 486/1/380 487/1/380 475/1/380
s 472
f 487/1/217 488/1/217 476/1/217
s 473
f 488/1/216 489/1/216 477/1/216
s 474
f 477/1/215 489/1/214 490/1/215
s 475
f 490/1/213 491/1/213 479/1/213
s 476
f 491/1/226 492/1/226 480/1/226
s 477
f 492/1/224 493/1/225 481/1/224
s 478
f 481/1/223 493/1/223 494/1/223
s 479
f 482/1/222 494/1/222 495/1/222
s 480
f 483/1/381 495/1/381 496/1/381
s 481
f 496/1/220 485/1/220 473/1/220
s 482
f 485/1/234 497/1/234 498/1/234
s 483
f 498/1/231 499/1/231 487/1/231
s 484
f 499/1/230 500/1/230 488/1/230
s 485
f 488/1/229 500/1/229 501/1/229
s 486
f 489/1/228 501/1/228 502/1/228
s 487
f 490/1/227 502/1/227 503/1/227
s 488
f 491/1/241 503/1/241 504/1/241
s 489
f 504/1/240 505/1/240 493/1/240
s 490
f 505/1/239 506/1/239 494/1/239
s 491
f 494/1/238 506/1/238 507/1/238
s 492
f 495/1/237 507/1/237 508/1/237
s 493
f 496/1/236 508/1/235 497/1/235
s 494
f 509/1/248 510/1/248 498/1/248
s 495
f 498/1/247 510/1/246 511/1/246
s 496
f 499/1/245 511/1/245 512/1/245
s 497
f 512/1/244 513/1/244 501/1/244
s 498
f 513/1/243 514/1/243 502/1/243
s 499
f 514/1/242 515/1/242 503/1/242
s 500
f 503/1/255 515/1/255 516/1/255
s 501
f 504/1/254 516/1/254 517/1/254
s 502
f 505/1/253 517/1/253 518/1/253
s 503
f 518/1/252 519/1/252 507/1/252
s 504
f 519/1/250 520/1/250 508/1/250
s 505
f 508/1/249 520/1/249 509/1/249
s 506
f 521/1/262 522/1/262 510/1/262
s 507
f 522/1/261 523/1/261 511/1/261
s 508
f 523/1/260 524/1/260 512/1/260
s 509
f 512/1/259 524/1/259 525/1/259
s 510
f 513/1/258 525/1/258 526/1/258
s 511
f 526/1/256 527/1/256 515/1/256
s 512
f 515/1/269 527/1/269 528/1/269
s 513
f 528/1/268 529/1/268 517/1/268
s 514
f 529/1/266 530/1/266 518/1/266
s 515
f 530/1/265 531/1/265 519/1/265
s 516
f 519/1/264 531/1/264 532/1/264
s 517
f 520/1/263 532/1/263 521/1/263
s 518
f 533/1/383 534/1/383 522/1/383
s 519
f 534/1/275 535/1/275 523/1/275
s 520
f 523/1/274 535/1/274 536/1/274
s 521
f 536/1/273 537/1/273 525/1/273
s 522
f 525/1/384 537/1/384 538/1/384
s 523
f 538/1/270 539/1/270 527/1/270
s 524
f 527/1/385 539/1/385 540/1/385
s 525
f 540/1/386 541/1/386 529/1/386
s 526
f 541/1/282 542/1/282 530/1/282
s 527
f 542/1/281 543/1/281 531/1/281
s 528
f 531/1/279 543/1/279 544/1/279
s 529
f 544/1/387 533/1/387 521/1/387
s 530
f 545/1/290 546/1/290 534/1/290
s 531
f 534/1/289 546/1/289 547/1/289
s 532
f 535/1/288 547/1/288 548/1/288
s 533
f 536/1/287 548/1/287 549/1/287
s 534
f 537/1/286 549/1/286 550/1/388
s 535
f 550/1/285 551/1/285 539/1/285
s 536
f 551/1/297 552/1/297 540/1/297
s 537
f 552/1/390 553/1/296 541/1/390
s 538
f 553/1/295 554/1/295 542/1/295
s 539
f 542/1/294 554/1/294 555/1/294
s 540
f 555/1/292 556/1/292 544/1/292
s 541
f 544/1/291 556/1/291 545/1/291
s 542
f 545/1/304 557/1/304 558/1/304
s 543
f 558/1/302 559/1/303 547/1/302
s 544
f 559/1/301 560/1/301 548/1/301
s 545
f 560/1/300 561/1/300 549/1/300
s 546
f 549/1/392 561/1/392 562/1/392
s 547
f 562/1/298 563/1/298 551/1/298
s 548
f 551/1/312 563/1/312 564/1/312
s 549
f 564/1/311 565/1/311 553/1/311
s 550
f 553/1/309 565/1/309 566/1/309
s 551
f 554/1/308 566/1/308 567/1/308
s 552
f 555/1/306 567/1/307 568/1/306
s 553
f 568/1/305 557/1/305 545/1/305
s 554
f 569/1/319 570/1/319 558/1/319
s 555
f 558/1/393 570/1/317 571/1/393
s 556
f 559/1/316 571/1/316 572/1/316
s 557
f 572/1/315 573/1/315 561/1/315
s 558
f 561/1/314 573/1/423 574/1/314
s 559
f 562/1/313 574/1/313 575/1/313
s 560
f 575/1/327 576/1/327 564/1/327
s 561
f 564/1/326 576/1/325 577/1/326
s 562
f 565/1/324 577/1/324 578/1/324
s 563
f 578/1/323 579/1/323 567/1/323
s 564
f 579/1/395 580/1/321 568/1/395
s 565
f 568/1/320 580/1/320 569/1/320
s 566
f 5/1/335 6/1/335 570/1/335
s 567
f 6/1/396 7/1/334 571/1/396
s 568
f 571/1/332 7/1/332 8/1/332
s 569
f 8/1/331 9/1/331 573/1/331
s 570
f 9/1/329 10/1/329 574/1/329
s 571
f 574/1/328 10/1/328 11/1/328
s 572
f 11/1/343 12/1/343 576/1/343
s 573
f 576/1/341 12/1/342 13/1/341
s 574
f 577/1/340 13/1/340 14/1/340
s 575
f 14/1/339 15/1/339 579/1/339
s 576
f 579/1/337 15/1/337 16/1/337
s 577
f 16/1/336 5/1/336 569/1/336
s 578
f 643/1/1 581/1/1 583/1/1
f 583/1/1 585/1/1 587/1/1
f 587/1/1 589/1/1 591/1/1
f 591/1/1 593/1/1 595/1/1
f 595/1/1 597/1/1 599/1/1
f 599/1/1 601/1/1 603/1/1
f 603/1/1 605/1/1 607/1/1
f 607/1/1 609/1/1 611/1/1
f 611/1/1 613/1/1 615/1/1
f 615/1/1 617/1/1 619/1/1
f 619/1/1 621/1/1 623/1/1
f 623/1/1 625/1/1 627/1/1
f 627/1/1 629/1/1 631/1/1
f 631/1/1 633/1/1 635/1/1
f 635/1/1 637/1/1 639/1/1
f 639/1/1 641/1/1 643/1/1
f 643/1/1 583/1/1 587/1/1
f 587/1/1 591/1/1 595/1/1
f 595/1/1 599/1/1 603/1/1
f 603/1/1 607/1/1 611/1/1
f 611/1/1 615/1/1 619/1/1
f 619/1/1 623/1/1 627/1/1
f 627/1/1 631/1/1 635/1/1
f 635/1/1 639/1/1 643/1/1
f 643/1/1 587/1/1 595/1/1
f 595/1/1 603/1/1 611/1/1
f 611/1/1 619/1/1 627/1/1
f 627/1/1 635/1/1 643/1/1
f 643/1/1 595/1/1 611/1/1
s 579
f 586/1/397 584/1/397 582/1/397
f 582/1/397 644/1/397 642/1/397
f 642/1/397 640/1/397 638/1/397
f 638/1/397 636/1/397 634/1/397
f 634/1/397 632/1/397 630/1/397
f 630/1/397 628/1/397 626/1/397
f 626/1/397 624/1/397 622/1/397
f 622/1/397 620/1/397 618/1/397
f 618/1/397 616/1/397 614/1/397
f 614/1/397 612/1/397 610/1/397
f 610/1/397 608/1/397 606/1/397
f 606/1/397 604/1/397 602/1/397
f 602/1/397 600/1/397 598/1/397
f 598/1/397 596/1/397 594/1/397
f 594/1/397 592/1/397 590/1/397
f 590/1/397 588/1/397 586/1/397
f 586/1/397 582/1/397 642/1/397
f 642/1/397 638/1/397 634/1/397
f 634/1/397 630/1/397 626/1/397
f 626/1/397 622/1/397 618/1/397
f 618/1/397 614/1/397 610/1/397
f 610/1/397 606/1/397 602/1/397
f 602/1/397 598/1/397 594/1/397
f 594/1/397 590/1/397 586/1/397
f 586/1/397 642/1/397 634/1/397
f 634/1/397 626/1/397 618/1/397
f 618/1/397 610/1/397 602/1/397
f 602/1/397 594/1/397 586/1/397
f 586/1/397 634/1/397 618/1/397
s 580
usemtl Material.012
f 646/2/431 647/3/432 645/4/431
f 648/5/432 649/6/433 647/7/432
f 650/8/433 651/9/434 649/6/433
f 652/10/434 653/11/435 651/9/434
f 654/12/435 655/13/436 653/11/435
f 656/14/436 657/15/437 655/13/436
f 658/16/437 659/17/438 657/15/437
f 660/18/438 661/19/439 659/17/438
f 662/20/439 663/21/440 661/19/439
f 664/4/440 665/22/441 663/21/440
f 666/23/441 667/24/442 665/22/441
f 668/25/442 669/26/443 667/24/442
f 670/27/443 671/28/444 669/26/443
f 672/29/444 673/30/445 671/28/444
f 674/31/445 675/32/446 673/30/445
f 676/33/446 677/34/447 675/32/446
f 678/35/447 679/36/448 677/3/447
f 680/37/448 681/38/449 679/36/448
f 682/39/449 683/40/450 681/38/449
f 684/41/450 685/42/451 683/40/450
f 686/43/451 687/44/452 685/42/451
f 688/45/452 689/46/453 687/44/452
f 690/47/453 691/48/454 689/46/453
f 692/49/454 693/50/455 691/48/454
f 694/1/455 695/51/456 693/5/455
f 696/52/456 697/53/457 695/51/456
f 698/54/457 699/55/458 697/53/457
f 700/56/458 701/57/459 699/55/458
f 702/58/459 703/59/460 701/57/459
f 704/60/460 705/61/461 703/59/460
f 706/62/461 707/63/462 705/61/461
f 708/64/462 645/4/431 707/63/462
f 646/2/431 648/35/432 647/3/432
f 648/5/432 650/8/433 649/6/433
f 650/8/433 652/10/434 651/9/434
f 652/10/434 654/12/435 653/11/435
f 654/12/435 656/14/436 655/13/436
f 656/14/436 658/16/437 657/15/437
f 658/16/437 660/18/438 659/17/438
f 660/18/438 662/20/439 661/19/439
f 662/20/439 664/4/440 663/21/440
f 664/4/440 666/23/441 665/22/441
f 666/23/441 668/25/442 667/24/442
f 668/25/442 670/27/443 669/26/443
f 670/27/443 672/29/444 671/28/444
f 672/29/444 674/31/445 673/30/445
f 674/31/445 676/33/446 675/32/446
f 676/33/446 678/65/447 677/34/447
f 678/35/447 680/37/448 679/36/448
f 680/37/448 682/39/449 681/38/449
f 682/39/449 684/41/450 683/40/450
f 684/41/450 686/43/451 685/42/451
f 686/43/451 688/45/452 687/44/452
f 688/45/452 690/47/453 689/46/453
f 690/47/453 692/49/454 691/48/454
f 692/49/454 694/66/455 693/50/455
f 694/1/455 696/52/456 695/51/456
f 696/52/456 698/54/457 697/53/457
f 698/54/457 700/56/458 699/55/458
f 700/56/458 702/58/459 701/57/459
f 702/58/459 704/60/460 703/59/460
f 704/60/460 706/62/461 705/61/461
f 706/62/461 708/64/462 707/63/462
f 708/64/462 646/2/431 645/4/431
s 581
usemtl Material.008
f 714/67/463 710/68/464 709/69/439
f 715/70/465 711/71/466 710/72/464
f 716/73/467 712/74/468 711/75/466
f 712/74/468 718/76/469 713/77/470
f 718/78/469 709/79/439 713/80/470
f 714/81/463 720/82/471 715/70/465
f 720/82/471 716/83/467 715/70/465
f 721/84/472 717/85/473 716/86/467
f 717/87/473 723/88/474 718/76/469
f 723/89/474 714/90/463 718/78/469
f 724/91/475 720/82/471 719/92/476
f 725/93/477 721/94/472 720/95/471
f 726/96/478 722/97/479 721/84/472
f 727/98/480 723/88/474 722/99/479
f 728/100/481 719/101/476 723/89/474
f 729/102/482 725/103/477 724/91/475
f 725/93/477 731/104/483 726/105/478
f 731/106/483 727/107/480 726/96/478
f 732/108/484 728/100/481 727/109/480
f 733/110/485 724/111/475 728/100/481
f 734/112/486 730/113/487 729/102/482
f 735/114/488 731/104/483 730/115/487
f 736/116/489 732/117/484 731/104/483
f 732/108/484 738/118/490 733/110/485
f 738/119/490 729/120/482 733/121/485
f 739/122/491 735/123/488 734/112/486
f 740/124/492 736/116/489 735/114/488
f 741/125/493 737/126/494 736/116/489
f 737/127/494 743/128/495 738/118/490
f 743/129/495 734/130/486 738/119/490
f 744/131/496 740/132/492 739/122/491
f 740/124/492 746/133/497 741/125/493
f 746/133/497 742/134/498 741/125/493
f 747/135/499 743/128/495 742/136/498
f 748/137/500 739/138/491 743/129/495
f 749/139/501 745/140/502 744/141/496
f 745/142/502 751/143/503 746/133/497
f 751/144/503 747/135/499 746/145/497
f 752/146/504 748/147/500 747/135/499
f 753/148/505 744/149/496 748/137/500
f 749/139/501 755/150/506 750/151/507
f 750/152/507 756/153/508 751/154/503
f 756/155/508 752/146/504 751/144/503
f 752/146/504 758/156/509 753/157/505
f 758/158/509 749/139/501 753/159/505
f 754/160/510 760/161/511 755/150/506
f 755/162/506 761/163/512 756/153/508
f 761/163/512 757/164/513 756/153/508
f 762/165/514 758/156/509 757/166/513
f 763/167/515 754/160/510 758/158/509
f 764/168/516 760/169/511 759/170/517
f 760/171/511 766/172/518 761/163/512
f 766/172/518 762/173/514 761/163/512
f 767/174/519 763/175/515 762/176/514
f 768/177/520 759/178/517 763/167/515
f 769/179/521 765/180/522 764/168/516
f 765/181/522 771/182/523 766/172/518
f 771/183/523 767/174/519 766/184/518
f 772/185/524 768/186/520 767/174/519
f 773/187/525 764/188/516 768/189/520
f 709/69/439 770/190/526 769/179/521
f 710/72/464 771/182/523 770/191/526
f 711/75/466 772/185/524 771/183/523
f 712/74/468 773/192/525 772/185/524
f 713/80/470 769/193/521 773/187/525
s 582
f 774/194/439 780/195/465 775/196/464
f 775/197/464 781/198/467 776/199/466
f 781/200/467 777/201/468 776/202/466
f 782/203/473 778/204/527 777/201/468
f 783/205/469 774/206/439 778/207/527
f 784/208/476 780/209/465 779/210/463
f 780/209/465 786/211/472 781/198/467
f 786/212/472 782/213/473 781/214/467
f 782/203/473 788/215/474 783/216/469
f 783/205/469 784/217/476 779/218/463
f 789/219/475 785/220/471 784/208/476
f 785/221/471 791/222/478 786/223/472
f 791/224/478 787/225/479 786/212/472
f 792/226/480 788/215/474 787/227/479
f 788/228/474 789/229/475 784/217/476
f 794/230/482 790/231/477 789/219/475
f 795/232/487 791/222/478 790/233/477
f 796/234/483 792/235/480 791/224/478
f 797/236/484 793/237/481 792/238/480
f 798/239/485 789/229/475 793/237/481
f 799/240/486 795/241/487 794/230/482
f 800/242/488 796/243/483 795/232/487
f 801/244/489 797/245/484 796/243/483
f 797/236/484 803/246/490 798/239/485
f 803/247/490 794/248/482 798/249/485
f 799/240/486 805/250/492 800/251/488
f 805/252/492 801/244/489 800/242/488
f 806/253/493 802/254/494 801/244/489
f 807/255/498 803/246/490 802/256/494
f 808/257/495 799/258/486 803/247/490
f 809/259/496 805/250/492 804/260/491
f 810/261/502 806/253/493 805/252/492
f 811/262/497 807/263/498 806/253/493
f 812/264/499 808/265/495 807/255/498
f 808/257/495 809/266/496 804/267/491
f 814/268/501 810/269/502 809/270/496
f 815/271/507 811/262/497 810/261/502
f 816/272/503 812/264/499 811/273/497
f 817/274/504 813/275/500 812/264/499
f 813/276/500 814/277/501 809/266/496
f 819/278/510 815/279/507 814/268/501
f 820/280/506 816/281/503 815/282/507
f 821/283/508 817/274/504 816/272/503
f 822/284/513 818/285/505 817/274/504
f 823/286/509 814/268/501 818/287/505
f 824/288/517 820/289/506 819/278/510
f 825/290/511 821/291/508 820/280/506
f 826/292/512 822/293/513 821/291/508
f 827/294/514 823/295/509 822/284/513
f 823/286/509 824/288/517 819/278/510
f 824/296/517 830/297/528 825/298/511
f 825/290/511 831/299/518 826/292/512
f 831/299/518 827/300/514 826/292/512
f 832/301/519 828/302/515 827/303/514
f 833/304/520 824/288/517 828/305/515
f 829/306/516 835/307/526 830/297/528
f 835/308/526 831/299/518 830/309/528
f 836/310/523 832/301/519 831/311/518
f 837/312/524 833/313/520 832/301/519
f 838/314/525 829/315/516 833/316/520
f 774/194/439 835/307/526 834/317/521
f 775/197/464 836/318/523 835/308/526
f 776/202/466 837/312/524 836/310/523
f 777/201/468 838/319/525 837/312/524
f 778/207/527 834/320/521 838/314/525
s 583
f 839/321/439 845/322/465 840/323/464
f 840/324/464 846/325/467 841/326/466
f 846/327/467 842/328/468 841/329/466
f 842/328/468 848/330/469 843/331/470
f 848/332/469 839/333/439 843/334/470
f 844/335/463 850/336/471 845/337/465
f 845/337/465 851/338/472 846/325/467
f 851/339/472 847/340/473 846/341/467
f 852/342/479 848/330/469 847/343/473
f 853/344/474 844/345/463 848/332/469
f 854/346/475 850/336/471 849/347/476
f 855/348/477 851/349/472 850/350/471
f 856/351/478 852/352/479 851/339/472
f 857/353/480 853/354/474 852/342/479
f 858/355/481 849/356/476 853/344/474
f 854/346/475 860/357/487 855/358/477
f 855/348/477 861/359/483 856/360/478
f 861/361/483 857/362/480 856/351/478
f 862/363/484 858/355/481 857/364/480
f 863/365/485 854/366/475 858/355/481
f 864/367/486 860/357/487 859/368/482
f 865/369/488 861/359/483 860/370/487
f 866/371/529 862/372/484 861/359/483
f 862/363/484 868/373/490 863/365/485
f 863/374/485 864/375/486 859/376/482
f 869/377/491 865/378/488 864/367/486
f 865/369/488 871/379/493 866/371/529
f 871/379/493 867/380/494 866/371/529
f 872/381/498 868/373/490 867/382/494
f 873/383/495 864/375/486 868/384/490
f 874/385/496 870/386/492 869/377/491
f 875/387/502 871/379/493 870/388/492
f 876/389/497 872/390/498 871/379/493
f 877/391/499 873/392/495 872/381/498
f 878/393/500 869/394/491 873/383/495
f 879/395/501 875/396/502 874/397/496
f 875/387/502 881/398/503 876/389/497
f 881/399/503 877/391/499 876/400/497
f 882/401/504 878/402/500 877/391/499
f 883/403/505 874/404/496 878/393/500
f 884/405/510 880/406/507 879/395/501
f 885/407/506 881/408/503 880/409/507
f 886/410/508 882/401/504 881/399/503
f 887/411/513 883/412/505 882/401/504
f 888/413/509 879/395/501 883/414/505
f 889/415/517 885/416/506 884/405/510
f 890/417/511 886/418/508 885/407/506
f 891/419/512 887/420/513 886/418/508
f 887/411/513 893/421/515 888/422/509
f 893/423/515 884/405/510 888/413/509
f 894/424/516 890/425/511 889/426/517
f 895/427/522 891/419/512 890/417/511
f 896/428/518 892/429/514 891/419/512
f 897/430/519 893/431/515 892/432/514
f 898/433/520 889/415/517 893/423/515
f 894/424/516 900/434/526 895/435/522
f 900/436/526 896/428/518 895/427/522
f 901/437/523 897/430/519 896/438/518
f 902/439/524 898/440/520 897/430/519
f 903/441/525 894/442/516 898/443/520
f 899/444/521 840/323/464 900/434/526
f 840/324/464 901/445/523 900/436/526
f 841/329/466 902/439/524 901/437/523
f 842/328/468 903/446/525 902/439/524
f 843/334/470 899/447/521 903/441/525
s 581
f 714/67/463 715/448/465 710/68/464
f 715/70/465 716/83/467 711/71/466
f 716/73/467 717/87/473 712/74/468
f 712/74/468 717/87/473 718/76/469
f 718/78/469 714/90/463 709/79/439
f 714/81/463 719/92/476 720/82/471
f 720/82/471 721/449/472 716/83/467
f 721/84/472 722/97/479 717/85/473
f 717/87/473 722/99/479 723/88/474
f 723/89/474 719/101/476 714/90/463
f 724/91/475 725/103/477 720/82/471
f 725/93/477 726/105/478 721/94/472
f 726/96/478 727/107/480 722/97/479
f 727/98/480 728/450/481 723/88/474
f 728/100/481 724/111/475 719/101/476
f 729/102/482 730/113/487 725/103/477
f 725/93/477 730/115/487 731/104/483
f 731/106/483 732/451/484 727/107/480
f 732/108/484 733/110/485 728/100/481
f 733/110/485 729/452/482 724/111/475
f 734/112/486 735/123/488 730/113/487
f 735/114/488 736/116/489 731/104/483
f 736/116/489 737/126/494 732/117/484
f 732/108/484 737/127/494 738/118/490
f 738/119/490 734/130/486 729/120/482
f 739/122/491 740/132/492 735/123/488
f 740/124/492 741/125/493 736/116/489
f 741/125/493 742/134/498 737/126/494
f 737/127/494 742/136/498 743/128/495
f 743/129/495 739/138/491 734/130/486
f 744/131/496 745/453/502 740/132/492
f 740/124/492 745/142/502 746/133/497
f 746/133/497 747/454/499 742/134/498
f 747/135/499 748/147/500 743/128/495
f 748/137/500 744/149/496 739/138/491
f 749/139/501 750/151/507 745/140/502
f 745/142/502 750/455/507 751/143/503
f 751/144/503 752/146/504 747/135/499
f 752/146/504 753/157/505 748/147/500
f 753/148/505 749/456/501 744/149/496
f 749/139/501 754/160/510 755/150/506
f 750/152/507 755/162/506 756/153/508
f 756/155/508 757/166/513 752/146/504
f 752/146/504 757/166/513 758/156/509
f 758/158/509 754/160/510 749/139/501
f 754/160/510 759/178/517 760/161/511
f 755/162/506 760/171/511 761/163/512
f 761/163/512 762/173/514 757/164/513
f 762/165/514 763/457/515 758/156/509
f 763/167/515 759/178/517 754/160/510
f 764/168/516 765/180/522 760/169/511
f 760/171/511 765/181/522 766/172/518
f 766/172/518 767/458/519 762/173/514
f 767/174/519 768/186/520 763/175/515
f 768/177/520 764/459/516 759/178/517
f 769/179/521 770/190/526 765/180/522
f 765/181/522 770/191/526 771/182/523
f 771/183/523 772/185/524 767/174/519
f 772/185/524 773/192/525 768/186/520
f 773/187/525 769/193/521 764/188/516
f 709/69/439 710/68/464 770/190/526
f 710/72/464 711/71/466 771/182/523
f 711/75/466 712/74/468 772/185/524
f 712/74/468 713/77/470 773/192/525
f 713/80/470 709/79/439 769/193/521
s 582
f 774/194/439 779/460/463 780/195/465
f 775/197/464 780/209/465 781/198/467
f 781/200/467 782/203/473 777/201/468
f 782/203/473 783/216/469 778/204/527
f 783/205/469 779/218/463 774/206/439
f 784/208/476 785/220/471 780/209/465
f 780/209/465 785/220/471 786/211/472
f 786/212/472 787/225/479 782/213/473
f 782/203/473 787/227/479 788/215/474
f 783/205/469 788/228/474 784/217/476
f 789/219/475 790/231/477 785/220/471
f 785/221/471 790/233/477 791/222/478
f 791/224/478 792/235/480 787/225/479
f 792/226/480 793/461/481 788/215/474
f 788/228/474 793/237/481 789/229/475
f 794/230/482 795/241/487 790/231/477
f 795/232/487 796/243/483 791/222/478
f 796/234/483 797/462/484 792/235/480
f 797/236/484 798/239/485 793/237/481
f 798/239/485 794/463/482 789/229/475
f 799/240/486 800/251/488 795/241/487
f 800/242/488 801/244/489 796/243/483
f 801/244/489 802/254/494 797/245/484
f 797/236/484 802/256/494 803/246/490
f 803/247/490 799/258/486 794/248/482
f 799/240/486 804/260/491 805/250/492
f 805/252/492 806/253/493 801/244/489
f 806/253/493 807/263/498 802/254/494
f 807/255/498 808/265/495 803/246/490
f 808/257/495 804/267/491 799/258/486
f 809/259/496 810/464/502 805/250/492
f 810/261/502 811/262/497 806/253/493
f 811/262/497 812/465/499 807/263/498
f 812/264/499 813/275/500 808/265/495
f 808/257/495 813/276/500 809/266/496
f 814/268/501 815/279/507 810/269/502
f 815/271/507 816/466/503 811/262/497
f 816/272/503 817/274/504 812/264/499
f 817/274/504 818/285/505 813/275/500
f 813/276/500 818/467/505 814/277/501
f 819/278/510 820/289/506 815/279/507
f 820/280/506 821/291/508 816/281/503
f 821/283/508 822/284/513 817/274/504
f 822/284/513 823/295/509 818/285/505
f 823/286/509 819/278/510 814/268/501
f 824/288/517 825/468/511 820/289/506
f 825/290/511 826/292/512 821/291/508
f 826/292/512 827/300/514 822/293/513
f 827/294/514 828/469/515 823/295/509
f 823/286/509 828/305/515 824/288/517
f 824/296/517 829/306/516 830/297/528
f 825/290/511 830/309/528 831/299/518
f 831/299/518 832/470/519 827/300/514
f 832/301/519 833/313/520 828/302/515
f 833/304/520 829/471/516 824/288/517
f 829/306/516 834/317/521 835/307/526
f 835/308/526 836/318/523 831/299/518
f 836/310/523 837/312/524 832/301/519
f 837/312/524 838/319/525 833/313/520
f 838/314/525 834/320/521 829/315/516
f 774/194/439 775/196/464 835/307/526
f 775/197/464 776/199/466 836/318/523
f 776/202/466 777/201/468 837/312/524
f 777/201/468 778/204/527 838/319/525
f 778/207/527 774/206/439 834/320/521
s 583
f 839/321/439 844/472/463 845/322/465
f 840/324/464 845/337/465 846/325/467
f 846/327/467 847/343/473 842/328/468
f 842/328/468 847/343/473 848/330/469
f 848/332/469 844/345/463 839/333/439
f 844/335/463 849/347/476 850/336/471
f 845/337/465 850/336/471 851/338/472
f 851/339/472 852/352/479 847/340/473
f 852/342/479 853/354/474 848/330/469
f 853/344/474 849/356/476 844/345/463
f 854/346/475 855/358/477 850/336/471
f 855/348/477 856/360/478 851/349/472
f 856/351/478 857/362/480 852/352/479
f 857/353/480 858/473/481 853/354/474
f 858/355/481 854/366/475 849/356/476
f 854/346/475 859/368/482 860/357/487
f 855/348/477 860/370/487 861/359/483
f 861/361/483 862/474/484 857/362/480
f 862/363/484 863/365/485 858/355/481
f 863/365/485 859/475/482 854/366/475
f 864/367/486 865/378/488 860/357/487
f 865/369/488 866/371/529 861/359/483
f 866/371/529 867/380/494 862/372/484
f 862/363/484 867/382/494 868/373/490
f 863/374/485 868/384/490 864/375/486
f 869/377/491 870/386/492 865/378/488
f 865/369/488 870/388/492 871/379/493
f 871/379/493 872/390/498 867/380/494
f 872/381/498 873/392/495 868/373/490
f 873/383/495 869/394/491 864/375/486
f 874/385/496 875/476/502 870/386/492
f 875/387/502 876/389/497 871/379/493
f 876/389/497 877/477/499 872/390/498
f 877/391/499 878/402/500 873/392/495
f 878/393/500 874/404/496 869/394/491
f 879/395/501 880/406/507 875/396/502
f 875/387/502 880/478/507 881/398/503
f 881/399/503 882/401/504 877/391/499
f 882/401/504 883/412/505 878/402/500
f 883/403/505 879/479/501 874/404/496
f 884/405/510 885/416/506 880/406/507
f 885/407/506 886/418/508 881/408/503
f 886/410/508 887/411/513 882/401/504
f 887/411/513 888/422/509 883/412/505
f 888/413/509 884/405/510 879/395/501
f 889/415/517 890/480/511 885/416/506
f 890/417/511 891/419/512 886/418/508
f 891/419/512 892/429/514 887/420/513
f 887/411/513 892/481/514 893/421/515
f 893/423/515 889/415/517 884/405/510
f 894/424/516 895/435/522 890/425/511
f 895/427/522 896/428/518 891/419/512
f 896/428/518 897/482/519 892/429/514
f 897/430/519 898/440/520 893/431/515
f 898/433/520 894/483/516 889/415/517
f 894/424/516 899/444/521 900/434/526
f 900/436/526 901/445/523 896/428/518
f 901/437/523 902/439/524 897/430/519
f 902/439/524 903/446/525 898/440/520
f 903/441/525 899/447/521 894/442/516
f 899/444/521 839/321/439 840/323/464
f 840/324/464 841/326/466 901/445/523
f 841/329/466 842/328/468 902/439/524
f 842/328/468 843/331/470 903/446/525
f 843/334/470 839/333/439 899/447/521
s 584
usemtl Material.007
f 907/484/530 944/485/530 906/486/530
s 585
f 910/487/531 915/488/531 911/489/531
s 586
f 914/490/431 919/491/431 915/488/431
s 587
f 908/492/532 914/493/532 910/494/532
s 588
f 909/494/533 912/495/533 908/496/533
s 589
f 911/497/534 913/498/534 909/499/534
s 590
f 917/500/397 918/501/397 916/502/397
s 591
f 912/503/455 918/504/455 914/493/455
s 592
f 913/505/447 916/506/447 912/495/447
s 593
f 915/1/439 917/1/439 913/1/439
s 594
f 922/507/535 963/508/535 926/509/535
s 595
f 906/486/536 948/510/536 904/1/536
s 596
f 904/1/537 952/1/537 905/1/537
s 597
f 905/511/538 953/512/538 907/484/538
s 598
f 955/513/539 928/514/539 946/515/539
s 599
f 920/516/540 967/517/540 924/518/540
s 600
f 921/519/541 971/520/541 925/521/541
s 601
f 949/516/542 958/522/542 956/523/542
s 602
f 931/524/431 932/525/431 928/526/431
s 603
f 946/515/543 929/527/543 950/528/543
s 604
f 950/528/544 930/529/544 954/530/544
s 605
f 954/530/545 931/531/545 955/513/545
s 606
f 935/532/546 936/533/546 932/534/546
s 607
f 928/535/455 933/536/455 929/525/455
s 608
f 929/537/447 934/538/447 930/539/447
s 609
f 930/540/439 935/541/439 931/536/439
s 610
f 932/534/547 937/542/547 933/543/547
s 611
f 933/543/548 938/544/548 934/545/548
s 612
f 934/545/549 939/546/549 935/532/549
s 613
f 922/547/550 953/548/550 923/549/550
f 927/550/550 946/551/550 926/552/550
f 923/549/550 955/553/550 927/550/550
f 922/547/550 946/551/550 944/554/550
s 614
f 920/555/551 944/556/551 941/557/551
f 943/558/551 950/559/551 924/560/551
f 941/557/551 946/561/551 943/558/551
f 920/555/551 950/559/551 948/562/551
s 615
f 921/1/552 948/1/552 945/1/552
f 947/563/552 954/564/552 925/565/552
f 945/566/552 950/567/552 947/563/552
f 921/568/552 954/564/552 952/511/552
s 616
f 940/569/553 952/570/553 949/571/553
f 951/572/553 955/573/553 942/574/553
f 940/569/553 955/573/553 953/575/553
f 949/571/553 954/576/553 951/572/553
s 617
f 949/577/554 957/578/554 940/579/554
s 618
f 942/580/555 958/581/555 951/582/555
s 619
f 940/583/556 959/584/556 942/585/556
s 620
f 923/586/557 961/587/557 922/588/557
s 621
f 926/589/558 962/590/558 927/591/558
s 622
f 927/592/559 960/593/559 923/562/559
s 623
f 941/594/560 965/595/560 920/596/560
s 624
f 924/597/561 966/598/561 943/599/561
s 625
f 943/1/562 964/1/562 941/1/562
s 626
f 945/600/563 969/601/563 921/602/563
s 627
f 925/603/564 970/604/564 947/605/564
s 628
f 947/509/565 968/606/565 945/507/565
s 629
f 964/607/566 963/608/566 961/609/566
s 630
f 968/610/567 967/517/567 965/611/567
s 631
f 956/523/568 971/612/568 969/613/568
s 632
f 957/578/1 969/601/1 965/595/1
s 633
f 959/614/397 966/598/397 970/604/397
s 584
f 907/484/530 953/512/530 944/485/530
s 585
f 910/487/531 914/490/531 915/488/531
s 586
f 914/490/431 918/615/431 919/491/431
s 587
f 908/492/532 912/503/532 914/493/532
s 588
f 909/494/533 913/505/533 912/495/533
s 589
f 911/497/534 915/616/534 913/498/534
s 590
f 917/500/397 919/617/397 918/501/397
s 591
f 912/503/455 916/618/455 918/504/455
s 592
f 913/505/447 917/619/447 916/506/447
s 593
f 915/1/439 919/1/439 917/1/439
s 594
f 922/507/535 961/620/535 963/508/535
s 595
f 906/486/536 944/485/536 948/510/536
s 596
f 904/1/537 948/1/537 952/1/537
s 597
f 905/511/538 952/621/538 953/512/538
s 598
f 955/513/539 931/531/539 928/514/539
s 599
f 920/516/540 965/611/540 967/517/540
s 600
f 921/519/541 969/593/541 971/520/541
s 601
f 949/516/542 951/518/542 958/522/542
s 602
f 931/524/431 935/535/431 932/525/431
s 603
f 946/515/543 928/514/543 929/527/543
s 604
f 950/528/544 929/527/544 930/529/544
s 605
f 954/530/545 930/529/545 931/531/545
s 634
f 935/532/546 939/546/546 936/533/546
s 607
f 928/535/455 932/622/455 933/536/455
s 608
f 929/537/447 933/623/447 934/538/447
s 609
f 930/540/439 934/624/439 935/541/439
s 635
f 932/534/547 936/533/547 937/542/547
s 636
f 933/543/548 937/542/548 938/544/548
s 637
f 934/545/549 938/544/549 939/546/549
s 613
f 922/547/550 944/554/550 953/548/550
f 927/550/550 955/553/550 946/551/550
f 923/549/550 953/548/550 955/553/550
f 922/547/550 926/552/550 946/551/550
s 614
f 920/555/551 948/562/551 944/556/551
f 943/558/551 946/561/551 950/559/551
f 941/557/551 944/556/551 946/561/551
f 920/555/551 924/560/551 950/559/551
s 615
f 921/1/552 952/1/552 948/1/552
f 947/563/552 950/567/552 954/564/552
f 945/566/552 948/625/552 950/567/552
f 921/568/552 925/565/552 954/564/552
s 616
f 940/569/553 953/575/553 952/570/553
f 951/572/553 954/576/553 955/573/553
f 940/569/553 942/574/553 955/573/553
f 949/571/553 952/570/553 954/576/553
s 617
f 949/577/554 956/626/554 957/578/554
s 618
f 942/580/555 959/614/555 958/581/555
s 619
f 940/583/556 957/627/556 959/584/556
s 620
f 923/586/557 960/628/557 961/587/557
s 621
f 926/589/558 963/629/558 962/590/558
s 622
f 927/592/559 962/520/559 960/593/559
s 623
f 941/594/560 964/630/560 965/595/560
s 624
f 924/597/561 967/631/561 966/598/561
s 625
f 943/1/562 966/1/562 964/1/562
s 626
f 945/600/563 968/632/563 969/601/563
s 627
f 925/603/564 971/633/564 970/604/564
s 628
f 947/509/565 970/634/565 968/606/565
s 629
f 964/607/566 966/635/566 963/608/566
s 630
f 968/610/567 970/636/567 967/517/567
s 631
f 956/523/568 958/522/568 971/612/568
s 632
f 965/595/1 964/630/1 961/587/1
f 961/587/1 960/628/1 957/578/1
f 957/578/1 956/626/1 969/601/1
f 969/601/1 968/632/1 965/595/1
f 965/595/1 961/587/1 957/578/1
s 633
f 971/633/397 958/581/397 959/614/397
s 638
f 959/614/569 957/637/569 960/638/569
s 633
f 962/590/397 963/629/397 966/598/397
s 638
f 959/614/569 960/638/569 962/590/569
s 633
f 970/604/397 971/633/397 959/614/397
f 966/598/397 967/631/397 970/604/397
f 959/614/397 962/590/397 966/598/397
s 639
usemtl Material.006
f 907/639/570 910/640/570 911/641/570
s 640
f 906/556/571 908/642/571 910/640/571
s 641
f 905/486/572 908/642/572 904/643/572
s 642
f 907/639/573 909/644/573 905/486/573
s 639
f 907/639/570 906/556/570 910/640/570
s 640
f 906/556/571 904/643/571 908/642/571
s 641
f 905/486/572 909/644/572 908/642/572
s 642
f 907/639/573 911/641/573 909/644/573
