# Blender 5.0.1
# www.blender.org
mtllib magoMalo.mtl
g Mesh_0004_Malla
v -1.021875 42.511444 6.240291
v -1.127344 42.564621 6.435311
v -1.333594 42.628563 6.564492
v -1.567969 42.646729 6.615768
v -1.788282 42.610893 6.580317
v -3.925782 42.504612 5.899571
v -3.871876 42.558159 6.112934
v -3.703126 42.622990 6.286601
v -3.482813 42.642227 6.391048
v -3.262501 42.607422 6.407181
v -4.150782 42.865105 6.573250
v -3.972657 43.281803 6.828937
v -3.389063 43.664509 7.258797
v -2.648438 43.814686 7.511962
v -1.867969 43.668083 7.437263
v -1.197657 43.288326 7.154432
v -0.963282 42.872608 6.947348
v -1.971094 42.466148 6.485623
v -1.973438 42.369247 6.451862
v -2.050782 42.397491 6.482349
v -2.053125 42.361107 6.449488
v -2.175000 42.427467 6.584236
v -2.092969 41.858982 6.744253
v -2.325000 41.882099 6.938695
v -2.385938 42.334591 6.929883
v -2.385938 42.506367 6.953171
v -1.996875 42.622238 6.568397
v -2.144532 42.688446 6.990728
v -1.823438 42.679253 6.618247
v -1.757813 42.835140 7.025111
v -1.563282 42.706284 6.624507
v -1.003125 42.887714 6.818036
v -1.361719 42.710655 6.583535
v -1.120313 42.695930 6.476645
v -1.914844 42.518681 6.528407
v -0.656250 42.808453 6.224484
v -0.639844 42.556313 5.933408
v -1.258594 42.163666 6.382900
v -1.324219 42.317673 6.498979
v -1.593750 42.133274 6.462626
v -1.603125 42.284081 6.554218
v -1.884375 42.197582 6.472173
v -1.823438 42.319290 6.532245
v -1.980469 41.778851 6.631395
v -1.635938 41.495705 6.479475
v -0.949219 41.768436 6.144003
v -4.284376 42.799919 5.798892
v -4.082813 42.880474 6.457016
v -4.228126 42.547863 5.512229
v -3.890626 42.689411 6.151701
v -3.677345 42.705215 6.311931
v -3.489845 42.701752 6.398283
v -3.236719 42.675922 6.452117
v -3.058594 42.619743 6.443745
v -3.128907 42.515820 6.385724
v -3.060938 42.463577 6.357624
v -2.985938 42.395294 6.372841
v -2.885157 42.425800 6.501047
v -2.974219 42.358940 6.341389
v -3.002344 41.856846 6.637582
v -3.142969 42.194618 6.324471
v -3.084375 41.776253 6.501867
v -3.421875 42.128975 6.248158
v -3.379688 41.491600 6.274679
v -3.731251 42.157848 6.092793
v -3.972657 41.761322 5.789258
v -3.693751 42.312099 6.220995
v -3.438282 42.279770 6.338973
v -3.215626 42.316013 6.368991
v -3.053907 42.366703 6.324906
v -2.817188 41.880943 6.880826
v -2.760938 42.333710 6.886104
v -2.765625 42.505478 6.908828
v -3.009375 42.686417 6.889333
v -3.396095 42.831287 6.833003
v -0.173438 41.278625 3.510669
v -0.750000 39.946373 3.857217
v -0.435938 40.814896 3.692184
v -0.646875 40.147945 3.691966
v -0.675000 40.094368 4.270360
v -1.256250 39.660984 4.721749
v -1.525782 38.982117 4.421844
v -1.129688 39.572815 4.214236
v -2.285157 39.224281 4.518205
v -2.329688 39.276398 4.900725
v -3.337500 39.656090 4.477764
v -2.657813 38.399376 4.540086
v -4.115626 41.269356 3.048190
v -3.902345 40.806744 3.285403
v -4.017188 39.823143 2.769037
v -3.693751 40.140778 3.334549
v -3.581250 38.904591 3.737283
v -3.339844 39.567616 3.955016
v -3.796876 40.087029 3.904238
v -3.269532 40.266808 6.235055
v -3.241407 40.457676 6.372196
v -3.192188 40.068108 6.268197
v -3.131250 39.990910 6.447376
v -3.126563 40.513790 6.641523
v -2.892188 39.969490 6.675392
v -2.910938 40.535816 6.844640
v -2.550000 39.973366 6.763258
v -2.571095 40.552948 6.927305
v -2.221875 40.536415 6.925550
v -2.198438 39.971119 6.756660
v -1.964063 40.520157 6.778498
v -1.914844 39.993771 6.590152
v -1.790625 40.461090 6.542397
v -1.781250 40.071426 6.433693
v -1.729688 40.231201 6.410243
v -2.936719 39.835114 6.630585
v -2.892188 39.816460 6.707098
v -3.046875 40.140305 6.675557
v -2.981250 40.110962 6.797719
v -3.028126 40.210575 6.707462
v -2.934375 40.220821 6.757398
v -2.894532 40.208221 6.779012
v -2.866407 40.138527 6.766058
v -2.819532 39.835819 6.681926
v -2.725782 39.772221 6.626449
v -2.676563 39.754368 6.692372
v -2.826563 40.110065 6.714247
v -2.746875 40.079842 6.832837
v -2.817188 40.179554 6.746806
v -2.718750 40.197876 6.779004
v -2.676563 40.188873 6.791854
v -2.639063 40.124245 6.769387
v -2.606250 39.783577 6.655254
v -3.145313 40.539158 6.588678
v -3.241407 40.553959 6.536149
v -3.128907 40.297749 6.583241
v -3.262501 40.315563 6.499093
v -3.131250 40.218201 6.538807
v -3.210938 40.249611 6.447305
v -3.215626 40.281979 6.370697
v -3.229688 40.356091 6.380415
v -3.210938 40.565292 6.451015
v -2.432813 39.847607 6.713841
v -2.496094 40.140484 6.820615
v -2.374219 39.827999 6.766853
v -2.385938 40.113277 6.898724
v -2.310938 39.854687 6.715570
v -2.292188 40.155327 6.815147
v -2.315625 40.222202 6.843370
v -2.416407 40.233067 6.851511
v -2.482032 40.224827 6.851911
v -1.940625 39.874962 6.595175
v -1.947657 40.140518 6.690228
v -1.853907 39.870792 6.579716
v -1.811719 40.136574 6.658632
v -1.842188 39.896152 6.476853
v -1.800000 40.174839 6.504040
v -1.814063 40.242798 6.541433
v -1.846875 40.245262 6.594407
v -1.921875 40.215912 6.687135
v -1.954688 39.878307 6.609771
v -1.999219 39.846310 6.684106
v -1.903125 40.178574 6.693537
v -1.987500 40.128441 6.810738
v -1.926563 40.247139 6.732327
v -2.013282 40.245754 6.797801
v -2.097657 40.222637 6.802772
v -2.114063 40.140839 6.788686
v -2.088282 39.857388 6.660969
v -2.962500 40.712395 6.781991
v -3.049219 40.711872 6.789540
v -2.934375 40.332268 6.756856
v -3.075001 40.337837 6.744426
v -2.953125 40.220295 6.713186
v -3.051563 40.209526 6.642475
v -3.110157 40.235924 6.595065
v -3.121876 40.367741 6.615722
v -3.075001 40.731731 6.698799
v -1.870313 40.562012 6.683025
v -1.746094 40.563080 6.646474
v -1.905469 40.354767 6.674267
v -1.739063 40.358589 6.614892
v -1.898438 40.283745 6.646286
v -1.785938 40.289307 6.521646
v -1.746094 40.300987 6.486797
v -1.729688 40.375534 6.486759
v -1.746094 40.574852 6.555833
v -2.013282 40.609604 6.814489
v -1.914844 40.606655 6.827957
v -2.064844 40.330643 6.809593
v -1.905469 40.352108 6.814418
v -2.048438 40.238285 6.787112
v -1.973438 40.215401 6.735922
v -1.893750 40.248589 6.685931
v -1.877344 40.343170 6.686450
v -1.898438 40.616829 6.738603
v -2.667188 40.621670 6.916109
v -2.601563 40.615616 6.983490
v -2.751563 40.299786 6.858266
v -2.620313 40.351112 7.001456
v -2.716407 40.190346 6.874264
v -2.620313 40.168068 6.897642
v -2.519532 40.178360 6.891721
v -2.477345 40.284912 6.869846
v -2.526563 40.612358 6.926924
v -2.690625 38.795815 5.939734
v -2.929688 38.872414 5.623487
v -2.810157 38.632198 6.153093
v -3.070313 38.673889 5.817574
v -3.178125 38.765419 6.143158
v -3.426563 39.007458 5.607109
v -3.398438 39.799450 6.145003
v -3.794532 40.142498 5.544370
v -3.499219 40.232353 6.135987
v -3.667970 41.042267 6.287724
v -3.461720 40.491550 6.410074
v -3.412500 41.282074 6.565586
v -3.260157 40.710709 6.752045
v -3.110157 41.488468 6.858494
v -3.035157 41.269520 7.001060
v -2.978907 41.475365 7.215327
v -2.908594 41.312668 7.277840
v -2.460938 38.804398 6.023829
v -2.491407 38.687485 6.266790
v -2.153907 38.633743 6.230169
v -2.165625 38.744221 6.519756
v -1.790625 38.768681 6.305840
v -1.860938 39.594196 6.526641
v -1.579688 39.803730 6.358450
v -1.650000 40.032494 6.447471
v -1.492969 40.280960 6.462096
v -1.621875 40.227352 6.497369
v -1.865625 39.791504 6.655873
v -2.198438 39.786125 6.830905
v -2.557032 39.809982 6.825793
v -2.193750 39.576130 6.659953
v -2.540625 39.642387 6.689701
v -2.524220 38.818211 6.564066
v -2.873438 39.574535 6.580256
v -2.864063 38.742573 6.437706
v -3.168751 39.591122 6.373274
v -2.906250 39.784458 6.747938
v -3.178125 39.790779 6.484226
v -3.353907 40.028488 6.247596
v -3.405469 40.256836 6.203407
v -3.328125 40.463989 6.409485
v -3.227345 40.568295 6.684324
v -2.917969 40.595730 6.964741
v -2.585157 40.593246 7.049668
v -2.927344 40.713192 7.053276
v -2.596875 40.703953 7.143520
v -2.608594 41.069996 7.241878
v -2.257032 40.714771 7.132066
v -2.428125 41.089333 7.219358
v -2.139844 41.271629 7.106290
v -2.325000 41.314041 7.346166
v -2.245313 41.477085 7.301426
v -2.453907 41.290138 7.351995
v -2.625000 41.337681 7.378701
v -2.786719 41.289356 7.312796
v -2.692969 41.388527 7.351258
v -2.554688 41.388855 7.367725
v -2.625000 41.569393 7.360149
v -2.578125 41.572952 7.350146
v -2.613282 41.839046 7.267166
v -2.484375 41.569717 7.208301
v -2.357813 41.738522 7.331614
v -2.503125 41.986626 7.407585
v -2.639063 42.063179 7.465953
v -2.756250 41.986034 7.377995
v -2.878125 41.737301 7.270527
v -2.664845 41.572754 7.340090
v -2.725782 41.569145 7.179826
v -2.242969 40.597313 7.043962
v -1.872657 40.575047 6.816197
v -1.720313 40.471474 6.588541
v -1.589063 40.495956 6.629765
v -1.359375 41.047699 6.558476
v -1.059375 40.148933 5.865274
v -1.066407 40.907612 6.308033
v -0.635157 40.806835 5.469426
v -0.625781 41.075031 5.808781
v -0.025781 41.613617 4.228234
v -0.257813 41.493958 5.904532
v -1.396875 38.990303 5.842116
v -1.818750 38.676838 5.964435
v -1.914844 38.874802 5.742647
v -2.219532 38.796928 5.994958
v -1.860938 40.713997 6.916059
v -1.673438 41.286163 6.769493
v -2.034375 41.490997 6.984454
v -1.957032 41.678825 6.820545
v -2.121094 41.934277 6.862513
v -1.973438 41.888432 6.834865
v -1.978125 42.261742 6.655064
v -1.591407 42.174145 6.602277
v -1.628907 41.537231 6.753181
v -1.153125 41.281170 6.587826
v -1.141407 41.514336 6.673847
v -0.775782 41.551975 6.571712
v -0.733594 42.028847 6.561663
v -0.515625 41.744324 6.370140
v -0.508594 42.544258 6.269938
v -0.323438 41.971497 6.067275
v -0.761719 41.306644 6.493043
v -1.603125 41.866478 6.788348
v -1.167188 41.865295 6.742937
v -1.195313 42.222073 6.565278
v -0.932813 42.433201 6.382747
v -0.660938 42.495724 6.403305
v -0.960938 42.644203 6.438791
v -0.644531 42.703648 6.558939
v -1.101563 42.736469 6.674724
v -1.305469 42.730061 6.807059
v -1.246875 42.828159 6.990113
v -1.671094 42.641644 7.148825
v -1.628907 42.693657 7.292918
v -2.027344 42.596531 7.163121
v -2.317969 42.658443 7.418736
v -2.266407 42.610401 7.201557
v -2.444532 42.645184 7.295006
v -2.634375 42.845360 7.435670
v -2.526563 42.920422 7.541032
v -1.715625 42.962780 7.385711
v -1.204688 42.977966 7.175416
v -2.643750 43.313023 7.491378
v -1.703907 42.683018 6.887923
v -1.957032 42.629517 6.813014
v -2.257032 42.560204 7.034348
v -2.446875 42.525475 7.233065
v -2.617970 42.509018 7.295676
v -2.789063 42.644367 7.254489
v -2.039063 42.482220 6.728196
v -2.167969 42.265587 6.855477
v -2.432813 42.335587 7.241913
v -2.306250 41.795837 7.316114
v -2.465625 42.043854 7.401227
v -2.641407 42.114388 7.490249
v -2.617970 42.335804 7.302604
v -2.772657 42.524708 7.194947
v -2.943750 42.608810 7.122064
v -2.793750 42.043083 7.362692
v -2.925000 41.794380 7.243519
v -2.779688 41.088512 7.178181
v -3.002344 41.932201 6.759039
v -3.152344 41.676014 6.680287
v -3.135938 41.885689 6.698264
v -3.452344 41.532944 6.539418
v -3.487500 41.862041 6.567032
v -3.902345 41.858860 6.421956
v -3.457032 42.169758 6.383545
v -3.832032 42.215866 6.255683
v -3.093750 42.259113 6.524053
v -2.955469 42.263737 6.763095
v -2.789063 42.334740 7.199989
v -2.910938 42.558666 6.957702
v -3.164063 42.593853 7.029708
v -3.051563 42.479847 6.609710
v -3.154688 42.626694 6.672173
v -3.417188 42.678978 6.686686
v -3.508595 42.637318 6.933021
v -3.785157 42.724224 6.516064
v -3.883595 42.821957 6.680722
v -3.970313 42.971458 6.850912
v -3.520313 42.958530 7.173830
v -2.765625 42.919865 7.513146
v -3.951563 42.729767 6.340471
v -4.033595 42.636971 6.078257
v -4.371095 42.694885 6.121789
v -4.317188 42.486107 5.981898
v -4.434376 42.535030 5.809707
v -4.282032 42.020500 6.145434
v -4.448438 41.735065 5.908517
v -4.239845 41.543827 6.165485
v -4.232813 41.298485 6.085967
v -3.876563 41.274761 6.268148
v -3.892970 40.900963 5.976258
v -4.563282 41.961525 5.569939
v -4.591407 41.483765 5.396124
v -4.207032 41.066605 5.388698
v -4.427345 41.603264 3.711666
v -4.115626 40.798645 5.061017
v -4.249220 40.494041 4.658665
v -4.057032 39.840942 4.256490
v -3.672657 39.480751 4.149918
v -3.236719 38.851521 5.431903
v -3.358594 39.587143 4.074694
v -2.875782 39.272614 4.396985
v -2.292188 39.176891 4.579561
v -1.685157 39.275421 4.536698
v -1.141407 39.592358 4.334859
v -1.567969 38.826046 5.623759
v -0.853125 39.487381 4.480515
v -0.503906 39.849297 4.673302
v -0.414844 40.503067 5.108841
v -0.072656 41.060734 4.079443
v -0.260156 40.329365 3.914778
v -0.541407 40.018494 3.872012
v -3.836720 40.010750 3.485524
v -4.120313 40.320290 3.462112
v -4.342970 41.050690 3.578539
v -4.047657 42.425877 6.017387
v -3.907032 41.507828 6.349264
v -2.939063 42.656990 7.345869
v -3.581250 42.689056 7.063533
v -3.255470 40.268730 6.165058
v -3.344532 40.165573 6.261670
v -3.243750 40.256615 6.312259
v -3.241407 40.234879 6.372896
v -3.203907 40.157101 6.398259
v -3.187500 39.937622 6.306186
v -3.269532 39.941612 6.223410
v -3.210938 39.965122 6.131669
v -3.246094 40.201595 6.120065
v -8.111720 31.612331 19.077734
v -8.341408 31.530416 19.103502
v -8.306252 31.795702 19.062920
v -9.367970 29.326982 5.595303
v -9.264845 30.192980 5.463343
v -8.627345 29.586002 5.512604
v 2.493750 30.534883 16.540007
v 2.388282 30.444883 16.393969
v 1.914844 30.242420 16.417223
v 3.564844 30.089605 12.265351
v 3.360938 30.917465 12.370738
v 2.875782 29.868164 13.573859
v 2.971875 30.788805 13.475544
v 2.362500 30.553465 13.760862
v 2.805470 31.072390 13.974992
v 1.605469 31.172989 14.192369
v 2.278125 31.492865 14.688499
v 1.340625 31.532461 15.020464
v 2.104688 31.116072 15.249235
v 1.429688 31.149677 15.347013
v 1.075782 30.881393 15.035880
v 0.553125 31.246338 15.762817
v 0.431250 31.144234 15.635777
v 0.396094 31.488293 15.655182
v 0.346875 31.198847 15.516022
v 0.304688 31.330421 15.414367
v 1.012500 31.281796 14.714038
v 3.735938 31.298553 12.671295
v 3.377344 30.917753 13.670236
v 3.309376 30.978752 14.242330
v 2.782032 31.289928 15.323818
v 3.928126 30.519543 14.063845
v 3.189844 30.675236 15.541968
v 3.351563 29.931213 15.576361
v 2.692969 30.393259 16.716177
v 2.589844 29.984365 16.564230
v 2.160938 30.350788 17.601440
v 2.017969 29.968481 17.519575
v 1.256250 30.326435 18.758013
v 1.275000 30.073275 18.610422
v 1.106250 30.078926 18.506958
v 1.610157 30.020851 17.351971
v 2.121094 29.748688 16.482172
v 1.914844 29.959265 16.393248
v 2.629688 29.457031 15.247221
v 2.303907 30.156456 14.931086
v 2.170313 29.873055 17.179878
v 1.919532 29.553627 17.087519
v 1.469532 29.602648 17.970383
v 1.511719 29.479647 18.002605
v 1.661719 29.727684 18.217861
v 1.732032 29.546513 18.124092
v 2.353125 29.741776 17.295549
v 2.271094 29.435450 17.234856
v 2.632032 29.364807 16.644564
v 2.369532 29.248144 16.495825
v 3.065625 29.215580 15.534278
v 2.149219 29.519047 16.432819
v 4.298438 31.044304 12.907737
v 3.984376 29.746311 14.163666
v 4.781251 30.344675 12.985740
v 3.581250 29.273579 13.997472
v 4.497657 29.729214 12.673159
v 3.309376 29.409321 15.641369
v 2.704688 29.780136 16.695267
v 3.417188 29.187246 14.578189
v 1.600782 29.798765 18.024746
v 2.472657 31.268629 15.445361
v 2.015625 31.478334 16.095894
v 1.699219 31.344707 15.991473
v 1.200000 31.360460 16.988678
v 1.167188 31.062347 17.004313
v 0.508594 31.305084 17.953123
v 0.503906 31.181482 17.958832
v 0.691406 31.274570 18.224386
v 0.588282 31.053112 18.016722
v 0.761719 31.039351 18.120407
v 1.481250 30.985893 17.194141
v 1.771875 30.816099 16.229839
v 2.287500 31.058464 16.324862
v 1.553907 30.941858 17.298000
v 1.882032 30.853291 17.480158
v 0.815625 30.762209 18.727297
v 1.650000 30.409422 17.396608
v 0.771094 30.457647 18.517054
v 1.321875 30.528080 17.186140
v 0.637500 30.485113 18.452894
v 0.571875 30.633028 18.411013
v 0.639844 30.807545 18.408281
v 1.741407 30.478790 16.274143
v 1.575000 31.326286 17.240780
v 2.238282 31.387096 16.339233
v 1.664063 31.008972 16.087421
v 1.525782 30.645851 14.695703
v 2.580469 30.919064 16.561338
v 1.919532 30.457447 17.405567
v 1.127344 30.403042 18.494379
v 1.045313 30.216629 18.459047
v 2.057813 29.392050 17.144581
v -8.496096 29.688293 6.743442
v -8.402346 29.977831 6.899975
v -8.700002 29.582125 6.876044
v -8.559377 29.982773 7.147781
v -9.239064 29.915796 7.855063
v -8.707033 29.730799 7.770168
v -9.672658 29.990618 7.960941
v -8.629689 29.329727 8.269293
v -8.629689 29.011751 8.259647
v -8.343752 29.594103 7.626629
v -8.360158 29.383974 7.491676
v -8.519533 30.005060 8.173361
v -8.669533 29.646603 7.924147
v -8.275783 29.936468 7.954557
v -8.346095 29.719032 7.795328
v -8.512502 29.216890 7.371697
v -8.805470 29.416368 7.150038
v -8.789064 28.908876 8.000060
v -8.978908 29.116640 7.692792
v -9.787501 29.389009 7.701553
v -9.815626 29.671696 7.936345
v -10.010158 29.525269 7.495490
v -10.101564 29.872583 7.673973
v -10.066408 29.986979 6.651043
v -9.881251 30.211939 7.645360
v -9.792189 30.511993 6.633090
v -9.841408 30.558056 7.752318
v -9.278908 30.868256 6.501762
v -9.515627 30.739159 7.700346
v -8.981252 30.893940 6.957373
v -9.089064 30.546354 7.635299
v -9.869533 30.197861 5.001157
v -9.215627 30.574270 5.117099
v -8.758595 30.844797 6.038988
v -8.533595 30.276049 5.155849
v -8.531252 30.528229 6.161579
v -8.620314 30.004791 6.183136
v -8.643751 30.215776 6.871905
v -9.271876 29.402285 7.476255
v -8.669533 30.876484 6.878099
v -8.864064 30.681824 7.624831
v -8.606252 30.635059 7.570896
v -8.643751 30.349758 8.584362
v -8.503126 30.328655 7.471772
v -8.528908 30.193552 8.461576
v -8.606252 30.072649 8.422930
v -8.838283 30.434328 8.521412
v -8.950783 30.341951 8.490161
v -8.779689 30.198553 8.561830
v -8.957814 30.292276 7.475742
v -8.627345 30.065836 7.689964
v -8.676564 30.176188 7.470224
v -8.467970 30.558949 6.845695
v -10.148439 29.375477 6.589354
v -9.904689 29.379923 4.818526
v -10.064064 28.521734 6.457599
v -9.914064 28.720648 5.529427
v -9.590627 28.520987 5.566827
v -9.433596 28.900070 4.782612
v -8.995314 28.908587 5.722446
v -8.702345 29.609705 5.042086
v -8.716408 29.733898 3.493220
v -9.728908 29.209667 3.435698
v -8.676564 30.569614 3.653739
v -9.185158 30.901552 3.740369
v -9.750002 30.585211 3.703661
v -10.146095 29.841021 3.576412
v -10.176564 29.217049 7.494251
v -10.066408 28.921984 7.339546
v -9.820314 29.022135 7.722525
v -9.794533 28.806705 7.453766
v -8.601564 28.629635 7.601652
v -8.760939 28.530285 7.396994
v -8.732814 29.114418 6.660939
v -8.920314 28.762581 7.093018
v -9.180470 29.376831 6.540731
v -9.164064 29.499678 6.383907
v -8.594533 29.268152 6.732862
v -9.072658 29.817446 6.575974
v -8.627345 29.466070 6.870836
v -9.065626 29.727993 6.763535
v -8.643751 28.871511 7.706650
v -10.101564 28.622339 7.281651
v -9.764064 28.476807 7.393228
v -9.825002 28.358376 7.102424
v -8.920314 28.562677 7.001451
v -9.037501 28.473932 6.846756
v -9.103127 28.957640 6.371845
v -9.330470 28.646294 6.724590
v -9.510939 29.080803 6.543630
v -9.393751 29.256987 6.706776
v -8.981252 29.237532 6.584283
v -9.750002 28.391275 6.532451
v -9.140627 29.607544 8.232130
v -9.096095 30.039484 8.598119
v -9.346876 29.973352 8.847525
v -9.503908 29.723230 8.858168
v -9.480471 29.584026 8.585864
v -8.817189 29.416172 8.429167
v -8.660158 29.470236 8.666660
v -8.847658 29.930971 8.613369
v -8.711720 29.750078 8.692251
v 1.326563 27.961832 12.100206
v 2.842969 28.025888 13.267704
v 4.178907 28.802702 14.403763
v 5.013282 30.106056 15.015794
v 4.816407 31.689491 15.064916
v 1.500000 29.753063 12.777579
v 2.278125 31.179199 13.617807
v 3.600001 31.873165 14.429533
v -1.115625 31.228697 3.079420
v -4.303126 34.750816 2.273618
v 1.797657 36.025429 -4.466243
v 0.986719 38.734558 -2.435290
v -3.016407 39.812153 0.041937
v -4.366407 38.511887 1.040354
v -4.790626 36.870235 1.640226
v -0.965625 40.502930 0.321752
v 0.051563 40.129070 -1.013563
v -0.039844 35.085323 4.753266
v 2.008594 35.546944 6.114477
v 6.614063 5.715428 8.659478
v 6.485157 5.579165 7.561995
v 8.690626 4.707845 2.299244
v 10.246877 4.592226 -2.021370
v 6.023438 11.038951 7.994729
v 5.887501 10.885710 6.737747
v 7.980470 10.096191 2.443267
v 9.677345 9.969929 -1.421806
v 8.821877 10.313928 -4.857027
v 9.541408 4.946037 -5.616715
v 5.730470 36.352848 0.195469
v 5.308595 36.414345 -0.731283
v 5.566407 34.215179 1.084490
v 5.139844 32.823017 1.698727
v 4.214063 33.092709 3.142108
v 4.828126 36.310806 -1.654118
v 2.444532 35.379658 5.862826
v 2.807813 32.367737 4.789060
v 4.228126 32.962265 4.537756
v -2.205469 33.187416 3.803984
v -2.685938 40.084877 1.611332
v -4.380470 38.468285 2.009074
v -3.923438 36.102386 2.742878
v -3.077344 41.618233 1.476733
v -4.947657 40.412739 2.917696
v -4.122657 36.097775 4.129861
v -4.692188 38.913986 5.393114
v -3.785157 35.997540 4.335104
v -4.350001 38.871048 5.576140
v -3.229688 42.715942 1.799040
v -4.884376 42.310699 3.443719
v -4.551563 41.260193 6.000893
v -4.197657 41.244171 6.144261
v -3.103125 44.348358 2.152182
v -4.720313 44.130302 4.403766
v -4.492970 42.907284 6.513248
v -4.150782 42.865105 6.573250
v -4.354688 45.436146 4.600258
v -4.129688 45.307549 6.406258
v -4.192970 43.397354 6.879692
v -3.972657 43.281803 6.828937
v -3.428907 45.271652 6.995512
v -3.527344 43.831879 7.362031
v -3.389063 43.664509 7.258797
v -2.641407 45.252022 7.372551
v -2.667188 43.982449 7.658450
v -2.648438 43.814686 7.511962
v -1.867969 43.668083 7.437263
v -1.757813 43.836040 7.569613
v -1.197657 43.288326 7.154432
v -0.993750 43.404884 7.255277
v -0.963282 42.872608 6.947348
v -0.618750 42.916393 6.967613
v -0.810938 41.252129 6.541303
v -0.435938 41.269867 6.483605
v -1.211719 38.932045 6.271447
v -0.836719 38.988873 6.246747
v -1.729688 36.115437 5.266036
v -1.371094 36.255444 5.374834
v -0.785156 36.348579 4.567865
v 0.499219 37.285103 4.715583
v -1.783594 45.273323 7.193373
v -0.967969 45.310768 6.785992
v 0.086719 44.141613 4.967915
v 0.478125 42.323315 4.072794
v 0.253125 40.513771 4.069436
v -0.035156 38.858105 4.221869
v 0.621094 38.903080 3.940205
v -0.876563 40.226822 2.663513
v 0.553125 40.132370 1.859662
v -0.820313 41.623535 1.741582
v -0.757032 42.721756 2.089136
v -0.967969 44.353382 2.402897
v -0.321094 45.440250 5.084723
v -3.517969 39.365799 0.383683
v -3.175782 39.270237 0.813640
v -3.850782 38.302219 1.592317
v -3.363282 37.098965 2.670410
v -3.860157 38.958378 2.073607
v -3.454688 38.100861 3.176877
v -2.395313 36.594650 3.675455
v -2.470313 37.663975 4.111287
v -1.207032 38.255405 4.045433
v -1.228125 39.075813 4.325695
v -0.384375 40.332409 3.610954
v -0.562500 40.424919 3.626547
v -1.361719 39.229603 4.251407
v -2.517188 38.498039 4.548406
v -2.514844 38.684887 4.488997
v -3.466407 39.126205 3.680195
v -3.597657 38.959206 3.681502
v -4.014845 40.255135 2.688564
v -4.148438 40.147270 2.588184
v -0.332813 39.200771 3.435896
v -1.113282 37.275452 3.978685
v -0.084375 38.597553 3.781503
v 0.145313 39.530792 2.745071
v 0.675000 39.694626 2.821190
v 5.512501 37.626186 1.143971
v 4.914845 38.283600 0.491860
v 5.407032 38.647083 2.865602
v 5.184376 39.205704 2.522838
v 2.097657 39.940742 0.437438
v 4.502345 39.409225 4.206077
v 3.651563 38.951874 5.410931
v 4.722657 38.989830 4.281806
v 3.918751 38.593964 5.427098
v 2.842969 37.788017 6.165506
v 3.189844 37.489586 6.036079
v 5.784376 35.747723 1.432697
v 6.035157 37.232185 2.771987
v 5.050782 38.883774 4.486885
v 4.225782 38.513477 5.672726
v 3.869532 37.432297 6.290847
v 2.957813 35.972397 5.875488
v 3.173438 29.173029 8.992008
v 3.433594 30.429489 9.457750
v 3.827345 32.115326 10.106284
v 5.160938 32.582352 10.943195
v 6.206251 32.211388 11.407674
v 6.578907 33.125275 7.888652
v 7.544533 32.856171 8.427993
v 6.888282 32.711826 7.921628
v 7.816408 32.756588 7.965044
v 6.562501 32.852360 8.337446
v 7.664064 33.182953 7.881454
v 5.730470 34.754467 7.601411
v 6.846095 35.105373 7.037448
v 4.851563 36.491165 7.043598
v 5.969532 37.052658 6.440402
v 4.476563 37.013462 6.747289
v 5.207813 37.966080 6.018838
v 6.051563 38.043594 4.798240
v 6.724220 36.724201 5.183389
v 7.436720 34.854321 5.813448
v 8.078908 32.772667 6.895894
v 8.245314 32.044769 7.459551
v 8.121096 31.828693 8.406460
v 6.735939 31.172606 11.413196
v 6.541407 36.232395 3.234382
v 6.724220 35.072929 3.614612
v 7.005470 33.869602 4.342431
v 8.008595 32.022091 5.806166
v 8.205470 31.049164 6.755640
v 7.900783 30.509132 7.907122
v 6.515626 29.677355 10.918540
v 5.482032 35.301147 2.182475
v 5.378907 34.615238 2.840130
v 5.578126 32.922070 4.182482
v 6.759376 31.079985 5.452693
v 6.803907 30.414347 6.287000
v 6.574220 29.961523 7.111560
v 4.729688 29.390329 9.884945
v 5.235938 33.369766 2.309704
v 4.668751 33.332829 2.975802
v 3.735938 31.820524 4.448804
v 4.870313 30.231247 5.807619
v 5.132813 29.947783 5.915914
v 4.814063 29.968292 6.298862
v 3.396095 35.659523 6.100658
v 4.122657 33.637264 4.548713
v 3.501563 35.238049 6.511719
v 3.239063 33.894585 4.801620
v 4.417970 33.739365 7.228634
v 3.684376 32.562069 5.773019
v 5.184376 31.942076 8.145033
v 4.926563 30.871771 6.732802
v 5.580470 32.047615 7.437062
v 5.165626 30.744768 6.495818
v 5.268751 32.741165 7.074286
v 4.865626 31.121058 6.493172
v 4.052345 29.926025 14.146993
v 3.789845 29.398830 13.910087
v 2.950782 29.829208 13.555974
v 2.798438 30.732393 13.585135
v 3.157032 30.933796 13.803935
v 3.794532 30.651508 14.151399
v 2.179688 6.350209 11.247038
v 2.097657 11.377776 9.587114
v -0.895313 27.557920 3.752770
v -3.178125 29.624786 2.048909
v -1.115625 31.228697 3.079420
v 0.935157 30.596199 -6.347761
v 1.797657 36.025429 -4.466243
v -5.676563 27.438704 -1.890085
v -4.685157 27.318399 -4.485587
v -1.106250 5.210340 -11.917193
v -0.796875 10.260007 -10.291117
v -0.508594 15.213092 -8.913848
v -2.385938 27.567869 3.262816
v -4.425001 27.568933 2.217488
v -5.627345 27.523710 0.379914
v -2.139844 30.641220 -5.813114
v -3.822657 30.911469 -5.135097
v -5.032032 30.519297 -2.978016
v -5.104688 30.252476 -0.950562
v -4.434376 29.874266 0.828573
v -1.767188 27.204147 -5.915717
v -0.295313 20.354130 -8.205013
v -0.154688 23.346392 -7.719069
v 0.428906 27.542011 4.040348
v 1.755469 27.504713 3.774818
v 3.468750 24.213818 5.466270
v 5.519532 -0.043158 -15.374836
v 3.187500 5.337931 -12.643159
v 4.050001 21.326473 6.087346
v 5.156251 16.328989 7.249714
v 2.547657 32.325268 4.530633
v 2.008594 35.546944 6.114477
v 6.614063 5.715428 8.659478
v 10.246877 4.592226 -2.021370
v 11.756251 -0.908787 -3.195474
v -0.189844 29.407770 3.342071
v 3.021095 29.695295 3.403778
v 3.253125 27.454679 3.309723
v 3.930470 24.035822 4.066121
v 4.389845 21.112663 4.795822
v 5.463282 16.121595 6.016339
v 6.023438 11.038951 7.994729
v 5.887501 10.885710 6.737747
v 5.613282 5.482713 -12.301846
v 5.062501 10.272196 -9.822623
v 5.383595 10.402135 -10.090108
v 5.266407 15.301096 -8.033014
v 4.823438 15.226343 -7.537948
v 5.695313 19.174206 -5.997905
v 7.038282 18.522861 -6.609244
v 7.558595 20.575047 -3.631750
v 8.479689 20.091331 -4.224805
v 8.064845 21.464809 -2.286607
v 7.368752 22.068907 -2.315881
v 7.432033 22.624424 -0.421385
v 8.496096 22.563404 0.059027
v 5.709376 23.567064 1.891311
v 6.152345 23.443741 2.068454
v 6.389063 20.512623 2.170430
v 7.546876 15.416183 2.526522
v 7.980470 10.096191 2.443267
v 8.102345 20.518278 -0.518359
v 9.253126 15.397101 -0.881723
v 9.677345 9.969929 -1.421806
v 8.510158 15.431281 -4.068023
v 8.821877 10.313928 -4.857027
v 6.196876 15.223489 -6.514697
v 6.447657 10.350571 -7.991612
v 9.541408 4.946037 -5.616715
v 7.230470 5.267421 -9.617579
v 10.933596 -0.258641 -6.847058
v 9.037501 -0.017862 -11.365808
v 7.921876 0.427526 -14.826852
v 2.709375 10.345964 -10.507735
v 2.320313 15.220196 -8.535696
v 4.478907 20.444422 -6.918788
v 2.224219 20.388210 -7.364044
v 3.888282 23.383471 -6.159831
v 2.346094 23.313183 -6.643147
v 2.770313 27.113060 -5.877972
v 6.318751 20.518831 -5.164148
v 5.784376 23.492493 -4.743999
v 7.347658 23.921219 -2.160187
v 6.621095 27.191828 -1.787780
v 7.708595 23.965515 0.196127
v 6.539063 27.279501 0.481112
v 5.756251 24.038881 1.979503
v 5.308595 27.373539 2.298455
v 5.667188 27.110558 -4.399459
v 6.112501 30.982801 -3.326967
v 3.888282 30.568537 -5.340621
v 5.730470 36.352848 0.195469
v 5.308595 36.414345 -0.731283
v 5.566407 34.215179 1.084490
v 6.597657 30.602819 -0.861140
v 5.139844 32.823017 1.698727
v 4.214063 33.092709 3.142108
v 0.503906 27.133730 -6.536171
v 4.828126 36.310806 -1.654118
v 2.444532 35.379658 5.862826
v 2.807813 32.367737 4.789060
v 4.624220 29.977299 2.808465
v 4.228126 32.962265 4.537756
v 6.042188 30.332512 1.078196
v 3.166407 1.723562 12.394846
v 2.179688 6.350209 11.247038
v 1.366407 24.648037 5.546772
v 1.551563 21.333912 6.481435
v 1.844532 16.348099 7.911812
v 2.097657 11.377776 9.587114
v 1.732032 24.294083 6.422278
v -0.895313 27.557920 3.752770
v -1.115625 31.228697 3.079420
v -0.677344 -1.685140 -13.751281
v -1.106250 5.210340 -11.917193
v -3.867188 33.673855 -4.830020
v -3.892970 32.208370 -4.168289
v -4.589063 32.399242 -2.537945
v -4.481251 35.394424 -4.804171
v -6.126564 35.107235 0.016349
v -7.003126 29.756878 -2.638202
v -7.675783 30.175360 -1.836754
v -8.840627 30.918211 -0.696879
v -10.099220 31.874815 -1.203140
v -10.699221 32.391682 -2.157175
v -10.371096 32.250080 -3.244922
v -9.581251 31.760918 -4.188004
v -8.317970 30.820456 -3.888973
v -6.935157 36.229610 -4.335435
v -8.491407 36.349091 -3.026933
v -8.866407 36.376266 -1.557681
v -7.999220 36.173435 -0.297828
v -6.555470 34.769932 -0.220315
v -5.758595 32.935375 -1.794464
v 0.428906 27.542011 4.040348
v 1.755469 27.504713 3.774818
v 3.468750 24.213818 5.466270
v -5.395313 31.509426 -2.585598
v -6.241407 31.927149 -1.396124
v -4.785938 32.775879 -3.494248
v -5.296876 33.210510 -1.389894
v -4.528126 32.697159 -3.891839
v -7.811720 32.804211 -0.495230
v -6.764063 34.342670 -0.117980
v -9.140627 33.816586 -0.803016
v -8.407033 35.625046 -0.497928
v -9.682033 34.378410 -1.840192
v -9.360939 34.460236 -3.182051
v -7.450783 35.107075 -4.333379
v -8.029689 33.798866 -4.237134
v -5.622657 34.414921 -4.127106
v -6.745313 32.794285 -3.681718
v -5.078907 34.932301 -4.350976
v 5.519532 -0.043158 -15.374836
v 3.187500 5.337931 -12.643159
v 8.114064 0.206284 10.119507
v 8.404689 0.979905 10.169846
v 8.175001 0.049601 9.867796
v 8.315626 0.539205 9.558950
v 4.050001 21.326473 6.087346
v 5.156251 16.328989 7.249714
v -0.039844 35.085323 4.753266
v 2.547657 32.325268 4.530633
v 2.008594 35.546944 6.114477
v 6.614063 5.715428 8.659478
v 6.485157 5.579165 7.561995
v 8.690626 4.707845 2.299244
v 10.415627 -1.129975 2.589356
v 10.246877 4.592226 -2.021370
v 11.756251 -0.908787 -3.195474
v -6.442970 27.849749 4.416216
v -8.332033 27.732750 4.672456
v -10.110939 28.346540 5.021942
v -11.247658 29.562929 5.191056
v -11.242970 31.165199 5.398802
v -7.078126 29.588085 4.994931
v -8.289845 30.911781 5.395575
v -9.890627 31.470446 5.466401
v -3.571875 7.021361 12.384015
v -8.064845 6.363504 8.512271
v -9.900002 -0.191283 3.375497
v -9.564845 5.451318 2.569514
v -2.676563 7.233612 13.010906
v -3.178125 29.624786 2.048909
v -4.303126 34.750816 2.273618
v -6.189845 34.794468 1.070626
v -1.209375 36.029396 -5.207642
v -3.278907 37.979427 -4.270293
v 0.986719 38.734558 -2.435290
v -5.378907 15.421882 -6.081490
v -6.881251 20.750713 -2.502836
v -7.865626 20.219921 -2.932140
v -5.400001 31.767454 -0.135384
v -6.196876 34.633965 0.534867
v -7.382814 23.113173 1.049982
v -6.384376 23.113144 0.445439
v -7.059376 21.015757 0.642282
v -8.240626 15.897527 0.939204
v -7.075782 11.375519 6.791672
v -3.182813 11.756765 9.811296
v -2.149219 11.991881 10.517954
v -7.875001 15.600385 -2.298572
v -6.696095 9.982755 -4.987499
v -7.968751 4.741053 -5.180146
v -8.451564 -1.287393 -4.588463
v -2.992970 15.265158 -7.869746
v -4.132032 20.573570 -5.616961
v -7.230470 21.777855 -1.205362
v -6.501564 24.226097 -1.414592
v -5.676563 27.438704 -1.890085
v -4.685157 27.318399 -4.485587
v -3.236719 23.517513 -5.306129
v -0.508594 15.213092 -8.913848
v -8.784376 10.287766 -1.767085
v -5.627345 27.523710 0.379914
v -6.585938 24.512920 0.950888
v -2.252344 36.012379 -5.180297
v -3.255470 35.836075 -5.096192
v -3.867188 33.673855 -4.830020
v -4.589063 32.399242 -2.537945
v -5.932032 32.248100 -1.524234
v -4.434376 29.874266 0.828573
v -2.332032 20.457775 -7.040093
v -2.090625 23.402000 -6.436766
v -1.767188 27.204147 -5.915717
v -0.295313 20.354130 -8.205013
v -0.154688 23.346392 -7.719069
v -6.541407 22.367895 -1.377273
v -8.692970 10.759772 1.756734
v -9.843752 4.968236 -1.069021
v -10.439064 -0.600784 -0.362421
v -4.408595 37.361877 -4.584319
v -5.866407 38.349968 -3.423318
v -5.603907 38.824280 -3.423670
v -6.710157 38.521244 -2.028677
v -6.597657 38.960232 -1.828384
v -7.052345 38.350842 -0.484587
v -3.016407 39.812153 0.041937
v -4.366407 38.511887 1.040354
v -4.790626 36.870235 1.640226
v -7.050001 37.083912 0.505506
v -7.153126 37.981289 -0.752946
v -7.082813 36.792740 0.100124
v -4.481251 35.394424 -4.804171
v -6.187501 37.024178 -4.126042
v -7.035938 38.381126 -2.220820
v -7.504689 37.862125 -0.899920
v -7.492970 36.634480 -0.167226
v -6.126564 35.107235 0.016349
v -6.787501 28.936312 0.780801
v -7.364064 30.146944 1.040362
v -7.103907 29.609312 -2.385544
v -7.357033 30.745440 -2.269313
v -7.251564 29.501013 -2.859721
v -7.692189 30.184309 -2.370939
v -7.003126 29.756878 -2.638202
v -7.675783 30.175360 -1.836754
v -8.184377 31.766085 1.389864
v -8.151564 32.299576 -1.982771
v -8.695314 31.312231 -1.745895
v -8.840627 30.918211 -0.696879
v -9.792189 32.069019 1.518670
v -9.719533 32.523045 -1.861210
v -10.075783 31.918364 -1.934713
v -10.099220 31.874815 -1.203140
v -8.594533 28.965622 0.864917
v -10.673439 29.036484 0.968184
v -11.250002 30.488438 1.265868
v -10.886721 31.578053 1.470657
v -10.790627 32.139946 -1.810707
v -10.837502 31.982531 -2.331789
v -10.699221 32.391682 -2.157175
v -10.371096 32.250080 -3.244922
v -10.811720 31.384439 -2.972676
v -9.581251 31.760918 -4.188004
v -10.270314 30.529247 -3.567776
v -8.317970 30.820456 -3.888973
v -8.831251 29.945992 -3.320460
v -11.182033 31.057241 -2.060688
v -10.624220 29.780153 -2.367130
v -9.028127 29.395990 -2.457715
v -6.935157 36.229610 -4.335435
v -7.865626 37.533577 -2.755582
v -8.491407 36.349091 -3.026933
v -8.866407 36.376266 -1.557681
v -8.233595 37.246510 -1.333141
v -7.999220 36.173435 -0.297828
v -6.555470 34.769932 -0.220315
v -5.758595 32.935375 -1.794464
v -2.132813 39.717270 -1.945622
v -0.965625 40.502930 0.321752
v 0.051563 40.129070 -1.013563
v -9.975001 29.507427 4.909744
v -9.588283 29.010481 4.813275
v -8.723439 29.519865 4.945317
v -8.685939 30.435989 5.086114
v -9.119533 30.600985 5.105343
v -9.820314 30.252222 5.074015
v -8.064845 6.363504 8.512271
v -8.067189 0.667374 9.787710
v -9.564845 5.451318 2.569514
v -2.676563 7.233612 13.010906
v 2.179688 6.350209 11.247038
v -1.026563 23.975750 5.241953
v -1.253907 21.475594 6.166056
v -1.678125 16.604282 8.073790
v 2.097657 11.377776 9.587114
v -0.895313 27.557920 3.752770
v -3.178125 29.624786 2.048909
v -4.828126 31.948250 1.058736
v -6.189845 34.794468 1.070626
v 0.935157 30.596199 -6.347761
v -1.209375 36.029396 -5.207642
v -6.904688 5.052193 -8.303728
v -6.002345 10.235588 -7.093704
v -5.580470 10.150906 -7.024646
v -5.378907 15.421882 -6.081490
v -4.757813 15.350135 -5.841787
v -5.092969 19.230005 -4.584292
v -6.508595 18.559038 -4.730896
v -6.881251 20.750713 -2.502836
v -7.865626 20.219921 -2.932140
v -5.400001 31.767454 -0.135384
v -6.196876 34.633965 0.534867
v -2.397657 23.822271 4.683600
v -5.062501 24.137156 3.191089
v -5.395313 24.064142 3.585050
v -7.382814 23.113173 1.049982
v -6.384376 23.113144 0.445439
v -2.458594 21.356333 5.563253
v -5.575782 21.138645 3.933193
v -7.059376 21.015757 0.642282
v -2.817188 16.484980 7.484616
v -6.517970 16.132648 5.081080
v -8.240626 15.897527 0.939204
v -7.075782 11.375519 6.791672
v -3.182813 11.756765 9.811296
v -2.149219 11.991881 10.517954
v -7.875001 15.600385 -2.298572
v -5.751563 15.270054 -4.679490
v -6.696095 9.982755 -4.987499
v -7.968751 4.741053 -5.180146
v -8.451564 -1.287393 -4.588463
v -7.933595 -1.236997 -8.143511
v -6.492188 -1.225402 -10.197977
v -5.015626 4.911916 -9.862823
v -3.951563 10.177535 -8.857067
v -2.992970 15.265158 -7.869746
v -4.132032 20.573570 -5.616961
v -5.414063 20.628260 -3.727519
v -7.230470 21.777855 -1.205362
v -6.501564 24.226097 -1.414592
v -4.760157 23.608953 -3.671555
v -5.676563 27.438704 -1.890085
v -4.685157 27.318399 -4.485587
v -3.236719 23.517513 -5.306129
v -0.677344 -1.685140 -13.751281
v -1.106250 5.210340 -11.917193
v -0.796875 10.260007 -10.291117
v -0.508594 15.213092 -8.913848
v -8.784376 10.287766 -1.767085
v -2.385938 27.567869 3.262816
v -4.425001 27.568933 2.217488
v -5.064845 24.621702 3.277890
v -5.627345 27.523710 0.379914
v -6.585938 24.512920 0.950888
v -2.252344 36.012379 -5.180297
v -2.139844 30.641220 -5.813114
v -3.255470 35.836075 -5.096192
v -3.822657 30.911469 -5.135097
v -3.867188 33.673855 -4.830020
v -5.032032 30.519297 -2.978016
v -3.892970 32.208370 -4.168289
v -4.589063 32.399242 -2.537945
v -5.104688 30.252476 -0.950562
v -5.932032 32.248100 -1.524234
v -4.434376 29.874266 0.828573
v 1.631250 5.294562 -4.192189
v 2.721094 5.037268 -4.656544
v 4.289063 4.183929 -4.205741
v 4.865626 2.910138 -2.894456
v 3.196875 2.702628 -1.369448
v 1.729688 3.792084 -1.923274
v 1.106250 4.780900 -3.222348
v 4.200001 2.884963 -2.132048
v 0.932813 0.037426 -5.063540
v 2.217188 -0.027768 -5.602703
v 1.171875 3.157228 -4.876154
v 2.242969 3.115164 -5.301741
v 3.745313 -0.025289 -4.866628
v 3.635157 2.823438 -4.544231
v 4.575001 -0.023029 -3.903472
v 6.028126 1.817884 -2.463659
v 4.396876 2.874185 -3.222954
v 4.992188 2.563882 -1.363980
v 3.133595 2.840070 -1.906593
v 6.285938 -0.003861 -2.813915
v 7.298439 1.457931 -1.162882
v 6.021095 2.064889 -0.472275
v 6.864845 1.805806 0.265500
v 5.268751 1.522659 0.561738
v 6.864845 1.397359 1.043513
v 5.299220 -0.100563 0.999463
v 6.874219 -0.048887 1.262208
v 3.803907 -0.012353 -0.114079
v 4.162501 1.811375 -0.425672
v 2.608594 -0.021093 -1.745231
v 1.680469 2.745058 -2.516094
v 1.521094 -0.023099 -2.426189
v 0.810938 3.058328 -3.821837
v 0.503906 -0.026098 -3.733896
v 7.478908 -0.064257 -1.372849
v 7.722658 1.410025 0.128911
v 7.907814 -0.032663 0.151753
v 1.296094 4.663310 -4.649909
v 2.547657 4.491888 -5.055275
v 0.825000 4.264181 -3.493554
v 1.492969 3.260638 -2.062454
v -2.231250 1.164964 13.810968
v -2.493750 1.034422 13.728748
v -2.275782 1.867548 14.246734
v -2.807813 1.530554 13.823634
v -3.571875 7.021361 12.384015
v -8.064845 6.363504 8.512271
v -8.067189 0.667374 9.787710
v -9.900002 -0.191283 3.375497
v -9.564845 5.451318 2.569514
v -2.676563 7.233612 13.010906
v 3.166407 1.723562 12.394846
v 2.179688 6.350209 11.247038
v 1.366407 24.648037 5.546772
v 1.551563 21.333912 6.481435
v -1.026563 23.975750 5.241953
v -1.253907 21.475594 6.166056
v 1.844532 16.348099 7.911812
v -1.678125 16.604282 8.073790
v 2.097657 11.377776 9.587114
v 1.732032 24.294083 6.422278
v -0.895313 27.557920 3.752770
v -3.178125 29.624786 2.048909
v -4.828126 31.948250 1.058736
v -1.115625 31.228697 3.079420
v -4.303126 34.750816 2.273618
v -6.189845 34.794468 1.070626
v 0.935157 30.596199 -6.347761
v 1.797657 36.025429 -4.466243
v -1.209375 36.029396 -5.207642
v -3.278907 37.979427 -4.270293
v 0.986719 38.734558 -2.435290
v 4.207032 3.627970 -4.515599
v -5.235938 0.481155 2.598567
v -5.329688 3.380667 3.053412
v -6.503907 0.375495 3.156951
v -6.344532 3.385996 3.590348
v -7.017189 0.257939 4.771312
v -6.679688 3.156632 5.194010
v -6.885938 0.165825 6.032484
v -6.836720 1.843566 8.170883
v -7.263283 0.024623 8.017780
v -6.768751 1.464802 9.875854
v -7.031251 -0.059984 9.874416
v -6.121876 1.430175 11.071812
v -6.215626 -0.012564 11.230997
v -4.701563 -0.014418 11.242043
v -6.175782 3.253045 6.677263
v -5.322657 2.591832 8.208225
v -5.390626 2.063450 9.459978
v -4.071095 1.839253 8.207321
v -4.125001 1.552744 9.582257
v -5.435157 1.829249 10.537861
v -4.867970 1.429363 11.074484
v -3.808595 -0.065634 9.913203
v -3.597657 0.019322 8.061026
v -3.965626 0.161001 6.078912
v -3.890626 2.994336 5.071044
v -3.714845 0.252501 4.823586
v -4.307813 3.267747 3.497502
v -3.970313 0.371805 3.190437
v -4.371095 3.165288 6.601857
v -5.228907 3.261122 7.267102
v -5.357813 4.506330 2.868375
v -6.398438 4.592088 3.678385
v -6.914063 4.232731 5.565544
v -6.152345 5.233305 3.883829
v -6.691407 4.848410 5.643541
v -5.261720 12.375539 4.582985
v -5.974219 3.923781 7.239748
v -4.373438 11.325428 9.049582
v -4.973438 3.552848 7.651200
v -0.960938 10.520426 8.217527
v -3.789845 3.521976 6.861480
v -1.495313 11.488807 3.659554
v -3.389063 4.150949 5.052133
v -4.078126 4.783685 3.511063
v -3.384375 3.544539 4.939685
v -4.157813 4.162174 3.284830
v -5.151563 5.281652 3.210436
v 1.631250 5.294562 -4.192189
v 2.721094 5.037268 -4.656544
v 5.299220 11.462231 -1.987164
v 4.289063 4.183929 -4.205741
v 4.865626 2.910138 -2.894456
v 7.971095 8.759328 0.732829
v 4.410938 2.824423 -1.800909
v 5.257032 8.365173 3.068229
v 3.196875 2.702628 -1.369448
v 2.296875 11.030805 0.589031
v 1.729688 3.792084 -1.923274
v 1.106250 4.780900 -3.222348
v 4.200001 2.884963 -2.132048
v -6.126564 27.422113 6.326611
v -6.442970 27.849749 4.416216
v -8.329689 26.874475 6.588162
v -8.332033 27.732750 4.672456
v -10.427345 27.776175 6.645480
v -10.110939 28.346540 5.021942
v -11.613283 29.045038 7.018474
v -11.247658 29.562929 5.191056
v -11.753908 31.033827 7.037561
v -11.242970 31.165199 5.398802
v -6.759376 29.498516 6.792244
v -7.078126 29.588085 4.994931
v -8.118752 30.861567 7.195007
v -8.289845 30.911781 5.395575
v -10.007814 31.360060 7.441969
v -9.890627 31.470446 5.466401
v 0.060938 27.748245 13.622048
v 1.792969 27.419327 15.089110
v 1.326563 27.961832 12.100206
v 2.842969 28.025888 13.267704
v 3.534375 28.466366 16.121639
v 4.178907 28.802702 14.403763
v 4.338282 29.839325 16.882483
v 5.013282 30.106056 15.015794
v 4.443751 31.787474 16.691469
v 4.816407 31.689491 15.064916
v 0.346875 29.875313 14.051221
v 1.500000 29.753063 12.777579
v 1.284375 31.357264 14.916935
v 2.278125 31.179199 13.617807
v 2.756250 32.019787 16.056129
v 3.600001 31.873165 14.429533
v 0.895313 28.249392 4.214314
v -0.248438 29.333750 3.632373
v 2.629688 28.317842 4.009254
v 2.571095 29.589542 4.098654
v -1.211719 31.162876 3.305424
v 1.467188 31.848692 4.726314
v -2.716407 29.253483 2.944885
v -4.192970 31.537403 2.033814
v -3.982032 33.140553 2.957973
v -6.000001 34.311222 1.642584
v -4.389845 34.499699 2.607854
v -6.370313 37.077484 0.991005
v -5.048438 37.201408 1.819695
v -4.565626 39.026264 0.966295
v -5.395313 38.400703 2.619909
v -4.675782 39.548298 1.322053
v -5.317969 41.823555 3.813169
v -4.830470 42.387878 2.003367
v -4.860938 45.195042 4.506202
v -4.284376 45.611115 2.761145
v -4.075782 48.365196 3.676274
v -3.321095 48.000935 2.327168
v -3.307032 51.133175 2.974224
v -2.636719 50.794384 2.164632
v -2.381250 54.302700 2.526744
v -2.039063 54.044987 2.080358
v -1.314844 57.314590 1.092719
v -1.521094 53.910057 1.877736
v -1.185938 54.022999 2.331606
v -0.663282 50.865917 3.136783
v -1.132032 54.270485 2.894834
v -0.916407 51.219856 4.152213
v -1.471875 54.496155 3.270077
v -1.727344 51.553513 4.892215
v -1.940625 54.611786 3.359297
v -2.765625 51.666336 4.853709
v -2.292188 54.517311 3.028354
v -3.419532 51.492222 4.059252
v -3.855470 48.731922 5.195897
v -4.289063 45.093506 6.738831
v -4.818751 44.056469 6.444510
v -5.261720 41.324520 5.407118
v -5.332032 37.508823 4.017068
v -4.642970 35.988964 3.428213
v -5.775001 36.957905 4.979514
v -4.267970 35.445694 4.495996
v -5.917970 40.979317 6.589375
v -5.496095 43.492523 7.420354
v -3.998438 43.809345 7.924108
v -1.417969 50.668552 2.190496
v -1.605469 47.850872 1.993344
v -0.365625 48.055122 3.213335
v -0.616407 45.681740 2.064458
v 0.044531 45.615524 3.280629
v -0.194531 42.845043 0.940390
v 0.754688 42.401024 2.658901
v 0.018750 40.706436 1.413283
v 0.656250 39.914806 3.381914
v 0.700781 40.575314 1.300190
v 0.789844 39.420502 4.020931
v 2.936719 40.109470 3.520140
v 2.409375 39.307938 5.080713
v 1.814063 37.673199 5.769013
v 0.445313 37.633438 5.001371
v 0.562500 38.656120 4.860957
v -0.492188 36.226913 5.307080
v -0.325781 37.663300 5.908834
v -0.208594 37.134552 7.049470
v 0.909375 41.019192 7.307443
v -1.333594 34.849007 5.674691
v -0.750000 35.239803 4.777455
v -2.252344 33.120468 3.895303
v -0.600000 33.405640 4.923006
v 1.246875 34.878559 6.006024
v -0.257813 34.823849 5.010743
v 0.815625 41.837990 4.532910
v 0.192188 45.200180 5.112773
v -0.489844 48.431057 4.753391
v -1.521094 48.774826 5.897637
v -2.885157 48.914116 6.200570
v -0.888282 45.096966 7.147305
v -2.685938 45.007137 7.763067
v 3.503907 39.816616 1.524460
v 2.308594 40.025482 0.363152
v -1.924219 45.679207 1.401424
v -1.781250 42.934296 0.147593
v -1.328907 40.903175 0.264758
v -0.764063 40.600952 -0.086655
v 0.117188 40.257107 -1.141364
v 1.047657 39.008751 -2.572424
v -3.351563 45.678955 1.736267
v -3.506250 42.837246 0.551650
v -3.042188 40.496002 0.230611
v -2.723438 40.267990 -0.444334
v -5.203126 39.641026 -1.105287
v -6.232032 38.730339 0.116285
v -3.689063 39.501068 -2.555155
v -2.177344 39.788116 -2.170259
v -3.996095 34.985214 2.890178
v -2.753907 43.663483 8.414392
v -1.420313 43.968506 8.170015
v -0.290625 44.067123 6.975914
v -0.011719 43.617954 8.079317
v 0.431250 41.323513 6.182946
v -0.890625 42.452511 6.341974
v -1.021875 42.511444 6.240291
v -1.028907 42.480469 6.625978
v -1.127344 42.564621 6.435311
v -1.333594 42.628563 6.564492
v -1.331250 42.510326 6.811453
v -1.567969 42.646729 6.615768
v -1.612500 42.514008 6.802382
v -1.788282 42.610893 6.580317
v -4.080470 42.445007 5.967820
v -4.012501 42.473457 6.276091
v -3.925782 42.504612 5.899571
v -3.871876 42.558159 6.112934
v -3.703126 42.622990 6.286601
v -3.759376 42.504608 6.526608
v -3.482813 42.642227 6.391048
v -3.480469 42.509605 6.583134
v -3.262501 42.607422 6.407181
vn 0.2420 -0.3245 0.9144
vn 0.3329 -0.5271 0.7819
vn -0.0440 -0.1705 0.9844
vn 0.4023 -0.1238 0.9071
vn 0.7428 -0.1892 0.6423
vn 0.6589 0.2414 0.7125
vn 0.7148 0.2321 0.6597
vn 0.8488 0.0355 0.5275
vn 0.7672 -0.4365 0.4700
vn 0.2891 -0.7022 0.6506
vn 0.4873 -0.8205 0.2990
vn 0.2025 -0.9339 0.2947
vn 0.3159 -0.9019 0.2946
vn 0.2025 -0.9339 0.2948
vn 0.2181 -0.9172 0.3336
vn 0.1304 -0.9147 0.3826
vn 0.2332 -0.8686 0.4372
vn 0.1251 -0.8744 0.4689
vn 0.3888 -0.6754 0.6266
vn 0.1683 -0.4400 0.8821
vn -0.1960 -0.4845 0.8526
vn 0.2890 -0.7022 0.6507
vn -0.0743 -0.4099 0.9091
vn -0.0662 -0.4900 0.8692
vn -0.0641 -0.4838 0.8728
vn 0.0842 -0.1876 0.9786
vn 0.1046 -0.1522 0.9828
vn 0.3427 -0.1398 0.9290
vn 0.2759 -0.1265 0.9528
vn 0.7133 -0.2449 0.6566
vn 0.6433 -0.3020 0.7036
vn 0.7102 -0.5118 0.4834
vn 0.6087 -0.3839 0.6943
vn 0.4985 -0.1833 0.8473
vn 0.4512 -0.4012 0.7972
vn 0.1806 -0.1950 0.9640
vn 0.0511 -0.4950 0.8674
vn 0.0574 0.1134 0.9919
vn -0.3008 -0.2967 0.9064
vn 0.5217 0.0968 0.8476
vn 0.3945 -0.0475 0.9177
vn 0.5421 -0.0812 0.8364
vn -0.7928 -0.5263 0.3072
vn -0.7501 -0.3902 0.5339
vn -0.3233 -0.8702 0.3718
vn -0.5189 -0.6809 0.5169
vn -0.7868 -0.3065 0.5358
vn -0.8461 -0.2586 0.4662
vn -0.5474 -0.1308 0.8266
vn -0.4842 -0.1154 0.8673
vn -0.3262 -0.1506 0.9332
vn -0.3045 -0.1872 0.9339
vn -0.1378 -0.4821 0.8652
vn -0.1348 -0.4888 0.8619
vn -0.4507 -0.7030 0.5501
vn -0.0683 -0.4507 0.8901
vn -0.3833 -0.4416 0.8112
vn -0.4955 -0.5335 0.6855
vn -0.8702 -0.2336 0.4339
vn -0.5988 -0.1303 0.7903
vn -0.8046 0.2396 0.5434
vn -0.2861 0.1126 0.9516
vn -0.7066 0.0919 0.7017
vn -0.3974 -0.1979 0.8960
vn -0.5968 -0.0522 0.8007
vn -0.6812 -0.1842 0.7085
vn -0.7216 -0.0865 0.6869
vn -0.6227 -0.4016 0.6715
vn -0.2515 -0.4989 0.8294
vn 0.0878 -0.2963 0.9511
vn -0.1831 -0.1676 0.9687
vn -0.4552 -0.3144 0.8330
vn -0.8465 0.2293 0.4805
vn -0.9490 0.0318 0.3138
vn -0.8238 -0.4600 0.3313
vn -0.5191 -0.8193 0.2435
vn -0.2619 -0.9346 0.2408
vn -0.2843 -0.9187 0.2740
vn -0.2107 -0.9159 0.3417
vn -0.2248 -0.8750 0.4287
vn -0.5230 -0.2691 0.8087
vn -0.2710 -0.1716 0.9472
vn -0.4916 -0.2274 0.8406
vn -0.3744 -0.1540 0.9144
vn -0.1814 -0.1422 0.9731
vn 0.0360 -0.1683 0.9851
vn 0.0513 -0.1761 0.9830
vn 0.3905 -0.2375 0.8894
vn 0.3173 -0.1864 0.9298
vn 0.6561 -0.3507 0.6683
vn 0.7294 -0.4483 0.5167
vn 0.3332 -0.2799 0.9004
vn 0.2833 -0.2251 0.9322
vn 0.0468 -0.1711 0.9841
vn 0.1518 -0.1477 0.9773
vn -0.0469 -0.1412 0.9889
vn -0.2654 -0.1664 0.9497
vn -0.2740 -0.1761 0.9455
vn -0.5859 -0.2406 0.7738
vn -0.5217 -0.1912 0.8314
vn -0.7936 -0.3587 0.4914
vn -0.8282 -0.4573 0.3240
vn 0.6969 -0.1176 0.7075
vn 0.7649 -0.1496 0.6266
vn -0.5352 0.6779 0.5040
vn -0.2053 -0.7072 -0.6766
vn 0.7046 -0.7089 -0.0314
vn 0.5026 -0.8370 0.2163
vn -0.0536 0.3658 0.9291
vn 0.7607 -0.5319 0.3721
vn -0.0036 -0.6446 0.7645
vn -0.0127 -0.9910 0.1335
vn -0.3810 -0.9210 0.0811
vn -0.2054 0.0185 0.9785
vn -0.8636 -0.1516 0.4808
vn -0.8620 -0.0484 0.5047
vn -0.9005 -0.2005 0.3859
vn -0.9307 -0.2313 0.2835
vn -0.7536 0.0399 0.6562
vn -0.8268 -0.2939 0.4797
vn -0.2054 0.0184 0.9785
vn -0.4073 0.2076 0.8894
vn -0.5553 -0.8263 0.0945
vn -0.6782 -0.7100 -0.1897
vn -0.8303 -0.2393 0.5033
vn -0.9324 -0.1984 0.3020
vn -0.8999 -0.1705 0.4013
vn -0.8372 -0.2146 0.5030
vn -0.7600 -0.2104 0.6149
vn -0.4797 -0.2732 0.8338
vn -0.4259 -0.2671 0.8644
vn -0.1109 -0.2833 0.9526
vn -0.1120 -0.2744 0.9551
vn 0.2167 -0.2659 0.9393
vn 0.2764 -0.2724 0.9216
vn 0.5989 -0.2090 0.7731
vn 0.6632 -0.1987 0.7216
vn 0.7794 -0.1471 0.6091
vn 0.7822 -0.1499 0.6047
vn 0.7659 -0.1556 0.6239
vn 0.8412 0.3627 -0.4011
vn 0.8824 0.1827 -0.4336
vn 0.2689 0.3505 -0.8971
vn 0.4261 0.0951 -0.8997
vn 0.7333 -0.2335 -0.6385
vn 0.3812 -0.4575 -0.8034
vn 0.0356 -0.2193 -0.9750
vn -0.2947 0.1426 -0.9449
vn -0.3501 0.1810 -0.9191
vn 0.7909 0.3638 -0.4920
vn 0.8294 0.2572 -0.4960
vn 0.1747 0.4061 -0.8970
vn 0.2314 0.1316 -0.9639
vn 0.6768 -0.1455 -0.7217
vn 0.2597 -0.4513 -0.8537
vn -0.1697 -0.2490 -0.9535
vn -0.5371 0.1209 -0.8348
vn -0.5262 0.2241 -0.8203
vn 0.4852 0.0526 -0.8728
vn 0.5329 0.2407 -0.8112
vn 0.9261 -0.0646 -0.3716
vn 0.9124 0.2696 -0.3080
vn 0.5808 0.5314 -0.6167
vn 0.7626 0.6440 -0.0609
vn 0.9194 0.2968 0.2580
vn 0.9607 -0.0065 0.2774
vn 0.9324 -0.1878 0.3087
vn -0.6878 -0.3752 0.6214
vn -0.0039 -0.4444 0.8958
vn -0.6086 -0.2753 0.7441
vn 0.0609 -0.1595 0.9853
vn 0.6810 -0.2813 0.6760
vn 0.6968 -0.1675 0.6974
vn 0.4392 0.1653 0.8831
vn 0.0275 0.3726 0.9276
vn -0.3572 0.0827 0.9304
vn 0.1503 -0.3296 0.9321
vn 0.7129 -0.3125 0.6278
vn 0.2115 -0.1856 0.9596
vn 0.7531 0.0123 0.6577
vn 0.9839 -0.1689 0.0585
vn 0.9973 -0.0114 0.0728
vn 0.9192 0.3008 0.2543
vn 0.6783 0.5239 0.5152
vn 0.4031 0.2426 0.8824
vn 0.8733 -0.2642 0.4094
vn 0.8365 -0.1530 0.5262
vn 0.3731 -0.4237 0.8254
vn 0.3801 -0.1840 0.9065
vn 0.7386 0.0641 0.6711
vn 0.3181 0.1727 0.9322
vn -0.0840 -0.0140 0.9964
vn -0.1988 -0.2691 0.9424
vn -0.2768 -0.4156 0.8664
vn -0.0869 0.0593 -0.9944
vn 0.0812 0.2264 -0.9706
vn 0.5830 0.0247 -0.8121
vn 0.6069 0.2402 -0.7576
vn 0.2806 0.5075 -0.8147
vn 0.5605 0.5755 -0.5955
vn 0.8131 0.3737 -0.4464
vn 0.9420 0.0444 -0.3327
vn 0.9547 -0.0342 -0.2956
vn 0.2819 -0.0882 0.9554
vn 0.3225 -0.2179 0.9211
vn 0.7868 -0.0332 0.6163
vn 0.7617 -0.3572 0.5406
vn 0.3955 -0.5266 0.7525
vn 0.4902 -0.7994 0.3475
vn 0.8188 -0.5391 0.1975
vn 0.9945 -0.0920 0.0508
vn 0.9969 0.0785 0.0102
vn -0.1353 0.0076 0.9908
vn -0.0219 -0.1481 0.9887
vn 0.5984 0.0094 0.8011
vn 0.6138 -0.2098 0.7611
vn 0.1792 -0.4365 0.8817
vn 0.4523 -0.6025 0.6576
vn 0.7817 -0.4488 0.4329
vn 0.9726 -0.0775 0.2192
vn 0.9810 0.0289 0.1917
vn -0.7123 0.0611 0.6992
vn -0.7259 -0.0402 0.6866
vn -0.0667 0.0287 0.9974
vn -0.0685 -0.0934 0.9933
vn -0.5201 -0.3167 0.7932
vn -0.1055 -0.4906 0.8650
vn 0.3909 -0.3201 0.8630
vn 0.6533 -0.0647 0.7543
vn 0.6001 -0.0490 0.7985
vn 0.2798 -0.8311 -0.4806
vn 0.0201 -0.9995 -0.0238
vn 0.2412 -0.8768 -0.4159
vn -0.1278 -0.9600 -0.2490
vn -0.6993 -0.6012 0.3867
vn -0.8432 -0.5216 0.1299
vn -0.8240 -0.1880 0.5345
vn -0.8901 -0.2787 0.3606
vn -0.7707 -0.2580 0.5827
vn -0.6557 -0.2815 0.7006
vn -0.6454 -0.4770 0.5965
vn -0.7037 0.0137 0.7104
vn -0.7190 -0.2138 0.6613
vn -0.8483 0.1920 0.4934
vn -0.8243 -0.1101 0.5554
vn -0.9243 0.0042 0.3818
vn -0.6866 -0.4678 0.5566
vn 0.0569 -0.8762 -0.4787
vn -0.0007 -0.9994 0.0341
vn -0.0112 -0.9995 -0.0286
vn 0.1878 -0.6285 0.7548
vn 0.5778 -0.6023 0.5508
vn 0.5435 -0.2651 0.7964
vn 0.6635 -0.2027 0.7202
vn 0.2855 -0.0152 0.9582
vn 0.6206 -0.2928 0.7274
vn -0.0394 -0.2425 0.9693
vn -0.4357 -0.0061 0.9001
vn 0.0848 0.5742 0.8143
vn 0.4007 0.4306 0.8087
vn 0.5996 -0.1038 0.7936
vn 0.2482 0.3658 0.8970
vn 0.2009 -0.1444 0.9689
vn -0.1150 -0.1299 0.9848
vn 0.1947 -0.3904 0.8998
vn -0.1028 -0.4465 0.8888
vn -0.0968 -0.5404 0.8358
vn -0.3950 -0.3907 0.8314
vn -0.3541 -0.6300 0.6912
vn -0.7139 -0.2455 0.6558
vn -0.4322 -0.1414 0.8906
vn -0.4729 0.3441 0.8112
vn -0.7617 -0.0870 0.6421
vn -0.5973 0.3785 0.7071
vn -0.6081 0.0664 0.7911
vn -0.2432 0.5937 0.7671
vn -0.2029 0.1229 0.9715
vn -0.4350 0.0754 0.8972
vn -0.1090 0.3594 0.9268
vn -0.2297 -0.6753 0.7009
vn -0.0627 -0.8350 0.5467
vn -0.0455 -0.6694 0.7415
vn 0.1682 -0.8301 0.5316
vn -0.2649 -0.8775 0.3998
vn -0.4656 -0.6758 0.5715
vn -0.2210 -0.8839 0.4121
vn -0.3263 -0.7241 0.6076
vn -0.0672 -0.8066 0.5873
vn -0.4665 -0.3500 0.8123
vn -0.1022 -0.4615 0.8812
vn -0.1069 -0.3664 0.9243
vn 0.2657 -0.3482 0.8990
vn 0.2876 -0.3233 0.9015
vn 0.6745 -0.1075 0.7304
vn 0.5448 -0.4638 0.6986
vn 0.8120 0.0128 0.5835
vn 0.1047 -0.4500 0.8868
vn -0.1134 -0.1666 0.9795
vn -0.3056 -0.4507 0.8387
vn -0.5518 0.1762 0.8151
vn 0.3477 0.1790 0.9204
vn -0.1241 0.2134 0.9690
vn 0.5324 0.2313 0.8143
vn -0.1085 -0.3738 0.9211
vn 0.1895 0.0735 0.9791
vn -0.3959 -0.3654 0.8425
vn -0.3166 0.1278 0.9399
vn -0.1196 0.4124 0.9031
vn 0.1806 0.4651 0.8666
vn -0.1890 -0.5992 0.7780
vn -0.0851 -0.6666 0.7405
vn 0.0066 -0.5979 0.8015
vn 0.1910 -0.3645 0.9114
vn -0.7090 0.2311 0.6662
vn -0.4058 0.0727 0.9110
vn 0.0907 0.1291 0.9875
vn -0.0944 0.4134 0.9056
vn -0.3784 0.4633 0.8014
vn 0.1886 -0.7215 0.6662
vn 0.1528 -0.8718 0.4654
vn 0.3049 -0.6988 0.6470
vn 0.2395 -0.8198 0.5201
vn -0.1479 -0.7658 0.6258
vn -0.2370 -0.8060 0.5424
vn -0.5337 -0.4904 0.6889
vn -0.1492 -0.5104 0.8469
vn 0.4336 -0.4021 0.8064
vn 0.4760 -0.2721 0.8363
vn 0.7918 -0.2678 0.5490
vn 0.5622 -0.5082 0.6524
vn 0.8649 -0.2330 0.4445
vn 0.7465 -0.5913 0.3050
vn 0.9375 -0.2321 0.2594
vn 0.7946 -0.5110 0.3278
vn 0.7805 -0.5329 0.3268
vn 0.1560 -0.9679 -0.1970
vn -0.1585 -0.8752 -0.4570
vn -0.1586 -0.8314 -0.5325
vn 0.5433 -0.2547 0.8000
vn 0.5204 0.0160 0.8537
vn 0.7114 0.1990 0.6740
vn 0.4428 0.1569 0.8828
vn 0.6861 0.2256 0.6917
vn 0.2000 0.1775 0.9636
vn 0.5259 0.2294 0.8191
vn 0.1192 0.4753 0.8717
vn 0.2177 -0.0950 0.9714
vn 0.2477 -0.3928 0.8856
vn 0.2295 -0.2373 0.9439
vn 0.4626 -0.1476 0.8742
vn 0.4477 0.1746 0.8770
vn 0.7612 -0.0834 0.6432
vn 0.7263 -0.0772 0.6831
vn 0.8403 0.0116 0.5419
vn 0.5386 -0.4657 0.7021
vn 0.1271 0.1966 0.9722
vn 0.2154 0.1220 0.9689
vn 0.1338 0.4594 0.8781
vn 0.0091 0.1744 0.9846
vn 0.3464 -0.1612 0.9242
vn -0.0363 -0.7159 0.6972
vn 0.0817 -0.7671 0.6363
vn 0.1219 -0.9165 0.3810
vn 0.2741 -0.7949 0.5414
vn 0.2998 -0.9156 0.2681
vn 0.3702 -0.8261 0.4249
vn 0.2309 -0.9686 0.0916
vn 0.3522 -0.6694 0.6541
vn 0.1173 -0.9813 0.1526
vn -0.0340 -0.7367 0.6754
vn -0.0424 -0.9776 0.2062
vn -0.2828 -0.8791 0.3836
vn -0.4844 -0.4649 0.7411
vn -0.2355 -0.2219 0.9462
vn 0.2867 -0.1180 0.9507
vn 0.2070 0.0059 0.9783
vn 0.4742 0.0359 0.8797
vn 0.5412 -0.2834 0.7917
vn -0.1163 0.0440 0.9922
vn -0.1166 -0.0418 0.9923
vn -0.4280 0.0033 0.9038
vn 0.1292 -0.9823 -0.1357
vn 0.3644 -0.9117 0.1900
vn 0.5911 -0.6512 0.4760
vn 0.2800 -0.8681 0.4099
vn 0.4854 -0.2552 0.8362
vn 0.3226 -0.4048 0.8556
vn -0.1110 -0.2000 0.9735
vn -0.1057 -0.3865 0.9162
vn -0.5055 -0.4052 0.7617
vn 0.7136 -0.2921 0.6367
vn 0.8000 0.0440 0.5984
vn 0.6043 0.1913 0.7734
vn 0.6794 0.0940 0.7277
vn 0.5435 0.1643 0.8232
vn 0.3479 -0.1463 0.9261
vn -0.1129 0.2282 0.9670
vn -0.1086 -0.4302 0.8962
vn -0.5462 -0.1570 0.8228
vn 0.3124 -0.0242 0.9496
vn -0.1053 0.3211 0.9412
vn -0.6606 -0.2565 0.7055
vn -0.3569 -0.8731 0.3321
vn -0.7194 0.1593 0.6760
vn -0.8298 0.0885 0.5510
vn -0.5237 -0.0272 0.8515
vn -0.0354 -0.9504 0.3089
vn -0.4863 -0.3237 0.8116
vn -0.8288 0.2227 0.5133
vn -0.6336 0.1546 0.7580
vn -0.4232 0.1782 0.8884
vn -0.4300 -0.1018 0.8971
vn -0.3399 0.2035 0.9182
vn -0.4428 0.1278 0.8875
vn -0.3196 0.4739 0.8205
vn -0.3345 0.4596 0.8227
vn -0.7025 0.2268 0.6745
vn -0.9171 0.0419 0.3964
vn -0.7663 0.1905 0.6135
vn -0.6838 -0.6532 0.3254
vn -0.1451 -0.9817 0.1230
vn -0.8393 -0.2984 0.4545
vn -0.3901 -0.9153 0.1000
vn -0.0899 -0.9829 -0.1608
vn -0.2432 -0.9692 0.0378
vn -0.3502 -0.9166 0.1929
vn -0.4550 -0.8280 0.3277
vn -0.3875 -0.8004 0.4574
vn -0.7086 -0.2870 0.6446
vn -0.6650 0.0339 0.7460
vn -0.4980 -0.1210 0.8587
vn 0.0102 -0.2208 0.9753
vn 0.3010 -0.4615 0.8345
vn -0.2315 -0.9140 0.3333
vn -0.1209 -0.7011 0.7027
vn -0.2214 -0.7582 0.6132
vn -0.5495 -0.1625 0.8195
vn -0.8709 -0.0786 0.4851
vn -0.6394 0.1704 0.7498
vn -0.8893 -0.0872 0.4490
vn -0.6514 -0.1519 0.7434
vn -0.6834 -0.4697 0.5588
vn -0.4451 -0.3941 0.8041
vn -0.6971 -0.5105 0.5034
vn -0.9446 0.0116 0.3282
vn -0.8459 -0.5158 0.1356
vn -0.7922 -0.5977 0.1236
vn -0.9706 -0.2382 0.0337
vn -0.9431 -0.2367 0.2334
vn -0.9599 -0.1930 0.2033
vn -0.8592 -0.5073 -0.0666
vn -0.3164 -0.8485 -0.4241
vn -0.2124 -0.9172 -0.3370
vn 0.0589 -0.8492 -0.5248
vn -0.2541 -0.9188 -0.3020
vn 0.0885 -0.9621 -0.2578
vn 0.0347 -0.9611 -0.2740
vn 0.0309 -0.9687 -0.2462
vn -0.0225 -0.9624 -0.2707
vn 0.3212 -0.9175 -0.2345
vn 0.0666 -0.8449 -0.5307
vn 0.2329 -0.9266 -0.2954
vn 0.4120 -0.8411 -0.3505
vn 0.8564 -0.4996 0.1306
vn 0.8876 -0.1905 0.4193
vn 0.9591 -0.1939 0.2062
vn 0.9070 -0.4203 0.0255
vn 0.6726 -0.6952 -0.2535
vn -0.5940 -0.6970 -0.4016
vn -0.8872 -0.4229 -0.1845
vn -0.9796 -0.1994 -0.0244
vn -0.2201 0.1692 0.9607
vn -0.4454 -0.2442 0.8614
vn -0.1190 -0.7375 0.6647
vn 0.1914 -0.8795 0.4357
vn -0.0023 -0.9776 0.2105
vn -0.4901 -0.6712 0.5561
vn 0.8417 -0.4562 0.2888
vn 0.7102 -0.6750 -0.2000
vn 0.9913 -0.0813 -0.1035
vn 0.7781 -0.2048 -0.5938
vn 0.6843 0.2364 -0.6898
vn 0.6728 0.3347 -0.6598
vn 0.9425 0.3273 -0.0681
vn 0.8032 0.1639 0.5726
vn 0.8242 -0.0287 0.5656
vn 0.0597 0.1432 0.9879
vn -0.9905 0.1263 0.0547
vn -0.9900 0.1299 0.0543
vn -0.9893 0.1354 0.0537
vn -0.9888 0.1392 0.0533
vn 0.6888 0.7127 -0.1325
vn 0.6853 0.7160 -0.1330
vn 0.6888 0.7127 -0.1326
vn 0.6852 0.7161 -0.1330
vn 0.3400 -0.9319 0.1262
vn 0.3401 -0.9319 0.1262
vn 0.3455 -0.9299 0.1258
vn 0.3457 -0.9299 0.1258
vn -0.0602 -0.1434 -0.9878
vn 0.3903 -0.8826 0.2621
vn -0.8638 -0.1516 -0.4805
vn -0.6776 -0.5684 -0.4666
vn -0.8534 0.3995 -0.3350
vn -0.9436 0.0638 -0.3249
vn -0.6342 0.6049 -0.4815
vn -0.6295 -0.1183 -0.7680
vn 0.0146 0.8880 -0.4597
vn -0.5134 0.3296 -0.7923
vn 0.1293 0.9881 -0.0836
vn 0.0163 0.9938 0.1097
vn -0.6950 0.6184 0.3668
vn 0.2663 -0.1316 0.9549
vn -0.3663 -0.9305 -0.0052
vn 0.0284 -0.1510 0.9881
vn -0.4990 -0.7042 0.5050
vn -0.4775 0.7251 0.4962
vn -0.8484 -0.5279 0.0393
vn -0.9141 0.1684 -0.3689
vn -0.6697 -0.0411 -0.7415
vn -0.3019 0.8705 -0.3887
vn -0.8534 0.3994 -0.3350
vn -0.2449 0.9520 0.1836
vn 0.1328 0.9862 0.0991
vn 0.4529 0.8910 -0.0308
vn 0.4626 0.8691 0.1750
vn 0.8164 0.4589 0.3505
vn 0.8254 0.4133 0.3847
vn 0.8889 0.0851 0.4501
vn 0.7736 0.3438 0.5322
vn 0.7998 0.1244 0.5873
vn 0.7460 0.3857 0.5429
vn 0.4151 -0.8274 0.3784
vn 0.0284 0.3160 0.9483
vn 0.1797 -0.7470 0.6400
vn -0.6636 -0.7074 0.2435
vn -0.8787 -0.4220 -0.2234
vn -0.8842 -0.4234 -0.1971
vn -0.8926 -0.3828 -0.2381
vn -0.6371 -0.7398 -0.2162
vn -0.8229 -0.5472 -0.1529
vn -0.1875 0.9775 0.0965
vn -0.9392 -0.0554 -0.3389
vn -0.9940 0.1097 -0.0006
vn -0.6091 -0.7444 0.2735
vn -0.0227 0.3600 0.9327
vn 0.3738 -0.5924 0.7137
vn 0.7610 0.3326 0.5570
vn 0.5253 -0.7345 0.4297
vn 0.6159 -0.6589 0.4319
vn -0.2807 -0.9570 -0.0725
vn 0.0805 -0.9935 0.0806
vn -0.8566 -0.3848 -0.3438
vn 0.4681 0.7078 0.5291
vn 0.8971 -0.3084 0.3163
vn 0.8061 0.0088 0.5917
vn 0.1306 -0.9757 -0.1759
vn 0.3652 -0.9308 0.0118
vn -0.2361 -0.9300 -0.2817
vn 0.7938 -0.4590 0.3990
vn 0.8187 0.2425 0.5206
vn 0.1678 -0.9851 -0.0382
vn -0.4386 0.8903 0.1222
vn -0.1403 0.9895 -0.0362
vn 0.0188 0.9944 -0.1039
vn -0.6931 0.5608 -0.4528
vn -0.5714 0.7685 -0.2880
vn -0.7214 -0.5951 -0.3542
vn -0.7774 0.6290 0.0082
vn -0.9686 -0.2487 -0.0053
vn -0.0446 0.3990 0.9159
vn -0.6124 -0.7606 0.2156
vn 0.2339 -0.7093 0.6650
vn 0.3572 -0.8317 0.4251
vn -0.9006 -0.3361 -0.2755
vn 0.5879 0.6429 0.4910
vn -0.3411 0.9364 -0.0824
vn 0.6673 0.4095 0.6221
vn 0.0450 0.3043 0.9515
vn 0.2748 -0.9008 0.3363
vn 0.0572 -0.8434 0.5342
vn -0.8652 -0.3532 -0.3561
vn -0.6914 -0.6962 0.1929
vn -0.9994 -0.0334 0.0092
vn -0.6646 0.7471 0.0166
vn -0.8837 -0.3227 -0.3391
vn 0.5997 0.5642 0.5675
vn 0.6356 0.6637 0.3944
vn -0.8807 -0.2864 -0.3772
vn -0.5987 -0.8007 -0.0216
vn -0.9094 -0.3492 -0.2260
vn 0.6965 0.4411 0.5660
vn 0.7067 0.4674 0.5311
vn -0.2784 0.9600 -0.0311
vn -0.5790 0.8115 0.0788
vn -0.9995 0.0235 -0.0200
vn -0.3210 -0.9470 -0.0143
vn -0.6394 0.5155 -0.5705
vn -0.6987 0.5530 -0.4538
vn 0.2829 0.4172 0.8637
vn -0.4189 0.2803 0.8637
vn 0.4096 0.7519 0.5167
vn 0.4091 0.2530 0.8767
vn 0.3615 -0.5898 0.7221
vn 0.8880 0.3421 0.3074
vn 0.9315 -0.3566 -0.0714
vn 0.9838 0.1756 -0.0347
vn 0.7458 -0.4975 -0.4431
vn 0.5458 0.7537 0.3660
vn -0.4130 0.6300 -0.6576
vn -0.4060 0.6217 -0.6698
vn 0.3967 -0.8229 -0.4067
vn -0.0138 -0.8075 -0.5898
vn -0.1530 -0.8309 -0.5350
vn -0.0255 -0.9969 0.0749
vn -0.2017 -0.8647 -0.4601
vn -0.6189 -0.5959 0.5118
vn -0.5809 -0.1776 0.7944
vn -0.9322 -0.0010 0.3618
vn -0.9001 0.1156 0.4201
vn -0.9585 0.2850 -0.0003
vn -0.9690 0.1600 0.1880
vn -0.7592 0.6489 -0.0501
vn -0.7898 0.5532 0.2649
vn -0.3127 0.9459 -0.0865
vn -0.0946 0.9357 0.3398
vn -0.0089 0.9898 0.1420
vn 0.8711 0.3947 0.2922
vn -0.8744 0.4825 -0.0517
vn -0.0841 0.9936 -0.0750
vn 0.4028 0.8932 -0.2000
vn 0.9386 0.3352 -0.0817
vn 0.9772 0.2068 -0.0482
vn 0.9220 -0.3729 0.1040
vn 0.8242 -0.5075 0.2512
vn 0.9245 -0.2603 0.2785
vn 0.0494 -0.9049 0.4228
vn 0.5168 0.8527 0.0755
vn -0.1287 0.9400 0.3160
vn 0.6932 0.6924 0.2001
vn 0.6301 0.7532 0.1887
vn 0.9695 -0.2250 -0.0968
vn 0.9923 0.1167 0.0418
vn 0.2246 -0.9252 0.3059
vn -0.1175 0.9564 0.2674
vn -0.8869 -0.0846 0.4542
vn -0.9692 0.2083 0.1315
vn -0.3600 -0.5823 0.7290
vn -0.7546 -0.6347 -0.1666
vn 0.2386 -0.9605 -0.1436
vn 0.1445 -0.9346 -0.3249
vn 0.9963 0.0848 0.0160
vn 0.3239 -0.4492 0.8326
vn 0.0473 -0.1887 0.9809
vn -0.3017 0.0878 0.9494
vn -0.9987 0.0402 -0.0325
vn -0.9432 -0.2826 -0.1746
vn -0.7935 -0.5947 -0.1293
vn -0.7506 -0.5688 -0.3363
vn 0.0624 -0.9564 -0.2852
vn 0.0992 -0.8978 -0.4291
vn 0.8235 -0.5671 -0.0181
vn 0.8834 -0.4628 -0.0733
vn 0.8153 -0.5722 -0.0885
vn -0.2630 -0.9625 -0.0669
vn 0.8754 0.4806 0.0521
vn 0.0580 0.9695 0.2383
vn -0.7415 0.6371 0.2104
vn -0.9768 -0.0593 0.2059
vn -0.9016 -0.0112 0.4324
vn -0.8599 -0.2846 0.4237
vn -0.3066 -0.3447 0.8872
vn -0.3504 -0.8049 0.4788
vn 0.6456 -0.5968 0.4765
vn 0.2213 -0.9695 -0.1053
vn 0.3601 -0.5498 -0.7537
vn -0.0998 -0.7986 -0.5935
vn -0.2612 -0.7332 -0.6279
vn 0.3680 -0.1230 -0.9217
vn 0.8830 -0.0017 -0.4694
vn 0.6668 0.6273 -0.4024
vn 0.8054 0.5915 0.0370
vn 0.4018 0.8305 0.3859
vn 0.5109 0.7204 0.4691
vn -0.3080 0.1098 0.9450
vn 0.5846 0.0493 0.8098
vn 0.5110 0.7203 0.4691
vn 0.4836 0.6916 0.5365
vn 0.0548 0.1309 0.9899
vn -0.8046 -0.3687 0.4655
vn -0.0716 -0.1823 0.9806
vn -0.0021 -0.6125 0.7905
vn -0.1900 -0.9718 0.1396
vn 0.8049 -0.5320 0.2629
vn 0.4169 -0.8460 -0.3324
vn 0.2551 -0.0788 -0.9637
vn -0.1960 -0.6698 -0.7162
vn -0.3077 0.2583 -0.9157
vn -0.1284 0.6814 -0.7205
vn 0.5536 0.3754 -0.7434
vn 0.8555 -0.2156 0.4707
vn 0.8556 -0.2156 0.4706
vn 0.0896 -0.9926 -0.0817
vn 0.7550 -0.6475 0.1030
vn 0.7551 -0.6475 0.1030
vn 0.6953 -0.5786 -0.4264
vn 0.0247 -0.8868 -0.4614
vn 0.5519 0.7035 0.4478
vn -0.0962 0.4906 0.8660
vn -0.5407 -0.2982 0.7866
vn -0.5478 -0.8325 0.0822
vn -0.0031 -0.9966 -0.0826
vn -0.0254 -0.9067 -0.4211
vn -0.0253 -0.9067 -0.4211
vn 0.7051 -0.7090 0.0052
vn 0.4955 -0.6201 0.6082
vn 0.9245 -0.1510 0.3500
vn 0.4434 0.6490 0.6183
vn 0.5479 0.2691 0.7921
vn 0.6180 0.5904 0.5191
vn -0.7189 -0.5549 0.4186
vn -0.0708 -0.3805 0.9221
vn -0.4303 -0.0039 0.9027
vn -0.6866 0.7268 0.0183
vn -0.8179 0.5752 0.0130
vn -0.4213 0.2269 -0.8781
vn -0.6873 0.7260 0.0227
vn -0.9760 0.1546 -0.1536
vn -0.8409 0.0793 0.5353
vn -0.9258 -0.2045 0.3179
vn -0.6827 -0.0610 0.7281
vn -0.8203 -0.3708 0.4355
vn -0.4213 0.2268 -0.8781
vn -0.5657 0.0849 -0.8202
vn -0.9364 0.0318 -0.3496
vn -0.8556 -0.4350 0.2807
vn -0.8377 -0.2363 0.4923
vn -0.5554 -0.4399 0.7057
vn -0.4733 -0.3125 0.8236
vn -0.6981 0.1805 -0.6929
vn -0.9431 0.1557 -0.2937
vn -0.7968 -0.1204 0.5921
vn -0.3632 -0.2296 0.9030
vn -0.7569 0.2751 -0.5929
vn -0.9606 0.2235 -0.1652
vn -0.7768 -0.1316 0.6158
vn -0.1881 -0.3876 0.9024
vn -0.9452 0.2878 -0.1541
vn -0.8593 0.2054 0.4683
vn -0.5711 -0.1795 0.8010
vn -0.1104 -0.5661 0.8169
vn -0.5354 0.2325 0.8120
vn -0.4236 -0.1673 0.8903
vn -0.1604 -0.6156 0.7715
vn -0.1166 0.2487 0.9615
vn -0.1140 -0.1869 0.9757
vn -0.0858 -0.6607 0.7457
vn -0.0198 -0.6152 0.7881
vn 0.2057 -0.1654 0.9645
vn -0.0798 -0.5665 0.8202
vn 0.3744 -0.1765 0.9103
vn -0.0230 -0.3874 0.9216
vn 0.6145 -0.1284 0.7784
vn 0.1474 -0.1991 0.9688
vn 0.6831 -0.1739 0.7094
vn 0.1062 -0.2606 0.9596
vn 0.5902 -0.2638 0.7630
vn -0.1180 -0.3847 0.9155
vn 0.3827 -0.3756 0.8441
vn 0.0809 -0.3032 0.9495
vn 0.3410 -0.1478 0.9284
vn -0.2896 -0.0304 0.9567
vn -0.1554 0.2006 0.9673
vn 0.3274 0.2347 0.9153
vn 0.7240 0.2097 0.6571
vn 0.9713 0.2295 0.0619
vn 0.9919 0.0365 -0.1218
vn 0.9852 -0.1567 -0.0693
vn 0.5124 0.2823 0.8110
vn 0.2921 0.6579 0.6942
vn 0.8568 -0.0116 -0.5156
vn 0.3207 0.8200 0.4740
vn 0.8874 -0.0436 -0.4590
vn 0.8527 -0.1932 -0.4853
vn 0.8766 0.1047 -0.4697
vn 0.8716 0.2798 -0.4025
vn 0.9533 0.2927 0.0741
vn -0.3999 0.7744 0.4903
vn -0.4659 0.6091 0.6418
vn -0.3842 0.7600 0.5242
vn -0.7282 0.3326 0.5993
vn -0.5935 0.2620 0.7610
vn -0.7596 -0.0355 0.6494
vn -0.5622 0.0860 0.8225
vn -0.5053 0.0569 0.8611
vn -0.9557 -0.2407 0.1696
vn -0.8676 -0.3157 0.3843
vn -0.4853 -0.1227 0.8657
vn -0.2734 -0.4139 0.8683
vn 0.3920 -0.1683 0.9044
vn 0.3932 0.0465 0.9183
vn 0.4437 0.1763 0.8787
vn 0.2405 0.3504 0.9052
vn 0.0012 0.4303 0.9027
vn -0.2190 -0.1546 0.9634
vn -0.2656 0.2951 0.9178
vn -0.4989 0.3923 0.7728
vn -0.7897 -0.0242 0.6130
vn -0.6968 0.2813 0.6598
vn -0.8835 0.0315 0.4674
vn 0.4572 0.0288 0.8889
vn -0.2462 0.0951 0.9645
vn -0.4475 0.0952 0.8892
vn -0.3993 0.2775 0.8738
vn -0.3717 0.4780 0.7958
vn -0.3994 0.6140 0.6808
vn -0.3544 0.7623 0.5415
vn -0.3187 0.7810 0.5371
vn 0.9884 0.0949 -0.1185
vn 0.9878 0.0920 -0.1260
vn 0.9800 0.1341 0.1469
vn 0.9837 0.1182 0.1352
vn 0.9116 0.1250 0.3916
vn 0.9261 0.0953 0.3649
vn 0.9896 0.1124 0.0899
vn 0.9922 0.1098 0.0591
vn 0.9683 0.1381 -0.2080
vn 0.9722 0.1552 -0.1755
vn 0.7136 0.5504 -0.4333
vn 0.5760 0.5972 -0.5582
vn 0.8292 0.4635 -0.3125
vn 0.6722 0.5995 -0.4344
vn 0.5118 0.6137 -0.6012
vn 0.4782 0.6859 -0.5486
vn 0.9040 0.4264 0.0298
vn 0.7100 0.6975 -0.0970
vn 0.3237 0.9153 -0.2394
vn 0.4625 0.8138 0.3518
vn 0.0802 0.9840 0.1589
vn 0.1287 0.6950 0.7074
vn -0.3291 0.6798 0.6555
vn -0.5013 0.3109 0.8075
vn 0.0802 0.9840 0.1588
vn 0.1820 0.9821 -0.0474
vn 0.3048 0.8995 -0.3130
vn 0.7510 0.4824 0.4508
vn 0.5063 0.3927 0.7678
vn -0.1076 0.3462 0.9320
vn 0.3690 0.0034 0.9294
vn -0.1738 0.0225 0.9845
vn 0.3279 -0.2596 0.9084
vn -0.4304 -0.0039 0.9026
vn 0.8406 0.4087 -0.3555
vn 0.9518 0.2364 -0.1955
vn 0.9530 0.2373 -0.1885
vn 0.9935 0.0051 -0.1141
vn 0.9409 0.3031 -0.1514
vn 0.9879 -0.1177 -0.1006
vn 0.8894 0.4567 0.0198
vn 0.3546 0.9182 0.1767
vn 0.2143 0.9665 0.1415
vn -0.1993 0.7958 0.5718
vn -0.1958 0.8329 0.5176
vn -0.3320 0.2698 0.9039
vn -0.2795 0.3405 0.8977
vn 0.3278 -0.2596 0.9084
vn 0.5425 -0.4870 0.6844
vn 0.2854 -0.2874 0.9143
vn 0.2823 -0.2876 0.9152
vn -0.8725 0.2445 -0.4231
vn -0.8162 0.4420 -0.3721
vn -0.8494 0.3181 -0.4211
vn -0.8624 0.3394 -0.3756
vn -0.6603 0.7364 -0.1474
vn -0.6922 0.7031 -0.1630
vn -0.1744 0.9780 0.1145
vn -0.0698 0.9846 0.1602
vn 0.5466 0.7507 0.3711
vn 0.2086 0.8437 -0.4946
vn 0.5187 0.8383 0.1679
vn 0.6556 -0.5470 -0.5206
vn 0.7861 0.4158 0.4573
vn 0.1344 -0.1578 0.9783
vn 0.6357 0.4294 0.6414
vn -0.0616 0.3252 0.9436
vn 0.6075 0.4926 0.6231
vn -0.1455 0.3336 0.9314
vn 0.5250 0.5450 0.6537
vn -0.2461 0.3860 0.8890
vn 0.2937 0.6943 0.6570
vn -0.3040 0.4006 0.8644
vn 0.1558 0.7123 0.6844
vn 0.5556 0.8131 0.1736
vn 0.7521 0.6539 0.0822
vn 0.9105 0.4080 0.0675
vn 0.9521 0.3048 -0.0244
vn 0.9603 0.2788 -0.0130
vn 0.9845 0.1510 0.0893
vn 0.9433 0.1114 0.3127
vn 0.9087 0.0721 0.4113
vn 0.6234 0.6777 0.3900
vn 0.8708 -0.2661 0.4133
vn 0.8741 0.3898 -0.2900
vn 0.9346 0.1210 -0.3344
vn 0.8447 -0.1058 -0.5247
vn 0.7518 -0.2117 -0.6245
vn 0.8313 -0.1270 -0.5411
vn 0.8504 -0.4532 -0.2673
vn 0.7736 -0.6319 0.0473
vn 0.6665 -0.7275 0.1625
vn 0.5981 -0.7908 0.1299
vn 0.9484 -0.3161 -0.0241
vn 0.9054 -0.4061 -0.1241
vn 0.8160 -0.4409 -0.3738
vn 0.3862 -0.5318 -0.7537
vn 0.3631 -0.5540 -0.7491
vn 0.3997 -0.7793 -0.4826
vn 0.3138 -0.9257 -0.2112
vn 0.2339 -0.9627 -0.1360
vn 0.3969 -0.9075 -0.1375
vn 0.9694 -0.1638 0.1829
vn 0.9263 -0.2487 0.2830
vn 0.7306 -0.6139 -0.2989
vn 0.2209 -0.6160 -0.7561
vn 0.1815 -0.5074 -0.8424
vn 0.2058 -0.7180 -0.6650
vn 0.0565 -0.9958 -0.0720
vn 0.2372 -0.9521 -0.1929
vn 0.2221 -0.9459 -0.2366
vn 0.9263 -0.2487 0.2829
vn 0.9624 -0.2593 0.0807
vn 0.9694 -0.1639 0.1829
vn -0.5868 -0.2067 0.7829
vn -0.7567 -0.1483 0.6367
vn 0.9860 0.1202 0.1159
vn 0.8128 0.5802 0.0522
vn 0.6362 -0.6910 0.3432
vn 0.5906 -0.6628 0.4603
vn 0.5775 -0.6514 0.4921
vn -0.8528 0.0356 0.5210
vn -0.8544 0.3114 -0.4160
vn -0.8126 0.0692 -0.5787
vn -0.6703 0.0391 0.7411
vn -0.9507 -0.2195 0.2192
vn -0.9999 -0.0046 -0.0165
vn -0.2094 -0.5063 0.8365
vn -0.3298 -0.6983 0.6353
vn -0.7549 -0.4447 0.4821
vn 0.8208 -0.4957 -0.2838
vn 0.8649 -0.4933 -0.0928
vn -0.9846 -0.1340 -0.1120
vn -0.1354 0.6587 -0.7401
vn -0.4269 0.3467 -0.8352
vn -0.8331 0.1533 -0.5314
vn -0.6575 -0.0967 0.7472
vn -0.6510 0.0345 0.7583
vn -0.6430 -0.0700 0.7626
vn -0.6963 0.1301 0.7059
vn -0.6245 0.0666 0.7782
vn -0.5119 -0.1673 0.8426
vn -0.4696 -0.1997 0.8600
vn -0.4253 -0.2613 0.8665
vn -0.3360 -0.3306 0.8819
vn -0.2860 -0.3969 0.8722
vn -0.4393 -0.3443 0.8297
vn -0.3575 -0.3808 0.8528
vn -0.5605 -0.1792 0.8085
vn -0.5759 -0.1805 0.7974
vn -0.6692 0.1693 0.7235
vn -0.8044 0.2740 0.5272
vn -0.4022 0.4713 0.7850
vn -0.5001 0.4454 0.7427
vn -0.9626 0.2315 0.1410
vn -0.7746 0.3908 0.4972
vn -0.9626 0.2315 0.1409
vn -0.8891 0.3294 0.3178
vn -0.9480 0.1377 -0.2868
vn -0.9781 0.1562 -0.1373
vn -0.7571 0.0300 -0.6526
vn -0.6299 0.0321 -0.7760
vn -0.4220 -0.0433 -0.9056
vn -0.3755 -0.0130 -0.9267
vn -0.2832 0.4042 0.8697
vn -0.2766 0.3289 0.9030
vn -0.3646 0.1912 0.9113
vn -0.1663 0.1907 0.9675
vn 0.0371 0.3610 0.9318
vn 0.1770 0.2916 0.9400
vn -0.3647 0.1912 0.9113
vn -0.2712 -0.1068 0.9566
vn -0.0348 -0.0779 0.9964
vn 0.3885 0.2944 0.8732
vn 0.8859 0.2968 0.3564
vn 0.9331 0.2402 0.2677
vn 0.9463 0.2368 0.2201
vn 0.9501 0.2298 0.2109
vn 0.9041 0.2295 0.3606
vn 0.9185 0.2078 0.3364
vn 0.7170 0.2001 0.6678
vn 0.9798 0.0844 0.1813
vn 0.3823 0.2549 0.8882
vn 0.4593 0.2203 0.8605
vn 0.5145 0.1622 0.8420
vn -0.4921 -0.3978 0.7743
vn 0.6786 -0.2746 0.6812
vn 0.6785 -0.2726 0.6821
vn 0.6811 -0.2718 0.6799
vn 0.6831 -0.3356 0.6487
vn 0.7285 -0.3255 0.6027
vn 0.0351 -0.6855 0.7272
vn 0.0359 -0.6528 0.7566
vn -0.1311 -0.8022 0.5824
vn -0.0614 -0.8181 0.5719
vn -0.4884 -0.7224 0.4895
vn -0.6163 -0.6920 0.3759
vn -0.2606 -0.9026 0.3428
vn -0.2187 -0.9137 0.3425
vn -0.2648 -0.9633 0.0437
vn -0.2848 -0.9575 0.0456
vn -0.2649 -0.9642 -0.0088
vn 0.7735 0.2652 0.5756
vn 0.7892 0.2718 0.5507
vn 0.8019 0.2400 0.5472
vn 0.8163 0.2409 0.5250
vn 0.8756 0.1430 0.4615
vn 0.9047 0.0548 0.4226
vn 0.9152 0.2754 0.2944
vn 0.9492 0.2516 0.1889
vn 0.9836 0.1363 0.1183
vn 0.9948 0.0688 0.0757
vn 0.9489 0.2802 -0.1456
vn 0.9096 0.2268 -0.3482
vn 0.8724 0.1607 -0.4615
vn 0.8521 0.1632 -0.4973
vn 0.6922 0.1847 -0.6977
vn 0.6611 0.1987 -0.7235
vn 0.7682 0.2635 -0.5835
vn 0.8788 0.2921 -0.3774
vn 0.8211 0.3482 -0.4523
vn 0.9003 0.3347 -0.2782
vn 0.8438 0.4398 -0.3075
vn 0.9434 0.2911 -0.1592
vn 0.9435 0.2922 -0.1564
vn 0.6101 0.2370 -0.7561
vn 0.7667 0.3102 -0.5621
vn 0.4771 0.4727 -0.7409
vn 0.5382 0.5603 -0.6297
vn 0.1016 0.4822 -0.8702
vn 0.0135 0.4233 -0.9059
vn 0.1299 0.3944 -0.9097
vn 0.0230 0.3749 -0.9268
vn 0.1764 0.2980 -0.9381
vn 0.1230 0.2851 -0.9506
vn 0.3625 0.3148 -0.8772
vn 0.2409 0.2125 -0.9470
vn 0.4156 0.2185 -0.8829
vn 0.2855 0.1918 -0.9390
vn 0.4687 0.1436 -0.8716
vn 0.3998 0.4512 -0.7978
vn 0.5979 0.4855 -0.6378
vn 0.7339 0.1929 -0.6512
vn 0.8982 0.2554 -0.3579
vn 0.9661 0.1466 -0.2127
vn 0.8936 0.3399 0.2932
vn 0.9279 0.1249 0.3512
vn 0.7016 0.3018 0.6455
vn 0.6913 0.0680 0.7193
vn 0.6524 0.1830 0.7354
vn 0.4239 0.1068 0.8994
vn 0.6289 0.4734 0.6168
vn 0.8676 0.4933 -0.0616
vn 0.7765 0.4242 -0.4660
vn 0.3861 0.7394 -0.5516
vn 0.7445 0.1278 -0.6553
vn 0.8341 0.2225 -0.5047
vn 0.6744 0.0632 -0.7357
vn 0.9678 0.1167 -0.2232
vn 0.9081 0.1001 -0.4067
vn 0.9736 0.0268 0.2267
vn 0.9867 0.1593 0.0329
vn 0.8411 -0.0667 0.5368
vn 0.8821 0.4493 0.1413
vn -0.1293 0.3506 -0.9276
vn -0.0367 0.3225 -0.9458
vn 0.1547 0.2269 -0.9616
vn 0.3296 0.1444 -0.9330
vn 0.3754 0.1529 -0.9142
vn 0.2880 0.1825 -0.9401
vn 0.2975 0.1210 -0.9470
vn 0.0323 0.1704 -0.9849
vn -0.2576 0.1284 -0.9577
vn -0.2576 0.1283 -0.9577
vn -0.2058 0.0464 -0.9775
vn 0.2035 0.1488 -0.9677
vn 0.3252 0.3087 -0.8938
vn 0.7870 0.1996 -0.5838
vn 0.8682 0.1596 -0.4699
vn 0.6652 0.1480 -0.7319
vn 0.3573 -0.3632 0.8605
vn 0.3165 -0.3702 0.8734
vn -0.3056 -0.4356 0.8467
vn 0.3437 -0.2194 0.9131
vn 0.6083 -0.1603 0.7774
vn 0.7094 -0.1379 0.6912
vn 0.8942 0.1581 0.4188
vn -0.1729 0.5364 0.8260
vn 0.2997 0.5937 0.7468
vn 0.1699 0.6262 0.7609
vn 0.2997 0.5936 0.7468
vn 0.2323 0.6178 0.7513
vn 0.4141 0.5773 0.7038
vn 0.5191 -0.4971 0.6953
vn 0.7407 -0.2355 0.6292
vn 0.4695 -0.5285 0.7073
vn 0.5452 -0.4203 0.7253
vn 0.2872 -0.9042 0.3162
vn 0.8485 0.4484 0.2810
vn -0.6270 -0.7544 -0.1944
vn -0.2767 0.8118 -0.5142
vn -0.6270 -0.7544 -0.1945
vn -0.5404 -0.8163 -0.2039
vn -0.2766 0.8118 -0.5142
vn -0.6495 -0.7359 -0.1912
vn 0.0629 -0.2106 0.9755
vn 0.0334 -0.1911 0.9810
vn 0.2694 -0.1065 0.9571
vn 0.7477 -0.2145 0.6285
vn 0.0589 -0.0887 0.9943
vn -0.5444 0.1333 0.8281
vn -0.5578 0.1046 0.8233
vn -0.5741 0.1282 0.8087
vn -0.4777 0.0189 0.8783
vn -0.3018 -0.2598 0.9173
vn -0.9103 0.3629 0.1993
vn -0.9012 0.3852 0.1985
vn -0.7614 0.3718 -0.5311
vn -0.7555 0.3732 -0.5385
vn -0.2944 0.0939 -0.9511
vn -0.1849 -0.0024 -0.9828
vn -0.0497 -0.3095 -0.9496
vn 0.2195 -0.3157 -0.9231
vn -0.3073 -0.5708 -0.7614
vn 0.3052 -0.4454 -0.8417
vn -0.6277 -0.3938 -0.6715
vn -0.3074 -0.2932 -0.9053
vn -0.3216 0.0788 -0.9436
vn -0.4292 -0.2853 -0.8570
vn -0.5823 -0.2823 -0.7624
vn -0.5775 -0.3275 -0.7478
vn -0.9061 0.3874 0.1701
vn -0.7287 0.3947 -0.5596
vn -0.2204 0.1863 -0.9575
vn 0.3241 -0.1911 -0.9265
vn 0.4501 -0.3888 -0.8038
vn -0.3179 0.3160 -0.8939
vn -0.2609 0.2889 -0.9211
vn -0.2383 0.2780 -0.9306
vn -0.1687 0.2435 -0.9551
vn 0.8414 -0.3432 0.4174
vn 0.9247 -0.3031 0.2302
vn 0.9552 0.2150 0.2033
vn 0.9948 0.1010 0.0110
vn 0.0935 0.2751 0.9569
vn 0.1397 0.2663 0.9537
vn 0.1164 0.2604 0.9585
vn 0.1164 0.2603 0.9585
vn 0.1398 0.2663 0.9537
vn 0.1591 0.2577 0.9530
vn 0.1833 0.2951 0.9377
vn 0.1894 0.2873 0.9389
vn 0.1874 0.3223 0.9279
vn -0.2042 -0.9342 -0.2924
vn -0.2642 -0.3210 0.9095
vn -0.3238 -0.3737 0.8692
vn -0.3483 -0.3951 0.8500
vn -0.4190 -0.4561 0.7851
vn 0.5120 0.3081 0.8018
vn 0.4604 0.3611 0.8109
vn 0.8237 0.4007 0.4013
vn 0.9201 0.3808 0.0914
vn 0.9062 0.3178 0.2791
vn 0.9337 0.2633 0.2427
vn 0.9285 0.2493 0.2754
vn 0.9502 0.2120 0.2283
vn -0.5774 0.2109 -0.7888
vn -0.5910 0.2300 -0.7732
vn -0.4647 0.2017 -0.8622
vn -0.5997 0.2001 -0.7748
vn -0.5909 0.2300 -0.7732
vn -0.5261 0.2032 -0.8258
vn -0.6184 0.1597 -0.7695
vn -0.6777 0.2005 -0.7075
vn -0.6184 0.1596 -0.7695
vn -0.6816 0.1800 -0.7093
vn -0.5076 0.0602 -0.8595
vn -0.5075 0.0601 -0.8596
vn -0.4391 0.0265 -0.8980
vn -0.4646 0.2017 -0.8622
vn -0.4067 0.1787 -0.8959
vn -0.4952 0.1639 -0.8532
vn -0.5290 0.1705 -0.8313
vn -0.5420 0.1594 -0.8251
vn -0.5420 0.1592 -0.8252
vn -0.9522 0.3025 -0.0417
vn -0.9596 0.2742 -0.0625
vn -0.9658 0.2510 -0.0653
vn -0.9638 0.2555 -0.0761
vn -0.9739 0.2072 -0.0925
vn -0.9906 0.1325 -0.0347
vn -0.9844 0.1452 -0.0996
vn 0.3031 -0.8109 0.5006
vn 0.5420 -0.6747 0.5010
vn 0.3829 -0.8043 0.4543
vn 0.6556 -0.6575 0.3713
vn 0.2301 -0.7319 0.6414
vn 0.2300 -0.7319 0.6414
vn 0.1319 -0.7596 0.6369
vn -0.8321 0.4508 -0.3231
vn -0.9406 0.3186 -0.1173
vn -0.9229 0.3478 -0.1654
vn -0.9229 0.3478 -0.1653
vn -0.9406 0.3186 -0.1172
vn -0.9635 0.2594 -0.0658
vn -0.9603 0.2783 -0.0208
vn -0.9523 0.3050 0.0092
vn -0.5743 0.4290 0.6973
vn -0.5782 0.4266 0.6955
vn -0.5832 0.4246 0.6925
vn -0.5976 0.4085 0.6899
vn -0.8392 0.3033 0.4513
vn -0.8182 0.3093 0.4847
vn -0.9783 0.1658 0.1247
vn -0.9834 0.1488 0.1036
vn -0.9693 0.1511 -0.1941
vn -0.9730 0.1294 -0.1913
vn -0.8573 0.1544 -0.4911
vn -0.8971 0.1369 -0.4202
vn -0.9891 0.1021 0.1060
vn -0.9848 0.0822 -0.1527
vn -0.9026 0.0301 -0.4294
vn -0.0303 0.3628 -0.9314
vn -0.0917 0.5724 -0.8148
vn -0.0123 0.3994 -0.9167
vn 0.0063 0.6322 -0.7748
vn -0.5398 0.3848 -0.7487
vn -0.3608 0.6605 -0.6585
vn -0.8504 0.3856 -0.3579
vn -0.6300 0.7629 -0.1450
vn -0.7503 0.5764 0.3239
vn -0.2743 0.9614 0.0214
vn -0.4118 0.6296 0.6588
vn -0.4345 0.2998 0.8493
vn -0.7848 0.1879 0.5906
vn -0.9708 0.2400 0.0065
vn -0.9718 -0.1472 0.1844
vn -0.4853 0.0879 0.8699
vn -0.5853 -0.0198 0.8106
vn -0.9267 -0.3564 0.1189
vn -0.9256 -0.3341 -0.1776
vn -0.1217 0.2318 -0.9651
vn -0.1863 0.1343 -0.9733
vn -0.2656 0.2275 -0.9369
vn -0.2450 0.0405 -0.9687
vn -0.1862 0.1343 -0.9733
vn -0.2106 -0.0605 -0.9757
vn -0.2450 0.0404 -0.9687
vn -0.3838 0.3909 -0.8366
vn -0.5007 0.5402 -0.6764
vn -0.4452 0.8825 -0.1515
vn -0.3675 0.9293 -0.0368
vn -0.4845 0.7107 0.5100
vn -0.4590 0.7307 0.5055
vn -0.5731 0.1769 0.8002
vn -0.6529 0.1618 0.7399
vn -0.9256 -0.3341 -0.1777
vn -0.7730 -0.4606 -0.4362
vn -0.9222 -0.2793 0.2674
vn -0.9304 -0.2468 0.2710
vn -0.7335 -0.0283 0.6792
vn -0.6956 0.0110 0.7183
vn 0.9405 0.3395 0.0123
vn 0.9088 0.4172 0.0007
vn 0.8452 0.5338 0.0262
vn 0.8979 0.4379 0.0455
vn 0.9531 0.2557 -0.1619
vn 0.6857 0.4019 -0.6069
vn 0.8809 -0.4019 0.2500
vn -0.6862 -0.4088 -0.6016
vn -0.1945 -0.7260 0.6596
vn -0.6931 -0.7177 -0.0671
vn 0.5808 0.8017 0.1413
vn 0.6126 0.7773 0.1436
vn 0.3912 0.6928 -0.6058
vn -0.4788 -0.4664 -0.7438
vn -0.5639 -0.7642 -0.3130
vn 0.0182 0.9889 0.1472
vn -0.1159 0.9831 0.1417
vn -0.0607 0.8032 -0.5925
vn -0.1471 -0.5072 -0.8492
vn -0.5605 -0.8281 0.0115
vn 0.0202 -0.9574 -0.2881
vn -0.1863 -0.9407 -0.2835
vn -0.0205 -0.9667 -0.2552
vn -0.0445 -0.9782 -0.2027
vn -0.5118 -0.8483 -0.1357
vn -0.5874 -0.7977 -0.1365
vn -0.9394 -0.3425 -0.0164
vn -0.9985 0.0412 -0.0350
vn -0.7692 0.6375 0.0452
vn -0.7316 0.6791 0.0598
vn -0.5875 0.7874 -0.1867
vn -0.9839 0.1760 -0.0311
vn -0.9496 0.2300 0.2130
vn -0.8010 0.2487 -0.5446
vn -0.8774 0.0728 -0.4741
vn -0.4322 -0.1805 -0.8835
vn -0.5218 -0.4258 -0.7392
vn 0.0419 -0.5344 -0.8442
vn -0.0371 -0.6932 -0.7198
vn 0.3469 -0.0286 -0.9375
vn 0.3688 -0.5374 -0.7584
vn -0.9818 -0.0028 -0.1896
vn -0.6356 -0.6857 -0.3548
vn -0.0942 -0.9352 -0.3412
vn 0.1010 -0.9763 0.1915
vn -0.9318 -0.3511 -0.0920
vn 0.0714 -0.9842 -0.1622
vn -0.0726 0.3174 -0.9455
vn -0.3202 0.4654 -0.8251
vn -0.2510 0.4962 -0.8311
vn -0.6265 0.6537 -0.4244
vn -0.7292 0.4938 -0.4737
vn -0.8401 0.5187 0.1584
vn -0.5672 0.7707 -0.2903
vn -0.7672 0.5796 0.2747
vn -0.5187 0.2790 0.8081
vn -0.7157 0.6164 0.3284
vn -0.4784 0.2420 0.8441
vn -0.1337 -0.3708 0.9191
vn -0.1336 -0.3708 0.9190
vn -0.2152 -0.4900 0.8448
vn -0.7771 -0.1170 -0.6184
vn -0.7648 -0.0592 -0.6415
vn -0.7648 -0.0592 -0.6416
vn -0.5821 -0.1661 -0.7960
vn -0.7770 -0.1171 -0.6185
vn -0.1620 0.9552 -0.2476
vn -0.0326 0.9036 -0.4271
vn 0.0509 0.8640 -0.5009
vn 0.1369 0.7544 -0.6420
vn 0.2093 -0.1195 0.9705
vn 0.1869 -0.0943 0.9778
vn 0.1859 0.0089 0.9825
vn 0.2434 0.1112 0.9635
vn 0.1500 0.0386 0.9879
vn 0.0406 -0.2041 0.9781
vn -0.0026 -0.2409 0.9705
vn -0.0392 -0.3047 0.9516
vn -0.1185 -0.3800 0.9174
vn -0.1510 -0.4476 0.8814
vn -0.0016 -0.3837 0.9234
vn -0.0797 -0.4249 0.9017
vn 0.1002 -0.2120 0.9721
vn 0.1198 -0.2109 0.9701
vn -0.1957 -0.1905 0.9620
vn -0.2011 -0.1773 0.9634
vn -0.1916 -0.1658 0.9674
vn -0.2011 -0.1772 0.9634
vn -0.2830 -0.1965 0.9388
vn -0.3710 -0.1498 0.9165
vn -0.3732 -0.3151 0.8726
vn -0.2829 -0.1965 0.9388
vn 0.1753 -0.5486 0.8175
vn 0.1458 -0.5359 0.8316
vn 0.1277 -0.6963 0.7063
vn 0.0724 -0.7049 0.7056
vn -0.8086 -0.3844 0.4454
vn -0.8229 -0.3689 0.4322
vn -0.8216 -0.3536 0.4470
vn -0.8875 -0.4120 0.2066
vn -0.8930 -0.4278 0.1399
vn -0.0096 -0.9817 -0.1900
vn 0.1727 -0.9843 -0.0365
vn 0.1542 -0.9878 -0.0219
vn 0.1830 -0.9493 0.2557
vn 0.1656 -0.9475 0.2736
vn -0.4360 0.3119 0.8442
vn -0.7124 0.2867 0.6405
vn -0.4498 0.3314 0.8294
vn -0.7156 0.2992 0.6312
vn -0.8867 0.2828 0.3657
vn -0.8826 0.2782 0.3790
vn -0.4911 0.3815 0.7831
vn -0.7609 0.2924 0.5792
vn -0.9028 0.2316 0.3623
vn -0.6997 0.3130 0.6422
vn -0.5652 0.3675 0.7385
vn -0.5652 0.3676 0.7385
vn -0.5780 0.3959 0.7136
vn 0.0065 0.4329 0.9014
vn -0.7127 0.1100 -0.6927
vn -0.7251 0.1230 -0.6776
vn -0.7327 0.0918 -0.6743
vn -0.7544 0.1398 -0.6413
vn -0.7732 0.1679 -0.6115
vn -0.8431 0.2110 -0.4947
vn -0.8721 0.2474 -0.4222
vn -0.9334 0.1537 -0.3244
vn -0.8107 0.2239 -0.5409
vn -0.9730 0.1227 -0.1957
vn -0.9251 0.1424 -0.3520
vn -0.6585 0.1530 -0.7369
vn -0.5440 0.2254 -0.8082
vn -0.6252 0.2448 -0.7411
vn -0.5216 0.2600 -0.8126
vn -0.5581 0.2319 -0.7967
vn -0.4765 0.2613 -0.8394
vn -0.5580 0.2319 -0.7968
vn -0.4996 0.3929 -0.7720
vn -0.6963 0.3263 -0.6393
vn -0.6471 0.4400 -0.6226
vn -0.3261 0.6815 -0.6552
vn -0.6460 0.4024 -0.6487
vn -0.7657 0.1415 -0.6274
vn -0.7812 0.0907 -0.6176
vn -0.8808 0.0095 -0.4735
vn -0.8884 -0.0812 -0.4518
vn -0.7247 0.1039 -0.6812
vn -0.4900 0.1805 -0.8529
vn -0.4557 0.2352 -0.8585
vn -0.3981 0.2792 -0.8738
vn -0.3684 0.2689 -0.8899
vn -0.7944 0.1377 -0.5916
vn -0.4319 0.3211 0.8428
vn -0.6190 0.3629 0.6965
vn -0.3568 0.3950 0.8466
vn -0.5267 0.5089 0.6808
vn -0.7894 0.3504 0.5041
vn -0.7769 0.4273 0.4624
vn -0.5233 0.6035 0.6016
vn -0.7717 0.4697 0.4288
vn -0.0279 0.1164 -0.9928
vn -0.0675 0.1229 -0.9901
vn -0.1514 0.1362 -0.9790
vn -0.1515 0.1362 -0.9790
vn -0.0676 0.1229 -0.9901
vn -0.1677 0.1386 -0.9760
vn -0.9701 0.0534 0.2367
vn -0.1029 0.1143 -0.9881
vn -0.3314 0.0588 -0.9417
vn -0.2007 0.1014 -0.9744
vn -0.6578 0.0487 -0.7516
vn -0.6971 0.1131 -0.7080
vn -0.9527 0.2388 -0.1879
vn 0.0177 0.5679 0.8229
vn -0.8892 0.0671 -0.4526
vn -0.9723 -0.2317 0.0310
vn -0.6875 -0.4491 -0.5706
vn -0.9125 -0.2977 0.2805
vn -0.2870 0.3767 0.8808
vn -0.3115 0.3654 0.8772
vn -0.3753 0.3452 0.8602
vn -0.3116 0.3653 0.8772
vn -0.3966 0.3332 0.8554
vn -0.4377 0.3417 0.8317
vn -0.3345 0.4279 0.8396
vn 0.2487 0.3528 0.9020
vn 0.3206 0.3593 0.8764
vn 0.3763 0.3969 0.8372
vn -0.3820 0.0845 -0.9203
vn 0.0335 0.0922 -0.9952
vn 0.0336 0.0922 -0.9952
vn -0.3646 0.0917 -0.9266
vn -0.1879 0.0952 -0.9776
vn 0.6097 0.0994 -0.7864
vn 0.6098 0.0994 -0.7863
vn 0.4934 0.1166 -0.8619
vn 0.6096 0.1820 -0.7716
vn 0.6715 0.1153 -0.7320
vn 0.6631 0.5662 -0.4897
vn 0.5816 0.7738 -0.2510
vn 0.2372 0.9314 0.2762
vn 0.1887 0.9600 0.2067
vn -0.2251 0.7419 0.6316
vn 0.6381 0.2206 -0.7377
vn 0.7323 0.5782 -0.3596
vn 0.1733 0.9672 0.1856
vn 0.2402 0.9386 0.2474
vn -0.1682 0.7434 0.6474
vn 0.2509 0.5141 0.8202
vn -0.3907 0.2056 0.8973
vn 0.2969 0.1437 0.9440
vn -0.3908 0.2056 0.8972
vn -0.5932 0.2259 0.7727
vn -0.6932 0.2400 0.6796
vn -0.4416 0.5506 0.7084
vn -0.6451 0.0812 0.7598
vn -0.5639 0.1893 0.8039
vn -0.6769 0.0738 0.7323
vn -0.6770 0.0738 0.7323
vn -0.8232 0.0657 0.5640
vn -0.9910 0.0909 0.0986
vn -0.9774 0.1047 0.1837
vn -0.9462 0.0867 -0.3118
vn -0.9490 0.0908 -0.3018
vn 0.8679 0.1595 -0.4704
vn 0.8326 0.5217 0.1861
vn 0.9655 0.1275 0.2271
vn -0.3584 0.1675 -0.9184
vn -0.2419 0.4294 -0.8701
vn 0.0075 0.1040 -0.9946
vn 0.0949 0.3757 -0.9219
vn -0.1653 0.6285 -0.7600
vn -0.1805 0.6173 -0.7658
vn -0.9423 0.1244 -0.3109
vn -0.9991 -0.0411 0.0050
vn -0.9061 0.3468 -0.2424
vn -0.9726 0.2174 0.0828
vn -0.7056 -0.2566 0.6605
vn -0.8981 0.4031 0.1757
vn -0.6529 0.0940 0.7516
vn -0.1369 -0.9563 0.2583
vn -0.5904 -0.6872 0.4233
vn 0.1725 -0.9492 -0.2632
vn -0.0113 -0.9690 -0.2466
vn 0.0288 -0.9944 -0.1018
vn 0.0769 -0.9970 -0.0006
vn 0.3616 -0.9189 -0.1578
vn 0.5386 -0.3925 -0.7456
vn -0.8259 0.5428 -0.1525
vn -0.8259 0.5428 -0.1526
vn -0.0814 -0.9939 -0.0737
vn -0.0147 -0.9998 -0.0126
vn -0.0156 -0.9998 -0.0134
vn 0.0008 -1.0000 0.0016
vn 0.0038 -1.0000 0.0044
vn 0.0032 -1.0000 0.0025
vn -0.0082 -0.9999 -0.0095
vn -0.0110 -0.9998 -0.0174
vn -0.0038 -0.9999 -0.0134
vn -0.0065 -0.9998 -0.0210
vn 0.0301 -0.9995 0.0126
vn 0.0305 -0.9994 0.0138
vn -0.0039 -0.5273 0.8497
vn -0.2521 0.0460 0.9666
vn -0.2079 -0.4767 0.8542
vn -0.5787 -0.0783 0.8118
vn -0.6297 0.1190 0.7676
vn -0.6360 0.1418 0.7585
vn -0.7548 0.1545 0.6375
vn -0.7549 0.1545 0.6374
vn -0.9605 0.0945 0.2619
vn -0.1676 0.2245 0.9600
vn 0.3449 0.2650 0.9005
vn 0.3733 0.2976 0.8787
vn -0.1927 0.2564 0.9472
vn -0.1472 0.2988 0.9429
vn -0.1141 0.2870 0.9511
vn -0.0595 0.3289 0.9425
vn 0.0437 0.3264 0.9442
vn 0.0681 0.3450 0.9361
vn 0.0668 0.3217 0.9445
vn 0.2940 -0.8372 -0.4612
vn -0.4016 0.3641 0.8404
vn -0.4716 0.0405 0.8809
vn -0.4909 -0.1034 0.8651
vn -0.5037 -0.1866 0.8435
vn -0.5130 -0.2587 0.8185
vn -0.5241 -0.2542 0.8128
vn 0.2297 0.2859 -0.9303
vn 0.2215 0.4655 -0.8569
vn 0.2215 0.4656 -0.8568
vn 0.1948 0.5852 -0.7872
vn 0.2051 0.6096 -0.7657
vn 0.2120 0.6260 -0.7504
vn 0.6957 -0.0419 -0.7171
vn 0.4650 0.4119 -0.7836
vn 0.7081 0.2611 -0.6560
vn -0.4086 0.1285 -0.9036
vn -0.7505 0.1236 -0.6493
vn -0.4617 0.1503 -0.8742
vn -0.7505 0.1236 -0.6492
vn -0.6196 0.1439 -0.7716
vn -0.9909 0.1055 -0.0837
vn -0.9730 0.1400 -0.1833
vn -0.9788 0.2010 -0.0395
vn -0.9928 0.1196 -0.0062
vn -0.8229 0.5378 0.1834
vn -0.9751 0.2196 -0.0307
vn -0.7683 0.5717 0.2879
vn -0.9381 0.1523 0.3111
vn -0.4412 0.5223 0.7298
vn -0.4978 0.1270 0.8579
vn -0.0048 0.1124 0.9937
vn -0.6255 0.6907 0.3628
vn 0.0379 0.8632 0.5034
vn 0.0102 0.9633 0.2684
vn 0.8837 0.4507 0.1263
vn 0.5754 0.7508 0.3243
vn 0.0066 0.9419 0.3359
vn 0.4197 0.5230 0.7418
vn 0.8224 0.1582 0.5465
vn 0.9187 0.2178 0.3296
vn 0.9187 0.2177 0.3295
vn 0.9688 0.2464 -0.0273
vn 0.9677 0.2295 0.1042
vn 0.8837 0.4507 0.1262
vn 0.9953 0.0779 0.0568
vn 0.9923 0.1156 -0.0453
vn 0.9966 0.0818 0.0094
vn 0.7464 0.1378 -0.6511
vn 0.8073 0.1581 -0.5686
vn 0.4141 0.1462 -0.8984
vn 0.4294 0.1535 -0.8900
vn 0.7444 0.5725 0.3437
vn 0.4400 0.7310 0.5216
vn 0.7443 0.5726 0.3437
vn 0.1066 0.8052 0.5833
vn -0.4626 -0.1550 -0.8729
vn -0.7606 -0.0448 -0.6477
vn -0.5535 0.1967 -0.8093
vn -0.8151 0.2380 -0.5281
vn -0.9877 0.0412 0.1511
vn -0.7903 0.3036 -0.5322
vn -0.9453 0.2693 0.1838
vn -0.9806 0.1733 0.0911
vn -0.7061 -0.1578 0.6903
vn -0.5725 -0.0210 0.8196
vn 0.0113 -0.5306 0.8475
vn 0.7854 -0.3697 0.4964
vn 0.6827 -0.5874 0.4345
vn 0.5505 -0.1173 -0.8265
vn 0.9868 -0.1204 -0.1081
vn 0.6519 -0.0145 -0.7582
vn 0.9332 -0.3346 -0.1314
vn 0.6253 -0.0495 -0.7788
vn 0.6321 -0.3138 -0.7085
vn 0.3683 0.0665 -0.9273
vn 0.3815 -0.1406 -0.9136
vn 0.2404 0.1246 -0.9627
vn -0.1931 0.1835 -0.9639
vn 0.6978 -0.7155 -0.0353
vn 0.3587 -0.8558 0.3727
vn -0.1842 -0.7072 0.6826
vn -0.8632 -0.1459 0.4833
vn -0.8799 -0.2567 0.3997
vn -0.9660 -0.1341 -0.2211
vn -0.5454 0.3067 -0.7800
vn 0.0010 -0.9830 -0.1837
vn -0.0002 -0.9955 -0.0949
vn -0.0002 -0.9956 -0.0938
vn -0.0005 -0.9973 -0.0728
vn -0.0005 -0.9974 -0.0719
vn -0.0005 -0.9974 -0.0720
vn -0.0007 -0.9983 -0.0581
vn -0.0009 -0.9983 -0.0581
vn -0.0014 -0.9999 -0.0150
vn -0.0014 -0.9999 -0.0151
vn -0.0020 -0.9993 0.0366
vn -0.0015 -0.9993 0.0375
vn -0.2553 0.4566 -0.8523
vn 0.6535 0.1058 -0.7495
vn 0.0685 0.3592 -0.9307
vn 0.7551 0.0930 -0.6490
vn 0.8907 -0.4194 -0.1751
vn 0.9189 -0.3811 -0.1019
vn 0.3835 -0.8820 0.2738
vn -0.1393 -0.5533 0.8213
vn -0.1679 -0.6014 0.7811
vn -0.9710 0.2325 0.0550
vn -0.7003 -0.1845 0.6896
vn -0.9866 0.1522 0.0586
vn -0.8240 0.4161 -0.3846
vn -0.5850 0.5582 -0.5883
vn -0.0424 -0.9872 -0.1535
vn 0.2062 -0.9470 -0.2461
vn -0.1429 -0.9199 -0.3652
vn 0.0011 -0.9126 -0.4089
vn -0.1430 -0.9199 -0.3652
vn -0.1305 -0.9049 -0.4052
vn -0.5753 -0.7292 -0.3705
vn -0.3672 -0.8529 -0.3712
vn -0.5754 -0.7291 -0.3705
vn -0.5473 -0.7546 -0.3620
vn -0.8856 -0.3628 -0.2900
vn -0.8489 -0.4390 -0.2943
vn -0.9746 -0.0669 -0.2139
vn -0.9548 0.0410 -0.2944
vn 0.9472 0.3084 -0.0879
vn 0.9336 0.3404 -0.1119
vn 0.8265 0.5535 -0.1028
vn 0.8352 0.5385 -0.1113
vn 0.4900 0.8711 -0.0325
vn 0.5350 0.8448 -0.0076
vn 0.0501 0.9979 0.0409
vn 0.1633 0.9845 0.0647
vn 0.0500 0.9979 0.0410
vn 0.1632 0.9845 0.0647
vn -0.1932 0.9802 0.0433
vn -0.2206 0.9753 0.0094
vn -0.0410 -0.9842 -0.1722
vn 0.0750 -0.9790 -0.1894
vn 0.3104 -0.9463 -0.0899
vn 0.3497 -0.9311 -0.1043
vn 0.6763 -0.7288 0.1071
vn 0.6462 -0.7567 0.0996
vn 0.9049 -0.3248 0.2752
vn 0.9218 -0.2923 0.2548
vn 0.9575 0.0395 0.2858
vn 0.9699 0.1139 0.2153
vn -0.7645 0.2247 -0.6042
vn -0.6395 0.4834 -0.5978
vn -0.7344 0.2623 -0.6260
vn -0.7343 0.2623 -0.6260
vn -0.6394 0.4835 -0.5978
vn -0.6505 0.4246 -0.6297
vn -0.3810 0.8257 -0.4159
vn -0.5765 0.6248 -0.5266
vn -0.3810 0.8258 -0.4159
vn -0.4398 0.7957 -0.4165
vn -0.0584 0.9881 -0.1426
vn -0.0972 0.9849 -0.1432
vn 0.1497 0.9886 -0.0184
vn -0.0971 0.9849 -0.1432
vn 0.1608 0.9867 -0.0226
vn 0.0784 0.5344 0.8416
vn -0.0966 0.0940 0.9909
vn -0.1306 0.1378 0.9818
vn -0.2192 -0.1493 0.9642
vn -0.3201 -0.3474 0.8814
vn -0.3002 -0.4312 0.8509
vn -0.2691 0.0303 0.9626
vn -0.3641 -0.1063 0.9253
vn -0.3347 0.0866 0.9383
vn -0.4830 -0.2557 0.8375
vn -0.5263 -0.2052 0.8252
vn -0.5558 0.0237 0.8310
vn -0.5866 -0.0328 0.8092
vn -0.5137 0.3087 0.8005
vn -0.9056 0.0705 0.4182
vn -0.8162 0.5773 -0.0232
vn -0.9795 -0.0407 -0.1971
vn -0.8272 0.1743 -0.5342
vn -0.9916 0.0913 -0.0911
vn -0.8752 0.1303 -0.4659
vn -0.9781 0.2079 -0.0100
vn -0.8607 0.2221 -0.4581
vn -0.9544 0.2051 -0.2168
vn -0.5728 0.1634 -0.8033
vn -0.8831 0.1946 -0.4269
vn -0.4150 0.0621 -0.9077
vn -0.9342 0.2098 -0.2885
vn -0.6077 0.0006 -0.7941
vn 0.4738 0.5170 -0.7129
vn 0.2867 -0.1070 -0.9520
vn 0.9336 -0.0112 -0.3581
vn 0.9724 0.0689 -0.2227
vn 0.9459 0.2086 0.2484
vn 0.8708 0.2161 0.4417
vn 0.5526 0.4346 0.7112
vn 0.3756 0.3644 0.8522
vn 0.2561 0.5098 0.8213
vn 0.0438 0.4069 0.9124
vn -0.9491 0.3148 0.0066
vn -0.9583 0.2491 -0.1403
vn -0.9678 0.2219 0.1188
vn -0.8939 0.2989 0.3340
vn -0.9006 0.4091 0.1470
vn -0.9691 0.1567 -0.1904
vn -0.9549 -0.1129 -0.2745
vn -0.8951 -0.4457 -0.0053
vn -0.9143 -0.1500 -0.3763
vn -0.7648 -0.6441 -0.0124
vn -0.8826 0.2232 -0.4138
vn -0.7537 0.6411 -0.1447
vn -0.5937 0.6728 0.4415
vn -0.5937 0.6727 0.4415
vn 0.4643 -0.0167 -0.8855
vn 0.6485 0.1614 -0.7439
vn 0.9258 0.1639 -0.3406
vn 0.6823 0.2776 -0.6763
vn 0.9495 0.2161 -0.2275
vn 0.6918 0.1714 -0.7014
vn 0.9642 0.0844 -0.2515
vn 0.6953 0.6209 -0.3619
vn 0.9730 0.2261 0.0471
vn 0.1882 0.9817 0.0290
vn -0.1731 0.7776 0.6045
vn -0.0371 0.9692 0.2436
vn -0.3534 0.7049 0.6150
vn -0.4830 0.3382 0.8077
vn -0.1186 0.2032 0.9719
vn 0.9310 -0.1139 0.3467
vn 0.8653 -0.3986 0.3039
vn 0.9696 -0.2196 0.1082
vn 0.9615 -0.2478 -0.1186
vn 0.9340 0.0973 -0.3437
vn 0.8078 -0.5415 0.2330
vn 0.2805 -0.3170 0.9060
vn -0.3076 -0.4176 0.8550
vn -0.4089 -0.2459 0.8788
vn -0.4755 0.0034 0.8797
vn -0.4669 0.0883 0.8799
vn 0.9923 0.0524 0.1126
vn 0.9458 0.2319 0.2275
vn 0.9113 0.2203 0.3479
vn 0.5145 0.3399 0.7872
vn 0.2443 0.3871 0.8891
vn 0.6022 0.3988 0.6916
vn 0.2129 0.4530 0.8657
vn 0.2663 0.9607 -0.0784
vn 0.2805 0.9404 -0.1922
vn 0.4307 0.3014 -0.8507
vn 0.4430 0.2333 -0.8656
vn 0.5689 0.4058 -0.7153
vn 0.2452 0.9489 -0.1986
vn 0.2957 0.9038 -0.3092
vn 0.3918 0.8043 -0.4468
vn -0.1610 0.1373 -0.9774
vn -0.4910 0.3014 -0.8173
vn -0.5007 0.1678 -0.8492
vn -0.4690 0.4531 -0.7581
vn -0.2249 0.9337 -0.2785
vn -0.2874 0.9452 0.1547
vn -0.4293 0.6664 0.6096
vn -0.1421 0.9494 -0.2799
vn -0.0499 0.9330 -0.3563
vn 0.0258 0.8714 -0.4900
vn 0.1134 0.7841 -0.6102
vn -0.1007 0.8806 -0.4630
vn -0.1259 0.4094 -0.9036
vn -0.2302 0.1274 -0.9648
vn -0.2146 0.3434 -0.9143
vn -0.5390 -0.4170 0.7319
vn -0.5647 -0.4919 0.6627
vn -0.2870 0.4296 0.8562
vn -0.4249 0.4226 0.8005
vn -0.3638 0.5040 0.7833
vn -0.5063 0.4065 0.7606
vn -0.6801 0.3362 0.6515
vn -0.7124 0.3419 0.6128
vn -0.7417 0.3992 0.5390
vn -0.7455 0.4020 0.5316
vn -0.6637 0.5137 0.5436
vn -0.6578 0.5116 0.5528
vn -0.6368 0.5767 0.5118
vn 0.0658 0.4326 0.8992
vn 0.3046 0.5994 0.7402
vn 0.8492 0.4033 0.3410
vn 0.7437 0.6666 0.0498
vn 0.9969 0.0781 -0.0067
vn -0.3552 -0.9313 -0.0813
vn -0.4100 -0.8864 -0.2149
vn -0.5581 -0.8262 -0.0765
vn -0.4899 -0.8624 -0.1276
vn -0.2773 -0.8866 -0.3701
vn -0.1885 -0.8645 -0.4659
vn 0.0507 -0.8511 -0.5226
vn 0.0871 -0.8215 -0.5635
vn 0.2186 -0.8191 -0.5304
vn 0.3619 -0.9322 0.0062
vn 0.4423 -0.8964 0.0277
vn 0.4521 -0.8849 -0.1116
vn 0.5124 -0.8587 -0.0041
vn 0.3590 -0.8848 -0.2969
vn 0.2939 -0.8627 -0.4115
vn 0.0736 -0.8507 -0.5205
vn 0.0481 -0.8217 -0.5679
vn -0.0882 -0.8202 -0.5652
vt 0.108341 0.899822
vt 0.093766 0.898193
vt 0.108370 0.886525
vt 0.091126 0.889635
vt 0.069156 0.906136
vt 0.078082 0.817541
vt 0.028250 0.832618
vt 0.044161 0.908640
vt 0.051642 0.932561
vt 0.108385 0.933371
vt 0.095081 0.966596
vt 0.134395 0.947704
vt 0.135503 0.983306
vt 0.167901 0.954689
vt 0.215928 0.979210
vt 0.202315 0.953399
vt 0.249288 0.935633
vt 0.118151 0.895458
vt 0.139369 0.887741
vt 0.167931 0.881622
vt 0.197099 0.885948
vt 0.227067 0.894471
vt 0.252272 0.897384
vt 0.290271 0.934339
vt 0.314101 0.898235
vt 0.201084 0.845983
vt 0.197043 0.871608
vt 0.155947 0.844093
vt 0.162871 0.867703
vt 0.116813 0.858698
vt 0.132511 0.873516
vt 0.107822 0.802518
vt 0.154724 0.798055
vt 0.244099 0.817038
vt 0.049569 0.718239
vt 0.070302 0.707247
vt 0.048832 0.738223
vt 0.057807 0.744289
vt 0.070693 0.756330
vt 0.102982 0.703674
vt 0.108045 0.764559
vt 0.146392 0.709110
vt 0.144051 0.760019
vt 0.164123 0.753436
vt 0.180315 0.733497
vt 0.176763 0.725562
vt 0.178476 0.738223
vt 0.152352 0.707247
vt 0.167278 0.745782
vt 0.151652 0.756330
vt 0.119672 0.703674
vt 0.114609 0.764559
vt 0.076263 0.709110
vt 0.078604 0.760019
vt 0.058532 0.753436
vt 0.046993 0.733497
vt 0.988453 0.838853
vt 0.973097 0.890055
vt 0.957095 0.810788
vt 0.910297 0.892743
vt 0.916531 0.927792
vt 0.849036 0.970017
vt 0.815776 0.886131
vt 0.836520 0.940632
vt 0.735851 0.974891
vt 0.750276 0.988090
vt 0.702554 0.931180
vt 0.596076 0.372668
vt 0.594996 0.368266
vt 0.595235 0.380879
vt 0.593395 0.366562
vt 0.592823 0.383456
vt 0.590964 0.366712
vt 0.590695 0.384166
vt 0.588080 0.367009
vt 0.588080 0.384206
vt 0.585465 0.384166
vt 0.585196 0.366712
vt 0.583337 0.383456
vt 0.582765 0.366562
vt 0.581123 0.380300
vt 0.581164 0.368266
vt 0.580705 0.373148
vt 0.480278 0.317226
vt 0.474417 0.349947
vt 0.488069 0.315898
vt 0.488248 0.351740
vt 0.481703 0.361899
vt 0.489824 0.361407
vt 0.495439 0.360620
vt 0.497873 0.349897
vt 0.494862 0.316645
vt 0.515330 0.317265
vt 0.502806 0.351765
vt 0.523572 0.317595
vt 0.514818 0.353164
vt 0.507430 0.360770
vt 0.514977 0.361625
vt 0.520207 0.361328
vt 0.524158 0.354824
vt 0.530531 0.320028
vt 0.446503 0.407180
vt 0.447239 0.381704
vt 0.436484 0.409662
vt 0.435998 0.383979
vt 0.444611 0.368579
vt 0.433279 0.371147
vt 0.426240 0.374255
vt 0.426381 0.384115
vt 0.429304 0.407914
vt 0.562061 0.323849
vt 0.568225 0.323197
vt 0.556834 0.351524
vt 0.567891 0.351240
vt 0.573595 0.324370
vt 0.576928 0.352682
vt 0.572651 0.361689
vt 0.566443 0.361073
vt 0.559001 0.360334
vt 0.640096 0.320979
vt 0.646924 0.319889
vt 0.639468 0.349004
vt 0.647314 0.348386
vt 0.653075 0.321149
vt 0.655984 0.349413
vt 0.654756 0.358088
vt 0.648085 0.358629
vt 0.642402 0.358745
vt 0.631545 0.322642
vt 0.635288 0.350893
vt 0.625223 0.319592
vt 0.624740 0.348897
vt 0.628757 0.360991
vt 0.622218 0.360220
vt 0.617509 0.357978
vt 0.615387 0.349374
vt 0.617012 0.320211
vt 0.477346 0.414835
vt 0.483487 0.383192
vt 0.470432 0.415655
vt 0.468611 0.383659
vt 0.478307 0.364869
vt 0.466350 0.365152
vt 0.459683 0.366189
vt 0.458094 0.384507
vt 0.463174 0.415651
vt 0.651429 0.404014
vt 0.650104 0.377549
vt 0.664953 0.404378
vt 0.665520 0.377326
vt 0.651320 0.364641
vt 0.667005 0.364033
vt 0.673482 0.365423
vt 0.675283 0.375904
vt 0.673445 0.402629
vt 0.627809 0.409632
vt 0.625242 0.378544
vt 0.636706 0.409612
vt 0.635647 0.380507
vt 0.625968 0.369658
vt 0.631266 0.366785
vt 0.638468 0.365337
vt 0.645366 0.376395
vt 0.642860 0.408332
vt 0.530110 0.414900
vt 0.522979 0.381467
vt 0.536482 0.415937
vt 0.535047 0.383785
vt 0.526562 0.366621
vt 0.538209 0.364184
vt 0.549793 0.364084
vt 0.552929 0.378807
vt 0.542885 0.414108
vt 0.507257 0.106369
vt 0.493192 0.122813
vt 0.451200 0.078150
vt 0.441377 0.105913
vt 0.436533 0.166932
vt 0.383273 0.201221
vt 0.405416 0.299185
vt 0.315244 0.366286
vt 0.358797 0.367986
vt 0.368573 0.474427
vt 0.388793 0.420468
vt 0.409598 0.513433
vt 0.439295 0.451337
vt 0.457352 0.555628
vt 0.481639 0.525417
vt 0.479793 0.560039
vt 0.496900 0.538300
vt 0.542803 0.107777
vt 0.542803 0.132512
vt 0.592415 0.122813
vt 0.596357 0.168413
vt 0.652382 0.167471
vt 0.641519 0.271906
vt 0.685089 0.299185
vt 0.671043 0.321140
vt 0.709287 0.377467
vt 0.686048 0.365568
vt 0.671351 0.364693
vt 0.668238 0.341355
vt 0.639202 0.330593
vt 0.646230 0.304573
vt 0.595112 0.333923
vt 0.596055 0.310744
vt 0.542803 0.310345
vt 0.594103 0.272773
vt 0.542803 0.278129
vt 0.542803 0.180955
vt 0.491504 0.272773
vt 0.489250 0.168413
vt 0.444087 0.271906
vt 0.489552 0.310553
vt 0.490494 0.332353
vt 0.439377 0.307141
vt 0.446405 0.329546
vt 0.414408 0.320201
vt 0.417369 0.337691
vt 0.397765 0.362398
vt 0.388212 0.362334
vt 0.542803 0.335344
vt 0.403385 0.405539
vt 0.413017 0.401653
vt 0.456769 0.413970
vt 0.447012 0.428313
vt 0.495373 0.417365
vt 0.496442 0.433648
vt 0.542803 0.434080
vt 0.496693 0.453051
vt 0.542803 0.452583
vt 0.541849 0.513752
vt 0.588914 0.453051
vt 0.568250 0.508993
vt 0.608852 0.522647
vt 0.586140 0.533668
vt 0.600826 0.560623
vt 0.566678 0.532212
vt 0.539750 0.552351
vt 0.519586 0.535962
vt 0.532204 0.559606
vt 0.546895 0.559234
vt 0.539250 0.581582
vt 0.545283 0.581795
vt 0.539865 0.632208
vt 0.559524 0.574647
vt 0.592729 0.613454
vt 0.560360 0.646508
vt 0.540895 0.659515
vt 0.522270 0.643532
vt 0.503514 0.612710
vt 0.534686 0.581795
vt 0.521889 0.576018
vt 0.589165 0.433648
vt 0.590233 0.417365
vt 0.638595 0.428313
vt 0.628837 0.413970
vt 0.675247 0.395851
vt 0.667685 0.395293
vt 0.689340 0.415347
vt 0.717034 0.474427
vt 0.758541 0.368768
vt 0.756353 0.462224
vt 0.822815 0.429153
vt 0.819544 0.476121
vt 0.942633 0.511511
vt 0.870045 0.539827
vt 0.693475 0.194226
vt 0.650517 0.114385
vt 0.634406 0.078150
vt 0.578349 0.106369
vt 0.648100 0.452231
vt 0.676009 0.513433
vt 0.622785 0.559829
vt 0.635912 0.590481
vt 0.616198 0.630051
vt 0.633907 0.629025
vt 0.633896 0.676324
vt 0.685499 0.654883
vt 0.680395 0.567030
vt 0.748567 0.524049
vt 0.744588 0.556628
vt 0.805984 0.564487
vt 0.802185 0.624428
vt 0.836868 0.585201
vt 0.832596 0.678765
vt 0.855352 0.622510
vt 0.804821 0.524917
vt 0.684534 0.611123
vt 0.734866 0.603884
vt 0.731698 0.657444
vt 0.782777 0.673691
vt 0.814701 0.690454
vt 0.793630 0.720555
vt 0.820683 0.733539
vt 0.768383 0.733470
vt 0.796958 0.760590
vt 0.733727 0.739344
vt 0.745942 0.758380
vt 0.686271 0.748394
vt 0.693827 0.774006
vt 0.628676 0.735078
vt 0.591441 0.756433
vt 0.593970 0.738569
vt 0.568881 0.746139
vt 0.542803 0.761131
vt 0.559991 0.797168
vt 0.675712 0.807669
vt 0.666641 0.879790
vt 0.766919 0.832098
vt 0.760152 0.786099
vt 0.542803 0.851964
vt 0.542803 0.952813
vt 0.418966 0.879790
vt 0.678169 0.731628
vt 0.629528 0.726211
vt 0.592138 0.727674
vt 0.567339 0.718949
vt 0.542803 0.718203
vt 0.516726 0.746139
vt 0.616705 0.715698
vt 0.606342 0.682783
vt 0.580152 0.687029
vt 0.601896 0.621376
vt 0.567607 0.658199
vt 0.539973 0.671033
vt 0.541954 0.692487
vt 0.518268 0.718949
vt 0.491637 0.738569
vt 0.519914 0.655328
vt 0.493793 0.617547
vt 0.542803 0.417558
vt 0.518314 0.508832
vt 0.469975 0.641900
vt 0.449868 0.602598
vt 0.450959 0.642225
vt 0.405212 0.567030
vt 0.401073 0.628887
vt 0.349810 0.617607
vt 0.397145 0.679200
vt 0.354251 0.669450
vt 0.444511 0.696970
vt 0.479265 0.682783
vt 0.505455 0.687029
vt 0.493469 0.727674
vt 0.456931 0.735078
vt 0.457793 0.714958
vt 0.456079 0.726211
vt 0.410907 0.728158
vt 0.402806 0.744924
vt 0.346173 0.739001
vt 0.335327 0.758380
vt 0.288648 0.760590
vt 0.325454 0.782770
vt 0.318688 0.813655
vt 0.406424 0.793585
vt 0.523880 0.796301
vt 0.312430 0.732100
vt 0.289354 0.720555
vt 0.261426 0.735287
vt 0.266720 0.701050
vt 0.249388 0.676954
vt 0.281339 0.632340
vt 0.245675 0.587375
vt 0.281331 0.557471
vt 0.280786 0.524917
vt 0.337040 0.524049
vt 0.329253 0.462224
vt 0.222688 0.614842
vt 0.215561 0.539827
vt 0.266063 0.476121
vt 0.142974 0.511511
vt 0.262792 0.429153
vt 0.230999 0.375798
vt 0.279057 0.263775
vt 0.284086 0.157140
vt 0.404971 0.122947
vt 0.300476 0.050628
vt 0.449947 0.009364
vt 0.542803 0.011068
vt 0.635660 0.009364
vt 0.780751 0.053548
vt 0.679515 0.128413
vt 0.801521 0.157140
vt 0.806550 0.263775
vt 0.854607 0.375798
vt 0.963175 0.428540
vt 0.935566 0.325428
vt 0.895184 0.237112
vt 0.190423 0.237112
vt 0.150041 0.325428
vt 0.122431 0.428540
vt 0.300060 0.686346
vt 0.342009 0.549037
vt 0.495901 0.756433
vt 0.395249 0.768316
vt 0.430642 0.377771
vt 0.439179 0.379110
vt 0.436307 0.392383
vt 0.446395 0.380171
vt 0.448045 0.392942
vt 0.447195 0.411448
vt 0.436126 0.411702
vt 0.428297 0.410735
vt 0.426904 0.390797
vt 0.837325 0.456871
vt 0.894211 0.451676
vt 0.950387 0.548074
vt 0.564924 0.063949
vt 0.564924 0.951744
vt 0.367712 0.063949
vt 0.367712 0.951744
vt 0.137401 0.063949
vt 0.137401 0.951744
vt 0.794770 0.063949
vt 0.794770 0.951744
vt 0.915717 0.801388
vt 0.861391 0.707922
vt 0.962621 0.707760
vt 0.473431 0.694112
vt 0.471413 0.691804
vt 0.472539 0.695502
vt 0.459702 0.764185
vt 0.461115 0.740609
vt 0.437251 0.764156
vt 0.436065 0.741055
vt 0.436796 0.732589
vt 0.431895 0.732093
vt 0.413606 0.719280
vt 0.421142 0.716971
vt 0.409894 0.704711
vt 0.435756 0.708307
vt 0.425824 0.701504
vt 0.423967 0.703607
vt 0.414947 0.688419
vt 0.414370 0.689465
vt 0.404589 0.688251
vt 0.410122 0.690402
vt 0.404599 0.691260
vt 0.408038 0.706937
vt 0.440202 0.764148
vt 0.441071 0.741264
vt 0.445426 0.732476
vt 0.442163 0.712296
vt 0.465218 0.740780
vt 0.467923 0.713574
vt 0.491240 0.715754
vt 0.482435 0.693440
vt 0.490339 0.695533
vt 0.486358 0.676694
vt 0.493876 0.677417
vt 0.487762 0.653082
vt 0.493236 0.655798
vt 0.489334 0.655932
vt 0.484481 0.676492
vt 0.488919 0.693433
vt 0.478933 0.692661
vt 0.489273 0.715593
vt 0.461222 0.716203
vt 0.494664 0.683640
vt 0.498672 0.683572
vt 0.501477 0.667334
vt 0.505894 0.667435
vt 0.503777 0.665095
vt 0.508727 0.667333
vt 0.502437 0.683699
vt 0.508931 0.684471
vt 0.509105 0.695892
vt 0.506591 0.696127
vt 0.506023 0.715403
vt 0.495073 0.694779
vt 0.461265 0.764163
vt 0.488516 0.741231
vt 0.489044 0.764191
vt 0.493364 0.741287
vt 0.493388 0.764208
vt 0.505739 0.715466
vt 0.499304 0.694968
vt 0.500368 0.731862
vt 0.498582 0.667228
vt 0.439539 0.708141
vt 0.434811 0.694873
vt 0.432532 0.694095
vt 0.436812 0.675889
vt 0.444805 0.675958
vt 0.439783 0.656780
vt 0.443210 0.656896
vt 0.446663 0.654436
vt 0.448719 0.656980
vt 0.452935 0.656905
vt 0.453842 0.675908
vt 0.451114 0.692253
vt 0.453249 0.694553
vt 0.457382 0.675089
vt 0.466824 0.675258
vt 0.468807 0.649220
vt 0.474772 0.675435
vt 0.473987 0.652415
vt 0.464135 0.675604
vt 0.470446 0.652208
vt 0.464892 0.652020
vt 0.461036 0.652270
vt 0.460524 0.692006
vt 0.446320 0.675360
vt 0.443587 0.693337
vt 0.442478 0.693083
vt 0.433059 0.712453
vt 0.464346 0.693777
vt 0.477466 0.677348
vt 0.480516 0.655668
vt 0.484022 0.655866
vt 0.505895 0.684161
vt 0.470938 0.654972
vt 0.465341 0.651410
vt 0.483313 0.653031
vt 0.483101 0.647629
vt 0.480352 0.687447
vt 0.477142 0.684548
vt 0.477630 0.678149
vt 0.473243 0.678305
vt 0.462502 0.677362
vt 0.480202 0.666846
vt 0.471292 0.666964
vt 0.502736 0.650697
vt 0.502368 0.655482
vt 0.486406 0.654145
vt 0.492701 0.657784
vt 0.467398 0.667902
vt 0.460912 0.663853
vt 0.462939 0.669414
vt 0.456181 0.688496
vt 0.453135 0.687417
vt 0.464072 0.683573
vt 0.452642 0.691589
vt 0.464345 0.688981
vt 0.460524 0.710352
vt 0.480979 0.689037
vt 0.482165 0.713241
vt 0.491910 0.690444
vt 0.500895 0.718399
vt 0.502559 0.692919
vt 0.509905 0.709881
vt 0.502059 0.694549
vt 0.457388 0.745244
vt 0.480861 0.745747
vt 0.504296 0.728970
vt 0.481535 0.745475
vt 0.498089 0.725857
vt 0.479362 0.723334
vt 0.491598 0.709978
vt 0.459591 0.693260
vt 0.513437 0.712164
vt 0.509922 0.695770
vt 0.511810 0.697299
vt 0.509835 0.675510
vt 0.502308 0.698464
vt 0.505338 0.677720
vt 0.499777 0.677892
vt 0.509160 0.676637
vt 0.504130 0.676686
vt 0.502507 0.675110
vt 0.494226 0.697196
vt 0.493328 0.692775
vt 0.494532 0.697543
vt 0.505574 0.712153
vt 0.438290 0.709230
vt 0.427921 0.745952
vt 0.409833 0.709046
vt 0.411377 0.729058
vt 0.409881 0.728330
vt 0.418671 0.746057
vt 0.433139 0.727924
vt 0.455708 0.745014
vt 0.456475 0.774973
vt 0.418315 0.775189
vt 0.483634 0.774818
vt 0.483228 0.774819
vt 0.461178 0.774943
vt 0.429314 0.775125
vt 0.439767 0.690122
vt 0.430301 0.692477
vt 0.440456 0.685591
vt 0.431491 0.690367
vt 0.445193 0.673200
vt 0.437585 0.673381
vt 0.438495 0.658525
vt 0.429625 0.673091
vt 0.439569 0.660884
vt 0.446273 0.659918
vt 0.449943 0.653289
vt 0.459851 0.657349
vt 0.457232 0.651113
vt 0.458474 0.653219
vt 0.454458 0.670340
vt 0.419282 0.692507
vt 0.420415 0.690492
vt 0.413181 0.695860
vt 0.418759 0.674740
vt 0.412750 0.677305
vt 0.419184 0.660989
vt 0.427315 0.705754
vt 0.418496 0.656975
vt 0.425030 0.655702
vt 0.425905 0.660448
vt 0.410874 0.707789
vt 0.484768 0.669830
vt 0.500441 0.671848
vt 0.498080 0.671666
vt 0.488154 0.671544
vt 0.479868 0.675605
vt 0.484073 0.669942
vt 0.490939 0.664600
vt 0.500729 0.671731
vt 0.499771 0.664966
vt 0.607973 0.896576
vt 0.533585 0.820896
vt 0.534873 0.875384
vt 0.190843 0.797692
vt 0.180654 0.774329
vt 0.177530 0.814138
vt 0.127457 0.779405
vt 0.146743 0.748535
vt 0.106072 0.746391
vt 0.097102 0.695717
vt 0.067172 0.668053
vt 0.174243 0.846651
vt 0.123481 0.829541
vt 0.075880 0.760305
vt 0.071749 0.825676
vt 0.067003 0.755108
vt 0.062774 0.822008
vt 0.170957 0.879165
vt 0.119008 0.865002
vt 0.069264 0.859082
vt 0.060668 0.853882
vt 0.167214 0.939613
vt 0.109029 0.914231
vt 0.062496 0.903062
vt 0.054711 0.897353
vt 0.110087 0.977971
vt 0.065895 0.965150
vt 0.049795 0.930185
vt 0.043851 0.922770
vt 0.040746 0.969945
vt 0.036352 0.943525
vt 0.028880 0.934547
vt 0.020264 0.971514
vt 0.016732 0.949572
vt 0.014836 0.939305
vt 0.425172 0.867048
vt 0.427372 0.848734
vt 0.405306 0.897372
vt 0.384913 0.896026
vt 0.423085 0.828716
vt 0.347619 0.888253
vt 0.385276 0.770905
vt 0.299909 0.733201
vt 0.376790 0.933705
vt 0.332154 0.926013
vt 0.299700 0.885163
vt 0.298955 0.923766
vt 0.339819 0.951214
vt 0.380379 0.965164
vt 0.382270 0.971622
vt 0.341520 0.956396
vt 0.300069 0.948950
vt 0.300082 0.954365
vt 0.558572 0.367426
vt 0.559180 0.269886
vt 0.588233 0.367430
vt 0.583270 0.269886
vt 0.656252 0.367434
vt 0.655996 0.269886
vt 0.731610 0.367446
vt 0.731904 0.269886
vt 0.791178 0.367447
vt 0.790719 0.269886
vt 0.866648 0.820097
vt 0.878106 0.820054
vt 0.846260 0.873382
vt 0.858438 0.880074
vt 0.972935 0.817739
vt 0.972080 0.879299
vt 0.824813 0.915170
vt 0.832631 0.920113
vt 0.896635 0.940778
vt 0.812535 0.943634
vt 0.856089 0.966289
vt 0.757615 0.948306
vt 0.757281 0.978420
vt 0.659714 0.939687
vt 0.953211 0.963400
vt 0.966119 0.939287
vt 0.809546 0.935130
vt 0.756745 0.940166
vt 0.717154 0.934999
vt 0.723312 0.926810
vt 0.674208 0.884185
vt 0.685818 0.878713
vt 0.841143 0.820485
vt 0.815753 0.826233
vt 0.818803 0.886726
vt 0.797706 0.796635
vt 0.800712 0.923140
vt 0.758335 0.927603
vt 0.736363 0.916719
vt 0.705219 0.871053
vt 0.678604 0.816163
vt 0.709584 0.819854
vt 0.508719 0.040544
vt 0.436231 0.039317
vt 0.490798 0.127815
vt 0.425099 0.127713
vt 0.381567 0.031944
vt 0.373345 0.127779
vt 0.335416 0.023113
vt 0.329194 0.127854
vt 0.297760 0.127431
vt 0.320762 0.215454
vt 0.298894 0.212633
vt 0.317731 0.227716
vt 0.296787 0.227909
vt 0.321921 0.240960
vt 0.296324 0.240889
vt 0.323296 0.304913
vt 0.298639 0.305681
vt 0.326651 0.333444
vt 0.300230 0.332773
vt 0.326623 0.351539
vt 0.300726 0.349357
vt 0.326456 0.367450
vt 0.301085 0.364801
vt 0.280625 0.365026
vt 0.278016 0.349565
vt 0.276426 0.331890
vt 0.271967 0.307597
vt 0.272396 0.240867
vt 0.272836 0.227935
vt 0.273767 0.213965
vt 0.272177 0.127444
vt 0.298385 0.020186
vt 0.261547 0.019346
vt 0.252310 0.369978
vt 0.240156 0.357246
vt 0.232308 0.343827
vt 0.232953 0.309609
vt 0.233569 0.240918
vt 0.229527 0.227589
vt 0.232227 0.214763
vt 0.234582 0.126263
vt 0.208652 0.023184
vt 0.192684 0.369896
vt 0.188557 0.359198
vt 0.185029 0.346298
vt 0.184949 0.310305
vt 0.184051 0.240990
vt 0.182498 0.227326
vt 0.182824 0.214010
vt 0.169089 0.124179
vt 0.122428 0.026800
vt 0.146309 0.370489
vt 0.119562 0.355767
vt 0.125932 0.344396
vt 0.144453 0.306375
vt 0.146096 0.241507
vt 0.142048 0.227589
vt 0.146466 0.211252
vt 0.091227 0.127866
vt 0.037201 0.040893
vt 0.115991 0.364818
vt 0.380538 0.370343
vt 0.376995 0.356037
vt 0.428684 0.372485
vt 0.425515 0.359334
vt 0.455248 0.371349
vt 0.473535 0.357496
vt 0.474820 0.364240
vt 0.374078 0.339040
vt 0.420905 0.342880
vt 0.460404 0.343774
vt 0.364204 0.304403
vt 0.413626 0.305680
vt 0.449386 0.305655
vt 0.360490 0.241084
vt 0.411704 0.241048
vt 0.447247 0.240766
vt 0.362390 0.227088
vt 0.415215 0.227005
vt 0.447939 0.226848
vt 0.366081 0.214048
vt 0.418808 0.213475
vt 0.453161 0.210529
vt 0.506632 0.978694
vt 0.510744 0.953528
vt 0.524122 0.977721
vt 0.540857 0.941722
vt 0.525221 0.880681
vt 0.479640 0.801624
vt 0.476814 0.936249
vt 0.447369 0.855733
vt 0.440890 0.947321
vt 0.418515 0.923034
vt 0.423870 0.974683
vt 0.442577 0.973460
vt 0.470382 0.989736
vt 0.478822 0.981276
vt 0.610408 0.750021
vt 0.674930 0.751693
vt 0.596497 0.688138
vt 0.654705 0.688117
vt 0.715168 0.768968
vt 0.730557 0.688120
vt 0.767911 0.751485
vt 0.767716 0.688128
vt 0.826343 0.688117
vt 0.832802 0.768987
vt 0.910963 0.688094
vt 0.890990 0.755282
vt 0.549470 0.688170
vt 0.528729 0.746240
vt 0.526662 0.688173
vt 0.551546 0.607431
vt 0.587207 0.604066
vt 0.555813 0.546611
vt 0.585848 0.546615
vt 0.555639 0.456404
vt 0.586841 0.456420
vt 0.535915 0.367426
vt 0.536744 0.269886
vt 0.637762 0.811757
vt 0.785699 0.816391
vt 0.785249 0.831926
vt 0.779629 0.831858
vt 0.781593 0.853505
vt 0.778235 0.843494
vt 0.775058 0.853347
vt 0.777922 0.864035
vt 0.767374 0.873377
vt 0.767867 0.877203
vt 0.761079 0.881959
vt 0.762296 0.875247
vt 0.755943 0.877076
vt 0.754288 0.882291
vt 0.747559 0.870787
vt 0.745677 0.877025
vt 0.740900 0.859562
vt 0.652427 0.597891
vt 0.653711 0.546626
vt 0.655251 0.456437
vt 0.725703 0.572723
vt 0.726780 0.546628
vt 0.730722 0.456465
vt 0.774419 0.541431
vt 0.792329 0.513687
vt 0.791356 0.456464
vt 0.864540 0.483766
vt 0.853263 0.454150
vt 0.853357 0.367438
vt 0.852289 0.269886
vt 0.794431 0.135332
vt 0.846831 0.135481
vt 0.733100 0.135402
vt 0.875317 0.454512
vt 0.880858 0.367433
vt 0.887169 0.269754
vt 0.900010 0.137392
vt 0.935523 0.139685
vt 0.942553 0.269867
vt 0.893735 0.374350
vt 0.940587 0.375482
vt 0.884869 0.483362
vt 0.938732 0.479200
vt 0.875683 0.552873
vt 0.936868 0.553296
vt 0.872644 0.611167
vt 0.928336 0.610173
vt 0.854246 0.499717
vt 0.826580 0.555919
vt 0.825775 0.614126
vt 0.766699 0.618543
vt 0.726539 0.620515
vt 0.655162 0.622170
vt 0.656660 0.607853
vt 0.723623 0.589478
vt 0.765252 0.566849
vt 0.800332 0.528794
vt 0.766368 0.772739
vt 0.732186 0.795961
vt 0.973114 0.269811
vt 0.973379 0.375484
vt 0.973379 0.477867
vt 0.973379 0.552326
vt 0.973379 0.610157
vt 0.973379 0.688083
vt 0.969875 0.754885
vt 0.526662 0.610899
vt 0.965604 0.096591
vt 0.570589 0.086143
vt 0.575836 0.083741
vt 0.562568 0.137418
vt 0.581443 0.136457
vt 0.533786 0.607214
vt 0.533173 0.546610
vt 0.534727 0.456402
vt 0.743819 0.846594
vt 0.746093 0.849613
vt 0.745110 0.856221
vt 0.535733 0.139022
vt 0.654186 0.136094
vt 0.331959 0.637960
vt 0.389472 0.637126
vt 0.328746 0.602907
vt 0.385714 0.608555
vt 0.326698 0.580428
vt 0.378544 0.562349
vt 0.323740 0.543190
vt 0.359692 0.492425
vt 0.380020 0.549346
vt 0.398866 0.507960
vt 0.398866 0.544551
vt 0.419874 0.549346
vt 0.321132 0.483370
vt 0.368098 0.455781
vt 0.398866 0.480161
vt 0.398866 0.455981
vt 0.429634 0.455781
vt 0.414914 0.443747
vt 0.458607 0.423974
vt 0.427854 0.400182
vt 0.474963 0.483619
vt 0.438040 0.492425
vt 0.471313 0.543279
vt 0.419005 0.562349
vt 0.469281 0.579513
vt 0.412456 0.608555
vt 0.467769 0.602907
vt 0.410140 0.637126
vt 0.464505 0.637960
vt 0.334339 0.429267
vt 0.382818 0.443747
vt 0.368804 0.400719
vt 0.276658 0.406784
vt 0.276755 0.439823
vt 0.253102 0.407037
vt 0.253723 0.439957
vt 0.277027 0.446563
vt 0.253829 0.446709
vt 0.026021 0.406784
vt 0.054060 0.407242
vt 0.026118 0.439823
vt 0.053993 0.439009
vt 0.094339 0.434171
vt 0.054430 0.446022
vt 0.095481 0.440450
vt 0.129613 0.439373
vt 0.095100 0.406618
vt 0.129858 0.413225
vt 0.152965 0.413258
vt 0.178119 0.413225
vt 0.177709 0.439856
vt 0.210823 0.407471
vt 0.026391 0.446563
vt 0.052560 0.158351
vt 0.024543 0.170824
vt 0.079061 0.173091
vt 0.018534 0.225810
vt 0.076640 0.227545
vt 0.021170 0.251281
vt 0.076483 0.253250
vt 0.011714 0.312581
vt 0.103070 0.317381
vt 0.021661 0.353698
vt 0.098302 0.356523
vt 0.046247 0.381595
vt 0.079937 0.383083
vt 0.211688 0.435978
vt 0.211274 0.441203
vt 0.239996 0.628981
vt 0.168138 0.628681
vt 0.152940 0.435385
vt 0.122656 0.628830
vt 0.073539 0.628981
vt 0.025788 0.629002
vt 0.943138 -0.028736
vt 0.612183 0.008584
vt 0.943764 0.098890
vt 0.610054 0.098289
vt 0.421579 0.025072
vt 0.414375 0.097885
vt 0.323779 -0.007313
vt 0.320091 0.088088
vt 0.226849 -0.002795
vt 0.227362 0.097959
vt 0.943138 -0.023193
vt 0.595911 0.030742
vt 0.596128 0.098468
vt 0.428359 0.014408
vt 0.422519 0.097997
vt 0.227363 0.097959
vt 0.078934 -0.018035
vt 0.158105 -0.007741
vt 0.028548 0.052342
vt 0.166066 0.056941
vt 0.030189 0.146365
vt 0.216942 0.144737
vt 0.029348 0.000258
vt 0.039077 0.134123
vt 0.167784 -0.020133
vt 0.200887 0.112146
vt 0.183431 0.221425
vt 0.318630 0.240151
vt 0.216319 0.272273
vt 0.395999 0.287135
vt 0.383796 0.329405
vt 0.490671 0.340620
vt 0.373549 0.360122
vt 0.479871 0.378217
vt 0.362819 0.474794
vt 0.472244 0.482045
vt 0.305927 0.616832
vt 0.439707 0.614453
vt 0.240787 0.647701
vt 0.376323 0.642034
vt 0.237180 0.791688
vt 0.339652 0.787123
vt 0.287156 0.912006
vt 0.350391 0.907645
vt 0.512344 0.974452
vt 0.430370 0.906054
vt 0.238675 0.915817
vt 0.139540 0.796254
vt 0.174308 0.917630
vt 0.063494 0.798145
vt 0.120847 0.653367
vt 0.160554 0.602024
vt 0.231817 0.569062
vt 0.257587 0.467842
vt 0.258251 0.349531
vt 0.250188 0.309008
vt 0.178584 0.344288
vt 0.134519 0.304236
vt 0.180837 0.457353
vt 0.163733 0.529731
vt 0.098656 0.542214
vt 0.433814 0.785232
vt 0.505398 0.639687
vt 0.588715 0.612725
vt 0.651927 0.483828
vt 0.664533 0.394451
vt 0.684524 0.354038
vt 0.609356 0.302663
vt 0.507120 0.281375
vt 0.185468 0.279081
vt 0.052053 0.247187
vt 0.155169 0.232730
vt 0.053904 0.655714
vt 0.052874 0.598963
vt 0.672685 0.289852
vt 0.791466 0.308278
vt 0.681617 0.612115
vt 0.783284 0.483849
vt 0.837430 0.397172
vt 0.877957 0.367832
vt 0.915372 0.325272
vt 0.967893 0.251844
vt 0.473871 0.639687
vt 0.570122 0.612725
vt 0.852959 0.334306
vt 0.898088 0.287979
vt 0.816493 0.367832
vt 0.772750 0.397172
vt 0.718269 0.483849
vt 0.621286 0.612115
vt 0.965573 0.550393
vt 0.964276 0.633476
vt 0.913699 0.558759
vt 0.873726 0.628491
vt 0.956256 0.756105
vt 0.885787 0.753758
vt 0.945802 0.839543
vt 0.869217 0.837652
vt 0.883738 0.930863
vt 0.844014 0.913794
vt 0.729748 0.961100
vt 0.032642 0.530812
vt 0.000168 0.333678
vt 0.179705 0.358123
vt 0.019900 0.086798
vt 0.238399 0.067266
vt 0.399971 0.078179
vt 0.383929 0.402796
vt 0.576591 0.183609
vt 0.635759 0.495674
vt 0.769205 0.314496
s 1
g off
g Mesh_0004_Material__28
usemtl Material__28
f 18/1/1 20/2/2 19/3/3
f 19/3/3 20/2/2 21/4/4
f 20/2/2 22/5/5 21/4/4
f 21/4/4 22/5/5 23/6/6
f 22/5/5 24/7/7 23/6/6
f 24/7/7 22/5/5 25/8/8
f 25/8/8 22/5/5 26/9/9
f 22/5/5 27/10/10 26/9/9
f 26/9/9 27/10/10 28/11/11
f 27/10/10 29/12/12 28/11/11
f 28/11/13 29/12/14 30/13/15
f 29/12/14 31/14/16 30/13/15
f 30/13/15 31/14/16 32/15/17
f 31/14/16 33/16/18 32/15/17
f 32/15/17 33/16/18 34/17/19
f 22/5/5 20/2/2 27/10/10
f 27/10/10 20/2/2 18/1/20
f 18/1/20 35/18/21 27/10/10
f 27/10/22 35/18/23 5/19/24
f 27/10/22 5/19/24 29/12/25
f 29/12/25 5/19/24 4/20/26
f 29/12/25 4/20/26 31/14/27
f 31/14/27 4/20/26 3/21/28
f 31/14/27 3/21/28 33/16/29
f 33/16/29 3/21/28 34/17/19
f 3/21/28 2/22/30 34/17/19
f 34/17/19 2/22/30 1/23/31
f 36/24/32 32/15/17 37/25/33
f 37/25/33 32/15/17 34/17/19
f 34/17/19 1/23/31 37/25/33
f 37/25/33 1/23/31 38/26/34
f 1/23/31 39/27/35 38/26/34
f 38/26/34 39/27/35 40/28/36
f 39/27/35 41/29/37 40/28/36
f 40/28/36 41/29/37 42/30/38
f 41/29/37 43/31/39 42/30/38
f 42/30/38 43/31/39 19/3/3
f 19/3/3 21/4/4 42/30/38
f 42/30/38 21/4/4 23/6/6
f 23/6/6 44/32/40 42/30/38
f 42/30/38 44/32/40 40/28/36
f 44/32/40 45/33/41 40/28/36
f 40/28/36 45/33/41 38/26/34
f 45/33/41 46/34/42 38/26/34
f 38/26/34 46/34/42 37/25/33
s 2
f 47/24/43 49/25/44 48/15/45
f 48/15/45 49/25/44 50/17/46
f 49/25/44 6/23/47 50/17/46
f 50/17/46 6/23/47 7/22/48
f 7/22/48 8/21/49 50/17/46
f 50/17/46 8/21/49 51/16/50
f 8/21/49 52/14/51 51/16/50
f 8/21/49 9/20/52 52/14/51
f 52/14/51 9/20/52 53/12/53
f 9/20/52 10/19/54 53/12/53
f 53/12/53 10/19/54 54/10/55
f 10/19/54 55/18/56 54/10/55
f 54/10/55 55/18/56 56/1/57
f 56/1/57 57/2/58 54/10/55
f 54/10/55 57/2/58 58/5/59
f 57/2/58 59/4/60 58/5/59
f 58/5/59 59/4/60 60/6/61
f 59/4/60 61/30/62 60/6/61
f 60/6/61 61/30/62 62/32/63
f 61/30/62 63/28/64 62/32/63
f 62/32/63 63/28/64 64/33/65
f 63/28/64 65/26/66 64/33/65
f 64/33/65 65/26/66 66/34/67
f 65/26/66 49/25/44 66/34/67
f 49/25/44 65/26/66 6/23/47
f 6/23/47 65/26/66 67/27/68
f 65/26/66 63/28/64 67/27/68
f 67/27/68 63/28/64 68/29/69
f 63/28/64 61/30/62 68/29/69
f 68/29/69 61/30/62 69/31/70
f 61/30/62 70/3/71 69/31/70
f 61/30/62 59/4/60 70/3/71
f 70/3/71 59/4/60 57/2/58
f 57/2/58 56/1/72 70/3/71
f 60/6/61 71/7/73 58/5/59
f 58/5/59 71/7/73 72/8/74
f 72/8/74 73/9/75 58/5/59
f 58/5/59 73/9/75 74/11/76
f 58/5/59 74/11/76 54/10/55
f 54/10/55 74/11/76 53/12/77
f 74/11/76 75/13/78 53/12/77
f 53/12/77 75/13/78 52/14/79
f 75/13/78 48/15/45 52/14/79
f 52/14/79 48/15/45 51/16/80
f 48/15/45 50/17/46 51/16/80
s 3
f 19/35/81 43/36/82 18/37/83
f 18/37/83 43/36/82 35/38/84
f 43/36/82 5/39/85 35/38/84
f 43/36/82 41/40/86 5/39/85
f 5/39/85 41/40/86 4/41/87
f 41/40/86 39/42/88 4/41/87
f 4/41/87 39/42/88 3/43/89
f 39/42/88 2/44/90 3/43/89
f 2/44/90 39/42/88 1/45/91
s 4
f 70/46/92 56/47/93 69/48/94
f 69/48/94 56/47/93 55/49/95
f 55/49/95 10/50/96 69/48/94
f 69/48/94 10/50/96 68/51/97
f 10/50/96 9/52/98 68/51/97
f 68/51/97 9/52/98 67/53/99
f 9/52/98 8/54/100 67/53/99
f 67/53/99 8/54/100 7/55/101
f 7/55/101 6/56/102 67/53/99
s 5
f 76/57/103 78/58/104 77/59/105
f 77/59/105 78/58/104 79/60/106
f 78/58/104 80/61/107 79/60/106
f 79/60/106 80/61/107 81/62/108
f 77/59/105 79/60/106 82/63/109
f 82/63/109 79/60/106 83/64/110
f 79/60/106 81/62/108 83/64/110
f 83/64/110 81/62/108 84/65/111
f 81/62/108 85/66/112 84/65/111
f 84/65/111 85/66/112 86/62/113
f 82/63/109 83/64/110 87/67/114
f 87/67/114 83/64/110 84/65/111
s 6
f 88/57/115 90/59/116 89/58/117
f 89/58/117 90/59/116 91/60/118
f 90/59/116 92/63/119 91/60/118
f 91/60/118 92/63/119 93/64/120
f 92/63/119 87/67/121 93/64/120
f 93/64/120 87/67/122 84/65/111
f 84/65/111 86/62/123 93/64/120
f 93/64/120 86/62/123 91/60/118
f 86/62/123 94/61/124 91/60/118
f 91/60/118 94/61/124 89/58/117
s 7
f 95/68/125 97/69/126 96/70/127
f 96/70/127 97/69/126 98/71/128
f 96/70/127 98/71/128 99/72/129
f 99/72/129 98/71/128 100/73/130
f 99/72/129 100/73/130 101/74/131
f 101/74/131 100/73/130 102/75/132
f 101/74/131 102/75/132 103/76/133
f 103/76/133 102/75/132 104/77/134
f 102/75/132 105/78/135 104/77/134
f 104/77/134 105/78/135 106/79/136
f 105/78/135 107/80/137 106/79/136
f 106/79/136 107/80/137 108/81/138
f 107/80/137 109/82/139 108/81/138
f 108/81/138 109/82/139 110/83/140
s 8
f 111/84/141 113/85/142 112/86/143
f 112/86/143 113/85/142 114/87/144
f 113/85/142 115/88/145 114/87/144
f 114/87/144 115/88/145 116/89/146
f 116/89/146 117/90/147 114/87/144
f 114/87/144 117/90/147 118/91/148
f 118/91/148 119/92/149 114/87/144
f 114/87/144 119/92/149 112/86/143
s 9
f 120/93/150 122/94/151 121/95/152
f 121/95/152 122/94/151 123/96/153
f 122/94/151 124/97/154 123/96/153
f 123/96/153 124/97/154 125/98/155
f 125/98/155 126/99/156 123/96/153
f 123/96/153 126/99/156 127/100/157
f 123/96/153 127/100/157 121/95/152
f 121/95/152 127/100/157 128/101/158
s 10
f 129/102/159 131/103/160 130/104/161
f 130/104/161 131/103/160 132/105/162
f 131/103/160 133/106/163 132/105/162
f 132/105/162 133/106/163 134/107/164
f 134/107/164 135/108/165 132/105/162
f 132/105/162 135/108/165 136/109/166
f 132/105/162 136/109/166 130/104/161
f 130/104/161 136/109/166 137/110/167
s 11
f 138/111/168 140/112/169 139/113/170
f 139/113/170 140/112/169 141/114/171
f 140/112/169 142/115/172 141/114/171
f 141/114/171 142/115/172 143/116/173
f 143/116/173 144/117/174 141/114/171
f 141/114/171 144/117/174 145/118/175
f 145/118/175 146/119/176 141/114/171
f 141/114/171 146/119/176 139/113/170
s 12
f 147/120/177 149/121/178 148/122/179
f 148/122/179 149/121/178 150/123/180
f 149/121/178 151/124/181 150/123/180
f 150/123/180 151/124/181 152/125/182
f 152/125/182 153/126/183 150/123/180
f 150/123/180 153/126/183 154/127/184
f 154/127/184 155/128/185 150/123/180
f 150/123/180 155/128/185 148/122/179
s 13
f 156/129/186 158/130/187 157/131/188
f 157/131/188 158/130/187 159/132/189
f 158/130/187 160/133/190 159/132/189
f 159/132/189 160/133/190 161/134/191
f 161/134/191 162/135/192 159/132/189
f 159/132/189 162/135/192 163/136/193
f 159/132/189 163/136/193 157/131/188
f 157/131/188 163/136/193 164/137/194
s 14
f 165/138/195 167/139/196 166/140/197
f 166/140/197 167/139/196 168/141/198
f 167/139/196 169/142/199 168/141/198
f 168/141/198 169/142/199 170/143/200
f 170/143/200 171/144/201 168/141/198
f 168/141/198 171/144/201 172/145/202
f 172/145/202 173/146/203 168/141/198
f 168/141/198 173/146/203 166/140/197
s 15
f 174/147/204 176/148/205 175/149/206
f 175/149/206 176/148/205 177/150/207
f 176/148/205 178/151/208 177/150/207
f 177/150/207 178/151/208 179/152/209
f 179/152/209 180/153/210 177/150/207
f 177/150/207 180/153/210 181/154/211
f 177/150/207 181/154/211 175/149/206
f 175/149/206 181/154/211 182/155/212
s 16
f 183/156/213 185/157/214 184/158/215
f 184/158/215 185/157/214 186/159/216
f 185/157/214 187/160/217 186/159/216
f 186/159/216 187/160/217 188/161/218
f 188/161/218 189/162/219 186/159/216
f 186/159/216 189/162/219 190/163/220
f 190/163/220 191/164/221 186/159/216
f 186/159/216 191/164/221 184/158/215
s 17
f 192/165/222 194/166/223 193/167/224
f 193/167/224 194/166/223 195/168/225
f 194/166/223 196/169/226 195/168/225
f 195/168/225 196/169/226 197/170/227
f 197/170/227 198/171/228 195/168/225
f 195/168/225 198/171/228 199/172/229
f 195/168/225 199/172/229 193/167/224
f 193/167/224 199/172/229 200/173/230
s 18
f 201/174/231 203/175/232 202/176/233
f 202/176/233 203/175/232 204/177/234
f 203/175/232 205/178/235 204/177/234
f 204/177/234 205/178/235 206/179/236
f 205/178/235 207/180/237 206/179/236
f 206/179/236 207/180/237 208/181/238
f 207/180/237 209/182/239 208/181/238
f 208/181/238 209/182/239 210/183/240
f 209/182/239 211/184/241 210/183/240
f 210/183/240 211/184/241 212/185/242
f 211/184/241 213/186/243 212/185/242
f 212/185/242 213/186/243 214/187/244
f 213/186/243 215/188/245 214/187/244
f 214/187/244 215/188/245 216/189/246
f 215/188/245 217/190/247 216/189/246
f 201/174/231 218/191/248 203/175/232
f 203/175/232 218/191/248 219/192/249
f 218/191/248 220/193/250 219/192/249
f 219/192/249 220/193/250 221/194/251
f 220/193/250 222/195/252 221/194/251
f 221/194/251 222/195/252 223/196/253
f 222/195/252 224/197/254 223/196/253
f 223/196/253 224/197/254 225/198/255
f 224/197/254 226/199/256 225/198/255
f 225/198/255 226/199/256 227/200/257
f 227/200/257 110/201/258 225/198/255
f 225/198/255 110/201/258 109/202/259
f 109/202/259 107/203/260 225/198/255
f 225/198/255 107/203/260 228/204/261
f 107/203/260 105/205/262 228/204/261
f 228/204/261 105/205/262 229/206/263
f 105/205/262 230/207/264 229/206/263
f 229/206/263 230/207/264 231/208/265
f 230/207/264 232/209/266 231/208/265
f 231/208/265 232/209/266 233/210/267
f 232/209/266 234/211/268 233/210/267
f 233/210/267 234/211/268 235/212/269
f 234/211/268 236/213/270 235/212/269
f 235/212/269 236/213/270 205/178/235
f 236/213/270 207/180/237 205/178/235
f 205/178/235 203/175/232 235/212/269
f 235/212/269 203/175/232 219/192/249
f 235/212/269 219/192/249 233/210/267
f 233/210/267 219/192/249 221/194/251
f 233/210/267 221/194/251 231/208/265
f 231/208/265 221/194/251 223/196/253
f 231/208/265 223/196/253 229/206/263
f 229/206/263 223/196/253 228/204/261
f 223/196/253 225/198/255 228/204/261
f 232/209/266 230/207/264 234/211/268
f 234/211/268 230/207/264 237/214/271
f 230/207/264 100/215/272 237/214/271
f 237/214/271 100/215/272 238/216/273
f 100/215/272 98/217/274 238/216/273
f 238/216/273 98/217/274 239/218/275
f 98/217/274 97/219/276 239/218/275
f 239/218/275 97/219/276 95/220/277
f 95/220/277 240/221/278 239/218/275
f 239/218/275 240/221/278 209/182/239
f 100/215/272 230/207/264 102/222/279
f 102/222/279 230/207/264 105/205/262
f 234/211/268 237/214/271 236/213/270
f 236/213/270 237/214/271 238/216/273
f 238/216/273 239/218/275 236/213/270
f 236/213/270 239/218/275 207/180/237
f 239/218/275 209/182/239 207/180/237
f 209/182/239 240/221/280 211/184/241
f 211/184/241 240/221/280 241/223/281
f 240/221/280 95/220/282 241/223/281
f 241/223/281 95/220/282 96/224/283
f 96/224/283 99/225/284 241/223/281
f 241/223/281 99/225/284 242/226/285
f 99/225/284 101/227/286 242/226/285
f 242/226/285 101/227/286 243/228/287
f 101/227/286 244/229/288 243/228/287
f 243/228/287 244/229/288 245/230/289
f 244/229/288 246/231/290 245/230/289
f 245/230/289 246/231/290 247/232/291
f 246/231/290 248/233/292 247/232/291
f 247/232/291 248/233/292 249/234/293
f 248/233/292 250/235/294 249/234/293
f 249/234/293 250/235/294 251/236/295
f 250/235/294 252/237/296 251/236/295
f 251/236/295 253/238/297 249/234/293
f 249/234/293 253/238/297 247/232/291
f 253/238/297 254/239/298 247/232/291
f 247/232/291 254/239/298 255/240/299
f 254/239/298 256/241/300 255/240/299
f 253/238/297 257/242/301 254/239/298
f 254/239/298 257/242/301 258/243/302
f 257/242/301 259/244/303 258/243/302
f 258/243/302 259/244/303 260/245/304
f 259/244/303 261/246/305 260/245/304
f 260/245/304 261/246/305 262/247/306
f 261/246/305 252/237/307 262/247/306
f 252/237/307 261/246/305 251/236/308
f 251/236/308 261/246/305 253/238/309
f 261/246/305 257/242/301 253/238/309
f 257/242/301 261/246/305 259/244/303
f 262/247/306 263/248/310 260/245/304
f 260/245/304 263/248/310 264/249/311
f 264/249/311 265/250/312 260/245/304
f 260/245/304 265/250/312 266/251/313
f 254/239/298 258/243/302 256/241/300
f 256/241/300 258/243/302 267/252/314
f 258/243/302 260/245/304 267/252/314
f 267/252/314 260/245/304 268/253/315
f 260/245/304 266/251/313 268/253/315
f 268/253/315 266/251/313 216/189/316
f 216/189/316 217/190/317 268/253/315
f 268/253/315 217/190/317 255/240/318
f 255/240/318 256/241/300 268/253/315
f 268/253/315 256/241/300 267/252/314
f 246/231/290 244/229/288 248/233/292
f 248/233/292 244/229/288 269/254/319
f 244/229/288 104/255/320 269/254/319
f 269/254/319 104/255/320 270/256/321
f 104/255/320 106/257/322 270/256/321
f 270/256/321 106/257/322 271/258/323
f 106/257/322 108/259/324 271/258/323
f 271/258/323 108/259/324 110/201/325
f 110/201/325 227/200/326 271/258/323
f 271/258/323 227/200/326 272/260/327
f 227/200/326 226/199/256 272/260/327
f 272/260/327 226/199/256 273/261/328
f 226/199/256 274/262/329 273/261/328
f 273/261/328 274/262/329 275/263/330
f 274/262/329 276/264/331 275/263/330
f 275/263/330 276/264/331 277/265/332
f 276/264/331 278/266/333 277/265/332
f 277/265/332 278/266/333 279/267/334
f 226/199/256 224/197/254 274/262/329
f 274/262/329 224/197/254 280/268/335
f 224/197/254 222/195/252 280/268/335
f 280/268/335 222/195/252 281/269/336
f 222/195/252 220/193/250 281/269/336
f 281/269/336 220/193/250 282/270/337
f 220/193/250 283/271/338 282/270/337
f 283/271/338 220/193/250 218/191/248
f 271/258/323 272/260/327 270/256/321
f 270/256/321 272/260/327 284/272/339
f 272/260/327 285/273/340 284/272/339
f 284/272/339 285/273/340 286/274/341
f 285/273/340 287/275/342 286/274/341
f 286/274/341 287/275/342 288/276/343
f 287/275/342 289/277/344 288/276/343
f 288/276/343 289/277/344 290/278/345
f 289/277/344 291/279/346 290/278/345
f 272/260/327 273/261/328 285/273/340
f 285/273/340 273/261/328 292/280/347
f 273/261/328 293/281/348 292/280/347
f 292/280/347 293/281/348 294/282/349
f 293/281/348 295/283/350 294/282/349
f 294/282/349 295/283/350 296/284/351
f 295/283/350 297/285/352 296/284/351
f 296/284/351 297/285/352 298/286/353
f 297/285/352 299/287/354 298/286/353
f 299/287/354 297/285/352 279/267/334
f 279/267/334 297/285/352 300/288/355
f 297/285/352 295/283/350 300/288/355
f 300/288/355 295/283/350 293/281/348
f 279/267/334 300/288/355 277/265/332
f 277/265/332 300/288/355 275/263/330
f 300/288/355 293/281/348 275/263/330
f 275/263/330 293/281/348 273/261/328
f 285/273/340 292/280/347 287/275/342
f 287/275/342 292/280/347 289/277/344
f 292/280/347 301/289/356 289/277/344
f 289/277/344 301/289/356 291/279/346
f 301/289/356 302/290/357 291/279/346
f 291/279/346 302/290/357 303/291/358
f 302/290/357 296/284/351 303/291/358
f 303/291/358 296/284/351 304/292/359
f 296/284/351 305/293/360 304/292/359
f 304/292/359 305/293/360 306/294/361
f 305/293/360 307/295/362 306/294/361
f 306/294/361 307/295/362 308/296/363
f 307/295/362 17/297/364 308/296/363
f 308/296/363 17/297/364 309/298/365
f 17/297/364 310/299/366 309/298/365
f 309/298/365 310/299/366 311/300/367
f 310/299/366 312/301/368 311/300/367
f 311/300/367 312/301/368 313/302/369
f 312/301/368 314/303/370 313/302/369
f 313/302/369 314/303/370 315/304/371
f 314/303/370 316/305/372 315/304/371
f 316/305/372 314/303/370 317/306/373
f 317/306/373 314/303/370 318/307/374
f 314/303/370 319/308/375 318/307/374
f 318/307/374 319/308/375 15/309/376
f 319/308/375 16/310/377 15/309/376
f 314/303/370 312/301/368 319/308/375
f 319/308/375 312/301/368 320/311/378
f 312/301/368 310/299/366 320/311/378
f 320/311/378 310/299/366 17/297/364
f 17/297/364 16/310/377 320/311/378
f 320/311/378 16/310/377 319/308/375
f 317/306/373 318/307/374 321/312/379
f 321/312/379 318/307/374 15/309/376
f 15/309/376 14/313/380 321/312/379
f 321/312/379 14/313/380 13/314/381
f 309/298/365 311/300/367 322/315/382
f 322/315/382 311/300/367 313/302/369
f 322/315/382 313/302/369 323/316/383
f 323/316/383 313/302/369 324/317/384
f 313/302/369 315/304/385 324/317/384
f 324/317/384 315/304/385 325/318/386
f 315/304/385 316/305/387 325/318/386
f 325/318/386 316/305/387 326/319/388
f 316/305/387 317/306/389 326/319/388
f 326/319/388 317/306/389 327/320/390
f 323/316/383 324/317/384 328/321/391
f 328/321/391 324/317/384 329/322/392
f 324/317/384 330/323/393 329/322/392
f 329/322/392 330/323/393 331/324/394
f 330/323/393 332/325/395 331/324/394
f 331/324/394 332/325/395 263/248/396
f 332/325/395 333/326/397 263/248/396
f 263/248/396 333/326/397 264/249/398
f 333/326/397 265/250/399 264/249/398
f 263/248/396 262/247/400 331/324/394
f 331/324/394 262/247/400 252/237/296
f 324/317/384 325/318/386 330/323/393
f 330/323/393 325/318/386 334/327/401
f 325/318/386 326/319/388 334/327/401
f 334/327/401 326/319/388 335/328/402
f 326/319/388 327/320/390 335/328/402
f 335/328/402 327/320/390 336/329/403
f 330/323/393 334/327/401 332/325/395
f 332/325/395 334/327/401 333/326/397
f 334/327/401 337/330/404 333/326/397
f 333/326/397 337/330/404 265/250/399
f 337/330/404 338/331/405 265/250/399
f 265/250/399 338/331/405 266/251/406
f 338/331/405 216/189/246 266/251/406
f 328/321/391 329/322/392 290/278/345
f 290/278/345 329/322/392 288/276/343
f 329/322/392 331/324/394 288/276/343
f 288/276/343 331/324/394 252/237/296
f 288/276/343 252/237/296 286/274/341
f 286/274/341 252/237/296 250/235/294
f 286/274/341 250/235/294 284/272/339
f 284/272/339 250/235/294 248/233/292
f 248/233/292 269/254/319 284/272/339
f 284/272/339 269/254/319 270/256/321
f 307/295/362 305/293/360 298/286/353
f 298/286/353 305/293/360 296/284/351
f 296/284/351 302/290/357 294/282/349
f 294/282/349 302/290/357 301/289/356
f 301/289/356 292/280/347 294/282/349
f 104/255/320 244/229/288 103/332/407
f 103/332/407 244/229/288 101/227/286
f 241/223/281 242/226/285 211/184/241
f 211/184/241 242/226/285 213/186/243
f 242/226/285 243/228/287 213/186/243
f 213/186/243 243/228/287 245/230/289
f 213/186/243 245/230/289 215/188/245
f 215/188/245 245/230/289 339/333/408
f 245/230/289 247/232/291 339/333/408
f 339/333/408 247/232/291 255/240/299
f 255/240/299 217/190/247 339/333/408
f 339/333/408 217/190/247 215/188/245
f 216/189/246 340/334/409 214/187/244
f 214/187/244 340/334/409 341/335/410
f 340/334/409 342/336/411 341/335/410
f 341/335/410 342/336/411 343/337/412
f 342/336/411 344/338/413 343/337/412
f 343/337/412 344/338/413 345/339/414
f 344/338/413 346/340/415 345/339/414
f 345/339/414 346/340/415 347/341/416
f 344/338/413 342/336/411 346/340/415
f 346/340/415 342/336/411 348/342/417
f 342/336/411 340/334/409 348/342/417
f 348/342/417 340/334/409 349/343/418
f 340/334/409 338/331/405 349/343/418
f 349/343/418 338/331/405 350/344/419
f 338/331/405 337/330/404 350/344/419
f 350/344/419 337/330/404 334/327/401
f 334/327/401 335/328/402 350/344/419
f 350/344/419 335/328/402 351/345/420
f 335/328/402 336/329/403 351/345/420
f 351/345/420 336/329/403 352/346/421
f 350/344/419 351/345/420 349/343/418
f 349/343/418 351/345/420 353/347/422
f 351/345/420 354/348/423 353/347/422
f 353/347/422 348/342/417 349/343/418
f 351/345/420 352/346/421 354/348/423
f 354/348/423 352/346/421 355/349/424
f 352/346/421 356/350/425 355/349/424
f 355/349/424 356/350/425 357/351/426
f 356/350/425 358/352/427 357/351/426
f 357/351/426 358/352/427 11/353/428
f 358/352/427 359/354/429 11/353/428
f 11/353/428 359/354/429 12/355/430
f 359/354/429 360/356/431 12/355/430
f 12/355/430 360/356/431 13/314/381
f 360/356/431 361/357/432 13/314/381
f 13/314/381 361/357/432 321/312/379
f 361/357/432 317/306/433 321/312/379
f 357/351/426 11/353/428 362/358/434
f 362/358/434 11/353/428 363/359/435
f 11/353/428 364/360/436 363/359/435
f 363/359/435 364/360/436 365/361/437
f 364/360/436 366/362/438 365/361/437
f 365/361/437 366/362/438 367/363/439
f 366/362/438 368/364/440 367/363/439
f 367/363/439 368/364/440 369/365/441
f 368/364/440 370/366/442 369/365/441
f 369/365/441 370/366/442 371/367/443
f 370/366/442 372/368/444 371/367/443
f 371/367/443 372/368/444 210/183/240
f 372/368/444 208/181/238 210/183/240
f 366/362/438 373/369/445 368/364/440
f 368/364/440 373/369/445 374/370/446
f 368/364/440 374/370/446 370/366/442
f 370/366/442 374/370/446 375/371/447
f 374/370/446 376/372/448 375/371/447
f 375/371/447 376/372/448 377/373/449
f 376/372/448 378/374/450 377/373/449
f 377/373/449 378/374/450 208/181/238
f 378/374/450 379/375/451 208/181/238
f 208/181/238 379/375/451 206/179/236
f 379/375/451 380/376/452 206/179/236
f 206/179/236 380/376/452 381/377/453
f 380/376/452 382/378/454 381/377/453
f 381/377/453 382/378/454 202/176/233
f 382/378/454 383/379/455 202/176/233
f 202/176/233 383/379/455 201/174/456
f 383/379/455 384/380/457 201/174/456
f 201/174/456 384/380/457 218/191/458
f 384/380/457 283/271/459 218/191/458
f 384/380/457 385/381/460 283/271/459
f 283/271/459 385/381/460 282/270/337
f 385/381/460 386/382/461 282/270/337
f 282/270/337 386/382/461 387/383/462
f 386/382/461 388/384/463 387/383/462
f 387/383/462 388/384/463 280/268/335
f 388/384/463 389/385/464 280/268/335
f 280/268/335 389/385/464 274/262/329
f 389/385/464 390/386/465 274/262/329
f 274/262/329 390/386/465 276/264/331
f 390/386/465 278/266/333 276/264/331
f 278/266/333 390/386/465 391/387/466
f 391/387/466 390/386/465 389/385/464
f 391/387/466 389/385/464 392/388/467
f 392/388/467 389/385/464 393/389/468
f 389/385/464 388/384/463 393/389/468
f 393/389/468 388/384/463 386/382/461
f 280/268/335 281/269/336 387/383/462
f 387/383/462 281/269/336 282/270/337
f 202/176/233 204/177/234 381/377/453
f 381/377/453 204/177/234 206/179/236
f 382/378/454 380/376/452 394/390/469
f 394/390/469 380/376/452 379/375/451
f 394/390/469 379/375/451 395/391/470
f 395/391/470 379/375/451 396/392/471
f 379/375/451 378/374/450 396/392/471
f 396/392/471 378/374/450 376/372/448
f 208/181/238 372/368/444 377/373/449
f 377/373/449 372/368/444 375/371/447
f 372/368/444 370/366/442 375/371/447
f 363/359/435 365/361/437 397/393/472
f 397/393/472 365/361/437 367/363/439
f 397/393/472 367/363/439 347/341/416
f 347/341/416 367/363/439 345/339/414
f 367/363/439 398/394/473 345/339/414
f 345/339/414 398/394/473 343/337/412
f 398/394/473 371/367/443 343/337/412
f 343/337/412 371/367/443 210/183/240
f 210/183/240 212/185/242 343/337/412
f 343/337/412 212/185/242 341/335/410
f 212/185/242 214/187/244 341/335/410
f 371/367/443 398/394/473 369/365/441
f 369/365/441 398/394/473 367/363/439
f 338/331/405 340/334/409 216/189/246
f 317/306/433 399/395/474 327/320/475
f 327/320/475 399/395/474 336/329/476
f 399/395/474 352/346/421 336/329/476
f 317/306/433 361/357/432 399/395/474
f 399/395/474 361/357/432 360/356/431
f 360/356/431 400/396/477 399/395/474
f 399/395/474 400/396/477 352/346/421
f 400/396/477 356/350/425 352/346/421
f 356/350/425 400/396/477 358/352/427
f 358/352/427 400/396/477 359/354/429
f 400/396/477 360/356/431 359/354/429
s 19
f 401/397/478 403/398/479 402/399/480
f 402/399/480 403/398/479 404/400/481
f 404/400/481 405/401/482 402/399/480
f 402/399/480 405/401/482 406/402/483
f 406/402/483 407/403/484 402/399/480
f 402/399/480 407/403/484 408/404/485
f 408/404/485 409/405/486 402/399/480
f 402/399/480 409/405/486 401/397/478
s 20
g Mesh_0004_Material__29
usemtl Material__29
f 410/406/487 412/407/487 411/408/487
s 21
f 413/409/488 411/410/489 414/411/490
f 414/411/490 411/410/489 412/412/491
s 22
f 414/411/492 412/412/493 415/413/494
f 415/413/494 412/412/493 410/414/495
s 23
f 413/409/496 415/415/497 411/410/498
f 411/410/498 415/415/497 410/416/499
s 24
f 414/417/500 415/418/500 413/419/500
s 25
g Mesh_0004_Tex_0006_0_dds
usemtl Tex_0006_0_dds
f 416/420/501 418/421/501 417/422/501
s 26
f 419/423/502 421/424/503 420/425/504
s 27
f 420/425/505 421/424/503 422/426/506
f 421/424/503 423/427/507 422/426/506
f 422/426/506 423/427/507 424/428/508
f 423/427/507 425/429/509 424/428/508
f 424/428/508 425/429/509 426/430/510
f 425/429/509 427/431/511 426/430/510
f 426/430/510 427/431/511 428/432/512
f 427/431/511 429/433/513 428/432/512
f 428/432/512 429/433/513 430/434/514
f 429/433/513 431/435/515 430/434/514
f 430/434/514 431/435/515 432/436/516
f 431/435/515 433/437/517 432/436/516
f 432/436/516 433/437/517 434/438/518
f 433/437/517 435/439/519 434/438/518
f 434/438/518 435/439/519 430/434/514
f 435/439/519 436/440/520 430/434/514
f 430/434/514 436/440/520 425/429/509
f 436/440/520 427/431/511 425/429/509
f 435/439/519 433/437/517 436/440/520
f 436/440/521 433/437/517 427/431/511
f 433/437/517 429/433/513 427/431/511
f 429/433/513 433/437/517 431/435/515
f 434/438/518 430/434/514 432/436/516
f 420/425/522 422/426/506 437/441/523
f 437/441/523 422/426/506 438/442/524
f 422/426/506 424/428/508 438/442/524
f 438/442/524 424/428/508 439/443/525
f 424/428/508 440/444/526 439/443/525
f 439/443/525 440/444/526 441/445/527
f 440/444/526 442/446/528 441/445/527
f 441/445/527 442/446/528 443/447/529
f 442/446/528 444/448/530 443/447/529
f 443/447/529 444/448/530 445/449/531
f 444/448/530 446/450/532 445/449/531
f 445/449/531 446/450/532 447/451/533
f 446/450/532 448/452/534 447/451/533
f 447/451/533 448/452/534 449/453/535
f 448/452/534 450/454/536 449/453/535
f 449/453/535 450/454/536 447/451/533
f 450/454/536 451/455/537 447/451/533
f 447/451/533 451/455/537 452/456/538
f 451/455/537 453/457/539 452/456/538
f 452/456/538 453/457/539 454/458/540
f 453/457/539 455/459/541 454/458/540
f 454/458/540 455/459/541 421/424/503
f 455/459/541 423/427/507 421/424/503
f 447/451/533 452/456/538 445/449/531
f 445/449/531 452/456/538 456/460/542
f 452/456/538 457/461/543 456/460/542
f 456/460/542 457/461/543 458/462/544
f 457/461/543 459/463/545 458/462/544
f 458/462/544 459/463/545 460/464/546
f 459/463/545 461/465/547 460/464/546
f 460/464/546 461/465/547 462/466/548
f 461/465/547 463/467/549 462/466/548
f 462/466/548 463/467/549 464/468/550
f 463/467/549 465/469/551 464/468/550
f 464/468/550 465/469/551 466/470/552
f 465/469/551 467/471/553 466/470/552
f 466/470/552 467/471/553 454/458/540
f 467/471/553 452/456/538 454/458/540
f 452/456/538 467/471/553 457/461/543
f 457/461/543 467/471/553 465/469/551
f 439/443/525 441/445/527 438/442/524
f 438/442/524 441/445/527 468/472/554
f 441/445/527 469/473/555 468/472/554
f 468/472/554 469/473/555 470/474/556
f 469/473/555 471/475/557 470/474/556
f 470/474/556 471/475/557 472/476/558
f 471/475/557 421/424/503 472/476/558
f 472/476/558 421/424/503 419/423/559
f 468/472/554 437/441/523 438/442/524
f 441/445/527 443/447/529 469/473/555
f 469/473/555 443/447/529 473/477/560
f 443/447/529 474/478/561 473/477/560
f 473/477/560 474/478/561 464/468/550
f 474/478/561 462/466/548 464/468/550
f 464/468/550 466/470/552 473/477/560
f 473/477/560 466/470/552 475/479/562
f 466/470/552 454/458/540 475/479/562
f 475/479/562 454/458/540 421/424/503
f 421/424/503 471/475/557 475/479/562
f 475/479/562 471/475/557 469/473/555
f 469/473/555 473/477/560 475/479/562
f 443/447/529 445/449/531 474/478/561
f 474/478/561 445/449/531 462/466/548
f 445/449/531 456/460/542 462/466/548
f 462/466/548 456/460/542 476/480/563
f 456/460/542 458/462/544 476/480/563
f 476/480/563 458/462/544 460/464/546
f 460/464/546 462/466/548 476/480/563
f 424/428/508 426/430/510 440/444/526
f 440/444/526 426/430/510 477/481/564
f 426/430/510 428/432/512 477/481/564
f 477/481/564 428/432/512 478/482/565
f 428/432/512 479/483/566 478/482/565
f 478/482/565 479/483/566 480/484/567
f 479/483/566 481/485/568 480/484/567
f 480/484/567 481/485/568 482/486/569
f 481/485/568 483/487/570 482/486/569
f 482/486/569 483/487/570 484/488/571
f 483/487/570 485/489/572 484/488/571
f 484/488/571 485/489/572 486/490/573
f 485/489/572 481/485/568 486/490/573
f 486/490/573 481/485/568 487/491/574
f 481/485/568 488/492/575 487/491/574
f 487/491/574 488/492/575 489/493/576
f 488/492/575 490/494/577 489/493/576
f 489/493/576 490/494/577 491/495/578
f 490/494/577 492/496/579 491/495/578
f 491/495/578 492/496/579 493/497/580
f 492/496/579 494/498/581 493/497/580
f 493/497/580 494/498/581 495/499/582
f 494/498/581 496/500/583 495/499/582
f 495/499/582 496/500/583 497/501/584
f 496/500/583 492/496/579 497/501/584
f 497/501/584 492/496/579 498/502/585
f 492/496/579 490/494/577 498/502/585
f 498/502/585 490/494/577 495/499/582
f 490/494/577 488/492/575 495/499/582
f 495/499/582 488/492/575 499/503/586
f 488/492/575 455/459/541 499/503/586
f 498/502/585 495/499/582 497/501/584
f 492/496/579 496/500/583 494/498/581
f 486/490/573 487/491/574 484/488/571
f 484/488/571 487/491/574 500/504/587
f 487/491/574 489/493/576 500/504/587
f 500/504/587 489/493/576 501/505/588
f 489/493/576 440/444/526 501/505/588
f 501/505/588 440/444/526 477/481/564
f 477/481/564 478/482/565 501/505/588
f 501/505/588 478/482/565 480/484/567
f 501/505/588 480/484/567 500/504/587
f 500/504/587 480/484/567 484/488/571
f 480/484/567 482/486/569 484/488/571
f 485/489/572 483/487/570 481/485/568
f 481/485/568 479/483/566 502/506/589
f 502/506/589 479/483/566 428/432/512
f 481/485/568 502/506/589 488/492/575
f 488/492/575 502/506/589 455/459/541
f 502/506/589 428/432/512 455/459/541
f 455/459/541 428/432/512 503/507/590
f 428/432/512 430/434/514 503/507/590
f 503/507/590 430/434/514 425/429/509
f 425/429/509 423/427/507 503/507/590
f 503/507/590 423/427/507 455/459/541
f 455/459/541 418/421/591 499/503/586
f 499/503/586 418/421/591 495/499/582
f 418/421/591 493/497/580 495/499/582
f 455/459/541 453/457/539 418/421/591
f 418/421/591 453/457/539 451/455/537
f 493/497/580 416/420/592 491/495/578
f 491/495/578 416/420/592 504/508/593
f 416/420/592 442/446/528 504/508/593
f 504/508/593 442/446/528 440/444/526
f 440/444/526 489/493/576 504/508/593
f 504/508/593 489/493/576 491/495/578
f 442/446/528 416/420/592 444/448/530
f 444/448/530 416/420/592 446/450/532
f 416/420/592 505/509/594 446/450/532
f 446/450/532 505/509/594 448/452/534
f 505/509/594 506/510/595 448/452/534
f 448/452/534 506/510/595 507/511/596
f 506/510/595 505/509/594 507/511/596
f 507/511/596 505/509/594 451/455/537
f 505/509/594 418/421/591 451/455/537
f 451/455/537 450/454/536 507/511/596
f 507/511/596 450/454/536 448/452/534
f 505/509/594 416/420/592 418/421/591
f 418/421/591 416/420/592 493/497/580
f 465/469/551 508/512/597 457/461/543
f 457/461/543 508/512/597 459/463/545
f 508/512/597 461/465/547 459/463/545
f 461/465/547 508/512/597 463/467/549
f 463/467/549 508/512/597 465/469/551
s 28
f 509/513/598 511/514/598 510/515/598
s 29
f 510/515/599 511/514/599 512/516/599
s 30
f 513/517/600 515/518/601 514/519/602
f 514/519/602 515/518/601 516/520/603
f 515/518/601 517/521/604 516/520/603
f 516/520/603 517/521/604 518/522/605
f 517/521/604 519/523/606 518/522/605
f 518/522/605 519/523/606 510/515/607
f 519/523/606 509/513/608 510/515/607
f 510/515/607 512/516/609 518/522/605
f 518/522/605 512/516/609 514/519/602
f 514/519/602 516/520/603 518/522/605
s 31
f 520/524/610 522/525/610 521/526/610
s 32
f 521/526/611 522/525/611 523/527/611
s 30
f 509/513/608 519/523/606 524/528/612
f 524/528/612 519/523/606 517/521/604
f 509/513/608 524/528/612 511/514/613
f 511/514/613 524/528/612 525/529/614
f 524/528/612 526/530/615 525/529/614
f 525/529/614 526/530/615 527/531/616
f 526/530/615 528/532/617 527/531/616
f 524/528/612 517/521/604 526/530/615
f 526/530/615 517/521/604 528/532/617
f 517/521/604 529/533/618 528/532/617
f 528/532/617 529/533/618 530/534/619
f 529/533/618 531/535/620 530/534/619
f 530/534/619 531/535/620 532/536/621
f 531/535/620 533/537/622 532/536/621
f 532/536/621 533/537/622 534/538/623
f 533/537/622 535/539/624 534/538/623
f 534/538/623 535/539/624 536/540/625
f 535/539/624 537/541/626 536/540/625
f 536/540/625 537/541/626 538/542/627
f 537/541/626 539/543/628 538/542/627
f 531/535/620 529/533/618 533/537/622
f 533/537/622 529/533/618 515/518/601
f 529/533/618 517/521/604 515/518/601
f 534/538/623 536/540/625 540/544/629
f 540/544/629 536/540/625 541/545/630
f 536/540/625 542/546/631 541/545/630
f 541/545/630 542/546/631 543/547/632
f 542/546/631 544/548/633 543/547/632
f 543/547/632 544/548/633 545/549/634
f 544/548/633 546/550/635 545/549/634
f 545/549/634 546/550/635 547/551/636
f 546/550/635 538/542/637 547/551/636
f 547/551/636 538/542/637 539/543/628
f 536/540/625 538/542/627 542/546/631
f 542/546/631 538/542/627 548/552/638
f 538/542/627 549/553/639 548/552/638
f 548/552/638 549/553/639 550/554/640
f 549/553/639 551/555/641 550/554/640
f 550/554/640 551/555/641 552/556/642
f 551/555/641 553/557/643 552/556/642
f 552/556/642 553/557/643 554/558/644
f 551/555/641 549/553/639 555/559/645
f 555/559/645 549/553/639 556/560/646
f 549/553/639 539/543/647 556/560/646
f 556/560/646 539/543/647 557/561/648
f 539/543/647 558/562/649 557/561/648
f 557/561/648 558/562/649 559/563/650
f 558/562/649 560/564/651 559/563/650
f 559/563/650 560/564/651 552/556/642
f 560/564/651 561/565/652 552/556/642
f 552/556/642 561/565/652 548/552/638
f 561/565/652 542/546/631 548/552/638
f 542/546/631 561/565/652 544/548/633
f 544/548/633 561/565/652 546/550/635
f 561/565/652 560/564/651 546/550/635
f 546/550/635 560/564/651 558/562/649
f 546/550/635 558/562/649 538/542/637
f 538/542/637 558/562/649 539/543/647
f 539/543/647 549/553/639 538/542/627
f 548/552/638 550/554/640 552/556/642
f 552/556/642 554/558/644 559/563/650
f 559/563/650 554/558/644 557/561/648
f 554/558/644 553/557/653 557/561/648
f 557/561/648 553/557/653 551/555/654
f 551/555/654 555/559/655 557/561/648
f 557/561/648 555/559/655 556/560/646
f 534/538/623 540/544/629 532/536/621
f 532/536/621 540/544/629 562/566/656
f 540/544/629 563/567/657 562/566/656
f 562/566/656 563/567/657 564/568/658
f 563/567/657 565/569/659 564/568/658
f 564/568/658 565/569/659 566/570/660
f 565/569/659 567/571/661 566/570/660
f 566/570/660 567/571/661 568/572/662
f 567/571/661 569/573/663 568/572/662
f 568/572/662 569/573/663 547/551/636
f 569/573/663 545/549/634 547/551/636
f 545/549/634 569/573/663 543/547/632
f 543/547/632 569/573/663 570/574/664
f 569/573/663 571/575/665 570/574/664
f 570/574/664 572/576/666 543/547/632
f 543/547/632 572/576/666 541/545/630
f 572/576/666 573/577/667 541/545/630
f 541/545/630 573/577/667 540/544/629
f 573/577/667 574/578/668 540/544/629
f 540/544/629 574/578/668 563/567/657
f 574/578/668 575/579/669 563/567/657
f 563/567/657 575/579/669 567/571/661
f 575/579/669 571/575/665 567/571/661
f 567/571/661 571/575/665 569/573/663
f 567/571/661 565/569/659 563/567/657
f 532/536/621 562/566/656 530/534/619
f 530/534/619 562/566/656 576/580/670
f 562/566/656 577/581/671 576/580/670
f 576/580/670 577/581/671 578/582/672
f 577/581/671 579/583/673 578/582/672
f 578/582/672 579/583/673 580/584/674
f 579/583/673 581/585/675 580/584/674
f 580/584/674 581/585/675 582/586/676
f 581/585/675 583/587/677 582/586/676
f 582/586/676 583/587/677 584/588/678
f 584/588/678 585/589/679 582/586/676
f 582/586/676 585/589/679 586/590/680
f 585/589/679 587/591/681 586/590/680
f 586/590/680 587/591/681 588/592/682
f 587/591/681 589/593/683 588/592/682
f 588/592/682 589/593/683 525/529/684
f 582/586/676 586/590/680 580/584/674
f 580/584/674 586/590/680 588/592/682
f 583/587/677 581/585/675 579/583/673
f 530/534/619 576/580/670 528/532/685
f 528/532/685 576/580/670 578/582/672
f 578/582/672 580/584/674 528/532/685
f 528/532/685 580/584/674 590/594/686
f 580/584/674 588/592/682 590/594/686
f 590/594/686 588/592/682 525/529/687
f 525/529/687 527/531/688 590/594/686
s 33
f 590/594/689 527/531/689 528/532/689
s 30
f 577/581/671 562/566/656 591/595/690
f 591/595/690 562/566/656 564/568/658
f 577/581/671 591/595/690 579/583/691
f 579/583/691 591/595/690 592/596/692
f 591/595/690 593/597/693 592/596/692
f 592/596/692 593/597/693 594/598/694
f 593/597/693 595/599/695 594/598/694
f 594/598/694 595/599/695 596/600/696
f 595/599/695 597/601/697 596/600/696
f 596/600/696 597/601/697 598/602/698
f 598/602/698 599/603/699 596/600/696
f 596/600/696 599/603/699 600/604/700
f 596/600/696 600/604/700 594/598/694
f 594/598/694 600/604/700 583/587/701
f 583/587/702 579/583/691 594/598/694
f 594/598/694 579/583/691 592/596/692
f 597/601/697 595/599/695 593/597/693
f 591/595/690 564/568/658 593/597/693
f 593/597/693 564/568/658 601/605/703
f 564/568/658 566/570/660 601/605/703
f 601/605/703 566/570/660 597/601/704
f 566/570/660 568/572/662 597/601/704
f 597/601/705 568/572/662 547/551/636
f 547/551/636 539/543/628 513/517/706
f 513/517/706 539/543/628 602/606/707
f 539/543/628 603/607/708 602/606/707
f 539/543/628 537/541/626 603/607/708
f 603/607/708 537/541/626 604/608/709
f 537/541/626 535/539/624 604/608/709
f 604/608/709 535/539/624 605/609/710
f 535/539/624 533/537/622 605/609/710
f 605/609/710 533/537/622 606/610/711
f 533/537/622 602/606/707 606/610/711
f 606/610/711 602/606/707 607/611/712
f 602/606/707 521/526/713 607/611/712
f 607/611/712 521/526/714 523/527/715
f 602/606/707 533/537/622 513/517/706
f 606/610/711 607/611/712 605/609/710
f 605/609/710 607/611/712 608/612/716
f 607/611/712 523/527/715 608/612/716
f 608/612/716 523/527/715 522/525/717
f 603/607/708 604/608/709 609/613/718
f 609/613/718 604/608/709 610/614/719
f 604/608/709 605/609/710 610/614/719
f 610/614/719 605/609/710 608/612/716
f 608/612/716 522/525/717 610/614/719
f 610/614/719 522/525/717 520/524/720
f 520/524/720 609/613/718 610/614/719
f 597/601/704 593/597/693 601/605/703
s 34
g Mesh_0004_Material__30
usemtl Material__30
f 620/615/721 619/616/721 649/617/721
s 35
f 649/617/722 619/616/722 628/615/723
s 36
f 623/618/724 624/619/725 650/620/726
s 37
f 650/620/727 624/619/725 651/621/728
f 624/619/725 625/622/729 651/621/728
f 651/621/728 625/622/729 652/623/730
f 625/622/729 620/624/731 652/623/730
f 652/623/730 620/624/731 649/625/732
f 650/620/733 651/621/728 653/626/734
f 653/626/734 651/621/728 654/627/735
f 651/621/728 655/628/736 654/627/735
f 654/627/735 655/628/736 656/629/737
f 655/628/736 657/630/738 656/629/737
f 656/629/737 657/630/738 658/631/739
f 657/630/738 655/628/736 649/625/732
f 649/625/732 655/628/736 652/623/730
f 655/628/736 651/621/728 652/623/730
f 653/626/734 654/627/735 659/632/740
f 659/632/740 654/627/735 660/633/741
f 654/627/735 656/629/737 660/633/741
f 660/633/741 656/629/737 661/634/742
f 656/629/737 658/631/739 661/634/742
f 661/634/742 658/631/739 662/635/743
f 659/632/740 660/633/741 663/636/744
f 663/636/744 660/633/741 664/637/745
f 660/633/741 661/634/742 664/637/745
f 664/637/745 661/634/742 665/638/746
f 661/634/742 662/635/743 665/638/746
f 665/638/746 662/635/743 666/639/747
f 663/636/744 664/637/745 667/640/748
f 667/640/748 664/637/745 668/641/749
f 664/637/745 665/638/746 668/641/749
f 668/641/749 665/638/746 669/642/750
f 665/638/746 666/639/747 669/642/750
f 669/642/750 666/639/747 670/643/751
f 668/641/749 669/642/750 671/644/752
f 671/644/752 669/642/750 672/645/753
f 669/642/750 670/643/751 672/645/753
f 672/645/753 670/643/751 673/646/754
f 671/644/752 672/645/753 674/647/755
f 674/647/755 672/645/753 675/648/756
f 672/645/753 673/646/754 675/648/756
f 675/648/756 673/646/754 676/649/757
f 676/649/757 677/646/758 675/648/756
f 675/648/756 677/646/758 678/645/759
f 677/646/758 679/643/760 678/645/759
f 678/645/759 679/643/760 680/642/761
f 679/643/760 681/639/762 680/642/761
f 680/642/761 681/639/762 682/638/763
f 681/639/762 683/635/764 682/638/763
f 682/638/763 683/635/764 684/634/765
f 683/635/764 685/631/766 684/634/765
f 684/634/765 685/631/766 686/629/767
f 685/631/766 687/630/768 686/629/767
f 686/629/767 687/630/768 688/628/769
f 687/630/768 649/625/770 688/628/769
f 688/628/769 649/625/770 689/623/771
f 649/625/770 628/624/772 689/623/771
f 689/623/771 628/624/772 690/622/773
f 675/648/756 678/645/759 674/647/755
f 674/647/755 678/645/759 691/644/774
f 678/645/759 680/642/761 691/644/774
f 691/644/774 680/642/761 692/641/775
f 680/642/761 682/638/763 692/641/775
f 692/641/775 682/638/763 693/637/776
f 682/638/763 684/634/765 693/637/776
f 693/637/776 684/634/765 694/633/777
f 684/634/765 686/629/767 694/633/777
f 694/633/777 686/629/767 695/627/778
f 686/629/767 688/628/769 695/627/778
f 695/627/778 688/628/769 696/621/779
f 688/628/769 689/623/771 696/621/779
f 696/621/779 689/623/771 690/622/773
f 690/622/773 697/619/780 696/621/779
f 696/621/779 697/619/780 698/620/781
f 697/619/780 699/618/782 698/620/781
f 698/620/781 700/626/783 696/621/779
f 696/621/784 700/626/783 695/627/778
f 700/626/783 701/632/785 695/627/778
f 695/627/778 701/632/785 694/633/777
f 701/632/785 702/636/786 694/633/777
f 694/633/777 702/636/786 693/637/776
f 702/636/786 703/640/787 693/637/776
f 693/637/776 703/640/787 692/641/775
f 704/650/788 624/651/789 705/652/790
f 705/652/790 624/651/789 706/653/791
f 624/651/789 625/654/792 706/653/791
f 706/653/791 625/654/792 707/655/793
f 625/654/792 620/656/794 707/655/793
f 707/655/793 620/656/794 649/657/795
f 706/653/791 707/655/793 708/658/796
f 708/658/796 707/655/793 709/659/797
f 707/655/793 710/660/798 709/659/797
f 709/659/797 710/660/798 711/661/799
f 710/660/798 712/659/800 711/661/799
f 711/661/799 712/659/800 713/662/801
f 712/659/800 714/663/802 713/662/801
f 713/662/801 714/663/802 715/664/803
f 715/664/803 716/665/804 713/662/801
f 713/662/801 716/665/804 717/666/805
f 716/665/804 718/667/806 717/666/805
f 717/666/805 718/667/806 719/665/807
f 713/662/801 717/666/805 711/661/799
f 711/661/799 717/666/805 720/662/808
f 717/666/805 719/665/807 720/662/808
f 720/662/808 719/665/807 721/664/809
f 721/664/809 722/663/810 720/662/808
f 720/662/808 722/663/810 709/659/797
f 722/663/810 708/658/796 709/659/797
f 709/659/797 711/661/799 720/662/808
f 714/663/802 712/659/800 723/658/811
f 723/658/811 712/659/800 724/655/812
f 712/659/800 710/660/798 724/655/812
f 724/655/812 710/660/798 649/657/795
f 710/660/798 707/655/793 649/657/795
f 649/657/795 628/656/813 724/655/812
f 724/655/812 628/656/813 690/654/814
f 723/658/811 724/655/812 725/653/815
f 725/653/815 724/655/812 690/654/814
f 690/654/814 697/651/816 725/653/815
f 725/653/815 697/651/816 726/652/817
f 697/651/816 727/650/818 726/652/817
s 38
f 634/668/819 630/669/820 635/670/821
f 635/670/821 630/669/820 631/671/822
f 635/670/821 631/671/822 636/672/823
f 636/672/823 631/671/822 632/673/824
f 636/672/823 632/673/824 637/674/825
f 637/674/825 632/673/824 633/675/826
f 637/674/825 633/675/826 638/676/827
f 638/676/827 633/675/826 639/677/828
s 39
f 641/678/829 645/679/830 728/680/831
f 728/680/831 645/679/830 729/681/832
f 645/679/830 621/682/833 729/681/832
f 729/681/832 621/682/833 622/683/834
f 728/680/831 729/681/832 730/684/835
f 730/684/835 729/681/832 731/685/836
f 729/681/832 732/686/837 731/685/836
f 731/685/836 732/686/837 733/687/838
f 732/686/837 699/688/839 733/687/838
f 733/687/838 699/688/839 734/689/840
f 699/688/839 697/690/841 734/689/840
f 734/689/840 697/690/841 690/691/842
f 699/688/843 732/686/837 626/692/844
f 626/692/844 732/686/837 627/693/845
f 732/686/837 622/683/834 627/693/845
f 622/683/834 732/686/837 729/681/832
f 730/684/835 731/685/836 735/694/846
f 735/694/846 731/685/836 733/687/838
f 733/687/838 734/689/840 735/694/846
f 735/694/846 734/689/840 736/695/847
f 734/689/840 737/696/848 736/695/847
f 736/695/847 737/696/848 738/697/849
f 737/696/848 629/698/850 738/697/849
f 738/697/849 629/698/850 646/699/851
f 629/698/850 737/696/848 628/615/852
f 628/615/852 737/696/848 690/691/842
f 737/696/848 734/689/840 690/691/842
s 40
f 641/678/853 728/680/854 640/700/855
f 640/700/855 728/680/854 739/701/856
f 728/680/854 740/702/857 739/701/856
f 739/701/856 642/703/858 640/700/855
f 728/680/854 730/684/859 740/702/857
f 740/702/857 730/684/859 741/704/860
f 730/684/859 735/694/861 741/704/860
f 741/704/860 735/694/861 742/705/862
f 735/694/861 736/695/863 742/705/862
f 742/705/862 736/695/863 738/697/864
f 742/705/862 738/697/864 743/706/865
f 743/706/865 738/697/864 646/699/866
f 743/706/865 646/699/866 744/707/867
f 744/707/867 646/699/866 647/708/868
f 647/708/868 648/709/869 744/707/867
s 41
f 611/710/870 616/711/871 745/712/872
f 745/712/872 616/711/871 746/713/873
f 616/711/871 617/714/874 746/713/873
f 746/713/873 617/714/874 747/715/875
f 617/714/874 618/716/876 747/715/875
f 747/715/875 618/716/876 748/717/877
f 618/716/876 749/718/878 748/717/877
f 748/717/877 749/718/878 750/719/879
f 749/718/878 751/720/880 750/719/879
f 750/719/879 751/720/880 752/721/881
f 751/720/880 753/722/882 752/721/881
f 752/721/881 753/722/882 754/723/883
f 753/722/882 755/724/884 754/723/883
f 754/723/883 755/724/884 756/725/885
f 755/724/884 757/726/886 756/725/885
f 756/725/885 757/726/886 758/727/887
f 757/726/886 759/728/888 758/727/887
f 758/727/887 759/728/888 760/729/889
f 759/728/888 761/730/890 760/729/889
f 760/729/889 761/730/890 743/731/891
f 761/730/890 742/732/892 743/731/891
f 742/732/892 761/730/890 741/733/893
f 741/733/893 761/730/890 762/734/894
f 761/730/890 759/728/888 762/734/894
f 762/734/894 759/728/888 763/735/895
f 759/728/888 757/726/886 763/735/895
f 763/735/895 757/726/886 764/736/896
f 757/726/886 755/724/884 764/736/896
f 764/736/896 755/724/884 765/737/897
f 755/724/884 753/722/882 765/737/897
f 765/737/897 753/722/882 766/738/898
f 753/722/882 751/720/880 766/738/898
f 766/738/898 751/720/880 767/739/899
f 751/720/880 749/718/878 767/739/899
f 767/739/899 749/718/878 768/740/900
f 749/718/878 615/741/901 768/740/900
f 768/740/900 615/741/901 614/742/902
f 615/741/901 749/718/878 618/716/876
f 741/733/893 762/734/894 740/743/903
f 740/743/903 762/734/894 769/744/904
f 762/734/894 763/735/895 769/744/904
f 769/744/904 763/735/895 770/745/905
f 763/735/895 764/736/896 770/745/905
f 770/745/905 764/736/896 771/746/906
f 764/736/896 765/737/897 771/746/906
f 771/746/906 765/737/897 772/747/907
f 765/737/897 766/738/898 772/747/907
f 772/747/907 766/738/898 773/748/908
f 766/738/898 767/739/899 773/748/908
f 773/748/908 767/739/899 774/749/909
f 767/739/899 768/740/900 774/749/909
f 774/749/909 768/740/900 775/750/910
f 768/740/900 614/742/902 775/750/910
f 775/750/910 614/742/902 613/751/911
f 740/743/903 769/744/904 739/752/912
f 739/752/912 769/744/904 776/753/913
f 769/744/904 770/745/905 776/753/913
f 776/753/913 770/745/905 777/754/914
f 770/745/905 771/746/906 777/754/914
f 777/754/914 771/746/906 778/755/915
f 771/746/906 772/747/907 778/755/915
f 778/755/915 772/747/907 779/756/916
f 772/747/907 773/748/908 779/756/916
f 779/756/916 773/748/908 780/757/917
f 773/748/908 774/749/909 780/757/917
f 780/757/917 774/749/909 781/758/918
f 774/749/909 775/750/910 781/758/918
f 781/758/918 775/750/910 782/759/919
f 775/750/910 613/751/911 782/759/919
f 782/759/919 613/751/911 612/760/920
f 739/752/912 776/753/913 642/761/921
f 642/761/921 776/753/913 783/762/922
f 776/753/913 777/754/914 783/762/922
f 783/762/922 777/754/914 784/763/923
f 777/754/914 778/755/915 784/763/923
f 784/763/923 778/755/915 785/764/924
f 778/755/915 779/756/916 785/764/924
f 785/764/924 779/756/916 786/765/925
f 779/756/916 780/757/917 786/765/925
f 786/765/925 780/757/917 787/766/926
f 780/757/917 781/758/918 787/766/926
f 787/766/926 781/758/918 788/767/927
f 781/758/918 782/759/919 788/767/927
f 788/767/927 782/759/919 745/768/928
f 782/759/919 612/760/920 745/768/928
f 745/768/928 612/760/920 611/769/929
s 42
f 783/762/930 643/770/931 642/761/932
s 41
f 743/731/891 744/771/933 760/729/889
f 760/729/889 744/771/933 789/772/934
f 744/771/933 648/773/935 789/772/934
f 789/772/934 648/773/935 790/774/936
f 648/773/935 644/775/937 790/774/936
f 790/774/936 644/775/937 783/776/938
f 644/775/937 643/777/939 783/776/938
f 760/729/889 789/772/934 758/727/887
f 758/727/887 789/772/934 791/778/940
f 789/772/934 790/774/936 791/778/940
f 791/778/940 790/774/936 792/779/941
f 790/774/936 783/776/938 792/779/941
f 792/779/941 783/776/938 784/780/942
f 758/727/887 791/778/940 756/725/885
f 756/725/885 791/778/940 793/781/943
f 791/778/940 792/779/941 793/781/943
f 793/781/943 792/779/941 794/782/944
f 792/779/941 784/780/942 794/782/944
f 794/782/944 784/780/942 785/783/945
f 756/725/885 793/781/943 754/723/883
f 754/723/883 793/781/943 795/784/946
f 793/781/943 794/782/944 795/784/946
f 795/784/946 794/782/944 796/785/947
f 794/782/944 785/783/945 796/785/947
f 796/785/947 785/783/945 786/786/948
f 754/723/883 795/784/946 752/721/881
f 752/721/881 795/784/946 797/787/949
f 795/784/946 796/785/947 797/787/949
f 797/787/949 796/785/947 798/788/950
f 796/785/947 786/786/948 798/788/950
f 798/788/950 786/786/948 787/789/951
f 752/721/881 797/787/949 750/719/879
f 750/719/879 797/787/949 799/790/952
f 797/787/949 798/788/950 799/790/952
f 799/790/952 798/788/950 800/791/953
f 798/788/950 787/789/951 800/791/953
f 800/791/953 787/789/951 788/792/954
f 750/719/879 799/790/952 748/717/877
f 748/717/877 799/790/952 747/715/875
f 799/790/952 800/791/953 747/715/875
f 747/715/875 800/791/953 746/713/873
f 800/791/953 788/792/954 746/713/873
f 746/713/873 788/792/954 745/712/872
s 43
f 801/793/955 802/794/956 614/795/957
f 614/795/957 802/794/956 613/796/958
f 802/794/956 612/797/959 613/796/958
f 612/797/959 802/794/956 611/798/960
f 611/798/960 802/794/956 803/799/961
f 611/798/960 803/799/961 616/800/962
f 616/800/962 803/799/961 804/801/963
f 616/800/962 804/801/963 617/802/964
f 617/802/964 804/801/963 618/803/965
f 804/801/963 805/804/966 618/803/965
f 618/803/965 805/804/966 615/805/967
f 805/804/966 806/806/968 615/805/967
f 615/805/967 806/806/968 614/795/957
f 806/806/968 801/793/955 614/795/957
s 44
f 810/807/969 826/808/970 819/809/969
s 45
f 819/809/971 826/808/970 820/810/972
f 826/808/970 825/811/973 820/810/972
s 46
f 820/810/974 825/811/975 821/812/976
f 825/811/975 824/813/977 821/812/976
f 821/812/976 824/813/977 814/814/978
f 824/813/977 815/815/979 814/814/978
f 824/813/977 823/816/980 815/815/979
f 815/815/979 823/816/980 827/817/981
f 823/816/980 822/818/982 827/817/981
s 47
f 819/809/983 809/819/984 810/807/985
f 810/807/985 809/819/984 842/820/986
f 809/819/984 830/821/987 842/820/986
f 842/820/986 830/821/987 831/819/988
f 810/807/989 842/820/986 811/616/990
f 811/616/990 842/820/986 843/807/991
f 842/820/986 831/819/988 843/807/991
f 843/807/991 831/819/988 844/809/992
f 831/819/988 832/822/993 844/809/992
f 844/809/992 832/822/993 845/823/994
f 832/822/993 835/824/995 845/823/994
f 845/823/994 835/824/995 846/825/996
f 835/824/995 836/826/997 846/825/996
f 846/825/996 836/826/997 847/827/998
f 836/826/997 848/668/999 847/827/998
f 847/827/998 848/668/999 849/670/1000
f 836/826/997 808/828/1001 848/668/999
f 848/668/999 808/828/1001 807/829/1002
f 807/829/1002 839/669/1003 848/668/999
f 843/807/991 837/830/1004 811/616/990
s 48
f 850/831/1005 852/832/1006 851/833/1007
f 851/833/1007 852/832/1006 853/834/1008
f 851/833/1007 853/834/1008 854/835/1009
f 854/835/1009 853/834/1008 855/836/1010
f 853/834/1008 856/837/1011 855/836/1010
f 855/836/1010 856/837/1011 857/838/1012
f 856/837/1011 858/839/1013 857/838/1012
f 857/838/1012 858/839/1013 859/840/1014
f 857/838/1012 859/840/1014 860/841/1015
f 860/841/1015 859/840/1014 861/842/1016
f 859/840/1014 862/843/1017 861/842/1016
f 861/842/1016 862/843/1017 863/844/1018
f 862/843/1017 864/845/1019 863/844/1018
f 863/844/1018 864/845/1019 845/846/1020
s 47
f 845/823/1021 846/825/1022 863/847/1023
f 863/847/1023 846/825/1022 865/848/1024
f 846/825/1022 847/827/998 865/848/1024
f 865/848/1024 847/827/998 866/849/1025
f 847/827/998 849/670/1000 866/849/1025
f 866/849/1025 849/670/1000 867/672/1026
f 863/847/1023 865/848/1024 861/850/1027
f 861/850/1027 865/848/1024 868/851/1028
f 865/848/1024 866/849/1025 868/851/1028
f 868/851/1028 866/849/1025 869/852/1029
f 866/849/1025 867/672/1026 869/852/1029
f 869/852/1029 867/672/1026 870/674/1030
f 861/850/1027 868/851/1028 860/853/1031
f 860/853/1031 868/851/1028 857/854/1032
f 868/851/1028 869/852/1029 857/854/1032
f 857/854/1032 869/852/1029 871/855/1033
f 869/852/1029 870/674/1030 871/855/1033
f 871/855/1033 870/674/1030 872/676/1034
f 857/854/1032 871/855/1033 855/856/1035
f 855/856/1035 871/855/1033 873/857/1036
f 871/855/1033 872/676/1034 873/857/1036
f 873/857/1036 872/676/1034 874/858/1037
f 872/676/1034 875/677/1038 874/858/1037
f 874/858/1037 875/677/1038 876/859/1039
f 875/677/1038 877/860/1040 876/859/1039
f 876/859/1039 877/860/1040 878/861/1041
f 877/860/1040 875/677/1038 841/862/1042
f 841/862/1042 875/677/1038 840/675/1043
f 855/856/1035 873/857/1036 854/863/1044
f 854/863/1044 873/857/1036 874/858/1037
f 854/863/1044 874/858/1037 851/864/1045
f 851/864/1045 874/858/1037 876/859/1039
f 851/864/1045 876/859/1039 850/865/1046
f 850/865/1046 876/859/1039 878/861/1041
f 878/861/1041 879/866/1047 850/865/1046
f 850/865/1046 879/866/1047 833/867/1048
f 833/867/1048 834/868/1049 850/865/1046
f 850/865/1046 834/868/1049 852/869/1050
f 834/868/1049 880/870/1051 852/869/1050
f 852/869/1050 880/870/1051 853/871/1052
f 880/870/1051 881/872/1053 853/871/1052
f 853/871/1052 881/872/1053 882/873/1054
f 881/872/1053 883/874/1055 882/873/1054
f 882/873/1054 883/874/1055 884/875/1056
f 883/874/1055 885/876/1057 884/875/1056
f 884/875/1056 885/876/1057 886/817/1058
f 853/871/1052 882/873/1054 856/877/1059
f 856/877/1059 882/873/1054 887/878/1060
f 882/873/1054 888/879/1061 887/878/1060
f 887/878/1060 888/879/1061 889/880/1062
f 888/879/1061 890/814/1063 889/880/1062
f 889/880/1062 890/814/1063 891/881/1064
f 890/814/1063 892/812/1065 891/881/1064
f 891/881/1064 892/812/1065 893/882/1066
f 892/812/1065 894/810/1067 893/882/1066
f 893/882/1066 894/810/1067 845/823/1068
f 894/810/1067 844/809/1069 845/823/1068
f 845/823/1068 864/883/1070 893/882/1066
f 893/882/1066 864/883/1070 891/881/1064
f 864/883/1070 862/884/1071 891/881/1064
f 891/881/1064 862/884/1071 859/885/1072
f 891/881/1064 859/885/1072 889/880/1062
f 889/880/1062 859/885/1072 887/878/1060
f 859/885/1072 858/886/1073 887/878/1060
f 887/878/1060 858/886/1073 856/877/1059
f 882/873/1054 884/875/1056 888/879/1061
f 888/879/1061 884/875/1056 895/815/1074
f 884/875/1056 886/817/1058 895/815/1074
f 895/815/1074 886/817/1058 896/816/1075
f 886/817/1058 897/818/1076 896/816/1075
f 896/816/1075 897/818/1076 898/700/1077
f 897/818/1076 899/678/1078 898/700/1077
f 898/700/1077 900/703/1079 896/816/1075
f 896/816/1075 900/703/1079 901/813/1080
f 900/703/1079 902/887/1081 901/813/1080
f 901/813/1080 902/887/1081 903/888/1082
f 896/816/1075 901/813/1080 895/815/1074
f 895/815/1074 901/813/1080 890/814/1063
f 901/813/1080 892/812/1065 890/814/1063
f 890/814/1063 888/879/1061 895/815/1074
f 834/868/1049 816/889/1083 880/870/1051
f 880/870/1051 816/889/1083 817/890/1084
f 880/870/1051 817/890/1084 881/872/1053
f 881/872/1053 817/890/1084 818/891/1085
f 881/872/1053 818/891/1085 883/874/1055
f 883/874/1055 818/891/1085 828/892/1086
f 883/874/1055 828/892/1086 885/876/1087
f 885/876/1087 828/892/1086 829/893/1088
f 885/876/1087 829/893/1088 886/817/1089
f 886/817/1089 829/893/1088 904/894/1090
f 829/893/1088 827/817/1091 904/894/1090
f 904/894/1090 827/817/1092 822/818/1093
f 822/818/1093 812/895/1094 904/894/1090
f 904/894/1090 812/895/1094 897/818/1095
f 812/895/1094 905/679/1096 897/818/1095
f 897/818/1095 905/679/1096 899/678/1097
f 897/818/1095 886/817/1089 904/894/1090
f 905/679/1096 812/895/1094 813/682/1098
f 838/698/1099 837/830/1004 906/699/1100
f 906/699/1100 837/830/1004 907/708/1101
f 837/830/1004 843/807/1102 907/708/1101
f 907/708/1101 843/807/1102 908/808/1103
f 843/807/1102 844/809/1069 908/808/1103
f 908/808/1103 844/809/1069 894/810/1067
f 907/708/1101 908/808/1103 909/709/1104
f 909/709/1104 908/808/1103 910/811/1105
f 908/808/1103 894/810/1067 910/811/1105
f 910/811/1105 894/810/1067 892/812/1065
f 892/812/1065 901/813/1080 910/811/1105
f 910/811/1105 901/813/1080 903/888/1082
f 903/888/1082 909/709/1104 910/811/1105
s 49
f 918/819/1106 917/896/1107 941/821/1106
s 50
f 941/821/1108 917/896/1109 942/819/1110
f 917/896/1109 943/822/1111 942/819/1110
s 51
f 927/786/1112 944/783/1113 928/785/1114
f 928/785/1114 944/783/1113 945/782/1115
f 944/783/1113 946/780/1116 945/782/1115
f 945/782/1115 946/780/1116 947/779/1117
f 946/780/1116 948/776/1118 947/779/1117
f 947/779/1117 948/776/1118 940/774/1119
s 52
f 948/776/1120 924/775/1121 940/774/1122
f 924/775/1121 948/776/1120 923/777/1123
s 51
f 928/785/1114 945/782/1115 929/784/1124
f 929/784/1124 945/782/1115 949/781/1125
f 945/782/1115 947/779/1117 949/781/1125
f 949/781/1125 947/779/1117 950/778/1126
f 947/779/1117 940/774/1119 950/778/1126
f 950/778/1126 940/774/1127 939/772/1128
f 929/784/1124 949/781/1125 930/723/1129
f 930/723/1129 949/781/1125 951/725/1130
f 949/781/1125 950/778/1126 951/725/1130
f 951/725/1130 950/778/1126 952/727/1131
f 950/778/1126 939/772/1128 952/727/1131
f 952/727/1131 939/772/1128 938/729/1132
f 939/772/1128 926/771/1133 938/729/1132
f 938/729/1132 937/728/1134 952/727/1131
f 952/727/1131 937/728/1134 953/726/1135
f 937/728/1134 936/735/1136 953/726/1135
f 953/726/1135 936/735/1136 954/736/1137
f 936/735/1136 955/745/1138 954/736/1137
f 954/736/1137 955/745/1138 956/746/1139
f 955/745/1138 957/754/1140 956/746/1139
f 956/746/1139 957/754/1140 958/755/1141
f 957/754/1140 946/763/1142 958/755/1141
f 958/755/1141 946/763/1142 944/764/1143
f 946/763/1142 957/754/1140 948/762/1144
f 948/762/1144 957/754/1140 959/753/1145
f 957/754/1140 955/745/1138 959/753/1145
f 959/753/1145 955/745/1138 935/744/1146
f 955/745/1138 936/735/1136 935/744/1146
f 935/744/1146 925/752/1147 959/753/1145
f 959/753/1145 925/752/1147 922/761/1148
f 959/753/1145 922/761/1148 948/762/1144
f 948/762/1144 922/761/1148 923/770/1149
f 952/727/1131 953/726/1135 951/725/1130
f 951/725/1130 953/726/1135 931/724/1150
f 953/726/1135 954/736/1137 931/724/1150
f 931/724/1150 954/736/1137 932/737/1151
f 954/736/1137 956/746/1139 932/737/1151
f 932/737/1151 956/746/1139 933/747/1152
f 956/746/1139 958/755/1141 933/747/1152
f 933/747/1152 958/755/1141 934/756/1153
f 958/755/1141 944/764/1143 934/756/1153
f 934/756/1153 944/764/1143 927/765/1154
f 931/724/1150 930/723/1129 951/725/1130
s 53
f 960/867/1155 920/897/1156 961/868/1157
f 961/868/1157 920/897/1156 921/889/1158
s 54
f 962/898/1159 964/899/1160 963/900/1161
f 963/900/1161 964/899/1160 965/901/1162
s 55
f 913/902/1163 914/903/1164 943/822/1165
s 56
f 943/822/1166 914/903/1167 966/824/1168
f 914/903/1167 915/904/1169 966/824/1168
f 966/824/1168 915/904/1169 967/826/1170
f 915/904/1169 916/828/1171 967/826/1170
s 57
f 917/905/1172 913/906/1172 943/907/1172
s 58
f 919/616/1173 969/830/1174 968/615/1175
f 968/615/1175 969/830/1174 970/698/1176
s 54
f 912/829/1177 911/908/1178 971/669/1179
f 971/669/1179 911/908/1178 963/900/1161
f 971/669/1179 963/900/1161 972/671/1180
f 972/671/1180 963/900/1161 965/901/1162
f 972/671/1180 965/901/1162 973/673/1181
f 973/673/1181 965/901/1162 974/909/1182
f 973/673/1181 974/909/1182 975/675/1183
f 975/675/1183 974/909/1182 976/862/1184
s 59
f 996/871/1185 1013/873/1186 1012/872/1187
s 60
f 1012/872/1188 1013/873/1189 1029/874/1190
f 1013/873/1189 1018/875/1191 1029/874/1190
s 61
f 1029/874/1192 1018/875/1193 1030/876/1194
f 1018/875/1193 1031/817/1195 1030/876/1194
s 62
f 1031/817/1196 1018/875/1193 1017/815/1197
s 63
f 1012/872/1198 1029/874/1190 1019/891/1199
f 1019/891/1199 1029/874/1190 1032/892/1200
f 1029/874/1190 1030/876/1201 1032/892/1200
f 1032/892/1200 1030/876/1201 1033/893/1202
f 1030/876/1201 1031/817/1203 1033/893/1202
s 64
f 1002/850/1204 1034/853/1205 1003/851/1206
f 1003/851/1206 1034/853/1205 997/854/1207
s 65
f 1003/851/1206 997/854/1208 1004/852/1209
f 1004/852/1209 997/854/1208 1008/855/1210
s 66
f 1001/843/1211 1014/840/1212 1002/842/1213
f 1002/842/1213 1014/840/1212 1034/841/1214
f 1014/840/1212 997/838/1215 1034/841/1214
s 67
f 997/838/1216 1014/840/1212 998/839/1217
s 68
f 1001/884/1218 1022/881/1219 1014/885/1220
s 69
f 1014/885/1221 1022/881/1222 1015/880/1223
f 1022/881/1222 1016/814/1224 1015/880/1223
f 1016/814/1224 1022/881/1222 1021/812/1225
s 65
f 1007/668/1226 1006/670/1227 989/669/1228
f 989/669/1228 1006/670/1227 985/671/1229
f 1006/670/1227 1005/672/1230 985/671/1229
f 985/671/1229 1005/672/1230 986/673/1231
f 1005/672/1230 1035/674/1232 986/673/1231
f 986/673/1231 1035/674/1232 988/675/1233
f 1035/674/1232 1020/676/1234 988/675/1233
f 988/675/1233 1020/676/1234 1036/677/1235
f 1020/676/1234 1009/858/1236 1036/677/1235
f 1036/677/1235 1009/858/1236 1010/859/1237
f 1020/676/1234 1035/674/1232 1008/855/1210
f 1008/855/1210 1035/674/1232 1004/852/1209
f 1035/674/1232 1005/672/1230 1004/852/1209
f 988/675/1233 1036/677/1235 987/862/1238
f 987/862/1238 1036/677/1235 1037/860/1239
f 1036/677/1235 1010/859/1237 1037/860/1239
f 1037/860/1239 1010/859/1237 1011/861/1240
s 70
f 1023/678/1241 1038/680/1242 993/679/1243
f 993/679/1243 1038/680/1242 994/681/1244
f 1038/680/1242 1039/684/1245 994/681/1244
f 994/681/1244 1039/684/1245 1040/685/1246
f 1039/684/1245 1041/694/1247 1040/685/1246
f 1040/685/1246 1041/694/1247 1042/687/1248
f 1041/694/1247 1043/689/1249 1042/687/1248
f 1042/687/1248 1043/689/1249 1044/688/1250
f 1043/689/1249 1045/690/1251 1044/688/1250
f 1045/690/1251 1043/689/1249 1046/691/1252
f 1046/691/1252 1043/689/1249 1047/696/1253
f 1043/689/1249 1048/695/1254 1047/696/1253
f 1047/696/1253 1048/695/1254 1049/697/1255
f 1048/695/1254 1043/689/1249 1041/694/1247
f 1046/691/1252 1047/696/1253 991/615/1256
f 991/615/1256 1047/696/1253 992/698/1257
f 1047/696/1253 1049/697/1255 992/698/1257
s 71
f 992/698/1258 1049/697/1258 1000/699/1259
s 72
f 1023/678/1260 1024/700/1261 1038/680/1262
f 1038/680/1262 1024/700/1261 1050/701/1263
s 73
f 1024/700/1264 1025/703/1265 1050/701/1266
s 72
f 1050/701/1263 1051/702/1267 1038/680/1262
f 1038/680/1262 1051/702/1267 1039/684/1268
f 1051/702/1267 1052/704/1269 1039/684/1268
f 1039/684/1268 1052/704/1269 1041/694/1270
f 1052/704/1269 1053/705/1271 1041/694/1270
f 1041/694/1270 1053/705/1271 1048/695/1272
f 1053/705/1271 1049/697/1273 1048/695/1272
f 1053/705/1271 1054/706/1274 1049/697/1273
f 1049/697/1273 1054/706/1274 1000/699/1275
f 1054/706/1274 1055/707/1276 1000/699/1275
f 1000/699/1275 1055/707/1276 999/708/1277
f 1055/707/1276 1027/709/1278 999/708/1277
f 999/708/1277 1027/709/1278 1028/808/1279
f 1028/808/1279 990/807/1280 999/708/1277
s 74
f 977/710/1281 1056/712/1282 982/711/1283
f 982/711/1283 1056/712/1282 1057/713/1284
f 1056/712/1282 1058/792/1285 1057/713/1284
f 1057/713/1284 1058/792/1285 1059/791/1286
f 1058/792/1285 1060/789/1287 1059/791/1286
f 1059/791/1286 1060/789/1287 1061/788/1288
f 1060/789/1287 1062/786/1289 1061/788/1288
f 1061/788/1288 1062/786/1289 1063/785/1290
f 982/711/1283 1057/713/1284 983/714/1291
f 983/714/1291 1057/713/1284 1064/715/1292
f 1057/713/1284 1059/791/1286 1064/715/1292
f 1064/715/1292 1059/791/1286 1065/790/1293
f 1059/791/1286 1061/788/1288 1065/790/1293
f 1065/790/1293 1061/788/1288 1066/787/1294
f 1061/788/1288 1063/785/1290 1066/787/1294
f 1066/787/1294 1063/785/1290 1067/784/1295
f 983/714/1291 1064/715/1292 984/716/1296
f 984/716/1296 1064/715/1292 1068/717/1297
f 1064/715/1292 1065/790/1293 1068/717/1297
f 1068/717/1297 1065/790/1293 1069/719/1298
f 1065/790/1293 1066/787/1294 1069/719/1298
f 1069/719/1298 1066/787/1294 1070/721/1299
f 1066/787/1294 1067/784/1295 1070/721/1299
f 1070/721/1299 1067/784/1295 1071/723/1300
f 977/769/1301 978/760/1302 1056/768/1303
f 1056/768/1303 978/760/1302 1072/759/1304
f 978/760/1302 979/751/1305 1072/759/1304
f 1072/759/1304 979/751/1305 1073/750/1306
f 979/751/1305 980/742/1307 1073/750/1306
f 1073/750/1306 980/742/1307 1074/740/1308
f 980/742/1307 981/741/1309 1074/740/1308
f 1074/740/1308 981/741/1309 1075/718/1310
f 981/741/1309 984/716/1296 1075/718/1310
f 1075/718/1310 984/716/1296 1068/717/1297
f 1068/717/1297 1069/719/1298 1075/718/1310
f 1075/718/1310 1069/719/1298 1076/720/1311
f 1069/719/1298 1070/721/1299 1076/720/1311
f 1076/720/1311 1070/721/1299 1077/722/1312
f 1070/721/1299 1071/723/1300 1077/722/1312
f 1077/722/1312 1071/723/1300 1078/724/1313
f 1078/724/1313 1079/737/1314 1077/722/1312
f 1077/722/1312 1079/737/1314 1080/738/1315
f 1079/737/1314 1081/747/1316 1080/738/1315
f 1080/738/1315 1081/747/1316 1082/748/1317
f 1081/747/1316 1083/756/1318 1082/748/1317
f 1082/748/1317 1083/756/1318 1084/757/1319
f 1083/756/1318 1062/765/1320 1084/757/1319
f 1084/757/1319 1062/765/1320 1060/766/1321
f 1077/722/1312 1080/738/1315 1076/720/1311
f 1076/720/1311 1080/738/1315 1085/739/1322
f 1080/738/1315 1082/748/1317 1085/739/1322
f 1085/739/1322 1082/748/1317 1086/749/1323
f 1082/748/1317 1084/757/1319 1086/749/1323
f 1086/749/1323 1084/757/1319 1087/758/1324
f 1084/757/1319 1060/766/1321 1087/758/1324
f 1087/758/1324 1060/766/1321 1058/767/1325
f 1076/720/1311 1085/739/1322 1075/718/1310
f 1075/718/1310 1085/739/1322 1074/740/1308
f 1085/739/1322 1086/749/1323 1074/740/1308
f 1074/740/1326 1086/749/1323 1073/750/1306
f 1086/749/1323 1087/758/1324 1073/750/1306
f 1073/750/1306 1087/758/1324 1072/759/1304
f 1087/758/1324 1058/767/1327 1072/759/1304
f 1072/759/1304 1058/767/1327 1056/768/1303
s 75
f 1050/752/1328 1088/744/1329 1051/743/1330
f 1051/743/1330 1088/744/1329 1089/734/1331
f 1088/744/1329 1090/735/1332 1089/734/1331
f 1089/734/1331 1090/735/1332 1091/728/1333
f 1051/743/1330 1089/734/1331 1052/733/1334
f 1052/733/1334 1089/734/1331 1092/730/1335
f 1089/734/1331 1091/728/1333 1092/730/1335
f 1092/730/1335 1091/728/1333 1093/729/1336
f 1052/733/1334 1092/730/1335 1053/732/1337
f 1053/732/1337 1092/730/1335 1054/731/1338
f 1092/730/1335 1093/729/1336 1054/731/1338
f 1054/731/1338 1093/729/1336 1055/771/1339
s 76
f 1055/771/1340 1094/772/1341 1027/773/1342
f 1027/773/1342 1094/772/1341 1095/774/1343
s 77
f 1095/774/1344 1026/775/1345 1027/773/1346
s 70
f 1044/688/1250 1097/692/1347 1096/686/1348
f 1096/686/1348 1097/692/1347 1098/693/1349
f 1098/693/1349 995/683/1350 1096/686/1348
f 1096/686/1348 995/683/1350 994/681/1244
f 994/681/1244 1040/685/1246 1096/686/1348
f 1096/686/1348 1040/685/1246 1042/687/1248
f 1042/687/1248 1044/688/1250 1096/686/1348
s 78
f 1099/793/1351 980/795/1352 1100/794/1353
f 1100/794/1353 980/795/1352 979/796/1354
f 979/796/1354 978/797/1355 1100/794/1353
f 1100/794/1353 978/797/1355 977/798/1356
f 1100/794/1353 977/798/1356 1101/799/1357
f 1101/799/1357 977/798/1356 982/800/1358
f 1101/799/1357 982/800/1358 1102/801/1359
f 1102/801/1359 982/800/1358 983/802/1360
f 983/802/1360 984/803/1361 1102/801/1359
f 1102/801/1359 984/803/1361 1103/804/1362
f 984/803/1361 981/805/1363 1103/804/1362
f 1103/804/1362 981/805/1363 1104/806/1364
f 981/805/1363 980/795/1352 1104/806/1364
f 1104/806/1364 980/795/1352 1099/793/1351
s 79
f 1120/831/1365 1122/833/1366 1121/832/1365
s 80
f 1121/832/1367 1122/833/1368 1123/834/1369
f 1122/833/1368 1124/835/1370 1123/834/1369
s 81
f 1123/834/1371 1124/835/1371 1125/836/1371
s 82
f 1123/834/1372 1125/836/1373 1126/837/1374
f 1126/837/1374 1125/836/1373 1127/838/1375
f 1127/838/1375 1128/839/1376 1126/837/1374
s 83
f 1115/807/1377 1116/830/1378 1129/708/1379
f 1129/708/1379 1116/830/1378 1130/699/1380
f 1116/830/1378 1117/698/1381 1130/699/1380
s 84
f 1131/846/1382 1133/845/1383 1132/844/1384
f 1132/844/1384 1133/845/1383 1134/843/1385
f 1134/843/1385 1135/842/1386 1132/844/1384
s 85
f 1131/823/1387 1132/847/1388 1136/825/1389
f 1136/825/1389 1132/847/1388 1137/848/1390
f 1132/847/1388 1135/850/1391 1137/848/1390
f 1137/848/1390 1135/850/1391 1138/851/1392
f 1136/825/1389 1137/848/1390 1139/827/1393
f 1139/827/1393 1137/848/1390 1140/849/1394
f 1137/848/1390 1138/851/1392 1140/849/1394
f 1140/849/1394 1138/851/1392 1141/852/1395
f 1141/852/1395 1142/672/1396 1140/849/1394
f 1140/849/1394 1142/672/1396 1143/670/1397
f 1140/849/1394 1143/670/1398 1139/827/1393
f 1139/827/1393 1143/670/1399 1144/668/1400
s 86
f 1127/854/1401 1125/856/1402 1145/855/1403
f 1145/855/1403 1125/856/1402 1146/857/1404
f 1125/856/1402 1124/863/1405 1146/857/1404
f 1146/857/1404 1124/863/1405 1147/858/1406
f 1124/863/1405 1122/864/1407 1147/858/1406
f 1147/858/1406 1122/864/1407 1148/859/1408
f 1122/864/1407 1120/865/1409 1148/859/1408
f 1148/859/1408 1120/865/1409 1149/861/1410
f 1120/865/1409 1150/866/1411 1149/861/1410
f 1150/866/1411 1120/865/1409 1151/867/1412
f 1151/867/1412 1120/865/1409 1152/868/1413
f 1120/865/1409 1121/869/1414 1152/868/1413
f 1152/868/1413 1121/869/1414 1153/870/1415
f 1121/869/1414 1123/871/1416 1153/870/1415
f 1153/870/1415 1123/871/1416 1154/872/1417
s 87
f 1123/871/1418 1126/877/1419 1155/873/1420
f 1155/873/1420 1126/877/1419 1156/878/1421
f 1126/877/1419 1128/886/1422 1156/878/1421
f 1156/878/1421 1128/886/1422 1157/885/1423
f 1157/885/1423 1158/880/1424 1156/878/1421
f 1156/878/1421 1158/880/1424 1159/879/1425
f 1158/880/1424 1160/814/1426 1159/879/1425
f 1159/879/1425 1160/814/1426 1161/815/1427
f 1161/815/1427 1162/875/1428 1159/879/1425
f 1159/879/1425 1162/875/1428 1155/873/1420
f 1155/873/1420 1156/878/1421 1159/879/1425
s 86
f 1151/867/1412 1152/868/1413 1163/897/1429
f 1163/897/1429 1152/868/1413 1164/889/1430
f 1152/868/1413 1153/870/1415 1164/889/1430
f 1164/889/1430 1153/870/1415 1165/890/1431
f 1153/870/1415 1154/872/1417 1165/890/1431
f 1165/890/1431 1154/872/1417 1166/891/1432
f 1147/858/1406 1167/676/1433 1146/857/1404
f 1146/857/1404 1167/676/1433 1145/855/1403
s 88
f 1168/809/1434 1169/810/1435 1131/823/1436
f 1131/823/1436 1169/810/1435 1170/882/1437
f 1169/810/1435 1171/812/1438 1170/882/1437
f 1170/882/1437 1171/812/1438 1172/881/1439
f 1131/823/1436 1170/882/1437 1133/883/1440
f 1133/883/1440 1170/882/1437 1172/881/1439
f 1172/881/1439 1134/884/1441 1133/883/1440
s 89
f 1173/678/1442 1119/679/1443 1174/818/1444
s 90
f 1174/818/1445 1119/679/1446 1118/895/1447
s 91
f 1107/675/1448 1106/909/1448 1105/673/1448
s 92
f 1173/678/1449 1174/818/1450 1175/700/1451
f 1175/700/1451 1174/818/1450 1176/816/1452
f 1175/700/1451 1176/816/1452 1177/703/1453
f 1177/703/1453 1176/816/1452 1178/813/1454
f 1177/703/1453 1178/813/1454 1179/887/1455
f 1179/887/1455 1178/813/1454 1180/888/1456
f 1178/813/1454 1181/811/1457 1180/888/1456
f 1180/888/1456 1181/811/1457 1182/709/1458
f 1181/811/1457 1183/808/1459 1182/709/1458
s 93
f 1114/819/1460 1168/809/1461 1110/822/1462
s 85
f 1110/822/1462 1168/809/1463 1131/823/1464
f 1110/822/1462 1131/823/1464 1111/824/1465
f 1111/824/1465 1131/823/1464 1136/825/1389
f 1111/824/1465 1136/825/1389 1112/826/1466
f 1112/826/1466 1136/825/1389 1139/827/1393
f 1139/827/1393 1144/668/1400 1112/826/1466
f 1112/826/1466 1144/668/1400 1113/828/1467
f 1144/668/1400 1109/829/1468 1113/828/1467
f 1109/829/1468 1144/668/1400 1108/669/1469
s 94
f 1192/910/1470 1194/911/1470 1193/912/1471
s 95
f 1193/912/1472 1194/911/1473 1195/913/1474
f 1193/912/1472 1195/913/1474 1196/914/1475
s 96
f 1196/914/1476 1195/913/1477 1197/915/1478
f 1196/914/1476 1197/915/1478 1198/916/1479
f 1198/916/1479 1197/915/1478 1199/917/1480
f 1197/915/1478 1200/918/1481 1199/917/1480
f 1199/917/1480 1200/918/1481 1201/919/1482
f 1200/918/1481 1191/920/1483 1201/919/1482
f 1201/919/1482 1191/920/1483 1202/921/1484
f 1198/916/1479 1199/917/1480 1203/922/1485
f 1203/922/1485 1199/917/1480 1204/923/1486
f 1199/917/1480 1205/924/1487 1204/923/1486
f 1204/923/1486 1205/924/1487 1206/925/1488
f 1205/924/1487 1207/926/1489 1206/925/1488
f 1206/925/1488 1207/926/1489 1208/927/1490
f 1207/926/1489 1209/928/1491 1208/927/1490
f 1208/927/1490 1209/928/1491 1210/929/1492
f 1209/928/1493 1207/926/1494 1211/930/1495
f 1211/930/1495 1207/926/1494 1212/931/1496
f 1211/930/1495 1212/931/1496 1213/932/1497
f 1213/932/1497 1212/931/1496 1214/933/1498
f 1212/931/1496 1202/921/1484 1214/933/1498
f 1202/921/1484 1212/931/1496 1201/919/1482
f 1201/919/1482 1212/931/1496 1205/924/1487
f 1212/931/1496 1207/926/1489 1205/924/1487
f 1205/924/1487 1199/917/1480 1201/919/1482
f 1213/932/1497 1214/933/1498 1215/934/1499
s 97
f 1215/934/1500 1214/933/1501 1216/935/1502
f 1215/934/1500 1216/935/1502 1217/936/1503
f 1217/936/1503 1216/935/1502 1194/937/1504
f 1194/937/1504 1192/938/1505 1217/936/1503
s 96
f 1203/922/1485 1204/923/1486 1218/939/1506
f 1218/939/1506 1204/923/1486 1219/940/1507
f 1204/923/1486 1206/925/1488 1219/940/1507
f 1219/940/1507 1206/925/1488 1208/927/1490
f 1208/927/1490 1210/929/1492 1219/940/1507
f 1219/940/1507 1210/929/1492 1220/941/1508
f 1220/941/1508 1218/939/1506 1219/940/1507
s 98
f 1194/942/1509 1221/943/1510 1195/944/1511
f 1195/944/1511 1221/943/1510 1222/945/1512
f 1221/943/1510 1184/946/1513 1222/945/1512
f 1222/945/1512 1184/946/1513 1185/947/1514
s 99
f 1194/948/1515 1216/949/1516 1221/950/1517
f 1221/950/1517 1216/949/1516 1223/951/1518
f 1216/949/1516 1224/952/1519 1223/951/1518
f 1223/951/1518 1224/952/1519 1190/953/1520
f 1224/952/1519 1189/954/1521 1190/953/1520
f 1189/954/1521 1224/952/1519 1188/955/1522
f 1188/955/1522 1224/952/1519 1214/956/1523
f 1224/952/1519 1216/949/1516 1214/956/1523
f 1214/956/1523 1202/957/1524 1188/955/1522
s 100
f 1188/955/1525 1202/957/1525 1191/958/1526
s 98
f 1191/958/1526 1200/959/1527 1187/960/1528
f 1187/960/1528 1200/959/1527 1197/961/1529
s 99
f 1190/953/1520 1184/962/1530 1223/951/1518
f 1223/951/1518 1184/962/1531 1221/950/1517
s 101
f 1192/963/1532 1193/964/1533 1217/965/1534
f 1217/965/1534 1193/964/1533 1196/966/1535
f 1217/965/1534 1196/966/1535 1215/967/1535
f 1215/967/1535 1196/966/1535 1198/968/1536
f 1215/967/1535 1198/968/1536 1213/969/1537
f 1213/969/1537 1198/968/1536 1203/970/1538
f 1213/969/1537 1203/970/1538 1211/971/1539
f 1211/971/1539 1203/970/1538 1218/972/1540
f 1211/971/1539 1218/972/1540 1209/973/1541
f 1209/973/1541 1218/972/1540 1220/974/1542
f 1220/974/1542 1210/975/1543 1209/973/1541
s 102
f 1225/898/1544 1227/900/1545 1226/899/1546
f 1226/899/1546 1227/900/1545 1228/901/1547
f 1227/900/1545 1229/671/1548 1228/901/1547
f 1228/901/1547 1229/671/1548 1230/673/1549
f 1230/673/1549 1231/909/1550 1228/901/1547
s 103
f 1231/909/1551 1233/675/1552 1232/862/1552
s 102
f 1229/671/1548 1227/900/1545 1234/669/1553
f 1234/669/1553 1227/900/1545 1235/908/1554
f 1235/908/1554 1236/829/1555 1234/669/1553
s 104
f 1237/902/1556 1239/822/1557 1238/903/1558
f 1238/903/1558 1239/822/1557 1240/824/1559
f 1238/903/1558 1240/824/1559 1241/904/1560
f 1241/904/1560 1240/824/1559 1242/826/1561
f 1242/826/1561 1243/828/1562 1241/904/1560
s 105
f 1244/905/1563 1239/907/1563 1237/906/1563
s 106
f 1239/822/1564 1244/896/1564 1245/819/1564
s 107
f 1246/807/1565 1248/616/1566 1247/830/1567
f 1247/830/1567 1248/616/1566 1249/615/1568
f 1249/615/1568 1250/698/1569 1247/830/1567
s 108
f 1251/895/1570 1253/679/1570 1252/682/1571
s 109
f 1252/682/1572 1253/679/1573 1254/681/1574
f 1254/681/1574 1255/683/1575 1252/682/1572
s 98
f 1197/961/1529 1195/944/1511 1256/976/1576
f 1256/976/1576 1195/944/1511 1222/945/1512
f 1222/945/1512 1185/947/1577 1256/976/1576
f 1256/976/1576 1185/947/1577 1186/977/1578
f 1186/977/1578 1187/960/1528 1256/976/1576
f 1256/976/1576 1187/960/1528 1197/961/1529
s 110
f 1257/910/1579 1259/912/1580 1258/911/1579
s 111
f 1258/911/1581 1259/912/1582 1260/913/1583
f 1259/912/1582 1261/914/1584 1260/913/1583
s 112
f 1260/913/1585 1261/914/1584 1262/915/1586
f 1261/914/1584 1263/916/1587 1262/915/1586
f 1262/915/1586 1263/916/1587 1264/917/1588
f 1263/916/1587 1265/922/1589 1264/917/1588
f 1264/917/1588 1265/922/1589 1266/923/1590
f 1265/922/1589 1267/939/1591 1266/923/1590
f 1266/923/1590 1267/939/1591 1268/940/1592
f 1267/939/1591 1269/941/1593 1268/940/1592
f 1268/940/1592 1269/941/1593 1270/929/1594
f 1262/915/1586 1264/917/1588 1271/918/1595
f 1271/918/1595 1264/917/1588 1272/919/1596
f 1264/917/1588 1273/924/1597 1272/919/1596
f 1272/919/1596 1273/924/1597 1274/931/1598
f 1273/924/1597 1275/926/1599 1274/931/1598
f 1264/917/1588 1266/923/1590 1273/924/1597
f 1273/924/1597 1266/923/1590 1276/925/1600
f 1266/923/1590 1268/940/1592 1276/925/1600
f 1276/925/1600 1268/940/1592 1277/927/1601
f 1268/940/1592 1270/929/1594 1277/927/1601
f 1277/927/1601 1270/929/1602 1278/928/1603
f 1273/924/1597 1276/925/1600 1275/926/1599
f 1275/926/1599 1276/925/1600 1277/927/1601
f 1277/927/1601 1278/928/1603 1275/926/1599
s 113
f 1278/928/1604 1279/930/1605 1275/926/1606
f 1275/926/1606 1279/930/1605 1274/931/1607
f 1279/930/1605 1280/932/1608 1274/931/1607
f 1274/931/1607 1280/932/1608 1281/933/1609
f 1280/932/1608 1282/934/1610 1281/933/1609
f 1281/933/1609 1282/934/1610 1283/935/1611
f 1282/934/1610 1284/936/1612 1283/935/1611
f 1283/935/1611 1284/936/1612 1258/937/1613
f 1284/936/1612 1257/938/1614 1258/937/1613
f 1281/933/1609 1285/921/1615 1274/931/1607
s 112
f 1274/931/1616 1285/921/1617 1272/919/1596
f 1285/921/1617 1286/920/1618 1272/919/1596
f 1272/919/1596 1286/920/1618 1271/918/1595
s 114
f 1258/942/1619 1260/944/1620 1287/943/1621
f 1287/943/1621 1260/944/1620 1288/945/1622
f 1260/944/1620 1289/976/1623 1288/945/1622
f 1288/945/1622 1289/976/1623 1290/947/1624
f 1289/976/1623 1291/977/1625 1290/947/1624
f 1290/947/1624 1291/977/1625 1292/978/1626
f 1291/977/1625 1293/960/1627 1292/978/1626
f 1292/978/1626 1293/960/1627 1294/979/1628
f 1293/960/1627 1295/980/1629 1294/979/1628
f 1294/979/1628 1295/980/1629 1296/981/1630
f 1295/980/1629 1297/955/1631 1296/981/1630
f 1296/981/1630 1297/955/1631 1298/982/1632
f 1297/955/1631 1299/954/1633 1298/982/1632
f 1298/982/1632 1299/954/1633 1300/953/1634
f 1299/954/1633 1301/952/1635 1300/953/1634
f 1300/953/1634 1301/952/1635 1302/951/1636
f 1301/952/1635 1283/949/1637 1302/951/1636
f 1302/951/1636 1283/949/1637 1287/950/1638
f 1283/949/1637 1258/948/1639 1287/950/1638
f 1287/950/1638 1303/962/1640 1302/951/1636
f 1302/951/1636 1303/962/1640 1300/953/1634
f 1303/962/1640 1298/982/1632 1300/953/1634
f 1298/982/1632 1303/962/1640 1292/983/1641
f 1283/949/1637 1301/952/1635 1281/956/1642
f 1281/956/1642 1301/952/1635 1297/955/1631
f 1301/952/1635 1299/954/1633 1297/955/1631
f 1281/956/1642 1297/955/1631 1285/957/1643
f 1285/957/1643 1297/955/1631 1286/958/1644
f 1297/955/1631 1295/980/1629 1286/958/1644
f 1286/958/1644 1295/980/1629 1293/960/1627
f 1286/958/1644 1293/960/1627 1271/959/1645
f 1271/959/1645 1293/960/1627 1262/961/1646
f 1293/960/1627 1289/976/1623 1262/961/1646
s 115
f 1262/961/1647 1289/976/1623 1260/944/1647
s 114
f 1289/976/1623 1293/960/1627 1291/977/1625
f 1292/978/1626 1303/946/1648 1290/947/1624
f 1290/947/1624 1303/946/1648 1288/945/1622
f 1303/946/1648 1287/943/1621 1288/945/1622
s 116
f 1257/963/1649 1284/965/1650 1259/964/1651
f 1259/964/1651 1284/965/1650 1261/966/1652
f 1284/965/1650 1282/967/1652 1261/966/1652
f 1261/966/1652 1282/967/1652 1263/968/1653
f 1282/967/1652 1280/969/1654 1263/968/1653
f 1263/968/1653 1280/969/1654 1265/970/1655
f 1280/969/1654 1279/971/1656 1265/970/1655
f 1265/970/1655 1279/971/1656 1267/972/1657
f 1279/971/1656 1278/973/1658 1267/972/1657
f 1267/972/1657 1278/973/1658 1269/974/1659
f 1278/973/1658 1270/975/1660 1269/974/1659
s 117
f 1304/946/1661 1306/978/1662 1305/947/1663
f 1305/947/1663 1306/978/1662 1307/977/1664
f 1306/978/1662 1308/960/1665 1307/977/1664
f 1306/978/1662 1309/979/1666 1308/960/1665
f 1308/960/1665 1309/979/1666 1310/980/1667
f 1309/979/1666 1311/981/1668 1310/980/1667
f 1310/980/1667 1311/981/1668 1312/955/1669
f 1311/981/1668 1313/982/1670 1312/955/1669
f 1312/955/1669 1313/982/1670 1314/954/1671
f 1313/982/1670 1315/953/1672 1314/954/1671
f 1315/953/1672 1313/982/1670 1304/962/1673
f 1304/962/1673 1313/982/1670 1306/983/1674
f 1312/955/1669 1316/958/1675 1310/980/1667
f 1310/980/1667 1316/958/1675 1308/960/1665
s 118
g Mesh_0004_Material__31
usemtl Material__31
f 1317/984/1676 1319/985/1677 1318/986/1676
s 119
f 1318/986/1678 1319/985/1679 1320/987/1680
f 1319/985/1679 1321/988/1681 1320/987/1680
s 120
f 1320/987/1682 1321/988/1683 1322/989/1684
f 1321/988/1683 1323/990/1685 1322/989/1684
f 1322/989/1684 1323/990/1685 1324/991/1686
f 1323/990/1685 1325/992/1687 1324/991/1686
s 121
f 1324/991/1688 1325/992/1688 1326/993/1688
s 122
f 1317/994/1689 1318/986/1690 1327/995/1691
f 1327/995/1691 1318/986/1690 1328/996/1692
f 1327/995/1691 1328/996/1692 1329/997/1693
f 1329/997/1693 1328/996/1692 1330/998/1694
f 1329/997/1693 1330/998/1694 1331/990/1695
f 1331/990/1695 1330/998/1694 1332/991/1696
s 123
f 1331/990/1697 1332/991/1698 1325/992/1699
s 124
f 1325/992/1700 1332/991/1700 1326/999/1700
s 125
f 1333/984/1701 1335/986/1702 1334/985/1703
f 1334/985/1703 1335/986/1702 1336/987/1704
f 1334/985/1703 1336/987/1704 1337/988/1705
f 1337/988/1705 1336/987/1704 1338/989/1706
f 1337/988/1705 1338/989/1706 1339/990/1707
f 1339/990/1707 1338/989/1706 1340/991/1708
f 1339/990/1707 1340/991/1708 1341/992/1709
f 1341/992/1709 1340/991/1708 1342/993/1710
s 126
f 1333/994/1711 1343/995/1712 1335/986/1713
s 127
f 1335/986/1714 1343/995/1715 1344/996/1716
f 1343/995/1715 1345/997/1717 1344/996/1716
s 128
f 1344/996/1718 1345/997/1719 1346/998/1720
f 1345/997/1719 1347/990/1721 1346/998/1720
f 1346/998/1720 1347/990/1721 1348/991/1722
f 1347/990/1721 1341/992/1723 1348/991/1722
s 129
f 1348/991/1724 1341/992/1723 1342/999/1725
s 130
f 1349/1000/1726 1351/1001/1727 1350/1002/1728
f 1350/1002/1728 1351/1001/1727 1352/1003/1729
f 1350/1002/1728 1352/1003/1729 1353/1004/1730
f 1353/1004/1730 1352/1003/1729 1354/1005/1731
f 1350/1006/1732 1353/1007/1733 1355/1008/1734
f 1355/1008/1734 1353/1007/1733 1356/1009/1735
f 1353/1007/1733 1357/1010/1736 1356/1009/1735
f 1356/1009/1735 1357/1010/1736 1358/1011/1737
f 1357/1010/1736 1359/1012/1738 1358/1011/1737
f 1358/1011/1737 1359/1012/1738 1360/1013/1739
f 1359/1012/1738 1361/1014/1740 1360/1013/1739
f 1360/1013/1739 1361/1014/1740 1362/1015/1741
f 1361/1014/1740 1363/1016/1742 1362/1015/1741
f 1362/1015/1741 1363/1016/1742 1364/1017/1743
f 1363/1016/1742 1365/1018/1744 1364/1017/1743
f 1364/1017/1743 1365/1018/1744 1366/1019/1745
f 1365/1018/1744 1367/1020/1746 1366/1019/1745
f 1366/1019/1745 1367/1020/1746 1368/1021/1747
f 1367/1020/1746 1369/1022/1748 1368/1021/1747
f 1368/1021/1747 1369/1022/1748 1370/1023/1749
f 1369/1022/1748 1371/1024/1750 1370/1023/1749
f 1370/1023/1749 1371/1024/1750 1372/1025/1751
f 1371/1024/1750 1373/1026/1752 1372/1025/1751
f 1372/1025/1751 1373/1026/1752 1374/1027/1753
f 1373/1026/1752 1375/1028/1754 1374/1027/1753
f 1374/1027/1753 1375/1028/1754 1376/1029/1755
f 1375/1028/1754 1377/1027/1756 1376/1029/1755
f 1376/1029/1755 1377/1027/1756 1378/1025/1757
f 1377/1027/1756 1379/1026/1758 1378/1025/1757
f 1378/1025/1757 1379/1026/1758 1380/1024/1759
f 1379/1026/1758 1381/1030/1760 1380/1024/1759
f 1380/1024/1759 1381/1030/1760 1382/1031/1761
f 1381/1030/1760 1383/1032/1762 1382/1031/1761
f 1382/1031/1761 1383/1032/1762 1384/1033/1763
f 1383/1032/1762 1381/1030/1760 1375/1028/1754
f 1375/1028/1754 1381/1030/1760 1379/1026/1758
f 1379/1026/1758 1377/1027/1756 1375/1028/1754
f 1375/1028/1754 1373/1026/1752 1385/1030/1764
f 1385/1030/1764 1373/1026/1752 1371/1024/1750
f 1385/1030/1764 1371/1024/1750 1386/1031/1765
f 1386/1031/1765 1371/1024/1750 1369/1022/1748
f 1386/1031/1765 1369/1022/1748 1387/1034/1766
f 1387/1034/1766 1369/1022/1748 1367/1020/1746
f 1387/1034/1766 1367/1020/1746 1388/1035/1767
f 1388/1035/1767 1367/1020/1746 1389/1036/1768
f 1367/1020/1746 1365/1018/1744 1389/1036/1768
f 1389/1036/1768 1365/1018/1744 1390/1037/1769
f 1365/1018/1744 1363/1016/1742 1390/1037/1769
f 1390/1037/1769 1363/1016/1742 1391/1038/1770
f 1363/1016/1742 1392/1039/1771 1391/1038/1770
f 1391/1038/1770 1392/1039/1771 1393/1040/1772
f 1392/1039/1771 1394/1041/1773 1393/1040/1772
f 1393/1040/1772 1395/1042/1774 1391/1038/1770
f 1391/1038/1770 1395/1042/1774 1390/1037/1769
f 1395/1042/1774 1396/1043/1775 1390/1037/1769
f 1390/1037/1769 1396/1043/1775 1389/1036/1768
f 1396/1043/1775 1397/1044/1776 1389/1036/1768
f 1389/1036/1768 1397/1044/1777 1388/1035/1767
f 1363/1016/1742 1361/1014/1740 1392/1039/1771
f 1392/1039/1771 1361/1014/1740 1359/1012/1738
f 1374/1027/1753 1376/1029/1755 1372/1025/1751
f 1372/1025/1751 1376/1029/1755 1398/1045/1778
f 1376/1029/1755 1378/1025/1757 1398/1045/1778
f 1398/1045/1778 1378/1025/1757 1399/1046/1779
f 1378/1025/1757 1400/1023/1780 1399/1046/1779
f 1399/1046/1779 1400/1023/1780 1401/1047/1781
f 1400/1023/1780 1402/1021/1782 1401/1047/1781
f 1401/1047/1781 1402/1021/1782 1403/1048/1783
f 1402/1021/1782 1404/1019/1784 1403/1048/1783
f 1403/1048/1783 1404/1019/1784 1405/1049/1785
f 1404/1019/1784 1406/1017/1786 1405/1049/1785
f 1405/1049/1785 1406/1017/1786 1407/1050/1787
f 1406/1017/1786 1408/1015/1788 1407/1050/1787
f 1407/1050/1787 1408/1015/1788 1409/1051/1789
f 1408/1015/1788 1410/1052/1790 1409/1051/1789
f 1410/1052/1790 1408/1015/1788 1411/1013/1791
f 1411/1013/1791 1408/1015/1788 1412/1014/1792
f 1408/1015/1788 1413/1016/1793 1412/1014/1792
f 1412/1014/1792 1413/1016/1793 1414/1039/1794
f 1413/1016/1793 1415/1038/1795 1414/1039/1794
f 1414/1039/1794 1415/1038/1795 1416/1040/1796
f 1415/1038/1795 1417/1042/1797 1416/1040/1796
f 1416/1040/1796 1418/1041/1798 1414/1039/1794
f 1414/1039/1794 1418/1041/1798 1419/1053/1799
f 1418/1041/1798 1420/1054/1800 1419/1053/1799
f 1419/1053/1799 1420/1054/1800 1421/1055/1801
f 1420/1054/1800 1353/1004/1730 1421/1055/1801
f 1421/1055/1801 1353/1004/1730 1354/1005/1731
f 1354/1005/1731 1422/1011/1802 1421/1055/1801
f 1421/1055/1801 1422/1011/1802 1423/1012/1803
f 1422/1011/1802 1411/1013/1791 1423/1012/1803
f 1423/1012/1803 1411/1013/1791 1412/1014/1792
f 1421/1055/1801 1423/1012/1803 1419/1053/1799
f 1419/1053/1799 1423/1012/1803 1412/1014/1792
f 1412/1014/1792 1414/1039/1794 1419/1053/1799
f 1408/1015/1788 1406/1017/1786 1413/1016/1793
f 1413/1016/1793 1406/1017/1786 1424/1018/1804
f 1406/1017/1786 1404/1019/1784 1424/1018/1804
f 1424/1018/1804 1404/1019/1784 1425/1020/1805
f 1404/1019/1784 1402/1021/1782 1425/1020/1805
f 1425/1020/1805 1402/1021/1782 1426/1022/1806
f 1402/1021/1782 1400/1023/1780 1426/1022/1806
f 1426/1022/1806 1400/1023/1780 1380/1024/1759
f 1400/1023/1780 1378/1025/1757 1380/1024/1759
f 1380/1024/1759 1382/1031/1761 1426/1022/1806
f 1426/1022/1806 1382/1031/1761 1427/1034/1807
f 1382/1031/1761 1384/1033/1763 1427/1034/1807
f 1427/1034/1807 1384/1033/1763 1428/1056/1808
f 1426/1022/1806 1427/1034/1807 1425/1020/1805
f 1425/1020/1805 1427/1034/1807 1429/1035/1809
f 1427/1034/1807 1428/1056/1808 1429/1035/1809
f 1429/1035/1809 1428/1056/1808 1430/1057/1810
f 1409/1051/1789 1431/1058/1811 1407/1050/1787
f 1407/1050/1787 1431/1058/1811 1432/1059/1812
f 1399/1046/1779 1401/1047/1781 1433/1060/1813
f 1433/1060/1813 1401/1047/1781 1434/1061/1814
f 1401/1047/1781 1403/1048/1783 1434/1061/1814
f 1434/1061/1814 1403/1048/1783 1435/1062/1815
f 1403/1048/1783 1405/1049/1785 1435/1062/1815
f 1435/1062/1815 1405/1049/1785 1436/1063/1816
f 1405/1049/1785 1407/1050/1787 1436/1063/1816
f 1436/1063/1816 1407/1050/1787 1437/1064/1817
f 1407/1050/1787 1432/1059/1812 1437/1064/1817
f 1437/1064/1817 1432/1059/1812 1438/1065/1818
f 1398/1045/1778 1399/1066/1819 1372/1025/1751
f 1372/1025/1751 1399/1066/1819 1370/1023/1749
f 1399/1066/1819 1439/1067/1820 1370/1023/1749
f 1370/1023/1749 1439/1067/1820 1368/1021/1747
f 1439/1067/1820 1440/1048/1821 1368/1021/1747
f 1368/1021/1747 1440/1048/1821 1366/1019/1745
f 1440/1048/1821 1441/1049/1822 1366/1019/1745
f 1366/1019/1745 1441/1049/1822 1364/1017/1743
f 1441/1049/1822 1442/1050/1823 1364/1017/1743
f 1364/1017/1743 1442/1050/1823 1362/1015/1741
f 1442/1050/1823 1443/1051/1824 1362/1015/1741
f 1362/1015/1741 1443/1051/1824 1444/1052/1825
f 1444/1052/1825 1360/1013/1739 1362/1015/1741
f 1443/1051/1824 1442/1050/1823 1445/1058/1826
f 1445/1058/1826 1442/1050/1823 1446/1059/1827
f 1442/1050/1823 1437/1068/1828 1446/1059/1827
f 1446/1059/1827 1437/1068/1828 1438/1069/1829
f 1437/1068/1828 1442/1050/1823 1436/1070/1830
f 1436/1070/1830 1442/1050/1823 1441/1049/1822
f 1436/1070/1830 1441/1049/1822 1435/1071/1831
f 1435/1071/1831 1441/1049/1822 1440/1048/1821
f 1435/1071/1831 1440/1048/1821 1434/1072/1832
f 1434/1072/1832 1440/1048/1821 1439/1067/1820
f 1434/1072/1832 1439/1067/1820 1433/1073/1833
f 1433/1073/1833 1439/1067/1820 1399/1066/1819
f 1353/1007/1733 1420/1054/1834 1357/1010/1736
f 1357/1010/1736 1420/1054/1834 1447/1053/1835
f 1420/1054/1834 1394/1041/1773 1447/1053/1835
f 1447/1053/1835 1394/1041/1773 1392/1039/1771
f 1392/1039/1771 1359/1012/1738 1447/1053/1835
f 1447/1053/1835 1359/1012/1738 1357/1010/1736
s 131
f 1448/1074/1836 1430/1075/1837 1397/1076/1838
f 1397/1076/1838 1430/1075/1837 1388/1077/1839
f 1430/1075/1837 1428/1078/1840 1388/1077/1839
f 1388/1077/1839 1428/1078/1840 1387/1079/1841
f 1428/1078/1840 1384/1080/1842 1387/1079/1841
f 1387/1079/1841 1384/1080/1842 1386/1081/1843
f 1384/1080/1842 1383/1082/1844 1386/1081/1843
f 1386/1081/1843 1383/1082/1844 1385/1083/1845
f 1383/1082/1844 1375/1084/1846 1385/1083/1845
s 130
f 1448/1085/1847 1449/1044/1848 1430/1057/1810
f 1430/1057/1810 1449/1044/1848 1429/1035/1809
f 1449/1044/1848 1450/1036/1849 1429/1035/1809
f 1429/1035/1809 1450/1036/1849 1425/1020/1805
f 1450/1036/1849 1424/1018/1804 1425/1020/1805
f 1449/1044/1848 1451/1043/1850 1450/1036/1849
f 1450/1036/1849 1451/1043/1850 1452/1037/1851
f 1451/1043/1850 1417/1042/1797 1452/1037/1851
f 1452/1037/1851 1417/1042/1797 1415/1038/1795
f 1415/1038/1795 1413/1016/1793 1452/1037/1851
f 1452/1037/1851 1413/1016/1793 1424/1018/1804
f 1424/1018/1804 1450/1036/1849 1452/1037/1851
s 132
f 1453/1086/1852 1455/1087/1853 1454/1088/1852
s 133
f 1454/1088/1854 1455/1087/1853 1456/1089/1855
f 1455/1087/1853 1457/1090/1856 1456/1089/1855
f 1455/1087/1853 1458/1091/1857 1457/1090/1856
f 1457/1090/1856 1458/1091/1857 1459/1092/1858
f 1458/1091/1857 1460/1093/1859 1459/1092/1858
f 1459/1092/1858 1460/1093/1859 1461/1094/1860
s 134
f 1462/1086/1861 1464/1088/1862 1463/1087/1863
f 1463/1087/1863 1464/1088/1862 1465/1089/1864
f 1465/1089/1864 1466/1090/1865 1463/1087/1863
f 1463/1087/1863 1466/1090/1865 1467/1091/1866
f 1466/1090/1865 1468/1092/1867 1467/1091/1866
f 1467/1091/1866 1468/1092/1867 1469/1093/1868
f 1468/1092/1867 1470/1094/1869 1469/1093/1868
