# Blender 5.0.1
# www.blender.org
mtllib maquinaTiempo.mtl
g TimePortalSteampunk_L1_Mesh
v 1.296564 0.578027 2.243058
v 0.368003 0.579747 2.430057
v -0.561436 0.581474 2.247476
v -1.350255 0.582944 1.723111
v 2.082881 0.576575 1.714949
v -1.878364 0.583934 0.936793
v 2.607244 0.575612 0.926128
v 2.789671 0.575285 0.019197
v -2.065207 0.584293 -0.014279
v 2.619768 0.575612 -0.890164
v -1.865266 0.583934 -0.962685
v 2.106333 0.576575 -1.686141
v -1.326364 0.582944 -1.741645
v 1.327373 0.578027 -2.225043
v -0.530389 0.581474 -2.255083
v 0.401479 0.579747 -2.424829
v 3.446911 1.143412 2.684100
v 2.790728 1.144663 0.019204
v 3.465259 1.143412 0.023855
v 2.608301 1.144990 0.926135
v 3.372741 1.143544 3.085567
v 2.083937 1.145953 1.714956
v 1.297621 1.147405 2.243066
v 3.156883 1.143941 3.325264
v 2.799337 1.144604 3.403195
v 0.369060 1.149125 2.430065
v -1.830838 1.153195 3.371268
v -0.560380 1.150852 2.247483
v -2.187275 1.153857 3.288414
v -1.349200 1.152322 1.723118
v -2.399807 1.154254 3.045763
v -1.877307 1.153312 0.936800
v -2.469096 1.154387 2.739425
v -2.064151 1.153671 -0.014272
v -2.450090 1.154387 -0.016933
v 2.608301 1.144990 0.926135
v 2.789671 0.575285 0.019197
v 2.790728 1.144663 0.019204
v 2.607244 0.575612 0.926128
v 2.083937 1.145953 1.714956
v 2.082881 0.576575 1.714949
v 1.297621 1.147405 2.243066
v 1.296564 0.578027 2.243058
v 0.369060 1.149125 2.430065
v 0.368003 0.579747 2.430057
v -2.064151 1.153671 -0.014272
v -2.065207 0.584293 -0.014279
v -1.878364 0.583934 0.936793
v -1.877307 1.153312 0.936800
v -1.350255 0.582944 1.723111
v -1.349200 1.152322 1.723118
v -0.561436 0.581474 2.247476
v -0.560380 1.150852 2.247483
v 0.368003 0.579747 2.430057
v 0.369060 1.149125 2.430065
v 3.802791 0.118574 0.026183
v 3.495464 0.994754 2.743656
v 3.514215 0.994754 0.024193
v 3.781633 0.118574 3.094683
v 3.421294 0.994887 3.145123
v 3.707463 0.118706 3.496149
v 3.205436 0.995284 3.384822
v 3.491605 0.119104 3.735847
v 2.847890 0.995947 3.462752
v 3.134059 0.119766 3.813778
v -1.880758 1.004720 3.430146
v -2.174990 0.129616 3.777170
v 3.822690 -0.007133 3.145044
v 3.885368 0.076101 0.026752
v 3.844193 -0.007133 0.026468
v 3.863276 0.077973 3.125582
v 3.802791 0.118574 0.026183
v 3.748520 -0.007000 3.546511
v 3.781633 0.118574 3.094683
v 3.782516 0.084153 3.547519
v 3.532662 -0.006603 3.786209
v 3.707463 0.118706 3.496149
v 3.542346 0.087169 3.813572
v 3.175116 -0.005940 3.864140
v 3.491605 0.119104 3.735847
v 3.160761 0.082939 3.898888
v -2.217204 0.004065 3.826958
v 3.134059 0.119766 3.813778
v -2.202974 0.092797 3.861687
v -2.174990 0.129616 3.777170
v 2.799337 1.144604 3.403195
v -1.862675 1.104913 3.460330
v -1.830838 1.153195 3.371268
v 2.829787 1.096301 3.492902
v -1.880758 1.004720 3.430146
v 3.156883 1.143941 3.325264
v 2.847890 0.995947 3.462752
v 3.211372 1.100531 3.407587
v 3.372741 1.143544 3.085567
v 3.205436 0.995284 3.384822
v 3.451543 1.097516 3.141534
v 3.446911 1.143412 2.684100
v 3.421294 0.994887 3.145123
v 3.532303 1.091334 2.719596
v 3.465259 1.143412 0.023855
v 3.495464 0.994754 2.743656
v 3.551611 1.089463 0.024451
v 3.514215 0.994754 0.024193
v -2.469096 1.154387 2.739425
v -2.854799 0.005257 3.099000
v -2.833296 0.005257 -0.019576
v -2.450090 1.154387 -0.016933
v 3.483598 1.143412 -2.636389
v 3.465259 1.143412 0.023855
v 2.790728 1.144663 0.019204
v 2.620825 1.144990 -0.890157
v 3.414971 1.143544 -3.038841
v 2.107389 1.145953 -1.686133
v 1.328430 1.147405 -2.225036
v 3.202440 1.143941 -3.281492
v 2.846002 1.144604 -3.364346
v 0.402536 1.149125 -2.424822
v -1.784173 1.153195 -3.396273
v -0.529333 1.150852 -2.255075
v -2.141719 1.153857 -3.318342
v -1.325309 1.152322 -1.741638
v -2.357577 1.154254 -3.078645
v -1.864210 1.153312 -0.962677
v -2.431084 1.154387 -2.773292
v -2.450090 1.154387 -0.016933
v -2.064151 1.153671 -0.014272
v 2.620825 1.144990 -0.890157
v 2.790728 1.144663 0.019204
v 2.789671 0.575285 0.019197
v 2.619768 0.575612 -0.890164
v 2.107389 1.145953 -1.686133
v 2.106333 0.576575 -1.686141
v 1.328430 1.147405 -2.225036
v 1.327373 0.578027 -2.225043
v 0.402536 1.149125 -2.424822
v 0.401479 0.579747 -2.424829
v -2.064151 1.153671 -0.014272
v -1.865266 0.583934 -0.962685
v -2.065207 0.584293 -0.014279
v -1.864210 1.153312 -0.962677
v -1.326364 0.582944 -1.741645
v -1.325309 1.152322 -1.741638
v -0.530389 0.581474 -2.255083
v -0.529333 1.150852 -2.255075
v 0.401479 0.579747 -2.424829
v 0.402536 1.149125 -2.424822
v 3.802791 0.118574 0.026183
v 3.514215 0.994754 0.024193
v 3.532967 0.994754 -2.695271
v 3.823950 0.118574 -3.042317
v 3.464341 0.994887 -3.097722
v 3.755323 0.118706 -3.444768
v 3.251808 0.995284 -3.340374
v 3.542791 0.119104 -3.687420
v 2.895372 0.995947 -3.423227
v 3.186354 0.119766 -3.770274
v -1.833277 1.004720 -3.455833
v -2.122695 0.129616 -3.806882
v 3.865697 -0.007133 -3.092109
v 3.844193 -0.007133 0.026468
v 3.885368 0.076101 0.026752
v 3.906012 0.077973 -3.072088
v 3.802791 0.118574 0.026183
v 3.797071 -0.007000 -3.494560
v 3.823950 0.118574 -3.042317
v 3.831077 0.084153 -3.495098
v 3.584539 -0.006603 -3.737212
v 3.755323 0.118706 -3.444768
v 3.594599 0.087169 -3.764439
v 3.228101 -0.005940 -3.820064
v 3.542791 0.119104 -3.687420
v 3.214227 0.082939 -3.855008
v -2.164218 0.004065 -3.857246
v 3.186354 0.119766 -3.770274
v -2.149511 0.092797 -3.891777
v -2.122695 0.129616 -3.806882
v 2.846002 1.144604 -3.364346
v -1.784173 1.153195 -3.396273
v -1.814779 1.104913 -3.485766
v 2.877686 1.096301 -3.453626
v -1.833277 1.004720 -3.455833
v 3.202440 1.143941 -3.281492
v 2.895372 0.995947 -3.423227
v 3.258058 1.100531 -3.363056
v 3.414971 1.143544 -3.038841
v 3.251808 0.995284 -3.340374
v 3.494537 1.097516 -3.093716
v 3.483598 1.143412 -2.636389
v 3.464341 0.994887 -3.097722
v 3.569471 1.091334 -2.670706
v 3.465259 1.143412 0.023855
v 3.532967 0.994754 -2.695271
v 3.551611 1.089463 0.024451
v 3.514215 0.994754 0.024193
v -2.431084 1.154387 -2.773292
v -2.450090 1.154387 -0.016933
v -2.833296 0.005257 -0.019576
v -2.811792 0.005257 -3.138153
v 0.758423 2.500317 3.969204
v 0.748472 2.806340 3.060620
v 0.764283 2.500317 3.119459
v 0.733185 2.995338 3.837501
v 0.728013 3.165420 3.309175
v 0.736001 3.095164 2.709559
v 0.695237 3.799653 3.205888
v 0.703924 3.706742 2.723757
v 0.662599 4.424830 3.080179
v 0.672094 4.305276 2.698745
v 0.641141 4.866324 2.954044
v 0.650485 4.741612 2.633340
v 0.619922 5.292003 2.789068
v 0.629235 5.152127 2.508804
v 0.602636 5.658324 2.600437
v 0.612403 5.503659 2.356460
v 0.585589 6.000226 2.370690
v 0.595794 5.833806 2.166162
v 0.575375 6.233224 2.177854
v 0.585487 6.062271 1.999810
v 0.565261 6.452945 1.966878
v 0.575276 6.280763 1.816863
v 0.638374 2.500539 4.026697
v 0.733185 2.995338 3.837501
v 0.758423 2.500317 3.969204
v 0.619797 3.009455 3.898598
v 0.066567 3.010482 3.894784
v 0.044337 2.501642 4.022601
v -0.046019 2.996783 3.832128
v -0.074907 2.501863 3.963458
v 0.617983 3.171188 3.366472
v 0.695237 3.799653 3.205888
v 0.728013 3.165420 3.309175
v 0.595537 3.810629 3.262267
v 0.102573 3.811543 3.258868
v 0.076320 3.172193 3.362737
v 0.573229 4.441015 3.135640
v 0.662599 4.424830 3.080179
v 0.641141 4.866324 2.954044
v 0.003620 3.800936 3.201119
v -0.032930 3.166832 3.303928
v 0.128965 4.441839 3.132577
v 0.040308 4.425985 3.075888
v 0.065141 4.867393 2.950072
v 0.147327 4.886938 3.005393
v 0.165928 5.316224 2.839368
v 0.090213 5.292986 2.785415
v 0.111457 5.659235 2.597050
v 0.558273 4.886176 3.008227
v 0.543557 5.315523 2.841971
v 0.619922 5.292003 2.789068
v 0.602636 5.658324 2.600437
v 0.531850 5.686297 2.650941
v 0.181643 5.686946 2.648526
v 0.197597 6.033252 2.416570
v 0.132940 6.001067 2.367569
v 0.146677 6.234020 2.174898
v 0.520383 6.032653 2.418796
v 0.585589 6.000226 2.370690
v 0.575375 6.233224 2.177854
v 0.513459 6.270560 2.221865
v 0.208118 6.271126 2.219760
v 0.506636 6.495189 2.006795
v 0.565261 6.452945 1.966878
v 0.218740 6.495723 2.004810
v 0.160514 6.453696 1.964087
v 0.733185 2.995338 3.837501
v 0.617983 3.171188 3.366472
v 0.728013 3.165420 3.309175
v 0.619797 3.009455 3.898598
v 0.066567 3.010482 3.894784
v 0.076320 3.172193 3.362737
v -0.046019 2.996783 3.832128
v -0.032930 3.166832 3.303928
v -0.069048 2.501863 3.113713
v 0.764283 2.500317 3.119459
v 0.748472 2.806340 3.060620
v -0.051292 2.807824 3.055105
v -0.074907 2.501863 3.963458
v -0.069048 2.501863 3.113713
v -0.051292 2.807824 3.055105
v -0.046019 2.996783 3.832128
v -0.032930 3.166832 3.303928
v -0.032910 3.096591 2.704257
v 0.003620 3.800936 3.201119
v 0.001237 3.708045 2.718911
v 0.040308 4.425985 3.075888
v 0.035630 4.306457 2.694357
v 0.065141 4.867393 2.950072
v 0.059759 4.742708 2.629267
v 0.090213 5.292986 2.785415
v 0.084247 5.153138 2.505046
v 0.111457 5.659235 2.597050
v 0.104482 5.504601 2.352958
v 0.132940 6.001067 2.367569
v 0.124939 5.834680 2.162915
v 0.146677 6.234020 2.174898
v 0.138387 6.063100 1.996727
v 0.160514 6.453696 1.964087
v 0.151930 6.281549 1.813944
v 0.575276 6.280763 1.816863
v 0.151930 6.281549 1.813944
v 0.138387 6.063100 1.996727
v 0.585487 6.062271 1.999810
v 0.124939 5.834680 2.162915
v 0.595794 5.833806 2.166162
v 0.104482 5.504601 2.352958
v 0.612403 5.503659 2.356460
v 0.629235 5.152127 2.508804
v 0.084247 5.153138 2.505046
v 0.059759 4.742708 2.629267
v 0.650485 4.741612 2.633340
v 0.672094 4.305276 2.698745
v 0.035630 4.306457 2.694357
v 0.001237 3.708045 2.718911
v 0.703924 3.706742 2.723757
v 0.736001 3.095164 2.709559
v -0.032910 3.096591 2.704257
v 0.736001 3.095164 2.709559
v -0.032910 3.096591 2.704257
v -0.051292 2.807824 3.055105
v 0.748472 2.806340 3.060620
v 0.506636 6.495189 2.006795
v 0.218740 6.495723 2.004810
v 0.160514 6.453696 1.964087
v 0.565261 6.452945 1.966878
v 0.575276 6.280763 1.816863
v 0.151930 6.281549 1.813944
v 0.813087 2.500317 -3.958446
v 0.807228 2.500317 -3.108701
v 0.790607 2.806340 -3.050085
v 0.786035 2.995338 -3.827103
v 0.773578 3.165420 -3.298899
v 0.773297 3.095164 -2.699230
v 0.739381 3.799653 -3.196074
v 0.741419 3.706742 -2.713869
v 0.705013 4.424830 -3.070827
v 0.709247 4.305276 -2.689298
v 0.681817 4.866324 -2.945000
v 0.686737 4.741612 -2.624197
v 0.658325 5.292003 -2.780333
v 0.663772 5.152127 -2.499966
v 0.638440 5.658324 -2.591957
v 0.644841 5.503659 -2.347870
v 0.618226 6.000226 -2.362467
v 0.625609 5.833806 -2.157818
v 0.605353 6.233224 -2.169790
v 0.613010 6.062271 -1.991624
v 0.592331 6.452945 -1.958974
v 0.600277 6.280763 -1.808835
v 0.693843 2.500539 -4.017589
v 0.813087 2.500317 -3.958446
v 0.786035 2.995338 -3.827103
v 0.673501 3.009455 -3.889759
v 0.120271 3.010482 -3.893573
v 0.099806 2.501642 -4.021685
v 0.006832 2.996783 -3.832476
v -0.020243 2.501863 -3.964192
v 0.664349 3.171188 -3.357708
v 0.773578 3.165420 -3.298899
v 0.739381 3.799653 -3.196074
v 0.640468 3.810629 -3.253822
v 0.147504 3.811543 -3.257221
v 0.122686 3.172193 -3.361443
v 0.616415 4.441015 -3.127515
v 0.705013 4.424830 -3.070827
v 0.681817 4.866324 -2.945000
v 0.172151 4.441839 -3.130579
v 0.047764 3.800936 -3.200843
v 0.012635 3.166832 -3.304146
v 0.082721 4.425985 -3.075118
v 0.105817 4.867393 -2.948972
v 0.188758 4.886938 -3.003154
v 0.205068 5.316224 -2.836887
v 0.128616 5.292986 -2.783985
v 0.147261 5.659235 -2.595344
v 0.599705 4.886176 -3.000320
v 0.582697 5.315523 -2.834284
v 0.658325 5.292003 -2.780333
v 0.638440 5.658324 -2.591957
v 0.568357 5.686297 -2.643433
v 0.218150 5.686946 -2.645848
v 0.230903 6.033252 -2.413693
v 0.165577 6.001067 -2.365588
v 0.176656 6.234020 -2.172746
v 0.553689 6.032653 -2.411467
v 0.618226 6.000226 -2.362467
v 0.605353 6.233224 -2.169790
v 0.544051 6.270560 -2.214651
v 0.238709 6.271126 -2.216757
v 0.534262 6.495189 -1.999696
v 0.592331 6.452945 -1.958974
v 0.246366 6.495723 -2.001681
v 0.187585 6.453696 -1.961765
v 0.786035 2.995338 -3.827103
v 0.773578 3.165420 -3.298899
v 0.664349 3.171188 -3.357708
v 0.673501 3.009455 -3.889759
v 0.120271 3.010482 -3.893573
v 0.122686 3.172193 -3.361443
v 0.006832 2.996783 -3.832476
v 0.012635 3.166832 -3.304146
v -0.026103 2.501863 -3.114447
v -0.009156 2.807824 -3.055600
v 0.790607 2.806340 -3.050085
v 0.807228 2.500317 -3.108701
v -0.020243 2.501863 -3.964192
v -0.009156 2.807824 -3.055600
v -0.026103 2.501863 -3.114447
v 0.006832 2.996783 -3.832476
v 0.012635 3.166832 -3.304146
v 0.004386 3.096591 -2.704532
v 0.047764 3.800936 -3.200843
v 0.038732 3.708045 -2.718714
v 0.082721 4.425985 -3.075118
v 0.072783 4.306457 -2.693687
v 0.105817 4.867393 -2.948972
v 0.096011 4.742708 -2.628271
v 0.128616 5.292986 -2.783985
v 0.118784 5.153138 -2.503724
v 0.147261 5.659235 -2.595344
v 0.136920 5.504601 -2.351372
v 0.165577 6.001067 -2.365588
v 0.154755 5.834680 -2.161064
v 0.176656 6.234020 -2.172746
v 0.165909 6.063100 -1.994706
v 0.187585 6.453696 -1.961765
v 0.176930 6.281549 -1.811754
v 0.600277 6.280763 -1.808835
v 0.165909 6.063100 -1.994706
v 0.176930 6.281549 -1.811754
v 0.613010 6.062271 -1.991624
v 0.154755 5.834680 -2.161064
v 0.625609 5.833806 -2.157818
v 0.136920 5.504601 -2.351372
v 0.644841 5.503659 -2.347870
v 0.663772 5.152127 -2.499966
v 0.118784 5.153138 -2.503724
v 0.096011 4.742708 -2.628271
v 0.686737 4.741612 -2.624197
v 0.709247 4.305276 -2.689298
v 0.072783 4.306457 -2.693687
v 0.038732 3.708045 -2.718714
v 0.741419 3.706742 -2.713869
v 0.773297 3.095164 -2.699230
v 0.004386 3.096591 -2.704532
v 0.773297 3.095164 -2.699230
v 0.790607 2.806340 -3.050085
v -0.009156 2.807824 -3.055600
v 0.004386 3.096591 -2.704532
v 0.534262 6.495189 -1.999696
v 0.187585 6.453696 -1.961765
v 0.246366 6.495723 -2.001681
v 0.592331 6.452945 -1.958974
v 0.600277 6.280763 -1.808835
v 0.176930 6.281549 -1.811754
v -2.873757 1.489106 3.393722
v -2.693283 1.639587 3.199860
v -2.746904 1.639684 3.394596
v -2.802742 1.488977 3.135817
v -2.831846 1.338216 3.394011
v -2.549478 1.639322 3.058025
v -2.766628 1.338098 3.157162
v -2.612288 1.488626 2.947972
v -2.354022 1.638960 3.007095
v -2.591725 1.337776 2.984654
v -2.353429 1.488147 2.880520
v -2.159287 1.638598 3.060716
v -2.353999 1.337335 2.922709
v -2.095524 1.487668 2.951535
v -2.017451 1.638333 3.204520
v -2.117151 1.336895 2.987926
v -1.907680 1.487317 3.141989
v -1.966520 1.638236 3.399977
v -1.944643 1.336573 3.162830
v -1.840228 1.487188 3.400848
v -2.020141 1.638333 3.594713
v -1.882699 1.336455 3.400555
v -1.911243 1.487317 3.658754
v -2.163946 1.638598 3.736549
v -1.947915 1.336573 3.637404
v -2.101696 1.487668 3.846599
v -2.359403 1.638960 3.787480
v -2.122819 1.336895 3.809914
v -2.360555 1.488147 3.914051
v -2.554138 1.639322 3.733858
v -2.360544 1.337335 3.871857
v -2.618460 1.488626 3.843036
v -2.695974 1.639587 3.590053
v -2.597393 1.337776 3.806641
v -2.806305 1.488977 3.652582
v -2.746904 1.639684 3.394596
v -2.769901 1.338098 3.631736
v -2.873757 1.489106 3.393722
v -2.831846 1.338216 3.394011
v -2.746904 1.639684 3.394596
v -2.693843 1.337962 3.199857
v -2.747464 1.338059 3.394593
v -2.693283 1.639587 3.199860
v -2.550038 1.337697 3.058022
v -2.549478 1.639322 3.058025
v -2.354581 1.337335 3.007091
v -2.354022 1.638960 3.007095
v -2.159846 1.336973 3.060712
v -2.159287 1.638598 3.060716
v -2.018011 1.336708 3.204517
v -2.017451 1.638333 3.204520
v -1.967080 1.336612 3.399974
v -1.966520 1.638236 3.399977
v -2.020702 1.336708 3.594709
v -2.020141 1.638333 3.594713
v -2.164506 1.336973 3.736545
v -2.163946 1.638598 3.736549
v -2.359962 1.337335 3.787476
v -2.359403 1.638960 3.787480
v -2.554698 1.337697 3.733855
v -2.554138 1.639322 3.733858
v -2.696533 1.337962 3.590049
v -2.695974 1.639587 3.590053
v -2.747464 1.338059 3.394593
v -2.746904 1.639684 3.394596
v -3.037839 1.754020 3.392589
v -2.799947 1.921903 3.136989
v -2.870645 1.922031 3.393742
v -2.944209 1.753851 3.052550
v -2.982524 1.585595 3.392971
v -2.610345 1.921553 2.949983
v -2.896537 1.585439 3.080693
v -2.693102 1.753388 2.804881
v -2.352641 1.921076 2.882833
v -2.665932 1.585014 2.853246
v -2.351803 1.752755 2.715948
v -2.095889 1.920599 2.953531
v -2.352499 1.584434 2.771574
v -2.011763 1.752123 2.809579
v -1.908883 1.920250 3.143133
v -2.040222 1.583853 2.857560
v -1.764096 1.751660 3.060687
v -1.841733 1.920122 3.400837
v -1.812775 1.583429 3.088166
v -1.675162 1.751490 3.401985
v -1.912431 1.920250 3.657590
v -1.731102 1.583273 3.401600
v -1.768794 1.751660 3.742026
v -2.102032 1.920599 3.844596
v -1.817089 1.583429 3.713878
v -2.019900 1.752123 3.989693
v -2.359736 1.921076 3.911747
v -2.047695 1.583853 3.941325
v -2.361199 1.752755 4.078627
v -2.616489 1.921553 3.841049
v -2.361128 1.584434 4.022997
v -2.701239 1.753388 3.984996
v -2.803494 1.921903 3.651447
v -2.673405 1.585014 3.937011
v -2.948906 1.753851 3.733889
v -2.870645 1.922031 3.393742
v -2.900852 1.585439 3.706405
v -3.037839 1.754020 3.392589
v -2.982524 1.585595 3.392971
v -2.870645 1.922031 3.393742
v -2.800571 1.585261 3.136985
v -2.871269 1.585388 3.393738
v -2.799947 1.921903 3.136989
v -2.610970 1.584911 2.949979
v -2.610345 1.921553 2.949983
v -2.353266 1.584434 2.882828
v -2.352641 1.921076 2.882833
v -2.096514 1.583957 2.953526
v -2.095889 1.920599 2.953531
v -1.909508 1.583607 3.143129
v -1.908883 1.920250 3.143133
v -1.842357 1.583479 3.400833
v -1.841733 1.920122 3.400837
v -1.913055 1.583607 3.657586
v -1.912431 1.920250 3.657590
v -2.102657 1.583957 3.844592
v -2.102032 1.920599 3.844596
v -2.360361 1.584434 3.911743
v -2.359736 1.921076 3.911747
v -2.617114 1.584911 3.841045
v -2.616489 1.921553 3.841049
v -2.804119 1.585261 3.651443
v -2.803494 1.921903 3.651447
v -2.871269 1.585388 3.393738
v -2.870645 1.922031 3.393742
v -2.936977 2.202637 3.393288
v -2.734029 2.335457 3.175214
v -2.794348 2.335566 3.394271
v -2.857091 2.202493 3.103171
v -2.889763 2.069356 3.393613
v -2.572264 2.335159 3.015662
v -2.816400 2.069224 3.127183
v -2.642851 2.202098 2.891864
v -2.352395 2.334752 2.958370
v -2.619652 2.068861 2.933128
v -2.351660 2.201559 2.815987
v -2.133337 2.334344 3.018689
v -2.352234 2.068366 2.863446
v -2.061543 2.201020 2.895872
v -1.973786 2.334046 3.180456
v -2.085804 2.067871 2.936809
v -1.850237 2.200625 3.110113
v -1.916495 2.333937 3.400324
v -1.891750 2.067508 3.133559
v -1.774361 2.200480 3.401304
v -1.976813 2.334046 3.619381
v -1.822068 2.067375 3.400975
v -1.854245 2.200625 3.691422
v -2.138579 2.334344 3.778933
v -1.895431 2.067508 3.667406
v -2.068485 2.201020 3.902728
v -2.358448 2.334752 3.836224
v -2.092180 2.067871 3.861461
v -2.359677 2.201559 3.978605
v -2.577505 2.335159 3.775908
v -2.359596 2.068366 3.931143
v -2.649793 2.202098 3.898720
v -2.737056 2.335457 3.614140
v -2.626026 2.068861 3.857780
v -2.861100 2.202493 3.684479
v -2.794348 2.335566 3.394271
v -2.820081 2.069224 3.661030
v -2.936977 2.202637 3.393288
v -2.889763 2.069356 3.393613
v -2.794348 2.335566 3.394271
v -2.734523 2.069071 3.175210
v -2.794842 2.069180 3.394268
v -2.734029 2.335457 3.175214
v -2.572758 2.068773 3.015659
v -2.572264 2.335159 3.015662
v -2.352889 2.068366 2.958367
v -2.352395 2.334752 2.958370
v -2.133831 2.067959 3.018686
v -2.133337 2.334344 3.018689
v -1.974281 2.067661 3.180452
v -1.973786 2.334046 3.180456
v -1.916990 2.067552 3.400321
v -1.916495 2.333937 3.400324
v -1.977307 2.067661 3.619378
v -1.976813 2.334046 3.619381
v -2.139073 2.067959 3.778930
v -2.138579 2.334344 3.778933
v -2.358942 2.068366 3.836221
v -2.358448 2.334752 3.836224
v -2.577999 2.068773 3.775904
v -2.577505 2.335159 3.775908
v -2.737550 2.069071 3.614137
v -2.737056 2.335457 3.614140
v -2.794842 2.069180 3.394268
v -2.794348 2.335566 3.394271
v -2.820752 2.569870 3.394094
v -2.658118 2.689929 3.219365
v -2.706447 2.690017 3.394882
v -2.756746 2.569755 3.161642
v -2.782948 2.449442 3.394355
v -2.528506 2.689690 3.091527
v -2.724168 2.449336 3.180881
v -2.585088 2.569438 2.992336
v -2.352338 2.689364 3.045624
v -2.566525 2.449045 3.025397
v -2.351775 2.569006 2.931540
v -2.176822 2.689038 3.093952
v -2.352261 2.448648 2.969566
v -2.119323 2.568574 2.995547
v -2.048984 2.688799 3.223565
v -2.138787 2.448251 3.028346
v -1.950017 2.568258 3.167205
v -2.003080 2.688712 3.399732
v -1.983304 2.447961 3.185989
v -1.889222 2.568142 3.400517
v -2.051409 2.688799 3.575250
v -1.927472 2.447855 3.400254
v -1.953229 2.568258 3.632971
v -2.181022 2.689038 3.703087
v -1.986253 2.447961 3.613727
v -2.124886 2.568574 3.802277
v -2.357188 2.689364 3.748992
v -2.143896 2.448251 3.769211
v -2.358198 2.569006 3.863072
v -2.532706 2.689690 3.700662
v -2.358159 2.448648 3.825043
v -2.590650 2.569438 3.799065
v -2.660543 2.689929 3.571050
v -2.571634 2.449045 3.766263
v -2.759957 2.569755 3.627408
v -2.706447 2.690017 3.394882
v -2.727117 2.449336 3.608618
v -2.820752 2.569870 3.394094
v -2.782948 2.449442 3.394355
v -2.706447 2.690017 3.394882
v -2.658565 2.449214 3.219362
v -2.706894 2.449301 3.394879
v -2.658118 2.689929 3.219365
v -2.528952 2.448975 3.091524
v -2.528506 2.689690 3.091527
v -2.352785 2.448648 3.045620
v -2.352338 2.689364 3.045624
v -2.177269 2.448322 3.093949
v -2.176822 2.689038 3.093952
v -2.049430 2.448083 3.223562
v -2.048984 2.688799 3.223565
v -2.003527 2.447996 3.399729
v -2.003080 2.688712 3.399732
v -2.051855 2.448083 3.575247
v -2.051409 2.688799 3.575250
v -2.181469 2.448322 3.703084
v -2.181022 2.689038 3.703087
v -2.357635 2.448648 3.748989
v -2.357188 2.689364 3.748992
v -2.533153 2.448975 3.700659
v -2.532706 2.689690 3.700662
v -2.660990 2.449214 3.571047
v -2.660543 2.689929 3.571050
v -2.706894 2.449301 3.394879
v -2.706447 2.690017 3.394882
v -2.749938 3.088625 3.394578
v -2.611675 3.201273 3.246053
v -2.652756 3.201347 3.395249
v -2.695530 3.088526 3.196987
v -2.717823 2.975663 3.394800
v -2.501501 3.201070 3.137387
v -2.667858 2.975573 3.213340
v -2.549617 3.088258 3.053071
v -2.351753 3.200792 3.098368
v -2.533858 2.975326 3.081175
v -2.351294 3.087890 3.001394
v -2.202559 3.200515 3.139449
v -2.351726 2.974988 3.033716
v -2.153702 3.087523 3.055801
v -2.093893 3.200312 3.249623
v -2.170268 2.974651 3.083682
v -2.009788 3.087254 3.201715
v -2.054873 3.200238 3.399371
v -2.038102 2.974404 3.217682
v -1.958110 3.087156 3.400038
v -2.095955 3.200312 3.548565
v -1.990644 2.974314 3.399814
v -2.012517 3.087254 3.597630
v -2.206130 3.200515 3.657231
v -2.040609 2.974404 3.581273
v -2.158431 3.087523 3.741545
v -2.355876 3.200792 3.696252
v -2.174610 2.974651 3.713438
v -2.356754 3.087890 3.793222
v -2.505071 3.201070 3.655170
v -2.356740 2.974988 3.760897
v -2.554345 3.088258 3.738815
v -2.613736 3.201273 3.544996
v -2.538200 2.975326 3.710931
v -2.698260 3.088526 3.592901
v -2.652756 3.201347 3.395249
v -2.670365 2.975573 3.576930
v -2.749938 3.088625 3.394578
v -2.717823 2.975663 3.394800
v -2.652756 3.201347 3.395249
v -2.612094 2.975469 3.246050
v -2.653175 2.975543 3.395246
v -2.611675 3.201273 3.246053
v -2.501920 2.975266 3.137384
v -2.501501 3.201070 3.137387
v -2.352172 2.974988 3.098365
v -2.351753 3.200792 3.098368
v -2.202978 2.974711 3.139446
v -2.202559 3.200515 3.139449
v -2.094312 2.974508 3.249620
v -2.093893 3.200312 3.249623
v -2.055292 2.974434 3.399368
v -2.054873 3.200238 3.399371
v -2.096374 2.974508 3.548562
v -2.095955 3.200312 3.548565
v -2.206548 2.974711 3.657228
v -2.206130 3.200515 3.657231
v -2.356295 2.974988 3.696248
v -2.355876 3.200792 3.696252
v -2.505490 2.975266 3.655167
v -2.505071 3.201070 3.655170
v -2.614155 2.975469 3.544992
v -2.613736 3.201273 3.544996
v -2.653175 2.975543 3.395246
v -2.652756 3.201347 3.395249
v -2.826683 1.489106 -3.433106
v -2.699831 1.639684 -3.432231
v -2.648900 1.639587 -3.236774
v -2.759232 1.488977 -3.174247
v -2.784772 1.338216 -3.432817
v -2.507065 1.639322 -3.092970
v -2.722827 1.338098 -3.195092
v -2.571387 1.488626 -2.983793
v -2.312329 1.638960 -3.039349
v -2.550319 1.337776 -3.020188
v -2.313482 1.488147 -2.912778
v -2.116874 1.638598 -3.090280
v -2.313471 1.337335 -2.954971
v -2.054622 1.487668 -2.980230
v -1.973067 1.638333 -3.232114
v -2.075745 1.336895 -3.016915
v -1.864169 1.487317 -3.168075
v -1.919447 1.638236 -3.426850
v -1.900842 1.336573 -3.189425
v -1.793155 1.487188 -3.425979
v -1.970377 1.638333 -3.622307
v -1.835625 1.336455 -3.426272
v -1.860606 1.487317 -3.684840
v -2.112213 1.638598 -3.766113
v -1.897570 1.336573 -3.663998
v -2.048451 1.487668 -3.875293
v -2.306948 1.638960 -3.819734
v -2.070077 1.336895 -3.838903
v -2.306355 1.488147 -3.946308
v -2.502405 1.639322 -3.768804
v -2.306926 1.337335 -3.904119
v -2.565215 1.488626 -3.878857
v -2.646210 1.639587 -3.626967
v -2.544651 1.337776 -3.842175
v -2.755668 1.488977 -3.691011
v -2.699831 1.639684 -3.432231
v -2.719555 1.338098 -3.669666
v -2.826683 1.489106 -3.433106
v -2.784772 1.338216 -3.432817
v -2.648900 1.639587 -3.236774
v -2.699831 1.639684 -3.432231
v -2.700390 1.338059 -3.432235
v -2.649460 1.337962 -3.236778
v -2.507065 1.639322 -3.092970
v -2.507624 1.337697 -3.092974
v -2.312329 1.638960 -3.039349
v -2.312889 1.337335 -3.039353
v -2.116874 1.638598 -3.090280
v -2.117432 1.336973 -3.090283
v -1.973067 1.638333 -3.232114
v -1.973628 1.336708 -3.232118
v -1.919447 1.638236 -3.426850
v -1.920006 1.336612 -3.426854
v -1.970377 1.638333 -3.622307
v -1.970937 1.336708 -3.622311
v -2.112213 1.638598 -3.766113
v -2.112772 1.336973 -3.766116
v -2.306948 1.638960 -3.819734
v -2.307508 1.337335 -3.819737
v -2.502405 1.639322 -3.768804
v -2.502964 1.337697 -3.768808
v -2.646210 1.639587 -3.626967
v -2.646769 1.337962 -3.626971
v -2.699831 1.639684 -3.432231
v -2.700390 1.338059 -3.432235
v -2.990766 1.754020 -3.434237
v -2.823571 1.922031 -3.433084
v -2.756420 1.921903 -3.175380
v -2.901834 1.753851 -3.092938
v -2.935451 1.585595 -3.433855
v -2.569416 1.921553 -2.985778
v -2.853778 1.585439 -3.120422
v -2.654166 1.753388 -2.841830
v -2.312662 1.921076 -2.915080
v -2.626332 1.585014 -2.889817
v -2.314126 1.752755 -2.748199
v -2.054960 1.920599 -2.982230
v -2.314054 1.584434 -2.803829
v -1.972827 1.752123 -2.837132
v -1.865357 1.920250 -3.169236
v -2.000621 1.583853 -2.885502
v -1.721720 1.751660 -3.084801
v -1.794659 1.920122 -3.425989
v -1.770016 1.583429 -3.112949
v -1.628089 1.751490 -3.424840
v -1.861810 1.920250 -3.683693
v -1.684029 1.583273 -3.425226
v -1.717022 1.751660 -3.766140
v -2.048815 1.920599 -3.873296
v -1.765701 1.583429 -3.738661
v -1.964689 1.752123 -4.017246
v -2.305568 1.921076 -3.943995
v -1.993148 1.583853 -3.969266
v -2.304729 1.752755 -4.110878
v -2.563271 1.921553 -3.876843
v -2.305425 1.584434 -4.055253
v -2.646028 1.753388 -4.021945
v -2.752873 1.921903 -3.689838
v -2.618859 1.585014 -3.973581
v -2.897134 1.753851 -3.774277
v -2.823571 1.922031 -3.433084
v -2.849464 1.585439 -3.746134
v -2.990766 1.754020 -3.434237
v -2.935451 1.585595 -3.433855
v -2.756420 1.921903 -3.175380
v -2.823571 1.922031 -3.433084
v -2.824196 1.585388 -3.433088
v -2.757045 1.585261 -3.175385
v -2.569416 1.921553 -2.985778
v -2.570040 1.584911 -2.985782
v -2.312662 1.921076 -2.915080
v -2.313287 1.584434 -2.915084
v -2.054960 1.920599 -2.982230
v -2.055585 1.583957 -2.982234
v -1.865357 1.920250 -3.169236
v -1.865982 1.583607 -3.169241
v -1.794659 1.920122 -3.425989
v -1.795284 1.583479 -3.425993
v -1.861810 1.920250 -3.683693
v -1.862434 1.583607 -3.683697
v -2.048815 1.920599 -3.873296
v -2.049439 1.583957 -3.873300
v -2.305568 1.921076 -3.943995
v -2.306192 1.584434 -3.943999
v -2.563271 1.921553 -3.876843
v -2.563896 1.584911 -3.876848
v -2.752873 1.921903 -3.689838
v -2.753498 1.585261 -3.689842
v -2.823571 1.922031 -3.433084
v -2.824196 1.585388 -3.433088
v -2.889903 2.202637 -3.433544
v -2.747275 2.335566 -3.432560
v -2.689982 2.335457 -3.212692
v -2.814026 2.202493 -3.142353
v -2.842690 2.069356 -3.433218
v -2.530432 2.335159 -3.050925
v -2.773008 2.069224 -3.165802
v -2.602720 2.202098 -2.928112
v -2.311374 2.334752 -2.990607
v -2.578954 2.068861 -2.969052
v -2.312603 2.201559 -2.848226
v -2.091506 2.334344 -3.047899
v -2.312523 2.068366 -2.895689
v -2.021413 2.201020 -2.924103
v -1.929739 2.334046 -3.207450
v -2.045107 2.067871 -2.965371
v -1.807172 2.200625 -3.135410
v -1.869422 2.333937 -3.426507
v -1.848357 2.067508 -3.159426
v -1.727288 2.200480 -3.425527
v -1.926713 2.334046 -3.646377
v -1.774994 2.067375 -3.425856
v -1.803164 2.200625 -3.716718
v -2.086263 2.334344 -3.808143
v -1.844676 2.067508 -3.693273
v -2.014469 2.201020 -3.930959
v -2.305321 2.334752 -3.868461
v -2.038731 2.067871 -3.890023
v -2.304586 2.201559 -4.010845
v -2.525189 2.335159 -3.811170
v -2.305161 2.068366 -3.963386
v -2.595777 2.202098 -3.934968
v -2.686955 2.335457 -3.651619
v -2.572577 2.068861 -3.893704
v -2.810018 2.202493 -3.723661
v -2.747275 2.335566 -3.432560
v -2.769327 2.069224 -3.699649
v -2.889903 2.202637 -3.433544
v -2.842690 2.069356 -3.433218
v -2.689982 2.335457 -3.212692
v -2.747275 2.335566 -3.432560
v -2.747769 2.069180 -3.432564
v -2.690476 2.069071 -3.212696
v -2.530432 2.335159 -3.050925
v -2.530926 2.068773 -3.050929
v -2.311374 2.334752 -2.990607
v -2.311868 2.068366 -2.990611
v -2.091506 2.334344 -3.047899
v -2.092000 2.067959 -3.047902
v -1.929739 2.334046 -3.207450
v -1.930234 2.067661 -3.207453
v -1.869422 2.333937 -3.426507
v -1.869916 2.067552 -3.426511
v -1.926713 2.334046 -3.646377
v -1.927207 2.067661 -3.646380
v -2.086263 2.334344 -3.808143
v -2.086758 2.067959 -3.808146
v -2.305321 2.334752 -3.868461
v -2.305815 2.068366 -3.868464
v -2.525189 2.335159 -3.811170
v -2.525683 2.068773 -3.811174
v -2.686955 2.335457 -3.651619
v -2.687450 2.069071 -3.651622
v -2.747275 2.335566 -3.432560
v -2.747769 2.069180 -3.432564
v -2.773678 2.569870 -3.432749
v -2.659374 2.690017 -3.431960
v -2.613469 2.689929 -3.255793
v -2.712884 2.569755 -3.199435
v -2.735874 2.449442 -3.432488
v -2.485632 2.689690 -3.126179
v -2.680044 2.449336 -3.218223
v -2.543577 2.569438 -3.027777
v -2.310115 2.689364 -3.077851
v -2.524560 2.449045 -3.060580
v -2.311125 2.569006 -2.963771
v -2.133949 2.689038 -3.123755
v -2.311086 2.448648 -3.001800
v -2.077812 2.568574 -3.024566
v -2.004335 2.688799 -3.251593
v -2.096822 2.448251 -3.057631
v -1.906155 2.568258 -3.193872
v -1.956007 2.688712 -3.427110
v -1.939179 2.447961 -3.213115
v -1.842148 2.568142 -3.426325
v -2.001910 2.688799 -3.603277
v -1.880398 2.447855 -3.426589
v -1.902943 2.568258 -3.659638
v -2.129748 2.689038 -3.732890
v -1.936230 2.447961 -3.640853
v -2.072250 2.568574 -3.831295
v -2.305265 2.689364 -3.781219
v -2.091714 2.448251 -3.798496
v -2.304701 2.569006 -3.895302
v -2.481432 2.689690 -3.735315
v -2.305187 2.448648 -3.857276
v -2.538014 2.569438 -3.834507
v -2.611044 2.689929 -3.607477
v -2.519452 2.449045 -3.801446
v -2.709672 2.569755 -3.665201
v -2.659374 2.690017 -3.431960
v -2.677094 2.449336 -3.645962
v -2.773678 2.569870 -3.432749
v -2.735874 2.449442 -3.432488
v -2.613469 2.689929 -3.255793
v -2.659374 2.690017 -3.431960
v -2.659820 2.449301 -3.431963
v -2.613916 2.449214 -3.255796
v -2.485632 2.689690 -3.126179
v -2.486079 2.448975 -3.126183
v -2.310115 2.689364 -3.077851
v -2.310561 2.448648 -3.077854
v -2.133949 2.689038 -3.123755
v -2.134395 2.448322 -3.123758
v -2.004335 2.688799 -3.251593
v -2.004782 2.448083 -3.251596
v -1.956007 2.688712 -3.427110
v -1.956453 2.447996 -3.427114
v -2.001910 2.688799 -3.603277
v -2.002357 2.448083 -3.603280
v -2.129748 2.689038 -3.732890
v -2.130195 2.448322 -3.732893
v -2.305265 2.689364 -3.781219
v -2.305711 2.448648 -3.781222
v -2.481432 2.689690 -3.735315
v -2.481879 2.448975 -3.735318
v -2.611044 2.689929 -3.607477
v -2.611491 2.449214 -3.607481
v -2.659374 2.690017 -3.431960
v -2.659820 2.449301 -3.431963
v -2.702864 3.088625 -3.432255
v -2.605682 3.201347 -3.431585
v -2.566663 3.201273 -3.281837
v -2.651186 3.088526 -3.233932
v -2.670749 2.975663 -3.432034
v -2.457997 3.201070 -3.171663
v -2.623291 2.975573 -3.249902
v -2.507272 3.088258 -3.088019
v -2.308802 3.200792 -3.130582
v -2.491127 2.975326 -3.115902
v -2.309680 3.087890 -3.033611
v -2.159056 3.200515 -3.169601
v -2.309667 2.974988 -3.065937
v -2.111357 3.087523 -3.085289
v -2.048881 3.200312 -3.278267
v -2.127537 2.974651 -3.113395
v -1.965444 3.087254 -3.229204
v -2.007800 3.200238 -3.427462
v -1.993536 2.974404 -3.245560
v -1.911036 3.087156 -3.426795
v -2.046820 3.200312 -3.577209
v -1.943570 2.974314 -3.427020
v -1.962714 3.087254 -3.625119
v -2.155486 3.200515 -3.687384
v -1.991029 2.974404 -3.609150
v -2.106629 3.087523 -3.771032
v -2.304680 3.200792 -3.728466
v -2.123194 2.974651 -3.743151
v -2.304220 3.087890 -3.825440
v -2.454427 3.201070 -3.689446
v -2.304653 2.974988 -3.793117
v -2.502543 3.088258 -3.773762
v -2.564602 3.201273 -3.580781
v -2.486784 2.975326 -3.745658
v -2.648456 3.088526 -3.629847
v -2.605682 3.201347 -3.431585
v -2.620784 2.975573 -3.613493
v -2.702864 3.088625 -3.432255
v -2.670749 2.975663 -3.432034
v -2.566663 3.201273 -3.281837
v -2.605682 3.201347 -3.431585
v -2.606101 2.975543 -3.431588
v -2.567082 2.975469 -3.281841
v -2.457997 3.201070 -3.171663
v -2.458416 2.975266 -3.171666
v -2.308802 3.200792 -3.130582
v -2.309221 2.974988 -3.130585
v -2.159056 3.200515 -3.169601
v -2.159475 2.974711 -3.169604
v -2.048881 3.200312 -3.278267
v -2.049300 2.974508 -3.278270
v -2.007800 3.200238 -3.427462
v -2.008219 2.974434 -3.427465
v -2.046820 3.200312 -3.577209
v -2.047239 2.974508 -3.577212
v -2.155486 3.200515 -3.687384
v -2.155905 2.974711 -3.687387
v -2.304680 3.200792 -3.728466
v -2.305099 2.974988 -3.728469
v -2.454427 3.201070 -3.689446
v -2.454846 2.975266 -3.689450
v -2.564602 3.201273 -3.580781
v -2.565021 2.975469 -3.580783
v -2.605682 3.201347 -3.431585
v -2.606101 2.975543 -3.431588
v -3.394804 4.351048 -2.706799
v -3.159289 4.413688 -2.705175
v -3.338416 5.084843 -2.614977
v -3.573931 5.022203 -2.616601
v -3.506597 5.710258 -2.348068
v -3.742112 5.647619 -2.349692
v -3.652371 6.247315 -1.922639
v -3.887886 6.184677 -1.924263
v -3.765803 6.659415 -1.367682
v -4.001318 6.596776 -1.369305
v -3.839162 6.918469 -0.721014
v -4.074677 6.855830 -0.722638
v -3.867450 7.006829 -0.026707
v -4.102965 6.944190 -0.028331
v -4.102965 6.944190 -0.028331
v -3.867450 7.006829 -0.026707
v -3.848740 6.918470 0.667925
v -4.084254 6.855831 0.666301
v -3.784305 6.659415 1.315543
v -4.019820 6.596776 1.313919
v -3.678537 6.247317 1.872012
v -3.914051 6.184677 1.870388
v -3.538643 5.710258 2.299411
v -3.774159 5.647620 2.297787
v -3.374160 5.084843 2.568614
v -3.609675 5.022204 2.566989
v -3.196293 4.413689 2.661273
v -3.431807 4.351049 2.659649
v -3.431807 4.351049 2.659649
v -3.196293 4.413689 2.661273
v -3.017165 3.742535 2.571075
v -3.252680 3.679895 2.569451
v -2.848985 3.117119 2.304167
v -3.084499 3.054479 2.302543
v -2.703211 2.580062 1.878738
v -2.938725 2.517422 1.877115
v -2.589779 2.167963 1.323780
v -2.825294 2.105324 1.322156
v -2.516419 1.908906 0.677113
v -2.751934 1.846267 0.675489
v -2.488131 1.820548 -0.017194
v -2.723646 1.757908 -0.018818
v -2.723646 1.757908 -0.018818
v -2.488131 1.820548 -0.017194
v -2.506842 1.908906 -0.711826
v -2.742357 1.846266 -0.713450
v -2.571278 2.167962 -1.359443
v -2.806791 2.105323 -1.361067
v -2.677045 2.580059 -1.915913
v -2.912560 2.517420 -1.917537
v -2.816938 3.117117 -2.343312
v -3.052453 3.054477 -2.344936
v -2.981422 3.742532 -2.612515
v -3.216937 3.679892 -2.614140
v -3.159289 4.413688 -2.705175
v -3.394804 4.351048 -2.706799
v -3.394804 4.351048 -2.706799
v -3.573931 5.022203 -2.616601
v -3.216937 3.679892 -2.614140
v -3.742112 5.647619 -2.349692
v -3.052453 3.054477 -2.344936
v -3.887886 6.184677 -1.924263
v -2.912560 2.517420 -1.917537
v -4.001318 6.596776 -1.369305
v -2.806791 2.105323 -1.361067
v -4.074677 6.855830 -0.722638
v -2.742357 1.846266 -0.713450
v -4.102965 6.944190 -0.028331
v -2.723646 1.757908 -0.018818
v -4.084254 6.855831 0.666301
v -2.751934 1.846267 0.675489
v -4.019820 6.596776 1.313919
v -2.825294 2.105324 1.322156
v -3.914051 6.184677 1.870388
v -2.938725 2.517422 1.877115
v -3.774159 5.647620 2.297787
v -3.084499 3.054479 2.302543
v -3.609675 5.022204 2.566989
v -3.252680 3.679895 2.569451
v -3.431807 4.351049 2.659649
v 0.022400 1.219399 -1.491545
v 0.022156 1.087581 -1.491547
v 0.152470 1.087339 -1.525503
v 0.152715 1.219157 -1.525501
v 0.282304 1.087098 -1.489753
v 0.282549 1.218916 -1.489751
v 0.376869 1.086921 -1.393875
v 0.377114 1.218739 -1.393873
v 0.410825 1.086857 -1.263559
v 0.411070 1.218675 -1.263558
v 0.375075 1.086921 -1.133726
v 0.375320 1.218739 -1.133724
v 0.279197 1.087098 -1.039160
v 0.279442 1.218916 -1.039159
v 0.148883 1.087339 -1.005204
v 0.149127 1.219157 -1.005203
v 0.019049 1.087581 -1.040954
v 0.019293 1.219399 -1.040953
v -0.075516 1.087757 -1.136833
v -0.075271 1.219575 -1.136831
v -0.109472 1.087822 -1.267148
v -0.109228 1.219640 -1.267146
v -0.073722 1.087757 -1.396981
v -0.073477 1.219575 -1.396980
v 0.022156 1.087581 -1.491547
v 0.022400 1.219399 -1.491545
v 0.022400 1.219399 -1.491545
v 0.152715 1.219157 -1.525501
v 0.282549 1.218916 -1.489751
v -0.073477 1.219575 -1.396980
v 0.377114 1.218739 -1.393873
v -0.109228 1.219640 -1.267146
v 0.411070 1.218675 -1.263558
v -0.075271 1.219575 -1.136831
v 0.375320 1.218739 -1.133724
v 0.019293 1.219399 -1.040953
v 0.279442 1.218916 -1.039159
v 0.149127 1.219157 -1.005203
v 3.872691 1.001383 0.026665
v 3.872562 0.931879 0.026664
v 3.868884 0.931879 0.560103
v 3.869012 1.001383 0.560103
v 3.525668 1.002027 0.024272
v 3.787596 0.932023 1.093006
v 3.521990 1.002027 0.557711
v 3.787724 1.001527 1.093007
v 3.462225 1.002131 1.090763
v 3.787596 0.932023 1.093006
v 3.462098 0.932627 1.090762
v 4.882053 0.203092 0.033624
v 4.881926 0.133589 0.033624
v 4.877893 0.133589 0.618197
v 4.878022 0.203092 0.618198
v 4.556557 0.203696 0.031380
v 4.796253 0.133733 1.202234
v 4.552790 0.203696 0.577567
v 4.796381 0.203236 1.202235
v 4.582408 0.134119 2.017723
v 4.471413 0.203840 1.123218
v 4.582537 0.203623 2.017723
v 4.258098 0.204227 1.861932
v 4.582408 0.134119 2.017723
v 4.257969 0.134723 1.861931
v 4.512616 0.477330 0.031077
v 4.512486 0.407826 0.031076
v 4.508756 0.407826 0.572011
v 4.508885 0.477330 0.572012
v 4.187119 0.477934 0.028833
v 4.427416 0.407970 1.112410
v 4.183653 0.477934 0.531381
v 4.427546 0.477474 1.112411
v 4.297223 0.408206 1.586880
v 4.102577 0.478078 1.033394
v 4.297352 0.477710 1.586880
v 3.997147 0.478269 1.447039
v 4.297223 0.408206 1.586880
v 3.997019 0.408765 1.447038
v 4.191166 0.736009 0.028861
v 4.191038 0.666505 0.028860
v 4.187111 0.666505 0.598107
v 4.187240 0.736009 0.598108
v 3.865669 0.736612 0.026616
v 4.105576 0.666649 1.166820
v 3.862030 0.736612 0.554345
v 4.105705 0.736153 1.166821
v 3.780780 0.736757 1.081538
v 4.105576 0.666649 1.166820
v 3.780651 0.667253 1.081537
v 4.425394 0.686659 1.954283
v 4.622329 0.684398 1.849678
v 4.558053 0.677118 1.961651
v 4.335497 0.700931 1.854385
v 4.597566 0.699436 1.697266
v 4.281277 0.770832 1.603407
v 4.493104 0.769278 1.478673
v 4.294851 0.958818 1.225103
v 4.170261 0.969523 1.346153
v 4.054248 1.174485 1.042565
v 4.000243 1.185839 1.165671
v 3.749772 1.421558 0.932606
v 3.731410 1.423529 1.081921
v 3.430820 1.471025 1.071054
v 3.441611 1.468977 0.893258
v 3.358119 1.472532 1.037043
v 3.366282 1.471600 0.907514
v 3.325144 1.470750 0.969155
v 4.558053 0.677118 1.961651
v 4.555918 0.641627 1.958437
v 4.423260 0.651168 1.951068
v 4.425394 0.686659 1.954283
v 4.331517 0.666009 1.848129
v 4.335497 0.700931 1.854385
v 4.273345 0.738169 1.591378
v 4.281277 0.770832 1.603407
v 4.153624 0.940912 1.332774
v 4.170261 0.969523 1.346153
v 3.977957 1.158780 1.158913
v 4.000243 1.185839 1.165671
v 3.716480 1.391133 1.080459
v 3.731410 1.423529 1.081921
v 3.427421 1.435487 1.071203
v 3.430820 1.471025 1.071054
v 3.357582 1.436837 1.037350
v 3.358119 1.472532 1.037043
v 3.326373 1.435073 0.969468
v 3.325144 1.470750 0.969155
v 4.622329 0.684398 1.849678
v 4.555918 0.641627 1.958437
v 4.558053 0.677118 1.961651
v 4.620195 0.648907 1.846462
v 4.597566 0.699436 1.697266
v 4.593274 0.664661 1.690431
v 4.493104 0.769278 1.478673
v 4.485796 0.736517 1.466515
v 4.294851 0.958818 1.225103
v 4.279764 0.929627 1.211149
v 4.054248 1.174485 1.042565
v 4.033100 1.146800 1.034764
v 3.749772 1.421558 0.932606
v 3.735704 1.388798 0.930789
v 3.441611 1.468977 0.893258
v 3.438287 1.433433 0.893406
v 3.366282 1.471600 0.907514
v 3.365642 1.435907 0.907717
v 3.325144 1.470750 0.969155
v 3.326373 1.435073 0.969468
v 3.872691 1.001383 0.026665
v 3.876240 0.931879 -0.506775
v 3.872562 0.931879 0.026664
v 3.876369 1.001383 -0.506774
v 3.525668 1.002027 0.024272
v 3.802309 0.932023 -1.040749
v 3.529347 1.002027 -0.509167
v 3.802437 1.001527 -1.040748
v 3.476938 1.002131 -1.042993
v 3.802309 0.932023 -1.040749
v 3.476811 0.932627 -1.042993
v 4.882053 0.203092 0.033624
v 4.885955 0.133589 -0.550949
v 4.881926 0.133589 0.033624
v 4.886084 0.203092 -0.550949
v 4.556557 0.203696 0.031380
v 4.812376 0.133733 -1.136058
v 4.560323 0.203696 -0.514806
v 4.812505 0.203236 -1.136057
v 4.609797 0.134119 -1.954417
v 4.486477 0.203840 -1.061528
v 4.609926 0.203623 -1.954416
v 4.283370 0.204227 -1.803114
v 4.609797 0.134119 -1.954417
v 4.283241 0.134723 -1.803115
v 4.512616 0.477330 0.031077
v 4.516216 0.407826 -0.509859
v 4.512486 0.407826 0.031076
v 4.516346 0.477330 -0.509858
v 4.187119 0.477934 0.028833
v 4.442336 0.407970 -1.051328
v 4.190584 0.477934 -0.473715
v 4.442465 0.477474 -1.051327
v 4.318698 0.408206 -1.527548
v 4.116438 0.478078 -0.976799
v 4.318828 0.477710 -1.527547
v 4.016722 0.478269 -1.391859
v 4.318698 0.408206 -1.527548
v 4.016594 0.408765 -1.391859
v 4.191166 0.736009 0.028861
v 4.194962 0.666505 -0.540388
v 4.191038 0.666505 0.028860
v 4.195090 0.736009 -0.540387
v 3.865669 0.736612 0.026616
v 4.121277 0.666649 -1.110170
v 3.869308 0.736612 -0.501112
v 4.121406 0.736153 -1.110169
v 3.795335 0.736757 -1.029376
v 4.121277 0.666649 -1.110170
v 3.795206 0.667253 -1.029377
v 4.451923 0.686659 -1.893149
v 4.584671 0.677118 -1.898687
v 4.647397 0.684398 -1.785838
v 4.360658 0.700931 -1.794500
v 4.620534 0.699436 -1.633782
v 4.302981 0.770832 -1.544295
v 4.513069 0.769278 -1.416651
v 4.311338 0.958818 -1.165838
v 4.188429 0.969523 -1.288594
v 4.068240 1.174485 -0.986635
v 4.015938 1.185839 -1.110475
v 3.762276 1.421558 -0.880886
v 3.745976 1.423529 -1.030439
v 3.445264 1.471025 -1.023718
v 3.453602 1.468977 -0.845791
v 3.372101 1.472532 -0.990713
v 3.378477 1.471600 -0.861085
v 3.338193 1.470750 -0.923287
v 4.584671 0.677118 -1.898687
v 4.449745 0.651168 -1.889964
v 4.582492 0.641627 -1.895502
v 4.451923 0.686659 -1.893149
v 4.356592 0.666009 -1.788299
v 4.360658 0.700931 -1.794500
v 4.294885 0.738169 -1.532375
v 4.302981 0.770832 -1.544295
v 4.171608 0.940912 -1.275446
v 4.188429 0.969523 -1.288594
v 3.993561 1.158780 -1.104025
v 4.015938 1.185839 -1.110475
v 3.731027 1.391133 -1.029183
v 3.745976 1.423529 -1.030439
v 3.441868 1.435487 -1.023916
v 3.445264 1.471025 -1.023718
v 3.371568 1.436837 -0.991028
v 3.372101 1.472532 -0.990713
v 3.339426 1.435073 -0.923583
v 3.338193 1.470750 -0.923287
v 4.647397 0.684398 -1.785838
v 4.584671 0.677118 -1.898687
v 4.582492 0.641627 -1.895502
v 4.645219 0.648907 -1.782653
v 4.620534 0.699436 -1.633782
v 4.616149 0.664661 -1.627006
v 4.513069 0.769278 -1.416651
v 4.505594 0.736517 -1.404594
v 4.311338 0.958818 -1.165838
v 4.296060 0.929627 -1.152093
v 4.068240 1.174485 -0.986635
v 4.046987 1.146800 -0.979126
v 3.762276 1.421558 -0.880886
v 3.748185 1.388798 -0.879263
v 3.453602 1.468977 -0.845791
v 3.450281 1.433433 -0.845985
v 3.378477 1.471600 -0.861085
v 3.377840 1.435907 -0.861296
v 3.338193 1.470750 -0.923287
v 3.339426 1.435073 -0.923583
v 0.347804 4.592247 3.064427
v 0.345701 4.588397 3.368324
v 0.278852 4.551316 3.377832
v 0.209471 4.515514 3.084103
v 0.278577 4.476907 3.397768
v 0.208901 4.361539 3.125358
v 0.345150 4.439580 3.408197
v 0.346664 4.284294 3.146937
v 0.346664 4.284294 3.146937
v 0.345150 4.439580 3.408197
v 0.411999 4.476660 3.398688
v 0.484996 4.361027 3.127261
v 0.412274 4.551068 3.378752
v 0.485566 4.515002 3.086007
v 0.345701 4.588397 3.368324
v 0.347804 4.592247 3.064427
v 0.343838 4.580492 3.636452
v 0.295535 4.469506 3.608972
v 0.235596 4.542547 3.589017
v 0.284084 4.422049 3.527373
v 0.209342 4.513129 3.502489
v 0.296660 4.422387 3.433119
v 0.236721 4.495427 3.413164
v 0.345642 4.504917 3.354407
v 0.393228 4.422207 3.433785
v 0.345642 4.504917 3.354407
v 0.404502 4.421825 3.528203
v 0.392103 4.469327 3.609637
v 0.343838 4.580492 3.636452
v 0.453707 4.495025 3.414661
v 0.345642 4.504917 3.354407
v 0.479918 4.512627 3.504354
v 0.452581 4.542145 3.590513
v 0.343838 4.580492 3.636452
v 0.432555 4.586004 3.390147
v 0.345642 4.504917 3.354407
v 0.453542 4.626077 3.473786
v 0.431430 4.633124 3.565999
v 0.343838 4.580492 3.636452
v 0.345701 4.626638 3.378703
v 0.345642 4.504917 3.354407
v 0.345236 4.676746 3.459516
v 0.344575 4.673759 3.554555
v 0.343838 4.580492 3.636452
v 0.258547 4.586327 3.388947
v 0.345642 4.504917 3.354407
v 0.236557 4.626480 3.472290
v 0.236721 4.495427 3.413164
v 0.345642 4.504917 3.354407
v 0.209342 4.513129 3.502489
v 0.257421 4.633447 3.564799
v 0.343838 4.580492 3.636452
v 0.235596 4.542547 3.589017
v 0.343838 4.580492 3.636452
v 0.351592 5.444245 2.744267
v 0.349612 5.493293 3.044618
v 0.282820 5.458559 3.060413
v 0.213178 5.372265 2.776998
v 0.282467 5.388843 3.092920
v 0.212446 5.227794 2.844363
v 0.348905 5.353860 3.109632
v 0.350127 5.155301 2.878998
v 0.350127 5.155301 2.878998
v 0.348905 5.353860 3.109632
v 0.415698 5.388595 3.093839
v 0.488541 5.227282 2.846267
v 0.416051 5.458311 3.061332
v 0.489274 5.371753 2.778902
v 0.349612 5.493293 3.044618
v 0.351592 5.444245 2.744267
v 0.347857 5.532004 3.309644
v 0.299413 5.417991 3.301864
v 0.239551 5.486530 3.269541
v 0.287871 5.357099 3.229747
v 0.213225 5.442566 3.189443
v 0.300408 5.341050 3.136865
v 0.240546 5.409588 3.104543
v 0.349453 5.408599 3.045007
v 0.396975 5.340871 3.137531
v 0.349453 5.408599 3.045007
v 0.408289 5.356875 3.230577
v 0.395980 5.417811 3.302530
v 0.347857 5.532004 3.309644
v 0.457531 5.409186 3.106040
v 0.349453 5.408599 3.045007
v 0.483801 5.442064 3.191309
v 0.456536 5.486128 3.271038
v 0.347857 5.532004 3.309644
v 0.436475 5.494553 3.066104
v 0.349453 5.408599 3.045007
v 0.457545 5.548517 3.141511
v 0.435480 5.571494 3.231103
v 0.347857 5.532004 3.309644
v 0.349663 5.532690 3.047797
v 0.349453 5.408599 3.045007
v 0.349292 5.596070 3.118681
v 0.348668 5.609631 3.212796
v 0.347857 5.532004 3.309644
v 0.262467 5.494876 3.064904
v 0.349453 5.408599 3.045007
v 0.240560 5.548918 3.140014
v 0.240546 5.409588 3.104543
v 0.349453 5.408599 3.045007
v 0.213225 5.442566 3.189443
v 0.261472 5.571817 3.229904
v 0.347857 5.532004 3.309644
v 0.239551 5.486530 3.269541
v 0.347857 5.532004 3.309644
v 0.356088 6.122937 2.274956
v 0.354404 6.248252 2.552829
v 0.287680 6.218964 2.577050
v 0.217574 6.062136 2.325234
v 0.287230 6.160141 2.626407
v 0.216641 5.940023 2.427697
v 0.353505 6.130605 2.651544
v 0.354222 5.878710 2.479878
v 0.354222 5.878710 2.479878
v 0.353505 6.130605 2.651544
v 0.420230 6.159894 2.627324
v 0.492736 5.939511 2.429600
v 0.420679 6.218717 2.577967
v 0.493669 6.061624 2.327138
v 0.354404 6.248252 2.552829
v 0.356088 6.122937 2.274956
v 0.352907 6.354037 2.798357
v 0.304262 6.241986 2.820361
v 0.244495 6.299935 2.771417
v 0.292564 6.164526 2.766464
v 0.218036 6.236787 2.705431
v 0.305006 6.124960 2.680898
v 0.245239 6.182910 2.631953
v 0.354102 6.166344 2.574675
v 0.401574 6.124781 2.681564
v 0.354102 6.166344 2.574675
v 0.412982 6.164302 2.767294
v 0.400829 6.241807 2.821027
v 0.352907 6.354037 2.798357
v 0.462225 6.182508 2.633449
v 0.354102 6.166344 2.574675
v 0.488612 6.236285 2.707296
v 0.461480 6.299532 2.772913
v 0.352907 6.354037 2.798357
v 0.441287 6.254669 2.572786
v 0.354102 6.166344 2.574675
v 0.462504 6.326269 2.631651
v 0.440543 6.371694 2.712249
v 0.352907 6.354037 2.798357
v 0.354528 6.286928 2.545254
v 0.354102 6.166344 2.574675
v 0.354317 6.366496 2.597319
v 0.353784 6.403954 2.684717
v 0.352907 6.354037 2.798357
v 0.267279 6.254992 2.571586
v 0.354102 6.166344 2.574675
v 0.245518 6.326672 2.630154
v 0.245239 6.182910 2.631953
v 0.354102 6.166344 2.574675
v 0.218036 6.236787 2.705431
v 0.266534 6.372017 2.711049
v 0.352907 6.354037 2.798357
v 0.244495 6.299935 2.771417
v 0.352907 6.354037 2.798357
v 0.390030 4.592247 -3.059419
v 0.325407 4.551316 -3.373743
v 0.392118 4.588397 -3.363315
v 0.251982 4.515514 -3.080999
v 0.325407 4.476907 -3.393682
v 0.251981 4.361539 -3.122257
v 0.392117 4.439580 -3.403191
v 0.390028 4.284294 -3.141935
v 0.390028 4.284294 -3.141935
v 0.458829 4.476660 -3.392762
v 0.392117 4.439580 -3.403191
v 0.528076 4.361027 -3.120354
v 0.458829 4.551068 -3.372823
v 0.528077 4.515002 -3.079095
v 0.392118 4.588397 -3.363315
v 0.390030 4.592247 -3.059419
v 0.393953 4.580492 -3.631443
v 0.285067 4.542547 -3.585505
v 0.345276 4.469506 -3.604631
v 0.332700 4.422049 -3.523198
v 0.257622 4.513129 -3.499347
v 0.343976 4.422387 -3.428781
v 0.283767 4.495427 -3.409655
v 0.391868 4.504917 -3.349401
v 0.440543 4.422207 -3.428115
v 0.391868 4.504917 -3.349401
v 0.453118 4.421825 -3.522367
v 0.441843 4.469327 -3.603965
v 0.393953 4.580492 -3.631443
v 0.500752 4.495025 -3.408158
v 0.391868 4.504917 -3.349401
v 0.528198 4.512627 -3.497481
v 0.502052 4.542145 -3.584008
v 0.393953 4.580492 -3.631443
v 0.479265 4.586004 -3.383938
v 0.391868 4.504917 -3.349401
v 0.501403 4.626077 -3.467279
v 0.480565 4.633124 -3.559789
v 0.393953 4.580492 -3.631443
v 0.392261 4.626638 -3.373693
v 0.391868 4.504917 -3.349401
v 0.392911 4.676746 -3.454504
v 0.393561 4.673759 -3.549544
v 0.393953 4.580492 -3.631443
v 0.305256 4.586327 -3.385138
v 0.391868 4.504917 -3.349401
v 0.284418 4.626480 -3.468776
v 0.283767 4.495427 -3.409655
v 0.391868 4.504917 -3.349401
v 0.257622 4.513129 -3.499347
v 0.306556 4.633447 -3.560989
v 0.393953 4.580492 -3.631443
v 0.285067 4.542547 -3.585505
v 0.393953 4.580492 -3.631443
v 0.389403 5.444245 -2.739236
v 0.324997 5.458559 -3.056300
v 0.391565 5.493293 -3.039585
v 0.251454 5.372265 -2.773872
v 0.325092 5.388843 -3.088809
v 0.251650 5.227794 -2.841241
v 0.391755 5.353860 -3.104604
v 0.389796 5.155301 -2.873974
v 0.389796 5.155301 -2.873974
v 0.458323 5.388595 -3.087890
v 0.391755 5.353860 -3.104604
v 0.527745 5.227282 -2.839337
v 0.458228 5.458311 -3.055381
v 0.527549 5.371753 -2.771968
v 0.391565 5.493293 -3.039585
v 0.389403 5.444245 -2.739236
v 0.393464 5.532004 -3.304610
v 0.284616 5.486530 -3.266005
v 0.344918 5.417991 -3.297499
v 0.332383 5.357099 -3.225549
v 0.257188 5.442566 -3.186277
v 0.343637 5.341050 -3.132502
v 0.283335 5.409588 -3.101009
v 0.391411 5.408599 -3.039977
v 0.440205 5.340871 -3.131836
v 0.391411 5.408599 -3.039977
v 0.452801 5.356875 -3.224719
v 0.441485 5.417811 -3.296833
v 0.393464 5.532004 -3.304610
v 0.500320 5.409186 -3.099513
v 0.391411 5.408599 -3.039977
v 0.527764 5.442064 -3.184412
v 0.501601 5.486128 -3.264509
v 0.393464 5.532004 -3.304610
v 0.478716 5.494553 -3.059872
v 0.391411 5.408599 -3.039977
v 0.500823 5.548517 -3.134980
v 0.479997 5.571494 -3.224869
v 0.393464 5.532004 -3.304610
v 0.391660 5.532690 -3.042764
v 0.391411 5.408599 -3.039977
v 0.392266 5.596070 -3.113646
v 0.392941 5.609631 -3.207761
v 0.393464 5.532004 -3.304610
v 0.304707 5.494876 -3.061072
v 0.391411 5.408599 -3.039977
v 0.283838 5.548918 -3.136477
v 0.283335 5.409588 -3.101009
v 0.391411 5.408599 -3.039977
v 0.257188 5.442566 -3.186277
v 0.305988 5.571817 -3.226069
v 0.393464 5.532004 -3.304610
v 0.284616 5.486530 -3.266005
v 0.393464 5.532004 -3.304610
v 0.387426 6.122937 -2.269907
v 0.323191 6.218964 -2.572916
v 0.389575 6.248252 -2.547778
v 0.249619 6.062136 -2.322092
v 0.323422 6.160141 -2.622274
v 0.250099 5.940023 -2.424556
v 0.390037 6.130605 -2.646495
v 0.388386 5.878710 -2.474837
v 0.388386 5.878710 -2.474837
v 0.456421 6.159894 -2.621357
v 0.390037 6.130605 -2.646495
v 0.526194 5.939511 -2.422652
v 0.456190 6.218717 -2.571999
v 0.525714 6.061624 -2.320188
v 0.389575 6.248252 -2.547778
v 0.387426 6.122937 -2.269907
v 0.391464 6.354037 -2.793302
v 0.282690 6.299935 -2.767860
v 0.343126 6.241986 -2.815975
v 0.330686 6.164526 -2.762244
v 0.255324 6.236787 -2.702246
v 0.341948 6.124960 -2.676515
v 0.281511 6.182910 -2.628400
v 0.389573 6.166344 -2.569625
v 0.438515 6.124781 -2.675849
v 0.389573 6.166344 -2.569625
v 0.451104 6.164302 -2.761414
v 0.439694 6.241807 -2.815309
v 0.391464 6.354037 -2.793302
v 0.498497 6.182508 -2.626903
v 0.389573 6.166344 -2.569625
v 0.525900 6.236285 -2.700380
v 0.499675 6.299532 -2.766363
v 0.391464 6.354037 -2.793302
v 0.476725 6.254669 -2.566534
v 0.389573 6.166344 -2.569625
v 0.498751 6.326269 -2.625100
v 0.477903 6.371694 -2.705994
v 0.391464 6.354037 -2.793302
v 0.389594 6.286928 -2.540201
v 0.389573 6.166344 -2.569625
v 0.390101 6.366496 -2.592265
v 0.390773 6.403954 -2.679661
v 0.391464 6.354037 -2.793302
v 0.302716 6.254992 -2.567734
v 0.389573 6.166344 -2.569625
v 0.281766 6.326672 -2.626597
v 0.281511 6.182910 -2.628400
v 0.389573 6.166344 -2.569625
v 0.255324 6.236787 -2.702246
v 0.303895 6.372017 -2.707194
v 0.391464 6.354037 -2.793302
v 0.282690 6.299935 -2.767860
v 0.391464 6.354037 -2.793302
v -2.980242 0.005489 3.135399
v -3.030832 1.333236 3.392842
v -3.033295 0.005584 3.392825
v -2.977778 1.333141 3.135416
v -2.832715 0.005218 2.917871
v -2.830251 1.332870 2.917888
v -2.613172 0.004813 2.773357
v -2.610709 1.332465 2.773374
v -2.355039 0.004335 2.723859
v -2.352576 1.331986 2.723876
v -2.097614 0.003856 2.776912
v -2.095150 1.331508 2.776929
v -1.880085 0.003451 2.924439
v -1.877622 1.331102 2.924456
v -1.735572 0.003180 3.143981
v -1.733108 1.330832 3.143998
v -1.686073 0.003085 3.402115
v -1.683610 1.330736 3.402132
v -3.033295 0.005584 3.392825
v -3.030832 1.333236 3.392842
v -2.981333 1.333141 3.650977
v -2.983797 0.005489 3.650960
v -2.836820 1.332870 3.870518
v -2.839283 0.005218 3.870502
v -2.619292 1.332465 4.018046
v -2.621755 0.004813 4.018029
v -2.361866 1.331986 4.071099
v -2.364329 0.004335 4.071082
v -2.103733 1.331508 4.021601
v -2.106196 0.003856 4.021584
v -1.884191 1.331102 3.877087
v -1.886654 0.003451 3.877070
v -1.736663 1.330832 3.659559
v -1.739127 0.003180 3.659542
v -1.683610 1.330736 3.402132
v -1.686073 0.003085 3.402115
v -2.610709 1.332465 2.773374
v -2.352576 1.331986 2.723876
v -2.095150 1.331508 2.776929
v -1.877622 1.331102 2.924456
v -2.830251 1.332870 2.917888
v -1.733108 1.330832 3.143998
v -2.977778 1.333141 3.135416
v -3.030832 1.333236 3.392842
v -1.683610 1.330736 3.402132
v -2.981333 1.333141 3.650977
v -1.736663 1.330832 3.659559
v -2.836820 1.332870 3.870518
v -1.884191 1.331102 3.877087
v -2.619292 1.332465 4.018046
v -2.103733 1.331508 4.021601
v -2.361866 1.331986 4.071099
v -2.501647 1.310064 3.396291
v -2.455113 3.228199 3.294553
v -2.498088 3.228277 3.396315
v -2.458672 1.309986 3.294528
v -2.352769 3.228009 3.252985
v -2.356328 1.309796 3.252960
v -2.251008 3.227820 3.295960
v -2.254567 1.309607 3.295936
v -2.209440 3.227741 3.398305
v -2.212998 1.309529 3.398281
v -2.252415 3.227820 3.500066
v -2.255974 1.309607 3.500041
v -2.354759 3.228009 3.541635
v -2.358318 1.309796 3.541610
v -2.456520 3.228199 3.498659
v -2.460079 1.309986 3.498634
v -2.498088 3.228277 3.396315
v -2.501647 1.310064 3.396291
v -2.351984 3.227257 3.147974
v -2.624588 3.386624 3.079986
v -2.603241 3.227720 3.395791
v -2.785577 3.410737 3.394534
v -2.783393 3.660279 3.145000
v -2.851977 3.660403 3.394076
v -2.599459 3.659940 2.963585
v -2.350385 3.409935 2.965302
v -2.349461 3.659477 2.898442
v -2.351984 3.227257 3.147974
v -2.100386 3.659014 2.967026
v -2.077879 3.385609 3.083756
v -1.918971 3.658675 3.150960
v -2.104168 3.226794 3.399232
v -1.921155 3.409133 3.400494
v -1.853829 3.658551 3.400958
v -1.922413 3.658675 3.650035
v -2.082232 3.385609 3.715042
v -2.355425 3.227257 3.647050
v -2.106346 3.659014 3.831449
v -2.356346 3.409935 3.829726
v -2.356344 3.659477 3.896592
v -2.605419 3.659940 3.828008
v -2.628941 3.386624 3.711272
v -2.786834 3.660279 3.644075
v -2.785577 3.410737 3.394534
v -2.851977 3.660403 3.394076
v -2.603241 3.227720 3.395791
v -2.355425 3.227257 3.647050
v -2.783393 3.660279 3.145000
v -2.784651 3.909823 3.394540
v -2.851977 3.660403 3.394076
v -2.623573 3.933346 3.079993
v -2.599459 3.659940 2.963585
v -2.349459 3.909021 2.965309
v -2.349461 3.659477 2.898442
v -2.100386 3.659014 2.967026
v -2.076865 3.932332 3.083763
v -1.918971 3.658675 3.150960
v -2.350380 4.091698 3.147985
v -1.920229 3.908219 3.400501
v -1.853829 3.658551 3.400958
v -1.922413 3.658675 3.650035
v -2.102564 4.091235 3.399243
v -2.081218 3.932332 3.715049
v -2.106346 3.659014 3.831449
v -2.601637 4.092161 3.395802
v -2.351977 4.158563 3.397523
v -2.353822 4.091698 3.647061
v -2.355420 3.909021 3.829732
v -2.356344 3.659477 3.896592
v -2.605419 3.659940 3.828008
v -2.627926 3.933346 3.711279
v -2.786834 3.660279 3.644075
v -2.851977 3.660403 3.394076
v -2.936720 0.005489 -3.176277
v -2.986219 0.005584 -3.434410
v -2.983756 1.333236 -3.434393
v -2.934257 1.333141 -3.176260
v -2.792207 0.005218 -2.956735
v -2.789744 1.332870 -2.956718
v -2.574678 0.004813 -2.809208
v -2.572215 1.332465 -2.809191
v -2.317253 0.004335 -2.756155
v -2.314789 1.331986 -2.756138
v -2.059120 0.003856 -2.805652
v -2.056656 1.331508 -2.805635
v -1.839578 0.003451 -2.950166
v -1.837114 1.331102 -2.950150
v -1.692050 0.003180 -3.167694
v -1.689587 1.330832 -3.167677
v -1.638997 0.003085 -3.425121
v -1.636534 1.330736 -3.425104
v -2.986219 0.005584 -3.434410
v -2.930702 1.333141 -3.691821
v -2.983756 1.333236 -3.434393
v -2.933165 0.005489 -3.691838
v -2.783175 1.332870 -3.909348
v -2.785638 0.005218 -3.909365
v -2.563633 1.332465 -4.053862
v -2.566096 0.004813 -4.053879
v -2.305500 1.331986 -4.103360
v -2.307963 0.004335 -4.103377
v -2.048074 1.331508 -4.050307
v -2.050537 0.003856 -4.050324
v -1.830546 1.331102 -3.902780
v -1.833009 0.003451 -3.902797
v -1.686032 1.330832 -3.683238
v -1.688495 0.003180 -3.683255
v -1.636534 1.330736 -3.425104
v -1.638997 0.003085 -3.425121
v -2.056656 1.331508 -2.805635
v -2.314789 1.331986 -2.756138
v -2.572215 1.332465 -2.809191
v -1.837114 1.331102 -2.950150
v -2.789744 1.332870 -2.956718
v -1.689587 1.330832 -3.167677
v -2.934257 1.333141 -3.176260
v -1.636534 1.330736 -3.425104
v -2.983756 1.333236 -3.434393
v -1.686032 1.330832 -3.683238
v -2.930702 1.333141 -3.691821
v -2.783175 1.332870 -3.909348
v -1.830546 1.331102 -3.902780
v -2.563633 1.332465 -4.053862
v -2.048074 1.331508 -4.050307
v -2.305500 1.331986 -4.103360
v -2.454574 1.310064 -3.430543
v -2.451015 3.228277 -3.430519
v -2.409446 3.228199 -3.328174
v -2.413005 1.309986 -3.328198
v -2.307686 3.228009 -3.285198
v -2.311244 1.309796 -3.285223
v -2.205342 3.227820 -3.326766
v -2.208901 1.309607 -3.326791
v -2.162366 3.227741 -3.428528
v -2.165925 1.309529 -3.428553
v -2.203934 3.227820 -3.530873
v -2.207493 1.309607 -3.530897
v -2.305695 3.228009 -3.573848
v -2.309254 1.309796 -3.573873
v -2.408039 3.228199 -3.532280
v -2.411598 1.309986 -3.532305
v -2.451015 3.228277 -3.430519
v -2.454574 1.310064 -3.430543
v -2.308349 3.227257 -3.180187
v -2.556165 3.227720 -3.431445
v -2.581864 3.386624 -3.115965
v -2.738501 3.410737 -3.432702
v -2.739758 3.660279 -3.183162
v -2.804901 3.660403 -3.433160
v -2.558343 3.659940 -2.999228
v -2.309270 3.409935 -2.997510
v -2.309268 3.659477 -2.930643
v -2.308349 3.227257 -3.180187
v -2.059270 3.659014 -2.995786
v -2.035156 3.385609 -3.112195
v -1.875336 3.658675 -3.177201
v -2.057092 3.226794 -3.428003
v -1.874078 3.409133 -3.426741
v -1.806752 3.658551 -3.426277
v -1.871895 3.658675 -3.676276
v -2.030803 3.385609 -3.743481
v -2.304908 3.227257 -3.679262
v -2.053310 3.659014 -3.860209
v -2.303309 3.409935 -3.861933
v -2.302385 3.659477 -3.928794
v -2.552383 3.659940 -3.863651
v -2.577511 3.386624 -3.747251
v -2.736317 3.660279 -3.682237
v -2.738501 3.410737 -3.432702
v -2.804901 3.660403 -3.433160
v -2.556165 3.227720 -3.431445
v -2.304908 3.227257 -3.679262
v -2.739758 3.660279 -3.183162
v -2.804901 3.660403 -3.433160
v -2.737575 3.909823 -3.432695
v -2.580850 3.933346 -3.115957
v -2.558343 3.659940 -2.999228
v -2.308344 3.909021 -2.997504
v -2.309268 3.659477 -2.930643
v -2.059270 3.659014 -2.995786
v -2.034142 3.932332 -3.112188
v -1.875336 3.658675 -3.177201
v -2.306745 4.091698 -3.180176
v -1.873152 3.908219 -3.426735
v -1.806752 3.658551 -3.426277
v -1.871895 3.658675 -3.676276
v -2.055488 4.091235 -3.427992
v -2.029789 3.932332 -3.743474
v -2.053310 3.659014 -3.860209
v -2.554561 4.092161 -3.431434
v -2.304901 4.158563 -3.429712
v -2.303304 4.091698 -3.679251
v -2.302383 3.909021 -3.861927
v -2.302385 3.659477 -3.928794
v -2.552383 3.659940 -3.863651
v -2.576497 3.933346 -3.747243
v -2.736317 3.660279 -3.682237
v -2.804901 3.660403 -3.433160
v -3.046447 4.382268 -0.020961
v -2.731477 4.466040 -0.018789
v -2.733464 4.474347 -0.050884
v -3.048436 4.390575 -0.053056
v -2.739338 4.497042 -0.074409
v -3.054309 4.413270 -0.076581
v -2.747524 4.528044 -0.083061
v -3.062495 4.444273 -0.085233
v -2.755828 4.559048 -0.074523
v -3.070800 4.475276 -0.076695
v -2.762028 4.581743 -0.051080
v -3.076998 4.497970 -0.053252
v -2.764457 4.590050 -0.019016
v -3.079429 4.506278 -0.021188
v -2.762470 4.581743 0.013078
v -3.077440 4.497970 0.010906
v -2.756595 4.559048 0.036604
v -3.071566 4.475276 0.034432
v -2.748409 4.528046 0.045256
v -3.063380 4.444273 0.043084
v -2.740105 4.497042 0.036717
v -3.055076 4.413270 0.034545
v -2.733907 4.474347 0.013275
v -3.048878 4.390575 0.011103
v -2.731477 4.466040 -0.018789
v -3.046447 4.382268 -0.020961
v -2.733464 4.474347 -0.050884
v -2.731477 4.466040 -0.018789
v -2.733907 4.474347 0.013275
v -2.739338 4.497042 -0.074409
v -2.740105 4.497042 0.036717
v -2.747524 4.528044 -0.083061
v -2.748409 4.528046 0.045256
v -2.755828 4.559048 -0.074523
v -2.756595 4.559048 0.036604
v -2.762028 4.581743 -0.051080
v -2.762470 4.581743 0.013078
v -2.764457 4.590050 -0.019016
v 1.299306 1.110328 1.701031
v 1.494886 1.109968 1.425772
v 1.821646 1.109363 1.340627
v 2.126688 1.108795 1.485440
v 1.326417 1.110273 2.037615
v 2.262522 1.108541 1.691240
v 1.462251 1.110018 2.243415
v 1.462251 1.110018 2.243415
v 1.462072 1.013666 2.243414
v 1.326238 1.013921 2.037614
v 1.326417 1.110273 2.037615
v 1.299127 1.013975 1.701030
v 1.299306 1.110328 1.701031
v 1.494707 1.013615 1.425771
v 1.494886 1.109968 1.425772
v 1.821467 1.013010 1.340626
v 1.821646 1.109363 1.340627
v 2.126509 1.012442 1.485439
v 2.126688 1.108795 1.485440
v 2.262343 1.012188 1.691239
v 2.262522 1.108541 1.691240
v 0.375989 1.116057 -0.825252
v 0.125760 1.116521 -0.771584
v -0.117779 1.116973 -0.850222
v 0.565861 1.115707 -0.996844
v -0.289370 1.117294 -1.040094
v 0.644499 1.115564 -1.240383
v -0.343038 1.117397 -1.290324
v 0.590832 1.115667 -1.490613
v 0.508818 1.115833 -2.566066
v -0.678036 1.118032 -2.311519
v -0.289370 1.117294 -1.040094
v -0.343161 1.050713 -1.290325
v -0.343038 1.117397 -1.290324
v -0.289494 1.050610 -1.040095
v -0.117779 1.116973 -0.850222
v -0.117902 1.050290 -0.850223
v 0.125760 1.116521 -0.771584
v 0.125636 1.049837 -0.771585
v 0.375989 1.116057 -0.825252
v 0.125636 1.049837 -0.771585
v 0.125760 1.116521 -0.771584
v 0.375866 1.049373 -0.825252
v 0.565861 1.115707 -0.996844
v 0.565737 1.049023 -0.996844
v 0.644499 1.115564 -1.240383
v 0.644375 1.048880 -1.240383
v 0.590832 1.115667 -1.490613
v 0.590708 1.048983 -1.490613
v -0.343038 1.117397 -1.290324
v -0.343161 1.050713 -1.290325
v -0.678160 1.051348 -2.311520
v -0.678036 1.118032 -2.311519
v 0.508818 1.115833 -2.566066
v 0.508695 1.049149 -2.566067
v 0.590708 1.048983 -1.490613
v 0.590832 1.115667 -1.490613
v 0.867466 2.522681 4.347132
v 1.137496 2.368322 4.181643
v 1.135564 2.147595 4.402362
v 0.865535 2.301955 4.567852
v 0.333975 2.302941 4.564185
v 0.335906 2.523667 4.343467
v 0.864550 1.771024 4.567845
v 0.332990 1.772010 4.564180
v 0.333975 2.302941 4.564185
v 0.865535 2.301955 4.567852
v 1.135564 2.147595 4.402362
v 1.134865 1.770524 4.402358
v 0.862506 0.669415 4.567832
v 1.132821 0.668916 4.402345
v 1.131581 0.000873 4.402337
v 0.861266 0.001373 4.567824
v 0.329706 0.002359 4.564159
v 0.330946 0.670401 4.564167
v 0.843738 0.669451 4.503695
v 0.331387 0.670401 4.500161
v 0.333431 1.772010 4.500176
v 0.845778 1.771059 4.503709
v 0.873220 0.001373 2.834226
v 1.141227 0.000873 3.003424
v 1.145210 2.147595 3.003450
v 0.877489 2.301955 2.834254
v 0.345929 2.302941 2.830588
v 0.341660 0.002359 2.830561
v 0.845778 1.771059 4.503709
v 1.071473 1.770642 4.364720
v 1.069433 0.669034 4.364701
v 0.843738 0.669451 4.503695
v 1.076039 1.770642 3.702462
v 1.073995 0.669034 3.702450
v 1.069433 0.669034 4.364701
v 1.071473 1.770642 4.364720
v 1.132821 0.668916 4.402345
v 1.073995 0.669034 3.702450
v 1.137644 0.668916 3.702889
v 1.069433 0.669034 4.364701
v 0.862506 0.669415 4.567832
v 0.843738 0.669451 4.503695
v 0.330946 0.670401 4.564167
v 0.331387 0.670401 4.500161
v 1.137644 0.668916 3.702889
v 1.073995 0.669034 3.702450
v 1.076039 1.770642 3.702462
v 1.139688 1.770524 3.702901
v 1.139688 1.770524 3.702901
v 1.076039 1.770642 3.702462
v 1.071473 1.770642 4.364720
v 1.134865 1.770524 4.402358
v 0.845778 1.771059 4.503709
v 0.864550 1.771024 4.567845
v 0.333431 1.772010 4.500176
v 0.332990 1.772010 4.564180
v 0.344816 2.523667 3.051311
v 0.345929 2.302941 2.830588
v 0.877489 2.301955 2.834254
v 0.876376 2.522681 3.054977
v 1.145210 2.147595 3.003450
v 1.144098 2.368322 3.224173
v 1.132821 0.668916 4.402345
v 1.141227 0.000873 3.003424
v 1.131581 0.000873 4.402337
v 1.137644 0.668916 3.702889
v 1.139688 1.770524 3.702901
v 1.145210 2.147595 3.003450
v 1.134865 1.770524 4.402358
v 1.135564 2.147595 4.402362
v 1.144098 2.368322 3.224173
v 1.137496 2.368322 4.181643
v 0.867466 2.522681 4.347132
v 1.144098 2.368322 3.224173
v 1.137496 2.368322 4.181643
v 0.876376 2.522681 3.054977
v 0.344816 2.523667 3.051311
v 0.335906 2.523667 4.343467
v -0.195654 2.524653 4.339802
v -0.465878 2.150567 4.391320
v -0.463946 2.371294 4.170601
v -0.197585 2.303927 4.560521
v 0.333975 2.302941 4.564185
v 0.335906 2.523667 4.343467
v -0.198570 1.772996 4.560514
v 0.333975 2.302941 4.564185
v 0.332990 1.772010 4.564180
v -0.197585 2.303927 4.560521
v -0.465878 2.150567 4.391320
v -0.466577 1.773496 4.391315
v -0.200614 0.671387 4.560501
v -0.469861 0.003844 4.391295
v -0.468621 0.671887 4.391303
v -0.201854 0.003345 4.560493
v 0.329706 0.002359 4.564159
v 0.330946 0.670401 4.564167
v -0.180963 0.671352 4.496629
v -0.178916 1.772960 4.496644
v 0.333431 1.772010 4.500176
v 0.331387 0.670401 4.500161
v -0.189900 0.003345 2.826896
v -0.456232 2.150567 2.992407
v -0.460215 0.003844 2.992382
v -0.185631 2.303927 2.826923
v 0.345929 2.302941 2.830588
v 0.341660 0.002359 2.830561
v -0.178916 1.772960 4.496644
v -0.180963 0.671352 4.496629
v -0.404721 0.671769 4.354536
v -0.402673 1.773377 4.354555
v -0.398106 1.773377 3.692298
v -0.402673 1.773377 4.354555
v -0.404721 0.671769 4.354536
v -0.400150 0.671769 3.692286
v -0.468621 0.671887 4.391303
v -0.463798 0.671887 3.691847
v -0.400150 0.671769 3.692286
v -0.404721 0.671769 4.354536
v -0.200614 0.671387 4.560501
v -0.180963 0.671352 4.496629
v 0.330946 0.670401 4.564167
v 0.331387 0.670401 4.500161
v -0.463798 0.671887 3.691847
v -0.461754 1.773496 3.691859
v -0.398106 1.773377 3.692298
v -0.400150 0.671769 3.692286
v -0.461754 1.773496 3.691859
v -0.402673 1.773377 4.354555
v -0.398106 1.773377 3.692298
v -0.466577 1.773496 4.391315
v -0.178916 1.772960 4.496644
v -0.198570 1.772996 4.560514
v 0.333431 1.772010 4.500176
v 0.332990 1.772010 4.564180
v 0.344816 2.523667 3.051311
v -0.185631 2.303927 2.826923
v 0.345929 2.302941 2.830588
v -0.186744 2.524653 3.047647
v -0.456232 2.150567 2.992407
v -0.457344 2.371294 3.213131
v -0.468621 0.671887 4.391303
v -0.469861 0.003844 4.391295
v -0.460215 0.003844 2.992382
v -0.463798 0.671887 3.691847
v -0.461754 1.773496 3.691859
v -0.456232 2.150567 2.992407
v -0.466577 1.773496 4.391315
v -0.465878 2.150567 4.391320
v -0.457344 2.371294 3.213131
v -0.463946 2.371294 4.170601
v -0.195654 2.524653 4.339802
v -0.463946 2.371294 4.170601
v -0.457344 2.371294 3.213131
v -0.186744 2.524653 3.047647
v 0.344816 2.523667 3.051311
v 0.335906 2.523667 4.343467
v 0.927332 2.522681 -4.334835
v 1.196166 2.147595 -4.386363
v 1.195053 2.368322 -4.165638
v 0.928444 2.301955 -4.555558
v 0.396884 2.302941 -4.559223
v 0.395772 2.523667 -4.338499
v 0.927459 1.771024 -4.555566
v 0.396884 2.302941 -4.559223
v 0.395899 1.772010 -4.559231
v 0.928444 2.301955 -4.555558
v 1.196166 2.147595 -4.386363
v 1.195466 1.770524 -4.386367
v 0.925415 0.669415 -4.555581
v 1.192183 0.000873 -4.386392
v 1.193422 0.668916 -4.386383
v 0.924176 0.001373 -4.555591
v 0.392616 0.002359 -4.559256
v 0.393855 0.670401 -4.559246
v 0.905765 0.669451 -4.491710
v 0.907805 1.771059 -4.491696
v 0.395458 1.772010 -4.495228
v 0.393414 0.670401 -4.495241
v 0.912222 0.001373 -2.821993
v 1.186520 2.147595 -2.987451
v 1.182537 0.000873 -2.987479
v 0.916490 2.301955 -2.821962
v 0.384930 2.302941 -2.825626
v 0.380662 0.002359 -2.825659
v 0.907805 1.771059 -4.491696
v 0.905765 0.669451 -4.491710
v 1.129521 0.669034 -4.349617
v 1.131561 1.770642 -4.349607
v 1.126995 1.770642 -3.687351
v 1.131561 1.770642 -4.349607
v 1.129521 0.669034 -4.349617
v 1.124951 0.669034 -3.687366
v 1.193422 0.668916 -4.386383
v 1.188599 0.668916 -3.686927
v 1.124951 0.669034 -3.687366
v 1.129521 0.669034 -4.349617
v 0.925415 0.669415 -4.555581
v 0.905765 0.669451 -4.491710
v 0.393855 0.670401 -4.559246
v 0.393414 0.670401 -4.495241
v 1.188599 0.668916 -3.686927
v 1.190643 1.770524 -3.686912
v 1.126995 1.770642 -3.687351
v 1.124951 0.669034 -3.687366
v 1.190643 1.770524 -3.686912
v 1.131561 1.770642 -4.349607
v 1.126995 1.770642 -3.687351
v 1.195466 1.770524 -4.386367
v 0.907805 1.771059 -4.491696
v 0.927459 1.771024 -4.555566
v 0.395458 1.772010 -4.495228
v 0.395899 1.772010 -4.559231
v 0.386862 2.523667 -3.046344
v 0.916490 2.301955 -2.821962
v 0.384930 2.302941 -2.825626
v 0.918422 2.522681 -3.042680
v 1.186520 2.147595 -2.987451
v 1.188451 2.368322 -3.208169
v 1.193422 0.668916 -4.386383
v 1.192183 0.000873 -4.386392
v 1.182537 0.000873 -2.987479
v 1.188599 0.668916 -3.686927
v 1.190643 1.770524 -3.686912
v 1.186520 2.147595 -2.987451
v 1.195466 1.770524 -4.386367
v 1.196166 2.147595 -4.386363
v 1.188451 2.368322 -3.208169
v 1.195053 2.368322 -4.165638
v 0.927332 2.522681 -4.334835
v 1.195053 2.368322 -4.165638
v 1.188451 2.368322 -3.208169
v 0.918422 2.522681 -3.042680
v 0.386862 2.523667 -3.046344
v 0.395772 2.523667 -4.338499
v -0.135788 2.524653 -4.342165
v -0.406389 2.371294 -4.176680
v -0.405276 2.150567 -4.397405
v -0.134676 2.303927 -4.562889
v 0.396884 2.302941 -4.559223
v 0.395772 2.523667 -4.338499
v -0.135661 1.772996 -4.562896
v 0.395899 1.772010 -4.559231
v 0.396884 2.302941 -4.559223
v -0.134676 2.303927 -4.562889
v -0.405276 2.150567 -4.397405
v -0.405976 1.773496 -4.397409
v -0.137705 0.671387 -4.562912
v -0.408020 0.671887 -4.397425
v -0.409259 0.003844 -4.397434
v -0.138944 0.003345 -4.562921
v 0.392616 0.002359 -4.559256
v 0.393855 0.670401 -4.559246
v -0.118937 0.671352 -4.498775
v 0.393414 0.670401 -4.495241
v 0.395458 1.772010 -4.495228
v -0.116889 1.772960 -4.498762
v -0.150898 0.003345 -2.829324
v -0.418905 0.003844 -2.998522
v -0.414922 2.150567 -2.998493
v -0.146630 2.303927 -2.829292
v 0.384930 2.302941 -2.825626
v 0.380662 0.002359 -2.825659
v -0.116889 1.772960 -4.498762
v -0.342584 1.773377 -4.359772
v -0.344632 0.671769 -4.359781
v -0.118937 0.671352 -4.498775
v -0.347151 1.773377 -3.697515
v -0.349195 0.671769 -3.697531
v -0.344632 0.671769 -4.359781
v -0.342584 1.773377 -4.359772
v -0.408020 0.671887 -4.397425
v -0.349195 0.671769 -3.697531
v -0.412843 0.671887 -3.697969
v -0.344632 0.671769 -4.359781
v -0.137705 0.671387 -4.562912
v -0.118937 0.671352 -4.498775
v 0.393855 0.670401 -4.559246
v 0.393414 0.670401 -4.495241
v -0.412843 0.671887 -3.697969
v -0.349195 0.671769 -3.697531
v -0.347151 1.773377 -3.697515
v -0.410799 1.773496 -3.697954
v -0.410799 1.773496 -3.697954
v -0.347151 1.773377 -3.697515
v -0.342584 1.773377 -4.359772
v -0.405976 1.773496 -4.397409
v -0.116889 1.772960 -4.498762
v -0.135661 1.772996 -4.562896
v 0.395458 1.772010 -4.495228
v 0.395899 1.772010 -4.559231
v 0.386862 2.523667 -3.046344
v 0.384930 2.302941 -2.825626
v -0.146630 2.303927 -2.829292
v -0.144698 2.524653 -3.050010
v -0.414922 2.150567 -2.998493
v -0.412991 2.371294 -3.219211
v -0.408020 0.671887 -4.397425
v -0.418905 0.003844 -2.998522
v -0.409259 0.003844 -4.397434
v -0.412843 0.671887 -3.697969
v -0.410799 1.773496 -3.697954
v -0.414922 2.150567 -2.998493
v -0.405976 1.773496 -4.397409
v -0.405276 2.150567 -4.397405
v -0.412991 2.371294 -3.219211
v -0.406389 2.371294 -4.176680
v -0.135788 2.524653 -4.342165
v -0.412991 2.371294 -3.219211
v -0.406389 2.371294 -4.176680
v -0.144698 2.524653 -3.050010
v 0.386862 2.523667 -3.046344
v 0.395772 2.523667 -4.338499
v -3.572833 0.006856 0.513944
v -3.193089 0.599845 0.516562
v -2.363275 0.004609 0.522284
v -2.993758 1.122706 0.517937
v -2.360087 1.722890 0.522306
v -2.826761 1.723758 0.519089
v -2.995291 1.923541 -0.020693
v -2.825976 1.954095 0.467035
v -2.997206 1.942062 0.262154
v -2.356004 1.922353 -0.016285
v -2.359302 1.953227 0.470252
v -2.863472 2.099180 0.982727
v -2.431259 2.098375 0.985708
v -2.510578 2.321138 1.462671
v -2.921621 2.321904 1.459836
v -2.363275 0.004609 0.522284
v -2.360087 1.722890 0.522306
v -2.359561 0.004609 -0.016309
v -2.356004 1.922353 -0.016285
v -2.359302 1.953227 0.470252
v -2.432292 1.886279 1.078344
v -2.431259 2.098375 0.985708
v -2.511256 2.204913 1.529771
v -2.510578 2.321138 1.462671
v -2.917882 2.205671 1.526966
v -2.921621 2.321904 1.459836
v -2.510578 2.321138 1.462671
v -2.511256 2.204913 1.529771
v -3.361989 0.600165 -0.023221
v -3.743982 0.007176 0.300543
v -3.741733 0.007176 -0.025840
v -3.364239 0.600165 0.303161
v -3.572833 0.006856 0.513944
v -3.162658 1.123026 -0.021847
v -3.193089 0.599845 0.516562
v -3.164909 1.123026 0.304536
v -2.993758 1.122706 0.517937
v -2.995660 1.724079 -0.020695
v -2.997910 1.724079 0.305687
v -2.826761 1.723758 0.519089
v -2.825976 1.954095 0.467035
v -2.997206 1.942062 0.262154
v -2.995291 1.923541 -0.020693
v -2.360087 1.722890 0.522306
v -2.826761 1.723758 0.519089
v -2.872762 1.887098 1.075305
v -2.432292 1.886279 1.078344
v -2.917882 2.205671 1.526966
v -2.511256 2.204913 1.529771
v -2.826761 1.723758 0.519089
v -2.825976 1.954095 0.467035
v -2.863472 2.099180 0.982727
v -2.872762 1.887098 1.075305
v -2.921621 2.321904 1.459836
v -2.917882 2.205671 1.526966
v -3.565405 0.006856 -0.563243
v -2.355847 0.004609 -0.554902
v -3.185662 0.599845 -0.560624
v -2.986331 1.122706 -0.559250
v -2.352659 1.722890 -0.554880
v -2.819334 1.723758 -0.558099
v -2.995291 1.923541 -0.020693
v -2.993305 1.942062 -0.303539
v -2.819266 1.954095 -0.506039
v -2.356004 1.922353 -0.016285
v -2.352592 1.953227 -0.502820
v -2.849648 2.099180 -1.022199
v -2.417434 2.098375 -1.019220
v -2.490168 2.321138 -1.497231
v -2.901212 2.321904 -1.500065
v -2.355847 0.004609 -0.554902
v -2.359561 0.004609 -0.016309
v -2.352659 1.722890 -0.554880
v -2.356004 1.922353 -0.016285
v -2.352592 1.953227 -0.502820
v -2.417189 1.886279 -1.111861
v -2.417434 2.098375 -1.019220
v -2.489921 2.204913 -1.564334
v -2.490168 2.321138 -1.497231
v -2.896547 2.205671 -1.567137
v -2.489921 2.204913 -1.564334
v -2.490168 2.321138 -1.497231
v -2.901212 2.321904 -1.500065
v -3.361989 0.600165 -0.023221
v -3.741733 0.007176 -0.025840
v -3.739481 0.007176 -0.352222
v -3.359737 0.600165 -0.349604
v -3.565405 0.006856 -0.563243
v -3.162658 1.123026 -0.021847
v -3.185662 0.599845 -0.560624
v -3.160408 1.123026 -0.348229
v -2.986331 1.122706 -0.559250
v -2.995660 1.724079 -0.020695
v -2.993409 1.724079 -0.347078
v -2.819334 1.723758 -0.558099
v -2.819266 1.954095 -0.506039
v -2.993305 1.942062 -0.303539
v -2.995291 1.923541 -0.020693
v -2.352659 1.722890 -0.554880
v -2.857660 1.887098 -1.114897
v -2.819334 1.723758 -0.558099
v -2.417189 1.886279 -1.111861
v -2.896547 2.205671 -1.567137
v -2.489921 2.204913 -1.564334
v -2.819334 1.723758 -0.558099
v -2.849648 2.099180 -1.022199
v -2.819266 1.954095 -0.506039
v -2.857660 1.887098 -1.114897
v -2.901212 2.321904 -1.500065
v -2.896547 2.205671 -1.567137
v 3.088136 -0.002719 1.701226
v 3.090934 1.504917 1.701245
v 3.529335 1.504104 1.704268
v 4.151043 -0.004692 1.708555
v 3.095119 1.504917 1.094242
v 3.092322 -0.002719 1.094223
v 4.155229 -0.004692 1.101552
v 3.533521 1.504104 1.097265
v 3.090934 1.504917 1.701245
v 3.088136 -0.002719 1.701226
v 3.092322 -0.002719 1.094223
v 3.095119 1.504917 1.094242
v 3.529335 1.504104 1.704268
v 3.090934 1.504917 1.701245
v 3.095119 1.504917 1.094242
v 3.533521 1.504104 1.097265
v 3.529335 1.504104 1.704268
v 3.533521 1.504104 1.097265
v 4.155229 -0.004692 1.101552
v 4.151043 -0.004692 1.708555
v 1.465302 0.000274 3.035840
v 1.468099 1.507911 3.035859
v 1.465076 1.507911 3.474262
v 1.457973 0.000274 4.098750
v 2.075102 1.506785 3.040045
v 2.072305 -0.000852 3.040025
v 2.064976 -0.000852 4.102933
v 2.072079 1.506785 3.478447
v 1.468099 1.507911 3.035859
v 1.465302 0.000274 3.035840
v 2.072305 -0.000852 3.040025
v 2.075102 1.506785 3.040045
v 1.465076 1.507911 3.474262
v 1.468099 1.507911 3.035859
v 2.075102 1.506785 3.040045
v 2.072079 1.506785 3.478447
v 1.465076 1.507911 3.474262
v 2.072079 1.506785 3.478447
v 2.064976 -0.000852 4.102933
v 1.457973 0.000274 4.098750
v -1.383939 0.005561 3.016193
v -1.381142 1.513198 3.016212
v -1.384165 1.513198 3.454615
v -1.391268 0.005561 4.079102
v -0.774140 1.512071 3.020398
v -0.776937 0.004435 3.020379
v -0.784266 0.004435 4.083286
v -0.777163 1.512071 3.458800
v -1.381142 1.513198 3.016212
v -1.383939 0.005561 3.016193
v -0.776937 0.004435 3.020379
v -0.774140 1.512071 3.020398
v -1.384165 1.513198 3.454615
v -1.381142 1.513198 3.016212
v -0.774140 1.512071 3.020398
v -0.777163 1.512071 3.458800
v -1.384165 1.513198 3.454615
v -0.777163 1.512071 3.458800
v -0.784266 0.004435 4.083286
v -1.391268 0.005561 4.079102
v -2.287018 0.007262 1.057131
v -2.284221 1.514898 1.057150
v -2.722622 1.515711 1.054127
v -3.349925 0.009234 1.049801
v -2.288406 1.514898 1.664154
v -2.291203 0.007262 1.664134
v -3.354110 0.009234 1.656804
v -2.726808 1.515711 1.661131
v -2.284221 1.514898 1.057150
v -2.287018 0.007262 1.057131
v -2.291203 0.007262 1.664134
v -2.288406 1.514898 1.664154
v -2.722622 1.515711 1.054127
v -2.284221 1.514898 1.057150
v -2.288406 1.514898 1.664154
v -2.726808 1.515711 1.661131
v -2.722622 1.515711 1.054127
v -2.726808 1.515711 1.661131
v -3.354110 0.009234 1.656804
v -3.349925 0.009234 1.049801
v 3.111303 -0.002719 -1.658556
v 4.174210 -0.004692 -1.651228
v 3.552502 1.504104 -1.655514
v 3.114100 1.504917 -1.658537
v 3.109915 1.504917 -1.051535
v 3.548317 1.504104 -1.048512
v 4.170024 -0.004692 -1.044225
v 3.107118 -0.002719 -1.051554
v 3.114100 1.504917 -1.658537
v 3.109915 1.504917 -1.051535
v 3.107118 -0.002719 -1.051554
v 3.111303 -0.002719 -1.658556
v 3.552502 1.504104 -1.655514
v 3.548317 1.504104 -1.048512
v 3.109915 1.504917 -1.051535
v 3.114100 1.504917 -1.658537
v 3.552502 1.504104 -1.655514
v 4.174210 -0.004692 -1.651228
v 4.170024 -0.004692 -1.044225
v 3.548317 1.504104 -1.048512
v 1.507028 0.000274 -3.015423
v 1.514357 0.000274 -4.078331
v 1.512848 1.507911 -3.453806
v 1.509825 1.507911 -3.015404
v 2.116827 1.506785 -3.011219
v 2.119850 1.506785 -3.449620
v 2.121360 -0.000852 -4.074146
v 2.114030 -0.000852 -3.011238
v 1.509825 1.507911 -3.015404
v 2.116827 1.506785 -3.011219
v 2.114030 -0.000852 -3.011238
v 1.507028 0.000274 -3.015423
v 1.512848 1.507911 -3.453806
v 2.119850 1.506785 -3.449620
v 2.116827 1.506785 -3.011219
v 1.509825 1.507911 -3.015404
v 1.512848 1.507911 -3.453806
v 1.514357 0.000274 -4.078331
v 2.121360 -0.000852 -4.074146
v 2.119850 1.506785 -3.449620
v -1.342214 0.005561 -3.035069
v -1.334884 0.005561 -4.097978
v -1.336393 1.513198 -3.473452
v -1.339416 1.513198 -3.035050
v -0.732414 1.512071 -3.030864
v -0.729391 1.512071 -3.469266
v -0.727882 0.004435 -4.093791
v -0.735211 0.004435 -3.030884
v -1.339416 1.513198 -3.035050
v -0.732414 1.512071 -3.030864
v -0.735211 0.004435 -3.030884
v -1.342214 0.005561 -3.035069
v -1.336393 1.513198 -3.473452
v -0.729391 1.512071 -3.469266
v -0.732414 1.512071 -3.030864
v -1.339416 1.513198 -3.035050
v -1.336393 1.513198 -3.473452
v -1.334884 0.005561 -4.097978
v -0.727882 0.004435 -4.093791
v -0.729391 1.512071 -3.469266
v -2.272222 0.007262 -1.088646
v -3.335129 0.009234 -1.095976
v -2.707827 1.515711 -1.091650
v -2.269425 1.514898 -1.088627
v -2.265239 1.514898 -1.695631
v -2.703641 1.515711 -1.698654
v -3.330943 0.009234 -1.702978
v -2.268036 0.007262 -1.695650
v -2.269425 1.514898 -1.088627
v -2.265239 1.514898 -1.695631
v -2.268036 0.007262 -1.695650
v -2.272222 0.007262 -1.088646
v -2.707827 1.515711 -1.091650
v -2.703641 1.515711 -1.698654
v -2.265239 1.514898 -1.695631
v -2.269425 1.514898 -1.088627
v -2.707827 1.515711 -1.091650
v -3.335129 0.009234 -1.095976
v -3.330943 0.009234 -1.702978
v -2.703641 1.515711 -1.698654
v 4.442534 0.180139 1.660515
v 4.443487 0.693718 1.660521
v 4.434769 0.687609 1.714926
v 4.433827 0.180155 1.714920
v 4.433827 0.180155 1.714920
v 4.434769 0.687609 1.714926
v 4.489174 0.687508 1.723632
v 4.488233 0.180054 1.723625
v 4.488233 0.180054 1.723625
v 4.489174 0.687508 1.723632
v 4.497892 0.693617 1.669227
v 4.496939 0.180038 1.669220
v 4.496939 0.180038 1.669220
v 4.497892 0.693617 1.669227
v 4.443487 0.693718 1.660521
v 4.442534 0.180139 1.660515
v 3.918983 0.724030 1.013397
v 3.919978 1.260046 1.013404
v 3.911246 1.245698 1.067809
v 3.910278 0.724045 1.067802
v 3.910278 0.724045 1.067802
v 3.911246 1.245698 1.067809
v 3.965571 1.202103 1.076514
v 3.964684 0.723944 1.076508
v 3.964684 0.723944 1.076508
v 3.965571 1.202103 1.076514
v 3.974303 1.216451 1.022109
v 3.973389 0.723929 1.022103
v 3.973389 0.723929 1.022103
v 3.974303 1.216451 1.022109
v 3.919978 1.260046 1.013404
v 3.918983 0.724030 1.013397
v 3.590685 0.982599 0.966706
v 3.591509 1.426785 0.966711
v 3.582804 1.426800 1.021117
v 3.581980 0.982615 1.021111
v 3.581980 0.982615 1.021111
v 3.582804 1.426800 1.021117
v 3.637194 1.418633 1.029823
v 3.636385 0.982514 1.029817
v 3.636385 0.982514 1.029817
v 3.637194 1.418633 1.029823
v 3.645899 1.418618 0.975417
v 3.645090 0.982498 0.975412
v 3.645090 0.982498 0.975412
v 3.645899 1.418618 0.975417
v 3.591509 1.426785 0.966711
v 3.590685 0.982599 0.966706
v 4.178245 0.461643 1.298636
v 4.179181 0.965906 1.298642
v 4.170446 0.950049 1.353047
v 4.169540 0.461659 1.353041
v 4.169540 0.461659 1.353041
v 4.170446 0.950049 1.353047
v 4.224781 0.912619 1.361753
v 4.223944 0.461558 1.361747
v 4.223944 0.461558 1.361747
v 4.224781 0.912619 1.361753
v 4.233517 0.928476 1.307348
v 4.232651 0.461542 1.307342
v 4.232651 0.461542 1.307342
v 4.233517 0.928476 1.307348
v 4.179181 0.965906 1.298642
v 4.178245 0.461643 1.298636
v 4.465011 0.180139 -1.599172
v 4.457056 0.180155 -1.653692
v 4.457997 0.687609 -1.653685
v 4.465963 0.693718 -1.599165
v 4.457056 0.180155 -1.653692
v 4.511575 0.180054 -1.661646
v 4.512517 0.687508 -1.661640
v 4.457997 0.687609 -1.653685
v 4.511575 0.180054 -1.661646
v 4.519531 0.180038 -1.607126
v 4.520483 0.693617 -1.607119
v 4.512517 0.687508 -1.661640
v 4.519531 0.180038 -1.607126
v 4.465011 0.180139 -1.599172
v 4.465963 0.693718 -1.599165
v 4.520483 0.693617 -1.607119
v 3.932586 0.724030 -0.959336
v 3.924632 0.724045 -1.013856
v 3.925600 1.245698 -1.013849
v 3.933581 1.260046 -0.959329
v 3.924632 0.724045 -1.013856
v 3.979152 0.723944 -1.021811
v 3.980039 1.202103 -1.021805
v 3.925600 1.245698 -1.013849
v 3.979152 0.723944 -1.021811
v 3.987106 0.723929 -0.967291
v 3.988020 1.216451 -0.967284
v 3.980039 1.202103 -1.021805
v 3.987106 0.723929 -0.967291
v 3.932586 0.724030 -0.959336
v 3.933581 1.260046 -0.959329
v 3.988020 1.216451 -0.967284
v 3.603675 0.982599 -0.917176
v 3.595721 0.982615 -0.971696
v 3.596545 1.426800 -0.971691
v 3.604499 1.426785 -0.917170
v 3.595721 0.982615 -0.971696
v 3.650241 0.982514 -0.979651
v 3.651050 1.418633 -0.979646
v 3.596545 1.426800 -0.971691
v 3.650241 0.982514 -0.979651
v 3.658195 0.982498 -0.925131
v 3.659004 1.418618 -0.925125
v 3.651050 1.418633 -0.979646
v 3.658195 0.982498 -0.925131
v 3.603675 0.982599 -0.917176
v 3.604499 1.426785 -0.917170
v 3.659004 1.418618 -0.925125
v 4.195757 0.461643 -1.240972
v 4.187802 0.461659 -1.295492
v 4.188709 0.950049 -1.295486
v 4.196692 0.965906 -1.240966
v 4.187802 0.461659 -1.295492
v 4.242322 0.461558 -1.303447
v 4.243159 0.912619 -1.303441
v 4.188709 0.950049 -1.295486
v 4.242322 0.461558 -1.303447
v 4.250277 0.461542 -1.248927
v 4.251143 0.928476 -1.248921
v 4.243159 0.912619 -1.303441
v 4.250277 0.461542 -1.248927
v 4.195757 0.461643 -1.240972
v 4.196692 0.965906 -1.240966
v 4.251143 0.928476 -1.248921
v -2.351984 3.227257 3.147974
v -2.603241 3.227720 3.395791
v -2.353829 3.160392 3.397511
v -2.104168 3.226794 3.399232
v -2.355425 3.227257 3.647050
v -2.308349 3.227257 -3.180187
v -2.306752 3.160392 -3.429725
v -2.556165 3.227720 -3.431445
v -2.057092 3.226794 -3.428003
v -2.304908 3.227257 -3.679262
v -3.159289 4.413688 -2.705175
v -3.340651 5.068452 -1.658806
v -3.338416 5.084843 -2.614977
v -3.506597 5.710258 -2.348068
v -3.165477 4.413688 -1.807647
v -2.981422 3.742532 -2.612515
v -2.992374 3.758923 -1.656403
v -2.816938 3.117117 -2.343312
v -2.677045 2.580059 -1.915913
v -3.493626 5.633975 -1.286867
v -3.652371 6.247315 -1.922639
v -3.058487 4.442739 -1.482354
v -2.844542 3.193402 -1.282390
v -2.571278 2.167962 -1.359443
v -3.593526 5.994428 -0.702360
v -3.765803 6.659415 -1.367682
v -3.839162 6.918469 -0.721014
v -3.326996 5.441247 -1.056222
v -2.949481 4.474411 -0.020377
v -2.795879 3.444232 -1.052560
v -2.752713 2.832947 -0.696561
v -2.506842 1.908906 -0.711826
v -2.488131 1.820548 -0.017194
v -3.636763 6.139433 -0.025116
v -3.867450 7.006829 -0.026707
v -3.444118 5.854842 -0.023787
v -3.602869 5.994429 0.652660
v -3.848740 6.918470 0.667925
v -3.784305 6.659415 1.315543
v -2.693006 3.030638 -0.018607
v -2.718820 2.687943 -0.018785
v -2.516419 1.908906 0.677113
v -2.762056 2.832948 0.658459
v -2.589779 2.167963 1.323780
v -2.703211 2.580062 1.878738
v -3.341245 5.441247 1.010164
v -3.511039 5.633976 1.238488
v -3.678537 6.247317 1.872012
v -3.363207 5.068452 1.612502
v -3.538643 5.710258 2.299411
v -3.374160 5.084843 2.568614
v -2.810128 3.444233 1.013828
v -2.861956 3.193403 1.242965
v -2.848985 3.117119 2.304167
v -3.078637 4.442740 1.439959
v -3.190103 4.413689 1.763744
v -3.196293 4.413689 2.661273
v -3.014932 3.758924 1.614904
v -3.017165 3.742535 2.571075
vn 0.2678 0.7134 -0.6476
vn -0.0013 0.4542 -0.8909
vn -0.2091 0.8374 -0.5051
vn 0.3876 0.8362 -0.3879
vn -0.3863 0.8377 -0.3861
vn 0.4083 0.8972 -0.1684
vn -0.6458 0.7149 -0.2680
vn -0.5461 0.8377 -0.0038
vn 0.5484 0.8362 0.0038
vn -0.5071 0.8378 0.2024
vn 0.5041 0.8361 0.2163
vn -0.3916 0.8377 0.3807
vn 0.3822 0.8362 0.3932
vn -0.2160 0.8374 0.5022
vn 0.2588 0.7134 0.6512
vn -0.0136 0.4542 0.8908
vn 0.2736 0.9618 0.0019
vn -0.6992 0.7149 -0.0049
vn 0.2603 0.9653 0.0224
vn -0.6458 0.7149 -0.2679
vn 0.2055 0.9742 0.0935
vn -0.4950 0.7148 -0.4939
vn 0.1060 0.9773 0.1833
vn 0.0196 0.9822 0.1867
vn 0.0002 0.8370 -0.5473
vn 0.0010 0.9926 0.1216
vn 0.2677 0.7134 -0.6476
vn 0.0019 1.0000 -0.0000
vn 0.4953 0.7130 -0.4963
vn 0.5070 0.8361 -0.2094
vn -0.2735 0.9619 -0.0019
vn -0.4619 0.8869 -0.0032
vn -0.6991 0.7150 -0.0049
vn -0.6457 0.7150 -0.2679
vn -0.6457 0.7150 -0.2680
vn -0.4950 0.7149 -0.4939
vn 0.0003 0.8370 -0.5473
vn 0.3876 0.8363 -0.3879
vn 0.4952 0.7131 -0.4963
vn 0.2678 0.7135 -0.6475
vn 0.2677 0.7135 -0.6475
vn 0.9996 -0.0256 0.0069
vn 0.9953 0.0072 0.0962
vn 0.7580 0.6523 0.0052
vn 0.7363 0.6733 0.0669
vn 0.8927 0.0942 0.4406
vn 0.6145 0.7331 0.2913
vn 0.4984 0.1260 0.8577
vn 0.3277 0.7542 0.5691
vn 0.1045 0.0717 0.9919
vn 0.0709 0.7141 0.6964
vn -0.0068 0.0436 0.9990
vn -0.0037 0.6963 0.7178
vn 0.8998 -0.4363 0.0062
vn 0.9474 0.3200 0.0065
vn 0.9103 -0.4039 0.0909
vn 0.9325 0.3502 0.0884
vn 0.8431 -0.3294 0.4251
vn 0.8112 0.4303 0.3960
vn 0.4814 -0.3022 0.8227
vn 0.6145 0.7332 0.2913
vn 0.4467 0.4588 0.7681
vn 0.1003 -0.3394 0.9353
vn 0.3277 0.7542 0.5690
vn 0.0947 0.4076 0.9083
vn -0.0071 -0.3641 0.9313
vn 0.0709 0.7142 0.6964
vn -0.0057 0.3840 0.9233
vn -0.0037 0.6963 0.7177
vn 0.0010 0.9926 0.1217
vn -0.0057 0.3817 0.9243
vn 0.0196 0.9822 0.1868
vn 0.0947 0.4057 0.9091
vn -0.0068 0.0435 0.9990
vn 0.1045 0.0716 0.9919
vn 0.4465 0.4581 0.7686
vn 0.2056 0.9742 0.0936
vn 0.8119 0.4292 0.3958
vn 0.2604 0.9652 0.0224
vn 0.8927 0.0941 0.4407
vn 0.9331 0.3486 0.0883
vn 0.2737 0.9618 0.0019
vn 0.9953 0.0071 0.0962
vn 0.9478 0.3188 0.0065
vn -0.9486 0.3164 -0.0065
vn -0.4618 0.8870 -0.0032
vn -0.6992 0.7149 -0.0048
vn 0.2606 0.9653 -0.0188
vn -0.6494 0.7149 0.2590
vn 0.2068 0.9742 -0.0907
vn -0.5017 0.7148 0.4871
vn 0.1085 0.9773 -0.1818
vn 0.0221 0.9822 -0.1865
vn -0.0073 0.8370 0.5472
vn 0.0027 0.9926 -0.1215
vn 0.4884 0.7130 0.5031
vn 0.4059 0.8972 0.1740
vn -0.3777 0.9259 -0.0026
vn -0.5461 0.8377 -0.0037
vn -0.6494 0.7150 0.2590
vn -0.5017 0.7149 0.4871
vn -0.2161 0.8374 0.5021
vn -0.0135 0.4542 0.8908
vn 0.4060 0.8972 0.1740
vn 0.3822 0.8363 0.3932
vn 0.4884 0.7131 0.5030
vn 0.2588 0.7135 0.6511
vn 0.9966 0.0072 -0.0824
vn 0.7372 0.6733 -0.0568
vn 0.8987 0.0942 -0.4283
vn 0.6185 0.7331 -0.2828
vn 0.5102 0.1261 -0.8508
vn 0.3355 0.7542 -0.5645
vn 0.1181 0.0717 -0.9904
vn 0.0805 0.7141 -0.6954
vn 0.0070 0.0436 -0.9990
vn 0.0062 0.6963 -0.7177
vn 0.9114 -0.4039 -0.0784
vn 0.9336 0.3502 -0.0755
vn 0.7580 0.6523 0.0056
vn 0.8489 -0.3294 -0.4134
vn 0.7372 0.6733 -0.0567
vn 0.8166 0.4303 -0.3848
vn 0.4927 -0.3022 -0.8160
vn 0.6184 0.7332 -0.2828
vn 0.4572 0.4588 -0.7619
vn 0.1132 -0.3394 -0.9338
vn 0.3355 0.7542 -0.5644
vn 0.1072 0.4076 -0.9068
vn 0.0057 -0.3641 -0.9313
vn 0.0805 0.7142 -0.6953
vn 0.0071 0.3840 -0.9233
vn 0.0071 0.3817 -0.9243
vn 0.0027 0.9926 -0.1216
vn 0.0222 0.9822 -0.1866
vn 0.1072 0.4057 -0.9077
vn 0.0070 0.0435 -0.9990
vn 0.4571 0.4581 -0.7624
vn 0.2069 0.9742 -0.0907
vn 0.5102 0.1260 -0.8508
vn 0.8172 0.4292 -0.3846
vn 0.2607 0.9652 -0.0188
vn 0.8987 0.0941 -0.4283
vn 0.9342 0.3486 -0.0755
vn 0.9966 0.0070 -0.0825
vn 0.7143 -0.0964 -0.6932
vn 0.7411 -0.3161 -0.5923
vn 0.8458 0.1719 0.5051
vn 0.8413 0.3995 0.3641
vn 0.8518 0.3748 0.3659
vn 0.7549 -0.2423 -0.6095
vn 0.8610 0.1314 0.4913
vn 0.7116 0.0312 -0.7019
vn 0.8715 0.1542 0.4656
vn 0.7137 -0.0301 -0.6998
vn 0.8804 0.1870 0.4359
vn 0.7162 -0.1189 -0.6877
vn 0.8883 0.2213 0.4025
vn 0.7177 -0.2083 -0.6644
vn 0.8960 0.2548 0.3636
vn 0.7192 -0.2837 -0.6343
vn 0.9028 0.2817 0.3249
vn 0.7207 -0.3532 -0.5965
vn 0.9087 0.2981 0.2922
vn 0.7215 -0.4055 -0.5613
vn 0.6224 0.6993 -0.3516
vn 0.5543 0.0371 -0.8315
vn 0.8458 0.1720 0.5051
vn 0.2289 0.2499 0.9408
vn 0.1974 0.6877 0.6986
vn -0.2044 0.6884 0.6959
vn -0.2410 0.2508 0.9376
vn -0.8448 0.4027 0.3525
vn -0.8520 0.1751 0.4933
vn 0.2112 0.6573 0.7234
vn 0.2558 0.1837 0.9491
vn -0.2682 0.1846 0.9455
vn -0.2187 0.6581 0.7205
vn 0.2777 0.2378 0.9308
vn 0.8715 0.1543 0.4656
vn 0.8804 0.1871 0.4359
vn -0.8672 0.1346 0.4794
vn -0.8554 0.3780 0.3542
vn -0.2896 0.2389 0.9269
vn -0.8772 0.1575 0.4535
vn -0.8856 0.1904 0.4237
vn -0.3085 0.3160 0.8972
vn -0.3257 0.4008 0.8563
vn -0.8929 0.2246 0.3902
vn -0.9000 0.2582 0.3513
vn 0.2972 0.3149 0.9014
vn 0.3154 0.3996 0.8608
vn 0.8960 0.2548 0.3637
vn 0.3337 0.4888 0.8061
vn -0.3429 0.4900 0.8014
vn -0.3587 0.5699 0.7393
vn -0.9062 0.2850 0.3124
vn -0.9115 0.3016 0.2797
vn 0.3506 0.5686 0.7442
vn 0.9087 0.2982 0.2923
vn 0.3649 0.6267 0.6886
vn -0.3721 0.6280 0.6835
vn 0.3337 0.9106 0.2438
vn 0.6224 0.6993 -0.3515
vn -0.3336 0.9119 0.2391
vn -0.6149 0.7016 -0.3601
vn 0.2112 0.6573 0.7235
vn 0.1974 0.6877 0.6987
vn -0.2045 0.6885 0.6959
vn -0.8448 0.4026 0.3525
vn -0.8554 0.3779 0.3543
vn 0.7411 -0.3162 -0.5922
vn 0.7143 -0.0965 -0.6931
vn -0.7051 -0.0938 -0.7029
vn -0.7341 -0.3134 -0.6024
vn -0.7340 -0.3135 -0.6024
vn -0.7050 -0.0938 -0.7030
vn -0.8520 0.1751 0.4934
vn -0.8447 0.4027 0.3525
vn -0.7473 -0.2395 -0.6199
vn -0.7017 0.0339 -0.7117
vn -0.7041 -0.0274 -0.7096
vn -0.7071 -0.1163 -0.6975
vn -0.7093 -0.2057 -0.6743
vn -0.9000 0.2582 0.3512
vn -0.7114 -0.2809 -0.6442
vn -0.7138 -0.3504 -0.6064
vn -0.9115 0.3015 0.2796
vn -0.7151 -0.4028 -0.5712
vn -0.5426 0.0391 -0.8391
vn -0.7152 -0.4028 -0.5712
vn -0.5425 0.0392 -0.8391
vn 0.7215 -0.4054 -0.5613
vn -0.7138 -0.3504 -0.6063
vn 0.7208 -0.3531 -0.5965
vn -0.7115 -0.2809 -0.6441
vn 0.7193 -0.2836 -0.6342
vn 0.7178 -0.2083 -0.6644
vn -0.7093 -0.2056 -0.6742
vn -0.7072 -0.1162 -0.6974
vn 0.7163 -0.1189 -0.6876
vn 0.7138 -0.0301 -0.6997
vn -0.7042 -0.0275 -0.7095
vn -0.7018 0.0339 -0.7116
vn 0.7116 0.0313 -0.7019
vn 0.7549 -0.2422 -0.6095
vn -0.7473 -0.2395 -0.6198
vn -0.7341 -0.3133 -0.6025
vn 0.7412 -0.3161 -0.5923
vn -0.6150 0.7016 -0.3600
vn -0.3337 0.9119 0.2391
vn 0.3336 0.9107 0.2437
vn 0.6225 0.6993 -0.3515
vn 0.5542 0.0370 -0.8315
vn -0.5427 0.0391 -0.8390
vn 0.7329 -0.3162 0.6024
vn 0.7047 -0.0964 0.7030
vn 0.8526 0.1720 -0.4934
vn 0.8462 0.3995 -0.3525
vn 0.8568 0.3748 -0.3542
vn 0.7464 -0.2423 0.6199
vn 0.8677 0.1314 -0.4794
vn 0.7018 0.0312 0.7117
vn 0.8778 0.1543 -0.4535
vn 0.7040 -0.0301 0.7096
vn 0.8863 0.1871 -0.4237
vn 0.7067 -0.1189 0.6975
vn 0.8938 0.2213 -0.3902
vn 0.7085 -0.2083 0.6743
vn 0.9010 0.2548 -0.3512
vn 0.7104 -0.2836 0.6441
vn 0.9072 0.2817 -0.3124
vn 0.7124 -0.3531 0.6064
vn 0.9126 0.2981 -0.2796
vn 0.7136 -0.4055 0.5712
vn 0.6175 0.6993 0.3601
vn 0.5427 0.0370 0.8391
vn 0.8463 0.3995 -0.3524
vn 0.8527 0.1720 -0.4933
vn 0.2419 0.2499 -0.9376
vn 0.2070 0.6877 -0.6959
vn -0.1948 0.6884 -0.6986
vn -0.2280 0.2508 -0.9408
vn -0.8398 0.4027 -0.3641
vn -0.8451 0.1751 -0.5051
vn 0.8568 0.3748 -0.3541
vn 0.2211 0.6573 -0.7205
vn 0.2689 0.1837 -0.9455
vn -0.2552 0.1846 -0.9491
vn -0.2087 0.6581 -0.7234
vn 0.2905 0.2378 -0.9269
vn -0.2768 0.2388 -0.9308
vn -0.8605 0.1346 -0.4913
vn -0.8504 0.3780 -0.3659
vn -0.8709 0.1575 -0.4656
vn -0.8797 0.1904 -0.4359
vn -0.2961 0.3160 -0.9014
vn -0.3139 0.4007 -0.8607
vn -0.8874 0.2246 -0.4025
vn -0.8950 0.2582 -0.3637
vn 0.3097 0.3149 -0.8972
vn 0.3272 0.3996 -0.8563
vn 0.8937 0.2213 -0.3902
vn 0.9009 0.2548 -0.3513
vn 0.3447 0.4888 -0.8014
vn -0.3318 0.4900 -0.8061
vn -0.3485 0.5699 -0.7442
vn -0.9018 0.2850 -0.3249
vn -0.9076 0.3015 -0.2923
vn 0.3608 0.5686 -0.7393
vn 0.9072 0.2817 -0.3125
vn 0.9126 0.2982 -0.2797
vn 0.3744 0.6267 -0.6835
vn -0.3626 0.6280 -0.6885
vn 0.3370 0.9106 -0.2391
vn -0.3303 0.9119 -0.2437
vn -0.6198 0.7016 0.3516
vn 0.2212 0.6573 -0.7205
vn 0.8463 0.3995 -0.3525
vn -0.1948 0.6885 -0.6986
vn -0.2088 0.6581 -0.7234
vn -0.8398 0.4026 -0.3641
vn 0.7329 -0.3161 0.6024
vn -0.7423 -0.3134 0.5922
vn -0.7147 -0.0939 0.6931
vn 0.7047 -0.0965 0.7029
vn -0.7146 -0.0938 0.6932
vn -0.7423 -0.3134 0.5923
vn -0.7557 -0.2395 0.6095
vn -0.7114 0.0339 0.7019
vn -0.7138 -0.0275 0.6998
vn -0.8797 0.1903 -0.4359
vn -0.7167 -0.1163 0.6876
vn -0.8875 0.2246 -0.4025
vn -0.7185 -0.2057 0.6644
vn -0.8951 0.2581 -0.3636
vn -0.7203 -0.2810 0.6342
vn -0.7221 -0.3505 0.5965
vn -0.9076 0.3015 -0.2922
vn -0.7230 -0.4028 0.5613
vn -0.5541 0.0392 0.8315
vn -0.5541 0.0391 0.8315
vn 0.5427 0.0371 0.8391
vn 0.7137 -0.4054 0.5712
vn -0.7221 -0.3504 0.5964
vn 0.7125 -0.3531 0.6063
vn 0.7105 -0.2836 0.6440
vn 0.7086 -0.2083 0.6742
vn -0.7186 -0.2056 0.6644
vn -0.7167 -0.1162 0.6876
vn 0.7068 -0.1189 0.6974
vn 0.7040 -0.0301 0.7095
vn -0.7139 -0.0274 0.6997
vn -0.7115 0.0338 0.7019
vn 0.7019 0.0312 0.7116
vn 0.7464 -0.2423 0.6198
vn -0.7558 -0.2394 0.6095
vn -0.3302 0.9119 -0.2437
vn -0.6199 0.7016 0.3515
vn 0.3371 0.9106 -0.2391
vn 0.6176 0.6993 0.3601
vn 0.5428 0.0371 0.8390
vn 0.3256 0.9455 0.0023
vn 0.2811 0.9456 0.1638
vn -0.9764 0.2159 -0.0068
vn -0.8422 0.2157 -0.4942
vn -0.9635 -0.2676 -0.0067
vn 0.1618 0.9458 0.2816
vn -0.8312 -0.2679 -0.4873
vn -0.4822 0.2150 -0.8493
vn -0.0005 0.9461 0.3238
vn -0.4762 -0.2685 -0.8373
vn 0.0071 0.2141 -0.9768
vn -0.1621 0.9464 0.2793
vn 0.0061 -0.2694 -0.9630
vn 0.4946 0.2132 -0.8425
vn -0.2798 0.9466 0.1600
vn 0.4868 -0.2703 -0.8307
vn 0.8497 0.2125 -0.4826
vn -0.3221 0.9467 -0.0022
vn 0.8368 -0.2710 -0.4757
vn 0.9772 0.2123 0.0067
vn -0.2776 0.9466 -0.1638
vn 0.9625 -0.2712 0.0066
vn 0.8429 0.2125 0.4942
vn -0.1582 0.9464 -0.2815
vn 0.8302 -0.2710 0.4872
vn 0.4830 0.2132 0.8493
vn 0.0040 0.9461 -0.3238
vn 0.4752 -0.2703 0.8373
vn -0.0063 0.2141 0.9768
vn 0.1656 0.9458 -0.2793
vn -0.0071 -0.2694 0.9630
vn -0.4938 0.2150 0.8426
vn 0.2833 0.9456 -0.1600
vn -0.4877 -0.2685 0.8307
vn -0.8489 0.2157 0.4826
vn -0.8378 -0.2679 0.4757
vn -0.9764 0.2159 -0.0067
vn -0.9635 -0.2676 -0.0066
vn 1.0000 -0.0019 0.0070
vn 0.8626 -0.0016 0.5060
vn 0.3257 0.9455 0.0023
vn 0.2812 0.9456 0.1639
vn 0.4940 -0.0009 0.8695
vn -0.0069 -0.0000 1.0000
vn -0.0004 0.9461 0.3239
vn -0.5060 0.0009 0.8626
vn -0.1621 0.9464 0.2794
vn -0.8694 0.0016 0.4940
vn -0.2799 0.9466 0.1601
vn -1.0000 0.0019 -0.0069
vn -0.3222 0.9467 -0.0022
vn -0.8626 0.0016 -0.5060
vn -0.2777 0.9466 -0.1638
vn -0.4940 0.0009 -0.8695
vn -0.1583 0.9464 -0.2816
vn 0.0069 -0.0000 -1.0000
vn 0.0039 0.9461 -0.3239
vn 0.5060 -0.0009 -0.8626
vn 0.1656 0.9458 -0.2794
vn 0.8695 -0.0016 -0.4940
vn 0.2834 0.9456 -0.1600
vn 1.0000 -0.0019 0.0068
vn 0.3257 0.9455 0.0022
vn 0.3633 0.9317 0.0025
vn 0.3137 0.9317 0.1830
vn -0.9720 0.2348 -0.0067
vn -0.8384 0.2345 -0.4920
vn -0.9500 -0.3120 -0.0066
vn 0.1804 0.9320 0.3144
vn -0.8196 -0.3123 -0.4804
vn -0.4800 0.2339 -0.8455
vn -0.0007 0.9323 0.3616
vn -0.4696 -0.3129 -0.8255
vn 0.0071 0.2330 -0.9725
vn -0.1812 0.9327 0.3119
vn 0.0060 -0.3138 -0.9495
vn 0.4925 0.2321 -0.8388
vn -0.3127 0.9329 0.1787
vn 0.4798 -0.3147 -0.8190
vn 0.8460 0.2314 -0.4804
vn -0.3599 0.9330 -0.0025
vn 0.8250 -0.3153 -0.4691
vn 0.9729 0.2312 0.0067
vn -0.3102 0.9329 -0.1829
vn 0.9489 -0.3156 0.0065
vn 0.8393 0.2314 0.4920
vn -0.1769 0.9327 -0.3144
vn 0.8184 -0.3153 0.4804
vn 0.4809 0.2321 0.8455
vn 0.0042 0.9323 -0.3616
vn 0.4685 -0.3147 0.8255
vn -0.0063 0.2330 0.9725
vn 0.1847 0.9320 -0.3119
vn -0.0071 -0.3138 0.9495
vn -0.4916 0.2339 0.8388
vn 0.3161 0.9317 -0.1787
vn -0.4810 -0.3129 0.8190
vn -0.8451 0.2345 0.4804
vn -0.8261 -0.3123 0.4691
vn -0.9501 -0.3120 -0.0065
vn 0.3634 0.9316 0.0026
vn 0.4940 -0.0009 0.8694
vn 0.1805 0.9320 0.3145
vn -0.0007 0.9323 0.3617
vn -0.1812 0.9326 0.3120
vn -0.3600 0.9330 -0.0024
vn -0.3103 0.9329 -0.1830
vn -0.4940 0.0009 -0.8694
vn -0.1770 0.9326 -0.3145
vn 0.0042 0.9323 -0.3617
vn 0.1847 0.9320 -0.3120
vn 0.8694 -0.0016 -0.4940
vn 0.3162 0.9317 -0.1787
vn 0.3634 0.9316 0.0024
vn 0.3804 0.9248 0.0027
vn 0.3283 0.9249 0.1916
vn -0.9702 0.2424 -0.0067
vn -0.8368 0.2421 -0.4911
vn -0.9426 -0.3339 -0.0065
vn 0.1888 0.9252 0.3292
vn -0.8131 -0.3341 -0.4766
vn -0.4791 0.2414 -0.8439
vn -0.0009 0.9255 0.3787
vn -0.4660 -0.3348 -0.8190
vn 0.0071 0.2405 -0.9706
vn -0.1899 0.9259 0.3266
vn 0.0059 -0.3357 -0.9420
vn 0.4915 0.2397 -0.8372
vn -0.3275 0.9261 0.1871
vn 0.4760 -0.3365 -0.8125
vn 0.8444 0.2390 -0.4795
vn -0.3769 0.9262 -0.0026
vn 0.8184 -0.3372 -0.4654
vn 0.9711 0.2388 0.0067
vn -0.3249 0.9261 -0.1916
vn 0.9413 -0.3374 0.0065
vn 0.8377 0.2390 0.4911
vn -0.1854 0.9259 -0.3292
vn 0.8119 -0.3372 0.4766
vn 0.4800 0.2397 0.8439
vn 0.0043 0.9255 -0.3786
vn 0.4647 -0.3365 0.8190
vn -0.0062 0.2406 0.9706
vn 0.1933 0.9252 -0.3266
vn -0.0071 -0.3357 0.9420
vn -0.4907 0.2415 0.8372
vn 0.3309 0.9249 -0.1871
vn -0.4772 -0.3348 0.8125
vn -0.8435 0.2421 0.4795
vn -0.8196 -0.3342 0.4654
vn -0.9702 0.2424 -0.0066
vn 0.3284 0.9249 0.1916
vn 0.1889 0.9251 0.3293
vn -0.0009 0.9255 0.3788
vn -0.1899 0.9258 0.3267
vn -0.3276 0.9261 0.1872
vn -0.3770 0.9262 -0.0026
vn -0.3250 0.9261 -0.1916
vn -0.1854 0.9258 -0.3293
vn 0.0043 0.9255 -0.3787
vn 0.1933 0.9251 -0.3267
vn 0.3310 0.9249 -0.1871
vn 0.3804 0.9248 0.0026
vn 0.3532 0.9356 0.0024
vn 0.3048 0.9357 0.1778
vn -0.9732 0.2299 -0.0068
vn -0.8394 0.2297 -0.4926
vn -0.9541 -0.2995 -0.0066
vn 0.1754 0.9359 0.3055
vn -0.8230 -0.2997 -0.4825
vn -0.4806 0.2290 -0.8465
vn -0.0007 0.9362 0.3514
vn -0.4716 -0.3004 -0.8291
vn 0.0071 0.2281 -0.9736
vn -0.1760 0.9366 0.3031
vn 0.0060 -0.3013 -0.9535
vn 0.4930 0.2272 -0.8398
vn -0.3038 0.9368 0.1736
vn 0.4819 -0.3022 -0.8225
vn 0.8470 0.2266 -0.4810
vn -0.3496 0.9369 -0.0024
vn 0.8285 -0.3028 -0.4711
vn 0.9740 0.2263 0.0067
vn -0.3014 0.9368 -0.1778
vn 0.9530 -0.3030 0.0066
vn 0.8402 0.2266 0.4926
vn -0.1719 0.9366 -0.3055
vn 0.8219 -0.3028 0.4824
vn 0.4814 0.2272 0.8465
vn 0.0041 0.9362 -0.3514
vn 0.4705 -0.3022 0.8290
vn -0.0063 0.2281 0.9736
vn 0.1795 0.9359 -0.3031
vn -0.0071 -0.3013 0.9535
vn -0.4922 0.2290 0.8398
vn 0.3072 0.9357 -0.1736
vn -0.4830 -0.3004 0.8225
vn -0.8461 0.2297 0.4810
vn 0.3532 0.9356 0.0025
vn -0.8296 -0.2997 0.4711
vn -0.9732 0.2299 -0.0067
vn -0.9541 -0.2995 -0.0065
vn 0.3532 0.9355 0.0025
vn 0.3049 0.9356 0.1778
vn 0.1754 0.9359 0.3056
vn -0.0006 0.9362 0.3515
vn -0.1761 0.9365 0.3032
vn -0.3039 0.9368 0.1737
vn -0.3497 0.9368 -0.0024
vn -0.3015 0.9368 -0.1778
vn -0.1719 0.9365 -0.3056
vn 0.0041 0.9362 -0.3515
vn 0.1795 0.9359 -0.3032
vn 0.3073 0.9356 -0.1737
vn 0.3532 0.9355 0.0024
vn 0.3308 0.9437 0.0023
vn 0.2856 0.9438 0.1665
vn -0.9758 0.2187 -0.0068
vn -0.8416 0.2184 -0.4939
vn -0.9619 -0.2735 -0.0067
vn 0.1643 0.9440 0.2861
vn -0.8297 -0.2737 -0.4864
vn -0.4819 0.2177 -0.8488
vn -0.0005 0.9443 0.3291
vn -0.4754 -0.2744 -0.8359
vn 0.0071 0.2168 -0.9762
vn -0.1647 0.9446 0.2839
vn 0.0061 -0.2752 -0.9614
vn 0.4943 0.2159 -0.8420
vn -0.2843 0.9448 0.1626
vn 0.4859 -0.2761 -0.8292
vn 0.8492 0.2153 -0.4823
vn -0.3273 0.9449 -0.0022
vn 0.8354 -0.2768 -0.4749
vn 0.9766 0.2150 0.0067
vn -0.2821 0.9448 -0.1665
vn 0.9608 -0.2770 0.0066
vn 0.8424 0.2153 0.4939
vn -0.1608 0.9446 -0.2861
vn 0.8287 -0.2768 0.4864
vn 0.4827 0.2159 0.8488
vn 0.0040 0.9443 -0.3290
vn 0.4744 -0.2761 0.8359
vn -0.0063 0.2168 0.9762
vn 0.1682 0.9440 -0.2838
vn -0.0071 -0.2752 0.9613
vn -0.4935 0.2177 0.8420
vn 0.2878 0.9438 -0.1626
vn -0.4869 -0.2744 0.8292
vn -0.8484 0.2184 0.4823
vn -0.8364 -0.2737 0.4749
vn -0.9758 0.2187 -0.0067
vn -0.9619 -0.2735 -0.0066
vn 1.0000 -0.0019 0.0069
vn 0.3309 0.9437 0.0023
vn 0.2857 0.9437 0.1665
vn 0.1644 0.9440 0.2862
vn -0.2844 0.9448 0.1627
vn -0.3274 0.9449 -0.0022
vn -0.2822 0.9448 -0.1665
vn -0.1609 0.9446 -0.2861
vn 0.0040 0.9443 -0.3291
vn 0.1682 0.9440 -0.2839
vn 0.2879 0.9437 -0.1625
vn 0.3309 0.9437 0.0022
vn 0.8430 0.2125 0.4942
vn 0.8368 -0.2710 -0.4758
vn 0.4946 0.2132 -0.8426
vn -0.1582 0.9464 -0.2816
vn -0.8196 -0.3341 0.4653
vn -0.4907 0.2414 0.8372
vn 0.4800 0.2396 0.8439
vn 0.0071 0.2406 -0.9706
vn -0.4791 0.2415 -0.8439
vn -0.8131 -0.3342 -0.4766
vn -0.9702 0.2424 -0.0068
vn 0.4705 -0.3022 0.8291
vn 0.8469 0.2266 -0.4810
vn 0.1753 0.9359 0.3055
vn 0.1796 0.9359 -0.3032
vn 0.0061 -0.2753 -0.9614
vn 0.2879 0.9437 -0.1626
vn -0.2844 0.9448 0.1626
vn 0.2857 0.9438 0.1665
vn 0.6441 0.3586 -0.6756
vn 0.6911 0.1825 -0.6993
vn -0.4290 -0.1157 -0.8959
vn -0.7284 -0.0064 -0.6851
vn 0.6000 0.5227 -0.6056
vn -0.7726 0.1577 -0.6150
vn 0.5618 0.6636 -0.4940
vn -0.8108 0.2986 -0.5034
vn 0.5320 0.7717 -0.3484
vn -0.8406 0.4067 -0.3578
vn 0.5128 0.8397 -0.1787
vn -0.8598 0.4747 -0.1881
vn 0.5053 0.8629 0.0035
vn -0.8672 0.4979 -0.0060
vn 0.5102 0.8397 0.1857
vn -0.8623 0.4747 0.1763
vn 0.5271 0.7718 0.3556
vn -0.8454 0.4067 0.3462
vn 0.5549 0.6637 0.5016
vn -0.8177 0.2986 0.4922
vn 0.5916 0.5227 0.6138
vn -0.7810 0.1577 0.6043
vn 0.6348 0.3587 0.6844
vn -0.7378 -0.0065 0.6750
vn 0.6814 0.1825 0.7088
vn -0.4413 -0.1157 0.8899
vn 0.7284 0.0065 0.6851
vn -0.4413 -0.1158 0.8899
vn -0.6441 -0.3587 0.6756
vn 0.7726 -0.1576 0.6151
vn -0.6000 -0.5228 0.6056
vn 0.8108 -0.2986 0.5035
vn -0.5618 -0.6637 0.4939
vn 0.8406 -0.4067 0.3579
vn -0.5320 -0.7718 0.3483
vn 0.8598 -0.4747 0.1882
vn -0.5128 -0.8397 0.1787
vn 0.8672 -0.4979 0.0060
vn -0.5053 -0.8629 -0.0035
vn 0.8623 -0.4747 -0.1763
vn -0.5102 -0.8397 -0.1857
vn 0.8454 -0.4067 -0.3462
vn -0.5272 -0.7718 -0.3557
vn 0.8177 -0.2986 -0.4922
vn -0.5549 -0.6636 -0.5017
vn 0.7810 -0.1577 -0.6043
vn -0.5916 -0.5227 -0.6138
vn 0.7378 0.0064 -0.6750
vn -0.6348 -0.3586 -0.6845
vn -0.4290 -0.1158 -0.8959
vn -0.6347 -0.3587 -0.6845
vn -0.7284 -0.0065 -0.6852
vn -0.7725 0.1577 -0.6151
vn -0.5915 -0.5228 -0.6138
vn -0.8107 0.2986 -0.5035
vn -0.5548 -0.6637 -0.5017
vn -0.8405 0.4067 -0.3579
vn -0.5271 -0.7718 -0.3556
vn -0.8598 0.4747 -0.1882
vn -0.5102 -0.8398 -0.1857
vn -0.5053 -0.8630 -0.0034
vn -0.8623 0.4748 0.1762
vn -0.5127 -0.8398 0.1788
vn -0.8454 0.4068 0.3462
vn -0.5319 -0.7718 0.3484
vn -0.8176 0.2987 0.4922
vn -0.5617 -0.6636 0.4941
vn -0.7809 0.1578 0.6044
vn -0.6000 -0.5227 0.6057
vn -0.7378 -0.0064 0.6750
vn -0.6441 -0.3586 0.6757
vn -0.3419 0.7199 -0.6040
vn 0.0070 0.4597 -0.8880
vn 0.2755 0.8402 -0.4670
vn 0.4723 0.8399 -0.2675
vn 0.5430 0.8397 0.0037
vn 0.4686 0.8399 0.2740
vn 0.3446 0.7186 0.6040
vn -0.0053 0.4597 0.8881
vn -0.2724 0.8412 0.4670
vn -0.4692 0.8416 0.2675
vn -0.5399 0.8417 -0.0037
vn -0.4654 0.8416 -0.2739
vn -0.4941 0.0009 -0.8694
vn -0.3419 0.7199 -0.6041
vn -0.4654 0.8416 -0.2740
vn 0.4723 0.8399 -0.2674
vn -0.5399 0.8417 -0.0038
vn 0.5430 0.8397 0.0038
vn 0.3445 0.7186 0.6041
vn -0.0053 0.4597 0.8880
vn 0.9969 -0.0018 0.0791
vn 0.7084 0.7058 0.0049
vn 0.7053 0.7067 0.0558
vn 0.6490 -0.0012 0.7608
vn 0.5424 0.5505 0.6347
vn -0.0036 0.7071 0.7071
vn 0.9973 -0.0019 0.0728
vn 1.0000 -0.0018 0.0069
vn 0.7058 0.7066 0.0515
vn 0.9805 -0.0018 0.1964
vn 0.6940 0.7064 0.1388
vn 0.4199 -0.0008 0.9076
vn 0.3313 0.6172 0.7137
vn -0.3048 0.7077 0.6374
vn 0.4199 -0.0008 0.9075
vn -0.4329 0.0008 0.9015
vn 0.9969 -0.0018 0.0781
vn 0.7054 0.7067 0.0551
vn 0.9783 -0.0018 0.2071
vn 0.6925 0.7064 0.1463
vn 0.4200 -0.0007 0.9075
vn 0.3332 0.6119 0.7173
vn -0.2973 0.7077 0.6410
vn 0.4201 -0.0007 0.9075
vn -0.4223 0.0008 0.9065
vn 0.9972 -0.0019 0.0746
vn 0.7057 0.7066 0.0527
vn 0.5529 -0.0010 0.8333
vn 0.4432 0.5998 0.6662
vn -0.1782 0.7074 0.6840
vn 0.5529 -0.0010 0.8332
vn -0.2539 0.0005 0.9672
vn 0.4388 0.4083 0.8005
vn 0.7213 0.6670 0.1866
vn -0.2511 0.6891 0.6798
vn -0.5348 0.7227 0.4379
vn 0.7427 0.6618 -0.1018
vn -0.4744 0.7260 0.4979
vn 0.7695 0.6223 -0.1439
vn 0.7931 0.5550 -0.2509
vn -0.2085 0.6708 0.7118
vn 0.7144 0.5215 -0.4665
vn 0.0976 0.6190 0.7793
vn 0.4338 0.6213 -0.6526
vn 0.1677 0.6411 0.7489
vn -0.1016 0.7233 0.6831
vn 0.0420 0.7074 -0.7055
vn -0.4854 0.7334 0.4759
vn -0.3789 0.7314 -0.5669
vn -0.8731 0.4834 -0.0629
vn -0.4370 -0.0600 0.8975
vn 0.4735 -0.1077 0.8742
vn 0.4388 0.4084 0.8004
vn -0.2511 0.6892 0.6797
vn -0.8827 0.0411 0.4682
vn -0.5347 0.7227 0.4379
vn -0.9203 0.1233 0.3713
vn -0.4743 0.7260 0.4979
vn -0.7488 0.1460 0.6466
vn -0.2084 0.6708 0.7118
vn -0.4483 0.0919 0.8892
vn 0.0977 0.6191 0.7792
vn -0.1516 0.0117 0.9884
vn 0.1678 0.6412 0.7488
vn -0.2374 0.0101 0.9714
vn -0.1016 0.7233 0.6830
vn -0.7078 0.0130 0.7063
vn -0.4854 0.7335 0.4759
vn -0.9977 -0.0091 -0.0679
vn 0.7212 0.6671 0.1866
vn 0.9817 -0.0860 0.1697
vn 0.7427 0.6619 -0.1018
vn 0.9500 -0.0485 -0.3086
vn 0.7694 0.6223 -0.1438
vn 0.8427 -0.0233 -0.5378
vn 0.7931 0.5551 -0.2508
vn 0.6786 -0.0310 -0.7339
vn 0.7145 0.5215 -0.4664
vn 0.4436 -0.0387 -0.8954
vn 0.4338 0.6213 -0.6525
vn 0.2195 -0.0193 -0.9754
vn 0.0421 0.7075 -0.7055
vn -0.0328 -0.0009 -0.9995
vn -0.3789 0.7315 -0.5669
vn -0.5579 -0.0028 -0.8299
vn -0.8731 0.4834 -0.0628
vn 0.9979 -0.0019 -0.0653
vn 0.7060 0.7067 -0.0461
vn 0.6594 -0.0012 -0.7518
vn 0.5511 0.5505 -0.6271
vn 0.0062 0.7071 -0.7071
vn 0.9983 -0.0019 -0.0591
vn 0.7064 0.7066 -0.0417
vn 0.9831 -0.0018 -0.1828
vn 0.6959 0.7064 -0.1292
vn 0.4323 -0.0008 -0.9017
vn 0.3411 0.6172 -0.7090
vn -0.2959 0.7077 -0.6416
vn 0.4324 -0.0008 -0.9017
vn -0.4204 0.0008 -0.9073
vn 0.9979 -0.0019 -0.0643
vn 0.7061 0.7067 -0.0454
vn 0.9811 -0.0018 -0.1936
vn 0.6944 0.7064 -0.1368
vn 0.4325 -0.0008 -0.9016
vn 0.3431 0.6119 -0.7127
vn -0.2884 0.7077 -0.6450
vn 0.4326 -0.0008 -0.9016
vn -0.4097 0.0007 -0.9122
vn 0.9981 -0.0019 -0.0608
vn 0.7063 0.7066 -0.0429
vn 0.5643 -0.0010 -0.8255
vn 0.4523 0.5998 -0.6600
vn -0.1688 0.7074 -0.6863
vn 0.5644 -0.0010 -0.8255
vn -0.2405 0.0005 -0.9706
vn 0.7238 0.6670 -0.1766
vn 0.4498 0.4083 -0.7943
vn -0.2417 0.6891 -0.6832
vn -0.5287 0.7227 -0.4452
vn 0.7413 0.6618 0.1120
vn -0.4674 0.7260 -0.5045
vn 0.7674 0.6222 0.1545
vn 0.7896 0.5549 0.2617
vn -0.1986 0.6707 -0.7146
vn 0.7080 0.5215 0.4763
vn 0.1084 0.6190 -0.7778
vn 0.4248 0.6213 0.6585
vn 0.1781 0.6411 -0.7465
vn -0.0922 0.7233 -0.6844
vn 0.0323 0.7074 0.7060
vn -0.4788 0.7334 -0.4826
vn -0.3868 0.7314 0.5616
vn -0.8739 0.4834 0.0508
vn 0.4855 -0.1077 -0.8676
vn -0.4246 -0.0600 -0.9034
vn 0.4499 0.4083 -0.7943
vn -0.2417 0.6892 -0.6831
vn -0.8761 0.0411 -0.4804
vn -0.5286 0.7227 -0.4452
vn -0.9151 0.1233 -0.3840
vn -0.4674 0.7261 -0.5044
vn -0.7398 0.1460 -0.6568
vn -0.1985 0.6708 -0.7146
vn -0.4360 0.0919 -0.8953
vn 0.1085 0.6191 -0.7778
vn -0.1380 0.0117 -0.9904
vn 0.1781 0.6412 -0.7464
vn -0.2240 0.0101 -0.9745
vn -0.0921 0.7233 -0.6844
vn -0.6980 0.0130 -0.7159
vn -0.4787 0.7335 -0.4826
vn -0.9985 -0.0091 0.0541
vn 0.4497 0.4083 -0.7944
vn 0.9840 -0.0859 -0.1561
vn 0.7412 0.6619 0.1120
vn 0.9456 -0.0485 0.3217
vn 0.7674 0.6223 0.1544
vn 0.8352 -0.0233 0.5494
vn 0.7896 0.5550 0.2617
vn 0.6684 -0.0310 0.7432
vn 0.7080 0.5215 0.4762
vn 0.4312 -0.0387 0.9014
vn 0.4248 0.6213 0.6584
vn 0.2060 -0.0193 0.9784
vn 0.0323 0.7075 0.7060
vn -0.0466 -0.0010 0.9989
vn -0.3867 0.7315 0.5616
vn -0.5693 -0.0027 0.8221
vn -0.8335 0.5366 0.1315
vn 0.0018 0.9999 0.0127
vn -0.8370 -0.3932 0.3806
vn -0.0051 -0.8596 0.5109
vn 0.8302 -0.3963 0.3921
vn 0.8336 0.5335 0.1430
vn -0.7384 0.0100 0.6742
vn -0.3331 -0.4840 0.8092
vn -0.0062 0.2588 0.9659
vn -0.4371 -0.8695 0.2302
vn -0.9757 -0.2132 0.0508
vn -0.3249 -0.8248 -0.4627
vn -0.7303 -0.3308 -0.5976
vn 0.0061 -0.2588 -0.9659
vn 0.3282 -0.8260 -0.4582
vn 0.0062 -0.2588 -0.9659
vn 0.4307 -0.8711 0.2362
vn 0.3201 -0.4852 0.8137
vn 0.7373 -0.3335 -0.5875
vn 0.0062 -0.2589 -0.9659
vn 0.9741 -0.2167 0.0643
vn 0.7291 0.0073 0.6843
vn -0.0061 0.2588 0.9659
vn 0.5942 0.2818 -0.7533
vn 0.7840 0.6008 -0.1560
vn 0.5861 0.6226 0.5185
vn -0.0062 0.2589 0.9659
vn 0.0068 0.5566 -0.8307
vn 0.0036 0.9659 -0.2588
vn -0.0014 0.8974 0.4411
vn -0.5827 0.2840 -0.7614
vn -0.7796 0.6037 -0.1668
vn -0.7303 -0.3308 -0.5977
vn -0.9757 -0.2131 0.0509
vn -0.5909 0.6248 0.5104
vn -0.7385 0.0100 0.6742
vn -0.8329 0.5523 0.0365
vn 0.0029 0.9869 -0.1611
vn 0.0029 0.9869 -0.1612
vn -0.8328 0.5523 0.0365
vn -0.8373 -0.3201 0.4433
vn -0.0059 -0.7578 0.6524
vn 0.8299 -0.3232 0.4548
vn 0.8343 0.5492 0.0480
vn -0.7382 0.1278 0.6624
vn -0.3333 -0.3358 0.8810
vn -0.0055 0.4226 0.9063
vn -0.4380 -0.8157 0.3778
vn -0.9759 -0.1999 0.0873
vn -0.3261 -0.8922 -0.3124
vn -0.7310 -0.4287 -0.5310
vn 0.0054 -0.4226 -0.9063
vn 0.3270 -0.8935 -0.3079
vn 0.4297 -0.8174 0.3837
vn 0.3199 -0.3370 0.8855
vn -0.0054 0.4226 0.9063
vn 0.7366 -0.4314 -0.5208
vn 0.0055 -0.4227 -0.9063
vn 0.9739 -0.2035 0.1008
vn 0.7294 0.1251 0.6725
vn 0.5942 0.1460 -0.7909
vn 0.0055 -0.4226 -0.9063
vn 0.7847 0.5636 -0.2581
vn 0.5870 0.7025 0.4024
vn 0.0071 0.4039 -0.9148
vn 0.0046 0.9063 -0.4226
vn -0.0001 0.9604 0.2786
vn -0.5827 0.1482 -0.7991
vn -0.7789 0.5665 -0.2689
vn -0.9759 -0.1998 0.0873
vn -0.5899 0.7046 0.3943
vn -0.8319 0.5444 -0.1075
vn 0.0045 0.9116 -0.4111
vn -0.8319 0.5445 -0.1075
vn -0.8375 -0.1929 0.5112
vn -0.0067 -0.5632 0.8263
vn -0.0067 -0.5631 0.8263
vn 0.8297 -0.1960 0.5227
vn 0.8296 -0.1960 0.5227
vn 0.8353 0.5414 -0.0960
vn 0.8353 0.5413 -0.0960
vn -0.7375 0.2962 0.6070
vn -0.3332 -0.0957 0.9380
vn -0.0041 0.6428 0.7661
vn -0.4391 -0.6894 0.5761
vn -0.9762 -0.1687 0.1363
vn -0.3279 -0.9421 -0.0707
vn -0.7321 -0.5501 -0.4017
vn 0.0041 -0.6428 -0.7660
vn 0.3253 -0.9433 -0.0662
vn 0.4286 -0.6910 0.5821
vn 0.3199 -0.0969 0.9425
vn -0.0041 0.6428 0.7660
vn 0.7355 -0.5529 -0.3916
vn 0.9736 -0.1723 0.1498
vn 0.7301 0.2935 0.6171
vn 0.5939 -0.0648 -0.8019
vn 0.7855 0.4762 -0.3954
vn 0.5885 0.7816 0.2068
vn 0.0071 0.1534 -0.9881
vn 0.0059 0.7660 -0.6428
vn 0.0017 0.9998 0.0206
vn -0.5830 -0.0626 -0.8100
vn 0.0041 -0.6428 -0.7661
vn -0.7782 0.4791 -0.4061
vn -0.7321 -0.5501 -0.4018
vn -0.9762 -0.1686 0.1363
vn -0.5884 0.7838 0.1987
vn -0.7375 0.2963 0.6069
vn 0.0019 0.9999 -0.0127
vn -0.8317 0.5366 -0.1430
vn -0.8316 0.5366 -0.1430
vn -0.8317 -0.3932 -0.3921
vn 0.0019 -0.8596 -0.5109
vn 0.8355 -0.3963 -0.3806
vn 0.8355 0.5335 -0.1315
vn 0.0020 0.9999 -0.0127
vn -0.3219 -0.4840 -0.8137
vn -0.7291 0.0100 -0.6843
vn 0.0071 0.2588 -0.9659
vn -0.4339 -0.8695 -0.2362
vn -0.9749 -0.2131 -0.0643
vn -0.3313 -0.8248 0.4582
vn -0.7385 -0.3308 0.5875
vn -0.0071 -0.2589 0.9659
vn 0.3219 -0.8260 0.4627
vn -0.0071 -0.2588 0.9659
vn 0.4339 -0.8711 -0.2302
vn 0.3313 -0.4852 -0.8092
vn 0.7291 -0.3335 0.5976
vn 0.9749 -0.2167 -0.0509
vn 0.7385 0.0073 -0.6742
vn 0.5838 0.2818 0.7615
vn 0.7818 0.6008 0.1668
vn 0.5932 0.6226 -0.5104
vn 0.0072 0.2588 -0.9659
vn -0.0047 0.5566 0.8307
vn -0.0072 -0.2588 0.9659
vn -0.0000 0.9659 0.2588
vn 0.0047 0.8974 -0.4411
vn -0.5931 0.2840 0.7533
vn -0.7818 0.6037 0.1560
vn -0.0072 -0.2589 0.9659
vn -0.5838 0.6248 -0.5185
vn -0.7291 0.0100 -0.6844
vn 0.0007 0.9869 0.1612
vn -0.8323 0.5523 -0.0480
vn -0.8311 -0.3201 -0.4548
vn 0.0031 -0.7578 -0.6524
vn 0.8361 -0.3232 -0.4433
vn 0.8349 0.5492 -0.0365
vn -0.3211 -0.3358 -0.8855
vn -0.7290 0.1278 -0.6725
vn 0.0070 0.4226 -0.9063
vn -0.4328 -0.8157 -0.3838
vn -0.9746 -0.1999 -0.1008
vn -0.3304 -0.8922 0.3078
vn -0.7382 -0.4287 0.5208
vn -0.0070 -0.4227 0.9063
vn 0.3228 -0.8935 0.3123
vn -0.0070 -0.4226 0.9063
vn 0.4350 -0.8174 -0.3778
vn 0.3320 -0.3370 -0.8810
vn 0.7294 -0.4314 0.5310
vn 0.9752 -0.2035 -0.0873
vn 0.7386 0.1251 -0.6624
vn 0.5833 0.1460 0.7991
vn 0.7810 0.5636 0.2689
vn 0.5925 0.7025 -0.3943
vn 0.0071 0.4226 -0.9063
vn -0.0056 0.4039 0.9148
vn -0.0012 0.9063 0.4226
vn 0.0037 0.9604 -0.2786
vn -0.5937 0.1482 0.7910
vn -0.0071 -0.4226 0.9063
vn -0.7826 0.5665 0.2581
vn -0.9746 -0.1999 -0.1007
vn -0.5844 0.7046 -0.4024
vn -0.7289 0.1278 -0.6725
vn -0.0011 0.9116 0.4111
vn -0.8333 0.5444 0.0960
vn -0.8333 0.5445 0.0960
vn -0.8304 -0.1929 -0.5227
vn 0.0046 -0.5631 -0.8263
vn 0.0046 -0.5632 -0.8263
vn 0.0047 -0.5632 -0.8263
vn 0.8368 -0.1960 -0.5112
vn 0.0047 -0.5631 -0.8263
vn 0.8339 0.5414 0.1075
vn 0.8339 0.5413 0.1075
vn -0.3203 -0.0957 -0.9425
vn -0.7290 0.2962 -0.6171
vn 0.0064 0.6428 -0.7660
vn -0.4312 -0.6894 -0.5821
vn -0.9742 -0.1687 -0.1498
vn -0.3288 -0.9421 0.0662
vn -0.7375 -0.5502 0.3916
vn -0.0065 -0.6428 0.7660
vn 0.3243 -0.9433 0.0707
vn -0.0064 -0.6428 0.7660
vn 0.4366 -0.6910 -0.5761
vn 0.3329 -0.0969 -0.9380
vn 0.7300 -0.5529 0.4017
vn 0.9756 -0.1723 -0.1363
vn 0.7386 0.2935 -0.6069
vn 0.0065 0.6428 -0.7660
vn 0.5828 -0.0648 0.8100
vn 0.7799 0.4762 0.4062
vn 0.5913 0.7816 -0.1986
vn -0.0065 0.1534 0.9881
vn -0.0030 0.7660 0.6428
vn 0.0020 0.9998 -0.0205
vn -0.5941 -0.0626 0.8019
vn -0.7837 0.4791 0.3954
vn -0.7376 -0.5501 0.3916
vn -0.9742 -0.1686 -0.1497
vn -0.5856 0.7838 -0.2067
vn -0.7290 0.2963 -0.6171
vn -0.5457 0.8380 -0.0038
vn -0.9212 0.0017 -0.3890
vn -0.6437 0.7152 -0.2724
vn -0.7022 0.0013 -0.7120
vn -0.3827 0.8377 -0.3896
vn -0.3763 0.0007 -0.9265
vn -0.2043 0.8374 -0.5070
vn 0.0070 0.4542 -0.8909
vn 0.3890 -0.0007 -0.9212
vn 0.2738 0.7135 -0.6450
vn 0.7120 -0.0013 -0.7022
vn 0.3912 0.8363 -0.3842
vn 0.9265 -0.0017 -0.3763
vn 0.4097 0.8971 -0.1656
vn 0.5488 0.8359 0.0037
vn -0.5055 0.8379 0.2059
vn -0.5457 0.8380 -0.0037
vn -0.9265 0.0017 0.3763
vn -0.3881 0.8377 0.3843
vn -0.7120 0.0013 0.7022
vn -0.2114 0.8374 0.5041
vn -0.3890 0.0007 0.9212
vn -0.0053 0.4542 0.8909
vn 0.2648 0.7135 0.6487
vn 0.3763 -0.0007 0.9265
vn 0.3858 0.8363 0.3897
vn 0.7022 -0.0013 0.7120
vn 0.5057 0.8360 0.2129
vn 0.9212 -0.0017 0.3890
vn 0.5488 0.8359 0.0039
vn 0.2738 0.7134 -0.6451
vn -0.2044 0.8373 -0.5070
vn 0.3912 0.8362 -0.3843
vn 0.4096 0.8971 -0.1656
vn -0.6437 0.7151 -0.2724
vn 0.5488 0.8359 0.0038
vn 0.3858 0.8362 0.3897
vn -0.2114 0.8373 0.5042
vn 0.2648 0.7134 0.6488
vn -1.0000 0.0018 -0.0069
vn -1.0000 0.0020 -0.0069
vn -0.4759 -0.8795 -0.0033
vn -0.5649 -0.5669 -0.5996
vn 0.0016 -0.8796 -0.4757
vn -0.8812 -0.4727 -0.0061
vn -0.8763 0.0016 -0.4817
vn -1.0000 0.0018 -0.0070
vn -0.4503 0.0008 -0.8929
vn 0.0053 -0.4565 -0.8897
vn 0.0069 -0.0001 -1.0000
vn 0.0017 -0.8796 -0.4757
vn 0.4626 -0.0009 -0.8866
vn 0.5710 -0.5690 -0.5918
vn 0.8829 -0.0017 -0.4696
vn 0.4726 -0.8813 0.0033
vn 0.8795 -0.4759 0.0061
vn 0.8763 -0.0017 0.4817
vn 0.5628 -0.5690 0.5996
vn -0.0049 -0.8796 0.4757
vn 0.4503 -0.0009 0.8929
vn -0.0070 -0.4565 0.8897
vn -0.0069 -0.0001 1.0000
vn -0.4626 0.0008 0.8866
vn -0.5731 -0.5669 0.5918
vn -0.8829 0.0016 0.4696
vn -0.8812 -0.4726 -0.0060
vn -0.4759 -0.8795 -0.0032
vn -0.0049 -0.8796 0.4756
vn -0.8795 0.4759 -0.0061
vn -0.8763 0.0017 -0.4817
vn -0.5628 0.5690 -0.5996
vn -0.4503 0.0009 -0.8929
vn 0.0070 0.4565 -0.8897
vn 0.0069 0.0001 -1.0000
vn 0.4626 -0.0008 -0.8866
vn 0.5731 0.5669 -0.5918
vn 0.8829 -0.0016 -0.4696
vn 0.0049 0.8796 -0.4756
vn 0.8812 0.4727 0.0061
vn 0.8763 -0.0016 0.4817
vn 0.4759 0.8795 0.0033
vn 0.5649 0.5669 0.5996
vn 0.4503 -0.0008 0.8929
vn -0.4727 0.8812 -0.0033
vn -0.0016 0.8796 0.4756
vn -0.0053 0.4565 0.8897
vn -0.0069 0.0001 1.0000
vn -0.4626 0.0009 0.8866
vn -0.5710 0.5690 0.5918
vn -0.8829 0.0017 0.4696
vn -1.0000 0.0019 -0.0068
vn -0.5054 0.8379 0.2060
vn -0.3880 0.8377 0.3843
vn -0.2113 0.8374 0.5041
vn 0.3858 0.8363 0.3896
vn -0.3828 0.8377 -0.3896
vn -0.2044 0.8374 -0.5070
vn 0.2737 0.7135 -0.6450
vn 0.3911 0.8363 -0.3843
vn 0.4096 0.8971 -0.1657
vn 0.8521 -0.3966 -0.3415
vn 0.6725 -0.7401 0.0046
vn 0.2570 -0.9664 0.0017
vn 0.2260 -0.8369 -0.4985
vn 0.8853 -0.0455 -0.4628
vn 0.1345 -0.4832 -0.8651
vn 0.8162 0.2161 -0.5358
vn 0.7461 0.4777 -0.4637
vn -0.1225 0.4832 -0.8669
vn 0.6938 0.6692 -0.2659
vn -0.2191 0.8369 -0.5015
vn 0.2160 0.9764 0.0015
vn -0.2570 0.9664 -0.0018
vn 0.5381 0.7663 0.3511
vn -0.2260 0.8369 0.4984
vn 0.7397 0.4777 0.4740
vn -0.1345 0.4832 0.8651
vn 0.8088 0.2161 0.5470
vn 0.8788 -0.0455 0.4750
vn 0.1225 -0.4832 0.8669
vn 0.9311 -0.2370 0.2771
vn 0.2191 -0.8369 0.5015
vn 0.2570 -0.9664 0.0018
vn 0.9311 -0.2370 0.2772
vn 0.6725 -0.7401 0.0047
vn 0.8853 -0.0456 -0.4628
vn 0.8087 0.2161 0.5470
vn 0.7462 0.4777 -0.4637
vn 0.6939 0.6692 -0.2659
vn 0.5380 0.7664 0.3511
vn 0.2160 0.9764 0.0014
vn 0.0658 0.7286 -0.6818
vn -0.5004 0.4707 -0.7266
vn -0.6589 0.7299 -0.1818
vn 0.4564 0.7193 -0.5237
vn -0.6565 0.7195 0.2267
vn 0.5915 0.7060 -0.3895
vn -0.5888 0.7082 0.3896
vn -0.9454 0.0017 0.3258
vn -0.8346 0.0015 0.5509
vn -0.5888 0.7082 0.3895
vn -0.6564 0.7196 0.2267
vn -0.9641 0.0018 -0.2655
vn -0.6588 0.7300 -0.1818
vn -0.5679 0.0011 -0.8231
vn -0.5005 0.4706 -0.7266
vn 0.0940 -0.0002 -0.9956
vn 0.0658 0.7287 -0.6817
vn 0.6559 -0.0012 -0.7549
vn 0.4563 0.7194 -0.5237
vn 0.8346 -0.0015 -0.5509
vn 0.5914 0.7060 -0.3895
vn -0.2925 0.8413 0.4546
vn -0.0441 0.4598 0.8869
vn 0.3179 0.7186 0.6185
vn 0.4562 0.8399 0.2941
vn -0.4804 0.8416 0.2467
vn 0.5423 0.8397 0.0274
vn -0.5334 0.8334 0.1447
vn 0.7004 0.7066 -0.1011
vn 0.7064 0.7058 -0.0538
vn -0.6706 0.7083 0.2204
vn -0.9653 0.0018 0.2610
vn -0.8902 0.0016 0.4556
vn -0.5431 0.0010 0.8397
vn -0.0440 0.4598 0.8869
vn -0.0506 0.0001 0.9987
vn -0.0505 0.0002 0.9987
vn 0.3179 0.7187 0.6184
vn 0.4556 -0.0009 0.8902
vn 0.8397 -0.0016 0.5431
vn 0.9987 -0.0019 0.0505
vn 0.7003 0.7067 -0.1012
vn 0.9897 -0.0018 -0.1432
vn -0.9502 0.0018 0.3117
vn -0.9653 0.0018 0.2611
vn -0.6705 0.7084 0.2204
vn 0.9971 -0.0019 -0.0760
vn 0.7064 0.7058 -0.0537
vn 0.7003 0.7067 -0.1011
vn 0.9026 0.1525 0.4027
vn 0.8170 0.5363 0.2120
vn 0.3211 0.8783 0.3542
vn 0.3261 0.3519 0.8774
vn -0.0056 0.3827 0.9238
vn -0.0009 0.9239 0.3827
vn -0.0056 0.3827 0.9239
vn -0.0062 -0.7071 0.7071
vn 0.1843 -0.7212 0.6678
vn 0.9026 0.1525 0.4026
vn 0.5716 -0.7540 0.3237
vn 0.8707 -0.0016 0.4918
vn 0.5745 0.7518 0.3237
vn 0.1870 0.7205 0.6678
vn 0.2679 -0.0005 0.9634
vn -0.0035 0.7071 0.7071
vn 0.1879 0.7206 0.6674
vn 0.1852 -0.7213 0.6674
vn 0.9441 0.1202 -0.3071
vn 0.9501 -0.0017 -0.3119
vn 0.2812 -0.0005 -0.9597
vn 0.3381 0.3519 -0.8728
vn 0.0071 0.3826 -0.9239
vn 0.5751 0.7516 0.3231
vn 0.5723 -0.7538 0.3230
vn 0.5744 0.5763 0.5813
vn 0.5723 -0.5784 0.5813
vn 0.8144 0.4068 0.4138
vn 0.5744 0.7518 0.3237
vn 0.5751 0.7516 0.3230
vn 0.1870 0.7204 0.6678
vn 0.8144 0.4068 0.4139
vn 0.8129 -0.4097 0.4139
vn 0.5723 -0.7537 0.3231
vn 0.8129 -0.4098 0.4139
vn 0.5717 -0.7540 0.3236
vn 0.1844 -0.7211 0.6678
vn 0.3381 0.3520 -0.8728
vn 0.0071 0.3827 -0.9238
vn 0.0044 0.9239 -0.3827
vn 0.3260 0.8783 -0.3497
vn 0.8198 0.5363 -0.2007
vn 0.5744 0.7519 0.3236
vn 0.8170 0.5363 0.2119
vn 0.3211 0.8783 0.3541
vn 0.0044 0.9239 -0.3826
vn -0.8178 0.5393 0.2007
vn -0.9075 0.1558 0.3901
vn -0.3227 0.8795 0.3497
vn -0.3368 0.3532 0.8728
vn -0.0057 0.3827 0.9238
vn -0.0057 0.3827 0.9239
vn -0.1962 -0.7205 0.6651
vn -0.3368 0.3531 0.8728
vn -0.9075 0.1559 0.3901
vn -0.5789 -0.7518 0.3157
vn -0.5760 0.7540 0.3158
vn -0.8774 0.0016 0.4798
vn -0.1936 0.7212 0.6651
vn -0.2812 0.0005 0.9597
vn -0.1971 -0.7206 0.6647
vn -0.1944 0.7213 0.6648
vn -0.9457 0.0018 -0.3249
vn -0.9393 0.1237 -0.3201
vn -0.2679 0.0005 -0.9634
vn -0.3248 0.3531 -0.8774
vn -0.5767 0.7537 0.3151
vn -0.1970 -0.7206 0.6647
vn -0.5795 -0.7516 0.3151
vn -0.5794 -0.7516 0.3151
vn -0.5824 -0.5763 0.5734
vn -0.5802 0.5784 0.5733
vn -0.5802 0.5784 0.5734
vn -0.8185 0.4098 0.4027
vn -0.5761 0.7540 0.3157
vn -0.5767 0.7537 0.3152
vn -0.1936 0.7211 0.6652
vn -0.8200 -0.4068 0.4026
vn -0.8186 0.4097 0.4026
vn -0.5803 0.5784 0.5734
vn -0.5824 -0.5763 0.5733
vn -0.8201 -0.4068 0.4025
vn -0.5788 -0.7518 0.3158
vn -0.1971 -0.7206 0.6648
vn -0.1962 -0.7204 0.6652
vn -0.3248 0.3532 -0.8774
vn 0.0045 0.9239 -0.3827
vn -0.3179 0.8795 -0.3542
vn -0.8150 0.5393 -0.2120
vn -0.9393 0.1237 -0.3200
vn -0.5788 -0.7519 0.3157
vn -0.9075 0.1558 0.3902
vn -0.8150 0.5393 -0.2119
vn -0.8179 0.5393 0.2007
vn -0.3179 0.8795 -0.3541
vn 0.0043 0.9239 -0.3826
vn 0.9080 0.1525 -0.3901
vn 0.0036 -0.7071 -0.7071
vn 0.0071 0.3827 -0.9239
vn 0.1936 -0.7212 -0.6651
vn 0.5761 -0.7540 -0.3157
vn 0.5788 0.7519 -0.3158
vn 0.8774 -0.0018 -0.4798
vn 0.1962 0.7205 -0.6651
vn 0.1944 -0.7213 -0.6648
vn 0.1971 0.7206 -0.6647
vn 0.9457 -0.0017 0.3249
vn 0.9397 0.1202 0.3201
vn -0.0056 0.3826 0.9239
vn 0.5795 0.7516 -0.3151
vn 0.5767 -0.7537 -0.3151
vn 0.5767 -0.7538 -0.3151
vn 0.5802 -0.5784 -0.5734
vn 0.5824 0.5763 -0.5733
vn 0.5824 0.5763 -0.5734
vn 0.8200 0.4068 -0.4026
vn 0.5789 0.7518 -0.3157
vn 0.1963 0.7204 -0.6652
vn 0.1970 0.7206 -0.6648
vn 0.8185 -0.4098 -0.4026
vn 0.8201 0.4067 -0.4026
vn 0.5803 -0.5784 -0.5733
vn 0.8186 -0.4098 -0.4025
vn 0.5760 -0.7540 -0.3158
vn 0.1935 -0.7211 -0.6652
vn 0.3261 0.3520 0.8774
vn 0.8774 -0.0016 -0.4798
vn 0.5788 0.7518 -0.3158
vn 0.9397 0.1202 0.3200
vn 0.5760 -0.7540 -0.3157
vn 0.9080 0.1524 -0.3902
vn -0.9020 0.1558 -0.4027
vn 0.0043 0.9239 -0.3827
vn 0.0035 -0.7071 -0.7071
vn -0.1871 -0.7205 -0.6678
vn -0.9020 0.1558 -0.4026
vn -0.5744 -0.7519 -0.3237
vn -0.8707 0.0016 -0.4918
vn -0.5717 0.7540 -0.3236
vn -0.1844 0.7212 -0.6677
vn -0.1852 0.7213 -0.6674
vn -0.1879 -0.7206 -0.6674
vn -0.9436 0.1237 0.3071
vn -0.9501 0.0018 0.3119
vn -0.0057 0.3826 0.9239
vn -0.5723 0.7537 -0.3230
vn -0.5751 -0.7516 -0.3230
vn -0.5723 0.5784 -0.5813
vn -0.5744 -0.5763 -0.5813
vn -0.5750 -0.7516 -0.3231
vn -0.8129 0.4098 -0.4138
vn -0.5716 0.7540 -0.3237
vn -0.1843 0.7211 -0.6678
vn -0.1853 0.7213 -0.6674
vn -0.8129 0.4098 -0.4139
vn -0.8144 -0.4067 -0.4139
vn -0.5751 -0.7516 -0.3231
vn -0.8144 -0.4068 -0.4139
vn -0.5745 -0.7518 -0.3237
vn -0.1878 -0.7206 -0.6675
vn -0.1871 -0.7204 -0.6678
vn -0.3227 0.8795 0.3498
vn -0.5716 0.7540 -0.3236
vn -0.5744 -0.7518 -0.3237
vn -0.9020 0.1559 -0.4026
vn 0.3096 -0.0006 0.9509
vn -0.4104 0.2047 0.8886
vn -0.3986 0.2513 0.8820
vn -0.3395 0.1096 0.9342
vn 0.8371 -0.1957 0.5108
vn -0.7100 -0.1721 0.6828
vn -0.8125 0.5241 0.2553
vn -0.3931 0.9193 0.0193
vn -0.4442 0.8959 -0.0031
vn 0.7091 0.7050 0.0048
vn 0.7058 0.7048 -0.0721
vn -0.6989 0.6473 -0.3043
vn 0.7029 0.6944 -0.1542
vn 0.5316 0.7882 0.3102
vn -0.5738 0.7938 0.2015
vn 0.3097 -0.0005 0.9508
vn 0.7091 0.7051 0.0048
vn 0.7057 0.7048 -0.0721
vn 0.6991 -0.5960 0.3951
vn 0.5226 -0.1375 0.8414
vn 0.5315 0.7882 0.3104
vn 0.5315 0.7882 0.3103
vn -0.5738 0.7939 0.2015
vn -0.5857 -0.2017 0.7851
vn 0.5226 -0.1376 0.8414
vn -0.8421 0.5393 -0.0058
vn -0.8064 0.5151 0.2905
vn -0.8929 0.4501 -0.0062
vn -0.8510 0.4288 0.3033
vn -0.3985 0.2514 0.8820
vn -0.9500 0.3123 -0.0065
vn -0.9011 0.2957 0.3170
vn -0.3396 0.1096 0.9342
vn -0.9907 0.1360 -0.0068
vn -0.9310 0.1641 0.3260
vn -0.3932 0.9193 0.0193
vn -0.4443 0.8959 -0.0030
vn -0.7191 -0.6496 0.2467
vn -0.7100 -0.1722 0.6829
vn 0.8371 -0.1957 0.5109
vn 0.6991 -0.5959 0.3951
vn -0.5857 -0.2016 0.7850
vn 0.5225 -0.1375 0.8415
vn -0.6988 0.6474 -0.3043
vn -0.3932 0.9193 0.0192
vn -0.7190 -0.6497 0.2468
vn -0.5738 0.7939 0.2014
vn -0.5857 -0.2016 0.7851
vn -0.3981 0.2047 -0.8942
vn 0.3227 -0.0006 -0.9465
vn -0.3863 0.2513 -0.8875
vn -0.3266 0.1096 -0.9388
vn 0.8441 -0.1957 -0.4992
vn -0.7006 -0.1721 -0.6925
vn -0.3928 0.9193 -0.0247
vn -0.8089 0.5241 -0.2665
vn -0.4442 0.8959 -0.0030
vn 0.7091 0.7050 0.0049
vn 0.7047 0.7048 0.0817
vn -0.7030 0.6473 0.2946
vn 0.7007 0.6944 0.1638
vn 0.5357 0.7882 -0.3029
vn -0.5710 0.7938 -0.2094
vn 0.3228 -0.0005 -0.9465
vn 0.7091 0.7051 0.0049
vn 0.7046 0.7048 0.0817
vn 0.7044 -0.5960 -0.3854
vn 0.7007 0.6944 0.1639
vn 0.5341 -0.1375 -0.8341
vn 0.5358 0.7882 -0.3029
vn 0.5342 -0.1376 -0.8341
vn -0.5748 -0.2017 -0.7931
vn -0.5709 0.7939 -0.2094
vn -0.8023 0.5151 -0.3016
vn -0.8467 0.4288 -0.3150
vn -0.3864 0.2513 -0.8874
vn -0.9500 0.3123 -0.0066
vn -0.3982 0.2047 -0.8942
vn -0.8967 0.2956 -0.3294
vn -0.3267 0.1096 -0.9388
vn -0.9264 0.1641 -0.3388
vn -0.7005 -0.1721 -0.6926
vn -0.3928 0.9193 -0.0248
vn -0.8089 0.5241 -0.2664
vn -0.7005 -0.1722 -0.6926
vn -0.7156 -0.6496 -0.2566
vn 0.7045 -0.5959 -0.3854
vn -0.5748 -0.2016 -0.7931
vn 0.5342 -0.1375 -0.8341
vn -0.3929 0.9192 -0.0247
vn -0.7029 0.6474 0.2947
vn -0.7156 -0.6497 -0.2566
vn -0.5709 0.7938 -0.2094
vn 0.4739 0.7117 0.5186
vn 0.6489 0.2694 0.7116
vn 0.6587 0.2693 -0.7026
vn -0.7022 0.0013 -0.7119
vn -0.5722 0.5785 -0.5813
vn 0.4809 0.7117 -0.5120
vn -0.7119 0.0013 0.7022
vn -0.5802 0.5785 0.5733
vn -0.5723 0.5784 -0.5814
vn 0.4739 0.7116 0.5186
vn 0.4810 0.7116 -0.5121
vn 0.6586 0.2694 -0.7026
vn 0.4738 0.7117 0.5187
vn -0.5173 0.7135 0.4726
vn -0.7111 0.2719 0.6484
vn 0.7031 0.2692 0.6582
vn 0.7119 -0.0013 -0.7022
vn 0.5134 0.7116 0.4796
vn 0.5824 0.5762 -0.5733
vn 0.5823 0.5763 -0.5734
vn 0.7031 0.2693 0.6581
vn -0.5173 0.7135 0.4725
vn -0.4712 0.7134 -0.5186
vn -0.6479 0.2718 -0.7116
vn -0.6577 0.2718 0.7026
vn 0.7022 -0.0013 0.7119
vn -0.4783 0.7135 0.5121
vn 0.5744 0.5762 0.5814
vn 0.5745 0.5763 0.5813
vn -0.4713 0.7134 -0.5186
vn -0.4783 0.7134 0.5121
vn -0.6576 0.2718 0.7026
vn -0.4783 0.7135 0.5120
vn -0.4712 0.7134 -0.5187
vn -0.5107 0.7135 -0.4796
vn -0.7021 0.2719 -0.6582
vn 0.7121 0.2693 -0.6484
vn 0.5199 0.7116 -0.4726
vn -0.5108 0.7135 -0.4796
vn -0.7021 0.2719 -0.6581
vn -0.5107 0.7136 -0.4796
vn 0.5200 0.7116 -0.4725
vn -0.8099 0.0015 0.5865
vn -0.5865 0.0011 -0.8100
vn 0.5865 -0.0011 0.8099
vn -0.8100 0.0015 0.5864
vn 0.8099 -0.0014 -0.5865
vn 0.5865 -0.0011 0.8100
vn 0.8099 -0.0015 -0.5865
vn -0.5865 0.0011 -0.8099
vn 0.8100 -0.0015 -0.5864
vn -0.5864 0.0011 -0.8100
vn 0.5865 -0.0010 0.8099
vn 0.5864 -0.0011 0.8100
vn 0.8100 -0.0015 -0.5865
vn -0.8100 0.0015 0.5865
vn -0.5865 0.0012 -0.8099
vn -0.8100 0.0017 0.5865
vn -0.8017 0.0015 -0.5977
vn -0.5976 0.0011 0.8018
vn -0.5976 0.0012 0.8018
vn 0.5976 -0.0011 -0.8018
vn -0.8018 0.0015 -0.5976
vn 0.8017 -0.0015 0.5977
vn 0.8018 -0.0015 0.5976
vn 0.5977 -0.0011 -0.8017
vn 0.5977 -0.0009 -0.8018
vn 0.8018 -0.0014 0.5976
vn -0.8018 0.0016 -0.5976
vn 0.5977 -0.0011 -0.8018
vn 0.8018 -0.0015 0.5977
vn -0.5977 0.0011 0.8018
vn -0.0019 -1.0000 -0.0000
vn 0.0017 -0.8797 -0.4756
vn -0.0049 -0.8797 0.4756
vn 0.6441 0.3587 -0.6757
vn 0.9403 0.3114 -0.1372
vn 0.6911 0.1826 -0.6994
vn 0.5999 0.5228 -0.6056
vn 0.9540 0.2534 -0.1600
vn 0.7377 0.0065 -0.6751
vn 0.9709 0.1964 -0.1370
vn 0.7809 -0.1577 -0.6044
vn 0.8176 -0.2986 -0.4923
vn 0.9234 0.3673 -0.1114
vn 0.5617 0.6637 -0.4940
vn 0.9444 0.2508 -0.2125
vn 0.9840 0.1396 -0.1110
vn 0.8454 -0.4067 -0.3463
vn 0.9181 0.3928 -0.0532
vn 0.5319 0.7718 -0.3483
vn 0.5127 0.8398 -0.1787
vn 0.9042 0.4005 -0.1487
vn 0.9664 0.2570 0.0067
vn 0.9838 0.1011 -0.1481
vn 0.9920 0.1150 -0.0527
vn 0.8672 -0.4979 0.0059
vn 0.9101 0.4144 0.0063
vn 0.5053 0.8630 0.0035
vn 0.8866 0.4625 0.0061
vn 0.9173 0.3928 0.0659
vn 0.5102 0.8398 0.1858
vn 0.5271 0.7718 0.3557
vn 0.9992 0.0391 0.0069
vn 0.9957 0.0925 0.0069
vn 0.8598 -0.4748 0.1881
vn 0.9911 0.1150 0.0664
vn 0.8405 -0.4068 0.3578
vn 0.8108 -0.2987 0.5034
vn 0.9020 0.4005 0.1611
vn 0.9218 0.3673 0.1241
vn 0.5548 0.6636 0.5017
vn 0.9383 0.3114 0.1502
vn 0.5916 0.5227 0.6139
vn 0.6347 0.3586 0.6845
vn 0.9817 0.1011 0.1617
vn 0.9823 0.1396 0.1246
vn 0.7725 -0.1578 0.6151
vn 0.9414 0.2508 0.2255
vn 0.9517 0.2534 0.1731
vn 0.9689 0.1964 0.1504
vn 0.7284 0.0064 0.6851
vt 0.165437 0.272891
vt 0.149521 0.233946
vt 0.149721 0.191876
vt 0.195044 0.302781
vt 0.166005 0.153084
vt 0.233836 0.319064
vt 0.195894 0.123476
vt 0.233860 0.107760
vt 0.276887 0.319064
vt 0.274947 0.107379
vt 0.316509 0.302230
vt 0.314035 0.122941
vt 0.345844 0.272074
vt 0.344191 0.152276
vt 0.361407 0.232986
vt 0.360826 0.190919
vt 0.261782 0.324970
vt 0.261782 0.376765
vt 0.057510 0.324970
vt 0.192048 0.390292
vt 0.026645 0.330453
vt 0.131203 0.430137
vt 0.090236 0.490233
vt 0.008126 0.346900
vt 0.001953 0.374312
vt 0.075386 0.561432
vt 0.001953 0.729849
vt 0.088913 0.632894
vt 0.008127 0.757261
vt 0.128758 0.693740
vt 0.026645 0.773709
vt 0.188855 0.734706
vt 0.057510 0.779191
vt 0.261782 0.749556
vt 0.261782 0.779191
vt 0.092301 0.592096
vt 0.092301 0.527122
vt 0.163323 0.592096
vt 0.163323 0.527122
vt 0.236043 0.592096
vt 0.236043 0.527122
vt 0.308763 0.592096
vt 0.308763 0.527122
vt 0.381482 0.592096
vt 0.381482 0.527122
vt 0.599640 0.527122
vt 0.674052 0.527122
vt 0.674052 0.592096
vt 0.599640 0.592096
vt 0.526921 0.527122
vt 0.526921 0.592096
vt 0.454201 0.527122
vt 0.454201 0.592096
vt 0.818390 0.089582
vt 0.589351 0.089582
vt 0.818390 0.012749
vt 0.589351 0.012749
vt 0.557814 0.089582
vt 0.557814 0.012749
vt 0.532288 0.089582
vt 0.532288 0.012749
vt 0.504568 0.089582
vt 0.504568 0.012749
vt 0.107359 0.089582
vt 0.107359 0.012749
vt 0.818390 0.001953
vt 0.818390 0.007394
vt 0.589368 0.001953
vt 0.589373 0.007394
vt 0.557803 0.001953
vt 0.557807 0.007394
vt 0.532288 0.001953
vt 0.532315 0.007394
vt 0.504595 0.001953
vt 0.504549 0.007394
vt 0.107359 0.001953
vt 0.107359 0.007394
vt 0.107359 0.101474
vt 0.107359 0.095567
vt 0.504577 0.101474
vt 0.504577 0.095567
vt 0.532316 0.101474
vt 0.532282 0.095567
vt 0.557847 0.101474
vt 0.557822 0.095567
vt 0.589350 0.101474
vt 0.589339 0.095567
vt 0.818390 0.101474
vt 0.818390 0.095567
vt 0.001953 0.897245
vt 0.127907 0.897294
vt 0.127907 0.946529
vt 0.002532 0.946496
vt 0.008127 0.757261
vt 0.107359 0.095567
vt 0.504577 0.095567
vt 0.532282 0.095567
vt 0.557822 0.095567
vt 0.589339 0.095567
vt 0.818390 0.095567
vt 0.067192 0.001955
vt 0.071700 0.025482
vt 0.001953 0.001953
vt 0.012050 0.040010
vt 0.052607 0.053087
vt 0.098644 0.047686
vt 0.060518 0.101847
vt 0.097536 0.094703
vt 0.070149 0.149913
vt 0.099438 0.140720
vt 0.079821 0.183851
vt 0.104447 0.174261
vt 0.092474 0.216577
vt 0.113995 0.205824
vt 0.106945 0.244737
vt 0.125681 0.232847
vt 0.124573 0.271025
vt 0.140281 0.258231
vt 0.139372 0.288935
vt 0.153046 0.275793
vt 0.155563 0.305828
vt 0.167085 0.292591
vt 0.200983 0.606686
vt 0.198887 0.646466
vt 0.191794 0.605497
vt 0.190229 0.646247
vt 0.147267 0.646247
vt 0.145664 0.605497
vt 0.138377 0.646466
vt 0.136270 0.606686
vt 0.830629 0.107733
vt 0.828043 0.157152
vt 0.821086 0.107379
vt 0.819206 0.157122
vt 0.781333 0.157122
vt 0.779452 0.107379
vt 0.817334 0.206431
vt 0.825502 0.206312
vt 0.823812 0.241836
vt 0.772496 0.157153
vt 0.769909 0.107733
vt 0.783207 0.206431
vt 0.775039 0.206312
vt 0.776732 0.241837
vt 0.784486 0.241876
vt 0.785769 0.277099
vt 0.778413 0.277201
vt 0.779822 0.309178
vt 0.816059 0.241876
vt 0.814780 0.277099
vt 0.822136 0.277200
vt 0.820733 0.309177
vt 0.813727 0.308978
vt 0.786827 0.308978
vt 0.787883 0.340852
vt 0.781192 0.341136
vt 0.782063 0.364611
vt 0.812676 0.340852
vt 0.819366 0.341135
vt 0.818498 0.364611
vt 0.812005 0.364457
vt 0.788556 0.364457
vt 0.811368 0.388299
vt 0.817735 0.388111
vt 0.789194 0.388299
vt 0.782827 0.388112
vt 0.198255 0.689454
vt 0.189777 0.689442
vt 0.147713 0.689442
vt 0.139163 0.689454
vt 0.763577 0.432930
vt 0.762279 0.410272
vt 0.826706 0.410272
vt 0.825409 0.432930
vt 0.071700 0.025482
vt 0.067192 0.001955
vt 0.012049 0.040010
vt 0.052606 0.053087
vt 0.098644 0.047687
vt 0.060517 0.101847
vt 0.097535 0.094703
vt 0.070149 0.149913
vt 0.099437 0.140720
vt 0.079820 0.183851
vt 0.104446 0.174261
vt 0.092473 0.216577
vt 0.113995 0.205824
vt 0.106945 0.244737
vt 0.125681 0.232847
vt 0.124573 0.271025
vt 0.140280 0.258231
vt 0.139371 0.288935
vt 0.153045 0.275793
vt 0.155562 0.305828
vt 0.167085 0.292591
vt 0.811776 0.707752
vt 0.810858 0.729778
vt 0.778128 0.729778
vt 0.777210 0.707752
vt 0.812694 0.685909
vt 0.776291 0.685909
vt 0.814127 0.656456
vt 0.774858 0.656456
vt 0.773426 0.626844
vt 0.815560 0.626844
vt 0.817328 0.593685
vt 0.771658 0.593685
vt 0.769889 0.559580
vt 0.819096 0.559580
vt 0.821656 0.513272
vt 0.767330 0.513272
vt 0.764769 0.465982
vt 0.824216 0.465982
vt 0.449133 0.124180
vt 0.444647 0.128657
vt 0.422541 0.128657
vt 0.418055 0.124180
vt 0.417341 0.106648
vt 0.449848 0.106648
vt 0.917909 0.170063
vt 0.917909 0.190524
vt 0.903681 0.170063
vt 0.903681 0.190524
vt 0.893385 0.170063
vt 0.917909 0.211234
vt 0.893385 0.190524
vt 0.903681 0.211234
vt 0.917909 0.231784
vt 0.893385 0.211234
vt 0.903681 0.231784
vt 0.917909 0.252334
vt 0.893385 0.231784
vt 0.903681 0.252334
vt 0.917909 0.272883
vt 0.893385 0.252334
vt 0.903681 0.272883
vt 0.917909 0.293419
vt 0.893385 0.272883
vt 0.903681 0.293419
vt 0.917909 0.313984
vt 0.893385 0.293419
vt 0.903681 0.313984
vt 0.917909 0.334574
vt 0.893385 0.313984
vt 0.903681 0.334574
vt 0.917909 0.355179
vt 0.893385 0.334574
vt 0.903681 0.355179
vt 0.917909 0.375787
vt 0.893385 0.355179
vt 0.903681 0.375787
vt 0.917909 0.396356
vt 0.893385 0.375787
vt 0.903681 0.396356
vt 0.917909 0.417351
vt 0.893385 0.396356
vt 0.903681 0.417351
vt 0.893385 0.417351
vt 0.993492 0.423562
vt 0.993492 0.440124
vt 0.973154 0.423562
vt 0.973154 0.440124
vt 0.993492 0.456975
vt 0.973154 0.456975
vt 0.993492 0.473955
vt 0.973154 0.473955
vt 0.993492 0.490973
vt 0.973154 0.490973
vt 0.993492 0.508022
vt 0.973154 0.508022
vt 0.993492 0.525096
vt 0.973154 0.525096
vt 0.993492 0.542068
vt 0.973154 0.542068
vt 0.993492 0.559053
vt 0.973154 0.559053
vt 0.993492 0.576027
vt 0.973154 0.576027
vt 0.993492 0.592960
vt 0.973154 0.592960
vt 0.993492 0.609896
vt 0.973154 0.609896
vt 0.993492 0.626916
vt 0.973154 0.626916
vt 0.839176 0.378395
vt 0.839176 0.324617
vt 0.857886 0.324617
vt 0.857886 0.378395
vt 0.839176 0.432171
vt 0.857886 0.432171
vt 0.839176 0.485949
vt 0.857886 0.485949
vt 0.839176 0.539729
vt 0.857886 0.539729
vt 0.839176 0.593508
vt 0.857886 0.593508
vt 0.839176 0.647286
vt 0.857886 0.647286
vt 0.884991 0.593501
vt 0.884991 0.647281
vt 0.866280 0.647281
vt 0.866280 0.593501
vt 0.884991 0.539721
vt 0.866280 0.539721
vt 0.884991 0.485941
vt 0.866280 0.485941
vt 0.884991 0.432162
vt 0.866280 0.432162
vt 0.884991 0.378388
vt 0.866280 0.378388
vt 0.884991 0.324609
vt 0.866280 0.324609
vt 0.884991 0.270831
vt 0.866280 0.270831
vt 0.884991 0.217059
vt 0.866280 0.217059
vt 0.884991 0.163281
vt 0.866280 0.163281
vt 0.884991 0.109504
vt 0.866280 0.109504
vt 0.884991 0.055729
vt 0.866280 0.055729
vt 0.884991 0.001953
vt 0.866280 0.001953
vt 0.839176 0.055731
vt 0.839176 0.001953
vt 0.857886 0.001953
vt 0.857886 0.055731
vt 0.839176 0.109510
vt 0.857886 0.109510
vt 0.839176 0.163288
vt 0.857886 0.163288
vt 0.839176 0.217065
vt 0.857886 0.217065
vt 0.839176 0.270838
vt 0.857886 0.270838
vt 0.118901 0.116509
vt 0.111542 0.122156
vt 0.114850 0.118848
vt 0.109203 0.126207
vt 0.123419 0.115299
vt 0.107993 0.130725
vt 0.128097 0.115299
vt 0.107992 0.135403
vt 0.132615 0.116509
vt 0.109203 0.139921
vt 0.136666 0.118848
vt 0.111542 0.143972
vt 0.139973 0.122156
vt 0.114850 0.147280
vt 0.142312 0.126207
vt 0.118901 0.149619
vt 0.143523 0.130725
vt 0.123419 0.150829
vt 0.143523 0.135403
vt 0.128096 0.150829
vt 0.142312 0.139921
vt 0.132615 0.149619
vt 0.139973 0.143972
vt 0.136666 0.147280
vt 0.519233 0.971659
vt 0.529571 0.971659
vt 0.529571 0.981779
vt 0.519233 0.981779
vt 0.508894 0.971659
vt 0.508894 0.981779
vt 0.498555 0.971659
vt 0.498555 0.981779
vt 0.488216 0.971659
vt 0.488216 0.981779
vt 0.477877 0.971659
vt 0.477877 0.981779
vt 0.467539 0.971659
vt 0.467539 0.981779
vt 0.457200 0.971659
vt 0.457200 0.981779
vt 0.446862 0.971659
vt 0.446862 0.981779
vt 0.436523 0.971659
vt 0.436523 0.981779
vt 0.426184 0.971659
vt 0.426184 0.981779
vt 0.415845 0.971659
vt 0.415845 0.981779
vt 0.405507 0.971659
vt 0.405507 0.981779
vt 0.725866 0.117363
vt 0.728542 0.127350
vt 0.725866 0.137336
vt 0.718556 0.144646
vt 0.718556 0.110053
vt 0.708569 0.147322
vt 0.708569 0.107377
vt 0.698583 0.144646
vt 0.698583 0.110053
vt 0.691272 0.137336
vt 0.691272 0.117363
vt 0.688596 0.127350
vt 0.380645 0.696155
vt 0.422421 0.696155
vt 0.422421 0.700525
vt 0.380645 0.700525
vt 0.422421 0.726940
vt 0.338869 0.696155
vt 0.380645 0.726940
vt 0.338869 0.700525
vt 0.338869 0.726940
vt 0.333228 0.700525
vt 0.333228 0.726940
vt 0.379371 0.483283
vt 0.430012 0.483283
vt 0.430012 0.487646
vt 0.379371 0.487646
vt 0.430012 0.514024
vt 0.335178 0.483283
vt 0.379371 0.514024
vt 0.335178 0.487646
vt 0.278090 0.483283
vt 0.335178 0.514024
vt 0.278090 0.487646
vt 0.278090 0.514024
vt 0.272996 0.487646
vt 0.272996 0.514024
vt 0.507083 0.935319
vt 0.546095 0.935319
vt 0.546095 0.939639
vt 0.507083 0.939639
vt 0.546095 0.965754
vt 0.466673 0.935319
vt 0.507083 0.965754
vt 0.466673 0.939639
vt 0.429057 0.935319
vt 0.466673 0.965754
vt 0.429057 0.939639
vt 0.429057 0.965754
vt 0.423576 0.939639
vt 0.423576 0.965754
vt 0.152607 0.483998
vt 0.195486 0.483998
vt 0.195486 0.488301
vt 0.152607 0.488301
vt 0.195486 0.514309
vt 0.109729 0.483998
vt 0.152607 0.514309
vt 0.109729 0.488301
vt 0.109729 0.514309
vt 0.104347 0.488301
vt 0.104347 0.514309
vt 0.982277 0.831585
vt 0.990985 0.836539
vt 0.973728 0.837366
vt 0.971686 0.847635
vt 0.995359 0.847735
vt 0.976243 0.867266
vt 0.995262 0.867202
vt 0.995366 0.893563
vt 0.981961 0.893517
vt 0.995327 0.920525
vt 0.984942 0.920575
vt 0.995438 0.948519
vt 0.983798 0.948891
vt 0.981557 0.972449
vt 0.995352 0.972849
vt 0.983676 0.978297
vt 0.993728 0.978566
vt 0.988687 0.981314
vt 0.265627 0.993550
vt 0.274575 0.993550
vt 0.274575 0.996388
vt 0.265627 0.996388
vt 0.255734 0.993550
vt 0.255734 0.996388
vt 0.241881 0.993550
vt 0.241881 0.996388
vt 0.220555 0.993550
vt 0.220555 0.996388
vt 0.194724 0.993550
vt 0.194724 0.996388
vt 0.167953 0.993550
vt 0.167953 0.996388
vt 0.144178 0.993550
vt 0.144178 0.996388
vt 0.131030 0.993550
vt 0.131030 0.996388
vt 0.125428 0.993550
vt 0.125428 0.996388
vt 0.982077 0.416604
vt 0.979038 0.416604
vt 0.982077 0.412501
vt 0.979038 0.412501
vt 0.982077 0.402857
vt 0.979038 0.402857
vt 0.982077 0.377545
vt 0.979038 0.377545
vt 0.982077 0.345917
vt 0.979038 0.345917
vt 0.982077 0.313160
vt 0.979038 0.313160
vt 0.982076 0.284989
vt 0.979038 0.284989
vt 0.982076 0.271456
vt 0.979038 0.271456
vt 0.982076 0.269168
vt 0.979038 0.269168
vt 0.982076 0.268736
vt 0.979038 0.268736
vt 0.034594 0.306237
vt 0.042949 0.308566
vt 0.056563 0.277068
vt 0.039246 0.272240
vt 0.025920 0.306237
vt 0.021268 0.272240
vt 0.017568 0.308566
vt 0.003951 0.277068
vt 0.021268 0.272240
vt 0.039246 0.272240
vt 0.005703 0.248459
vt 0.016900 0.247926
vt 0.012006 0.261082
vt 0.016326 0.237425
vt 0.003415 0.237392
vt 0.016926 0.227022
vt 0.005731 0.226396
vt 0.012070 0.213906
vt 0.028556 0.226957
vt 0.022708 0.214130
vt 0.028425 0.237466
vt 0.028496 0.248020
vt 0.022720 0.260877
vt 0.040274 0.226911
vt 0.034372 0.214044
vt 0.040277 0.237512
vt 0.040241 0.248135
vt 0.034232 0.260980
vt 0.052063 0.226932
vt 0.046152 0.214006
vt 0.052086 0.237520
vt 0.052032 0.248146
vt 0.046084 0.261056
vt 0.063831 0.227024
vt 0.057986 0.214075
vt 0.063939 0.237543
vt 0.063800 0.248085
vt 0.057921 0.261019
vt 0.075474 0.227159
vt 0.069742 0.214188
vt 0.076038 0.237574
vt 0.086671 0.226596
vt 0.080365 0.213990
vt 0.088949 0.237608
vt 0.075443 0.247981
vt 0.069677 0.260936
vt 0.086638 0.248604
vt 0.080299 0.261163
vt 0.034597 0.306250
vt 0.042959 0.308581
vt 0.056585 0.277056
vt 0.039253 0.272225
vt 0.025916 0.306250
vt 0.021261 0.272225
vt 0.017557 0.308581
vt 0.003929 0.277056
vt 0.034602 0.306266
vt 0.042972 0.308600
vt 0.056611 0.277043
vt 0.039262 0.272206
vt 0.025912 0.306266
vt 0.021252 0.272206
vt 0.017544 0.308600
vt 0.003903 0.277043
vt 0.654271 0.705835
vt 0.654271 0.807763
vt 0.634093 0.705835
vt 0.634093 0.807763
vt 0.613914 0.705835
vt 0.613914 0.807763
vt 0.593736 0.705835
vt 0.593736 0.807763
vt 0.573557 0.705835
vt 0.573557 0.807763
vt 0.553379 0.705835
vt 0.553379 0.807763
vt 0.533200 0.705835
vt 0.533200 0.807763
vt 0.513022 0.705835
vt 0.513022 0.807763
vt 0.492843 0.705835
vt 0.492843 0.807763
vt 0.513022 0.699930
vt 0.492843 0.699930
vt 0.492843 0.598001
vt 0.513022 0.598001
vt 0.533200 0.699930
vt 0.533200 0.598001
vt 0.553379 0.699930
vt 0.553379 0.598001
vt 0.573557 0.699930
vt 0.573557 0.598001
vt 0.593736 0.699930
vt 0.593736 0.598001
vt 0.613915 0.699930
vt 0.613914 0.598001
vt 0.634093 0.699930
vt 0.634093 0.598001
vt 0.654271 0.699930
vt 0.654271 0.598001
vt 0.215889 0.817020
vt 0.219826 0.836811
vt 0.215889 0.856601
vt 0.204679 0.800241
vt 0.204679 0.873379
vt 0.187901 0.789031
vt 0.187901 0.884590
vt 0.168110 0.888527
vt 0.168110 0.785094
vt 0.148319 0.884590
vt 0.148319 0.789031
vt 0.131541 0.873379
vt 0.131541 0.800241
vt 0.120330 0.856601
vt 0.120330 0.817020
vt 0.116394 0.836811
vt 0.929749 0.860585
vt 0.921269 0.860585
vt 0.929749 0.713317
vt 0.921269 0.713317
vt 0.912788 0.860585
vt 0.912788 0.713317
vt 0.904307 0.860585
vt 0.904307 0.713317
vt 0.895827 0.860585
vt 0.895827 0.713317
vt 0.887346 0.860585
vt 0.887346 0.713317
vt 0.878865 0.860585
vt 0.878865 0.713317
vt 0.870385 0.860585
vt 0.870385 0.713317
vt 0.861904 0.860585
vt 0.861904 0.713317
vt 0.064950 0.823488
vt 0.088007 0.833832
vt 0.069908 0.847768
vt 0.074019 0.809618
vt 0.102682 0.813939
vt 0.084067 0.794252
vt 0.108676 0.841995
vt 0.083991 0.856976
vt 0.099463 0.867092
vt 0.080166 0.885597
vt 0.064400 0.869937
vt 0.052062 0.891358
vt 0.045678 0.852963
vt 0.036609 0.866833
vt 0.026562 0.882200
vt 0.007946 0.862513
vt 0.022621 0.842619
vt 0.040720 0.828683
vt 0.001953 0.834457
vt 0.026638 0.819476
vt 0.011166 0.809359
vt 0.030463 0.790855
vt 0.046229 0.806515
vt 0.058567 0.785094
vt 0.375968 0.824915
vt 0.359620 0.816560
vt 0.382361 0.798586
vt 0.359749 0.788596
vt 0.373642 0.771253
vt 0.344777 0.770496
vt 0.353189 0.754036
vt 0.327254 0.747545
vt 0.321337 0.768965
vt 0.299995 0.756490
vt 0.337120 0.785478
vt 0.298749 0.785450
vt 0.282401 0.777095
vt 0.276008 0.803424
vt 0.313505 0.792992
vt 0.298620 0.813413
vt 0.284727 0.830756
vt 0.344863 0.809018
vt 0.329184 0.801005
vt 0.321249 0.816532
vt 0.313592 0.831514
vt 0.305179 0.847974
vt 0.331115 0.854464
vt 0.337032 0.833045
vt 0.358374 0.845520
vt 0.944582 0.126154
vt 0.944582 0.123604
vt 0.969604 0.123604
vt 0.969604 0.126154
vt 0.944582 0.128704
vt 0.969604 0.128704
vt 0.944582 0.131253
vt 0.969604 0.131253
vt 0.944582 0.133803
vt 0.969604 0.133803
vt 0.944582 0.136353
vt 0.969604 0.136353
vt 0.944582 0.138903
vt 0.969604 0.138903
vt 0.944582 0.141452
vt 0.969604 0.141452
vt 0.944582 0.144002
vt 0.969604 0.144002
vt 0.944582 0.146552
vt 0.969604 0.146552
vt 0.944582 0.149102
vt 0.969604 0.149102
vt 0.944582 0.151651
vt 0.969604 0.151652
vt 0.944582 0.154201
vt 0.969604 0.154201
vt 0.154527 0.112473
vt 0.156990 0.111813
vt 0.159453 0.112473
vt 0.161256 0.114276
vt 0.152724 0.114276
vt 0.161915 0.116739
vt 0.152064 0.116739
vt 0.161256 0.119202
vt 0.152724 0.119202
vt 0.159453 0.121005
vt 0.154527 0.121005
vt 0.156990 0.121665
vt 0.391569 0.963045
vt 0.367209 0.971911
vt 0.342849 0.963045
vt 0.404531 0.940594
vt 0.329887 0.940594
vt 0.404142 0.921667
vt 0.329497 0.921667
vt 0.377554 0.977813
vt 0.396485 0.977813
vt 0.396485 0.985210
vt 0.377554 0.985210
vt 0.351630 0.977813
vt 0.351630 0.985210
vt 0.325706 0.977813
vt 0.325706 0.985210
vt 0.299782 0.977813
vt 0.299782 0.985210
vt 0.273858 0.977813
vt 0.273858 0.985210
vt 0.254927 0.977813
vt 0.254927 0.985210
vt 0.835535 0.862052
vt 0.818519 0.871876
vt 0.798872 0.871876
vt 0.781856 0.862052
vt 0.845359 0.845037
vt 0.772032 0.845037
vt 0.845359 0.825389
vt 0.772032 0.825389
vt 0.760875 0.743339
vt 0.854065 0.743339
vt 0.992308 0.357499
vt 0.987189 0.357499
vt 0.992308 0.377146
vt 0.987189 0.377146
vt 0.992308 0.396794
vt 0.987189 0.396794
vt 0.992308 0.416441
vt 0.987189 0.416441
vt 0.405507 0.992804
vt 0.405507 0.987684
vt 0.425154 0.992804
vt 0.425154 0.987684
vt 0.444802 0.992804
vt 0.444802 0.987684
vt 0.464450 0.992804
vt 0.464450 0.987684
vt 0.484097 0.992804
vt 0.484097 0.987684
vt 0.987189 0.274988
vt 0.992308 0.274988
vt 0.566902 0.987684
vt 0.566902 0.992804
vt 0.202249 0.935202
vt 0.202247 0.959219
vt 0.175235 0.959219
vt 0.175236 0.935153
vt 0.134464 0.935153
vt 0.134463 0.959219
vt 0.134464 0.894430
vt 0.175237 0.894430
vt 0.199549 0.923350
vt 0.199546 0.894429
vt 0.928116 0.654541
vt 0.928115 0.705828
vt 0.903782 0.705828
vt 0.903782 0.654540
vt 0.862972 0.654540
vt 0.862972 0.705828
vt 0.211221 0.958119
vt 0.211221 0.873545
vt 0.250557 0.873545
vt 0.250556 0.958119
vt 0.685279 0.708974
vt 0.685277 0.544223
vt 0.709603 0.544222
vt 0.709603 0.720781
vt 0.750399 0.720781
vt 0.750399 0.544221
vt 0.270906 0.873545
vt 0.270906 0.958119
vt 0.321750 0.873545
vt 0.321750 0.958119
vt 0.116676 0.991636
vt 0.116676 0.996549
vt 0.063840 0.991636
vt 0.063840 0.996549
vt 0.041797 0.991636
vt 0.041797 0.996549
vt 0.001953 0.991636
vt 0.001953 0.996549
vt 0.661492 0.682577
vt 0.661492 0.598001
vt 0.666378 0.598001
vt 0.666378 0.682577
vt 0.063845 0.980819
vt 0.116679 0.980819
vt 0.116679 0.985731
vt 0.063845 0.985731
vt 0.041800 0.980819
vt 0.041800 0.985731
vt 0.001953 0.980819
vt 0.001953 0.985731
vt 0.750399 0.744879
vt 0.709603 0.744879
vt 0.682575 0.720824
vt 0.682573 0.744879
vt 0.378403 0.598001
vt 0.485802 0.598004
vt 0.378402 0.649288
vt 0.432102 0.649290
vt 0.432103 0.733865
vt 0.485804 0.762810
vt 0.378403 0.733877
vt 0.378406 0.762824
vt 0.468862 0.779761
vt 0.395354 0.779765
vt 0.687056 0.977025
vt 0.687052 0.903516
vt 0.710858 0.989872
vt 0.710857 0.890668
vt 0.751668 0.890668
vt 0.751668 0.989872
vt 0.754355 0.750784
vt 0.690562 0.796364
vt 0.661492 0.750785
vt 0.705791 0.836534
vt 0.754355 0.882702
vt 0.718527 0.882702
vt 0.942904 0.445338
vt 0.929459 0.460915
vt 0.943045 0.423571
vt 0.893627 0.423256
vt 0.893385 0.460686
vt 0.931846 0.502176
vt 0.898435 0.501964
vt 0.904105 0.541397
vt 0.935880 0.541599
vt 0.350115 0.315151
vt 0.308777 0.447095
vt 0.308777 0.315102
vt 0.350115 0.462467
vt 0.312772 0.464794
vt 0.265808 0.459716
vt 0.272918 0.476017
vt 0.230834 0.484285
vt 0.235984 0.493219
vt 0.038725 0.072023
vt 0.007183 0.073009
vt 0.007200 0.062700
vt 0.038403 0.061725
vt 0.893385 0.001953
vt 0.918004 0.001953
vt 0.893385 0.056311
vt 0.918004 0.056311
vt 0.938438 0.001953
vt 0.893385 0.099508
vt 0.938438 0.056311
vt 0.918004 0.099508
vt 0.938438 0.099508
vt 0.893385 0.147722
vt 0.918004 0.147722
vt 0.938438 0.147722
vt 0.938438 0.164158
vt 0.918004 0.164158
vt 0.893385 0.164158
vt 0.896676 0.591730
vt 0.899959 0.547504
vt 0.936031 0.547504
vt 0.930723 0.591730
vt 0.893385 0.633892
vt 0.924815 0.633892
vt 0.368354 0.124557
vt 0.327122 0.125536
vt 0.325758 0.107454
vt 0.370415 0.106904
vt 0.408625 0.130159
vt 0.410904 0.120109
vt 0.754355 0.750784
vt 0.893627 0.423256
vt 0.893385 0.147722
vt 0.918004 0.147722
vt 0.938438 0.147722
vt 0.325758 0.107454
vt 0.550593 0.929414
vt 0.516936 0.929414
vt 0.516936 0.813668
vt 0.598540 0.813668
vt 0.839237 0.994590
vt 0.920841 0.994590
vt 0.920842 0.878844
vt 0.887184 0.878844
vt 0.944582 0.001953
vt 0.991184 0.001953
vt 0.991184 0.117699
vt 0.944582 0.117699
vt 0.297620 0.383413
vt 0.297620 0.430016
vt 0.263962 0.430016
vt 0.263962 0.383413
vt 0.973115 0.170063
vt 0.973115 0.295346
vt 0.926512 0.295346
vt 0.926512 0.170063
vt 0.606979 0.813985
vt 0.640638 0.813985
vt 0.640638 0.929730
vt 0.559034 0.929730
vt 0.559033 0.929730
vt 0.763886 0.877781
vt 0.810489 0.877781
vt 0.810489 0.993527
vt 0.763886 0.993527
vt 0.744233 0.514710
vt 0.697631 0.514710
vt 0.697631 0.481052
vt 0.744233 0.481052
vt 0.048556 0.080834
vt 0.048556 0.206117
vt 0.001954 0.206117
vt 0.001953 0.080834
vt 0.048556 0.206117
vt 0.001953 0.206117
vt 0.474534 0.813668
vt 0.508192 0.813668
vt 0.508192 0.929414
vt 0.426588 0.929414
vt 0.508192 0.929414
vt 0.508192 0.813668
vt 0.926512 0.301251
vt 0.973115 0.301251
vt 0.973115 0.416996
vt 0.926512 0.416996
vt 0.063403 0.314629
vt 0.063403 0.268026
vt 0.097061 0.268026
vt 0.097061 0.314629
vt 0.973717 0.870608
vt 0.973717 0.995891
vt 0.927114 0.995891
vt 0.927114 0.870608
vt 0.394254 0.175528
vt 0.389863 0.175990
vt 0.389863 0.137281
vt 0.394254 0.137281
vt 0.367492 0.175606
vt 0.363089 0.175606
vt 0.363089 0.137259
vt 0.367492 0.137259
vt 0.377411 0.175347
vt 0.372872 0.174883
vt 0.372872 0.136493
vt 0.377411 0.136493
vt 0.385542 0.176067
vt 0.381152 0.176067
vt 0.381152 0.137362
vt 0.385542 0.137362
vt 0.394340 0.175676
vt 0.389776 0.176755
vt 0.389776 0.136516
vt 0.394340 0.136516
vt 0.367549 0.172823
vt 0.363032 0.176103
vt 0.363032 0.136762
vt 0.367549 0.136762
vt 0.377327 0.174628
vt 0.372956 0.173537
vt 0.372956 0.137211
vt 0.377327 0.137211
vt 0.385630 0.176845
vt 0.381064 0.173579
vt 0.381064 0.136584
vt 0.385630 0.136584
vt 0.393986 0.173628
vt 0.390131 0.173628
vt 0.390131 0.139643
vt 0.393986 0.139643
vt 0.367245 0.172832
vt 0.363337 0.173450
vt 0.363337 0.139415
vt 0.367245 0.139415
vt 0.377101 0.172701
vt 0.373181 0.172701
vt 0.373181 0.139138
vt 0.377101 0.139138
vt 0.385274 0.173706
vt 0.381420 0.173089
vt 0.381420 0.139723
vt 0.385274 0.139723
vt 0.394218 0.174475
vt 0.389899 0.175673
vt 0.389899 0.137597
vt 0.394218 0.137597
vt 0.367418 0.172127
vt 0.363163 0.174959
vt 0.363163 0.137907
vt 0.367418 0.137907
vt 0.377225 0.173753
vt 0.373058 0.172541
vt 0.373058 0.138086
vt 0.377225 0.138086
vt 0.385507 0.175754
vt 0.381188 0.172935
vt 0.381188 0.137675
vt 0.385507 0.137675
vt 0.055314 0.838226
vt 0.764116 0.367874
vt 0.690731 0.366690
vt 0.771166 0.314300
vt 0.743459 0.417744
vt 0.702349 0.314300
vt 0.764116 0.260724
vt 0.690731 0.261908
vt 0.743459 0.210854
vt 0.710560 0.167985
vt 0.661899 0.411952
vt 0.710559 0.460612
vt 0.676253 0.314299
vt 0.661899 0.216645
vt 0.667691 0.135086
vt 0.616637 0.440783
vt 0.667691 0.493510
vt 0.617820 0.514167
vt 0.643447 0.393500
vt 0.564245 0.314299
vt 0.643447 0.235098
vt 0.616637 0.187814
vt 0.617820 0.114429
vt 0.564245 0.107378
vt 0.564245 0.452401
vt 0.564245 0.521217
vt 0.564245 0.426306
vt 0.511852 0.440783
vt 0.510669 0.514167
vt 0.460798 0.493510
vt 0.564245 0.202292
vt 0.564245 0.176195
vt 0.510669 0.114429
vt 0.511852 0.187814
vt 0.460798 0.135086
vt 0.417928 0.167985
vt 0.485042 0.393500
vt 0.466589 0.411952
vt 0.417928 0.460612
vt 0.437756 0.366690
vt 0.385029 0.417744
vt 0.364371 0.367874
vt 0.485042 0.235098
vt 0.466589 0.216645
vt 0.385029 0.210854
vt 0.452235 0.314299
vt 0.426138 0.314300
vt 0.357321 0.314299
vt 0.437756 0.261908
vt 0.364371 0.260724
s 1
g off
g TimePortalSteampunk_L1_Material.001
usemtl Material.001
f 3/1/1 2/2/2 1/3/3
f 4/4/4 3/1/1 1/3/3
f 4/4/4 1/3/3 5/5/5
f 6/6/6 4/4/4 5/5/5
f 6/6/6 5/5/5 7/7/7
f 6/6/6 7/7/7 8/8/8
f 8/8/8 9/9/9 6/6/6
f 9/9/9 8/8/8 10/10/10
f 11/11/11 9/9/9 10/10/10
f 11/11/11 10/10/10 12/12/12
f 13/13/13 11/11/11 12/12/12
f 13/13/13 12/12/12 14/14/14
f 15/15/15 13/13/13 14/14/14
f 14/14/14 16/16/16 15/15/15
f 19/17/17 18/18/18 17/19/19
f 18/18/18 20/20/20 17/19/19
f 17/19/19 20/20/20 21/21/21
f 20/20/20 22/22/22 21/21/21
f 21/21/21 22/22/22 23/23/3
f 24/24/23 21/21/21 23/23/3
f 24/24/23 23/23/3 25/25/24
f 23/23/3 26/26/25 25/25/24
f 25/25/24 26/26/25 27/27/26
f 26/26/25 28/28/27 27/27/26
f 27/27/26 28/28/27 29/29/28
f 28/28/27 30/30/29 29/29/28
f 29/29/28 30/30/29 31/31/28
f 30/30/29 32/32/30 31/31/28
f 33/33/31 31/31/28 32/32/30
f 33/33/31 32/32/30 34/34/9
f 34/34/9 35/35/32 33/33/31
f 38/36/33 37/37/8 36/38/34
f 37/37/8 39/39/35 36/38/34
f 36/38/34 39/39/35 40/40/36
f 39/39/35 41/41/5 40/40/36
f 40/40/36 41/41/5 42/42/3
f 41/41/5 43/43/3 42/42/3
f 42/42/3 43/43/3 44/44/37
f 43/43/3 45/45/2 44/44/37
f 48/46/6 47/47/9 46/48/9
f 49/49/30 48/46/6 46/48/9
f 50/50/38 48/46/6 49/49/30
f 51/51/39 50/50/38 49/49/30
f 52/52/40 50/50/38 51/51/39
f 53/53/41 52/52/40 51/51/39
f 54/45/2 52/52/40 53/53/41
f 55/44/25 54/45/2 53/53/41
f 58/54/42 57/55/43 56/56/44
f 57/55/43 59/57/45 56/56/44
f 59/57/45 57/55/43 60/58/46
f 61/59/47 59/57/45 60/58/46
f 61/59/47 60/58/46 62/60/48
f 63/61/49 61/59/47 62/60/48
f 63/61/49 62/60/48 64/62/50
f 65/63/51 63/61/49 64/62/50
f 64/62/50 66/64/52 65/63/51
f 66/64/52 67/65/53 65/63/51
f 70/66/54 69/67/55 68/68/56
f 69/67/55 71/69/57 68/68/56
f 71/69/57 69/67/55 72/56/44
f 68/68/56 71/69/57 73/70/58
f 74/57/45 71/69/57 72/56/44
f 71/69/57 75/71/59 73/70/58
f 75/71/59 71/69/57 74/57/45
f 73/70/58 75/71/59 76/72/60
f 77/59/61 75/71/59 74/57/45
f 75/71/59 78/73/62 76/72/60
f 78/73/62 75/71/59 77/59/61
f 76/72/60 78/73/62 79/74/63
f 80/61/64 78/73/62 77/59/61
f 78/73/62 81/75/65 79/74/63
f 81/75/65 78/73/62 80/61/64
f 79/74/63 81/75/65 82/76/66
f 83/63/67 81/75/65 80/61/64
f 81/75/65 84/77/68 82/76/66
f 84/77/68 81/75/65 83/63/67
f 85/65/69 84/77/68 83/63/67
f 88/78/70 87/79/71 86/80/72
f 87/79/71 89/81/73 86/80/72
f 89/81/73 87/79/71 90/64/74
f 86/80/72 89/81/73 91/82/23
f 92/62/75 89/81/73 90/64/74
f 89/81/73 93/83/76 91/82/23
f 93/83/76 89/81/73 92/62/75
f 91/82/23 93/83/76 94/84/77
f 95/60/48 93/83/76 92/62/75
f 93/83/76 96/85/78 94/84/77
f 96/85/78 93/83/76 95/60/48
f 94/84/77 96/85/78 97/86/79
f 98/58/80 96/85/78 95/60/48
f 96/85/78 99/87/81 97/86/79
f 99/87/81 96/85/78 98/58/80
f 97/86/79 99/87/81 100/88/82
f 101/55/83 99/87/81 98/58/80
f 99/87/81 102/89/84 100/88/82
f 102/89/84 99/87/81 101/55/83
f 103/54/42 102/89/84 101/55/83
f 106/90/85 105/91/85 104/92/31
f 107/93/86 106/90/85 104/92/31
f 110/18/87 109/17/17 108/19/88
f 111/20/89 110/18/87 108/19/88
f 111/20/89 108/19/88 112/21/90
f 113/22/91 111/20/89 112/21/90
f 113/22/91 112/21/90 114/23/14
f 112/21/90 115/24/92 114/23/14
f 114/23/14 115/24/92 116/25/93
f 117/26/94 114/23/14 116/25/93
f 117/26/94 116/25/93 118/27/95
f 119/28/15 117/26/94 118/27/95
f 119/28/15 118/27/95 120/94/28
f 121/30/96 119/28/15 120/94/28
f 121/30/96 120/94/28 122/31/28
f 123/32/97 121/30/96 122/31/28
f 123/32/97 122/31/28 124/33/98
f 124/33/98 125/35/32 123/32/97
f 125/35/32 126/34/9 123/32/97
f 129/37/99 128/36/18 127/38/100
f 130/39/10 129/37/99 127/38/100
f 130/39/10 127/38/100 131/40/101
f 132/41/12 130/39/10 131/40/101
f 132/41/12 131/40/101 133/42/102
f 134/43/14 132/41/12 133/42/102
f 134/43/14 133/42/102 135/44/94
f 136/45/103 134/43/14 135/44/94
f 139/47/9 138/46/11 137/48/9
f 138/46/11 140/49/104 137/48/9
f 138/46/11 141/50/105 140/49/104
f 141/50/105 142/51/106 140/49/104
f 141/50/105 143/52/107 142/51/106
f 143/52/107 144/53/107 142/51/106
f 143/52/107 145/45/103 144/53/107
f 145/45/103 146/44/94 144/53/107
f 149/55/108 148/54/42 147/56/44
f 150/57/109 149/55/108 147/56/44
f 149/55/108 150/57/109 151/58/110
f 150/57/109 152/59/111 151/58/110
f 151/58/110 152/59/111 153/60/112
f 152/59/111 154/61/113 153/60/112
f 153/60/112 154/61/113 155/62/114
f 154/61/113 156/63/115 155/62/114
f 157/64/116 155/62/114 156/63/115
f 158/65/117 157/64/116 156/63/115
f 161/67/55 160/66/54 159/68/118
f 162/69/119 161/67/55 159/68/118
f 161/67/55 162/69/119 163/56/120
f 162/69/119 159/68/118 164/70/121
f 162/69/119 165/57/122 163/56/120
f 166/71/123 162/69/119 164/70/121
f 162/69/119 166/71/123 165/57/122
f 166/71/123 164/70/121 167/72/124
f 166/71/123 168/59/125 165/57/122
f 169/73/126 166/71/123 167/72/124
f 166/71/123 169/73/126 168/59/125
f 169/73/126 167/72/124 170/74/127
f 169/73/126 171/61/128 168/59/125
f 172/75/129 169/73/126 170/74/127
f 169/73/126 172/75/129 171/61/128
f 172/75/129 170/74/127 173/76/130
f 172/75/129 174/63/131 171/61/128
f 175/77/132 172/75/129 173/76/130
f 172/75/129 175/77/132 174/63/131
f 175/77/132 176/65/117 174/63/131
f 179/95/133 178/78/134 177/80/135
f 180/96/136 179/95/133 177/80/135
f 179/95/133 180/96/136 181/64/137
f 180/96/136 177/80/135 182/82/92
f 180/96/136 183/62/114 181/64/137
f 184/97/138 180/96/136 182/82/92
f 180/96/136 184/97/138 183/62/114
f 184/97/138 182/82/92 185/84/139
f 184/97/138 186/60/140 183/62/114
f 187/98/141 184/97/138 185/84/139
f 184/97/138 187/98/141 186/60/140
f 187/98/141 185/84/139 188/86/142
f 187/98/141 189/58/143 186/60/140
f 190/99/144 187/98/141 188/86/142
f 187/98/141 190/99/144 189/58/143
f 190/99/144 188/86/142 191/88/82
f 190/99/144 192/55/145 189/58/143
f 193/100/84 190/99/144 191/88/82
f 190/99/144 193/100/84 192/55/145
f 193/100/84 194/54/42 192/55/145
f 197/90/85 196/93/86 195/92/98
f 198/91/85 197/90/85 195/92/98
f 201/101/146 200/102/147 199/103/148
f 200/102/147 202/104/149 199/103/148
f 203/105/150 202/104/149 200/102/147
f 204/106/151 203/105/150 200/102/147
f 205/107/152 203/105/150 204/106/151
f 206/108/153 205/107/152 204/106/151
f 207/109/154 205/107/152 206/108/153
f 208/110/155 207/109/154 206/108/153
f 209/111/156 207/109/154 208/110/155
f 210/112/157 209/111/156 208/110/155
f 211/113/158 209/111/156 210/112/157
f 212/114/159 211/113/158 210/112/157
f 213/115/160 211/113/158 212/114/159
f 214/116/161 213/115/160 212/114/159
f 215/117/162 213/115/160 214/116/161
f 216/118/163 215/117/162 214/116/161
f 217/119/164 215/117/162 216/118/163
f 218/120/165 217/119/164 216/118/163
f 219/121/166 217/119/164 218/120/165
f 220/122/167 219/121/166 218/120/165
f 223/123/168 222/124/149 221/125/169
f 222/124/149 224/126/170 221/125/169
f 224/126/170 225/127/171 221/125/169
f 225/127/171 226/128/172 221/125/169
f 225/127/171 227/129/173 226/128/172
f 227/129/173 228/130/174 226/128/172
f 231/131/150 230/132/152 229/133/175
f 230/132/152 232/134/176 229/133/175
f 232/134/176 233/135/177 229/133/175
f 233/135/177 234/136/178 229/133/175
f 235/137/179 232/134/176 230/132/152
f 236/138/180 235/137/179 230/132/152
f 236/138/180 237/139/181 235/137/179
f 233/135/177 238/140/182 234/136/178
f 238/140/182 239/141/183 234/136/178
f 240/142/184 233/135/177 232/134/176
f 233/135/177 240/142/184 238/140/182
f 235/137/179 240/142/184 232/134/176
f 240/142/184 241/143/185 238/140/182
f 242/144/186 241/143/185 240/142/184
f 243/145/187 240/142/184 235/137/179
f 243/145/187 242/144/186 240/142/184
f 243/145/187 244/146/188 242/144/186
f 244/146/188 245/147/189 242/144/186
f 246/148/190 245/147/189 244/146/188
f 247/149/191 243/145/187 235/137/179
f 237/139/181 247/149/191 235/137/179
f 244/146/188 243/145/187 247/149/191
f 248/150/192 247/149/191 237/139/181
f 248/150/192 244/146/188 247/149/191
f 249/151/158 248/150/192 237/139/181
f 249/151/158 250/152/193 248/150/192
f 248/150/192 251/153/194 244/146/188
f 250/152/193 251/153/194 248/150/192
f 252/154/195 246/148/190 244/146/188
f 251/153/194 252/154/195 244/146/188
f 252/154/195 253/155/196 246/148/190
f 253/155/196 252/154/195 251/153/194
f 253/155/196 254/156/197 246/148/190
f 255/157/198 254/156/197 253/155/196
f 256/158/199 251/153/194 250/152/193
f 256/158/199 253/155/196 251/153/194
f 257/159/162 256/158/199 250/152/193
f 257/159/162 258/160/200 256/158/199
f 256/158/199 259/161/201 253/155/196
f 258/160/200 259/161/201 256/158/199
f 260/162/202 255/157/198 253/155/196
f 259/161/201 260/162/202 253/155/196
f 261/163/203 259/161/201 258/160/200
f 259/161/201 261/163/203 260/162/202
f 262/164/204 261/163/203 258/160/200
f 261/163/203 263/165/205 260/162/202
f 260/162/202 263/165/205 255/157/198
f 263/165/205 264/166/206 255/157/198
f 267/167/150 266/168/207 265/124/149
f 266/168/207 268/126/208 265/124/149
f 268/126/208 266/168/207 269/127/209
f 266/168/207 270/169/178 269/127/209
f 269/127/209 270/169/178 271/129/210
f 270/169/178 272/170/211 271/129/210
f 275/171/212 274/172/213 273/173/214
f 276/174/215 275/171/212 273/173/214
f 279/175/216 278/176/217 277/103/218
f 280/177/219 279/175/216 277/103/218
f 280/177/219 281/178/183 279/175/216
f 281/178/183 282/179/220 279/175/216
f 281/178/183 283/180/182 282/179/220
f 283/180/182 284/181/221 282/179/220
f 283/180/182 285/182/185 284/181/221
f 285/182/185 286/183/222 284/181/221
f 285/182/185 287/184/186 286/183/222
f 287/184/186 288/185/223 286/183/222
f 287/184/186 289/186/189 288/185/223
f 289/186/189 290/187/224 288/185/223
f 289/186/189 291/188/225 290/187/224
f 291/188/225 292/189/226 290/187/224
f 291/188/225 293/190/197 292/189/226
f 293/190/197 294/191/227 292/189/226
f 293/190/197 295/192/228 294/191/227
f 295/192/228 296/193/229 294/191/227
f 295/192/228 297/194/206 296/193/229
f 297/194/206 298/195/230 296/193/229
f 301/196/231 300/197/232 299/198/167
f 302/199/233 301/196/231 299/198/167
f 303/200/234 301/196/231 302/199/233
f 304/201/235 303/200/234 302/199/233
f 305/202/236 303/200/234 304/201/235
f 306/203/237 305/202/236 304/201/235
f 306/203/237 307/204/238 305/202/236
f 307/204/238 308/205/239 305/202/236
f 309/206/240 308/205/239 307/204/238
f 310/207/241 309/206/240 307/204/238
f 310/207/241 311/208/242 309/206/240
f 311/208/242 312/209/243 309/206/240
f 313/210/244 312/209/243 311/208/242
f 314/211/245 313/210/244 311/208/242
f 314/211/245 315/212/246 313/210/244
f 315/212/246 316/213/247 313/210/244
f 319/174/248 318/213/247 317/212/246
f 320/171/249 319/174/248 317/212/246
f 323/214/250 322/215/251 321/216/252
f 324/217/253 323/214/250 321/216/252
f 324/217/253 325/218/254 323/214/250
f 325/218/254 326/219/255 323/214/250
f 329/102/256 328/101/257 327/103/258
f 330/104/259 329/102/256 327/103/258
f 330/104/259 331/105/260 329/102/256
f 331/105/260 332/106/261 329/102/256
f 331/105/260 333/107/262 332/106/261
f 333/107/262 334/108/263 332/106/261
f 333/107/262 335/109/264 334/108/263
f 335/109/264 336/110/265 334/108/263
f 335/109/264 337/111/266 336/110/265
f 337/111/266 338/112/267 336/110/265
f 337/111/266 339/113/268 338/112/267
f 339/113/268 340/114/269 338/112/267
f 339/113/268 341/115/270 340/114/269
f 341/115/270 342/116/271 340/114/269
f 341/115/270 343/117/272 342/116/271
f 343/117/272 344/118/273 342/116/271
f 343/117/272 345/119/274 344/118/273
f 345/119/274 346/120/275 344/118/273
f 345/119/274 347/121/276 346/120/275
f 347/121/276 348/122/277 346/120/275
f 351/124/278 350/123/279 349/125/280
f 352/126/281 351/124/278 349/125/280
f 353/127/282 352/126/281 349/125/280
f 354/128/283 353/127/282 349/125/280
f 355/129/284 353/127/282 354/128/283
f 356/130/285 355/129/284 354/128/283
f 359/132/262 358/131/286 357/133/287
f 360/134/288 359/132/262 357/133/287
f 361/135/289 360/134/288 357/133/287
f 362/136/290 361/135/289 357/133/287
f 360/134/288 363/137/291 359/132/262
f 363/137/291 364/138/264 359/132/262
f 365/139/266 364/138/264 363/137/291
f 361/135/289 366/142/292 360/134/288
f 366/142/292 363/137/291 360/134/288
f 367/140/293 361/135/289 362/136/290
f 366/142/292 361/135/289 367/140/293
f 368/141/294 367/140/293 362/136/290
f 369/143/295 366/142/292 367/140/293
f 369/143/295 370/144/296 366/142/292
f 366/142/292 371/145/297 363/137/291
f 370/144/296 371/145/297 366/142/292
f 372/146/298 371/145/297 370/144/296
f 373/147/299 372/146/298 370/144/296
f 373/147/299 374/148/300 372/146/298
f 371/145/297 375/149/301 363/137/291
f 375/149/301 365/139/266 363/137/291
f 371/145/297 372/146/298 375/149/301
f 375/149/301 376/150/302 365/139/266
f 372/146/298 376/150/302 375/149/301
f 376/150/302 377/151/303 365/139/266
f 378/152/304 377/151/303 376/150/302
f 379/153/305 376/150/302 372/146/298
f 379/153/305 378/152/304 376/150/302
f 374/148/300 380/154/306 372/146/298
f 380/154/306 379/153/305 372/146/298
f 381/155/307 380/154/306 374/148/300
f 380/154/306 381/155/307 379/153/305
f 382/156/308 381/155/307 374/148/300
f 382/156/308 383/157/309 381/155/307
f 379/153/305 384/158/310 378/152/304
f 381/155/307 384/158/310 379/153/305
f 384/158/310 385/159/311 378/152/304
f 386/160/312 385/159/311 384/158/310
f 387/161/313 384/158/310 381/155/307
f 387/161/313 386/160/312 384/158/310
f 383/157/309 388/162/314 381/155/307
f 388/162/314 387/161/313 381/155/307
f 387/161/313 389/163/315 386/160/312
f 389/163/315 387/161/313 388/162/314
f 389/163/315 390/164/276 386/160/312
f 391/165/316 389/163/315 388/162/314
f 391/165/316 388/162/314 383/157/309
f 392/166/317 391/165/316 383/157/309
f 395/168/318 394/167/260 393/124/319
f 396/126/281 395/168/318 393/124/319
f 395/168/318 396/126/281 397/127/320
f 398/169/321 395/168/318 397/127/320
f 398/169/321 397/127/320 399/129/322
f 400/170/294 398/169/321 399/129/322
f 403/171/323 402/174/324 401/173/325
f 404/172/326 403/171/323 401/173/325
f 407/176/327 406/175/328 405/103/285
f 406/175/328 408/177/284 405/103/285
f 409/178/294 408/177/284 406/175/328
f 410/179/329 409/178/294 406/175/328
f 411/180/293 409/178/294 410/179/329
f 412/181/330 411/180/293 410/179/329
f 413/182/295 411/180/293 412/181/330
f 414/183/331 413/182/295 412/181/330
f 415/184/332 413/182/295 414/183/331
f 416/185/333 415/184/332 414/183/331
f 417/186/334 415/184/332 416/185/333
f 418/187/335 417/186/334 416/185/333
f 419/188/336 417/186/334 418/187/335
f 420/189/337 419/188/336 418/187/335
f 421/190/308 419/188/336 420/189/337
f 422/191/338 421/190/308 420/189/337
f 423/192/339 421/190/308 422/191/338
f 424/193/340 423/192/339 422/191/338
f 425/194/317 423/192/339 424/193/340
f 426/195/341 425/194/317 424/193/340
f 429/197/342 428/196/340 427/198/343
f 428/196/340 430/199/344 427/198/343
f 428/196/340 431/200/345 430/199/344
f 431/200/345 432/201/346 430/199/344
f 431/200/345 433/202/337 432/201/346
f 433/202/337 434/203/347 432/201/346
f 435/204/348 434/203/347 433/202/337
f 436/205/349 435/204/348 433/202/337
f 436/205/349 437/206/350 435/204/348
f 437/206/350 438/207/351 435/204/348
f 439/208/352 438/207/351 437/206/350
f 440/209/353 439/208/352 437/206/350
f 440/209/353 441/210/354 439/208/352
f 441/210/354 442/211/355 439/208/352
f 443/212/356 442/211/355 441/210/354
f 444/213/357 443/212/356 441/210/354
f 447/174/328 446/171/323 445/212/356
f 448/213/357 447/174/328 445/212/356
f 451/215/358 450/214/359 449/216/360
f 450/214/359 452/217/361 449/216/360
f 453/218/362 452/217/361 450/214/359
f 454/219/342 453/218/362 450/214/359
f 457/220/363 456/221/364 455/222/365
f 456/221/364 458/223/366 455/222/365
f 455/222/365 458/223/366 459/224/367
f 456/221/364 460/225/368 458/223/366
f 458/223/366 461/226/369 459/224/367
f 460/225/368 462/227/370 458/223/366
f 458/223/366 462/227/370 461/226/369
f 460/225/368 463/228/371 462/227/370
f 462/227/370 464/229/372 461/226/369
f 463/228/371 465/230/373 462/227/370
f 462/227/370 465/230/373 464/229/372
f 463/228/371 466/231/374 465/230/373
f 465/230/373 467/232/375 464/229/372
f 466/231/374 468/233/376 465/230/373
f 465/230/373 468/233/376 467/232/375
f 466/231/374 469/234/377 468/233/376
f 468/233/376 470/235/378 467/232/375
f 469/234/377 471/236/379 468/233/376
f 468/233/376 471/236/379 470/235/378
f 469/234/377 472/237/380 471/236/379
f 471/236/379 473/238/381 470/235/378
f 472/237/380 474/239/382 471/236/379
f 471/236/379 474/239/382 473/238/381
f 472/237/380 475/240/383 474/239/382
f 474/239/382 476/241/384 473/238/381
f 475/240/383 477/242/385 474/239/382
f 474/239/382 477/242/385 476/241/384
f 475/240/383 478/243/386 477/242/385
f 477/242/385 479/244/387 476/241/384
f 478/243/386 480/245/388 477/242/385
f 477/242/385 480/245/388 479/244/387
f 478/243/386 481/246/389 480/245/388
f 480/245/388 482/247/390 479/244/387
f 481/246/389 483/248/391 480/245/388
f 480/245/388 483/248/391 482/247/390
f 481/246/389 484/249/392 483/248/391
f 483/248/391 485/250/393 482/247/390
f 484/249/392 486/251/394 483/248/391
f 483/248/391 486/251/394 485/250/393
f 484/249/392 487/252/395 486/251/394
f 486/251/394 488/253/396 485/250/393
f 487/252/395 489/254/397 486/251/394
f 486/251/394 489/254/397 488/253/396
f 487/252/395 490/255/363 489/254/397
f 489/254/397 491/256/398 488/253/396
f 490/255/363 492/257/399 489/254/397
f 489/254/397 492/257/399 491/256/398
f 492/257/399 493/258/400 491/256/398
f 496/259/401 495/260/402 494/261/403
f 495/260/402 497/262/404 494/261/403
f 495/260/402 498/263/405 497/262/404
f 498/263/405 499/264/368 497/262/404
f 498/263/405 500/265/406 499/264/368
f 500/265/406 501/266/407 499/264/368
f 500/265/406 502/267/408 501/266/407
f 502/267/408 503/268/409 501/266/407
f 502/267/408 504/269/410 503/268/409
f 504/269/410 505/270/411 503/268/409
f 504/269/410 506/271/412 505/270/411
f 506/271/412 507/272/413 505/270/411
f 506/271/412 508/273/414 507/272/413
f 508/273/414 509/274/415 507/272/413
f 508/273/414 510/275/416 509/274/415
f 510/275/416 511/276/417 509/274/415
f 510/275/416 512/277/418 511/276/417
f 512/277/418 513/278/419 511/276/417
f 512/277/418 514/279/420 513/278/419
f 514/279/420 515/280/421 513/278/419
f 514/279/420 516/281/422 515/280/421
f 516/281/422 517/282/423 515/280/421
f 516/281/422 518/283/424 517/282/423
f 518/283/424 519/284/425 517/282/423
f 522/220/426 521/221/427 520/222/428
f 521/221/427 523/223/429 520/222/428
f 520/222/428 523/223/429 524/224/430
f 521/221/427 525/225/431 523/223/429
f 523/223/429 526/226/432 524/224/430
f 525/225/431 527/227/433 523/223/429
f 523/223/429 527/227/433 526/226/432
f 525/225/431 528/228/434 527/227/433
f 527/227/433 529/229/435 526/226/432
f 528/228/434 530/230/436 527/227/433
f 527/227/433 530/230/436 529/229/435
f 528/228/434 531/231/437 530/230/436
f 530/230/436 532/232/438 529/229/435
f 531/231/437 533/233/439 530/230/436
f 530/230/436 533/233/439 532/232/438
f 531/231/437 534/234/440 533/233/439
f 533/233/439 535/235/441 532/232/438
f 534/234/440 536/236/442 533/233/439
f 533/233/439 536/236/442 535/235/441
f 534/234/440 537/237/443 536/236/442
f 536/236/442 538/238/444 535/235/441
f 537/237/443 539/239/445 536/236/442
f 536/236/442 539/239/445 538/238/444
f 537/237/443 540/240/446 539/239/445
f 539/239/445 541/241/447 538/238/444
f 540/240/446 542/242/448 539/239/445
f 539/239/445 542/242/448 541/241/447
f 540/240/446 543/243/449 542/242/448
f 542/242/448 544/244/450 541/241/447
f 543/243/449 545/245/451 542/242/448
f 542/242/448 545/245/451 544/244/450
f 543/243/449 546/246/452 545/245/451
f 545/245/451 547/247/453 544/244/450
f 546/246/452 548/248/454 545/245/451
f 545/245/451 548/248/454 547/247/453
f 546/246/452 549/249/455 548/248/454
f 548/248/454 550/250/456 547/247/453
f 549/249/455 551/251/457 548/248/454
f 548/248/454 551/251/457 550/250/456
f 549/249/455 552/252/458 551/251/457
f 551/251/457 553/253/459 550/250/456
f 552/252/458 554/254/460 551/251/457
f 551/251/457 554/254/460 553/253/459
f 552/252/458 555/255/426 554/254/460
f 554/254/460 556/256/461 553/253/459
f 555/255/426 557/257/428 554/254/460
f 554/254/460 557/257/428 556/256/461
f 557/257/428 558/258/462 556/256/461
f 561/259/401 560/260/402 559/261/463
f 560/260/402 562/262/427 559/261/463
f 560/260/402 563/263/464 562/262/427
f 563/263/464 564/264/465 562/262/427
f 563/263/464 565/265/406 564/264/465
f 565/265/406 566/266/466 564/264/465
f 565/265/406 567/267/408 566/266/466
f 567/267/408 568/268/467 566/266/466
f 567/267/408 569/269/410 568/268/467
f 569/269/410 570/270/440 568/268/467
f 569/269/410 571/271/412 570/270/440
f 571/271/412 572/272/468 570/270/440
f 571/271/412 573/273/414 572/272/468
f 573/273/414 574/274/469 572/272/468
f 573/273/414 575/275/470 574/274/469
f 575/275/470 576/276/471 574/274/469
f 575/275/470 577/277/418 576/276/471
f 577/277/418 578/278/472 576/276/471
f 577/277/418 579/279/420 578/278/472
f 579/279/420 580/280/473 578/278/472
f 579/279/420 581/281/474 580/280/473
f 581/281/474 582/282/475 580/280/473
f 581/281/474 583/283/424 582/282/475
f 583/283/424 584/284/476 582/282/475
f 587/220/477 586/221/478 585/222/479
f 586/221/478 588/223/480 585/222/479
f 585/222/479 588/223/480 589/224/481
f 586/221/478 590/225/482 588/223/480
f 588/223/480 591/226/483 589/224/481
f 590/225/482 592/227/484 588/223/480
f 588/223/480 592/227/484 591/226/483
f 590/225/482 593/228/485 592/227/484
f 592/227/484 594/229/486 591/226/483
f 593/228/485 595/230/487 592/227/484
f 592/227/484 595/230/487 594/229/486
f 593/228/485 596/231/488 595/230/487
f 595/230/487 597/232/489 594/229/486
f 596/231/488 598/233/490 595/230/487
f 595/230/487 598/233/490 597/232/489
f 596/231/488 599/234/491 598/233/490
f 598/233/490 600/235/492 597/232/489
f 599/234/491 601/236/493 598/233/490
f 598/233/490 601/236/493 600/235/492
f 599/234/491 602/237/494 601/236/493
f 601/236/493 603/238/495 600/235/492
f 602/237/494 604/239/496 601/236/493
f 601/236/493 604/239/496 603/238/495
f 602/237/494 605/240/497 604/239/496
f 604/239/496 606/241/498 603/238/495
f 605/240/497 607/242/499 604/239/496
f 604/239/496 607/242/499 606/241/498
f 605/240/497 608/243/500 607/242/499
f 607/242/499 609/244/501 606/241/498
f 608/243/500 610/245/502 607/242/499
f 607/242/499 610/245/502 609/244/501
f 608/243/500 611/246/503 610/245/502
f 610/245/502 612/247/504 609/244/501
f 611/246/503 613/248/505 610/245/502
f 610/245/502 613/248/505 612/247/504
f 611/246/503 614/249/506 613/248/505
f 613/248/505 615/250/507 612/247/504
f 614/249/506 616/251/508 613/248/505
f 613/248/505 616/251/508 615/250/507
f 614/249/506 617/252/509 616/251/508
f 616/251/508 618/253/510 615/250/507
f 617/252/509 619/254/511 616/251/508
f 616/251/508 619/254/511 618/253/510
f 617/252/509 620/255/477 619/254/511
f 619/254/511 621/256/512 618/253/510
f 620/255/477 622/257/513 619/254/511
f 619/254/511 622/257/513 621/256/512
f 622/257/513 623/258/481 621/256/512
f 626/259/401 625/260/402 624/261/477
f 625/260/402 627/262/514 624/261/477
f 625/260/402 628/263/464 627/262/514
f 628/263/464 629/264/515 627/262/514
f 628/263/464 630/265/406 629/264/515
f 630/265/406 631/266/516 629/264/515
f 630/265/406 632/267/408 631/266/516
f 632/267/408 633/268/517 631/266/516
f 632/267/408 634/269/410 633/268/517
f 634/269/410 635/270/518 633/268/517
f 634/269/410 636/271/412 635/270/518
f 636/271/412 637/272/519 635/270/518
f 636/271/412 638/273/414 637/272/519
f 638/273/414 639/274/520 637/272/519
f 638/273/414 640/275/470 639/274/520
f 640/275/470 641/276/521 639/274/520
f 640/275/470 642/277/418 641/276/521
f 642/277/418 643/278/522 641/276/521
f 642/277/418 644/279/420 643/278/522
f 644/279/420 645/280/523 643/278/522
f 644/279/420 646/281/474 645/280/523
f 646/281/474 647/282/524 645/280/523
f 646/281/474 648/283/424 647/282/524
f 648/283/424 649/284/525 647/282/524
f 652/220/526 651/221/527 650/222/528
f 651/221/527 653/223/529 650/222/528
f 650/222/528 653/223/529 654/224/530
f 651/221/527 655/225/531 653/223/529
f 653/223/529 656/226/532 654/224/530
f 655/225/531 657/227/533 653/223/529
f 653/223/529 657/227/533 656/226/532
f 655/225/531 658/228/534 657/227/533
f 657/227/533 659/229/535 656/226/532
f 658/228/534 660/230/536 657/227/533
f 657/227/533 660/230/536 659/229/535
f 658/228/534 661/231/537 660/230/536
f 660/230/536 662/232/538 659/229/535
f 661/231/537 663/233/539 660/230/536
f 660/230/536 663/233/539 662/232/538
f 661/231/537 664/234/540 663/233/539
f 663/233/539 665/235/541 662/232/538
f 664/234/540 666/236/542 663/233/539
f 663/233/539 666/236/542 665/235/541
f 664/234/540 667/237/543 666/236/542
f 666/236/542 668/238/544 665/235/541
f 667/237/543 669/239/545 666/236/542
f 666/236/542 669/239/545 668/238/544
f 667/237/543 670/240/546 669/239/545
f 669/239/545 671/241/547 668/238/544
f 670/240/546 672/242/548 669/239/545
f 669/239/545 672/242/548 671/241/547
f 670/240/546 673/243/549 672/242/548
f 672/242/548 674/244/550 671/241/547
f 673/243/549 675/245/551 672/242/548
f 672/242/548 675/245/551 674/244/550
f 673/243/549 676/246/552 675/245/551
f 675/245/551 677/247/553 674/244/550
f 676/246/552 678/248/554 675/245/551
f 675/245/551 678/248/554 677/247/553
f 676/246/552 679/249/555 678/248/554
f 678/248/554 680/250/556 677/247/553
f 679/249/555 681/251/557 678/248/554
f 678/248/554 681/251/557 680/250/556
f 679/249/555 682/252/558 681/251/557
f 681/251/557 683/253/559 680/250/556
f 682/252/558 684/254/560 681/251/557
f 681/251/557 684/254/560 683/253/559
f 682/252/558 685/255/561 684/254/560
f 684/254/560 686/256/562 683/253/559
f 685/255/561 687/257/563 684/254/560
f 684/254/560 687/257/563 686/256/562
f 687/257/563 688/258/564 686/256/562
f 691/259/401 690/260/402 689/261/565
f 690/260/402 692/262/566 689/261/565
f 690/260/402 693/263/405 692/262/566
f 693/263/405 694/264/567 692/262/566
f 693/263/405 695/265/406 694/264/567
f 695/265/406 696/266/568 694/264/567
f 695/265/406 697/267/408 696/266/568
f 697/267/408 698/268/569 696/266/568
f 697/267/408 699/269/410 698/268/569
f 699/269/410 700/270/570 698/268/569
f 699/269/410 701/271/412 700/270/570
f 701/271/412 702/272/571 700/270/570
f 701/271/412 703/273/414 702/272/571
f 703/273/414 704/274/572 702/272/571
f 703/273/414 705/275/416 704/274/572
f 705/275/416 706/276/573 704/274/572
f 705/275/416 707/277/418 706/276/573
f 707/277/418 708/278/574 706/276/573
f 707/277/418 709/279/420 708/278/574
f 709/279/420 710/280/575 708/278/574
f 709/279/420 711/281/474 710/280/575
f 711/281/474 712/282/576 710/280/575
f 711/281/474 713/283/424 712/282/576
f 713/283/424 714/284/577 712/282/576
f 717/220/578 716/221/579 715/222/580
f 716/221/579 718/223/581 715/222/580
f 715/222/580 718/223/581 719/224/582
f 716/221/579 720/225/583 718/223/581
f 718/223/581 721/226/584 719/224/582
f 720/225/583 722/227/585 718/223/581
f 718/223/581 722/227/585 721/226/584
f 720/225/583 723/228/586 722/227/585
f 722/227/585 724/229/587 721/226/584
f 723/228/586 725/230/588 722/227/585
f 722/227/585 725/230/588 724/229/587
f 723/228/586 726/231/589 725/230/588
f 725/230/588 727/232/590 724/229/587
f 726/231/589 728/233/591 725/230/588
f 725/230/588 728/233/591 727/232/590
f 726/231/589 729/234/592 728/233/591
f 728/233/591 730/235/593 727/232/590
f 729/234/592 731/236/594 728/233/591
f 728/233/591 731/236/594 730/235/593
f 729/234/592 732/237/595 731/236/594
f 731/236/594 733/238/596 730/235/593
f 732/237/595 734/239/597 731/236/594
f 731/236/594 734/239/597 733/238/596
f 732/237/595 735/240/598 734/239/597
f 734/239/597 736/241/599 733/238/596
f 735/240/598 737/242/600 734/239/597
f 734/239/597 737/242/600 736/241/599
f 735/240/598 738/243/601 737/242/600
f 737/242/600 739/244/602 736/241/599
f 738/243/601 740/245/603 737/242/600
f 737/242/600 740/245/603 739/244/602
f 738/243/601 741/246/604 740/245/603
f 740/245/603 742/247/605 739/244/602
f 741/246/604 743/248/606 740/245/603
f 740/245/603 743/248/606 742/247/605
f 741/246/604 744/249/607 743/248/606
f 743/248/606 745/250/608 742/247/605
f 744/249/607 746/251/609 743/248/606
f 743/248/606 746/251/609 745/250/608
f 744/249/607 747/252/610 746/251/609
f 746/251/609 748/253/611 745/250/608
f 747/252/610 749/254/612 746/251/609
f 746/251/609 749/254/612 748/253/611
f 747/252/610 750/255/578 749/254/612
f 749/254/612 751/256/613 748/253/611
f 750/255/578 752/257/614 749/254/612
f 749/254/612 752/257/614 751/256/613
f 752/257/614 753/258/615 751/256/613
f 756/259/616 755/260/402 754/261/617
f 755/260/402 757/262/618 754/261/617
f 755/260/402 758/263/405 757/262/618
f 758/263/405 759/264/619 757/262/618
f 758/263/405 760/265/406 759/264/619
f 760/265/406 761/266/586 759/264/619
f 760/265/406 762/267/408 761/266/586
f 762/267/408 763/268/589 761/266/586
f 762/267/408 764/269/410 763/268/589
f 764/269/410 765/270/620 763/268/589
f 764/269/410 766/271/412 765/270/620
f 766/271/412 767/272/621 765/270/620
f 766/271/412 768/273/414 767/272/621
f 768/273/414 769/274/622 767/272/621
f 768/273/414 770/275/416 769/274/622
f 770/275/416 771/276/623 769/274/622
f 770/275/416 772/277/418 771/276/623
f 772/277/418 773/278/624 771/276/623
f 772/277/418 774/279/420 773/278/624
f 774/279/420 775/280/625 773/278/624
f 774/279/420 776/281/422 775/280/625
f 776/281/422 777/282/626 775/280/625
f 776/281/422 778/283/424 777/282/626
f 778/283/424 779/284/627 777/282/626
f 782/221/395 781/220/363 780/222/399
f 783/223/397 782/221/395 780/222/399
f 783/223/397 780/222/399 784/224/400
f 785/225/392 782/221/395 783/223/397
f 786/226/398 783/223/397 784/224/400
f 787/227/394 785/225/392 783/223/397
f 787/227/394 783/223/397 786/226/398
f 788/228/389 785/225/392 787/227/394
f 789/229/396 787/227/394 786/226/398
f 790/230/391 788/228/389 787/227/394
f 790/230/391 787/227/394 789/229/396
f 791/231/386 788/228/389 790/230/391
f 792/232/393 790/230/391 789/229/396
f 793/233/388 791/231/386 790/230/391
f 793/233/388 790/230/391 792/232/393
f 794/234/383 791/231/386 793/233/388
f 795/235/390 793/233/388 792/232/393
f 796/236/628 794/234/383 793/233/388
f 796/236/628 793/233/388 795/235/390
f 797/237/380 794/234/383 796/236/628
f 798/238/387 796/236/628 795/235/390
f 799/239/382 797/237/380 796/236/628
f 799/239/382 796/236/628 798/238/387
f 800/240/377 797/237/380 799/239/382
f 801/241/384 799/239/382 798/238/387
f 802/242/379 800/240/377 799/239/382
f 802/242/379 799/239/382 801/241/384
f 803/243/374 800/240/377 802/242/379
f 804/244/629 802/242/379 801/241/384
f 805/245/630 803/243/374 802/242/379
f 805/245/630 802/242/379 804/244/629
f 806/246/371 803/243/374 805/245/630
f 807/247/378 805/245/630 804/244/629
f 808/248/373 806/246/371 805/245/630
f 808/248/373 805/245/630 807/247/378
f 809/249/368 806/246/371 808/248/373
f 810/250/375 808/248/373 807/247/378
f 811/251/370 809/249/368 808/248/373
f 811/251/370 808/248/373 810/250/375
f 812/252/364 809/249/368 811/251/370
f 813/253/372 811/251/370 810/250/375
f 814/254/366 812/252/364 811/251/370
f 814/254/366 811/251/370 813/253/372
f 815/255/363 812/252/364 814/254/366
f 816/256/369 814/254/366 813/253/372
f 817/257/365 815/255/363 814/254/366
f 817/257/365 814/254/366 816/256/369
f 818/258/367 817/257/365 816/256/369
f 821/259/424 820/261/425 819/262/423
f 822/260/474 821/259/424 819/262/423
f 822/260/474 819/262/423 823/264/421
f 824/263/420 822/260/474 823/264/421
f 824/263/420 823/264/421 825/266/419
f 826/265/418 824/263/420 825/266/419
f 826/265/418 825/266/419 827/268/631
f 828/267/416 826/265/418 827/268/631
f 828/267/416 827/268/631 829/270/415
f 830/269/414 828/267/416 829/270/415
f 830/269/414 829/270/415 831/272/413
f 832/271/412 830/269/414 831/272/413
f 832/271/412 831/272/413 833/274/411
f 834/273/410 832/271/412 833/274/411
f 834/273/410 833/274/411 835/276/409
f 836/275/408 834/273/410 835/276/409
f 836/275/408 835/276/409 837/278/407
f 838/277/406 836/275/408 837/278/407
f 838/277/406 837/278/407 839/280/368
f 840/279/405 838/277/406 839/280/368
f 840/279/405 839/280/368 841/282/404
f 842/281/402 840/279/405 841/282/404
f 842/281/402 841/282/404 843/284/403
f 844/283/401 842/281/402 843/284/403
f 847/221/458 846/220/426 845/222/428
f 848/223/460 847/221/458 845/222/428
f 848/223/460 845/222/428 849/224/462
f 850/225/455 847/221/458 848/223/460
f 851/226/461 848/223/460 849/224/462
f 852/227/457 850/225/455 848/223/460
f 852/227/457 848/223/460 851/226/461
f 853/228/452 850/225/455 852/227/457
f 854/229/459 852/227/457 851/226/461
f 855/230/454 853/228/452 852/227/457
f 855/230/454 852/227/457 854/229/459
f 856/231/449 853/228/452 855/230/454
f 857/232/456 855/230/454 854/229/459
f 858/233/451 856/231/449 855/230/454
f 858/233/451 855/230/454 857/232/456
f 859/234/446 856/231/449 858/233/451
f 860/235/453 858/233/451 857/232/456
f 861/236/448 859/234/446 858/233/451
f 861/236/448 858/233/451 860/235/453
f 862/237/443 859/234/446 861/236/448
f 863/238/450 861/236/448 860/235/453
f 864/239/445 862/237/443 861/236/448
f 864/239/445 861/236/448 863/238/450
f 865/240/440 862/237/443 864/239/445
f 866/241/447 864/239/445 863/238/450
f 867/242/442 865/240/440 864/239/445
f 867/242/442 864/239/445 866/241/447
f 868/243/437 865/240/440 867/242/442
f 869/244/444 867/242/442 866/241/447
f 870/245/439 868/243/437 867/242/442
f 870/245/439 867/242/442 869/244/444
f 871/246/434 868/243/437 870/245/439
f 872/247/441 870/245/439 869/244/444
f 873/248/436 871/246/434 870/245/439
f 873/248/436 870/245/439 872/247/441
f 874/249/431 871/246/434 873/248/436
f 875/250/438 873/248/436 872/247/441
f 876/251/433 874/249/431 873/248/436
f 876/251/433 873/248/436 875/250/438
f 877/252/427 874/249/431 876/251/433
f 878/253/435 876/251/433 875/250/438
f 879/254/429 877/252/427 876/251/433
f 879/254/429 876/251/433 878/253/435
f 880/255/426 877/252/427 879/254/429
f 881/256/432 879/254/429 878/253/435
f 882/257/428 880/255/426 879/254/429
f 882/257/428 879/254/429 881/256/432
f 883/258/430 882/257/428 881/256/432
f 886/259/424 885/261/476 884/262/475
f 887/260/474 886/259/424 884/262/475
f 887/260/474 884/262/475 888/264/473
f 889/263/420 887/260/474 888/264/473
f 889/263/420 888/264/473 890/266/472
f 891/265/418 889/263/420 890/266/472
f 891/265/418 890/266/472 892/268/471
f 893/267/470 891/265/418 892/268/471
f 893/267/470 892/268/471 894/270/469
f 895/269/414 893/267/470 894/270/469
f 895/269/414 894/270/469 896/272/468
f 897/271/412 895/269/414 896/272/468
f 897/271/412 896/272/468 898/274/440
f 899/273/410 897/271/412 898/274/440
f 899/273/410 898/274/440 900/276/467
f 901/275/408 899/273/410 900/276/467
f 901/275/408 900/276/467 902/278/466
f 903/277/406 901/275/408 902/278/466
f 903/277/406 902/278/466 904/280/465
f 905/279/464 903/277/406 904/280/465
f 905/279/464 904/280/465 906/282/427
f 907/281/402 905/279/464 906/282/427
f 907/281/402 906/282/427 908/284/463
f 909/283/401 907/281/402 908/284/463
f 912/221/509 911/220/477 910/222/513
f 913/223/511 912/221/509 910/222/513
f 913/223/511 910/222/513 914/224/481
f 915/225/506 912/221/509 913/223/511
f 916/226/632 913/223/511 914/224/481
f 917/227/633 915/225/506 913/223/511
f 917/227/633 913/223/511 916/226/632
f 918/228/503 915/225/506 917/227/633
f 919/229/510 917/227/633 916/226/632
f 920/230/505 918/228/503 917/227/633
f 920/230/505 917/227/633 919/229/510
f 921/231/500 918/228/503 920/230/505
f 922/232/507 920/230/505 919/229/510
f 923/233/634 921/231/500 920/230/505
f 923/233/634 920/230/505 922/232/507
f 924/234/497 921/231/500 923/233/634
f 925/235/504 923/233/634 922/232/507
f 926/236/499 924/234/497 923/233/634
f 926/236/499 923/233/634 925/235/504
f 927/237/494 924/234/497 926/236/499
f 928/238/501 926/236/499 925/235/504
f 929/239/496 927/237/494 926/236/499
f 929/239/496 926/236/499 928/238/501
f 930/240/491 927/237/494 929/239/496
f 931/241/498 929/239/496 928/238/501
f 932/242/493 930/240/491 929/239/496
f 932/242/493 929/239/496 931/241/498
f 933/243/488 930/240/491 932/242/493
f 934/244/495 932/242/493 931/241/498
f 935/245/490 933/243/488 932/242/493
f 935/245/490 932/242/493 934/244/495
f 936/246/485 933/243/488 935/245/490
f 937/247/492 935/245/490 934/244/495
f 938/248/635 936/246/485 935/245/490
f 938/248/635 935/245/490 937/247/492
f 939/249/482 936/246/485 938/248/635
f 940/250/489 938/248/635 937/247/492
f 941/251/636 939/249/482 938/248/635
f 941/251/636 938/248/635 940/250/489
f 942/252/478 939/249/482 941/251/636
f 943/253/486 941/251/636 940/250/489
f 944/254/480 942/252/478 941/251/636
f 944/254/480 941/251/636 943/253/486
f 945/255/477 942/252/478 944/254/480
f 946/256/637 944/254/480 943/253/486
f 947/257/638 945/255/477 944/254/480
f 947/257/638 944/254/480 946/256/637
f 948/258/481 947/257/638 946/256/637
f 951/259/424 950/261/525 949/262/524
f 952/260/474 951/259/424 949/262/524
f 952/260/474 949/262/524 953/264/523
f 954/263/420 952/260/474 953/264/523
f 954/263/420 953/264/523 955/266/522
f 956/265/418 954/263/420 955/266/522
f 956/265/418 955/266/522 957/268/521
f 958/267/470 956/265/418 957/268/521
f 958/267/470 957/268/521 959/270/520
f 960/269/414 958/267/470 959/270/520
f 960/269/414 959/270/520 961/272/519
f 962/271/412 960/269/414 961/272/519
f 962/271/412 961/272/519 963/274/518
f 964/273/410 962/271/412 963/274/518
f 964/273/410 963/274/518 965/276/517
f 966/275/408 964/273/410 965/276/517
f 966/275/408 965/276/517 967/278/516
f 968/277/406 966/275/408 967/278/516
f 968/277/406 967/278/516 969/280/515
f 970/279/405 968/277/406 969/280/515
f 970/279/405 969/280/515 971/282/514
f 972/281/402 970/279/405 971/282/514
f 972/281/402 971/282/514 973/284/477
f 974/283/401 972/281/402 973/284/477
f 977/221/558 976/220/561 975/222/563
f 978/223/560 977/221/558 975/222/563
f 978/223/560 975/222/563 979/224/564
f 980/225/555 977/221/558 978/223/560
f 981/226/562 978/223/560 979/224/564
f 982/227/557 980/225/555 978/223/560
f 982/227/557 978/223/560 981/226/562
f 983/228/552 980/225/555 982/227/557
f 984/229/559 982/227/557 981/226/562
f 985/230/554 983/228/552 982/227/557
f 985/230/554 982/227/557 984/229/559
f 986/231/549 983/228/552 985/230/554
f 987/232/556 985/230/554 984/229/559
f 988/233/551 986/231/549 985/230/554
f 988/233/551 985/230/554 987/232/556
f 989/234/546 986/231/549 988/233/551
f 990/235/639 988/233/551 987/232/556
f 991/236/548 989/234/546 988/233/551
f 991/236/548 988/233/551 990/235/639
f 992/237/543 989/234/546 991/236/548
f 993/238/550 991/236/548 990/235/639
f 994/239/545 992/237/543 991/236/548
f 994/239/545 991/236/548 993/238/550
f 995/240/540 992/237/543 994/239/545
f 996/241/547 994/239/545 993/238/550
f 997/242/640 995/240/540 994/239/545
f 997/242/640 994/239/545 996/241/547
f 998/243/537 995/240/540 997/242/640
f 999/244/544 997/242/640 996/241/547
f 1000/245/539 998/243/537 997/242/640
f 1000/245/539 997/242/640 999/244/544
f 1001/246/534 998/243/537 1000/245/539
f 1002/247/541 1000/245/539 999/244/544
f 1003/248/536 1001/246/534 1000/245/539
f 1003/248/536 1000/245/539 1002/247/541
f 1004/249/641 1001/246/534 1003/248/536
f 1005/250/538 1003/248/536 1002/247/541
f 1006/251/533 1004/249/641 1003/248/536
f 1006/251/533 1003/248/536 1005/250/538
f 1007/252/527 1004/249/641 1006/251/533
f 1008/253/535 1006/251/533 1005/250/538
f 1009/254/529 1007/252/527 1006/251/533
f 1009/254/529 1006/251/533 1008/253/535
f 1010/255/526 1007/252/527 1009/254/529
f 1011/256/532 1009/254/529 1008/253/535
f 1012/257/563 1010/255/526 1009/254/529
f 1012/257/563 1009/254/529 1011/256/532
f 1013/258/530 1012/257/563 1011/256/532
f 1016/259/424 1015/261/577 1014/262/576
f 1017/260/474 1016/259/424 1014/262/576
f 1017/260/474 1014/262/576 1018/264/642
f 1019/263/420 1017/260/474 1018/264/642
f 1019/263/420 1018/264/642 1020/266/574
f 1021/265/418 1019/263/420 1020/266/574
f 1021/265/418 1020/266/574 1022/268/573
f 1023/267/416 1021/265/418 1022/268/573
f 1023/267/416 1022/268/573 1024/270/572
f 1025/269/414 1023/267/416 1024/270/572
f 1025/269/414 1024/270/572 1026/272/571
f 1027/271/412 1025/269/414 1026/272/571
f 1027/271/412 1026/272/571 1028/274/570
f 1029/273/410 1027/271/412 1028/274/570
f 1029/273/410 1028/274/570 1030/276/569
f 1031/275/408 1029/273/410 1030/276/569
f 1031/275/408 1030/276/569 1032/278/568
f 1033/277/406 1031/275/408 1032/278/568
f 1033/277/406 1032/278/568 1034/280/567
f 1035/279/405 1033/277/406 1034/280/567
f 1035/279/405 1034/280/567 1036/282/566
f 1037/281/402 1035/279/405 1036/282/566
f 1037/281/402 1036/282/566 1038/284/565
f 1039/283/401 1037/281/402 1038/284/565
f 1042/221/610 1041/220/578 1040/222/614
f 1043/223/612 1042/221/610 1040/222/614
f 1043/223/612 1040/222/614 1044/224/615
f 1045/225/607 1042/221/610 1043/223/612
f 1046/226/613 1043/223/612 1044/224/615
f 1047/227/609 1045/225/607 1043/223/612
f 1047/227/609 1043/223/612 1046/226/613
f 1048/228/604 1045/225/607 1047/227/609
f 1049/229/611 1047/227/609 1046/226/613
f 1050/230/606 1048/228/604 1047/227/609
f 1050/230/606 1047/227/609 1049/229/611
f 1051/231/601 1048/228/604 1050/230/606
f 1052/232/608 1050/230/606 1049/229/611
f 1053/233/603 1051/231/601 1050/230/606
f 1053/233/603 1050/230/606 1052/232/608
f 1054/234/598 1051/231/601 1053/233/603
f 1055/235/605 1053/233/603 1052/232/608
f 1056/236/600 1054/234/598 1053/233/603
f 1056/236/600 1053/233/603 1055/235/605
f 1057/237/595 1054/234/598 1056/236/600
f 1058/238/602 1056/236/600 1055/235/605
f 1059/239/597 1057/237/595 1056/236/600
f 1059/239/597 1056/236/600 1058/238/602
f 1060/240/592 1057/237/595 1059/239/597
f 1061/241/599 1059/239/597 1058/238/602
f 1062/242/594 1060/240/592 1059/239/597
f 1062/242/594 1059/239/597 1061/241/599
f 1063/243/589 1060/240/592 1062/242/594
f 1064/244/596 1062/242/594 1061/241/599
f 1065/245/591 1063/243/589 1062/242/594
f 1065/245/591 1062/242/594 1064/244/596
f 1066/246/586 1063/243/589 1065/245/591
f 1067/247/593 1065/245/591 1064/244/596
f 1068/248/588 1066/246/586 1065/245/591
f 1068/248/588 1065/245/591 1067/247/593
f 1069/249/583 1066/246/586 1068/248/588
f 1070/250/643 1068/248/588 1067/247/593
f 1071/251/585 1069/249/583 1068/248/588
f 1071/251/585 1068/248/588 1070/250/643
f 1072/252/579 1069/249/583 1071/251/585
f 1073/253/587 1071/251/585 1070/250/643
f 1074/254/581 1072/252/579 1071/251/585
f 1074/254/581 1071/251/585 1073/253/587
f 1075/255/578 1072/252/579 1074/254/581
f 1076/256/584 1074/254/581 1073/253/587
f 1077/257/580 1075/255/578 1074/254/581
f 1077/257/580 1074/254/581 1076/256/584
f 1078/258/582 1077/257/580 1076/256/584
f 1081/259/424 1080/261/627 1079/262/644
f 1082/260/422 1081/259/424 1079/262/644
f 1082/260/422 1079/262/644 1083/264/625
f 1084/263/420 1082/260/422 1083/264/625
f 1084/263/420 1083/264/625 1085/266/624
f 1086/265/418 1084/263/420 1085/266/624
f 1086/265/418 1085/266/624 1087/268/623
f 1088/267/416 1086/265/418 1087/268/623
f 1088/267/416 1087/268/623 1089/270/622
f 1090/269/414 1088/267/416 1089/270/622
f 1090/269/414 1089/270/622 1091/272/621
f 1092/271/412 1090/269/414 1091/272/621
f 1092/271/412 1091/272/621 1093/274/645
f 1094/273/410 1092/271/412 1093/274/645
f 1094/273/410 1093/274/645 1095/276/589
f 1096/275/408 1094/273/410 1095/276/589
f 1096/275/408 1095/276/589 1097/278/586
f 1098/277/406 1096/275/408 1097/278/586
f 1098/277/406 1097/278/586 1099/280/619
f 1100/279/405 1098/277/406 1099/280/619
f 1100/279/405 1099/280/619 1101/282/646
f 1102/281/402 1100/279/405 1101/282/646
f 1102/281/402 1101/282/646 1103/284/617
f 1104/283/616 1102/281/402 1103/284/617
f 1107/285/647 1106/286/648 1105/287/649
f 1108/288/650 1107/285/647 1105/287/649
f 1109/289/651 1107/285/647 1108/288/650
f 1110/290/652 1109/289/651 1108/288/650
f 1111/291/653 1109/289/651 1110/290/652
f 1112/292/654 1111/291/653 1110/290/652
f 1113/293/655 1111/291/653 1112/292/654
f 1114/294/656 1113/293/655 1112/292/654
f 1115/295/657 1113/293/655 1114/294/656
f 1116/296/658 1115/295/657 1114/294/656
f 1117/297/659 1115/295/657 1116/296/658
f 1118/298/660 1117/297/659 1116/296/658
f 1121/299/661 1120/300/659 1119/301/660
f 1122/302/662 1121/299/661 1119/301/660
f 1123/303/663 1121/299/661 1122/302/662
f 1124/304/664 1123/303/663 1122/302/662
f 1125/305/665 1123/303/663 1124/304/664
f 1126/306/666 1125/305/665 1124/304/664
f 1127/307/667 1125/305/665 1126/306/666
f 1128/308/668 1127/307/667 1126/306/666
f 1129/309/669 1127/307/667 1128/308/668
f 1130/310/670 1129/309/669 1128/308/668
f 1131/311/671 1129/309/669 1130/310/670
f 1132/312/672 1131/311/671 1130/310/670
f 1135/313/673 1134/311/671 1133/312/674
f 1136/314/675 1135/313/673 1133/312/674
f 1137/315/676 1135/313/673 1136/314/675
f 1138/316/677 1137/315/676 1136/314/675
f 1139/317/678 1137/315/676 1138/316/677
f 1140/318/679 1139/317/678 1138/316/677
f 1141/319/680 1139/317/678 1140/318/679
f 1142/320/681 1141/319/680 1140/318/679
f 1143/321/682 1141/319/680 1142/320/681
f 1144/322/683 1143/321/682 1142/320/681
f 1145/323/684 1143/321/682 1144/322/683
f 1146/324/685 1145/323/684 1144/322/683
f 1149/325/686 1148/326/684 1147/327/685
f 1150/328/687 1149/325/686 1147/327/685
f 1151/329/688 1149/325/686 1150/328/687
f 1152/330/689 1151/329/688 1150/328/687
f 1153/331/690 1151/329/688 1152/330/689
f 1154/332/691 1153/331/690 1152/330/689
f 1155/333/692 1153/331/690 1154/332/691
f 1156/334/693 1155/333/692 1154/332/691
f 1157/335/694 1155/333/692 1156/334/693
f 1158/336/695 1157/335/694 1156/334/693
f 1159/286/648 1157/335/694 1158/336/695
f 1160/287/696 1159/286/648 1158/336/695
f 1163/337/697 1162/338/698 1161/339/696
f 1164/340/699 1162/338/698 1163/337/697
f 1165/341/700 1164/340/699 1163/337/697
f 1166/342/701 1164/340/699 1165/341/700
f 1167/343/702 1166/342/701 1165/341/700
f 1168/344/703 1166/342/701 1167/343/702
f 1169/345/704 1168/344/703 1167/343/702
f 1170/346/705 1168/344/703 1169/345/704
f 1171/347/706 1170/346/705 1169/345/704
f 1172/348/660 1170/346/705 1171/347/706
f 1173/349/707 1172/348/660 1171/347/706
f 1174/350/708 1172/348/660 1173/349/707
f 1175/351/709 1174/350/708 1173/349/707
f 1176/352/710 1174/350/708 1175/351/709
f 1177/353/711 1176/352/710 1175/351/709
f 1178/354/712 1176/352/710 1177/353/711
f 1179/355/713 1178/354/712 1177/353/711
f 1180/356/714 1178/354/712 1179/355/713
f 1181/357/715 1180/356/714 1179/355/713
f 1182/358/716 1180/356/714 1181/357/715
f 1183/359/717 1182/358/716 1181/357/715
f 1184/360/672 1182/358/716 1183/359/717
f 1187/361/418 1186/362/416 1185/363/718
f 1188/364/719 1187/361/418 1185/363/718
f 1189/365/420 1187/361/418 1188/364/719
f 1190/366/720 1189/365/420 1188/364/719
f 1191/367/474 1189/365/420 1190/366/720
f 1192/368/721 1191/367/474 1190/366/720
f 1193/369/616 1191/367/474 1192/368/721
f 1194/370/722 1193/369/616 1192/368/721
f 1195/371/402 1193/369/616 1194/370/722
f 1196/372/723 1195/371/402 1194/370/722
f 1197/373/464 1195/371/402 1196/372/723
f 1198/374/724 1197/373/464 1196/372/723
f 1199/375/406 1197/373/464 1198/374/724
f 1200/376/725 1199/375/406 1198/374/724
f 1201/377/408 1199/375/406 1200/376/725
f 1202/378/726 1201/377/408 1200/376/725
f 1203/379/410 1201/377/408 1202/378/726
f 1204/380/727 1203/379/410 1202/378/726
f 1205/381/412 1203/379/410 1204/380/727
f 1206/382/728 1205/381/412 1204/380/727
f 1207/383/414 1205/381/412 1206/382/728
f 1208/384/729 1207/383/414 1206/382/728
f 1209/385/730 1207/383/414 1208/384/729
f 1210/386/718 1209/385/730 1208/384/729
f 1213/387/720 1212/388/719 1211/389/731
f 1211/389/731 1214/390/732 1213/387/720
f 1214/390/732 1215/391/733 1213/387/720
f 1214/390/732 1216/392/734 1215/391/733
f 1216/392/734 1217/393/735 1215/391/733
f 1216/392/734 1218/394/727 1217/393/735
f 1218/394/727 1219/395/723 1217/393/735
f 1218/394/727 1220/396/726 1219/395/723
f 1220/396/726 1221/397/736 1219/395/723
f 1220/396/726 1222/398/737 1221/397/736
f 1225/399/738 1224/400/616 1223/401/739
f 1226/402/740 1225/399/738 1223/401/739
f 1226/402/740 1223/401/739 1227/403/28
f 1228/404/741 1225/399/738 1226/402/740
f 1229/405/28 1226/402/740 1227/403/28
f 1230/406/742 1228/404/741 1226/402/740
f 1230/406/742 1226/402/740 1229/405/28
f 1231/407/743 1230/406/742 1229/405/28
f 1232/408/741 1230/406/742 1231/407/743
f 1233/409/406 1232/408/741 1231/407/743
f 1236/410/744 1235/411/745 1234/412/739
f 1237/413/746 1236/410/744 1234/412/739
f 1237/413/746 1234/412/739 1238/414/28
f 1239/415/747 1236/410/744 1237/413/746
f 1240/416/28 1237/413/746 1238/414/28
f 1241/417/748 1239/415/747 1237/413/746
f 1241/417/748 1237/413/746 1240/416/28
f 1242/418/749 1239/415/747 1241/417/748
f 1243/419/28 1241/417/748 1240/416/28
f 1244/420/750 1242/418/749 1241/417/748
f 1244/420/750 1241/417/748 1243/419/28
f 1245/421/751 1244/420/750 1243/419/28
f 1246/422/752 1244/420/750 1245/421/751
f 1247/423/753 1246/422/752 1245/421/751
f 1250/424/754 1249/425/616 1248/426/739
f 1251/427/755 1250/424/754 1248/426/739
f 1251/427/755 1248/426/739 1252/428/28
f 1253/429/756 1250/424/754 1251/427/755
f 1254/430/28 1251/427/755 1252/428/28
f 1255/431/757 1253/429/756 1251/427/755
f 1255/431/757 1251/427/755 1254/430/28
f 1256/432/758 1253/429/756 1255/431/757
f 1257/433/28 1255/431/757 1254/430/28
f 1258/434/759 1256/432/758 1255/431/757
f 1258/434/759 1255/431/757 1257/433/28
f 1259/435/760 1258/434/759 1257/433/28
f 1260/436/761 1258/434/759 1259/435/760
f 1261/437/762 1260/436/761 1259/435/760
f 1264/438/763 1263/439/616 1262/440/739
f 1265/441/764 1264/438/763 1262/440/739
f 1265/441/764 1262/440/739 1266/442/28
f 1267/443/765 1264/438/763 1265/441/764
f 1268/444/28 1265/441/764 1266/442/28
f 1269/445/766 1267/443/765 1265/441/764
f 1269/445/766 1265/441/764 1268/444/28
f 1270/446/767 1269/445/766 1268/444/28
f 1271/447/768 1269/445/766 1270/446/767
f 1272/448/769 1271/447/768 1270/446/767
f 1275/449/770 1274/450/771 1273/451/772
f 1276/452/773 1273/451/772 1274/450/771
f 1277/453/774 1276/452/773 1274/450/771
f 1278/454/775 1276/452/773 1277/453/774
f 1279/455/776 1278/454/775 1277/453/774
f 1278/454/775 1279/455/776 1280/456/777
f 1281/457/778 1278/454/775 1280/456/777
f 1281/457/778 1280/456/777 1282/458/779
f 1283/459/780 1281/457/778 1282/458/779
f 1283/459/780 1282/458/779 1284/460/781
f 1285/461/782 1283/459/780 1284/460/781
f 1286/462/783 1285/461/782 1284/460/781
f 1287/463/784 1286/462/783 1284/460/781
f 1288/464/785 1286/462/783 1287/463/784
f 1289/465/786 1288/464/785 1287/463/784
f 1290/466/787 1288/464/785 1289/465/786
f 1293/467/788 1292/468/789 1291/469/790
f 1294/470/791 1293/467/788 1291/469/790
f 1295/471/792 1293/467/788 1294/470/791
f 1296/472/793 1295/471/792 1294/470/791
f 1297/473/794 1295/471/792 1296/472/793
f 1298/474/795 1297/473/794 1296/472/793
f 1299/475/796 1297/473/794 1298/474/795
f 1300/476/797 1299/475/796 1298/474/795
f 1301/477/798 1299/475/796 1300/476/797
f 1302/478/799 1301/477/798 1300/476/797
f 1303/479/800 1301/477/798 1302/478/799
f 1304/480/801 1303/479/800 1302/478/799
f 1305/481/802 1303/479/800 1304/480/801
f 1306/482/803 1305/481/802 1304/480/801
f 1307/483/804 1305/481/802 1306/482/803
f 1308/484/805 1307/483/804 1306/482/803
f 1309/485/806 1307/483/804 1308/484/805
f 1310/486/787 1309/485/806 1308/484/805
f 1313/487/770 1312/488/789 1311/489/807
f 1312/488/789 1314/490/808 1311/489/807
f 1311/489/807 1314/490/808 1315/491/809
f 1314/490/808 1316/492/810 1315/491/809
f 1315/491/809 1316/492/810 1317/493/811
f 1316/492/810 1318/494/812 1317/493/811
f 1317/493/811 1318/494/812 1319/495/813
f 1318/494/812 1320/496/814 1319/495/813
f 1319/495/813 1320/496/814 1321/497/815
f 1320/496/814 1322/498/816 1321/497/815
f 1321/497/815 1322/498/816 1323/499/817
f 1322/498/816 1324/500/818 1323/499/817
f 1323/499/817 1324/500/818 1325/501/819
f 1324/500/818 1326/502/820 1325/501/819
f 1325/501/819 1326/502/820 1327/503/821
f 1326/502/820 1328/504/822 1327/503/821
f 1327/503/821 1328/504/822 1329/505/823
f 1328/504/822 1330/506/806 1329/505/823
f 1333/400/616 1332/399/824 1331/401/739
f 1332/399/824 1334/402/825 1331/401/739
f 1331/401/739 1334/402/825 1335/403/28
f 1332/399/824 1336/404/826 1334/402/825
f 1334/402/825 1337/405/28 1335/403/28
f 1336/404/826 1338/406/827 1334/402/825
f 1334/402/825 1338/406/827 1337/405/28
f 1338/406/827 1339/407/828 1337/405/28
f 1338/406/827 1340/408/826 1339/407/828
f 1340/408/826 1341/409/418 1339/407/828
f 1344/411/745 1343/410/829 1342/412/739
f 1343/410/829 1345/413/830 1342/412/739
f 1342/412/739 1345/413/830 1346/414/28
f 1343/410/829 1347/415/831 1345/413/830
f 1345/413/830 1348/416/28 1346/414/28
f 1347/415/831 1349/417/832 1345/413/830
f 1345/413/830 1349/417/832 1348/416/28
f 1347/415/831 1350/418/833 1349/417/832
f 1349/417/832 1351/419/28 1348/416/28
f 1350/418/833 1352/420/834 1349/417/832
f 1349/417/832 1352/420/834 1351/419/28
f 1352/420/834 1353/421/835 1351/419/28
f 1352/420/834 1354/422/836 1353/421/835
f 1354/422/836 1355/423/837 1353/421/835
f 1358/425/616 1357/424/838 1356/426/739
f 1357/424/838 1359/427/839 1356/426/739
f 1356/426/739 1359/427/839 1360/428/28
f 1357/424/838 1361/429/840 1359/427/839
f 1359/427/839 1362/430/28 1360/428/28
f 1361/429/840 1363/431/841 1359/427/839
f 1359/427/839 1363/431/841 1362/430/28
f 1361/429/840 1364/432/842 1363/431/841
f 1363/431/841 1365/433/28 1362/430/28
f 1364/432/842 1366/434/843 1363/431/841
f 1363/431/841 1366/434/843 1365/433/28
f 1366/434/843 1367/435/844 1365/433/28
f 1366/434/843 1368/436/845 1367/435/844
f 1368/436/845 1369/437/846 1367/435/844
f 1372/439/616 1371/438/847 1370/440/739
f 1371/438/847 1373/441/848 1370/440/739
f 1370/440/739 1373/441/848 1374/442/28
f 1371/438/847 1375/443/849 1373/441/848
f 1373/441/848 1376/444/28 1374/442/28
f 1375/443/849 1377/445/850 1373/441/848
f 1373/441/848 1377/445/850 1376/444/28
f 1377/445/850 1378/446/851 1376/444/28
f 1377/445/850 1379/447/852 1378/446/851
f 1379/447/852 1380/448/853 1378/446/851
f 1383/450/854 1382/449/855 1381/451/856
f 1381/451/856 1384/452/857 1383/450/854
f 1384/452/857 1385/453/858 1383/450/854
f 1384/452/857 1386/454/859 1385/453/858
f 1386/454/859 1387/455/860 1385/453/858
f 1387/455/860 1386/454/859 1388/456/861
f 1386/454/859 1389/457/862 1388/456/861
f 1388/456/861 1389/457/862 1390/458/863
f 1389/457/862 1391/459/864 1390/458/863
f 1390/458/863 1391/459/864 1392/460/865
f 1391/459/864 1393/461/866 1392/460/865
f 1393/461/866 1394/462/867 1392/460/865
f 1394/462/867 1395/463/868 1392/460/865
f 1394/462/867 1396/464/869 1395/463/868
f 1396/464/869 1397/465/870 1395/463/868
f 1396/464/869 1398/466/871 1397/465/870
f 1401/468/872 1400/467/873 1399/469/874
f 1400/467/873 1402/470/875 1399/469/874
f 1400/467/873 1403/471/876 1402/470/875
f 1403/471/876 1404/472/877 1402/470/875
f 1403/471/876 1405/473/878 1404/472/877
f 1405/473/878 1406/474/879 1404/472/877
f 1405/473/878 1407/475/880 1406/474/879
f 1407/475/880 1408/476/881 1406/474/879
f 1407/475/880 1409/477/882 1408/476/881
f 1409/477/882 1410/478/883 1408/476/881
f 1409/477/882 1411/479/884 1410/478/883
f 1411/479/884 1412/480/885 1410/478/883
f 1411/479/884 1413/481/886 1412/480/885
f 1413/481/886 1414/482/887 1412/480/885
f 1413/481/886 1415/483/888 1414/482/887
f 1415/483/888 1416/484/889 1414/482/887
f 1415/483/888 1417/485/890 1416/484/889
f 1417/485/890 1418/486/871 1416/484/889
f 1421/488/872 1420/487/891 1419/489/854
f 1422/490/892 1421/488/872 1419/489/854
f 1422/490/892 1419/489/854 1423/491/893
f 1424/492/894 1422/490/892 1423/491/893
f 1424/492/894 1423/491/893 1425/493/895
f 1426/494/896 1424/492/894 1425/493/895
f 1426/494/896 1425/493/895 1427/495/897
f 1428/496/898 1426/494/896 1427/495/897
f 1428/496/898 1427/495/897 1429/497/899
f 1430/498/900 1428/496/898 1429/497/899
f 1430/498/900 1429/497/899 1431/499/901
f 1432/500/902 1430/498/900 1431/499/901
f 1432/500/902 1431/499/901 1433/501/903
f 1434/502/904 1432/500/902 1433/501/903
f 1434/502/904 1433/501/903 1435/503/905
f 1436/504/906 1434/502/904 1435/503/905
f 1436/504/906 1435/503/905 1437/505/871
f 1438/506/890 1436/504/906 1437/505/871
f 1441/507/907 1440/508/908 1439/509/908
f 1442/510/907 1441/507/907 1439/509/908
f 1443/511/909 1441/507/907 1442/510/907
f 1444/512/909 1443/511/909 1442/510/907
f 1445/513/910 1443/511/909 1444/512/909
f 1446/514/910 1445/513/910 1444/512/909
f 1449/511/911 1448/513/910 1447/514/910
f 1450/515/911 1449/511/911 1447/514/910
f 1451/507/912 1449/511/911 1450/515/911
f 1452/516/912 1451/507/912 1450/515/911
f 1453/508/908 1451/507/912 1452/516/912
f 1454/509/908 1453/508/908 1452/516/912
f 1457/517/913 1456/518/914 1455/519/915
f 1458/520/916 1456/518/914 1457/517/913
f 1459/521/917 1458/520/916 1457/517/913
f 1460/522/918 1458/520/916 1459/521/917
f 1461/523/919 1460/522/918 1459/521/917
f 1462/524/920 1460/522/918 1461/523/919
f 1460/522/918 1463/525/921 1458/520/916
f 1464/526/922 1463/525/921 1460/522/918
f 1458/520/916 1465/527/923 1456/518/914
f 1463/525/921 1465/527/923 1458/520/916
f 1465/527/923 1466/528/924 1456/518/914
f 1456/518/914 1466/528/924 1467/529/915
f 1463/525/921 1468/530/925 1465/527/923
f 1469/531/926 1468/530/925 1463/525/921
f 1465/527/923 1470/532/927 1466/528/924
f 1468/530/925 1470/532/927 1465/527/923
f 1470/532/927 1471/533/928 1466/528/924
f 1466/528/924 1471/533/928 1472/534/929
f 1468/530/925 1473/535/930 1470/532/927
f 1474/536/922 1473/535/930 1468/530/925
f 1470/532/927 1475/537/931 1471/533/928
f 1473/535/930 1475/537/931 1470/532/927
f 1475/537/931 1476/538/932 1471/533/928
f 1471/533/928 1476/538/932 1477/539/933
f 1473/535/930 1478/540/934 1475/537/931
f 1479/541/922 1478/540/934 1473/535/930
f 1475/537/931 1480/542/935 1476/538/932
f 1478/540/934 1480/542/935 1475/537/931
f 1480/542/935 1481/543/936 1476/538/932
f 1476/538/932 1481/543/936 1482/544/915
f 1478/540/934 1483/545/937 1480/542/935
f 1484/546/922 1483/545/937 1478/540/934
f 1480/542/935 1485/547/938 1481/543/936
f 1483/545/937 1485/547/938 1480/542/935
f 1483/545/937 1486/548/939 1485/547/938
f 1487/549/922 1486/548/939 1483/545/937
f 1486/548/939 1488/550/940 1485/547/938
f 1485/547/938 1489/551/941 1481/543/936
f 1485/547/938 1488/550/940 1489/551/941
f 1481/543/936 1489/551/941 1490/552/915
f 1488/550/940 1491/553/942 1489/551/941
f 1489/551/941 1491/553/942 1492/554/915
f 1495/555/943 1494/556/944 1493/557/945
f 1496/558/946 1495/555/943 1493/557/945
f 1497/559/947 1495/555/943 1496/558/946
f 1498/560/947 1497/559/947 1496/558/946
f 1499/561/948 1497/559/947 1498/560/947
f 1500/562/948 1499/561/948 1498/560/947
f 1503/559/949 1502/561/948 1501/562/948
f 1504/560/949 1503/559/949 1501/562/948
f 1505/555/950 1503/559/949 1504/560/949
f 1506/558/950 1505/555/950 1504/560/949
f 1507/556/944 1505/555/950 1506/558/950
f 1508/557/944 1507/556/944 1506/558/950
f 1511/517/951 1510/518/952 1509/519/953
f 1512/520/954 1510/518/952 1511/517/951
f 1513/521/955 1512/520/954 1511/517/951
f 1514/522/956 1512/520/954 1513/521/955
f 1515/523/957 1514/522/956 1513/521/955
f 1516/524/958 1514/522/956 1515/523/957
f 1514/522/956 1517/525/959 1512/520/954
f 1518/526/958 1517/525/959 1514/522/956
f 1512/520/954 1519/527/960 1510/518/952
f 1517/525/959 1519/527/960 1512/520/954
f 1519/527/960 1520/528/961 1510/518/952
f 1510/518/952 1520/528/961 1521/529/962
f 1517/525/959 1522/530/963 1519/527/960
f 1523/531/964 1522/530/963 1517/525/959
f 1519/527/960 1524/532/965 1520/528/961
f 1522/530/963 1524/532/965 1519/527/960
f 1524/532/965 1525/533/966 1520/528/961
f 1520/528/961 1525/533/966 1526/534/962
f 1522/530/963 1527/535/967 1524/532/965
f 1528/536/968 1527/535/967 1522/530/963
f 1524/532/965 1529/537/969 1525/533/966
f 1527/535/967 1529/537/969 1524/532/965
f 1529/537/969 1530/538/970 1525/533/966
f 1525/533/966 1530/538/970 1531/539/953
f 1527/535/967 1532/540/971 1529/537/969
f 1533/541/968 1532/540/971 1527/535/967
f 1529/537/969 1534/542/972 1530/538/970
f 1532/540/971 1534/542/972 1529/537/969
f 1534/542/972 1535/543/973 1530/538/970
f 1530/538/970 1535/543/973 1536/544/953
f 1532/540/971 1537/545/974 1534/542/972
f 1538/546/968 1537/545/974 1532/540/971
f 1534/542/972 1539/547/975 1535/543/973
f 1537/545/974 1539/547/975 1534/542/972
f 1537/545/974 1540/548/957 1539/547/975
f 1541/549/968 1540/548/957 1537/545/974
f 1540/548/957 1542/550/976 1539/547/975
f 1539/547/975 1543/551/977 1535/543/973
f 1539/547/975 1542/550/976 1543/551/977
f 1535/543/973 1543/551/977 1544/552/953
f 1542/550/976 1545/553/951 1543/551/977
f 1543/551/977 1545/553/951 1546/554/953
f 1549/563/978 1548/564/979 1547/565/979
f 1550/566/980 1549/563/978 1547/565/979
f 1551/567/981 1549/563/978 1550/566/980
f 1552/568/981 1551/567/981 1550/566/980
f 1553/569/982 1551/567/981 1552/568/981
f 1554/570/983 1553/569/982 1552/568/981
f 1557/567/984 1556/569/983 1555/570/982
f 1558/568/985 1557/567/984 1555/570/982
f 1559/563/986 1557/567/984 1558/568/985
f 1560/566/987 1559/563/986 1558/568/985
f 1561/564/979 1559/563/986 1560/566/987
f 1562/565/979 1561/564/979 1560/566/987
f 1565/517/988 1564/518/989 1563/519/990
f 1566/520/991 1564/518/989 1565/517/988
f 1567/521/992 1566/520/991 1565/517/988
f 1568/522/993 1566/520/991 1567/521/992
f 1569/523/994 1568/522/993 1567/521/992
f 1570/524/995 1568/522/993 1569/523/994
f 1568/522/993 1571/525/996 1566/520/991
f 1572/526/995 1571/525/996 1568/522/993
f 1566/520/991 1573/527/997 1564/518/989
f 1571/525/996 1573/527/997 1566/520/991
f 1573/527/997 1574/528/998 1564/518/989
f 1564/518/989 1574/528/998 1575/529/999
f 1571/525/996 1576/530/1000 1573/527/997
f 1577/531/995 1576/530/1000 1571/525/996
f 1573/527/997 1578/532/1001 1574/528/998
f 1576/530/1000 1578/532/1001 1573/527/997
f 1578/532/1001 1579/533/1002 1574/528/998
f 1574/528/998 1579/533/1002 1580/534/999
f 1576/530/1000 1581/535/1003 1578/532/1001
f 1582/536/995 1581/535/1003 1576/530/1000
f 1578/532/1001 1583/537/1004 1579/533/1002
f 1581/535/1003 1583/537/1004 1578/532/1001
f 1583/537/1004 1584/538/1005 1579/533/1002
f 1579/533/1002 1584/538/1005 1585/539/999
f 1581/535/1003 1586/540/1006 1583/537/1004
f 1587/541/995 1586/540/1006 1581/535/1003
f 1583/537/1004 1588/542/1007 1584/538/1005
f 1586/540/1006 1588/542/1007 1583/537/1004
f 1588/542/1007 1589/543/1008 1584/538/1005
f 1584/538/1005 1589/543/1008 1590/544/999
f 1586/540/1006 1591/545/1009 1588/542/1007
f 1592/546/1010 1591/545/1009 1586/540/1006
f 1588/542/1007 1593/547/1011 1589/543/1008
f 1591/545/1009 1593/547/1011 1588/542/1007
f 1591/545/1009 1594/548/1012 1593/547/1011
f 1595/549/1010 1594/548/1012 1591/545/1009
f 1594/548/1012 1596/550/1013 1593/547/1011
f 1593/547/1011 1597/551/1014 1589/543/1008
f 1593/547/1011 1596/550/1013 1597/551/1014
f 1589/543/1008 1597/551/1014 1598/552/999
f 1596/550/1013 1599/553/1015 1597/551/1014
f 1597/551/1014 1599/553/1015 1600/554/999
f 1603/508/1016 1602/507/1017 1601/509/1016
f 1602/507/1017 1604/510/1018 1601/509/1016
f 1602/507/1017 1605/511/1019 1604/510/1018
f 1605/511/1019 1606/512/1019 1604/510/1018
f 1605/511/1019 1607/513/1020 1606/512/1019
f 1607/513/1020 1608/514/1020 1606/512/1019
f 1611/513/1020 1610/511/1021 1609/514/1020
f 1610/511/1021 1612/515/1021 1609/514/1020
f 1610/511/1021 1613/507/1022 1612/515/1021
f 1613/507/1022 1614/516/1022 1612/515/1021
f 1613/507/1022 1615/508/1023 1614/516/1022
f 1615/508/1023 1616/509/1023 1614/516/1022
f 1619/518/1024 1618/517/1025 1617/519/1026
f 1619/518/1024 1620/520/1027 1618/517/1025
f 1620/520/1027 1621/521/1028 1618/517/1025
f 1620/520/1027 1622/522/1029 1621/521/1028
f 1622/522/1029 1623/523/1030 1621/521/1028
f 1622/522/1029 1624/524/1031 1623/523/1030
f 1625/525/1032 1622/522/1029 1620/520/1027
f 1625/525/1032 1626/526/1033 1622/522/1029
f 1627/527/1034 1620/520/1027 1619/518/1024
f 1627/527/1034 1625/525/1032 1620/520/1027
f 1628/528/1035 1627/527/1034 1619/518/1024
f 1628/528/1035 1619/518/1024 1629/529/1026
f 1630/530/1036 1625/525/1032 1627/527/1034
f 1630/530/1036 1631/531/1033 1625/525/1032
f 1632/532/1037 1627/527/1034 1628/528/1035
f 1632/532/1037 1630/530/1036 1627/527/1034
f 1633/533/1038 1632/532/1037 1628/528/1035
f 1633/533/1038 1628/528/1035 1634/534/1026
f 1635/535/1039 1630/530/1036 1632/532/1037
f 1635/535/1039 1636/536/1033 1630/530/1036
f 1637/537/1040 1632/532/1037 1633/533/1038
f 1637/537/1040 1635/535/1039 1632/532/1037
f 1638/538/1041 1637/537/1040 1633/533/1038
f 1638/538/1041 1633/533/1038 1639/539/1042
f 1640/540/1043 1635/535/1039 1637/537/1040
f 1640/540/1043 1641/541/1044 1635/535/1039
f 1642/542/1045 1637/537/1040 1638/538/1041
f 1642/542/1045 1640/540/1043 1637/537/1040
f 1643/543/1046 1642/542/1045 1638/538/1041
f 1643/543/1046 1638/538/1041 1644/544/1042
f 1645/545/1047 1640/540/1043 1642/542/1045
f 1645/545/1047 1646/546/1044 1640/540/1043
f 1647/547/1048 1642/542/1045 1643/543/1046
f 1647/547/1048 1645/545/1047 1642/542/1045
f 1648/548/1030 1645/545/1047 1647/547/1048
f 1648/548/1030 1649/549/1049 1645/545/1047
f 1650/550/1028 1648/548/1030 1647/547/1048
f 1651/551/1050 1647/547/1048 1643/543/1046
f 1650/550/1028 1647/547/1048 1651/551/1050
f 1651/551/1050 1643/543/1046 1652/552/1042
f 1653/553/1051 1650/550/1028 1651/551/1050
f 1653/553/1051 1651/551/1050 1654/554/1026
f 1657/556/1052 1656/555/1053 1655/557/1052
f 1656/555/1053 1658/558/1053 1655/557/1052
f 1656/555/1053 1659/559/1054 1658/558/1053
f 1659/559/1054 1660/560/1054 1658/558/1053
f 1659/559/1054 1661/561/1055 1660/560/1054
f 1661/561/1055 1662/562/1055 1660/560/1054
f 1665/561/1055 1664/559/1056 1663/562/1055
f 1664/559/1056 1666/560/1056 1663/562/1055
f 1664/559/1056 1667/555/1057 1666/560/1056
f 1667/555/1057 1668/558/1057 1666/560/1056
f 1667/555/1057 1669/556/1052 1668/558/1057
f 1669/556/1052 1670/557/1052 1668/558/1057
f 1673/518/1058 1672/517/1059 1671/519/1060
f 1673/518/1058 1674/520/1061 1672/517/1059
f 1674/520/1061 1675/521/1062 1672/517/1059
f 1674/520/1061 1676/522/1063 1675/521/1062
f 1676/522/1063 1677/523/1064 1675/521/1062
f 1676/522/1063 1678/524/1065 1677/523/1064
f 1679/525/1066 1676/522/1063 1674/520/1061
f 1679/525/1066 1680/526/1067 1676/522/1063
f 1681/527/1068 1674/520/1061 1673/518/1058
f 1681/527/1068 1679/525/1066 1674/520/1061
f 1682/528/1069 1681/527/1068 1673/518/1058
f 1682/528/1069 1673/518/1058 1683/529/1060
f 1684/530/1070 1679/525/1066 1681/527/1068
f 1684/530/1070 1685/531/1067 1679/525/1066
f 1686/532/1071 1681/527/1068 1682/528/1069
f 1686/532/1071 1684/530/1070 1681/527/1068
f 1687/533/1072 1686/532/1071 1682/528/1069
f 1687/533/1072 1682/528/1069 1688/534/1060
f 1689/535/1073 1684/530/1070 1686/532/1071
f 1689/535/1073 1690/536/1067 1684/530/1070
f 1691/537/1074 1686/532/1071 1687/533/1072
f 1691/537/1074 1689/535/1073 1686/532/1071
f 1692/538/1075 1691/537/1074 1687/533/1072
f 1692/538/1075 1687/533/1072 1693/539/1076
f 1694/540/1077 1689/535/1073 1691/537/1074
f 1694/540/1077 1695/541/1067 1689/535/1073
f 1696/542/1078 1691/537/1074 1692/538/1075
f 1696/542/1078 1694/540/1077 1691/537/1074
f 1697/543/1079 1696/542/1078 1692/538/1075
f 1697/543/1079 1692/538/1075 1698/544/1076
f 1699/545/1080 1694/540/1077 1696/542/1078
f 1699/545/1080 1700/546/1081 1694/540/1077
f 1701/547/1082 1696/542/1078 1697/543/1079
f 1701/547/1082 1699/545/1080 1696/542/1078
f 1702/548/1064 1699/545/1080 1701/547/1082
f 1702/548/1064 1703/549/1081 1699/545/1080
f 1704/550/1083 1702/548/1064 1701/547/1082
f 1705/551/1084 1701/547/1082 1697/543/1079
f 1704/550/1083 1701/547/1082 1705/551/1084
f 1705/551/1084 1697/543/1079 1706/552/1060
f 1707/553/1085 1704/550/1083 1705/551/1084
f 1707/553/1085 1705/551/1084 1708/554/1060
f 1711/564/1086 1710/563/1087 1709/565/1086
f 1710/563/1087 1712/566/1088 1709/565/1086
f 1710/563/1087 1713/567/1089 1712/566/1088
f 1713/567/1089 1714/568/1089 1712/566/1088
f 1713/567/1089 1715/569/1090 1714/568/1089
f 1715/569/1090 1716/570/1091 1714/568/1089
f 1719/569/1092 1718/567/1093 1717/570/1094
f 1718/567/1093 1720/568/1093 1717/570/1094
f 1718/567/1093 1721/563/1095 1720/568/1093
f 1721/563/1095 1722/566/1096 1720/568/1093
f 1721/563/1095 1723/564/1086 1722/566/1096
f 1723/564/1086 1724/565/1086 1722/566/1096
f 1727/518/1097 1726/517/1098 1725/519/1099
f 1727/518/1097 1728/520/1100 1726/517/1098
f 1728/520/1100 1729/521/1101 1726/517/1098
f 1728/520/1100 1730/522/1102 1729/521/1101
f 1730/522/1102 1731/523/1103 1729/521/1101
f 1730/522/1102 1732/524/1104 1731/523/1103
f 1733/525/1105 1730/522/1102 1728/520/1100
f 1733/525/1105 1734/526/1106 1730/522/1102
f 1735/527/1107 1728/520/1100 1727/518/1097
f 1735/527/1107 1733/525/1105 1728/520/1100
f 1736/528/1108 1735/527/1107 1727/518/1097
f 1736/528/1108 1727/518/1097 1737/529/1099
f 1738/530/1109 1733/525/1105 1735/527/1107
f 1738/530/1109 1739/531/1106 1733/525/1105
f 1740/532/1110 1735/527/1107 1736/528/1108
f 1740/532/1110 1738/530/1109 1735/527/1107
f 1741/533/1111 1740/532/1110 1736/528/1108
f 1741/533/1111 1736/528/1108 1742/534/1112
f 1743/535/1113 1738/530/1109 1740/532/1110
f 1743/535/1113 1744/536/1104 1738/530/1109
f 1745/537/1114 1740/532/1110 1741/533/1111
f 1745/537/1114 1743/535/1113 1740/532/1110
f 1746/538/1115 1745/537/1114 1741/533/1111
f 1746/538/1115 1741/533/1111 1747/539/1112
f 1748/540/1116 1743/535/1113 1745/537/1114
f 1748/540/1116 1749/541/1104 1743/535/1113
f 1750/542/1117 1745/537/1114 1746/538/1115
f 1750/542/1117 1748/540/1116 1745/537/1114
f 1751/543/1118 1750/542/1117 1746/538/1115
f 1751/543/1118 1746/538/1115 1752/544/1112
f 1753/545/1119 1748/540/1116 1750/542/1117
f 1753/545/1119 1754/546/1104 1748/540/1116
f 1755/547/1120 1750/542/1117 1751/543/1118
f 1755/547/1120 1753/545/1119 1750/542/1117
f 1756/548/1121 1753/545/1119 1755/547/1120
f 1756/548/1121 1757/549/1104 1753/545/1119
f 1758/550/1122 1756/548/1121 1755/547/1120
f 1759/551/1123 1755/547/1120 1751/543/1118
f 1758/550/1122 1755/547/1120 1759/551/1123
f 1759/551/1123 1751/543/1118 1760/552/1112
f 1761/553/1124 1758/550/1122 1759/551/1123
f 1761/553/1124 1759/551/1123 1762/554/1112
f 1765/571/412 1764/572/1125 1763/573/1126
f 1764/572/1125 1766/574/1127 1763/573/1126
f 1763/573/1126 1766/574/1127 1767/575/1128
f 1766/574/1127 1768/576/1129 1767/575/1128
f 1767/575/1128 1768/576/1129 1769/577/1130
f 1768/576/1129 1770/578/1131 1769/577/1130
f 1769/577/1130 1770/578/1131 1771/579/418
f 1770/578/1131 1772/580/1132 1771/579/418
f 1771/579/418 1772/580/1132 1773/581/1133
f 1772/580/1132 1774/582/1134 1773/581/1133
f 1773/581/1133 1774/582/1134 1775/583/1135
f 1774/582/1134 1776/584/1136 1775/583/1135
f 1775/583/1135 1776/584/1136 1777/585/1137
f 1776/584/1136 1778/586/1138 1777/585/1137
f 1777/585/1137 1778/586/1138 1779/587/745
f 1778/586/1138 1780/588/1139 1779/587/745
f 1783/589/1140 1782/590/1141 1781/591/412
f 1784/592/1142 1783/589/1140 1781/591/412
f 1785/593/1143 1783/589/1140 1784/592/1142
f 1786/594/1144 1785/593/1143 1784/592/1142
f 1787/595/1145 1785/593/1143 1786/594/1144
f 1788/596/1146 1787/595/1145 1786/594/1144
f 1789/597/1147 1787/595/1145 1788/596/1146
f 1790/598/406 1789/597/1147 1788/596/1146
f 1791/599/1148 1789/597/1147 1790/598/406
f 1792/600/1149 1791/599/1148 1790/598/406
f 1793/601/1150 1791/599/1148 1792/600/1149
f 1794/602/1151 1793/601/1150 1792/600/1149
f 1795/603/1152 1793/601/1150 1794/602/1151
f 1796/604/1153 1795/603/1152 1794/602/1151
f 1797/605/1154 1795/603/1152 1796/604/1153
f 1798/606/745 1797/605/1154 1796/604/1153
f 1801/607/1155 1800/608/1132 1799/609/1156
f 1799/609/1156 1802/610/1157 1801/607/1155
f 1799/609/1156 1803/611/1129 1802/610/1157
f 1803/611/1129 1804/612/1158 1802/610/1157
f 1803/611/1129 1805/613/1159 1804/612/1158
f 1805/613/1159 1806/614/1125 1804/612/1158
f 1806/614/1125 1807/615/1160 1804/612/1158
f 1807/615/1160 1806/614/1125 1808/616/1140
f 1808/616/1140 1809/617/1152 1807/615/1160
f 1808/616/1140 1810/618/1143 1809/617/1152
f 1810/618/1143 1811/619/1161 1809/617/1152
f 1810/618/1143 1812/620/1162 1811/619/1161
f 1812/620/1162 1813/621/1163 1811/619/1161
f 1812/620/1162 1814/622/1147 1813/621/1163
f 1817/623/1164 1816/624/1128 1815/625/412
f 1816/624/1128 1818/626/1128 1815/625/412
f 1816/624/1128 1819/627/418 1818/626/1128
f 1819/627/418 1820/628/418 1818/626/1128
f 1819/627/418 1821/629/1135 1820/628/418
f 1821/629/1135 1822/630/1135 1820/628/418
f 1821/629/1135 1823/631/616 1822/630/1135
f 1823/631/616 1824/632/616 1822/630/1135
f 1823/631/616 1825/633/1151 1824/632/616
f 1825/633/1151 1826/634/1151 1824/632/616
f 1825/633/1151 1827/635/406 1826/634/1151
f 1827/635/406 1828/636/406 1826/634/1151
f 1827/635/406 1829/637/1144 1828/636/406
f 1829/637/1144 1830/638/1144 1828/636/406
f 1829/637/1144 1831/639/1164 1830/638/1144
f 1831/639/1164 1832/640/1165 1830/638/1144
f 1835/641/1166 1834/642/1167 1833/643/1168
f 1835/641/1166 1836/644/1169 1834/642/1167
f 1836/644/1169 1837/645/1170 1834/642/1167
f 1836/644/1169 1838/646/1171 1837/645/1170
f 1834/642/1167 1837/645/1170 1839/647/1172
f 1834/642/1167 1839/647/1172 1840/648/1173
f 1840/648/1173 1839/647/1172 1841/649/1174
f 1842/643/1175 1834/642/1167 1840/648/1173
f 1843/650/1176 1840/648/1173 1841/649/1174
f 1844/651/1177 1842/643/1175 1840/648/1173
f 1844/651/1177 1840/648/1173 1843/650/1176
f 1845/652/1178 1844/651/1177 1843/650/1176
f 1846/653/1179 1842/643/1175 1844/651/1177
f 1847/654/1180 1844/651/1177 1845/652/1178
f 1847/654/1180 1846/653/1179 1844/651/1177
f 1848/655/616 1847/654/1180 1845/652/1178
f 1847/654/1180 1848/655/616 1849/656/1181
f 1846/653/1179 1847/654/1180 1850/657/1182
f 1847/654/1180 1849/656/1181 1850/657/1182
f 1846/653/1179 1850/657/1182 1851/658/1183
f 1850/657/1182 1849/656/1181 1852/659/1184
f 1851/658/1183 1850/657/1182 1853/660/1185
f 1850/657/1182 1852/659/1184 1853/660/1185
f 1853/660/1185 1852/659/1184 1854/661/1186
f 1855/662/1187 1853/660/1185 1854/661/1186
f 1856/663/1188 1851/658/1183 1853/660/1185
f 1856/663/1188 1853/660/1185 1855/662/1187
f 1857/664/1189 1856/663/1188 1855/662/1187
f 1858/644/1190 1856/663/1188 1857/664/1189
f 1859/646/1164 1858/644/1190 1857/664/1189
f 1858/644/1190 1860/641/1191 1856/663/1188
f 1860/641/1191 1861/658/1192 1856/663/1188
f 1864/665/412 1863/666/1193 1862/667/1194
f 1863/666/1193 1865/668/1195 1862/667/1194
f 1862/667/1194 1865/668/1195 1866/669/1196
f 1865/668/1195 1867/670/1197 1866/669/1196
f 1866/669/1196 1867/670/1197 1868/671/1198
f 1867/670/1197 1869/672/1199 1868/671/1198
f 1870/673/1200 1869/672/1199 1867/670/1197
f 1870/673/1200 1871/674/1201 1869/672/1199
f 1865/668/1195 1872/675/1202 1867/670/1197
f 1872/675/1202 1870/673/1200 1867/670/1197
f 1873/676/1203 1871/674/1201 1870/673/1200
f 1873/676/1203 1874/677/745 1871/674/1201
f 1874/677/745 1873/676/1203 1875/678/1204
f 1876/679/1205 1873/676/1203 1870/673/1200
f 1876/679/1205 1870/673/1200 1872/675/1202
f 1873/676/1203 1877/680/1206 1875/678/1204
f 1873/676/1203 1876/679/1205 1877/680/1206
f 1875/678/1204 1877/680/1206 1878/681/1207
f 1879/682/1208 1872/675/1202 1865/668/1195
f 1863/666/1193 1879/682/1208 1865/668/1195
f 1880/683/28 1876/679/1205 1872/675/1202
f 1879/682/1208 1880/683/28 1872/675/1202
f 1876/679/1205 1880/683/28 1881/684/1209
f 1876/679/1205 1881/684/1209 1877/680/1206
f 1880/683/28 1879/682/1208 1881/684/1209
f 1877/680/1206 1882/685/1210 1878/681/1207
f 1877/680/1206 1881/684/1209 1882/685/1210
f 1878/681/1207 1882/685/1210 1883/686/1211
f 1882/685/1210 1884/687/1212 1883/686/1211
f 1879/682/1208 1885/688/1213 1881/684/1209
f 1881/684/1209 1885/688/1213 1882/685/1210
f 1885/688/1213 1884/687/1212 1882/685/1210
f 1879/682/1208 1863/666/1193 1885/688/1213
f 1885/688/1213 1886/689/1214 1884/687/1212
f 1863/666/1193 1886/689/1214 1885/688/1213
f 1863/666/1193 1887/665/1215 1886/689/1214
f 1890/572/1141 1889/571/412 1888/573/1142
f 1891/574/1216 1890/572/1141 1888/573/1142
f 1891/574/1216 1888/573/1142 1892/575/1144
f 1893/576/1217 1891/574/1216 1892/575/1144
f 1893/576/1217 1892/575/1144 1894/577/1146
f 1895/578/1218 1893/576/1217 1894/577/1146
f 1895/578/1218 1894/577/1146 1896/579/406
f 1897/580/1147 1895/578/1218 1896/579/406
f 1897/580/1147 1896/579/406 1898/581/1149
f 1899/582/1148 1897/580/1147 1898/581/1149
f 1899/582/1148 1898/581/1149 1900/583/1151
f 1901/584/1219 1899/582/1148 1900/583/1151
f 1901/584/1219 1900/583/1151 1902/585/1153
f 1903/586/1152 1901/584/1219 1902/585/1153
f 1903/586/1152 1902/585/1153 1904/587/745
f 1905/588/1154 1903/586/1152 1904/587/745
f 1908/590/1125 1907/589/1127 1906/591/412
f 1907/589/1127 1909/592/1126 1906/591/412
f 1907/589/1127 1910/593/1220 1909/592/1126
f 1910/593/1220 1911/594/1128 1909/592/1126
f 1910/593/1220 1912/595/1221 1911/594/1128
f 1912/595/1221 1913/596/1130 1911/594/1128
f 1912/595/1221 1914/597/1132 1913/596/1130
f 1914/597/1132 1915/598/418 1913/596/1130
f 1914/597/1132 1916/599/1222 1915/598/418
f 1916/599/1222 1917/600/1133 1915/598/418
f 1916/599/1222 1918/601/1223 1917/600/1133
f 1918/601/1223 1919/602/1135 1917/600/1133
f 1918/601/1223 1920/603/1224 1919/602/1135
f 1920/603/1224 1921/604/1137 1919/602/1135
f 1920/603/1224 1922/605/1139 1921/604/1137
f 1922/605/1139 1923/606/745 1921/604/1137
f 1926/609/1162 1925/608/1147 1924/607/1163
f 1926/609/1162 1924/607/1163 1927/610/1161
f 1928/611/1143 1926/609/1162 1927/610/1161
f 1928/611/1143 1927/610/1161 1929/612/1152
f 1930/613/1140 1928/611/1143 1929/612/1152
f 1930/613/1140 1929/612/1152 1931/615/1160
f 1931/615/1160 1932/614/1125 1930/613/1140
f 1932/614/1125 1931/615/1160 1933/617/1158
f 1934/616/1159 1932/614/1125 1933/617/1158
f 1935/618/1129 1934/616/1159 1933/617/1158
f 1935/618/1129 1933/617/1158 1936/619/1157
f 1937/620/1156 1935/618/1129 1936/619/1157
f 1937/620/1156 1936/619/1157 1938/621/1155
f 1938/621/1155 1939/622/1132 1937/620/1156
f 1942/624/1144 1941/623/1164 1940/625/412
f 1943/626/1144 1942/624/1144 1940/625/412
f 1944/627/406 1942/624/1144 1943/626/1144
f 1945/628/406 1944/627/406 1943/626/1144
f 1946/629/1151 1944/627/406 1945/628/406
f 1947/630/1151 1946/629/1151 1945/628/406
f 1948/631/616 1946/629/1151 1947/630/1151
f 1949/632/616 1948/631/616 1947/630/1151
f 1950/633/1135 1948/631/616 1949/632/616
f 1951/634/1135 1950/633/1135 1949/632/616
f 1952/635/418 1950/633/1135 1951/634/1135
f 1953/636/418 1952/635/418 1951/634/1135
f 1954/637/1128 1952/635/418 1953/636/418
f 1955/638/1128 1954/637/1128 1953/636/418
f 1956/639/1164 1954/637/1128 1955/638/1128
f 1957/640/412 1956/639/1164 1955/638/1128
f 1960/642/1188 1959/641/1191 1958/643/1192
f 1961/644/1190 1959/641/1191 1960/642/1188
f 1962/645/1189 1961/644/1190 1960/642/1188
f 1963/646/1164 1961/644/1190 1962/645/1189
f 1962/645/1189 1960/642/1188 1964/647/1187
f 1964/647/1187 1960/642/1188 1965/648/1185
f 1964/647/1187 1965/648/1185 1966/649/1186
f 1960/642/1188 1967/643/1183 1965/648/1185
f 1965/648/1185 1968/650/1184 1966/649/1186
f 1967/643/1183 1969/651/1182 1965/648/1185
f 1965/648/1185 1969/651/1182 1968/650/1184
f 1969/651/1182 1970/652/1181 1968/650/1184
f 1967/643/1183 1971/653/1179 1969/651/1182
f 1969/651/1182 1972/654/1180 1970/652/1181
f 1971/653/1179 1972/654/1180 1969/651/1182
f 1972/654/1180 1973/655/616 1970/652/1181
f 1973/655/616 1972/654/1180 1974/656/1178
f 1972/654/1180 1971/653/1179 1975/657/1177
f 1974/656/1178 1972/654/1180 1975/657/1177
f 1975/657/1177 1971/653/1179 1976/658/1175
f 1974/656/1178 1975/657/1177 1977/659/1176
f 1975/657/1177 1976/658/1175 1978/660/1173
f 1977/659/1176 1975/657/1177 1978/660/1173
f 1977/659/1176 1978/660/1173 1979/661/1174
f 1978/660/1173 1980/662/1172 1979/661/1174
f 1976/658/1175 1981/663/1167 1978/660/1173
f 1978/660/1173 1981/663/1167 1980/662/1172
f 1981/663/1167 1982/664/1170 1980/662/1172
f 1981/663/1167 1983/644/1169 1982/664/1170
f 1983/644/1169 1984/646/1164 1982/664/1170
f 1985/641/1166 1983/644/1169 1981/663/1167
f 1986/658/1168 1985/641/1166 1981/663/1167
f 1989/666/1193 1988/665/1215 1987/667/1214
f 1990/668/1213 1989/666/1193 1987/667/1214
f 1990/668/1213 1987/667/1214 1991/669/1212
f 1992/670/1210 1990/668/1213 1991/669/1212
f 1992/670/1210 1991/669/1212 1993/671/1211
f 1994/672/1207 1992/670/1210 1993/671/1211
f 1994/672/1207 1995/673/1206 1992/670/1210
f 1996/674/1204 1995/673/1206 1994/672/1207
f 1997/675/1209 1990/668/1213 1992/670/1210
f 1995/673/1206 1997/675/1209 1992/670/1210
f 1996/674/1204 1998/676/1203 1995/673/1206
f 1999/677/745 1998/676/1203 1996/674/1204
f 1998/676/1203 1999/677/745 2000/678/1201
f 1998/676/1203 2001/679/1205 1995/673/1206
f 1995/673/1206 2001/679/1205 1997/675/1209
f 2002/680/1200 1998/676/1203 2000/678/1201
f 2001/679/1205 1998/676/1203 2002/680/1200
f 2002/680/1200 2000/678/1201 2003/681/1199
f 1997/675/1209 2004/682/1208 1990/668/1213
f 2004/682/1208 1989/666/1193 1990/668/1213
f 2001/679/1205 2005/683/28 1997/675/1209
f 2005/683/28 2004/682/1208 1997/675/1209
f 2005/683/28 2001/679/1205 2006/684/1202
f 2006/684/1202 2001/679/1205 2002/680/1200
f 2004/682/1208 2005/683/28 2006/684/1202
f 2007/685/1197 2002/680/1200 2003/681/1199
f 2006/684/1202 2002/680/1200 2007/685/1197
f 2007/685/1197 2003/681/1199 2008/686/1198
f 2009/687/1196 2007/685/1197 2008/686/1198
f 2010/688/1195 2004/682/1208 2006/684/1202
f 2010/688/1195 2006/684/1202 2007/685/1197
f 2009/687/1196 2010/688/1195 2007/685/1197
f 1989/666/1193 2004/682/1208 2010/688/1195
f 2011/689/1194 2010/688/1195 2009/687/1196
f 2011/689/1194 1989/666/1193 2010/688/1195
f 2012/665/412 1989/666/1193 2011/689/1194
f 2015/690/1225 2014/691/1226 2013/692/1227
f 2016/693/1228 2015/690/1225 2013/692/1227
f 2017/694/1229 2015/690/1225 2016/693/1228
f 2018/695/1230 2017/694/1229 2016/693/1228
f 2019/696/1231 2017/694/1229 2018/695/1230
f 2020/697/418 2019/696/1231 2018/695/1230
f 2021/698/1232 2019/696/1231 2020/697/418
f 2022/699/1233 2021/698/1232 2020/697/418
f 2023/700/1234 2021/698/1232 2022/699/1233
f 2024/701/1235 2023/700/1234 2022/699/1233
f 2025/702/1236 2023/700/1234 2024/701/1235
f 2026/703/1237 2025/702/1236 2024/701/1235
f 2027/704/1238 2025/702/1236 2026/703/1237
f 2028/705/1239 2027/704/1238 2026/703/1237
f 2029/706/1240 2027/704/1238 2028/705/1239
f 2030/707/1241 2029/706/1240 2028/705/1239
f 2031/708/1242 2029/706/1240 2030/707/1241
f 2032/709/406 2031/708/1242 2030/707/1241
f 2033/710/1243 2031/708/1242 2032/709/406
f 2034/711/1244 2033/710/1243 2032/709/406
f 2035/712/1245 2033/710/1243 2034/711/1244
f 2036/713/1246 2035/712/1245 2034/711/1244
f 2037/714/1226 2035/712/1245 2036/713/1246
f 2038/715/1247 2037/714/1226 2036/713/1246
f 2041/716/1248 2040/717/1249 2039/718/1225
f 2039/718/1225 2042/719/1250 2041/716/1248
f 2042/719/1250 2043/720/1243 2041/716/1248
f 2042/719/1250 2044/721/1231 2043/720/1243
f 2044/721/1231 2045/722/1251 2043/720/1243
f 2044/721/1231 2046/723/1252 2045/722/1251
f 2046/723/1252 2047/724/1240 2045/722/1251
f 2046/723/1252 2048/725/1253 2047/724/1240
f 2048/725/1253 2049/726/1254 2047/724/1240
f 2048/725/1253 2050/727/1255 2049/726/1254
f 2053/728/1256 2052/729/1257 2051/730/1258
f 2054/731/1259 2053/728/1256 2051/730/1258
f 2055/732/1260 2054/731/1259 2051/730/1258
f 2056/733/1261 2054/731/1259 2055/732/1260
f 2057/734/1262 2056/733/1261 2055/732/1260
f 2060/735/1263 2059/736/1264 2058/737/1265
f 2061/738/1266 2060/735/1263 2058/737/1265
f 2062/739/1267 2060/735/1263 2061/738/1266
f 2063/740/1268 2062/739/1267 2061/738/1266
f 2064/741/1269 2062/739/1267 2063/740/1268
f 2065/742/1270 2064/741/1269 2063/740/1268
f 2066/743/1271 2064/741/1269 2065/742/1270
f 2067/744/1272 2066/743/1271 2065/742/1270
f 2068/745/1273 2066/743/1271 2067/744/1272
f 2069/746/1274 2068/745/1273 2067/744/1272
f 2070/747/1275 2068/745/1273 2069/746/1274
f 2071/748/1276 2070/747/1275 2069/746/1274
f 2074/749/1277 2073/750/1278 2072/751/1279
f 2074/749/1277 2072/751/1279 2075/752/1280
f 2076/753/1281 2074/749/1277 2075/752/1280
f 2076/753/1281 2075/752/1280 2077/754/1282
f 2078/755/1283 2076/753/1281 2077/754/1282
f 2077/754/1282 2079/756/1284 2078/755/1283
f 2079/756/1284 2080/757/1285 2078/755/1283
f 2080/757/1285 2081/758/1286 2078/755/1283
f 2084/759/1283 2083/760/1287 2082/761/1281
f 2083/760/1287 2085/762/1288 2082/761/1281
f 2082/761/1281 2085/762/1288 2086/763/1277
f 2085/762/1288 2087/764/1289 2086/763/1277
f 2086/763/1277 2087/764/1289 2088/765/1290
f 2087/764/1289 2089/766/1291 2088/765/1290
f 2092/767/1290 2091/768/1292 2090/769/1293
f 2091/768/1292 2093/770/1294 2090/769/1293
f 2090/769/1293 2093/770/1294 2094/771/1280
f 2093/770/1294 2095/772/1295 2094/771/1280
f 2094/771/1280 2095/772/1295 2096/773/1282
f 2095/772/1295 2097/774/1296 2096/773/1282
f 2096/773/1282 2097/774/1296 2098/775/1297
f 2097/774/1296 2099/776/1298 2098/775/1297
f 2102/777/1299 2101/760/1300 2100/759/1283
f 2103/778/1301 2102/777/1299 2100/759/1283
f 2106/776/1298 2105/779/1302 2104/780/1303
f 2107/775/1304 2106/776/1298 2104/780/1303
f 2110/781/1305 2109/782/1306 2108/783/1307
f 2111/784/1308 2110/781/1305 2108/783/1307
f 2111/784/1308 2108/783/1307 2112/785/1309
f 2108/783/1307 2113/786/1310 2112/785/1309
f 2116/785/1311 2115/787/1312 2114/788/1313
f 2117/784/1308 2116/785/1311 2114/788/1313
f 2118/789/1314 2117/784/1308 2114/788/1313
f 2119/790/1315 2118/789/1314 2114/788/1313
f 2122/791/1316 2121/792/1317 2120/793/1318
f 2123/794/1319 2122/791/1316 2120/793/1318
f 2124/795/406 2123/794/1319 2120/793/1318
f 2125/796/1320 2124/795/406 2120/793/1318
f 2128/797/1312 2127/798/743 2126/799/1321
f 2129/800/1322 2128/797/1312 2126/799/1321
f 2132/801/1323 2131/802/1324 2130/803/1325
f 2133/804/1326 2132/801/1323 2130/803/1325
f 2133/804/1326 2130/803/1325 2134/805/1327
f 2130/803/1325 2135/806/418 2134/805/1327
f 2138/807/1328 2137/808/1329 2136/800/1322
f 2139/799/1321 2138/807/1328 2136/800/1322
f 2142/807/1328 2141/809/1330 2140/810/1331
f 2143/808/1329 2142/807/1328 2140/810/1331
f 2146/811/1332 2145/812/1330 2144/813/1333
f 2145/812/1330 2147/814/1334 2144/813/1333
f 2144/813/1333 2147/814/1334 2148/815/1335
f 2147/814/1334 2149/816/1321 2148/815/1335
f 2148/815/1335 2149/816/1321 2150/817/1320
f 2149/816/1321 2151/818/743 2150/817/1320
f 2154/819/1331 2153/820/1330 2152/821/1336
f 2155/822/1337 2154/819/1331 2152/821/1336
f 2158/823/1338 2157/824/1331 2156/825/1339
f 2159/826/1340 2158/823/1338 2156/825/1339
f 2160/827/1322 2158/823/1338 2159/826/1340
f 2161/828/1341 2160/827/1322 2159/826/1340
f 2162/829/1312 2160/827/1322 2161/828/1341
f 2163/830/1312 2162/829/1312 2161/828/1341
f 2166/804/1342 2165/805/1343 2164/831/1344
f 2167/832/1345 2166/804/1342 2164/831/1344
f 2168/833/1323 2166/804/1342 2167/832/1345
f 2169/834/1346 2168/833/1323 2167/832/1345
f 2172/835/1316 2171/836/1324 2170/837/1347
f 2171/836/1324 2173/838/1336 2170/837/1347
f 2174/839/1339 2173/838/1336 2171/836/1324
f 2175/840/1323 2174/839/1339 2171/836/1324
f 2176/841/1315 2174/839/1339 2175/840/1323
f 2177/842/1314 2176/841/1315 2175/840/1323
f 2177/842/1314 2175/840/1323 2178/843/1346
f 2179/844/1348 2177/842/1314 2178/843/1346
f 2182/845/1306 2181/846/1346 2180/847/1349
f 2181/846/1346 2183/848/1345 2180/847/1349
f 2180/847/1349 2183/848/1345 2184/849/1350
f 2185/850/1310 2180/847/1349 2184/849/1350
f 2188/782/1351 2187/781/1352 2186/783/1353
f 2187/781/1352 2189/784/1354 2186/783/1353
f 2186/783/1353 2189/784/1354 2190/785/1355
f 2191/786/1310 2186/783/1353 2190/785/1355
f 2194/787/1312 2193/785/1356 2192/788/1357
f 2193/785/1356 2195/784/1358 2192/788/1357
f 2195/784/1358 2196/789/1359 2192/788/1357
f 2196/789/1359 2197/790/1360 2192/788/1357
f 2200/792/1361 2199/791/1362 2198/793/1363
f 2199/791/1362 2201/794/1364 2198/793/1363
f 2201/794/1364 2202/795/406 2198/793/1363
f 2202/795/406 2203/796/743 2198/793/1363
f 2206/797/1312 2205/800/1365 2204/799/1366
f 2207/798/743 2206/797/1312 2204/799/1366
f 2210/802/1367 2209/801/1368 2208/803/1369
f 2209/801/1368 2211/804/1370 2208/803/1369
f 2208/803/1369 2211/804/1370 2212/805/1327
f 2213/806/418 2208/803/1369 2212/805/1327
f 2216/807/1371 2215/799/1366 2214/800/1372
f 2217/808/1373 2216/807/1371 2214/800/1372
f 2220/807/1371 2219/808/1374 2218/810/1375
f 2221/809/1376 2220/807/1371 2218/810/1375
f 2224/812/1377 2223/811/1378 2222/813/1379
f 2225/814/1380 2224/812/1377 2222/813/1379
f 2225/814/1380 2222/813/1379 2226/815/1381
f 2227/816/1366 2225/814/1380 2226/815/1381
f 2227/816/1366 2226/815/1381 2228/817/743
f 2229/818/743 2227/816/1366 2228/817/743
f 2232/819/1375 2231/822/1382 2230/821/1383
f 2233/820/1384 2232/819/1375 2230/821/1383
f 2236/824/1385 2235/823/1373 2234/825/1386
f 2235/823/1373 2237/826/1387 2234/825/1386
f 2235/823/1373 2238/827/1388 2237/826/1387
f 2238/827/1388 2239/828/1389 2237/826/1387
f 2238/827/1388 2240/829/1312 2239/828/1389
f 2240/829/1312 2241/830/1312 2239/828/1389
f 2244/805/1343 2243/804/1390 2242/831/1391
f 2243/804/1390 2245/832/1392 2242/831/1391
f 2243/804/1390 2246/833/1368 2245/832/1392
f 2246/833/1368 2247/834/1393 2245/832/1392
f 2250/836/1367 2249/835/1362 2248/837/1361
f 2251/838/1378 2250/836/1367 2248/837/1361
f 2251/838/1378 2252/839/1382 2250/836/1367
f 2252/839/1382 2253/840/1394 2250/836/1367
f 2252/839/1382 2254/841/1395 2253/840/1394
f 2254/841/1395 2255/842/1396 2253/840/1394
f 2253/840/1394 2255/842/1396 2256/843/1397
f 2255/842/1396 2257/844/1351 2256/843/1397
f 2260/846/1393 2259/845/1398 2258/847/1353
f 2261/848/1399 2260/846/1393 2258/847/1353
f 2261/848/1399 2258/847/1353 2262/849/1400
f 2258/847/1353 2263/850/1310 2262/849/1400
f 2266/782/1346 2265/781/1401 2264/783/1345
f 2265/781/1401 2267/784/1326 2264/783/1345
f 2264/783/1345 2267/784/1326 2268/785/1343
f 2269/786/1344 2264/783/1345 2268/785/1343
f 2272/787/1402 2271/785/1403 2270/788/1404
f 2271/785/1403 2273/784/1326 2270/788/1404
f 2273/784/1326 2274/789/1401 2270/788/1404
f 2274/789/1401 2275/790/1405 2270/788/1404
f 2278/792/1406 2277/791/1407 2276/793/1408
f 2277/791/1407 2279/794/1325 2276/793/1408
f 2279/794/1325 2280/795/418 2276/793/1408
f 2280/795/418 2281/796/828 2276/793/1408
f 2284/797/1402 2283/800/1409 2282/799/1410
f 2285/798/828 2284/797/1402 2282/799/1410
f 2288/802/1411 2287/801/1412 2286/803/1319
f 2287/801/1412 2289/804/1308 2286/803/1319
f 2286/803/1319 2289/804/1308 2290/805/1413
f 2291/806/406 2286/803/1319 2290/805/1413
f 2294/807/1414 2293/799/1410 2292/800/1409
f 2295/808/1415 2294/807/1414 2292/800/1409
f 2298/807/1414 2297/808/1416 2296/810/1417
f 2299/809/1418 2298/807/1414 2296/810/1417
f 2302/812/1419 2301/811/1420 2300/813/1421
f 2303/814/1414 2302/812/1419 2300/813/1421
f 2303/814/1414 2300/813/1421 2304/815/1422
f 2305/816/1423 2303/814/1414 2304/815/1422
f 2305/816/1423 2304/815/1422 2306/817/828
f 2307/818/828 2305/816/1423 2306/817/828
f 2310/819/1417 2309/822/1424 2308/821/1425
f 2311/820/1418 2310/819/1417 2308/821/1425
f 2314/824/1426 2313/823/1415 2312/825/1427
f 2313/823/1415 2315/826/1428 2312/825/1427
f 2313/823/1415 2316/827/1409 2315/826/1428
f 2316/827/1409 2317/828/1429 2315/826/1428
f 2316/827/1409 2318/829/1402 2317/828/1429
f 2318/829/1402 2319/830/1402 2317/828/1429
f 2322/805/1309 2321/804/1430 2320/831/1310
f 2321/804/1430 2323/832/1307 2320/831/1310
f 2321/804/1430 2324/833/1412 2323/832/1307
f 2324/833/1412 2325/834/1306 2323/832/1307
f 2328/836/1411 2327/835/1431 2326/837/1432
f 2329/838/1420 2328/836/1411 2326/837/1432
f 2329/838/1420 2330/839/1424 2328/836/1411
f 2330/839/1424 2331/840/1433 2328/836/1411
f 2330/839/1424 2332/841/1434 2331/840/1433
f 2332/841/1434 2333/842/1435 2331/840/1433
f 2331/840/1433 2333/842/1435 2334/843/1348
f 2333/842/1435 2335/844/1346 2334/843/1348
f 2338/846/1306 2337/845/1346 2336/847/1345
f 2339/848/1349 2338/846/1306 2336/847/1345
f 2339/848/1349 2336/847/1345 2340/849/1310
f 2336/847/1345 2341/850/1350 2340/849/1310
f 2344/781/1436 2343/782/1393 2342/783/1392
f 2345/784/1390 2344/781/1436 2342/783/1392
f 2345/784/1390 2342/783/1392 2346/785/1343
f 2342/783/1392 2347/786/1437 2346/785/1343
f 2350/785/1403 2349/787/1438 2348/788/1439
f 2351/784/1370 2350/785/1403 2348/788/1439
f 2352/789/1440 2351/784/1370 2348/788/1439
f 2353/790/1441 2352/789/1440 2348/788/1439
f 2356/791/1442 2355/792/1443 2354/793/1444
f 2357/794/1369 2356/791/1442 2354/793/1444
f 2358/795/418 2357/794/1369 2354/793/1444
f 2359/796/828 2358/795/418 2354/793/1444
f 2362/797/1402 2361/798/828 2360/799/1445
f 2363/800/1446 2362/797/1402 2360/799/1445
f 2366/801/1447 2365/802/1448 2364/803/1364
f 2367/804/1358 2366/801/1447 2364/803/1364
f 2367/804/1358 2364/803/1364 2368/805/1449
f 2364/803/1364 2369/806/406 2368/805/1449
f 2372/807/1450 2371/808/1451 2370/800/1446
f 2373/799/1445 2372/807/1450 2370/800/1446
f 2376/807/1450 2375/809/1452 2374/810/1453
f 2377/808/1454 2376/807/1450 2374/810/1453
f 2380/811/1455 2379/812/1452 2378/813/1456
f 2379/812/1452 2381/814/1450 2378/813/1456
f 2378/813/1456 2381/814/1450 2382/815/1457
f 2381/814/1450 2383/816/1458 2382/815/1457
f 2382/815/1457 2383/816/1458 2384/817/828
f 2383/816/1458 2385/818/828 2384/817/828
f 2388/819/1453 2387/820/1452 2386/821/1459
f 2389/822/1460 2388/819/1453 2386/821/1459
f 2392/823/1461 2391/824/1453 2390/825/1462
f 2393/826/1463 2392/823/1461 2390/825/1462
f 2394/827/1464 2392/823/1461 2393/826/1463
f 2395/828/1465 2394/827/1464 2393/826/1463
f 2396/829/1402 2394/827/1464 2395/828/1465
f 2397/830/1438 2396/829/1402 2395/828/1465
f 2400/804/1354 2399/805/1355 2398/831/1310
f 2401/832/1466 2400/804/1354 2398/831/1310
f 2402/833/1447 2400/804/1354 2401/832/1466
f 2403/834/1351 2402/833/1447 2401/832/1466
f 2406/835/1442 2405/836/1448 2404/837/1467
f 2405/836/1448 2407/838/1459 2404/837/1467
f 2408/839/1462 2407/838/1459 2405/836/1448
f 2409/840/1447 2408/839/1462 2405/836/1448
f 2410/841/1468 2408/839/1462 2409/840/1447
f 2411/842/1469 2410/841/1468 2409/840/1447
f 2411/842/1469 2409/840/1447 2412/843/1351
f 2413/844/1397 2411/842/1469 2412/843/1351
f 2416/845/1393 2415/846/1398 2414/847/1399
f 2415/846/1398 2417/848/1353 2414/847/1399
f 2414/847/1399 2417/848/1353 2418/849/1310
f 2419/850/1400 2414/847/1399 2418/849/1310
f 2422/851/1470 2421/852/1471 2420/853/1472
f 2422/851/1470 2423/854/1473 2421/852/1471
f 2422/851/1470 2424/855/1474 2423/854/1473
f 2424/855/1474 2425/856/1475 2423/854/1473
f 2428/857/1476 2427/858/1477 2426/859/1478
f 2429/860/1479 2426/859/1478 2427/858/1477
f 2430/861/1480 2429/860/1479 2427/858/1477
f 2430/861/1480 2427/858/1477 2431/862/1481
f 2432/863/1482 2430/861/1480 2431/862/1481
f 2433/864/1483 2432/863/1482 2431/862/1481
f 2434/865/1484 2433/864/1483 2431/862/1481
f 2437/866/616 2436/867/1474 2435/868/1485
f 2438/869/1486 2436/867/1474 2437/866/616
f 2438/869/1486 2439/870/1487 2436/867/1474
f 2440/871/1488 2436/867/1474 2439/870/1487
f 2441/872/1482 2440/871/1488 2439/870/1487
f 2442/873/1489 2440/871/1488 2441/872/1482
f 2443/874/1490 2442/873/1489 2441/872/1482
f 2446/875/1491 2445/876/1492 2444/877/1493
f 2447/878/1494 2446/875/1491 2444/877/1493
f 2450/879/1495 2449/880/1496 2448/881/1497
f 2449/880/1496 2451/882/1498 2448/881/1497
f 2449/880/1496 2452/883/1499 2451/882/1498
f 2448/881/1497 2451/882/1498 2453/884/1500
f 2452/883/1499 2454/885/1471 2451/882/1498
f 2451/882/1498 2455/886/1501 2453/884/1500
f 2451/882/1498 2454/885/1471 2455/886/1501
f 2454/885/1471 2456/887/1502 2455/886/1501
f 2453/884/1500 2455/886/1501 2457/888/1503
f 2455/886/1501 2456/887/1502 2458/889/1504
f 2455/886/1501 2458/889/1504 2457/888/1503
f 2456/887/1502 2459/890/1475 2458/889/1504
f 2459/890/1475 2460/891/1505 2458/889/1504
f 2460/891/1505 2461/892/1476 2458/889/1504
f 2458/889/1504 2461/892/1476 2457/888/1503
f 2461/892/1476 2462/893/1506 2457/888/1503
f 2465/894/1507 2464/895/1508 2463/896/1509
f 2466/897/1510 2465/894/1507 2463/896/1509
f 2467/898/1511 2465/894/1507 2466/897/1510
f 2468/899/1512 2467/898/1511 2466/897/1510
f 2471/900/1513 2470/901/1514 2469/902/1508
f 2472/903/1515 2471/900/1513 2469/902/1508
f 2473/904/1516 2471/900/1513 2472/903/1515
f 2474/905/1517 2473/904/1516 2472/903/1515
f 2477/852/1518 2476/906/1519 2475/853/1520
f 2478/854/1521 2476/906/1519 2477/852/1518
f 2479/855/1522 2476/906/1519 2478/854/1521
f 2480/856/1523 2479/855/1522 2478/854/1521
f 2483/858/1524 2482/857/1525 2481/859/1526
f 2481/859/1526 2484/907/1527 2483/858/1524
f 2484/907/1527 2485/861/1528 2483/858/1524
f 2483/858/1524 2485/861/1528 2486/862/1529
f 2485/861/1528 2487/863/1530 2486/862/1529
f 2487/863/1530 2488/864/1531 2486/862/1529
f 2488/864/1531 2489/865/1532 2486/862/1529
f 2492/867/1522 2491/866/616 2490/868/1533
f 2492/867/1522 2493/869/1534 2491/866/616
f 2494/870/1535 2493/869/1534 2492/867/1522
f 2492/867/1522 2495/871/1536 2494/870/1535
f 2495/871/1536 2496/872/1537 2494/870/1535
f 2495/871/1536 2497/873/1538 2496/872/1537
f 2497/873/1538 2498/874/1531 2496/872/1537
f 2501/875/1539 2500/878/1540 2499/877/1541
f 2502/876/1542 2501/875/1539 2499/877/1541
f 2505/880/1543 2504/879/1495 2503/881/1497
f 2506/882/1544 2505/880/1543 2503/881/1497
f 2507/883/1545 2505/880/1543 2506/882/1544
f 2506/882/1544 2503/881/1497 2508/884/1546
f 2509/885/1547 2507/883/1545 2506/882/1544
f 2510/886/1548 2506/882/1544 2508/884/1546
f 2509/885/1547 2506/882/1544 2510/886/1548
f 2511/887/1549 2509/885/1547 2510/886/1548
f 2510/886/1548 2508/884/1546 2512/908/1503
f 2511/887/1549 2510/886/1548 2513/909/1550
f 2513/909/1550 2510/886/1548 2512/908/1503
f 2514/910/1551 2511/887/1549 2513/909/1550
f 2515/891/1552 2514/910/1551 2513/909/1550
f 2516/892/1553 2515/891/1552 2513/909/1550
f 2516/892/1553 2513/909/1550 2512/908/1503
f 2517/893/1506 2516/892/1553 2512/908/1503
f 2520/895/1554 2519/894/1555 2518/896/1522
f 2519/894/1555 2521/897/1556 2518/896/1522
f 2519/894/1555 2522/898/1557 2521/897/1556
f 2522/898/1557 2523/899/1558 2521/897/1556
f 2526/901/1559 2525/900/1560 2524/911/1554
f 2525/900/1560 2527/903/1561 2524/911/1554
f 2525/900/1560 2528/904/1562 2527/903/1561
f 2528/904/1562 2529/905/1541 2527/903/1561
f 2532/912/1563 2531/913/1384 2530/914/1144
f 2533/915/1564 2532/912/1563 2530/914/1144
f 2536/916/1565 2535/917/1566 2534/918/1567
f 2537/919/1568 2536/916/1565 2534/918/1567
f 2540/920/1128 2539/921/1569 2538/922/1570
f 2541/923/1571 2540/920/1128 2538/922/1570
f 2544/924/1452 2543/925/1377 2542/926/1572
f 2545/927/1573 2544/924/1452 2542/926/1572
f 2548/928/1574 2547/929/1568 2546/930/1575
f 2549/931/1564 2548/928/1574 2546/930/1575
f 2552/932/1576 2551/933/1571 2550/934/1128
f 2553/935/1577 2552/932/1576 2550/934/1128
f 2556/936/1578 2555/934/1579 2554/933/1418
f 2557/932/1580 2556/936/1578 2554/933/1418
f 2560/937/1135 2559/938/1566 2558/939/1567
f 2561/940/1581 2560/937/1135 2558/939/1567
f 2564/941/1582 2563/942/1452 2562/943/1576
f 2565/944/1580 2564/941/1582 2562/943/1576
f 2568/945/1583 2567/946/1580 2566/947/1584
f 2569/948/1577 2568/945/1583 2566/947/1584
f 2572/932/1576 2571/933/1571 2570/934/1128
f 2573/935/1577 2572/932/1576 2570/934/1128
f 2576/935/1578 2575/934/1579 2574/933/1418
f 2577/932/1580 2576/935/1578 2574/933/1418
f 2580/937/1135 2579/938/1566 2578/939/1567
f 2581/940/1581 2580/937/1135 2578/939/1567
f 2584/941/1582 2583/942/1452 2582/943/1576
f 2585/944/1580 2584/941/1582 2582/943/1576
f 2588/945/1583 2587/949/1580 2586/950/1584
f 2589/948/1577 2588/945/1583 2586/950/1584
f 2592/951/1585 2591/952/1581 2590/953/1135
f 2593/954/1586 2592/951/1585 2590/953/1135
f 2596/954/1587 2595/955/1588 2594/956/1330
f 2597/951/1589 2596/954/1587 2594/956/1330
f 2600/957/1151 2599/958/1579 2598/959/1418
f 2601/960/1590 2600/957/1151 2598/959/1418
f 2604/961/1591 2603/962/1582 2602/963/1592
f 2605/964/1593 2604/961/1591 2602/963/1592
f 2608/965/1594 2607/966/1595 2606/967/1596
f 2609/968/1586 2608/965/1594 2606/967/1596
f 2612/912/1568 2611/915/1565 2610/914/1566
f 2613/913/1567 2612/912/1568 2610/914/1566
f 2616/916/1564 2615/919/1563 2614/918/1384
f 2617/917/1144 2616/916/1564 2614/918/1384
f 2620/920/1569 2619/923/1570 2618/922/1571
f 2621/921/1128 2620/920/1569 2618/922/1571
f 2624/924/1377 2623/927/1572 2622/926/1573
f 2625/925/1452 2624/924/1377 2622/926/1573
f 2628/928/1564 2627/931/1574 2626/930/1568
f 2629/929/1575 2628/928/1564 2626/930/1568
f 2632/932/1597 2631/935/1598 2630/934/1569
f 2633/933/1570 2632/932/1597 2630/934/1569
f 2636/936/1599 2635/932/1600 2634/933/1590
f 2637/934/1151 2636/936/1599 2634/933/1590
f 2640/937/1588 2639/940/1330 2638/939/1384
f 2641/938/1144 2640/937/1588 2638/939/1384
f 2644/941/1591 2643/944/1600 2642/943/1601
f 2645/942/1377 2644/941/1591 2642/943/1601
f 2648/945/1599 2647/948/1602 2646/947/1603
f 2649/946/1604 2648/945/1599 2646/947/1603
f 2652/932/1597 2651/935/1598 2650/934/1569
f 2653/933/1570 2652/932/1597 2650/934/1569
f 2656/935/1599 2655/932/1600 2654/933/1590
f 2657/934/1151 2656/935/1599 2654/933/1590
f 2660/937/1588 2659/940/1330 2658/939/1384
f 2661/938/1144 2660/937/1588 2658/939/1384
f 2664/941/1591 2663/944/1600 2662/943/1601
f 2665/942/1377 2664/941/1591 2662/943/1601
f 2668/945/1599 2667/948/1602 2666/950/1603
f 2669/949/1604 2668/945/1599 2666/950/1603
f 2672/951/1589 2671/954/1587 2670/953/1588
f 2673/952/1330 2672/951/1589 2670/953/1588
f 2676/954/1586 2675/951/1585 2674/956/1581
f 2677/955/1135 2676/954/1586 2674/956/1581
f 2680/957/1579 2679/960/1418 2678/959/1590
f 2681/958/1151 2680/957/1579 2678/959/1590
f 2684/961/1582 2683/964/1592 2682/963/1593
f 2685/962/1591 2684/961/1582 2682/963/1593
f 2688/965/1586 2687/968/1594 2686/967/1595
f 2689/966/1596 2688/965/1586 2686/967/1595
f 2692/969/1605 2691/970/1606 2690/971/1606
f 2693/972/1605 2692/969/1605 2690/971/1606
f 2696/973/1607 2695/974/1608 2694/975/1608
f 2697/976/1607 2696/973/1607 2694/975/1608
f 2700/977/1609 2699/978/1610 2698/979/1610
f 2701/980/1611 2700/977/1609 2698/979/1610
f 2704/981/1612 2703/982/1613 2702/983/1613
f 2705/984/1612 2704/981/1612 2702/983/1613
f 2708/985/1605 2707/986/1614 2706/987/1614
f 2709/988/1605 2708/985/1605 2706/987/1614
f 2712/989/1615 2711/990/1608 2710/991/1608
f 2713/992/1607 2712/989/1615 2710/991/1608
f 2716/993/1611 2715/994/1616 2714/995/1616
f 2717/996/1611 2716/993/1611 2714/995/1616
f 2720/997/1612 2719/998/1617 2718/999/1617
f 2721/1000/1612 2720/997/1612 2718/999/1617
f 2724/1001/1605 2723/1002/1614 2722/1003/1614
f 2725/1004/1605 2724/1001/1605 2722/1003/1614
f 2728/1005/1607 2727/1006/1618 2726/1007/1618
f 2729/1008/1607 2728/1005/1607 2726/1007/1618
f 2732/1009/1611 2731/1010/1616 2730/1011/1616
f 2733/1012/1611 2732/1009/1611 2730/1011/1616
f 2736/1013/1619 2735/1014/1617 2734/1015/1617
f 2737/1016/1612 2736/1013/1619 2734/1015/1617
f 2740/1017/1605 2739/1018/1614 2738/1019/1614
f 2741/1020/1605 2740/1017/1605 2738/1019/1614
f 2744/1021/1607 2743/1022/1618 2742/1023/1620
f 2745/1024/1607 2744/1021/1607 2742/1023/1620
f 2748/1025/1611 2747/1026/1610 2746/1027/1610
f 2749/1028/1611 2748/1025/1611 2746/1027/1610
f 2752/1029/1612 2751/1030/1617 2750/1031/1617
f 2753/1032/1612 2752/1029/1612 2750/1031/1617
f 2756/969/1621 2755/972/1621 2754/971/1622
f 2757/970/1623 2756/969/1621 2754/971/1622
f 2760/973/1624 2759/976/1624 2758/975/1625
f 2761/974/1625 2760/973/1624 2758/975/1625
f 2764/977/1626 2763/980/1626 2762/979/1624
f 2765/978/1624 2764/977/1626 2762/979/1624
f 2768/981/1622 2767/984/1622 2766/983/1627
f 2769/982/1627 2768/981/1622 2766/983/1627
f 2772/985/1625 2771/988/1625 2770/987/1622
f 2773/986/1622 2772/985/1625 2770/987/1622
f 2776/989/1628 2775/992/1629 2774/991/1625
f 2777/990/1625 2776/989/1628 2774/991/1625
f 2780/993/1630 2779/996/1627 2778/995/1624
f 2781/994/1624 2780/993/1630 2778/995/1624
f 2784/997/1622 2783/1000/1622 2782/999/1627
f 2785/998/1630 2784/997/1622 2782/999/1627
f 2788/1001/1625 2787/1004/1625 2786/1003/1622
f 2789/1002/1622 2788/1001/1625 2786/1003/1622
f 2792/1005/1624 2791/1008/1624 2790/1007/1625
f 2793/1006/1631 2792/1005/1624 2790/1007/1625
f 2796/1009/1627 2795/1012/1627 2794/1011/1624
f 2797/1010/1624 2796/1009/1627 2794/1011/1624
f 2800/1013/1622 2799/1016/1622 2798/1015/1627
f 2801/1014/1627 2800/1013/1622 2798/1015/1627
f 2804/1017/1625 2803/1020/1625 2802/1019/1622
f 2805/1018/1622 2804/1017/1625 2802/1019/1622
f 2808/1021/1628 2807/1024/1632 2806/1023/1625
f 2809/1022/1625 2808/1021/1628 2806/1023/1625
f 2812/1025/1633 2811/1028/1633 2810/1027/1624
f 2813/1026/1624 2812/1025/1633 2810/1027/1624
f 2816/1029/1622 2815/1032/1634 2814/1031/1627
f 2817/1030/1627 2816/1029/1622 2814/1031/1627
f 2820/1033/1635 2819/641/1166 2818/643/1636
f 2821/653/1179 2820/1033/1635 2818/643/1636
f 2819/641/1166 2820/1033/1635 2822/658/1637
f 2820/1033/1635 2821/653/1179 2822/658/1637
f 2825/641/1166 2824/1033/1635 2823/643/1637
f 2824/1033/1635 2826/653/1179 2823/643/1637
f 2824/1033/1635 2825/641/1166 2827/658/1636
f 2826/653/1179 2824/1033/1635 2827/658/1636
f 2830/1034/1638 2829/1035/1639 2828/1036/1640
f 2831/1037/1641 2829/1035/1639 2830/1034/1638
f 2829/1035/1639 2832/1038/1642 2828/1036/1640
f 2828/1036/1640 2832/1038/1642 2833/1039/1643
f 2832/1038/1642 2834/1040/1644 2833/1039/1643
f 2833/1039/1643 2834/1040/1644 2835/1041/1645
f 2835/1041/1645 2834/1040/1644 2836/1042/1646
f 2837/1043/1647 2829/1035/1639 2831/1037/1641
f 2838/1044/1648 2837/1043/1647 2831/1037/1641
f 2829/1035/1639 2839/1045/1649 2832/1038/1642
f 2832/1038/1642 2839/1045/1649 2834/1040/1644
f 2834/1040/1644 2840/1046/1650 2836/1042/1646
f 2836/1042/1646 2840/1046/1650 2841/1047/1651
f 2842/1048/1652 2837/1043/1647 2838/1044/1648
f 2843/1049/1653 2842/1048/1652 2838/1044/1648
f 2844/1050/1654 2842/1048/1652 2843/1049/1653
f 2837/1043/1647 2845/1051/1655 2829/1035/1639
f 2845/1051/1655 2839/1045/1649 2829/1035/1639
f 2842/1048/1652 2845/1051/1655 2837/1043/1647
f 2845/1051/1655 2846/1052/1656 2839/1045/1649
f 2839/1045/1649 2847/1053/1657 2834/1040/1644
f 2834/1040/1644 2847/1053/1657 2840/1046/1650
f 2839/1045/1649 2846/1052/1656 2847/1053/1657
f 2840/1046/1650 2848/1054/1658 2841/1047/1651
f 2840/1046/1650 2847/1053/1657 2848/1054/1658
f 2841/1047/1651 2848/1054/1658 2849/1055/686
f 2849/1055/686 2848/1054/1658 2850/1056/1659
f 2851/1057/1660 2842/1048/1652 2844/1050/1654
f 2852/1058/1661 2851/1057/1660 2844/1050/1654
f 2853/1059/1662 2845/1051/1655 2842/1048/1652
f 2851/1057/1660 2853/1059/1662 2842/1048/1652
f 2853/1059/1662 2846/1052/1656 2845/1051/1655
f 2854/1060/1663 2851/1057/1660 2852/1058/1661
f 2854/1060/1663 2853/1059/1662 2851/1057/1660
f 2855/1061/1664 2854/1060/1663 2852/1058/1661
f 2856/1062/1665 2854/1060/1663 2855/1061/1664
f 2847/1053/1657 2857/1063/1666 2848/1054/1658
f 2847/1053/1657 2846/1052/1656 2857/1063/1666
f 2848/1054/1658 2858/1064/1667 2850/1056/1659
f 2848/1054/1658 2857/1063/1666 2858/1064/1667
f 2850/1056/1659 2858/1064/1667 2859/1065/1668
f 2858/1064/1667 2860/1066/1669 2859/1065/1668
f 2858/1064/1667 2857/1063/1666 2860/1066/1669
f 2859/1065/1668 2860/1066/1669 2861/1067/1670
f 2861/1067/1670 2860/1066/1669 2862/1068/1671
f 2863/1069/1672 2853/1059/1662 2854/1060/1663
f 2863/1069/1672 2846/1052/1656 2853/1059/1662
f 2864/1070/1673 2854/1060/1663 2856/1062/1665
f 2864/1070/1673 2863/1069/1672 2854/1060/1663
f 2865/1071/1674 2864/1070/1673 2856/1062/1665
f 2866/1072/1675 2864/1070/1673 2865/1071/1674
f 2866/1072/1675 2863/1069/1672 2864/1070/1673
f 2867/1073/1676 2866/1072/1675 2865/1071/1674
f 2868/1074/1677 2866/1072/1675 2867/1073/1676
f 2857/1063/1666 2869/1075/1678 2860/1066/1669
f 2857/1063/1666 2846/1052/1656 2869/1075/1678
f 2860/1066/1669 2870/1076/1679 2862/1068/1671
f 2860/1066/1669 2869/1075/1678 2870/1076/1679
f 2862/1068/1671 2870/1076/1679 2871/1077/1680
f 2872/1078/1681 2846/1052/1656 2863/1069/1672
f 2872/1078/1681 2863/1069/1672 2866/1072/1675
f 2869/1075/1678 2846/1052/1656 2872/1078/1681
f 2873/1079/1682 2866/1072/1675 2868/1074/1677
f 2873/1079/1682 2872/1078/1681 2866/1072/1675
f 2874/1080/671 2873/1079/1682 2868/1074/1677
f 2870/1076/1679 2875/1081/1683 2871/1077/1680
f 2870/1076/1679 2869/1075/1678 2875/1081/1683
f 2869/1075/1678 2872/1078/1681 2875/1081/1683
f 2875/1081/1683 2872/1078/1681 2873/1079/1682
f 2875/1081/1683 2873/1079/1682 2874/1080/671
f 2871/1077/1680 2875/1081/1683 2876/1082/1684
f 2876/1082/1684 2875/1081/1683 2874/1080/671
