# Blender 5.0.1
# www.blender.org
mtllib pcenter.mtl
g pokecenter_3_Malla
v -1.486590 63.283318 27.406971
v 1.620405 64.068314 26.771671
v 1.156415 64.775314 26.198671
v 1.780408 63.283318 27.406971
v 0.433423 65.337318 25.743773
v 1.620405 62.499313 28.042171
v -0.477587 65.698318 25.451872
v 1.156415 61.791313 28.615271
v -1.486590 65.822319 25.351171
v 0.433423 61.230316 29.070070
v -2.495593 65.698318 25.451872
v -0.477587 60.869316 29.362070
v -3.406603 65.337318 25.743773
v -1.486590 60.745316 29.462570
v -4.129595 64.775314 26.198671
v -2.495593 60.869316 29.362070
v -4.593585 64.068314 26.771671
v -3.406603 61.230316 29.070070
v -4.753588 63.283318 27.406971
v -4.129595 61.791313 28.615271
v -4.593585 62.499313 28.042171
v -9.855578 65.397316 25.695671
v -5.697588 64.347313 26.545872
v -5.068591 65.306313 25.769173
v -5.794604 63.871315 26.930872
v -8.605578 67.303314 24.151773
v -10.166583 63.871315 26.930872
v -4.088580 66.067314 25.152771
v -6.658587 68.816315 22.926672
v -2.854601 66.556313 24.756971
v -4.205584 69.787315 22.140102
v -1.486590 66.724319 24.620571
v -1.486590 70.122314 21.869102
v -0.118579 66.556313 24.756971
v 1.232404 69.787315 22.140102
v 1.115400 66.067314 25.152771
v 3.685407 68.816315 22.926672
v 2.095411 65.306313 25.769173
v 5.632398 67.303314 24.151773
v 2.724409 64.347313 26.545872
v 6.882398 65.397316 25.695671
v 2.821424 63.871315 26.930872
v 7.193403 63.871315 26.930872
v -4.753588 62.490318 26.427671
v -4.753588 63.283318 27.406971
v -4.593585 64.068314 26.771671
v -4.593585 62.499313 28.042171
v -4.593585 63.275314 25.792372
v -4.593585 61.706314 27.062870
v 1.780408 63.283318 27.406971
v 1.620405 63.275314 25.792372
v 1.620405 64.068314 26.771671
v 1.780408 62.490318 26.427671
v 1.620405 61.706314 27.062870
v 1.620405 62.499313 28.042171
v -9.855578 61.170319 29.118170
v -5.068591 61.261314 29.044670
v -5.697588 62.220314 28.267973
v -8.605578 59.264015 30.661970
v -5.794604 62.695312 27.882973
v -10.166583 62.695312 27.882973
v -4.088580 60.500313 29.661070
v -6.658587 57.751114 31.887171
v -2.854601 60.011215 30.056870
v -4.205584 56.779716 32.673775
v -1.486590 59.842819 30.193270
v -1.486590 56.445015 32.944771
v -0.118579 60.011215 30.056870
v 1.232404 56.779716 32.673775
v 1.115400 60.500313 29.661070
v 3.685407 57.751114 31.887171
v 2.095411 61.261314 29.044670
v 5.632398 59.264015 30.661970
v 2.724409 62.220314 28.267973
v 6.882398 61.170319 29.118170
v 2.821424 62.695312 27.882973
v 7.193403 62.695312 27.882973
v 45.836407 29.149315 29.696371
v 28.215406 29.149315 29.696371
v 28.215406 16.548317 29.696369
v 45.836407 16.548317 29.696369
v 47.552410 29.149315 28.902670
v 47.552410 16.548317 28.902668
v 52.381420 29.149315 24.069269
v 52.381420 16.548317 24.069267
v 5.632398 66.510315 23.172571
v 6.882398 65.397316 25.695671
v 6.882398 64.604317 24.716372
v 5.632398 67.303314 24.151773
v 3.685407 68.023315 21.947412
v 3.685407 68.816315 22.926672
v 1.232404 68.994316 21.160852
v 1.232404 69.787315 22.140102
v -1.486590 69.329315 20.889793
v -1.486590 70.122314 21.869102
v -4.205584 68.994316 21.160852
v -4.205584 69.787315 22.140102
v -6.658587 68.023315 21.947412
v -6.658587 68.816315 22.926672
v -8.605578 66.510315 23.172571
v -8.605578 67.303314 24.151773
v -9.855578 64.604317 24.716372
v -9.855578 65.397316 25.695671
v -10.166583 63.078316 25.951572
v -10.166583 63.871315 26.930872
v 5.632398 58.471016 29.682671
v 6.882398 60.377419 28.138971
v 6.882398 61.170319 29.118170
v 5.632398 59.264015 30.661970
v 3.685407 56.958015 30.907871
v 3.685407 57.751114 31.887171
v 1.232404 55.986717 31.694469
v 1.232404 56.779716 32.673775
v -1.486590 55.652016 31.965471
v -1.486590 56.445015 32.944771
v -4.205584 55.986717 31.694469
v -4.205584 56.779716 32.673775
v -6.658587 56.958015 30.907871
v -6.658587 57.751114 31.887171
v -8.605578 58.471016 29.682671
v -8.605578 59.264015 30.661970
v -9.855578 60.377419 28.138971
v -9.855578 61.170319 29.118170
v -10.166583 61.902313 26.903671
v -10.166583 62.695312 27.882973
v 7.193403 63.078316 25.951572
v 6.882398 65.397316 25.695671
v 7.193403 63.871315 26.930872
v 6.882398 64.604317 24.716372
v 1.620405 64.068314 26.771671
v 1.156415 63.982315 25.219273
v 1.156415 64.775314 26.198671
v 1.620405 63.275314 25.792372
v 1.156415 64.775314 26.198671
v 0.433423 64.544319 24.764572
v 0.433423 65.337318 25.743773
v 1.156415 63.982315 25.219273
v 0.433423 65.337318 25.743773
v -0.477587 64.905319 24.472572
v -0.477587 65.698318 25.451872
v 0.433423 64.544319 24.764572
v -0.477587 65.698318 25.451872
v -1.486590 65.029320 24.371971
v -1.486590 65.822319 25.351171
v -0.477587 64.905319 24.472572
v -1.486590 65.822319 25.351171
v -2.495593 64.905319 24.472572
v -2.495593 65.698318 25.451872
v -1.486590 65.029320 24.371971
v -2.495593 65.698318 25.451872
v -3.406603 64.544319 24.764572
v -3.406603 65.337318 25.743773
v -2.495593 64.905319 24.472572
v -3.406603 65.337318 25.743773
v -4.129595 63.982315 25.219273
v -4.129595 64.775314 26.198671
v -3.406603 64.544319 24.764572
v -4.129595 64.775314 26.198671
v -4.593585 63.275314 25.792372
v -4.593585 64.068314 26.771671
v -4.129595 63.982315 25.219273
v 2.095411 65.306313 25.769173
v 2.724409 63.554314 25.566572
v 2.724409 64.347313 26.545872
v 2.095411 64.513313 24.789871
v 1.115400 66.067314 25.152771
v 2.095411 64.513313 24.789871
v 2.095411 65.306313 25.769173
v 1.115400 65.274315 24.173471
v -0.118579 66.556313 24.756971
v 1.115400 65.274315 24.173471
v 1.115400 66.067314 25.152771
v -0.118579 65.763313 23.777672
v -1.486590 66.724319 24.620571
v -0.118579 65.763313 23.777672
v -0.118579 66.556313 24.756971
v -1.486590 65.931313 23.641272
v -2.854601 66.556313 24.756971
v -1.486590 65.931313 23.641272
v -1.486590 66.724319 24.620571
v -2.854601 65.763313 23.777672
v -4.088580 66.067314 25.152771
v -2.854601 65.763313 23.777672
v -2.854601 66.556313 24.756971
v -4.088580 65.274315 24.173471
v -5.068591 65.306313 25.769173
v -4.088580 65.274315 24.173471
v -4.088580 66.067314 25.152771
v -5.068591 64.513313 24.789871
v -5.697588 64.347313 26.545872
v -5.068591 64.513313 24.789871
v -5.068591 65.306313 25.769173
v -5.697588 63.554314 25.566572
v -5.794604 63.871315 26.930872
v -5.697588 63.554314 25.566572
v -5.697588 64.347313 26.545872
v -5.794604 63.078316 25.951572
v 2.724409 64.347313 26.545872
v 2.821424 63.078316 25.951572
v 2.821424 63.871315 26.930872
v 2.724409 63.554314 25.566572
v -10.166583 63.871315 26.930872
v -5.794604 63.078316 25.951572
v -5.794604 63.871315 26.930872
v -10.166583 63.078316 25.951572
v 2.821424 63.871315 26.930872
v 7.193403 63.078316 25.951572
v 7.193403 63.871315 26.930872
v 2.821424 63.078316 25.951572
v 6.882398 61.170319 29.118170
v 7.193403 61.902313 26.903671
v 7.193403 62.695312 27.882973
v 6.882398 60.377419 28.138971
v 1.156415 60.998314 27.635971
v 1.620405 62.499313 28.042171
v 1.156415 61.791313 28.615271
v 1.620405 61.706314 27.062870
v 0.433423 60.436913 28.090672
v 1.156415 61.791313 28.615271
v 0.433423 61.230316 29.070070
v 1.156415 60.998314 27.635971
v -0.477587 60.076317 28.382669
v 0.433423 61.230316 29.070070
v -0.477587 60.869316 29.362070
v 0.433423 60.436913 28.090672
v -1.486590 59.952118 28.483370
v -0.477587 60.869316 29.362070
v -1.486590 60.745316 29.462570
v -0.477587 60.076317 28.382669
v -2.495593 60.076317 28.382669
v -1.486590 60.745316 29.462570
v -2.495593 60.869316 29.362070
v -1.486590 59.952118 28.483370
v -3.406603 60.436913 28.090672
v -2.495593 60.869316 29.362070
v -3.406603 61.230316 29.070070
v -2.495593 60.076317 28.382669
v -4.129595 60.998314 27.635971
v -3.406603 61.230316 29.070070
v -4.129595 61.791313 28.615271
v -3.406603 60.436913 28.090672
v -4.593585 61.706314 27.062870
v -4.129595 61.791313 28.615271
v -4.593585 62.499313 28.042171
v -4.129595 60.998314 27.635971
v 2.724409 61.427315 27.288671
v 2.095411 61.261314 29.044670
v 2.724409 62.220314 28.267973
v 2.095411 60.468315 28.065371
v 2.095411 60.468315 28.065371
v 1.115400 60.500313 29.661070
v 2.095411 61.261314 29.044670
v 1.115400 59.706917 28.681870
v 1.115400 59.706917 28.681870
v -0.118579 60.011215 30.056870
v 1.115400 60.500313 29.661070
v -0.118579 59.218216 29.077570
v -0.118579 59.218216 29.077570
v -1.486590 59.842819 30.193270
v -0.118579 60.011215 30.056870
v -1.486590 59.049820 29.213970
v -1.486590 59.049820 29.213970
v -2.854601 60.011215 30.056870
v -1.486590 59.842819 30.193270
v -2.854601 59.218216 29.077570
v -2.854601 59.218216 29.077570
v -4.088580 60.500313 29.661070
v -2.854601 60.011215 30.056870
v -4.088580 59.706917 28.681870
v -4.088580 59.706917 28.681870
v -5.068591 61.261314 29.044670
v -4.088580 60.500313 29.661070
v -5.068591 60.468315 28.065371
v -5.068591 60.468315 28.065371
v -5.697588 62.220314 28.267973
v -5.068591 61.261314 29.044670
v -5.697588 61.427315 27.288671
v -5.697588 61.427315 27.288671
v -5.794604 62.695312 27.882973
v -5.697588 62.220314 28.267973
v -5.794604 61.902313 26.903671
v 2.821424 61.902313 26.903671
v 2.724409 62.220314 28.267973
v 2.821424 62.695312 27.882973
v 2.724409 61.427315 27.288671
v -5.794604 61.902313 26.903671
v -10.166583 62.695312 27.882973
v -5.794604 62.695312 27.882973
v -10.166583 61.902313 26.903671
v 7.193403 61.902313 26.903671
v 2.821424 62.695312 27.882973
v 7.193403 62.695312 27.882973
v 2.821424 61.902313 26.903671
v -1.599854 44.339752 31.676678
v 3.065155 43.600853 31.676678
v 3.866150 46.064957 31.676678
v 2.700134 42.479160 26.636375
v -1.599854 46.930550 31.676678
v -1.599854 43.160255 26.636375
v -7.065857 46.064957 31.676678
v -5.899841 42.479160 26.636375
v -6.264862 43.600853 31.676678
v 4.671143 48.544151 29.156477
v -7.870850 48.544151 29.156477
v -1.599854 49.537354 29.156477
v 4.671143 48.544151 26.636377
v -1.599854 49.537354 26.636377
v -7.870850 48.544151 26.636377
v -1.599854 78.690758 -35.287819
v -1.599854 78.690758 -42.848419
v -8.159851 77.900757 -42.848419
v 4.960144 77.900757 -42.848419
v -8.159851 77.900757 -35.287819
v 4.960144 77.900757 -35.287819
v -1.599854 78.690758 -25.207020
v -14.076843 75.608757 -42.848423
v 10.877136 75.608757 -42.848423
v -8.159851 77.900757 -25.207020
v 4.960144 77.900757 -25.207020
v -14.076843 75.608757 -35.287823
v -18.772858 72.037758 -42.848423
v 10.877136 75.608757 -35.287823
v 15.573151 72.037758 -42.848423
v -18.772858 72.037758 -35.287823
v -21.761841 67.046761 -42.848419
v 15.573151 72.037758 -35.287823
v -21.761841 67.046761 -35.287819
v 18.562134 67.046761 -42.848419
v 18.562134 67.046761 -35.287819
v 15.573151 72.037758 -25.207020
v -18.772858 72.037758 -25.207020
v -21.761841 67.046761 -25.207022
v 18.562134 67.046761 -25.207022
v -1.599854 67.046753 -5.585822
v -16.720856 67.046753 16.555557
v -1.599854 67.046753 16.555529
v -16.720856 67.046753 -5.585822
v 13.521149 67.046753 -5.585822
v -1.599854 67.046761 -20.707022
v 13.521149 67.046761 -20.707022
v 13.521149 67.046753 16.555557
v -16.720856 67.046761 -20.707022
v 13.521149 67.046761 -42.848419
v -1.599854 67.046761 -42.848419
v -16.720856 67.046761 -42.848419
v -1.599854 54.154156 31.676680
v -21.761841 51.295052 31.676680
v -1.599854 51.295052 31.676680
v -21.761841 54.154156 31.676680
v 18.562134 51.295052 31.676680
v -1.599854 67.046753 21.595928
v 18.562134 54.154156 31.676680
v -21.761841 67.046753 21.595928
v 18.562134 67.046753 21.595928
v -1.599854 67.046753 16.555529
v -21.761841 67.046753 16.555557
v 18.562134 67.046753 16.555557
v 45.723145 31.763954 29.156473
v 45.723145 31.763956 31.676676
v 47.439148 31.763954 30.882975
v 25.582153 31.763956 31.676676
v 54.988159 31.763956 23.326155
v 25.582153 31.763954 29.156473
v 53.284149 31.763956 21.595924
v 53.284149 39.324562 -39.068123
v 50.764160 44.364960 -45.368622
v 53.284149 44.364960 -39.068123
v 50.764160 39.324562 -45.368622
v 53.284149 39.324562 -35.287823
v 50.764160 19.162960 -45.368626
v 53.284149 19.162958 -39.068127
v 53.284149 39.324558 8.994976
v 53.284149 44.364956 12.775246
v 50.764160 6.561962 -45.368626
v 53.284149 6.561962 -39.068127
v 53.284149 19.162956 12.775244
v 53.284149 39.324558 12.775246
v 50.764160 39.324558 19.075726
v 50.764160 44.364952 19.075726
v 53.284149 6.561954 12.775243
v 50.764160 19.162954 19.075724
v 50.764160 6.561954 19.075722
v -56.483856 39.324558 12.775246
v -56.483856 44.364956 12.775246
v -56.483856 39.324558 8.994976
v -53.963867 44.364952 19.075726
v -53.963867 39.324558 19.075726
v -53.963867 19.162954 19.075724
v -56.483856 19.162956 12.775244
v -56.483856 39.324562 -35.287823
v -53.963867 6.561954 19.075722
v -56.483856 6.561954 12.775243
v -56.483856 19.162958 -39.068127
v -56.483856 44.364960 -39.068123
v -56.483856 6.561962 -39.068127
v -53.963867 19.162960 -45.368626
v -53.963867 39.324562 -45.368622
v -56.483856 39.324562 -39.068123
v -53.963867 6.561962 -45.368626
v -53.963867 44.364960 -45.368622
v -31.821838 6.561958 29.156471
v -48.922852 6.561958 29.156471
v -48.922852 -2.258743 29.156471
v -46.402863 6.561958 26.636372
v -31.821838 -2.258743 29.156471
v -31.821838 6.561958 26.636372
v -18.017853 6.561958 29.156471
v -18.017853 -2.258743 29.156471
v 28.622131 6.561958 29.156471
v 45.723145 -2.258743 29.156471
v 45.723145 6.561958 29.156471
v 28.622131 -2.258743 29.156471
v 43.203156 6.561958 26.636372
v 14.818146 6.561958 29.156471
v 28.622131 6.561958 26.636372
v 14.818146 -2.258743 29.156471
v -57.743866 36.804356 11.515115
v -57.743866 39.324558 11.515116
v -59.003845 39.324558 8.994976
v -56.483856 36.804356 12.775245
v -59.003845 36.804356 8.994975
v -56.483856 34.044254 12.775246
v -57.743866 34.044254 11.515116
v -56.483856 39.324558 12.775246
v -56.483856 30.668056 12.775245
v -57.743866 30.668056 11.515115
v -59.003845 34.044254 8.994976
v -56.483856 27.819454 12.775245
v -59.003845 30.668056 8.994975
v -57.743866 27.819454 11.515115
v -56.483856 24.443256 12.775244
v -57.743866 24.443254 11.515114
v -59.003845 27.819454 8.994975
v -56.483856 21.683155 12.775244
v -59.003845 24.443254 8.994974
v -57.743866 21.683153 11.515114
v -57.743866 19.162954 11.515114
v -56.483856 19.162956 12.775244
v -59.003845 21.683153 8.994974
v -59.003845 19.162954 8.994974
v -57.743866 34.044258 -37.808022
v -56.483856 34.044258 -39.068123
v -57.743866 30.668060 -37.808022
v -56.483856 36.804359 -39.068123
v -59.003845 30.668060 -35.287823
v -57.743866 36.804359 -37.808022
v -59.003845 34.044258 -35.287823
v -56.483856 30.668060 -39.068123
v -57.743866 39.324562 -37.808022
v -59.003845 36.804359 -35.287823
v -57.743866 27.819458 -37.808025
v -56.483856 27.819458 -39.068127
v -56.483856 39.324562 -39.068123
v -59.003845 39.324562 -35.287823
v -57.743866 24.443260 -37.808025
v -56.483856 24.443258 -39.068127
v -59.003845 24.443260 -35.287827
v -59.003845 27.819458 -35.287827
v -57.743866 21.683159 -37.808025
v -56.483856 21.683157 -39.068127
v -57.743866 19.162960 -37.808025
v -56.483856 19.162958 -39.068127
v -59.003845 21.683159 -35.287827
v -59.003845 19.162960 -35.287827
v 54.544159 36.804356 11.515115
v 55.804138 39.324558 8.994976
v 54.544159 39.324558 11.515116
v 55.804138 36.804356 8.994975
v 53.284149 36.804356 12.775245
v 53.284149 34.044254 12.775246
v 54.544159 34.044254 11.515116
v 53.284149 39.324558 12.775246
v 53.284149 30.668056 12.775245
v 54.544159 30.668056 11.515115
v 53.284149 27.819454 12.775245
v 55.804138 34.044254 8.994976
v 54.544159 27.819454 11.515115
v 53.284149 24.443256 12.775244
v 55.804138 30.668056 8.994975
v 54.544159 24.443254 11.515114
v 53.284149 21.683155 12.775244
v 55.804138 27.819454 8.994975
v 54.544159 21.683153 11.515114
v 54.544159 19.162954 11.515114
v 53.284149 19.162956 12.775244
v 55.804138 24.443254 8.994974
v 55.804138 21.683153 8.994974
v 55.804138 19.162954 8.994974
v 54.544159 34.044258 -37.808022
v 54.544159 30.668060 -37.808022
v 53.284149 34.044258 -39.068123
v 55.804138 30.668060 -35.287823
v 53.284149 36.804359 -39.068123
v 55.804138 34.044258 -35.287823
v 54.544159 36.804359 -37.808022
v 53.284149 30.668060 -39.068123
v 54.544159 27.819458 -37.808025
v 54.544159 39.324562 -37.808022
v 53.284149 39.324562 -39.068123
v 53.284149 27.819458 -39.068127
v 54.544159 24.443260 -37.808025
v 55.804138 24.443260 -35.287827
v 55.804138 27.819458 -35.287827
v 55.804138 36.804359 -35.287823
v 53.284149 24.443258 -39.068127
v 55.804138 39.324562 -35.287823
v 54.544159 21.683159 -37.808025
v 53.284149 21.683157 -39.068127
v 54.544159 19.162960 -37.808025
v 55.804138 21.683159 -35.287827
v 53.284149 19.162958 -39.068127
v 55.804138 19.162960 -35.287827
v -1.599854 78.690750 16.555590
v -8.159851 77.900749 16.555590
v -6.519867 75.187752 16.555590
v -1.599854 75.779755 16.555590
v 3.320160 75.187752 16.555590
v 4.960144 77.900749 16.555590
v -10.957855 73.467758 16.555590
v -14.076843 75.608749 16.555590
v 7.758148 73.467758 16.555590
v -14.479858 70.789749 16.555588
v -18.772858 72.037750 16.555590
v 10.877136 75.608749 16.555590
v 11.280151 70.789749 16.555588
v -16.720856 67.046753 16.555557
v -21.761841 67.046753 16.555557
v 15.573151 72.037750 16.555590
v 13.521149 67.046753 16.555557
v 18.562134 67.046753 16.555557
v -1.599854 78.690750 -1.085821
v -1.599854 78.690758 -25.207020
v -8.159851 77.900757 -25.207020
v 4.960144 77.900757 -25.207020
v -8.159851 77.900757 -1.085821
v 4.960144 77.900757 -1.085821
v -14.076843 75.608757 -25.207020
v 10.877136 75.608757 -25.207020
v 10.877136 75.608749 -1.085822
v -14.076843 75.608749 -1.085822
v -18.772858 72.037758 -25.207020
v 15.573151 72.037758 -25.207020
v 15.573151 72.037750 -1.085821
v -18.772858 72.037750 -1.085821
v -21.761841 67.046761 -25.207022
v 18.562134 67.046761 -25.207022
v 18.562134 67.046753 -1.085822
v -21.761841 67.046753 -1.085822
v -1.599854 78.690750 8.994979
v -1.599854 78.690750 -1.085821
v -8.159851 77.900757 -1.085821
v 4.960144 77.900757 -1.085821
v -8.159851 77.900757 8.994979
v 4.960144 77.900757 8.994979
v -1.599854 78.690750 16.555590
v -1.599854 78.690750 8.994979
v -8.159851 77.900757 8.994979
v 4.960144 77.900757 8.994979
v -8.159851 77.900749 16.555590
v 4.960144 77.900749 16.555590
v -14.076843 75.608749 8.994979
v 10.877136 75.608749 8.994979
v 10.877136 75.608749 16.555590
v -14.076843 75.608749 16.555590
v -18.772858 72.037750 8.994979
v 15.573151 72.037750 8.994979
v 15.573151 72.037750 16.555590
v -18.772858 72.037750 16.555590
v -21.761841 67.046753 8.994978
v 18.562134 67.046753 8.994978
v 18.562134 67.046753 16.555557
v -21.761841 67.046753 16.555557
v -14.076843 75.608757 -35.287823
v -8.159851 75.204758 -35.287823
v -8.159851 77.900757 -35.287819
v -12.531860 73.504761 -35.287823
v -16.645844 70.640762 -35.287823
v -18.772858 72.037758 -35.287823
v -8.159851 75.204758 -25.207020
v -8.159851 77.900757 -35.287819
v -18.772858 72.037758 -35.287823
v -18.772858 72.037758 -25.207020
v -16.645844 70.640762 -25.207022
v -8.159851 77.900757 -25.207020
v -14.076843 75.608749 -1.085822
v -8.159851 75.204758 -1.085822
v -8.159851 77.900757 -1.085821
v -12.531860 73.504761 -1.085821
v -16.645844 70.640762 -1.085821
v -18.772858 72.037750 -1.085821
v -8.159851 75.204758 8.994979
v -8.159851 77.900757 -1.085821
v -18.772858 72.037750 -1.085821
v -18.772858 72.037750 8.994979
v -16.645844 70.640755 8.994979
v -8.159851 77.900757 8.994979
v -1.599854 75.779755 14.035383
v -1.599854 75.779755 16.555590
v -6.519867 75.187752 16.555590
v 3.320160 75.187752 16.555590
v -6.519867 75.187752 14.035322
v 3.320160 75.187752 14.035353
v -10.957855 73.467758 16.555590
v 7.758148 73.467758 16.555590
v 7.758148 73.467758 14.035353
v -10.957855 73.467758 14.035322
v -14.479858 70.789749 16.555588
v 11.280151 70.789749 16.555588
v 11.280151 70.789749 14.035353
v -14.479858 70.789749 14.035322
v -16.720856 67.046753 16.555557
v 13.521149 67.046753 16.555557
v 13.521149 67.046753 14.035352
v -16.720856 67.046753 14.035321
v 10.877136 75.608757 -35.287823
v 4.960144 77.900757 -35.287819
v 4.960144 75.204758 -35.287823
v 9.332153 73.504761 -35.287823
v 13.446136 70.640762 -35.287823
v 15.573151 72.037758 -35.287823
v 4.960144 77.900757 -35.287819
v 4.960144 75.204758 -25.207020
v 15.573151 72.037758 -25.207020
v 15.573151 72.037758 -35.287823
v 13.446136 70.640762 -25.207022
v 4.960144 77.900757 -25.207020
v 10.877136 75.608749 -1.085822
v 4.960144 77.900757 -1.085821
v 4.960144 75.204758 -1.085822
v 9.332153 73.504761 -1.085821
v 13.446136 70.640762 -1.085821
v 15.573151 72.037750 -1.085821
v 4.960144 77.900757 -1.085821
v 4.960144 75.204758 8.994979
v 15.573151 72.037750 8.994979
v 15.573151 72.037750 -1.085821
v 13.446136 70.640755 8.994979
v 4.960144 77.900757 8.994979
v 47.439148 31.763954 30.882975
v 45.723145 31.763956 31.676676
v 45.723145 29.243753 31.676678
v 47.439148 29.243752 30.882977
v 52.268158 29.243753 26.049576
v 54.988159 31.763956 23.326155
v 28.102142 29.243753 31.676678
v 25.582153 31.763956 31.676676
v 54.988159 14.122557 23.326155
v 52.268158 16.642756 26.049574
v 28.102142 16.642754 31.676676
v 25.582153 14.122555 31.676676
v 45.723145 14.122555 31.676676
v 28.102142 16.642754 31.676676
v 25.582153 14.122555 31.676676
v 45.723145 16.642754 31.676676
v 47.439148 16.642754 30.882975
v 47.439148 14.122555 30.882975
v 52.268158 16.642756 26.049574
v 54.988159 14.122557 23.326155
v 3.065155 43.600853 31.676678
v 7.273132 41.456650 31.676678
v 8.796143 43.552650 31.676678
v 6.580139 40.502457 26.636375
v 3.866150 46.064957 31.676678
v 2.700134 42.479160 26.636375
v 10.328156 45.661652 29.156475
v 4.671143 48.544151 29.156477
v 10.328156 45.661652 26.636375
v 4.671143 48.544151 26.636377
v 7.273132 41.456650 31.676678
v 10.613159 38.116951 31.676678
v 12.709137 39.639755 31.676678
v 9.659149 37.423653 26.636375
v 8.796143 43.552650 31.676678
v 6.580139 40.502457 26.636375
v 14.818146 41.172050 29.156475
v 10.328156 45.661652 29.156475
v 14.818146 41.172054 26.636375
v 10.328156 45.661652 26.636375
v 10.613159 38.116951 31.676678
v 12.757141 33.908653 31.676676
v 15.221161 34.709251 31.676676
v 11.635132 33.544151 26.636374
v 12.709137 39.639755 31.676678
v 9.659149 37.423653 26.636375
v 17.700134 35.514854 29.156473
v 14.818146 41.172050 29.156475
v 12.757141 33.908653 31.676676
v 13.496155 29.243753 31.676678
v 16.087158 29.243753 31.676678
v 12.316132 29.243752 26.636375
v 15.221161 34.709251 31.676676
v 11.635132 33.544151 26.636374
v 18.694153 29.243752 29.156475
v 17.700134 35.514854 29.156473
v -6.264862 43.600853 31.676678
v -11.995850 43.552650 31.676678
v -10.472839 41.456650 31.676678
v -7.065857 46.064957 31.676678
v -9.779846 40.502457 26.636375
v -5.899841 42.479160 26.636375
v -13.527863 45.661652 29.156475
v -7.870850 48.544151 29.156477
v -13.527863 45.661652 26.636375
v -7.870850 48.544151 26.636377
v -10.472839 41.456650 31.676678
v -15.908844 39.639755 31.676678
v -13.812866 38.116951 31.676678
v -11.995850 43.552650 31.676678
v -12.858856 37.423653 26.636375
v -9.779846 40.502457 26.636375
v -18.017853 41.172050 29.156475
v -13.527863 45.661652 29.156475
v -18.017853 41.172054 26.636375
v -13.527863 45.661652 26.636375
v -13.812866 38.116951 31.676678
v -18.420868 34.709251 31.676676
v -15.956848 33.908653 31.676676
v -15.908844 39.639755 31.676678
v -14.834839 33.544151 26.636374
v -12.858856 37.423653 26.636375
v -20.899841 35.514854 29.156473
v -18.017853 41.172050 29.156475
v -15.956848 33.908653 31.676676
v -19.286865 29.243753 31.676678
v -16.695862 29.243753 31.676678
v -18.420868 34.709251 31.676676
v -15.516846 29.243752 26.636375
v -14.834839 33.544151 26.636374
v -21.893860 29.243752 29.156475
v -20.899841 35.514854 29.156473
v -56.483856 39.324554 21.595926
v -48.922852 44.364952 29.156475
v -56.483856 44.364956 21.595926
v -48.922852 39.324554 29.156475
v -48.922852 19.162954 29.156473
v -56.483856 19.162954 21.595924
v -48.922852 6.561958 29.156471
v -56.483856 6.561954 21.595922
v -53.963867 19.162960 -45.368626
v -56.483856 6.561962 -47.888725
v -53.963867 6.561962 -45.368626
v -56.483856 19.162960 -47.888725
v -56.483856 39.324562 -47.888721
v -53.963867 39.324562 -45.368622
v -56.483856 44.364960 -47.888721
v -53.963867 44.364960 -45.368622
v 50.764160 19.162954 19.075724
v 53.284149 6.561954 21.595922
v 50.764160 6.561954 19.075722
v 53.284149 19.162954 21.595924
v 53.284149 39.324554 21.595926
v 50.764160 39.324558 19.075726
v 53.284149 44.364956 21.595926
v 50.764160 44.364952 19.075726
v 43.203156 39.324554 26.636375
v 45.723145 44.364952 29.156475
v 43.203156 44.364952 26.636375
v 45.723145 39.324554 29.156475
v 45.723145 19.162954 29.156473
v 43.203156 19.162954 26.636374
v 45.723145 6.561958 29.156471
v 43.203156 6.561958 26.636372
v 50.764160 39.324562 -45.368622
v 53.284149 44.364960 -47.888721
v 50.764160 44.364960 -45.368622
v 53.284149 39.324562 -47.888721
v 53.284149 19.162960 -47.888725
v 50.764160 19.162960 -45.368626
v 53.284149 6.561962 -47.888725
v 50.764160 6.561962 -45.368626
v -53.963867 39.324558 19.075726
v -56.483856 44.364956 21.595926
v -53.963867 44.364952 19.075726
v -56.483856 39.324554 21.595926
v -56.483856 19.162954 21.595924
v -53.963867 19.162954 19.075724
v -56.483856 6.561954 21.595922
v -53.963867 6.561954 19.075722
v -46.402863 19.162954 26.636374
v -48.922852 6.561958 29.156471
v -46.402863 6.561958 26.636372
v -48.922852 19.162954 29.156473
v -48.922852 39.324554 29.156475
v -46.402863 39.324554 26.636375
v -48.922852 44.364952 29.156475
v -46.402863 44.364952 26.636375
v 14.818146 19.162954 26.636374
v 13.521149 39.324554 26.636375
v 13.521149 19.162954 26.636374
v 14.818146 39.324554 26.636375
v 13.521149 6.561958 26.636372
v 14.818146 6.561958 26.636372
v 14.818146 44.364952 26.636375
v 8.481140 44.364952 26.636375
v -18.017853 44.364952 29.156576
v -31.821838 44.364952 29.156576
v -31.821838 39.324554 29.156576
v -31.821838 44.364952 26.636375
v -18.017853 39.324554 29.156576
v -18.017853 44.364952 26.636375
v -31.821838 19.162954 29.156574
v -18.017853 19.162954 29.156574
v -31.821838 6.561958 29.156471
v -18.017853 6.561958 29.156471
v 28.622131 44.364952 29.156576
v 14.818146 44.364952 29.156576
v 14.818146 39.324554 29.156576
v 14.818146 44.364952 26.636375
v 28.622131 39.324554 29.156576
v 28.622131 44.364952 26.636375
v 14.818146 19.162954 29.156574
v 28.622131 19.162954 29.156574
v 14.818146 6.561958 29.156471
v 28.622131 6.561958 29.156471
v -56.483856 -2.258739 -47.888725
v -56.483856 6.561962 -47.888725
v -48.922852 6.561962 -55.449326
v -60.003845 6.561962 -40.328228
v -48.922852 -2.258739 -55.449326
v -60.003845 -2.258739 -40.328228
v -60.003845 6.561954 14.035316
v -60.003845 -2.258747 14.035316
v -56.483856 6.561954 21.595922
v -56.483856 -2.258747 21.595922
v -60.003845 6.561962 -40.328228
v -56.483856 6.561962 -39.068127
v -53.963867 6.561962 -45.368626
v -56.483856 6.561954 12.775243
v -56.483856 6.561962 -47.888725
v -60.003845 6.561954 14.035316
v -53.963867 6.561954 19.075722
v -56.483856 6.561954 21.595922
v 53.284149 -2.258739 -47.888725
v 45.723145 6.561962 -55.449326
v 53.284149 6.561962 -47.888725
v 45.723145 -2.258739 -55.449326
v 56.804138 6.561962 -40.328228
v 56.804138 -2.258739 -40.328228
v 56.804138 6.561954 14.035316
v 56.804138 -2.258747 14.035316
v 53.284149 6.561954 21.595922
v 53.284149 -2.258747 21.595922
v 56.804138 6.561962 -40.328228
v 53.284149 6.561962 -47.888725
v 50.764160 6.561962 -45.368626
v 53.284149 6.561962 -39.068127
v 53.284149 6.561954 12.775243
v 56.804138 6.561954 14.035316
v 50.764160 6.561954 19.075722
v 53.284149 6.561954 21.595922
v -24.599854 62.006756 -4.585823
v -21.761841 67.046753 -1.085822
v -21.761841 67.046761 -25.207022
v -21.761841 67.046753 8.994978
v -24.599854 62.006760 -21.707022
v -24.599854 62.006756 13.145977
v -21.761841 67.046761 -35.287819
v -21.761841 67.046753 16.555557
v -24.599854 62.006760 -39.854019
v -21.761841 67.046761 -42.848419
v -43.882843 67.046753 -5.585822
v -40.599854 62.006760 -21.707022
v -43.882843 67.046761 -20.707022
v -40.599854 62.006756 -4.585823
v -40.599854 62.006756 13.145977
v -43.882843 67.046753 16.555529
v -40.599854 62.006760 -39.854019
v -43.882843 67.046761 -42.848419
v 21.400146 62.006756 -4.585823
v 18.562134 67.046761 -25.207022
v 18.562134 67.046753 -1.085822
v 21.400146 62.006760 -21.707022
v 18.562134 67.046753 8.994978
v 21.400146 62.006756 13.145977
v 18.562134 67.046761 -35.287819
v 21.400146 62.006760 -39.854019
v 18.562134 67.046753 16.555557
v 18.562134 67.046761 -42.848419
v 40.683136 67.046753 -5.585822
v 40.683136 67.046761 -20.707022
v 37.400146 62.006760 -21.707022
v 37.400146 62.006756 -4.585823
v 37.400146 62.006756 13.145977
v 40.683136 67.046753 16.555529
v 37.400146 62.006760 -39.854019
v 40.683136 67.046761 -42.848419
v -21.761841 67.046753 21.595928
v -46.402863 54.154156 31.676680
v -21.761841 54.154156 31.676680
v -46.402863 67.046753 21.595928
v -43.882843 67.046753 16.555529
v -21.761841 67.046753 16.555557
v -46.402863 51.295052 31.676680
v -21.761841 51.295052 31.676680
v -48.922852 67.046753 -5.585822
v -48.922852 67.046753 19.075727
v -43.882843 67.046753 -5.585822
v -59.003845 54.154255 -5.585823
v -59.003845 54.154255 19.075727
v -59.003845 51.295055 -5.585824
v -59.003845 51.295055 19.075727
v -1.599854 54.154259 -57.969521
v -21.761841 54.154160 -57.969521
v -21.761841 67.046761 -47.888718
v -1.599854 67.046761 -47.888718
v 18.562134 67.046761 -47.888718
v 18.562134 54.154160 -57.969521
v -1.599854 67.046761 -47.888718
v -21.761841 67.046761 -47.888718
v -21.761841 67.046761 -42.848419
v -1.599854 67.046761 -42.848419
v 18.562134 67.046761 -42.848419
v 18.562134 67.046761 -47.888718
v -21.761841 67.046761 -47.888718
v -21.761841 54.154160 -57.969521
v -46.402863 54.154160 -57.969521
v -46.402863 67.046761 -47.888718
v -43.882843 67.046761 -42.848419
v -21.761841 67.046761 -42.848419
v -48.922852 67.046761 -45.368618
v -48.922852 67.046761 -20.707022
v -43.882843 67.046761 -20.707022
v -59.003845 54.154259 -20.707022
v -59.003845 54.154259 -45.368618
v -59.003845 51.295059 -20.707022
v -59.003845 51.295059 -45.368622
v 18.562134 67.046753 21.595928
v 18.562134 54.154156 31.676680
v 43.203156 54.154156 31.676680
v 43.203156 67.046753 21.595928
v 40.683136 67.046753 16.555529
v 18.562134 67.046753 16.555557
v 43.203156 51.295052 31.676680
v 18.562134 51.295052 31.676680
v 45.723145 67.046753 19.075727
v 45.723145 67.046753 -5.585822
v 40.683136 67.046753 -5.585822
v 55.804138 54.154255 -5.585823
v 55.804138 54.154255 19.075727
v 55.804138 51.295055 -5.585824
v 55.804138 51.295055 19.075727
v 18.562134 67.046761 -47.888718
v 43.203156 54.154160 -57.969521
v 18.562134 54.154160 -57.969521
v 43.203156 67.046761 -47.888718
v 40.683136 67.046761 -42.848419
v 18.562134 67.046761 -42.848419
v 45.723145 67.046761 -20.707022
v 45.723145 67.046761 -45.368618
v 40.683136 67.046761 -20.707022
v 55.804138 54.154259 -20.707022
v 55.804138 54.154259 -45.368618
v 55.804138 51.295059 -20.707022
v 55.804138 51.295059 -45.368622
v -56.483856 39.324558 8.994976
v -57.743866 39.324558 11.515116
v -56.483856 39.324558 12.775246
v -59.003845 39.324558 8.994976
v -59.003845 39.324562 -35.287823
v -56.483856 39.324562 -35.287823
v -57.743866 39.324562 -37.808022
v -56.483856 39.324562 -39.068123
v -56.483856 19.162960 -35.287827
v -57.743866 19.162960 -37.808025
v -56.483856 19.162958 -39.068127
v -59.003845 19.162960 -35.287827
v -59.003845 19.162954 8.994974
v -56.483856 19.162954 8.994974
v -57.743866 19.162954 11.515114
v -56.483856 19.162956 12.775244
v 53.284149 39.324558 8.994976
v 53.284149 39.324558 12.775246
v 54.544159 39.324558 11.515116
v 55.804138 39.324558 8.994976
v 55.804138 39.324562 -35.287823
v 53.284149 39.324562 -35.287823
v 54.544159 39.324562 -37.808022
v 53.284149 39.324562 -39.068123
v 53.284149 19.162960 -35.287827
v 53.284149 19.162958 -39.068127
v 54.544159 19.162960 -37.808025
v 55.804138 19.162960 -35.287827
v 55.804138 19.162954 8.994974
v 53.284149 19.162954 8.994974
v 54.544159 19.162954 11.515114
v 53.284149 19.162956 12.775244
v 13.496155 29.243753 31.676678
v 13.496155 6.561958 31.676674
v 16.087158 29.243753 31.676678
v 12.316132 6.561958 26.636372
v 12.316132 29.243752 26.636375
v 16.087158 6.561958 31.676674
v 18.694153 29.243752 29.156475
v 18.694153 6.561958 29.156471
v 13.496155 6.561958 31.676674
v 13.496155 -2.258743 31.676674
v 16.087158 6.561958 31.676674
v 12.316132 -2.258743 26.636372
v 12.316132 6.561958 26.636372
v 16.087158 -2.258743 31.676674
v 18.694153 6.561958 29.156471
v 18.694153 -2.258743 29.156471
v -16.695862 29.243753 31.676678
v -19.286865 29.243753 31.676678
v -16.695862 6.561958 31.676674
v -15.516846 6.561958 26.636372
v -15.516846 29.243752 26.636375
v -19.286865 6.561958 31.676674
v -21.893860 29.243752 29.156475
v -21.893860 6.561958 29.156471
v -16.695862 6.561958 31.676674
v -19.286865 6.561958 31.676674
v -16.695862 -2.258743 31.676674
v -15.516846 -2.258743 26.636372
v -15.516846 6.561958 26.636372
v -19.286865 -2.258743 31.676674
v -21.893860 6.561958 29.156471
v -21.893860 -2.258743 29.156471
v 13.521149 41.844753 8.995007
v -16.720856 41.844753 8.995007
v 13.521149 -2.258743 8.995003
v -16.720856 41.844749 26.636375
v 13.521149 41.844749 26.636375
v -16.720856 -2.258743 8.995003
v -56.483856 39.324562 -47.888721
v -56.483856 44.364960 -47.888721
v -48.922852 44.364960 -55.449322
v -48.922852 39.324562 -55.449322
v -56.483856 19.162960 -47.888725
v -48.922852 19.162962 -55.449326
v -56.483856 6.561962 -47.888725
v -48.922852 6.561962 -55.449326
v 45.723145 19.162954 29.156473
v 45.723145 6.561958 29.156471
v 53.284149 6.561954 21.595922
v 53.284149 19.162954 21.595924
v 45.723145 39.324554 29.156475
v 53.284149 39.324554 21.595926
v 45.723145 44.364952 29.156475
v 53.284149 44.364956 21.595926
v 53.284149 19.162960 -47.888725
v 53.284149 6.561962 -47.888725
v 45.723145 6.561962 -55.449326
v 45.723145 19.162962 -55.449326
v 53.284149 39.324562 -47.888721
v 45.723145 39.324562 -55.449322
v 53.284149 44.364960 -47.888721
v 45.723145 44.364960 -55.449322
v 43.203156 19.162954 26.636374
v 28.622131 6.561958 26.636372
v 43.203156 6.561958 26.636372
v 28.622131 19.162954 26.636374
v 43.203156 39.324554 26.636375
v 28.622131 39.324554 26.636375
v 43.203156 44.364952 26.636375
v 28.622131 44.364952 26.636375
v -46.402863 39.324554 26.636375
v -31.821838 44.364952 26.636375
v -46.402863 44.364952 26.636375
v -31.821838 39.324554 26.636375
v -46.402863 19.162954 26.636374
v -31.821838 19.162954 26.636374
v -46.402863 6.561958 26.636372
v -31.821838 6.561958 26.636372
v -16.720856 19.162954 26.636374
v -18.017853 19.162954 26.636374
v -16.720856 6.561958 26.636372
v -18.017853 39.324554 26.636375
v -16.720856 39.324554 26.636375
v -18.017853 6.561958 26.636372
v -18.017853 44.364952 26.636375
v -11.680847 44.364952 26.636375
v -31.821838 39.324554 26.636375
v -31.821838 44.364952 29.156576
v -31.821838 44.364952 26.636375
v -31.821838 39.324554 29.156576
v -31.821838 19.162954 26.636374
v -31.821838 19.162954 29.156574
v -31.821838 6.561958 26.636372
v -31.821838 6.561958 29.156471
v -18.017853 39.324554 26.636375
v -18.017853 44.364952 26.636375
v -18.017853 39.324554 29.156576
v -18.017853 19.162954 29.156574
v -18.017853 19.162954 26.636374
v -18.017853 44.364952 29.156576
v -18.017853 6.561958 29.156471
v -18.017853 6.561958 26.636372
v 14.818146 39.324554 26.636375
v 14.818146 19.162954 26.636374
v 14.818146 39.324554 29.156576
v 14.818146 44.364952 29.156576
v 14.818146 44.364952 26.636375
v 14.818146 19.162954 29.156574
v 14.818146 6.561958 26.636372
v 14.818146 6.561958 29.156471
v 28.622131 19.162954 26.636374
v 28.622131 39.324554 26.636375
v 28.622131 19.162954 29.156574
v 28.622131 6.561958 29.156471
v 28.622131 6.561958 26.636372
v 28.622131 39.324554 29.156576
v 28.622131 44.364952 26.636375
v 28.622131 44.364952 29.156576
v -48.922852 67.046753 -5.585822
v -43.882843 67.046753 -5.585822
v -48.922852 67.046761 -20.707022
v -59.003845 54.154259 -20.707022
v -59.003845 54.154255 -5.585823
v -43.882843 67.046761 -20.707022
v -59.003845 51.295059 -20.707022
v -59.003845 51.295055 -5.585824
v 45.723145 67.046753 -5.585822
v 45.723145 67.046761 -20.707022
v 40.683136 67.046753 -5.585822
v 55.804138 54.154259 -20.707022
v 55.804138 54.154255 -5.585823
v 40.683136 67.046761 -20.707022
v 55.804138 51.295059 -20.707022
v 55.804138 51.295055 -5.585824
v -46.402863 67.046753 21.595928
v -43.882843 67.046753 16.555529
v -48.922852 67.046753 19.075727
v -59.003845 54.154255 19.075727
v -46.402863 54.154156 31.676680
v -59.003845 51.295055 19.075727
v -46.402863 51.295052 31.676680
v -46.402863 67.046761 -47.888718
v -48.922852 67.046761 -45.368618
v -43.882843 67.046761 -42.848419
v -59.003845 54.154259 -45.368618
v -46.402863 54.154160 -57.969521
v -59.003845 51.295059 -45.368622
v -46.402863 51.295059 -57.969524
v 43.203156 67.046753 21.595928
v 45.723145 67.046753 19.075727
v 40.683136 67.046753 16.555529
v 55.804138 54.154255 19.075727
v 43.203156 54.154156 31.676680
v 55.804138 51.295055 19.075727
v 43.203156 51.295052 31.676680
v 43.203156 67.046761 -47.888718
v 40.683136 67.046761 -42.848419
v 45.723145 67.046761 -45.368618
v 55.804138 54.154259 -45.368618
v 43.203156 54.154160 -57.969521
v 55.804138 51.295059 -45.368622
v 43.203156 51.295059 -57.969524
v 55.804138 51.295055 19.075727
v 43.203156 51.295052 31.676680
v -59.003845 51.295055 19.075727
v -59.003845 51.295055 -5.585824
v 55.804138 51.295055 -5.585824
v -46.402863 51.295052 31.676680
v 55.804138 51.295059 -45.368622
v 55.804138 51.295059 -20.707022
v -59.003845 51.295059 -45.368622
v -46.402863 51.295059 -57.969524
v 43.203156 51.295059 -57.969524
v -59.003845 51.295059 -20.707022
v -21.761841 67.046753 -1.085822
v -18.772858 72.037750 8.994979
v -18.772858 72.037750 -1.085821
v -21.761841 67.046753 8.994978
v 15.573151 72.037750 8.994979
v 18.562134 67.046753 -1.085822
v 15.573151 72.037750 -1.085821
v 18.562134 67.046753 8.994978
v 53.284149 14.122557 21.595924
v 54.988159 31.763956 23.326155
v 54.988159 14.122557 23.326155
v 53.284149 31.763956 21.595924
v 25.582153 14.122555 31.676676
v 25.582153 31.763954 29.156473
v 25.582153 14.122557 29.156473
v 25.582153 31.763956 31.676676
v 43.203156 31.763954 26.636374
v 25.582153 31.763954 29.156473
v 45.723145 31.763954 29.156473
v 25.582153 31.763954 26.636374
v -16.720856 41.844749 26.636375
v -16.720856 -2.258743 8.995003
v -16.720856 41.844753 8.995007
v -16.720856 -2.258743 26.636372
v 13.521149 -2.258743 26.636372
v -16.720856 -2.258743 8.995003
v -16.720856 -2.258743 26.636372
v 13.521149 -2.258743 8.995003
v 13.521149 41.844749 26.636375
v 13.521149 -2.258743 8.995003
v 13.521149 -2.258743 26.636372
v 13.521149 41.844753 8.995007
v -24.599854 62.006760 -21.707022
v -40.599854 62.006756 -4.585823
v -24.599854 62.006756 -4.585823
v -40.599854 62.006760 -21.707022
v 37.400146 62.006756 -4.585823
v 21.400146 62.006760 -21.707022
v 21.400146 62.006756 -4.585823
v 37.400146 62.006760 -21.707022
v -24.599854 62.006760 -21.707022
v -40.599854 62.006760 -39.854019
v -40.599854 62.006760 -21.707022
v -24.599854 62.006760 -39.854019
v -24.599854 62.006756 -4.585823
v -40.599854 62.006756 13.145977
v -24.599854 62.006756 13.145977
v -40.599854 62.006756 -4.585823
v 37.400146 62.006760 -39.854019
v 21.400146 62.006760 -21.707022
v 37.400146 62.006760 -21.707022
v 21.400146 62.006760 -39.854019
v 37.400146 62.006756 13.145977
v 21.400146 62.006756 -4.585823
v 21.400146 62.006756 13.145977
v 37.400146 62.006756 -4.585823
v -46.402863 44.364960 -52.929127
v -56.483856 44.364960 -47.888721
v -53.963867 44.364960 -45.368622
v -48.922852 44.364960 -55.449322
v 43.203156 44.364952 26.636375
v 53.284149 44.364956 21.595926
v 50.764160 44.364952 19.075726
v 45.723145 44.364952 29.156475
v 50.764160 44.364960 -45.368622
v 45.723145 44.364960 -55.449322
v 43.203156 44.364960 -52.929127
v 53.284149 44.364960 -47.888721
v -53.963867 44.364952 19.075726
v -48.922852 44.364952 29.156475
v -46.402863 44.364952 26.636375
v -56.483856 44.364956 21.595926
v -1.599854 44.364952 26.636375
v -46.402863 51.925552 26.636377
v -46.402863 44.364952 26.636375
v -1.599854 51.925552 26.636377
v -46.402863 44.364952 26.636375
v -53.963867 51.925556 19.075727
v -53.963867 44.364952 19.075726
v -46.402863 51.925552 26.636377
v 43.203156 44.364952 26.636375
v -1.599854 51.925552 26.636377
v -1.599854 44.364952 26.636375
v 43.203156 51.925552 26.636377
v 50.764160 44.364952 19.075726
v 43.203156 51.925552 26.636377
v 43.203156 44.364952 26.636375
v 50.764160 51.925556 19.075727
v -53.963867 44.364952 19.075726
v -56.483856 51.925556 12.775247
v -56.483856 44.364956 12.775246
v -53.963867 51.925556 19.075727
v -53.963867 44.364960 -45.368622
v -46.402863 51.925560 -52.929127
v -46.402863 44.364960 -52.929127
v -53.963867 51.925560 -45.368622
v 50.764160 44.364960 -45.368622
v 53.284149 51.925560 -39.068123
v 53.284149 44.364960 -39.068123
v 50.764160 51.925560 -45.368622
v 43.203156 44.364960 -52.929127
v 50.764160 51.925560 -45.368622
v 50.764160 44.364960 -45.368622
v 43.203156 51.925560 -52.929127
v -56.483856 44.364960 -39.068123
v -53.963867 51.925560 -45.368622
v -53.963867 44.364960 -45.368622
v -56.483856 51.925560 -39.068123
v 53.284149 44.364960 -39.068123
v 53.284149 51.925556 12.775247
v 53.284149 44.364956 12.775246
v 53.284149 51.925560 -39.068123
v -56.483856 44.364956 12.775246
v -56.483856 51.925560 -39.068123
v -56.483856 44.364960 -39.068123
v -56.483856 51.925556 12.775247
v 53.284149 44.364956 12.775246
v 50.764160 51.925556 19.075727
v 50.764160 44.364952 19.075726
v 53.284149 51.925556 12.775247
v -56.483856 -2.258747 21.595922
v -48.922852 6.561958 29.156471
v -56.483856 6.561954 21.595922
v -48.922852 -2.258743 29.156471
v 45.723145 6.561958 29.156471
v 53.284149 -2.258747 21.595922
v 53.284149 6.561954 21.595922
v 45.723145 -2.258743 29.156471
v -40.599854 62.006756 13.145977
v -21.761841 67.046753 16.555557
v -24.599854 62.006756 13.145977
v -43.882843 67.046753 16.555529
v 37.400146 62.006756 13.145977
v 18.562134 67.046753 16.555557
v 40.683136 67.046753 16.555529
v 21.400146 62.006756 13.145977
v -40.599854 62.006760 -39.854019
v -21.761841 67.046761 -42.848419
v -43.882843 67.046761 -42.848419
v -24.599854 62.006760 -39.854019
v 37.400146 62.006760 -39.854019
v 18.562134 67.046761 -42.848419
v 21.400146 62.006760 -39.854019
v 40.683136 67.046761 -42.848419
v 55.804138 51.295055 -5.585824
v -59.003845 51.295059 -20.707022
v 55.804138 51.295059 -20.707022
v -59.003845 51.295055 -5.585824
v -59.003845 21.683153 8.994974
v -59.003845 19.162960 -35.287827
v -59.003845 19.162954 8.994974
v -59.003845 21.683159 -35.287827
v -59.003845 36.804356 8.994975
v -59.003845 39.324562 -35.287823
v -59.003845 36.804359 -35.287823
v -59.003845 39.324558 8.994976
v -59.003845 30.668056 8.994975
v -59.003845 34.044258 -35.287823
v -59.003845 30.668060 -35.287823
v -59.003845 34.044254 8.994976
v -59.003845 24.443254 8.994974
v -59.003845 27.819458 -35.287827
v -59.003845 24.443260 -35.287827
v -59.003845 27.819454 8.994975
v 55.804138 19.162960 -35.287827
v 55.804138 21.683153 8.994974
v 55.804138 19.162954 8.994974
v 55.804138 21.683159 -35.287827
v 55.804138 39.324562 -35.287823
v 55.804138 36.804356 8.994975
v 55.804138 36.804359 -35.287823
v 55.804138 39.324558 8.994976
v 55.804138 34.044258 -35.287823
v 55.804138 30.668056 8.994975
v 55.804138 30.668060 -35.287823
v 55.804138 34.044254 8.994976
v 55.804138 27.819458 -35.287827
v 55.804138 24.443254 8.994974
v 55.804138 24.443260 -35.287827
v 55.804138 27.819454 8.994975
v -1.599659 66.982346 13.889397
v -14.479664 70.725342 13.889397
v -16.720661 66.982346 13.889397
v -10.957661 73.403343 13.889397
v -6.519672 75.123344 13.889396
v -1.599659 75.715347 13.889457
v 3.320354 75.123344 13.889426
v 7.758343 73.403343 13.889427
v 11.280346 70.725342 13.889427
v 13.521343 66.982346 13.889427
v 9.332348 73.440353 -35.433750
v 13.446331 70.576355 -25.352947
v 13.446331 70.576355 -35.433750
v 9.332348 73.440353 -25.352947
v 4.960339 75.140350 -35.433750
v 4.960339 75.140350 -25.352945
v -12.531666 73.440353 -35.433750
v -8.159657 75.140350 -25.352945
v -8.159657 75.140350 -35.433750
v -12.531666 73.440353 -25.352947
v -16.645649 70.576355 -35.433750
v -16.645649 70.576355 -25.352947
v 9.332348 73.440353 -1.231747
v 13.446331 70.576347 8.849054
v 13.446331 70.576355 -1.231747
v 9.332348 73.440346 8.849054
v 4.960339 75.140350 -1.231747
v 4.960339 75.140343 8.849053
v -12.531666 73.440353 -1.231747
v -8.159657 75.140343 8.849053
v -8.159657 75.140350 -1.231747
v -12.531666 73.440346 8.849054
v -16.645649 70.576355 -1.231747
v -16.645649 70.576347 8.849054
v -59.003651 36.739948 8.849051
v -57.743671 33.979843 11.369191
v -57.743671 36.739944 11.369190
v -59.003651 33.979847 8.849052
v -59.003651 36.739952 -35.433750
v -59.003651 33.979851 -35.433750
v -57.743671 36.739952 -37.953949
v -57.743671 33.979851 -37.953949
v 55.804333 36.739952 -35.433750
v 54.544353 33.979851 -37.953949
v 54.544353 36.739952 -37.953949
v 55.804333 33.979851 -35.433750
v 55.804333 36.739948 8.849051
v 55.804333 33.979847 8.849052
v 54.544353 36.739944 11.369190
v 54.544353 33.979843 11.369191
v -59.003651 21.618750 -35.433754
v -57.743671 24.378849 -37.953949
v -57.743671 21.618748 -37.953949
v -59.003651 24.378851 -35.433754
v -59.003651 21.618744 8.849051
v -59.003651 24.378845 8.849050
v -57.743671 21.618744 11.369190
v -57.743671 24.378845 11.369189
v 55.804333 21.618744 8.849051
v 55.804333 21.618750 -35.433754
v 55.804333 24.378845 8.849050
v 54.544353 24.378845 11.369189
v 54.544353 21.618744 11.369190
v 55.804333 24.378851 -35.433754
v 54.544353 21.618748 -37.953949
v 54.544353 24.378849 -37.953949
v -59.003651 30.603647 8.849052
v -57.743671 27.755045 11.369189
v -57.743671 30.603647 11.369191
v -59.003651 27.755045 8.849050
v -59.003651 30.603651 -35.433750
v -59.003651 27.755049 -35.433754
v -57.743671 30.603651 -37.953949
v -57.743671 27.755049 -37.953949
v 55.804333 30.603651 -35.433750
v 54.544353 27.755049 -37.953949
v 54.544353 30.603651 -37.953949
v 55.804333 27.755049 -35.433754
v 55.804333 30.603647 8.849052
v 55.804333 27.755045 8.849050
v 54.544353 30.603647 11.369191
v 54.544353 27.755045 11.369189
vn -0.0000 0.6293 0.7771
vn -0.0001 0.6293 0.7771
vn -0.0000 0.6294 0.7771
vn -0.0000 0.6293 0.7772
vn 0.0002 0.6292 0.7772
vn -0.0001 0.6294 0.7771
vn -0.0000 0.6292 0.7772
vn -0.0000 0.6294 0.7770
vn -0.0002 0.6292 0.7772
vn 0.0001 0.6293 0.7771
vn 0.0001 0.6294 0.7771
vn -0.0001 0.6291 0.7773
vn -0.0001 0.6290 0.7774
vn -0.0000 0.6292 0.7773
vn 0.0001 0.6291 0.7773
vn 0.0001 0.6290 0.7774
vn -0.9877 0.1216 -0.0985
vn -0.9877 -0.1217 0.0986
vn 0.9877 0.1216 -0.0985
vn 0.9877 -0.1217 0.0986
vn -0.0001 0.6295 0.7770
vn -0.0001 0.6296 0.7769
vn -0.0001 0.6293 0.7772
vn 0.0001 0.6295 0.7770
vn 0.0001 0.6296 0.7769
vn -0.0000 -0.0000 1.0000
vn 0.4198 -0.0000 0.9076
vn 0.7074 -0.0000 0.7068
vn 0.8910 0.3529 -0.2857
vn 0.8910 0.3529 -0.2858
vn 0.7071 0.5495 -0.4450
vn 0.4539 0.6925 -0.5608
vn 0.1565 0.7676 -0.6216
vn 0.1565 0.7676 -0.6215
vn -0.1565 0.7676 -0.6215
vn -0.1565 0.7676 -0.6216
vn -0.4539 0.6925 -0.5608
vn -0.7071 0.5495 -0.4450
vn -0.8910 0.3529 -0.2858
vn -0.8910 0.3529 -0.2857
vn 0.8910 -0.3528 0.2857
vn 0.8910 -0.3529 0.2857
vn 0.7071 -0.5495 0.4450
vn 0.4540 -0.6924 0.5607
vn 0.4540 -0.6924 0.5608
vn 0.1564 -0.7676 0.6216
vn -0.1564 -0.7676 0.6216
vn -0.4540 -0.6924 0.5607
vn -0.4540 -0.6925 0.5607
vn -0.4540 -0.6924 0.5608
vn -0.7071 -0.5495 0.4450
vn -0.7071 -0.5496 0.4450
vn -0.8910 -0.3528 0.2857
vn -0.8910 -0.3529 0.2857
vn -0.9877 -0.1216 0.0985
vn 0.8909 0.3530 -0.2858
vn 0.7071 0.5496 -0.4450
vn 0.4541 0.6924 -0.5607
vn 0.4540 0.6924 -0.5607
vn 0.1563 0.7676 -0.6216
vn 0.1564 0.7676 -0.6216
vn -0.1563 0.7676 -0.6216
vn -0.1564 0.7676 -0.6216
vn -0.4541 0.6924 -0.5607
vn -0.4540 0.6924 -0.5607
vn -0.7071 0.5495 -0.4449
vn -0.8909 0.3530 -0.2858
vn -0.8909 -0.3529 0.2858
vn -0.7069 -0.5497 0.4451
vn -0.4542 -0.6924 0.5607
vn -0.1562 -0.7676 0.6216
vn 0.1562 -0.7676 0.6216
vn 0.4542 -0.6924 0.5607
vn 0.7069 -0.5497 0.4451
vn 0.8909 -0.3529 0.2858
vn 0.9877 -0.1216 0.0985
vn -0.0000 -0.7772 0.6293
vn 0.8911 -0.3527 0.2856
vn 0.7068 -0.5497 0.4452
vn 0.7068 -0.5497 0.4453
vn 0.7067 -0.5497 0.4453
vn 0.4541 -0.6924 0.5607
vn 0.4538 -0.6924 0.5609
vn 0.1564 -0.7675 0.6216
vn 0.1562 -0.7675 0.6217
vn 0.1565 -0.7676 0.6215
vn -0.1564 -0.7675 0.6216
vn -0.1562 -0.7676 0.6215
vn -0.1565 -0.7675 0.6217
vn -0.4541 -0.6923 0.5608
vn -0.4538 -0.6925 0.5607
vn -0.7068 -0.5497 0.4453
vn -0.7068 -0.5498 0.4453
vn -0.7067 -0.5498 0.4452
vn -0.8911 -0.3527 0.2856
vn -0.8909 0.3529 -0.2858
vn -0.7069 0.5496 -0.4452
vn -0.7069 0.5497 -0.4451
vn -0.7070 0.5495 -0.4452
vn -0.4541 0.6923 -0.5608
vn -0.4542 0.6922 -0.5608
vn 0.4541 0.6923 -0.5608
vn 0.4542 0.6923 -0.5606
vn 0.4540 0.6923 -0.5609
vn 0.7069 0.5496 -0.4452
vn 0.7069 0.5496 -0.4453
vn 0.7070 0.5496 -0.4451
vn 0.8909 0.3529 -0.2858
vn 0.9876 0.1218 -0.0986
vn -0.9876 0.1218 -0.0986
vn -0.0000 0.7772 -0.6293
vn -0.1524 -0.9623 0.2252
vn 0.1524 -0.9623 0.2252
vn 0.1094 0.6909 0.7146
vn -0.1094 0.6909 0.7146
vn 0.1564 0.9877 -0.0000
vn -0.1564 0.9877 -0.0000
vn -0.1196 0.9928 -0.0000
vn 0.1196 0.9928 -0.0000
vn -0.3612 0.9325 -0.0000
vn 0.3612 0.9325 -0.0000
vn -0.6053 0.7960 -0.0000
vn 0.6053 0.7960 -0.0000
vn -0.8579 0.5138 -0.0000
vn 0.8579 0.5138 -0.0000
vn -0.0000 1.0000 -0.0000
vn -0.0000 0.6160 0.7878
vn 0.9285 -0.0000 -0.3714
vn 1.0000 -0.0000 -0.0000
vn 0.9285 -0.0000 0.3714
vn -1.0000 -0.0000 -0.0000
vn -0.9285 -0.0000 0.3714
vn -0.9285 -0.0000 -0.3714
vn -0.8944 -0.0000 0.4472
vn -0.7071 -0.0000 0.7071
vn -0.7071 -0.0000 -0.7071
vn -0.8944 -0.0000 -0.4472
vn 0.8944 -0.0000 0.4472
vn 0.7071 -0.0000 0.7071
vn 0.7071 -0.0000 -0.7071
vn 0.8944 -0.0000 -0.4472
vn 0.5490 0.8358 -0.0000
vn 0.1195 -0.9928 -0.0000
vn -0.1195 -0.9928 -0.0000
vn 0.3614 -0.9324 -0.0000
vn -0.3614 -0.9324 -0.0000
vn 0.6053 -0.7960 -0.0000
vn -0.6053 -0.7960 -0.0000
vn 0.8580 -0.5137 -0.0000
vn -0.8580 -0.5137 -0.0000
vn -0.5490 0.8358 -0.0000
vn 0.7075 0.0002 0.7067
vn 0.7075 0.0001 0.7067
vn 0.7076 -0.0000 0.7067
vn 0.7075 -0.0001 0.7067
vn 0.7075 -0.0002 0.7067
vn -0.4423 -0.8681 0.2252
vn -0.4424 -0.8681 0.2252
vn 0.3176 0.6232 0.7146
vn 0.3176 0.6233 0.7146
vn 0.4540 0.8910 -0.0000
vn -0.6889 -0.6890 0.2252
vn 0.4946 0.4946 0.7146
vn 0.4946 0.4947 0.7146
vn 0.7071 0.7071 -0.0000
vn -0.8682 -0.4422 0.2252
vn -0.8681 -0.4423 0.2252
vn 0.6233 0.3176 0.7146
vn 0.6233 0.3175 0.7146
vn -0.9623 -0.1524 0.2253
vn -0.9623 -0.1524 0.2252
vn 0.6909 0.1095 0.7147
vn 0.6909 0.1095 0.7146
vn 0.4424 -0.8681 0.2252
vn 0.4423 -0.8681 0.2252
vn -0.3176 0.6233 0.7146
vn -0.3176 0.6232 0.7146
vn -0.4540 0.8910 -0.0000
vn 0.6889 -0.6890 0.2252
vn -0.4946 0.4946 0.7146
vn -0.4946 0.4947 0.7146
vn -0.7071 0.7071 -0.0000
vn 0.8681 -0.4423 0.2252
vn 0.8682 -0.4422 0.2252
vn -0.6233 0.3175 0.7146
vn -0.6233 0.3176 0.7146
vn 0.9623 -0.1525 0.2251
vn 0.9623 -0.1526 0.2252
vn -0.6909 0.1095 0.7146
vn -0.6909 0.1095 0.7147
vn -0.9066 -0.0000 -0.4221
vn -0.9066 -0.0000 0.4221
vn 0.9066 -0.0000 -0.4221
vn 0.9066 -0.0000 0.4221
vn -0.8714 0.4907 -0.0000
vn 0.8379 0.5458 -0.0000
vn 0.8714 0.4907 -0.0000
vn -0.8379 0.5458 -0.0000
vn -0.7878 0.6160 -0.0000
vn -0.0000 0.6160 -0.7878
vn 0.7878 0.6160 -0.0000
vn -0.0000 -1.0000 -0.0000
vn -0.9737 -0.0000 0.2280
vn 0.6950 -0.0000 0.7190
vn 0.9737 -0.0000 0.2278
vn -0.6950 -0.0000 0.7190
vn -0.6188 0.4839 0.6188
vn -0.6188 0.4839 -0.6188
vn 0.6188 0.4839 0.6188
vn 0.6188 0.4839 -0.6188
vn 0.7125 -0.0000 -0.7017
vn -0.0000 0.5603 -0.8283
vn -0.0000 0.5108 0.8597
vn 0.5713 0.8207 -0.0000
vn 0.3624 0.9320 -0.0000
vn -0.3624 0.9320 -0.0000
vn -0.5713 0.8207 -0.0000
vt 0.782036 0.481440
vt 0.892440 0.526447
vt 0.869660 0.551519
vt 0.904426 0.496941
vt 0.838288 0.569758
vt 0.904414 0.465941
vt 0.801407 0.579349
vt 0.892434 0.436441
vt 0.762660 0.579349
vt 0.869633 0.411366
vt 0.725807 0.569775
vt 0.838257 0.393128
vt 0.694431 0.551539
vt 0.801406 0.383557
vt 0.671635 0.526439
vt 0.762659 0.383554
vt 0.659650 0.496964
vt 0.725775 0.393146
vt 0.659645 0.465939
vt 0.694409 0.411360
vt 0.671624 0.436458
vt 0.012196 0.443126
vt 0.169904 0.402130
vt 0.193761 0.439576
vt 0.166224 0.383554
vt 0.059608 0.517553
vt 0.000400 0.383554
vt 0.230932 0.469292
vt 0.133456 0.576625
vt 0.277736 0.488381
vt 0.226494 0.614542
vt 0.329623 0.494947
vt 0.329623 0.627616
vt 0.381509 0.488381
vt 0.432753 0.614541
vt 0.428315 0.469291
vt 0.525791 0.576624
vt 0.465484 0.439576
vt 0.599638 0.517552
vt 0.489341 0.402130
vt 0.647050 0.443125
vt 0.493021 0.383554
vt 0.658845 0.383554
vt 0.698395 0.774536
vt 0.698395 0.736301
vt 0.737176 0.736292
vt 0.659645 0.736293
vt 0.737176 0.774528
vt 0.659645 0.774528
vt 0.698395 0.813572
vt 0.737176 0.775345
vt 0.737176 0.813580
vt 0.698395 0.775337
vt 0.659645 0.775345
vt 0.659645 0.813580
vt 0.012196 0.812915
vt 0.193761 0.816464
vt 0.169904 0.853910
vt 0.059607 0.738482
vt 0.166224 0.872462
vt 0.000400 0.872462
vt 0.230932 0.786748
vt 0.133454 0.679411
vt 0.277736 0.767657
vt 0.226494 0.641484
vt 0.329623 0.761081
vt 0.329623 0.628416
vt 0.381509 0.767657
vt 0.432751 0.641484
vt 0.428314 0.786748
vt 0.525791 0.679411
vt 0.465484 0.816464
vt 0.599639 0.738482
vt 0.489341 0.853910
vt 0.647050 0.812915
vt 0.493021 0.872462
vt 0.658845 0.872462
vt 0.666265 0.297431
vt 0.000400 0.297431
vt 0.000400 0.000400
vt 0.668744 0.000400
vt 0.740458 0.297431
vt 0.740456 0.000400
vt 0.999600 0.297431
vt 0.999600 0.000400
vt 0.806736 0.911506
vt 0.911154 0.873263
vt 0.911152 0.911499
vt 0.806736 0.873273
vt 0.702306 0.911505
vt 0.702306 0.873271
vt 0.597888 0.911511
vt 0.597888 0.873277
vt 0.493472 0.911506
vt 0.493473 0.873270
vt 0.389057 0.911511
vt 0.389058 0.873277
vt 0.284640 0.911505
vt 0.284640 0.873270
vt 0.180209 0.911506
vt 0.180209 0.873273
vt 0.075791 0.911498
vt 0.075791 0.873262
vt 0.000400 0.911511
vt 0.000400 0.873275
vt 0.806720 0.912311
vt 0.911144 0.912311
vt 0.911142 0.950542
vt 0.806719 0.950547
vt 0.702287 0.912313
vt 0.702289 0.950551
vt 0.597864 0.912318
vt 0.597866 0.950554
vt 0.493452 0.912318
vt 0.493454 0.950554
vt 0.389037 0.912320
vt 0.389038 0.950556
vt 0.284618 0.912320
vt 0.284615 0.950558
vt 0.180186 0.912321
vt 0.180186 0.950557
vt 0.075764 0.912323
vt 0.075764 0.950555
vt 0.000400 0.912313
vt 0.000400 0.950548
vt 0.737976 0.736292
vt 0.813377 0.774526
vt 0.737985 0.774526
vt 0.813368 0.736292
vt 0.953039 0.574842
vt 0.905226 0.543844
vt 0.953024 0.543847
vt 0.905244 0.574842
vt 0.887722 0.813580
vt 0.839930 0.782562
vt 0.887722 0.782554
vt 0.839925 0.813584
vt 0.839111 0.813580
vt 0.791331 0.782554
vt 0.839125 0.782555
vt 0.791320 0.813580
vt 0.963917 0.802904
vt 0.916118 0.771906
vt 0.963908 0.771906
vt 0.916123 0.802903
vt 0.916124 0.740108
vt 0.963915 0.771101
vt 0.916118 0.771106
vt 0.963915 0.740104
vt 0.826269 0.658221
vt 0.874073 0.689248
vt 0.826282 0.689246
vt 0.874063 0.658221
vt 0.874873 0.658221
vt 0.922674 0.689247
vt 0.874878 0.689247
vt 0.922665 0.658224
vt 0.905241 0.512047
vt 0.953019 0.543044
vt 0.905226 0.543042
vt 0.953040 0.512047
vt 0.826272 0.657421
vt 0.878805 0.619185
vt 0.878808 0.657422
vt 0.826268 0.619186
vt 0.735823 0.852615
vt 0.788368 0.814380
vt 0.788373 0.852615
vt 0.735819 0.814380
vt 0.862778 0.778339
vt 0.915318 0.740104
vt 0.915313 0.778340
vt 0.862783 0.740104
vt 0.826278 0.618385
vt 0.878802 0.580149
vt 0.878811 0.618385
vt 0.826268 0.580149
vt 0.737976 0.813572
vt 0.790520 0.775337
vt 0.790508 0.813572
vt 0.737987 0.775337
vt 0.874876 0.731681
vt 0.927406 0.693446
vt 0.927411 0.731681
vt 0.874871 0.693446
vt 0.789173 0.852615
vt 0.841725 0.814380
vt 0.841723 0.852615
vt 0.789176 0.814380
vt 0.842525 0.852615
vt 0.895066 0.814380
vt 0.895063 0.852615
vt 0.842530 0.814380
vt 0.951537 0.911501
vt 0.975048 0.873276
vt 0.975048 0.911511
vt 0.951537 0.873265
vt 0.951537 0.950557
vt 0.975048 0.912311
vt 0.975047 0.950547
vt 0.951537 0.912321
vt 0.659647 0.696457
vt 0.825469 0.658221
vt 0.825469 0.696457
vt 0.659645 0.658221
vt 0.659645 0.735492
vt 0.825468 0.697257
vt 0.825469 0.735492
vt 0.659645 0.697257
vt 0.659645 0.852612
vt 0.735019 0.814380
vt 0.735010 0.852617
vt 0.659655 0.814381
vt 0.932946 0.619185
vt 0.971719 0.657426
vt 0.932946 0.657421
vt 0.971719 0.619191
vt 0.932947 0.580149
vt 0.971710 0.618384
vt 0.932951 0.618395
vt 0.971714 0.580149
vt 0.911955 0.873262
vt 0.950737 0.911507
vt 0.911954 0.911500
vt 0.950733 0.873262
vt 0.000401 0.951360
vt 0.039147 0.989596
vt 0.000400 0.989597
vt 0.039150 0.951358
vt 0.911955 0.951356
vt 0.950702 0.989596
vt 0.911954 0.989594
vt 0.950704 0.951359
vt 0.911959 0.912311
vt 0.950737 0.950549
vt 0.911954 0.950556
vt 0.950737 0.912312
vt 0.944469 0.810588
vt 0.983235 0.848832
vt 0.944476 0.848824
vt 0.983235 0.810586
vt 0.928212 0.693451
vt 0.966984 0.731682
vt 0.928211 0.731686
vt 0.966984 0.693446
vt 0.953021 0.469216
vt 0.905226 0.511247
vt 0.905228 0.469218
vt 0.953021 0.511245
vt 0.874069 0.693446
vt 0.826269 0.735484
vt 0.826273 0.693446
vt 0.874071 0.735492
vt 0.943669 0.810591
vt 0.895875 0.852615
vt 0.895866 0.810586
vt 0.943669 0.852615
vt 0.932147 0.618385
vt 0.879611 0.580149
vt 0.932146 0.580149
vt 0.879613 0.618385
vt 0.932144 0.657420
vt 0.879612 0.619185
vt 0.932146 0.619185
vt 0.879609 0.657420
vt 0.905226 0.425583
vt 0.953028 0.383554
vt 0.953021 0.425583
vt 0.905226 0.383559
vt 0.814177 0.778340
vt 0.861977 0.736296
vt 0.861978 0.778335
vt 0.814183 0.736292
vt 0.905226 0.468413
vt 0.953021 0.426387
vt 0.953019 0.468416
vt 0.905226 0.426383
vt 0.953821 0.469224
vt 0.977302 0.507451
vt 0.953821 0.507460
vt 0.977301 0.469216
vt 0.953821 0.430171
vt 0.977301 0.468416
vt 0.953821 0.468407
vt 0.977302 0.430180
vt 0.825469 0.657421
vt 0.659645 0.619185
vt 0.825469 0.619185
vt 0.659645 0.657421
vt 0.825468 0.618385
vt 0.659645 0.580150
vt 0.825468 0.580149
vt 0.659645 0.618385
vt -1.507810 0.726563
vt -1.550780 0.726563
vt -1.550780 0.507813
vt -1.550780 0.742188
vt -1.507810 0.507813
vt -1.507810 0.742188
vt -1.003910 0.914063
vt -1.003910 0.992188
vt -1.062500 0.992188
vt -1.062500 0.914063
vt -1.003910 0.898438
vt -1.125000 0.992188
vt -1.062500 0.898438
vt -1.125000 0.914063
vt -1.187500 0.992188
vt -1.187500 0.914063
vt -1.246090 0.992188
vt -1.246090 0.914063
vt -1.187500 0.898438
vt -1.246090 0.898438
vt -1.265630 0.960938
vt -1.277340 0.945313
vt -1.265630 0.945313
vt -1.277340 0.960938
vt -1.253910 0.960938
vt -1.265630 0.976563
vt -1.253910 0.976563
vt -1.253910 0.945313
vt -1.277340 0.976563
vt -1.253910 0.992188
vt -1.265630 0.992188
vt -1.277340 0.992188
vt -1.003910 0.070313
vt -1.238280 0.007813
vt -1.003910 0.007813
vt -1.238280 0.070313
vt -1.003910 0.445313
vt -1.238280 0.445313
vt -1.003910 0.492188
vt -1.238280 0.492188
vt -1.304690 0.617188
vt -1.304690 0.507813
vt -1.253910 0.507813
vt -1.253910 0.617188
vt -1.660160 0.835938
vt -1.617190 0.867188
vt -1.617190 0.835938
vt -1.660160 0.867188
vt -1.660160 0.832520
vt -1.859380 0.867188
vt -1.859380 0.835938
vt -1.660160 0.795062
vt -1.617190 0.789063
vt -1.996090 0.867188
vt -1.996090 0.835938
vt -1.859380 0.789063
vt -1.660160 0.789063
vt -1.660160 0.757813
vt -1.617190 0.757813
vt -1.996090 0.789063
vt -1.859380 0.757813
vt -1.996090 0.757813
vt -1.660160 0.795160
vt -1.660160 0.828984
vt -1.265630 0.851563
vt -1.308590 0.851563
vt -1.308590 0.757813
vt -1.308590 0.867188
vt -1.265630 0.757813
vt -1.265630 0.867188
vt -1.640630 0.507813
vt -1.718750 0.507813
vt -1.632810 0.523438
vt -1.988280 0.507813
vt -1.996090 0.523438
vt -1.957030 0.507813
vt -1.062500 0.882813
vt -1.003910 0.882813
vt -1.125000 0.882813
vt -1.125000 0.898438
vt -1.187500 0.882813
vt -1.246090 0.882813
vt -1.660160 0.992188
vt -1.617190 0.882813
vt -1.617190 0.992188
vt -1.660160 0.882813
vt -1.859380 0.882813
vt -1.859380 0.992188
vt -1.996090 0.882813
vt -1.996090 0.992188
vt -1.859380 0.921875
vt -1.996090 0.921875
vt -1.660160 0.921875
vt -1.617190 0.921875
vt -1.503910 0.992188
vt -1.503910 0.882813
vt -1.253910 0.851563
vt -1.281250 0.851563
vt -1.253910 0.757813
vt -1.281250 0.757813
vt -1.281250 0.867188
vt -1.253910 0.867188
vt -1.378910 0.882813
vt -1.378910 0.992188
vt -1.424730 0.992188
vt -1.424730 0.882813
vt -1.382810 0.882813
vt -1.382810 0.992188
vt -1.363280 0.445313
vt -1.621090 0.070313
vt -1.363280 0.070313
vt -1.621090 0.445313
vt -1.621090 0.492188
vt -1.363280 0.492188
vt -1.621090 0.007813
vt -1.363280 0.007813
vt -1.468750 0.070313
vt -1.265630 0.070313
vt -1.265630 0.445313
vt -1.468750 0.445313
vt -1.242190 0.445313
vt -1.242190 0.492188
vt -1.718750 0.523438
vt -1.957030 0.523438
vt -1.273440 0.781250
vt -1.421880 0.445313
vt -1.421880 0.492188
vt -1.421880 0.070313
vt -1.265630 0.492188
vt -1.265630 0.007813
vt -1.421880 0.007813
vt -1.699220 0.445313
vt -1.718750 0.492188
vt -1.738280 0.445313
vt -1.808590 0.070313
vt -1.632810 0.070313
vt -1.808590 0.007813
vt -1.632810 0.007813
vt -1.567570 0.600586
vt -1.573700 0.628491
vt -1.616620 0.600586
vt -1.616620 0.555938
vt -1.567570 0.555938
vt -1.610490 0.628491
vt -1.567570 0.658032
vt -1.567570 0.702680
vt -1.616620 0.658032
vt -1.610490 0.630127
vt -1.573700 0.630127
vt -1.616620 0.702680
vt -1.273440 0.585938
vt -1.296880 0.507813
vt -1.273440 0.507813
vt -1.296880 0.585938
vt -1.816410 0.492188
vt -1.871090 0.257813
vt -1.871090 0.492188
vt -1.816410 0.257813
vt -1.878910 0.257813
vt -1.996090 0.492188
vt -1.996090 0.257813
vt -1.878910 0.492188
vt -1.878910 0.242188
vt -1.996090 0.007813
vt -1.878910 0.007813
vt -1.996090 0.242188
vt -1.285160 0.882813
vt -1.292970 0.992188
vt -1.292970 0.882813
vt -1.285160 0.992188
vt -1.433590 0.882813
vt -1.433590 0.992188
vt 1.000000 0.000000
vt 0.000000 0.500000
vt 0.000000 0.000000
vt 0.000000 0.984375
vt 0.500000 1.000000
vt 1.000000 1.000000
vt 1.500000 1.000000
vt 2.000000 0.984375
vt 2.000000 0.500000
vt 2.000000 0.000000
vt 1.000000 0.500000
vt 0.000000 1.000000
vt 0.203125 0.781250
vt 0.093751 0.656250
vt 0.093750 0.781250
vt 0.203124 0.656250
vt 0.796875 0.781250
vt 0.796876 0.656250
vt 0.906250 0.781250
vt 0.906249 0.656250
vt 0.796875 0.078125
vt 0.906249 0.203125
vt 0.906250 0.078125
vt 0.796877 0.203125
vt 0.203125 0.078125
vt 0.203123 0.203125
vt 0.093750 0.078125
vt 0.093751 0.203125
vt 0.203124 0.531250
vt 0.093751 0.343750
vt 0.093751 0.531250
vt 0.203123 0.343750
vt 0.796876 0.531250
vt 0.796877 0.343750
vt 0.906249 0.531250
vt 0.906249 0.343750
s 1
g off
g pokecenter_3_pokecen00
usemtl pokecen00
f 1/1/1 2/2/2 3/3/3
f 1/1/1 4/4/4 2/2/2
f 1/1/1 3/3/3 5/5/5
f 1/1/1 6/6/6 4/4/4
f 1/1/1 5/5/5 7/7/7
f 1/1/1 8/8/3 6/6/6
f 1/1/1 7/7/7 9/9/4
f 1/1/1 10/10/8 8/8/3
f 1/1/1 9/9/4 11/11/7
f 1/1/1 12/12/2 10/10/8
f 1/1/1 11/11/7 13/13/9
f 1/1/1 14/14/3 12/12/2
f 1/1/1 13/13/9 15/15/3
f 1/1/1 16/16/10 14/14/3
f 1/1/1 15/15/3 17/17/10
f 1/1/1 18/18/8 16/16/10
f 1/1/1 17/17/10 19/19/4
f 1/1/1 20/20/3 18/18/8
f 1/1/1 19/19/4 21/21/11
f 1/1/1 21/21/11 20/20/3
s 2
f 22/22/4 23/23/12 24/24/3
f 22/22/4 25/25/13 23/23/12
f 22/22/4 24/24/3 26/26/3
f 22/22/4 27/27/14 25/25/13
f 24/24/3 28/28/1 26/26/3
f 28/28/1 29/29/1 26/26/3
f 28/28/1 30/30/11 29/29/1
f 30/30/11 31/31/3 29/29/1
f 30/30/11 32/32/2 31/31/3
f 32/32/2 33/33/1 31/31/3
f 32/32/2 34/34/1 33/33/1
f 34/34/1 35/35/3 33/33/1
f 34/34/1 36/36/3 35/35/3
f 36/36/3 37/37/1 35/35/3
f 36/36/3 38/38/3 37/37/1
f 38/38/3 39/39/3 37/37/1
f 38/38/3 40/40/15 39/39/3
f 40/40/15 41/41/4 39/39/3
f 40/40/15 42/42/16 41/41/4
f 42/42/16 43/43/14 41/41/4
s 3
f 44/44/17 45/45/17 46/46/17
s 4
f 44/44/18 47/47/18 45/45/18
s 5
f 44/44/17 46/46/17 48/48/17
s 4
f 44/44/18 49/49/18 47/47/18
s 6
f 50/50/19 51/51/19 52/52/19
s 7
f 50/50/19 53/53/19 51/51/19
s 8
f 50/50/20 54/54/20 53/53/20
f 50/50/20 55/55/20 54/54/20
s 9
f 56/56/3 57/57/3 58/58/21
f 56/56/3 59/59/1 57/57/3
f 56/56/3 58/58/21 60/60/22
f 56/56/3 60/60/22 61/61/3
f 59/59/1 62/62/4 57/57/3
f 59/59/1 63/63/4 62/62/4
f 63/63/4 64/64/4 62/62/4
f 63/63/4 65/65/1 64/64/4
f 65/65/1 66/66/1 64/64/4
f 65/65/1 67/67/1 66/66/1
f 67/67/1 68/68/23 66/66/1
f 67/67/1 69/69/4 68/68/23
f 69/69/4 70/70/1 68/68/23
f 69/69/4 71/71/4 70/70/1
f 71/71/4 72/72/10 70/70/1
f 71/71/4 73/73/1 72/72/10
f 73/73/1 74/74/24 72/72/10
f 73/73/1 75/75/3 74/74/24
f 75/75/3 76/76/25 74/74/24
f 75/75/3 77/77/3 76/76/25
s 10
f 78/78/26 79/79/26 80/80/26
f 78/78/26 80/80/26 81/81/26
s 11
f 78/78/27 81/81/27 82/82/27
f 81/81/27 83/83/27 82/82/27
s 12
f 83/83/28 84/84/28 82/82/28
f 83/83/28 85/85/28 84/84/28
s 13
f 86/86/29 87/87/29 88/88/29
s 14
f 86/86/30 89/89/30 87/87/30
s 15
f 86/86/31 90/90/31 89/89/31
s 16
f 90/90/31 91/91/31 89/89/31
s 17
f 90/90/32 92/92/32 91/91/32
s 18
f 92/92/32 93/93/32 91/91/32
s 19
f 92/92/33 94/94/33 93/93/33
s 20
f 94/94/34 95/95/34 93/93/34
s 21
f 94/94/35 96/96/35 95/95/35
s 22
f 96/96/36 97/97/36 95/95/36
s 23
f 96/96/37 98/98/37 97/97/37
s 24
f 98/98/37 99/99/37 97/97/37
s 25
f 98/98/38 100/100/38 99/99/38
s 26
f 100/100/38 101/101/38 99/99/38
s 27
f 100/100/39 102/102/39 101/101/39
s 28
f 102/102/40 103/103/40 101/101/40
s 29
f 102/102/17 104/104/17 103/103/17
s 30
f 104/104/17 105/105/17 103/103/17
s 31
f 106/106/41 107/107/42 108/108/42
f 106/106/41 108/108/42 109/109/41
s 32
f 106/106/43 109/109/43 110/110/43
f 109/109/43 111/111/43 110/110/43
s 33
f 111/111/44 112/112/44 110/110/45
f 111/111/44 113/113/44 112/112/44
s 34
f 113/113/46 114/114/46 112/112/46
f 113/113/46 115/115/46 114/114/46
s 35
f 115/115/47 116/116/47 114/114/47
f 115/115/47 117/117/47 116/116/47
s 36
f 117/117/48 118/118/48 116/116/49
f 117/117/48 119/119/50 118/118/48
s 37
f 119/119/51 120/120/51 118/118/51
f 119/119/51 121/121/52 120/120/51
s 38
f 121/121/53 122/122/54 120/120/53
f 121/121/53 123/123/54 122/122/54
s 39
f 123/123/55 124/124/55 122/122/55
f 123/123/55 125/125/55 124/124/55
s 40
f 126/126/19 127/127/19 128/128/19
f 126/126/19 129/129/19 127/127/19
s 41
f 130/130/56 131/131/56 132/132/56
f 130/130/56 133/133/56 131/131/56
s 42
f 134/134/31 135/135/31 136/136/31
f 134/134/31 137/137/57 135/135/31
s 43
f 138/138/58 139/139/58 140/140/59
f 138/138/58 141/141/58 139/139/58
s 44
f 142/142/60 143/143/60 144/144/61
f 142/142/60 145/145/60 143/143/60
s 45
f 146/146/62 147/147/62 148/148/63
f 146/146/62 149/149/62 147/147/62
s 46
f 150/150/64 151/151/64 152/152/65
f 150/150/64 153/153/64 151/151/64
s 47
f 154/154/38 155/155/38 156/156/66
f 154/154/38 157/157/38 155/155/38
s 48
f 158/158/67 159/159/67 160/160/67
f 158/158/67 161/161/67 159/159/67
s 49
f 162/162/68 163/163/68 164/164/68
f 162/162/68 165/165/68 163/163/68
s 50
f 166/166/69 167/167/69 168/168/69
f 166/166/69 169/169/69 167/167/69
s 51
f 170/170/70 171/171/70 172/172/70
f 170/170/70 173/173/70 171/171/70
s 52
f 174/174/71 175/175/71 176/176/71
f 174/174/71 177/177/71 175/175/71
s 53
f 178/178/72 179/179/72 180/180/72
f 178/178/72 181/181/72 179/179/72
s 54
f 182/182/73 183/183/73 184/184/73
f 182/182/73 185/185/73 183/183/73
s 55
f 186/186/74 187/187/74 188/188/74
f 186/186/74 189/189/74 187/187/74
s 56
f 190/190/75 191/191/75 192/192/75
f 190/190/75 193/193/75 191/191/75
s 57
f 194/194/76 195/195/76 196/196/76
f 194/194/76 197/197/76 195/195/76
s 58
f 198/198/55 199/199/55 200/200/55
f 198/198/55 201/201/55 199/199/55
s 59
f 202/202/77 203/203/77 204/204/77
f 202/202/77 205/205/77 203/203/77
s 60
f 206/206/77 207/207/77 208/208/77
f 206/206/77 209/209/77 207/207/77
s 61
f 210/210/76 211/211/76 212/212/76
f 210/210/76 213/213/76 211/211/76
s 62
f 214/214/78 215/215/78 216/216/78
f 214/214/78 217/217/78 215/215/78
s 63
f 218/218/79 219/219/80 220/220/81
f 218/218/79 221/221/79 219/219/80
s 64
f 222/222/45 223/223/45 224/224/82
f 222/222/45 225/225/83 223/223/45
s 65
f 226/226/46 227/227/84 228/228/85
f 226/226/46 229/229/86 227/227/84
s 66
f 230/230/87 231/231/47 232/232/88
f 230/230/87 233/233/89 231/231/47
s 67
f 234/234/50 235/235/50 236/236/90
f 234/234/50 237/237/91 235/235/50
s 68
f 238/238/92 239/239/93 240/240/94
f 238/238/92 241/241/92 239/239/93
s 69
f 242/242/95 243/243/95 244/244/95
f 242/242/95 245/245/95 243/243/95
s 70
f 246/246/96 247/247/96 248/248/96
f 246/246/96 249/249/96 247/247/96
s 71
f 250/250/97 251/251/97 252/252/98
f 250/250/97 253/253/99 251/251/97
s 72
f 254/254/100 255/255/100 256/256/101
f 254/254/100 257/257/65 255/255/100
s 73
f 258/258/36 259/259/36 260/260/36
f 258/258/36 261/261/36 259/259/36
s 74
f 262/262/33 263/263/33 264/264/33
f 262/262/33 265/265/33 263/263/33
s 75
f 266/266/102 267/267/102 268/268/103
f 266/266/102 269/269/104 267/267/102
s 76
f 270/270/105 271/271/105 272/272/106
f 270/270/105 273/273/107 271/271/105
s 77
f 274/274/108 275/275/108 276/276/108
f 274/274/108 277/277/108 275/275/108
s 78
f 278/278/109 279/279/109 280/280/109
f 278/278/109 281/281/109 279/279/109
s 79
f 282/282/110 283/283/110 284/284/110
f 282/282/110 285/285/110 283/283/110
s 80
f 286/286/111 287/287/111 288/288/111
f 286/286/111 289/289/111 287/287/111
s 81
f 290/290/111 291/291/111 292/292/111
f 290/290/111 293/293/111 291/291/111
s 82
g pokecenter_3_pokecen_01
usemtl pokecen_01
f 294/294/26 295/295/26 296/296/26
s 83
f 294/294/112 297/297/112 295/295/112
s 84
f 294/294/26 296/296/26 298/298/26
s 83
f 294/294/112 299/299/112 297/297/112
s 84
f 294/294/26 298/298/26 300/296/26
s 85
f 294/294/113 301/297/113 299/299/113
s 84
f 294/294/26 300/296/26 302/295/26
s 85
f 294/294/113 302/295/113 301/297/113
s 86
f 296/296/114 303/295/114 298/298/114
s 87
f 300/296/115 298/298/115 304/295/115
s 88
f 303/295/114 305/294/114 298/298/114
s 89
f 303/295/116 306/297/116 305/294/116
s 87
f 298/298/115 305/294/115 304/295/115
s 89
f 306/297/116 307/299/116 305/294/116
s 90
f 304/295/117 305/294/117 308/297/117
f 308/297/117 305/294/117 307/299/117
s 91
f 309/300/118 310/301/118 311/302/118
s 92
f 309/300/119 312/302/119 310/301/119
s 93
f 309/300/118 311/302/118 313/303/118
s 92
f 309/300/119 314/303/119 312/302/119
s 93
f 309/300/118 313/303/118 315/304/118
s 92
f 309/300/119 315/304/119 314/303/119
s 94
f 311/302/120 316/305/120 313/303/120
s 95
f 312/302/121 314/303/121 317/305/121
s 96
f 315/304/118 313/303/118 318/306/118
s 97
f 315/304/119 319/306/119 314/303/119
s 98
f 316/305/120 320/307/120 313/303/120
s 99
f 316/305/122 321/308/122 320/307/122
s 95
f 317/305/121 314/303/121 322/307/121
s 100
f 317/305/123 322/307/123 323/308/123
s 101
f 321/308/122 324/309/122 320/307/122
s 102
f 321/308/124 325/310/124 324/309/124
s 100
f 322/307/123 326/309/123 323/308/123
s 102
f 325/310/124 327/311/124 324/309/124
s 103
f 326/309/125 328/310/125 323/308/125
f 326/309/125 329/311/125 328/310/125
f 326/309/125 330/312/125 329/311/125
s 104
f 327/311/124 331/312/124 324/309/124
f 327/311/124 332/313/124 331/312/124
s 103
f 330/312/125 333/313/125 329/311/125
s 105
f 334/314/126 335/315/126 336/316/126
f 334/314/126 337/317/126 335/315/126
f 334/314/126 336/316/126 338/318/126
f 334/314/126 339/319/126 337/317/126
f 334/314/126 338/318/126 340/320/126
f 334/314/126 340/320/126 339/319/126
f 336/316/126 341/321/126 338/318/126
f 337/317/126 339/319/126 342/322/126
f 340/320/126 343/323/126 339/319/126
f 342/322/126 339/319/126 344/324/126
f 342/322/126 344/324/126 345/325/126
f 344/324/126 339/319/126 343/323/126
s 106
f 346/326/26 347/327/26 348/328/26
f 346/326/26 349/329/26 347/327/26
f 346/326/26 348/328/26 350/327/26
s 107
f 346/326/127 351/330/127 349/329/127
s 106
f 346/326/26 350/327/26 352/329/26
s 107
f 346/326/127 352/329/127 351/330/127
s 108
f 349/329/127 351/330/127 353/331/127
s 107
f 352/329/127 354/331/127 351/330/127
s 109
f 353/331/126 351/330/126 355/332/126
s 110
f 353/331/126 355/332/126 356/333/126
s 109
f 351/330/126 354/331/126 355/332/126
f 354/331/126 357/333/126 355/332/126
s 111
f 358/334/126 359/335/126 360/335/126
f 358/334/126 361/336/126 359/335/126
f 358/334/126 360/335/126 362/336/126
f 358/334/126 363/337/126 361/336/126
f 358/334/126 362/336/126 364/337/126
s 112
f 365/338/128 366/339/128 367/340/128
f 365/338/128 368/341/128 366/339/128
s 113
f 365/338/129 367/340/129 369/342/129
s 112
f 365/338/128 370/343/128 368/341/128
f 365/338/128 371/344/128 370/343/128
s 113
f 367/340/129 372/345/129 369/342/129
f 367/340/129 373/346/129 372/345/129
s 114
f 371/344/128 374/347/128 370/343/128
f 371/344/128 375/348/128 374/347/128
s 115
f 371/344/129 376/349/129 375/348/129
s 116
f 373/346/129 377/350/129 372/345/129
s 117
f 373/346/130 378/351/130 377/350/130
f 373/346/130 379/352/130 378/351/130
s 118
f 377/350/130 378/351/130 376/349/130
s 119
f 375/348/129 376/349/129 380/353/129
s 118
f 378/351/130 381/354/130 376/349/130
f 376/349/130 381/354/130 380/353/130
s 120
f 381/354/130 382/355/130 380/353/130
s 121
f 383/350/131 384/346/131 385/356/131
s 122
f 383/350/132 386/352/132 384/346/132
f 383/350/132 387/351/132 386/352/132
f 383/350/132 388/354/132 387/351/132
f 383/350/132 389/349/132 388/354/132
s 121
f 385/356/131 384/346/131 390/357/131
s 123
f 389/349/132 391/355/132 388/354/132
f 389/349/132 392/353/132 391/355/132
s 124
f 389/349/131 393/344/131 392/353/131
s 121
f 384/346/131 394/340/131 390/357/131
s 125
f 393/344/131 395/348/131 392/353/131
s 126
f 393/344/133 396/343/133 395/348/133
f 393/344/133 397/341/133 396/343/133
f 393/344/133 398/338/133 397/341/133
s 127
f 398/338/133 394/340/133 397/341/133
s 128
f 398/338/131 390/357/131 394/340/131
s 129
f 395/348/133 396/343/133 399/347/133
s 127
f 397/341/133 394/340/133 400/339/133
s 130
f 401/358/26 402/359/26 403/360/26
s 131
f 401/358/126 404/361/126 402/359/126
s 130
f 401/358/26 403/360/26 405/362/26
s 131
f 401/358/126 406/363/126 404/361/126
s 132
f 401/358/26 405/362/26 407/358/26
f 405/362/26 408/362/26 407/358/26
s 133
f 409/358/26 410/360/26 411/359/26
f 409/358/26 412/362/26 410/360/26
s 134
f 409/358/126 411/359/126 413/361/126
s 133
f 409/358/26 414/358/26 412/362/26
s 135
f 409/358/126 413/361/126 415/363/126
s 133
f 414/358/26 416/362/26 412/362/26
s 136
f 417/364/134 418/364/134 419/365/134
s 137
f 417/364/135 420/366/135 418/364/135
s 138
f 417/364/134 419/365/134 421/365/134
s 137
f 417/364/135 422/366/135 420/366/135
f 417/364/135 423/364/135 422/366/135
s 139
f 418/364/135 420/366/135 424/366/135
s 140
f 423/364/135 425/366/135 422/366/135
f 423/364/135 426/364/135 425/366/135
s 141
f 423/364/134 427/365/134 426/364/134
s 140
f 425/366/135 426/364/135 428/366/135
s 142
f 427/365/134 429/365/134 426/364/134
s 140
f 428/366/135 426/364/135 430/364/135
s 143
f 428/366/135 430/364/135 431/366/135
f 430/364/135 432/364/135 431/366/135
s 144
f 430/364/134 433/365/134 432/364/134
s 143
f 431/366/135 432/364/135 434/366/135
s 145
f 433/365/134 435/365/134 432/364/134
s 143
f 434/366/135 432/364/135 436/364/135
s 146
f 434/366/135 436/364/135 437/364/135
f 434/366/135 437/364/135 438/366/135
s 147
f 436/364/134 439/365/134 437/364/134
s 148
f 439/365/134 440/365/134 437/364/134
s 149
f 441/367/136 442/368/136 443/367/136
f 441/367/136 444/368/136 442/368/136
s 150
f 441/367/137 443/367/137 445/369/137
s 149
f 441/367/136 446/367/136 444/368/136
s 151
f 441/367/137 445/369/137 447/369/137
s 149
f 442/368/136 448/368/136 443/367/136
s 152
f 446/367/136 449/367/136 444/368/136
s 153
f 446/367/137 450/369/137 449/367/137
s 154
f 448/368/136 451/367/136 443/367/136
f 448/368/136 452/368/136 451/367/136
s 152
f 444/368/136 449/367/136 453/368/136
s 155
f 450/369/137 454/369/137 449/367/137
s 154
f 452/368/136 455/367/136 451/367/136
f 452/368/136 456/368/136 455/367/136
s 156
f 451/367/137 455/367/137 457/369/137
s 157
f 451/367/137 457/369/137 458/369/137
s 158
f 456/368/136 459/367/136 455/367/136
f 456/368/136 460/368/136 459/367/136
f 460/368/136 461/367/136 459/367/136
s 159
f 460/368/136 462/368/136 461/367/136
s 160
f 459/367/137 461/367/137 463/369/137
f 461/367/137 464/369/137 463/369/137
s 161
f 465/364/138 466/365/138 467/364/138
f 465/364/138 468/365/138 466/365/138
s 162
f 465/364/139 467/364/139 469/366/139
f 465/364/139 469/366/139 470/366/139
s 163
f 465/364/139 470/366/139 471/364/139
s 162
f 467/364/139 472/366/139 469/366/139
s 163
f 470/366/139 473/366/139 471/364/139
f 473/366/139 474/364/139 471/364/139
f 473/366/139 475/366/139 474/364/139
s 164
f 471/364/138 474/364/138 476/365/138
s 165
f 475/366/139 477/364/139 474/364/139
f 475/366/139 478/366/139 477/364/139
s 164
f 476/365/138 474/364/138 479/365/138
s 165
f 478/366/139 480/364/139 477/364/139
f 478/366/139 481/366/139 480/364/139
s 166
f 477/364/138 480/364/138 482/365/138
s 167
f 481/366/139 483/364/139 480/364/139
f 481/366/139 484/364/139 483/364/139
s 168
f 481/366/139 485/366/139 484/364/139
s 166
f 482/365/138 480/364/138 486/365/138
s 169
f 483/364/138 484/364/138 487/365/138
f 484/364/138 488/365/138 487/365/138
s 170
f 489/367/140 490/367/140 491/368/140
s 171
f 489/367/141 492/369/141 490/367/141
s 170
f 489/367/140 491/368/140 493/368/140
s 171
f 489/367/141 494/369/141 492/369/141
s 172
f 489/367/140 493/368/140 495/367/140
s 170
f 490/367/140 496/368/140 491/368/140
f 490/367/140 497/367/140 496/368/140
s 172
f 493/368/140 498/367/140 495/367/140
s 173
f 493/368/140 499/368/140 498/367/140
s 174
f 497/367/140 500/368/140 496/368/140
f 497/367/140 501/367/140 500/368/140
s 175
f 497/367/141 502/369/141 501/367/141
f 497/367/141 503/369/141 502/369/141
s 176
f 495/367/141 498/367/141 504/369/141
s 174
f 500/368/140 501/367/140 505/368/140
s 176
f 498/367/141 506/369/141 504/369/141
s 174
f 501/367/140 507/367/140 505/368/140
s 177
f 507/367/140 508/368/140 505/368/140
f 507/367/140 509/367/140 508/368/140
s 178
f 507/367/141 510/369/141 509/367/141
s 177
f 508/368/140 509/367/140 511/368/140
s 179
f 510/369/141 512/369/141 509/367/141
s 180
f 513/304/26 514/306/26 515/370/26
f 513/304/26 515/370/26 516/371/26
f 513/304/26 516/371/26 517/370/26
f 513/304/26 517/370/26 518/306/26
f 514/306/26 519/372/26 515/370/26
f 514/306/26 520/373/26 519/372/26
f 517/370/26 521/372/26 518/306/26
f 520/373/26 522/374/26 519/372/26
f 520/373/26 523/312/26 522/374/26
f 521/372/26 524/373/26 518/306/26
f 521/372/26 525/374/26 524/373/26
f 523/312/26 526/375/26 522/374/26
f 523/312/26 527/313/26 526/375/26
f 525/374/26 528/312/26 524/373/26
f 525/374/26 529/375/26 528/312/26
f 529/375/26 530/313/26 528/312/26
s 181
f 531/304/118 532/300/118 533/303/118
s 182
f 531/304/119 534/303/119 532/300/119
s 183
f 531/304/118 533/303/118 535/306/118
s 182
f 531/304/119 536/306/119 534/303/119
s 184
f 533/303/120 537/307/120 535/306/120
s 185
f 536/306/121 538/307/121 534/303/121
f 536/306/121 539/373/121 538/307/121
s 186
f 537/307/120 540/373/120 535/306/120
s 187
f 537/307/122 541/309/122 540/373/122
s 188
f 539/373/123 542/309/123 538/307/123
f 539/373/123 543/312/123 542/309/123
s 189
f 541/309/122 544/312/122 540/373/122
s 190
f 541/309/124 545/311/124 544/312/124
s 191
f 543/312/125 546/311/125 542/309/125
f 543/312/125 547/313/125 546/311/125
s 192
f 545/311/124 548/313/124 544/312/124
s 193
f 549/304/118 550/300/118 551/303/118
s 194
f 549/304/119 552/303/119 550/300/119
s 195
f 549/304/118 551/303/118 553/306/118
s 194
f 549/304/119 554/306/119 552/303/119
s 196
f 555/301/118 556/371/118 557/370/118
s 197
f 555/301/119 558/370/119 556/371/119
s 198
f 555/301/118 557/370/118 559/302/118
s 197
f 555/301/119 560/302/119 558/370/119
s 199
f 557/370/120 561/372/120 559/302/120
s 200
f 560/302/121 562/372/121 558/370/121
f 560/302/121 563/305/121 562/372/121
s 201
f 561/372/120 564/305/120 559/302/120
s 202
f 561/372/122 565/374/122 564/305/122
s 203
f 563/305/123 566/374/123 562/372/123
f 563/305/123 567/308/123 566/374/123
s 204
f 565/374/122 568/308/122 564/305/122
s 205
f 565/374/124 569/375/124 568/308/124
s 206
f 567/308/125 570/375/125 566/374/125
f 567/308/125 571/310/125 570/375/125
s 207
f 569/375/124 572/310/124 568/308/124
s 208
f 573/373/26 574/370/26 575/306/26
f 573/373/26 576/372/26 574/370/26
f 573/373/26 577/374/26 576/372/26
f 573/373/26 578/312/26 577/374/26
s 209
f 574/370/131 579/370/131 580/370/131
s 210
f 577/374/142 581/374/142 582/374/142
f 577/374/142 582/374/142 583/374/142
s 209
f 579/370/131 584/370/131 580/370/131
s 211
f 585/373/26 586/370/26 587/306/26
f 585/373/26 588/372/26 586/370/26
f 585/373/26 589/374/26 588/372/26
f 585/373/26 590/312/26 589/374/26
s 212
f 586/370/131 591/370/131 592/370/131
s 213
f 589/374/142 593/374/142 594/374/142
f 589/374/142 594/374/142 595/374/142
s 212
f 591/370/131 596/370/131 592/370/131
s 214
f 597/371/143 598/371/143 599/370/143
s 215
f 597/371/144 600/370/144 598/371/144
s 216
f 597/371/143 599/370/143 601/370/143
s 215
f 597/371/144 602/370/144 600/370/144
s 217
f 599/370/145 603/372/145 601/370/145
s 218
f 602/370/146 604/372/146 600/370/146
f 602/370/146 605/372/146 604/372/146
s 219
f 603/372/145 606/372/145 601/370/145
s 220
f 603/372/147 607/374/147 606/372/147
s 221
f 605/372/148 608/374/148 604/372/148
f 605/372/148 609/374/148 608/374/148
s 222
f 607/374/147 610/374/147 606/372/147
s 223
f 607/374/149 611/375/149 610/374/149
s 224
f 609/374/150 612/375/150 608/374/150
f 609/374/150 613/375/150 612/375/150
s 225
f 611/375/149 614/375/149 610/374/149
s 226
f 615/373/26 616/306/26 617/370/26
f 615/373/26 617/370/26 618/372/26
f 615/373/26 618/372/26 619/374/26
f 615/373/26 619/374/26 620/312/26
s 227
f 617/370/129 621/370/129 622/370/129
s 228
f 619/374/151 623/374/151 624/374/151
f 619/374/151 625/374/151 623/374/151
s 227
f 621/370/129 626/370/129 622/370/129
s 229
f 627/373/26 628/306/26 629/370/26
f 627/373/26 629/370/26 630/372/26
f 627/373/26 630/372/26 631/374/26
f 627/373/26 631/374/26 632/312/26
s 230
f 629/370/129 633/370/129 634/370/129
s 231
f 631/374/151 635/374/151 636/374/151
f 631/374/151 637/374/151 635/374/151
s 230
f 633/370/129 638/370/129 634/370/129
s 232
f 639/337/27 640/334/27 641/335/27
f 639/337/27 641/335/27 642/336/27
s 233
f 639/337/28 642/336/28 643/335/28
s 234
f 639/337/152 643/335/153 644/334/153
s 235
f 640/334/26 645/336/26 641/335/26
f 640/334/26 646/337/26 645/336/26
s 234
f 643/335/153 647/337/154 644/334/153
f 643/335/153 648/336/154 647/337/154
s 235
f 646/337/26 649/335/26 645/336/26
f 646/337/26 650/334/26 649/335/26
s 236
f 651/334/26 652/336/26 653/337/26
s 237
f 651/334/26 654/335/26 652/336/26
s 238
f 651/334/27 655/336/27 654/335/27
f 651/334/27 656/337/27 655/336/27
s 239
f 656/337/28 657/335/155 655/336/28
f 656/337/28 658/334/156 657/335/155
s 240
f 659/294/26 660/295/26 661/296/26
s 241
f 659/294/157 662/297/157 660/295/158
s 242
f 659/294/26 661/296/26 663/298/26
s 241
f 659/294/157 664/299/157 662/297/157
s 243
f 661/296/159 665/295/159 663/298/159
s 244
f 665/295/160 666/294/160 663/298/160
s 245
f 665/295/161 667/297/161 666/294/161
s 246
f 667/297/161 668/299/161 666/294/161
s 247
f 669/294/26 670/295/26 671/296/26
s 248
f 669/294/162 672/297/162 670/295/162
s 249
f 669/294/26 671/296/26 673/298/26
s 248
f 669/294/162 674/299/162 672/297/162
s 250
f 671/296/163 675/295/163 673/298/163
s 251
f 675/295/164 676/294/164 673/298/164
s 252
f 675/295/165 677/297/165 676/294/165
s 253
f 677/297/165 678/299/165 676/294/165
s 254
f 679/294/26 680/295/26 681/296/26
s 255
f 679/294/166 682/297/166 680/295/167
s 256
f 679/294/26 681/296/26 683/298/26
s 255
f 679/294/166 684/299/166 682/297/166
s 257
f 681/296/168 685/295/168 683/298/168
s 258
f 685/295/169 686/294/169 683/298/169
s 259
f 687/294/26 688/295/26 689/296/26
s 260
f 687/294/170 690/297/170 688/295/170
s 261
f 687/294/26 689/296/26 691/298/26
s 260
f 687/294/170 692/299/171 690/297/170
s 262
f 689/296/172 693/295/172 691/298/172
s 263
f 693/295/173 694/294/173 691/298/173
s 264
f 695/294/26 696/296/26 697/295/26
f 695/294/26 698/298/26 696/296/26
s 265
f 695/294/174 697/295/174 699/297/174
s 266
f 695/294/175 699/297/175 700/299/175
s 267
f 698/298/176 701/295/176 696/296/177
f 698/298/176 702/294/176 701/295/176
s 268
f 702/294/178 703/297/178 701/295/178
f 702/294/178 704/299/178 703/297/178
s 269
f 705/294/26 706/296/26 707/295/26
f 705/294/26 708/298/26 706/296/26
s 270
f 705/294/179 707/295/179 709/297/179
s 271
f 705/294/179 709/297/179 710/299/179
s 272
f 708/298/180 711/295/180 706/296/180
f 708/298/180 712/294/181 711/295/180
s 273
f 712/294/182 713/297/182 711/295/182
f 712/294/182 714/299/182 713/297/182
s 274
f 715/294/26 716/296/26 717/295/26
f 715/294/26 718/298/26 716/296/26
s 275
f 715/294/183 717/295/183 719/297/183
s 276
f 715/294/184 719/297/184 720/299/184
s 277
f 718/298/185 721/295/185 716/296/186
f 718/298/185 722/294/185 721/295/185
s 278
f 723/294/26 724/296/26 725/295/26
f 723/294/26 726/298/26 724/296/26
s 279
f 723/294/187 725/295/187 727/297/187
s 280
f 723/294/188 727/297/188 728/299/188
s 281
f 726/298/189 729/295/189 724/296/190
f 726/298/189 730/294/189 729/295/189
s 282
f 731/376/135 732/377/135 733/378/135
f 731/376/135 734/379/135 732/377/135
f 731/376/135 735/380/135 734/379/135
f 731/376/135 736/381/135 735/380/135
f 736/381/135 737/382/135 735/380/135
f 736/381/135 738/383/135 737/382/135
s 283
f 739/384/135 740/383/135 741/385/135
f 739/384/135 742/381/135 740/383/135
f 739/384/135 743/376/135 742/381/135
f 739/384/135 744/386/135 743/376/135
f 744/386/135 745/378/135 743/376/135
f 744/386/135 746/387/135 745/378/135
s 284
f 747/384/140 748/383/140 749/385/140
f 747/384/140 750/381/140 748/383/140
f 747/384/140 751/376/140 750/381/140
f 747/384/140 752/386/140 751/376/140
f 752/386/140 753/378/140 751/376/140
f 752/386/140 754/387/140 753/378/140
s 285
f 755/386/135 756/378/135 757/387/135
f 755/386/135 758/376/135 756/378/135
f 755/386/135 759/381/135 758/376/135
f 755/386/135 760/384/135 759/381/135
f 760/384/135 761/383/135 759/381/135
f 760/384/135 762/385/135 761/383/135
s 286
f 763/386/139 764/378/139 765/387/139
f 763/386/139 766/376/139 764/378/139
f 763/386/139 767/381/139 766/376/139
f 763/386/139 768/384/139 767/381/139
f 768/384/139 769/383/139 767/381/139
f 768/384/139 770/385/139 769/383/139
s 287
f 771/386/136 772/378/136 773/387/136
f 771/386/136 774/376/136 772/378/136
f 771/386/136 775/381/136 774/376/136
f 771/386/136 776/384/136 775/381/136
f 776/384/136 777/383/136 775/381/136
f 776/384/136 778/385/136 777/383/136
s 288
f 779/384/139 780/383/139 781/385/139
f 779/384/139 782/381/139 780/383/139
f 779/384/139 783/376/139 782/381/139
f 779/384/139 784/386/139 783/376/139
f 784/386/139 785/378/139 783/376/139
f 784/386/139 786/387/139 785/378/139
s 289
f 787/344/26 788/350/26 789/349/26
f 787/344/26 790/338/26 788/350/26
f 787/344/26 789/349/26 791/353/26
f 787/344/26 791/353/26 792/348/26
f 790/338/26 793/340/26 788/350/26
f 793/340/26 794/346/26 788/350/26
s 290
f 795/377/26 796/378/26 797/376/26
s 291
f 795/377/126 798/388/126 796/378/126
s 292
f 795/377/26 797/376/26 799/379/26
s 291
f 795/377/126 800/389/126 798/388/126
s 292
f 797/376/26 801/381/26 799/379/26
f 801/381/26 802/380/26 799/379/26
f 801/381/26 803/383/26 802/380/26
f 803/383/26 804/382/26 802/380/26
s 293
f 805/378/26 806/377/26 807/379/26
s 294
f 805/378/126 808/389/126 806/377/126
s 295
f 805/378/26 807/379/26 809/376/26
s 294
f 805/378/126 810/388/126 808/389/126
s 295
f 807/379/26 811/380/26 809/376/26
f 811/380/26 812/381/26 809/376/26
f 811/380/26 813/382/26 812/381/26
f 813/382/26 814/383/26 812/381/26
s 296
f 815/360/136 816/359/136 817/390/136
s 297
f 815/360/191 818/391/191 816/359/191
s 298
f 815/360/136 817/390/136 819/392/136
s 297
f 815/360/191 820/393/191 818/391/191
s 299
f 820/393/131 821/391/131 818/391/131
f 820/393/131 822/393/131 821/391/131
s 300
f 822/393/192 823/390/192 821/391/192
f 822/393/192 824/392/192 823/390/192
s 301
f 825/391/126 826/394/126 827/361/126
f 825/391/126 828/394/126 826/394/126
f 825/391/126 827/361/126 829/359/126
f 825/391/126 830/391/126 828/394/126
f 830/391/126 831/395/126 828/394/126
f 830/391/126 832/390/126 831/395/126
s 302
f 833/360/140 834/390/140 835/359/140
f 833/360/140 836/392/140 834/390/140
s 303
f 833/360/193 835/359/193 837/391/193
s 304
f 833/360/193 837/391/193 838/393/193
s 305
f 837/391/129 839/391/129 838/393/129
s 306
f 839/391/129 840/393/129 838/393/129
s 307
f 839/391/194 841/390/194 840/393/194
s 308
f 841/390/194 842/392/194 840/393/194
s 309
f 843/391/126 844/359/126 845/361/126
f 843/391/126 845/361/126 846/394/126
f 843/391/126 846/394/126 847/394/126
f 843/391/126 847/394/126 848/391/126
f 847/394/126 849/395/126 848/391/126
f 849/395/126 850/390/126 848/391/126
s 310
f 851/396/195 852/397/195 853/397/195
f 851/396/195 854/397/195 852/397/195
f 851/396/195 853/397/195 855/396/195
f 851/396/195 856/396/195 854/397/195
f 853/397/195 857/397/195 855/396/195
f 856/396/195 858/397/195 854/397/195
f 857/397/195 859/396/195 855/396/195
f 857/397/195 860/397/195 859/396/195
s 311
f 861/398/196 862/399/196 863/398/196
f 861/398/196 864/399/196 862/399/196
f 861/398/196 865/400/196 864/399/196
f 861/398/196 866/401/196 865/400/196
f 863/398/196 862/399/196 867/400/196
f 863/398/196 867/400/196 868/401/196
s 312
f 869/396/197 870/397/197 871/397/197
f 869/396/197 872/396/197 870/397/197
f 869/396/197 871/397/197 873/397/197
f 869/396/197 873/397/197 874/396/197
f 872/396/197 875/397/197 870/397/197
f 872/396/197 876/396/197 875/397/197
f 873/397/197 877/397/197 874/396/197
f 876/396/197 878/397/197 875/397/197
s 313
f 879/398/198 880/398/198 881/399/198
f 879/398/198 881/399/198 882/399/198
f 879/398/198 882/399/198 883/400/198
f 879/398/198 883/400/198 884/401/198
f 880/398/198 885/400/198 881/399/198
f 880/398/198 886/401/198 885/400/198
s 314
f 887/402/127 888/403/127 889/404/127
s 315
f 887/402/127 890/405/127 888/403/127
s 316
f 887/402/126 891/406/126 890/405/126
f 887/402/126 892/407/126 891/406/126
s 317
f 889/404/26 888/403/26 893/408/26
s 318
f 889/404/26 893/408/26 894/409/26
s 319
f 891/406/126 895/402/126 896/405/126
s 320
f 891/406/126 897/407/126 895/402/126
s 321
f 896/405/199 895/402/199 898/404/199
s 322
f 896/405/199 898/404/199 899/403/199
s 323
f 898/404/131 900/409/131 899/403/131
s 324
f 900/409/131 901/408/131 899/403/131
s 325
f 902/410/200 903/411/200 904/412/200
f 902/410/200 904/412/200 905/413/200
f 902/410/200 905/413/200 906/412/200
f 902/410/200 906/412/200 907/411/200
s 326
f 908/414/126 909/414/126 910/415/126
f 908/414/126 910/415/126 911/415/126
f 908/414/126 911/415/126 912/415/126
f 908/414/126 912/415/126 913/414/126
s 327
f 914/402/200 915/404/200 916/403/200
f 914/402/200 916/403/200 917/405/200
s 328
f 914/402/126 917/405/126 918/406/126
s 329
f 914/402/126 918/406/126 919/407/126
s 330
f 918/406/126 920/405/126 921/402/126
f 918/406/126 921/402/126 922/407/126
s 331
f 920/405/199 923/404/199 921/402/199
f 920/405/199 924/403/199 923/404/199
s 332
f 924/403/131 925/409/131 923/404/131
f 924/403/131 926/408/131 925/409/131
s 333
f 927/402/127 928/404/127 929/403/127
f 927/402/127 929/403/127 930/405/127
s 334
f 927/402/126 930/405/126 931/406/126
s 335
f 927/402/126 931/406/126 932/407/126
s 336
f 928/404/26 933/408/26 929/403/26
f 928/404/26 934/409/26 933/408/26
s 337
f 931/406/126 935/405/126 936/402/126
f 931/406/126 936/402/126 937/407/126
s 338
f 935/405/201 938/404/201 936/402/201
f 935/405/201 939/403/201 938/404/201
s 339
f 939/403/129 940/409/129 938/404/129
f 939/403/129 941/408/129 940/409/129
s 340
f 942/402/200 943/403/200 944/404/200
s 341
f 942/402/200 945/405/200 943/403/200
s 342
f 942/402/126 946/406/126 945/405/126
f 942/402/126 947/407/126 946/406/126
s 343
f 946/406/126 948/402/126 949/405/126
s 344
f 946/406/126 950/407/126 948/402/126
s 345
f 949/405/201 948/402/201 951/404/201
s 346
f 949/405/201 951/404/201 952/403/201
s 347
f 951/404/129 953/409/129 952/403/129
s 348
f 953/409/129 954/408/129 952/403/129
s 349
f 955/416/126 956/364/126 957/366/126
f 955/416/126 958/365/126 956/364/126
f 955/416/126 959/369/126 958/365/126
f 955/416/126 960/417/126 959/369/126
f 960/417/126 961/367/126 959/369/126
f 960/417/126 962/368/126 961/367/126
s 350
f 963/417/202 964/367/202 965/368/202
f 963/417/202 966/369/202 964/367/202
f 963/417/202 967/365/202 966/369/202
f 963/417/202 968/416/202 967/365/202
f 968/416/202 969/364/202 967/365/202
f 968/416/202 970/366/202 969/364/202
s 351
f 971/416/126 972/366/126 973/364/126
f 971/416/126 973/364/126 974/365/126
f 971/416/126 974/365/126 975/369/126
f 971/416/126 975/369/126 976/417/126
f 975/369/126 977/367/126 976/417/126
f 977/367/126 978/368/126 976/417/126
s 352
f 979/417/202 980/368/202 981/367/202
f 979/417/202 981/367/202 982/369/202
f 979/417/202 982/369/202 983/365/202
f 979/417/202 983/365/202 984/416/202
f 983/365/202 985/364/202 984/416/202
f 985/364/202 986/366/202 984/416/202
s 353
f 987/294/26 988/295/26 989/298/26
s 354
f 987/294/203 990/297/203 988/295/203
f 987/294/203 991/299/203 990/297/203
s 353
f 989/298/26 988/295/26 992/296/26
s 355
f 989/298/204 992/296/204 993/294/204
f 992/296/204 994/295/204 993/294/204
s 356
f 995/294/26 996/295/26 997/298/26
s 357
f 995/294/203 998/297/203 996/295/203
f 995/294/203 999/299/203 998/297/203
s 356
f 997/298/26 996/295/26 1000/296/26
s 358
f 997/298/204 1000/296/204 1001/294/204
f 1000/296/204 1002/295/204 1001/294/204
s 359
f 1003/294/26 1004/298/26 1005/295/26
s 360
f 1003/294/205 1005/295/205 1006/297/205
s 361
f 1003/294/205 1006/297/205 1007/299/205
s 362
f 1004/298/26 1008/296/26 1005/295/26
s 363
f 1004/298/206 1009/294/206 1008/296/206
s 364
f 1009/294/206 1010/295/206 1008/296/206
s 365
f 1011/294/26 1012/298/26 1013/295/26
s 366
f 1011/294/205 1013/295/205 1014/297/205
s 367
f 1011/294/205 1014/297/205 1015/299/205
s 368
f 1012/298/26 1016/296/26 1013/295/26
s 369
f 1012/298/206 1017/294/206 1016/296/206
s 370
f 1017/294/206 1018/295/206 1016/296/206
s 371
f 1019/418/26 1020/418/26 1021/418/26
s 372
f 1019/418/202 1022/418/202 1020/418/202
f 1019/418/202 1023/418/202 1022/418/202
s 371
f 1021/418/26 1020/418/26 1024/418/26
s 373
f 1025/379/136 1026/377/136 1027/378/136
f 1025/379/136 1027/378/136 1028/376/136
f 1025/379/136 1028/376/136 1029/380/136
f 1028/376/136 1030/381/136 1029/380/136
f 1030/381/136 1031/382/136 1029/380/136
f 1030/381/136 1032/383/136 1031/382/136
s 374
f 1033/380/139 1034/382/139 1035/383/139
f 1033/380/139 1035/383/139 1036/381/139
f 1033/380/139 1036/381/139 1037/379/139
f 1036/381/139 1038/376/139 1037/379/139
f 1038/376/139 1039/377/139 1037/379/139
f 1038/376/139 1040/378/139 1039/377/139
s 375
f 1041/380/140 1042/382/140 1043/383/140
f 1041/380/140 1043/383/140 1044/381/140
f 1041/380/140 1044/381/140 1045/379/140
f 1044/381/140 1046/376/140 1045/379/140
f 1046/376/140 1047/377/140 1045/379/140
f 1046/376/140 1048/378/140 1047/377/140
s 376
f 1049/343/26 1050/355/26 1051/347/26
f 1049/343/26 1052/354/26 1050/355/26
f 1049/343/26 1053/341/26 1052/354/26
f 1053/341/26 1054/351/26 1052/354/26
f 1053/341/26 1055/339/26 1054/351/26
f 1055/339/26 1056/352/26 1054/351/26
s 377
f 1057/341/26 1058/352/26 1059/339/26
f 1057/341/26 1060/351/26 1058/352/26
f 1057/341/26 1061/343/26 1060/351/26
f 1061/343/26 1062/354/26 1060/351/26
f 1061/343/26 1063/347/26 1062/354/26
f 1063/347/26 1064/355/26 1062/354/26
s 378
f 1065/349/26 1066/344/26 1067/353/26
f 1065/349/26 1068/338/26 1066/344/26
f 1065/349/26 1069/350/26 1068/338/26
f 1067/353/26 1066/344/26 1070/348/26
f 1069/350/26 1071/340/26 1068/338/26
f 1069/350/26 1072/346/26 1071/340/26
s 379
f 1073/386/131 1074/378/131 1075/387/131
f 1073/386/131 1076/376/131 1074/378/131
f 1073/386/131 1077/384/131 1076/376/131
f 1077/384/131 1078/381/131 1076/376/131
f 1077/384/131 1079/385/131 1078/381/131
f 1079/385/131 1080/383/131 1078/381/131
s 380
f 1081/386/129 1082/387/129 1083/376/129
f 1081/386/129 1083/376/129 1084/381/129
f 1081/386/129 1084/381/129 1085/384/129
f 1082/387/129 1086/378/129 1083/376/129
f 1084/381/129 1087/383/129 1085/384/129
f 1087/383/129 1088/385/129 1085/384/129
s 381
f 1089/386/131 1090/384/131 1091/376/131
f 1089/386/131 1091/376/131 1092/378/131
f 1089/386/131 1092/378/131 1093/387/131
f 1090/384/131 1094/381/131 1091/376/131
f 1090/384/131 1095/385/131 1094/381/131
f 1095/385/131 1096/383/131 1094/381/131
s 382
f 1097/384/129 1098/386/129 1099/381/129
f 1097/384/129 1099/381/129 1100/383/129
f 1097/384/129 1100/383/129 1101/385/129
f 1098/386/129 1102/376/129 1099/381/129
f 1098/386/129 1103/387/129 1102/376/129
f 1103/387/129 1104/378/129 1102/376/129
s 383
f 1105/419/126 1106/420/126 1107/412/126
s 384
f 1105/419/199 1107/412/199 1108/411/199
s 385
f 1105/419/199 1108/411/199 1109/421/199
s 386
f 1106/420/126 1110/422/126 1107/412/126
s 387
f 1108/411/131 1111/423/131 1109/421/131
s 388
f 1111/423/131 1112/424/131 1109/421/131
s 389
f 1113/419/126 1114/412/126 1115/420/126
s 390
f 1113/419/201 1116/411/201 1114/412/201
f 1113/419/201 1117/421/201 1116/411/201
s 389
f 1115/420/126 1114/412/126 1118/422/126
s 391
f 1117/421/129 1119/423/129 1116/411/129
f 1117/421/129 1120/424/129 1119/423/129
s 392
f 1121/425/126 1122/426/126 1123/427/126
s 393
f 1121/425/207 1123/427/207 1124/428/207
s 394
f 1121/425/207 1124/428/207 1125/429/207
s 395
f 1124/428/135 1126/430/135 1125/429/135
s 396
f 1126/430/135 1127/431/135 1125/429/135
s 397
f 1128/425/126 1129/427/126 1130/426/126
s 398
f 1128/425/208 1131/428/208 1129/427/208
f 1128/425/208 1132/429/208 1131/428/208
s 399
f 1132/429/136 1133/430/136 1131/428/136
f 1132/429/136 1134/431/136 1133/430/136
s 400
f 1135/425/126 1136/427/126 1137/426/126
s 401
f 1135/425/209 1138/428/209 1136/427/209
f 1135/425/209 1139/429/209 1138/428/209
s 402
f 1139/429/139 1140/430/139 1138/428/139
f 1139/429/139 1141/431/139 1140/430/139
s 403
f 1142/425/126 1143/426/126 1144/427/126
s 404
f 1142/425/210 1144/427/210 1145/428/210
s 405
f 1142/425/210 1145/428/210 1146/429/210
s 406
f 1145/428/140 1147/430/140 1146/429/140
s 407
f 1147/430/140 1148/431/140 1146/429/140
s 408
f 1149/432/202 1150/433/202 1151/434/202
f 1149/432/202 1151/434/202 1152/435/202
f 1149/432/202 1152/435/202 1153/436/202
f 1150/433/202 1154/437/202 1151/434/202
s 409
f 1155/438/202 1156/439/202 1157/440/202
f 1155/438/202 1157/440/202 1158/441/202
f 1155/438/202 1158/441/202 1159/442/202
f 1156/439/202 1160/443/202 1157/440/202
s 410
f 1161/311/124 1162/312/124 1163/309/124
f 1161/311/124 1164/313/124 1162/312/124
s 411
f 1165/312/125 1166/311/125 1167/309/125
f 1165/312/125 1168/313/125 1166/311/125
s 412
f 1169/335/211 1170/337/211 1171/334/211
f 1169/335/211 1172/336/211 1170/337/211
s 413
f 1173/334/131 1174/336/131 1175/335/131
f 1173/334/131 1176/337/131 1174/336/131
s 414
f 1177/444/126 1178/445/126 1179/446/126
f 1177/444/126 1180/447/126 1178/445/126
s 415
f 1181/448/129 1182/449/129 1183/450/129
f 1181/448/129 1184/451/129 1182/449/129
s 416
f 1185/452/126 1186/453/126 1187/454/126
f 1185/452/126 1188/455/126 1186/453/126
s 417
f 1189/448/131 1190/449/131 1191/451/131
f 1189/448/131 1192/450/131 1190/449/131
s 418
f 1193/456/126 1194/457/126 1195/458/126
f 1193/456/126 1196/459/126 1194/457/126
s 419
f 1197/457/126 1198/456/126 1199/458/126
f 1197/457/126 1200/459/126 1198/456/126
s 420
f 1201/458/126 1202/459/126 1203/457/126
f 1201/458/126 1204/456/126 1202/459/126
s 421
f 1205/456/126 1206/457/126 1207/458/126
f 1205/456/126 1208/459/126 1206/457/126
s 422
f 1209/459/126 1210/458/126 1211/457/126
f 1209/459/126 1212/456/126 1210/458/126
s 423
f 1213/457/126 1214/456/126 1215/458/126
f 1213/457/126 1216/459/126 1214/456/126
s 424
f 1217/388/126 1218/377/126 1219/389/126
f 1217/388/126 1220/378/126 1218/377/126
s 425
f 1221/389/126 1222/378/126 1223/388/126
f 1221/389/126 1224/377/126 1222/378/126
s 426
f 1225/389/126 1226/378/126 1227/388/126
f 1225/389/126 1228/377/126 1226/378/126
s 427
f 1229/388/126 1230/377/126 1231/389/126
f 1229/388/126 1232/378/126 1230/377/126
s 428
f 1233/460/26 1234/461/26 1235/462/26
f 1233/460/26 1236/463/26 1234/461/26
s 429
f 1237/460/135 1238/461/135 1239/462/135
f 1237/460/135 1240/463/135 1238/461/135
s 430
f 1241/460/26 1242/461/26 1243/462/26
f 1241/460/26 1244/463/26 1242/461/26
s 431
f 1245/460/139 1246/461/139 1247/462/139
f 1245/460/139 1248/463/139 1246/461/139
s 432
f 1249/460/132 1250/461/132 1251/462/132
f 1249/460/132 1252/463/132 1250/461/132
s 433
f 1253/460/136 1254/461/136 1255/462/136
f 1253/460/136 1256/463/136 1254/461/136
s 434
f 1257/460/128 1258/461/128 1259/462/128
f 1257/460/128 1260/463/128 1258/461/128
s 435
f 1261/460/140 1262/461/140 1263/462/140
f 1261/460/140 1264/463/140 1262/461/140
s 436
f 1265/460/133 1266/461/133 1267/462/133
f 1265/460/133 1268/463/133 1266/461/133
s 437
f 1269/460/129 1270/461/129 1271/462/129
f 1269/460/129 1272/463/129 1270/461/129
s 438
f 1273/460/131 1274/461/131 1275/462/131
f 1273/460/131 1276/463/131 1274/461/131
s 439
f 1277/460/130 1278/461/130 1279/462/130
f 1277/460/130 1280/463/130 1278/461/130
s 440
f 1281/360/135 1282/390/135 1283/359/135
f 1281/360/135 1284/392/135 1282/390/135
s 441
f 1285/390/139 1286/360/139 1287/359/139
f 1285/390/139 1288/392/139 1286/360/139
s 442
f 1289/464/212 1290/401/212 1291/400/212
f 1289/464/212 1292/465/212 1290/401/212
s 443
f 1293/464/212 1294/401/212 1295/465/212
f 1293/464/212 1296/400/212 1294/401/212
s 444
f 1297/464/213 1298/401/213 1299/465/213
f 1297/464/213 1300/400/213 1298/401/213
s 445
f 1301/464/213 1302/401/213 1303/400/213
f 1301/464/213 1304/465/213 1302/401/213
s 446
f 1305/432/202 1306/435/202 1307/436/202
f 1305/432/202 1308/434/202 1306/435/202
s 447
f 1309/365/131 1310/369/131 1311/365/131
f 1309/365/131 1312/369/131 1310/369/131
s 448
f 1313/365/131 1314/369/131 1315/369/131
f 1313/365/131 1316/365/131 1314/369/131
s 449
f 1317/365/131 1318/369/131 1319/369/131
f 1317/365/131 1320/365/131 1318/369/131
s 450
f 1321/365/131 1322/369/131 1323/369/131
f 1321/365/131 1324/365/131 1322/369/131
s 451
f 1325/369/129 1326/365/129 1327/365/129
f 1325/369/129 1328/369/129 1326/365/129
s 452
f 1329/369/129 1330/365/129 1331/369/129
f 1329/369/129 1332/365/129 1330/365/129
s 453
f 1333/369/129 1334/365/129 1335/369/129
f 1333/369/129 1336/365/129 1334/365/129
s 454
f 1337/369/129 1338/365/129 1339/369/129
f 1337/369/129 1340/365/129 1338/365/129
s 455
g pokecenter_3_pc_mado
usemtl pc_mado
f 1341/466/26 1342/467/26 1343/468/26
f 1341/466/26 1344/469/26 1342/467/26
f 1341/466/26 1345/470/26 1344/469/26
f 1341/466/26 1346/471/26 1345/470/26
f 1341/466/26 1347/472/26 1346/471/26
f 1341/466/26 1348/473/26 1347/472/26
f 1341/466/26 1349/474/26 1348/473/26
f 1341/466/26 1350/475/26 1349/474/26
s 456
f 1351/476/214 1352/468/214 1353/466/214
s 457
f 1351/476/214 1354/467/214 1352/468/214
s 458
f 1351/476/215 1355/471/215 1354/467/215
s 459
f 1355/471/215 1356/477/215 1354/467/215
s 460
f 1357/476/216 1358/468/216 1359/466/216
s 461
f 1357/476/216 1360/467/216 1358/468/216
s 462
f 1357/476/217 1361/471/217 1360/467/217
s 463
f 1361/471/217 1362/477/217 1360/467/217
s 464
f 1363/476/214 1364/468/214 1365/466/214
s 465
f 1363/476/214 1366/467/214 1364/468/214
s 466
f 1363/476/215 1367/471/215 1366/467/215
s 467
f 1367/471/215 1368/477/215 1366/467/215
s 468
f 1369/476/216 1370/468/216 1371/466/216
s 469
f 1369/476/216 1372/467/216 1370/468/216
s 470
f 1369/476/217 1373/471/217 1372/467/217
s 471
f 1373/471/217 1374/477/217 1372/467/217
s 472
f 1375/478/134 1376/479/134 1377/480/134
s 473
f 1375/478/134 1378/481/134 1376/479/134
s 474
f 1375/478/131 1379/482/131 1378/481/131
s 475
f 1379/482/131 1380/483/131 1378/481/131
s 476
f 1379/482/137 1381/484/137 1380/483/137
s 477
f 1381/484/137 1382/485/137 1380/483/137
s 478
f 1383/482/141 1384/485/141 1385/484/141
s 479
f 1383/482/141 1386/483/141 1384/485/141
s 480
f 1383/482/129 1387/478/129 1386/483/129
s 481
f 1387/478/129 1388/481/129 1386/483/129
s 482
f 1387/478/138 1389/480/138 1388/481/138
s 483
f 1389/480/138 1390/479/138 1388/481/138
s 484
f 1391/486/137 1392/487/137 1393/488/137
s 485
f 1391/486/137 1394/489/137 1392/487/137
s 486
f 1391/486/131 1395/490/131 1394/489/131
s 487
f 1395/490/131 1396/491/131 1394/489/131
s 488
f 1395/490/134 1397/492/134 1396/491/134
s 489
f 1397/492/134 1398/493/134 1396/491/134
s 490
f 1399/490/129 1400/486/129 1401/491/129
s 491
f 1399/490/138 1401/491/138 1402/493/138
s 492
f 1399/490/138 1402/493/138 1403/492/138
s 493
f 1400/486/129 1404/489/129 1401/491/129
s 494
f 1400/486/141 1405/488/141 1404/489/141
s 495
f 1405/488/141 1406/487/141 1404/489/141
s 496
f 1407/494/134 1408/495/134 1409/496/134
s 497
f 1407/494/134 1410/497/134 1408/495/134
s 498
f 1407/494/131 1411/498/131 1410/497/131
s 499
f 1411/498/131 1412/499/131 1410/497/131
s 500
f 1411/498/137 1413/500/137 1412/499/137
s 501
f 1413/500/137 1414/501/137 1412/499/137
s 502
f 1415/498/141 1416/501/141 1417/500/141
s 503
f 1415/498/141 1418/499/141 1416/501/141
s 504
f 1415/498/129 1419/494/129 1418/499/129
s 505
f 1419/494/129 1420/497/129 1418/499/129
s 506
f 1419/494/138 1421/496/138 1420/497/138
s 507
f 1421/496/138 1422/495/138 1420/497/138
