# Blender 5.0.1
# www.blender.org
mtllib pokebola.mtl
o PokeBall
v -0.075863 0.243021 -0.963762
v -0.165147 0.206023 -0.961214
v -0.202680 0.175209 -0.960143
v -0.270465 0.048340 -0.958209
v -0.275224 0.000000 -0.958073
v -0.256370 -0.094822 -0.958611
v -0.122326 -0.228921 -0.962436
v -0.075863 -0.243021 -0.963762
v -0.027543 -0.247782 -0.965141
v 0.020778 -0.243021 -0.966520
v 0.110062 -0.206023 -0.969068
v 0.201285 -0.094822 -0.971671
v 0.215379 -0.048339 -0.972073
v 0.220139 0.000000 -0.972209
v 0.201285 0.094823 -0.971671
v 0.110061 0.206024 -0.969068
v 0.067240 0.228921 -0.967846
v -0.122326 0.228921 -0.962436
v -0.233482 0.137661 -0.959264
v -0.256370 0.094822 -0.958611
v -0.270465 -0.048340 -0.958209
v -0.233482 -0.137660 -0.959264
v -0.202680 -0.175208 -0.960143
v -0.165147 -0.206023 -0.961214
v 0.067241 -0.228920 -0.967846
v 0.147594 -0.175208 -0.970139
v 0.178397 -0.137660 -0.971018
v 0.215379 0.048340 -0.972073
v 0.178397 0.137661 -0.971018
v 0.147594 0.175209 -0.970139
v 0.020777 0.243021 -0.966520
v -0.027543 0.247782 -0.965141
v -0.167702 0.206023 -1.050748
v -0.161525 0.196276 -1.062596
v -0.166031 0.203168 -1.059049
v -0.197281 0.166919 -1.061576
v -0.205235 0.175209 -1.049677
v -0.203043 0.172781 -1.057993
v -0.261859 -0.046053 -1.059733
v -0.273020 -0.048340 -1.047743
v -0.269889 -0.047670 -1.056085
v -0.226627 -0.131147 -1.060738
v -0.236037 -0.137660 -1.048798
v -0.233419 -0.135752 -1.057126
v -0.167702 -0.206023 -1.050748
v -0.161524 -0.196276 -1.062596
v -0.166031 -0.203168 -1.059049
v -0.120730 -0.218090 -1.063760
v -0.124881 -0.228921 -1.051970
v -0.123803 -0.225748 -1.060254
v -0.076465 -0.231523 -1.065024
v -0.078418 -0.243021 -1.053296
v -0.077984 -0.239653 -1.061562
v 0.018223 -0.243021 -1.056054
v 0.015604 -0.231523 -1.067651
v 0.017318 -0.239653 -1.064281
v 0.059869 -0.218090 -1.068914
v 0.064686 -0.228921 -1.057380
v 0.063137 -0.225748 -1.065589
v 0.165765 -0.131147 -1.071936
v 0.175842 -0.137660 -1.060552
v 0.172753 -0.135752 -1.068717
v 0.217583 0.000000 -1.061743
v 0.205532 0.000000 -1.073071
v 0.213916 0.000000 -1.069892
v 0.200998 0.046053 -1.072942
v 0.212824 0.048340 -1.061608
v 0.209223 0.047670 -1.069758
v 0.187571 0.090336 -1.072558
v 0.198730 0.094823 -1.061205
v 0.195323 0.093509 -1.069361
v 0.165765 0.131148 -1.071936
v 0.175841 0.137661 -1.060552
v 0.172752 0.135753 -1.068717
v 0.136420 0.166919 -1.071099
v 0.145039 0.175209 -1.059673
v 0.142377 0.172781 -1.067850
v 0.100663 0.196276 -1.070078
v 0.107506 0.206024 -1.058602
v 0.105364 0.203169 -1.066794
v 0.015603 0.231523 -1.067651
v 0.018222 0.243021 -1.056054
v 0.017317 0.239654 -1.064281
v -0.030431 0.236059 -1.066337
v -0.030098 0.247782 -1.054675
v -0.030333 0.244349 -1.062922
v -0.078418 0.243021 -1.053296
v -0.076465 0.231523 -1.065024
v -0.077984 0.239654 -1.061562
v -0.120730 0.218090 -1.063760
v -0.124881 0.228921 -1.051970
v -0.123803 0.225749 -1.060254
v -0.226627 0.131147 -1.060738
v -0.236037 0.137661 -1.048798
v -0.233419 0.135753 -1.057126
v -0.258925 0.094822 -1.048145
v -0.248432 0.090336 -1.060116
v -0.255990 0.093508 -1.056482
v -0.273020 0.048340 -1.047743
v -0.261859 0.046053 -1.059733
v -0.269889 0.047670 -1.056085
v -0.266393 0.000000 -1.059603
v -0.277779 0.000000 -1.047607
v -0.274582 0.000000 -1.055951
v -0.248432 -0.090336 -1.060116
v -0.258925 -0.094822 -1.048145
v -0.255990 -0.093508 -1.056482
v -0.197282 -0.166919 -1.061576
v -0.205235 -0.175208 -1.049677
v -0.203043 -0.172780 -1.057993
v -0.030430 -0.236059 -1.066337
v -0.030098 -0.247782 -1.054675
v -0.030333 -0.244348 -1.062922
v 0.107507 -0.206023 -1.058602
v 0.100663 -0.196276 -1.070078
v 0.105364 -0.203168 -1.066794
v 0.136420 -0.166919 -1.071099
v 0.145039 -0.175208 -1.059673
v 0.142377 -0.172780 -1.067850
v 0.198730 -0.094822 -1.061205
v 0.187571 -0.090335 -1.072558
v 0.195324 -0.093508 -1.069361
v 0.200998 -0.046052 -1.072942
v 0.212824 -0.048339 -1.061608
v 0.209223 -0.047670 -1.069758
v 0.059868 0.218090 -1.068914
v 0.064685 0.228921 -1.057380
v 0.063137 0.225749 -1.065589
v -0.054679 0.122217 -1.063802
v -0.099580 0.103611 -1.062521
v -0.118456 0.088114 -1.061982
v -0.152545 0.024311 -1.061009
v -0.154939 0.000000 -1.060941
v -0.145457 -0.047686 -1.061211
v -0.078045 -0.115126 -1.063135
v -0.054679 -0.122217 -1.063802
v -0.030378 -0.124611 -1.064495
v -0.006077 -0.122217 -1.065189
v 0.038824 -0.103610 -1.066470
v 0.084701 -0.047686 -1.067780
v 0.091789 -0.024310 -1.067982
v 0.094183 0.000000 -1.068050
v 0.084701 0.047687 -1.067780
v 0.038824 0.103611 -1.066470
v 0.017289 0.115126 -1.065856
v -0.078045 0.115126 -1.063135
v -0.133947 0.069231 -1.061540
v -0.145457 0.047687 -1.061211
v -0.152545 -0.024310 -1.061009
v -0.133947 -0.069230 -1.061540
v -0.118456 -0.088113 -1.061982
v -0.099580 -0.103610 -1.062521
v 0.017289 -0.115126 -1.065856
v 0.057700 -0.088113 -1.067009
v 0.073191 -0.069230 -1.067451
v 0.091789 0.024311 -1.067982
v 0.073190 0.069231 -1.067451
v 0.057700 0.088114 -1.067009
v -0.006078 0.122217 -1.065189
v -0.030378 0.124612 -1.064496
v -0.100865 0.103611 -1.107548
v -0.097759 0.098709 -1.113506
v -0.100025 0.102175 -1.111723
v -0.115741 0.083945 -1.112993
v -0.119741 0.088114 -1.107010
v -0.118639 0.086893 -1.111192
v -0.148218 -0.023160 -1.112066
v -0.153830 -0.024310 -1.106037
v -0.152256 -0.023973 -1.110232
v -0.130499 -0.065955 -1.112572
v -0.135232 -0.069230 -1.106568
v -0.133915 -0.068271 -1.110756
v -0.100865 -0.103610 -1.107548
v -0.097758 -0.098708 -1.113506
v -0.100025 -0.102175 -1.111723
v -0.077242 -0.109679 -1.114092
v -0.079330 -0.115126 -1.108163
v -0.078788 -0.113530 -1.112329
v -0.054981 -0.116435 -1.114727
v -0.055964 -0.122217 -1.108830
v -0.055745 -0.120523 -1.112986
v -0.007362 -0.122217 -1.110216
v -0.008679 -0.116435 -1.116048
v -0.007817 -0.120523 -1.114354
v 0.013582 -0.109679 -1.116684
v 0.016004 -0.115126 -1.110883
v 0.015225 -0.113530 -1.115012
v 0.066838 -0.065955 -1.118204
v 0.071906 -0.069230 -1.112479
v 0.070352 -0.068271 -1.116585
v 0.092898 0.000000 -1.113078
v 0.086837 0.000000 -1.118774
v 0.091053 0.000000 -1.117176
v 0.084557 0.023161 -1.118709
v 0.090504 0.024311 -1.113009
v 0.088693 0.023974 -1.117108
v 0.077804 0.045431 -1.118516
v 0.083416 0.047687 -1.112807
v 0.081703 0.047026 -1.116909
v 0.066838 0.065955 -1.118204
v 0.071905 0.069231 -1.112479
v 0.070352 0.068271 -1.116585
v 0.052080 0.083945 -1.117782
v 0.056415 0.088114 -1.112037
v 0.055076 0.086893 -1.116149
v 0.034098 0.098709 -1.117269
v 0.037539 0.103611 -1.111498
v 0.036462 0.102175 -1.115618
v -0.008680 0.116435 -1.116048
v -0.007363 0.122217 -1.110216
v -0.007818 0.120524 -1.114354
v -0.031830 0.118716 -1.115388
v -0.031663 0.124612 -1.109523
v -0.031781 0.122885 -1.113670
v -0.055964 0.122217 -1.108830
v -0.054981 0.116435 -1.114727
v -0.055745 0.120524 -1.112986
v -0.077242 0.109679 -1.114092
v -0.079330 0.115126 -1.108163
v -0.078788 0.113531 -1.112329
v -0.130499 0.065955 -1.112572
v -0.135232 0.069231 -1.106568
v -0.133915 0.068271 -1.110756
v -0.146742 0.047687 -1.106239
v -0.141465 0.045431 -1.112259
v -0.145266 0.047026 -1.110432
v -0.153830 0.024311 -1.106037
v -0.148218 0.023161 -1.112066
v -0.152256 0.023974 -1.110232
v -0.150498 0.000000 -1.112001
v -0.156224 0.000000 -1.105968
v -0.154616 0.000000 -1.110165
v -0.141465 -0.045430 -1.112259
v -0.146742 -0.047686 -1.106239
v -0.145266 -0.047026 -1.110432
v -0.115741 -0.083945 -1.112993
v -0.119741 -0.088113 -1.107010
v -0.118639 -0.086892 -1.111192
v -0.031830 -0.118716 -1.115388
v -0.031663 -0.124611 -1.109523
v -0.031781 -0.122884 -1.113670
v 0.037539 -0.103610 -1.111498
v 0.034098 -0.098708 -1.117269
v 0.036462 -0.102175 -1.115618
v 0.052080 -0.083944 -1.117782
v 0.056415 -0.088113 -1.112037
v 0.055076 -0.086892 -1.116149
v 0.083416 -0.047686 -1.112807
v 0.077804 -0.045430 -1.118516
v 0.081703 -0.047026 -1.116909
v 0.084557 -0.023160 -1.118709
v 0.090504 -0.024310 -1.113009
v 0.088693 -0.023973 -1.117108
v 0.013582 0.109679 -1.116684
v 0.016004 0.115126 -1.110883
v 0.015225 0.113531 -1.115012
v 0.029745 0.207414 1.042316
v -0.174172 0.207414 1.028091
v -0.177585 -0.000000 1.048233
v -0.174172 -0.207414 1.028091
v -0.371396 0.207414 0.974357
v -0.378672 -0.000000 0.993446
v -0.371396 -0.207414 0.974357
v -0.554348 0.207414 0.883179
v -0.565208 -0.000000 0.900482
v -0.554348 -0.207414 0.883179
v -0.715996 0.207414 0.758062
v -0.730023 -0.000000 0.772913
v -0.715996 -0.207414 0.758061
v -0.850129 0.207414 0.603812
v -0.866784 -0.000000 0.615641
v -0.850129 -0.207414 0.603812
v -0.951592 0.207414 0.426358
v -0.970234 0.000000 0.434711
v -0.951592 -0.207414 0.426358
v -1.016485 0.207414 0.232519
v -1.036400 0.000000 0.237074
v -1.016485 -0.207414 0.232519
v -1.042316 0.207414 0.029745
v -1.062736 0.000000 0.030327
v -1.042316 -0.207414 0.029745
v -1.028091 0.207414 -0.174173
v -1.048233 0.000000 -0.177585
v -1.028091 -0.207414 -0.174173
v -0.974357 0.207414 -0.371397
v -0.993446 0.000000 -0.378673
v -0.974357 -0.207414 -0.371397
v -0.883179 0.207414 -0.554348
v -0.900482 0.000000 -0.565208
v -0.883180 -0.207414 -0.554348
v -0.758061 0.207414 -0.715996
v -0.772913 0.000000 -0.730023
v -0.758062 -0.207414 -0.715997
v -0.603812 0.207414 -0.850129
v -0.615641 0.000000 -0.866784
v -0.603812 -0.207414 -0.850129
v -0.401620 0.406857 -0.896380
v -0.426358 0.207414 -0.951592
v -0.434711 0.000000 -0.970235
v -0.426358 -0.207414 -0.951592
v -0.401620 -0.406857 -0.896380
v -0.219028 0.406857 -0.957508
v -0.232519 0.207414 -1.016486
v -0.237075 0.000000 -1.036400
v -0.232519 -0.207414 -1.016486
v -0.219028 -0.406857 -0.957508
v -0.028019 0.406857 -0.981840
v -0.029745 0.207414 -1.042316
v -0.030328 0.000000 -1.062737
v -0.029745 -0.207414 -1.042317
v -0.028019 -0.406857 -0.981840
v 0.164067 0.406857 -0.968441
v 0.174172 0.207414 -1.028091
v 0.177584 0.000000 -1.048233
v 0.174172 -0.207414 -1.028092
v 0.164067 -0.406857 -0.968441
v 0.349848 0.406857 -0.917825
v 0.371396 0.207414 -0.974357
v 0.378672 0.000000 -0.993446
v 0.371396 -0.207414 -0.974358
v 0.349848 -0.406857 -0.917825
v 0.554348 0.207414 -0.883179
v 0.565208 0.000000 -0.900482
v 0.554348 -0.207414 -0.883180
v 0.715996 0.207414 -0.758062
v 0.730023 0.000000 -0.772913
v 0.715996 -0.207414 -0.758062
v 0.850128 0.207414 -0.603812
v 0.866783 0.000000 -0.615641
v 0.850129 -0.207414 -0.603812
v 0.951591 0.207414 -0.426358
v 0.970234 0.000000 -0.434711
v 0.951591 -0.207414 -0.426358
v 1.016485 0.207414 -0.232519
v 1.036399 0.000000 -0.237075
v 1.016485 -0.207414 -0.232520
v 1.042315 0.207414 -0.029745
v 1.062736 0.000000 -0.030328
v 1.042316 -0.207414 -0.029745
v 1.028090 0.207414 0.174172
v 1.048232 0.000000 0.177584
v 1.028091 -0.207414 0.174172
v 0.974357 0.207414 0.371396
v 0.993446 0.000000 0.378672
v 0.974357 -0.207414 0.371396
v 0.883179 0.207414 0.554347
v 0.900482 -0.000000 0.565207
v 0.883179 -0.207414 0.554347
v 0.758061 0.207414 0.715995
v 0.772912 -0.000000 0.730022
v 0.758061 -0.207414 0.715995
v 0.603811 0.207414 0.850128
v 0.615641 -0.000000 0.866783
v 0.603811 -0.207414 0.850128
v 0.426357 0.207414 0.951591
v 0.434710 -0.000000 0.970234
v 0.426358 -0.207414 0.951591
v 0.232519 0.207414 1.016484
v 0.237074 -0.000000 1.036399
v 0.232519 -0.207414 1.016485
v 0.030328 -0.000000 1.062735
v 0.029745 -0.207414 1.042315
v 0.006147 1.083366 0.215408
v 0.012058 1.020508 0.422537
v 0.017506 0.918433 0.613428
v 0.022281 0.781063 0.780746
v 0.026199 0.613677 0.918060
v 0.029111 0.422708 1.020094
v 0.030904 0.215495 1.082926
v 0.029111 -0.422708 1.020094
v 0.022281 -0.781064 0.780746
v 0.012058 -1.020509 0.422536
v 0.006147 -1.083366 0.215407
v -0.035995 1.083366 0.212468
v -0.070606 1.020508 0.416770
v -0.102505 0.918433 0.605057
v -0.130464 0.781063 0.770091
v -0.153409 0.613677 0.905531
v -0.170459 0.422708 1.006172
v -0.180958 0.215495 1.068147
v -0.180958 -0.215495 1.068147
v -0.170459 -0.422708 1.006172
v -0.153409 -0.613678 0.905531
v -0.130464 -0.781064 0.770091
v -0.102505 -0.918434 0.605056
v -0.070606 -1.020509 0.416770
v -0.035995 -1.083366 0.212467
v -0.076754 1.083366 0.201363
v -0.150558 1.020508 0.394988
v -0.218576 0.918433 0.573433
v -0.278194 0.781063 0.729842
v -0.327122 0.613677 0.858203
v -0.363478 0.422708 0.953584
v -0.385866 0.215495 1.012319
v -0.385866 -0.215495 1.012319
v -0.363478 -0.422708 0.953584
v -0.327122 -0.613678 0.858203
v -0.278194 -0.781064 0.729841
v -0.218576 -0.918434 0.573433
v -0.150558 -1.020509 0.394987
v -0.076754 -1.083366 0.201362
v -0.114563 1.083366 0.182520
v -0.224723 1.020509 0.358026
v -0.326247 0.918433 0.519773
v -0.415234 0.781063 0.661545
v -0.488263 0.613677 0.777895
v -0.542529 0.422708 0.864350
v -0.575946 0.215495 0.917589
v -0.575946 -0.215495 0.917589
v -0.542529 -0.422708 0.864350
v -0.488263 -0.613678 0.777894
v -0.415234 -0.781064 0.661545
v -0.326247 -0.918434 0.519772
v -0.224723 -1.020509 0.358025
v -0.114563 -1.083366 0.182519
v -0.147969 1.083366 0.156663
v -0.290252 1.020509 0.307305
v -0.421381 0.918433 0.446138
v -0.536316 0.781063 0.567825
v -0.630641 0.613677 0.667692
v -0.700731 0.422708 0.741900
v -0.743892 0.215495 0.787596
v -0.743892 -0.215495 0.787596
v -0.700731 -0.422708 0.741899
v -0.630641 -0.613678 0.667692
v -0.536316 -0.781064 0.567825
v -0.421381 -0.918434 0.446137
v -0.290252 -1.020509 0.307305
v -0.147969 -1.083366 0.156662
v -0.175690 1.083366 0.124785
v -0.344627 1.020509 0.244775
v -0.500322 0.918433 0.355358
v -0.636788 0.781063 0.452285
v -0.748784 0.613678 0.531831
v -0.832004 0.422708 0.590938
v -0.883251 0.215495 0.627337
v -0.883251 -0.215495 0.627337
v -0.832004 -0.422708 0.590938
v -0.748784 -0.613678 0.531830
v -0.636788 -0.781063 0.452284
v -0.500321 -0.918434 0.355358
v -0.344627 -1.020509 0.244774
v -0.175689 -1.083366 0.124785
v -0.196658 1.083366 0.088112
v -0.385759 1.020509 0.172838
v -0.560035 0.918433 0.250922
v -0.712789 0.781063 0.319363
v -0.838151 0.613678 0.375531
v -0.931304 0.422708 0.417268
v -0.988667 0.215495 0.442969
v -0.988667 -0.215495 0.442969
v -0.931304 -0.422708 0.417267
v -0.838151 -0.613678 0.375531
v -0.712789 -0.781063 0.319363
v -0.560035 -0.918434 0.250922
v -0.385759 -1.020509 0.172838
v -0.196658 -1.083366 0.088112
v -0.210069 1.083366 0.048053
v -0.412066 1.020509 0.094259
v -0.598226 0.918433 0.136843
v -0.761397 0.781063 0.174168
v -0.895309 0.613678 0.204800
v -0.994814 0.422708 0.227562
v -1.056089 0.215495 0.241578
v -1.056089 -0.215495 0.241578
v -0.994814 -0.422708 0.227561
v -0.895309 -0.613678 0.204800
v -0.761397 -0.781063 0.174168
v -0.598226 -0.918433 0.136843
v -0.412065 -1.020509 0.094259
v -0.210069 -1.083366 0.048052
v -0.215408 1.083366 0.006147
v -0.422537 1.020509 0.012058
v -0.613428 0.918433 0.017505
v -0.780746 0.781063 0.022280
v -0.918060 0.613678 0.026199
v -1.020094 0.422708 0.029111
v -1.082926 0.215495 0.030903
v -1.082926 -0.215495 0.030903
v -1.020094 -0.422708 0.029110
v -0.918060 -0.613678 0.026199
v -0.780746 -0.781063 0.022280
v -0.613428 -0.918433 0.017505
v -0.422537 -1.020509 0.012058
v -0.215407 -1.083366 0.006147
v -0.212468 1.083366 -0.035995
v -0.416770 1.020509 -0.070607
v -0.605057 0.918433 -0.102505
v -0.770091 0.781063 -0.130464
v -0.905531 0.613678 -0.153409
v -1.006172 0.422708 -0.170459
v -1.068147 0.215495 -0.180959
v -1.068147 -0.215495 -0.180959
v -1.006172 -0.422708 -0.170460
v -0.905531 -0.613678 -0.153409
v -0.770091 -0.781063 -0.130464
v -0.605057 -0.918433 -0.102505
v -0.416770 -1.020509 -0.070607
v -0.212468 -1.083366 -0.035995
v -0.201363 1.083366 -0.076754
v -0.394988 1.020509 -0.150558
v -0.573433 0.918433 -0.218576
v -0.729842 0.781063 -0.278194
v -0.858203 0.613678 -0.327122
v -0.953584 0.422709 -0.363478
v -1.012319 0.215495 -0.385867
v -1.012319 -0.215495 -0.385867
v -0.953584 -0.422708 -0.363479
v -0.858203 -0.613678 -0.327122
v -0.729842 -0.781063 -0.278195
v -0.573433 -0.918433 -0.218576
v -0.394988 -1.020509 -0.150558
v -0.201363 -1.083366 -0.076754
v -0.182520 1.083366 -0.114563
v -0.358026 1.020509 -0.224723
v -0.519773 0.918433 -0.326247
v -0.661545 0.781063 -0.415234
v -0.777895 0.613678 -0.488263
v -0.864350 0.422709 -0.542529
v -0.917589 0.215495 -0.575946
v -0.917589 -0.215495 -0.575946
v -0.864350 -0.422708 -0.542530
v -0.777895 -0.613678 -0.488264
v -0.661545 -0.781063 -0.415234
v -0.519773 -0.918433 -0.326248
v -0.358026 -1.020509 -0.224723
v -0.182520 -1.083366 -0.114563
v -0.156663 1.083366 -0.147970
v -0.307305 1.020509 -0.290253
v -0.446138 0.918433 -0.421381
v -0.567825 0.781064 -0.536316
v -0.667692 0.613678 -0.630641
v -0.741899 0.422709 -0.700731
v -0.787596 0.215495 -0.743892
v -0.787597 -0.215495 -0.743892
v -0.741899 -0.422708 -0.700731
v -0.667692 -0.613677 -0.630641
v -0.567825 -0.781063 -0.536317
v -0.446138 -0.918433 -0.421381
v -0.307305 -1.020509 -0.290253
v -0.156663 -1.083366 -0.147970
v -0.124785 1.083366 -0.175690
v -0.244775 1.020509 -0.344628
v -0.355358 0.918433 -0.500322
v -0.452285 0.781064 -0.636788
v -0.531831 0.613678 -0.748784
v -0.590938 0.422709 -0.832004
v -0.627337 0.215495 -0.883251
v -0.627337 -0.215495 -0.883251
v -0.590938 -0.422708 -0.832004
v -0.531831 -0.613677 -0.748784
v -0.452285 -0.781063 -0.636789
v -0.355358 -0.918433 -0.500322
v -0.244775 -1.020509 -0.344628
v -0.124785 -1.083366 -0.175690
v -0.088112 1.083366 -0.196658
v -0.172838 1.020509 -0.385759
v -0.250922 0.918433 -0.560035
v -0.319363 0.781064 -0.712789
v -0.375531 0.613678 -0.838151
v -0.417268 0.422709 -0.931304
v -0.442969 0.215495 -0.988667
v -0.442969 -0.215495 -0.988667
v -0.417268 -0.422708 -0.931304
v -0.375531 -0.613677 -0.838151
v -0.319363 -0.781063 -0.712789
v -0.250922 -0.918433 -0.560035
v -0.172838 -1.020509 -0.385759
v -0.088112 -1.083366 -0.196659
v -0.048053 1.083366 -0.210070
v -0.094259 1.020509 -0.412066
v -0.136843 0.918433 -0.598227
v -0.174168 0.781064 -0.761398
v -0.204800 0.613678 -0.895309
v -0.227562 0.422709 -0.994814
v -0.227562 -0.422708 -0.994814
v -0.204800 -0.613677 -0.895309
v -0.174168 -0.781063 -0.761398
v -0.136843 -0.918433 -0.598227
v -0.094259 -1.020509 -0.412066
v -0.048053 -1.083366 -0.210070
v -0.006147 1.083366 -0.215408
v -0.012058 1.020509 -0.422537
v -0.017506 0.918433 -0.613428
v -0.022280 0.781064 -0.780746
v -0.026199 0.613678 -0.918060
v -0.029111 0.422709 -1.020094
v -0.029111 -0.422708 -1.020094
v -0.026199 -0.613677 -0.918061
v -0.022280 -0.781063 -0.780747
v -0.017506 -0.918433 -0.613429
v -0.012058 -1.020509 -0.422537
v -0.006147 -1.083366 -0.215408
v 0.035995 1.083366 -0.212468
v 0.070606 1.020509 -0.416771
v 0.102505 0.918433 -0.605057
v 0.130464 0.781064 -0.770091
v 0.153409 0.613678 -0.905531
v 0.170459 0.422709 -1.006172
v 0.170459 -0.422708 -1.006172
v 0.153409 -0.613677 -0.905531
v 0.130464 -0.781063 -0.770091
v 0.102505 -0.918433 -0.605057
v 0.070606 -1.020509 -0.416771
v 0.035995 -1.083366 -0.212468
v 0.076754 1.083366 -0.201363
v 0.150558 1.020509 -0.394988
v 0.218576 0.918433 -0.573433
v 0.278194 0.781064 -0.729842
v 0.327121 0.613678 -0.858203
v 0.363478 0.422709 -0.953584
v 0.385866 0.215495 -1.012319
v 0.385866 -0.215495 -1.012320
v 0.363478 -0.422708 -0.953584
v 0.327121 -0.613677 -0.858203
v 0.278194 -0.781063 -0.729842
v 0.218576 -0.918433 -0.573433
v 0.150558 -1.020509 -0.394988
v 0.076754 -1.083366 -0.201363
v 0.114563 1.083366 -0.182520
v 0.224723 1.020509 -0.358026
v 0.326247 0.918433 -0.519773
v 0.415234 0.781064 -0.661545
v 0.488263 0.613678 -0.777895
v 0.542529 0.422709 -0.864350
v 0.575946 0.215495 -0.917589
v 0.575946 -0.215495 -0.917590
v 0.542529 -0.422708 -0.864350
v 0.488263 -0.613677 -0.777895
v 0.415234 -0.781063 -0.661545
v 0.326247 -0.918433 -0.519773
v 0.224723 -1.020509 -0.358026
v 0.114563 -1.083366 -0.182520
v 0.147969 1.083366 -0.156663
v 0.290252 1.020509 -0.307305
v 0.421381 0.918433 -0.446138
v 0.536316 0.781064 -0.567826
v 0.630641 0.613678 -0.667692
v 0.700730 0.422709 -0.741899
v 0.743892 0.215495 -0.787596
v 0.743892 -0.215495 -0.787597
v 0.700731 -0.422708 -0.741899
v 0.630641 -0.613677 -0.667692
v 0.536316 -0.781063 -0.567826
v 0.421381 -0.918433 -0.446138
v 0.290252 -1.020509 -0.307305
v 0.147969 -1.083366 -0.156663
v 0.175690 1.083366 -0.124785
v 0.344627 1.020509 -0.244775
v 0.500321 0.918433 -0.355358
v 0.636788 0.781063 -0.452285
v 0.748783 0.613678 -0.531831
v 0.832003 0.422709 -0.590938
v 0.883250 0.215495 -0.627337
v 0.883251 -0.215495 -0.627337
v 0.832003 -0.422708 -0.590938
v 0.748783 -0.613678 -0.531831
v 0.636788 -0.781063 -0.452285
v 0.500321 -0.918433 -0.355358
v 0.344627 -1.020509 -0.244775
v 0.175689 -1.083366 -0.124786
v 0.000000 1.104591 -0.000000
v 0.196658 1.083366 -0.088112
v 0.385759 1.020509 -0.172838
v 0.560034 0.918433 -0.250922
v 0.712789 0.781063 -0.319363
v 0.838151 0.613678 -0.375531
v 0.931303 0.422709 -0.417268
v 0.988666 0.215495 -0.442969
v 0.988666 -0.215495 -0.442970
v 0.931303 -0.422708 -0.417268
v 0.838151 -0.613678 -0.375532
v 0.712789 -0.781063 -0.319363
v 0.560034 -0.918433 -0.250922
v 0.385758 -1.020509 -0.172839
v 0.196658 -1.083366 -0.088112
v 0.210069 1.083366 -0.048053
v 0.412065 1.020509 -0.094259
v 0.598226 0.918433 -0.136843
v 0.761397 0.781063 -0.174168
v 0.895308 0.613678 -0.204801
v 0.994813 0.422708 -0.227562
v 1.056088 0.215495 -0.241579
v 1.056088 -0.215495 -0.241579
v 0.994813 -0.422708 -0.227562
v 0.895308 -0.613678 -0.204801
v 0.761397 -0.781063 -0.174169
v 0.598226 -0.918433 -0.136844
v 0.412065 -1.020509 -0.094260
v 0.210069 -1.083366 -0.048053
v 0.215407 1.083366 -0.006147
v 0.422537 1.020509 -0.012058
v 0.613428 0.918433 -0.017506
v 0.780746 0.781063 -0.022281
v 0.918060 0.613678 -0.026199
v 1.020093 0.422708 -0.029111
v 1.082925 0.215495 -0.030904
v 1.082926 -0.215495 -0.030904
v 1.020093 -0.422708 -0.029111
v 0.918060 -0.613678 -0.026200
v 0.780746 -0.781063 -0.022281
v 0.613428 -0.918433 -0.017506
v 0.422537 -1.020509 -0.012059
v 0.215407 -1.083366 -0.006148
v 0.212468 1.083366 0.035995
v 0.416770 1.020509 0.070606
v 0.605056 0.918433 0.102504
v 0.770091 0.781063 0.130463
v 0.905531 0.613678 0.153409
v 1.006171 0.422708 0.170459
v 1.068146 0.215495 0.180958
v 1.068146 -0.215495 0.180958
v 1.006171 -0.422708 0.170459
v 0.905531 -0.613678 0.153408
v 0.770091 -0.781063 0.130463
v 0.605056 -0.918433 0.102504
v 0.416770 -1.020509 0.070606
v 0.212467 -1.083366 0.035994
v 0.201363 1.083366 0.076754
v 0.394987 1.020509 0.150557
v 0.573433 0.918433 0.218575
v 0.729841 0.781063 0.278194
v 0.858202 0.613678 0.327121
v 0.953583 0.422708 0.363478
v 1.012318 0.215495 0.385866
v 1.012319 -0.215495 0.385866
v 0.953583 -0.422708 0.363478
v 0.858202 -0.613678 0.327121
v 0.729841 -0.781063 0.278194
v 0.573433 -0.918434 0.218575
v 0.394987 -1.020509 0.150557
v 0.201363 -1.083366 0.076753
v 0.182520 1.083366 0.114563
v 0.358026 1.020509 0.224723
v 0.519772 0.918433 0.326247
v 0.661545 0.781063 0.415233
v 0.777894 0.613678 0.488263
v 0.864349 0.422708 0.542528
v 0.917588 0.215495 0.575945
v 0.917589 -0.215495 0.575945
v 0.864349 -0.422708 0.542528
v 0.777894 -0.613678 0.488262
v 0.661545 -0.781063 0.415233
v 0.519772 -0.918434 0.326246
v 0.358025 -1.020509 0.224722
v 0.182520 -1.083366 0.114562
v -0.000000 -1.104591 -0.000001
v 0.156663 1.083366 0.147969
v 0.307305 1.020509 0.290252
v 0.446137 0.918433 0.421380
v 0.567825 0.781063 0.536316
v 0.667692 0.613677 0.630641
v 0.741899 0.422708 0.700730
v 0.787596 0.215495 0.743891
v 0.787596 -0.215495 0.743891
v 0.741899 -0.422708 0.700730
v 0.667692 -0.613678 0.630640
v 0.567825 -0.781064 0.536316
v 0.446137 -0.918434 0.421380
v 0.307305 -1.020509 0.290252
v 0.156663 -1.083366 0.147969
v 0.124785 1.083366 0.175689
v 0.244775 1.020509 0.344627
v 0.355358 0.918433 0.500321
v 0.452284 0.781063 0.636788
v 0.531830 0.613677 0.748783
v 0.590938 0.422708 0.832003
v 0.627336 0.215495 0.883250
v 0.627337 -0.215495 0.883250
v 0.590937 -0.422708 0.832003
v 0.531830 -0.613678 0.748783
v 0.452284 -0.781064 0.636788
v 0.355358 -0.918434 0.500320
v 0.244775 -1.020509 0.344627
v 0.124785 -1.083366 0.175689
v 0.088112 1.083366 0.196658
v 0.172838 1.020508 0.385758
v 0.250922 0.918433 0.560034
v 0.319363 0.781063 0.712788
v 0.375531 0.613677 0.838150
v 0.417267 0.422708 0.931302
v 0.442969 0.215495 0.988666
v 0.442969 -0.215495 0.988666
v 0.417267 -0.422708 0.931302
v 0.375531 -0.613678 0.838150
v 0.319363 -0.781064 0.712788
v 0.250922 -0.918434 0.560034
v 0.172838 -1.020509 0.385758
v 0.088112 -1.083366 0.196657
v 0.048053 1.083366 0.210069
v 0.094259 1.020508 0.412065
v 0.136843 0.918433 0.598226
v 0.174168 0.781063 0.761397
v 0.204800 0.613677 0.895308
v 0.227561 0.422708 0.994812
v 0.241578 0.215495 1.056088
v 0.241578 -0.215495 1.056088
v 0.227561 -0.422708 0.994812
v 0.204800 -0.613678 0.895308
v 0.174168 -0.781064 0.761397
v 0.136843 -0.918434 0.598225
v 0.094259 -1.020509 0.412065
v 0.048053 -1.083366 0.210068
v 0.030904 -0.215495 1.082925
v 0.026199 -0.613678 0.918059
v 0.017506 -0.918434 0.613427
v -0.182731 -0.107748 1.078610
v -0.581587 -0.107747 0.926577
v -0.751179 -0.107747 0.795311
v -0.891903 -0.107747 0.633482
v -0.998351 -0.107747 0.447308
v -1.093534 -0.107747 0.031206
v -1.022236 -0.107747 -0.389647
v -0.926577 -0.107747 -0.581588
v -0.795311 -0.107747 -0.751179
v -0.447308 -0.107747 -0.998352
v 0.389646 -0.107747 -1.022236
v 0.891902 -0.107747 -0.633482
v 1.093533 -0.107747 -0.031207
v 1.022235 -0.107747 0.389646
v 0.926577 -0.107747 0.581587
v 0.633482 -0.107747 0.891902
v 0.447308 -0.107748 0.998350
v 0.031206 -0.107748 1.093533
v -0.182731 0.107747 1.078610
v -1.093534 0.107748 0.031206
v -1.022236 0.107748 -0.389646
v -0.926577 0.107748 -0.581588
v -0.795311 0.107748 -0.751179
v -0.633482 0.107748 -0.891903
v 0.389646 0.107748 -1.022236
v 0.751178 0.107748 -0.795312
v 0.998351 0.107748 -0.447309
v 1.078609 0.107747 0.182730
v 1.022235 0.107747 0.389646
v 0.795311 0.107747 0.751178
v -0.237636 -0.273772 -1.038856
v 0.102405 -0.318909 -1.042332
v 0.161950 -0.287010 -1.047831
v -0.029782 -0.345184 -1.043601
v -0.161681 -0.318909 -1.034795
v 0.214214 -0.244082 -1.050142
v -0.596614 0.101378 -0.859555
v -0.348402 -0.132096 -1.028947
v -0.748876 0.101378 -0.727150
v 0.237611 -0.215495 -1.052712
v -0.872382 0.101378 -0.567585
v -0.962385 0.101378 -0.386991
v -1.015427 0.101378 -0.192308
v -0.348402 0.132097 -1.028947
v -1.029468 0.101378 0.008982
v -0.355793 0.107748 -1.028989
v -0.273753 0.244082 -1.036216
v -0.237636 0.273772 -1.038856
v -0.221443 0.287011 -1.036890
v 0.214213 0.244083 -1.050142
v 0.237611 0.215495 -1.052712
v -1.003970 0.101378 0.209144
v -0.939913 0.101378 0.400485
v 0.178005 0.273772 -1.050717
v 0.037664 0.338552 -1.040903
v -0.029782 0.345185 -1.043601
v -0.839757 0.101378 0.575653
v -0.707353 0.101378 0.727915
v -0.547787 0.101378 0.851421
v -0.367193 0.101378 0.941424
v -0.172510 0.101378 0.994466
v 0.028780 -0.101378 1.008507
v 0.228942 -0.101378 0.983009
v 0.420283 -0.101378 0.918951
v 0.595450 -0.101378 0.818796
v 0.747713 -0.101378 0.686391
v 0.871219 -0.101378 0.526826
v 0.961222 -0.101378 0.346231
v 1.014263 -0.101378 0.151549
v 1.028305 -0.101378 -0.049741
v 1.002807 -0.101378 -0.249903
v 0.938749 -0.101378 -0.441244
v 0.838594 -0.101377 -0.616412
v 0.706189 -0.101377 -0.768674
v 0.546624 -0.101377 -0.892180
v 0.366029 -0.101377 -0.982183
v -0.421446 -0.101377 -0.959711
v -0.596614 -0.101377 -0.859555
v -0.748876 -0.101377 -0.727151
v -0.872382 -0.101377 -0.567585
v -0.962385 -0.101378 -0.386991
v -1.015427 -0.101378 -0.192308
v -1.029469 -0.101378 0.008982
v -1.003970 -0.101378 0.209144
v -0.939913 -0.101378 0.400485
v -0.839757 -0.101378 0.575653
v -0.707353 -0.101378 0.727915
v -0.547787 -0.101378 0.851421
v -0.367193 -0.101378 0.941424
v -0.172510 -0.101378 0.994466
v -0.421446 0.101378 -0.959711
v 0.366029 0.101378 -0.982183
v 0.546624 0.101378 -0.892180
v 0.706189 0.101378 -0.768674
v 0.838594 0.101378 -0.616412
v 0.938749 0.101378 -0.441244
v 1.002807 0.101378 -0.249903
v 1.028304 0.101378 -0.049741
v 1.014263 0.101378 0.151549
v 0.961221 0.101378 0.346231
v 0.871218 0.101378 0.526825
v 0.747713 0.101378 0.686391
v 0.595450 0.101378 0.818795
v 0.420283 0.101378 0.918951
v 0.228942 0.101378 0.983009
v 0.028780 0.101378 1.008507
v 0.034857 -0.318537 -0.999747
v -0.224169 -0.257587 -0.997821
v -0.208933 -0.270043 -0.995971
v -0.258151 -0.229653 -0.995338
v 0.095769 -0.300056 -1.001091
v -0.298482 -0.180437 -0.992705
v 0.151794 -0.270043 -1.006265
v 0.166901 -0.257587 -1.008981
v -0.028603 -0.324778 -1.002285
v -0.152704 -0.300056 -0.994000
v -0.091814 -0.318537 -0.996132
v 0.200968 -0.229652 -1.008440
v -0.280267 -0.202755 -0.996496
v -0.335341 -0.101377 -0.988537
v -0.328387 -0.124287 -0.988497
v 0.241384 -0.180437 -1.008111
v 0.222982 -0.202755 -1.010858
v 0.271480 -0.124287 -1.005616
v 0.278420 -0.101377 -1.006052
v -0.328387 0.124287 -0.988497
v -0.335341 0.101378 -0.988537
v -0.280267 0.202756 -0.996496
v -0.298483 0.180437 -0.992705
v -0.258151 0.229653 -0.995337
v -0.224169 0.257587 -0.997821
v -0.208933 0.270043 -0.995971
v 0.241384 0.180438 -1.008111
v 0.200968 0.229653 -1.008439
v 0.222982 0.202756 -1.010858
v 0.271480 0.124288 -1.005616
v 0.278420 0.101378 -1.006052
v 0.166901 0.257587 -1.008981
v 0.151794 0.270043 -1.006265
v -0.152704 0.300056 -0.994000
v 0.095769 0.300056 -1.001091
v -0.091814 0.318538 -0.996132
v 0.034856 0.318538 -0.999747
v -0.028603 0.324778 -1.002285
v 0.243945 -0.107748 1.066433
v 0.795311 -0.107747 0.751178
v 1.078609 -0.107747 0.182730
v 1.066433 -0.107747 -0.243945
v 0.998351 -0.107747 -0.447309
v 0.751178 -0.107747 -0.795312
v 0.581587 -0.107747 -0.926578
v 0.296532 -0.107747 -1.047605
v -0.633482 -0.107747 -0.891903
v -1.078610 -0.107747 -0.182731
v -1.066434 -0.107747 0.243945
v -0.389646 -0.107748 1.022236
v 0.243944 0.107747 1.066433
v 0.031207 0.107747 1.093533
v 0.447308 0.107747 0.998350
v 0.633482 0.107747 0.891902
v 0.926577 0.107747 0.581587
v 1.093533 0.107748 -0.031207
v 1.066433 0.107748 -0.243945
v 0.891902 0.107748 -0.633482
v 0.581587 0.107748 -0.926578
v 0.296532 0.107748 -1.047605
v -0.447308 0.107748 -0.998351
v -1.078610 0.107748 -0.182731
v -1.066434 0.107747 0.243944
v -0.998351 0.107747 0.447308
v -0.891903 0.107747 0.633482
v -0.751179 0.107747 0.795311
v -0.581587 0.107747 0.926577
v -0.389646 0.107747 1.022235
v -0.273753 -0.244082 -1.036217
v -0.221443 -0.287010 -1.036890
v 0.037665 -0.338552 -1.040903
v 0.178006 -0.273772 -1.050717
v -0.316619 -0.191774 -1.033419
v -0.297259 -0.215495 -1.037448
v -0.096965 -0.338552 -1.037061
v -0.355793 -0.107747 -1.028989
v 0.257169 -0.191774 -1.049793
v 0.289156 -0.132096 -1.047141
v -0.316619 0.191774 -1.033419
v -0.297259 0.215495 -1.037448
v 0.257169 0.191775 -1.049793
v 0.289156 0.132097 -1.047141
v 0.161950 0.287011 -1.047831
v -0.161681 0.318909 -1.034795
v 0.102404 0.318909 -1.042331
v -0.096965 0.338552 -1.037061
v 0.998351 -0.107747 -0.447309
v 1.066433 -0.107747 -0.243945
v 0.581587 -0.107747 -0.926578
v 0.751178 -0.107747 -0.795312
v 0.243944 0.107747 1.066433
v 0.031207 0.107747 1.093533
v 0.447308 0.107747 0.998350
v 0.633482 0.107747 0.891902
v 1.066433 0.107748 -0.243945
v 1.093533 0.107748 -0.031207
v -0.998351 0.107747 0.447308
v -1.066434 0.107747 0.243944
v -0.891903 0.107747 0.633482
v -0.751179 0.107747 0.795311
v -0.581587 0.107747 0.926577
v -0.389646 0.107747 1.022235
v -0.316619 -0.191774 -1.033419
v -0.297259 -0.215495 -1.037448
v -0.273753 -0.244082 -1.036217
v 0.289156 -0.132096 -1.047141
v 0.257169 -0.191774 -1.049793
v 0.296532 -0.107747 -1.047605
v 0.296532 -0.107747 -1.047605
v -0.316619 0.191774 -1.033419
v -0.297259 0.215495 -1.037448
v 0.289156 0.132097 -1.047141
v 0.257169 0.191775 -1.049793
v 0.102404 0.318909 -1.042331
v 0.161950 0.287011 -1.047831
v -0.096965 0.338552 -1.037061
v -0.161681 0.318909 -1.034795
v 0.296532 0.107748 -1.047605
v 0.296532 0.107748 -1.047605
v 0.278420 0.101378 -1.006052
v 0.031206 -0.107748 1.093533
v -0.182731 -0.107748 1.078610
v 0.633482 -0.107747 0.891902
v 0.447308 -0.107748 0.998350
v 1.022235 -0.107747 0.389646
v 0.926577 -0.107747 0.581587
v -0.926577 -0.107747 -0.581588
v -0.795311 -0.107747 -0.751179
v -1.022236 -0.107747 -0.389647
v -0.891903 -0.107747 0.633482
v -0.998351 -0.107747 0.447308
v -0.751179 -0.107747 0.795311
v -0.581587 -0.107747 0.926577
v 1.078609 0.107747 0.182730
v 1.022235 0.107747 0.389646
v -0.795311 0.107748 -0.751179
v -0.633482 0.107748 -0.891903
v -0.926577 0.107748 -0.581588
v -1.022236 0.107748 -0.389646
v 0.161950 -0.287010 -1.047831
v 0.102405 -0.318909 -1.042332
v 0.214214 -0.244082 -1.050142
v 0.237611 -0.215495 -1.052712
v -0.348402 0.132097 -1.028947
v -0.355793 0.107748 -1.028989
v -0.355793 0.107748 -1.028989
v -0.273753 0.244082 -1.036216
v -0.237636 0.273772 -1.038856
v -0.221443 0.287011 -1.036890
v 0.214213 0.244083 -1.050142
v 0.237611 0.215495 -1.052712
v 0.178005 0.273772 -1.050717
v 0.037664 0.338552 -1.040903
v -0.029782 0.345185 -1.043601
v 0.243945 -0.107748 1.066433
v 0.795311 -0.107747 0.751178
v 1.078609 -0.107747 0.182730
v 1.093533 -0.107747 -0.031207
v 0.891902 -0.107747 -0.633482
v 0.389646 -0.107747 -1.022236
v -0.633482 -0.107747 -0.891903
v -0.447308 -0.107747 -0.998352
v -1.078610 -0.107747 -0.182731
v -1.093534 -0.107747 0.031206
v -1.066434 -0.107747 0.243945
v -0.389646 -0.107748 1.022236
v 0.795311 0.107747 0.751178
v 0.926577 0.107747 0.581587
v 0.998351 0.107748 -0.447309
v 0.891902 0.107748 -0.633482
v 0.751178 0.107748 -0.795312
v 0.581587 0.107748 -0.926578
v 0.389646 0.107748 -1.022236
v -0.447308 0.107748 -0.998351
v -1.078610 0.107748 -0.182731
v -1.093534 0.107748 0.031206
v -0.182731 0.107747 1.078610
v -0.237636 -0.273772 -1.038856
v -0.221443 -0.287010 -1.036890
v 0.037665 -0.338552 -1.040903
v 0.178006 -0.273772 -1.050717
v -0.161681 -0.318909 -1.034795
v -0.029782 -0.345184 -1.043601
v -0.096965 -0.338552 -1.037061
v -0.348402 -0.132096 -1.028947
v -0.355793 -0.107747 -1.028989
v -0.355793 -0.107747 -1.028989
v -0.335341 -0.101377 -0.988537
v 0.278420 -0.101377 -1.006052
v -0.335341 0.101378 -0.988537
vn -0.3808 0.9064 -0.1828
vn -0.5553 0.8315 0.0158
vn -0.3825 0.9239 0.0109
vn -0.0000 1.0000 -0.0000
vn -0.1968 0.9622 -0.1881
vn -0.1950 0.9808 0.0056
vn 0.1950 0.9808 -0.0056
vn -0.0055 0.9811 -0.1935
vn 0.3825 0.9239 -0.0109
vn 0.1858 0.9622 -0.1990
vn 0.5393 0.8157 -0.2091
vn 0.5553 0.8315 -0.0158
vn 0.7068 0.7071 -0.0202
vn 0.8311 0.5556 -0.0237
vn 0.6879 0.6937 -0.2133
vn 0.9235 0.3827 -0.0264
vn 0.8099 0.5451 -0.2168
vn 0.9804 -0.1951 -0.0280
vn 0.9752 -0.0000 -0.2215
vn 0.9996 -0.0000 -0.0285
vn 0.9563 0.1914 -0.2210
vn 0.9804 0.1951 -0.0280
vn 0.8311 -0.5556 -0.0237
vn 0.9005 -0.3754 -0.2194
vn 0.9235 -0.3827 -0.0264
vn 0.9563 -0.1914 -0.2210
vn 0.7068 -0.7071 -0.0202
vn 0.8099 -0.5451 -0.2168
vn -0.0055 -0.9811 -0.1935
vn 0.1950 -0.9808 -0.0056
vn -0.0000 -1.0000 -0.0000
vn 0.3698 -0.9064 -0.2042
vn 0.5553 -0.8315 -0.0158
vn 0.3825 -0.9239 -0.0109
vn -0.1968 -0.9622 -0.1881
vn -0.1950 -0.9808 0.0056
vn -0.6990 -0.6937 -0.1738
vn -0.5553 -0.8315 0.0158
vn -0.7068 -0.7071 0.0202
vn -0.3808 -0.9064 -0.1828
vn -0.3825 -0.9239 0.0109
vn -0.8209 -0.5451 -0.1703
vn -0.8311 -0.5556 0.0237
vn -0.9116 -0.3754 -0.1677
vn -0.9235 -0.3827 0.0264
vn -0.9674 -0.1914 -0.1661
vn -0.9804 -0.1951 0.0280
vn 0.6879 -0.6937 -0.2133
vn -0.9674 0.1914 -0.1661
vn -0.9996 -0.0000 0.0285
vn -0.9804 0.1951 0.0280
vn -0.9116 0.3754 -0.1677
vn -0.9235 0.3827 0.0264
vn -0.9862 -0.0000 -0.1655
vn -0.0285 -0.0000 -0.9996
vn -0.6990 0.6937 -0.1737
vn -0.8311 0.5556 0.0237
vn -0.7068 0.7071 0.0202
vn -0.8209 0.5451 -0.1703
vn -0.4183 0.5966 -0.6849
vn -0.5270 0.5073 -0.6818
vn -0.1732 0.1454 -0.9741
vn -0.4183 -0.5966 -0.6849
vn -0.2943 -0.6629 -0.6884
vn -0.1065 -0.1897 -0.9760
vn -0.1598 -0.7037 -0.6923
vn -0.0680 -0.2016 -0.9771
vn 0.1201 -0.7037 -0.7003
vn 0.2546 -0.6629 -0.7041
vn 0.0507 -0.1899 -0.9805
vn 0.6973 -0.0000 -0.7167
vn 0.6836 0.1400 -0.7164
vn 0.1776 -0.0000 -0.9841
vn 0.1736 0.0401 -0.9840
vn 0.9005 0.3754 -0.2194
vn 0.6427 0.2746 -0.7152
vn 0.1619 0.0786 -0.9837
vn 0.5765 0.3986 -0.7133
vn 0.1429 0.1142 -0.9831
vn 0.4873 0.5074 -0.7107
vn 0.1176 0.1456 -0.9823
vn 0.3786 0.5966 -0.7076
vn 0.0862 0.1709 -0.9815
vn 0.1619 -0.0787 -0.9837
vn 0.6836 -0.1400 -0.7164
vn 0.6427 -0.2746 -0.7152
vn 0.1172 -0.1452 -0.9824
vn 0.3786 -0.5966 -0.7077
vn 0.0862 -0.1709 -0.9815
vn 0.4873 -0.5073 -0.7108
vn 0.5393 -0.8157 -0.2091
vn -0.2294 0.0401 -0.9725
vn -0.7371 -0.0000 -0.6758
vn -0.7233 0.1400 -0.6762
vn -0.2178 0.0787 -0.9728
vn -0.6825 0.2746 -0.6774
vn -0.1986 0.1140 -0.9734
vn -0.6162 0.3986 -0.6793
vn -0.1065 0.1899 -0.9760
vn -0.1598 0.7037 -0.6923
vn -0.0680 0.2016 -0.9771
vn -0.2943 0.6629 -0.6884
vn -0.0199 0.7175 -0.6963
vn -0.0279 0.2056 -0.9782
vn -0.5504 0.8157 -0.1780
vn -0.1420 0.1709 -0.9750
vn -0.7233 -0.1400 -0.6762
vn -0.2294 -0.0401 -0.9725
vn -0.6825 -0.2746 -0.6774
vn -0.2178 -0.0786 -0.9728
vn -0.6162 -0.3986 -0.6793
vn -0.1987 -0.1142 -0.9734
vn -0.5270 -0.5073 -0.6818
vn -0.1732 -0.1453 -0.9741
vn -0.5504 -0.8157 -0.1780
vn -0.1421 -0.1709 -0.9750
vn -0.0199 -0.7175 -0.6963
vn -0.0279 -0.2059 -0.9782
vn 0.1858 -0.9622 -0.1990
vn 0.0122 -0.2016 -0.9794
vn 0.5765 -0.3986 -0.7133
vn 0.1429 -0.1142 -0.9831
vn 0.1736 -0.0401 -0.9840
vn 0.3698 0.9064 -0.2042
vn 0.2546 0.6629 -0.7041
vn 0.0506 0.1897 -0.9805
vn 0.1200 0.7037 -0.7003
vn 0.0123 0.2019 -0.9793
vn 0.3698 0.9064 -0.2043
vn 0.3698 -0.9064 -0.2043
vn -0.6990 0.6937 -0.1738
vn -0.1419 0.1707 -0.9750
vn -0.1734 0.1456 -0.9740
vn -0.1419 -0.1707 -0.9750
vn -0.1065 -0.1899 -0.9760
vn 0.1200 -0.7037 -0.7003
vn 0.0506 -0.1897 -0.9805
vn 0.6973 -0.0000 -0.7168
vn 0.1775 -0.0000 -0.9841
vn 0.1739 0.0402 -0.9839
vn 0.1427 0.1141 -0.9832
vn 0.3786 0.5966 -0.7077
vn 0.0861 0.1707 -0.9816
vn 0.1619 -0.0786 -0.9837
vn 0.6835 -0.1400 -0.7164
vn 0.3786 -0.5966 -0.7076
vn 0.0864 -0.1712 -0.9814
vn -0.2175 0.0786 -0.9729
vn -0.1987 0.1142 -0.9734
vn -0.0279 0.2059 -0.9782
vn -0.2176 -0.0786 -0.9729
vn -0.1988 -0.1142 -0.9734
vn -0.6990 -0.6937 -0.1737
vn -0.1735 -0.1456 -0.9740
vn 0.0121 -0.2016 -0.9794
vn 0.0507 0.1899 -0.9805
vn 0.0121 0.2016 -0.9794
vn 0.0285 -0.0000 0.9996
vn -0.1662 0.0980 0.9812
vn -0.1670 -0.0000 0.9860
vn 0.0284 -0.0980 0.9948
vn -0.1662 -0.0980 0.9812
vn -0.3545 0.0980 0.9299
vn -0.3562 -0.0000 0.9344
vn -0.3545 -0.0980 0.9299
vn -0.5316 -0.0000 0.8470
vn -0.5291 -0.0980 0.8429
vn -0.5291 0.0980 0.8429
vn -0.6866 -0.0000 0.7270
vn -0.6833 -0.0980 0.7235
vn -0.6833 0.0980 0.7235
vn -0.8153 -0.0000 0.5791
vn -0.8114 -0.0980 0.5763
vn -0.8114 0.0980 0.5763
vn -0.9126 -0.0000 0.4089
vn -0.9082 -0.0980 0.4069
vn -0.9082 0.0980 0.4069
vn -0.9748 -0.0000 0.2230
vn -0.9701 -0.0980 0.2219
vn -0.9701 0.0980 0.2219
vn -0.9948 -0.0980 0.0284
vn -0.9948 0.0980 0.0284
vn -0.9860 -0.0000 -0.1670
vn -0.9812 -0.0980 -0.1662
vn -0.9812 0.0980 -0.1662
vn -0.9344 -0.0000 -0.3562
vn -0.9299 -0.0980 -0.3545
vn -0.8470 -0.0000 -0.5316
vn -0.8429 -0.0980 -0.5291
vn -0.9299 0.0980 -0.3545
vn -0.8429 0.0980 -0.5291
vn -0.7270 -0.0000 -0.6866
vn -0.7235 -0.0980 -0.6833
vn -0.7235 0.0980 -0.6833
vn -0.5791 -0.0000 -0.8153
vn -0.5763 -0.0980 -0.8114
vn -0.5763 0.0980 -0.8114
vn -0.4089 -0.0000 -0.9126
vn -0.3750 -0.1617 -0.9128
vn -0.3039 -0.2890 -0.9078
vn -0.2188 -0.1939 -0.9563
vn -0.2134 -0.2903 -0.9328
vn -0.3039 0.2890 -0.9078
vn -0.2188 0.1939 -0.9563
vn -0.3750 0.1617 -0.9128
vn -0.2230 -0.0000 -0.9748
vn -0.2134 0.2903 -0.9328
vn -0.0280 0.1939 -0.9806
vn -0.0280 -0.1939 -0.9806
vn -0.0273 -0.2903 -0.9566
vn -0.0273 0.2903 -0.9566
vn 0.1639 0.1939 -0.9672
vn 0.1670 -0.0000 -0.9860
vn 0.1639 -0.1939 -0.9672
vn 0.1598 -0.2903 -0.9435
vn 0.1598 0.2903 -0.9435
vn 0.3223 0.1617 -0.9327
vn 0.3562 -0.0000 -0.9344
vn 0.3223 -0.1617 -0.9327
vn 0.2517 -0.2890 -0.9237
vn 0.5316 -0.0000 -0.8470
vn 0.5291 -0.0980 -0.8429
vn 0.5291 0.0980 -0.8429
vn 0.6866 -0.0000 -0.7270
vn 0.6833 -0.0980 -0.7235
vn 0.6833 0.0980 -0.7235
vn 0.8153 -0.0000 -0.5791
vn 0.8114 -0.0980 -0.5763
vn 0.9126 -0.0000 -0.4089
vn 0.9082 -0.0980 -0.4069
vn 0.8114 0.0980 -0.5763
vn 0.9082 0.0980 -0.4069
vn 0.9748 -0.0000 -0.2230
vn 0.9701 -0.0980 -0.2219
vn 0.9948 -0.0980 -0.0284
vn 0.9701 0.0980 -0.2219
vn 0.9948 0.0980 -0.0284
vn 0.9860 -0.0000 0.1670
vn 0.9812 -0.0980 0.1662
vn 0.9812 0.0980 0.1662
vn 0.9344 -0.0000 0.3562
vn 0.9299 -0.0980 0.3545
vn 0.9299 0.0980 0.3545
vn 0.8470 -0.0000 0.5316
vn 0.8429 -0.0980 0.5291
vn 0.8429 0.0980 0.5291
vn 0.7270 -0.0000 0.6866
vn 0.7235 -0.0980 0.6833
vn 0.7235 0.0980 0.6833
vn 0.5791 -0.0000 0.8153
vn 0.5763 -0.0980 0.8114
vn 0.5763 0.0980 0.8114
vn 0.4089 -0.0000 0.9126
vn 0.4069 -0.0980 0.9082
vn 0.4069 0.0980 0.9082
vn 0.2230 -0.0000 0.9748
vn 0.2219 -0.0980 0.9701
vn 0.2219 0.0980 0.9701
vn 0.0057 0.9796 0.2009
vn -0.0648 0.9217 0.3824
vn 0.0111 0.9217 0.3877
vn 0.0280 -0.1939 0.9806
vn -0.1545 -0.3805 0.9118
vn 0.0264 -0.3805 0.9244
vn -0.0935 0.8286 0.5519
vn 0.0160 0.8286 0.5595
vn -0.1392 -0.5528 0.8216
vn 0.0238 -0.5528 0.8330
vn -0.1186 0.7041 0.7002
vn 0.0203 0.7041 0.7099
vn -0.1186 -0.7041 0.7002
vn 0.0203 -0.7041 0.7099
vn -0.1392 0.5528 0.8216
vn 0.0238 0.5528 0.8330
vn -0.0935 -0.8286 0.5519
vn 0.0160 -0.8286 0.5595
vn -0.1545 0.3805 0.9118
vn 0.0264 0.3805 0.9244
vn -0.0648 -0.9217 0.3824
vn 0.0111 -0.9217 0.3877
vn -0.1639 0.1939 0.9672
vn 0.0280 0.1939 0.9806
vn 0.0057 -0.9796 0.2009
vn -0.0336 -0.9796 0.1981
vn 0.0284 0.0980 0.9948
vn -0.0336 0.9796 0.1981
vn -0.0716 0.9796 0.1878
vn -0.0716 -0.9796 0.1878
vn -0.1382 0.9217 0.3624
vn -0.3494 -0.1939 0.9167
vn -0.3294 -0.3805 0.8641
vn -0.1994 0.8286 0.5231
vn -0.2968 -0.5528 0.7787
vn -0.2529 0.7041 0.6636
vn -0.2529 -0.7041 0.6636
vn -0.2968 0.5528 0.7787
vn -0.1994 -0.8286 0.5231
vn -0.3294 0.3805 0.8641
vn -0.1382 -0.9217 0.3624
vn -0.3494 0.1939 0.9167
vn -0.4430 -0.5528 0.7058
vn -0.3775 -0.7041 0.6015
vn -0.4430 0.5528 0.7058
vn -0.2976 -0.8286 0.4741
vn -0.4916 0.3805 0.7833
vn -0.2062 -0.9217 0.3285
vn -0.5215 0.1939 0.8309
vn -0.1068 -0.9796 0.1702
vn -0.1068 0.9796 0.1702
vn -0.2062 0.9217 0.3285
vn -0.5215 -0.1939 0.8309
vn -0.4916 -0.3805 0.7833
vn -0.2976 0.8286 0.4741
vn -0.3775 0.7041 0.6015
vn -0.1380 0.9796 0.1461
vn -0.1380 -0.9796 0.1461
vn -0.2663 0.9217 0.2820
vn -0.6736 -0.1939 0.7132
vn -0.6350 -0.3805 0.6723
vn -0.3844 0.8286 0.4070
vn -0.5722 -0.5528 0.6058
vn -0.4876 0.7041 0.5163
vn -0.4876 -0.7041 0.5163
vn -0.5722 0.5528 0.6058
vn -0.3844 -0.8286 0.4070
vn -0.6350 0.3805 0.6723
vn -0.2663 -0.9217 0.2820
vn -0.6736 0.1939 0.7132
vn -0.6794 0.5528 0.4826
vn -0.4564 -0.8286 0.3241
vn -0.7539 0.3805 0.5355
vn -0.3162 -0.9217 0.2246
vn -0.7998 0.1939 0.5681
vn -0.1638 -0.9796 0.1164
vn -0.1638 0.9796 0.1164
vn -0.3162 0.9217 0.2246
vn -0.7998 -0.1939 0.5681
vn -0.7539 -0.3805 0.5355
vn -0.4564 0.8286 0.3241
vn -0.6794 -0.5528 0.4826
vn -0.5790 0.7041 0.4112
vn -0.5790 -0.7041 0.4112
vn -0.3540 0.9217 0.1586
vn -0.8953 -0.1939 0.4011
vn -0.8439 -0.3805 0.3781
vn -0.5108 0.8286 0.2289
vn -0.7605 -0.5528 0.3407
vn -0.6481 0.7041 0.2904
vn -0.6481 -0.7041 0.2904
vn -0.7605 0.5528 0.3407
vn -0.5108 -0.8286 0.2289
vn -0.8439 0.3805 0.3781
vn -0.3540 -0.9217 0.1586
vn -0.8953 0.1939 0.4011
vn -0.1834 -0.9796 0.0822
vn -0.1834 0.9796 0.0822
vn -0.5457 -0.8286 0.1248
vn -0.8124 0.5528 0.1858
vn -0.9015 0.3805 0.2062
vn -0.3781 -0.9217 0.0865
vn -0.9563 0.1939 0.2188
vn -0.1959 -0.9796 0.0448
vn -0.1959 0.9796 0.0448
vn -0.3781 0.9217 0.0865
vn -0.9563 -0.1939 0.2188
vn -0.9015 -0.3805 0.2062
vn -0.5457 0.8286 0.1248
vn -0.8124 -0.5528 0.1858
vn -0.6923 0.7041 0.1584
vn -0.6923 -0.7041 0.1584
vn -0.9806 -0.1939 0.0280
vn -0.9244 -0.3805 0.0264
vn -0.5595 0.8286 0.0160
vn -0.8330 -0.5528 0.0238
vn -0.7099 0.7041 0.0203
vn -0.7099 -0.7041 0.0203
vn -0.8330 0.5528 0.0238
vn -0.5595 -0.8286 0.0160
vn -0.9244 0.3805 0.0264
vn -0.3877 -0.9217 0.0111
vn -0.9806 0.1939 0.0280
vn -0.2009 -0.9796 0.0057
vn -0.2009 0.9796 0.0057
vn -0.3877 0.9217 0.0111
vn -0.5519 -0.8286 -0.0935
vn -0.3824 -0.9217 -0.0648
vn -0.9118 0.3805 -0.1545
vn -0.9672 0.1939 -0.1639
vn -0.1981 -0.9796 -0.0336
vn -0.1981 0.9796 -0.0336
vn -0.3824 0.9217 -0.0648
vn -0.9672 -0.1939 -0.1639
vn -0.9118 -0.3805 -0.1545
vn -0.5519 0.8286 -0.0935
vn -0.8216 -0.5528 -0.1392
vn -0.7002 0.7041 -0.1186
vn -0.7002 -0.7041 -0.1186
vn -0.8216 0.5528 -0.1392
vn -0.3624 0.9217 -0.1382
vn -0.5231 0.8286 -0.1994
vn -0.7787 -0.5528 -0.2968
vn -0.6636 0.7041 -0.2529
vn -0.6636 -0.7041 -0.2529
vn -0.7787 0.5528 -0.2968
vn -0.5231 -0.8286 -0.1994
vn -0.8641 0.3805 -0.3294
vn -0.3624 -0.9217 -0.1382
vn -0.9167 0.1939 -0.3494
vn -0.1878 -0.9796 -0.0716
vn -0.1878 0.9796 -0.0716
vn -0.9167 -0.1939 -0.3494
vn -0.8641 -0.3805 -0.3294
vn -0.7833 0.3805 -0.4916
vn -0.8309 0.1939 -0.5215
vn -0.1702 -0.9796 -0.1068
vn -0.1702 0.9796 -0.1068
vn -0.3285 0.9217 -0.2062
vn -0.8309 -0.1939 -0.5215
vn -0.7833 -0.3805 -0.4916
vn -0.4741 0.8286 -0.2976
vn -0.7058 -0.5528 -0.4430
vn -0.6015 0.7041 -0.3775
vn -0.6015 -0.7041 -0.3775
vn -0.7058 0.5528 -0.4430
vn -0.4741 -0.8286 -0.2976
vn -0.3285 -0.9217 -0.2062
vn -0.6058 -0.5528 -0.5722
vn -0.4070 0.8286 -0.3844
vn -0.5163 0.7041 -0.4876
vn -0.5163 -0.7041 -0.4876
vn -0.6058 0.5528 -0.5722
vn -0.4070 -0.8286 -0.3844
vn -0.6723 0.3805 -0.6350
vn -0.2820 -0.9217 -0.2663
vn -0.7132 0.1939 -0.6736
vn -0.1461 -0.9796 -0.1380
vn -0.1461 0.9796 -0.1380
vn -0.2820 0.9217 -0.2663
vn -0.7132 -0.1939 -0.6736
vn -0.6723 -0.3805 -0.6350
vn -0.2246 -0.9217 -0.3162
vn -0.1164 -0.9796 -0.1638
vn -0.1164 0.9796 -0.1638
vn -0.2246 0.9217 -0.3162
vn -0.5681 -0.1939 -0.7998
vn -0.5355 -0.3805 -0.7539
vn -0.3241 0.8286 -0.4564
vn -0.4826 -0.5528 -0.6794
vn -0.4112 0.7041 -0.5790
vn -0.4112 -0.7041 -0.5790
vn -0.4826 0.5528 -0.6794
vn -0.3241 -0.8286 -0.4564
vn -0.5355 0.3805 -0.7539
vn -0.5681 0.1939 -0.7998
vn -0.2904 0.7041 -0.6481
vn -0.3407 -0.5528 -0.7605
vn -0.2904 -0.7041 -0.6481
vn -0.3407 0.5528 -0.7605
vn -0.2289 -0.8286 -0.5108
vn -0.3781 0.3805 -0.8439
vn -0.1586 -0.9217 -0.3540
vn -0.4011 0.1939 -0.8953
vn -0.0822 -0.9796 -0.1834
vn -0.4069 0.0980 -0.9082
vn -0.0822 0.9796 -0.1834
vn -0.1586 0.9217 -0.3540
vn -0.4011 -0.1939 -0.8953
vn -0.3781 -0.3805 -0.8439
vn -0.2289 0.8286 -0.5108
vn -0.3159 0.0975 -0.9437
vn -0.3159 0.0976 -0.9437
vn -0.0448 0.9796 -0.1959
vn -0.0448 -0.9796 -0.1959
vn -0.0865 0.9217 -0.3781
vn -0.2062 -0.3805 -0.9015
vn -0.1248 0.8286 -0.5457
vn -0.1858 -0.5528 -0.8124
vn -0.1584 0.7041 -0.6923
vn -0.1584 -0.7041 -0.6923
vn -0.1858 0.5528 -0.8124
vn -0.1248 -0.8286 -0.5457
vn -0.2062 0.3805 -0.9015
vn -0.0865 -0.9217 -0.3781
vn -0.2560 0.2900 -0.9221
vn -0.0238 -0.5528 -0.8330
vn -0.0203 -0.7041 -0.7099
vn -0.0238 0.5528 -0.8330
vn -0.0160 -0.8286 -0.5595
vn -0.0264 0.3805 -0.9244
vn -0.0111 -0.9217 -0.3877
vn -0.0057 -0.9796 -0.2009
vn -0.0057 0.9796 -0.2009
vn -0.0111 0.9217 -0.3877
vn -0.1210 -0.2890 -0.9497
vn -0.0160 0.8286 -0.5595
vn -0.0203 0.7041 -0.7099
vn 0.0336 -0.9796 -0.1981
vn 0.0648 0.9217 -0.3824
vn 0.0666 -0.2890 -0.9550
vn 0.1545 -0.3805 -0.9118
vn 0.0935 0.8286 -0.5519
vn -0.0264 -0.3805 -0.9244
vn 0.1392 -0.5528 -0.8216
vn 0.1186 0.7041 -0.7002
vn 0.1186 -0.7041 -0.7002
vn 0.1392 0.5528 -0.8216
vn 0.0935 -0.8286 -0.5519
vn 0.1545 0.3805 -0.9118
vn 0.0648 -0.9217 -0.3824
vn 0.0336 0.9796 -0.1981
vn 0.1994 -0.8286 -0.5231
vn 0.2968 0.5528 -0.7787
vn 0.3294 0.3805 -0.8641
vn 0.1382 -0.9217 -0.3624
vn 0.0716 -0.9796 -0.1878
vn 0.0716 0.9796 -0.1878
vn 0.1382 0.9217 -0.3624
vn 0.3494 -0.1939 -0.9167
vn 0.3294 -0.3805 -0.8641
vn 0.1994 0.8286 -0.5231
vn 0.2968 -0.5528 -0.7787
vn 0.2529 0.7041 -0.6636
vn 0.2529 -0.7041 -0.6636
vn 0.2062 0.9217 -0.3285
vn 0.5215 -0.1939 -0.8309
vn 0.4916 -0.3805 -0.7833
vn 0.2976 0.8286 -0.4741
vn 0.4430 -0.5528 -0.7058
vn 0.3775 0.7041 -0.6015
vn 0.3775 -0.7041 -0.6015
vn 0.4430 0.5528 -0.7058
vn 0.2976 -0.8286 -0.4741
vn 0.4916 0.3805 -0.7833
vn 0.2062 -0.9217 -0.3285
vn 0.5215 0.1939 -0.8309
vn 0.3494 0.1939 -0.9167
vn 0.1068 -0.9796 -0.1702
vn 0.3545 0.0980 -0.9299
vn 0.1068 0.9796 -0.1702
vn 0.5722 0.5528 -0.6058
vn 0.6350 0.3805 -0.6723
vn 0.3844 -0.8286 -0.4070
vn 0.2663 -0.9217 -0.2820
vn 0.6736 0.1939 -0.7132
vn 0.1380 -0.9796 -0.1461
vn 0.1380 0.9796 -0.1461
vn 0.2663 0.9217 -0.2820
vn 0.6736 -0.1939 -0.7132
vn 0.6350 -0.3805 -0.6723
vn 0.3844 0.8286 -0.4069
vn 0.5722 -0.5528 -0.6058
vn 0.4876 0.7041 -0.5163
vn 0.4876 -0.7041 -0.5163
vn 0.7998 -0.1939 -0.5681
vn 0.7539 -0.3805 -0.5355
vn 0.4564 0.8286 -0.3241
vn 0.6794 -0.5528 -0.4826
vn 0.5790 0.7041 -0.4112
vn 0.5790 -0.7041 -0.4112
vn 0.6794 0.5528 -0.4826
vn 0.4564 -0.8286 -0.3241
vn 0.7539 0.3805 -0.5355
vn 0.3162 -0.9217 -0.2246
vn 0.7998 0.1939 -0.5681
vn 0.1638 -0.9796 -0.1164
vn 0.1638 0.9796 -0.1164
vn 0.3162 0.9217 -0.2246
vn 0.3540 -0.9217 -0.1586
vn 0.8953 0.1939 -0.4011
vn 0.1834 -0.9796 -0.0822
vn 0.1834 0.9796 -0.0822
vn 0.3540 0.9217 -0.1586
vn 0.8953 -0.1939 -0.4011
vn 0.8439 -0.3805 -0.3781
vn 0.5108 0.8286 -0.2289
vn 0.7605 -0.5528 -0.3407
vn 0.6481 0.7041 -0.2904
vn 0.6481 -0.7041 -0.2904
vn 0.7605 0.5528 -0.3407
vn 0.5108 -0.8286 -0.2289
vn 0.8439 0.3805 -0.3781
vn 0.5457 0.8286 -0.1248
vn 0.8124 -0.5528 -0.1858
vn 0.6923 0.7041 -0.1584
vn 0.6923 -0.7041 -0.1584
vn 0.8124 0.5528 -0.1858
vn 0.5457 -0.8286 -0.1248
vn 0.9015 0.3805 -0.2062
vn 0.3781 -0.9217 -0.0865
vn 0.9563 0.1939 -0.2188
vn 0.1959 -0.9796 -0.0448
vn 0.1959 0.9796 -0.0448
vn 0.3781 0.9217 -0.0865
vn 0.9563 -0.1939 -0.2188
vn 0.9015 -0.3805 -0.2062
vn 0.9806 0.1939 -0.0280
vn 0.3877 -0.9217 -0.0111
vn 0.2009 -0.9796 -0.0057
vn 0.2009 0.9796 -0.0057
vn 0.3877 0.9217 -0.0111
vn 0.9806 -0.1939 -0.0280
vn 0.9244 -0.3805 -0.0264
vn 0.5595 0.8286 -0.0160
vn 0.8330 -0.5528 -0.0238
vn 0.7099 0.7041 -0.0203
vn 0.7099 -0.7041 -0.0203
vn 0.8330 0.5528 -0.0238
vn 0.5595 -0.8286 -0.0160
vn 0.9244 0.3805 -0.0264
vn 0.8216 -0.5528 0.1392
vn 0.7002 0.7041 0.1186
vn 0.7002 -0.7041 0.1186
vn 0.8216 0.5528 0.1392
vn 0.5519 -0.8286 0.0935
vn 0.9118 0.3805 0.1545
vn 0.3824 -0.9217 0.0648
vn 0.9672 0.1939 0.1639
vn 0.1981 -0.9796 0.0336
vn 0.1981 0.9796 0.0336
vn 0.3824 0.9217 0.0648
vn 0.9672 -0.1939 0.1639
vn 0.9118 -0.3805 0.1545
vn 0.5519 0.8286 0.0935
vn 0.3624 -0.9217 0.1382
vn 0.1878 -0.9796 0.0716
vn 0.1878 0.9796 0.0716
vn 0.3624 0.9217 0.1382
vn 0.9167 -0.1939 0.3494
vn 0.8641 -0.3805 0.3294
vn 0.5231 0.8286 0.1994
vn 0.7787 -0.5528 0.2968
vn 0.6636 0.7041 0.2529
vn 0.6636 -0.7041 0.2529
vn 0.7787 0.5528 0.2968
vn 0.5231 -0.8286 0.1994
vn 0.8641 0.3805 0.3294
vn 0.9167 0.1939 0.3494
vn 0.7058 -0.5528 0.4430
vn 0.6015 -0.7041 0.3775
vn 0.7058 0.5528 0.4430
vn 0.4741 -0.8286 0.2976
vn 0.7833 0.3805 0.4916
vn 0.3285 -0.9217 0.2062
vn 0.8309 0.1939 0.5215
vn 0.1702 -0.9796 0.1068
vn 0.1702 0.9796 0.1068
vn 0.3285 0.9217 0.2062
vn 0.8309 -0.1939 0.5215
vn 0.7833 -0.3805 0.4916
vn 0.4741 0.8286 0.2976
vn 0.6015 0.7041 0.3775
vn 0.1461 0.9796 0.1380
vn 0.1461 -0.9796 0.1380
vn 0.2820 0.9217 0.2663
vn 0.7132 -0.1939 0.6736
vn 0.6723 -0.3805 0.6350
vn 0.4070 0.8286 0.3844
vn 0.6058 -0.5528 0.5722
vn 0.5163 0.7041 0.4876
vn 0.5163 -0.7041 0.4876
vn 0.6058 0.5528 0.5722
vn 0.4070 -0.8286 0.3844
vn 0.6723 0.3805 0.6350
vn 0.2820 -0.9217 0.2663
vn 0.7132 0.1939 0.6736
vn 0.4826 0.5528 0.6794
vn 0.3241 -0.8286 0.4564
vn 0.5355 0.3805 0.7539
vn 0.2246 -0.9217 0.3162
vn 0.5681 0.1939 0.7998
vn 0.1164 -0.9796 0.1638
vn 0.1164 0.9796 0.1638
vn 0.2246 0.9217 0.3162
vn 0.5681 -0.1939 0.7998
vn 0.5355 -0.3805 0.7539
vn 0.3241 0.8286 0.4564
vn 0.4826 -0.5528 0.6794
vn 0.4112 0.7041 0.5790
vn 0.4112 -0.7041 0.5790
vn 0.0822 0.9796 0.1834
vn 0.1586 0.9217 0.3540
vn 0.4011 -0.1939 0.8953
vn 0.3781 -0.3805 0.8439
vn 0.2289 0.8286 0.5108
vn 0.3407 -0.5528 0.7605
vn 0.2904 0.7041 0.6481
vn 0.2904 -0.7041 0.6481
vn 0.3407 0.5528 0.7605
vn 0.2289 -0.8286 0.5108
vn 0.3781 0.3805 0.8439
vn 0.1586 -0.9217 0.3540
vn 0.4011 0.1939 0.8953
vn 0.0822 -0.9796 0.1834
vn 0.1584 -0.7041 0.6923
vn 0.1248 -0.8286 0.5457
vn 0.1858 0.5528 0.8124
vn 0.2062 0.3805 0.9015
vn 0.0865 -0.9217 0.3781
vn 0.2188 0.1939 0.9563
vn 0.0448 -0.9796 0.1959
vn 0.0448 0.9796 0.1959
vn 0.0865 0.9217 0.3781
vn 0.2188 -0.1939 0.9563
vn 0.2062 -0.3805 0.9015
vn 0.1248 0.8286 0.5457
vn 0.1858 -0.5528 0.8124
vn 0.1584 0.7041 0.6923
vn -0.4069 -0.0980 -0.9082
vn -0.3160 -0.0975 -0.9437
vn -0.3159 -0.0976 -0.9437
vn -0.1639 -0.1939 0.9672
vn -0.0791 -0.9962 0.0368
vn -0.0690 -0.9965 0.0475
vn -0.0673 -0.9965 0.0491
vn 0.0445 0.9970 0.0637
vn 0.0316 0.9971 0.0693
vn 0.0307 0.9971 0.0695
vn 0.0666 0.2890 -0.9550
vn 0.2517 0.2890 -0.9237
vn 0.2616 -0.0975 -0.9602
vn 0.3545 -0.0980 -0.9299
vn -0.1210 0.2890 -0.9497
vn 0.2616 0.0976 -0.9602
vn -0.0123 0.9972 0.0740
vn 0.0021 0.9972 0.0746
vn -0.0128 0.9972 0.0739
vn -0.0893 -0.9958 0.0220
vn -0.0809 -0.9961 0.0346
vn -0.8353 0.3525 -0.4219
vn -0.7394 0.5241 -0.4226
vn -0.8363 0.3502 -0.4218
vn 0.0170 0.9972 0.0731
vn 0.0165 0.9972 0.0732
vn 0.1436 -0.8818 -0.4493
vn -0.0126 -0.8967 -0.4425
vn 0.1479 -0.8810 -0.4494
vn -0.0267 0.9971 0.0712
vn -0.0276 0.9971 0.0709
vn -0.0974 -0.9952 0.0045
vn -0.0910 -0.9957 0.0190
vn -0.6494 0.6309 -0.4246
vn -0.6974 0.5805 -0.4204
vn -0.6981 0.5796 -0.4204
vn -0.1690 -0.8818 -0.4403
vn -0.0408 0.9970 0.0661
vn -0.0420 0.9970 0.0656
vn -0.1026 -0.9946 -0.0155
vn -0.0987 -0.9951 0.0008
vn -0.7338 0.5319 -0.4226
vn -0.3668 -0.8224 -0.4350
vn -0.1733 -0.8810 -0.4403
vn -0.0544 0.9968 0.0588
vn -0.0560 0.9968 0.0578
vn -0.1041 -0.9939 -0.0375
vn -0.1033 -0.9945 -0.0198
vn 0.8099 0.3525 -0.4688
vn 0.7141 0.5241 -0.4641
vn 0.7085 0.5319 -0.4637
vn 0.3414 -0.8224 -0.4552
vn 0.3387 -0.8235 -0.4551
vn -0.0673 0.9965 0.0491
vn -0.0690 0.9965 0.0475
vn -0.1010 -0.9930 -0.0609
vn -0.1039 -0.9937 -0.0422
vn -0.5376 -0.7265 -0.4279
vn -0.3641 -0.8235 -0.4350
vn -0.0791 0.9962 0.0368
vn -0.0809 0.9961 0.0346
vn -0.0924 -0.9921 -0.0845
vn -0.0998 -0.9928 -0.0656
vn 0.5124 -0.7265 -0.4579
vn 0.5204 -0.7207 -0.4580
vn -0.0893 0.9958 0.0220
vn -0.0910 0.9957 0.0190
vn -0.0778 -0.9913 -0.1065
vn -0.0903 -0.9920 -0.0886
vn 0.8459 0.2559 -0.4680
vn 0.8109 0.3502 -0.4689
vn -0.5457 -0.7207 -0.4275
vn -0.5961 -0.6823 -0.4232
vn -0.0974 0.9952 0.0045
vn -0.0987 0.9951 0.0008
vn -0.0574 -0.9905 -0.1249
vn -0.0752 -0.9911 -0.1095
vn -0.6494 -0.6309 -0.4246
vn -0.5954 -0.6829 -0.4232
vn -0.1026 0.9946 -0.0155
vn -0.1033 0.9945 -0.0198
vn -0.0446 0.9901 -0.1333
vn -0.0549 0.9904 -0.1265
vn 0.0577 0.9968 0.0556
vn 0.0457 0.9970 0.0631
vn -0.8712 0.2559 -0.4190
vn -0.0560 -0.9968 0.0578
vn -0.0544 -0.9968 0.0588
vn 0.0700 0.9965 0.0452
vn 0.0592 0.9968 0.0545
vn -0.0420 -0.9970 0.0656
vn -0.0408 -0.9970 0.0661
vn 0.0811 0.9962 0.0322
vn 0.0716 0.9965 0.0435
vn -0.0276 -0.9971 0.0709
vn -0.0267 -0.9971 0.0712
vn 0.0165 -0.9972 0.0732
vn 0.0021 -0.9972 0.0746
vn 0.0170 -0.9972 0.0731
vn 0.0904 0.9958 0.0168
vn 0.0827 0.9961 0.0299
vn -0.0128 -0.9972 0.0739
vn -0.0123 -0.9972 0.0740
vn 0.0307 -0.9971 0.0695
vn 0.0316 -0.9971 0.0692
vn -0.0446 -0.9901 -0.1333
vn -0.0549 -0.9904 -0.1265
vn 0.0975 0.9952 -0.0011
vn 0.0919 0.9957 0.0137
vn 0.8459 -0.2559 -0.4680
vn 0.8109 -0.3502 -0.4689
vn 0.0445 -0.9970 0.0637
vn 0.0457 -0.9970 0.0631
vn 0.1016 0.9946 -0.0213
vn 0.0986 0.9951 -0.0049
vn 0.8099 -0.3525 -0.4688
vn 0.7141 -0.5241 -0.4640
vn 0.6241 0.6309 -0.4609
vn 0.5710 0.6823 -0.4565
vn 0.5703 0.6829 -0.4565
vn 0.0577 -0.9968 0.0556
vn 0.0592 -0.9968 0.0545
vn 0.1018 0.9939 -0.0434
vn 0.1020 0.9945 -0.0257
vn 0.6241 -0.6309 -0.4609
vn 0.6722 -0.5805 -0.4595
vn 0.6729 -0.5796 -0.4595
vn 0.5204 0.7207 -0.4580
vn 0.5124 0.7265 -0.4579
vn 0.0700 -0.9965 0.0452
vn 0.0716 -0.9965 0.0435
vn 0.0973 0.9930 -0.0666
vn 0.1013 0.9937 -0.0481
vn 0.7085 -0.5319 -0.4637
vn -0.3668 0.8224 -0.4350
vn -0.1733 0.8810 -0.4403
vn -0.3641 0.8235 -0.4350
vn 0.0811 -0.9962 0.0322
vn 0.0827 -0.9961 0.0299
vn 0.0874 0.9921 -0.0896
vn 0.0959 0.9928 -0.0711
vn 0.5710 -0.6823 -0.4565
vn 0.6234 -0.6317 -0.4609
vn -0.5457 0.7207 -0.4275
vn -0.5961 0.6823 -0.4232
vn -0.5954 0.6829 -0.4232
vn 0.0904 -0.9958 0.0168
vn 0.0919 -0.9957 0.0137
vn 0.0716 0.9913 -0.1108
vn 0.0851 0.9920 -0.0936
vn 0.5703 -0.6829 -0.4565
vn 0.3414 0.8224 -0.4552
vn 0.3387 0.8235 -0.4551
vn 0.0975 -0.9952 -0.0011
vn 0.0986 -0.9951 -0.0049
vn 0.0502 0.9905 -0.1279
vn 0.0688 0.9911 -0.1136
vn -0.7338 -0.5319 -0.4226
vn -0.6974 -0.5805 -0.4204
vn -0.6981 -0.5796 -0.4204
vn -0.1690 0.8818 -0.4403
vn -0.0126 0.8967 -0.4425
vn 0.1016 -0.9946 -0.0213
vn 0.1020 -0.9945 -0.0257
vn 0.0370 0.9901 -0.1357
vn 0.0476 0.9904 -0.1294
vn -0.6486 -0.6317 -0.4246
vn -0.6486 0.6317 -0.4246
vn 0.1018 -0.9939 -0.0434
vn 0.1013 -0.9937 -0.0481
vn -0.0574 0.9905 -0.1249
vn -0.0752 0.9911 -0.1095
vn -0.8353 -0.3525 -0.4219
vn -0.7394 -0.5241 -0.4226
vn -0.5376 0.7265 -0.4279
vn 0.0973 -0.9930 -0.0666
vn 0.0959 -0.9928 -0.0711
vn -0.0778 0.9913 -0.1065
vn -0.0903 0.9920 -0.0886
vn 0.6722 0.5805 -0.4595
vn 0.6729 0.5796 -0.4595
vn 0.0874 -0.9921 -0.0896
vn 0.0851 -0.9920 -0.0936
vn -0.0924 0.9921 -0.0845
vn -0.0998 0.9928 -0.0656
vn 0.6234 0.6317 -0.4609
vn 0.0716 -0.9913 -0.1108
vn 0.0688 -0.9911 -0.1136
vn -0.1010 0.9930 -0.0609
vn -0.1039 0.9937 -0.0422
vn 0.1436 0.8818 -0.4493
vn 0.0502 -0.9905 -0.1279
vn 0.0476 -0.9904 -0.1294
vn -0.1041 0.9939 -0.0375
vn -0.8712 -0.2559 -0.4190
vn -0.8363 -0.3502 -0.4218
vn 0.1479 0.8810 -0.4494
vn 0.0370 -0.9901 -0.1357
vn -0.2337 -0.0000 -0.9723
vn -0.0285 0.0001 -0.9996
vn -0.3086 0.2352 -0.9217
vn -0.3086 -0.2352 -0.9217
vn -0.2560 -0.2900 -0.9221
vn 0.2030 -0.2900 -0.9352
vn 0.2555 -0.2352 -0.9378
vn -0.3159 -0.0975 -0.9437
vn 0.2030 0.2900 -0.9352
vn 0.2555 0.2352 -0.9378
vn 0.2616 -0.0976 -0.9602
vn 0.2616 0.0975 -0.9602
vt 0.938568 0.437404
vt 0.995617 0.406466
vt 0.995617 0.437404
vt 0.995617 0.499280
vt 0.938568 0.468342
vt 0.995617 0.468342
vt 0.995617 0.530217
vt 0.938568 0.499280
vt 0.995617 0.561155
vt 0.938568 0.530217
vt 0.938568 0.592093
vt 0.995617 0.592093
vt 0.995617 0.623031
vt 0.995617 0.653969
vt 0.938568 0.623031
vt 0.995617 0.684906
vt 0.938568 0.653969
vt 0.995618 0.777720
vt 0.938568 0.746782
vt 0.995618 0.746782
vt 0.938568 0.715844
vt 0.995617 0.715844
vt 0.995618 0.839595
vt 0.938568 0.808658
vt 0.995618 0.808658
vt 0.938568 0.777720
vt 0.995618 0.870533
vt 0.938568 0.839595
vt 0.938568 0.994284
vt 0.995618 0.963347
vt 0.995618 0.994284
vt 0.938568 0.932409
vt 0.995618 0.901471
vt 0.995618 0.932409
vt 0.938568 0.035213
vt 0.995618 0.004276
vt 0.995618 0.035213
vt 0.938568 0.128027
vt 0.995618 0.097089
vt 0.995618 0.128027
vt 0.938568 0.066151
vt 0.995618 0.066151
vt 0.938568 0.158964
vt 0.995618 0.158964
vt 0.938568 0.189902
vt 0.995618 0.189902
vt 0.938568 0.220840
vt 0.995618 0.220840
vt 0.938568 0.870533
vt 0.938568 0.282715
vt 0.995618 0.251778
vt 0.995618 0.282715
vt 0.938568 0.313653
vt 0.995618 0.313653
vt 0.938568 0.251778
vt 0.522829 0.713543
vt 0.687194 0.578653
vt 0.822084 0.743017
vt 0.938568 0.375529
vt 0.995617 0.344591
vt 0.995617 0.375529
vt 0.938568 0.344591
vt 0.932880 0.406252
vt 0.932880 0.375743
vt 0.927193 0.376261
vt 0.932881 0.096874
vt 0.932881 0.066365
vt 0.927193 0.066883
vt 0.932881 0.065937
vt 0.932881 0.035428
vt 0.927193 0.065419
vt 0.927193 0.035945
vt 0.932881 0.963132
vt 0.932881 0.932623
vt 0.927193 0.933141
vt 0.932880 0.746568
vt 0.932880 0.716058
vt 0.927193 0.746050
vt 0.927193 0.716576
vt 0.938568 0.684906
vt 0.932880 0.715630
vt 0.932880 0.685121
vt 0.927193 0.715112
vt 0.927193 0.685638
vt 0.932880 0.684692
vt 0.932880 0.654183
vt 0.927193 0.684175
vt 0.927193 0.654700
vt 0.932880 0.623245
vt 0.927193 0.653237
vt 0.927193 0.623763
vt 0.932880 0.592307
vt 0.932880 0.622816
vt 0.927193 0.592825
vt 0.927193 0.807926
vt 0.932880 0.777934
vt 0.932880 0.808443
vt 0.927193 0.871265
vt 0.932881 0.901257
vt 0.927193 0.900739
vt 0.932880 0.870748
vt 0.938568 0.901471
vt 0.927193 0.281983
vt 0.932880 0.251992
vt 0.932880 0.282501
vt 0.927193 0.312921
vt 0.932880 0.282930
vt 0.932880 0.313439
vt 0.927193 0.343859
vt 0.932880 0.313868
vt 0.932880 0.344377
vt 0.927193 0.438136
vt 0.932880 0.468128
vt 0.927193 0.467610
vt 0.932880 0.437619
vt 0.927193 0.469074
vt 0.932880 0.499065
vt 0.927193 0.498548
vt 0.932880 0.406681
vt 0.938568 0.406466
vt 0.932880 0.437190
vt 0.927193 0.407198
vt 0.932880 0.375314
vt 0.932880 0.344805
vt 0.927193 0.345323
vt 0.932880 0.221054
vt 0.932880 0.251563
vt 0.927193 0.221572
vt 0.932881 0.190116
vt 0.932880 0.220626
vt 0.927193 0.190634
vt 0.932881 0.159179
vt 0.932881 0.189688
vt 0.927193 0.159696
vt 0.932881 0.128241
vt 0.932881 0.158750
vt 0.927193 0.128758
vt 0.938568 0.097089
vt 0.932881 0.127812
vt 0.932881 0.097303
vt 0.927193 0.097821
vt 0.938568 0.004275
vt 0.932881 0.034999
vt 0.932881 0.004490
vt 0.927194 0.034481
vt 0.927194 0.005007
vt 0.932881 0.963561
vt 0.938568 0.963347
vt 0.932881 0.994070
vt 0.927193 0.964079
vt 0.932881 0.901685
vt 0.932881 0.932194
vt 0.927193 0.902203
vt 0.932880 0.870319
vt 0.932880 0.839810
vt 0.927193 0.869801
vt 0.927193 0.840327
vt 0.932880 0.839381
vt 0.932880 0.808872
vt 0.927193 0.838863
vt 0.927193 0.809389
vt 0.932880 0.746996
vt 0.927193 0.776988
vt 0.927193 0.747514
vt 0.938568 0.561155
vt 0.932880 0.591879
vt 0.932880 0.561370
vt 0.927193 0.561887
vt 0.932880 0.560941
vt 0.932880 0.530432
vt 0.927193 0.560423
vt 0.927193 0.530949
vt 0.932880 0.530003
vt 0.932880 0.499494
vt 0.927193 0.500012
vt 0.066425 0.238406
vt 0.037734 0.222847
vt 0.066425 0.222847
vt 0.066425 0.269524
vt 0.037734 0.253965
vt 0.066425 0.253965
vt 0.037734 0.285082
vt 0.066425 0.285082
vt 0.037734 0.300641
vt 0.066425 0.300641
vt 0.037734 0.316200
vt 0.066425 0.316200
vt 0.066425 0.331759
vt 0.037734 0.347318
vt 0.066425 0.347318
vt 0.066425 0.362877
vt 0.066425 0.409553
vt 0.037734 0.393994
vt 0.066425 0.393994
vt 0.066425 0.378435
vt 0.037734 0.362876
vt 0.066425 0.440671
vt 0.037734 0.425112
vt 0.066425 0.425112
vt 0.066425 0.456230
vt 0.037734 0.440671
vt 0.066425 0.518465
vt 0.037734 0.502906
vt 0.066425 0.502906
vt 0.037734 0.487347
vt 0.066425 0.471789
vt 0.066425 0.487347
vt 0.037734 0.036141
vt 0.066425 0.020582
vt 0.066425 0.036141
vt 0.066425 0.082818
vt 0.037734 0.067259
vt 0.066425 0.067259
vt 0.037734 0.051700
vt 0.066425 0.051700
vt 0.037734 0.098376
vt 0.066425 0.098376
vt 0.037734 0.113935
vt 0.066425 0.113935
vt 0.037734 0.129494
vt 0.066425 0.129494
vt 0.037734 0.471789
vt 0.037734 0.160612
vt 0.066425 0.145053
vt 0.066425 0.160612
vt 0.037734 0.176171
vt 0.066425 0.176171
vt 0.037734 0.145053
vt 0.210190 0.191510
vt 0.115884 0.141103
vt 0.166292 0.046797
vt 0.037734 0.207288
vt 0.066425 0.191729
vt 0.066425 0.207288
vt 0.037734 0.191729
vt 0.034874 0.207396
vt 0.032014 0.222479
vt 0.032014 0.207656
vt 0.034874 0.067151
vt 0.034874 0.051808
vt 0.032014 0.066891
vt 0.032014 0.052068
vt 0.034874 0.036249
vt 0.032014 0.051332
vt 0.032014 0.036509
vt 0.034874 0.487455
vt 0.034874 0.502799
vt 0.032014 0.487715
vt 0.037734 0.378435
vt 0.034874 0.393887
vt 0.034874 0.378543
vt 0.032014 0.393626
vt 0.032014 0.378803
vt 0.034874 0.362984
vt 0.034874 0.378328
vt 0.032014 0.363245
vt 0.034874 0.362769
vt 0.034874 0.347426
vt 0.032014 0.347686
vt 0.037734 0.331759
vt 0.034874 0.347210
vt 0.034874 0.331867
vt 0.032014 0.346950
vt 0.032014 0.332127
vt 0.034874 0.331651
vt 0.034874 0.316308
vt 0.032014 0.316568
vt 0.032014 0.424744
vt 0.034874 0.409661
vt 0.034874 0.425004
vt 0.032014 0.456598
vt 0.034874 0.471681
vt 0.032014 0.471421
vt 0.037734 0.456230
vt 0.032014 0.160244
vt 0.034874 0.145161
vt 0.034874 0.160504
vt 0.032014 0.175802
vt 0.034874 0.160720
vt 0.034874 0.176063
vt 0.032014 0.176539
vt 0.034874 0.191622
vt 0.032014 0.191361
vt 0.032014 0.238774
vt 0.034874 0.253857
vt 0.032014 0.253597
vt 0.037734 0.238406
vt 0.032014 0.254333
vt 0.034874 0.269416
vt 0.032014 0.269156
vt 0.037734 0.269524
vt 0.034874 0.222955
vt 0.034874 0.238298
vt 0.032014 0.223215
vt 0.034874 0.191837
vt 0.034874 0.207181
vt 0.032014 0.192097
vt 0.034874 0.129602
vt 0.034874 0.144945
vt 0.032014 0.129862
vt 0.034874 0.114043
vt 0.034874 0.129386
vt 0.032014 0.114303
vt 0.034874 0.098484
vt 0.032014 0.113567
vt 0.032014 0.098744
vt 0.034874 0.082925
vt 0.037734 0.082818
vt 0.032014 0.098008
vt 0.032014 0.083186
vt 0.034874 0.067366
vt 0.034874 0.082710
vt 0.032014 0.067627
vt 0.034874 0.020690
vt 0.037734 0.020582
vt 0.032014 0.035773
vt 0.032014 0.020950
vt 0.037734 0.518465
vt 0.034874 0.503014
vt 0.034874 0.518358
vt 0.032014 0.503274
vt 0.034874 0.487240
vt 0.034874 0.471896
vt 0.032014 0.486979
vt 0.032014 0.472157
vt 0.034874 0.440779
vt 0.032014 0.455862
vt 0.032014 0.441039
vt 0.034874 0.425220
vt 0.032014 0.440303
vt 0.032014 0.425480
vt 0.034874 0.409445
vt 0.034874 0.394102
vt 0.032014 0.409185
vt 0.032014 0.394362
vt 0.034874 0.300749
vt 0.032014 0.315832
vt 0.032014 0.301009
vt 0.034874 0.300533
vt 0.034874 0.285190
vt 0.032014 0.300273
vt 0.032014 0.285450
vt 0.034874 0.284975
vt 0.034874 0.269631
vt 0.032014 0.284714
vt 0.032014 0.269892
vt 0.861431 0.950756
vt 0.830972 0.919728
vt 0.861643 0.920161
vt 0.892137 0.950466
vt 0.892142 0.920348
vt 0.831344 0.889473
vt 0.861900 0.889860
vt 0.892387 0.890178
vt 0.862201 0.859632
vt 0.892691 0.859991
vt 0.831686 0.859254
vt 0.862521 0.829426
vt 0.893013 0.829797
vt 0.832019 0.829049
vt 0.862846 0.799226
vt 0.893340 0.799601
vt 0.832349 0.798849
vt 0.863174 0.769028
vt 0.893668 0.769405
vt 0.832679 0.768651
vt 0.863503 0.738831
vt 0.893997 0.739208
vt 0.833009 0.738454
vt 0.863832 0.708634
vt 0.894326 0.709011
vt 0.833338 0.708256
vt 0.864161 0.678437
vt 0.894655 0.678814
vt 0.833667 0.678059
vt 0.864491 0.648240
vt 0.894984 0.648617
vt 0.864820 0.618044
vt 0.895313 0.618420
vt 0.833997 0.647862
vt 0.834327 0.617665
vt 0.865149 0.587854
vt 0.895640 0.588223
vt 0.834662 0.587468
vt 0.865470 0.557686
vt 0.895957 0.558021
vt 0.835014 0.557273
vt 0.865747 0.527627
vt 0.896232 0.527794
vt 0.927193 0.525944
vt 0.895703 0.497976
vt 0.926108 0.497322
vt 0.804620 0.524659
vt 0.836554 0.497364
vt 0.835452 0.527089
vt 0.866104 0.498010
vt 0.806239 0.496144
vt 0.837114 0.468314
vt 0.866418 0.468730
vt 0.895681 0.468907
vt 0.925749 0.468911
vt 0.807107 0.467811
vt 0.837217 0.439406
vt 0.866611 0.439554
vt 0.896003 0.439974
vt 0.925994 0.440697
vt 0.807330 0.439670
vt 0.836795 0.410092
vt 0.866740 0.410174
vt 0.896856 0.410462
vt 0.927193 0.412623
vt 0.866933 0.380570
vt 0.896901 0.380639
vt 0.837014 0.380351
vt 0.867081 0.351013
vt 0.896877 0.351030
vt 0.837290 0.350765
vt 0.867221 0.321588
vt 0.896841 0.321605
vt 0.867380 0.292293
vt 0.896817 0.292360
vt 0.837571 0.321340
vt 0.837829 0.292067
vt 0.867440 0.263108
vt 0.896917 0.263200
vt 0.867629 0.234020
vt 0.896905 0.234097
vt 0.838042 0.262883
vt 0.838278 0.233804
vt 0.867682 0.205020
vt 0.897004 0.205093
vt 0.838483 0.204800
vt 0.867837 0.176136
vt 0.896965 0.176143
vt 0.838736 0.175906
vt 0.867966 0.147381
vt 0.896912 0.147385
vt 0.838991 0.147156
vt 0.868113 0.118747
vt 0.896874 0.118808
vt 0.839218 0.118548
vt 0.868187 0.090189
vt 0.896965 0.090333
vt 0.839379 0.090017
vt 0.868282 0.061661
vt 0.897098 0.061832
vt 0.839510 0.061520
vt 0.868346 0.033104
vt 0.897258 0.033293
vt 0.839601 0.033049
vt 0.868468 0.004275
vt 0.897507 0.004808
vt 0.537084 0.270566
vt 0.509549 0.280688
vt 0.508792 0.269706
vt 0.048705 0.723116
vt 0.096978 0.687790
vt 0.092418 0.724568
vt 0.480682 0.285383
vt 0.479551 0.268724
vt 0.133763 0.696362
vt 0.130209 0.725724
vt 0.450154 0.290255
vt 0.448628 0.267611
vt 0.166765 0.703917
vt 0.164073 0.726677
vt 0.417128 0.295465
vt 0.415165 0.266369
vt 0.197168 0.710734
vt 0.195241 0.727429
vt 0.380545 0.301215
vt 0.378096 0.265012
vt 0.225866 0.717025
vt 0.224629 0.728006
vt 0.338962 0.307780
vt 0.336127 0.263637
vt 0.252996 0.728435
vt 0.253600 0.722970
vt 0.312275 0.262955
vt 0.315549 0.311535
vt 0.565128 0.271328
vt 0.537469 0.276041
vt 0.281066 0.728758
vt 0.327849 0.358666
vt 0.538911 0.281338
vt 0.255256 0.717729
vt 0.512419 0.291317
vt 0.069482 0.634700
vt 0.108702 0.652739
vt 0.485006 0.301506
vt 0.143000 0.668314
vt 0.455999 0.312169
vt 0.173845 0.682148
vt 0.424601 0.323614
vt 0.202309 0.694748
vt 0.389789 0.336233
vt 0.229218 0.706500
vt 0.350140 0.350557
vt 0.157510 0.642667
vt 0.185018 0.662205
vt 0.437315 0.349810
vt 0.210458 0.680081
vt 0.405527 0.368856
vt 0.234552 0.696833
vt 0.369268 0.390485
vt 0.257902 0.712911
vt 0.348887 0.402701
vt 0.541356 0.286255
vt 0.517294 0.301192
vt 0.092206 0.595560
vt 0.127000 0.620773
vt 0.492361 0.316495
vt 0.465944 0.332550
vt 0.544712 0.290606
vt 0.261434 0.708701
vt 0.523994 0.309941
vt 0.121950 0.561724
vt 0.151082 0.593071
vt 0.502475 0.329791
vt 0.176688 0.620386
vt 0.479627 0.350650
vt 0.199835 0.644841
vt 0.454817 0.373103
vt 0.221294 0.667290
vt 0.427221 0.397906
vt 0.241662 0.688391
vt 0.395698 0.426101
vt 0.377986 0.442010
vt 0.476484 0.392635
vt 0.234396 0.656854
vt 0.454108 0.422310
vt 0.250274 0.681495
vt 0.428504 0.456071
vt 0.265718 0.705259
vt 0.414128 0.475107
vt 0.548852 0.294224
vt 0.532270 0.317233
vt 0.157523 0.534380
vt 0.179977 0.570626
vt 0.514977 0.340897
vt 0.199767 0.602285
vt 0.496553 0.365799
vt 0.217711 0.630703
vt 0.541813 0.322790
vt 0.197544 0.514471
vt 0.212560 0.554220
vt 0.529409 0.349392
vt 0.225852 0.589009
vt 0.516106 0.377427
vt 0.237957 0.620301
vt 0.501537 0.407676
vt 0.249262 0.649160
vt 0.485223 0.441154
vt 0.260060 0.676403
vt 0.466505 0.479264
vt 0.270591 0.702717
vt 0.456010 0.500738
vt 0.553620 0.296970
vt 0.265329 0.644488
vt 0.529069 0.417655
vt 0.519442 0.453724
vt 0.270648 0.673307
vt 0.508321 0.494802
vt 0.275865 0.701172
vt 0.502104 0.517932
vt 0.558838 0.298738
vt 0.552268 0.326395
vt 0.240485 0.502650
vt 0.247592 0.544403
vt 0.545240 0.354949
vt 0.253952 0.581013
vt 0.537577 0.385091
vt 0.259807 0.614007
vt 0.284738 0.499260
vt 0.283766 0.541471
vt 0.561886 0.357346
vt 0.283023 0.578554
vt 0.560182 0.388487
vt 0.282448 0.612034
vt 0.558083 0.422181
vt 0.281997 0.643008
vt 0.555526 0.459538
vt 0.281637 0.672322
vt 0.552431 0.502096
vt 0.281341 0.700682
vt 0.550726 0.526040
vt 0.564305 0.299455
vt 0.563245 0.327904
vt 0.298645 0.644772
vt 0.292616 0.673488
vt 0.592174 0.458355
vt 0.597239 0.500866
vt 0.286809 0.701267
vt 0.600111 0.524761
vt 0.569814 0.299092
vt 0.574329 0.327248
vt 0.328676 0.504316
vt 0.319766 0.545461
vt 0.578730 0.356470
vt 0.312007 0.581685
vt 0.583096 0.387459
vt 0.305048 0.614440
vt 0.587530 0.421056
vt 0.585097 0.324438
vt 0.595140 0.352327
vt 0.339876 0.590263
vt 0.605475 0.382005
vt 0.326792 0.621134
vt 0.616345 0.414278
vt 0.314660 0.649719
vt 0.628076 0.450182
vt 0.303171 0.676764
vt 0.641146 0.491147
vt 0.292062 0.702906
vt 0.648491 0.514149
vt 0.575152 0.297659
vt 0.370729 0.517506
vt 0.354321 0.556155
vt 0.661971 0.435259
vt 0.682624 0.473271
vt 0.296899 0.705538
vt 0.694180 0.494600
vt 0.580113 0.295207
vt 0.595135 0.319565
vt 0.409473 0.538206
vt 0.386271 0.573108
vt 0.610491 0.345038
vt 0.365669 0.603971
vt 0.626489 0.372273
vt 0.346903 0.631884
vt 0.643491 0.402027
vt 0.329450 0.657678
vt 0.312902 0.682033
vt 0.388528 0.622357
vt 0.624182 0.334839
vt 0.645335 0.358549
vt 0.364660 0.646335
vt 0.667980 0.384646
vt 0.342463 0.668376
vt 0.692694 0.414017
vt 0.321439 0.689107
vt 0.720298 0.447836
vt 0.301133 0.709066
vt 0.735667 0.466823
vt 0.584503 0.291826
vt 0.604045 0.312800
vt 0.443725 0.565525
vt 0.414636 0.595701
vt 0.328448 0.697726
vt 0.304600 0.713355
vt 0.771741 0.431788
vt 0.588148 0.287646
vt 0.611468 0.304392
vt 0.472696 0.598386
vt 0.438679 0.623254
vt 0.635648 0.322079
vt 0.407695 0.644889
vt 0.661249 0.341257
vt 0.379405 0.664035
vt 0.688884 0.362607
vt 0.353193 0.681447
vt 0.719218 0.386998
vt 0.753046 0.415613
vt 0.673502 0.320967
vt 0.422446 0.671006
vt 0.390526 0.684429
vt 0.705276 0.336494
vt 0.361199 0.696432
vt 0.740631 0.354703
vt 0.333647 0.707572
vt 0.780233 0.377318
vt 0.307164 0.718244
vt 0.801711 0.390661
vt 0.590902 0.282827
vt 0.617092 0.294662
vt 0.496298 0.635812
vt 0.457951 0.655299
vt 0.644385 0.307227
vt 0.799748 0.352161
vt 0.808952 0.365749
vt 0.592656 0.277559
vt 0.308724 0.723544
vt 0.620679 0.283996
vt 0.506912 0.673551
vt 0.470860 0.691419
vt 0.649978 0.290868
vt 0.431881 0.700002
vt 0.681425 0.298440
vt 0.397445 0.706827
vt 0.716151 0.307135
vt 0.366113 0.712777
vt 0.755600 0.317822
vt 0.336818 0.718270
vt 0.788679 0.327568
vt 0.792964 0.337505
vt 0.435128 0.730962
vt 0.399689 0.730360
vt 0.720406 0.275681
vt 0.367674 0.729835
vt 0.762250 0.276637
vt 0.337820 0.729400
vt 0.309216 0.729050
vt 0.593339 0.272049
vt 0.622074 0.272828
vt 0.494049 0.716373
vt 0.493395 0.731649
vt 0.652146 0.273694
vt 0.684486 0.274655
vt 0.308618 0.734547
vt 0.621222 0.261615
vt 0.495788 0.762040
vt 0.500178 0.776862
vt 0.470153 0.771879
vt 0.650795 0.256469
vt 0.476216 0.731552
vt 0.431338 0.761950
vt 0.682495 0.250831
vt 0.396991 0.753888
vt 0.717413 0.244264
vt 0.365775 0.746878
vt 0.757019 0.235829
vt 0.336600 0.740515
vt 0.592926 0.266515
vt 0.360501 0.763169
vt 0.708102 0.214860
vt 0.744121 0.199197
vt 0.333209 0.751168
vt 0.306955 0.739821
vt 0.591436 0.261175
vt 0.618173 0.250816
vt 0.506514 0.790504
vt 0.494832 0.829006
vt 0.456325 0.808237
vt 0.646036 0.239939
vt 0.421146 0.790982
vt 0.675737 0.228145
vt 0.389539 0.776248
vt 0.613069 0.240857
vt 0.469635 0.866702
vt 0.435821 0.840251
vt 0.638138 0.224766
vt 0.405525 0.816979
vt 0.664708 0.207479
vt 0.377825 0.796509
vt 0.693392 0.188388
vt 0.352114 0.778039
vt 0.724797 0.166727
vt 0.327788 0.760930
vt 0.759237 0.141749
vt 0.782981 0.179625
vt 0.304290 0.744665
vt 0.778076 0.127736
vt 0.803668 0.168118
vt 0.588929 0.256236
vt 0.674215 0.165552
vt 0.700671 0.138827
vt 0.341002 0.790913
vt 0.320565 0.769423
vt 0.730108 0.108515
vt 0.300730 0.748891
vt 0.746414 0.091566
vt 0.585509 0.251888
vt 0.606129 0.232118
vt 0.438895 0.899113
vt 0.410505 0.867368
vt 0.627475 0.211512
vt 0.385446 0.839152
vt 0.650005 0.189533
vt 0.362470 0.813935
vt 0.403029 0.925422
vt 0.380957 0.889153
vt 0.614499 0.200641
vt 0.361750 0.856943
vt 0.632253 0.174862
vt 0.344147 0.827964
vt 0.651312 0.146908
vt 0.327637 0.801328
vt 0.672201 0.115949
vt 0.311834 0.776324
vt 0.695685 0.080893
vt 0.296415 0.752338
vt 0.708771 0.061252
vt 0.581311 0.248298
vt 0.597641 0.224925
vt 0.301941 0.781379
vt 0.656759 0.059953
vt 0.291513 0.754872
vt 0.666049 0.038163
vt 0.576499 0.245600
vt 0.587938 0.219537
vt 0.362977 0.944700
vt 0.348023 0.904995
vt 0.599723 0.192522
vt 0.335258 0.869853
vt 0.612123 0.163921
vt 0.323562 0.838157
vt 0.625454 0.132986
vt 0.312549 0.808923
vt 0.640131 0.098766
vt 0.583705 0.187429
vt 0.306879 0.877477
vt 0.590347 0.157062
vt 0.301468 0.844190
vt 0.597513 0.124233
vt 0.296315 0.813439
vt 0.605451 0.087894
vt 0.291268 0.784405
vt 0.614521 0.046585
vt 0.286214 0.756400
vt 0.619582 0.023360
vt 0.571260 0.243893
vt 0.577396 0.216145
vt 0.320003 0.956187
vt 0.312758 0.914362
vt 0.570404 0.041412
vt 0.280223 0.785296
vt 0.280722 0.756865
vt 0.570972 0.017568
vt 0.565795 0.243240
vt 0.566417 0.214868
vt 0.275577 0.959395
vt 0.276358 0.916898
vt 0.567043 0.185529
vt 0.277598 0.879556
vt 0.567711 0.154513
vt 0.278663 0.845863
vt 0.568457 0.120964
vt 0.279539 0.814727
vt 0.569332 0.083775
vt 0.248454 0.875999
vt 0.545039 0.156361
vt 0.255974 0.843120
vt 0.539328 0.123317
vt 0.262846 0.812745
vt 0.533057 0.086622
vt 0.269225 0.784024
vt 0.525991 0.044748
vt 0.275247 0.756251
vt 0.521973 0.021162
vt 0.560312 0.243663
vt 0.555415 0.215742
vt 0.231271 0.954174
vt 0.240096 0.912484
vt 0.550358 0.186881
vt 0.258689 0.780640
vt 0.270000 0.754582
vt 0.474417 0.034144
vt 0.555021 0.245143
vt 0.544805 0.218730
vt 0.188585 0.940811
vt 0.205268 0.901236
vt 0.534268 0.191426
vt 0.220501 0.866906
vt 0.523170 0.162538
vt 0.234233 0.836048
vt 0.511203 0.131231
vt 0.246858 0.807569
vt 0.497961 0.096391
vt 0.482930 0.056582
vt 0.194764 0.852544
vt 0.214253 0.824890
vt 0.485153 0.144439
vt 0.232176 0.799387
vt 0.465363 0.112762
vt 0.249015 0.775273
vt 0.442871 0.076564
vt 0.265179 0.751923
vt 0.430132 0.056154
vt 0.550122 0.247621
vt 0.534985 0.223712
vt 0.149051 0.919017
vt 0.173102 0.883358
vt 0.519375 0.198989
vt 0.502922 0.172815
vt 0.545801 0.251001
vt 0.260970 0.748377
vt 0.526324 0.230499
vt 0.113976 0.889851
vt 0.144884 0.859442
vt 0.506236 0.209282
vt 0.172254 0.833397
vt 0.485043 0.186797
vt 0.196801 0.810041
vt 0.462249 0.162460
vt 0.219360 0.788503
vt 0.436468 0.135151
vt 0.240572 0.768128
vt 0.407390 0.104010
vt 0.390889 0.086453
vt 0.442841 0.184310
vt 0.208907 0.775327
vt 0.412666 0.162859
vt 0.233683 0.759475
vt 0.377942 0.137898
vt 0.257534 0.744080
vt 0.358319 0.123891
vt 0.542219 0.255155
vt 0.519148 0.238830
vt 0.085416 0.854169
vt 0.121879 0.830360
vt 0.495345 0.221914
vt 0.153902 0.810171
vt 0.470187 0.203947
vt 0.182571 0.792055
vt 0.539514 0.259924
vt 0.513725 0.248388
vt 0.064381 0.813387
vt 0.105097 0.797238
vt 0.487115 0.236409
vt 0.140467 0.783769
vt 0.458981 0.223670
vt 0.172127 0.771624
vt 0.428464 0.209808
vt 0.201224 0.760363
vt 0.394586 0.194493
vt 0.228613 0.749647
vt 0.355653 0.176830
vt 0.255001 0.739197
vt 0.333675 0.166946
vt 0.165883 0.749544
vt 0.196610 0.744188
vt 0.419295 0.237509
vt 0.383118 0.229031
vt 0.225556 0.739021
vt 0.341381 0.219336
vt 0.253469 0.733914
vt 0.318003 0.214032
vt 0.537787 0.265126
vt 0.510259 0.258811
vt 0.051769 0.769055
vt 0.095407 0.761462
vt 0.481854 0.252212
vt 0.132494 0.755244
vt 0.451829 0.245170
vt 0.024023 0.722245
vt 0.027366 0.773221
vt 0.041350 0.822434
vt 0.064729 0.867539
vt 0.096357 0.907011
vt 0.135139 0.939570
vt 0.179414 0.962703
vt 0.226205 0.977506
vt 0.274985 0.983266
vt 0.323912 0.979712
vt 0.371206 0.967043
vt 0.415223 0.945840
vt 0.454560 0.917015
vt 0.488201 0.881752
vt 0.516736 0.624386
vt 0.522674 0.647639
vt 0.513731 0.660012
vt 0.491325 0.584460
vt 0.459856 0.548669
vt 0.422419 0.518665
vt 0.379911 0.495819
vt 0.333662 0.481194
vt 0.285265 0.475515
vt 0.236465 0.479147
vt 0.189067 0.492086
vt 0.144854 0.513960
vt 0.105515 0.544055
vt 0.072574 0.581337
vt 0.030889 0.672039
vt 0.054743 0.677744
vt 0.410004 0.492514
vt 0.025718 0.834792
vt 0.780480 0.261249
vt 0.779773 0.276807
vt 0.793639 0.217838
vt 0.522284 0.817390
vt 0.515805 0.841386
vt 0.786537 0.323304
vt 0.800567 0.204149
vt 0.004417 0.717576
vt 0.010876 0.670337
vt 0.455908 0.517978
vt 0.522513 0.799186
vt 0.531016 0.811312
vt 0.008864 0.781519
vt 0.780252 0.292484
vt 0.790403 0.277595
vt 0.790854 0.292346
vt 0.047344 0.624505
vt 0.013186 0.662868
vt 0.028668 0.618144
vt 0.505621 0.534053
vt 0.519528 0.792746
vt 0.510392 0.798042
vt 0.003975 0.725550
vt 0.790339 0.276181
vt 0.032597 0.611578
vt 0.056335 0.570962
vt 0.557232 0.540317
vt 0.513246 0.804502
vt 0.520410 0.794735
vt 0.523095 0.800813
vt 0.782562 0.246102
vt 0.790799 0.262153
vt 0.061562 0.565641
vt 0.092555 0.530563
vt 0.608852 0.536745
vt 0.522644 0.665296
vt 0.782084 0.307949
vt 0.790779 0.291759
vt 0.792503 0.306310
vt 0.098685 0.526727
vt 0.135699 0.498412
vt 0.658697 0.523676
vt 0.796819 0.235354
vt 0.792529 0.249251
vt 0.142295 0.496173
vt 0.183893 0.475592
vt 0.705167 0.501763
vt 0.796637 0.319317
vt 0.190522 0.474930
vt 0.235118 0.462756
vt 0.746917 0.471920
vt 0.526833 0.643681
vt 0.530054 0.654874
vt 0.787121 0.231332
vt 0.797755 0.232797
vt 0.795713 0.236617
vt 0.241395 0.463526
vt 0.287310 0.460109
vt 0.782948 0.435272
vt 0.798777 0.231108
vt 0.789292 0.227272
vt 0.292934 0.462073
vt 0.338470 0.467416
vt 0.527075 0.622097
vt 0.536576 0.640251
vt 0.052778 0.882940
vt 0.526535 0.821548
vt 0.530029 0.810002
vt 0.534029 0.813914
vt 0.369741 0.458491
vt 0.088578 0.924392
vt 0.336771 0.417140
vt 0.132151 0.957521
vt 0.312456 0.370043
vt 0.293132 0.258786
vt 0.298521 0.212755
vt 0.180183 0.979884
vt 0.297766 0.319054
vt 0.300431 0.205194
vt 0.315177 0.160892
vt 0.813306 0.370174
vt 0.812801 0.393501
vt 0.230472 0.993385
vt 0.817183 0.358195
vt 0.821279 0.362357
vt 0.293172 0.266140
vt 0.318927 0.154254
vt 0.342114 0.113744
vt 0.282100 0.997126
vt 0.809499 0.346775
vt 0.818159 0.359560
vt 0.512025 0.686630
vt 0.502652 0.682875
vt 0.347215 0.108320
vt 0.377860 0.073095
vt 0.333086 0.991149
vt 0.806460 0.340035
vt 0.796880 0.345401
vt 0.500526 0.686887
vt 0.511020 0.688294
vt 0.509019 0.692069
vt 0.383976 0.069138
vt 0.420899 0.040631
vt 0.381647 0.975952
vt 0.807346 0.342117
vt 0.810044 0.348477
vt 0.504166 0.746212
vt 0.505931 0.760382
vt 0.427534 0.038327
vt 0.469201 0.017618
vt 0.426242 0.952375
vt 0.798655 0.323816
vt 0.802686 0.333166
vt 0.510860 0.775557
vt 0.502292 0.780965
vt 0.475877 0.016931
vt 0.520622 0.004716
vt 0.465643 0.921535
vt 0.797593 0.322068
vt 0.496062 0.701461
vt 0.510096 0.690832
vt 0.505896 0.704544
vt 0.526940 0.005484
vt 0.573042 0.002103
vt 0.499066 0.884776
vt 0.807442 0.213929
vt 0.797622 0.210467
vt 0.493911 0.746980
vt 0.503794 0.732388
vt 0.504280 0.746813
vt 0.578700 0.004078
vt 0.624437 0.009527
vt 0.526480 0.843903
vt 0.806544 0.215884
vt 0.802796 0.222819
vt 0.511874 0.777256
vt 0.515847 0.786232
vt 0.629241 0.012406
vt 0.672961 0.026334
vt 0.501931 0.581882
vt 0.525839 0.619448
vt 0.809636 0.191647
vt 0.809575 0.209511
vt 0.509921 0.772951
vt 0.676828 0.029801
vt 0.717024 0.051525
vt 0.470865 0.544693
vt 0.500473 0.578368
vt 0.520543 0.669662
vt 0.510834 0.666260
vt 0.719975 0.055280
vt 0.755392 0.083801
vt 0.433527 0.512710
vt 0.468751 0.540941
vt 0.519659 0.671595
vt 0.515969 0.678454
vt 0.757527 0.087580
vt 0.787317 0.121612
vt 0.390603 0.487484
vt 0.430598 0.508980
vt 0.503767 0.731008
vt 0.788795 0.125153
vt 0.812874 0.163147
vt 0.343245 0.470278
vt 0.386760 0.484039
vt 0.813850 0.187650
vt 0.817090 0.198977
vt 0.504209 0.717239
vt 0.814130 0.165819
vt 0.823710 0.184196
vt 0.816334 0.771925
vt 0.805055 0.799155
vt 0.788680 0.823662
vt 0.767839 0.844503
vt 0.743332 0.860878
vt 0.716101 0.872157
vt 0.687194 0.877908
vt 0.657719 0.877908
vt 0.628812 0.872157
vt 0.601581 0.860878
vt 0.577075 0.844503
vt 0.556233 0.823662
vt 0.539858 0.799155
vt 0.528579 0.771925
vt 0.522829 0.743017
vt 0.528579 0.684635
vt 0.539858 0.657405
vt 0.556233 0.632898
vt 0.577075 0.612057
vt 0.601582 0.595682
vt 0.628812 0.584403
vt 0.657720 0.578653
vt 0.716102 0.584403
vt 0.743332 0.595682
vt 0.767838 0.612057
vt 0.788680 0.632898
vt 0.805055 0.657405
vt 0.816334 0.684636
vt 0.822084 0.713543
vt 0.927193 0.405734
vt 0.927193 0.096357
vt 0.927193 0.962615
vt 0.932880 0.653754
vt 0.927193 0.622299
vt 0.927193 0.778452
vt 0.927193 0.252509
vt 0.927193 0.283447
vt 0.927193 0.314385
vt 0.932880 0.468556
vt 0.927193 0.436672
vt 0.927193 0.374797
vt 0.927193 0.251046
vt 0.927193 0.220108
vt 0.927193 0.189170
vt 0.927193 0.158232
vt 0.927193 0.127295
vt 0.927193 0.993553
vt 0.927193 0.931677
vt 0.932880 0.777505
vt 0.927193 0.591361
vt 0.927193 0.529485
vt 0.037734 0.409553
vt 0.180830 0.043905
vt 0.195652 0.043905
vt 0.210190 0.046797
vt 0.223884 0.052469
vt 0.236209 0.060704
vt 0.246690 0.071185
vt 0.254925 0.083510
vt 0.260598 0.097204
vt 0.263489 0.111742
vt 0.263489 0.126565
vt 0.260598 0.141103
vt 0.254925 0.154797
vt 0.246690 0.167122
vt 0.236209 0.177603
vt 0.223884 0.185838
vt 0.195652 0.194402
vt 0.180829 0.194402
vt 0.166291 0.191510
vt 0.152597 0.185838
vt 0.140272 0.177603
vt 0.129791 0.167122
vt 0.121556 0.154797
vt 0.112992 0.126565
vt 0.112992 0.111742
vt 0.115884 0.097204
vt 0.121556 0.083510
vt 0.129791 0.071185
vt 0.140272 0.060704
vt 0.152597 0.052469
vt 0.034874 0.222739
vt 0.034874 0.051592
vt 0.032014 0.502538
vt 0.032014 0.378067
vt 0.032014 0.362509
vt 0.032014 0.331391
vt 0.032014 0.409921
vt 0.034874 0.456338
vt 0.032014 0.145421
vt 0.032014 0.160980
vt 0.034874 0.176278
vt 0.034874 0.238514
vt 0.034874 0.254073
vt 0.032014 0.238038
vt 0.032014 0.206920
vt 0.032014 0.144685
vt 0.032014 0.129126
vt 0.034874 0.113827
vt 0.034874 0.098269
vt 0.032014 0.082449
vt 0.034874 0.036033
vt 0.032014 0.518097
vt 0.034874 0.456122
vt 0.034874 0.440563
vt 0.034874 0.316092
vt 0.830484 0.950067
vt 0.806600 0.411741
vt 0.839510 0.004646
vt 0.449410 0.516629
vt 0.047716 0.877231
vt 0.499277 0.534155
vt 0.022021 0.827822
vt 0.551369 0.541682
vt 0.515879 0.785655
vt 0.007120 0.773513
vt 0.791004 0.261542
vt 0.603698 0.539114
vt 0.792759 0.247903
vt 0.654371 0.526760
vt 0.531058 0.653655
vt 0.701684 0.505282
vt 0.744202 0.475628
vt 0.792447 0.304870
vt 0.780858 0.438956
vt 0.533968 0.651149
vt 0.811147 0.396576
vt 0.802867 0.222231
vt 0.082536 0.920078
vt 0.403746 0.489632
vt 0.125068 0.955026
vt 0.364149 0.454124
vt 0.173809 0.979287
vt 0.332250 0.411475
vt 0.224208 0.993812
vt 0.309340 0.363398
vt 0.823710 0.374225
vt 0.276368 0.998804
vt 0.296252 0.311848
vt 0.328134 0.993782
vt 0.516033 0.677857
vt 0.377583 0.979230
vt 0.802775 0.332605
vt 0.423062 0.956003
vt 0.463253 0.925254
vt 0.508871 0.771696
vt 0.497295 0.888357
vt 0.795578 0.318057
vt 0.525039 0.846796
vt 0.810213 0.207985
vt 0.536576 0.825238
vt 0.818108 0.197748
vt 0.505790 0.759006
vt 0.523270 0.663783
vt 0.504382 0.716635
vt 0.821054 0.195216
vt 0.506102 0.703207
s 1
g off
usemtl Material.001
f 91/1/1 2/2/2 18/3/3
f 32/4/4 87/5/5 1/6/6
f 31/7/7 85/8/8 32/4/4
f 17/9/9 82/10/10 31/7/7
f 79/11/11 17/9/9 16/12/12
f 30/13/13 79/11/11 16/12/12
f 29/14/14 76/15/15 30/13/13
f 15/16/16 73/17/17 29/14/14
f 13/18/18 63/19/19 14/20/20
f 67/21/21 15/16/16 28/22/22
f 14/20/20 67/21/21 28/22/22
f 27/23/23 120/24/24 12/25/25
f 12/25/25 124/26/26 13/18/18
f 26/27/27 61/28/28 27/23/23
f 112/29/29 10/30/30 9/31/31
f 58/32/32 11/33/33 25/34/34
f 10/30/30 58/32/32 25/34/34
f 52/35/35 9/36/31 8/37/36
f 109/38/37 24/39/38 23/40/39
f 49/41/40 8/37/36 7/42/41
f 24/39/38 49/41/40 7/42/41
f 43/43/42 23/40/39 22/44/43
f 106/45/44 22/44/43 6/46/45
f 40/47/46 6/46/45 21/48/47
f 11/33/33 118/49/48 26/27/27
f 99/50/49 5/51/50 4/52/51
f 96/53/52 4/52/51 20/54/53
f 103/55/54 21/48/47 5/51/50
s 0
f 57/56/55 105/57/55 90/58/55
s 1
f 37/59/56 19/60/57 3/61/58
f 94/62/59 20/54/53 19/60/57
f 87/5/5 18/3/3 1/6/6
f 37/59/56 35/63/60 38/64/61
f 35/63/60 36/65/62 38/64/61
f 49/41/40 47/66/63 50/67/64
f 47/66/63 48/68/65 50/67/64
f 52/35/35 50/69/64 53/70/66
f 53/70/66 48/71/65 51/72/67
f 58/32/32 56/73/68 59/74/69
f 56/73/68 57/75/70 59/74/69
f 67/21/21 65/76/71 68/77/72
f 68/77/72 64/78/73 66/79/74
f 70/80/75 68/81/72 71/82/76
f 71/82/76 66/83/74 69/84/77
f 73/17/17 71/85/76 74/86/78
f 74/86/78 69/87/77 72/88/79
f 73/17/17 77/89/80 76/15/15
f 77/89/80 72/90/79 75/91/81
f 76/15/15 80/92/82 79/11/11
f 77/93/80 78/94/83 80/92/82
f 121/95/84 125/96/85 122/97/86
f 125/96/85 120/24/24 122/97/86
f 117/98/87 116/99/88 115/100/89
f 119/101/90 114/102/91 116/99/88
f 100/103/92 104/104/93 101/105/94
f 101/105/94 103/55/54 99/50/49
f 97/106/95 101/107/94 98/108/96
f 98/108/96 99/50/49 96/53/52
f 93/109/97 98/110/96 95/111/98
f 95/111/98 96/53/52 94/62/59
f 90/112/99 89/113/100 88/114/101
f 92/115/102 87/5/5 89/113/100
f 88/116/101 86/117/103 84/118/104
f 86/117/103 87/5/5 85/8/8
f 91/1/1 35/119/60 33/120/105
f 92/121/102 34/122/106 35/119/60
f 94/62/59 38/123/61 95/124/98
f 38/123/61 93/125/97 95/124/98
f 103/55/54 41/126/107 40/47/46
f 104/127/93 39/128/108 41/126/107
f 40/47/46 107/129/109 106/45/44
f 41/130/107 105/131/110 107/129/109
f 106/45/44 44/132/111 43/43/42
f 107/133/109 42/134/112 44/132/111
f 43/43/42 110/135/113 109/38/37
f 44/136/111 108/137/114 110/135/113
f 45/138/115 110/139/113 47/140/63
f 110/139/113 46/141/116 47/140/63
f 112/142/29 53/143/66 113/144/117
f 113/144/117 51/145/67 111/146/118
f 112/29/29 56/147/68 54/148/119
f 113/149/117 55/150/120 56/147/68
f 58/32/32 116/151/88 114/102/91
f 59/152/69 115/153/89 116/151/88
f 61/28/28 119/154/90 62/155/121
f 62/155/121 117/156/87 60/157/122
f 120/24/24 62/158/121 122/159/86
f 122/159/86 60/160/122 121/161/84
f 124/26/26 65/162/71 63/19/19
f 65/162/71 123/163/123 64/164/73
f 127/165/124 80/166/82 128/167/125
f 80/166/82 126/168/126 128/167/125
f 82/10/10 128/169/125 83/170/127
f 83/170/127 126/171/126 81/172/128
f 85/8/8 83/173/127 86/174/103
f 83/173/127 84/175/104 86/174/103
f 33/120/105 3/61/58 2/2/2
s 3
f 146/176/3 161/177/105 130/178/2
f 160/179/4 215/180/5 129/181/6
f 210/182/10 160/179/4 159/183/7
f 255/184/129 159/183/7 145/185/9
f 207/186/11 145/185/9 144/187/12
f 158/188/13 207/186/11 144/187/12
f 201/189/17 158/188/13 157/190/14
f 143/191/16 201/189/17 157/190/14
f 141/192/18 191/193/19 142/194/20
f 156/195/22 198/196/75 143/191/16
f 191/193/19 156/195/22 142/194/20
f 155/197/23 248/198/24 140/199/25
f 248/198/24 141/192/18 140/199/25
f 154/200/27 189/201/28 155/197/23
f 137/202/31 182/203/119 138/204/30
f 186/205/130 139/206/33 153/207/34
f 138/204/30 186/205/130 153/207/34
f 180/208/35 137/209/31 136/210/36
f 151/211/39 173/212/115 152/213/38
f 177/214/40 136/210/36 135/215/41
f 173/212/115 135/215/41 152/213/38
f 171/216/42 151/211/39 150/217/43
f 234/218/44 150/217/43 134/219/45
f 168/220/46 134/219/45 149/221/47
f 242/222/91 154/200/27 139/206/33
f 227/223/49 133/224/50 132/225/51
f 224/226/52 132/225/51 148/227/53
f 231/228/54 149/221/47 133/224/50
s 0
f 185/229/55 233/230/55 218/231/55
s 3
f 165/232/131 147/233/57 131/234/58
f 222/235/59 148/227/53 147/233/57
f 215/180/5 146/176/3 129/181/6
f 161/177/105 166/236/61 165/232/131
f 166/236/61 162/237/132 164/238/133
f 177/214/40 175/239/63 178/240/64
f 178/240/64 174/241/134 176/242/135
f 177/214/40 181/243/66 180/208/35
f 181/243/66 176/244/135 179/245/67
f 182/203/119 187/246/69 186/205/130
f 184/247/136 185/248/137 187/246/69
f 195/249/21 193/250/138 196/251/72
f 196/251/72 192/252/139 194/253/140
f 195/249/21 199/254/76 198/196/75
f 196/255/72 197/256/77 199/254/76
f 201/189/17 199/257/76 202/258/78
f 199/257/76 200/259/141 202/258/78
f 204/260/15 202/261/78 205/262/80
f 205/262/80 200/263/141 203/264/81
f 207/186/11 205/265/80 208/266/142
f 205/265/80 206/267/143 208/266/142
f 249/268/144 253/269/145 250/270/86
f 253/269/145 248/198/24 250/270/86
f 245/271/87 244/272/146 243/273/147
f 244/272/146 246/274/48 242/222/91
f 228/275/92 232/276/93 229/277/94
f 229/277/94 231/228/54 227/223/49
f 225/278/148 229/279/94 226/280/96
f 229/279/94 224/226/52 226/280/96
f 225/281/148 223/282/98 221/283/149
f 223/282/98 224/226/52 222/235/59
f 218/284/99 217/285/100 216/286/101
f 217/285/100 219/287/1 215/180/5
f 216/288/101 214/289/103 212/290/150
f 214/289/103 215/180/5 213/291/8
f 219/287/1 163/292/60 161/177/105
f 220/293/102 162/294/132 163/292/60
f 165/232/131 223/295/98 222/235/59
f 166/296/61 221/297/149 223/295/98
f 231/228/54 169/298/107 168/220/46
f 232/299/93 167/300/108 169/298/107
f 168/220/46 235/301/109 234/218/44
f 169/302/107 233/303/151 235/301/109
f 234/218/44 172/304/111 171/216/42
f 172/304/111 233/305/151 170/306/152
f 171/216/42 238/307/113 237/308/153
f 238/307/113 170/309/152 236/310/154
f 237/308/153 175/311/63 173/212/115
f 238/312/113 174/313/134 175/311/63
f 180/208/35 241/314/117 240/315/29
f 241/314/117 179/316/67 239/317/118
f 240/318/29 184/319/136 182/203/119
f 241/320/117 183/321/155 184/319/136
f 242/222/91 187/322/69 244/323/146
f 244/323/146 185/324/137 243/325/147
f 246/274/48 190/326/121 189/201/28
f 190/326/121 245/327/87 188/328/122
f 189/201/28 250/329/86 248/198/24
f 250/329/86 188/330/122 249/331/144
f 191/193/19 253/332/145 193/333/138
f 193/333/138 251/334/123 192/335/139
f 207/186/11 256/336/125 255/184/129
f 256/336/125 206/337/143 254/338/156
f 210/182/10 256/339/125 211/340/127
f 211/340/127 254/341/156 209/342/157
f 213/291/8 211/343/127 214/344/103
f 214/344/103 209/345/157 212/346/150
f 161/177/105 131/234/58 130/178/2
s 5
f 361/347/158 258/348/159 259/349/160
f 362/350/161 259/349/160 260/351/162
f 259/349/160 261/352/163 262/353/164
f 259/349/160 263/354/165 260/351/162
f 261/352/163 265/355/166 262/353/164
f 263/354/165 265/355/166 266/356/167
f 264/357/168 268/358/169 265/355/166
f 266/356/167 268/358/169 269/359/170
f 267/360/171 271/361/172 268/358/169
f 268/358/169 272/362/173 269/359/170
f 270/363/174 274/364/175 271/361/172
f 272/362/173 274/364/175 275/365/176
f 273/366/177 277/367/178 274/364/175
f 275/365/176 277/367/178 278/368/179
f 276/369/180 280/370/50 277/367/178
f 278/368/179 280/370/50 281/371/181
f 279/372/182 283/373/183 280/370/50
f 281/371/181 283/373/183 284/374/184
f 282/375/185 286/376/186 283/373/183
f 284/374/184 286/376/186 287/377/187
f 287/377/187 289/378/188 290/379/189
f 285/380/190 289/378/188 286/376/186
f 288/381/191 292/382/192 289/378/188
f 290/379/189 292/382/192 293/383/193
f 291/384/194 295/385/195 292/382/192
f 293/383/193 295/385/195 296/386/196
f 294/387/197 299/388/198 295/385/195
f 296/386/196 299/388/198 300/389/199
f 301/390/200 305/391/201 306/392/202
f 297/393/203 303/394/204 298/395/205
f 298/395/205 304/396/206 299/388/198
f 300/389/199 304/396/206 305/391/201
f 302/397/207 308/398/208 303/394/204
f 303/394/204 309/399/55 304/396/206
f 305/391/201 309/399/55 310/400/209
f 306/392/202 310/400/209 311/401/210
f 307/402/211 313/403/212 308/398/208
f 308/398/208 314/404/213 309/399/55
f 310/400/209 314/404/213 315/405/214
f 311/401/210 315/405/214 316/406/215
f 312/407/216 318/408/217 313/403/212
f 313/403/212 319/409/218 314/404/213
f 315/405/214 319/409/218 320/410/219
f 316/406/215 320/410/219 321/411/220
f 318/408/217 323/412/221 319/409/218
f 320/410/219 323/412/221 324/413/222
f 322/414/223 326/415/224 323/412/221
f 324/413/222 326/415/224 327/416/225
f 325/417/226 329/418/227 326/415/224
f 327/416/225 329/418/227 330/419/228
f 330/419/228 332/420/229 333/421/230
f 328/422/231 332/420/229 329/418/227
f 331/423/232 335/424/233 332/420/229
f 333/421/230 335/424/233 336/425/234
f 336/425/234 338/426/20 339/427/235
f 334/428/236 338/426/20 335/424/233
f 337/429/237 341/430/238 338/426/20
f 339/427/235 341/430/238 342/431/239
f 340/432/240 344/433/241 341/430/238
f 342/431/239 344/433/241 345/434/242
f 343/435/243 347/436/244 344/433/241
f 345/434/242 347/436/244 348/437/245
f 346/438/246 350/439/247 347/436/244
f 348/437/245 350/439/247 351/440/248
f 349/441/249 353/442/250 350/439/247
f 351/440/248 353/442/250 354/443/251
f 352/444/252 356/445/253 353/442/250
f 354/443/251 356/445/253 357/446/254
f 355/447/255 359/448/256 356/445/253
f 357/446/254 359/448/256 360/449/257
f 358/450/258 361/451/158 359/448/256
f 360/449/257 361/451/158 362/452/161
s 6
f 363/453/259 375/454/260 364/455/261
s 7
f 804/456/262 382/457/263 370/458/264
s 6
f 364/455/261 376/459/265 365/460/266
s 7
f 370/458/264 383/461/267 805/462/268
s 6
f 365/460/266 377/463/269 366/464/270
s 7
f 805/462/268 384/465/271 371/466/272
s 6
f 366/464/270 378/467/273 367/468/274
s 7
f 371/466/272 385/469/275 806/470/276
s 6
f 367/468/274 379/471/277 368/472/278
s 7
f 806/470/276 386/473/279 372/474/280
s 6
f 368/472/278 380/475/281 369/476/282
s 7
f 373/477/283 386/473/279 387/478/284
s 6
f 1004/479/285 380/475/281 825/480/159
f 363/453/259 662/481/4 374/482/286
s 7
f 747/483/31 373/477/283 387/478/284
s 6
f 380/475/281 1014/484/163 825/480/159
f 374/482/286 662/481/4 388/485/287
s 7
f 747/483/31 387/478/284 401/486/288
s 6
f 374/482/286 389/487/289 375/454/260
s 7
f 382/457/263 395/488/290 396/489/291
s 6
f 376/459/265 389/487/289 390/490/292
s 7
f 382/457/263 397/491/293 383/461/267
s 6
f 377/463/269 390/490/292 391/492/294
s 7
f 384/465/271 397/491/293 398/493/295
s 6
f 377/463/269 392/494/296 378/467/273
s 7
f 385/469/275 398/493/295 399/495/297
s 6
f 378/467/273 393/496/298 379/471/277
s 7
f 385/469/275 400/497/299 386/473/279
s 6
f 379/471/277 394/498/300 380/475/281
s 7
f 386/473/279 401/486/288 387/478/284
f 398/493/295 411/499/301 412/500/302
s 6
f 391/492/294 406/501/303 392/494/296
s 7
f 398/493/295 413/502/304 399/495/297
s 6
f 393/496/298 406/501/303 407/503/305
s 7
f 400/497/299 413/502/304 414/504/306
s 6
f 393/496/298 408/505/307 394/498/300
s 7
f 400/497/299 415/506/308 401/486/288
s 6
f 1014/484/163 408/505/307 1013/507/168
f 388/485/287 662/481/4 402/508/309
s 7
f 747/483/31 401/486/288 415/506/308
s 6
f 388/485/287 403/509/310 389/487/289
s 7
f 396/489/291 409/510/311 410/511/312
s 6
f 389/487/289 404/512/313 390/490/292
s 7
f 396/489/291 411/499/301 397/491/293
s 6
f 390/490/292 405/513/314 391/492/294
f 402/508/309 662/481/4 416/514/315
s 7
f 747/483/31 415/506/308 429/515/316
s 6
f 403/509/310 416/514/315 417/516/317
s 7
f 410/511/312 423/517/318 424/518/319
s 6
f 403/509/310 418/519/320 404/512/313
s 7
f 410/511/312 425/520/321 411/499/301
s 6
f 405/513/314 418/519/320 419/521/322
s 7
f 412/500/302 425/520/321 426/522/323
s 6
f 405/513/314 420/523/324 406/501/303
s 7
f 412/500/302 427/524/325 413/502/304
s 6
f 407/503/305 420/523/324 421/525/326
s 7
f 413/502/304 428/526/327 414/504/306
s 6
f 407/503/305 422/527/328 408/505/307
s 7
f 414/504/306 429/515/316 415/506/308
s 6
f 408/505/307 1012/528/171 1013/507/168
f 419/521/322 434/529/329 420/523/324
s 7
f 426/522/323 441/530/330 427/524/325
s 6
f 421/525/326 434/529/329 435/531/331
s 7
f 427/524/325 442/532/332 428/526/327
s 6
f 422/527/328 435/531/331 436/533/333
s 7
f 429/515/316 442/532/332 443/534/334
s 6
f 422/527/328 1011/535/174 1012/528/171
f 416/514/315 662/481/4 430/536/335
s 7
f 747/483/31 429/515/316 443/534/334
s 6
f 416/514/315 431/537/336 417/516/317
s 7
f 424/518/319 437/538/337 438/539/338
s 6
f 417/516/317 432/540/339 418/519/320
s 7
f 424/518/319 439/541/340 425/520/321
s 6
f 419/521/322 432/540/339 433/542/341
s 7
f 426/522/323 439/541/340 440/543/342
s 6
f 430/536/335 445/544/343 431/537/336
s 7
f 438/539/338 451/545/344 452/546/345
s 6
f 431/537/336 446/547/346 432/540/339
s 7
f 438/539/338 453/548/347 439/541/340
s 6
f 432/540/339 447/549/348 433/542/341
s 7
f 440/543/342 453/548/347 454/550/349
s 6
f 433/542/341 448/551/350 434/529/329
s 7
f 440/543/342 455/552/351 441/530/330
s 6
f 435/531/331 448/551/350 449/553/352
s 7
f 441/530/330 456/554/353 442/532/332
s 6
f 435/531/331 450/555/354 436/533/333
s 7
f 442/532/332 457/556/355 443/534/334
s 6
f 436/533/333 1009/557/177 1011/535/174
f 430/536/335 662/481/4 444/558/356
s 7
f 747/483/31 443/534/334 457/556/355
f 454/550/349 469/559/357 455/552/351
s 6
f 449/553/352 462/560/358 463/561/359
s 7
f 456/554/353 469/559/357 470/562/360
s 6
f 449/553/352 464/563/361 450/555/354
s 7
f 457/556/355 470/562/360 471/564/362
s 6
f 450/555/354 1010/565/180 1009/557/177
f 444/558/356 662/481/4 458/566/363
s 7
f 747/483/31 457/556/355 471/564/362
s 6
f 444/558/356 459/567/364 445/544/343
s 7
f 452/546/345 465/568/365 466/569/366
s 6
f 445/544/343 460/570/367 446/547/346
s 7
f 452/546/345 467/571/368 453/548/347
s 6
f 446/547/346 461/572/369 447/549/348
s 7
f 454/550/349 467/571/368 468/573/370
s 6
f 447/549/348 462/560/358 448/551/350
s 7
f 466/569/366 479/574/371 480/575/372
s 6
f 459/567/364 474/576/373 460/570/367
s 7
f 466/569/366 481/577/374 467/571/368
s 6
f 461/572/369 474/576/373 475/578/375
s 7
f 468/573/370 481/577/374 482/579/376
s 6
f 461/572/369 476/580/377 462/560/358
s 7
f 468/573/370 483/581/378 469/559/357
s 6
f 463/561/359 476/580/377 477/582/379
s 7
f 470/562/360 483/581/378 484/583/380
s 6
f 463/561/359 478/584/381 464/563/361
s 7
f 470/562/360 485/585/382 471/564/362
s 6
f 464/563/361 826/586/182 1010/565/180
f 458/566/363 662/481/4 472/587/383
s 7
f 747/483/31 471/564/362 485/585/382
s 6
f 458/566/363 473/588/384 459/567/364
s 7
f 484/583/380 497/589/385 498/590/386
s 6
f 478/584/381 491/591/387 492/592/388
s 7
f 485/585/382 498/590/386 499/593/389
s 6
f 478/584/381 1087/594/185 826/586/182
f 472/587/383 662/481/4 486/595/390
s 7
f 747/483/31 485/585/382 499/593/389
s 6
f 472/587/383 487/596/391 473/588/384
s 7
f 480/575/372 493/597/392 494/598/393
s 6
f 473/588/384 488/599/394 474/576/373
s 7
f 480/575/372 495/600/395 481/577/374
s 6
f 474/576/373 489/601/396 475/578/375
s 7
f 482/579/376 495/600/395 496/602/397
s 6
f 475/578/375 490/603/398 476/580/377
s 7
f 482/579/376 497/589/385 483/581/378
s 6
f 477/582/379 490/603/398 491/591/387
f 488/599/394 501/604/399 502/605/400
s 7
f 494/598/393 509/606/401 495/600/395
s 6
f 488/599/394 503/607/402 489/601/396
s 7
f 496/602/397 509/606/401 510/608/403
s 6
f 489/601/396 504/609/404 490/603/398
s 7
f 496/602/397 511/610/405 497/589/385
s 6
f 491/591/387 504/609/404 505/611/406
s 7
f 497/589/385 512/612/407 498/590/386
s 6
f 492/592/388 505/611/406 506/613/408
s 7
f 498/590/386 513/614/409 499/593/389
s 6
f 492/592/388 827/615/190 1087/594/185
f 486/595/390 662/481/4 500/616/410
s 7
f 747/483/31 499/593/389 513/614/409
s 6
f 486/595/390 501/604/399 487/596/391
s 7
f 494/598/393 507/617/411 508/618/412
s 6
f 506/613/408 519/619/413 520/620/414
s 7
f 512/612/407 527/621/415 513/614/409
s 6
f 506/613/408 828/622/191 827/615/190
f 500/616/410 662/481/4 514/623/416
s 7
f 747/483/31 513/614/409 527/621/415
s 6
f 500/616/410 515/624/417 501/604/399
s 7
f 508/618/412 521/625/418 522/626/419
s 6
f 501/604/399 516/627/420 502/605/400
s 7
f 508/618/412 523/628/421 509/606/401
s 6
f 503/607/402 516/627/420 517/629/422
s 7
f 510/608/403 523/628/421 524/630/423
s 6
f 503/607/402 518/631/424 504/609/404
s 7
f 510/608/403 525/632/425 511/610/405
s 6
f 505/611/406 518/631/424 519/619/413
s 7
f 512/612/407 525/632/425 526/633/426
f 522/626/419 537/634/427 523/628/421
s 6
f 517/629/422 530/635/428 531/636/429
s 7
f 524/630/423 537/634/427 538/637/430
s 6
f 517/629/422 532/638/431 518/631/424
s 7
f 524/630/423 539/639/432 525/632/425
s 6
f 519/619/413 532/638/431 533/640/433
s 7
f 526/633/426 539/639/432 540/641/434
s 6
f 520/620/414 533/640/433 534/642/435
s 7
f 526/633/426 541/643/436 527/621/415
s 6
f 520/620/414 829/644/194 828/622/191
f 514/623/416 662/481/4 528/645/437
s 7
f 747/483/31 527/621/415 541/643/436
s 6
f 514/623/416 529/646/438 515/624/417
s 7
f 522/626/419 535/647/439 536/648/440
s 6
f 515/624/417 530/635/428 516/627/420
s 7
f 541/643/436 554/649/441 555/650/442
s 6
f 534/642/435 830/651/197 829/644/194
f 528/645/437 662/481/4 542/652/443
s 7
f 747/483/31 541/643/436 555/650/442
s 6
f 528/645/437 543/653/444 529/646/438
s 7
f 536/648/440 549/654/445 550/655/446
s 6
f 529/646/438 544/656/447 530/635/428
s 7
f 536/648/440 551/657/448 537/634/427
s 6
f 530/635/428 545/658/449 531/636/429
s 7
f 538/637/430 551/657/448 552/659/450
s 6
f 531/636/429 546/660/451 532/638/431
s 7
f 538/637/430 553/661/452 539/639/432
s 6
f 533/640/433 546/660/451 547/662/453
s 7
f 540/641/434 553/661/452 554/649/441
s 6
f 534/642/435 547/662/453 548/663/454
f 544/656/447 559/664/455 545/658/449
s 7
f 552/659/450 565/665/456 566/666/457
s 6
f 545/658/449 560/667/458 546/660/451
s 7
f 552/659/450 567/668/459 553/661/452
s 6
f 547/662/453 560/667/458 561/669/460
s 7
f 554/649/441 567/668/459 568/670/461
s 6
f 547/662/453 562/671/462 548/663/454
s 7
f 555/650/442 568/670/461 569/672/463
s 6
f 548/663/454 1086/673/464 830/651/197
f 542/652/443 662/481/4 556/674/465
s 7
f 747/483/31 555/650/442 569/672/463
s 6
f 542/652/443 557/675/466 543/653/444
s 7
f 550/655/446 563/676/467 564/677/468
s 6
f 543/653/444 558/678/469 544/656/447
s 7
f 550/655/446 565/665/456 551/657/448
s 6
f 562/671/462 1022/679/470 850/680/471
f 556/674/465 662/481/4 570/681/472
s 7
f 747/483/31 569/672/463 581/682/473
s 6
f 556/674/465 571/683/474 557/675/466
s 7
f 563/676/467 1017/684/200 576/685/475
s 6
f 557/675/466 572/686/476 558/678/469
s 7
f 564/677/468 577/687/477 565/665/456
s 6
f 558/678/469 573/688/478 559/664/455
s 7
f 566/666/457 577/687/477 578/689/479
s 6
f 559/664/455 574/690/480 560/667/458
s 7
f 566/666/457 579/691/481 567/668/459
s 6
f 561/669/460 574/690/480 575/692/482
s 7
f 568/670/461 579/691/481 580/693/483
s 6
f 561/669/460 854/694/484 853/695/203
s 7
f 568/670/461 581/682/473 569/672/463
f 578/689/479 589/696/485 590/697/486
s 6
f 573/688/478 586/698/487 574/690/480
s 7
f 579/691/481 590/697/486 591/699/488
s 6
f 575/692/482 586/698/487 587/700/489
s 7
f 580/693/483 591/699/488 592/701/490
f 581/682/473 592/701/490 593/702/491
s 6
f 570/681/472 662/481/4 582/703/492
s 7
f 747/483/31 581/682/473 593/702/491
s 6
f 571/683/474 582/703/492 583/704/493
s 7
f 576/685/475 1096/705/494 840/706/210
s 6
f 571/683/474 584/707/495 572/686/476
s 7
f 576/685/475 589/696/485 577/687/477
s 6
f 572/686/476 585/708/496 573/688/478
s 7
f 747/483/31 593/702/491 605/709/497
s 6
f 582/703/492 595/710/498 583/704/493
s 7
f 838/711/499 839/712/499 600/713/500
s 6
f 583/704/493 596/714/501 584/707/495
s 7
f 588/715/502 601/716/503 589/696/485
s 6
f 585/708/496 596/714/501 597/717/504
s 7
f 590/697/486 601/716/503 602/718/505
s 6
f 585/708/496 598/719/506 586/698/487
s 7
f 590/697/486 603/720/507 591/699/488
s 6
f 587/700/489 598/719/506 599/721/508
s 7
f 592/701/490 603/720/507 604/722/509
f 593/702/491 604/722/509 605/709/497
s 6
f 582/703/492 662/481/4 594/723/510
s 7
f 602/718/505 617/724/511 603/720/507
s 6
f 599/721/508 610/725/512 611/726/513
s 7
f 604/722/509 617/724/511 618/727/514
f 604/722/509 619/728/515 605/709/497
s 6
f 594/723/510 662/481/4 606/729/516
s 7
f 747/483/31 605/709/497 619/728/515
s 6
f 594/723/510 607/730/517 595/710/498
s 7
f 842/731/220 613/732/518 614/733/519
s 6
f 595/710/498 608/734/520 596/714/501
s 7
f 600/713/500 615/735/521 601/716/503
s 6
f 596/714/501 609/736/522 597/717/504
s 7
f 602/718/505 615/735/521 616/737/523
s 6
f 597/717/504 610/725/512 598/719/506
f 606/729/516 621/738/524 607/730/517
s 7
f 614/733/519 627/739/525 628/740/526
s 6
f 607/730/517 622/741/527 608/734/520
s 7
f 614/733/519 629/742/528 615/735/521
s 6
f 608/734/520 623/743/529 609/736/522
s 7
f 616/737/523 629/742/528 630/744/530
s 6
f 609/736/522 624/745/531 610/725/512
s 7
f 616/737/523 631/746/532 617/724/511
s 6
f 611/726/513 624/745/531 625/747/533
s 7
f 618/727/514 631/746/532 632/748/534
s 6
f 611/726/513 626/749/535 612/750/536
s 7
f 618/727/514 633/751/537 619/728/515
s 6
f 612/750/536 1084/752/223 831/753/538
f 606/729/516 662/481/4 620/754/539
s 7
f 747/483/31 619/728/515 633/751/537
s 6
f 625/747/533 638/755/540 639/756/541
s 7
f 632/748/534 645/757/542 646/758/543
s 6
f 625/747/533 640/759/544 626/749/535
s 7
f 633/751/537 646/758/543 647/760/545
s 6
f 626/749/535 832/761/226 1084/752/223
f 620/754/539 662/481/4 634/762/546
s 7
f 747/483/31 633/751/537 647/760/545
s 6
f 621/738/524 634/762/546 635/763/547
s 7
f 628/740/526 641/764/548 642/765/549
s 6
f 622/741/527 635/763/547 636/766/550
s 7
f 628/740/526 643/767/551 629/742/528
s 6
f 622/741/527 637/768/552 623/743/529
s 7
f 630/744/530 643/767/551 644/769/553
s 6
f 623/743/529 638/755/540 624/745/531
s 7
f 630/744/530 645/757/542 631/746/532
f 642/765/549 655/770/554 656/771/555
s 6
f 635/763/547 650/772/556 636/766/550
s 7
f 642/765/549 657/773/557 643/767/551
s 6
f 636/766/550 651/774/558 637/768/552
s 7
f 644/769/553 657/773/557 658/775/559
s 6
f 637/768/552 652/776/560 638/755/540
s 7
f 645/757/542 658/775/559 659/777/561
s 6
f 639/756/541 652/776/560 653/778/562
s 7
f 646/758/543 659/777/561 660/779/563
s 6
f 639/756/541 654/780/564 640/759/544
s 7
f 646/758/543 661/781/565 647/760/545
s 6
f 640/759/544 1082/782/231 832/761/226
f 634/762/546 662/481/4 648/783/566
s 7
f 747/483/31 647/760/545 661/781/565
s 6
f 634/762/546 649/784/567 635/763/547
s 7
f 659/777/561 675/785/568 660/779/563
s 6
f 653/778/562 669/786/569 654/780/564
s 7
f 661/781/565 675/785/568 676/787/570
s 6
f 654/780/564 833/788/232 1082/782/231
f 648/783/566 662/481/4 663/789/571
s 7
f 747/483/31 661/781/565 676/787/570
s 6
f 648/783/566 664/790/572 649/784/567
s 7
f 656/771/555 670/791/573 671/792/574
s 6
f 649/784/567 665/793/575 650/772/556
s 7
f 656/771/555 672/794/576 657/773/557
s 6
f 650/772/556 666/795/577 651/774/558
s 7
f 658/775/559 672/794/576 673/796/578
s 6
f 651/774/558 667/797/579 652/776/560
s 7
f 658/775/559 674/798/580 659/777/561
s 6
f 653/778/562 667/797/579 668/799/581
f 664/790/572 679/800/582 665/793/575
s 7
f 671/792/574 686/801/583 672/794/576
s 6
f 665/793/575 680/802/584 666/795/577
s 7
f 673/796/578 686/801/583 687/803/585
s 6
f 666/795/577 681/804/586 667/797/579
s 7
f 674/798/580 687/803/585 688/805/587
s 6
f 668/799/581 681/804/586 682/806/588
s 7
f 675/785/568 688/805/587 689/807/589
s 6
f 668/799/581 683/808/590 669/786/569
s 7
f 676/787/570 689/807/589 690/809/591
s 6
f 669/786/569 1007/810/236 833/788/232
f 663/789/571 662/481/4 677/811/592
s 7
f 747/483/31 676/787/570 690/809/591
s 6
f 663/789/571 678/812/593 664/790/572
s 7
f 671/792/574 684/813/594 685/814/595
s 6
f 682/806/588 697/815/596 683/808/590
s 7
f 690/809/591 703/816/597 704/817/598
s 6
f 683/808/590 1008/818/237 1007/810/236
f 677/811/592 662/481/4 691/819/599
s 7
f 747/483/31 690/809/591 704/817/598
s 6
f 677/811/592 692/820/600 678/812/593
s 7
f 685/814/595 698/821/601 699/822/602
s 6
f 679/800/582 692/820/600 693/823/603
s 7
f 685/814/595 700/824/604 686/801/583
s 6
f 679/800/582 694/825/605 680/802/584
s 7
f 687/803/585 700/824/604 701/826/606
s 6
f 680/802/584 695/827/607 681/804/586
s 7
f 687/803/585 702/828/608 688/805/587
s 6
f 682/806/588 695/827/607 696/829/609
s 7
f 688/805/587 703/816/597 689/807/589
f 699/822/602 714/830/610 700/824/604
s 6
f 693/823/603 708/831/611 694/825/605
s 7
f 700/824/604 715/832/612 701/826/606
s 6
f 694/825/605 709/833/613 695/827/607
s 7
f 701/826/606 716/834/614 702/828/608
s 6
f 696/829/609 709/833/613 710/835/615
s 7
f 703/816/597 716/834/614 717/836/616
s 6
f 696/829/609 711/837/617 697/815/596
s 7
f 703/816/597 718/838/618 704/817/598
s 6
f 697/815/596 834/839/240 1008/818/237
f 691/819/599 662/481/4 705/840/619
s 7
f 747/483/31 704/817/598 718/838/618
s 6
f 691/819/599 706/841/620 692/820/600
s 7
f 699/822/602 712/842/621 713/843/622
s 6
f 692/820/600 707/844/623 693/823/603
s 7
f 718/838/618 731/845/624 732/846/625
s 6
f 711/837/617 835/847/243 834/839/240
f 705/840/619 662/481/4 719/848/626
s 7
f 747/483/31 718/838/618 732/846/625
s 6
f 705/840/619 720/849/627 706/841/620
s 7
f 713/843/622 726/850/628 727/851/629
s 6
f 706/841/620 721/852/630 707/844/623
s 7
f 713/843/622 728/853/631 714/830/610
s 6
f 707/844/623 722/854/632 708/831/611
s 7
f 715/832/612 728/853/631 729/855/633
s 6
f 708/831/611 723/856/634 709/833/613
s 7
f 715/832/612 730/857/635 716/834/614
s 6
f 710/835/615 723/856/634 724/858/636
s 7
f 716/834/614 731/845/624 717/836/616
s 6
f 710/835/615 725/859/637 711/837/617
s 7
f 729/855/633 742/860/638 743/861/639
s 6
f 722/854/632 737/862/640 723/856/634
s 7
f 730/857/635 743/861/639 744/863/641
s 6
f 724/858/636 737/862/640 738/864/642
s 7
f 731/845/624 744/863/641 745/865/643
s 6
f 724/858/636 739/866/644 725/859/637
s 7
f 732/846/625 745/865/643 746/867/645
s 6
f 725/859/637 1080/868/246 835/847/243
f 719/848/626 662/481/4 733/869/646
s 7
f 747/483/31 732/846/625 746/867/645
s 6
f 719/848/626 734/870/647 720/849/627
s 7
f 727/851/629 740/871/648 741/872/649
s 6
f 720/849/627 735/873/650 721/852/630
s 7
f 727/851/629 742/860/638 728/853/631
s 6
f 721/852/630 736/874/651 722/854/632
f 733/869/646 662/481/4 748/875/652
s 7
f 747/483/31 746/867/645 761/876/653
s 6
f 733/869/646 749/877/654 734/870/647
s 7
f 741/872/649 755/878/655 756/879/656
s 6
f 734/870/647 750/880/657 735/873/650
s 7
f 741/872/649 757/881/658 742/860/638
s 6
f 736/874/651 750/880/657 751/882/659
s 7
f 742/860/638 758/883/660 743/861/639
s 6
f 736/874/651 752/884/661 737/862/640
s 7
f 743/861/639 759/885/662 744/863/641
s 6
f 738/864/642 752/884/661 753/886/663
s 7
f 744/863/641 760/887/664 745/865/643
s 6
f 738/864/642 754/888/665 739/866/644
s 7
f 745/865/643 761/876/653 746/867/645
s 6
f 739/866/644 836/889/249 1080/868/246
f 751/882/659 766/890/666 752/884/661
s 7
f 758/883/660 773/891/667 759/885/662
s 6
f 753/886/663 766/890/666 767/892/668
s 7
f 759/885/662 774/893/669 760/887/664
s 6
f 753/886/663 768/894/670 754/888/665
s 7
f 761/876/653 774/893/669 775/895/671
s 6
f 754/888/665 1006/896/252 836/889/249
f 748/875/652 662/481/4 762/897/672
s 7
f 747/483/31 761/876/653 775/895/671
s 6
f 748/875/652 763/898/673 749/877/654
s 7
f 756/879/656 769/899/674 770/900/675
s 6
f 750/880/657 763/898/673 764/901/676
s 7
f 756/879/656 771/902/677 757/881/658
s 6
f 751/882/659 764/901/676 765/903/678
s 7
f 758/883/660 771/902/677 772/904/679
s 6
f 763/898/673 776/905/680 777/906/681
s 7
f 770/900/675 783/907/682 784/908/683
s 6
f 764/901/676 777/906/681 778/909/684
s 7
f 770/900/675 785/910/685 771/902/677
s 6
f 765/903/678 778/909/684 779/911/686
s 7
f 772/904/679 785/910/685 786/912/687
s 6
f 765/903/678 780/913/688 766/890/666
s 7
f 772/904/679 787/914/689 773/891/667
s 6
f 767/892/668 780/913/688 781/915/690
s 7
f 773/891/667 788/916/691 774/893/669
s 6
f 767/892/668 782/917/692 768/894/670
s 7
f 775/895/671 788/916/691 789/918/693
s 6
f 768/894/670 1005/919/255 1006/896/252
f 762/897/672 662/481/4 776/905/680
s 7
f 747/483/31 775/895/671 789/918/693
f 787/914/689 800/920/694 801/921/695
s 6
f 781/915/690 794/922/696 795/923/697
s 7
f 788/916/691 801/921/695 802/924/698
s 6
f 781/915/690 796/925/699 782/917/692
s 7
f 788/916/691 803/926/700 789/918/693
s 6
f 782/917/692 1003/927/258 1005/919/255
f 776/905/680 662/481/4 790/928/701
s 7
f 747/483/31 789/918/693 803/926/700
s 6
f 776/905/680 791/929/702 777/906/681
s 7
f 784/908/683 797/930/703 798/931/704
s 6
f 777/906/681 792/932/705 778/909/684
s 7
f 784/908/683 799/933/706 785/910/685
s 6
f 779/911/686 792/932/705 793/934/707
s 7
f 786/912/687 799/933/706 800/920/694
s 6
f 779/911/686 794/922/696 780/913/688
f 791/929/702 363/453/259 364/455/261
s 7
f 797/930/703 370/458/264 798/931/704
s 6
f 792/932/705 364/455/261 365/460/266
s 7
f 798/931/704 805/462/268 799/933/706
s 6
f 793/934/707 365/460/266 366/464/270
s 7
f 799/933/706 371/466/272 800/920/694
s 6
f 794/922/696 366/464/270 367/468/274
s 7
f 800/920/694 806/470/276 801/921/695
s 6
f 795/923/697 367/468/274 368/472/278
s 7
f 801/921/695 372/474/280 802/924/698
s 6
f 796/925/699 368/472/278 369/476/282
s 7
f 802/924/698 373/477/283 803/926/700
s 6
f 796/925/699 1004/479/285 1003/927/258
f 790/928/701 662/481/4 363/453/259
s 7
f 747/483/31 803/926/700 373/477/283
f 797/930/703 824/935/161 804/456/262
f 783/907/682 1067/936/257 797/930/703
f 769/899/674 823/937/254 783/907/682
f 755/878/655 822/938/251 769/899/674
f 740/871/648 1068/939/248 755/878/655
f 726/850/628 821/940/245 740/871/648
f 712/842/621 820/941/242 726/850/628
f 698/821/601 1069/942/239 712/842/621
f 684/813/594 819/943/235 698/821/601
f 670/791/573 1000/944/234 684/813/594
f 655/770/554 999/945/230 670/791/573
f 641/764/548 818/946/228 655/770/554
f 627/739/525 1002/947/225 641/764/548
f 613/732/518 1001/948/222 627/739/525
f 816/949/708 844/950/709 1015/951/710
f 549/654/445 816/949/708 563/676/467
f 535/647/439 1073/952/196 549/654/445
f 521/625/418 815/953/193 535/647/439
f 507/617/411 814/954/189 521/625/418
f 493/597/392 813/955/187 507/617/411
f 479/574/371 1075/956/184 493/597/392
f 465/568/365 812/957/181 479/574/371
f 451/545/344 1077/958/179 465/568/365
f 437/538/337 811/959/176 451/545/344
f 423/517/318 810/960/173 437/538/337
f 409/510/311 809/961/170 423/517/318
f 395/488/290 808/962/167 409/510/311
f 807/963/162 395/488/290 381/964/711
f 824/935/161 381/964/711 804/456/262
s 8
f 976/557/712 863/965/713 977/535/714
s 9
f 1035/938/715 870/966/716 1036/937/717
s 6
f 861/967/718 862/968/211 599/721/508
f 856/969/719 599/721/508 612/750/536
s 7
f 1018/970/720 817/971/721 613/732/518
s 6
f 855/972/722 575/692/482 587/700/489
f 1025/973/723 612/750/536 831/753/538
s 9
f 1034/963/724 868/974/725 896/975/726
s 8
f 975/565/727 859/976/728 976/557/712
s 10
f 990/970/729 928/977/730 930/978/731
s 9
f 1036/937/717 869/979/732 951/936/733
s 11
f 998/980/734 950/981/735 948/982/736
s 9
f 962/983/737 896/984/726 895/985/738
s 8
f 1088/586/739 858/986/740 975/565/727
s 10
f 1054/731/741 929/987/742 1055/988/743
s 9
f 951/936/733 868/989/725 1033/935/725
s 11
f 1065/967/744 950/990/735 1066/968/735
s 9
f 1045/962/745 895/991/738 894/992/746
s 8
f 974/594/747 851/993/748 1088/586/739
s 10
f 989/994/749 929/995/742 928/996/730
s 11
f 997/997/750 949/998/751 1065/967/744
s 9
f 1044/961/752 894/999/746 893/1000/753
s 8
f 1051/615/754 849/1001/755 974/594/747
s 10
f 1097/950/756 918/1002/757 985/951/758
s 11
f 996/1003/759 948/1004/736 946/1005/760
s 9
f 1042/960/761 893/1006/753 892/1007/762
s 8
f 1050/622/763 848/1008/764 1051/615/754
s 11
f 997/997/750 945/1009/765 947/1010/766
s 9
f 1043/959/767 892/1011/762 891/1012/768
s 8
f 1048/644/769 847/1013/770 1050/622/763
s 11
f 996/1003/759 938/1014/771 1061/972/772
s 9
f 961/958/773 891/1015/768 890/1016/774
s 8
f 1049/651/775 845/1017/776 1048/644/769
s 10
f 1099/1018/777 927/1019/778 1097/950/756
s 11
f 995/1020/779 944/1021/780 945/1022/765
s 9
f 1076/957/781 890/1023/774 889/1024/782
s 8
f 973/673/783 843/1025/784 1049/651/775
s 11
f 1062/969/785 944/1026/780 1064/1027/786
s 9
f 960/956/787 889/1028/782 888/1029/788
f 988/1018/789 883/1030/790 1100/1031/789
f 952/939/791 871/1032/792 1035/938/715
s 10
f 1021/1033/793 930/1034/731 931/1035/793
s 8
f 977/535/714 864/1036/794 978/528/795
s 9
f 1038/940/796 872/1037/797 952/939/791
s 8
f 978/528/795 865/1038/798 979/507/799
s 9
f 1037/941/800 873/1039/801 1038/940/796
s 8
f 979/507/799 866/1040/802 980/484/803
f 963/927/804 912/1041/805 911/1042/806
s 9
f 953/942/807 874/1043/808 1037/941/800
s 8
f 980/484/803 867/1044/809 1089/480/810
f 965/919/811 911/1045/806 910/1046/812
f 1058/1047/813 897/1048/814 973/673/783
s 9
f 1070/943/815 875/1049/816 953/942/807
s 11
f 852/1047/817 932/1050/818 933/1051/817
s 8
f 1089/480/810 912/1052/805 964/479/805
f 966/896/819 910/1053/812 909/1054/820
s 9
f 954/944/821 876/1055/822 1070/943/815
s 11
f 1056/680/823 935/1056/824 932/1057/818
s 10
f 981/684/825 914/1058/826 1090/1059/827
s 8
f 1079/889/828 909/1060/820 908/1061/829
s 9
f 955/945/830 877/1062/831 954/944/821
s 11
f 1059/695/832 934/1063/833 992/1064/834
s 10
f 982/1065/835 914/1066/826 915/1067/836
s 8
f 967/868/837 908/1068/829 907/1069/838
s 9
f 1071/946/839 878/1070/840 955/945/830
s 11
f 991/679/841 934/1071/833 935/1072/824
s 10
f 1053/711/842 913/1073/843 917/1074/844
s 8
f 1047/847/845 907/1075/838 906/1076/846
s 9
f 956/947/847 879/1077/848 1071/946/839
s 11
f 1059/695/832 937/1078/849 936/1079/850
s 10
f 1052/712/851 920/1080/852 984/1081/853
s 8
f 1046/839/854 906/1082/846 905/1083/855
s 9
f 957/948/856 880/1084/857 956/947/847
s 11
f 1061/972/772 937/1085/849 1060/694/858
s 10
f 1094/1086/859 915/1087/836 922/1088/860
s 8
f 968/818/861 905/1089/855 904/1090/862
s 9
f 1072/971/863 881/1091/864 957/948/856
s 11
f 993/973/865 941/1092/866 1063/1093/867
s 10
f 983/1094/868 921/1095/869 913/1096/843
s 8
f 969/810/870 904/1097/862 903/1098/871
s 9
f 958/1033/872 882/1099/873 1072/971/863
s 11
f 1062/969/785 941/1100/866 940/1101/874
s 10
f 1054/731/741 920/1102/852 924/1103/875
s 8
f 1081/788/876 903/1104/871 902/1105/877
s 9
f 1074/949/878 884/1106/879 883/1107/790
s 11
f 994/1108/880 939/1109/881 993/973/865
s 10
f 1053/711/842 919/1110/882 1052/712/851
s 8
f 970/782/883 902/1111/877 901/1112/884
s 9
f 959/952/885 885/1113/886 884/1114/879
s 10
f 985/951/758 925/1115/887 986/1116/888
s 8
f 1083/761/889 901/1117/884 900/1118/890
s 9
f 1040/953/891 886/1119/892 885/1120/886
s 10
f 981/684/825 925/1121/887 916/1122/893
s 8
f 971/752/894 900/1123/890 899/1124/895
s 9
f 1039/954/896 887/1125/897 886/1126/892
s 10
f 987/705/898 921/1127/869 1095/706/869
s 8
f 1085/753/899 899/1128/895 898/1129/900
s 9
f 1041/955/901 888/1130/788 887/1131/897
s 11
f 1030/1132/902 942/1133/903 994/1108/880
s 10
f 1094/1086/859 923/1134/904 987/705/898
s 8
f 972/1132/905 898/1135/900 943/1136/905
s 1
f 91/1/1 33/120/105 2/2/2
f 32/4/4 85/8/8 87/5/5
f 31/7/7 82/10/10 85/8/8
f 17/9/9 127/165/124 82/10/10
f 79/11/11 127/165/124 17/9/9
f 30/13/13 76/15/15 79/11/11
f 29/14/14 73/17/17 76/15/15
f 15/16/16 70/80/75 73/17/17
f 13/18/18 124/26/26 63/19/19
f 67/21/21 70/80/75 15/16/16
f 14/20/20 63/19/19 67/21/21
f 27/23/23 61/28/28 120/24/24
f 12/25/25 120/24/24 124/26/26
f 26/27/27 118/49/48 61/28/28
f 112/29/29 54/148/119 10/30/30
f 58/32/32 114/102/91 11/33/33
f 10/30/30 54/148/119 58/32/32
f 52/35/35 112/142/29 9/36/31
f 109/38/37 45/138/115 24/39/38
f 49/41/40 52/35/35 8/37/36
f 24/39/38 45/138/115 49/41/40
f 43/43/42 109/38/37 23/40/39
f 106/45/44 43/43/42 22/44/43
f 40/47/46 106/45/44 6/46/45
f 11/33/33 114/102/91 118/49/48
f 99/50/49 103/55/54 5/51/50
f 96/53/52 99/50/49 4/52/51
f 103/55/54 40/47/46 21/48/47
s 0
f 90/58/55 88/1137/55 84/1138/55
f 84/1138/55 81/1139/55 126/1140/55
f 126/1140/55 78/1141/55 75/1142/55
f 75/1142/55 72/1143/55 69/1144/55
f 69/1144/55 66/1145/55 64/1146/55
f 64/1146/55 123/1147/55 121/1148/55
f 121/1148/55 60/1149/55 117/1150/55
f 117/1150/55 115/1151/55 57/56/55
f 57/56/55 55/1152/55 111/1153/55
f 111/1153/55 51/1154/55 48/1155/55
f 48/1155/55 46/1156/55 108/1157/55
f 108/1157/55 42/1158/55 105/57/55
f 105/57/55 39/1159/55 102/1160/55
f 102/1160/55 100/1161/55 97/1162/55
f 97/1162/55 93/1163/55 36/1164/55
f 36/1164/55 34/1165/55 90/58/55
f 90/58/55 84/1138/55 126/1140/55
f 126/1140/55 75/1142/55 69/1144/55
f 69/1144/55 64/1146/55 121/1148/55
f 121/1148/55 117/1150/55 57/56/55
f 57/56/55 111/1153/55 48/1155/55
f 48/1155/55 108/1157/55 105/57/55
f 105/57/55 102/1160/55 97/1162/55
f 97/1162/55 36/1164/55 90/58/55
f 90/58/55 126/1140/55 69/1144/55
f 69/1144/55 121/1148/55 57/56/55
f 57/56/55 48/1155/55 105/57/55
f 105/57/55 97/1162/55 90/58/55
f 90/58/55 69/1144/55 57/56/55
s 1
f 37/59/56 94/62/59 19/60/57
f 94/62/59 96/53/52 20/54/53
f 87/5/5 91/1/1 18/3/3
f 37/59/56 33/120/105 35/63/60
f 35/63/60 34/1166/106 36/65/62
f 49/41/40 45/138/115 47/66/63
f 47/66/63 46/1167/116 48/68/65
f 52/35/35 49/41/40 50/69/64
f 53/70/66 50/69/64 48/71/65
f 58/32/32 54/148/119 56/73/68
f 56/73/68 55/1168/120 57/75/70
f 67/21/21 63/19/19 65/76/71
f 68/77/72 65/76/71 64/78/73
f 70/80/75 67/21/21 68/81/72
f 71/82/76 68/81/72 66/83/74
f 73/17/17 70/80/75 71/85/76
f 74/86/78 71/85/76 69/87/77
f 73/17/17 74/1169/78 77/89/80
f 77/89/80 74/1169/78 72/90/79
f 76/15/15 77/93/80 80/92/82
f 77/93/80 75/1170/81 78/94/83
f 121/95/84 123/1171/123 125/96/85
f 125/96/85 124/26/26 120/24/24
f 117/98/87 119/101/90 116/99/88
f 119/101/90 118/49/48 114/102/91
f 100/103/92 102/1172/906 104/104/93
f 101/105/94 104/104/93 103/55/54
f 97/106/95 100/1173/92 101/107/94
f 98/108/96 101/107/94 99/50/49
f 93/109/97 97/1174/95 98/110/96
f 95/111/98 98/110/96 96/53/52
f 90/112/99 92/115/102 89/113/100
f 92/115/102 91/1/1 87/5/5
f 88/116/101 89/1175/100 86/117/103
f 86/117/103 89/1175/100 87/5/5
f 91/1/1 92/121/102 35/119/60
f 92/121/102 90/1176/99 34/122/106
f 94/62/59 37/59/56 38/123/61
f 38/123/61 36/1177/62 93/125/97
f 103/55/54 104/127/93 41/126/107
f 104/127/93 102/1178/906 39/128/108
f 40/47/46 41/130/107 107/129/109
f 41/130/107 39/1179/108 105/131/110
f 106/45/44 107/133/109 44/132/111
f 107/133/109 105/1180/110 42/134/112
f 43/43/42 44/136/111 110/135/113
f 44/136/111 42/1181/112 108/137/114
f 45/138/115 109/38/37 110/139/113
f 110/139/113 108/1182/114 46/141/116
f 112/142/29 52/35/35 53/143/66
f 113/144/117 53/143/66 51/145/67
f 112/29/29 113/149/117 56/147/68
f 113/149/117 111/1183/118 55/150/120
f 58/32/32 59/152/69 116/151/88
f 59/152/69 57/1184/70 115/153/89
f 61/28/28 118/49/48 119/154/90
f 62/155/121 119/154/90 117/156/87
f 120/24/24 61/28/28 62/158/121
f 122/159/86 62/158/121 60/160/122
f 124/26/26 125/1185/85 65/162/71
f 65/162/71 125/1185/85 123/163/123
f 127/165/124 79/11/11 80/166/82
f 80/166/82 78/1186/83 126/168/126
f 82/10/10 127/165/124 128/169/125
f 83/170/127 128/169/125 126/171/126
f 85/8/8 82/10/10 83/173/127
f 83/173/127 81/1187/128 84/175/104
f 33/120/105 37/59/56 3/61/58
s 3
f 146/176/3 219/287/1 161/177/105
f 160/179/4 213/291/8 215/180/5
f 210/182/10 213/291/8 160/179/4
f 255/184/129 210/182/10 159/183/7
f 207/186/11 255/184/129 145/185/9
f 158/188/13 204/260/15 207/186/11
f 201/189/17 204/260/15 158/188/13
f 143/191/16 198/196/75 201/189/17
f 141/192/18 252/1188/26 191/193/19
f 156/195/22 195/249/21 198/196/75
f 191/193/19 195/249/21 156/195/22
f 155/197/23 189/201/28 248/198/24
f 248/198/24 252/1188/26 141/192/18
f 154/200/27 246/274/48 189/201/28
f 137/202/31 240/318/29 182/203/119
f 186/205/130 242/222/91 139/206/33
f 138/204/30 182/203/119 186/205/130
f 180/208/35 240/315/29 137/209/31
f 151/211/39 237/308/153 173/212/115
f 177/214/40 180/208/35 136/210/36
f 173/212/115 177/214/40 135/215/41
f 171/216/42 237/308/153 151/211/39
f 234/218/44 171/216/42 150/217/43
f 168/220/46 234/218/44 134/219/45
f 242/222/91 246/274/48 154/200/27
f 227/223/49 231/228/54 133/224/50
f 224/226/52 227/223/49 132/225/51
f 231/228/54 168/220/46 149/221/47
s 0
f 218/231/55 216/1189/55 212/1190/55
f 212/1190/907 209/1191/907 254/1192/907
f 254/1192/55 206/1193/55 203/1194/55
f 203/1194/55 200/1195/55 197/1196/55
f 197/1196/55 194/1197/55 192/1198/55
f 192/1198/55 251/1199/55 249/1200/55
f 249/1200/55 188/1201/55 245/1202/55
f 245/1202/55 243/1203/55 185/229/55
f 185/229/55 183/1204/55 239/1205/55
f 239/1205/55 179/1206/55 176/1207/55
f 176/1207/55 174/1208/55 236/1209/55
f 236/1209/55 170/1210/55 233/230/55
f 233/230/55 167/1211/55 230/1212/55
f 230/1212/55 228/1213/55 225/1214/55
f 225/1214/55 221/1215/55 164/1216/55
f 164/1216/55 162/1217/55 218/231/55
f 218/231/55 212/1190/55 254/1192/55
f 254/1192/55 203/1194/55 197/1196/55
f 197/1196/55 192/1198/55 249/1200/55
f 249/1200/55 245/1202/55 185/229/55
f 185/229/55 239/1205/55 176/1207/55
f 176/1207/55 236/1209/55 233/230/55
f 233/230/55 230/1212/55 225/1214/55
f 225/1214/55 164/1216/55 218/231/55
f 218/231/55 254/1192/55 197/1196/55
f 197/1196/55 249/1200/55 185/229/55
f 185/229/55 176/1207/55 233/230/55
f 233/230/55 225/1214/55 218/231/55
f 218/231/55 197/1196/55 185/229/55
s 3
f 165/232/131 222/235/59 147/233/57
f 222/235/59 224/226/52 148/227/53
f 215/180/5 219/287/1 146/176/3
f 161/177/105 163/1218/60 166/236/61
f 166/236/61 163/1218/60 162/237/132
f 177/214/40 173/212/115 175/239/63
f 178/240/64 175/239/63 174/241/134
f 177/214/40 178/1219/64 181/243/66
f 181/243/66 178/1219/64 176/244/135
f 182/203/119 184/247/136 187/246/69
f 184/247/136 183/1220/155 185/248/137
f 195/249/21 191/193/19 193/250/138
f 196/251/72 193/250/138 192/252/139
f 195/249/21 196/255/72 199/254/76
f 196/255/72 194/1221/140 197/256/77
f 201/189/17 198/196/75 199/257/76
f 199/257/76 197/1222/77 200/259/141
f 204/260/15 201/189/17 202/261/78
f 205/262/80 202/261/78 200/263/141
f 207/186/11 204/260/15 205/265/80
f 205/265/80 203/1223/81 206/267/143
f 249/268/144 251/1224/123 253/269/145
f 253/269/145 252/1188/26 248/198/24
f 245/271/87 247/1225/90 244/272/146
f 244/272/146 247/1225/90 246/274/48
f 228/275/92 230/1226/906 232/276/93
f 229/277/94 232/276/93 231/228/54
f 225/278/148 228/1227/92 229/279/94
f 229/279/94 227/223/49 224/226/52
f 225/281/148 226/1228/96 223/282/98
f 223/282/98 226/1228/96 224/226/52
f 218/284/99 220/1229/102 217/285/100
f 217/285/100 220/1229/102 219/287/1
f 216/288/101 217/1230/100 214/289/103
f 214/289/103 217/1230/100 215/180/5
f 219/287/1 220/293/102 163/292/60
f 220/293/102 218/1231/99 162/294/132
f 165/232/131 166/296/61 223/295/98
f 166/296/61 164/1232/133 221/297/149
f 231/228/54 232/299/93 169/298/107
f 232/299/93 230/1233/906 167/300/108
f 168/220/46 169/302/107 235/301/109
f 169/302/107 167/1234/108 233/303/151
f 234/218/44 235/1235/109 172/304/111
f 172/304/111 235/1235/109 233/305/151
f 171/216/42 172/1236/111 238/307/113
f 238/307/113 172/1236/111 170/309/152
f 237/308/153 238/312/113 175/311/63
f 238/312/113 236/1237/154 174/313/134
f 180/208/35 181/1238/66 241/314/117
f 241/314/117 181/1238/66 179/316/67
f 240/318/29 241/320/117 184/319/136
f 241/320/117 239/1239/118 183/321/155
f 242/222/91 186/205/130 187/322/69
f 244/323/146 187/322/69 185/324/137
f 246/274/48 247/1240/90 190/326/121
f 190/326/121 247/1240/90 245/327/87
f 189/201/28 190/1241/121 250/329/86
f 250/329/86 190/1241/121 188/330/122
f 191/193/19 252/1188/26 253/332/145
f 193/333/138 253/332/145 251/334/123
f 207/186/11 208/1242/142 256/336/125
f 256/336/125 208/1242/142 206/337/143
f 210/182/10 255/184/129 256/339/125
f 211/340/127 256/339/125 254/341/156
f 213/291/8 210/182/10 211/343/127
f 214/344/103 211/343/127 209/345/157
f 161/177/105 165/232/131 131/234/58
s 5
f 361/347/158 257/1243/285 258/348/159
f 362/350/161 361/347/158 259/349/160
f 259/349/160 258/348/159 261/352/163
f 259/349/160 262/353/164 263/354/165
f 261/352/163 264/357/168 265/355/166
f 263/354/165 262/353/164 265/355/166
f 264/357/168 267/360/171 268/358/169
f 266/356/167 265/355/166 268/358/169
f 267/360/171 270/363/174 271/361/172
f 268/358/169 271/361/172 272/362/173
f 270/363/174 273/366/177 274/364/175
f 272/362/173 271/361/172 274/364/175
f 273/366/177 276/369/180 277/367/178
f 275/365/176 274/364/175 277/367/178
f 276/369/180 279/372/182 280/370/50
f 278/368/179 277/367/178 280/370/50
f 279/372/182 282/375/185 283/373/183
f 281/371/181 280/370/50 283/373/183
f 282/375/185 285/380/190 286/376/186
f 284/374/184 283/373/183 286/376/186
f 287/377/187 286/376/186 289/378/188
f 285/380/190 288/381/191 289/378/188
f 288/381/191 291/384/194 292/382/192
f 290/379/189 289/378/188 292/382/192
f 291/384/194 294/387/197 295/385/195
f 293/383/193 292/382/192 295/385/195
f 294/387/197 298/395/205 299/388/198
f 296/386/196 295/385/195 299/388/198
f 301/390/200 300/389/199 305/391/201
f 297/393/203 302/397/207 303/394/204
f 298/395/205 303/394/204 304/396/206
f 300/389/199 299/388/198 304/396/206
f 302/397/207 307/402/211 308/398/208
f 303/394/204 308/398/208 309/399/55
f 305/391/201 304/396/206 309/399/55
f 306/392/202 305/391/201 310/400/209
f 307/402/211 312/407/216 313/403/212
f 308/398/208 313/403/212 314/404/213
f 310/400/209 309/399/55 314/404/213
f 311/401/210 310/400/209 315/405/214
f 312/407/216 317/1244/719 318/408/217
f 313/403/212 318/408/217 319/409/218
f 315/405/214 314/404/213 319/409/218
f 316/406/215 315/405/214 320/410/219
f 318/408/217 322/414/223 323/412/221
f 320/410/219 319/409/218 323/412/221
f 322/414/223 325/417/226 326/415/224
f 324/413/222 323/412/221 326/415/224
f 325/417/226 328/422/231 329/418/227
f 327/416/225 326/415/224 329/418/227
f 330/419/228 329/418/227 332/420/229
f 328/422/231 331/423/232 332/420/229
f 331/423/232 334/428/236 335/424/233
f 333/421/230 332/420/229 335/424/233
f 336/425/234 335/424/233 338/426/20
f 334/428/236 337/429/237 338/426/20
f 337/429/237 340/432/240 341/430/238
f 339/427/235 338/426/20 341/430/238
f 340/432/240 343/435/243 344/433/241
f 342/431/239 341/430/238 344/433/241
f 343/435/243 346/438/246 347/436/244
f 345/434/242 344/433/241 347/436/244
f 346/438/246 349/441/249 350/439/247
f 348/437/245 347/436/244 350/439/247
f 349/441/249 352/444/252 353/442/250
f 351/440/248 350/439/247 353/442/250
f 352/444/252 355/447/255 356/445/253
f 354/443/251 353/442/250 356/445/253
f 355/447/255 358/450/258 359/448/256
f 357/446/254 356/445/253 359/448/256
f 358/450/258 257/1245/285 361/451/158
f 360/449/257 359/448/256 361/451/158
s 6
f 363/453/259 374/482/286 375/454/260
s 7
f 804/456/262 381/964/711 382/457/263
s 6
f 364/455/261 375/454/260 376/459/265
s 7
f 370/458/264 382/457/263 383/461/267
s 6
f 365/460/266 376/459/265 377/463/269
s 7
f 805/462/268 383/461/267 384/465/271
s 6
f 366/464/270 377/463/269 378/467/273
s 7
f 371/466/272 384/465/271 385/469/275
s 6
f 367/468/274 378/467/273 379/471/277
s 7
f 806/470/276 385/469/275 386/473/279
s 6
f 368/472/278 379/471/277 380/475/281
s 7
f 373/477/283 372/474/280 386/473/279
s 6
f 1004/479/285 369/476/282 380/475/281
f 380/475/281 394/498/300 1014/484/163
f 374/482/286 388/485/287 389/487/289
s 7
f 382/457/263 381/964/711 395/488/290
s 6
f 376/459/265 375/454/260 389/487/289
s 7
f 382/457/263 396/489/291 397/491/293
s 6
f 377/463/269 376/459/265 390/490/292
s 7
f 384/465/271 383/461/267 397/491/293
s 6
f 377/463/269 391/492/294 392/494/296
s 7
f 385/469/275 384/465/271 398/493/295
s 6
f 378/467/273 392/494/296 393/496/298
s 7
f 385/469/275 399/495/297 400/497/299
s 6
f 379/471/277 393/496/298 394/498/300
s 7
f 386/473/279 400/497/299 401/486/288
f 398/493/295 397/491/293 411/499/301
s 6
f 391/492/294 405/513/314 406/501/303
s 7
f 398/493/295 412/500/302 413/502/304
s 6
f 393/496/298 392/494/296 406/501/303
s 7
f 400/497/299 399/495/297 413/502/304
s 6
f 393/496/298 407/503/305 408/505/307
s 7
f 400/497/299 414/504/306 415/506/308
s 6
f 1014/484/163 394/498/300 408/505/307
f 388/485/287 402/508/309 403/509/310
s 7
f 396/489/291 395/488/290 409/510/311
s 6
f 389/487/289 403/509/310 404/512/313
s 7
f 396/489/291 410/511/312 411/499/301
s 6
f 390/490/292 404/512/313 405/513/314
f 403/509/310 402/508/309 416/514/315
s 7
f 410/511/312 409/510/311 423/517/318
s 6
f 403/509/310 417/516/317 418/519/320
s 7
f 410/511/312 424/518/319 425/520/321
s 6
f 405/513/314 404/512/313 418/519/320
s 7
f 412/500/302 411/499/301 425/520/321
s 6
f 405/513/314 419/521/322 420/523/324
s 7
f 412/500/302 426/522/323 427/524/325
s 6
f 407/503/305 406/501/303 420/523/324
s 7
f 413/502/304 427/524/325 428/526/327
s 6
f 407/503/305 421/525/326 422/527/328
s 7
f 414/504/306 428/526/327 429/515/316
s 6
f 408/505/307 422/527/328 1012/528/171
f 419/521/322 433/542/341 434/529/329
s 7
f 426/522/323 440/543/342 441/530/330
s 6
f 421/525/326 420/523/324 434/529/329
s 7
f 427/524/325 441/530/330 442/532/332
s 6
f 422/527/328 421/525/326 435/531/331
s 7
f 429/515/316 428/526/327 442/532/332
s 6
f 422/527/328 436/533/333 1011/535/174
f 416/514/315 430/536/335 431/537/336
s 7
f 424/518/319 423/517/318 437/538/337
s 6
f 417/516/317 431/537/336 432/540/339
s 7
f 424/518/319 438/539/338 439/541/340
s 6
f 419/521/322 418/519/320 432/540/339
s 7
f 426/522/323 425/520/321 439/541/340
s 6
f 430/536/335 444/558/356 445/544/343
s 7
f 438/539/338 437/538/337 451/545/344
s 6
f 431/537/336 445/544/343 446/547/346
s 7
f 438/539/338 452/546/345 453/548/347
s 6
f 432/540/339 446/547/346 447/549/348
s 7
f 440/543/342 439/541/340 453/548/347
s 6
f 433/542/341 447/549/348 448/551/350
s 7
f 440/543/342 454/550/349 455/552/351
s 6
f 435/531/331 434/529/329 448/551/350
s 7
f 441/530/330 455/552/351 456/554/353
s 6
f 435/531/331 449/553/352 450/555/354
s 7
f 442/532/332 456/554/353 457/556/355
s 6
f 436/533/333 450/555/354 1009/557/177
s 7
f 454/550/349 468/573/370 469/559/357
s 6
f 449/553/352 448/551/350 462/560/358
s 7
f 456/554/353 455/552/351 469/559/357
s 6
f 449/553/352 463/561/359 464/563/361
s 7
f 457/556/355 456/554/353 470/562/360
s 6
f 450/555/354 464/563/361 1010/565/180
f 444/558/356 458/566/363 459/567/364
s 7
f 452/546/345 451/545/344 465/568/365
s 6
f 445/544/343 459/567/364 460/570/367
s 7
f 452/546/345 466/569/366 467/571/368
s 6
f 446/547/346 460/570/367 461/572/369
s 7
f 454/550/349 453/548/347 467/571/368
s 6
f 447/549/348 461/572/369 462/560/358
s 7
f 466/569/366 465/568/365 479/574/371
s 6
f 459/567/364 473/588/384 474/576/373
s 7
f 466/569/366 480/575/372 481/577/374
s 6
f 461/572/369 460/570/367 474/576/373
s 7
f 468/573/370 467/571/368 481/577/374
s 6
f 461/572/369 475/578/375 476/580/377
s 7
f 468/573/370 482/579/376 483/581/378
s 6
f 463/561/359 462/560/358 476/580/377
s 7
f 470/562/360 469/559/357 483/581/378
s 6
f 463/561/359 477/582/379 478/584/381
s 7
f 470/562/360 484/583/380 485/585/382
s 6
f 464/563/361 478/584/381 826/586/182
f 458/566/363 472/587/383 473/588/384
s 7
f 484/583/380 483/581/378 497/589/385
s 6
f 478/584/381 477/582/379 491/591/387
s 7
f 485/585/382 484/583/380 498/590/386
s 6
f 478/584/381 492/592/388 1087/594/185
f 472/587/383 486/595/390 487/596/391
s 7
f 480/575/372 479/574/371 493/597/392
s 6
f 473/588/384 487/596/391 488/599/394
s 7
f 480/575/372 494/598/393 495/600/395
s 6
f 474/576/373 488/599/394 489/601/396
s 7
f 482/579/376 481/577/374 495/600/395
s 6
f 475/578/375 489/601/396 490/603/398
s 7
f 482/579/376 496/602/397 497/589/385
s 6
f 477/582/379 476/580/377 490/603/398
f 488/599/394 487/596/391 501/604/399
s 7
f 494/598/393 508/618/412 509/606/401
s 6
f 488/599/394 502/605/400 503/607/402
s 7
f 496/602/397 495/600/395 509/606/401
s 6
f 489/601/396 503/607/402 504/609/404
s 7
f 496/602/397 510/608/403 511/610/405
s 6
f 491/591/387 490/603/398 504/609/404
s 7
f 497/589/385 511/610/405 512/612/407
s 6
f 492/592/388 491/591/387 505/611/406
s 7
f 498/590/386 512/612/407 513/614/409
s 6
f 492/592/388 506/613/408 827/615/190
f 486/595/390 500/616/410 501/604/399
s 7
f 494/598/393 493/597/392 507/617/411
s 6
f 506/613/408 505/611/406 519/619/413
s 7
f 512/612/407 526/633/426 527/621/415
s 6
f 506/613/408 520/620/414 828/622/191
f 500/616/410 514/623/416 515/624/417
s 7
f 508/618/412 507/617/411 521/625/418
s 6
f 501/604/399 515/624/417 516/627/420
s 7
f 508/618/412 522/626/419 523/628/421
s 6
f 503/607/402 502/605/400 516/627/420
s 7
f 510/608/403 509/606/401 523/628/421
s 6
f 503/607/402 517/629/422 518/631/424
s 7
f 510/608/403 524/630/423 525/632/425
s 6
f 505/611/406 504/609/404 518/631/424
s 7
f 512/612/407 511/610/405 525/632/425
f 522/626/419 536/648/440 537/634/427
s 6
f 517/629/422 516/627/420 530/635/428
s 7
f 524/630/423 523/628/421 537/634/427
s 6
f 517/629/422 531/636/429 532/638/431
s 7
f 524/630/423 538/637/430 539/639/432
s 6
f 519/619/413 518/631/424 532/638/431
s 7
f 526/633/426 525/632/425 539/639/432
s 6
f 520/620/414 519/619/413 533/640/433
s 7
f 526/633/426 540/641/434 541/643/436
s 6
f 520/620/414 534/642/435 829/644/194
f 514/623/416 528/645/437 529/646/438
s 7
f 522/626/419 521/625/418 535/647/439
s 6
f 515/624/417 529/646/438 530/635/428
s 7
f 541/643/436 540/641/434 554/649/441
s 6
f 534/642/435 548/663/454 830/651/197
f 528/645/437 542/652/443 543/653/444
s 7
f 536/648/440 535/647/439 549/654/445
s 6
f 529/646/438 543/653/444 544/656/447
s 7
f 536/648/440 550/655/446 551/657/448
s 6
f 530/635/428 544/656/447 545/658/449
s 7
f 538/637/430 537/634/427 551/657/448
s 6
f 531/636/429 545/658/449 546/660/451
s 7
f 538/637/430 552/659/450 553/661/452
s 6
f 533/640/433 532/638/431 546/660/451
s 7
f 540/641/434 539/639/432 553/661/452
s 6
f 534/642/435 533/640/433 547/662/453
f 544/656/447 558/678/469 559/664/455
s 7
f 552/659/450 551/657/448 565/665/456
s 6
f 545/658/449 559/664/455 560/667/458
s 7
f 552/659/450 566/666/457 567/668/459
s 6
f 547/662/453 546/660/451 560/667/458
s 7
f 554/649/441 553/661/452 567/668/459
s 6
f 547/662/453 561/669/460 562/671/462
s 7
f 555/650/442 554/649/441 568/670/461
s 6
f 548/663/454 562/671/462 1086/673/464
f 542/652/443 556/674/465 557/675/466
s 7
f 550/655/446 549/654/445 563/676/467
s 6
f 543/653/444 557/675/466 558/678/469
s 7
f 550/655/446 564/677/468 565/665/456
s 6
f 1057/1047/471 1086/673/464 562/671/462
f 562/671/462 1023/1064/908 1022/679/470
f 850/680/471 1057/1047/471 562/671/462
f 556/674/465 570/681/472 571/683/474
s 7
f 576/685/475 564/677/468 563/676/467
f 563/676/467 1016/1116/909 1017/684/200
f 1017/684/200 837/1059/910 576/685/475
s 6
f 557/675/466 571/683/474 572/686/476
s 7
f 564/677/468 576/685/475 577/687/477
s 6
f 558/678/469 572/686/476 573/688/478
s 7
f 566/666/457 565/665/456 577/687/477
s 6
f 559/664/455 573/688/478 574/690/480
s 7
f 566/666/457 578/689/479 579/691/481
s 6
f 561/669/460 560/667/458 574/690/480
s 7
f 568/670/461 567/668/459 579/691/481
s 6
f 1023/1064/908 562/671/462 561/669/460
f 561/669/460 575/692/482 854/694/484
f 853/695/203 1023/1064/908 561/669/460
s 7
f 568/670/461 580/693/483 581/682/473
f 578/689/479 577/687/477 589/696/485
s 6
f 573/688/478 585/708/496 586/698/487
s 7
f 579/691/481 578/689/479 590/697/486
s 6
f 575/692/482 574/690/480 586/698/487
s 7
f 580/693/483 579/691/481 591/699/488
f 581/682/473 580/693/483 592/701/490
s 6
f 571/683/474 570/681/472 582/703/492
s 7
f 576/685/475 837/1059/910 1091/1065/494
f 576/685/475 1091/1065/494 841/1086/494
f 840/706/210 588/715/502 576/685/475
f 576/685/475 841/1086/494 1096/705/494
s 6
f 571/683/474 583/704/493 584/707/495
s 7
f 576/685/475 588/715/502 589/696/485
s 6
f 572/686/476 584/707/495 585/708/496
f 582/703/492 594/723/510 595/710/498
s 7
f 600/713/500 588/715/502 840/706/210
f 600/713/500 840/706/210 1092/1094/499
f 839/712/499 1093/1081/911 600/713/500
f 600/713/500 1092/1094/499 838/711/499
s 6
f 583/704/493 595/710/498 596/714/501
s 7
f 588/715/502 600/713/500 601/716/503
s 6
f 585/708/496 584/707/495 596/714/501
s 7
f 590/697/486 589/696/485 601/716/503
s 6
f 585/708/496 597/717/504 598/719/506
s 7
f 590/697/486 602/718/505 603/720/507
s 6
f 587/700/489 586/698/487 598/719/506
s 7
f 592/701/490 591/699/488 603/720/507
f 593/702/491 592/701/490 604/722/509
f 602/718/505 616/737/523 617/724/511
s 6
f 599/721/508 598/719/506 610/725/512
s 7
f 604/722/509 603/720/507 617/724/511
f 604/722/509 618/727/514 619/728/515
s 6
f 594/723/510 606/729/516 607/730/517
s 7
f 614/733/519 600/713/500 1093/1081/911
f 842/731/220 846/988/912 613/732/518
f 614/733/519 1093/1081/911 842/731/220
s 6
f 595/710/498 607/730/517 608/734/520
s 7
f 600/713/500 614/733/519 615/735/521
s 6
f 596/714/501 608/734/520 609/736/522
s 7
f 602/718/505 601/716/503 615/735/521
s 6
f 597/717/504 609/736/522 610/725/512
f 606/729/516 620/754/539 621/738/524
s 7
f 614/733/519 613/732/518 627/739/525
s 6
f 607/730/517 621/738/524 622/741/527
s 7
f 614/733/519 628/740/526 629/742/528
s 6
f 608/734/520 622/741/527 623/743/529
s 7
f 616/737/523 615/735/521 629/742/528
s 6
f 609/736/522 623/743/529 624/745/531
s 7
f 616/737/523 630/744/530 631/746/532
s 6
f 611/726/513 610/725/512 624/745/531
s 7
f 618/727/514 617/724/511 631/746/532
s 6
f 611/726/513 625/747/533 626/749/535
s 7
f 618/727/514 632/748/534 633/751/537
s 6
f 612/750/536 626/749/535 1084/752/223
f 625/747/533 624/745/531 638/755/540
s 7
f 632/748/534 631/746/532 645/757/542
s 6
f 625/747/533 639/756/541 640/759/544
s 7
f 633/751/537 632/748/534 646/758/543
s 6
f 626/749/535 640/759/544 832/761/226
f 621/738/524 620/754/539 634/762/546
s 7
f 628/740/526 627/739/525 641/764/548
s 6
f 622/741/527 621/738/524 635/763/547
s 7
f 628/740/526 642/765/549 643/767/551
s 6
f 622/741/527 636/766/550 637/768/552
s 7
f 630/744/530 629/742/528 643/767/551
s 6
f 623/743/529 637/768/552 638/755/540
s 7
f 630/744/530 644/769/553 645/757/542
f 642/765/549 641/764/548 655/770/554
s 6
f 635/763/547 649/784/567 650/772/556
s 7
f 642/765/549 656/771/555 657/773/557
s 6
f 636/766/550 650/772/556 651/774/558
s 7
f 644/769/553 643/767/551 657/773/557
s 6
f 637/768/552 651/774/558 652/776/560
s 7
f 645/757/542 644/769/553 658/775/559
s 6
f 639/756/541 638/755/540 652/776/560
s 7
f 646/758/543 645/757/542 659/777/561
s 6
f 639/756/541 653/778/562 654/780/564
s 7
f 646/758/543 660/779/563 661/781/565
s 6
f 640/759/544 654/780/564 1082/782/231
f 634/762/546 648/783/566 649/784/567
s 7
f 659/777/561 674/798/580 675/785/568
s 6
f 653/778/562 668/799/581 669/786/569
s 7
f 661/781/565 660/779/563 675/785/568
s 6
f 654/780/564 669/786/569 833/788/232
f 648/783/566 663/789/571 664/790/572
s 7
f 656/771/555 655/770/554 670/791/573
s 6
f 649/784/567 664/790/572 665/793/575
s 7
f 656/771/555 671/792/574 672/794/576
s 6
f 650/772/556 665/793/575 666/795/577
s 7
f 658/775/559 657/773/557 672/794/576
s 6
f 651/774/558 666/795/577 667/797/579
s 7
f 658/775/559 673/796/578 674/798/580
s 6
f 653/778/562 652/776/560 667/797/579
f 664/790/572 678/812/593 679/800/582
s 7
f 671/792/574 685/814/595 686/801/583
s 6
f 665/793/575 679/800/582 680/802/584
s 7
f 673/796/578 672/794/576 686/801/583
s 6
f 666/795/577 680/802/584 681/804/586
s 7
f 674/798/580 673/796/578 687/803/585
s 6
f 668/799/581 667/797/579 681/804/586
s 7
f 675/785/568 674/798/580 688/805/587
s 6
f 668/799/581 682/806/588 683/808/590
s 7
f 676/787/570 675/785/568 689/807/589
s 6
f 669/786/569 683/808/590 1007/810/236
f 663/789/571 677/811/592 678/812/593
s 7
f 671/792/574 670/791/573 684/813/594
s 6
f 682/806/588 696/829/609 697/815/596
s 7
f 690/809/591 689/807/589 703/816/597
s 6
f 683/808/590 697/815/596 1008/818/237
f 677/811/592 691/819/599 692/820/600
s 7
f 685/814/595 684/813/594 698/821/601
s 6
f 679/800/582 678/812/593 692/820/600
s 7
f 685/814/595 699/822/602 700/824/604
s 6
f 679/800/582 693/823/603 694/825/605
s 7
f 687/803/585 686/801/583 700/824/604
s 6
f 680/802/584 694/825/605 695/827/607
s 7
f 687/803/585 701/826/606 702/828/608
s 6
f 682/806/588 681/804/586 695/827/607
s 7
f 688/805/587 702/828/608 703/816/597
f 699/822/602 713/843/622 714/830/610
s 6
f 693/823/603 707/844/623 708/831/611
s 7
f 700/824/604 714/830/610 715/832/612
s 6
f 694/825/605 708/831/611 709/833/613
s 7
f 701/826/606 715/832/612 716/834/614
s 6
f 696/829/609 695/827/607 709/833/613
s 7
f 703/816/597 702/828/608 716/834/614
s 6
f 696/829/609 710/835/615 711/837/617
s 7
f 703/816/597 717/836/616 718/838/618
s 6
f 697/815/596 711/837/617 834/839/240
f 691/819/599 705/840/619 706/841/620
s 7
f 699/822/602 698/821/601 712/842/621
s 6
f 692/820/600 706/841/620 707/844/623
s 7
f 718/838/618 717/836/616 731/845/624
s 6
f 711/837/617 725/859/637 835/847/243
f 705/840/619 719/848/626 720/849/627
s 7
f 713/843/622 712/842/621 726/850/628
s 6
f 706/841/620 720/849/627 721/852/630
s 7
f 713/843/622 727/851/629 728/853/631
s 6
f 707/844/623 721/852/630 722/854/632
s 7
f 715/832/612 714/830/610 728/853/631
s 6
f 708/831/611 722/854/632 723/856/634
s 7
f 715/832/612 729/855/633 730/857/635
s 6
f 710/835/615 709/833/613 723/856/634
s 7
f 716/834/614 730/857/635 731/845/624
s 6
f 710/835/615 724/858/636 725/859/637
s 7
f 729/855/633 728/853/631 742/860/638
s 6
f 722/854/632 736/874/651 737/862/640
s 7
f 730/857/635 729/855/633 743/861/639
s 6
f 724/858/636 723/856/634 737/862/640
s 7
f 731/845/624 730/857/635 744/863/641
s 6
f 724/858/636 738/864/642 739/866/644
s 7
f 732/846/625 731/845/624 745/865/643
s 6
f 725/859/637 739/866/644 1080/868/246
f 719/848/626 733/869/646 734/870/647
s 7
f 727/851/629 726/850/628 740/871/648
s 6
f 720/849/627 734/870/647 735/873/650
s 7
f 727/851/629 741/872/649 742/860/638
s 6
f 721/852/630 735/873/650 736/874/651
f 733/869/646 748/875/652 749/877/654
s 7
f 741/872/649 740/871/648 755/878/655
s 6
f 734/870/647 749/877/654 750/880/657
s 7
f 741/872/649 756/879/656 757/881/658
s 6
f 736/874/651 735/873/650 750/880/657
s 7
f 742/860/638 757/881/658 758/883/660
s 6
f 736/874/651 751/882/659 752/884/661
s 7
f 743/861/639 758/883/660 759/885/662
s 6
f 738/864/642 737/862/640 752/884/661
s 7
f 744/863/641 759/885/662 760/887/664
s 6
f 738/864/642 753/886/663 754/888/665
s 7
f 745/865/643 760/887/664 761/876/653
s 6
f 739/866/644 754/888/665 836/889/249
f 751/882/659 765/903/678 766/890/666
s 7
f 758/883/660 772/904/679 773/891/667
s 6
f 753/886/663 752/884/661 766/890/666
s 7
f 759/885/662 773/891/667 774/893/669
s 6
f 753/886/663 767/892/668 768/894/670
s 7
f 761/876/653 760/887/664 774/893/669
s 6
f 754/888/665 768/894/670 1006/896/252
f 748/875/652 762/897/672 763/898/673
s 7
f 756/879/656 755/878/655 769/899/674
s 6
f 750/880/657 749/877/654 763/898/673
s 7
f 756/879/656 770/900/675 771/902/677
s 6
f 751/882/659 750/880/657 764/901/676
s 7
f 758/883/660 757/881/658 771/902/677
s 6
f 763/898/673 762/897/672 776/905/680
s 7
f 770/900/675 769/899/674 783/907/682
s 6
f 764/901/676 763/898/673 777/906/681
s 7
f 770/900/675 784/908/683 785/910/685
s 6
f 765/903/678 764/901/676 778/909/684
s 7
f 772/904/679 771/902/677 785/910/685
s 6
f 765/903/678 779/911/686 780/913/688
s 7
f 772/904/679 786/912/687 787/914/689
s 6
f 767/892/668 766/890/666 780/913/688
s 7
f 773/891/667 787/914/689 788/916/691
s 6
f 767/892/668 781/915/690 782/917/692
s 7
f 775/895/671 774/893/669 788/916/691
s 6
f 768/894/670 782/917/692 1005/919/255
s 7
f 787/914/689 786/912/687 800/920/694
s 6
f 781/915/690 780/913/688 794/922/696
s 7
f 788/916/691 787/914/689 801/921/695
s 6
f 781/915/690 795/923/697 796/925/699
s 7
f 788/916/691 802/924/698 803/926/700
s 6
f 782/917/692 796/925/699 1003/927/258
f 776/905/680 790/928/701 791/929/702
s 7
f 784/908/683 783/907/682 797/930/703
s 6
f 777/906/681 791/929/702 792/932/705
s 7
f 784/908/683 798/931/704 799/933/706
s 6
f 779/911/686 778/909/684 792/932/705
s 7
f 786/912/687 785/910/685 799/933/706
s 6
f 779/911/686 793/934/707 794/922/696
f 791/929/702 790/928/701 363/453/259
s 7
f 797/930/703 804/456/262 370/458/264
s 6
f 792/932/705 791/929/702 364/455/261
s 7
f 798/931/704 370/458/264 805/462/268
s 6
f 793/934/707 792/932/705 365/460/266
s 7
f 799/933/706 805/462/268 371/466/272
s 6
f 794/922/696 793/934/707 366/464/270
s 7
f 800/920/694 371/466/272 806/470/276
s 6
f 795/923/697 794/922/696 367/468/274
s 7
f 801/921/695 806/470/276 372/474/280
s 6
f 796/925/699 795/923/697 368/472/278
s 7
f 802/924/698 372/474/280 373/477/283
s 6
f 796/925/699 369/476/282 1004/479/285
s 7
f 797/930/703 1067/936/257 824/935/161
f 783/907/682 823/937/254 1067/936/257
f 769/899/674 822/938/251 823/937/254
f 755/878/655 1068/939/248 822/938/251
f 740/871/648 821/940/245 1068/939/248
f 726/850/628 820/941/242 821/940/245
f 712/842/621 1069/942/239 820/941/242
f 698/821/601 819/943/235 1069/942/239
f 684/813/594 1000/944/234 819/943/235
f 670/791/573 999/945/230 1000/944/234
f 655/770/554 818/946/228 999/945/230
f 641/764/548 1002/947/225 818/946/228
f 627/739/525 1001/948/222 1002/947/225
f 613/732/518 817/971/721 1001/948/222
f 1016/1116/909 563/676/467 816/949/708
f 816/949/708 1098/1018/913 844/950/709
f 1015/951/710 1016/1116/909 816/949/708
f 549/654/445 1073/952/196 816/949/708
f 535/647/439 815/953/193 1073/952/196
f 521/625/418 814/954/189 815/953/193
f 507/617/411 813/955/187 814/954/189
f 493/597/392 1075/956/184 813/955/187
f 479/574/371 812/957/181 1075/956/184
f 465/568/365 1077/958/179 812/957/181
f 451/545/344 811/959/176 1077/958/179
f 437/538/337 810/960/173 811/959/176
f 423/517/318 809/961/170 810/960/173
f 409/510/311 808/962/167 809/961/170
f 395/488/290 1078/983/165 808/962/167
f 807/963/162 1078/983/165 395/488/290
f 824/935/161 807/963/162 381/964/711
s 8
f 976/557/712 859/1246/728 863/965/713
s 9
f 1035/938/715 871/1247/792 870/966/716
s 6
f 599/721/508 860/1027/914 1027/1020/718
f 599/721/508 1027/1020/718 1026/997/718
f 862/968/211 587/700/489 599/721/508
f 599/721/508 1026/997/718 861/967/718
f 612/750/536 857/1093/915 856/969/719
f 856/969/719 860/1027/914 599/721/508
f 599/721/508 611/726/513 612/750/536
s 7
f 613/732/518 846/988/912 1019/994/916
f 1018/970/720 1020/1033/720 817/971/721
f 613/732/518 1019/994/916 1018/970/720
s 6
f 587/700/489 862/968/211 1028/980/722
f 587/700/489 1028/980/722 1029/1003/722
f 855/972/722 854/694/484 575/692/482
f 587/700/489 1029/1003/722 855/972/722
f 831/753/538 1031/1132/723 1024/1108/917
f 1025/973/723 857/1093/915 612/750/536
f 831/753/538 1024/1108/917 1025/973/723
s 9
f 1034/963/724 1033/935/725 868/974/725
s 8
f 975/565/727 858/1248/740 859/976/728
s 10
f 990/970/729 989/994/749 928/977/730
s 9
f 1036/937/717 870/1249/716 869/979/732
s 11
f 998/980/734 1066/968/735 950/981/735
s 9
f 962/983/737 1034/963/724 896/984/726
s 8
f 1088/586/739 851/1250/748 858/986/740
s 10
f 1054/731/741 924/1251/875 929/987/742
s 9
f 951/936/733 869/1252/732 868/989/725
s 11
f 1065/967/744 949/1253/751 950/990/735
s 9
f 1045/962/745 962/983/737 895/991/738
s 8
f 974/594/747 849/1254/755 851/993/748
s 10
f 989/994/749 1055/988/743 929/995/742
s 11
f 997/997/750 947/1255/766 949/998/751
s 9
f 1044/961/752 1045/962/745 894/999/746
s 8
f 1051/615/754 848/1256/764 849/1001/755
s 10
f 1097/950/756 927/1257/778 918/1002/757
s 11
f 996/1003/759 998/980/734 948/1004/736
s 9
f 1042/960/761 1044/961/752 893/1006/753
s 8
f 1050/622/763 847/1258/770 848/1008/764
s 11
f 997/997/750 995/1020/779 945/1009/765
s 9
f 1043/959/767 1042/960/761 892/1011/762
s 8
f 1048/644/769 845/1259/776 847/1013/770
s 11
f 996/1003/759 946/1260/760 938/1014/771
s 9
f 961/958/773 1043/959/767 891/1015/768
s 8
f 1049/651/775 843/1261/784 845/1017/776
s 10
f 1099/1018/777 926/1262/777 927/1019/778
s 11
f 995/1020/779 1064/1027/786 944/1021/780
s 9
f 1076/957/781 961/958/773 890/1023/774
s 8
f 973/673/783 897/1263/814 843/1025/784
s 11
f 1062/969/785 940/1264/874 944/1026/780
s 9
f 960/956/787 1076/957/781 889/1028/782
f 988/1018/789 1074/949/878 883/1030/790
f 952/939/791 872/1265/797 871/1032/792
s 10
f 1021/1033/793 990/970/729 930/1034/731
s 8
f 977/535/714 863/1266/713 864/1036/794
s 9
f 1038/940/796 873/1267/801 872/1037/797
s 8
f 978/528/795 864/1268/794 865/1038/798
s 9
f 1037/941/800 874/1269/808 873/1039/801
s 8
f 979/507/799 865/1270/798 866/1040/802
f 963/927/804 964/479/805 912/1041/805
s 9
f 953/942/807 875/1271/816 874/1043/808
s 8
f 980/484/803 866/1272/802 867/1044/809
f 965/919/811 963/927/804 911/1045/806
f 1058/1047/813 1102/1273/813 897/1048/814
s 9
f 1070/943/815 876/1274/822 875/1049/816
s 11
f 852/1047/817 1056/680/823 932/1050/818
s 8
f 1089/480/810 867/1275/809 912/1052/805
f 966/896/819 965/919/811 910/1053/812
s 9
f 954/944/821 877/1276/831 876/1055/822
s 11
f 1056/680/823 991/679/841 935/1056/824
s 10
f 981/684/825 916/1277/893 914/1058/826
s 8
f 1079/889/828 966/896/819 909/1060/820
s 9
f 955/945/830 878/1278/840 877/1062/831
s 11
f 1059/695/832 936/1279/850 934/1063/833
s 10
f 982/1065/835 1090/1059/827 914/1066/826
s 8
f 967/868/837 1079/889/828 908/1068/829
s 9
f 1071/946/839 879/1280/848 878/1070/840
s 11
f 991/679/841 992/1064/834 934/1071/833
s 10
f 1053/711/842 983/1094/868 913/1073/843
s 8
f 1047/847/845 967/868/837 907/1075/838
s 9
f 956/947/847 880/1281/857 879/1077/848
s 11
f 1059/695/832 1060/694/858 937/1078/849
s 10
f 1052/712/851 919/1282/882 920/1080/852
s 8
f 1046/839/854 1047/847/845 906/1082/846
s 9
f 957/948/856 881/1283/864 880/1084/857
s 11
f 1061/972/772 938/1284/771 937/1085/849
s 10
f 1094/1086/859 982/1065/835 915/1087/836
s 8
f 968/818/861 1046/839/854 905/1089/855
s 9
f 1072/971/863 882/1285/873 881/1091/864
s 11
f 993/973/865 939/1286/881 941/1092/866
s 10
f 983/1094/868 1095/706/869 921/1095/869
s 8
f 969/810/870 968/818/861 904/1097/862
s 9
f 958/1033/872 1101/1287/872 882/1099/873
s 11
f 1062/969/785 1063/1093/867 941/1100/866
s 10
f 1054/731/741 984/1081/853 920/1102/852
s 8
f 1081/788/876 969/810/870 903/1104/871
s 9
f 1074/949/878 959/952/885 884/1106/879
s 11
f 994/1108/880 942/1288/903 939/1109/881
s 10
f 1053/711/842 917/1289/844 919/1110/882
s 8
f 970/782/883 1081/788/876 902/1111/877
s 9
f 959/952/885 1040/953/891 885/1113/886
s 10
f 985/951/758 918/1290/757 925/1115/887
s 8
f 1083/761/889 970/782/883 901/1117/884
s 9
f 1040/953/891 1039/954/896 886/1119/892
s 10
f 981/684/825 986/1116/888 925/1121/887
s 8
f 971/752/894 1083/761/889 900/1123/890
s 9
f 1039/954/896 1041/955/901 887/1125/897
s 10
f 987/705/898 923/1291/904 921/1127/869
s 8
f 1085/753/899 971/752/894 899/1128/895
s 9
f 1041/955/901 960/956/787 888/1130/788
s 11
f 1030/1132/902 1032/1292/902 942/1133/903
s 10
f 1094/1086/859 922/1293/860 923/1134/904
s 8
f 972/1132/905 1085/753/899 898/1135/900
