# Blender 5.0.1
# www.blender.org
mtllib snitchalaDerHarry.mtl
o polySurface1254
v 3.987444 1.245401 -2.085377
v 3.987269 1.245693 -2.089191
v 3.986760 1.246552 -2.094521
v 3.917917 1.213087 -2.018164
v 3.917742 1.213378 -2.022696
v 3.917234 1.214235 -2.026394
v 3.848759 1.181309 -1.948707
v 3.848584 1.181602 -1.953744
v 3.848076 1.182459 -1.957442
v -1.183818 0.415616 -0.223666
v -1.272792 0.444448 -0.258042
v -1.190262 0.415608 -0.235659
v -1.279039 0.444682 -0.270365
v -1.191445 0.593477 -0.290854
v -1.185429 0.592845 -0.278498
v -1.171751 0.449134 -0.236854
v -1.164909 0.448412 -0.227052
v -1.253043 0.478534 -0.261790
v -1.259337 0.478938 -0.273746
v -1.167082 0.583899 -0.280432
v -1.160934 0.583459 -0.268214
v -1.227794 0.470411 -0.251379
v -1.247323 0.436829 -0.247509
v -1.253688 0.436885 -0.260504
v -1.234206 0.470730 -0.263146
v -1.174648 0.477070 -0.247690
v -1.173990 0.535797 -0.265608
v -1.175364 0.523648 -0.262037
v -1.175962 0.511954 -0.258490
v -1.176078 0.500224 -0.254900
v -1.175633 0.488606 -0.251318
v -1.168346 0.476849 -0.235644
v -1.169338 0.488384 -0.239261
v -1.169847 0.500008 -0.242500
v -1.169704 0.511590 -0.246499
v -1.168915 0.523415 -0.250313
v -1.167816 0.535375 -0.254081
v -1.461408 -0.121783 -0.277657
v -1.520487 -0.090894 -0.301092
v -1.526990 -0.091116 -0.313834
v -1.468031 -0.122187 -0.290659
v -1.546007 -0.083394 -0.312537
v -1.552491 -0.083604 -0.325054
v -2.305612 0.870904 -1.325213
v -2.373118 0.930706 -1.408666
v -2.310957 0.872336 -1.342995
v -2.378253 0.932633 -1.427128
v -2.302099 1.057754 -1.450777
v -2.296604 1.056419 -1.432908
v -2.292363 0.902886 -1.348711
v -2.286891 0.901662 -1.330531
v -2.356418 0.958144 -1.413798
v -2.361692 0.959843 -1.432218
v -2.281011 1.045206 -1.425028
v -2.275717 1.043623 -1.407035
v -2.336976 0.942973 -1.387393
v -2.353652 0.913977 -1.385431
v -2.358770 0.915891 -1.403419
v -2.342216 0.944646 -1.406216
v -2.293021 0.935014 -1.365729
v -2.289061 0.996553 -1.400531
v -2.290718 0.984362 -1.393790
v -2.291932 0.972126 -1.387776
v -2.292718 0.959815 -1.380306
v -2.293019 0.947544 -1.372595
v -2.287641 0.933632 -1.348139
v -2.287698 0.946640 -1.354141
v -2.287242 0.958577 -1.362467
v -2.286331 0.971193 -1.368644
v -2.285157 0.983125 -1.376162
v -2.283413 0.995210 -1.383465
v -2.589064 0.363960 -1.341781
v -2.618495 0.445293 -1.388663
v -2.622848 0.448913 -1.406610
v -2.593496 0.367000 -1.359512
v -2.631113 0.475991 -1.407863
v -2.635384 0.479780 -1.425787
v -2.815638 1.152725 -1.950687
v -2.908579 1.187930 -2.014120
v -2.822474 1.152698 -1.968481
v -2.915304 1.188333 -2.031735
v -2.845262 1.303411 -2.054117
v -2.838889 1.303002 -2.035497
v -2.808123 1.176278 -1.972891
v -2.801348 1.176203 -1.955079
v -2.893309 1.213017 -2.018813
v -2.900087 1.213333 -2.036412
v -2.819800 1.291914 -2.034801
v -2.813506 1.290867 -2.017040
v -2.866904 1.203135 -1.999954
v -2.881862 1.178558 -1.995356
v -2.888452 1.178565 -2.014515
v -2.873566 1.203574 -2.017893
v -2.815048 1.200343 -1.987297
v -2.821289 1.250346 -2.015462
v -2.821277 1.239969 -2.010329
v -2.820569 1.229895 -2.005027
v -2.819331 1.219865 -1.999476
v -2.817523 1.209956 -1.993697
v -2.808448 1.199935 -1.970121
v -2.811018 1.209846 -1.975030
v -2.812688 1.219489 -1.981219
v -2.814069 1.229392 -1.986474
v -2.814724 1.239367 -1.992887
v -2.814839 1.249388 -1.998029
v -3.038378 0.773573 -1.922509
v -3.080843 0.840579 -1.968017
v -3.085763 0.843375 -1.986884
v -3.044430 0.774918 -1.940398
v -3.098042 0.867364 -1.985258
v -3.102504 0.871707 -2.002935
v -1.568784 0.504784 -0.472497
v -1.657574 0.525290 -0.527851
v -1.575218 0.504535 -0.485876
v -1.663922 0.525183 -0.541244
v -1.552248 0.716479 -0.562626
v -1.546424 0.716007 -0.548969
v -1.551421 0.546354 -0.488656
v -1.544931 0.546691 -0.475957
v -1.632235 0.569901 -0.529938
v -1.638409 0.570109 -0.544304
v -1.529166 0.707094 -0.546738
v -1.523342 0.706616 -0.532503
v -1.607571 0.563242 -0.513753
v -1.632460 0.519192 -0.511914
v -1.638790 0.519052 -0.525868
v -1.613983 0.563286 -0.527506
v -1.551467 0.579141 -0.501140
v -1.542786 0.649186 -0.526990
v -1.545466 0.634217 -0.523333
v -1.547986 0.620684 -0.516667
v -1.549783 0.606557 -0.511240
v -1.550878 0.592819 -0.506527
v -1.545041 0.579682 -0.487283
v -1.544754 0.593057 -0.492207
v -1.543564 0.606731 -0.497598
v -1.541901 0.620405 -0.502898
v -1.539595 0.634345 -0.507545
v -1.536824 0.648924 -0.511863
v -1.894102 -0.133971 -0.574101
v -1.965184 -0.134744 -0.621753
v -1.972844 -0.137907 -0.637532
v -1.901537 -0.136666 -0.590363
v -1.993715 -0.135784 -0.641360
v -2.001410 -0.139021 -0.657283
v -0.406099 0.072592 -0.035955
v -0.506892 0.113265 -0.019479
v -0.412847 0.073158 -0.045833
v -0.513384 0.114857 -0.028608
v -0.445902 0.229711 -0.044686
v -0.439147 0.228196 -0.035915
v -0.400477 0.095562 -0.046897
v -0.393100 0.093991 -0.039960
v -0.492788 0.136487 -0.023828
v -0.500142 0.138090 -0.030615
v -0.418526 0.215887 -0.048997
v -0.411492 0.213761 -0.041826
v -0.464940 0.124942 -0.026310
v -0.478257 0.101885 -0.023869
v -0.485442 0.103763 -0.030926
v -0.471690 0.126411 -0.035169
v -0.409644 0.119397 -0.046574
v -0.419380 0.171117 -0.046189
v -0.418283 0.160368 -0.047183
v -0.417498 0.149986 -0.045724
v -0.415507 0.139704 -0.045812
v -0.412599 0.128899 -0.047566
v -0.403097 0.118265 -0.036963
v -0.406005 0.128265 -0.037446
v -0.408294 0.137870 -0.038628
v -0.410653 0.148573 -0.037201
v -0.411895 0.159071 -0.037414
v -0.412794 0.170129 -0.036977
v -0.588874 -0.271148 -0.045845
v -0.661875 -0.244490 -0.035033
v -0.668651 -0.243381 -0.043589
v -0.596576 -0.270121 -0.052787
v -0.690993 -0.234226 -0.031231
v -0.697537 -0.233075 -0.040972
v -0.998546 0.339680 -0.135955
v -1.083776 0.381902 -0.158966
v -1.004897 0.340466 -0.146787
v -1.089964 0.382613 -0.170391
v -1.007484 0.522235 -0.189937
v -1.001335 0.521456 -0.178502
v -0.986261 0.372788 -0.150113
v -0.980309 0.372212 -0.138038
v -1.065223 0.413656 -0.162766
v -1.071780 0.415305 -0.171942
v -0.983321 0.511005 -0.182917
v -0.977020 0.510002 -0.172173
v -1.040836 0.402769 -0.155000
v -1.059378 0.370590 -0.151766
v -1.065423 0.371591 -0.163145
v -1.047035 0.403451 -0.166476
v -0.989475 0.402846 -0.156788
v -0.989255 0.462860 -0.171129
v -0.990340 0.450863 -0.168203
v -0.990884 0.438889 -0.165312
v -0.990891 0.426939 -0.161841
v -0.990437 0.414896 -0.159608
v -0.983230 0.402125 -0.145627
v -0.984295 0.414246 -0.148123
v -0.984688 0.426232 -0.150883
v -0.984677 0.438127 -0.154557
v -0.984145 0.449844 -0.157264
v -0.983142 0.461950 -0.159819
v -1.264376 -0.175457 -0.183536
v -1.328200 -0.149957 -0.199954
v -1.334530 -0.150070 -0.212959
v -1.271452 -0.176411 -0.195368
v -1.352607 -0.137912 -0.206980
v -1.358756 -0.136974 -0.218749
v -2.013894 0.645371 -0.907898
v -2.084535 0.695440 -0.984453
v -2.019419 0.646590 -0.923827
v -2.090016 0.696880 -1.000430
v -1.978510 0.886153 -1.023750
v -1.972523 0.885365 -1.007799
v -1.992114 0.694187 -0.926623
v -1.986561 0.694003 -0.908647
v -2.059552 0.739257 -0.986671
v -2.064437 0.740005 -1.005617
v -1.956056 0.876064 -1.002134
v -1.950272 0.875601 -0.985160
v -2.039153 0.725793 -0.964448
v -2.064850 0.680840 -0.961819
v -2.070166 0.682143 -0.977946
v -2.044437 0.726340 -0.982640
v -1.987457 0.734401 -0.943444
v -1.972874 0.813386 -0.976587
v -1.976676 0.797713 -0.970184
v -1.980105 0.781837 -0.964549
v -1.982923 0.766193 -0.957644
v -1.985259 0.750589 -0.950519
v -1.981701 0.733923 -0.926438
v -1.979936 0.749639 -0.933388
v -1.977514 0.765204 -0.940482
v -1.974284 0.781274 -0.947832
v -1.970907 0.797241 -0.954245
v -1.967310 0.813182 -0.958678
v -2.368133 -0.032591 -1.018065
v -2.401410 0.044358 -1.050865
v -2.405515 0.047660 -1.068241
v -2.372448 -0.028756 -1.033271
v -2.414194 0.076007 -1.064261
v -2.418598 0.080496 -1.079044
v -0.619045 0.153772 -0.039915
v -0.713928 0.195700 -0.036926
v -0.625901 0.154485 -0.049299
v -0.720519 0.196917 -0.046202
v -0.642504 0.329721 -0.064346
v -0.636536 0.327692 -0.054513
v -0.610963 0.180770 -0.051441
v -0.604186 0.179658 -0.042420
v -0.697827 0.223887 -0.039436
v -0.704263 0.225306 -0.048829
v -0.617692 0.314570 -0.064068
v -0.611160 0.313416 -0.054453
v -0.671541 0.211171 -0.039483
v -0.687619 0.183102 -0.036844
v -0.693873 0.184736 -0.046777
v -0.678340 0.212084 -0.048979
v -0.617855 0.207597 -0.052898
v -0.622414 0.265208 -0.057644
v -0.622839 0.253331 -0.056380
v -0.622440 0.241884 -0.055316
v -0.621694 0.230069 -0.054328
v -0.620286 0.218429 -0.053484
v -0.611511 0.207196 -0.041893
v -0.613499 0.217641 -0.044042
v -0.615254 0.228595 -0.044910
v -0.615937 0.240424 -0.046026
v -0.616279 0.251893 -0.047194
v -0.615678 0.263951 -0.049340
v -0.817906 -0.224234 -0.058228
v -0.889007 -0.201861 -0.059259
v -0.895992 -0.201638 -0.068979
v -0.824877 -0.225038 -0.069574
v -0.917475 -0.193691 -0.059861
v -0.924521 -0.193656 -0.069700
v -2.915458 1.186920 -2.040545
v -3.012514 1.219548 -2.098123
v -2.922471 1.187035 -2.058033
v -3.019469 1.219816 -2.115760
v -2.943267 1.345016 -2.139182
v -2.936813 1.344584 -2.121157
v -2.907102 1.212286 -2.062756
v -2.900261 1.211890 -2.045216
v -2.995728 1.247125 -2.103282
v -3.002603 1.247528 -2.120944
v -2.917267 1.333328 -2.122186
v -2.910724 1.332445 -2.104299
v -2.968413 1.237300 -2.086620
v -2.984620 1.210673 -2.082119
v -2.991693 1.211044 -2.098810
v -2.975382 1.237842 -2.103823
v -2.914060 1.237058 -2.076623
v -2.919792 1.289193 -2.102713
v -2.919664 1.278781 -2.098121
v -2.919249 1.267982 -2.092726
v -2.918116 1.257518 -2.087758
v -2.916449 1.247101 -2.082270
v -2.907048 1.236611 -2.060033
v -2.909719 1.246779 -2.064461
v -2.911484 1.257146 -2.069391
v -2.912640 1.267294 -2.075566
v -2.913105 1.277945 -2.080913
v -2.913176 1.288283 -2.085851
v -3.110489 0.857433 -2.010395
v -3.145016 0.940177 -2.054762
v -3.149272 0.944360 -2.073163
v -3.116494 0.858947 -2.028314
v -3.160148 0.971225 -2.071528
v -3.164111 0.976614 -2.089133
v -1.279170 0.443303 -0.276896
v -1.369282 0.467614 -0.317052
v -1.285756 0.443156 -0.289618
v -1.375560 0.467632 -0.328952
v -1.283115 0.625134 -0.350672
v -1.277140 0.624587 -0.337430
v -1.266014 0.477490 -0.291811
v -1.259491 0.477531 -0.280273
v -1.348506 0.503955 -0.318764
v -1.354725 0.503988 -0.332351
v -1.258933 0.615993 -0.337950
v -1.252822 0.615652 -0.325855
v -1.323177 0.496702 -0.307194
v -1.343630 0.461087 -0.305563
v -1.349982 0.460996 -0.317646
v -1.329466 0.496761 -0.321026
v -1.268973 0.506244 -0.302621
v -1.267131 0.566205 -0.321930
v -1.268402 0.553142 -0.319529
v -1.269605 0.541781 -0.314733
v -1.269933 0.529846 -0.310315
v -1.269737 0.517972 -0.306120
v -1.262700 0.506140 -0.289586
v -1.263520 0.518077 -0.292283
v -1.263686 0.529810 -0.297832
v -1.263260 0.541701 -0.301293
v -1.262325 0.553619 -0.306573
v -1.260831 0.566154 -0.309076
v -1.561510 -0.103615 -0.337324
v -1.628909 -0.092309 -0.369234
v -1.636036 -0.094106 -0.382586
v -1.568890 -0.105816 -0.350729
v -1.656619 -0.090873 -0.383652
v -1.663911 -0.092079 -0.396493
v -2.234634 0.811894 -1.218496
v -2.301377 0.871744 -1.302425
v -2.240055 0.813427 -1.235839
v -2.306480 0.873616 -1.319624
v -2.222701 1.012682 -1.343291
v -2.217245 1.012188 -1.325029
v -2.219574 0.847859 -1.240040
v -2.214320 0.846489 -1.222948
v -2.283405 0.903485 -1.303430
v -2.288332 0.904849 -1.322683
v -2.201681 0.999945 -1.318856
v -2.196177 0.998817 -1.300673
v -2.263874 0.887590 -1.279048
v -2.282346 0.854761 -1.277834
v -2.287472 0.856561 -1.296054
v -2.268325 0.888017 -1.300530
v -2.218702 0.881982 -1.258378
v -2.211792 0.948139 -1.293287
v -2.214016 0.935064 -1.286668
v -2.215865 0.921828 -1.280392
v -2.217180 0.908693 -1.272302
v -2.218123 0.895416 -1.265480
v -2.213341 0.880772 -1.240401
v -2.212994 0.894241 -1.246823
v -2.211896 0.907538 -1.254976
v -2.210424 0.920680 -1.261911
v -2.208429 0.934099 -1.268314
v -2.206232 0.947125 -1.275862
v -2.536609 0.263237 -1.255382
v -2.564161 0.348312 -1.298649
v -2.568411 0.352555 -1.314249
v -2.540928 0.266813 -1.271774
v -2.575833 0.381230 -1.316340
v -2.580118 0.385808 -1.331352
v -0.195182 -0.035829 -0.064709
v -0.296795 0.014870 -0.032098
v -0.202288 -0.033790 -0.071918
v -0.303794 0.017076 -0.039258
v -0.243306 0.118620 -0.056188
v -0.236561 0.116714 -0.047991
v -0.190567 -0.014511 -0.075525
v -0.183951 -0.016533 -0.066979
v -0.285189 0.036041 -0.034082
v -0.291538 0.037242 -0.043034
v -0.215255 0.103261 -0.064381
v -0.208582 0.101173 -0.056222
v -0.256182 0.022253 -0.042128
v -0.267550 0.000956 -0.042430
v -0.274573 0.003124 -0.049274
v -0.262204 0.023475 -0.053088
v -0.201328 0.010635 -0.069491
v -0.213406 0.060910 -0.065154
v -0.212082 0.050497 -0.066282
v -0.210140 0.040117 -0.067683
v -0.207534 0.029792 -0.069350
v -0.205177 0.020910 -0.067299
v -0.194265 0.008524 -0.062293
v -0.198136 0.018766 -0.060086
v -0.201388 0.029032 -0.057884
v -0.203100 0.037970 -0.060454
v -0.205062 0.048338 -0.059080
v -0.206540 0.058498 -0.057897
v -0.365793 -0.353011 -0.067475
v -0.441561 -0.323164 -0.045327
v -0.447519 -0.319226 -0.053613
v -0.373087 -0.351284 -0.074688
v -0.470784 -0.310300 -0.038583
v -0.476373 -0.305750 -0.044982
v -0.720672 0.195501 -0.052678
v -0.810999 0.240866 -0.056655
v -0.727196 0.196516 -0.062514
v -0.817173 0.242316 -0.066817
v -0.734473 0.383085 -0.086099
v -0.728434 0.381435 -0.075111
v -0.710996 0.225134 -0.064690
v -0.704331 0.224037 -0.055336
v -0.793900 0.271689 -0.058017
v -0.799717 0.273122 -0.069171
v -0.710456 0.367877 -0.083786
v -0.704383 0.366232 -0.073656
v -0.768343 0.258032 -0.057630
v -0.785713 0.227695 -0.054806
v -0.791901 0.229173 -0.065630
v -0.774878 0.259220 -0.067925
v -0.716236 0.253894 -0.067698
v -0.717472 0.315689 -0.075258
v -0.718545 0.302977 -0.073465
v -0.718853 0.290606 -0.071839
v -0.718629 0.278197 -0.070336
v -0.717647 0.266144 -0.068960
v -0.709730 0.252880 -0.057818
v -0.711285 0.264912 -0.059030
v -0.712322 0.276789 -0.060174
v -0.712581 0.289026 -0.061598
v -0.712281 0.301284 -0.063852
v -0.711259 0.313801 -0.065753
v -0.931496 -0.209134 -0.079114
v -1.002881 -0.188972 -0.082559
v -1.009773 -0.189233 -0.093531
v -0.938933 -0.210015 -0.089534
v -1.031015 -0.182385 -0.086970
v -1.037680 -0.181960 -0.097335
v -1.472540 0.486375 -0.400938
v -1.562297 0.506512 -0.451650
v -1.478855 0.486131 -0.414395
v -1.568631 0.506189 -0.465453
v -1.464103 0.685258 -0.486175
v -1.458042 0.685090 -0.472461
v -1.456613 0.525083 -0.417238
v -1.450288 0.525342 -0.403808
v -1.538598 0.548137 -0.454277
v -1.544786 0.548092 -0.468911
v -1.440439 0.676420 -0.471153
v -1.434372 0.676254 -0.457486
v -1.513632 0.541575 -0.439484
v -1.536724 0.501050 -0.436746
v -1.543122 0.500624 -0.450454
v -1.519829 0.541508 -0.453142
v -1.457807 0.556153 -0.428998
v -1.451982 0.621732 -0.452116
v -1.454341 0.608234 -0.447798
v -1.456093 0.594935 -0.443180
v -1.457261 0.581800 -0.438532
v -1.457819 0.568891 -0.433791
v -1.451578 0.556248 -0.415491
v -1.451504 0.569146 -0.420296
v -1.450965 0.582049 -0.425031
v -1.449838 0.594888 -0.429769
v -1.448168 0.608241 -0.433836
v -1.445771 0.621804 -0.438735
v -1.784152 -0.123719 -0.489037
v -1.850622 -0.113592 -0.528665
v -1.857721 -0.115480 -0.543905
v -1.791360 -0.125824 -0.503643
v -1.877770 -0.111355 -0.545888
v -1.885033 -0.113602 -0.560695
v -0.297006 0.027087 -0.046994
v -0.399007 0.071714 -0.022252
v -0.304237 0.028916 -0.054125
v -0.406156 0.073661 -0.029372
v -0.341920 0.181124 -0.047041
v -0.335188 0.179493 -0.038508
v -0.292051 0.048963 -0.057878
v -0.285482 0.048128 -0.047828
v -0.386389 0.094309 -0.023469
v -0.393120 0.095118 -0.033387
v -0.314144 0.166760 -0.053241
v -0.307201 0.165418 -0.044830
v -0.357737 0.081388 -0.030120
v -0.369922 0.059638 -0.028847
v -0.376504 0.060525 -0.038500
v -0.364338 0.082542 -0.039321
v -0.302185 0.073006 -0.054837
v -0.313387 0.123740 -0.052131
v -0.312287 0.112992 -0.053141
v -0.310919 0.103071 -0.052509
v -0.308433 0.092562 -0.054101
v -0.306037 0.083262 -0.052695
v -0.295805 0.071865 -0.044787
v -0.298836 0.081399 -0.045568
v -0.301948 0.091876 -0.043323
v -0.303715 0.101206 -0.045183
v -0.305546 0.111779 -0.044086
v -0.306225 0.121804 -0.044994
v -0.477538 -0.309496 -0.051488
v -0.546407 -0.269857 -0.034598
v -0.552946 -0.266898 -0.041553
v -0.484796 -0.307721 -0.058567
v -0.575319 -0.257975 -0.028386
v -0.581812 -0.254940 -0.035896
v -3.019616 1.218417 -2.124525
v -3.119883 1.249988 -2.175373
v -3.026813 1.218250 -2.141893
v -3.126964 1.250315 -2.192601
v -3.043257 1.387845 -2.218329
v -3.036857 1.387155 -2.199781
v -3.009872 1.246084 -2.147100
v -3.002750 1.246129 -2.129709
v -3.101250 1.280604 -2.181101
v -3.108230 1.281091 -2.197618
v -3.016818 1.375739 -2.203037
v -3.010281 1.374592 -2.186136
v -3.072580 1.270368 -2.168971
v -3.090723 1.240558 -2.163394
v -3.098210 1.241275 -2.179103
v -3.079958 1.271260 -2.183742
v -3.016387 1.272614 -2.159267
v -3.020784 1.328327 -2.184527
v -3.021162 1.316844 -2.179973
v -3.020867 1.305587 -2.175065
v -3.019987 1.294432 -2.170149
v -3.018489 1.283442 -2.164733
v -3.009384 1.272535 -2.141780
v -3.011655 1.283269 -2.147280
v -3.013148 1.294105 -2.152136
v -3.014082 1.305016 -2.157626
v -3.014364 1.316139 -2.163086
v -3.014041 1.327575 -2.167760
v -3.172632 0.961458 -2.096386
v -3.222767 1.020851 -2.136236
v -3.229220 1.019947 -2.156992
v -3.179956 0.961012 -2.114795
v -3.251676 1.029025 -2.151181
v -3.258940 1.029070 -2.168550
v -1.932456 0.603950 -0.812839
v -2.008225 0.645831 -0.883809
v -1.938542 0.604871 -0.827119
v -2.013637 0.646954 -0.899974
v -1.893607 0.851601 -0.922848
v -1.887836 0.851137 -0.906820
v -1.908776 0.656596 -0.830128
v -1.903155 0.656340 -0.813315
v -1.980846 0.694528 -0.885342
v -1.986108 0.694965 -0.902163
v -1.871189 0.841620 -0.902585
v -1.865420 0.841171 -0.886237
v -1.958977 0.682599 -0.865396
v -1.987282 0.633134 -0.863675
v -1.992781 0.634087 -0.879403
v -1.964723 0.683104 -0.881541
v -1.903937 0.697634 -0.846528
v -1.888169 0.778698 -0.877678
v -1.892232 0.762567 -0.871234
v -1.895852 0.746366 -0.865359
v -1.899007 0.730141 -0.858421
v -1.901706 0.713888 -0.852664
v -1.898189 0.697166 -0.829950
v -1.896017 0.713530 -0.836595
v -1.893242 0.729685 -0.842848
v -1.890020 0.745795 -0.850124
v -1.886333 0.761878 -0.855765
v -1.882191 0.777912 -0.862567
v -2.336790 -0.187810 -0.973326
v -2.345207 -0.055555 -0.980253
v -2.349320 -0.051240 -0.994945
v -2.340292 -0.182023 -0.986525
v -2.353594 -0.014534 -0.988463
v -2.358023 -0.010913 -1.003937
v -2.720572 1.114214 -1.856357
v -2.808934 1.153465 -1.924183
v -2.727020 1.114458 -1.873409
v -2.815461 1.154177 -1.942134
v -2.749639 1.262323 -1.962970
v -2.743170 1.261517 -1.945252
v -2.713291 1.137014 -1.877629
v -2.706891 1.136693 -1.860562
v -2.794709 1.176836 -1.928555
v -2.801151 1.177686 -1.946532
v -2.724918 1.250436 -1.943656
v -2.718532 1.249771 -1.925353
v -2.769441 1.166123 -1.908484
v -2.783499 1.143026 -1.904163
v -2.789774 1.143364 -1.922773
v -2.775704 1.166482 -1.927097
v -2.720030 1.161090 -1.893143
v -2.726232 1.209959 -1.922853
v -2.725984 1.200177 -1.917141
v -2.725540 1.189892 -1.910625
v -2.724104 1.180430 -1.905653
v -2.721874 1.170073 -1.902069
v -2.713501 1.160786 -1.875259
v -2.716056 1.170499 -1.880858
v -2.717378 1.179346 -1.889170
v -2.719005 1.189692 -1.893646
v -2.719692 1.199371 -1.899360
v -2.719921 1.209219 -1.903948
v -2.956966 0.708986 -1.831521
v -3.006404 0.762580 -1.877743
v -3.011677 0.764362 -1.896791
v -2.963826 0.709549 -1.848379
v -3.025048 0.786126 -1.895073
v -3.029934 0.788898 -1.914126
v -2.630621 1.071368 -1.754699
v -2.714151 1.114918 -1.829180
v -2.636971 1.071723 -1.773824
v -2.720417 1.115626 -1.846980
v -2.656825 1.220111 -1.867948
v -2.651042 1.219126 -1.848981
v -2.623367 1.094074 -1.778005
v -2.617170 1.093469 -1.758833
v -2.700702 1.137532 -1.832552
v -2.706743 1.138092 -1.851183
v -2.632989 1.208012 -1.846084
v -2.626806 1.207231 -1.827831
v -2.676378 1.125499 -1.811611
v -2.690002 1.103114 -1.807423
v -2.696259 1.104056 -1.825362
v -2.682704 1.126326 -1.829528
v -2.629298 1.118516 -1.793466
v -2.634765 1.167509 -1.824590
v -2.634588 1.157803 -1.818838
v -2.634021 1.147924 -1.812450
v -2.632987 1.138019 -1.807447
v -2.631386 1.128258 -1.801472
v -2.623099 1.117876 -1.775953
v -2.625119 1.127709 -1.782536
v -2.626927 1.137115 -1.788225
v -2.627883 1.147290 -1.795637
v -2.628413 1.157011 -1.801519
v -2.628506 1.166637 -1.806393
v -2.868060 0.662946 -1.734421
v -2.919835 0.709354 -1.783789
v -2.926108 0.709887 -1.801801
v -2.874383 0.663277 -1.751679
v -2.941757 0.725622 -1.803361
v -2.947780 0.726847 -1.820868
v -1.846916 0.571498 -0.718613
v -1.926687 0.605100 -0.788218
v -1.852785 0.571766 -0.733971
v -1.932304 0.605361 -0.804883
v -1.808726 0.817465 -0.826477
v -1.802948 0.817026 -0.811531
v -1.823895 0.622582 -0.736268
v -1.818102 0.622186 -0.721028
v -1.896960 0.656900 -0.792029
v -1.903007 0.657746 -0.806515
v -1.786265 0.807601 -0.806955
v -1.780379 0.807010 -0.791524
v -1.874721 0.647091 -0.770459
v -1.904332 0.595126 -0.768329
v -1.910098 0.595598 -0.784448
v -1.880648 0.647777 -0.785867
v -1.819074 0.663287 -0.751939
v -1.803347 0.744451 -0.782548
v -1.807443 0.728242 -0.776956
v -1.811053 0.712031 -0.771646
v -1.814200 0.695786 -0.765597
v -1.816881 0.679520 -0.758514
v -1.813285 0.662887 -0.736340
v -1.811147 0.679197 -0.743146
v -1.808400 0.695346 -0.749429
v -1.805193 0.711472 -0.755898
v -1.801514 0.727576 -0.762060
v -1.797353 0.743676 -0.768808
v -2.282198 -0.297502 -0.919473
v -2.313338 -0.210581 -0.937116
v -2.319908 -0.211354 -0.953136
v -2.289216 -0.299272 -0.936371
v -2.318179 -0.160379 -0.938769
v -2.324375 -0.160374 -0.954938
v -2.546057 1.022685 -1.651499
v -2.624557 1.071429 -1.728887
v -2.551898 1.023703 -1.670120
v -2.630365 1.072700 -1.747111
v -2.567230 1.176682 -1.767419
v -2.561412 1.175797 -1.748202
v -2.538050 1.046804 -1.673861
v -2.532252 1.045717 -1.654403
v -2.610961 1.093765 -1.733066
v -2.616868 1.095124 -1.750895
v -2.544125 1.164166 -1.744709
v -2.538174 1.163200 -1.726637
v -2.588260 1.080906 -1.710230
v -2.601964 1.058390 -1.706018
v -2.607741 1.059643 -1.723893
v -2.594253 1.081804 -1.728038
v -2.542866 1.072275 -1.690820
v -2.546560 1.123233 -1.722535
v -2.546893 1.112857 -1.716700
v -2.546635 1.102648 -1.710275
v -2.545766 1.092660 -1.703749
v -2.544531 1.082497 -1.697803
v -2.536976 1.071307 -1.672538
v -2.538892 1.081683 -1.678851
v -2.540044 1.091757 -1.685500
v -2.540649 1.101954 -1.692380
v -2.540959 1.111843 -1.698172
v -2.540596 1.122044 -1.704641
v -2.788313 0.602100 -1.638039
v -2.833592 0.660174 -1.683877
v -2.838730 0.661253 -1.704926
v -2.794195 0.603981 -1.654556
v -2.852440 0.679256 -1.707585
v -2.857855 0.680866 -1.726636
v -1.664030 0.523858 -0.548741
v -1.750629 0.546720 -0.609504
v -1.670342 0.523429 -0.563368
v -1.756753 0.546625 -0.624446
v -1.638342 0.749843 -0.646434
v -1.632537 0.749398 -0.631501
v -1.644758 0.568473 -0.566263
v -1.638553 0.568708 -0.550998
v -1.723493 0.594522 -0.612342
v -1.729527 0.594579 -0.626253
v -1.615749 0.739943 -0.628074
v -1.609944 0.739499 -0.613630
v -1.699568 0.586878 -0.595049
v -1.726239 0.539894 -0.592201
v -1.732411 0.539711 -0.606935
v -1.705839 0.587143 -0.608755
v -1.643223 0.603804 -0.579075
v -1.631741 0.678293 -0.607194
v -1.635232 0.663003 -0.601906
v -1.638131 0.647891 -0.596587
v -1.640400 0.633026 -0.590535
v -1.642128 0.618275 -0.584704
v -1.637123 0.603862 -0.565749
v -1.636022 0.618520 -0.569746
v -1.634355 0.632941 -0.575904
v -1.632049 0.647637 -0.581475
v -1.629110 0.662585 -0.587242
v -1.625590 0.677707 -0.593259
v -2.010870 -0.160313 -0.671353
v -2.097330 -0.195146 -0.735607
v -2.108982 -0.207116 -0.754764
v -2.018831 -0.164199 -0.687848
v -2.133650 -0.213370 -0.762458
v -2.146462 -0.227898 -0.784760
v -2.163227 0.752162 -1.111724
v -2.229459 0.811377 -1.192754
v -2.168398 0.753739 -1.129799
v -2.234475 0.813316 -1.210543
v -2.142561 0.967895 -1.232667
v -2.136933 0.966696 -1.216349
v -2.145800 0.792521 -1.132214
v -2.140519 0.791152 -1.115200
v -2.208913 0.846377 -1.197248
v -2.214050 0.848092 -1.214141
v -2.121204 0.955070 -1.210598
v -2.115654 0.954112 -1.193714
v -2.189487 0.830525 -1.174362
v -2.210615 0.794424 -1.170302
v -2.215681 0.796279 -1.187189
v -2.194664 0.832145 -1.191297
v -2.143423 0.828728 -1.150637
v -2.133589 0.899651 -1.185322
v -2.136403 0.885621 -1.179147
v -2.138782 0.871524 -1.172690
v -2.140736 0.857350 -1.164928
v -2.142280 0.843089 -1.157919
v -2.138095 0.827430 -1.133646
v -2.137075 0.842040 -1.140221
v -2.135436 0.856223 -1.147605
v -2.133383 0.870318 -1.154720
v -2.130985 0.884459 -1.161164
v -2.128144 0.898531 -1.168382
v -2.483305 0.160124 -1.172441
v -2.511376 0.245463 -1.210997
v -2.515426 0.249653 -1.227217
v -2.487655 0.163747 -1.188677
v -2.522587 0.279023 -1.226611
v -2.526527 0.283428 -1.244531
v -0.909239 0.290382 -0.100839
v -0.992463 0.339705 -0.118416
v -0.915220 0.291832 -0.111571
v -0.998398 0.341076 -0.129126
v -0.916057 0.480538 -0.149737
v -0.909923 0.479521 -0.138727
v -0.896599 0.324860 -0.113835
v -0.890339 0.323273 -0.104061
v -0.973873 0.371823 -0.121923
v -0.980168 0.373605 -0.131046
v -0.891944 0.467770 -0.144035
v -0.885875 0.466604 -0.133109
v -0.949932 0.358758 -0.116162
v -0.968550 0.326495 -0.112823
v -0.974530 0.327831 -0.123787
v -0.956218 0.360458 -0.125796
v -0.899114 0.356279 -0.120459
v -0.898307 0.418571 -0.132907
v -0.899417 0.406314 -0.130249
v -0.900082 0.393900 -0.127767
v -0.900245 0.381429 -0.125127
v -0.899918 0.368895 -0.122980
v -0.893051 0.355019 -0.109582
v -0.893911 0.367714 -0.111455
v -0.894190 0.380203 -0.114144
v -0.893973 0.392627 -0.116727
v -0.893263 0.404983 -0.120265
v -0.892137 0.417533 -0.121499
v -1.156305 -0.187959 -0.142084
v -1.223350 -0.166201 -0.155429
v -1.230126 -0.166377 -0.166167
v -1.163570 -0.189058 -0.153481
v -1.249638 -0.157362 -0.161630
v -1.256229 -0.157185 -0.172794
v -1.375705 0.466230 -0.335580
v -1.465950 0.487873 -0.381158
v -1.382296 0.465932 -0.348415
v -1.472396 0.487775 -0.394038
v -1.374086 0.655449 -0.414420
v -1.368026 0.655179 -0.401824
v -1.361353 0.502471 -0.351849
v -1.354876 0.502585 -0.338979
v -1.443765 0.526716 -0.384292
v -1.450142 0.526743 -0.396392
v -1.350071 0.646670 -0.401589
v -1.343985 0.646423 -0.388407
v -1.418664 0.520234 -0.370433
v -1.440349 0.481911 -0.367606
v -1.446723 0.481645 -0.380752
v -1.424842 0.519925 -0.383847
v -1.363581 0.532095 -0.362608
v -1.359745 0.594454 -0.384563
v -1.361948 0.582036 -0.379121
v -1.363113 0.569086 -0.375623
v -1.363867 0.556557 -0.371296
v -1.364016 0.544234 -0.366935
v -1.357255 0.532230 -0.348733
v -1.357728 0.544315 -0.353940
v -1.357636 0.556612 -0.358220
v -1.356835 0.569003 -0.363147
v -1.355902 0.582244 -0.364605
v -1.353674 0.594505 -0.370896
v -1.672936 -0.112620 -0.409881
v -1.741594 -0.105921 -0.446815
v -1.748673 -0.107670 -0.460769
v -1.680526 -0.115451 -0.423360
v -1.768297 -0.102278 -0.461549
v -1.775242 -0.103742 -0.476659
v -3.085178 1.436540 -2.245840
v -3.085690 1.435689 -2.242141
v -3.086527 1.434303 -2.237188
v -3.087667 1.432423 -2.234052
v -3.089072 1.430108 -2.230576
v -3.090701 1.427425 -2.228381
v -3.092504 1.424459 -2.226763
v -3.094428 1.421300 -2.225774
v -3.096409 1.418040 -2.224427
v -3.098395 1.414783 -2.225776
v -3.100319 1.411624 -2.226768
v -3.102126 1.408662 -2.228388
v -3.103760 1.405985 -2.230586
v -3.105172 1.403675 -2.234063
v -3.106319 1.401804 -2.238683
v -3.107164 1.400426 -2.242154
v -3.107684 1.399583 -2.246389
v -3.107861 1.399302 -2.250205
v -3.107693 1.399592 -2.255116
v -3.107182 1.400443 -2.259760
v -3.106344 1.401829 -2.263230
v -3.105206 1.403709 -2.267490
v -3.103800 1.406024 -2.270197
v -3.102171 1.408706 -2.272393
v -3.100368 1.411672 -2.274495
v -3.098445 1.414833 -2.275485
v -3.096461 1.418092 -2.275817
v -3.094478 1.421350 -2.275482
v -3.092551 1.424507 -2.274005
v -3.090745 1.427470 -2.272385
v -3.089112 1.430147 -2.270188
v -3.087699 1.432456 -2.266355
v -3.086553 1.434329 -2.263217
v -3.085707 1.435706 -2.258801
v -3.085187 1.436550 -2.255102
v -3.085010 1.436829 -2.250190
v -3.013252 1.399228 -2.189120
v -3.013765 1.398378 -2.185421
v -3.014602 1.396991 -2.181288
v -3.015742 1.395112 -2.178152
v -3.017146 1.392795 -2.174113
v -3.018775 1.390114 -2.171918
v -3.020578 1.387148 -2.170301
v -3.022501 1.383987 -2.169311
v -3.024485 1.380729 -2.168978
v -3.026469 1.377471 -2.169313
v -3.028395 1.374312 -2.170306
v -3.030201 1.371350 -2.171925
v -3.031836 1.368674 -2.175454
v -3.033247 1.366364 -2.178163
v -3.034394 1.364492 -2.181963
v -3.035239 1.363113 -2.185435
v -3.035759 1.362271 -2.190104
v -3.035938 1.361991 -2.195134
v -3.035768 1.362280 -2.198949
v -3.035258 1.363131 -2.203485
v -3.034420 1.364517 -2.206956
v -3.033281 1.366397 -2.210829
v -3.031875 1.368712 -2.213536
v -3.030245 1.371394 -2.215731
v -3.028444 1.374361 -2.218892
v -3.026521 1.377522 -2.219881
v -3.024536 1.380781 -2.220214
v -3.022552 1.384038 -2.219879
v -3.020628 1.387197 -2.218887
v -3.018819 1.390158 -2.215724
v -3.017186 1.392835 -2.213526
v -3.015774 1.395144 -2.210081
v -3.014628 1.397017 -2.206943
v -3.013782 1.398395 -2.202634
v -3.013262 1.399238 -2.198935
v -3.013084 1.399518 -2.193905
v -2.942134 1.363141 -2.129745
v -2.942646 1.362291 -2.126046
v -2.943484 1.360904 -2.121730
v -2.944623 1.359025 -2.118593
v -2.946027 1.356708 -2.115034
v -2.947657 1.354027 -2.112839
v -2.949460 1.351061 -2.111222
v -2.951383 1.347900 -2.110232
v -2.953367 1.344642 -2.109899
v -2.955351 1.341384 -2.110234
v -2.957277 1.338226 -2.111227
v -2.959083 1.335263 -2.112846
v -2.960717 1.332587 -2.115896
v -2.962128 1.330277 -2.118605
v -2.963275 1.328405 -2.122589
v -2.964120 1.327026 -2.126060
v -2.964640 1.326183 -2.130566
v -2.964817 1.325903 -2.134381
v -2.964649 1.326192 -2.139227
v -2.964137 1.327043 -2.142925
v -2.963300 1.328430 -2.147681
v -2.962161 1.330310 -2.150818
v -2.960757 1.332626 -2.154502
v -2.959127 1.335307 -2.156698
v -2.957324 1.338273 -2.158315
v -2.955402 1.341434 -2.159761
v -2.953418 1.344693 -2.160094
v -2.951432 1.347950 -2.159303
v -2.949507 1.351109 -2.158310
v -2.947701 1.354071 -2.156691
v -2.946067 1.356748 -2.154493
v -2.944655 1.359057 -2.150806
v -2.943510 1.360930 -2.147669
v -2.942662 1.362308 -2.142911
v -2.942144 1.363151 -2.139212
v -2.941965 1.363431 -2.134367
v -2.871437 1.327694 -2.069234
v -2.871948 1.326843 -2.064337
v -2.872786 1.325457 -2.060867
v -2.873924 1.323576 -2.056657
v -2.875329 1.321262 -2.053950
v -2.876958 1.318580 -2.051755
v -2.878763 1.315614 -2.050137
v -2.880685 1.312453 -2.048861
v -2.882668 1.309195 -2.048529
v -2.884653 1.305937 -2.048864
v -2.886579 1.302778 -2.050142
v -2.888385 1.299816 -2.051762
v -2.890019 1.297139 -2.053959
v -2.891431 1.294830 -2.057742
v -2.892577 1.292957 -2.060880
v -2.893423 1.291579 -2.065549
v -2.893942 1.290736 -2.069248
v -2.894120 1.290456 -2.073419
v -2.893950 1.290745 -2.077234
v -2.893440 1.291597 -2.082565
v -2.892603 1.292983 -2.087004
v -2.891464 1.294863 -2.090141
v -2.890058 1.297178 -2.092848
v -2.888430 1.299860 -2.095635
v -2.886626 1.302826 -2.097252
v -2.884703 1.305986 -2.098243
v -2.882719 1.309245 -2.098575
v -2.880735 1.312503 -2.098240
v -2.878810 1.315661 -2.097247
v -2.877003 1.318624 -2.095628
v -2.875368 1.321301 -2.092838
v -2.873958 1.323610 -2.090130
v -2.872811 1.325482 -2.086022
v -2.871966 1.326861 -2.082551
v -2.871445 1.327702 -2.077219
v -2.871267 1.327984 -2.073404
v -2.802201 1.294469 -2.001244
v -2.802712 1.293620 -1.997545
v -2.803550 1.292232 -1.992745
v -2.804689 1.290353 -1.989608
v -2.806094 1.288037 -1.986523
v -2.807723 1.285356 -1.984328
v -2.809527 1.282389 -1.982711
v -2.811450 1.279229 -1.981721
v -2.813434 1.275971 -1.981388
v -2.815418 1.272713 -1.981723
v -2.817343 1.269554 -1.982716
v -2.819150 1.266592 -1.984335
v -2.820785 1.263915 -1.986533
v -2.822195 1.261605 -1.989620
v -2.823341 1.259732 -1.992757
v -2.824188 1.258354 -1.997559
v -2.824706 1.257512 -2.001258
v -2.824886 1.257232 -2.006348
v -2.824716 1.257521 -2.010881
v -2.824205 1.258371 -2.014580
v -2.823367 1.259758 -2.018724
v -2.822228 1.261637 -2.021861
v -2.820823 1.263953 -2.024568
v -2.819195 1.266636 -2.028296
v -2.817391 1.269602 -2.029913
v -2.815468 1.272762 -2.030903
v -2.813484 1.276021 -2.031235
v -2.811500 1.279278 -2.030900
v -2.809575 1.282437 -2.029908
v -2.807768 1.285400 -2.028288
v -2.806133 1.288075 -2.024558
v -2.804722 1.290385 -2.021849
v -2.803575 1.292258 -2.018037
v -2.802730 1.293637 -2.014566
v -2.802210 1.294478 -2.010148
v -2.802033 1.294759 -2.006333
v -2.733325 1.261790 -1.932993
v -2.733836 1.260940 -1.929294
v -2.734673 1.259552 -1.924130
v -2.735813 1.257673 -1.920994
v -2.737218 1.255358 -1.918287
v -2.738847 1.252676 -1.915775
v -2.740651 1.249710 -1.914158
v -2.742573 1.246549 -1.913168
v -2.744557 1.243291 -1.912835
v -2.746542 1.240033 -1.913170
v -2.748467 1.236875 -1.914163
v -2.750274 1.233912 -1.915782
v -2.751907 1.231235 -1.918296
v -2.753319 1.228925 -1.921005
v -2.754465 1.227054 -1.925837
v -2.755311 1.225675 -1.929308
v -2.755831 1.224832 -1.933217
v -2.756008 1.224551 -1.937032
v -2.755840 1.224841 -1.942069
v -2.755327 1.225692 -1.945768
v -2.754490 1.227079 -1.950094
v -2.753352 1.228958 -1.953230
v -2.751945 1.231273 -1.955937
v -2.750318 1.233956 -1.959435
v -2.748514 1.236922 -1.961052
v -2.746591 1.240082 -1.962042
v -2.744607 1.243341 -1.962374
v -2.742623 1.246599 -1.962040
v -2.740698 1.249757 -1.961047
v -2.738892 1.252720 -1.959428
v -2.737256 1.255395 -1.955928
v -2.735846 1.257705 -1.953219
v -2.734698 1.259578 -1.949225
v -2.733853 1.260956 -1.945754
v -2.733333 1.261798 -1.940832
v -2.733156 1.262079 -1.937017
v -2.665129 1.230145 -1.862180
v -2.665641 1.229293 -1.858052
v -2.666479 1.227908 -1.854581
v -2.667617 1.226027 -1.850024
v -2.669023 1.223712 -1.847317
v -2.670652 1.221031 -1.845121
v -2.672455 1.218064 -1.842805
v -2.674378 1.214904 -1.841815
v -2.676360 1.211645 -1.841483
v -2.678345 1.208387 -1.841817
v -2.680270 1.205229 -1.842810
v -2.682079 1.202267 -1.845128
v -2.683712 1.199590 -1.847326
v -2.685123 1.197280 -1.850035
v -2.686269 1.195408 -1.854594
v -2.687115 1.194029 -1.858065
v -2.687634 1.193187 -1.862194
v -2.687813 1.192906 -1.866009
v -2.687643 1.193196 -1.870944
v -2.687132 1.194046 -1.874643
v -2.686295 1.195433 -1.879482
v -2.685156 1.197313 -1.882618
v -2.683750 1.199628 -1.885325
v -2.682122 1.202310 -1.888021
v -2.680317 1.205276 -1.889639
v -2.678395 1.208436 -1.890629
v -2.676411 1.211695 -1.890961
v -2.674427 1.214953 -1.890626
v -2.672502 1.218111 -1.889634
v -2.670695 1.221074 -1.888014
v -2.669061 1.223750 -1.885316
v -2.667650 1.226060 -1.882607
v -2.666504 1.227933 -1.879469
v -2.665658 1.229310 -1.874629
v -2.665138 1.230154 -1.870930
v -2.664960 1.230434 -1.865995
v -2.597577 1.199477 -1.789310
v -2.598088 1.198625 -1.784321
v -2.598926 1.197240 -1.780851
v -2.600065 1.195361 -1.777715
v -2.601470 1.193044 -1.774347
v -2.603099 1.190363 -1.772152
v -2.604903 1.187397 -1.770535
v -2.606825 1.184237 -1.769544
v -2.608810 1.180978 -1.769212
v -2.610795 1.177720 -1.769547
v -2.612719 1.174562 -1.770540
v -2.614525 1.171599 -1.772159
v -2.616158 1.168922 -1.774356
v -2.617572 1.166612 -1.777726
v -2.618717 1.164740 -1.780864
v -2.619563 1.163362 -1.785625
v -2.620083 1.162519 -1.789324
v -2.620260 1.162238 -1.793139
v -2.620092 1.162528 -1.798383
v -2.619580 1.163378 -1.802081
v -2.618743 1.164765 -1.806463
v -2.617604 1.166644 -1.809599
v -2.616197 1.168961 -1.812441
v -2.614568 1.171642 -1.814637
v -2.612765 1.174608 -1.816254
v -2.610843 1.177768 -1.817244
v -2.608859 1.181026 -1.817577
v -2.606874 1.184285 -1.817241
v -2.604949 1.187443 -1.816249
v -2.603142 1.190405 -1.814630
v -2.601508 1.193083 -1.812297
v -2.600097 1.195393 -1.809588
v -2.598952 1.197266 -1.806450
v -2.598106 1.198643 -1.802068
v -2.597586 1.199486 -1.798368
v -2.597407 1.199766 -1.793125
v -2.530629 1.169726 -1.715007
v -2.531140 1.168875 -1.710863
v -2.531979 1.167490 -1.707392
v -2.533117 1.165609 -1.703215
v -2.534522 1.163294 -1.700508
v -2.536152 1.160613 -1.698313
v -2.537955 1.157647 -1.696695
v -2.539878 1.154486 -1.695706
v -2.541862 1.151228 -1.695373
v -2.543846 1.147970 -1.695708
v -2.545771 1.144811 -1.696700
v -2.547578 1.141848 -1.698320
v -2.549211 1.139172 -1.700518
v -2.550622 1.136862 -1.703226
v -2.551769 1.134990 -1.707405
v -2.552614 1.133611 -1.710877
v -2.553135 1.132768 -1.715022
v -2.553311 1.132487 -1.718837
v -2.553143 1.132776 -1.722651
v -2.552631 1.133628 -1.727362
v -2.551793 1.135014 -1.730832
v -2.550654 1.136894 -1.734983
v -2.549249 1.139209 -1.737690
v -2.547620 1.141890 -1.739885
v -2.545816 1.144856 -1.741503
v -2.543893 1.148017 -1.742493
v -2.541910 1.151275 -1.742825
v -2.539926 1.154533 -1.742490
v -2.538000 1.157692 -1.741498
v -2.536194 1.160655 -1.739878
v -2.534559 1.163332 -1.737681
v -2.533149 1.165641 -1.734972
v -2.532002 1.167513 -1.730819
v -2.531156 1.168892 -1.727348
v -2.530637 1.169734 -1.722637
v -2.530459 1.170015 -1.718822
v -2.464242 1.140828 -1.638648
v -2.464753 1.139978 -1.634547
v -2.465591 1.138592 -1.631076
v -2.466731 1.136713 -1.627940
v -2.468135 1.134397 -1.624279
v -2.469765 1.131715 -1.622083
v -2.471569 1.128749 -1.620466
v -2.473491 1.125588 -1.619476
v -2.475475 1.122330 -1.619144
v -2.477459 1.119072 -1.619479
v -2.479384 1.115914 -1.620471
v -2.481191 1.112951 -1.622090
v -2.482825 1.110274 -1.624288
v -2.484237 1.107965 -1.627951
v -2.485383 1.106092 -1.631089
v -2.486227 1.104713 -1.634560
v -2.486748 1.103870 -1.638663
v -2.486924 1.103590 -1.642478
v -2.486755 1.103878 -1.646293
v -2.486244 1.104730 -1.650832
v -2.485407 1.106115 -1.654302
v -2.484267 1.107995 -1.657438
v -2.482862 1.110312 -1.661373
v -2.481233 1.112993 -1.663568
v -2.479429 1.115959 -1.665185
v -2.477507 1.119119 -1.666175
v -2.475523 1.122377 -1.666508
v -2.473539 1.125636 -1.666173
v -2.471614 1.128793 -1.665180
v -2.469807 1.131756 -1.663561
v -2.468173 1.134434 -1.661363
v -2.466761 1.136742 -1.657427
v -2.465615 1.138616 -1.654289
v -2.464769 1.139994 -1.650818
v -2.464250 1.140836 -1.646278
v -2.464072 1.141117 -1.642463
v -2.398374 1.112718 -1.560850
v -2.398885 1.111867 -1.557151
v -2.399723 1.110482 -1.553681
v -2.400861 1.108602 -1.549681
v -2.402267 1.106286 -1.546974
v -2.403896 1.103605 -1.544778
v -2.405699 1.100639 -1.543161
v -2.407623 1.097478 -1.542171
v -2.409605 1.094219 -1.540896
v -2.411591 1.090960 -1.541231
v -2.413516 1.087803 -1.543166
v -2.415323 1.084841 -1.544786
v -2.416956 1.082164 -1.546983
v -2.418367 1.079854 -1.549692
v -2.419513 1.077981 -1.552830
v -2.420360 1.076602 -1.557164
v -2.420878 1.075760 -1.560864
v -2.421056 1.075479 -1.564679
v -2.420887 1.075769 -1.569735
v -2.420376 1.076619 -1.573433
v -2.419538 1.078005 -1.576903
v -2.418400 1.079886 -1.581384
v -2.416994 1.082201 -1.584092
v -2.415365 1.084883 -1.586287
v -2.413561 1.087848 -1.587904
v -2.411639 1.091008 -1.588894
v -2.409654 1.094268 -1.589226
v -2.407671 1.097525 -1.588892
v -2.405745 1.100684 -1.587899
v -2.403938 1.103647 -1.586280
v -2.402305 1.106323 -1.584082
v -2.400893 1.108634 -1.581373
v -2.399747 1.110505 -1.576891
v -2.398901 1.111884 -1.573420
v -2.398382 1.112726 -1.569720
v -2.398204 1.113008 -1.565905
v -2.333188 1.084982 -1.483375
v -2.333700 1.084131 -1.479676
v -2.334538 1.082746 -1.476206
v -2.335678 1.080867 -1.473070
v -2.337081 1.078550 -1.468768
v -2.338711 1.075868 -1.466572
v -2.340514 1.072902 -1.464955
v -2.342438 1.069742 -1.463965
v -2.344421 1.066483 -1.463633
v -2.346405 1.063225 -1.463968
v -2.348331 1.060066 -1.464960
v -2.350137 1.057104 -1.466580
v -2.351771 1.054427 -1.468777
v -2.353182 1.052117 -1.471486
v -2.354329 1.050246 -1.476219
v -2.355175 1.048867 -1.479690
v -2.355694 1.048024 -1.483389
v -2.355872 1.047743 -1.487204
v -2.355702 1.048033 -1.491809
v -2.355191 1.048883 -1.495507
v -2.354352 1.050269 -1.498978
v -2.353213 1.052148 -1.502114
v -2.351809 1.054464 -1.505608
v -2.350179 1.057146 -1.507804
v -2.348376 1.060111 -1.509421
v -2.346452 1.063272 -1.510411
v -2.344468 1.066531 -1.510743
v -2.342485 1.069788 -1.510408
v -2.340559 1.072947 -1.509416
v -2.338753 1.075910 -1.507797
v -2.337119 1.078587 -1.505599
v -2.335708 1.080896 -1.502891
v -2.334561 1.082769 -1.498965
v -2.333716 1.084147 -1.495494
v -2.333197 1.084991 -1.491795
v -2.333019 1.085271 -1.487980
v -2.269243 1.057410 -1.403717
v -2.269754 1.056560 -1.400018
v -2.270593 1.055174 -1.396549
v -2.271733 1.053295 -1.393412
v -2.273137 1.050979 -1.389893
v -2.274766 1.048297 -1.387697
v -2.276570 1.045331 -1.386080
v -2.278492 1.042171 -1.385090
v -2.280476 1.038913 -1.384758
v -2.282463 1.035651 -1.385093
v -2.284388 1.032493 -1.386085
v -2.286195 1.029530 -1.387705
v -2.287828 1.026853 -1.389902
v -2.289239 1.024543 -1.392611
v -2.290385 1.022670 -1.395748
v -2.291231 1.021292 -1.400032
v -2.291750 1.020449 -1.403732
v -2.291928 1.020168 -1.407547
v -2.291758 1.020457 -1.411361
v -2.291248 1.021308 -1.416379
v -2.290409 1.022694 -1.419849
v -2.289270 1.024573 -1.422985
v -2.287865 1.026889 -1.425692
v -2.286236 1.029570 -1.427888
v -2.284432 1.032537 -1.429505
v -2.282510 1.035698 -1.431307
v -2.280526 1.038956 -1.431640
v -2.278541 1.042214 -1.431305
v -2.276617 1.045373 -1.430313
v -2.274809 1.048335 -1.428693
v -2.273175 1.051012 -1.425683
v -2.271764 1.053322 -1.422974
v -2.270618 1.055195 -1.419837
v -2.269773 1.056573 -1.416365
v -2.269252 1.057419 -1.412666
v -2.269073 1.057699 -1.407532
v -2.205635 1.028782 -1.327138
v -2.206146 1.027932 -1.323440
v -2.206984 1.026546 -1.319970
v -2.208122 1.024666 -1.315568
v -2.209528 1.022350 -1.312861
v -2.211158 1.019668 -1.310666
v -2.212961 1.016702 -1.309049
v -2.214884 1.013542 -1.308059
v -2.216870 1.010280 -1.307726
v -2.218855 1.007022 -1.308061
v -2.220779 1.003865 -1.309054
v -2.222586 1.000901 -1.310673
v -2.224220 0.998224 -1.312871
v -2.225631 0.995914 -1.315579
v -2.226776 0.994042 -1.318717
v -2.227622 0.992662 -1.322188
v -2.228142 0.991821 -1.327153
v -2.228319 0.991540 -1.330968
v -2.228150 0.991829 -1.334782
v -2.227639 0.992679 -1.338481
v -2.226799 0.994065 -1.341951
v -2.225660 0.995944 -1.345088
v -2.224256 0.998260 -1.348230
v -2.222626 1.000941 -1.350426
v -2.220823 1.003908 -1.352043
v -2.218900 1.007067 -1.353033
v -2.216916 1.010326 -1.353365
v -2.214931 1.013584 -1.353030
v -2.213007 1.016742 -1.352038
v -2.211200 1.019705 -1.350418
v -2.209566 1.022382 -1.348221
v -2.208155 1.024693 -1.345512
v -2.207010 1.026565 -1.342374
v -2.206165 1.027944 -1.338903
v -2.205645 1.028786 -1.334768
v -2.205466 1.029071 -1.330953
v -2.143032 1.000388 -1.248380
v -2.143543 0.999538 -1.244681
v -2.144381 0.998151 -1.240269
v -2.145520 0.996272 -1.237133
v -2.146926 0.993956 -1.234426
v -2.148556 0.991274 -1.232231
v -2.150358 0.988309 -1.230614
v -2.152282 0.985149 -1.229624
v -2.154266 0.981889 -1.229291
v -2.156250 0.978631 -1.229626
v -2.158175 0.975473 -1.230618
v -2.159981 0.972511 -1.232238
v -2.161614 0.969834 -1.234436
v -2.163040 0.967501 -1.237144
v -2.164186 0.965628 -1.240282
v -2.165030 0.964250 -1.243753
v -2.165549 0.963407 -1.247452
v -2.165727 0.963126 -1.251268
v -2.165557 0.963414 -1.255082
v -2.165046 0.964266 -1.259723
v -2.164209 0.965652 -1.263193
v -2.163069 0.967530 -1.266329
v -2.161664 0.969846 -1.269036
v -2.160034 0.972528 -1.271231
v -2.158231 0.975494 -1.272849
v -2.156308 0.978655 -1.273838
v -2.154324 0.981913 -1.274171
v -2.152340 0.985170 -1.273836
v -2.150415 0.988329 -1.272844
v -2.148608 0.991292 -1.271224
v -2.146961 0.993991 -1.269026
v -2.145549 0.996301 -1.266318
v -2.144404 0.998174 -1.263180
v -2.143558 0.999553 -1.259709
v -2.143039 1.000395 -1.256010
v -2.142862 1.000676 -1.252195
v -2.081266 0.972337 -1.169366
v -2.081777 0.971487 -1.165667
v -2.082616 0.970101 -1.162197
v -2.083755 0.968222 -1.159061
v -2.085161 0.965906 -1.156354
v -2.086791 0.963225 -1.154158
v -2.088593 0.960259 -1.152541
v -2.090516 0.957099 -1.151551
v -2.092500 0.953840 -1.151219
v -2.094484 0.950581 -1.151554
v -2.096418 0.947409 -1.152546
v -2.098225 0.944447 -1.154165
v -2.099858 0.941770 -1.156363
v -2.101270 0.939460 -1.159072
v -2.102415 0.937587 -1.162209
v -2.103261 0.936208 -1.165681
v -2.103796 0.935338 -1.169380
v -2.103974 0.935057 -1.173195
v -2.103804 0.935345 -1.177010
v -2.103292 0.936196 -1.180708
v -2.102454 0.937582 -1.184178
v -2.101315 0.939461 -1.187315
v -2.099909 0.941777 -1.190022
v -2.098279 0.944458 -1.192217
v -2.096476 0.947424 -1.193834
v -2.094553 0.950584 -1.194824
v -2.092570 0.953843 -1.195157
v -2.090569 0.957128 -1.194822
v -2.088645 0.960287 -1.194887
v -2.086838 0.963250 -1.193267
v -2.085205 0.965926 -1.191070
v -2.083793 0.968237 -1.188361
v -2.082648 0.970109 -1.185223
v -2.081792 0.971502 -1.180695
v -2.081274 0.972345 -1.176995
v -2.081097 0.972625 -1.173180
v -2.019347 0.943556 -1.093111
v -2.019859 0.942706 -1.089412
v -2.020698 0.941321 -1.085942
v -2.021836 0.939442 -1.082806
v -2.023242 0.937126 -1.080099
v -2.024871 0.934444 -1.077903
v -2.026675 0.931478 -1.076286
v -2.028598 0.928318 -1.075296
v -2.030582 0.925059 -1.074964
v -2.032573 0.921789 -1.075299
v -2.034498 0.918631 -1.076291
v -2.036305 0.915668 -1.077911
v -2.037938 0.912992 -1.080108
v -2.039350 0.910681 -1.082817
v -2.040513 0.908780 -1.085954
v -2.041357 0.907401 -1.089426
v -2.041877 0.906559 -1.093125
v -2.042055 0.906278 -1.096940
v -2.041885 0.906567 -1.100755
v -2.041373 0.907416 -1.104453
v -2.040535 0.908803 -1.107924
v -2.039395 0.910682 -1.111060
v -2.037989 0.912997 -1.113767
v -2.036360 0.915679 -1.115962
v -2.034557 0.918645 -1.117579
v -2.032634 0.921805 -1.118569
v -2.030650 0.925064 -1.118902
v -2.028666 0.928322 -1.118567
v -2.026742 0.931480 -1.117574
v -2.024917 0.934470 -1.115955
v -2.023283 0.937147 -1.113757
v -2.021872 0.939458 -1.111049
v -2.020727 0.941330 -1.107911
v -2.019881 0.942710 -1.104440
v -2.019355 0.943564 -1.100740
v -2.019178 0.943845 -1.096925
v -1.957907 0.915401 -1.018825
v -1.958419 0.914550 -1.015126
v -1.959257 0.913164 -1.011656
v -1.960396 0.911285 -1.008520
v -1.961802 0.908970 -1.005813
v -1.963431 0.906288 -1.003618
v -1.965234 0.903322 -1.002000
v -1.967157 0.900162 -1.001010
v -1.969141 0.896904 -1.000678
v -1.971126 0.893645 -1.001013
v -1.973062 0.890466 -1.000972
v -1.974868 0.887503 -1.002591
v -1.976502 0.884826 -1.004789
v -1.977914 0.882516 -1.007498
v -1.979075 0.880617 -1.010635
v -1.979921 0.879238 -1.014106
v -1.980439 0.878395 -1.017806
v -1.980616 0.878113 -1.020594
v -1.980446 0.878402 -1.024409
v -1.979935 0.879252 -1.028108
v -1.979097 0.880638 -1.031577
v -1.977973 0.882492 -1.034714
v -1.976552 0.884832 -1.037421
v -1.974922 0.887515 -1.039616
v -1.973119 0.890480 -1.041233
v -1.971197 0.893642 -1.043250
v -1.969213 0.896901 -1.043582
v -1.967228 0.900158 -1.043248
v -1.965304 0.903317 -1.042255
v -1.963480 0.906306 -1.040636
v -1.961847 0.908982 -1.038438
v -1.960436 0.911293 -1.035729
v -1.959291 0.913166 -1.033625
v -1.958434 0.914565 -1.030154
v -1.957915 0.915408 -1.026455
v -1.957737 0.915689 -1.022640
v -1.896563 0.887545 -0.944306
v -1.897074 0.886694 -0.940608
v -1.897913 0.885308 -0.937137
v -1.899052 0.883430 -0.934001
v -1.900457 0.881114 -0.931294
v -1.902087 0.878433 -0.929099
v -1.903890 0.875467 -0.927482
v -1.905813 0.872306 -0.926492
v -1.907797 0.869048 -0.926159
v -1.909791 0.865774 -0.926494
v -1.911716 0.862616 -0.927487
v -1.913521 0.859652 -0.928219
v -1.915155 0.856975 -0.930417
v -1.916585 0.854635 -0.933125
v -1.917729 0.852762 -0.936263
v -1.918575 0.851384 -0.939734
v -1.919094 0.850541 -0.943434
v -1.919288 0.850234 -0.947249
v -1.919118 0.850523 -0.951063
v -1.918606 0.851374 -0.954762
v -1.917768 0.852759 -0.957843
v -1.916629 0.854637 -0.960980
v -1.915223 0.856954 -0.963687
v -1.913594 0.859635 -0.965882
v -1.911790 0.862601 -0.967499
v -1.909867 0.865761 -0.968489
v -1.907868 0.869046 -0.969210
v -1.905884 0.872304 -0.968876
v -1.903958 0.875462 -0.967883
v -1.902152 0.878425 -0.966264
v -1.900501 0.881131 -0.964066
v -1.899089 0.883441 -0.961357
v -1.897943 0.885314 -0.958220
v -1.897099 0.886693 -0.954748
v -1.896570 0.887551 -0.951049
v -1.896393 0.887834 -0.948121
v -1.834992 0.859930 -0.873244
v -1.835504 0.859080 -0.869546
v -1.836343 0.857694 -0.866076
v -1.837482 0.855815 -0.862940
v -1.838887 0.853500 -0.860233
v -1.840516 0.850818 -0.858037
v -1.842320 0.847852 -0.856420
v -1.844243 0.844692 -0.855430
v -1.846233 0.841423 -0.855097
v -1.848217 0.838165 -0.855433
v -1.850142 0.835007 -0.856425
v -1.851949 0.832044 -0.858044
v -1.853600 0.829335 -0.858834
v -1.855012 0.827025 -0.861542
v -1.856157 0.825152 -0.864680
v -1.857017 0.823750 -0.868151
v -1.857535 0.822907 -0.871851
v -1.857713 0.822626 -0.875666
v -1.857542 0.822914 -0.878662
v -1.857031 0.823764 -0.882361
v -1.856192 0.825150 -0.885831
v -1.855068 0.827006 -0.888967
v -1.853648 0.829345 -0.891674
v -1.852019 0.832026 -0.893870
v -1.850215 0.834992 -0.895487
v -1.848292 0.838153 -0.896477
v -1.846309 0.841411 -0.896809
v -1.844324 0.844669 -0.896474
v -1.842384 0.847851 -0.895482
v -1.840578 0.850814 -0.893862
v -1.838945 0.853492 -0.892483
v -1.837516 0.855831 -0.889774
v -1.836370 0.857705 -0.886636
v -1.835525 0.859083 -0.883165
v -1.835005 0.859926 -0.879466
v -1.834821 0.860218 -0.875651
v -1.773501 0.833382 -0.802073
v -1.774013 0.832532 -0.798374
v -1.774851 0.831147 -0.794904
v -1.775990 0.829267 -0.791768
v -1.777397 0.826951 -0.789061
v -1.779026 0.824270 -0.786865
v -1.780829 0.821304 -0.785248
v -1.782752 0.818144 -0.784258
v -1.784736 0.814885 -0.783926
v -1.786731 0.811609 -0.784261
v -1.788656 0.808451 -0.785253
v -1.790463 0.805488 -0.786872
v -1.792112 0.802786 -0.789070
v -1.793522 0.800475 -0.790772
v -1.794668 0.798602 -0.793910
v -1.795528 0.797198 -0.797381
v -1.796047 0.796355 -0.801081
v -1.796225 0.796074 -0.804896
v -1.796054 0.796362 -0.807533
v -1.795542 0.797212 -0.811232
v -1.794718 0.798573 -0.814702
v -1.793580 0.800453 -0.817838
v -1.792174 0.802768 -0.820545
v -1.790530 0.805474 -0.822740
v -1.788726 0.808440 -0.824358
v -1.786803 0.811600 -0.825347
v -1.784819 0.814859 -0.825680
v -1.782835 0.818116 -0.825345
v -1.780895 0.821299 -0.824353
v -1.779088 0.824263 -0.822733
v -1.777454 0.826939 -0.820535
v -1.776029 0.829276 -0.819004
v -1.774884 0.831149 -0.815867
v -1.774038 0.832528 -0.812395
v -1.773508 0.833389 -0.808696
v -1.773330 0.833670 -0.804881
v -1.711319 0.807049 -0.733586
v -1.711831 0.806199 -0.729887
v -1.712669 0.804814 -0.726417
v -1.713809 0.802933 -0.723281
v -1.715215 0.800620 -0.722169
v -1.716845 0.797939 -0.719973
v -1.718648 0.794973 -0.718356
v -1.720572 0.791812 -0.717366
v -1.722555 0.788554 -0.717034
v -1.724551 0.785277 -0.717369
v -1.726474 0.782117 -0.716766
v -1.728281 0.779154 -0.718385
v -1.729931 0.776451 -0.720583
v -1.731342 0.774141 -0.723292
v -1.732487 0.772268 -0.725644
v -1.733348 0.770863 -0.729115
v -1.733867 0.770020 -0.732814
v -1.734045 0.769739 -0.736629
v -1.733874 0.770027 -0.739505
v -1.733362 0.770877 -0.743204
v -1.732539 0.772237 -0.746674
v -1.731400 0.774117 -0.749810
v -1.729993 0.776431 -0.751321
v -1.728348 0.779138 -0.753516
v -1.726544 0.782104 -0.755133
v -1.724622 0.785264 -0.756123
v -1.722638 0.788523 -0.756456
v -1.720655 0.791782 -0.757317
v -1.718714 0.794966 -0.756325
v -1.716907 0.797929 -0.754705
v -1.715274 0.800606 -0.752508
v -1.713847 0.802942 -0.749799
v -1.712702 0.804816 -0.747600
v -1.711857 0.806195 -0.744129
v -1.711326 0.807056 -0.740429
v -1.711149 0.807338 -0.737400
v -1.648678 0.781474 -0.668060
v -1.649189 0.780624 -0.664362
v -1.650027 0.779238 -0.660891
v -1.651166 0.777361 -0.658619
v -1.652571 0.775045 -0.655912
v -1.654201 0.772364 -0.653716
v -1.656004 0.769397 -0.652099
v -1.657930 0.766232 -0.651109
v -1.659914 0.762974 -0.650777
v -1.661899 0.759715 -0.651112
v -1.663823 0.756557 -0.652104
v -1.665648 0.753563 -0.652860
v -1.667283 0.750885 -0.655058
v -1.668694 0.748575 -0.657766
v -1.669855 0.746676 -0.660904
v -1.670721 0.745261 -0.663433
v -1.671240 0.744419 -0.667132
v -1.671417 0.744138 -0.670947
v -1.671247 0.744426 -0.674578
v -1.670736 0.745276 -0.678276
v -1.669897 0.746662 -0.681747
v -1.668756 0.748540 -0.683140
v -1.667351 0.750855 -0.685847
v -1.665721 0.753536 -0.688042
v -1.663918 0.756502 -0.689659
v -1.661996 0.759662 -0.690649
v -1.660012 0.762921 -0.690982
v -1.658029 0.766179 -0.690647
v -1.656083 0.769372 -0.689654
v -1.654261 0.772363 -0.689778
v -1.652627 0.775039 -0.687580
v -1.651216 0.777350 -0.684872
v -1.650051 0.779254 -0.681918
v -1.649207 0.780632 -0.678446
v -1.648687 0.781476 -0.674747
v -1.648511 0.781757 -0.671875
v -1.585427 0.756508 -0.605712
v -1.585940 0.755658 -0.602014
v -1.586778 0.754273 -0.598947
v -1.587917 0.752394 -0.595810
v -1.589323 0.750078 -0.593103
v -1.590952 0.747396 -0.590908
v -1.592755 0.744431 -0.589291
v -1.594678 0.741271 -0.588301
v -1.596419 0.737642 -0.589171
v -1.598415 0.734365 -0.589506
v -1.600340 0.731207 -0.590498
v -1.602132 0.728253 -0.592117
v -1.603782 0.725550 -0.593912
v -1.605193 0.723240 -0.596621
v -1.606337 0.721366 -0.598804
v -1.607198 0.719961 -0.602275
v -1.607717 0.719118 -0.605974
v -1.607909 0.718827 -0.608993
v -1.607738 0.719116 -0.612807
v -1.607227 0.719966 -0.616506
v -1.606402 0.721326 -0.618745
v -1.605263 0.723205 -0.621882
v -1.603858 0.725520 -0.624589
v -1.602214 0.728227 -0.626784
v -1.600654 0.731562 -0.627199
v -1.598730 0.734723 -0.628189
v -1.596746 0.737982 -0.628522
v -1.594762 0.741240 -0.628187
v -1.592821 0.744424 -0.627194
v -1.591015 0.747386 -0.625575
v -1.589383 0.750064 -0.624608
v -1.587955 0.752401 -0.621899
v -1.586809 0.754273 -0.618761
v -1.585965 0.755654 -0.616087
v -1.585434 0.756515 -0.612387
v -1.585257 0.756798 -0.609527
v -1.521528 0.732046 -0.545474
v -1.522040 0.731195 -0.541776
v -1.522879 0.729810 -0.539317
v -1.524018 0.727932 -0.536181
v -1.525423 0.725616 -0.533474
v -1.527053 0.722934 -0.531279
v -1.528856 0.719969 -0.529662
v -1.530779 0.716808 -0.528672
v -1.532763 0.713549 -0.528339
v -1.534759 0.710274 -0.528674
v -1.536683 0.707115 -0.529667
v -1.538491 0.704152 -0.531286
v -1.540138 0.701449 -0.532472
v -1.541549 0.699139 -0.535180
v -1.542695 0.697266 -0.537872
v -1.543556 0.695862 -0.541343
v -1.544074 0.695020 -0.545043
v -1.544250 0.694737 -0.547816
v -1.544081 0.695026 -0.551631
v -1.543568 0.695874 -0.553906
v -1.542744 0.697236 -0.557376
v -1.541605 0.699115 -0.560512
v -1.540198 0.701430 -0.561891
v -1.538554 0.704135 -0.564086
v -1.536750 0.707102 -0.565703
v -1.534828 0.710261 -0.566693
v -1.532844 0.713520 -0.567026
v -1.530859 0.716778 -0.566691
v -1.528920 0.719962 -0.567027
v -1.527113 0.722926 -0.565408
v -1.525480 0.725603 -0.563210
v -1.524055 0.727939 -0.561925
v -1.522909 0.729812 -0.558787
v -1.522064 0.731191 -0.555316
v -1.521535 0.732053 -0.552658
v -1.521358 0.732334 -0.548843
v -1.457028 0.708002 -0.488021
v -1.457541 0.707152 -0.485233
v -1.458379 0.705766 -0.481763
v -1.459519 0.703888 -0.478762
v -1.460925 0.701572 -0.476055
v -1.462554 0.698891 -0.473860
v -1.464358 0.695924 -0.472243
v -1.466280 0.692764 -0.471253
v -1.468270 0.689495 -0.470920
v -1.470255 0.686237 -0.471255
v -1.472180 0.683079 -0.472248
v -1.473986 0.680116 -0.473732
v -1.475639 0.677409 -0.475929
v -1.477049 0.675098 -0.477727
v -1.478194 0.673225 -0.480864
v -1.479053 0.671821 -0.482907
v -1.479572 0.670978 -0.486606
v -1.479748 0.670696 -0.489131
v -1.479578 0.670984 -0.492946
v -1.479067 0.671834 -0.496645
v -1.478227 0.673220 -0.499454
v -1.477102 0.675076 -0.502590
v -1.475682 0.677415 -0.505297
v -1.474052 0.680095 -0.506237
v -1.472248 0.683061 -0.507854
v -1.470325 0.686221 -0.508844
v -1.468342 0.689480 -0.509176
v -1.466359 0.692739 -0.510097
v -1.464419 0.695921 -0.509105
v -1.462613 0.698883 -0.507485
v -1.460980 0.701560 -0.505288
v -1.459550 0.703901 -0.503240
v -1.458404 0.705775 -0.500102
v -1.457561 0.707154 -0.497921
v -1.457042 0.707997 -0.494221
v -1.456859 0.708291 -0.491835
v -1.391800 0.683919 -0.433815
v -1.392314 0.683069 -0.430617
v -1.393151 0.681684 -0.427147
v -1.394291 0.679806 -0.425059
v -1.395697 0.677490 -0.422352
v -1.397326 0.674809 -0.420157
v -1.399130 0.671842 -0.418539
v -1.401053 0.668682 -0.417549
v -1.403037 0.665424 -0.417217
v -1.405031 0.662149 -0.417552
v -1.406956 0.658991 -0.418544
v -1.408762 0.656028 -0.419116
v -1.410395 0.653351 -0.421314
v -1.411824 0.651012 -0.424022
v -1.412969 0.649138 -0.426659
v -1.413814 0.647759 -0.430130
v -1.414332 0.646915 -0.432461
v -1.414524 0.646608 -0.435155
v -1.414354 0.646896 -0.438970
v -1.413842 0.647746 -0.442239
v -1.413004 0.649132 -0.445709
v -1.411864 0.651011 -0.448845
v -1.410457 0.653325 -0.450131
v -1.408828 0.656006 -0.452326
v -1.407025 0.658973 -0.453943
v -1.405102 0.662133 -0.454933
v -1.403102 0.665417 -0.455266
v -1.401118 0.668675 -0.454931
v -1.399194 0.671834 -0.455360
v -1.397388 0.674797 -0.453741
v -1.395737 0.677503 -0.451543
v -1.394326 0.679814 -0.449264
v -1.393180 0.681687 -0.446126
v -1.392336 0.683067 -0.443775
v -1.391807 0.683926 -0.440076
v -1.391631 0.684208 -0.437630
v -1.326064 0.659777 -0.383491
v -1.326575 0.658927 -0.379792
v -1.327415 0.657542 -0.376927
v -1.328554 0.655662 -0.373791
v -1.329938 0.653314 -0.371979
v -1.331567 0.650633 -0.369784
v -1.333371 0.647667 -0.368166
v -1.335288 0.644510 -0.367176
v -1.337272 0.641251 -0.366844
v -1.339256 0.637993 -0.367179
v -1.341193 0.634814 -0.367382
v -1.343000 0.631851 -0.369002
v -1.344633 0.629174 -0.371199
v -1.346044 0.626864 -0.373303
v -1.347205 0.624965 -0.376441
v -1.348049 0.623585 -0.378723
v -1.348567 0.622740 -0.381121
v -1.348745 0.622459 -0.384936
v -1.348574 0.622747 -0.387894
v -1.348068 0.623594 -0.391593
v -1.347228 0.624979 -0.393840
v -1.346105 0.626832 -0.396977
v -1.344684 0.629173 -0.399683
v -1.343054 0.631855 -0.401669
v -1.341250 0.634820 -0.403287
v -1.339328 0.637980 -0.404277
v -1.337344 0.641239 -0.404609
v -1.335381 0.644531 -0.404168
v -1.333457 0.647689 -0.403385
v -1.331634 0.650679 -0.401766
v -1.330002 0.653357 -0.400791
v -1.328591 0.655666 -0.398082
v -1.327446 0.657540 -0.395801
v -1.326588 0.658940 -0.392329
v -1.326070 0.659784 -0.389932
v -1.325893 0.660065 -0.386117
v -1.259841 0.635205 -0.336070
v -1.260353 0.634355 -0.332371
v -1.261192 0.632970 -0.329960
v -1.262331 0.631091 -0.326824
v -1.263737 0.628776 -0.324457
v -1.265363 0.626096 -0.322261
v -1.267166 0.623131 -0.320644
v -1.269090 0.619970 -0.319654
v -1.271073 0.616712 -0.319322
v -1.273065 0.613442 -0.319657
v -1.274990 0.610283 -0.320309
v -1.276796 0.607321 -0.321929
v -1.278429 0.604643 -0.323067
v -1.279840 0.602333 -0.325776
v -1.281001 0.600430 -0.327434
v -1.281847 0.599051 -0.330905
v -1.282365 0.598209 -0.334221
v -1.282541 0.597926 -0.336942
v -1.282372 0.598215 -0.340757
v -1.281863 0.599061 -0.342924
v -1.281024 0.600447 -0.346394
v -1.279884 0.602325 -0.348855
v -1.278478 0.604641 -0.351562
v -1.276849 0.607322 -0.353757
v -1.275046 0.610288 -0.355375
v -1.273123 0.613448 -0.356365
v -1.271139 0.616707 -0.356697
v -1.269155 0.619965 -0.356362
v -1.267231 0.623123 -0.355370
v -1.265406 0.626115 -0.354425
v -1.263773 0.628792 -0.352227
v -1.262363 0.631103 -0.351051
v -1.261218 0.632976 -0.347913
v -1.260374 0.634356 -0.345536
v -1.259847 0.635211 -0.342220
v -1.259670 0.635493 -0.338405
v -1.193225 0.609905 -0.291799
v -1.193737 0.609055 -0.288101
v -1.194575 0.607670 -0.285111
v -1.195714 0.605790 -0.281974
v -1.197121 0.603475 -0.279905
v -1.198750 0.600794 -0.277709
v -1.200554 0.597828 -0.276092
v -1.202477 0.594668 -0.275102
v -1.204461 0.591409 -0.274770
v -1.206445 0.588151 -0.275105
v -1.208378 0.584978 -0.275460
v -1.210185 0.582015 -0.277079
v -1.211818 0.579338 -0.278797
v -1.213229 0.577027 -0.281505
v -1.214374 0.575153 -0.283213
v -1.215218 0.573774 -0.286684
v -1.215753 0.572904 -0.289283
v -1.215930 0.572622 -0.292600
v -1.215761 0.572911 -0.296415
v -1.215248 0.573760 -0.298918
v -1.214409 0.575146 -0.302388
v -1.213269 0.577024 -0.304342
v -1.211863 0.579340 -0.307049
v -1.210240 0.582015 -0.308652
v -1.208437 0.584981 -0.310269
v -1.206514 0.588141 -0.311259
v -1.204530 0.591400 -0.311592
v -1.202530 0.594685 -0.311849
v -1.200605 0.597844 -0.310857
v -1.198798 0.600807 -0.309237
v -1.197166 0.603485 -0.308222
v -1.195755 0.605795 -0.305513
v -1.194610 0.607669 -0.303571
v -1.193757 0.609063 -0.300598
v -1.193238 0.609905 -0.296898
v -1.193054 0.610192 -0.294183
v -1.125986 0.583093 -0.251401
v -1.126474 0.582260 -0.248356
v -1.127312 0.580874 -0.244885
v -1.128453 0.578996 -0.243207
v -1.129858 0.576681 -0.240500
v -1.131488 0.574000 -0.238668
v -1.133292 0.571034 -0.237051
v -1.135214 0.567874 -0.236061
v -1.137198 0.564615 -0.235728
v -1.139182 0.561357 -0.235700
v -1.141107 0.558198 -0.236692
v -1.142914 0.555236 -0.238312
v -1.144546 0.552557 -0.239052
v -1.145970 0.550225 -0.241760
v -1.147115 0.548352 -0.244245
v -1.147959 0.546972 -0.246500
v -1.148478 0.546129 -0.250200
v -1.148655 0.545846 -0.252603
v -1.148484 0.546135 -0.256009
v -1.147973 0.546985 -0.259708
v -1.147158 0.548353 -0.262103
v -1.146019 0.550232 -0.265239
v -1.144613 0.552547 -0.267323
v -1.142984 0.555229 -0.269518
v -1.141180 0.558195 -0.271135
v -1.139257 0.561355 -0.272125
v -1.137274 0.564613 -0.272458
v -1.135289 0.567872 -0.272123
v -1.133364 0.571030 -0.271130
v -1.131558 0.573993 -0.270134
v -1.129912 0.576692 -0.267937
v -1.128502 0.579003 -0.266303
v -1.127356 0.580877 -0.263574
v -1.126511 0.582255 -0.260103
v -1.125993 0.583100 -0.257815
v -1.125816 0.583383 -0.255216
v -1.058751 0.555322 -0.214278
v -1.059263 0.554472 -0.211085
v -1.060101 0.553087 -0.207615
v -1.061241 0.551208 -0.205467
v -1.062647 0.548893 -0.202760
v -1.064276 0.546212 -0.200564
v -1.066079 0.543246 -0.198947
v -1.068003 0.540085 -0.197957
v -1.069989 0.536823 -0.197625
v -1.071973 0.533565 -0.197960
v -1.073897 0.530408 -0.198952
v -1.075703 0.527444 -0.199584
v -1.077337 0.524766 -0.201781
v -1.078748 0.522456 -0.203984
v -1.079892 0.520582 -0.205901
v -1.080737 0.519203 -0.209372
v -1.081256 0.518358 -0.211888
v -1.081432 0.518077 -0.214761
v -1.081263 0.518365 -0.218575
v -1.080750 0.519216 -0.222247
v -1.079911 0.520601 -0.224680
v -1.078772 0.522480 -0.227816
v -1.077367 0.524795 -0.230523
v -1.075735 0.527475 -0.230921
v -1.073932 0.530441 -0.232539
v -1.072009 0.533601 -0.233528
v -1.070025 0.536860 -0.233861
v -1.068041 0.540118 -0.233526
v -1.066118 0.543278 -0.234331
v -1.064311 0.546241 -0.232711
v -1.062678 0.548918 -0.231551
v -1.061267 0.551229 -0.228842
v -1.060121 0.553102 -0.225732
v -1.059278 0.554482 -0.223202
v -1.058758 0.555324 -0.219503
v -1.058580 0.555610 -0.216872
v -0.991820 0.526717 -0.178376
v -0.992333 0.525868 -0.175582
v -0.993173 0.524482 -0.173047
v -0.994312 0.522604 -0.169911
v -0.995717 0.520289 -0.167448
v -0.997347 0.517607 -0.165253
v -0.999150 0.514641 -0.163636
v -1.001073 0.511481 -0.162646
v -1.003057 0.508222 -0.162313
v -1.005044 0.504960 -0.162648
v -1.006968 0.501803 -0.163396
v -1.008774 0.498840 -0.165016
v -1.010407 0.496161 -0.166278
v -1.011819 0.493851 -0.168987
v -1.012964 0.491978 -0.171220
v -1.013807 0.490598 -0.173624
v -1.014327 0.489755 -0.177323
v -1.014503 0.489472 -0.179452
v -1.014332 0.489761 -0.183131
v -1.013819 0.490609 -0.185368
v -1.012981 0.491996 -0.188838
v -1.011841 0.493874 -0.191414
v -1.010435 0.496189 -0.194121
v -1.008806 0.498871 -0.196316
v -1.007001 0.501835 -0.196189
v -1.005079 0.504995 -0.197179
v -1.003096 0.508256 -0.199256
v -1.001111 0.511514 -0.198921
v -0.999186 0.514672 -0.197928
v -0.997380 0.517635 -0.196870
v -0.995747 0.520312 -0.194672
v -0.994337 0.522625 -0.193425
v -0.993191 0.524497 -0.190287
v -0.992346 0.525876 -0.186951
v -0.991826 0.526723 -0.184938
v -0.991651 0.527006 -0.182191
v -0.924494 0.495967 -0.147343
v -0.925006 0.495117 -0.143808
v -0.925845 0.493732 -0.141305
v -0.926984 0.491853 -0.138169
v -0.928390 0.489538 -0.135462
v -0.930021 0.486857 -0.134458
v -0.931824 0.483891 -0.132841
v -0.933747 0.480731 -0.131851
v -0.935732 0.477472 -0.131518
v -0.937715 0.474215 -0.131853
v -0.939639 0.471055 -0.131654
v -0.941446 0.468092 -0.133274
v -0.943079 0.465414 -0.134504
v -0.944489 0.463104 -0.137213
v -0.945635 0.461231 -0.140187
v -0.946479 0.459851 -0.142473
v -0.946998 0.459008 -0.145433
v -0.947175 0.458727 -0.149248
v -0.947006 0.459013 -0.151980
v -0.946493 0.459863 -0.154750
v -0.945655 0.461248 -0.158220
v -0.944515 0.463126 -0.160279
v -0.943109 0.465442 -0.162986
v -0.941479 0.468121 -0.163602
v -0.939675 0.471087 -0.165219
v -0.937752 0.474247 -0.166209
v -0.935768 0.477506 -0.166541
v -0.933783 0.480764 -0.166206
v -0.931860 0.483924 -0.166794
v -0.930053 0.486887 -0.165174
v -0.928421 0.489565 -0.164054
v -0.927010 0.491875 -0.161345
v -0.925865 0.493749 -0.159136
v -0.925021 0.495128 -0.156747
v -0.924502 0.495972 -0.153788
v -0.924323 0.496254 -0.149973
v -0.856350 0.462312 -0.122595
v -0.856863 0.461462 -0.119556
v -0.857701 0.460076 -0.116086
v -0.858842 0.458198 -0.114054
v -0.860247 0.455883 -0.111347
v -0.861876 0.453201 -0.109151
v -0.863680 0.450237 -0.108410
v -0.865603 0.447076 -0.107420
v -0.867587 0.443818 -0.107088
v -0.869571 0.440558 -0.106547
v -0.871496 0.437400 -0.107539
v -0.873302 0.434438 -0.109159
v -0.874935 0.431759 -0.110252
v -0.876345 0.429449 -0.112301
v -0.877491 0.427576 -0.115439
v -0.878335 0.426196 -0.117840
v -0.878854 0.425352 -0.120790
v -0.879030 0.425070 -0.123845
v -0.878861 0.425359 -0.127659
v -0.878348 0.426208 -0.129979
v -0.877508 0.427593 -0.132462
v -0.876369 0.429473 -0.135599
v -0.874963 0.431787 -0.137752
v -0.873333 0.434469 -0.139947
v -0.871530 0.437435 -0.141565
v -0.869608 0.440594 -0.142555
v -0.867623 0.443854 -0.142887
v -0.865639 0.447112 -0.142552
v -0.863714 0.450270 -0.141560
v -0.861908 0.453233 -0.140494
v -0.860274 0.455910 -0.138296
v -0.858864 0.458221 -0.136574
v -0.857720 0.460095 -0.134816
v -0.856875 0.461475 -0.132104
v -0.856356 0.462318 -0.128405
v -0.856180 0.462600 -0.125340
v -0.788737 0.428890 -0.097088
v -0.789249 0.428039 -0.093390
v -0.790088 0.426655 -0.091067
v -0.791228 0.424775 -0.087931
v -0.792635 0.422462 -0.086807
v -0.794264 0.419780 -0.084612
v -0.796068 0.416814 -0.082995
v -0.797991 0.413654 -0.082005
v -0.799975 0.410396 -0.081672
v -0.801959 0.407137 -0.082004
v -0.803884 0.403979 -0.082997
v -0.805690 0.401015 -0.083036
v -0.807323 0.398338 -0.085234
v -0.808733 0.396026 -0.086794
v -0.809878 0.394153 -0.089626
v -0.810723 0.392774 -0.093098
v -0.811242 0.391930 -0.095739
v -0.811419 0.391649 -0.098816
v -0.811248 0.391936 -0.101433
v -0.810734 0.392786 -0.104455
v -0.809897 0.394172 -0.107925
v -0.808769 0.396041 -0.109551
v -0.807363 0.398357 -0.112257
v -0.805734 0.401038 -0.114453
v -0.803930 0.404003 -0.115216
v -0.802007 0.407163 -0.116206
v -0.800023 0.410422 -0.116539
v -0.798039 0.413681 -0.117057
v -0.796114 0.416839 -0.116065
v -0.794309 0.419803 -0.115956
v -0.792675 0.422481 -0.113759
v -0.791265 0.424791 -0.111727
v -0.790107 0.426674 -0.109787
v -0.789262 0.428052 -0.106316
v -0.788744 0.428896 -0.103355
v -0.788567 0.429179 -0.100597
v -0.719786 0.393551 -0.077772
v -0.720300 0.392702 -0.075438
v -0.721138 0.391316 -0.071967
v -0.722277 0.389438 -0.069306
v -0.723562 0.386937 -0.067205
v -0.725191 0.384257 -0.066262
v -0.726995 0.381291 -0.064645
v -0.728918 0.378131 -0.063655
v -0.730902 0.374871 -0.063323
v -0.732887 0.371613 -0.063658
v -0.734810 0.368454 -0.063397
v -0.736617 0.365492 -0.065017
v -0.738250 0.362813 -0.066739
v -0.739660 0.360502 -0.068084
v -0.740805 0.358630 -0.071222
v -0.741649 0.357249 -0.073302
v -0.742168 0.356406 -0.076496
v -0.742345 0.356124 -0.079533
v -0.742175 0.356413 -0.083348
v -0.741662 0.357262 -0.085615
v -0.740823 0.358647 -0.088407
v -0.739684 0.360526 -0.091544
v -0.738277 0.362840 -0.093492
v -0.736648 0.365523 -0.095688
v -0.734845 0.368488 -0.097305
v -0.733043 0.371833 -0.097689
v -0.731060 0.375093 -0.098022
v -0.729075 0.378351 -0.097687
v -0.727150 0.381508 -0.096694
v -0.725344 0.384473 -0.095833
v -0.723712 0.387150 -0.094313
v -0.722300 0.389460 -0.091604
v -0.721156 0.391334 -0.089898
v -0.720312 0.392714 -0.087205
v -0.719792 0.393557 -0.084010
v -0.719615 0.393839 -0.080195
v -0.650084 0.357215 -0.061929
v -0.650596 0.356365 -0.058230
v -0.651435 0.354981 -0.056498
v -0.652575 0.353102 -0.053480
v -0.653980 0.350787 -0.050773
v -0.655610 0.348105 -0.048578
v -0.657415 0.345140 -0.048322
v -0.659337 0.341980 -0.047332
v -0.661320 0.338720 -0.045638
v -0.663305 0.335463 -0.045973
v -0.665229 0.332304 -0.046966
v -0.667036 0.329341 -0.048467
v -0.668669 0.326664 -0.050665
v -0.670079 0.324353 -0.051635
v -0.671224 0.322479 -0.054513
v -0.672069 0.321100 -0.057985
v -0.672587 0.320256 -0.060149
v -0.672764 0.319974 -0.063332
v -0.672593 0.320262 -0.066109
v -0.672085 0.321110 -0.069808
v -0.671246 0.322494 -0.072103
v -0.670106 0.324373 -0.074418
v -0.668700 0.326688 -0.077125
v -0.667071 0.329370 -0.079320
v -0.665268 0.332335 -0.080321
v -0.663344 0.335495 -0.081311
v -0.661360 0.338754 -0.081643
v -0.659376 0.342013 -0.081925
v -0.657451 0.345171 -0.080932
v -0.655644 0.348134 -0.079313
v -0.654011 0.350812 -0.077936
v -0.652602 0.353123 -0.076403
v -0.651457 0.354997 -0.074303
v -0.650612 0.356375 -0.070832
v -0.650090 0.357221 -0.067764
v -0.649914 0.357504 -0.065484
v -0.579462 0.319627 -0.049965
v -0.579975 0.318778 -0.047734
v -0.580814 0.317392 -0.044548
v -0.581954 0.315512 -0.041411
v -0.583360 0.313198 -0.039522
v -0.584989 0.310516 -0.037327
v -0.586793 0.307551 -0.035710
v -0.588715 0.304390 -0.034720
v -0.590699 0.301131 -0.034387
v -0.592684 0.297874 -0.034722
v -0.594608 0.294714 -0.034897
v -0.596415 0.291752 -0.036516
v -0.598048 0.289075 -0.038430
v -0.599459 0.286765 -0.041139
v -0.600603 0.284891 -0.042809
v -0.601447 0.283511 -0.045737
v -0.601967 0.282667 -0.048356
v -0.602144 0.282386 -0.052171
v -0.601973 0.282674 -0.055214
v -0.601459 0.283523 -0.057184
v -0.600621 0.284908 -0.060038
v -0.599481 0.286787 -0.063175
v -0.598075 0.289102 -0.064898
v -0.596446 0.291782 -0.067093
v -0.594642 0.294748 -0.068711
v -0.592719 0.297910 -0.069700
v -0.590735 0.301167 -0.070033
v -0.588751 0.304425 -0.069698
v -0.586827 0.307585 -0.069689
v -0.585020 0.310547 -0.068070
v -0.583387 0.313225 -0.066488
v -0.581976 0.315535 -0.063779
v -0.580832 0.317410 -0.062370
v -0.579988 0.318790 -0.059670
v -0.579469 0.319634 -0.057051
v -0.579292 0.319915 -0.053236
v -0.508052 0.281096 -0.041928
v -0.508563 0.280245 -0.038229
v -0.509402 0.278861 -0.035989
v -0.510543 0.276983 -0.034317
v -0.511949 0.274668 -0.031610
v -0.513578 0.271987 -0.029415
v -0.515381 0.269020 -0.027847
v -0.517305 0.265860 -0.026857
v -0.519289 0.262601 -0.026525
v -0.521273 0.259343 -0.026810
v -0.523198 0.256185 -0.027802
v -0.525004 0.253221 -0.027958
v -0.526636 0.250544 -0.030156
v -0.528047 0.248233 -0.031634
v -0.529192 0.246360 -0.034399
v -0.530037 0.244981 -0.037871
v -0.530556 0.244135 -0.040155
v -0.530733 0.243853 -0.043236
v -0.530562 0.244142 -0.046295
v -0.530051 0.244992 -0.049994
v -0.529212 0.246377 -0.052669
v -0.528071 0.248255 -0.054108
v -0.526665 0.250570 -0.056815
v -0.525036 0.253251 -0.059011
v -0.523232 0.256217 -0.059968
v -0.521309 0.259377 -0.060958
v -0.519325 0.262636 -0.061290
v -0.517341 0.265894 -0.061615
v -0.515416 0.269053 -0.060623
v -0.513611 0.272017 -0.060700
v -0.511978 0.274694 -0.058502
v -0.510567 0.277005 -0.056589
v -0.509422 0.278878 -0.054207
v -0.508577 0.280257 -0.050736
v -0.508058 0.281101 -0.047770
v -0.507882 0.281384 -0.045370
v -0.435557 0.241104 -0.038483
v -0.436069 0.240254 -0.035501
v -0.436908 0.238869 -0.032030
v -0.438048 0.236989 -0.029535
v -0.439453 0.234674 -0.026828
v -0.441084 0.231994 -0.025630
v -0.442887 0.229028 -0.024012
v -0.444810 0.225868 -0.023023
v -0.446794 0.222609 -0.022690
v -0.448778 0.219351 -0.023025
v -0.450702 0.216192 -0.023020
v -0.452509 0.213229 -0.024640
v -0.454142 0.210552 -0.026197
v -0.455552 0.208241 -0.028189
v -0.456698 0.206368 -0.031326
v -0.457542 0.204988 -0.033636
v -0.458060 0.204144 -0.036565
v -0.458237 0.203862 -0.039114
v -0.458067 0.204150 -0.042928
v -0.457554 0.205000 -0.045684
v -0.456715 0.206385 -0.048540
v -0.455576 0.208265 -0.051676
v -0.454169 0.210579 -0.053538
v -0.452540 0.213260 -0.055733
v -0.450737 0.216226 -0.057351
v -0.448814 0.219387 -0.058341
v -0.446830 0.222645 -0.058673
v -0.444846 0.225903 -0.058338
v -0.442921 0.229061 -0.057346
v -0.441115 0.232025 -0.056571
v -0.439481 0.234702 -0.054373
v -0.438071 0.237012 -0.052279
v -0.436926 0.238887 -0.050084
v -0.436082 0.240266 -0.047880
v -0.435563 0.241110 -0.044181
v -0.435386 0.241391 -0.041135
v -0.362488 0.200481 -0.036277
v -0.363001 0.199631 -0.033948
v -0.363840 0.198245 -0.031075
v -0.364980 0.196367 -0.027939
v -0.366385 0.194052 -0.026185
v -0.368015 0.191371 -0.023990
v -0.369818 0.188405 -0.022372
v -0.371742 0.185245 -0.021383
v -0.373157 0.181122 -0.023877
v -0.375140 0.177863 -0.023259
v -0.377065 0.174704 -0.024251
v -0.378872 0.171742 -0.025871
v -0.380505 0.169065 -0.027470
v -0.381914 0.166753 -0.028810
v -0.383060 0.164880 -0.031947
v -0.383905 0.163500 -0.035175
v -0.384424 0.162657 -0.038066
v -0.384600 0.162375 -0.040827
v -0.384430 0.162664 -0.044641
v -0.383917 0.163513 -0.047296
v -0.383078 0.164898 -0.049793
v -0.381939 0.166778 -0.052929
v -0.380556 0.169076 -0.054490
v -0.379495 0.172621 -0.053858
v -0.377692 0.175588 -0.055476
v -0.375769 0.178748 -0.056465
v -0.373785 0.182007 -0.056798
v -0.371801 0.185264 -0.056463
v -0.369877 0.188423 -0.056617
v -0.368071 0.191386 -0.054998
v -0.366438 0.194064 -0.053773
v -0.365003 0.196390 -0.051064
v -0.363858 0.198263 -0.048971
v -0.363014 0.199644 -0.046554
v -0.362495 0.200488 -0.043663
v -0.362318 0.200769 -0.040092
v -0.287678 0.157515 -0.042894
v -0.288192 0.156665 -0.040404
v -0.289030 0.155280 -0.036934
v -0.290169 0.153401 -0.034403
v -0.291575 0.151085 -0.031696
v -0.293204 0.148404 -0.029500
v -0.295009 0.145440 -0.029066
v -0.296932 0.142279 -0.028076
v -0.298916 0.139021 -0.027744
v -0.300899 0.135761 -0.026896
v -0.302824 0.132603 -0.027888
v -0.304631 0.129640 -0.029507
v -0.306264 0.126962 -0.031101
v -0.307674 0.124651 -0.032600
v -0.308820 0.122778 -0.035738
v -0.309664 0.121398 -0.038319
v -0.310183 0.120555 -0.041339
v -0.310393 0.120251 -0.044280
v -0.310223 0.120539 -0.048095
v -0.309710 0.121388 -0.050108
v -0.308872 0.122774 -0.053339
v -0.307733 0.124653 -0.056475
v -0.306325 0.126967 -0.058126
v -0.304696 0.129649 -0.060321
v -0.302894 0.132614 -0.061938
v -0.300971 0.135775 -0.062928
v -0.298986 0.139034 -0.063261
v -0.297002 0.142292 -0.062926
v -0.295078 0.145451 -0.062990
v -0.293271 0.148414 -0.061370
v -0.291638 0.151090 -0.059411
v -0.290227 0.153401 -0.056703
v -0.289083 0.155276 -0.055250
v -0.288239 0.156655 -0.052653
v -0.287719 0.157498 -0.048954
v -0.287542 0.157780 -0.045819
v -0.212702 0.114476 -0.050214
v -0.213214 0.113625 -0.046516
v -0.214053 0.112241 -0.043461
v -0.215190 0.110365 -0.041637
v -0.216595 0.108049 -0.038929
v -0.218224 0.105368 -0.036734
v -0.220028 0.102402 -0.035117
v -0.221951 0.099242 -0.034364
v -0.223935 0.095983 -0.033795
v -0.225920 0.092725 -0.034130
v -0.227844 0.089567 -0.035122
v -0.229650 0.086603 -0.035429
v -0.231283 0.083926 -0.037627
v -0.232694 0.081615 -0.039920
v -0.233843 0.079740 -0.043058
v -0.234688 0.078359 -0.044944
v -0.235205 0.077516 -0.047917
v -0.235382 0.077234 -0.050506
v -0.235212 0.077522 -0.054320
v -0.234700 0.078371 -0.057369
v -0.233861 0.079757 -0.060039
v -0.232721 0.081636 -0.063176
v -0.231314 0.083951 -0.064966
v -0.229686 0.086632 -0.067161
v -0.227882 0.089598 -0.068779
v -0.225960 0.092759 -0.069769
v -0.223975 0.096017 -0.070102
v -0.221991 0.099275 -0.069767
v -0.220066 0.102434 -0.068774
v -0.218260 0.105397 -0.068070
v -0.216627 0.108074 -0.065873
v -0.215216 0.110385 -0.063965
v -0.214071 0.112259 -0.061477
v -0.213227 0.113638 -0.059231
v -0.212708 0.114481 -0.055532
v -0.212531 0.114763 -0.052443
v -0.136205 0.069455 -0.062192
v -0.136718 0.068606 -0.059908
v -0.137556 0.067220 -0.056438
v -0.138265 0.064686 -0.056026
v -0.139671 0.062370 -0.053318
v -0.141300 0.059690 -0.051124
v -0.143104 0.056724 -0.049506
v -0.145028 0.053564 -0.049038
v -0.147011 0.050305 -0.048183
v -0.148996 0.047046 -0.048518
v -0.150920 0.043888 -0.049511
v -0.152726 0.040924 -0.050538
v -0.154360 0.038248 -0.052735
v -0.155770 0.035936 -0.054029
v -0.156915 0.034063 -0.057167
v -0.157759 0.032684 -0.059714
v -0.158278 0.031840 -0.062546
v -0.158456 0.031558 -0.065746
v -0.158286 0.031846 -0.069560
v -0.157773 0.032695 -0.071925
v -0.156934 0.034080 -0.074891
v -0.155796 0.035959 -0.078027
v -0.154390 0.038275 -0.080734
v -0.152759 0.040956 -0.081755
v -0.150956 0.043921 -0.083372
v -0.149033 0.047081 -0.084362
v -0.147049 0.050340 -0.084694
v -0.145065 0.053598 -0.084359
v -0.143572 0.057413 -0.082411
v -0.141765 0.060376 -0.080791
v -0.140132 0.063053 -0.079098
v -0.138721 0.065362 -0.076390
v -0.137576 0.067236 -0.074586
v -0.136733 0.068616 -0.071729
v -0.136213 0.069461 -0.068897
v -0.136036 0.069742 -0.065082
v -0.059241 0.024015 -0.076307
v -0.059754 0.023165 -0.073624
v -0.060593 0.021779 -0.070878
v -0.061732 0.019901 -0.067742
v -0.063138 0.017585 -0.065032
v -0.064768 0.014905 -0.063976
v -0.066572 0.011939 -0.062359
v -0.068494 0.008778 -0.061370
v -0.070478 0.005520 -0.061037
v -0.071925 0.001446 -0.062897
v -0.073850 -0.001713 -0.063889
v -0.075657 -0.004676 -0.065509
v -0.077290 -0.007353 -0.066982
v -0.078701 -0.009663 -0.069694
v -0.079845 -0.011537 -0.071815
v -0.080690 -0.012916 -0.074738
v -0.081210 -0.013760 -0.078437
v -0.081386 -0.014042 -0.080932
v -0.081216 -0.013754 -0.084018
v -0.080702 -0.012904 -0.086559
v -0.079864 -0.011518 -0.090028
v -0.078724 -0.009640 -0.092660
v -0.077855 -0.006509 -0.092703
v -0.076226 -0.003828 -0.094898
v -0.074423 -0.000862 -0.096516
v -0.072500 0.002298 -0.097506
v -0.070515 0.005557 -0.097839
v -0.068530 0.008815 -0.097503
v -0.066606 0.011974 -0.096511
v -0.064800 0.014937 -0.095395
v -0.063167 0.017614 -0.093198
v -0.061757 0.019925 -0.091648
v -0.060612 0.021798 -0.089239
v -0.059767 0.023177 -0.085768
v -0.059248 0.024022 -0.083388
v -0.059071 0.024303 -0.080122
v 0.019691 -0.024141 -0.099754
v 0.019179 -0.024990 -0.096660
v 0.018340 -0.026377 -0.093190
v 0.017200 -0.028254 -0.091049
v 0.015794 -0.030570 -0.088341
v 0.014166 -0.033251 -0.086146
v 0.012362 -0.036217 -0.084528
v 0.010439 -0.039378 -0.083539
v 0.008455 -0.042636 -0.083207
v 0.006470 -0.045895 -0.083542
v 0.004545 -0.049053 -0.084533
v 0.002740 -0.052016 -0.085159
v 0.001106 -0.054693 -0.087356
v -0.000304 -0.057004 -0.089460
v -0.001450 -0.058877 -0.092597
v -0.002294 -0.060256 -0.095267
v -0.002813 -0.061100 -0.098299
v -0.002990 -0.061381 -0.102114
v -0.002819 -0.061093 -0.104611
v -0.002307 -0.060244 -0.107716
v -0.001469 -0.058859 -0.111186
v -0.000329 -0.056980 -0.113313
v 0.001077 -0.054664 -0.116020
v 0.002707 -0.051983 -0.118215
v 0.004510 -0.049018 -0.119833
v 0.006433 -0.045857 -0.120823
v 0.008417 -0.042598 -0.121155
v 0.010401 -0.039340 -0.120820
v 0.012326 -0.036181 -0.119828
v 0.014132 -0.033218 -0.119217
v 0.015765 -0.030541 -0.117020
v 0.017176 -0.028230 -0.114904
v 0.018322 -0.026358 -0.111766
v 0.019166 -0.024977 -0.109613
v 0.019684 -0.024134 -0.106582
v 0.019862 -0.023852 -0.102767
v -3.096435 1.418066 -2.250197
v 0.008436 -0.042617 -0.102106
v -1.756899 0.545228 -0.631774
v -1.840752 0.572502 -0.695875
v -1.763014 0.545421 -0.646284
v -1.846617 0.572675 -0.712188
v -1.723634 0.783695 -0.733838
v -1.717846 0.783260 -0.719305
v -1.735801 0.593356 -0.648664
v -1.729843 0.593448 -0.633370
v -1.812080 0.623574 -0.698167
v -1.817956 0.623587 -0.713070
v -1.701122 0.773846 -0.715314
v -1.695335 0.773412 -0.699603
v -1.788757 0.614439 -0.679862
v -1.817223 0.564333 -0.677620
v -1.823225 0.564411 -0.692808
v -1.794936 0.614690 -0.694941
v -1.732859 0.631576 -0.662356
v -1.718106 0.710731 -0.692448
v -1.722135 0.694588 -0.686865
v -1.725698 0.678403 -0.680348
v -1.728615 0.662494 -0.674587
v -1.730913 0.646826 -0.668455
v -1.726851 0.630910 -0.648177
v -1.724920 0.646761 -0.653510
v -1.722699 0.662217 -0.660306
v -1.719802 0.677864 -0.665585
v -1.716173 0.693934 -0.671718
v -1.712062 0.709986 -0.678350
v -2.157169 -0.252581 -0.801819
v -2.237627 -0.273627 -0.863557
v -2.248618 -0.285380 -0.885724
v -2.167503 -0.261438 -0.820737
v -2.259842 -0.260847 -0.879896
v -2.270417 -0.271391 -0.901321
v -1.090068 0.381280 -0.176964
v -1.177452 0.416295 -0.205490
v -1.096420 0.381882 -0.188207
v -1.183714 0.416942 -0.217025
v -1.099366 0.559630 -0.237830
v -1.093284 0.558934 -0.225956
v -1.077868 0.414025 -0.191569
v -1.071930 0.413904 -0.178504
v -1.158395 0.448909 -0.209507
v -1.164761 0.449819 -0.220427
v -1.075020 0.549189 -0.228955
v -1.068899 0.548517 -0.217170
v -1.133494 0.439397 -0.200649
v -1.152387 0.407104 -0.196596
v -1.158606 0.407600 -0.208558
v -1.140244 0.440750 -0.209920
v -1.081021 0.442428 -0.200718
v -1.081463 0.501859 -0.214622
v -1.082383 0.489761 -0.212144
v -1.082908 0.478018 -0.208923
v -1.082912 0.466294 -0.205707
v -1.082190 0.454331 -0.203307
v -1.075111 0.442422 -0.187642
v -1.075953 0.453625 -0.191921
v -1.076591 0.465427 -0.194395
v -1.076708 0.477380 -0.196790
v -1.076139 0.489018 -0.200780
v -1.075029 0.501142 -0.204303
v -1.367452 -0.156502 -0.229866
v -1.424325 -0.118484 -0.247134
v -1.430150 -0.117076 -0.258748
v -1.374032 -0.156617 -0.241930
v -1.446757 -0.103521 -0.254522
v -1.452532 -0.101785 -0.266334
v -2.378589 0.930920 -1.435027
v -2.448981 0.988171 -1.517250
v -2.384104 0.932471 -1.452584
v -2.454343 0.989849 -1.535344
v -2.384572 1.104485 -1.557916
v -2.378896 1.103325 -1.540534
v -2.367553 0.959667 -1.457671
v -2.361937 0.958281 -1.440145
v -2.433810 1.013096 -1.521912
v -2.439276 1.014603 -1.539975
v -2.362998 1.091531 -1.533372
v -2.357203 1.090635 -1.515375
v -2.413233 0.998055 -1.497862
v -2.428757 0.972550 -1.493091
v -2.433998 0.973932 -1.511975
v -2.418545 0.999321 -1.516725
v -2.369814 0.989082 -1.475186
v -2.368774 1.046329 -1.509389
v -2.369842 1.034923 -1.502893
v -2.370436 1.023695 -1.496292
v -2.370642 1.012208 -1.489582
v -2.370432 1.000683 -1.481724
v -2.364281 0.987832 -1.456944
v -2.365069 0.999758 -1.463491
v -2.365164 1.011114 -1.471096
v -2.364936 1.022465 -1.477272
v -2.364216 1.033785 -1.484895
v -2.363024 1.044968 -1.491631
v -2.645493 0.460326 -1.435485
v -2.678061 0.534988 -1.487083
v -2.683192 0.538706 -1.502397
v -2.650303 0.463107 -1.452979
v -2.692860 0.563394 -1.505057
v -2.697513 0.566560 -1.522570
v -0.817262 0.241006 -0.073304
v -0.903080 0.289783 -0.084438
v -0.823671 0.242148 -0.083326
v -0.909060 0.291815 -0.094356
v -0.825162 0.434077 -0.114759
v -0.819089 0.432730 -0.104141
v -0.806122 0.273032 -0.085830
v -0.799890 0.271689 -0.075637
v -0.884351 0.323092 -0.086591
v -0.890188 0.324685 -0.097578
v -0.801176 0.420225 -0.110435
v -0.795146 0.418794 -0.099845
v -0.860958 0.308260 -0.082242
v -0.878987 0.276062 -0.080378
v -0.885149 0.277320 -0.090731
v -0.866789 0.309815 -0.093087
v -0.809496 0.304223 -0.090311
v -0.808068 0.368970 -0.100781
v -0.809459 0.356044 -0.098451
v -0.810310 0.343046 -0.096277
v -0.810710 0.329883 -0.094168
v -0.810564 0.316346 -0.092625
v -0.803558 0.302497 -0.079925
v -0.804639 0.315084 -0.081615
v -0.804566 0.328097 -0.084115
v -0.804264 0.341366 -0.086063
v -0.803331 0.354391 -0.088404
v -0.801940 0.367263 -0.090796
v -1.044788 -0.198394 -0.107603
v -1.114489 -0.178566 -0.116383
v -1.121680 -0.178389 -0.125454
v -1.052129 -0.199322 -0.118436
v -1.141883 -0.170824 -0.121610
v -1.148613 -0.170728 -0.131936
v -0.089584 -0.097773 -0.088714
v -0.188372 -0.037213 -0.050753
v -0.096499 -0.095407 -0.096043
v -0.195019 -0.034398 -0.058090
v -0.137837 0.061793 -0.073116
v -0.130950 0.059401 -0.065837
v -0.085280 -0.075718 -0.097708
v -0.078364 -0.078090 -0.090377
v -0.177015 -0.017678 -0.053075
v -0.183797 -0.015117 -0.060359
v -0.110186 0.045327 -0.081821
v -0.103528 0.042530 -0.074456
v -0.148462 -0.034235 -0.064109
v -0.160053 -0.053319 -0.060534
v -0.166488 -0.051547 -0.069812
v -0.155357 -0.031827 -0.071256
v -0.095478 -0.049633 -0.091948
v -0.107650 0.002228 -0.085306
v -0.106398 -0.008303 -0.086451
v -0.104457 -0.018721 -0.087870
v -0.101911 -0.029167 -0.089555
v -0.099181 -0.039093 -0.089759
v -0.088580 -0.052009 -0.084633
v -0.092245 -0.041433 -0.082463
v -0.095383 -0.030956 -0.080398
v -0.097929 -0.020511 -0.078463
v -0.099877 -0.010096 -0.077426
v -0.100737 -0.000149 -0.078012
v -0.257357 -0.409153 -0.090646
v -0.324433 -0.358357 -0.062332
v -0.329279 -0.352583 -0.070588
v -0.263053 -0.404777 -0.098458
v -0.354494 -0.345890 -0.053213
v -0.359147 -0.339800 -0.061422
v -2.090175 0.695459 -1.008383
v -2.157816 0.751783 -1.087314
v -2.095386 0.697256 -1.024960
v -2.163066 0.753585 -1.103771
v -2.061171 0.924310 -1.128161
v -2.055897 0.923871 -1.109759
v -2.070434 0.740438 -1.028360
v -2.065291 0.739642 -1.010127
v -2.134994 0.790985 -1.090783
v -2.140361 0.792573 -1.107246
v -2.039799 0.913114 -1.104127
v -2.034212 0.912285 -1.087148
v -2.115184 0.775514 -1.068780
v -2.138936 0.735181 -1.064435
v -2.143875 0.737172 -1.081474
v -2.120689 0.777074 -1.084910
v -2.066722 0.778962 -1.044938
v -2.054130 0.853660 -1.080542
v -2.057743 0.839051 -1.073047
v -2.060489 0.823766 -1.067341
v -2.063278 0.808875 -1.059396
v -2.065245 0.793895 -1.052291
v -2.061457 0.777608 -1.027863
v -2.059992 0.792903 -1.034640
v -2.057772 0.808062 -1.042170
v -2.055189 0.823052 -1.049415
v -2.051952 0.837664 -1.057446
v -2.048864 0.853177 -1.062193
v -2.428101 0.059584 -1.093764
v -2.457655 0.143186 -1.128782
v -2.461787 0.147274 -1.144939
v -2.432188 0.062704 -1.111457
v -2.469444 0.176391 -1.142619
v -2.473244 0.180327 -1.159895
v -2.465978 0.969583 -1.544433
v -2.540015 1.022871 -1.625068
v -2.471791 0.970388 -1.561699
v -2.545879 1.024136 -1.642729
v -2.480487 1.131928 -1.663133
v -2.474407 1.130668 -1.646074
v -2.456764 0.995076 -1.566317
v -2.450949 0.994275 -1.548110
v -2.526020 1.045867 -1.629370
v -2.531702 1.047429 -1.647087
v -2.458102 1.118942 -1.640222
v -2.452233 1.118017 -1.622118
v -2.504584 1.032003 -1.605138
v -2.518903 1.008478 -1.600737
v -2.524216 1.009395 -1.621254
v -2.510099 1.032587 -1.624796
v -2.460413 1.022525 -1.584382
v -2.462018 1.076134 -1.617596
v -2.462616 1.065459 -1.611005
v -2.462606 1.054835 -1.605088
v -2.462337 1.044177 -1.598280
v -2.461598 1.033364 -1.591787
v -2.454319 1.021331 -1.567397
v -2.455912 1.032800 -1.572828
v -2.456752 1.043214 -1.579578
v -2.457068 1.053720 -1.586801
v -2.456758 1.064315 -1.593405
v -2.456157 1.074915 -1.599566
v -2.718493 0.527973 -1.537497
v -2.757120 0.595316 -1.586265
v -2.761894 0.597014 -1.606461
v -2.723786 0.530123 -1.555027
v -2.773447 0.618759 -1.608753
v -2.778595 0.621169 -1.626527
v -0.513558 0.113423 -0.035103
v -0.612355 0.153665 -0.024316
v -0.520796 0.114556 -0.043031
v -0.619046 0.154920 -0.033382
v -0.546616 0.278093 -0.049800
v -0.540523 0.277055 -0.039690
v -0.506813 0.138224 -0.046406
v -0.499902 0.137320 -0.037232
v -0.597526 0.179517 -0.026790
v -0.604021 0.181092 -0.035943
v -0.520172 0.264741 -0.051983
v -0.513623 0.262923 -0.043270
v -0.570471 0.168331 -0.027010
v -0.584913 0.142734 -0.025205
v -0.591259 0.143395 -0.036529
v -0.577013 0.169433 -0.037131
v -0.515244 0.163552 -0.045885
v -0.522488 0.218043 -0.048043
v -0.522449 0.206698 -0.047238
v -0.521327 0.194985 -0.048265
v -0.520242 0.184685 -0.046184
v -0.518060 0.174056 -0.045947
v -0.508903 0.163173 -0.034853
v -0.511243 0.173015 -0.036908
v -0.513473 0.183487 -0.036921
v -0.514971 0.194238 -0.037191
v -0.515410 0.204588 -0.039520
v -0.515713 0.216629 -0.039354
v -0.705046 -0.247838 -0.047697
v -0.775303 -0.219927 -0.042878
v -0.782106 -0.219315 -0.053445
v -0.712379 -0.247808 -0.057033
v -0.803859 -0.210222 -0.041146
v -0.810668 -0.209386 -0.050668
vn 0.3499 -0.9327 -0.0875
vn 0.2807 -0.9464 -0.1596
vn 0.2865 -0.9453 -0.1561
vn 0.2009 -0.9486 -0.2445
vn 0.2654 -0.9477 -0.1772
vn 0.3565 -0.9313 -0.0742
vn 0.3226 -0.9380 -0.1270
vn 0.1948 -0.9505 -0.2420
vn -0.5158 -0.8102 0.2785
vn -0.5321 -0.7936 0.2949
vn -0.5321 -0.7934 0.2957
vn 0.3073 -0.2170 -0.9265
vn 0.2886 -0.2792 -0.9159
vn 0.2963 -0.2662 -0.9173
vn 0.8516 -0.2551 -0.4579
vn 0.8842 -0.1047 -0.4553
vn 0.8509 -0.2511 -0.4614
vn -0.2809 0.2795 0.9181
vn -0.2684 0.2545 0.9291
vn -0.2739 0.2536 0.9277
vn -0.7736 0.4866 0.4058
vn -0.7580 0.5042 0.4138
vn -0.7758 0.4859 0.4025
vn 0.7739 -0.4528 -0.4427
vn 0.7904 -0.2933 -0.5378
vn 0.7662 -0.3177 -0.5586
vn 0.8693 -0.0812 -0.4876
vn 0.8769 -0.0794 -0.4740
vn -0.7565 0.5056 0.4148
vn -0.7626 0.5095 0.3987
vn 0.8601 0.2807 -0.4260
vn 0.4186 0.8936 -0.1622
vn -0.2720 0.2969 0.9154
vn -0.2819 0.2919 0.9140
vn -0.2741 0.2634 0.9249
vn -0.2969 0.2727 0.9152
vn -0.4467 -0.8607 0.2443
vn -0.3569 -0.9125 0.1998
vn -0.3569 -0.9124 0.2002
vn 0.2900 -0.2385 -0.9268
vn 0.2867 -0.2894 -0.9132
vn 0.2740 -0.3016 -0.9132
vn 0.2807 -0.3055 -0.9099
vn 0.8830 -0.0780 -0.4628
vn 0.8848 -0.0867 -0.4578
vn 0.8835 -0.1243 -0.4517
vn 0.8819 -0.1353 -0.4515
vn 0.8728 -0.1773 -0.4547
vn 0.8674 -0.1772 -0.4650
vn 0.8578 -0.2100 -0.4692
vn 0.8554 -0.2125 -0.4723
vn 0.2780 -0.2893 -0.9160
vn 0.2728 -0.2803 -0.9204
vn -0.2878 0.2896 0.9129
vn -0.2971 0.3122 0.9024
vn -0.3287 0.0752 0.9414
vn -0.3324 0.0767 0.9400
vn -0.3284 0.0751 0.9415
vn 0.3395 -0.0796 -0.9372
vn 0.3307 -0.0761 -0.9407
vn 0.3299 -0.0757 -0.9410
vn 0.8160 -0.3775 -0.4378
vn 0.8269 -0.3852 -0.4096
vn 0.8270 -0.3853 -0.4093
vn -0.3580 0.0909 0.9293
vn -0.3811 0.1024 0.9188
vn -0.3573 0.0906 0.9296
vn -0.8216 0.3815 0.4236
vn -0.8230 0.3825 0.4199
vn -0.8216 0.3815 0.4237
vn 0.3405 -0.0816 -0.9367
vn 0.3751 -0.0988 -0.9217
vn 0.3761 -0.0993 -0.9212
vn -0.9529 -0.2404 0.1848
vn -0.9528 -0.2306 0.1976
vn -0.9527 -0.2302 0.1986
vn 0.5381 -0.3938 -0.7452
vn 0.5258 -0.4225 -0.7382
vn 0.5139 -0.4495 -0.7307
vn 0.9009 -0.2972 -0.3164
vn 0.9268 -0.2297 -0.2971
vn 0.9004 -0.3024 -0.3128
vn -0.5232 0.4221 0.7403
vn -0.5451 0.3764 0.7491
vn -0.5195 0.4426 0.7310
vn -0.7957 0.5378 0.2785
vn -0.7967 0.5368 0.2776
vn 0.8670 -0.4056 -0.2895
vn 0.7970 -0.5348 -0.2806
vn 0.8978 -0.3286 -0.2933
vn 0.9442 -0.1369 -0.2997
vn 0.9453 -0.1430 -0.2933
vn -0.7957 0.5378 0.2787
vn -0.7943 0.5373 0.2836
vn -0.7941 0.5372 0.2843
vn 0.9379 0.2312 -0.2584
vn 0.6215 0.7725 -0.1304
vn -0.5421 0.4658 0.6994
vn -0.5576 0.4840 0.6744
vn -0.5498 0.4195 0.7223
vn -0.5620 0.4240 0.7102
vn -0.9492 -0.2585 0.1794
vn -0.9451 -0.2807 0.1672
vn -0.9453 -0.2809 0.1658
vn 0.5440 -0.4246 -0.7238
vn 0.5561 -0.4314 -0.7104
vn 0.5552 -0.4768 -0.6815
vn 0.5481 -0.4644 -0.6956
vn 0.5574 -0.4691 -0.6851
vn 0.9423 -0.1700 -0.2885
vn 0.9369 -0.1972 -0.2887
vn 0.9307 -0.2203 -0.2919
vn 0.9302 -0.2208 -0.2931
vn 0.9272 -0.2369 -0.2902
vn 0.9240 -0.2454 -0.2932
vn 0.9142 -0.2767 -0.2961
vn 0.9068 -0.2832 -0.3122
vn 0.5222 -0.4521 -0.7231
vn 0.5267 -0.4506 -0.7208
vn -0.5442 0.4340 0.7180
vn -0.5374 0.4762 0.6960
vn -0.5979 0.3307 0.7302
vn -0.5369 0.2758 0.7973
vn -0.5310 0.2707 0.8030
vn 0.5986 -0.3313 -0.7293
vn 0.5374 -0.2761 -0.7968
vn 0.6048 -0.3371 -0.7215
vn 0.8395 -0.4599 -0.2893
vn 0.8396 -0.4600 -0.2887
vn 0.8397 -0.4600 -0.2887
vn -0.5867 0.3339 0.7378
vn -0.5228 0.2901 0.8016
vn -0.5206 0.2886 0.8036
vn -0.8340 0.4744 0.2819
vn -0.8302 0.4716 0.2971
vn -0.8302 0.4715 0.2975
vn 0.5921 -0.3380 -0.7316
vn 0.5223 -0.2901 -0.8019
vn 0.5947 -0.3398 -0.7286
vn -0.8879 -0.4214 0.1846
vn -0.8864 -0.3807 0.2636
vn -0.8856 -0.3770 0.2713
vn 0.4074 -0.3920 -0.8249
vn 0.4192 -0.3942 -0.8179
vn 0.4033 -0.3933 -0.8262
vn 0.9189 -0.1881 -0.3466
vn 0.9406 -0.0414 -0.3370
vn 0.9192 -0.1838 -0.3483
vn -0.4104 0.4068 0.8162
vn -0.4010 0.3984 0.8249
vn -0.4000 0.4002 0.8245
vn -0.7846 0.5359 0.3118
vn -0.7856 0.5370 0.3075
vn 0.7882 -0.5362 -0.3020
vn 0.9080 -0.2350 -0.3468
vn 0.8754 -0.3490 -0.3344
vn 0.9316 0.0596 -0.3585
vn 0.9372 0.0440 -0.3461
vn -0.7863 0.5368 0.3059
vn -0.7948 0.5346 0.2873
vn 0.8475 0.4529 -0.2768
vn 0.5008 0.8530 -0.1469
vn -0.4075 0.4055 0.8182
vn -0.4217 0.4073 0.8101
vn -0.4082 0.4018 0.8197
vn -0.4239 0.4092 0.8080
vn -0.8828 -0.4370 0.1722
vn -0.8802 -0.4588 0.1218
vn -0.8817 -0.4588 0.1099
vn 0.4234 -0.3749 -0.8247
vn 0.4151 -0.4057 -0.8143
vn 0.4229 -0.4126 -0.8068
vn 0.4172 -0.4092 -0.8115
vn 0.9394 0.0200 -0.3424
vn 0.9419 -0.0166 -0.3355
vn 0.9408 -0.0449 -0.3360
vn 0.9400 -0.0514 -0.3372
vn 0.9376 -0.0865 -0.3367
vn 0.9336 -0.1093 -0.3413
vn 0.9273 -0.1514 -0.3422
vn 0.9235 -0.1539 -0.3515
vn 0.4006 -0.4049 -0.8219
vn 0.4008 -0.4056 -0.8215
vn -0.4064 0.4141 0.8145
vn -0.4184 0.4318 0.7990
vn -0.4359 0.3237 0.8398
vn -0.4121 0.3121 0.8560
vn -0.4218 0.3111 0.8516
vn 0.4459 -0.3301 -0.8320
vn 0.4315 -0.3170 -0.8446
vn 0.4485 -0.3324 -0.8296
vn 0.8094 -0.4986 -0.3102
vn 0.8091 -0.4985 -0.3112
vn -0.4432 0.3356 0.8312
vn -0.3990 0.3052 0.8647
vn -0.8030 0.5037 0.3184
vn -0.8009 0.5027 0.3255
vn -0.8008 0.5026 0.3257
vn 0.4196 -0.3247 -0.8477
vn 0.3663 -0.2889 -0.8845
vn 0.4230 -0.3270 -0.8451
vn -0.1579 -0.9515 0.2639
vn -0.1405 -0.9640 0.2259
vn -0.1394 -0.9647 0.2236
vn 0.4483 -0.3007 -0.8418
vn 0.4551 -0.3377 -0.8239
vn 0.4383 -0.3188 -0.8404
vn 0.8789 -0.3136 -0.3593
vn 0.8960 -0.2442 -0.3710
vn 0.8823 -0.3122 -0.3521
vn -0.4568 0.3288 0.8266
vn -0.4381 0.3059 0.8453
vn -0.4343 0.3082 0.8464
vn -0.7974 0.4768 0.3698
vn -0.7935 0.4992 0.3482
vn -0.7956 0.4772 0.3733
vn 0.7938 -0.4778 -0.3763
vn 0.8425 -0.3431 -0.4153
vn 0.8367 -0.3521 -0.4194
vn 0.8938 -0.1557 -0.4206
vn 0.8978 -0.1645 -0.4084
vn -0.7934 0.5006 0.3464
vn -0.7862 0.5076 0.3524
vn 0.9236 0.0956 -0.3713
vn 0.4694 0.8667 -0.1689
vn -0.4381 0.3647 0.8216
vn -0.4466 0.3471 0.8247
vn -0.4539 0.2969 0.8401
vn -0.4583 0.2995 0.8368
vn -0.1489 -0.9540 0.2603
vn -0.1454 -0.9536 0.2637
vn -0.1455 -0.9535 0.2641
vn 0.4552 -0.2975 -0.8392
vn 0.4564 -0.3499 -0.8181
vn 0.4278 -0.3622 -0.8281
vn 0.4327 -0.3654 -0.8242
vn 0.8990 -0.1992 -0.3900
vn 0.8980 -0.2068 -0.3884
vn 0.8882 -0.2363 -0.3939
vn 0.8848 -0.2403 -0.3993
vn 0.8788 -0.2686 -0.3944
vn 0.8823 -0.2880 -0.3723
vn 0.8922 -0.2869 -0.3489
vn 0.8963 -0.2862 -0.3386
vn 0.4987 -0.4315 -0.7517
vn 0.4470 -0.3544 -0.8214
vn -0.4541 0.3666 0.8120
vn -0.4444 0.3543 0.8228
vn -0.5134 0.1201 0.8497
vn -0.5497 0.1418 0.8232
vn -0.5028 0.1199 0.8561
vn 0.5092 -0.1148 -0.8530
vn 0.5461 -0.1376 -0.8263
vn 0.5566 -0.1440 -0.8182
vn 0.8418 -0.3656 -0.3971
vn 0.8617 -0.3846 -0.3309
vn 0.8619 -0.3848 -0.3302
vn -0.5128 0.1180 0.8503
vn -0.5540 0.1449 0.8198
vn -0.8441 0.3611 0.3965
vn -0.8611 0.3782 0.3398
vn -0.8438 0.3609 0.3971
vn 0.5011 -0.1088 -0.8585
vn 0.5665 -0.1461 -0.8110
vn -0.3234 -0.9350 0.1457
vn -0.3099 -0.9292 0.2015
vn -0.3088 -0.9287 0.2052
vn -0.1625 0.0180 -0.9865
vn -0.1923 -0.0475 -0.9802
vn -0.1612 -0.0029 -0.9869
vn 0.7879 -0.0327 -0.6149
vn 0.7452 0.1950 -0.6376
vn 0.8005 -0.0368 -0.5982
vn 0.1485 0.0402 0.9881
vn 0.2015 0.0462 0.9784
vn 0.1904 0.0181 0.9815
vn -0.6611 0.4493 0.6009
vn -0.5668 0.4492 0.6907
vn -0.6920 0.4436 0.5695
vn 0.6948 -0.4407 -0.5683
vn 0.7218 -0.0402 -0.6910
vn 0.6703 -0.0997 -0.7354
vn 0.7814 0.3026 -0.5457
vn 0.8005 0.2776 -0.5311
vn -0.5514 0.4493 0.7029
vn -0.6556 0.4632 0.5964
vn 0.6918 0.5045 -0.5166
vn 0.4236 0.8898 -0.1695
vn 0.2069 0.0393 0.9776
vn 0.1411 0.0585 0.9883
vn 0.1629 0.0288 0.9862
vn 0.1800 0.0744 0.9809
vn -0.3206 -0.9370 0.1392
vn -0.3236 -0.9397 0.1111
vn -0.3254 -0.9394 0.1076
vn -0.1888 -0.0413 -0.9811
vn -0.1663 -0.0466 -0.9850
vn -0.1778 -0.0462 -0.9830
vn -0.1727 -0.0494 -0.9837
vn 0.8278 0.1768 -0.5324
vn 0.7985 0.2112 -0.5637
vn 0.7550 0.2253 -0.6158
vn 0.7349 0.2405 -0.6340
vn 0.7671 0.1465 -0.6245
vn 0.8027 0.0814 -0.5908
vn 0.8242 0.0613 -0.5629
vn 0.8324 0.0588 -0.5511
vn -0.2110 -0.0356 -0.9768
vn -0.2163 -0.0315 -0.9758
vn 0.2155 0.0444 0.9755
vn 0.2042 0.0011 0.9789
vn 0.1138 -0.0919 0.9892
vn 0.1146 -0.0923 0.9891
vn 0.1265 -0.0957 0.9873
vn -0.1502 0.1021 -0.9834
vn -0.1023 0.0883 -0.9908
vn -0.0946 0.0861 -0.9918
vn 0.7502 -0.3835 -0.5387
vn 0.6150 -0.3144 -0.7231
vn 0.6124 -0.3131 -0.7259
vn 0.1141 -0.0924 0.9892
vn 0.1123 -0.0910 0.9895
vn -0.7276 0.3658 0.5804
vn -0.7475 0.3762 0.5475
vn -0.7272 0.3656 0.5809
vn -0.0568 0.0663 -0.9962
vn -0.0649 0.0697 -0.9955
vn -0.0653 0.0699 -0.9954
vn -0.4335 -0.8696 0.2363
vn -0.4220 -0.8512 0.3121
vn -0.4214 -0.8484 0.3204
vn 0.1625 -0.1938 -0.9675
vn 0.1416 -0.2160 -0.9661
vn 0.1632 -0.1987 -0.9664
vn 0.8467 -0.2266 -0.4814
vn 0.8621 -0.0545 -0.5039
vn 0.8468 -0.2186 -0.4849
vn -0.1826 0.2256 0.9570
vn -0.1776 0.1733 0.9687
vn -0.1742 0.1973 0.9648
vn -0.7570 0.4543 0.4697
vn -0.6763 0.4891 0.5508
vn -0.7727 0.4510 0.4466
vn 0.7519 -0.4747 -0.4575
vn 0.8531 -0.2661 -0.4488
vn 0.8521 -0.2919 -0.4344
vn 0.8772 -0.0179 -0.4798
vn 0.8766 -0.0228 -0.4807
vn -0.6676 0.4917 0.5591
vn -0.7412 0.5049 0.4425
vn 0.8382 0.2918 -0.4607
vn 0.4582 0.8689 -0.1873
vn -0.1458 0.2386 0.9601
vn -0.1853 0.2409 0.9527
vn -0.1699 0.1946 0.9661
vn -0.1807 0.2203 0.9585
vn -0.4558 -0.8578 0.2376
vn -0.4981 -0.8422 0.2065
vn -0.5021 -0.8425 0.1952
vn 0.1684 -0.1865 -0.9679
vn 0.1256 -0.2161 -0.9683
vn 0.1566 -0.2413 -0.9577
vn 0.1699 -0.2460 -0.9543
vn 0.8766 -0.0521 -0.4783
vn 0.8755 -0.0574 -0.4797
vn 0.8664 -0.1037 -0.4884
vn 0.8605 -0.1115 -0.4972
vn 0.8527 -0.1519 -0.4998
vn 0.8520 -0.1525 -0.5008
vn 0.8509 -0.1650 -0.4987
vn 0.8530 -0.1741 -0.4920
vn 0.1776 -0.2501 -0.9518
vn 0.1774 -0.2354 -0.9556
vn -0.1788 0.2614 0.9485
vn -0.1643 0.2490 0.9545
vn -0.2362 0.0322 0.9712
vn -0.2368 0.0324 0.9710
vn -0.2361 0.0321 0.9712
vn 0.2543 -0.0396 -0.9663
vn 0.2528 -0.0382 -0.9668
vn 0.2404 -0.0324 -0.9701
vn 0.7922 -0.3635 -0.4903
vn 0.8086 -0.3744 -0.4539
vn 0.8088 -0.3745 -0.4535
vn -0.2626 0.0464 0.9638
vn -0.2567 0.0436 0.9655
vn -0.2628 0.0465 0.9637
vn -0.8055 0.3741 0.4595
vn -0.8085 0.3762 0.4525
vn -0.8055 0.3741 0.4596
vn 0.2632 -0.0438 -0.9637
vn 0.2205 -0.0233 -0.9751
vn -0.9316 -0.3267 0.1593
vn -0.9286 -0.3246 0.1798
vn -0.9284 -0.3240 0.1817
vn 0.5466 -0.3832 -0.7446
vn 0.5559 -0.3766 -0.7411
vn 0.5507 -0.3602 -0.7530
vn 0.8887 -0.3626 -0.2806
vn 0.9010 -0.3034 -0.3100
vn 0.8900 -0.3496 -0.2926
vn -0.5579 0.3701 0.7428
vn -0.5672 0.3566 0.7424
vn -0.5677 0.3307 0.7539
vn -0.8079 0.5070 0.3004
vn -0.8256 0.5092 0.2433
vn -0.7976 0.5115 0.3197
vn 0.8191 -0.4837 -0.3083
vn 0.8838 -0.3697 -0.2868
vn 0.8791 -0.3882 -0.2765
vn 0.9194 -0.2392 -0.3122
vn 0.9189 -0.2434 -0.3104
vn -0.8286 0.5069 0.2375
vn -0.7945 0.5182 0.3166
vn 0.9479 0.0296 -0.3172
vn 0.5259 0.8361 -0.1562
vn -0.5542 0.4309 0.7121
vn -0.5405 0.4065 0.7366
vn -0.5565 0.3787 0.7395
vn -0.5693 0.3661 0.7361
vn -0.9333 -0.3199 0.1630
vn -0.9335 -0.3109 0.1787
vn -0.9325 -0.3112 0.1833
vn 0.5488 -0.4070 -0.7302
vn 0.5466 -0.4021 -0.7346
vn 0.5462 -0.4169 -0.7265
vn 0.5458 -0.4126 -0.7293
vn 0.5328 -0.4054 -0.7428
vn 0.9162 -0.2598 -0.3052
vn 0.9150 -0.2690 -0.3007
vn 0.9076 -0.2924 -0.3014
vn 0.9031 -0.2982 -0.3090
vn 0.8955 -0.3139 -0.3156
vn 0.8935 -0.3100 -0.3248
vn 0.8935 -0.3059 -0.3289
vn 0.8952 -0.3133 -0.3170
vn 0.5602 -0.4152 -0.7168
vn 0.5588 -0.4048 -0.7238
vn -0.5522 0.4289 0.7149
vn -0.5433 0.4170 0.7286
vn -0.6216 0.2221 0.7512
vn -0.5262 0.1397 0.8388
vn -0.5200 0.1347 0.8435
vn 0.6252 -0.2227 -0.7480
vn 0.5435 -0.1513 -0.8257
vn 0.6310 -0.2280 -0.7415
vn 0.8581 -0.3951 -0.3280
vn 0.8547 -0.3915 -0.3410
vn 0.8546 -0.3914 -0.3412
vn -0.6416 0.2476 0.7260
vn -0.5141 0.1540 0.8438
vn -0.5109 0.1518 0.8461
vn -0.8505 0.4102 0.3293
vn -0.8385 0.3997 0.3704
vn -0.8506 0.4103 0.3288
vn 0.6353 -0.2448 -0.7325
vn 0.4549 -0.1150 -0.8831
vn 0.6397 -0.2482 -0.7274
vn -0.2999 -0.9327 0.2006
vn -0.2950 -0.9242 0.2427
vn -0.2942 -0.9235 0.2461
vn -0.0585 -0.0477 -0.9971
vn -0.0564 -0.0853 -0.9948
vn -0.0625 -0.0627 -0.9961
vn 0.7679 -0.1251 -0.6282
vn 0.8168 0.0934 -0.5693
vn 0.7726 -0.1336 -0.6206
vn 0.0506 0.0874 0.9949
vn 0.0693 0.0559 0.9960
vn 0.0577 0.0363 0.9977
vn -0.6994 0.4512 0.5543
vn -0.6915 0.4782 0.5415
vn -0.6984 0.4513 0.5555
vn 0.7020 -0.4469 -0.5545
vn 0.7973 -0.1174 -0.5920
vn 0.7831 -0.1390 -0.6061
vn 0.8500 0.1622 -0.5012
vn 0.8419 0.1690 -0.5124
vn -0.6915 0.4796 0.5402
vn -0.6970 0.4880 0.5253
vn 0.7932 0.3420 -0.5038
vn 0.5101 0.8459 -0.1557
vn 0.0590 0.1102 0.9922
vn 0.0513 0.1021 0.9934
vn 0.0573 0.0603 0.9965
vn 0.0309 0.0711 0.9970
vn -0.2902 -0.9370 0.1945
vn -0.2701 -0.9445 0.1867
vn -0.2690 -0.9444 0.1892
vn -0.0538 -0.0519 -0.9972
vn -0.0571 -0.0999 -0.9934
vn -0.0581 -0.1119 -0.9920
vn -0.0524 -0.1151 -0.9920
vn 0.8297 0.0954 -0.5500
vn 0.8161 0.1059 -0.5681
vn 0.8230 0.0392 -0.5667
vn 0.8253 0.0242 -0.5642
vn 0.8198 -0.0151 -0.5725
vn 0.8165 -0.0153 -0.5771
vn 0.8067 -0.0796 -0.5856
vn 0.7956 -0.0808 -0.6004
vn -0.0637 -0.0919 -0.9937
vn -0.0671 -0.0843 -0.9942
vn 0.0667 0.0940 0.9933
vn 0.0637 0.1010 0.9928
vn 0.0146 -0.0571 0.9983
vn -0.0234 -0.0449 0.9987
vn 0.0196 -0.0587 0.9981
vn -0.0087 0.0583 -0.9983
vn 0.0070 0.0533 -0.9986
vn 0.0090 0.0527 -0.9986
vn 0.7405 -0.3621 -0.5661
vn 0.7951 -0.3922 -0.4626
vn 0.7958 -0.3926 -0.4611
vn -0.0251 -0.0450 0.9987
vn -0.0327 -0.0417 0.9986
vn -0.0248 -0.0452 0.9987
vn -0.7404 0.3533 0.5719
vn -0.7568 0.3626 0.5439
vn -0.7401 0.3532 0.5723
vn 0.0051 0.0548 -0.9985
vn 0.0354 0.0415 -0.9985
vn 0.0367 0.0409 -0.9985
vn -0.9423 -0.2871 0.1722
vn -0.9303 -0.2349 0.2818
vn -0.9282 -0.2310 0.2915
vn 0.3671 -0.3821 -0.8481
vn 0.3762 -0.3862 -0.8422
vn 0.3698 -0.3785 -0.8485
vn 0.9109 -0.1963 -0.3629
vn 0.9362 -0.0451 -0.3485
vn 0.9125 -0.1925 -0.3610
vn -0.3776 0.3793 0.8447
vn -0.3727 0.3817 0.8458
vn -0.3663 0.3917 0.8440
vn -0.7827 0.5357 0.3169
vn -0.7841 0.5354 0.3140
vn -0.7827 0.5357 0.3168
vn 0.7825 -0.5356 -0.3174
vn 0.8989 -0.2487 -0.3609
vn 0.8672 -0.3585 -0.3456
vn 0.9224 0.0500 -0.3831
vn 0.9272 0.0383 -0.3725
vn -0.7846 0.5352 0.3130
vn -0.7913 0.5336 0.2986
vn 0.8554 0.4254 -0.2954
vn 0.4875 0.8602 -0.1496
vn -0.3711 0.3818 0.8465
vn -0.3750 0.3814 0.8449
vn -0.3770 0.3765 0.8463
vn -0.3658 0.3814 0.8490
vn -0.9328 -0.3247 0.1564
vn -0.9203 -0.3786 0.0989
vn -0.9211 -0.3784 0.0915
vn 0.3733 -0.3851 -0.8440
vn 0.3846 -0.3911 -0.8362
vn 0.3767 -0.3901 -0.8402
vn 0.3756 -0.3903 -0.8406
vn 0.9292 0.0334 -0.3681
vn 0.9379 -0.0084 -0.3468
vn 0.9371 -0.0426 -0.3465
vn 0.9349 -0.0623 -0.3495
vn 0.9300 -0.1078 -0.3513
vn 0.9254 -0.1179 -0.3601
vn 0.9211 -0.1498 -0.3594
vn 0.9195 -0.1514 -0.3627
vn 0.3745 -0.3873 -0.8424
vn 0.3678 -0.3760 -0.8505
vn -0.3896 0.3953 0.8318
vn -0.3881 0.4191 0.8208
vn -0.3994 0.3221 0.8583
vn -0.3860 0.3090 0.8692
vn -0.3838 0.3069 0.8710
vn 0.3954 -0.3158 -0.8625
vn 0.3884 -0.3089 -0.8682
vn 0.3971 -0.3175 -0.8611
vn 0.8008 -0.5037 -0.3241
vn 0.8049 -0.5043 -0.3128
vn 0.8050 -0.5044 -0.3124
vn -0.3884 0.3229 0.8630
vn -0.3605 0.3033 0.8821
vn -0.3588 0.3021 0.8832
vn -0.7975 0.5096 0.3229
vn -0.7941 0.5079 0.3337
vn -0.7940 0.5078 0.3342
vn 0.4052 -0.3332 -0.8514
vn 0.3438 -0.2897 -0.8932
vn 0.4106 -0.3370 -0.8473
vn -0.2819 -0.9179 0.2794
vn -0.2989 -0.9023 0.3107
vn -0.2993 -0.9014 0.3128
vn 0.3341 -0.2586 -0.9064
vn 0.3244 -0.2992 -0.8974
vn 0.3321 -0.2811 -0.9004
vn 0.8637 -0.2594 -0.4321
vn 0.8804 -0.1503 -0.4497
vn 0.8676 -0.2572 -0.4256
vn -0.3355 0.2848 0.8980
vn -0.3169 0.2569 0.9130
vn -0.3074 0.2711 0.9121
vn -0.7799 0.4807 0.4009
vn -0.7844 0.5047 0.3605
vn -0.7746 0.4822 0.4093
vn 0.7795 -0.4771 -0.4059
vn 0.8356 -0.3023 -0.4587
vn 0.8242 -0.3214 -0.4663
vn 0.8919 -0.0581 -0.4485
vn 0.8993 -0.0621 -0.4329
vn -0.7854 0.5060 0.3565
vn -0.7737 0.5148 0.3694
vn 0.8691 0.2380 -0.4336
vn 0.4178 0.8947 -0.1580
vn -0.3085 0.3226 0.8948
vn -0.3223 0.3013 0.8974
vn -0.3381 0.2411 0.9097
vn -0.3452 0.2401 0.9073
vn -0.2194 -0.9439 0.2466
vn -0.1619 -0.9686 0.1887
vn -0.1618 -0.9697 0.1830
vn 0.3257 -0.2693 -0.9063
vn 0.3194 -0.3077 -0.8962
vn 0.3368 -0.3256 -0.8835
vn 0.3458 -0.3293 -0.8786
vn 0.9042 -0.0992 -0.4155
vn 0.9003 -0.1196 -0.4185
vn 0.8887 -0.1613 -0.4292
vn 0.8859 -0.1597 -0.4356
vn 0.8819 -0.2034 -0.4254
vn 0.8819 -0.2273 -0.4131
vn 0.8835 -0.2258 -0.4104
vn 0.8846 -0.2133 -0.4148
vn 0.3716 -0.3754 -0.8491
vn 0.3395 -0.3251 -0.8826
vn -0.3740 0.3204 0.8703
vn -0.2623 0.2478 0.9326
vn -0.3842 0.0966 0.9182
vn -0.4089 0.1068 0.9063
vn -0.3823 0.0958 0.9191
vn 0.3790 -0.0926 -0.9207
vn 0.4090 -0.1051 -0.9065
vn 0.4111 -0.1059 -0.9054
vn 0.8238 -0.3787 -0.4218
vn 0.8334 -0.3858 -0.3958
vn 0.8335 -0.3858 -0.3955
vn -0.3886 0.0948 0.9165
vn -0.4512 0.1269 0.8834
vn -0.3869 0.0939 0.9173
vn -0.8212 0.3708 0.4338
vn -0.8219 0.3713 0.4319
vn 0.3844 -0.0905 -0.9187
vn 0.4353 -0.1166 -0.8927
vn 0.4365 -0.1172 -0.8920
vn -0.9566 -0.2081 0.2039
vn -0.9567 -0.2044 0.2073
vn -0.9567 -0.2043 0.2075
vn 0.5398 -0.4308 -0.7232
vn 0.5531 -0.4143 -0.7228
vn 0.5470 -0.4142 -0.7275
vn 0.8983 -0.3175 -0.3039
vn 0.9236 -0.2444 -0.2954
vn 0.8989 -0.3194 -0.3000
vn -0.5363 0.4020 0.7421
vn -0.5666 0.3668 0.7379
vn -0.5413 0.4121 0.7329
vn -0.8217 0.4958 0.2810
vn -0.8124 0.5278 0.2478
vn -0.8131 0.5014 0.2958
vn 0.8658 -0.4005 -0.3000
vn 0.8063 -0.5126 -0.2951
vn 0.8904 -0.3423 -0.3000
vn 0.9388 -0.1761 -0.2962
vn 0.9410 -0.1791 -0.2872
vn -0.8039 0.5379 0.2537
vn -0.8037 0.5378 0.2547
vn 0.9446 0.1784 -0.2756
vn 0.6500 0.7407 -0.1698
vn -0.5234 0.4598 0.7174
vn -0.5393 0.4415 0.7171
vn -0.5646 0.3846 0.7302
vn -0.5985 0.3624 0.7145
vn -0.9548 -0.2189 0.2009
vn -0.9519 -0.2318 0.2002
vn -0.9518 -0.2317 0.2010
vn 0.5243 -0.4213 -0.7400
vn 0.5267 -0.4041 -0.7478
vn 0.5082 -0.4152 -0.7545
vn 0.5406 -0.4545 -0.7079
vn 0.5386 -0.4624 -0.7043
vn 0.9399 -0.1956 -0.2797
vn 0.9353 -0.2141 -0.2816
vn 0.9266 -0.2423 -0.2875
vn 0.9227 -0.2498 -0.2938
vn 0.9186 -0.2672 -0.2911
vn 0.9184 -0.2696 -0.2897
vn 0.9124 -0.2886 -0.2903
vn 0.9076 -0.2963 -0.2973
vn 0.5608 -0.4264 -0.7097
vn 0.5698 -0.4206 -0.7060
vn -0.5257 0.4357 0.7306
vn -0.5248 0.4544 0.7198
vn -0.6102 0.3076 0.7301
vn -0.5400 0.2446 0.8053
vn -0.5340 0.2394 0.8108
vn 0.6126 -0.3129 -0.7258
vn 0.5332 -0.2419 -0.8107
vn 0.6197 -0.3195 -0.7169
vn 0.8433 -0.4438 -0.3031
vn 0.8395 -0.4412 -0.3172
vn 0.8394 -0.4412 -0.3174
vn -0.6201 0.3263 0.7134
vn -0.5216 0.2571 0.8135
vn -0.5184 0.2549 0.8163
vn -0.8352 0.4613 0.2995
vn -0.8160 0.4462 0.3674
vn -0.8156 0.4459 0.3687
vn 0.6049 -0.3214 -0.7285
vn 0.5046 -0.2518 -0.8258
vn 0.6082 -0.3238 -0.7247
vn -0.4091 -0.9083 -0.0871
vn -0.3406 -0.9348 0.1009
vn -0.3349 -0.9353 0.1147
vn -0.2978 0.0024 -0.9546
vn -0.2852 0.0243 -0.9582
vn -0.2729 0.0470 -0.9609
vn 0.7484 0.0709 -0.6594
vn 0.7612 0.3576 -0.5411
vn 0.7443 0.0868 -0.6622
vn 0.2412 -0.0540 0.9690
vn 0.2845 -0.0728 0.9559
vn 0.3021 -0.0493 0.9520
vn -0.5983 0.4610 0.6554
vn -0.6781 0.4777 0.5586
vn -0.5562 0.4668 0.6876
vn 0.5859 -0.4640 -0.6645
vn 0.7787 0.0460 -0.6257
vn 0.7895 -0.0165 -0.6135
vn 0.7195 0.4215 -0.5520
vn 0.7145 0.4172 -0.5616
vn -0.6921 0.4748 0.5436
vn -0.6236 0.4812 0.6161
vn 0.7036 0.5610 -0.4361
vn 0.4407 0.8845 -0.1532
vn 0.2798 0.0015 0.9601
vn 0.2732 -0.0176 0.9618
vn 0.2384 -0.1200 0.9637
vn 0.3001 -0.0754 0.9509
vn -0.4127 -0.9060 -0.0937
vn -0.4581 -0.8675 -0.1940
vn -0.4641 -0.8612 -0.2070
vn -0.3043 0.0065 -0.9525
vn -0.3063 0.0259 -0.9516
vn -0.2782 0.0240 -0.9602
vn -0.2624 0.0178 -0.9648
vn 0.7156 0.3775 -0.5877
vn 0.7823 0.2921 -0.5502
vn 0.8420 0.1611 -0.5149
vn 0.8402 0.1533 -0.5202
vn 0.7919 0.1757 -0.5848
vn 0.7304 0.2490 -0.6361
vn 0.7308 0.2069 -0.6505
vn 0.7346 0.1952 -0.6498
vn -0.3188 -0.0142 -0.9477
vn -0.2951 0.0241 -0.9551
vn 0.3350 0.0010 0.9422
vn 0.3630 0.0206 0.9316
vn 0.2470 -0.1412 0.9587
vn 0.2298 -0.1320 0.9642
vn 0.2298 -0.1320 0.9643
vn -0.2311 0.1333 -0.9637
vn -0.2201 0.1305 -0.9667
vn -0.2179 0.1299 -0.9673
vn 0.6241 -0.3295 -0.7084
vn 0.6234 -0.3292 -0.7093
vn 0.2600 -0.1487 0.9541
vn 0.2081 -0.1231 0.9703
vn -0.6256 0.3206 0.7112
vn -0.5987 0.3069 0.7399
vn -0.6260 0.3208 0.7108
vn -0.2540 0.1493 -0.9556
vn -0.2263 0.1379 -0.9642
vn -0.2245 0.1371 -0.9648
vn -0.2788 -0.9366 0.2124
vn -0.2746 -0.9234 0.2682
vn -0.2736 -0.9222 0.2734
vn 0.0076 -0.0802 -0.9967
vn -0.0024 -0.1141 -0.9935
vn 0.0033 -0.0953 -0.9954
vn 0.8103 -0.1851 -0.5561
vn 0.8550 0.0213 -0.5182
vn 0.8106 -0.1817 -0.5567
vn 0.0144 0.1096 0.9939
vn 0.0104 0.0868 0.9962
vn 0.0095 0.0916 0.9957
vn -0.7395 0.4521 0.4986
vn -0.7431 0.4928 0.4527
vn -0.7315 0.4534 0.5092
vn 0.7181 -0.4498 -0.5311
vn 0.7931 -0.1921 -0.5781
vn 0.7831 -0.2155 -0.5834
vn 0.8311 0.0885 -0.5490
vn 0.8356 0.0788 -0.5437
vn -0.7457 0.4931 0.4480
vn -0.7233 0.5047 0.4713
vn 0.8385 0.2944 -0.4586
vn 0.5376 0.8248 -0.1749
vn 0.0279 0.1314 0.9909
vn 0.0367 0.1138 0.9928
vn 0.0032 0.0818 0.9966
vn -0.0388 0.0655 0.9971
vn -0.2692 -0.9420 0.2004
vn -0.2638 -0.9541 0.1417
vn -0.2668 -0.9546 0.1324
vn 0.0069 -0.0800 -0.9968
vn -0.0123 -0.1241 -0.9922
vn 0.0043 -0.1523 -0.9883
vn -0.0008 -0.1517 -0.9884
vn 0.8415 0.0366 -0.5391
vn 0.8455 0.0267 -0.5334
vn 0.8468 -0.0104 -0.5318
vn 0.8488 -0.0234 -0.5282
vn 0.8443 -0.0760 -0.5305
vn 0.8399 -0.0819 -0.5365
vn 0.8257 -0.1249 -0.5501
vn 0.8202 -0.1258 -0.5580
vn 0.0019 -0.1270 -0.9919
vn -0.0029 -0.1176 -0.9931
vn 0.0090 0.1079 0.9941
vn -0.0183 0.1593 0.9871
vn -0.0523 -0.0381 0.9979
vn -0.0577 -0.0362 0.9977
vn -0.0516 -0.0383 0.9979
vn 0.0647 0.0326 -0.9974
vn 0.0656 0.0323 -0.9973
vn 0.0657 0.0323 -0.9973
vn 0.7599 -0.3606 -0.5408
vn 0.7713 -0.3672 -0.5199
vn 0.7715 -0.3673 -0.5196
vn -0.0871 -0.0211 0.9960
vn -0.1506 0.0077 0.9886
vn -0.0845 -0.0223 0.9962
vn -0.7721 0.3640 0.5209
vn -0.7757 0.3662 0.5139
vn -0.7720 0.3640 0.5210
vn 0.0668 0.0319 -0.9973
vn 0.1329 0.0020 -0.9911
vn 0.1353 0.0009 -0.9908
vn -0.2909 -0.9233 0.2509
vn -0.3062 -0.9097 0.2806
vn -0.3068 -0.9089 0.2824
vn 0.4134 -0.2965 -0.8609
vn 0.4246 -0.3301 -0.8431
vn 0.4113 -0.3083 -0.8578
vn 0.8631 -0.3097 -0.3989
vn 0.8910 -0.2144 -0.4001
vn 0.8646 -0.3101 -0.3954
vn -0.4208 0.3234 0.8475
vn -0.4109 0.2962 0.8622
vn -0.4092 0.3074 0.8591
vn -0.8010 0.4837 0.3526
vn -0.7965 0.5017 0.3376
vn -0.7994 0.4843 0.3555
vn 0.7966 -0.4816 -0.3653
vn 0.8563 -0.3314 -0.3962
vn 0.8504 -0.3486 -0.3941
vn 0.9002 -0.1304 -0.4155
vn 0.8994 -0.1359 -0.4155
vn -0.7963 0.5029 0.3363
vn -0.7856 0.5087 0.3521
vn 0.9036 0.1514 -0.4007
vn 0.4452 0.8758 -0.1862
vn -0.4042 0.3507 0.8448
vn -0.4124 0.3374 0.8462
vn -0.4192 0.2964 0.8581
vn -0.4318 0.2995 0.8508
vn -0.2496 -0.9389 0.2368
vn -0.2185 -0.9447 0.2445
vn -0.2188 -0.9431 0.2504
vn 0.4224 -0.3013 -0.8549
vn 0.4304 -0.3437 -0.8346
vn 0.4077 -0.3517 -0.8426
vn 0.4159 -0.3564 -0.8367
vn 0.8942 -0.1702 -0.4140
vn 0.8930 -0.1758 -0.4142
vn 0.8882 -0.2054 -0.4109
vn 0.8867 -0.2112 -0.4112
vn 0.8822 -0.2302 -0.4107
vn 0.8830 -0.2364 -0.4056
vn 0.8794 -0.2652 -0.3953
vn 0.8780 -0.2729 -0.3932
vn 0.4194 -0.3436 -0.8403
vn 0.4130 -0.3340 -0.8473
vn -0.4147 0.3407 0.8438
vn -0.4000 0.3222 0.8580
vn -0.4666 0.1113 0.8774
vn -0.4926 0.1230 0.8616
vn -0.4648 0.1106 0.8785
vn 0.4692 -0.1115 -0.8760
vn 0.4984 -0.1247 -0.8579
vn 0.5002 -0.1255 -0.8567
vn 0.8422 -0.3741 -0.3881
vn 0.8497 -0.3807 -0.3647
vn 0.8498 -0.3808 -0.3645
vn -0.4825 0.1165 0.8681
vn -0.5215 0.1379 0.8420
vn -0.4815 0.1160 0.8687
vn -0.8462 0.3742 0.3793
vn -0.8520 0.3796 0.3605
vn -0.8461 0.3741 0.3795
vn 0.4852 -0.1163 -0.8667
vn 0.5120 -0.1310 -0.8489
vn 0.5126 -0.1313 -0.8485
vn -0.4725 -0.8763 0.0945
vn -0.4439 -0.8666 0.2279
vn -0.4410 -0.8662 0.2349
vn -0.2456 -0.0076 -0.9694
vn -0.2039 0.0106 -0.9789
vn -0.2539 -0.0115 -0.9672
vn 0.7127 0.0515 -0.6996
vn 0.7471 0.3147 -0.5856
vn 0.7341 0.0270 -0.6785
vn 0.2085 -0.0061 0.9780
vn 0.2069 -0.0718 0.9757
vn 0.2172 -0.0474 0.9750
vn -0.6060 0.4609 0.6483
vn -0.6996 0.4823 0.5271
vn -0.5569 0.4669 0.6869
vn 0.6138 -0.4587 -0.6425
vn 0.8249 0.0279 -0.5646
vn 0.8411 0.0228 -0.5403
vn 0.8158 0.3450 -0.4642
vn 0.7865 0.3701 -0.4944
vn -0.7140 0.4801 0.5095
vn -0.6419 0.4891 0.5905
vn 0.6945 0.5248 -0.4922
vn 0.4209 0.8912 -0.1691
vn 0.2350 0.0291 0.9716
vn 0.2287 0.0087 0.9735
vn 0.2089 -0.0621 0.9760
vn 0.1979 -0.0578 0.9785
vn -0.4399 -0.8964 0.0543
vn -0.3881 -0.9209 -0.0353
vn -0.3885 -0.9207 -0.0362
vn -0.2030 0.0475 -0.9780
vn -0.2271 -0.0161 -0.9737
vn -0.2265 -0.0247 -0.9737
vn -0.2274 -0.0254 -0.9735
vn 0.7473 0.3196 -0.5826
vn 0.7579 0.2967 -0.5810
vn 0.8193 0.1678 -0.5482
vn 0.8193 0.1599 -0.5506
vn 0.7727 0.1712 -0.6113
vn 0.7504 0.1889 -0.6334
vn 0.7838 0.0760 -0.6164
vn 0.7816 0.0718 -0.6197
vn -0.2929 -0.0389 -0.9553
vn -0.2675 0.0398 -0.9627
vn 0.3034 0.0561 0.9512
vn 0.2470 0.0991 0.9639
vn 0.1765 -0.1111 0.9780
vn 0.1780 -0.1118 0.9777
vn 0.1910 -0.1155 0.9748
vn -0.1689 0.1031 -0.9802
vn -0.1786 0.1058 -0.9782
vn -0.1804 0.1063 -0.9778
vn 0.6215 -0.3238 -0.7134
vn 0.6193 -0.3227 -0.7158
vn 0.6192 -0.3227 -0.7158
vn 0.1752 -0.1110 0.9783
vn 0.1776 -0.1115 0.9778
vn -0.6237 0.3203 0.7131
vn -0.6435 0.3303 0.6905
vn -0.6234 0.3201 0.7134
vn -0.2315 0.1343 -0.9635
vn -0.1558 0.1023 -0.9825
vn -0.1512 0.1003 -0.9834
vn -0.7856 -0.5528 0.2780
vn -0.8195 -0.4677 0.3311
vn -0.8187 -0.4650 0.3370
vn 0.3308 -0.3577 -0.8733
vn 0.3305 -0.3531 -0.8752
vn 0.3347 -0.3464 -0.8763
vn 0.9040 -0.2127 -0.3709
vn 0.9306 -0.0409 -0.3639
vn 0.9050 -0.2068 -0.3717
vn -0.3230 0.3360 0.8847
vn -0.3521 0.3748 0.8576
vn -0.3680 0.3450 0.8634
vn -0.7787 0.5309 0.3344
vn -0.7756 0.5351 0.3350
vn -0.7811 0.5294 0.3311
vn 0.7820 -0.5356 -0.3189
vn 0.8971 -0.2485 -0.3653
vn 0.8732 -0.3318 -0.3570
vn 0.9261 0.0498 -0.3740
vn 0.9285 0.0323 -0.3700
vn -0.7754 0.5357 0.3344
vn -0.7924 0.5321 0.2983
vn 0.8587 0.4114 -0.3055
vn 0.4748 0.8705 -0.1297
vn -0.2981 0.3277 0.8965
vn -0.2730 0.3251 0.9054
vn -0.3237 0.3607 0.8747
vn -0.2651 0.3308 0.9057
vn -0.6419 -0.7287 0.2388
vn -0.3393 -0.9300 0.1414
vn -0.3398 -0.9301 0.1397
vn 0.3327 -0.3427 -0.8785
vn 0.3141 -0.3529 -0.8813
vn 0.3315 -0.3627 -0.8709
vn 0.3378 -0.3642 -0.8679
vn 0.9299 -0.0108 -0.3677
vn 0.9322 -0.0299 -0.3606
vn 0.9312 -0.0608 -0.3593
vn 0.9303 -0.0759 -0.3589
vn 0.9259 -0.1156 -0.3595
vn 0.9214 -0.1240 -0.3682
vn 0.9154 -0.1601 -0.3694
vn 0.9127 -0.1640 -0.3743
vn 0.3389 -0.3642 -0.8675
vn 0.3382 -0.3668 -0.8667
vn -0.3853 0.3629 0.8484
vn -0.3938 0.3927 0.8311
vn -0.3662 0.3248 0.8720
vn -0.3502 0.3076 0.8847
vn -0.3462 0.3034 0.8877
vn 0.3643 -0.3048 -0.8800
vn 0.3710 -0.3121 -0.8746
vn 0.3620 -0.3024 -0.8818
vn 0.7967 -0.5099 -0.3244
vn 0.8029 -0.5105 -0.3078
vn 0.8031 -0.5105 -0.3072
vn -0.2904 0.2863 0.9131
vn -0.3589 0.3114 0.8799
vn -0.2843 0.2841 0.9157
vn -0.7925 0.5094 0.3353
vn -0.7933 0.5095 0.3332
vn -0.7925 0.5094 0.3354
vn 0.3280 -0.2848 -0.9007
vn 0.2814 -0.2674 -0.9216
vn 0.2774 -0.2658 -0.9232
vn -0.9668 -0.0654 0.2470
vn -0.9702 -0.0495 0.2370
vn -0.9705 -0.0494 0.2359
vn 0.5409 -0.3508 -0.7645
vn 0.5333 -0.3793 -0.7561
vn 0.5342 -0.3642 -0.7629
vn 0.8634 -0.3610 -0.3524
vn 0.8973 -0.2921 -0.3310
vn 0.8632 -0.3630 -0.3509
vn -0.5371 0.3664 0.7598
vn -0.5523 0.3264 0.7671
vn -0.5486 0.3502 0.7592
vn -0.8223 0.4827 0.3014
vn -0.8179 0.5067 0.2728
vn -0.8192 0.4838 0.3079
vn 0.8031 -0.4781 -0.3557
vn 0.8768 -0.3675 -0.3102
vn 0.8735 -0.3829 -0.3005
vn 0.9160 -0.2411 -0.3206
vn 0.9147 -0.2426 -0.3232
vn -0.8184 0.5071 0.2704
vn -0.8013 0.5169 0.3011
vn 0.9400 0.0609 -0.3357
vn 0.5206 0.8382 -0.1627
vn -0.5177 0.4084 0.7518
vn -0.5059 0.3792 0.7748
vn -0.5377 0.3321 0.7750
vn -0.5419 0.3347 0.7710
vn -0.9664 -0.0868 0.2420
vn -0.9596 -0.1534 0.2360
vn -0.9589 -0.1538 0.2385
vn 0.5434 -0.3451 -0.7652
vn 0.5181 -0.3899 -0.7613
vn 0.5229 -0.4071 -0.7489
vn 0.5094 -0.4013 -0.7612
vn 0.9082 -0.2628 -0.3258
vn 0.9057 -0.2646 -0.3311
vn 0.8944 -0.2965 -0.3348
vn 0.8895 -0.3029 -0.3420
vn 0.8807 -0.3241 -0.3454
vn 0.8799 -0.3224 -0.3492
vn 0.8729 -0.3423 -0.3478
vn 0.8692 -0.3482 -0.3511
vn 0.5431 -0.3900 -0.7436
vn 0.5406 -0.3785 -0.7513
vn -0.5339 0.3917 0.7493
vn -0.5628 0.4299 0.7060
vn -0.6009 0.1783 0.7792
vn -0.4146 0.0286 0.9096
vn -0.4058 0.0220 0.9137
vn 0.6123 -0.1868 -0.7683
vn 0.4271 -0.0363 -0.9035
vn 0.6234 -0.1968 -0.7567
vn 0.8510 -0.3564 -0.3856
vn 0.8519 -0.3574 -0.3828
vn -0.6098 0.1970 0.7677
vn -0.4558 0.0871 0.8858
vn -0.4528 0.0851 0.8876
vn -0.8603 0.3999 0.3161
vn -0.8550 0.3944 0.3367
vn -0.8604 0.3999 0.3158
vn 0.6167 -0.2024 -0.7607
vn 0.4705 -0.0971 -0.8770
vn 0.6203 -0.2051 -0.7571
vn -0.8162 -0.5447 0.1927
vn -0.8179 -0.4873 0.3059
vn -0.8175 -0.4811 0.3166
vn 0.4350 -0.4143 -0.7995
vn 0.4506 -0.4226 -0.7864
vn 0.4366 -0.4151 -0.7982
vn 0.9270 -0.1983 -0.3185
vn 0.9419 -0.0721 -0.3282
vn 0.9284 -0.1802 -0.3249
vn -0.4356 0.4197 0.7963
vn -0.4254 0.4098 0.8069
vn -0.4335 0.3987 0.8082
vn -0.7852 0.5376 0.3074
vn -0.7863 0.5361 0.3072
vn 0.7870 -0.5361 -0.3052
vn 0.9119 -0.2232 -0.3445
vn 0.8780 -0.3410 -0.3359
vn 0.9352 0.0526 -0.3502
vn 0.9506 -0.0011 -0.3103
vn -0.7851 0.5376 0.3076
vn -0.7841 0.5376 0.3102
vn -0.7840 0.5375 0.3107
vn 0.8660 0.4101 -0.2860
vn 0.5226 0.8388 -0.1525
vn -0.4413 0.4258 0.7899
vn -0.4433 0.4255 0.7889
vn -0.4322 0.4131 0.8016
vn -0.4483 0.4204 0.7888
vn -0.8257 -0.5328 0.1854
vn -0.8372 -0.5261 0.1494
vn -0.8389 -0.5263 0.1385
vn 0.4287 -0.4159 -0.8020
vn 0.4300 -0.4159 -0.8013
vn 0.4305 -0.4177 -0.8001
vn 0.4272 -0.4159 -0.8028
vn 0.9527 -0.0167 -0.3036
vn 0.9479 -0.0055 -0.3185
vn 0.9466 -0.0431 -0.3195
vn 0.9299 -0.0004 -0.3678
vn 0.9274 -0.0692 -0.3677
vn 0.9288 -0.1268 -0.3482
vn 0.9270 -0.1474 -0.3449
vn 0.9313 -0.1602 -0.3272
vn 0.4683 -0.3773 -0.7990
vn 0.4706 -0.3781 -0.7972
vn -0.4200 0.3798 0.8243
vn -0.4169 0.3999 0.8162
vn -0.4668 0.3295 0.8207
vn -0.4322 0.3121 0.8460
vn -0.4463 0.3118 0.8388
vn 0.4792 -0.3354 -0.8111
vn 0.4663 -0.3242 -0.8231
vn 0.4812 -0.3372 -0.8092
vn 0.8114 -0.4926 -0.3146
vn 0.8018 -0.4900 -0.3419
vn 0.8016 -0.4900 -0.3426
vn -0.4731 0.3420 0.8120
vn -0.4181 0.3048 0.8558
vn -0.8077 0.4999 0.3125
vn -0.8173 0.5017 0.2835
vn -0.8074 0.4999 0.3134
vn 0.4682 -0.3371 -0.8168
vn 0.4150 -0.3021 -0.8582
vn 0.4711 -0.3390 -0.8143
vn -0.7648 -0.5926 0.2529
vn -0.7730 -0.5737 0.2708
vn -0.7731 -0.5728 0.2723
vn 0.4593 -0.4254 -0.7798
vn 0.4649 -0.4195 -0.7796
vn 0.4525 -0.4223 -0.7854
vn 0.9224 -0.2095 -0.3245
vn 0.9415 -0.0875 -0.3255
vn 0.9235 -0.1966 -0.3293
vn -0.4602 0.4293 0.7771
vn -0.4664 0.4320 0.7719
vn -0.4621 0.4267 0.7774
vn -0.7965 0.5303 0.2904
vn -0.7975 0.5368 0.2754
vn -0.7892 0.5363 0.2992
vn 0.8815 -0.3678 -0.2962
vn 0.7976 -0.5369 -0.2748
vn 0.9195 -0.2419 -0.3098
vn 0.9450 0.0124 -0.3268
vn 0.9460 -0.0159 -0.3236
vn -0.7966 0.5402 0.2714
vn -0.7967 0.5403 0.2710
vn 0.8652 0.4197 -0.2742
vn 0.5346 0.8358 -0.1251
vn -0.4585 0.4339 0.7755
vn -0.4617 0.4212 0.7806
vn -0.4664 0.4251 0.7757
vn -0.4767 0.4140 0.7755
vn -0.7333 -0.6375 0.2363
vn -0.7044 -0.6806 0.2016
vn -0.7050 -0.6819 0.1949
vn 0.4643 -0.4301 -0.7743
vn 0.4769 -0.4333 -0.7648
vn 0.4730 -0.4404 -0.7631
vn 0.4675 -0.4406 -0.7663
vn 0.4731 -0.4435 -0.7612
vn 0.9455 -0.0291 -0.3242
vn 0.9508 -0.0320 -0.3080
vn 0.9498 -0.0485 -0.3092
vn 0.9438 -0.0738 -0.3223
vn 0.9371 -0.1283 -0.3246
vn 0.9304 -0.1336 -0.3414
vn 0.9263 -0.1608 -0.3406
vn 0.9274 -0.1705 -0.3330
vn 0.4653 -0.4096 -0.7847
vn 0.4700 -0.4144 -0.7793
vn -0.4664 0.4369 0.7691
vn -0.4587 0.4664 0.7564
vn -0.5095 0.3436 0.7889
vn -0.4868 0.3317 0.8081
vn -0.4855 0.3226 0.8125
vn 0.5020 -0.3397 -0.7954
vn 0.4814 -0.3296 -0.8122
vn 0.5117 -0.3484 -0.7854
vn 0.8230 -0.4925 -0.2831
vn 0.8154 -0.4906 -0.3074
vn 0.8152 -0.4905 -0.3081
vn -0.5167 0.3510 0.7809
vn -0.4828 0.3307 0.8109
vn -0.8129 0.4956 0.3061
vn -0.8105 0.4950 0.3132
vn -0.8129 0.4956 0.3059
vn 0.4723 -0.3247 -0.8195
vn 0.5220 -0.3573 -0.7745
vn -0.9035 -0.1898 0.3842
vn -0.8885 -0.2384 0.3921
vn -0.8879 -0.2382 0.3937
vn 0.5359 -0.3332 -0.7757
vn 0.5289 -0.3719 -0.7628
vn 0.5249 -0.3525 -0.7747
vn 0.8496 -0.3609 -0.3846
vn 0.8858 -0.2981 -0.3556
vn 0.8508 -0.3643 -0.3788
vn -0.5426 0.3748 0.7517
vn -0.5315 0.3374 0.7769
vn -0.5264 0.3503 0.7747
vn -0.8269 0.4760 0.2995
vn -0.7880 0.5016 0.3569
vn -0.8320 0.4743 0.2879
vn 0.8170 -0.4791 -0.3210
vn 0.8635 -0.3752 -0.3371
vn 0.8572 -0.3902 -0.3362
vn 0.9066 -0.2440 -0.3444
vn 0.9059 -0.2476 -0.3436
vn -0.7846 0.5032 0.3622
vn -0.7976 0.5081 0.3252
vn 0.9320 0.0526 -0.3587
vn 0.5202 0.8360 -0.1748
vn -0.5071 0.3988 0.7641
vn -0.5395 0.3921 0.7451
vn -0.5333 0.3429 0.7733
vn -0.5261 0.3586 0.7711
vn -0.9076 -0.1760 0.3811
vn -0.9295 -0.0705 0.3620
vn -0.9316 -0.0690 0.3570
vn 0.5458 -0.3307 -0.7699
vn 0.5255 -0.3833 -0.7596
vn 0.4997 -0.3961 -0.7703
vn 0.5106 -0.4015 -0.7603
vn 0.9002 -0.2704 -0.3414
vn 0.8993 -0.2774 -0.3381
vn 0.8952 -0.2968 -0.3323
vn 0.8940 -0.2996 -0.3331
vn 0.8871 -0.3153 -0.3371
vn 0.8838 -0.3136 -0.3471
vn 0.8705 -0.3420 -0.3540
vn 0.8646 -0.3416 -0.3685
vn 0.5032 -0.3724 -0.7799
vn 0.5162 -0.3933 -0.7608
vn -0.5278 0.3984 0.7501
vn -0.5313 0.4055 0.7439
vn -0.6037 0.1408 0.7846
vn -0.4573 0.0244 0.8890
vn -0.4509 0.0196 0.8924
vn 0.6083 -0.1445 -0.7804
vn 0.4523 -0.0203 -0.8916
vn 0.6169 -0.1519 -0.7722
vn 0.8703 -0.3576 -0.3387
vn 0.8736 -0.3622 -0.3250
vn 0.8736 -0.3622 -0.3249
vn -0.6096 0.1587 0.7766
vn -0.3761 -0.0030 0.9266
vn -0.3724 -0.0054 0.9281
vn -0.8719 0.3869 0.3003
vn -0.8646 0.3778 0.3311
vn -0.8719 0.3870 0.3000
vn 0.6205 -0.1673 -0.7661
vn 0.3834 -0.0018 -0.9236
vn 0.6254 -0.1710 -0.7613
vn -0.8432 -0.5044 0.1863
vn -0.8493 -0.4683 0.2437
vn -0.8493 -0.4653 0.2495
vn 0.4821 -0.4328 -0.7618
vn 0.4786 -0.4195 -0.7714
vn 0.4797 -0.4129 -0.7742
vn 0.9204 -0.2222 -0.3216
vn 0.9419 -0.1086 -0.3179
vn 0.9213 -0.2259 -0.3166
vn -0.4882 0.4195 0.7653
vn -0.4903 0.4298 0.7582
vn -0.4988 0.3962 0.7709
vn -0.7921 0.5336 0.2964
vn -0.7927 0.5334 0.2951
vn -0.7925 0.5366 0.2900
vn 0.8844 -0.3680 -0.2872
vn 0.8066 -0.5223 -0.2766
vn 0.9223 -0.2521 -0.2930
vn 0.9527 -0.0213 -0.3030
vn 0.9544 -0.0292 -0.2972
vn -0.7927 0.5325 0.2969
vn -0.7974 0.5391 0.2709
vn -0.7984 0.5399 0.2666
vn 0.8789 0.3942 -0.2684
vn 0.5719 0.8087 -0.1378
vn -0.4777 0.4352 0.7632
vn -0.4911 0.4433 0.7499
vn -0.4924 0.4424 0.7496
vn -0.4986 0.4429 0.7451
vn -0.8213 -0.5413 0.1799
vn -0.7957 -0.5802 0.1740
vn -0.7954 -0.5796 0.1771
vn 0.4886 -0.4359 -0.7559
vn 0.5038 -0.4360 -0.7457
vn 0.4930 -0.4436 -0.7485
vn 0.4855 -0.4476 -0.7509
vn 0.4903 -0.4497 -0.7466
vn 0.9542 -0.0384 -0.2968
vn 0.9540 -0.0587 -0.2940
vn 0.9506 -0.0964 -0.2950
vn 0.9442 -0.1107 -0.3101
vn 0.9389 -0.1466 -0.3113
vn 0.9367 -0.1544 -0.3142
vn 0.9318 -0.1829 -0.3135
vn 0.9273 -0.2023 -0.3148
vn 0.4792 -0.4550 -0.7506
vn 0.4798 -0.4225 -0.7689
vn -0.4854 0.4545 0.7469
vn -0.4810 0.4498 0.7525
vn -0.5227 0.3449 0.7796
vn -0.4723 0.3006 0.8286
vn -0.4660 0.2951 0.8341
vn 0.5247 -0.3403 -0.7803
vn 0.5032 -0.3211 -0.8023
vn 0.5276 -0.3429 -0.7772
vn 0.8261 -0.4850 -0.2870
vn 0.8086 -0.4794 -0.3410
vn 0.8082 -0.4792 -0.3424
vn -0.5524 0.3618 0.7510
vn -0.5606 0.3673 0.7422
vn -0.5610 0.3675 0.7418
vn -0.8192 0.4920 0.2948
vn -0.8247 0.4933 0.2766
vn -0.8190 0.4920 0.2953
vn 0.5560 -0.3617 -0.7484
vn 0.5300 -0.3444 -0.7749
vn 0.5573 -0.3626 -0.7470
vn 0.0400 -0.8664 0.4978
vn 0.3247 -0.9427 0.0772
vn 0.3341 -0.9406 0.0603
vn 0.4800 -0.3157 -0.8185
vn 0.4813 -0.3499 -0.8037
vn 0.4736 -0.3253 -0.8184
vn 0.8564 -0.3411 -0.3877
vn 0.8889 -0.2676 -0.3717
vn 0.8571 -0.3437 -0.3837
vn -0.4855 0.3480 0.8020
vn -0.4880 0.3212 0.8116
vn -0.4838 0.3414 0.8058
vn -0.8136 0.4757 0.3343
vn -0.7942 0.5005 0.3446
vn -0.8152 0.4753 0.3310
vn 0.8108 -0.4811 -0.3333
vn 0.8638 -0.3619 -0.3505
vn 0.8606 -0.3769 -0.3424
vn 0.8968 -0.1828 -0.4029
vn 0.8984 -0.1905 -0.3957
vn -0.7925 0.5025 0.3455
vn -0.7969 0.5085 0.3261
vn 0.9245 0.0687 -0.3751
vn 0.5100 0.8423 -0.1742
vn -0.4688 0.3730 0.8007
vn -0.4696 0.3593 0.8065
vn -0.4852 0.3236 0.8124
vn -0.4855 0.3238 0.8121
vn 0.0676 -0.8698 0.4888
vn 0.0535 -0.8519 0.5210
vn 0.0522 -0.8502 0.5239
vn 0.4911 -0.3099 -0.8142
vn 0.4787 -0.3618 -0.8000
vn 0.4759 -0.3810 -0.7927
vn 0.4805 -0.3830 -0.7889
vn 0.8994 -0.2222 -0.3765
vn 0.8997 -0.2377 -0.3661
vn 0.8919 -0.2644 -0.3670
vn 0.8903 -0.2690 -0.3675
vn 0.8844 -0.2935 -0.3628
vn 0.8825 -0.2966 -0.3650
vn 0.8718 -0.3231 -0.3682
vn 0.8674 -0.3234 -0.3782
vn 0.4806 -0.3771 -0.7917
vn 0.4880 -0.3849 -0.7834
vn -0.5055 0.3898 0.7698
vn -0.5255 0.4123 0.7442
vn -0.5552 0.1229 0.8226
vn -0.6277 0.1693 0.7598
vn -0.5456 0.1281 0.8282
vn 0.5527 -0.1303 -0.8231
vn 0.6354 -0.1720 -0.7528
vn 0.6390 -0.1739 -0.7493
vn 0.8570 -0.3702 -0.3586
vn 0.8651 -0.3790 -0.3286
vn 0.8652 -0.3790 -0.3283
vn -0.5543 0.1190 0.8237
vn -0.6329 0.1737 0.7545
vn -0.8629 0.3644 0.3501
vn -0.8842 0.3926 0.2529
vn -0.8626 0.3640 0.3512
vn 0.5602 -0.1201 -0.8196
vn 0.6745 -0.1920 -0.7128
vn 0.6761 -0.1930 -0.7111
vn -0.9559 -0.2287 0.1845
vn -0.9536 -0.2209 0.2045
vn -0.9534 -0.2204 0.2063
vn 0.5530 -0.3976 -0.7322
vn 0.5558 -0.3942 -0.7320
vn 0.5612 -0.3730 -0.7389
vn 0.8894 -0.3350 -0.3110
vn 0.9100 -0.2707 -0.3141
vn 0.8911 -0.3355 -0.3056
vn -0.5554 0.4014 0.7283
vn -0.5499 0.3979 0.7343
vn -0.5577 0.3901 0.7326
vn -0.8004 0.5198 0.2986
vn -0.8102 0.5107 0.2878
vn -0.8104 0.5122 0.2844
vn 0.8204 -0.4974 -0.2820
vn 0.8819 -0.3629 -0.3008
vn 0.8628 -0.4069 -0.3000
vn 0.9271 -0.2132 -0.3084
vn 0.9287 -0.2152 -0.3019
vn -0.7999 0.5193 0.3009
vn -0.7942 0.5222 0.3109
vn -0.7938 0.5219 0.3121
vn 0.9464 0.1073 -0.3048
vn 0.6238 0.7651 -0.1595
vn -0.5333 0.4332 0.7266
vn -0.5253 0.4264 0.7364
vn -0.5394 0.4099 0.7355
vn -0.5346 0.4019 0.7434
vn -0.9559 -0.2320 0.1803
vn -0.9587 -0.2370 0.1575
vn -0.9594 -0.2371 0.1527
vn 0.5388 -0.4122 -0.7347
vn 0.5454 -0.4007 -0.7362
vn 0.5239 -0.4196 -0.7413
vn 0.5262 -0.4280 -0.7348
vn 0.5158 -0.4230 -0.7450
vn 0.9285 -0.2267 -0.2941
vn 0.9261 -0.2399 -0.2910
vn 0.9191 -0.2627 -0.2938
vn 0.9157 -0.2715 -0.2962
vn 0.9118 -0.2858 -0.2947
vn 0.9118 -0.2875 -0.2933
vn 0.9067 -0.3037 -0.2928
vn 0.9027 -0.3100 -0.2984
vn 0.5490 -0.4275 -0.7182
vn 0.5544 -0.4237 -0.7163
vn -0.5645 0.4216 0.7096
vn -0.5654 0.4401 0.6976
vn -0.6227 0.2851 0.7287
vn -0.5336 0.2059 0.8203
vn -0.5267 0.2000 0.8262
vn 0.6162 -0.2821 -0.7353
vn 0.5313 -0.2070 -0.8215
vn 0.6230 -0.2884 -0.7271
vn 0.8555 -0.4335 -0.2832
vn 0.8460 -0.4257 -0.3210
vn 0.8458 -0.4256 -0.3216
vn -0.6103 0.2888 0.7376
vn -0.5121 0.2192 0.8305
vn -0.5093 0.2173 0.8327
vn -0.8466 0.4478 0.2877
vn -0.8446 0.4466 0.2953
vn -0.8466 0.4479 0.2876
vn 0.6229 -0.2966 -0.7239
vn 0.5420 -0.2384 -0.8058
vn 0.6254 -0.2984 -0.7210
vn -0.3530 -0.9015 0.2503
vn -0.3490 -0.8868 0.3029
vn -0.3486 -0.8854 0.3076
vn 0.1266 -0.1338 -0.9829
vn 0.1018 -0.1653 -0.9810
vn 0.1204 -0.1353 -0.9835
vn 0.8514 -0.2223 -0.4751
vn 0.8733 -0.0406 -0.4854
vn 0.8482 -0.2063 -0.4878
vn -0.1051 0.1632 0.9810
vn -0.1111 0.1651 0.9800
vn -0.1036 0.1558 0.9823
vn -0.7431 0.4530 0.4925
vn -0.6785 0.4897 0.5476
vn -0.7548 0.4511 0.4761
vn 0.7431 -0.4568 -0.4891
vn 0.8018 -0.2563 -0.5399
vn 0.7836 -0.2905 -0.5492
vn 0.8644 -0.0243 -0.5022
vn 0.8713 -0.0289 -0.4899
vn -0.6728 0.4917 0.5528
vn -0.7294 0.5058 0.4607
vn 0.8537 0.2732 -0.4434
vn 0.4955 0.8464 -0.1952
vn -0.1178 0.1822 0.9762
vn -0.1103 0.2177 0.9698
vn -0.1179 0.2098 0.9706
vn -0.1283 0.1807 0.9751
vn -0.3566 -0.9009 0.2474
vn -0.3689 -0.9050 0.2118
vn -0.3710 -0.9058 0.2046
vn 0.1035 -0.1602 -0.9816
vn 0.1410 -0.1384 -0.9803
vn 0.1038 -0.2041 -0.9734
vn 0.1052 -0.2282 -0.9679
vn 0.1093 -0.2298 -0.9671
vn 0.8799 -0.0480 -0.4727
vn 0.8797 -0.0567 -0.4722
vn 0.8714 -0.0899 -0.4823
vn 0.8673 -0.0928 -0.4891
vn 0.8588 -0.1456 -0.4912
vn 0.8512 -0.1481 -0.5034
vn 0.8395 -0.1519 -0.5217
vn 0.8415 -0.1534 -0.5180
vn 0.0862 -0.2022 -0.9755
vn 0.0834 -0.1914 -0.9780
vn -0.1141 0.2051 0.9721
vn -0.1452 0.2559 0.9557
vn -0.1902 0.0136 0.9817
vn -0.1908 0.0138 0.9815
vn -0.1901 0.0135 0.9817
vn 0.1925 -0.0140 -0.9812
vn 0.1844 -0.0110 -0.9828
vn 0.1837 -0.0107 -0.9829
vn 0.7910 -0.3663 -0.4900
vn 0.7987 -0.3712 -0.4736
vn 0.7988 -0.3713 -0.4734
vn -0.2141 0.0263 0.9764
vn -0.2200 0.0291 0.9751
vn -0.2139 0.0262 0.9765
vn -0.7926 0.3678 0.4863
vn -0.7971 0.3707 0.4766
vn -0.7926 0.3678 0.4864
vn 0.2071 -0.0232 -0.9780
vn 0.2332 -0.0356 -0.9718
vn 0.2340 -0.0359 -0.9716
vn -0.2446 -0.9362 0.2525
vn -0.2700 -0.9022 0.3363
vn -0.2717 -0.8996 0.3420
vn 0.3679 -0.2899 -0.8835
vn 0.3628 -0.3115 -0.8782
vn 0.3663 -0.2969 -0.8819
vn 0.8705 -0.2950 -0.3940
vn 0.8936 -0.1791 -0.4116
vn 0.8714 -0.3040 -0.3851
vn -0.3863 0.3112 0.8683
vn -0.3628 0.2842 0.8875
vn -0.3642 0.2820 0.8876
vn -0.7867 0.4746 0.3947
vn -0.7672 0.4991 0.4029
vn -0.7888 0.4741 0.3912
vn 0.7825 -0.4851 -0.3904
vn 0.8521 -0.3097 -0.4220
vn 0.8438 -0.3295 -0.4235
vn 0.9031 -0.0944 -0.4188
vn 0.9019 -0.0999 -0.4203
vn -0.7652 0.5014 0.4037
vn -0.7716 0.5074 0.3835
vn 0.8953 0.1809 -0.4071
vn 0.4230 0.8874 -0.1833
vn -0.3645 0.3386 0.8675
vn -0.3859 0.3288 0.8619
vn -0.3790 0.2836 0.8809
vn -0.3926 0.2945 0.8712
vn -0.2586 -0.9322 0.2533
vn -0.2665 -0.9382 0.2209
vn -0.2667 -0.9398 0.2136
vn 0.3759 -0.2828 -0.8825
vn 0.3539 -0.3148 -0.8807
vn 0.3486 -0.3286 -0.8778
vn 0.3584 -0.3332 -0.8721
vn 0.8947 -0.1419 -0.4235
vn 0.8919 -0.1439 -0.4287
vn 0.8867 -0.1847 -0.4238
vn 0.8832 -0.1922 -0.4279
vn 0.8834 -0.1680 -0.4374
vn 0.8899 -0.1729 -0.4221
vn 0.8906 -0.2321 -0.3911
vn 0.8873 -0.2701 -0.3739
vn 0.3483 -0.2881 -0.8920
vn 0.3715 -0.3198 -0.8716
vn -0.3769 0.3435 0.8602
vn -0.2644 0.1941 0.9447
vn -0.4244 0.1020 0.8997
vn -0.4593 0.1170 0.8806
vn -0.4219 0.1010 0.9010
vn 0.4287 -0.1038 -0.8975
vn 0.4648 -0.1194 -0.8773
vn 0.4671 -0.1204 -0.8760
vn 0.8292 -0.3723 -0.4169
vn 0.8379 -0.3792 -0.3925
vn 0.8380 -0.3793 -0.3922
vn -0.4458 0.1087 0.8885
vn -0.4665 0.1197 0.8764
vn -0.4453 0.1084 0.8888
vn -0.8322 0.3701 0.4129
vn -0.8514 0.3864 0.3546
vn -0.8319 0.3699 0.4136
vn 0.4390 -0.1037 -0.8925
vn 0.4929 -0.1323 -0.8599
vn 0.4942 -0.1330 -0.8591
vn 0.2661 0.9250 0.2713
vn 0.3502 0.9241 0.1531
vn 0.3768 0.9177 0.1263
vn 0.1796 0.9101 0.3734
vn 0.2353 0.9233 0.3035
vn 0.0222 0.8445 0.5350
vn 0.1047 0.8977 0.4281
vn -0.0681 0.7885 0.6113
vn 0.0258 0.8580 0.5129
vn -0.2341 0.6469 0.7257
vn -0.0918 0.7943 0.6005
vn -0.3295 0.5385 0.7755
vn -0.2535 0.6428 0.7229
vn -0.3585 0.5009 0.7877
vn -0.3453 0.5378 0.7691
vn -0.4942 0.2879 0.8203
vn -0.4252 0.4250 0.7991
vn -0.5619 0.1733 0.8089
vn -0.4975 0.3023 0.8131
vn -0.5916 0.0744 0.8028
vn -0.6158 0.0393 0.7869
vn -0.6109 0.0203 0.7915
vn -0.6795 -0.2177 0.7007
vn -0.6505 -0.1398 0.7465
vn -0.6907 -0.3571 0.6288
vn -0.6801 -0.3586 0.6394
vn -0.6869 -0.4595 0.5631
vn -0.6680 -0.5768 0.4703
vn -0.6665 -0.5964 0.4474
vn -0.6549 -0.6315 0.4151
vn -0.6174 -0.7261 0.3027
vn -0.6061 -0.7445 0.2800
vn -0.5382 -0.8314 0.1379
vn -0.5346 -0.8350 0.1307
vn -0.4490 -0.8935 -0.0110
vn -0.4476 -0.8940 -0.0202
vn -0.3523 -0.9239 -0.1493
vn -0.3493 -0.9223 -0.1651
vn -0.2290 -0.9252 -0.3027
vn -0.2169 -0.9182 -0.3316
vn -0.1128 -0.8969 -0.4277
vn -0.1345 -0.8971 -0.4209
vn 0.0027 -0.8428 -0.5382
vn 0.0048 -0.8323 -0.5542
vn 0.1519 -0.7388 -0.6566
vn 0.1521 -0.7257 -0.6710
vn 0.1708 -0.7261 -0.6661
vn 0.2087 -0.6689 -0.7134
vn 0.2621 -0.6361 -0.7258
vn 0.3032 -0.5623 -0.7693
vn 0.4270 -0.4249 -0.7982
vn 0.4830 -0.2966 -0.8238
vn 0.4116 -0.4154 -0.8112
vn 0.5626 -0.1319 -0.8162
vn 0.4994 -0.3036 -0.8114
vn 0.6163 0.0188 -0.7873
vn 0.5625 -0.1739 -0.8083
vn 0.6423 0.1050 -0.7592
vn 0.6568 0.0884 -0.7488
vn 0.6817 0.3024 -0.6663
vn 0.6834 0.2316 -0.6923
vn 0.6817 0.4877 -0.5454
vn 0.6942 0.3119 -0.6487
vn 0.6687 0.5716 -0.4756
vn 0.6874 0.4623 -0.5602
vn 0.6204 0.7172 -0.3175
vn 0.6745 0.5943 -0.4381
vn 0.5646 0.8033 -0.1895
vn 0.6150 0.7261 -0.3074
vn 0.4758 0.8792 -0.0254
vn 0.5586 0.8159 -0.1492
vn 0.4555 0.8902 -0.0011
vn 0.3351 0.9289 0.1577
vn 0.2223 0.9297 0.2935
vn 0.0895 0.9010 0.4245
vn -0.0156 0.8513 0.5245
vn -0.1333 0.7803 0.6110
vn -0.2747 0.6475 0.7108
vn -0.3653 0.5440 0.7554
vn -0.5174 0.3150 0.7956
vn -0.4461 0.4334 0.7831
vn -0.5788 0.1879 0.7935
vn -0.6300 0.0532 0.7748
vn -0.6863 -0.1655 0.7082
vn -0.7017 -0.3135 0.6398
vn -0.6998 -0.4498 0.5549
vn -0.6724 -0.5973 0.4372
vn -0.6248 -0.7161 0.3113
vn -0.5457 -0.8238 0.1535
vn -0.4552 -0.8904 0.0082
vn -0.3306 -0.9297 -0.1624
vn -0.2305 -0.9316 -0.2811
vn -0.1069 -0.9052 -0.4113
vn 0.0134 -0.8535 -0.5209
vn 0.1253 -0.7821 -0.6104
vn 0.2744 -0.6480 -0.7105
vn 0.3387 -0.5807 -0.7403
vn 0.4255 -0.4713 -0.7725
vn 0.5425 -0.2755 -0.7936
vn 0.6002 -0.1479 -0.7860
vn 0.6334 -0.0519 -0.7721
vn 0.6699 0.0915 -0.7368
vn 0.7041 0.3136 -0.6372
vn 0.6971 0.4636 -0.5469
vn 0.6754 0.6008 -0.4277
vn 0.6148 0.7331 -0.2907
vn 0.5534 0.8176 -0.1589
vn 0.4505 0.8928 0.0029
vn 0.3338 0.9329 0.1356
vn 0.1925 0.9365 0.2931
vn 0.0754 0.9112 0.4050
vn -0.0510 0.8578 0.5115
vn -0.2106 0.7484 0.6289
vn -0.3111 0.6547 0.6889
vn -0.3829 0.5745 0.7234
vn -0.5455 0.3313 0.7698
vn -0.4634 0.4688 0.7520
vn -0.6162 0.1831 0.7660
vn -0.6627 0.0505 0.7472
vn -0.6924 -0.0658 0.7185
vn -0.7221 -0.2987 0.6240
vn -0.7159 -0.4464 0.5369
vn -0.6821 -0.5948 0.4254
vn -0.6248 -0.7238 0.2927
vn -0.5495 -0.8192 0.1641
vn -0.4351 -0.9004 -0.0056
vn -0.3312 -0.9337 -0.1362
vn -0.2256 -0.9406 -0.2538
vn -0.0693 -0.9093 -0.4103
vn 0.1010 -0.8281 -0.5514
vn 0.1756 -0.7767 -0.6049
vn 0.2758 -0.6900 -0.6692
vn 0.3981 -0.5533 -0.7317
vn 0.4755 -0.4466 -0.7579
vn 0.5441 -0.3304 -0.7712
vn 0.6024 -0.2076 -0.7707
vn 0.6520 -0.0757 -0.7544
vn 0.7039 0.1158 -0.7008
vn 0.7202 0.2696 -0.6392
vn 0.7202 0.4304 -0.5441
vn 0.6849 0.5883 -0.4299
vn 0.6355 0.7151 -0.2911
vn 0.5344 0.8334 -0.1408
vn 0.4478 0.8941 0.0016
vn 0.2983 0.9419 0.1546
vn 0.1821 0.9435 0.2769
vn 0.0425 0.9190 0.3920
vn -0.1103 0.8452 0.5229
vn -0.2235 0.7678 0.6005
vn -0.3416 0.6604 0.6687
vn -0.4274 0.5621 0.7080
vn -0.5687 0.3456 0.7464
vn -0.5028 0.4573 0.7335
vn -0.6256 0.2265 0.7465
vn -0.6738 0.0978 0.7324
vn -0.7107 -0.0423 0.7022
vn -0.7359 -0.2270 0.6379
vn -0.7321 -0.3919 0.5572
vn -0.6939 -0.5825 0.4232
vn -0.6293 -0.7213 0.2891
vn -0.5461 -0.8232 0.1554
vn -0.4266 -0.9044 -0.0048
vn -0.2934 -0.9427 -0.1590
vn -0.1621 -0.9424 -0.2927
vn -0.0254 -0.9103 -0.4132
vn 0.1361 -0.8320 -0.5379
vn 0.1647 -0.8139 -0.5571
vn 0.2619 -0.7385 -0.6213
vn 0.4290 -0.5618 -0.7073
vn 0.5037 -0.4577 -0.7327
vn 0.5696 -0.3462 -0.7455
vn 0.6262 -0.2266 -0.7460
vn 0.6737 -0.0976 -0.7325
vn 0.7371 0.1623 -0.6560
vn 0.7417 0.3114 -0.5940
vn 0.7377 0.4008 -0.5433
vn 0.7004 0.5601 -0.4423
vn 0.6488 0.6996 -0.2995
vn 0.5431 0.8239 -0.1621
vn 0.4412 0.8974 -0.0006
vn 0.2790 0.9463 0.1635
vn 0.1787 0.9469 0.2672
vn 0.0353 0.9231 0.3829
vn -0.1460 0.8353 0.5300
vn -0.2418 0.7676 0.5936
vn -0.3406 0.6802 0.6491
vn -0.4424 0.5666 0.6952
vn -0.5819 0.3542 0.7321
vn -0.5175 0.4633 0.7194
vn -0.6377 0.2367 0.7330
vn -0.6842 0.1076 0.7213
vn -0.7255 -0.0593 0.6857
vn -0.7438 -0.2103 0.6345
vn -0.7305 -0.4563 0.5081
vn -0.6912 -0.5993 0.4037
vn -0.6506 -0.6850 0.3279
vn -0.5513 -0.8177 0.1659
vn -0.4275 -0.9040 0.0046
vn -0.2912 -0.9451 -0.1486
vn -0.1492 -0.9458 -0.2886
vn -0.0175 -0.9142 -0.4049
vn 0.1500 -0.8329 -0.5326
vn 0.1912 -0.8071 -0.5587
vn 0.2860 -0.7325 -0.6177
vn 0.4444 -0.5658 -0.6945
vn 0.5179 -0.4632 -0.7192
vn 0.5822 -0.3540 -0.7320
vn 0.6376 -0.2363 -0.7333
vn 0.6844 -0.1089 -0.7210
vn 0.7440 0.1378 -0.6538
vn 0.7474 0.2868 -0.5993
vn 0.7414 0.4029 -0.5367
vn 0.7026 0.5646 -0.4331
vn 0.6423 0.7052 -0.3003
vn 0.5358 0.8313 -0.1478
vn 0.4281 0.9037 -0.0000
vn 0.2685 0.9502 0.1584
vn 0.1187 0.9467 0.2994
vn 0.0205 0.9238 0.3823
vn -0.1102 0.8718 0.4773
vn -0.2795 0.7547 0.5935
vn -0.3385 0.7036 0.6248
vn -0.4253 0.6137 0.6652
vn -0.5946 0.3612 0.7183
vn -0.5315 0.4689 0.7054
vn -0.6489 0.2462 0.7199
vn -0.7136 0.0598 0.6980
vn -0.7422 -0.0781 0.6657
vn -0.7513 -0.1711 0.6374
vn -0.7428 -0.4270 0.5156
vn -0.7015 -0.5833 0.4096
vn -0.6538 -0.6853 0.3207
vn -0.5487 -0.8200 0.1630
vn -0.4152 -0.9097 -0.0014
vn -0.2799 -0.9487 -0.1468
vn -0.1463 -0.9509 -0.2729
vn -0.0147 -0.9225 -0.3857
vn 0.1714 -0.8341 -0.5243
vn 0.2534 -0.7771 -0.5761
vn 0.3481 -0.6954 -0.6287
vn 0.4620 -0.5704 -0.6792
vn 0.5338 -0.4696 -0.7032
vn 0.5966 -0.3626 -0.7160
vn 0.6506 -0.2473 -0.7180
vn 0.6962 -0.1221 -0.7074
vn 0.7413 0.0627 -0.6682
vn 0.7543 0.2129 -0.6210
vn 0.7521 0.3368 -0.5665
vn 0.7113 0.5654 -0.4175
vn 0.6306 0.7209 -0.2875
vn 0.5509 0.8201 -0.1548
vn 0.4092 0.9124 -0.0012
vn 0.2707 0.9519 0.1432
vn 0.1177 0.9542 0.2750
vn -0.0566 0.9015 0.4290
vn -0.1505 0.8577 0.4916
vn -0.2649 0.7829 0.5629
vn -0.3901 0.6672 0.6346
vn -0.4715 0.5729 0.6704
vn -0.6038 0.3676 0.7073
vn -0.5423 0.4731 0.6943
vn -0.6574 0.2536 0.7096
vn -0.7026 0.1290 0.6998
vn -0.7379 -0.0080 0.6748
vn -0.7632 -0.2113 0.6107
vn -0.7545 -0.3777 0.5368
vn -0.7130 -0.5580 0.4246
vn -0.6383 -0.7133 0.2894
vn -0.5551 -0.8132 0.1748
vn -0.4116 -0.9114 0.0032
vn -0.2641 -0.9529 -0.1489
vn -0.1170 -0.9523 -0.2820
vn 0.0211 -0.9183 -0.3953
vn 0.1829 -0.8404 -0.5102
vn 0.2933 -0.7609 -0.5788
vn 0.3941 -0.6676 -0.6317
vn 0.4762 -0.5735 -0.6666
vn 0.5462 -0.4749 -0.6901
vn 0.6074 -0.3694 -0.7033
vn 0.6606 -0.2559 -0.7057
vn 0.7054 -0.1322 -0.6964
vn 0.7423 0.0177 -0.6698
vn 0.7608 0.1686 -0.6267
vn 0.7611 0.3227 -0.5627
vn 0.7221 0.5442 -0.4270
vn 0.6440 0.7031 -0.3017
vn 0.5484 0.8224 -0.1513
vn 0.4006 0.9163 0.0016
vn 0.2437 0.9568 0.1587
vn 0.0866 0.9523 0.2926
vn -0.0279 0.9211 0.3882
vn -0.1565 0.8642 0.4782
vn -0.3117 0.7568 0.5745
vn -0.4063 0.6683 0.6231
vn -0.4862 0.5758 0.6573
vn -0.6160 0.3744 0.6931
vn -0.5556 0.4784 0.6800
vn -0.6682 0.2630 0.6959
vn -0.7124 0.1408 0.6875
vn -0.7467 0.0051 0.6652
vn -0.7663 -0.1506 0.6245
vn -0.7591 -0.3847 0.5251
vn -0.7189 -0.5523 0.4220
vn -0.6585 -0.6810 0.3203
vn -0.5451 -0.8225 0.1624
vn -0.3997 -0.9166 -0.0024
vn -0.2570 -0.9557 -0.1435
vn -0.0973 -0.9542 -0.2830
vn 0.0350 -0.9220 -0.3857
vn 0.1625 -0.8641 -0.4764
vn 0.3156 -0.7565 -0.5729
vn 0.4093 -0.6684 -0.6211
vn 0.4885 -0.5761 -0.6553
vn 0.5572 -0.4790 -0.6783
vn 0.6173 -0.3753 -0.6915
vn 0.6693 -0.2636 -0.6946
vn 0.7133 -0.1413 -0.6865
vn 0.7471 -0.0055 -0.6647
vn 0.7681 0.1457 -0.6235
vn 0.7629 0.3781 -0.5245
vn 0.7213 0.5488 -0.4226
vn 0.6563 0.6913 -0.3022
vn 0.5333 0.8327 -0.1487
vn 0.4044 0.9146 -0.0016
vn 0.2356 0.9596 0.1537
vn 0.0682 0.9530 0.2951
vn -0.0912 0.9030 0.4198
vn -0.1714 0.8654 0.4708
vn -0.2845 0.7941 0.5371
vn -0.4207 0.6696 0.6121
vn -0.4990 0.5786 0.6452
vn -0.6263 0.3830 0.6790
vn -0.5671 0.4828 0.6674
vn -0.6786 0.2708 0.6828
vn -0.7209 0.1503 0.6765
vn -0.7546 0.0163 0.6560
vn -0.7790 -0.2110 0.5905
vn -0.7676 -0.3740 0.5205
vn -0.7423 -0.4869 0.4603
vn -0.6635 -0.6762 0.3202
vn -0.5450 -0.8222 0.1642
vn -0.3906 -0.9205 -0.0049
vn -0.2413 -0.9591 -0.1478
vn -0.0847 -0.9558 -0.2815
vn 0.0943 -0.9034 -0.4182
vn 0.1612 -0.8721 -0.4620
vn 0.2714 -0.8034 -0.5300
vn 0.4216 -0.6694 -0.6117
vn 0.4994 -0.5784 -0.6450
vn 0.5668 -0.4827 -0.6676
vn 0.6258 -0.3805 -0.6809
vn 0.6770 -0.2702 -0.6846
vn 0.7201 -0.1493 -0.6776
vn 0.7536 -0.0149 -0.6572
vn 0.7798 0.2287 -0.5828
vn 0.7629 0.3945 -0.5122
vn 0.7407 0.4858 -0.4641
vn 0.6598 0.6890 -0.2999
vn 0.5338 0.8310 -0.1566
vn 0.3965 0.9180 0.0033
vn 0.2341 0.9608 0.1484
vn 0.0475 0.9509 0.3059
vn -0.0625 0.9198 0.3875
vn -0.1897 0.8601 0.4736
vn -0.3372 0.7586 0.5575
vn -0.4303 0.6703 0.6046
vn -0.5077 0.5803 0.6368
vn -0.5324 0.5494 0.6440
vn -0.7139 0.2001 0.6710
vn -0.5969 0.4534 0.6619
vn -0.7495 0.0782 0.6573
vn -0.7602 0.0244 0.6492
vn -0.7805 -0.1270 0.6122
vn -0.7783 -0.3023 0.5504
vn -0.7345 -0.5242 0.4310
vn -0.6540 -0.6936 0.3020
vn -0.5531 -0.8146 0.1746
vn -0.3935 -0.9193 0.0018
vn -0.2320 -0.9611 -0.1498
vn -0.0480 -0.9519 -0.3026
vn 0.0485 -0.9271 -0.3717
vn 0.1742 -0.8708 -0.4597
vn 0.3373 -0.7579 -0.5585
vn 0.4318 -0.6701 -0.6038
vn 0.5086 -0.5802 -0.6362
vn 0.5750 -0.4857 -0.6583
vn 0.6331 -0.3848 -0.6717
vn 0.6836 -0.2760 -0.6757
vn 0.7262 -0.1566 -0.6694
vn 0.7595 -0.0230 -0.6501
vn 0.7797 0.1315 -0.6122
vn 0.7705 0.3852 -0.5079
vn 0.7219 0.5565 -0.4113
vn 0.6736 0.6623 -0.3281
vn 0.5523 0.8152 -0.1744
vn 0.4024 0.9155 0.0004
vn 0.2268 0.9619 0.1528
vn 0.0414 0.9514 0.3052
vn -0.1094 0.9037 0.4139
vn -0.1644 0.8800 0.4455
vn -0.2764 0.8164 0.5070
vn -0.4384 0.6709 0.5980
vn -0.5154 0.5819 0.6291
vn -0.5807 0.4888 0.6510
vn -0.6884 0.2813 0.6685
vn -0.6389 0.3883 0.6641
vn -0.7322 0.1628 0.6613
vn -0.7664 0.0335 0.6415
vn -0.7870 -0.1157 0.6061
vn -0.7757 -0.3877 0.4980
vn -0.7276 -0.5565 0.4011
vn -0.6814 -0.6516 0.3333
vn -0.5571 -0.8122 0.1729
vn -0.3939 -0.9191 0.0014
vn -0.2237 -0.9624 -0.1542
vn -0.0393 -0.9523 -0.3025
vn 0.1145 -0.9038 -0.4123
vn 0.2015 -0.8615 -0.4661
vn 0.3137 -0.7882 -0.5295
vn 0.4424 -0.6709 -0.5952
vn 0.5172 -0.5824 -0.6271
vn 0.5828 -0.4886 -0.6493
vn 0.6406 -0.3892 -0.6619
vn 0.6904 -0.2820 -0.6662
vn 0.7328 -0.1643 -0.6603
vn 0.7662 -0.0324 -0.6418
vn 0.7870 0.1169 -0.6058
vn 0.7854 0.3440 -0.5146
vn 0.7405 0.5179 -0.4283
vn 0.6815 0.6519 -0.3324
vn 0.5588 0.8116 -0.1706
vn 0.4024 0.9155 -0.0021
vn 0.2206 0.9613 0.1650
vn 0.0474 0.9505 0.3070
vn -0.1063 0.9033 0.4156
vn -0.1918 0.8626 0.4681
vn -0.3051 0.7908 0.5307
vn -0.4356 0.6707 0.6003
vn -0.5135 0.5815 0.6311
vn -0.6390 0.3893 0.6634
vn -0.5808 0.4880 0.6516
vn -0.6898 0.2827 0.6665
vn -0.7331 0.1658 0.6597
vn -0.7673 0.0350 0.6403
vn -0.7887 -0.1126 0.6044
vn -0.7901 -0.2816 0.5444
vn -0.7502 -0.5029 0.4293
vn -0.6690 -0.6806 0.2988
vn -0.5692 -0.8035 0.1745
vn -0.4031 -0.9151 -0.0009
vn -0.2512 -0.9579 -0.1387
vn -0.0834 -0.9582 -0.2737
vn 0.1109 -0.9038 -0.4134
vn 0.2403 -0.8351 -0.4948
vn 0.3478 -0.7568 -0.5534
vn 0.4410 -0.6706 -0.5965
vn 0.4785 -0.6304 -0.6113
vn 0.5491 -0.5419 -0.6362
vn 0.6420 -0.3902 -0.6600
vn 0.6923 -0.2837 -0.6634
vn 0.7351 -0.1668 -0.6571
vn 0.7819 0.0313 -0.6226
vn 0.7944 0.1775 -0.5809
vn 0.7905 0.2812 -0.5441
vn 0.7596 0.4624 -0.4573
vn 0.6879 0.6458 -0.3313
vn 0.5568 0.8161 -0.1547
vn 0.3920 0.9199 0.0075
vn 0.2301 0.9589 0.1660
vn 0.0559 0.9497 0.3080
vn -0.0430 0.9258 0.3755
vn -0.1767 0.8702 0.4599
vn -0.3430 0.7564 0.5569
vn -0.4353 0.6707 0.6006
vn -0.5137 0.5815 0.6308
vn -0.6403 0.3893 0.6622
vn -0.5815 0.4883 0.6507
vn -0.6911 0.2836 0.6647
vn -0.7347 0.1672 0.6575
vn -0.7691 0.0376 0.6380
vn -0.7910 -0.1093 0.6019
vn -0.7933 -0.2745 0.5434
vn -0.7652 -0.4564 0.4540
vn -0.6742 -0.6755 0.2986
vn -0.5525 -0.8205 0.1465
vn -0.4097 -0.9122 -0.0009
vn -0.2239 -0.9598 -0.1694
vn -0.0577 -0.9518 -0.3013
vn 0.1066 -0.9037 -0.4147
vn 0.2146 -0.8499 -0.4813
vn 0.3246 -0.7746 -0.5428
vn 0.4390 -0.6705 -0.5981
vn 0.5166 -0.5816 -0.6284
vn 0.5835 -0.4903 -0.6474
vn 0.6435 -0.3913 -0.6579
vn 0.6940 -0.2853 -0.6610
vn 0.7371 -0.1693 -0.6542
vn 0.7709 -0.0378 -0.6359
vn 0.7914 0.1085 -0.6015
vn 0.7935 0.2735 -0.5436
vn 0.7659 0.4541 -0.4552
vn 0.6894 0.6516 -0.3165
vn 0.5650 0.8103 -0.1558
vn 0.4143 0.9101 -0.0015
vn 0.2256 0.9600 0.1659
vn 0.0852 0.9562 0.2799
vn -0.0700 0.9194 0.3869
vn -0.2403 0.8359 0.4934
vn -0.3503 0.7558 0.5532
vn -0.4423 0.6711 0.5950
vn -0.5202 0.5827 0.6243
vn -0.6459 0.3927 0.6547
vn -0.5875 0.4905 0.6436
vn -0.6964 0.2883 0.6572
vn -0.7397 0.1736 0.6502
vn -0.7742 0.0451 0.6314
vn -0.7961 -0.0984 0.5971
vn -0.7993 -0.2629 0.5404
vn -0.7719 -0.4466 0.4524
vn -0.7002 -0.6345 0.3275
vn -0.5823 -0.7937 0.1762
vn -0.4137 -0.9104 -0.0001
vn -0.2475 -0.9577 -0.1470
vn -0.0755 -0.9565 -0.2818
vn 0.1132 -0.9038 -0.4127
vn 0.2456 -0.8350 -0.4924
vn 0.3548 -0.7562 -0.5498
vn 0.4472 -0.6712 -0.5912
vn 0.5244 -0.5831 -0.6205
vn 0.5907 -0.4915 -0.6399
vn 0.6487 -0.3944 -0.6508
vn 0.6991 -0.2899 -0.6536
vn 0.7406 -0.1754 -0.6487
vn 0.7741 -0.0462 -0.6314
vn 0.7958 0.0995 -0.5973
vn 0.7986 0.2659 -0.5400
vn 0.7717 0.4479 -0.4515
vn 0.7003 0.6327 -0.3306
vn 0.5803 0.7958 -0.1734
vn 0.4142 0.9102 0.0013
vn 0.2305 0.9587 0.1665
vn 0.0555 0.9493 0.3095
vn -0.1009 0.9038 0.4159
vn -0.2337 0.8350 0.4981
vn -0.3443 0.7558 0.5570
vn -0.4370 0.6708 0.5993
vn -0.5156 0.5818 0.6290
vn -0.6424 0.3907 0.6592
vn -0.5836 0.4891 0.6483
vn -0.6934 0.2861 0.6614
vn -0.7370 0.1710 0.6539
vn -0.7720 0.0418 0.6342
vn -0.7944 -0.1035 0.5985
vn -0.7977 -0.2674 0.5405
vn -0.7713 -0.4475 0.4527
vn -0.7042 -0.6272 0.3328
vn -0.5852 -0.7913 0.1768
vn -0.4182 -0.9084 -0.0002
vn -0.2326 -0.9581 -0.1669
vn -0.0576 -0.9511 -0.3036
vn 0.1053 -0.9037 -0.4149
vn 0.2385 -0.8352 -0.4956
vn 0.3488 -0.7557 -0.5542
vn 0.4410 -0.6707 -0.5964
vn 0.5188 -0.5823 -0.6259
vn 0.5860 -0.4898 -0.6456
vn 0.6445 -0.3921 -0.6564
vn 0.6542 -0.3704 -0.6594
vn 0.7052 -0.2574 -0.6607
vn 0.7727 -0.0421 -0.6334
vn 0.7945 0.1035 -0.5984
vn 0.7972 0.2679 -0.5410
vn 0.7583 0.5005 -0.4177
vn 0.6769 0.6731 -0.2979
vn 0.5800 0.7961 -0.1728
vn 0.4163 0.9092 0.0013
vn 0.2374 0.9569 0.1670
vn 0.0645 0.9487 0.3095
vn -0.0915 0.9029 0.4200
vn -0.2241 0.8350 0.5026
vn -0.3351 0.7556 0.5629
vn -0.4284 0.6700 0.6063
vn -0.5078 0.5803 0.6367
vn -0.6361 0.3867 0.6677
vn -0.5765 0.4863 0.6566
vn -0.6883 0.2822 0.6683
vn -0.7333 0.1661 0.6593
vn -0.7684 0.0362 0.6390
vn -0.7907 -0.1098 0.6023
vn -0.7939 -0.2704 0.5446
vn -0.7680 -0.4494 0.4563
vn -0.6986 -0.6350 0.3298
vn -0.5844 -0.7919 0.1774
vn -0.4169 -0.9090 -0.0020
vn -0.2359 -0.9574 -0.1663
vn -0.0585 -0.9499 -0.3071
vn 0.0984 -0.9037 -0.4168
vn 0.2314 -0.8352 -0.4989
vn 0.3419 -0.7558 -0.5585
vn 0.4345 -0.6704 -0.6015
vn 0.5108 -0.5821 -0.6326
vn 0.5784 -0.4877 -0.6539
vn 0.6381 -0.3880 -0.6650
vn 0.6900 -0.2834 -0.6661
vn 0.7343 -0.1680 -0.6577
vn 0.7688 -0.0386 -0.6383
vn 0.7913 0.1088 -0.6017
vn 0.7942 0.2733 -0.5427
vn 0.7691 0.4585 -0.4453
vn 0.6959 0.6364 -0.3327
vn 0.5791 0.7964 -0.1743
vn 0.4187 0.9081 0.0015
vn 0.2351 0.9576 0.1666
vn 0.0629 0.9490 0.3089
vn -0.0921 0.9031 0.4194
vn -0.2241 0.8352 0.5022
vn -0.3347 0.7558 0.5628
vn -0.4278 0.6701 0.6066
vn -0.5070 0.5801 0.6375
vn -0.6350 0.3860 0.6692
vn -0.5755 0.4860 0.6577
vn -0.6461 0.3621 0.6719
vn -0.6979 0.2507 0.6709
vn -0.7665 0.0334 0.6414
vn -0.7886 -0.1133 0.6044
vn -0.7913 -0.2747 0.5462
vn -0.7647 -0.4538 0.4574
vn -0.6945 -0.6392 0.3303
vn -0.5927 -0.7818 0.1937
vn -0.4250 -0.9051 0.0094
vn -0.2356 -0.9576 -0.1660
vn -0.0601 -0.9501 -0.3062
vn 0.0948 -0.9046 -0.4155
vn 0.2288 -0.8357 -0.4993
vn 0.3410 -0.7546 -0.5607
vn 0.4320 -0.6703 -0.6034
vn 0.4605 -0.6412 -0.6139
vn 0.5323 -0.5536 -0.6405
vn 0.6363 -0.3870 -0.6673
vn 0.6878 -0.2799 -0.6697
vn 0.7311 -0.1639 -0.6623
vn 0.7653 -0.0332 -0.6428
vn 0.7873 0.1151 -0.6058
vn 0.7896 0.1849 -0.5850
vn 0.7809 0.3690 -0.5040
vn 0.6945 0.6375 -0.3336
vn 0.5757 0.7987 -0.1750
vn 0.4155 0.9096 0.0074
vn 0.2271 0.9586 0.1719
vn 0.0647 0.9486 0.3097
vn -0.0876 0.9027 0.4212
vn -0.2179 0.8350 0.5052
vn -0.3278 0.7554 0.5674
vn -0.4207 0.6693 0.6125
vn -0.5001 0.5786 0.6443
vn -0.6286 0.3825 0.6772
vn -0.5689 0.4833 0.6653
vn -0.6805 0.2741 0.6796
vn -0.6945 0.2348 0.6801
vn -0.7380 0.1033 0.6669
vn -0.7815 -0.1219 0.6119
vn -0.7838 -0.2862 0.5512
vn -0.7558 -0.4678 0.4582
vn -0.6866 -0.6470 0.3316
vn -0.5735 -0.7995 0.1783
vn -0.4143 -0.9101 0.0024
vn -0.2345 -0.9576 -0.1672
vn -0.0458 -0.9455 -0.3224
vn 0.1092 -0.8945 -0.4336
vn 0.2202 -0.8353 -0.5038
vn 0.3298 -0.7558 -0.5657
vn 0.4225 -0.6695 -0.6110
vn 0.5011 -0.5794 -0.6429
vn 0.5525 -0.5121 -0.6576
vn 0.6160 -0.4133 -0.6706
vn 0.6828 -0.2756 -0.6767
vn 0.7265 -0.1568 -0.6691
vn 0.7607 -0.0268 -0.6486
vn 0.7815 0.1215 -0.6120
vn 0.7832 0.2892 -0.5504
vn 0.7557 0.4692 -0.4569
vn 0.6865 0.6462 -0.3334
vn 0.5793 0.7915 -0.1948
vn 0.4226 0.9063 -0.0068
vn 0.1946 0.9606 0.1984
vn 0.0642 0.9489 0.3090
vn -0.0859 0.9029 0.4212
vn -0.2146 0.8352 0.5063
vn -0.3236 0.7555 0.5696
vn -0.4160 0.6691 0.6158
vn -0.4952 0.5777 0.6489
vn -0.6237 0.3788 0.6837
vn -0.5639 0.4814 0.6710
vn -0.6753 0.2692 0.6867
vn -0.7192 0.1483 0.6788
vn -0.7150 0.1522 0.6823
vn -0.7527 0.0026 0.6584
vn -0.7749 -0.3029 0.5548
vn -0.7462 -0.4781 0.4633
vn -0.6763 -0.6559 0.3353
vn -0.5579 -0.8116 0.1733
vn -0.4043 -0.9146 0.0008
vn -0.2118 -0.9603 -0.1815
vn -0.0608 -0.9499 -0.3067
vn 0.0888 -0.9041 -0.4180
vn 0.2182 -0.8356 -0.5041
vn 0.3285 -0.7545 -0.5682
vn 0.4189 -0.6694 -0.6136
vn 0.4976 -0.5782 -0.6466
vn 0.5656 -0.4824 -0.6688
vn 0.6253 -0.3815 -0.6808
vn 0.6772 -0.2716 -0.6839
vn 0.7206 -0.1511 -0.6767
vn 0.7362 -0.0932 -0.6703
vn 0.7659 0.0537 -0.6407
vn 0.7764 0.2978 -0.5555
vn 0.7439 0.4826 -0.4623
vn 0.6736 0.6598 -0.3330
vn 0.5587 0.8096 -0.1799
vn 0.3824 0.9240 0.0089
vn 0.2009 0.9618 0.1861
vn 0.0603 0.9493 0.3086
vn -0.0865 0.9028 0.4213
vn -0.2133 0.8363 0.5051
vn -0.3203 0.7550 0.5722
vn -0.4071 0.6680 0.6229
vn -0.4860 0.5755 0.6577
vn -0.6146 0.3739 0.6946
vn -0.5547 0.4778 0.6811
vn -0.6678 0.2641 0.6959
vn -0.7134 0.1422 0.6862
vn -0.7471 0.0069 0.6647
vn -0.7535 -0.0432 0.6561
vn -0.7667 -0.2204 0.6030
vn -0.7352 -0.4920 0.4663
vn -0.6648 -0.6666 0.3371
vn -0.5466 -0.8192 0.1736
vn -0.3919 -0.9200 -0.0029
vn -0.1964 -0.9615 -0.1920
vn -0.0644 -0.9503 -0.3046
vn 0.0832 -0.9045 -0.4183
vn 0.2139 -0.8362 -0.5051
vn 0.3243 -0.7550 -0.5700
vn 0.4153 -0.6680 -0.6175
vn 0.4927 -0.5772 -0.6513
vn 0.5605 -0.4804 -0.6745
vn 0.6200 -0.3771 -0.6880
vn 0.6693 -0.2663 -0.6936
vn 0.7120 -0.1411 -0.6879
vn 0.7468 -0.0059 -0.6650
vn 0.7512 0.0276 -0.6595
vn 0.7681 0.1989 -0.6087
vn 0.7352 0.4954 -0.4627
vn 0.6618 0.6699 -0.3366
vn 0.5459 0.8189 -0.1772
vn 0.3784 0.9256 -0.0007
vn 0.2189 0.9613 0.1675
vn 0.0650 0.9487 0.3094
vn -0.0772 0.9029 0.4228
vn -0.3059 0.7525 0.5833
vn -0.4024 0.6568 0.6377
vn -0.3951 0.6670 0.6317
vn -0.4740 0.5731 0.6685
vn -0.6030 0.3667 0.7084
vn -0.5430 0.4733 0.6937
vn -0.5900 0.3878 0.7082
vn -0.6460 0.2687 0.7145
vn -0.7335 -0.0104 0.6796
vn -0.7526 -0.1649 0.6375
vn -0.7529 -0.2652 0.6023
vn -0.7330 -0.4465 0.5133
vn -0.6473 -0.6835 0.3374
vn -0.5320 -0.8288 0.1736
vn -0.3821 -0.9241 -0.0040
vn -0.2020 -0.9615 -0.1864
vn -0.0706 -0.9496 -0.3053
vn 0.0710 -0.9062 -0.4168
vn 0.2767 -0.7805 -0.5606
vn 0.3814 -0.6848 -0.6210
vn 0.4011 -0.6666 -0.6283
vn 0.4784 -0.5744 -0.6642
vn 0.5468 -0.4752 -0.6894
vn 0.5529 -0.4614 -0.6938
vn 0.6121 -0.3526 -0.7078
vn 0.7020 -0.1290 -0.7004
vn 0.7331 0.0110 -0.6801
vn 0.7514 0.1658 -0.6386
vn 0.7519 0.2494 -0.6103
vn 0.7364 0.4384 -0.5154
vn 0.6452 0.6852 -0.3380
vn 0.5392 0.8194 -0.1944
vn 0.3933 0.9194 -0.0014
vn 0.2171 0.9620 0.1654
vn 0.0684 0.9485 0.3093
vn -0.1184 0.8766 0.4664
vn -0.2385 0.7990 0.5520
vn -0.2959 0.7549 0.5852
vn -0.3857 0.6657 0.6389
vn -0.4642 0.5704 0.6776
vn -0.5888 0.3580 0.7247
vn -0.5318 0.4662 0.7070
vn -0.6412 0.2397 0.7290
vn -0.6545 0.1962 0.7302
vn -0.6949 0.0488 0.7175
vn -0.7329 -0.1937 0.6522
vn -0.7311 -0.3572 0.5812
vn -0.7148 -0.4605 0.5263
vn -0.6533 -0.6483 0.3910
vn -0.5184 -0.8365 0.1774
vn -0.3753 -0.9269 -0.0005
vn -0.2167 -0.9611 -0.1712
vn -0.0751 -0.9494 -0.3050
vn 0.1789 -0.8383 -0.5151
vn 0.2990 -0.7440 -0.5976
vn 0.2906 -0.7540 -0.5891
vn 0.3821 -0.6651 -0.6416
vn 0.4614 -0.5711 -0.6789
vn 0.5303 -0.4686 -0.7065
vn 0.5910 -0.3615 -0.7211
vn 0.6442 -0.2440 -0.7249
vn 0.6267 -0.2806 -0.7270
vn 0.6764 -0.1416 -0.7228
vn 0.7378 0.1875 -0.6484
vn 0.7334 0.3411 -0.5880
vn 0.7030 0.5203 -0.4849
vn 0.6264 0.7047 -0.3332
vn 0.5209 0.8299 -0.1998
vn 0.3850 0.9229 0.0054
vn 0.2120 0.9628 0.1675
vn 0.0538 0.9449 0.3228
vn -0.0786 0.8921 0.4449
vn -0.1764 0.8341 0.5226
vn -0.2786 0.7534 0.5957
vn -0.3678 0.6634 0.6517
vn -0.4460 0.5661 0.6932
vn -0.6340 0.2189 0.7417
vn -0.5832 0.3360 0.7396
vn -0.6276 0.2285 0.7442
vn -0.6714 0.0935 0.7352
vn -0.6954 -0.0083 0.7186
vn -0.7166 -0.1717 0.6761
vn -0.7194 -0.2935 0.6295
vn -0.6978 -0.4783 0.5332
vn -0.6061 -0.7198 0.3383
vn -0.5127 -0.8361 0.1950
vn -0.3671 -0.9302 0.0064
vn -0.2181 -0.9627 -0.1600
vn -0.0100 -0.9314 -0.3638
vn 0.1281 -0.8685 -0.4789
vn 0.1837 -0.8346 -0.5193
vn 0.2848 -0.7531 -0.5930
vn 0.4610 -0.5485 -0.6976
vn 0.5300 -0.4411 -0.7242
vn 0.5193 -0.4641 -0.7175
vn 0.5793 -0.3522 -0.7351
vn 0.6315 -0.2318 -0.7399
vn 0.6741 -0.1040 -0.7313
vn 0.6767 -0.0806 -0.7318
vn 0.7101 0.0764 -0.6999
vn 0.7183 0.3766 -0.5851
vn 0.6906 0.5038 -0.5190
vn 0.6321 0.6744 -0.3816
vn 0.5082 0.8382 -0.1978
vn 0.3741 0.9274 -0.0030
vn 0.2059 0.9634 0.1717
vn 0.0251 0.9333 0.3581
vn -0.0975 0.8737 0.4766
vn -0.1640 0.8335 0.5276
vn -0.2641 0.7524 0.6034
vn -0.3523 0.6614 0.6622
vn -0.4303 0.5622 0.7063
vn -0.5625 0.3394 0.7540
vn -0.4988 0.4549 0.7377
vn -0.6157 0.2186 0.7571
vn -0.6587 0.0827 0.7478
vn -0.6679 0.0411 0.7431
vn -0.6963 -0.1198 0.7077
vn -0.7029 -0.3626 0.6119
vn -0.6751 -0.5337 0.5092
vn -0.5921 -0.7308 0.3396
vn -0.5041 -0.8400 0.2007
vn -0.3533 -0.9355 0.0011
vn -0.1641 -0.9627 -0.2152
vn -0.0115 -0.9314 -0.3638
vn 0.0598 -0.9024 -0.4267
vn 0.2521 -0.7709 -0.5850
vn 0.3545 -0.6702 -0.6521
vn 0.3665 -0.6629 -0.6529
vn 0.4412 -0.5637 -0.6982
vn 0.5061 -0.4588 -0.7303
vn 0.5664 -0.3444 -0.7487
vn 0.5613 -0.3427 -0.7533
vn 0.6143 -0.2084 -0.7610
vn 0.6907 0.0657 -0.7202
vn 0.6903 0.0720 -0.7199
vn 0.7087 0.2511 -0.6594
vn 0.6609 0.5729 -0.4848
vn 0.6139 0.6891 -0.3851
vn 0.5149 0.8277 -0.2231
vn 0.3498 0.9367 0.0153
vn 0.1901 0.9624 0.1942
vn 0.0554 0.9368 0.3454
vn -0.0458 0.8977 0.4383
vn -0.1554 0.8273 0.5398
vn -0.2451 0.7506 0.6136
vn -0.3326 0.6581 0.6755
vn -0.4106 0.5567 0.7222
vn -0.5406 0.3286 0.7745
vn -0.4798 0.4469 0.7550
vn -0.5931 0.2000 0.7799
vn -0.6341 0.0755 0.7696
vn -0.6673 -0.0746 0.7410
vn -0.6757 -0.1561 0.7205
vn -0.6805 -0.3382 0.6500
vn -0.6655 -0.4796 0.5720
vn -0.6185 -0.6516 0.4392
vn -0.4940 -0.8448 0.2058
vn -0.3519 -0.9360 0.0036
vn -0.2187 -0.9625 -0.1603
vn -0.0537 -0.9379 -0.3426
vn 0.0659 -0.8854 -0.4601
vn 0.1492 -0.8357 -0.5286
vn 0.3280 -0.6683 -0.6677
vn 0.4041 -0.5667 -0.7181
vn 0.4132 -0.5583 -0.7194
vn 0.4823 -0.4487 -0.7524
vn 0.4852 -0.4377 -0.7569
vn 0.5480 -0.3196 -0.7730
vn 0.6381 -0.0654 -0.7672
vn 0.6682 0.0926 -0.7382
vn 0.6817 0.1849 -0.7079
vn 0.6860 0.3616 -0.6314
vn 0.6630 0.4996 -0.5576
vn 0.6170 0.6717 -0.4101
vn 0.4846 0.8492 -0.2099
vn 0.3719 0.9282 -0.0031
vn 0.2067 0.9613 0.1820
vn 0.0843 0.9398 0.3310
vn -0.0779 0.8652 0.4954
vn -0.1806 0.7848 0.5928
vn -0.2228 0.7475 0.6258
vn -0.3072 0.6536 0.6917
vn -0.3854 0.5498 0.7411
vn -0.5164 0.3142 0.7966
vn -0.4550 0.4364 0.7762
vn -0.5707 0.1832 0.8005
vn -0.5813 0.1509 0.7996
vn -0.6225 -0.0053 0.7826
vn -0.6613 -0.2759 0.6975
vn -0.6572 -0.4059 0.6351
vn -0.6303 -0.5742 0.5225
vn -0.5864 -0.6994 0.4087
vn -0.5092 -0.8203 0.2604
vn -0.3539 -0.9352 0.0111
vn -0.2124 -0.9608 -0.1781
vn -0.0862 -0.9423 -0.3235
vn 0.0238 -0.8984 -0.4386
vn 0.2123 -0.7596 -0.6147
vn 0.3085 -0.6564 -0.6884
vn 0.3128 -0.6538 -0.6890
vn 0.3876 -0.5509 -0.7391
vn 0.4574 -0.4376 -0.7741
vn 0.5196 -0.3181 -0.7930
vn 0.5153 -0.3238 -0.7935
vn 0.5712 -0.1854 -0.7996
vn 0.6483 0.1123 -0.7531
vn 0.6593 0.2340 -0.7145
vn 0.6568 0.4139 -0.6303
vn 0.6382 0.5374 -0.5513
vn 0.5903 0.7002 -0.4015
vn 0.4716 0.8566 -0.2092
vn 0.3638 0.9315 -0.0081
vn 0.2086 0.9586 0.1937
vn 0.0886 0.9363 0.3399
vn -0.0228 0.8815 0.4717
vn -0.1557 0.7842 0.6007
vn -0.2473 0.6894 0.6808
vn -0.2831 0.6490 0.7062
vn -0.4317 0.4265 0.7948
vn -0.3614 0.5423 0.7585
vn -0.4939 0.3003 0.8160
vn -0.5165 0.2454 0.8204
vn -0.5670 0.1008 0.8176
vn -0.6243 -0.1360 0.7692
vn -0.6344 -0.2457 0.7329
vn -0.6388 -0.4085 0.6519
vn -0.6222 -0.5446 0.5624
vn -0.5941 -0.6465 0.4786
vn -0.4823 -0.8465 0.2253
vn -0.3386 -0.9408 -0.0138
vn -0.2225 -0.9591 -0.1750
vn -0.0577 -0.9236 -0.3791
vn 0.0587 -0.8626 -0.5025
vn 0.1070 -0.8311 -0.5458
vn 0.2157 -0.7323 -0.6459
vn 0.2971 -0.6359 -0.7123
vn 0.3649 -0.5436 -0.7559
vn 0.4346 -0.4277 -0.7926
vn 0.5022 -0.2892 -0.8149
vn 0.5488 -0.1778 -0.8168
vn 0.5912 -0.0454 -0.8052
vn 0.5978 -0.0030 -0.8016
vn 0.6291 0.1688 -0.7588
vn 0.6385 0.3958 -0.6601
vn 0.6139 0.5650 -0.5513
vn 0.5629 0.7200 -0.4059
vn 0.4861 0.8433 -0.2294
vn 0.3300 0.9439 0.0096
vn 0.2161 0.9547 0.2046
vn 0.0841 0.9269 0.3659
vn -0.0179 0.8641 0.5030
vn -0.0974 0.8129 0.5742
vn -0.1887 0.7226 0.6650
vn -0.2572 0.6434 0.7211
vn -0.4073 0.4152 0.8135
vn -0.3361 0.5343 0.7756
vn -0.4706 0.2862 0.8347
vn -0.5130 0.1837 0.8385
vn -0.5604 0.0360 0.8275
vn -0.5784 -0.0437 0.8146
vn -0.6077 -0.2133 0.7650
vn -0.6195 -0.3441 0.7056
vn -0.6099 -0.5235 0.5950
vn -0.5391 -0.7618 0.3592
vn -0.4655 -0.8614 0.2035
vn -0.3586 -0.9334 0.0110
vn -0.2057 -0.9533 -0.2211
vn -0.0796 -0.9194 -0.3852
vn 0.0079 -0.8755 -0.4832
vn 0.1112 -0.7990 -0.5910
vn 0.1750 -0.7423 -0.6468
vn 0.2628 -0.6440 -0.7184
vn 0.3403 -0.5361 -0.7725
vn 0.4115 -0.4172 -0.8103
vn 0.4747 -0.2877 -0.8318
vn 0.5272 -0.1491 -0.8366
vn 0.5492 -0.0719 -0.8326
vn 0.5903 0.0836 -0.8028
vn 0.5988 0.1498 -0.7867
vn 0.6169 0.3291 -0.7149
vn 0.5997 0.5741 -0.5574
vn 0.5605 0.7106 -0.4253
vn 0.4588 0.8695 -0.1832
vn 0.3276 0.9448 0.0076
vn 0.2432 0.9491 0.2000
vn 0.1405 0.9292 0.3419
vn 0.0393 0.8781 0.4769
vn -0.0758 0.7886 0.6102
vn -0.1628 0.6967 0.6987
vn -0.2171 0.6324 0.7436
vn -0.3688 0.3975 0.8402
vn -0.2960 0.5202 0.8011
vn -0.4346 0.2649 0.8608
vn -0.4657 0.1903 0.8642
vn -0.5162 0.0396 0.8556
vn -0.5653 -0.1372 0.8134
vn -0.5902 -0.3052 0.7474
vn -0.5918 -0.3828 0.7094
vn -0.5876 -0.5482 0.5952
vn -0.5377 -0.7445 0.3957
vn -0.4806 -0.8431 0.2412
vn -0.3618 -0.9323 -0.0036
vn -0.2434 -0.9484 -0.2031
vn -0.1259 -0.9200 -0.3712
vn -0.0021 -0.8506 -0.5258
vn 0.1014 -0.7630 -0.6384
vn 0.1661 -0.6987 -0.6958
vn 0.2511 -0.5907 -0.7668
vn 0.3000 -0.5225 -0.7981
vn 0.3722 -0.3996 -0.8377
vn 0.4082 -0.3247 -0.8532
vn 0.4696 -0.1835 -0.8636
vn 0.5415 0.0281 -0.8402
vn 0.5436 0.0541 -0.8376
vn 0.5783 0.2213 -0.7853
vn 0.5939 0.4018 -0.6970
vn 0.5879 0.5384 -0.6037
vn 0.5314 0.7630 -0.3680
vn 0.4566 0.8685 -0.1930
vn 0.3551 0.9348 0.0029
vn 0.2706 0.9430 0.1937
vn 0.1786 0.9204 0.3477
vn 0.0073 0.8314 0.5556
vn -0.0837 0.7373 0.6704
vn -0.1143 0.7041 0.7009
vn -0.2002 0.5979 0.7762
vn -0.3377 0.3827 0.8599
vn -0.2632 0.5091 0.8195
vn -0.3870 0.2834 0.8775
vn -0.4482 0.1397 0.8829
vn -0.5134 -0.0490 0.8568
vn -0.5082 -0.0445 0.8601
vn -0.5469 -0.2092 0.8107
vn -0.5773 -0.4725 0.6659
vn -0.5721 -0.5507 0.6078
vn -0.5393 -0.7260 0.4267
vn -0.4685 -0.8589 0.2068
vn -0.3796 -0.9251 0.0069
vn -0.2837 -0.9433 -0.1724
vn -0.1530 -0.9130 -0.3782
vn -0.0497 -0.8540 -0.5178
vn 0.0364 -0.7837 -0.6201
vn 0.1290 -0.6902 -0.7120
vn 0.1868 -0.6250 -0.7580
vn 0.2662 -0.5099 -0.8180
vn 0.3406 -0.3837 -0.8584
vn 0.4087 -0.2490 -0.8780
vn 0.4687 -0.1033 -0.8773
vn 0.4903 -0.0190 -0.8713
vn 0.5325 0.1423 -0.8344
vn 0.5535 0.2606 -0.7910
vn 0.5688 0.3974 -0.7202
vn 0.5626 0.6426 -0.5201
vn 0.5315 0.7399 -0.4124
vn 0.4815 0.8335 -0.2711
vn 0.3913 0.9202 -0.0093
vn 0.2814 0.9370 0.2072
vn 0.2013 0.9158 0.3474
vn 0.0605 0.8480 0.5266
vn -0.0286 0.7647 0.6437
vn -0.0734 0.7202 0.6898
vn -0.1605 0.6174 0.7701
vn -0.3191 0.3735 0.8710
vn -0.2431 0.5013 0.8304
vn -0.3879 0.2361 0.8909
vn -0.4481 0.0909 0.8893
vn -0.4612 0.0463 0.8861
vn -0.5105 -0.1082 0.8531
vn -0.5564 -0.3330 0.7613
vn -0.5581 -0.3847 0.7352
vn -0.5647 -0.5800 0.5871
vn -0.5304 -0.7500 0.3951
vn -0.4882 -0.8350 0.2540
vn -0.3863 -0.9224 -0.0044
vn -0.3025 -0.9387 -0.1655
vn -0.1728 -0.9085 -0.3806
vn -0.0696 -0.8490 -0.5239
vn -0.0167 -0.8093 -0.5872
vn 0.1854 -0.5803 -0.7930
vn 0.2668 -0.4539 -0.8501
vn 0.2478 -0.5022 -0.8285
vn 0.3210 -0.3773 -0.8687
vn 0.3851 -0.2343 -0.8926
vn 0.3603 -0.2813 -0.8894
vn 0.4264 -0.1320 -0.8948
vn 0.5081 0.1077 -0.8546
vn 0.5438 0.2706 -0.7944
vn 0.5729 0.5277 -0.6271
vn 0.5561 0.6205 -0.5530
vn 0.5289 0.7462 -0.4044
vn 0.4640 0.8631 -0.1992
vn 0.3931 0.9194 0.0113
vn 0.3063 0.9288 0.2086
vn 0.1867 0.8892 0.4176
vn 0.1134 0.8434 0.5252
vn 0.0435 0.7892 0.6127
vn -0.0496 0.6984 0.7140
vn -0.1236 0.6038 0.7875
vn -0.2812 0.3554 0.8914
vn -0.2030 0.4855 0.8503
vn -0.3526 0.2151 0.9107
vn -0.4074 0.0968 0.9081
vn -0.4664 -0.0569 0.8828
vn -0.4898 -0.1374 0.8609
vn -0.5281 -0.3023 0.7935
vn -0.5507 -0.4748 0.6866
vn -0.5520 -0.5547 0.6226
vn -0.5319 -0.7413 0.4093
vn -0.4824 -0.8494 0.2140
vn -0.4130 -0.9105 0.0207
vn -0.2969 -0.9274 -0.2274
vn -0.1985 -0.8952 -0.3990
vn -0.1244 -0.8544 -0.5045
vn -0.0284 -0.7777 -0.6280
vn 0.0388 -0.7168 -0.6962
vn 0.2481 -0.4455 -0.8602
vn 0.3139 -0.3139 -0.8961
vn 0.2788 -0.3837 -0.8804
vn 0.1985 -0.5087 -0.8377
vn 0.4262 -0.0755 -0.9015
vn 0.4568 0.0172 -0.8894
vn 0.5039 0.1786 -0.8451
vn 0.5145 0.2383 -0.8237
vn 0.5473 0.4057 -0.7320
vn 0.5461 0.6686 -0.5047
vn 0.5306 0.7232 -0.4420
vn 0.5001 0.8195 -0.2797
vn 0.4114 0.9113 -0.0129
vn 0.3487 0.9148 0.2037
vn 0.2500 0.8831 0.3969
vn 0.1711 0.8266 0.5361
vn 0.1155 0.7800 0.6151
vn -0.0432 0.6005 0.7985
vn -0.1285 0.4780 0.8689
vn -0.2201 0.3238 0.9202
vn -0.1420 0.4574 0.8778
vn -0.2971 0.1834 0.9371
vn -0.3063 0.1649 0.9375
vn -0.3711 0.0124 0.9285
vn -0.4455 -0.1729 0.8784
vn -0.4913 -0.3258 0.8077
vn -0.5315 -0.5500 0.6442
vn -0.5334 -0.6129 0.5830
vn -0.5284 -0.7229 0.4452
vn -0.4900 -0.8469 0.2066
vn -0.4258 -0.9047 -0.0167
vn -0.3470 -0.9132 -0.2137
vn -0.2659 -0.8878 -0.3756
vn -0.1603 -0.8177 -0.5529
vn -0.0659 -0.7286 -0.6818
vn 0.0694 -0.5683 -0.8199
vn 0.1516 -0.4312 -0.8894
vn 0.1371 -0.4566 -0.8790
vn 0.2971 -0.1870 -0.9363
vn 0.2174 -0.3229 -0.9211
vn 0.2833 -0.2082 -0.9362
vn 0.3589 -0.0558 -0.9317
vn 0.4390 0.1577 -0.8845
vn 0.4873 0.3153 -0.8143
vn 0.5253 0.4933 -0.6933
vn 0.5292 0.5737 -0.6251
vn 0.5247 0.7298 -0.4384
vn 0.4902 0.8492 -0.1965
vn 0.4169 0.9088 0.0176
vn 0.3665 0.9041 0.2197
vn 0.3010 0.8834 0.3592
vn 0.1876 0.8009 0.5686
vn 0.1017 0.7170 0.6896
vn 0.0613 0.6777 0.7327
vn -0.0748 0.4904 0.8683
vn -0.1903 0.3079 0.9322
vn -0.1579 0.3571 0.9206
vn -0.2164 0.2560 0.9421
vn -0.2923 0.1081 0.9502
vn -0.4019 -0.1366 0.9054
vn -0.4135 -0.1765 0.8932
vn -0.4440 -0.2681 0.8550
vn -0.5111 -0.5269 0.6791
vn -0.5236 -0.6392 0.5633
vn -0.5219 -0.7305 0.4405
vn -0.4939 -0.8435 0.2110
vn -0.4455 -0.8952 0.0107
vn -0.3608 -0.9036 -0.2311
vn -0.2508 -0.8497 -0.4638
vn -0.2012 -0.8160 -0.5419
vn -0.1198 -0.7424 -0.6592
vn -0.0365 -0.6469 -0.7617
vn 0.0249 -0.5673 -0.8231
vn 0.1079 -0.4439 -0.8895
vn 0.1908 -0.3079 -0.9321
vn 0.2687 -0.1630 -0.9493
vn 0.3402 -0.0179 -0.9402
vn 0.3817 0.0790 -0.9209
vn 0.4381 0.2289 -0.8693
vn 0.4692 0.3499 -0.8108
vn 0.4729 0.3785 -0.7957
vn 0.5208 0.5591 -0.6452
vn 0.5230 0.7597 -0.3865
vn 0.4878 0.8530 -0.1855
vn 0.4381 0.8989 0.0035
vn 0.3914 0.9018 0.1829
vn 0.2980 0.8584 0.4175
vn 0.2236 0.7987 0.5586
vn 0.0838 0.6569 0.7493
vn 0.0021 0.5410 0.8410
vn 0.0095 0.5518 0.8339
vn -0.0721 0.4275 0.9011
vn -0.2349 0.1432 0.9614
vn -0.1557 0.2892 0.9445
vn -0.3077 -0.0033 0.9515
vn -0.2936 0.0205 0.9557
vn -0.3585 -0.1325 0.9241
vn -0.4427 -0.3458 0.8273
vn -0.4782 -0.4796 0.7357
vn -0.5147 -0.6779 0.5249
vn -0.5141 -0.7634 0.3910
vn -0.4975 -0.8358 0.2324
vn -0.4492 -0.8934 -0.0094
vn -0.3860 -0.8987 -0.2083
vn -0.3199 -0.8732 -0.3677
vn -0.1954 -0.7704 -0.6068
vn -0.1057 -0.6719 -0.7330
vn -0.0946 -0.6665 -0.7395
vn 0.0397 -0.4813 -0.8757
vn 0.1257 -0.3426 -0.9310
vn 0.1617 -0.2913 -0.9429
vn 0.1899 -0.2380 -0.9525
vn 0.2688 -0.0882 -0.9592
vn 0.3029 -0.0170 -0.9529
vn 0.3741 0.1394 -0.9169
vn 0.4585 0.3952 -0.7960
vn 0.4725 0.4412 -0.7630
vn 0.5251 0.6190 -0.5841
vn 0.5104 0.7763 -0.3698
vn 0.4906 0.8434 -0.2192
vn 0.4503 0.8928 -0.0109
vn 0.3901 0.8811 0.2673
vn 0.3381 0.8507 0.4026
vn 0.2837 0.7998 0.5289
vn 0.1666 0.6835 0.7107
vn 0.0326 0.4913 0.8704
vn -0.0142 0.4143 0.9100
vn -0.1069 0.2656 0.9581
vn -0.0214 0.4023 0.9153
vn -0.1918 0.1185 0.9743
vn -0.1945 0.1056 0.9752
vn -0.2698 -0.0482 0.9617
vn -0.3746 -0.2934 0.8796
vn -0.3782 -0.3115 0.8717
vn -0.4486 -0.5062 0.7366
vn -0.4811 -0.6447 0.5940
vn -0.4955 -0.7326 0.4668
vn -0.4910 -0.8473 0.2023
vn -0.4609 -0.8874 0.0087
vn -0.3988 -0.8853 -0.2390
vn -0.3199 -0.8352 -0.4474
vn -0.2774 -0.8021 -0.5288
vn -0.1866 -0.7005 -0.6889
vn -0.1079 -0.5949 -0.7965
vn -0.0606 -0.5345 -0.8430
vn 0.0684 -0.3350 -0.9397
vn 0.1478 -0.1914 -0.9703
vn 0.1887 -0.1162 -0.9751
vn 0.2656 0.0367 -0.9634
vn 0.2988 0.1040 -0.9486
vn 0.3377 0.1898 -0.9219
vn 0.4244 0.4138 -0.8054
vn 0.4479 0.4939 -0.7453
vn 0.4849 0.5845 -0.6506
vn 0.4957 0.7669 -0.4076
vn 0.4883 0.8513 -0.1919
vn 0.4517 0.8918 0.0256
vn 0.4299 0.8854 0.1767
vn 0.3315 0.8105 0.4829
vn 0.2680 0.7301 0.6286
vn 0.2504 0.7245 0.6422
vn 0.1757 0.6304 0.7561
vn -0.0776 0.2419 0.9672
vn 0.0048 0.3848 0.9230
vn 0.0096 0.3748 0.9270
vn -0.0720 0.2328 0.9699
vn -0.2325 -0.0565 0.9710
vn -0.2978 -0.1978 0.9339
vn -0.3587 -0.3463 0.8668
vn -0.3470 -0.3323 0.8770
vn -0.3947 -0.4560 0.7977
vn -0.4792 -0.7097 0.5165
vn -0.4867 -0.7633 0.4249
vn -0.4888 -0.8353 0.2519
vn -0.4654 -0.8851 -0.0024
vn -0.4267 -0.8850 -0.1863
vn -0.3548 -0.8364 -0.4177
vn -0.2618 -0.7332 -0.6276
vn -0.2231 -0.6901 -0.6885
vn -0.1757 -0.6314 -0.7553
vn -0.0613 -0.4610 -0.8853
vn 0.0218 -0.3215 -0.9467
vn 0.0670 -0.2403 -0.9684
vn 0.1103 -0.1582 -0.9812
vn 0.1913 -0.0054 -0.9815
vn 0.2980 0.2130 -0.9305
vn 0.3258 0.2808 -0.9028
vn 0.3379 0.3178 -0.8859
vn 0.3945 0.4569 -0.7972
vn 0.4847 0.6595 -0.5746
vn 0.4863 0.7931 -0.3667
vn 0.4862 0.8442 -0.2258
vn 0.4701 0.8823 -0.0232
vn 0.4307 0.8663 0.2530
vn 0.3776 0.8215 0.4272
vn 0.3464 0.7849 0.5138
vn 0.2574 0.6614 0.7045
vn 0.1898 0.5509 0.8127
vn 0.0615 0.3566 0.9322
vn 0.1442 0.4921 0.8585
vn -0.0248 0.2160 0.9761
vn -0.1026 0.0672 0.9925
vn -0.1309 0.0001 0.9914
vn -0.2118 -0.1481 0.9660
vn -0.3189 -0.3588 0.8772
vn -0.3780 -0.4891 0.7861
vn -0.3908 -0.5286 0.7536
vn -0.4265 -0.6334 0.6457
vn -0.4732 -0.7710 0.4262
vn -0.4854 -0.8501 0.2041
vn -0.4724 -0.8814 -0.0027
vn -0.4249 -0.8607 -0.2803
vn -0.3676 -0.8027 -0.4696
vn -0.3378 -0.7752 -0.5338
vn -0.2478 -0.6524 -0.7162
vn -0.1736 -0.5384 -0.8246
vn -0.1436 -0.4938 -0.8577
vn -0.0597 -0.3588 -0.9315
vn 0.0244 -0.2159 -0.9761
vn 0.1085 -0.0667 -0.9919
vn 0.1268 -0.0243 -0.9916
vn 0.2068 0.1309 -0.9696
vn 0.2987 0.3242 -0.8976
vn 0.3615 0.4664 -0.8073
vn 0.3779 0.5022 -0.7778
vn 0.4285 0.5865 -0.6873
vn 0.4660 0.7703 -0.4352
vn 0.4864 0.8453 -0.2209
vn 0.4757 0.8795 0.0103
vn 0.4587 0.8699 0.1811
vn 0.4029 0.8078 0.4303
vn 0.3005 0.6539 0.6943
vn 0.2685 0.6042 0.7502
vn 0.2562 0.5915 0.7645
vn 0.1031 0.3292 0.9386
vn 0.1831 0.4650 0.8662
vn 0.0228 0.1883 0.9818
vn -0.0575 0.0424 0.9974
vn -0.1414 -0.1067 0.9842
vn -0.1329 -0.0984 0.9862
vn -0.2111 -0.2502 0.9449
vn -0.3068 -0.4303 0.8490
vn -0.3581 -0.5398 0.7618
vn -0.4422 -0.7267 0.5257
vn -0.4623 -0.7830 0.4161
vn -0.4794 -0.8417 0.2484
vn -0.4792 -0.8777 -0.0008
vn -0.4590 -0.8697 -0.1816
vn -0.4161 -0.8212 -0.3906
vn -0.3033 -0.6568 -0.6904
vn -0.2557 -0.5811 -0.7726
vn -0.2601 -0.5883 -0.7657
vn -0.1501 -0.4098 -0.8998
vn -0.0661 -0.2667 -0.9615
vn -0.0242 -0.1873 -0.9820
vn 0.0170 -0.1088 -0.9939
vn 0.1030 0.0415 -0.9938
vn 0.1193 0.0707 -0.9903
vn 0.2030 0.2201 -0.9541
vn 0.3255 0.4765 -0.8167
vn 0.3618 0.5522 -0.7511
vn 0.4439 0.7046 -0.5537
vn 0.4690 0.8019 -0.3701
vn 0.4778 0.8490 -0.2256
vn 0.4844 0.8747 -0.0173
vn 0.4670 0.8566 0.2194
vn 0.4413 0.8169 0.3715
vn 0.3836 0.7440 0.5471
vn 0.3305 0.6499 0.6845
vn 0.1612 0.3586 0.9195
vn 0.2352 0.4923 0.8380
vn 0.1391 0.3147 0.9390
vn 0.0524 0.1601 0.9857
vn -0.0268 0.0060 0.9996
vn -0.0373 -0.0290 0.9989
vn -0.1209 -0.1815 0.9759
vn -0.2235 -0.3700 0.9018
vn -0.2645 -0.4460 0.8551
vn -0.3641 -0.6263 0.6893
vn -0.4048 -0.7104 0.5757
vn -0.4380 -0.7745 0.4564
vn -0.4768 -0.8482 0.2309
vn -0.4872 -0.8733 0.0087
vn -0.4747 -0.8564 -0.2032
vn -0.4376 -0.7977 -0.4150
vn -0.4068 -0.7405 -0.5349
vn -0.3442 -0.6162 -0.7084
vn -0.2616 -0.5034 -0.8235
vn -0.2242 -0.4475 -0.8657
vn -0.1439 -0.3121 -0.9391
vn -0.0612 -0.1654 -0.9843
vn 0.0244 -0.0158 -0.9996
vn 0.1105 0.1365 -0.9844
vn 0.1405 0.1898 -0.9717
vn 0.2262 0.3380 -0.9136
vn 0.3091 0.5047 -0.8061
vn 0.3390 0.5687 -0.7495
vn 0.3845 0.6555 -0.6500
vn 0.4557 0.7789 -0.4309
vn 0.4762 0.8599 -0.1839
vn 0.4864 0.8737 0.0099
vn 0.4840 0.8434 0.2332
vn 0.4295 0.7282 0.5341
vn 0.4567 0.7716 0.4428
vn 0.3577 0.5935 0.7210
vn 0.2944 0.4760 0.8287
vn 0.2665 0.4199 0.8675
vn 0.1912 0.2825 0.9400
vn -0.0365 -0.1332 0.9904
vn -0.0031 -0.0576 0.9983
vn -0.0481 -0.1757 0.9833
vn -0.1474 -0.3099 0.9393
vn -0.1936 -0.3947 0.8982
vn -0.1982 -0.4035 0.8932
vn -0.3109 -0.5923 0.7433
vn -0.4100 -0.7526 0.5153
vn -0.4439 -0.8066 0.3904
vn -0.4790 -0.8489 0.2237
vn -0.4770 -0.8787 0.0161
vn -0.5076 -0.8334 -0.2185
vn -0.4451 -0.7744 -0.4496
vn -0.4180 -0.7164 -0.5586
vn -0.3677 -0.5707 -0.7342
vn -0.0993 -0.1108 -0.9889
vn -0.1172 -0.1470 -0.9822
vn -0.1892 -0.2845 -0.9398
vn -0.1071 -0.1369 -0.9848
vn -0.0217 0.0150 -0.9997
vn -0.0128 0.0376 -0.9992
vn 0.0730 0.1875 -0.9796
vn 0.1726 0.3590 -0.9172
vn 0.2535 0.4870 -0.8358
vn 0.3283 0.6151 -0.7168
vn 0.3615 0.6768 -0.6413
vn 0.4429 0.7816 -0.4392
vn 0.4754 0.8550 -0.2073
vn 0.4917 0.8708 -0.0003
vn 0.4818 0.7793 0.4008
vn 0.4992 0.8345 0.2333
vn 0.4540 0.7090 0.5395
vn 0.4098 0.6076 0.6803
vn 0.3692 0.5252 0.7668
vn 0.2371 0.2824 0.9295
vn 0.1554 0.1310 0.9791
vn 0.1362 0.1058 0.9850
vn 0.0439 -0.0512 0.9977
vn 0.1310 0.0961 0.9867
vn -0.1206 -0.3239 0.9384
vn -0.1741 -0.4057 0.8973
vn -0.1892 -0.4342 0.8807
vn -0.2996 -0.6158 0.7287
vn -0.3831 -0.7413 0.5511
vn -0.4224 -0.8006 0.4251
vn -0.4767 -0.8510 0.2202
vn -0.4807 -0.8767 0.0182
vn -0.5139 -0.8161 -0.2645
vn -0.4599 -0.7680 -0.4457
vn -0.4493 -0.7317 -0.5126
vn -0.3935 -0.5635 -0.7263
vn -0.2999 -0.4021 -0.8651
vn -0.3146 -0.4482 -0.8368
vn -0.2316 -0.2584 -0.9379
vn -0.1508 -0.1107 -0.9824
vn -0.0655 0.0402 -0.9970
vn -0.0477 0.0699 -0.9964
vn 0.1825 0.4455 -0.8765
vn 0.0443 0.2181 -0.9749
vn 0.2598 0.5692 -0.7801
vn 0.2693 0.5792 -0.7694
vn 0.3149 0.6474 -0.6940
vn 0.4353 0.8151 -0.3822
vn 0.4774 0.8586 -0.1868
vn 0.4979 0.8672 -0.0069
vn 0.5022 0.7803 0.3728
vn 0.5118 0.8317 0.2151
vn 0.4551 0.6534 0.6050
vn 0.4163 0.5460 0.7270
vn 0.4029 0.5035 0.7643
vn 0.3428 0.3763 0.8607
vn 0.2531 0.2079 0.9448
vn 0.1856 0.0899 0.9785
vn 0.1140 -0.0343 0.9929
vn 0.0135 -0.2082 0.9780
vn 0.0149 -0.2128 0.9770
vn -0.0759 -0.3558 0.9315
vn -0.2213 -0.5733 0.7889
vn -0.2862 -0.6834 0.6716
vn -0.3341 -0.7189 0.6096
vn -0.3788 -0.7829 0.4935
vn -0.4713 -0.8526 0.2257
vn -0.4884 -0.8724 0.0204
vn -0.5335 -0.8234 -0.1934
vn -0.4967 -0.7619 -0.4156
vn -0.4750 -0.6902 -0.5459
vn -0.4367 -0.5507 -0.7114
vn -0.3709 -0.4303 -0.8230
vn -0.3417 -0.3734 -0.8624
vn -0.2679 -0.2344 -0.9345
vn -0.1877 -0.0865 -0.9784
vn -0.1020 0.0639 -0.9927
vn -0.0047 0.2078 -0.9782
vn 0.0279 0.2550 -0.9665
vn 0.2104 0.5410 -0.8143
vn 0.1115 0.3935 -0.9125
vn 0.2632 0.6181 -0.7407
vn 0.3320 0.7098 -0.6213
vn 0.4189 0.8098 -0.4107
vn 0.4760 0.8598 -0.1846
vn 0.5033 0.8640 0.0101
vn 0.5147 0.7506 0.4143
vn 0.5227 0.8128 0.2570
vn 0.4319 0.4943 0.7544
vn 0.4233 0.4929 0.7602
vn 0.3426 0.3522 0.8710
vn 0.3646 0.3592 0.8591
vn 0.2634 0.1632 0.9508
vn 0.2130 0.0694 0.9746
vn 0.1604 -0.0268 0.9867
vn 0.0420 -0.2297 0.9723
vn -0.0033 -0.3106 0.9505
vn -0.0903 -0.4492 0.8888
vn -0.1362 -0.5015 0.8544
vn -0.2170 -0.6209 0.7533
vn -0.3441 -0.7586 0.5534
vn -0.3907 -0.8128 0.4320
vn -0.4701 -0.8548 0.2197
vn -0.4985 -0.8669 0.0042
vn -0.5438 -0.8060 -0.2337
vn -0.5142 -0.7395 -0.4345
vn -0.5050 -0.6845 -0.5258
vn -0.4844 -0.5948 -0.6415
vn -0.3745 -0.3806 -0.8455
vn -0.3045 -0.2419 -0.9213
vn -0.2956 -0.2164 -0.9305
vn -0.2166 -0.0690 -0.9738
vn 0.0007 0.2970 -0.9549
vn -0.1312 0.0801 -0.9881
vn 0.0869 0.4291 -0.8991
vn 0.1088 0.4538 -0.8844
vn 0.1949 0.5732 -0.7959
vn 0.2395 0.6320 -0.7370
vn 0.3076 0.7111 -0.6322
vn 0.4077 0.8150 -0.4117
vn 0.4708 0.8590 -0.2010
vn 0.5084 0.8611 0.0057
vn 0.5371 0.7232 0.4342
vn 0.5410 0.8139 0.2118
vn 0.5224 0.6654 0.5332
vn 0.4041 0.3687 0.8371
vn 0.4901 0.5924 0.6394
vn 0.3371 0.2245 0.9143
vn 0.3254 0.1963 0.9250
vn 0.2453 0.0490 0.9682
vn 0.0844 -0.2212 0.9716
vn 0.0007 -0.3593 0.9332
vn -0.0192 -0.3802 0.9247
vn -0.0688 -0.4465 0.8921
vn -0.1580 -0.5656 0.8094
vn -0.2395 -0.6671 0.7055
vn -0.3065 -0.7344 0.6056
vn -0.4065 -0.8336 0.3739
vn -0.4742 -0.8577 0.1986
vn -0.5088 -0.8608 0.0140
vn -0.5436 -0.8064 -0.2330
vn -0.5322 -0.7491 -0.3946
vn -0.5265 -0.6650 -0.5296
vn -0.3300 -0.1908 -0.9245
vn -0.3943 -0.2965 -0.8698
vn -0.3995 -0.3325 -0.8543
vn -0.3301 -0.1915 -0.9243
vn -0.2519 -0.0441 -0.9667
vn -0.1665 0.1042 -0.9805
vn -0.0205 0.3382 -0.9409
vn -0.0749 0.2474 -0.9660
vn 0.0702 0.4752 -0.8771
vn 0.1233 0.5412 -0.8318
vn 0.1861 0.6171 -0.7646
vn 0.3299 0.7715 -0.5440
vn 0.3961 0.8233 -0.4065
vn 0.4619 0.8577 -0.2261
vn 0.5143 0.8576 -0.0064
vn 0.5608 0.7456 0.3600
vn 0.5511 0.8132 0.1872
vn 0.5432 0.6295 0.5555
vn 0.5076 0.5003 0.7015
vn 0.4945 0.4505 0.7433
vn 0.4333 0.3110 0.8459
vn 0.3632 0.1739 0.9153
vn 0.2851 0.0262 0.9581
vn 0.1883 -0.1268 0.9739
vn 0.0967 -0.2592 0.9610
vn 0.0679 -0.2933 0.9536
vn -0.0308 -0.4317 0.9015
vn -0.1560 -0.5931 0.7899
vn -0.2468 -0.6966 0.6737
vn -0.3262 -0.7757 0.5403
vn -0.3971 -0.8274 0.3972
vn -0.4713 -0.8614 0.1896
vn -0.5226 -0.8520 -0.0320
vn -0.5478 -0.8030 -0.2346
vn -0.5513 -0.7447 -0.3762
vn -0.5282 -0.6188 -0.5814
vn -0.4809 -0.4383 -0.7593
vn -0.4934 -0.5093 -0.7051
vn -0.4343 -0.3007 -0.8491
vn -0.3683 -0.1603 -0.9158
vn -0.2924 -0.0164 -0.9561
vn -0.1191 0.2677 -0.9561
vn -0.2087 0.1274 -0.9696
vn -0.0936 0.3053 -0.9476
vn -0.0045 0.4332 -0.9013
vn 0.1293 0.6019 -0.7881
vn 0.2180 0.6937 -0.6864
vn 0.2931 0.7578 -0.5830
vn 0.3508 0.8037 -0.4806
vn 0.4643 0.8618 -0.2044
vn 0.5195 0.8544 -0.0049
vn -0.8541 0.5202 0.0014
vn -0.8541 0.5201 0.0014
vn -0.8541 0.5201 0.0013
vn -0.8542 0.5200 0.0014
vn -0.8542 0.5200 0.0015
vn -0.8540 0.5202 0.0014
vn -0.8541 0.5200 0.0014
vn -0.8540 0.5203 0.0014
vn -0.8542 0.5200 0.0013
vn -0.8541 0.5201 0.0015
vn 0.8541 -0.5201 -0.0014
vn 0.8541 -0.5201 -0.0013
vn 0.8541 -0.5202 -0.0014
vn 0.8541 -0.5202 -0.0013
vn 0.8541 -0.5201 -0.0015
vn -0.2751 -0.7876 0.5514
vn -0.1470 -0.8615 0.4860
vn -0.1452 -0.8632 0.4835
vn 0.5090 -0.3252 -0.7969
vn 0.4996 -0.3587 -0.7885
vn 0.5081 -0.3319 -0.7948
vn 0.8573 -0.3503 -0.3772
vn 0.8948 -0.2838 -0.3447
vn 0.8578 -0.3543 -0.3724
vn -0.5060 0.3539 0.7866
vn -0.5118 0.3187 0.7978
vn -0.5085 0.3383 0.7918
vn -0.8268 0.4720 0.3061
vn -0.8035 0.5016 0.3206
vn -0.8283 0.4715 0.3028
vn 0.8107 -0.4753 -0.3419
vn 0.8661 -0.3644 -0.3423
vn 0.8640 -0.3767 -0.3340
vn 0.8981 -0.2143 -0.3840
vn 0.8972 -0.2244 -0.3803
vn -0.8015 0.5039 0.3221
vn -0.7932 0.5117 0.3302
vn 0.9359 0.0496 -0.3488
vn 0.5145 0.8390 -0.1773
vn -0.5000 0.3906 0.7730
vn -0.4848 0.3693 0.7928
vn -0.5073 0.3217 0.7994
vn -0.5083 0.3212 0.7990
vn -0.5708 -0.5793 0.5820
vn -0.6879 -0.4500 0.5694
vn -0.6924 -0.4507 0.5635
vn 0.5184 -0.3209 -0.7926
vn 0.4855 -0.3667 -0.7936
vn 0.4801 -0.3841 -0.7887
vn 0.4924 -0.3893 -0.7785
vn 0.8918 -0.2638 -0.3675
vn 0.8913 -0.2718 -0.3630
vn 0.8856 -0.2837 -0.3678
vn 0.8845 -0.2848 -0.3696
vn 0.8783 -0.3098 -0.3642
vn 0.8764 -0.3189 -0.3608
vn 0.8669 -0.3479 -0.3570
vn 0.8637 -0.3488 -0.3639
vn 0.5291 -0.4041 -0.7462
vn 0.5083 -0.3751 -0.7752
vn -0.5187 0.3931 0.7592
vn -0.5499 0.4286 0.7169
vn -0.5796 0.1186 0.8062
vn -0.6241 0.1429 0.7682
vn -0.5771 0.1173 0.8082
vn 0.5865 -0.1204 -0.8009
vn 0.6428 -0.1517 -0.7509
vn 0.6450 -0.1529 -0.7487
vn 0.8605 -0.3536 -0.3667
vn 0.8763 -0.3735 -0.3043
vn 0.8764 -0.3737 -0.3038
vn -0.5833 0.1142 0.8042
vn -0.5541 0.0960 0.8269
vn -0.5838 0.1145 0.8038
vn -0.8735 0.3693 0.3172
vn -0.8871 0.3903 0.2463
vn -0.8734 0.3690 0.3179
vn 0.6053 -0.1246 -0.7862
vn 0.5442 -0.0862 -0.8345
vn 0.5429 -0.0854 -0.8354
vn -0.6007 -0.7666 0.2269
vn -0.5931 -0.7384 0.3211
vn -0.5918 -0.7355 0.3298
vn 0.2070 -0.1992 -0.9578
vn 0.2386 -0.2516 -0.9380
vn 0.1744 -0.2496 -0.9525
vn 0.8237 -0.2311 -0.5178
vn 0.8766 -0.0824 -0.4741
vn 0.8278 -0.2358 -0.5091
vn -0.2298 0.2580 0.9384
vn -0.2432 0.2046 0.9481
vn -0.2460 0.2309 0.9414
vn -0.7539 0.4836 0.4448
vn -0.7319 0.5022 0.4606
vn -0.7582 0.4825 0.4386
vn 0.7642 -0.4779 -0.4331
vn 0.8716 -0.2670 -0.4112
vn 0.8685 -0.2927 -0.4000
vn 0.9129 -0.0491 -0.4053
vn 0.9038 -0.0377 -0.4262
vn -0.7299 0.5036 0.4622
vn -0.7524 0.5083 0.4190
vn 0.8504 0.3006 -0.4318
vn 0.4409 0.8803 -0.1752
vn -0.2218 0.2728 0.9361
vn -0.2290 0.2693 0.9354
vn -0.2196 0.2379 0.9462
vn -0.2390 0.2550 0.9369
vn -0.5960 -0.7726 0.2190
vn -0.5939 -0.7840 0.1808
vn -0.5953 -0.7841 0.1758
vn 0.2422 -0.1939 -0.9506
vn 0.2719 -0.2835 -0.9196
vn 0.2225 -0.2947 -0.9293
vn 0.2214 -0.2962 -0.9291
vn 0.8872 -0.0560 -0.4581
vn 0.8741 -0.0368 -0.4843
vn 0.8702 -0.0670 -0.4881
vn 0.8733 -0.0834 -0.4800
vn 0.8724 -0.1445 -0.4669
vn 0.8711 -0.1599 -0.4644
vn 0.8583 -0.1987 -0.4732
vn 0.8485 -0.1848 -0.4959
vn 0.1888 -0.2652 -0.9455
vn 0.1734 -0.2313 -0.9573
vn -0.1932 0.1911 0.9624
vn -0.2514 0.2818 0.9259
vn -0.2797 0.0501 0.9588
vn -0.2648 0.0442 0.9633
vn -0.2809 0.0506 0.9584
vn 0.2866 -0.0565 -0.9564
vn 0.2636 -0.0400 -0.9638
vn 0.2887 -0.0580 -0.9556
vn 0.8016 -0.3670 -0.4720
vn 0.8148 -0.3760 -0.4413
vn 0.8149 -0.3761 -0.4409
vn -0.3100 0.0692 0.9482
vn -0.2804 0.0548 0.9583
vn -0.3108 0.0697 0.9479
vn -0.8060 0.3744 0.4584
vn -0.8092 0.3765 0.4511
vn -0.8060 0.3743 0.4585
vn 0.2974 -0.0628 -0.9527
vn 0.2858 -0.0571 -0.9566
vn 0.2854 -0.0569 -0.9567
vn -0.9347 -0.2517 0.2508
vn -0.9406 -0.2591 0.2194
vn -0.9408 -0.2602 0.2173
vn 0.5059 -0.4461 -0.7383
vn 0.5208 -0.4315 -0.7366
vn 0.5068 -0.4464 -0.7374
vn 0.9082 -0.2761 -0.3146
vn 0.9284 -0.2026 -0.3115
vn 0.9089 -0.2784 -0.3105
vn -0.5142 0.4242 0.7455
vn -0.5021 0.4444 0.7419
vn -0.4971 0.4422 0.7465
vn -0.7919 0.5394 0.2860
vn -0.7941 0.5367 0.2851
vn 0.8658 -0.3937 -0.3088
vn 0.7905 -0.5364 -0.2957
vn 0.9020 -0.3002 -0.3102
vn 0.9486 -0.1010 -0.3000
vn 0.9502 -0.1046 -0.2937
vn -0.7918 0.5395 0.2864
vn -0.7896 0.5392 0.2928
vn -0.7894 0.5391 0.2937
vn 0.9267 0.2415 -0.2879
vn 0.6333 0.7576 -0.1579
vn -0.5277 0.4622 0.7126
vn -0.5230 0.4561 0.7200
vn -0.5139 0.4465 0.7325
vn -0.5186 0.4515 0.7261
vn -0.9262 -0.2967 0.2326
vn -0.9208 -0.3401 0.1909
vn -0.9219 -0.3413 0.1833
vn 0.5100 -0.4456 -0.7357
vn 0.5031 -0.4448 -0.7410
vn 0.5119 -0.4463 -0.7340
vn 0.5269 -0.4566 -0.7169
vn 0.5294 -0.4640 -0.7103
vn 0.9484 -0.1280 -0.2901
vn 0.9445 -0.1589 -0.2875
vn 0.9405 -0.1804 -0.2878
vn 0.9408 -0.1804 -0.2868
vn 0.9368 -0.2008 -0.2864
vn 0.9310 -0.2183 -0.2926
vn 0.9212 -0.2543 -0.2945
vn 0.9161 -0.2561 -0.3085
vn 0.5312 -0.4434 -0.7219
vn 0.5285 -0.4543 -0.7171
vn -0.5516 0.4338 0.7124
vn -0.5424 0.4670 0.6984
vn -0.5741 0.3361 0.7466
vn -0.5437 0.3086 0.7805
vn -0.5406 0.3058 0.7837
vn 0.5770 -0.3446 -0.7405
vn 0.5197 -0.3097 -0.7963
vn 0.5804 -0.3451 -0.7376
vn 0.8293 -0.4701 -0.3020
vn 0.8291 -0.4700 -0.3027
vn -0.5843 0.3558 0.7293
vn -0.4779 0.2841 0.8312
vn -0.4736 0.2813 0.8346
vn -0.8260 0.4833 0.2900
vn -0.8221 0.4808 0.3049
vn -0.8220 0.4807 0.3053
vn 0.5176 -0.3141 -0.7959
vn 0.5739 -0.3520 -0.7394
vn -0.3004 -0.9255 0.2307
vn -0.2955 -0.9149 0.2749
vn -0.2951 -0.9141 0.2783
vn 0.0610 -0.1059 -0.9925
vn 0.0470 -0.1262 -0.9909
vn 0.0555 -0.1119 -0.9922
vn 0.8234 -0.2005 -0.5308
vn 0.8654 -0.0174 -0.5008
vn 0.8232 -0.1993 -0.5316
vn -0.0416 0.1201 0.9919
vn -0.0675 0.0991 0.9928
vn -0.0537 0.1059 0.9929
vn -0.7233 0.4608 0.5143
vn -0.7362 0.4942 0.4624
vn -0.7146 0.4618 0.5254
vn 0.7273 -0.4542 -0.5145
vn 0.8185 -0.2257 -0.5283
vn 0.8093 -0.2546 -0.5293
vn 0.8651 0.0233 -0.5011
vn 0.8698 0.0141 -0.4931
vn -0.7393 0.4941 0.4574
vn -0.7207 0.5049 0.4750
vn 0.8495 0.2752 -0.4501
vn 0.5169 0.8351 -0.1881
vn -0.0562 0.1899 0.9802
vn -0.0710 0.1790 0.9813
vn -0.0729 0.1287 0.9890
vn -0.1031 0.1178 0.9877
vn -0.3021 -0.9252 0.2296
vn -0.3102 -0.9296 0.1989
vn -0.3113 -0.9302 0.1943
vn 0.0588 -0.1386 -0.9886
vn 0.0852 -0.1304 -0.9878
vn 0.0733 -0.1880 -0.9794
vn 0.0652 -0.1923 -0.9792
vn 0.0653 -0.1926 -0.9791
vn 0.8740 -0.0433 -0.4839
vn 0.8693 -0.0510 -0.4917
vn 0.8525 -0.0825 -0.5161
vn 0.8462 -0.0811 -0.5267
vn 0.8426 -0.1247 -0.5239
vn 0.8415 -0.1324 -0.5239
vn 0.8315 -0.1653 -0.5303
vn 0.8284 -0.1686 -0.5342
vn 0.0413 -0.1649 -0.9854
vn 0.0315 -0.1413 -0.9895
vn -0.0244 0.1624 0.9864
vn -0.0321 0.1687 0.9851
vn -0.1225 -0.0141 0.9924
vn -0.1278 -0.0122 0.9917
vn -0.1219 -0.0144 0.9924
vn 0.1251 0.0138 -0.9920
vn 0.1081 0.0199 -0.9939
vn 0.1065 0.0205 -0.9941
vn 0.7684 -0.3564 -0.5315
vn 0.7844 -0.3661 -0.5007
vn 0.7846 -0.3662 -0.5003
vn -0.1635 0.0065 0.9865
vn -0.1825 0.0153 0.9831
vn -0.1627 0.0062 0.9867
vn -0.7671 0.3545 0.5347
vn -0.7792 0.3620 0.5116
vn -0.7669 0.3544 0.5350
vn 0.1515 -0.0031 -0.9885
vn 0.2216 -0.0358 -0.9745
vn 0.2239 -0.0368 -0.9739
vn -0.6072 -0.7784 -0.1592
vn -0.6081 -0.7938 -0.0132
vn -0.6050 -0.7962 -0.0048
vn -0.3017 0.0964 -0.9485
vn -0.3015 0.0877 -0.9494
vn -0.2994 0.0903 -0.9498
vn 0.7323 0.1277 -0.6689
vn 0.7562 0.3530 -0.5510
vn 0.7533 0.1000 -0.6500
vn 0.3265 -0.0499 0.9439
vn 0.3079 -0.0818 0.9479
vn 0.2960 -0.0910 0.9508
vn -0.5852 0.4222 0.6924
vn -0.5711 0.4468 0.6886
vn -0.5854 0.4221 0.6922
vn 0.5987 -0.3999 -0.6940
vn 0.7372 0.0736 -0.6716
vn 0.7285 0.0070 -0.6850
vn 0.7285 0.3986 -0.5571
vn 0.7285 0.3940 -0.5603
vn -0.5708 0.4473 0.6886
vn -0.5683 0.4533 0.6867
vn 0.7049 0.5671 -0.4261
vn 0.4720 0.8685 -0.1516
vn 0.2936 -0.0373 0.9552
vn 0.3218 -0.0458 0.9457
vn 0.3392 -0.0440 0.9397
vn 0.2959 -0.0587 0.9534
vn -0.5689 -0.7974 -0.2014
vn -0.4550 -0.8214 -0.3439
vn -0.4571 -0.8184 -0.3482
vn -0.3260 0.0517 -0.9439
vn -0.3176 0.0734 -0.9454
vn -0.2942 0.0361 -0.9551
vn -0.2927 0.0406 -0.9553
vn 0.7323 0.3581 -0.5793
vn 0.7583 0.3210 -0.5674
vn 0.7897 0.2889 -0.5411
vn 0.8117 0.2642 -0.5209
vn 0.8152 0.2514 -0.5218
vn 0.8150 0.2456 -0.5249
vn 0.8195 0.1423 -0.5551
vn 0.7966 0.1598 -0.5830
vn -0.3379 0.0319 -0.9406
vn -0.3252 0.0551 -0.9440
vn 0.2975 -0.1003 0.9494
vn 0.2907 -0.0725 0.9541
vn 0.2801 -0.1566 0.9471
vn 0.2806 -0.1570 0.9469
vn 0.2807 -0.1571 0.9468
vn -0.2672 0.1476 -0.9523
vn -0.2576 0.1470 -0.9550
vn -0.2822 0.1544 -0.9469
vn 0.6295 -0.3348 -0.7011
vn 0.6540 -0.3469 -0.6722
vn 0.6545 -0.3471 -0.6716
vn 0.2498 -0.1404 0.9581
vn 0.2369 -0.1351 0.9621
vn 0.2508 -0.1408 0.9578
vn -0.6331 0.3326 0.6990
vn -0.6730 0.3570 0.6478
vn -0.6736 0.3574 0.6470
vn -0.2878 0.1586 -0.9445
vn -0.2363 0.1375 -0.9619
vn -0.9484 -0.2626 0.1778
vn -0.9491 -0.2631 0.1731
vn -0.9491 -0.2631 0.1728
vn 0.5505 -0.3814 -0.7426
vn 0.5562 -0.3844 -0.7368
vn 0.5535 -0.3782 -0.7420
vn 0.8990 -0.3480 -0.2658
vn 0.9135 -0.2679 -0.3062
vn 0.8984 -0.3320 -0.2876
vn -0.5666 0.3817 0.7302
vn -0.5588 0.3905 0.7316
vn -0.5696 0.3501 0.7436
vn -0.8022 0.5158 0.3007
vn -0.8087 0.4985 0.3124
vn -0.8086 0.4984 0.3126
vn 0.8187 -0.4913 -0.2973
vn 0.8905 -0.3608 -0.2772
vn 0.8812 -0.3906 -0.2663
vn 0.9290 -0.2201 -0.2975
vn 0.9283 -0.2241 -0.2967
vn -0.8028 0.5163 0.2984
vn -0.8121 0.5272 0.2502
vn -0.8131 0.5278 0.2456
vn 0.9483 0.1009 -0.3009
vn 0.5850 0.7971 -0.1495
vn -0.5434 0.4241 0.7245
vn -0.5246 0.4028 0.7501
vn -0.5444 0.3987 0.7380
vn -0.5415 0.3920 0.7437
vn -0.9489 -0.2629 0.1747
vn -0.9523 -0.2628 0.1552
vn -0.9532 -0.2626 0.1498
vn 0.5365 -0.3965 -0.7449
vn 0.5441 -0.3817 -0.7472
vn 0.5324 -0.4157 -0.7374
vn 0.5478 -0.4373 -0.7132
vn 0.5558 -0.4455 -0.7018
vn 0.9236 -0.2461 -0.2938
vn 0.9203 -0.2578 -0.2944
vn 0.9115 -0.2828 -0.2987
vn 0.9086 -0.2945 -0.2961
vn 0.9011 -0.3249 -0.2871
vn 0.8971 -0.3207 -0.3040
vn 0.8916 -0.3094 -0.3307
vn 0.8920 -0.3129 -0.3261
vn 0.5585 -0.4485 -0.6978
vn 0.5598 -0.3996 -0.7259
vn -0.5695 0.4336 0.6983
vn -0.5854 0.4695 0.6610
vn -0.6230 0.2532 0.7401
vn -0.5292 0.1710 0.8311
vn -0.5227 0.1655 0.8363
vn 0.6250 -0.2555 -0.7376
vn 0.5183 -0.1621 -0.8397
vn 0.6328 -0.2627 -0.7284
vn 0.8555 -0.4126 -0.3130
vn 0.8643 -0.4213 -0.2746
vn 0.8645 -0.4215 -0.2740
vn -0.6311 0.2716 0.7266
vn -0.5024 0.1788 0.8459
vn -0.4990 0.1764 0.8485
vn -0.8465 0.4281 0.3164
vn -0.8539 0.4339 0.2873
vn -0.8464 0.4280 0.3169
vn 0.6223 -0.2643 -0.7369
vn 0.5269 -0.1952 -0.8272
vn 0.6249 -0.2663 -0.7339
vn -0.9055 -0.3816 0.1858
vn -0.9069 -0.3551 0.2267
vn -0.9067 -0.3532 0.2305
vn 0.5058 -0.4252 -0.7506
vn 0.5116 -0.4363 -0.7402
vn 0.5063 -0.4462 -0.7379
vn 0.9167 -0.2485 -0.3129
vn 0.9362 -0.1609 -0.3126
vn 0.9167 -0.2453 -0.3155
vn -0.4874 0.4387 0.7550
vn -0.5008 0.4383 0.7464
vn -0.5003 0.4175 0.7586
vn -0.7871 0.5374 0.3027
vn -0.7888 0.5363 0.3003
vn 0.8689 -0.3951 -0.2981
vn 0.7967 -0.5316 -0.2874
vn 0.9031 -0.2998 -0.3075
vn 0.9379 -0.0845 -0.3366
vn 0.9437 -0.0881 -0.3188
vn -0.7869 0.5373 0.3036
vn -0.7832 0.5353 0.3163
vn -0.7827 0.5348 0.3184
vn 0.9135 0.2936 -0.2817
vn 0.6137 0.7729 -0.1612
vn -0.5086 0.4538 0.7317
vn -0.5197 0.4573 0.7216
vn -0.5093 0.4490 0.7342
vn -0.5229 0.4533 0.7219
vn -0.8931 -0.4112 0.1827
vn -0.8755 -0.4453 0.1877
vn -0.8748 -0.4444 0.1931
vn 0.4953 -0.4309 -0.7543
vn 0.4838 -0.4262 -0.7644
vn 0.4906 -0.4378 -0.7535
vn 0.5015 -0.4409 -0.7444
vn 0.5015 -0.4448 -0.7421
vn 0.9477 -0.0709 -0.3113
vn 0.9516 -0.1043 -0.2891
vn 0.9486 -0.1283 -0.2893
vn 0.9447 -0.1487 -0.2924
vn 0.9387 -0.1821 -0.2928
vn 0.9343 -0.1812 -0.3070
vn 0.9269 -0.2128 -0.3092
vn 0.9216 -0.2221 -0.3183
vn 0.5112 -0.4340 -0.7418
vn 0.5156 -0.4323 -0.7398
vn -0.4972 0.4748 0.7262
vn -0.4932 0.4626 0.7367
vn -0.5478 0.3407 0.7641
vn -0.5066 0.3039 0.8069
vn -0.5019 0.2997 0.8114
vn 0.5679 -0.3520 -0.7440
vn 0.5281 -0.3158 -0.7882
vn 0.5729 -0.3567 -0.7379
vn 0.8260 -0.4770 -0.3004
vn 0.8240 -0.4763 -0.3070
vn 0.8239 -0.4762 -0.3072
vn -0.5829 0.3658 0.7256
vn -0.5528 0.3455 0.7583
vn -0.5515 0.3446 0.7596
vn -0.8188 0.4854 0.3065
vn -0.8198 0.4857 0.3034
vn -0.8188 0.4853 0.3066
vn 0.5338 -0.3392 -0.7746
vn 0.5046 -0.3198 -0.8019
vn 0.5351 -0.3401 -0.7733
vn -0.3517 -0.9174 0.1862
vn -0.3422 -0.9034 0.2583
vn -0.3403 -0.9024 0.2644
vn -0.1374 -0.0343 -0.9899
vn -0.0987 -0.0461 -0.9940
vn -0.1522 -0.0474 -0.9872
vn 0.7866 -0.0904 -0.6108
vn 0.8036 0.1860 -0.5653
vn 0.7777 -0.0707 -0.6246
vn 0.0928 0.0656 0.9935
vn 0.1432 0.0025 0.9897
vn 0.1382 -0.0069 0.9904
vn -0.6880 0.4503 0.5691
vn -0.6863 0.4744 0.5513
vn -0.6875 0.4504 0.5697
vn 0.6400 -0.4559 -0.6185
vn 0.7986 -0.0496 -0.5998
vn 0.7952 -0.0622 -0.6032
vn 0.8372 0.2454 -0.4887
vn 0.8268 0.2520 -0.5030
vn -0.6873 0.4757 0.5489
vn -0.7217 0.4875 0.4914
vn 0.7522 0.4606 -0.4712
vn 0.4350 0.8849 -0.1663
vn 0.1486 0.0741 0.9861
vn 0.0672 0.0866 0.9940
vn 0.1073 0.0154 0.9941
vn 0.0572 0.0625 0.9964
vn -0.3387 -0.9245 0.1748
vn -0.3123 -0.9393 0.1420
vn -0.3128 -0.9393 0.1411
vn -0.0905 0.0034 -0.9959
vn -0.0894 -0.0715 -0.9934
vn -0.1164 -0.0828 -0.9897
vn -0.1248 -0.0796 -0.9890
vn 0.8193 0.1581 -0.5511
vn 0.7983 0.1811 -0.5744
vn 0.8059 0.1328 -0.5770
vn 0.8305 0.0847 -0.5505
vn 0.8507 -0.0051 -0.5257
vn 0.8384 0.0114 -0.5450
vn 0.7877 0.0243 -0.6156
vn 0.7594 0.0528 -0.6485
vn -0.1873 -0.0610 -0.9804
vn -0.1441 -0.0477 -0.9884
vn 0.1778 0.0927 0.9797
vn 0.1817 0.0798 0.9801
vn 0.0945 -0.0862 0.9918
vn 0.0475 -0.0720 0.9963
vn 0.1012 -0.0882 0.9909
vn -0.0586 0.0703 -0.9958
vn -0.0306 0.0618 -0.9976
vn -0.0266 0.0605 -0.9978
vn 0.6731 -0.3337 -0.6600
vn 0.7309 -0.3642 -0.5771
vn 0.7317 -0.3646 -0.5759
vn 0.0119 -0.0548 0.9984
vn 0.0369 -0.0656 0.9972
vn 0.0107 -0.0543 0.9985
vn -0.7280 0.3560 0.5859
vn -0.7421 0.3636 0.5631
vn -0.7277 0.3559 0.5863
vn -0.0762 0.0864 -0.9933
vn -0.0682 0.0830 -0.9942
vn -0.0678 0.0829 -0.9942
vn 0.3644 -0.9284 -0.0725
vn 0.7870 -0.4496 -0.4226
vn -0.7631 0.5095 0.3976
vn 0.4192 0.8940 -0.1584
vn -0.2760 0.2988 0.9135
vn 0.2820 -0.2535 -0.9253
vn 0.2694 -0.2973 -0.9160
vn 0.3047 -0.3160 -0.8985
vn 0.2849 -0.2978 -0.9111
vn 0.2694 -0.2715 -0.9240
vn -0.2937 0.3088 0.9046
vn -0.2732 0.2567 0.9271
vn -0.2711 0.2560 0.9279
vn -0.2967 0.3115 0.9027
vn -0.3327 0.0768 0.9399
vn 0.3402 -0.0799 -0.9369
vn 0.8159 -0.3774 -0.4381
vn -0.3817 0.1028 0.9185
vn 0.3395 -0.0811 -0.9371
vn 0.7969 -0.5339 -0.2825
vn 0.6223 0.7713 -0.1337
vn -0.5572 0.4720 0.6832
vn 0.5411 -0.4016 -0.7389
vn 0.5242 -0.4480 -0.7242
vn 0.8462 0.1651 0.5067
vn 0.9452 0.1567 0.2863
vn -0.4998 0.4572 0.7356
vn -0.5402 0.4072 0.7364
vn -0.9806 -0.0856 -0.1765
vn -0.9828 -0.0189 -0.1835
vn -0.6041 0.3364 0.7225
vn 0.5315 -0.2710 -0.8025
vn 0.8395 -0.4599 -0.2894
vn -0.5891 0.3355 0.7351
vn -0.8341 0.4744 0.2815
vn 0.5198 -0.2885 -0.8041
vn -0.7962 0.5342 0.2842
vn 0.5005 0.8522 -0.1526
vn -0.3976 0.4026 0.8246
vn 0.3906 -0.3934 -0.8322
vn 0.4079 -0.3974 -0.8220
vn 0.3972 -0.4011 -0.8255
vn 0.4010 -0.4053 -0.8216
vn 0.3993 -0.4232 -0.8133
vn -0.3871 0.4012 0.8302
vn -0.4056 0.3724 0.8347
vn -0.4152 0.3676 0.8321
vn -0.4105 0.4349 0.8014
vn 0.4295 -0.3153 -0.8462
vn -0.4561 0.3435 0.8210
vn -0.8031 0.5038 0.3181
vn 0.3637 -0.2871 -0.8862
vn 0.7953 -0.4774 -0.3736
vn -0.7861 0.5076 0.3528
vn 0.4695 0.8664 -0.1703
vn -0.4498 0.3702 0.8128
vn 0.4408 -0.3078 -0.8432
vn 0.4369 -0.3335 -0.8354
vn 0.4458 -0.3646 -0.8175
vn 0.3872 -0.3232 -0.8635
vn 0.4339 -0.3322 -0.8375
vn -0.4835 0.3818 0.7877
vn -0.4382 0.3056 0.8453
vn -0.4467 0.3443 0.8258
vn -0.4265 0.3344 0.8404
vn 0.5088 -0.1200 -0.8524
vn 0.8416 -0.3653 -0.3979
vn -0.5638 0.1472 0.8127
vn -0.8612 0.3783 0.3393
vn 0.7337 -0.4301 -0.5260
vn -0.6611 0.4644 0.5893
vn 0.4224 0.8900 -0.1716
vn 0.1966 0.0527 0.9791
vn -0.0951 -0.0317 -0.9950
vn -0.2250 -0.0547 -0.9728
vn -0.1954 -0.0551 -0.9792
vn -0.9895 -0.0906 -0.1130
vn -0.9485 -0.2795 0.1489
vn 0.1417 0.0696 0.9875
vn 0.1700 0.0019 0.9854
vn 0.2202 0.0778 0.9723
vn 0.9724 0.2234 -0.0680
vn -0.1577 0.1043 -0.9820
vn 0.7518 -0.3844 -0.5357
vn 0.0991 -0.0860 0.9913
vn -0.7478 0.3764 0.5469
vn -0.0564 0.0661 -0.9962
vn 0.7428 -0.4767 -0.4701
vn -0.7453 0.5052 0.4352
vn 0.4582 0.8689 -0.1872
vn -0.1512 0.2434 0.9581
vn 0.2112 -0.1632 -0.9637
vn 0.1604 -0.2045 -0.9656
vn 0.1844 -0.2537 -0.9495
vn 0.1765 -0.2458 -0.9531
vn 0.1565 -0.1924 -0.9688
vn -0.1835 0.2562 0.9490
vn -0.1548 0.2093 0.9655
vn -0.1586 0.2024 0.9664
vn -0.1435 0.2192 0.9651
vn 0.2441 -0.0348 -0.9691
vn 0.7919 -0.3634 -0.4907
vn -0.2565 0.0435 0.9656
vn -0.8086 0.3762 0.4524
vn 0.8138 -0.4856 -0.3194
vn -0.7919 0.5184 0.3229
vn 0.5259 0.8361 -0.1561
vn -0.5450 0.4288 0.7205
vn 0.5595 -0.3842 -0.7344
vn 0.5872 -0.4292 -0.6863
vn 0.8954 -0.0357 0.4438
vn 0.5619 -0.4077 -0.7198
vn -0.5757 0.4273 0.6971
vn -0.5455 0.3926 0.7405
vn -0.5472 0.4047 0.7326
vn -0.4871 0.3511 0.7997
vn -0.6283 0.2282 0.7438
vn 0.5382 -0.1469 -0.8299
vn 0.8581 -0.3951 -0.3279
vn -0.6449 0.2501 0.7222
vn -0.8383 0.3995 0.3711
vn 0.4504 -0.1120 -0.8858
vn 0.7062 -0.4461 -0.5498
vn -0.6978 0.4881 0.5242
vn 0.5172 0.8444 -0.1397
vn 0.0654 0.1063 0.9922
vn -0.0505 -0.0633 -0.9967
vn -0.0697 -0.0710 -0.9950
vn -0.0392 -0.1205 -0.9919
vn -0.0574 -0.1009 -0.9932
vn -0.0690 -0.0747 -0.9948
vn 0.0673 0.1139 0.9912
vn 0.0454 0.0824 0.9956
vn 0.0605 0.1525 0.9864
vn 0.0247 0.1535 0.9878
vn -0.0281 -0.0434 0.9987
vn -0.0108 0.0590 -0.9982
vn 0.7395 -0.3616 -0.5678
vn -0.0330 -0.0415 0.9986
vn -0.7570 0.3627 0.5435
vn 0.0038 0.0554 -0.9985
vn 0.7826 -0.5356 -0.3173
vn -0.7923 0.5333 0.2965
vn 0.4870 0.8598 -0.1537
vn -0.3672 0.3804 0.8488
vn 0.3862 -0.3913 -0.8353
vn 0.3715 -0.3772 -0.8484
vn 0.3736 -0.3862 -0.8434
vn 0.3678 -0.3826 -0.8475
vn 0.3697 -0.3866 -0.8449
vn -0.3648 0.3825 0.8489
vn -0.3673 0.3609 0.8572
vn -0.3792 0.3106 0.8716
vn -0.3790 0.3985 0.8352
vn -0.4026 0.3253 0.8556
vn 0.3873 -0.3077 -0.8691
vn 0.8007 -0.5036 -0.3244
vn -0.3909 0.3246 0.8613
vn -0.7977 0.5097 0.3223
vn 0.3400 -0.2870 -0.8956
vn 0.7833 -0.4759 -0.4000
vn -0.7733 0.5148 0.3702
vn 0.4183 0.8955 -0.1518
vn -0.3208 0.3286 0.8883
vn 0.3288 -0.2730 -0.9041
vn 0.3193 -0.2787 -0.9058
vn 0.3335 -0.3109 -0.8900
vn 0.2522 -0.2483 -0.9353
vn 0.3260 -0.2845 -0.9015
vn -0.3356 0.3253 0.8841
vn -0.3426 0.2770 0.8977
vn -0.9701 -0.1149 -0.2139
vn -0.9620 -0.0439 -0.2696
vn -0.4106 0.1075 0.9054
vn 0.3768 -0.0917 -0.9218
vn 0.8237 -0.3786 -0.4221
vn -0.4526 0.1276 0.8825
vn 0.3831 -0.0898 -0.9193
vn -0.8169 0.5241 0.2407
vn 0.8062 -0.5116 -0.2972
vn 0.6506 0.7392 -0.1744
vn -0.5286 0.4631 0.7114
vn 0.5635 -0.4032 -0.7210
vn 0.5669 -0.4499 -0.6901
vn 0.5597 -0.4391 -0.7028
vn 0.9591 0.0727 0.2737
vn -0.5189 0.4524 0.7253
vn -0.5336 0.4078 0.7409
vn -0.9117 -0.1574 -0.3795
vn -0.9800 0.0546 -0.1913
vn -0.6166 0.3134 0.7222
vn 0.5263 -0.2360 -0.8169
vn 0.8434 -0.4438 -0.3028
vn -0.6234 0.3287 0.7095
vn -0.8355 0.4615 0.2981
vn 0.5014 -0.2496 -0.8285
vn 0.5595 -0.4681 -0.6839
vn -0.6192 0.4803 0.6212
vn 0.4391 0.8849 -0.1555
vn 0.2934 -0.0063 0.9560
vn -0.3176 0.0155 -0.9481
vn -0.2328 0.1277 -0.9641
vn -0.2594 0.0270 -0.9654
vn -0.2890 0.0699 -0.9548
vn -0.9679 -0.2495 0.0320
vn 0.3258 -0.0351 0.9448
vn 0.2953 -0.0679 0.9530
vn 0.2884 -0.1022 0.9520
vn 0.9824 0.1866 -0.0054
vn -0.2333 0.1339 -0.9631
vn 0.1757 -0.1135 0.9779
vn -0.5981 0.3066 0.7404
vn -0.2557 0.1500 -0.9550
vn 0.7226 -0.4490 -0.5256
vn -0.7224 0.5046 0.4728
vn 0.5388 0.8247 -0.1723
vn 0.0177 0.1361 0.9905
vn 0.0056 -0.0793 -0.9968
vn -0.0056 -0.1042 -0.9945
vn 0.0318 -0.1605 -0.9865
vn 0.0096 -0.1378 -0.9904
vn -0.0048 -0.1085 -0.9941
vn -0.0058 0.1500 0.9887
vn 0.0114 0.0937 0.9955
vn 0.0124 0.0993 0.9950
vn -0.0133 0.1592 0.9872
vn -0.0583 -0.0360 0.9976
vn 0.0645 0.0327 -0.9974
vn 0.7598 -0.3605 -0.5411
vn -0.1529 0.0087 0.9882
vn -0.7758 0.3662 0.5138
vn 0.0641 0.0331 -0.9974
vn 0.7967 -0.4816 -0.3651
vn -0.7851 0.5087 0.3532
vn 0.4452 0.8759 -0.1860
vn -0.4138 0.3553 0.8382
vn 0.4293 -0.3142 -0.8467
vn 0.4080 -0.3155 -0.8567
vn 0.4502 -0.3704 -0.8125
vn 0.4183 -0.3432 -0.8409
vn 0.4099 -0.3263 -0.8518
vn -0.4504 0.3734 0.8110
vn -0.4061 0.3149 0.8578
vn -0.4080 0.3260 0.8528
vn -0.4368 0.3590 0.8248
vn -0.4942 0.1237 0.8605
vn 0.4672 -0.1107 -0.8772
vn 0.8422 -0.3741 -0.3884
vn -0.5224 0.1384 0.8414
vn -0.8521 0.3796 0.3603
vn 0.4845 -0.1159 -0.8671
vn 0.5579 -0.4675 -0.6857
vn -0.6373 0.4883 0.5962
vn 0.4239 0.8907 -0.1643
vn 0.2460 0.0217 0.9690
vn -0.2942 -0.0001 -0.9557
vn -0.2341 0.0535 -0.9707
vn -0.2489 -0.0260 -0.9682
vn -0.9685 -0.1196 0.2185
vn -0.9686 -0.2394 0.0677
vn 0.2533 0.0330 0.9668
vn 0.2691 -0.0039 0.9631
vn 0.9524 0.2973 -0.0672
vn 0.9830 0.1757 -0.0525
vn -0.1671 0.1026 -0.9806
vn 0.6215 -0.3238 -0.7133
vn 0.1665 -0.1073 0.9802
vn -0.6438 0.3305 0.6901
vn -0.2359 0.1361 -0.9622
vn -0.7944 0.5316 0.2939
vn 0.4745 0.8704 -0.1313
vn -0.3224 0.3380 0.8842
vn 0.3121 -0.3349 -0.8891
vn 0.3442 -0.3398 -0.8753
vn 0.3395 -0.3640 -0.8673
vn 0.3354 -0.3606 -0.8703
vn 0.3408 -0.3737 -0.8627
vn -0.3721 0.3627 0.8544
vn -0.3833 0.3237 0.8650
vn -0.3789 0.3467 0.8581
vn -0.3784 0.3723 0.8475
vn -0.3714 0.3305 0.8677
vn 0.3726 -0.3138 -0.8733
vn 0.7964 -0.5099 -0.3251
vn -0.3646 0.3135 0.8768
vn -0.7934 0.5095 0.3331
vn 0.3319 -0.2863 -0.8988
vn 0.5449 -0.3465 -0.7635
vn 0.7958 -0.4795 -0.3700
vn -0.8005 0.5170 0.3032
vn 0.5206 0.8381 -0.1632
vn -0.5124 0.4080 0.7556
vn 0.5287 -0.3650 -0.7664
vn 0.5717 -0.4296 -0.6990
vn 0.5597 -0.4177 -0.7157
vn 0.9327 -0.0276 0.3597
vn -0.5495 0.4213 0.7215
vn -0.5324 0.3763 0.7583
vn -0.5434 0.3965 0.7399
vn -0.9166 0.0028 -0.3997
vn -0.6121 0.1881 0.7681
vn 0.4182 -0.0296 -0.9079
vn -0.6134 0.1997 0.7641
vn -0.8550 0.3943 0.3370
vn 0.4675 -0.0951 -0.8788
vn 0.7870 -0.5361 -0.3053
vn 0.5226 0.8388 -0.1527
vn -0.4386 0.4232 0.7928
vn 0.4312 -0.4126 -0.8024
vn 0.9052 0.3783 0.1936
vn 0.4437 -0.4280 -0.7874
vn 0.4575 -0.4481 -0.7680
vn 0.8981 0.3034 0.3183
vn -0.4335 0.4139 0.8004
vn -0.4720 0.3960 0.7877
vn -0.8790 -0.3897 -0.2749
vn -0.4406 0.3941 0.8066
vn 0.4646 -0.3227 -0.8246
vn 0.8116 -0.4927 -0.3139
vn -0.4866 0.3497 0.8006
vn -0.8176 0.5017 0.2826
vn 0.4126 -0.3005 -0.8599
vn -0.8010 0.5337 0.2713
vn 0.5344 0.8368 -0.1195
vn -0.4607 0.4360 0.7731
vn 0.9380 0.3168 0.1409
vn 0.4557 -0.4375 -0.7752
vn 0.4725 -0.4301 -0.7693
vn 0.9193 0.2496 0.3045
vn -0.4486 0.4221 0.7877
vn -0.4584 0.4313 0.7771
vn -0.4627 0.4130 0.7844
vn -0.4420 0.4188 0.7932
vn 0.4884 -0.3277 -0.8088
vn 0.8232 -0.4926 -0.2825
vn -0.5229 0.3570 0.7740
vn -0.8104 0.4950 0.3134
vn 0.8171 -0.4791 -0.3206
vn -0.7983 0.5081 0.3235
vn 0.5204 0.8354 -0.1766
vn -0.5074 0.3999 0.7633
vn 0.5546 -0.3339 -0.7622
vn 0.5181 -0.3710 -0.7707
vn 0.5565 -0.4204 -0.7166
vn 0.5192 -0.3880 -0.7615
vn 0.5221 -0.3994 -0.7536
vn -0.5328 0.4142 0.7380
vn -0.5219 0.3712 0.7680
vn -0.5216 0.3853 0.7612
vn -0.5565 0.4321 0.7096
vn -0.6119 0.1479 0.7770
vn 0.4455 -0.0152 -0.8952
vn 0.8703 -0.3576 -0.3388
vn -0.6144 0.1624 0.7721
vn -0.8646 0.3777 0.3315
vn 0.3797 0.0006 -0.9251
vn 0.8070 -0.5192 -0.2815
vn 0.5718 0.8091 -0.1358
vn -0.4778 0.4300 0.7660
vn 0.4764 -0.4289 -0.7675
vn 0.4721 -0.4421 -0.7627
vn 0.4756 -0.4492 -0.7563
vn 0.4741 -0.4270 -0.7699
vn -0.4774 0.4506 0.7544
vn -0.4817 0.4285 0.7645
vn -0.4952 0.4041 0.7691
vn -0.4898 0.4602 0.7405
vn -0.5293 0.3508 0.7725
vn 0.5005 -0.3188 -0.8049
vn 0.8264 -0.4852 -0.2857
vn -0.5520 0.3615 0.7514
vn -0.8249 0.4933 0.2761
vn 0.5288 -0.3435 -0.7761
vn 0.8098 -0.4815 -0.3353
vn -0.7973 0.5085 0.3251
vn 0.5099 0.8426 -0.1731
vn -0.4734 0.3748 0.7972
vn 0.4950 -0.3116 -0.8111
vn 0.4749 -0.3354 -0.8136
vn 0.4958 -0.3898 -0.7761
vn 0.4851 -0.3804 -0.7874
vn 0.4789 -0.3625 -0.7995
vn -0.4962 0.3888 0.7763
vn -0.4925 0.3406 0.8009
vn -0.9673 0.0035 -0.2536
vn -0.5061 0.3585 0.7844
vn 0.5472 -0.1276 -0.8272
vn 0.8569 -0.3701 -0.3589
vn -0.6399 0.1717 0.7490
vn -0.8844 0.3928 0.2522
vn 0.5575 -0.1184 -0.8217
vn 0.8222 -0.4964 -0.2785
vn 0.6238 0.7653 -0.1590
vn -0.5255 0.4309 0.7336
vn 0.5503 -0.4091 -0.7279
vn 0.5558 -0.4404 -0.7051
vn 0.5423 -0.4263 -0.7240
vn 0.8765 0.1326 0.4628
vn -0.5670 0.4431 0.6944
vn -0.5614 0.4039 0.7223
vn -0.8253 -0.1830 -0.5342
vn -0.8680 -0.0762 -0.4907
vn -0.6298 0.2917 0.7199
vn 0.5248 -0.2014 -0.8271
vn 0.8556 -0.4336 -0.2826
vn -0.6132 0.2910 0.7344
vn -0.8446 0.4465 0.2954
vn 0.5397 -0.2368 -0.8079
vn 0.7500 -0.4557 -0.4794
vn -0.7327 0.5061 0.4549
vn 0.4948 0.8463 -0.1974
vn -0.1211 0.2234 0.9672
vn 0.0771 -0.1957 -0.9776
vn 0.1124 -0.2303 -0.9666
vn 0.0968 -0.2143 -0.9720
vn 0.0757 -0.1779 -0.9811
vn -0.1298 0.2155 0.9678
vn -0.1038 0.1512 0.9830
vn -0.1101 0.1746 0.9785
vn -0.0488 0.1475 0.9879
vn -0.1909 0.0138 0.9815
vn 0.1933 -0.0144 -0.9810
vn 0.7909 -0.3663 -0.4902
vn -0.2202 0.0292 0.9750
vn -0.7972 0.3708 0.4765
vn 0.2062 -0.0228 -0.9782
vn 0.7824 -0.4851 -0.3905
vn -0.7722 0.5074 0.3824
vn 0.4229 0.8872 -0.1844
vn -0.3710 0.3425 0.8632
vn 0.3892 -0.2754 -0.8791
vn 0.3649 -0.2972 -0.8823
vn 0.4093 -0.3656 -0.8359
vn 0.4443 -0.3885 -0.8072
vn 0.3673 -0.3085 -0.8775
vn -0.4315 0.3827 0.8169
vn -0.3700 0.3099 0.8758
vn -0.3656 0.3287 0.8708
vn -0.4600 0.3906 0.7974
vn -0.4615 0.1180 0.8793
vn 0.4261 -0.1027 -0.8988
vn 0.8291 -0.3722 -0.4172
vn -0.4670 0.1199 0.8761
vn -0.8516 0.3866 0.3540
vn 0.4377 -0.1030 -0.8932
vn 0.8081 -0.4760 -0.3469
vn -0.7928 0.5117 0.3311
vn 0.5147 0.8383 -0.1799
vn -0.5033 0.3912 0.7705
vn 0.5367 -0.3157 -0.7825
vn 0.5083 -0.3523 -0.7858
vn 0.5341 -0.4081 -0.7404
vn 0.5195 -0.3969 -0.7567
vn 0.5091 -0.3764 -0.7740
vn -0.5122 0.3991 0.7605
vn -0.5106 0.3609 0.7804
vn -0.9771 0.0495 -0.2067
vn -0.5069 0.3611 0.7827
vn -0.6258 0.1439 0.7666
vn 0.5834 -0.1187 -0.8035
vn 0.8604 -0.3534 -0.3673
vn -0.5535 0.0956 0.8273
vn -0.8872 0.3904 0.2458
vn 0.6063 -0.1252 -0.7853
vn 0.7520 -0.4812 -0.4506
vn -0.7540 0.5084 0.4160
vn 0.4411 0.8804 -0.1743
vn -0.2254 0.2750 0.9347
vn 0.2324 -0.2317 -0.9446
vn 0.1556 -0.2448 -0.9570
vn 0.2268 -0.2897 -0.9299
vn 0.1533 -0.2246 -0.9623
vn 0.1549 -0.1900 -0.9695
vn -0.2431 0.2850 0.9272
vn -0.2222 0.3022 0.9270
vn -0.2068 0.2574 0.9439
vn -0.2574 0.3000 0.9185
vn -0.2634 0.0436 0.9637
vn 0.2617 -0.0387 -0.9644
vn 0.8014 -0.3669 -0.4724
vn -0.2794 0.0544 0.9586
vn -0.8092 0.3765 0.4510
vn 0.2978 -0.0630 -0.9525
vn 0.6329 0.7583 -0.1561
vn -0.5365 0.4710 0.7002
vn 0.5468 -0.3942 -0.7386
vn 0.5317 -0.4510 -0.7169
vn 0.5341 -0.4534 -0.7136
vn 0.5412 -0.4217 -0.7275
vn -0.5162 0.4562 0.7249
vn -0.5519 0.3920 0.7360
vn -0.8655 -0.2838 -0.4127
vn -0.9365 -0.1529 -0.3155
vn -0.5777 0.3393 0.7424
vn 0.5224 -0.2956 -0.7998
vn -0.5885 0.3587 0.7246
vn -0.8261 0.4833 0.2896
vn 0.7260 -0.4544 -0.5161
vn -0.7202 0.5049 0.4759
vn 0.5164 0.8351 -0.1894
vn -0.0627 0.1940 0.9790
vn 0.0323 -0.1588 -0.9868
vn 0.0642 -0.1911 -0.9795
vn 0.0524 -0.1789 -0.9825
vn 0.0253 -0.1476 -0.9887
vn -0.0369 0.1794 0.9831
vn -0.0266 0.1330 0.9908
vn -0.0305 0.1612 0.9865
vn -0.0433 0.1852 0.9817
vn -0.1283 -0.0121 0.9917
vn 0.1270 0.0132 -0.9918
vn 0.7682 -0.3563 -0.5319
vn -0.1831 0.0156 0.9830
vn -0.7794 0.3621 0.5113
vn 0.1488 -0.0019 -0.9889
vn 0.4682 0.8695 -0.1574
vn 0.2907 -0.0418 0.9559
vn -0.3348 0.0844 -0.9385
vn -0.3007 0.0919 -0.9493
vn -0.3211 0.0599 -0.9451
vn -0.3244 0.0657 -0.9436
vn -0.9418 -0.2633 0.2092
vn 0.2884 -0.0133 0.9574
vn 0.2982 -0.0922 0.9500
vn 0.2981 -0.0938 0.9499
vn 0.2510 0.0286 0.9676
vn 0.2800 -0.1565 0.9472
vn -0.2761 0.1561 -0.9484
vn 0.6291 -0.3346 -0.7016
vn 0.2361 -0.1347 0.9624
vn -0.6322 0.3321 0.7000
vn 0.8127 -0.4940 -0.3090
vn 0.5848 0.7974 -0.1486
vn -0.5357 0.4232 0.7307
vn 0.9961 -0.0781 0.0419
vn 0.5501 -0.4213 -0.7211
vn 0.9001 0.0010 0.4357
vn 0.5663 -0.4425 -0.6953
vn -0.5601 0.4176 0.7154
vn -0.5681 0.3873 0.7261
vn -0.5698 0.4065 0.7142
vn -0.5127 0.3813 0.7693
vn -0.6299 0.2596 0.7320
vn 0.5109 -0.1559 -0.8454
vn 0.8553 -0.4124 -0.3136
vn -0.6345 0.2742 0.7226
vn -0.8540 0.4340 0.2868
vn 0.5244 -0.1934 -0.8292
vn 0.7968 -0.5286 -0.2929
vn 0.6137 0.7728 -0.1616
vn -0.5187 0.4579 0.7220
vn 0.5162 -0.4289 -0.7414
vn 0.5147 -0.4474 -0.7314
vn 0.5216 -0.4490 -0.7255
vn 0.5115 -0.4347 -0.7413
vn -0.4822 0.4463 0.7539
vn -0.4948 0.4377 0.7507
vn -0.9130 -0.2711 -0.3050
vn -0.5217 0.4180 0.7437
vn -0.5529 0.3454 0.7583
vn 0.5234 -0.3116 -0.7931
vn 0.8260 -0.4770 -0.3003
vn -0.5843 0.3667 0.7239
vn -0.8198 0.4857 0.3033
vn 0.5034 -0.3190 -0.8030
vn 0.6228 -0.4583 -0.6340
vn -0.7246 0.4879 0.4868
vn 0.4329 0.8852 -0.1701
vn 0.1645 0.0703 0.9839
vn -0.1233 -0.0263 -0.9920
vn -0.1434 -0.0338 -0.9891
vn -0.1307 -0.0753 -0.9886
vn -0.1773 -0.0713 -0.9816
vn -0.9946 -0.0982 0.0325
vn 0.1828 0.0833 0.9796
vn 0.1583 0.0280 0.9870
vn 0.9715 0.2067 -0.1164
vn 0.9970 0.0260 -0.0724
vn 0.0406 -0.0699 0.9967
vn -0.0626 0.0715 -0.9955
vn 0.6721 -0.3332 -0.6612
vn 0.0380 -0.0661 0.9971
vn -0.7423 0.3637 0.5627
vn -0.0766 0.0866 -0.9933
vt 3.062071 0.054276
vt 3.074032 0.067557
vt 3.061342 0.054309
vt 3.073325 0.067654
vt 3.060324 0.054406
vt 3.074897 0.067524
vt 3.087190 0.080735
vt 3.086484 0.080833
vt 3.907618 0.024419
vt 3.909580 0.014596
vt 3.912007 0.013363
vt 3.118073 0.267689
vt 3.110283 0.258046
vt 3.121292 0.261769
vt 3.605636 0.746966
vt 3.606129 0.755879
vt 3.603483 0.746897
vt 3.347759 0.117812
vt 3.355554 0.108229
vt 3.358843 0.114019
vt 3.717380 0.700316
vt 3.714415 0.706834
vt 3.715055 0.700350
vt 3.597785 0.724525
vt 3.600251 0.730795
vt 3.598419 0.730670
vt 3.600030 0.735973
vt 3.602280 0.736004
vt 3.716671 0.706768
vt 3.711180 0.728514
vt 3.553002 0.014465
vt 3.552660 0.017770
vt 3.550807 0.013363
vt 3.355076 0.139394
vt 3.343310 0.119210
vt 3.344362 0.111883
vt 3.339875 0.113192
vt 3.905240 0.025630
vt 3.905477 0.029188
vt 3.903140 0.030395
vt 3.106894 0.264023
vt 3.105854 0.256633
vt 3.117670 0.236405
vt 3.121966 0.238060
vt 3.600707 0.738125
vt 3.602960 0.738156
vt 3.601314 0.740294
vt 3.603631 0.740324
vt 3.602063 0.742455
vt 3.604303 0.742514
vt 3.602777 0.744663
vt 3.604968 0.744697
vt 3.120482 0.250725
vt 3.120475 0.252788
vt 3.357917 0.123087
vt 3.357930 0.125124
vt 3.307350 0.013363
vt 3.069831 0.362641
vt 3.059426 0.357246
vt 3.600025 0.724513
vt 3.607816 0.623846
vt 3.610245 0.623760
vt 3.296926 0.018725
vt 3.707151 0.600431
vt 3.102426 0.262682
vt 3.054932 0.355956
vt 3.136399 0.516826
vt 3.142779 0.499795
vt 3.146647 0.499142
vt 3.721842 0.598528
vt 3.709911 0.595803
vt 3.708663 0.589125
vt 3.721215 0.616194
vt 3.722639 0.626462
vt 3.717497 0.615913
vt 3.149049 0.616834
vt 3.137059 0.619412
vt 3.150212 0.610101
vt 3.130863 0.629034
vt 3.127957 0.623437
vt 3.131984 0.623028
vt 3.705950 0.595548
vt 3.709792 0.602505
vt 3.713624 0.602795
vt 3.126844 0.629393
vt 3.126687 0.650546
vt 3.122789 0.650826
vt 3.726559 0.626795
vt 3.728281 0.629213
vt 3.132337 0.647792
vt 3.136629 0.625759
vt 3.132483 0.517606
vt 3.132202 0.523498
vt 3.128292 0.524315
vt 3.722454 0.604813
vt 3.727013 0.602141
vt 3.728124 0.608089
vt 3.732173 0.629492
vt 3.711102 0.605337
vt 3.715122 0.605522
vt 3.712917 0.607935
vt 3.716804 0.608193
vt 3.714265 0.610682
vt 3.718433 0.610873
vt 3.715905 0.613280
vt 3.719745 0.613538
vt 3.142072 0.629238
vt 3.139081 0.634592
vt 3.722493 0.496460
vt 3.708349 0.478023
vt 3.712212 0.478675
vt 3.726678 0.503160
vt 3.282578 0.377108
vt 3.287795 0.364801
vt 3.291163 0.364559
vt 3.683271 0.453243
vt 3.673748 0.443884
vt 3.685903 0.448855
vt 3.067044 0.502664
vt 3.067343 0.510208
vt 3.063801 0.502497
vt 3.726364 0.488174
vt 3.735922 0.478898
vt 3.738544 0.483268
vt 3.273869 0.442680
vt 3.269670 0.447467
vt 3.270552 0.442745
vt 3.054981 0.484533
vt 3.059112 0.488917
vt 3.055799 0.488914
vt 3.058601 0.493315
vt 3.061796 0.493380
vt 3.272984 0.447419
vt 3.266331 0.464483
vt 3.372799 0.016624
vt 3.369283 0.016757
vt 3.373952 0.013363
vt 3.731444 0.506719
vt 3.721459 0.489971
vt 3.723619 0.483600
vt 3.718657 0.485302
vt 3.279026 0.377624
vt 3.279325 0.382124
vt 3.275996 0.382933
vt 3.671019 0.448537
vt 3.668824 0.442111
vt 3.678880 0.425351
vt 3.683610 0.427447
vt 3.059517 0.495154
vt 3.062989 0.495163
vt 3.060669 0.496944
vt 3.064065 0.497002
vt 3.061649 0.498783
vt 3.065099 0.498865
vt 3.062843 0.500635
vt 3.066087 0.500736
vt 3.683537 0.438938
vt 3.683778 0.440795
vt 3.736393 0.491276
vt 3.736126 0.493109
vt 3.687129 0.420694
vt 3.695076 0.408330
vt 3.634848 0.510900
vt 3.058290 0.484516
vt 3.049712 0.413771
vt 3.053040 0.414011
vt 3.683911 0.425637
vt 3.631713 0.505672
vt 3.666033 0.446762
vt 3.436929 0.025697
vt 3.442391 0.014648
vt 3.445216 0.013363
vt 3.930189 0.053030
vt 3.922873 0.042093
vt 3.934591 0.045177
vt 3.839605 0.390124
vt 3.840840 0.402930
vt 3.836238 0.390078
vt 3.771511 0.024244
vt 3.778831 0.013363
vt 3.783242 0.021231
vt 3.960600 0.336881
vt 3.956930 0.346885
vt 3.957616 0.336845
vt 3.827453 0.357969
vt 3.831054 0.367240
vt 3.828227 0.367327
vt 3.830755 0.374665
vt 3.833839 0.374532
vt 3.960131 0.346851
vt 3.952837 0.379601
vt 3.398427 0.015957
vt 3.395274 0.016368
vt 3.399486 0.013363
vt 3.782769 0.052889
vt 3.766892 0.025456
vt 3.766909 0.015973
vt 3.762207 0.017080
vt 3.434188 0.027021
vt 3.433519 0.030647
vt 3.430753 0.031977
vt 3.918285 0.050399
vt 3.918298 0.040850
vt 3.934242 0.013363
vt 3.938569 0.015088
vt 3.831853 0.377640
vt 3.835041 0.377575
vt 3.833056 0.380683
vt 3.836092 0.380633
vt 3.834238 0.383727
vt 3.837303 0.383777
vt 3.835274 0.386831
vt 3.838789 0.386791
vt 3.935148 0.031272
vt 3.934828 0.033916
vt 3.783429 0.032460
vt 3.783724 0.035019
vt 3.964156 0.335563
vt 3.950395 0.189719
vt 3.972951 0.332456
vt 3.839348 0.361029
vt 3.853611 0.214733
vt 3.864122 0.214342
vt 3.830432 0.357901
vt 3.849991 0.215347
vt 3.939768 0.189433
vt 3.935395 0.189155
vt 3.842776 0.362354
vt 3.868523 0.214049
vt 3.668743 0.026213
vt 3.665642 0.014715
vt 3.666862 0.013363
vt 3.117232 0.488198
vt 3.106918 0.478986
vt 3.119362 0.484281
vt 3.115982 0.471139
vt 3.117307 0.463700
vt 3.117129 0.471302
vt 3.332629 0.546401
vt 3.342965 0.537327
vt 3.345210 0.541077
vt 3.325317 0.544316
vt 3.326469 0.548656
vt 3.324183 0.544585
vt 3.118407 0.488287
vt 3.120648 0.484545
vt 3.118878 0.480327
vt 3.117738 0.480139
vt 3.327754 0.548386
vt 3.335837 0.564712
vt 3.109477 0.014630
vt 3.107130 0.018355
vt 3.108185 0.013363
vt 3.337017 0.564457
vt 3.330330 0.542361
vt 3.667239 0.027403
vt 3.669403 0.031338
vt 3.667691 0.032486
vt 3.104547 0.482946
vt 3.101947 0.476982
vt 3.111295 0.460961
vt 3.116081 0.463339
vt 3.118360 0.478588
vt 3.117212 0.478487
vt 3.117950 0.476917
vt 3.116693 0.476607
vt 3.117527 0.475055
vt 3.116334 0.474818
vt 3.117299 0.473228
vt 3.116186 0.473011
vt 3.342083 0.550587
vt 3.341854 0.552419
vt 3.311447 0.477100
vt 3.085615 0.548216
vt 3.073026 0.543638
vt 3.086957 0.548385
vt 3.298669 0.481672
vt 3.293572 0.483432
vt 3.099666 0.481045
vt 3.067981 0.541875
vt 3.687361 0.044874
vt 3.688217 0.034449
vt 3.690385 0.033156
vt 3.778416 0.258789
vt 3.771069 0.247960
vt 3.781599 0.253185
vt 3.072024 0.764325
vt 3.072227 0.773226
vt 3.069890 0.764163
vt 3.343052 0.276275
vt 3.350425 0.265429
vt 3.353539 0.271068
vt 3.723997 0.712236
vt 3.721514 0.718632
vt 3.721813 0.712362
vt 3.065372 0.741101
vt 3.068044 0.747354
vt 3.065767 0.747255
vt 3.067204 0.752888
vt 3.069309 0.753015
vt 3.723269 0.718326
vt 3.718066 0.739143
vt 3.547544 0.020756
vt 3.546746 0.024047
vt 3.545588 0.019611
vt 3.349745 0.296817
vt 3.338829 0.278127
vt 3.339885 0.270696
vt 3.335660 0.272621
vt 3.684978 0.046031
vt 3.686068 0.049358
vt 3.683911 0.050483
vt 3.767927 0.253484
vt 3.766781 0.245941
vt 3.777771 0.227399
vt 3.781956 0.229310
vt 3.067677 0.755172
vt 3.069843 0.755284
vt 3.068200 0.757430
vt 3.070266 0.757554
vt 3.068894 0.759671
vt 3.070923 0.759805
vt 3.069407 0.761880
vt 3.071470 0.762063
vt 3.780729 0.241774
vt 3.780740 0.243838
vt 3.352723 0.280392
vt 3.352713 0.282446
vt 3.305099 0.176140
vt 3.732961 0.348390
vt 3.722038 0.343914
vt 3.067415 0.741239
vt 3.074294 0.643661
vt 3.076525 0.643470
vt 3.294049 0.180469
vt 3.714869 0.612556
vt 3.763677 0.251609
vt 3.717839 0.341680
vt 3.914478 0.221144
vt 3.918314 0.205343
vt 3.921611 0.204521
vt 3.258033 0.438912
vt 3.246904 0.441642
vt 3.246294 0.431296
vt 3.257746 0.467472
vt 3.259611 0.480975
vt 3.253866 0.467440
vt 3.945251 0.362560
vt 3.933713 0.359585
vt 3.945418 0.351982
vt 3.928800 0.362717
vt 3.924208 0.372399
vt 3.925335 0.363017
vt 3.242843 0.431044
vt 3.243009 0.441614
vt 3.246870 0.450262
vt 3.250554 0.450353
vt 3.928315 0.372248
vt 3.920265 0.404192
vt 3.263288 0.481064
vt 3.264521 0.483053
vt 3.928637 0.401953
vt 3.933139 0.369364
vt 3.910711 0.221850
vt 3.911565 0.227982
vt 3.908360 0.228945
vt 3.259053 0.448519
vt 3.262910 0.442070
vt 3.264037 0.451445
vt 3.267977 0.483212
vt 3.248378 0.453666
vt 3.252090 0.453861
vt 3.249918 0.457039
vt 3.253635 0.457242
vt 3.251512 0.460522
vt 3.255133 0.460632
vt 3.252903 0.463983
vt 3.256356 0.464074
vt 3.938338 0.377998
vt 3.936742 0.381484
vt 3.277523 0.301014
vt 3.266631 0.283699
vt 3.269926 0.284521
vt 3.279872 0.308105
vt 3.341251 0.058134
vt 3.339453 0.046831
vt 3.341449 0.045608
vt 3.568666 0.415690
vt 3.559435 0.405683
vt 3.571247 0.411079
vt 3.569150 0.396337
vt 3.571061 0.387898
vt 3.570327 0.396547
vt 3.798034 0.485927
vt 3.807255 0.475976
vt 3.809818 0.480507
vt 3.790658 0.483181
vt 3.792312 0.488353
vt 3.789508 0.483384
vt 3.569863 0.415805
vt 3.572431 0.411264
vt 3.571119 0.406460
vt 3.570012 0.406399
vt 3.793434 0.488115
vt 3.802967 0.506633
vt 3.119342 0.020524
vt 3.117587 0.024014
vt 3.117569 0.019321
vt 3.804008 0.506288
vt 3.795261 0.481014
vt 3.339541 0.059361
vt 3.341139 0.063149
vt 3.339408 0.064386
vt 3.556751 0.410480
vt 3.554889 0.403402
vt 3.565566 0.385086
vt 3.569920 0.387706
vt 3.570760 0.404637
vt 3.569575 0.404509
vt 3.570441 0.402725
vt 3.569315 0.402476
vt 3.570308 0.400659
vt 3.569172 0.400412
vt 3.570235 0.398655
vt 3.569089 0.398413
vt 3.807832 0.489029
vt 3.807699 0.491092
vt 3.773005 0.409814
vt 3.534329 0.482249
vt 3.521874 0.478241
vt 3.535544 0.482099
vt 3.760579 0.413635
vt 3.755604 0.415028
vt 3.552081 0.408382
vt 3.516879 0.476879
vt 3.355253 0.607222
vt 3.360227 0.592052
vt 3.363583 0.591779
vt 3.443422 0.526087
vt 3.433681 0.516856
vt 3.446206 0.521446
vt 3.980413 0.663426
vt 3.980715 0.671495
vt 3.977270 0.663267
vt 3.945759 0.532691
vt 3.955507 0.523539
vt 3.958260 0.528128
vt 3.347107 0.659688
vt 3.342830 0.664935
vt 3.343802 0.659727
vt 3.968809 0.644387
vt 3.972951 0.649119
vt 3.969682 0.649057
vt 3.972448 0.653652
vt 3.975541 0.653724
vt 3.346138 0.664872
vt 3.339408 0.683259
vt 3.599938 0.016634
vt 3.596352 0.016452
vt 3.601132 0.013363
vt 3.951422 0.552366
vt 3.940749 0.534455
vt 3.942822 0.527798
vt 3.937708 0.529386
vt 3.351806 0.607997
vt 3.352105 0.613015
vt 3.348807 0.614015
vt 3.430726 0.521782
vt 3.428688 0.515119
vt 3.439439 0.497201
vt 3.444211 0.499306
vt 3.973276 0.655542
vt 3.976595 0.655591
vt 3.974196 0.657471
vt 3.977620 0.657529
vt 3.975349 0.659359
vt 3.978548 0.659476
vt 3.976348 0.661342
vt 3.979555 0.661487
vt 3.443921 0.511268
vt 3.444140 0.513182
vt 3.956155 0.536397
vt 3.955933 0.538252
vt 3.913774 0.478084
vt 3.920187 0.462983
vt 3.402187 0.570796
vt 3.972069 0.644396
vt 3.963167 0.582763
vt 3.966507 0.583034
vt 3.910969 0.483747
vt 3.399435 0.564911
vt 3.425632 0.520212
vt 3.688731 0.029690
vt 3.692013 0.019078
vt 3.694381 0.017779
vt 3.205230 0.223331
vt 3.197380 0.213829
vt 3.208710 0.217186
vt 3.525260 0.730918
vt 3.525995 0.740113
vt 3.522872 0.730918
vt 3.249449 0.151537
vt 3.257359 0.142064
vt 3.260831 0.148195
vt 3.599641 0.134194
vt 3.596756 0.141056
vt 3.597399 0.134187
vt 3.516879 0.708096
vt 3.519651 0.714456
vt 3.517509 0.714474
vt 3.519243 0.719779
vt 3.521665 0.719788
vt 3.599316 0.141060
vt 3.593298 0.163947
vt 3.485123 0.020790
vt 3.485034 0.024068
vt 3.482951 0.019696
vt 3.257520 0.174407
vt 3.244923 0.152799
vt 3.245840 0.145157
vt 3.241257 0.146290
vt 3.686372 0.030945
vt 3.686180 0.034583
vt 3.683911 0.035868
vt 3.193763 0.220230
vt 3.192869 0.212572
vt 3.205500 0.190891
vt 3.209820 0.192490
vt 3.519747 0.721993
vt 3.522316 0.721964
vt 3.520779 0.724170
vt 3.523097 0.724167
vt 3.521423 0.726377
vt 3.523920 0.726382
vt 3.522406 0.728590
vt 3.524812 0.728492
vt 3.207999 0.205731
vt 3.207954 0.207859
vt 3.260025 0.157516
vt 3.260242 0.161765
vt 3.207624 0.044124
vt 3.155398 0.321556
vt 3.143418 0.319552
vt 3.519242 0.708059
vt 3.528048 0.606215
vt 3.530537 0.605795
vt 3.195589 0.046057
vt 3.587154 0.028691
vt 3.189196 0.219078
vt 3.138448 0.319226
vt 3.808521 0.512073
vt 3.814387 0.494393
vt 3.817953 0.493626
vt 3.786922 0.602075
vt 3.774726 0.600292
vt 3.773809 0.592777
vt 3.786324 0.622096
vt 3.787938 0.633136
vt 3.782533 0.621887
vt 3.824948 0.620898
vt 3.812998 0.622588
vt 3.825919 0.613349
vt 3.807643 0.626248
vt 3.803235 0.633459
vt 3.803902 0.626644
vt 3.771008 0.600005
vt 3.774810 0.607457
vt 3.778720 0.607709
vt 3.802716 0.656897
vt 3.798745 0.656993
vt 3.791893 0.633369
vt 3.793241 0.636008
vt 3.808019 0.654025
vt 3.807422 0.633174
vt 3.812731 0.629751
vt 3.805128 0.512986
vt 3.804665 0.519210
vt 3.801399 0.520196
vt 3.787898 0.608941
vt 3.792055 0.605751
vt 3.792723 0.612568
vt 3.797213 0.636104
vt 3.776209 0.610385
vt 3.780267 0.610629
vt 3.777985 0.613276
vt 3.781753 0.613516
vt 3.779495 0.616134
vt 3.783515 0.616372
vt 3.780890 0.619053
vt 3.784882 0.619251
vt 3.817971 0.634168
vt 3.816461 0.637026
vt 3.790830 0.492080
vt 3.778003 0.472717
vt 3.781569 0.473485
vt 3.794559 0.499290
vt 3.188030 0.026901
vt 3.182816 0.014663
vt 3.184103 0.013363
vt 3.616872 0.515380
vt 3.606287 0.505395
vt 3.618907 0.511983
vt 3.614810 0.498771
vt 3.615609 0.491698
vt 3.616017 0.499186
vt 3.273227 0.606624
vt 3.283988 0.596511
vt 3.285935 0.599905
vt 3.266116 0.605285
vt 3.267014 0.609210
vt 3.264888 0.605663
vt 3.618120 0.515728
vt 3.620069 0.512329
vt 3.618229 0.507943
vt 3.616989 0.507582
vt 3.268126 0.609009
vt 3.275375 0.623526
vt 3.232744 0.014568
vt 3.229793 0.018431
vt 3.231271 0.013363
vt 3.276558 0.623201
vt 3.271259 0.602879
vt 3.186551 0.027966
vt 3.189224 0.032124
vt 3.188082 0.033124
vt 3.604139 0.508980
vt 3.601121 0.503011
vt 3.609495 0.488676
vt 3.614437 0.491341
vt 3.617538 0.506149
vt 3.616301 0.505782
vt 3.616955 0.504351
vt 3.615877 0.504227
vt 3.616644 0.502785
vt 3.615408 0.502417
vt 3.616288 0.500967
vt 3.615055 0.500597
vt 3.282825 0.607872
vt 3.282159 0.611251
vt 3.254452 0.540725
vt 3.587261 0.571298
vt 3.574157 0.565753
vt 3.588542 0.571591
vt 3.241134 0.545873
vt 3.235997 0.548095
vt 3.598992 0.506564
vt 3.569077 0.563420
vt 3.668242 0.063525
vt 3.667033 0.052279
vt 3.668863 0.050977
vt 3.121844 0.430083
vt 3.113434 0.419172
vt 3.124645 0.425059
vt 3.123411 0.409231
vt 3.125642 0.400376
vt 3.124498 0.409552
vt 3.412343 0.500436
vt 3.420528 0.489843
vt 3.423279 0.494720
vt 3.031470 0.536763
vt 3.029037 0.543035
vt 3.029497 0.537035
vt 3.122985 0.430251
vt 3.125811 0.425242
vt 3.124834 0.420204
vt 3.123696 0.420036
vt 3.031203 0.542766
vt 3.025743 0.564453
vt 3.730642 0.013735
vt 3.728627 0.016871
vt 3.728278 0.013363
vt 3.419003 0.521488
vt 3.407976 0.502733
vt 3.409419 0.495252
vt 3.405099 0.497466
vt 3.666315 0.064732
vt 3.667462 0.068469
vt 3.665642 0.069637
vt 3.110491 0.424446
vt 3.109074 0.416769
vt 3.124579 0.400097
vt 3.120362 0.397465
vt 3.124548 0.418102
vt 3.123436 0.417895
vt 3.124353 0.416026
vt 3.123250 0.415789
vt 3.124294 0.413886
vt 3.123197 0.413619
vt 3.124333 0.411742
vt 3.123237 0.411455
vt 3.421861 0.503692
vt 3.421803 0.505774
vt 3.385089 0.420711
vt 3.085283 0.501431
vt 3.072870 0.497878
vt 3.086580 0.501266
vt 3.372913 0.424063
vt 3.025627 0.454343
vt 3.106056 0.422176
vt 3.067981 0.496638
vt 3.603446 0.025104
vt 3.607877 0.014631
vt 3.610457 0.013363
vt 3.426122 0.049848
vt 3.418556 0.039759
vt 3.430151 0.042685
vt 3.466290 0.737480
vt 3.467285 0.747533
vt 3.463827 0.737504
vt 3.196638 0.135311
vt 3.204209 0.125276
vt 3.208230 0.132425
vt 3.610490 0.145811
vt 3.606812 0.154680
vt 3.607551 0.145730
vt 3.456852 0.712559
vt 3.459855 0.719698
vt 3.457383 0.719755
vt 3.459539 0.725438
vt 3.462025 0.725411
vt 3.609927 0.154702
vt 3.603125 0.183981
vt 3.488039 0.014460
vt 3.488281 0.017661
vt 3.485561 0.013363
vt 3.206635 0.161605
vt 3.192070 0.136477
vt 3.192465 0.127875
vt 3.187787 0.128841
vt 3.600755 0.026352
vt 3.600400 0.029896
vt 3.597785 0.031173
vt 3.414338 0.047276
vt 3.413979 0.038585
vt 3.428599 0.013363
vt 3.432942 0.014951
vt 3.460425 0.727811
vt 3.462909 0.727754
vt 3.461299 0.730185
vt 3.463784 0.730129
vt 3.462173 0.732548
vt 3.464642 0.732546
vt 3.462924 0.735006
vt 3.465494 0.734995
vt 3.430167 0.029893
vt 3.429968 0.032300
vt 3.208043 0.142787
vt 3.208234 0.145134
vt 3.147994 0.013363
vt 3.369622 0.162349
vt 3.357460 0.160541
vt 3.459329 0.712504
vt 3.473008 0.599910
vt 3.475696 0.599511
vt 3.594170 0.013420
vt 3.613668 0.144687
vt 3.590498 0.013855
vt 3.409660 0.046290
vt 3.352457 0.160232
vt 3.200178 0.036909
vt 3.195865 0.025726
vt 3.197146 0.024414
vt 3.071013 0.567060
vt 3.060619 0.557906
vt 3.073086 0.563600
vt 3.427385 0.335814
vt 3.425865 0.344543
vt 3.425890 0.335420
vt 3.305053 0.592270
vt 3.315718 0.582860
vt 3.317705 0.586545
vt 3.297860 0.590536
vt 3.298863 0.594625
vt 3.296612 0.590867
vt 3.426287 0.315617
vt 3.428568 0.320198
vt 3.426463 0.320034
vt 3.425834 0.324987
vt 3.427938 0.325215
vt 3.300037 0.594494
vt 3.307703 0.609692
vt 3.255922 0.018521
vt 3.253282 0.022319
vt 3.254410 0.017274
vt 3.308878 0.609417
vt 3.302952 0.588461
vt 3.198920 0.038092
vt 3.201293 0.042148
vt 3.199934 0.043324
vt 3.058552 0.561705
vt 3.055656 0.555776
vt 3.064363 0.540936
vt 3.069155 0.543375
vt 3.426000 0.326977
vt 3.427494 0.327355
vt 3.425534 0.329165
vt 3.427790 0.329298
vt 3.425925 0.331114
vt 3.427460 0.331493
vt 3.425698 0.333324
vt 3.427594 0.333567
vt 3.069781 0.554320
vt 3.070642 0.557719
vt 3.314781 0.594162
vt 3.314130 0.597631
vt 3.284595 0.523909
vt 3.040354 0.625132
vt 3.028590 0.618188
vt 3.427781 0.315988
vt 3.427195 0.244952
vt 3.428678 0.245312
vt 3.272527 0.530752
vt 3.267467 0.532794
vt 3.053438 0.559478
vt 3.023614 0.616164
vt 3.280114 0.052443
vt 3.268941 0.048400
vt 3.269038 0.044944
vt 3.438581 0.575764
vt 3.428914 0.566246
vt 3.441613 0.570710
vt 3.387168 0.228638
vt 3.387474 0.237259
vt 3.384046 0.228509
vt 3.259328 0.207651
vt 3.268972 0.198315
vt 3.271994 0.203352
vt 3.692173 0.038688
vt 3.697356 0.036018
vt 3.696185 0.040333
vt 3.375982 0.208198
vt 3.380186 0.213354
vt 3.376949 0.213374
vt 3.379201 0.218278
vt 3.382456 0.218281
vt 3.693509 0.034396
vt 3.702186 0.021051
vt 3.698617 0.014883
vt 3.697867 0.019565
vt 3.694681 0.013363
vt 3.265664 0.228833
vt 3.254128 0.209468
vt 3.256078 0.202233
vt 3.250789 0.203903
vt 3.620705 0.014494
vt 3.621722 0.018457
vt 3.618664 0.019732
vt 3.425647 0.571690
vt 3.423791 0.564504
vt 3.435421 0.545122
vt 3.440214 0.547277
vt 3.380227 0.220271
vt 3.383476 0.220292
vt 3.381133 0.222285
vt 3.384486 0.222334
vt 3.382157 0.224313
vt 3.385403 0.224408
vt 3.383175 0.226381
vt 3.386319 0.226501
vt 3.439559 0.559966
vt 3.439731 0.561981
vt 3.270058 0.212022
vt 3.269877 0.213996
vt 3.232425 0.162300
vt 3.241566 0.151613
vt 3.402209 0.611874
vt 3.379215 0.208155
vt 3.370726 0.160202
vt 3.374153 0.160107
vt 3.686521 0.069035
vt 3.420438 0.570092
vt 3.396825 0.610261
vt 3.712736 0.103377
vt 3.711356 0.074955
vt 3.714325 0.073663
vt 3.512248 0.322824
vt 3.524456 0.340289
vt 3.512927 0.334448
vt 3.523596 0.361804
vt 3.525520 0.375822
vt 3.520211 0.361640
vt 3.738476 0.269897
vt 3.750314 0.252269
vt 3.750202 0.264088
vt 3.734334 0.261555
vt 3.730202 0.272628
vt 3.730699 0.261796
vt 3.509049 0.322631
vt 3.509161 0.334403
vt 3.512893 0.343546
vt 3.516606 0.343639
vt 3.733984 0.272541
vt 3.725538 0.307969
vt 3.529182 0.375910
vt 3.530136 0.378016
vt 3.733777 0.305674
vt 3.738867 0.258737
vt 3.709432 0.104338
vt 3.710880 0.112584
vt 3.707399 0.113388
vt 3.528586 0.332120
vt 3.529080 0.342909
vt 3.533726 0.378108
vt 3.514385 0.347212
vt 3.517983 0.347280
vt 3.515788 0.350831
vt 3.519275 0.350921
vt 3.517419 0.354441
vt 3.520832 0.354557
vt 3.518685 0.358046
vt 3.522150 0.358188
vt 3.741910 0.284207
vt 3.740639 0.287826
vt 3.549767 0.175293
vt 3.523973 0.329274
vt 3.544894 0.144740
vt 3.547851 0.146028
vt 3.551792 0.184307
vt 3.987120 0.468533
vt 3.992677 0.458588
vt 3.995859 0.458493
vt 3.642469 0.374580
vt 3.656837 0.375670
vt 3.654285 0.379924
vt 3.930733 0.464766
vt 3.931208 0.472231
vt 3.927192 0.464639
vt 3.846154 0.441987
vt 3.855360 0.432335
vt 3.857896 0.436561
vt 3.977496 0.546930
vt 3.974935 0.542628
vt 3.978323 0.542505
vt 3.918262 0.446856
vt 3.922248 0.451131
vt 3.919051 0.451082
vt 3.921809 0.455583
vt 3.925159 0.455628
vt 3.974103 0.547079
vt 3.974340 0.562965
vt 3.970996 0.563106
vt 3.934637 0.472344
vt 3.934941 0.474396
vt 3.855589 0.457713
vt 3.841412 0.443959
vt 3.843548 0.437645
vt 3.838776 0.439565
vt 3.983525 0.468859
vt 3.983842 0.472949
vt 3.980247 0.473462
vt 3.640294 0.368150
vt 3.645085 0.370220
vt 3.654526 0.354388
vt 3.649871 0.352189
vt 3.922860 0.457397
vt 3.926833 0.457306
vt 3.924418 0.459051
vt 3.927506 0.459243
vt 3.925259 0.460986
vt 3.928440 0.461012
vt 3.926331 0.462796
vt 3.929662 0.462936
vt 3.654477 0.365757
vt 3.655189 0.369475
vt 3.855568 0.446466
vt 3.855429 0.448277
vt 3.802262 0.366123
vt 3.811579 0.356155
vt 3.601242 0.446051
vt 3.921456 0.446891
vt 3.913579 0.370686
vt 3.916738 0.370780
vt 3.798745 0.370507
vt 3.597785 0.441467
vt 3.637634 0.372584
vt 3.596098 0.569675
vt 3.603421 0.559273
vt 3.607346 0.559211
vt 3.165012 0.319226
vt 3.178900 0.321028
vt 3.176336 0.325302
vt 3.465859 0.412847
vt 3.466468 0.420251
vt 3.462470 0.412696
vt 3.569528 0.047319
vt 3.555476 0.049078
vt 3.566961 0.043040
vt 3.585732 0.662186
vt 3.580725 0.667461
vt 3.581683 0.662334
vt 3.453600 0.399098
vt 3.456391 0.395023
vt 3.457171 0.399199
vt 3.456793 0.403631
vt 3.460055 0.403739
vt 3.581220 0.685970
vt 3.576906 0.686181
vt 3.469868 0.420386
vt 3.470413 0.422432
vt 3.567539 0.069239
vt 3.553374 0.055699
vt 3.558077 0.053413
vt 3.550807 0.051321
vt 3.592001 0.569783
vt 3.591639 0.573337
vt 3.587657 0.573603
vt 3.167567 0.314968
vt 3.160400 0.317057
vt 3.162977 0.312761
vt 3.176939 0.299349
vt 3.172387 0.297078
vt 3.458021 0.405458
vt 3.461547 0.405549
vt 3.459082 0.407206
vt 3.462662 0.407363
vt 3.460464 0.409097
vt 3.463595 0.409205
vt 3.461561 0.410905
vt 3.464787 0.411042
vt 3.177019 0.312674
vt 3.177335 0.314531
vt 3.567597 0.055721
vt 3.567401 0.057681
vt 3.602697 0.652425
vt 3.121715 0.394594
vt 3.449022 0.318651
vt 3.452236 0.318701
vt 3.590687 0.659543
vt 3.117569 0.391394
vt 3.612231 0.033197
vt 3.612423 0.013363
vt 3.616210 0.013774
vt 3.666470 0.208989
vt 3.678108 0.225948
vt 3.666989 0.220403
vt 3.677370 0.247698
vt 3.679388 0.261730
vt 3.674294 0.247536
vt 3.649473 0.226019
vt 3.661112 0.209137
vt 3.660566 0.220534
vt 3.645492 0.216532
vt 3.641387 0.228356
vt 3.641758 0.216578
vt 3.663032 0.208941
vt 3.663577 0.220327
vt 3.667012 0.229439
vt 3.670505 0.229517
vt 3.644634 0.228179
vt 3.636900 0.264272
vt 3.682843 0.261850
vt 3.683873 0.263934
vt 3.640250 0.264185
vt 3.649956 0.214335
vt 3.608641 0.033010
vt 3.611848 0.044436
vt 3.608225 0.044424
vt 3.677786 0.214227
vt 3.682737 0.228141
vt 3.687219 0.264021
vt 3.668539 0.233091
vt 3.671979 0.233151
vt 3.669948 0.236708
vt 3.673568 0.236794
vt 3.671398 0.240320
vt 3.674924 0.240433
vt 3.672780 0.243928
vt 3.676116 0.244065
vt 3.654189 0.236931
vt 3.652737 0.240547
vt 3.715451 0.032991
vt 3.707889 0.013773
vt 3.711672 0.013363
vt 3.715866 0.044393
vt 3.682367 0.216375
vt 3.488695 0.595049
vt 3.495294 0.582510
vt 3.499000 0.582101
vt 3.544798 0.085471
vt 3.558397 0.087877
vt 3.555725 0.092399
vt 3.668900 0.715535
vt 3.669823 0.724465
vt 3.664906 0.715283
vt 3.780221 0.102816
vt 3.766612 0.105190
vt 3.777556 0.098305
vt 3.477616 0.692615
vt 3.474465 0.687858
vt 3.478554 0.687586
vt 3.653676 0.698274
vt 3.657183 0.693329
vt 3.658019 0.698504
vt 3.657730 0.703973
vt 3.661811 0.704177
vt 3.473615 0.692907
vt 3.474213 0.711083
vt 3.469901 0.711269
vt 3.673857 0.724668
vt 3.674643 0.727237
vt 3.778929 0.125718
vt 3.764817 0.112075
vt 3.769258 0.109600
vt 3.482745 0.689769
vt 3.483692 0.684700
vt 3.483973 0.595279
vt 3.483369 0.599296
vt 3.479095 0.599645
vt 3.670130 0.706220
vt 3.674392 0.704131
vt 3.675238 0.709154
vt 3.557076 0.065008
vt 3.542978 0.078568
vt 3.552558 0.062601
vt 3.659141 0.706285
vt 3.663372 0.706454
vt 3.660627 0.708529
vt 3.664701 0.708718
vt 3.662165 0.710802
vt 3.666160 0.710945
vt 3.663460 0.713007
vt 3.667596 0.713221
vt 3.547401 0.081133
vt 3.556659 0.077003
vt 3.556839 0.078949
vt 3.778648 0.111783
vt 3.778518 0.113771
vt 3.495941 0.676786
vt 3.664933 0.612023
vt 3.669203 0.701256
vt 3.649982 0.598912
vt 3.653670 0.599319
vt 3.669786 0.616367
vt 3.348309 0.060229
vt 3.356964 0.046064
vt 3.359951 0.044630
vt 3.385144 0.085774
vt 3.378327 0.073718
vt 3.389951 0.077182
vt 3.928613 0.206319
vt 3.929987 0.219330
vt 3.925656 0.206207
vt 3.054142 0.025284
vt 3.060963 0.013363
vt 3.065749 0.021916
vt 3.981981 0.281642
vt 3.978424 0.291816
vt 3.978811 0.281610
vt 3.916189 0.173531
vt 3.919911 0.183017
vt 3.916672 0.183079
vt 3.919808 0.190534
vt 3.922636 0.190510
vt 3.981375 0.291816
vt 3.974131 0.324862
vt 3.933052 0.219413
vt 3.933784 0.221395
vt 3.066682 0.056240
vt 3.049590 0.026703
vt 3.049132 0.016324
vt 3.044493 0.017588
vt 3.344841 0.062321
vt 3.343445 0.066777
vt 3.339408 0.069075
vt 3.928550 0.176786
vt 3.932659 0.188424
vt 3.928941 0.186883
vt 3.390960 0.042720
vt 3.395262 0.044570
vt 3.920658 0.193644
vt 3.923832 0.193580
vt 3.921967 0.196703
vt 3.925072 0.196710
vt 3.923151 0.199822
vt 3.926358 0.199865
vt 3.924377 0.202996
vt 3.927489 0.203073
vt 3.391117 0.062086
vt 3.390703 0.064913
vt 3.066892 0.036915
vt 3.067433 0.039758
vt 3.985657 0.280232
vt 3.968961 0.131341
vt 3.994889 0.276927
vt 3.945623 0.027072
vt 3.959827 0.017829
vt 3.919292 0.173428
vt 3.942124 0.027910
vt 3.955324 0.123821
vt 3.949626 0.119900
vt 3.932271 0.178215
vt 3.966193 0.013363
vt 3.156162 0.461466
vt 3.161019 0.443806
vt 3.164537 0.443031
vt 3.379236 0.589146
vt 3.367332 0.588444
vt 3.366807 0.580027
vt 3.378836 0.611614
vt 3.380659 0.623414
vt 3.375172 0.611383
vt 3.176873 0.580198
vt 3.164922 0.580796
vt 3.177629 0.571723
vt 3.159075 0.592044
vt 3.156197 0.584845
vt 3.160052 0.584436
vt 3.362897 0.579697
vt 3.363652 0.588159
vt 3.367648 0.596003
vt 3.371323 0.596272
vt 3.155415 0.592405
vt 3.154928 0.618201
vt 3.151392 0.618449
vt 3.384311 0.623609
vt 3.385561 0.626100
vt 3.159838 0.615511
vt 3.164040 0.588644
vt 3.152647 0.462364
vt 3.152771 0.468715
vt 3.148887 0.469659
vt 3.380127 0.596930
vt 3.384293 0.592798
vt 3.385075 0.600346
vt 3.389091 0.626347
vt 3.369072 0.599162
vt 3.372901 0.599378
vt 3.370672 0.602230
vt 3.374419 0.602462
vt 3.372213 0.605279
vt 3.376100 0.605528
vt 3.373609 0.608338
vt 3.377499 0.608578
vt 3.169841 0.594292
vt 3.168298 0.597346
vt 3.387838 0.470518
vt 3.375967 0.451217
vt 3.379479 0.451991
vt 3.391591 0.477802
vt 3.282500 0.066821
vt 3.282864 0.056085
vt 3.284907 0.054786
vt 3.128844 0.303547
vt 3.142226 0.303967
vt 3.139066 0.309659
vt 3.426403 0.756733
vt 3.426448 0.765836
vt 3.424243 0.756546
vt 3.084766 0.435403
vt 3.071333 0.435866
vt 3.081557 0.429733
vt 3.039258 0.769140
vt 3.036823 0.775680
vt 3.037195 0.769394
vt 3.420314 0.732474
vt 3.422777 0.739010
vt 3.420926 0.738719
vt 3.421977 0.744721
vt 3.424036 0.744949
vt 3.038581 0.775346
vt 3.033216 0.796345
vt 3.571092 0.032276
vt 3.570119 0.035604
vt 3.569077 0.031158
vt 3.074495 0.441427
vt 3.081234 0.462207
vt 3.070369 0.443643
vt 3.067213 0.438107
vt 3.280574 0.068033
vt 3.281383 0.071540
vt 3.279381 0.072719
vt 3.131952 0.297924
vt 3.124732 0.301300
vt 3.127826 0.295695
vt 3.138717 0.277266
vt 3.142870 0.279430
vt 3.422334 0.747121
vt 3.424516 0.747335
vt 3.422845 0.749483
vt 3.424925 0.749705
vt 3.423336 0.751833
vt 3.425426 0.752064
vt 3.424008 0.754171
vt 3.425899 0.754413
vt 3.141553 0.292120
vt 3.141539 0.294261
vt 3.084043 0.445173
vt 3.084067 0.447307
vt 3.039673 0.347302
vt 3.096972 0.392513
vt 3.085522 0.388696
vt 3.422346 0.732738
vt 3.428074 0.641662
vt 3.430231 0.641443
vt 3.028137 0.350961
vt 3.030984 0.673104
vt 3.081031 0.387148
vt 3.683965 0.025483
vt 3.688118 0.014697
vt 3.690498 0.013363
vt 3.472434 0.047647
vt 3.464680 0.037936
vt 3.476180 0.041012
vt 3.539013 0.707935
vt 3.539731 0.717570
vt 3.536483 0.707955
vt 3.271342 0.128032
vt 3.279162 0.118330
vt 3.282884 0.124923
vt 3.213621 0.735518
vt 3.210776 0.742783
vt 3.211218 0.735490
vt 3.529928 0.684199
vt 3.532943 0.690919
vt 3.530560 0.690951
vt 3.532371 0.696431
vt 3.534940 0.696396
vt 3.213033 0.742788
vt 3.207404 0.766872
vt 3.480105 0.017791
vt 3.480153 0.021033
vt 3.477731 0.016697
vt 3.280339 0.152471
vt 3.266801 0.129171
vt 3.267468 0.121081
vt 3.262837 0.122126
vt 3.681501 0.026728
vt 3.681359 0.030197
vt 3.678691 0.031419
vt 3.460766 0.044886
vt 3.460097 0.036734
vt 3.473707 0.013363
vt 3.478060 0.014921
vt 3.533337 0.698666
vt 3.535742 0.698641
vt 3.534131 0.700941
vt 3.536552 0.700920
vt 3.535045 0.703234
vt 3.537355 0.703239
vt 3.535317 0.705684
vt 3.538004 0.705636
vt 3.475788 0.028967
vt 3.475665 0.031234
vt 3.282325 0.134680
vt 3.282456 0.136919
vt 3.226150 0.013363
vt 3.419184 0.153192
vt 3.406853 0.151872
vt 3.532305 0.684133
vt 3.543625 0.576717
vt 3.546120 0.576181
vt 3.213742 0.014486
vt 3.198684 0.625090
vt 3.456117 0.043810
vt 3.402045 0.151195
vt 3.993819 0.608942
vt 3.983653 0.595048
vt 3.994526 0.608844
vt 3.992871 0.609102
vt 3.982945 0.595145
vt 3.992270 0.609318
vt 3.982154 0.595305
vt 3.991605 0.609584
vt 3.981554 0.595521
vt 3.991185 0.609893
vt 3.980781 0.595788
vt 3.990875 0.610235
vt 3.980361 0.596096
vt 3.123039 0.054320
vt 3.116614 0.040172
vt 3.123645 0.053956
vt 3.122413 0.054695
vt 3.116008 0.040536
vt 3.475339 0.462392
vt 3.466938 0.450810
vt 3.467624 0.450740
vt 3.474653 0.462675
vt 3.466273 0.451018
vt 3.473987 0.462883
vt 3.465649 0.451357
vt 3.473363 0.463222
vt 3.465085 0.452097
vt 3.472799 0.463683
vt 3.464598 0.452665
vt 3.472312 0.464412
vt 3.464203 0.453462
vt 3.471917 0.465381
vt 3.463911 0.454190
vt 3.471626 0.466109
vt 3.463733 0.455169
vt 3.198623 0.840837
vt 3.208430 0.827101
vt 3.209391 0.827068
vt 3.197894 0.840870
vt 3.207702 0.827068
vt 3.196956 0.840837
vt 3.206836 0.826971
vt 3.196069 0.840740
vt 3.206173 0.826812
vt 3.195407 0.840581
vt 3.205433 0.826596
vt 3.194593 0.840365
vt 3.204916 0.826330
vt 3.194076 0.840099
vt 3.204497 0.826022
vt 3.193657 0.839791
vt 3.203893 0.825681
vt 3.348463 0.054855
vt 3.354856 0.040777
vt 3.355460 0.041139
vt 3.347237 0.054120
vt 3.347860 0.054493
vt 3.236689 0.214483
vt 3.228258 0.226140
vt 3.236001 0.214413
vt 3.237357 0.214794
vt 3.228947 0.226210
vt 3.237983 0.215134
vt 3.229614 0.226419
vt 3.238549 0.215597
vt 3.230240 0.227084
vt 3.239038 0.216403
vt 3.230807 0.227547
vt 3.239435 0.217064
vt 3.231296 0.228272
vt 3.239727 0.217993
vt 3.231692 0.228932
vt 3.239906 0.218772
vt 3.231984 0.229839
vt 3.995358 0.608812
vt 3.985531 0.595048
vt 3.996298 0.608844
vt 3.984569 0.595015
vt 3.972272 0.581407
vt 3.971564 0.581505
vt 3.970738 0.581664
vt 3.970138 0.581881
vt 3.969457 0.582147
vt 3.980051 0.596438
vt 3.969037 0.582456
vt 3.109817 0.026545
vt 3.108585 0.027284
vt 3.109210 0.026909
vt 3.459480 0.438397
vt 3.460166 0.438326
vt 3.458815 0.438604
vt 3.458190 0.438944
vt 3.457626 0.439583
vt 3.457139 0.440151
vt 3.456744 0.440987
vt 3.456453 0.441714
vt 3.456275 0.442659
vt 3.220052 0.813488
vt 3.220780 0.813456
vt 3.219126 0.813456
vt 3.218420 0.813358
vt 3.217512 0.813199
vt 3.216913 0.812983
vt 3.216209 0.812717
vt 3.215790 0.812409
vt 3.215481 0.812068
vt 3.215204 0.811705
vt 3.354234 0.040403
vt 3.361620 0.027216
vt 3.220773 0.238818
vt 3.221461 0.238984
vt 3.222129 0.239193
vt 3.222755 0.239533
vt 3.223321 0.239996
vt 3.223810 0.240772
vt 3.224206 0.241432
vt 3.232163 0.230618
vt 3.224499 0.242433
vt 3.974083 0.581407
vt 3.973156 0.581375
vt 3.960674 0.567849
vt 3.959737 0.567946
vt 3.959073 0.568105
vt 3.958268 0.568322
vt 3.957749 0.568588
vt 3.968727 0.582797
vt 3.957329 0.568897
vt 3.968538 0.583162
vt 3.957019 0.569239
vt 3.101910 0.013738
vt 3.102535 0.013363
vt 3.452155 0.425503
vt 3.452842 0.425433
vt 3.451490 0.425771
vt 3.450866 0.426110
vt 3.450302 0.426571
vt 3.449815 0.427364
vt 3.449420 0.428022
vt 3.449129 0.429001
vt 3.448951 0.429777
vt 3.231712 0.799957
vt 3.232508 0.799924
vt 3.230984 0.799924
vt 3.229966 0.799827
vt 3.229118 0.799668
vt 3.228519 0.799452
vt 3.228002 0.799186
vt 3.227469 0.798878
vt 3.227160 0.798537
vt 3.226971 0.798174
vt 3.360998 0.026843
vt 3.368263 0.013737
vt 3.213422 0.251790
vt 3.214110 0.251860
vt 3.214778 0.252069
vt 3.215404 0.252409
vt 3.215971 0.252996
vt 3.216459 0.253566
vt 3.216856 0.254431
vt 3.224678 0.243212
vt 3.217148 0.255161
vt 3.962202 0.567849
vt 3.961472 0.567816
vt 3.947646 0.554574
vt 3.946938 0.554671
vt 3.946019 0.554831
vt 3.945419 0.555047
vt 3.944829 0.555313
vt 3.944408 0.555622
vt 3.956775 0.569603
vt 3.944099 0.555964
vt 3.453528 0.425503
vt 3.445983 0.411329
vt 3.446669 0.411400
vt 3.445297 0.411400
vt 3.444632 0.411607
vt 3.444007 0.411947
vt 3.443443 0.412408
vt 3.442956 0.413055
vt 3.442561 0.413713
vt 3.442270 0.414720
vt 3.442092 0.415495
vt 3.244539 0.786709
vt 3.245510 0.786676
vt 3.243673 0.786676
vt 3.242967 0.786579
vt 3.242175 0.786420
vt 3.241576 0.786204
vt 3.241059 0.785938
vt 3.240347 0.785630
vt 3.240038 0.785289
vt 3.239849 0.784926
vt 3.205849 0.266056
vt 3.212733 0.251860
vt 3.206538 0.265986
vt 3.207227 0.266056
vt 3.207894 0.266265
vt 3.208521 0.266606
vt 3.209087 0.267391
vt 3.209576 0.267961
vt 3.209972 0.268763
vt 3.217327 0.256284
vt 3.210264 0.269494
vt 3.949349 0.554574
vt 3.948620 0.554541
vt 3.934568 0.541368
vt 3.933860 0.541466
vt 3.932872 0.541625
vt 3.932272 0.541842
vt 3.931754 0.542108
vt 3.931273 0.542417
vt 3.943909 0.556328
vt 3.930963 0.542759
vt 3.439238 0.396930
vt 3.439924 0.397000
vt 3.438552 0.397000
vt 3.437887 0.397208
vt 3.437263 0.397548
vt 3.436698 0.398075
vt 3.436211 0.398643
vt 3.435816 0.399656
vt 3.435525 0.400384
vt 3.435347 0.401203
vt 3.257793 0.773531
vt 3.258522 0.773498
vt 3.256832 0.773498
vt 3.256125 0.773400
vt 3.255299 0.773241
vt 3.254700 0.773026
vt 3.254183 0.772760
vt 3.253515 0.772452
vt 3.253206 0.772111
vt 3.253017 0.771747
vt 3.199080 0.280573
vt 3.199769 0.280503
vt 3.200457 0.280573
vt 3.201125 0.280781
vt 3.201751 0.281122
vt 3.202317 0.281859
vt 3.202806 0.282429
vt 3.203203 0.283269
vt 3.210443 0.270423
vt 3.203495 0.284000
vt 3.936068 0.541368
vt 3.935338 0.541336
vt 3.921000 0.528295
vt 3.920210 0.528393
vt 3.919546 0.528552
vt 3.918674 0.528769
vt 3.918155 0.529035
vt 3.917736 0.529344
vt 3.930773 0.543123
vt 3.917292 0.529685
vt 3.432710 0.381944
vt 3.433396 0.382014
vt 3.432024 0.382014
vt 3.431359 0.382222
vt 3.430734 0.382708
vt 3.430170 0.383169
vt 3.429683 0.383737
vt 3.429288 0.384693
vt 3.428997 0.385421
vt 3.428819 0.386287
vt 3.271374 0.760484
vt 3.272102 0.760451
vt 3.270432 0.760451
vt 3.269725 0.760354
vt 3.268801 0.760195
vt 3.268202 0.759979
vt 3.267685 0.759713
vt 3.267170 0.759405
vt 3.266861 0.759064
vt 3.266672 0.758700
vt 3.192528 0.295626
vt 3.193217 0.295556
vt 3.193905 0.295626
vt 3.194572 0.295835
vt 3.195199 0.296175
vt 3.195765 0.296743
vt 3.196254 0.297313
vt 3.196651 0.297973
vt 3.203674 0.285036
vt 3.196943 0.298992
vt 3.922674 0.528295
vt 3.921730 0.528262
vt 3.907039 0.515347
vt 3.906084 0.515444
vt 3.905420 0.515603
vt 3.904820 0.515820
vt 3.904176 0.516086
vt 3.903755 0.516395
vt 3.427737 0.367044
vt 3.434061 0.382222
vt 3.426386 0.366766
vt 3.427072 0.366836
vt 3.425700 0.366836
vt 3.425035 0.367044
vt 3.424410 0.367383
vt 3.423846 0.367844
vt 3.423359 0.368551
vt 3.422964 0.369209
vt 3.422673 0.370207
vt 3.422495 0.370983
vt 3.285307 0.747561
vt 3.286035 0.747529
vt 3.284305 0.747529
vt 3.283599 0.747431
vt 3.282763 0.747272
vt 3.282164 0.747057
vt 3.281621 0.746790
vt 3.281201 0.746482
vt 3.280892 0.746141
vt 3.191860 0.295835
vt 3.186181 0.311094
vt 3.185513 0.311303
vt 3.186870 0.311024
vt 3.187558 0.311094
vt 3.188226 0.311303
vt 3.188852 0.311643
vt 3.189419 0.312134
vt 3.189907 0.312704
vt 3.190304 0.313364
vt 3.197121 0.299771
vt 3.190596 0.314287
vt 3.908772 0.515347
vt 3.907768 0.515314
vt 3.892804 0.502515
vt 3.892011 0.502613
vt 3.891347 0.502772
vt 3.890547 0.502988
vt 3.890029 0.503255
vt 3.903445 0.516737
vt 3.889609 0.503564
vt 3.421605 0.351537
vt 3.420254 0.351259
vt 3.420940 0.351329
vt 3.419568 0.351329
vt 3.418903 0.351537
vt 3.418278 0.351877
vt 3.417714 0.352337
vt 3.417227 0.352905
vt 3.416832 0.353782
vt 3.416541 0.354509
vt 3.416363 0.355379
vt 3.299513 0.734756
vt 3.300241 0.734723
vt 3.298784 0.734723
vt 3.297885 0.734626
vt 3.297222 0.734467
vt 3.296429 0.734251
vt 3.295913 0.733985
vt 3.295493 0.733677
vt 3.295184 0.733336
vt 3.180027 0.326849
vt 3.179359 0.327058
vt 3.180715 0.326779
vt 3.181404 0.326849
vt 3.182071 0.327058
vt 3.182698 0.327398
vt 3.183264 0.327861
vt 3.183753 0.328431
vt 3.184150 0.329305
vt 3.190775 0.315065
vt 3.184442 0.330035
vt 3.894264 0.502515
vt 3.893534 0.502482
vt 3.878176 0.489792
vt 3.877391 0.489890
vt 3.876727 0.490049
vt 3.876127 0.490265
vt 3.875426 0.490532
vt 3.889299 0.503905
vt 3.875006 0.490841
vt 3.415652 0.335529
vt 3.414300 0.335251
vt 3.414987 0.335321
vt 3.413614 0.335321
vt 3.412949 0.335529
vt 3.412325 0.335869
vt 3.411761 0.336329
vt 3.411274 0.337098
vt 3.410879 0.337756
vt 3.410588 0.338483
vt 3.410409 0.339344
vt 3.314111 0.722059
vt 3.314840 0.722026
vt 3.313383 0.722026
vt 3.312516 0.721929
vt 3.311853 0.721770
vt 3.311254 0.721554
vt 3.310503 0.721288
vt 3.310084 0.720980
vt 3.309774 0.720639
vt 3.174052 0.342934
vt 3.173384 0.343143
vt 3.174740 0.342864
vt 3.175429 0.342934
vt 3.176096 0.343143
vt 3.176723 0.343483
vt 3.177289 0.343946
vt 3.177778 0.344774
vt 3.178174 0.345434
vt 3.184620 0.331027
vt 3.178467 0.346165
vt 3.879636 0.489792
vt 3.878906 0.489759
vt 3.863272 0.477170
vt 3.862565 0.477268
vt 3.861901 0.477427
vt 3.861135 0.477643
vt 3.860617 0.477910
vt 3.874696 0.491183
vt 3.860197 0.478218
vt 3.409863 0.319296
vt 3.409198 0.319088
vt 3.407825 0.318891
vt 3.408512 0.318821
vt 3.407160 0.319296
vt 3.406536 0.319636
vt 3.405972 0.320096
vt 3.405485 0.320664
vt 3.405090 0.321322
vt 3.404799 0.322231
vt 3.404621 0.323007
vt 3.328984 0.709462
vt 3.329713 0.709429
vt 3.328019 0.709429
vt 3.327313 0.709332
vt 3.326650 0.709173
vt 3.325794 0.708957
vt 3.325277 0.708691
vt 3.324858 0.708383
vt 3.324549 0.708042
vt 3.168242 0.359221
vt 3.167574 0.359430
vt 3.168930 0.359151
vt 3.169619 0.359221
vt 3.170287 0.359430
vt 3.170913 0.359770
vt 3.171479 0.360233
vt 3.171968 0.360803
vt 3.172364 0.361746
vt 3.178645 0.347120
vt 3.172657 0.362477
vt 3.864970 0.477170
vt 3.864240 0.477137
vt 3.848431 0.464679
vt 3.847724 0.464777
vt 3.847059 0.464936
vt 3.846459 0.465152
vt 3.845636 0.465419
vt 3.859887 0.478560
vt 3.845216 0.465727
vt 3.404152 0.302874
vt 3.403487 0.302666
vt 3.402114 0.302666
vt 3.402801 0.302596
vt 3.401449 0.302874
vt 3.400825 0.303214
vt 3.400261 0.303674
vt 3.399774 0.304242
vt 3.399379 0.305235
vt 3.399088 0.305963
vt 3.398910 0.306738
vt 3.343796 0.696996
vt 3.344524 0.696963
vt 3.342916 0.696963
vt 3.342210 0.696866
vt 3.341547 0.696707
vt 3.340949 0.696491
vt 3.340281 0.696225
vt 3.339862 0.695917
vt 3.339552 0.695576
vt 3.162510 0.375761
vt 3.161842 0.375970
vt 3.163198 0.375691
vt 3.163887 0.375761
vt 3.164555 0.375970
vt 3.165181 0.376310
vt 3.165748 0.376773
vt 3.166236 0.377343
vt 3.166633 0.378169
vt 3.172835 0.363255
vt 3.166925 0.378899
vt 3.850042 0.464679
vt 3.849313 0.464646
vt 3.833173 0.452426
vt 3.832465 0.452523
vt 3.831801 0.452682
vt 3.831201 0.452899
vt 3.830527 0.453165
vt 3.844906 0.466069
vt 3.830107 0.453474
vt 3.398474 0.286312
vt 3.397123 0.286035
vt 3.397809 0.286105
vt 3.396436 0.286105
vt 3.395771 0.286312
vt 3.395146 0.286652
vt 3.394582 0.287112
vt 3.394095 0.287680
vt 3.393700 0.288338
vt 3.393409 0.289237
vt 3.393231 0.290012
vt 3.359023 0.684768
vt 3.359751 0.684735
vt 3.358294 0.684735
vt 3.357337 0.684638
vt 3.356674 0.684479
vt 3.356075 0.684263
vt 3.355558 0.683997
vt 3.355138 0.683689
vt 3.354829 0.683348
vt 3.156811 0.392431
vt 3.156143 0.392811
vt 3.157499 0.392361
vt 3.158188 0.392431
vt 3.158855 0.392640
vt 3.159482 0.392981
vt 3.160048 0.393614
vt 3.160537 0.394184
vt 3.160933 0.394844
vt 3.167104 0.379678
vt 3.161225 0.395575
vt 3.834885 0.452426
vt 3.833903 0.452393
vt 3.818503 0.440235
vt 3.817796 0.440332
vt 3.817132 0.440492
vt 3.816289 0.440708
vt 3.815771 0.440974
vt 3.829798 0.453816
vt 3.815351 0.441283
vt 3.392573 0.270137
vt 3.391221 0.269859
vt 3.391908 0.269929
vt 3.390535 0.269929
vt 3.389870 0.270137
vt 3.389246 0.270476
vt 3.388681 0.270937
vt 3.388195 0.271505
vt 3.387800 0.272163
vt 3.387508 0.272891
vt 3.387330 0.273932
vt 3.373663 0.672602
vt 3.374391 0.672569
vt 3.372935 0.672569
vt 3.372228 0.672472
vt 3.371566 0.672313
vt 3.370967 0.672097
vt 3.370366 0.671831
vt 3.369947 0.671523
vt 3.369638 0.671182
vt 3.150888 0.408927
vt 3.150221 0.409136
vt 3.151577 0.408857
vt 3.152266 0.408927
vt 3.152933 0.409136
vt 3.153560 0.409476
vt 3.154126 0.409939
vt 3.154615 0.410509
vt 3.155011 0.411169
vt 3.161405 0.396353
vt 3.155303 0.411900
vt 3.819963 0.440235
vt 3.819233 0.440202
vt 3.803417 0.428237
vt 3.802709 0.428335
vt 3.801865 0.428494
vt 3.801265 0.428710
vt 3.800747 0.428977
vt 3.815041 0.441625
vt 3.800327 0.429286
vt 3.386721 0.253667
vt 3.385369 0.253390
vt 3.386055 0.253460
vt 3.384683 0.253460
vt 3.384018 0.253667
vt 3.383394 0.254007
vt 3.382830 0.254467
vt 3.382338 0.255035
vt 3.381943 0.255693
vt 3.381652 0.256421
vt 3.381474 0.257197
vt 3.388899 0.660631
vt 3.389627 0.660598
vt 3.388170 0.660598
vt 3.387284 0.660501
vt 3.386621 0.660342
vt 3.386022 0.660126
vt 3.385505 0.659860
vt 3.385086 0.659552
vt 3.384777 0.659211
vt 3.145011 0.425617
vt 3.144343 0.425825
vt 3.145699 0.425546
vt 3.146388 0.425617
vt 3.147056 0.425825
vt 3.147682 0.426166
vt 3.148253 0.426628
vt 3.148741 0.427198
vt 3.149138 0.427858
vt 3.155482 0.412770
vt 3.149430 0.428589
vt 3.804877 0.428237
vt 3.804147 0.428204
vt 3.788282 0.416400
vt 3.787574 0.416498
vt 3.786910 0.416657
vt 3.786310 0.416873
vt 3.785792 0.417140
vt 3.800017 0.429627
vt 3.785372 0.417449
vt 3.380939 0.237274
vt 3.379588 0.236996
vt 3.380274 0.237066
vt 3.378902 0.237066
vt 3.378233 0.237274
vt 3.377609 0.237614
vt 3.377045 0.238074
vt 3.376558 0.238642
vt 3.376163 0.239300
vt 3.375872 0.240028
vt 3.375688 0.240804
vt 3.403823 0.648820
vt 3.404552 0.648787
vt 3.403095 0.648787
vt 3.402388 0.648690
vt 3.401726 0.648531
vt 3.401127 0.648315
vt 3.400610 0.648049
vt 3.400190 0.647741
vt 3.399881 0.647400
vt 3.139204 0.442268
vt 3.138536 0.442476
vt 3.139893 0.442197
vt 3.140587 0.442268
vt 3.141255 0.442254
vt 3.141881 0.442594
vt 3.142447 0.443057
vt 3.142936 0.443627
vt 3.143332 0.444287
vt 3.149609 0.429368
vt 3.143628 0.445240
vt 3.789742 0.416400
vt 3.789012 0.416367
vt 3.773674 0.404532
vt 3.772967 0.404630
vt 3.772303 0.404789
vt 3.771703 0.405005
vt 3.771185 0.405272
vt 3.785062 0.417790
vt 3.770764 0.405581
vt 3.375004 0.221262
vt 3.373653 0.220984
vt 3.374339 0.221054
vt 3.372964 0.221054
vt 3.372299 0.221262
vt 3.371675 0.221601
vt 3.371110 0.222062
vt 3.370624 0.222630
vt 3.370223 0.223288
vt 3.369932 0.224016
vt 3.369754 0.224791
vt 3.369694 0.225592
vt 3.417673 0.636943
vt 3.418401 0.636976
vt 3.416966 0.636846
vt 3.416304 0.636687
vt 3.415704 0.636471
vt 3.415187 0.636205
vt 3.414768 0.635897
vt 3.414459 0.635556
vt 3.133248 0.458338
vt 3.132580 0.458547
vt 3.133936 0.458268
vt 3.134625 0.458338
vt 3.135293 0.458547
vt 3.135925 0.458887
vt 3.136491 0.459350
vt 3.136980 0.459920
vt 3.137376 0.460580
vt 3.143806 0.446019
vt 3.137669 0.461311
vt 3.143867 0.446822
vt 3.137850 0.462089
vt 3.774405 0.404500
vt 3.759444 0.392757
vt 3.758737 0.392854
vt 3.758073 0.393013
vt 3.757472 0.393230
vt 3.756954 0.393496
vt 3.770455 0.405922
vt 3.756534 0.393805
vt 3.369199 0.205663
vt 3.367848 0.205385
vt 3.368534 0.205455
vt 3.367162 0.205455
vt 3.366492 0.205446
vt 3.365868 0.205786
vt 3.365304 0.206246
vt 3.364817 0.206814
vt 3.364416 0.207472
vt 3.364125 0.208200
vt 3.363947 0.208976
vt 3.363887 0.209561
vt 3.432267 0.625192
vt 3.432996 0.625225
vt 3.431561 0.625095
vt 3.430898 0.624936
vt 3.430299 0.624723
vt 3.429782 0.624454
vt 3.429363 0.624146
vt 3.429054 0.623805
vt 3.127420 0.474211
vt 3.126752 0.474636
vt 3.128109 0.474141
vt 3.128797 0.474211
vt 3.129465 0.474420
vt 3.130097 0.474761
vt 3.130663 0.475223
vt 3.131152 0.475793
vt 3.131548 0.476236
vt 3.131845 0.476966
vt 3.760904 0.392757
vt 3.775134 0.404532
vt 3.760174 0.392724
vt 3.745170 0.381000
vt 3.744462 0.381097
vt 3.743798 0.381256
vt 3.743198 0.381473
vt 3.742680 0.381739
vt 3.756225 0.394147
vt 3.742259 0.382048
vt 3.363457 0.190015
vt 3.362106 0.189737
vt 3.362792 0.189807
vt 3.361416 0.189807
vt 3.360751 0.190015
vt 3.360127 0.190169
vt 3.359563 0.190629
vt 3.359069 0.191197
vt 3.358675 0.191855
vt 3.358383 0.192583
vt 3.358205 0.193359
vt 3.358140 0.194159
vt 3.446289 0.613462
vt 3.447018 0.613494
vt 3.445583 0.613364
vt 3.444994 0.613205
vt 3.444396 0.612989
vt 3.443879 0.612723
vt 3.443459 0.612415
vt 3.443150 0.612074
vt 3.442961 0.611711
vt 3.122346 0.489815
vt 3.121652 0.489967
vt 3.123034 0.489885
vt 3.123702 0.490094
vt 3.124329 0.490434
vt 3.124901 0.490897
vt 3.125390 0.491467
vt 3.125786 0.492127
vt 3.132024 0.477745
vt 3.126078 0.492858
vt 3.132084 0.478548
vt 3.126261 0.493636
vt 3.745899 0.380967
vt 3.731556 0.369199
vt 3.730848 0.369297
vt 3.730184 0.369456
vt 3.729584 0.369672
vt 3.729066 0.369939
vt 3.741950 0.382390
vt 3.728646 0.370247
vt 3.357765 0.175092
vt 3.356411 0.174815
vt 3.357100 0.174884
vt 3.355725 0.174884
vt 3.355060 0.175092
vt 3.354436 0.175432
vt 3.353865 0.175597
vt 3.353378 0.176165
vt 3.352983 0.176823
vt 3.352687 0.177551
vt 3.352509 0.178327
vt 3.447746 0.613459
vt 3.460703 0.601717
vt 3.461432 0.601684
vt 3.460131 0.601684
vt 3.459424 0.601587
vt 3.458762 0.601428
vt 3.458163 0.601215
vt 3.457646 0.600946
vt 3.457227 0.600638
vt 3.456918 0.600297
vt 3.120984 0.490176
vt 3.115941 0.505144
vt 3.115273 0.505353
vt 3.116629 0.505074
vt 3.117318 0.505144
vt 3.117990 0.505353
vt 3.118617 0.505693
vt 3.119183 0.505984
vt 3.119678 0.506554
vt 3.120075 0.507214
vt 3.120367 0.507944
vt 3.732746 0.369200
vt 3.746459 0.381000
vt 3.732017 0.369166
vt 3.717922 0.357415
vt 3.717214 0.357512
vt 3.716550 0.357672
vt 3.715950 0.357888
vt 3.715432 0.358155
vt 3.728336 0.370589
vt 3.715011 0.358463
vt 3.352296 0.160147
vt 3.350945 0.159869
vt 3.351631 0.159939
vt 3.350255 0.159939
vt 3.349590 0.160147
vt 3.348966 0.160486
vt 3.348396 0.160947
vt 3.347909 0.161304
vt 3.347514 0.161962
vt 3.347218 0.162690
vt 3.347040 0.163465
vt 3.474233 0.589957
vt 3.474961 0.589924
vt 3.473729 0.589924
vt 3.473023 0.589827
vt 3.472360 0.589671
vt 3.471761 0.589455
vt 3.471244 0.589189
vt 3.470825 0.588878
vt 3.470516 0.588537
vt 3.110451 0.520135
vt 3.109784 0.520344
vt 3.111140 0.520065
vt 3.111829 0.520135
vt 3.112501 0.520344
vt 3.113128 0.520684
vt 3.113694 0.521147
vt 3.114188 0.521469
vt 3.114584 0.522129
vt 3.120546 0.508723
vt 3.114877 0.522860
vt 3.719189 0.357415
vt 3.718459 0.357382
vt 3.704801 0.345498
vt 3.704093 0.345596
vt 3.703429 0.345755
vt 3.702829 0.345972
vt 3.702616 0.346238
vt 3.714702 0.358805
vt 3.702196 0.346547
vt 3.346874 0.146099
vt 3.345522 0.145821
vt 3.346208 0.145891
vt 3.344832 0.145891
vt 3.344167 0.145764
vt 3.343543 0.146104
vt 3.342973 0.146564
vt 3.342486 0.147132
vt 3.342091 0.147625
vt 3.341794 0.148353
vt 3.341616 0.149129
vt 3.487285 0.578065
vt 3.488013 0.578032
vt 3.486736 0.578032
vt 3.486029 0.577935
vt 3.485367 0.577779
vt 3.484768 0.577563
vt 3.484479 0.577297
vt 3.484060 0.576986
vt 3.483751 0.576645
vt 3.105008 0.534725
vt 3.104341 0.534934
vt 3.105697 0.534655
vt 3.106385 0.534473
vt 3.107058 0.534682
vt 3.107685 0.535023
vt 3.108251 0.535485
vt 3.108745 0.536055
vt 3.109142 0.536518
vt 3.115060 0.523638
vt 3.109434 0.537248
vt 3.706110 0.345498
vt 3.705531 0.345465
vt 3.692247 0.333494
vt 3.691539 0.333592
vt 3.690875 0.333751
vt 3.690441 0.333967
vt 3.689922 0.334233
vt 3.701886 0.346888
vt 3.689502 0.334542
vt 3.341610 0.132184
vt 3.340257 0.131906
vt 3.340943 0.131976
vt 3.339571 0.131976
vt 3.338906 0.132184
vt 3.338275 0.132342
vt 3.337711 0.132803
vt 3.337224 0.133371
vt 3.336823 0.134029
vt 3.336525 0.134559
vt 3.336347 0.135335
vt 3.499843 0.566088
vt 3.500572 0.566055
vt 3.499150 0.566055
vt 3.498444 0.565958
vt 3.497781 0.565799
vt 3.497515 0.565583
vt 3.496998 0.565317
vt 3.496579 0.565009
vt 3.496269 0.564668
vt 3.099719 0.548526
vt 3.099052 0.548735
vt 3.100408 0.548456
vt 3.101097 0.548526
vt 3.101772 0.548735
vt 3.102404 0.548708
vt 3.102970 0.549171
vt 3.103458 0.549740
vt 3.103862 0.550362
vt 3.109617 0.538027
vt 3.104154 0.551093
vt 3.693527 0.333495
vt 3.692977 0.333462
vt 3.680301 0.321374
vt 3.679594 0.321471
vt 3.679007 0.321631
vt 3.678406 0.321847
vt 3.677888 0.322114
vt 3.689193 0.334884
vt 3.677468 0.322422
vt 3.689003 0.335249
vt 3.677158 0.322764
vt 3.335045 0.118966
vt 3.335808 0.118784
vt 3.334354 0.119036
vt 3.333689 0.119244
vt 3.333067 0.119584
vt 3.332497 0.119960
vt 3.332011 0.120528
vt 3.331615 0.120985
vt 3.331319 0.121713
vt 3.331141 0.122489
vt 3.511690 0.553942
vt 3.512266 0.553907
vt 3.510962 0.553909
vt 3.510255 0.553812
vt 3.509828 0.553656
vt 3.509229 0.553440
vt 3.508712 0.553174
vt 3.508292 0.552863
vt 3.810411 0.013753
vt 3.805236 0.028426
vt 3.804431 0.028526
vt 3.508024 0.552206
vt 3.508213 0.552569
vt 3.094570 0.561692
vt 3.095259 0.561622
vt 3.095948 0.561692
vt 3.096621 0.561901
vt 3.097247 0.562241
vt 3.097813 0.562445
vt 3.098308 0.563015
vt 3.098704 0.563675
vt 3.104333 0.551871
vt 3.098996 0.564238
vt 3.681578 0.321374
vt 3.681031 0.321341
vt 3.668759 0.309129
vt 3.668051 0.309227
vt 3.667581 0.309386
vt 3.666980 0.309602
vt 3.666462 0.309869
vt 3.666042 0.310178
vt 3.676969 0.323128
vt 3.665733 0.310519
vt 3.330092 0.106190
vt 3.330778 0.106260
vt 3.329402 0.106260
vt 3.328737 0.106468
vt 3.328113 0.106807
vt 3.327543 0.107055
vt 3.327056 0.107623
vt 3.326661 0.108188
vt 3.326365 0.108916
vt 3.326187 0.109691
vt 3.523388 0.541769
vt 3.523918 0.541736
vt 3.522660 0.541736
vt 3.522225 0.541639
vt 3.521563 0.541483
vt 3.520963 0.541267
vt 3.520700 0.541001
vt 3.520281 0.540690
vt 3.799462 0.043256
vt 3.798745 0.043646
vt 3.519783 0.539986
vt 3.519972 0.540349
vt 3.089522 0.574655
vt 3.090211 0.574585
vt 3.090900 0.574655
vt 3.091572 0.574584
vt 3.092199 0.574925
vt 3.092765 0.575387
vt 3.093259 0.575658
vt 3.093656 0.576318
vt 3.099179 0.565016
vt 3.093948 0.577049
vt 3.670134 0.309129
vt 3.669404 0.309096
vt 3.657749 0.296770
vt 3.657216 0.296868
vt 3.656552 0.297027
vt 3.655977 0.297243
vt 3.655459 0.297510
vt 3.655039 0.297819
vt 3.665543 0.310884
vt 3.654729 0.298160
vt 3.325148 0.094128
vt 3.325836 0.094198
vt 3.324462 0.094198
vt 3.323796 0.094406
vt 3.323172 0.094717
vt 3.322602 0.095178
vt 3.322115 0.095555
vt 3.321720 0.096213
vt 3.321424 0.096641
vt 3.321245 0.097417
vt 3.534611 0.529435
vt 3.535093 0.529402
vt 3.533882 0.529402
vt 3.533176 0.529305
vt 3.532639 0.529146
vt 3.532041 0.528932
vt 3.531523 0.528664
vt 3.531344 0.528356
vt 3.531035 0.528015
vt 3.530846 0.527651
vt 3.084563 0.586851
vt 3.085252 0.586781
vt 3.085941 0.586587
vt 3.086613 0.586796
vt 3.087239 0.587136
vt 3.087806 0.587599
vt 3.088301 0.588029
vt 3.088697 0.588690
vt 3.094131 0.577608
vt 3.088989 0.589149
vt 3.658936 0.296771
vt 3.658479 0.296737
vt 3.647361 0.284271
vt 3.646749 0.284369
vt 3.646085 0.284528
vt 3.645685 0.284744
vt 3.645167 0.285011
vt 3.644747 0.285319
vt 3.324253 0.278366
vt 3.320611 0.266380
vt 3.324818 0.278027
vt 3.320200 0.082846
vt 3.320886 0.082916
vt 3.319511 0.082916
vt 3.318846 0.083124
vt 3.318221 0.083244
vt 3.317657 0.083704
vt 3.317164 0.084272
vt 3.316769 0.084825
vt 3.316478 0.085553
vt 3.316300 0.086042
vt 3.544934 0.516961
vt 3.545449 0.516926
vt 3.544206 0.516929
vt 3.543582 0.516831
vt 3.542919 0.516672
vt 3.542320 0.516456
vt 3.542074 0.516191
vt 3.541655 0.515882
vt 3.541346 0.515541
vt 3.397392 0.279798
vt 3.401045 0.267782
vt 3.401611 0.268122
vt 3.079594 0.598218
vt 3.080288 0.598148
vt 3.080977 0.598218
vt 3.081645 0.598127
vt 3.082271 0.598468
vt 3.082843 0.598930
vt 3.083332 0.599410
vt 3.083728 0.600070
vt 3.089168 0.589927
vt 3.084021 0.600565
vt 3.648559 0.284271
vt 3.648091 0.284238
vt 3.637715 0.271673
vt 3.637007 0.271771
vt 3.636459 0.271930
vt 3.635859 0.272146
vt 3.635512 0.272409
vt 3.644437 0.285661
vt 3.635092 0.272718
vt 3.315821 0.254975
vt 3.316386 0.254637
vt 3.320045 0.266719
vt 3.315238 0.255325
vt 3.314545 0.072332
vt 3.315232 0.072262
vt 3.313876 0.072375
vt 3.313252 0.072714
vt 3.312688 0.073175
vt 3.312201 0.073616
vt 3.311800 0.074274
vt 3.311509 0.074752
vt 3.311331 0.075255
vt 3.554541 0.504381
vt 3.555269 0.504349
vt 3.553976 0.504349
vt 3.553269 0.504252
vt 3.552840 0.504093
vt 3.552241 0.503880
vt 3.551724 0.503611
vt 3.551345 0.503303
vt 3.551036 0.502962
vt 3.405275 0.256007
vt 3.405842 0.256347
vt 3.400455 0.267428
vt 3.075300 0.608830
vt 3.075996 0.608922
vt 3.076663 0.609087
vt 3.077296 0.609428
vt 3.077862 0.609633
vt 3.078351 0.610203
vt 3.078747 0.610683
vt 3.084203 0.601344
vt 3.079043 0.611413
vt 3.638947 0.271673
vt 3.638217 0.271640
vt 3.628624 0.258982
vt 3.627917 0.259079
vt 3.627455 0.259239
vt 3.626855 0.259455
vt 3.626402 0.259721
vt 3.634782 0.273059
vt 3.625982 0.260030
vt 3.311532 0.243153
vt 3.312098 0.242814
vt 3.310949 0.243503
vt 3.309497 0.062346
vt 3.310186 0.062276
vt 3.308832 0.062483
vt 3.308208 0.062822
vt 3.307644 0.063061
vt 3.307157 0.063629
vt 3.306756 0.063976
vt 3.306465 0.064704
vt 3.306287 0.065400
vt 3.563722 0.491719
vt 3.564241 0.491687
vt 3.562994 0.491687
vt 3.562580 0.491590
vt 3.561917 0.491431
vt 3.561447 0.491215
vt 3.560930 0.490949
vt 3.560511 0.490641
vt 3.560202 0.490300
vt 3.410141 0.244494
vt 3.404691 0.255656
vt 3.409574 0.244154
vt 3.070238 0.618934
vt 3.070927 0.619005
vt 3.071594 0.619213
vt 3.072227 0.619412
vt 3.072793 0.619874
vt 3.073282 0.620122
vt 3.073678 0.620782
vt 3.079222 0.611918
vt 3.073970 0.621282
vt 3.629801 0.258982
vt 3.629071 0.258949
vt 3.620136 0.246213
vt 3.619429 0.246311
vt 3.618856 0.246470
vt 3.618256 0.246686
vt 3.617860 0.246953
vt 3.625672 0.260371
vt 3.617440 0.247262
vt 3.307107 0.231256
vt 3.307673 0.230917
vt 3.306524 0.231606
vt 3.305940 0.231956
vt 3.303626 0.053057
vt 3.304294 0.052983
vt 3.303002 0.053396
vt 3.302437 0.053756
vt 3.301950 0.054324
vt 3.301555 0.054682
vt 3.301264 0.055410
vt 3.301080 0.055955
vt 3.572206 0.478978
vt 3.572840 0.478945
vt 3.571478 0.478945
vt 3.571000 0.478848
vt 3.570337 0.478689
vt 3.569964 0.478473
vt 3.569447 0.478207
vt 3.569141 0.477900
vt 3.568832 0.477559
vt 3.414578 0.232567
vt 3.408989 0.243803
vt 3.414011 0.232227
vt 3.408405 0.243452
vt 3.413426 0.231876
vt 3.065707 0.628394
vt 3.066374 0.628603
vt 3.067001 0.628943
vt 3.067567 0.629157
vt 3.068056 0.629727
vt 3.068452 0.630135
vt 3.621820 0.246312
vt 3.630435 0.259081
vt 3.621112 0.246215
vt 3.620593 0.246181
vt 3.612389 0.233323
vt 3.611806 0.233416
vt 3.611142 0.233575
vt 3.610821 0.233792
vt 3.610303 0.234058
vt 3.617130 0.247604
vt 3.609952 0.234367
vt 3.302416 0.219240
vt 3.302981 0.218901
vt 3.301832 0.219590
vt 3.301249 0.219940
vt 3.300683 0.220279
vt 3.297486 0.045246
vt 3.298110 0.044906
vt 3.296922 0.045401
vt 3.296430 0.045969
vt 3.296035 0.046490
vt 3.295744 0.046962
vt 3.573336 0.478844
vt 3.580321 0.466074
vt 3.581027 0.465977
vt 3.579862 0.466107
vt 3.579211 0.466074
vt 3.578505 0.465977
vt 3.578048 0.465822
vt 3.577449 0.465606
vt 3.577051 0.465340
vt 3.576631 0.465032
vt 3.576322 0.464691
vt 3.419280 0.220522
vt 3.418713 0.220182
vt 3.412837 0.231523
vt 3.418128 0.219831
vt 3.060164 0.636776
vt 3.060832 0.636985
vt 3.061458 0.637194
vt 3.062029 0.637656
vt 3.062517 0.638000
vt 3.068747 0.630761
vt 3.062914 0.638574
vt 3.068926 0.631540
vt 3.063206 0.639305
vt 3.613616 0.233323
vt 3.613119 0.233290
vt 3.605268 0.220432
vt 3.604657 0.220530
vt 3.603993 0.220689
vt 3.603582 0.220905
vt 3.603063 0.221172
vt 3.609643 0.234709
vt 3.602643 0.221480
vt 3.297547 0.207232
vt 3.298112 0.206893
vt 3.296962 0.207582
vt 3.296380 0.207932
vt 3.295814 0.208271
vt 3.291758 0.037103
vt 3.292382 0.036971
vt 3.291193 0.037564
vt 3.290706 0.038025
vt 3.290311 0.038427
vt 3.290020 0.039155
vt 3.587654 0.453211
vt 3.588135 0.453114
vt 3.587106 0.453244
vt 3.586377 0.453211
vt 3.585676 0.453114
vt 3.585211 0.452955
vt 3.584613 0.452739
vt 3.584096 0.452473
vt 3.584019 0.452165
vt 3.583710 0.451824
vt 3.424155 0.208477
vt 3.423588 0.208137
vt 3.417544 0.219480
vt 3.423003 0.207786
vt 3.416977 0.219140
vt 3.422418 0.207435
vt 3.055090 0.644751
vt 3.055717 0.645092
vt 3.056283 0.645336
vt 3.056772 0.645905
vt 3.057168 0.646560
vt 3.063385 0.639786
vt 3.057460 0.647093
vt 3.606267 0.220432
vt 3.605764 0.220399
vt 3.598380 0.207598
vt 3.597846 0.207695
vt 3.597361 0.207855
vt 3.596760 0.208071
vt 3.596289 0.208337
vt 3.602334 0.221822
vt 3.595869 0.208646
vt 3.292531 0.195272
vt 3.293097 0.194933
vt 3.291948 0.195622
vt 3.291364 0.195973
vt 3.290799 0.196312
vt 3.290268 0.196630
vt 3.285293 0.030097
vt 3.285858 0.029833
vt 3.284806 0.030665
vt 3.284411 0.031134
vt 3.284121 0.031638
vt 3.594272 0.440403
vt 3.594979 0.440306
vt 3.593866 0.440436
vt 3.593163 0.440403
vt 3.592736 0.440306
vt 3.592073 0.440147
vt 3.591582 0.439931
vt 3.591065 0.439665
vt 3.590645 0.439357
vt 3.429715 0.196806
vt 3.424687 0.208796
vt 3.429183 0.196487
vt 3.428031 0.195796
vt 3.428616 0.196147
vt 3.421852 0.207095
vt 3.427447 0.195445
vt 3.049169 0.652434
vt 3.049795 0.652656
vt 3.050362 0.653119
vt 3.050850 0.653381
vt 3.051247 0.654041
vt 3.057639 0.647871
vt 3.051539 0.654743
vt 3.599636 0.207598
vt 3.599110 0.207565
vt 3.592424 0.194684
vt 3.591748 0.194782
vt 3.591268 0.194941
vt 3.590668 0.195157
vt 3.590150 0.195424
vt 3.595559 0.208988
vt 3.589958 0.195732
vt 3.287133 0.183239
vt 3.287699 0.182900
vt 3.286550 0.183589
vt 3.285967 0.183939
vt 3.285401 0.184278
vt 3.284871 0.184597
vt 3.284391 0.184884
vt 3.278457 0.023981
vt 3.278944 0.023413
vt 3.278062 0.024604
vt 3.277771 0.025084
vt 3.277593 0.025704
vt 3.599652 0.427548
vt 3.600381 0.427515
vt 3.599131 0.427515
vt 3.598602 0.427418
vt 3.597939 0.427259
vt 3.597546 0.427043
vt 3.597028 0.426777
vt 3.596911 0.426469
vt 3.435126 0.184742
vt 3.434594 0.184423
vt 3.433443 0.183732
vt 3.434028 0.184083
vt 3.426880 0.195105
vt 3.432858 0.183381
vt 3.426348 0.194786
vt 3.432291 0.183041
vt 3.425867 0.194497
vt 3.431759 0.182722
vt 3.043989 0.659585
vt 3.044478 0.660155
vt 3.044874 0.660619
vt 3.051718 0.655167
vt 3.045166 0.661122
vt 3.593657 0.194684
vt 3.592927 0.194651
vt 3.587669 0.181609
vt 3.587088 0.181707
vt 3.586424 0.181866
vt 3.586035 0.182082
vt 3.585516 0.182349
vt 3.282313 0.170398
vt 3.288229 0.182581
vt 3.281217 0.171055
vt 3.281783 0.170716
vt 3.280634 0.171405
vt 3.280050 0.171755
vt 3.279485 0.172095
vt 3.278955 0.172413
vt 3.278475 0.172701
vt 3.278061 0.172949
vt 3.271102 0.019392
vt 3.271498 0.018734
vt 3.270811 0.019896
vt 3.270633 0.020514
vt 3.604522 0.414499
vt 3.605106 0.414467
vt 3.603794 0.414467
vt 3.603351 0.414369
vt 3.602877 0.414210
vt 3.602278 0.413994
vt 3.601866 0.413729
vt 3.435607 0.185031
vt 3.441057 0.172527
vt 3.441538 0.172816
vt 3.440525 0.172208
vt 3.439959 0.171868
vt 3.439373 0.171517
vt 3.438789 0.171167
vt 3.438222 0.170826
vt 3.431278 0.182434
vt 3.437690 0.170507
vt 3.430863 0.182185
vt 3.437209 0.170219
vt 3.430527 0.181983
vt 3.436794 0.169970
vt 3.037889 0.665760
vt 3.045345 0.661745
vt 3.038182 0.666331
vt 3.588781 0.181609
vt 3.588194 0.181576
vt 3.582769 0.168636
vt 3.582062 0.168734
vt 3.581617 0.168893
vt 3.581017 0.169109
vt 3.585096 0.182658
vt 3.580802 0.169376
vt 3.276438 0.158309
vt 3.275908 0.158628
vt 3.274759 0.159317
vt 3.275342 0.158967
vt 3.274175 0.159667
vt 3.273610 0.160006
vt 3.273079 0.160324
vt 3.272600 0.160612
vt 3.272186 0.160860
vt 3.264191 0.013957
vt 3.264586 0.013363
vt 3.263900 0.014685
vt 3.263722 0.015239
vt 3.609321 0.401553
vt 3.609908 0.401520
vt 3.608821 0.401520
vt 3.608244 0.401423
vt 3.607582 0.401264
vt 3.607271 0.401050
vt 3.606754 0.400784
vt 3.606334 0.400476
vt 3.446417 0.160092
vt 3.446949 0.160411
vt 3.445850 0.159751
vt 3.445265 0.159401
vt 3.444680 0.159050
vt 3.444113 0.158709
vt 3.443582 0.158390
vt 3.443101 0.158102
vt 3.436458 0.169768
vt 3.442686 0.157853
vt 3.030953 0.671050
vt 3.038361 0.667110
vt 3.031245 0.671781
vt 3.583968 0.168636
vt 3.583441 0.168603
vt 3.579053 0.155404
vt 3.578607 0.155501
vt 3.577943 0.155661
vt 3.577433 0.155877
vt 3.270669 0.145669
vt 3.276918 0.158021
vt 3.270189 0.145956
vt 3.269093 0.146614
vt 3.269658 0.146275
vt 3.268509 0.146964
vt 3.267926 0.147314
vt 3.267361 0.147653
vt 3.266830 0.147972
vt 3.266351 0.148260
vt 3.265936 0.148508
vt 3.611616 0.401048
vt 3.614610 0.388034
vt 3.615209 0.387819
vt 3.611075 0.401264
vt 3.614213 0.388193
vt 3.610413 0.401423
vt 3.613603 0.388291
vt 3.613023 0.388324
vt 3.612295 0.388291
vt 3.611862 0.388193
vt 3.611328 0.388034
vt 3.610729 0.387819
vt 3.610357 0.387553
vt 3.609938 0.387244
vt 3.452680 0.147705
vt 3.453212 0.148024
vt 3.452081 0.147387
vt 3.451496 0.147036
vt 3.450911 0.146686
vt 3.450344 0.146345
vt 3.449812 0.146026
vt 3.449332 0.145738
vt 3.442348 0.157649
vt 3.448916 0.145489
vt 3.023614 0.675259
vt 3.580858 0.155501
vt 3.584535 0.168734
vt 3.580247 0.155404
vt 3.579517 0.155371
vt 3.576001 0.142026
vt 3.575294 0.142123
vt 3.574962 0.142282
vt 3.577031 0.156120
vt 3.574385 0.142499
vt 3.264307 0.133225
vt 3.263297 0.133831
vt 3.263828 0.133512
vt 3.262732 0.134170
vt 3.262149 0.134520
vt 3.261565 0.134870
vt 3.261000 0.135209
vt 3.260469 0.135528
vt 3.259990 0.135815
vt 3.259576 0.136064
vt 3.617821 0.374707
vt 3.618370 0.374491
vt 3.617158 0.374866
vt 3.616745 0.374963
vt 3.616137 0.374996
vt 3.615607 0.374963
vt 3.614900 0.374866
vt 3.614462 0.374707
vt 3.614020 0.374492
vt 3.613503 0.374226
vt 3.613084 0.373917
vt 3.459058 0.135230
vt 3.459590 0.135549
vt 3.458491 0.134890
vt 3.457906 0.134539
vt 3.457321 0.134188
vt 3.456755 0.133848
vt 3.456223 0.133529
vt 3.455742 0.133240
vt 3.581373 0.155661
vt 3.578771 0.142499
vt 3.581700 0.155877
vt 3.578369 0.142283
vt 3.577705 0.142124
vt 3.577118 0.142026
vt 3.576682 0.141993
vt 3.573692 0.128469
vt 3.573265 0.128567
vt 3.572655 0.128726
vt 3.573867 0.142765
vt 3.572055 0.128942
vt 3.573447 0.143074
vt 3.571693 0.129209
vt 3.256680 0.121198
vt 3.257211 0.120880
vt 3.256115 0.121538
vt 3.255532 0.121888
vt 3.254948 0.122238
vt 3.254383 0.122577
vt 3.253852 0.122895
vt 3.253373 0.123183
vt 3.252959 0.123431
vt 3.620076 0.361178
vt 3.620395 0.360962
vt 3.619518 0.361337
vt 3.619017 0.361434
vt 3.618289 0.361467
vt 3.617708 0.361434
vt 3.617332 0.361337
vt 3.616787 0.361178
vt 3.616188 0.360962
vt 3.615858 0.360696
vt 3.615439 0.360388
vt 3.466223 0.122884
vt 3.465691 0.122565
vt 3.465124 0.122225
vt 3.464540 0.121874
vt 3.463955 0.121523
vt 3.463388 0.121183
vt 3.462856 0.120864
vt 3.455327 0.132991
vt 3.462375 0.120576
vt 3.454990 0.132790
vt 3.461960 0.120327
vt 3.576065 0.128726
vt 3.575548 0.128567
vt 3.575047 0.128469
vt 3.574318 0.128436
vt 3.572133 0.114760
vt 3.571425 0.114857
vt 3.570997 0.115017
vt 3.570676 0.115233
vt 3.571273 0.129518
vt 3.570158 0.115499
vt 3.249896 0.108423
vt 3.250427 0.108105
vt 3.249330 0.108763
vt 3.248747 0.109113
vt 3.248164 0.109463
vt 3.247598 0.109802
vt 3.247068 0.110120
vt 3.246588 0.110408
vt 3.246174 0.110657
vt 3.621703 0.347496
vt 3.622231 0.347281
vt 3.621041 0.347655
vt 3.620605 0.347753
vt 3.620016 0.347786
vt 3.619432 0.347753
vt 3.618726 0.347655
vt 3.618215 0.347497
vt 3.617940 0.347281
vt 3.617423 0.347015
vt 3.617003 0.346707
vt 3.473025 0.110077
vt 3.472493 0.109758
vt 3.471926 0.109418
vt 3.471341 0.109067
vt 3.470757 0.108716
vt 3.470190 0.108376
vt 3.469658 0.108057
vt 3.576334 0.128942
vt 3.575304 0.115500
vt 3.576853 0.129209
vt 3.574937 0.115233
vt 3.574482 0.115017
vt 3.573818 0.114858
vt 3.573251 0.114760
vt 3.572791 0.114727
vt 3.571452 0.100840
vt 3.570881 0.100938
vt 3.570217 0.101097
vt 3.569740 0.101314
vt 3.250906 0.107817
vt 3.243382 0.095135
vt 3.243861 0.094847
vt 3.242851 0.095453
vt 3.242286 0.095792
vt 3.241703 0.096142
vt 3.241119 0.096492
vt 3.240554 0.096831
vt 3.240023 0.097150
vt 3.239544 0.097437
vt 3.239130 0.097686
vt 3.622312 0.333605
vt 3.622911 0.333389
vt 3.621871 0.333764
vt 3.621312 0.333861
vt 3.620825 0.333894
vt 3.620097 0.333861
vt 3.619571 0.333764
vt 3.619025 0.333605
vt 3.618426 0.333389
vt 3.618070 0.333123
vt 3.480087 0.097074
vt 3.479555 0.096755
vt 3.478988 0.096414
vt 3.478404 0.096064
vt 3.477819 0.095713
vt 3.477252 0.095373
vt 3.469177 0.107769
vt 3.476720 0.095053
vt 3.574492 0.101580
vt 3.574091 0.101314
vt 3.573671 0.101097
vt 3.573250 0.100938
vt 3.572542 0.100840
vt 3.571959 0.100808
vt 3.571008 0.086810
vt 3.570012 0.087067
vt 3.570562 0.086908
vt 3.569412 0.087283
vt 3.569077 0.087550
vt 3.236225 0.082061
vt 3.236705 0.081773
vt 3.235694 0.082379
vt 3.235129 0.082718
vt 3.233809 0.083315
vt 3.234392 0.082965
vt 3.233243 0.083654
vt 3.232713 0.083973
vt 3.232233 0.084261
vt 3.231819 0.084509
vt 3.622215 0.319493
vt 3.622815 0.319277
vt 3.621599 0.319652
vt 3.621047 0.319749
vt 3.620520 0.319782
vt 3.619792 0.319749
vt 3.619285 0.319652
vt 3.618808 0.319493
vt 3.480568 0.097362
vt 3.488312 0.084401
vt 3.480983 0.097611
vt 3.487265 0.083971
vt 3.487900 0.084156
vt 3.486733 0.083652
vt 3.486166 0.083311
vt 3.485581 0.082961
vt 3.484997 0.082610
vt 3.484430 0.082270
vt 3.476239 0.094765
vt 3.483898 0.081951
vt 3.574355 0.087554
vt 3.573837 0.087283
vt 3.573436 0.087067
vt 3.572974 0.086908
vt 3.572421 0.086810
vt 3.571738 0.086777
vt 3.571774 0.072540
vt 3.572251 0.072442
vt 3.571111 0.072699
vt 3.570626 0.072915
vt 3.570108 0.073182
vt 3.228651 0.068672
vt 3.229131 0.068384
vt 3.228121 0.068990
vt 3.227555 0.069330
vt 3.226389 0.070030
vt 3.226972 0.069680
vt 3.225823 0.070369
vt 3.225293 0.070687
vt 3.224813 0.070975
vt 3.224399 0.071223
vt 3.622113 0.305049
vt 3.621514 0.305264
vt 3.621021 0.305423
vt 3.620445 0.305521
vt 3.619883 0.305560
vt 3.619155 0.305527
vt 3.618770 0.305430
vt 3.618209 0.319277
vt 3.618153 0.305271
vt 3.495755 0.071088
vt 3.494859 0.070550
vt 3.495340 0.070839
vt 3.494328 0.070231
vt 3.493760 0.069891
vt 3.493176 0.069540
vt 3.492591 0.069189
vt 3.491492 0.068530
vt 3.492024 0.068849
vt 3.491011 0.068241
vt 3.574893 0.072922
vt 3.575411 0.073188
vt 3.574615 0.072706
vt 3.574118 0.072546
vt 3.573411 0.072449
vt 3.572810 0.072416
vt 3.572921 0.058140
vt 3.573628 0.058042
vt 3.572336 0.058299
vt 3.571987 0.058514
vt 3.571469 0.058781
vt 3.221065 0.055253
vt 3.221544 0.054965
vt 3.220534 0.055571
vt 3.219969 0.055910
vt 3.219386 0.056260
vt 3.218802 0.056611
vt 3.218237 0.056950
vt 3.217706 0.057268
vt 3.621176 0.290411
vt 3.622399 0.304782
vt 3.620739 0.290677
vt 3.620139 0.290893
vt 3.619779 0.291052
vt 3.619212 0.291150
vt 3.618717 0.291182
vt 3.617989 0.291150
vt 3.617407 0.291052
vt 3.617554 0.305055
vt 3.616897 0.290893
vt 3.503357 0.057629
vt 3.502942 0.057380
vt 3.502461 0.057092
vt 3.501929 0.056772
vt 3.501362 0.056432
vt 3.500777 0.056081
vt 3.500193 0.055731
vt 3.499626 0.055390
vt 3.575785 0.073497
vt 3.576624 0.058782
vt 3.577044 0.059090
vt 3.576259 0.058515
vt 3.575783 0.058299
vt 3.575354 0.058140
vt 3.574646 0.058042
vt 3.574055 0.058009
vt 3.575460 0.043445
vt 3.575897 0.043347
vt 3.574796 0.043604
vt 3.299063 0.042974
vt 3.290926 0.028106
vt 3.299423 0.042760
vt 3.574199 0.044003
vt 3.574717 0.043737
vt 3.213008 0.041483
vt 3.213488 0.041195
vt 3.212478 0.041801
vt 3.211912 0.042140
vt 3.211329 0.042490
vt 3.210746 0.042840
vt 3.210180 0.043179
vt 3.618734 0.275355
vt 3.621595 0.290103
vt 3.618315 0.275663
vt 3.618068 0.275929
vt 3.617469 0.276145
vt 3.616983 0.276304
vt 3.616442 0.276401
vt 3.615831 0.276434
vt 3.615103 0.276402
vt 3.614651 0.276304
vt 3.616298 0.290677
vt 3.614085 0.276145
vt 3.511434 0.043824
vt 3.511019 0.043575
vt 3.510538 0.043286
vt 3.510006 0.042967
vt 3.509439 0.042627
vt 3.508270 0.041925
vt 3.508854 0.042276
vt 3.507586 0.041663
vt 3.507054 0.041344
vt 3.579131 0.044087
vt 3.579455 0.044396
vt 3.578613 0.043821
vt 3.578268 0.043605
vt 3.577722 0.043445
vt 3.577180 0.043348
vt 3.576450 0.043315
vt 3.578060 0.028660
vt 3.578574 0.028563
vt 3.577535 0.028819
vt 3.290442 0.028238
vt 3.282350 0.013363
vt 3.576416 0.029302
vt 3.576935 0.029036
vt 3.205111 0.027783
vt 3.205591 0.027496
vt 3.204581 0.028102
vt 3.204015 0.028441
vt 3.203432 0.028791
vt 3.202703 0.029044
vt 3.209650 0.043498
vt 3.202138 0.029383
vt 3.615899 0.260580
vt 3.615618 0.260888
vt 3.615100 0.261154
vt 3.614696 0.261370
vt 3.614138 0.261529
vt 3.613431 0.261626
vt 3.612955 0.261659
vt 3.612366 0.261626
vt 3.611881 0.261529
vt 3.613486 0.275930
vt 3.611218 0.261370
vt 3.518936 0.029841
vt 3.519496 0.029992
vt 3.518455 0.029552
vt 3.517923 0.029233
vt 3.517356 0.028893
vt 3.516771 0.028542
vt 3.515620 0.027851
vt 3.516187 0.028191
vt 3.515088 0.027532
vt 3.581805 0.029302
vt 3.582225 0.029611
vt 3.581509 0.029036
vt 3.581048 0.028819
vt 3.580384 0.028660
vt 3.579929 0.028563
vt 3.579304 0.028530
vt 3.582443 0.013494
vt 3.583035 0.013396
vt 3.581779 0.013653
vt 3.581369 0.013869
vt 3.580851 0.014136
vt 3.196614 0.013651
vt 3.197093 0.013363
vt 3.196083 0.013969
vt 3.195518 0.014309
vt 3.194935 0.014658
vt 3.194351 0.015008
vt 3.201607 0.029702
vt 3.193786 0.015348
vt 3.612171 0.245548
vt 3.611752 0.245856
vt 3.611351 0.246122
vt 3.610752 0.246338
vt 3.610242 0.246497
vt 3.609663 0.246594
vt 3.608935 0.246627
vt 3.608458 0.246594
vt 3.607865 0.246497
vt 3.610715 0.261154
vt 3.607203 0.246338
vt 3.527454 0.015672
vt 3.527869 0.015921
vt 3.526974 0.015383
vt 3.526442 0.015064
vt 3.525875 0.014724
vt 3.524705 0.014023
vt 3.525290 0.014373
vt 3.524138 0.013682
vt 3.523606 0.013363
vt 3.586339 0.014136
vt 3.586759 0.014444
vt 3.585934 0.013869
vt 3.585334 0.013653
vt 3.584922 0.013494
vt 3.584342 0.013396
vt 3.583612 0.013363
vt 3.479051 0.466109
vt 3.479230 0.466885
vt 3.475339 0.467797
vt 3.478760 0.465070
vt 3.478365 0.464412
vt 3.477879 0.463683
vt 3.477314 0.463222
vt 3.476690 0.462883
vt 3.476025 0.462675
vt 3.471448 0.466997
vt 3.471388 0.467797
vt 3.471448 0.468827
vt 3.471626 0.469801
vt 3.471917 0.470529
vt 3.472312 0.471423
vt 3.472799 0.471991
vt 3.473363 0.472452
vt 3.473987 0.472893
vt 3.474653 0.473101
vt 3.475339 0.473171
vt 3.476025 0.473101
vt 3.476690 0.472791
vt 3.477314 0.472452
vt 3.477879 0.471991
vt 3.478365 0.471187
vt 3.478760 0.470529
vt 3.479051 0.469603
vt 3.479230 0.468827
vt 3.479290 0.467797
vt 3.609383 0.242343
vt 3.609973 0.242441
vt 3.608935 0.244469
vt 3.610636 0.242600
vt 3.611045 0.242815
vt 3.611562 0.243081
vt 3.611982 0.243389
vt 3.612291 0.243731
vt 3.612480 0.244094
vt 3.612544 0.244469
vt 3.612480 0.244843
vt 3.612291 0.245207
vt 3.606796 0.246122
vt 3.606279 0.245856
vt 3.605860 0.245548
vt 3.605551 0.245207
vt 3.605361 0.244843
vt 3.605298 0.244469
vt 3.605361 0.244094
vt 3.605550 0.243731
vt 3.605667 0.243389
vt 3.606086 0.243081
vt 3.606490 0.242815
vt 3.607089 0.242600
vt 3.607500 0.242441
vt 3.608079 0.242343
vt 3.608807 0.242310
vt 3.458338 0.030811
vt 3.466262 0.017876
vt 3.469758 0.015981
vt 3.801842 0.191370
vt 3.812247 0.206096
vt 3.802355 0.201636
vt 3.811719 0.226698
vt 3.813254 0.240103
vt 3.808709 0.226550
vt 3.762562 0.206718
vt 3.772880 0.191954
vt 3.772534 0.202316
vt 3.759131 0.197662
vt 3.755443 0.208628
vt 3.755636 0.197687
vt 3.798745 0.191341
vt 3.799090 0.201668
vt 3.802257 0.209662
vt 3.805284 0.209793
vt 3.758635 0.208637
vt 3.750982 0.243038
vt 3.816608 0.240184
vt 3.817465 0.242168
vt 3.093351 0.052947
vt 3.106777 0.085479
vt 3.088860 0.054670
vt 3.763046 0.195950
vt 3.718576 0.013363
vt 3.719816 0.018602
vt 3.715229 0.016324
vt 3.811787 0.195329
vt 3.816122 0.207959
vt 3.560436 0.046055
vt 3.573866 0.013657
vt 3.578180 0.015508
vt 3.803398 0.213046
vt 3.806588 0.213049
vt 3.804851 0.216346
vt 3.807900 0.216394
vt 3.805980 0.219688
vt 3.809132 0.219791
vt 3.807291 0.223120
vt 3.810525 0.223249
vt 3.765620 0.220398
vt 3.764304 0.223842
vt 3.736555 0.020532
vt 3.838982 0.018599
vt 3.852862 0.013363
vt 3.834945 0.020508
vt 3.723323 0.015900
vt 3.815929 0.197055
vt 3.856198 0.016314
vt 3.734598 0.513036
vt 3.735619 0.505749
vt 3.737946 0.505782
vt 3.270257 0.272750
vt 3.262575 0.262570
vt 3.273446 0.267142
vt 3.437840 0.753252
vt 3.438324 0.762020
vt 3.435902 0.753127
vt 3.348866 0.246065
vt 3.356477 0.236017
vt 3.359593 0.241708
vt 3.742570 0.616443
vt 3.739687 0.622919
vt 3.740345 0.616558
vt 3.430753 0.730627
vt 3.433497 0.736782
vt 3.431045 0.736769
vt 3.432765 0.742114
vt 3.435220 0.742105
vt 3.741793 0.622754
vt 3.736324 0.644166
vt 3.558159 0.014469
vt 3.557622 0.017783
vt 3.556027 0.013363
vt 3.355724 0.266885
vt 3.344528 0.247689
vt 3.345618 0.240431
vt 3.341252 0.241999
vt 3.732358 0.513297
vt 3.733167 0.515890
vt 3.730888 0.516215
vt 3.259420 0.268354
vt 3.258305 0.261023
vt 3.269551 0.241862
vt 3.273794 0.243648
vt 3.433570 0.744214
vt 3.435708 0.744336
vt 3.434037 0.746427
vt 3.436161 0.746579
vt 3.434489 0.748668
vt 3.436766 0.748778
vt 3.435239 0.750852
vt 3.437373 0.750981
vt 3.272500 0.256026
vt 3.272512 0.258063
vt 3.358727 0.250656
vt 3.358693 0.252733
vt 3.308881 0.142211
vt 3.212821 0.359881
vt 3.432864 0.730730
vt 3.440629 0.629384
vt 3.442894 0.629352
vt 3.298955 0.148751
vt 3.255047 0.266760
vt 3.208914 0.357250
vt 3.843135 0.548624
vt 3.850679 0.532820
vt 3.854539 0.532217
vt 3.640860 0.667921
vt 3.628877 0.664886
vt 3.627754 0.658871
vt 3.640291 0.683966
vt 3.641618 0.693743
vt 3.636377 0.683679
vt 3.853464 0.642441
vt 3.841769 0.645480
vt 3.854595 0.636384
vt 3.835403 0.654408
vt 3.832441 0.649248
vt 3.836433 0.648890
vt 3.625014 0.664592
vt 3.628722 0.671096
vt 3.632743 0.671359
vt 3.831418 0.654728
vt 3.831288 0.674382
vt 3.827453 0.674625
vt 3.645585 0.693928
vt 3.647168 0.696503
vt 3.836844 0.671620
vt 3.840715 0.651126
vt 3.839756 0.549433
vt 3.839162 0.554863
vt 3.835298 0.555551
vt 3.641908 0.673536
vt 3.646017 0.671393
vt 3.647039 0.676868
vt 3.651000 0.696746
vt 3.630167 0.673721
vt 3.634186 0.673913
vt 3.631845 0.676221
vt 3.635920 0.676450
vt 3.633209 0.678721
vt 3.637401 0.678980
vt 3.634891 0.681214
vt 3.638858 0.681453
vt 3.846626 0.654081
vt 3.843578 0.659079
vt 3.638709 0.571672
vt 3.623940 0.554472
vt 3.627796 0.555074
vt 3.643162 0.577784
vt 3.853698 0.051033
vt 3.853351 0.039988
vt 3.855266 0.038694
vt 3.817151 0.304042
vt 3.830656 0.304685
vt 3.827692 0.309981
vt 3.407346 0.769539
vt 3.407173 0.779126
vt 3.405426 0.769221
vt 3.138945 0.093940
vt 3.125430 0.094597
vt 3.136012 0.088680
vt 3.486916 0.384400
vt 3.484360 0.391194
vt 3.484988 0.384785
vt 3.402045 0.744953
vt 3.404455 0.751116
vt 3.402495 0.750868
vt 3.403326 0.756780
vt 3.405322 0.757102
vt 3.486495 0.390894
vt 3.481013 0.412524
vt 3.409209 0.779392
vt 3.408006 0.781772
vt 3.139595 0.119069
vt 3.124462 0.102624
vt 3.128474 0.100117
vt 3.121300 0.096914
vt 3.852094 0.052302
vt 3.852768 0.055882
vt 3.850942 0.057070
vt 3.820251 0.298470
vt 3.813050 0.301593
vt 3.816238 0.295956
vt 3.831341 0.279536
vt 3.827228 0.277197
vt 3.403653 0.759196
vt 3.405769 0.759429
vt 3.404136 0.761696
vt 3.406068 0.762029
vt 3.404512 0.764245
vt 3.406476 0.764558
vt 3.404965 0.766747
vt 3.406896 0.767055
vt 3.829865 0.292730
vt 3.829810 0.294979
vt 3.138085 0.103568
vt 3.138122 0.105835
vt 3.097644 0.013363
vt 3.789160 0.385668
vt 3.777255 0.382170
vt 3.403971 0.745162
vt 3.408593 0.660256
vt 3.410675 0.660066
vt 3.085718 0.016671
vt 3.479738 0.294611
vt 3.772646 0.380893
vt 3.607275 0.054582
vt 3.600395 0.042792
vt 3.601889 0.041700
vt 3.347018 0.573523
vt 3.361400 0.577705
vt 3.359441 0.581196
vt 3.357355 0.563956
vt 3.358035 0.556828
vt 3.358578 0.564367
vt 3.214415 0.634841
vt 3.224880 0.623694
vt 3.226837 0.627180
vt 3.207374 0.634271
vt 3.208158 0.638173
vt 3.206200 0.634759
vt 3.360664 0.581605
vt 3.362624 0.578115
vt 3.360787 0.573517
vt 3.359567 0.573106
vt 3.209356 0.637731
vt 3.216180 0.651793
vt 3.237920 0.014579
vt 3.235013 0.018383
vt 3.236576 0.013363
vt 3.217396 0.651381
vt 3.212391 0.631461
vt 3.605696 0.055514
vt 3.609009 0.060342
vt 3.607439 0.061237
vt 3.343916 0.567104
vt 3.348963 0.570026
vt 3.351950 0.553464
vt 3.356857 0.556343
vt 3.360127 0.571652
vt 3.358900 0.571248
vt 3.359560 0.569804
vt 3.358407 0.569497
vt 3.359098 0.567961
vt 3.357944 0.567654
vt 3.358742 0.566123
vt 3.357589 0.565815
vt 3.223779 0.635478
vt 3.223317 0.637318
vt 3.183742 0.577452
vt 3.195640 0.568563
vt 3.318603 0.626902
vt 3.331380 0.636818
vt 3.330370 0.636053
vt 3.177596 0.580687
vt 3.178422 0.579619
vt 3.341955 0.570524
vt 3.313309 0.624676
vt 3.030361 0.401241
vt 3.034134 0.383858
vt 3.037966 0.383192
vt 3.352633 0.515131
vt 3.341125 0.515953
vt 3.340386 0.506576
vt 3.352437 0.540461
vt 3.353874 0.553171
vt 3.348465 0.540367
vt 3.056004 0.530943
vt 3.044231 0.529861
vt 3.056385 0.521343
vt 3.038516 0.541941
vt 3.035707 0.533802
vt 3.039271 0.533423
vt 3.336798 0.506198
vt 3.337180 0.515792
vt 3.341024 0.524008
vt 3.344720 0.524289
vt 3.034951 0.542273
vt 3.034397 0.570816
vt 3.030412 0.570899
vt 3.357549 0.553339
vt 3.358773 0.555642
vt 3.039299 0.568343
vt 3.043287 0.538625
vt 3.026861 0.402117
vt 3.027355 0.408409
vt 3.023614 0.409252
vt 3.353379 0.523796
vt 3.357464 0.518650
vt 3.358220 0.527116
vt 3.362756 0.555726
vt 3.342494 0.527317
vt 3.346314 0.527521
vt 3.344126 0.530599
vt 3.347854 0.530763
vt 3.345695 0.533844
vt 3.349575 0.533987
vt 3.347436 0.537008
vt 3.350813 0.537296
vt 3.049053 0.545758
vt 3.047482 0.549005
vt 3.366305 0.387042
vt 3.355206 0.368129
vt 3.359036 0.368794
vt 3.369550 0.394173
vt 3.160739 0.622733
vt 3.167674 0.608359
vt 3.171556 0.607895
vt 3.986985 0.120159
vt 3.974809 0.117101
vt 3.973785 0.111617
vt 3.986176 0.135019
vt 3.987184 0.144300
vt 3.982185 0.134762
vt 3.908631 0.083741
vt 3.895310 0.086426
vt 3.905717 0.078885
vt 3.151149 0.722777
vt 3.148193 0.717936
vt 3.152103 0.717668
vt 3.970779 0.116936
vt 3.975054 0.122914
vt 3.978814 0.123166
vt 3.147227 0.723111
vt 3.147445 0.741617
vt 3.143668 0.741883
vt 3.991192 0.144493
vt 3.992493 0.147062
vt 3.152755 0.738854
vt 3.156521 0.719745
vt 3.157497 0.714518
vt 3.156267 0.623097
vt 3.155752 0.627893
vt 3.151817 0.628415
vt 3.502990 0.073265
vt 3.496000 0.074969
vt 3.498746 0.070391
vt 3.513062 0.056295
vt 3.508668 0.053786
vt 3.976258 0.125448
vt 3.980455 0.125561
vt 3.977754 0.127750
vt 3.981894 0.127951
vt 3.979355 0.130073
vt 3.983404 0.130308
vt 3.980819 0.132417
vt 3.984716 0.132657
vt 3.987771 0.125311
vt 3.898086 0.091053
vt 3.907364 0.095372
vt 3.907412 0.097447
vt 3.169979 0.705999
vt 3.983673 0.028563
vt 3.968386 0.013363
vt 3.972267 0.013828
vt 3.988122 0.033880
vt 3.991745 0.123385
vt 3.858654 0.028901
vt 3.856162 0.017717
vt 3.857818 0.016419
vt 3.992330 0.443340
vt 3.982489 0.433859
vt 3.994735 0.439208
vt 3.991918 0.425345
vt 3.993408 0.417529
vt 3.993096 0.425582
vt 3.780183 0.086119
vt 3.790175 0.076604
vt 3.792531 0.080788
vt 3.772893 0.083513
vt 3.774318 0.088305
vt 3.771726 0.083723
vt 3.993588 0.443527
vt 3.995936 0.439356
vt 3.994341 0.434870
vt 3.993240 0.434813
vt 3.775451 0.088039
vt 3.784224 0.105290
vt 3.130220 0.014545
vt 3.128008 0.018232
vt 3.128647 0.013363
vt 3.785286 0.105117
vt 3.777693 0.081638
vt 3.856781 0.030106
vt 3.858954 0.033973
vt 3.857265 0.035178
vt 3.980041 0.438403
vt 3.977778 0.431862
vt 3.987654 0.414930
vt 3.992268 0.417222
vt 3.993923 0.433161
vt 3.992738 0.432989
vt 3.993523 0.431343
vt 3.992347 0.431144
vt 3.993250 0.429475
vt 3.992146 0.429354
vt 3.993163 0.427675
vt 3.991937 0.427318
vt 3.790111 0.088826
vt 3.789837 0.090700
vt 3.757186 0.013363
vt 3.959426 0.506579
vt 3.947267 0.501703
vt 3.960700 0.506575
vt 3.744898 0.018153
vt 3.739905 0.019813
vt 3.975195 0.436430
vt 3.942288 0.500008
vt 3.088152 0.080703
vt 3.608411 0.755952
vt 3.713511 0.728404
vt 3.554879 0.018848
vt 3.359394 0.137773
vt 3.120752 0.256859
vt 3.120803 0.246529
vt 3.120575 0.248667
vt 3.120566 0.254831
vt 3.358236 0.129309
vt 3.358207 0.119016
vt 3.358020 0.121043
vt 3.358056 0.127204
vt 3.292430 0.020013
vt 3.704790 0.600381
vt 3.704790 0.588825
vt 3.137486 0.637228
vt 3.145202 0.623801
vt 3.143890 0.626637
vt 3.140723 0.631990
vt 3.070647 0.510391
vt 3.269837 0.464418
vt 3.368116 0.020175
vt 3.736162 0.504503
vt 3.684593 0.444406
vt 3.683381 0.435150
vt 3.683395 0.437073
vt 3.684124 0.442628
vt 3.735961 0.496814
vt 3.737201 0.487657
vt 3.736714 0.489491
vt 3.735994 0.494957
vt 3.642583 0.523531
vt 3.844009 0.403024
vt 3.955879 0.379507
vt 3.394215 0.018857
vt 3.787096 0.051164
vt 3.913579 0.049286
vt 3.934545 0.039045
vt 3.936088 0.025935
vt 3.935604 0.028738
vt 3.934639 0.036487
vt 3.784641 0.040359
vt 3.783183 0.027400
vt 3.783222 0.029902
vt 3.784139 0.037629
vt 3.931848 0.188420
vt 3.108709 0.019570
vt 3.341863 0.561968
vt 3.341684 0.554349
vt 3.343436 0.545304
vt 3.342918 0.547047
vt 3.342507 0.548721
vt 3.292430 0.483624
vt 3.074254 0.773405
vt 3.720253 0.739004
vt 3.548828 0.025165
vt 3.353957 0.294867
vt 3.781011 0.247997
vt 3.780983 0.237632
vt 3.780809 0.239705
vt 3.780832 0.245917
vt 3.352952 0.286562
vt 3.353002 0.276231
vt 3.352804 0.278323
vt 3.352792 0.284470
vt 3.289820 0.182521
vt 3.712619 0.612725
vt 3.923723 0.404033
vt 3.934386 0.388407
vt 3.941388 0.371215
vt 3.939878 0.374622
vt 3.935349 0.384947
vt 3.119401 0.025114
vt 3.808451 0.503827
vt 3.807718 0.495195
vt 3.808509 0.485302
vt 3.808151 0.487121
vt 3.807627 0.493092
vt 3.754377 0.415024
vt 3.984049 0.671649
vt 3.342784 0.683190
vt 3.595175 0.019748
vt 3.956211 0.550178
vt 3.444905 0.516921
vt 3.443798 0.507387
vt 3.443833 0.509292
vt 3.444457 0.515086
vt 3.955811 0.542093
vt 3.956990 0.532644
vt 3.956490 0.534502
vt 3.955836 0.540201
vt 3.408283 0.586388
vt 3.528241 0.740167
vt 3.595793 0.163854
vt 3.487412 0.025139
vt 3.261868 0.172843
vt 3.208151 0.212065
vt 3.208413 0.201375
vt 3.208201 0.203705
vt 3.208002 0.209975
vt 3.260494 0.164003
vt 3.260227 0.153295
vt 3.260067 0.155423
vt 3.260088 0.159638
vt 3.190645 0.046278
vt 3.584736 0.028453
vt 3.770036 0.592455
vt 3.813423 0.642778
vt 3.821146 0.628350
vt 3.819747 0.631277
vt 3.815066 0.639944
vt 3.231274 0.019649
vt 3.281481 0.620508
vt 3.281888 0.613031
vt 3.284098 0.604285
vt 3.283407 0.606077
vt 3.282515 0.609436
vt 3.235013 0.548885
vt 3.027877 0.564143
vt 3.731191 0.017244
vt 3.423115 0.518927
vt 3.422001 0.509993
vt 3.422328 0.499624
vt 3.422050 0.501671
vt 3.421841 0.507862
vt 3.368116 0.425153
vt 3.023614 0.454415
vt 3.469801 0.747553
vt 3.606045 0.183957
vt 3.490767 0.018757
vt 3.210969 0.160021
vt 3.429897 0.036997
vt 3.430889 0.024980
vt 3.430472 0.027455
vt 3.429880 0.034664
vt 3.208947 0.150057
vt 3.207960 0.138071
vt 3.207959 0.140428
vt 3.208524 0.147576
vt 3.135838 0.015128
vt 3.587346 0.013363
vt 3.427627 0.344813
vt 3.254816 0.023528
vt 3.313780 0.606991
vt 3.071316 0.559478
vt 3.069333 0.550769
vt 3.069535 0.552616
vt 3.070220 0.556124
vt 3.314000 0.599380
vt 3.315876 0.590676
vt 3.315336 0.592337
vt 3.314462 0.595788
vt 3.266332 0.533315
vt 3.279932 0.056339
vt 3.390620 0.237461
vt 3.270488 0.226593
vt 3.624358 0.013363
vt 3.440406 0.565921
vt 3.439549 0.555854
vt 3.439494 0.557931
vt 3.440014 0.563966
vt 3.269860 0.218079
vt 3.270763 0.208123
vt 3.270340 0.210063
vt 3.269814 0.216008
vt 3.411182 0.622467
vt 3.227184 0.163743
vt 3.690566 0.070722
vt 3.729143 0.307877
vt 3.739108 0.291435
vt 3.746454 0.273269
vt 3.744957 0.276949
vt 3.743549 0.280583
vt 3.938261 0.474536
vt 3.850964 0.459879
vt 3.655544 0.371158
vt 3.654325 0.361991
vt 3.654382 0.363827
vt 3.654758 0.367532
vt 3.855375 0.450120
vt 3.856631 0.441062
vt 3.856142 0.442877
vt 3.855885 0.444531
vt 3.610289 0.456281
vt 3.584963 0.667347
vt 3.452829 0.394968
vt 3.473945 0.422605
vt 3.562853 0.071499
vt 3.177743 0.316382
vt 3.176647 0.307062
vt 3.176691 0.308910
vt 3.176811 0.310790
vt 3.567258 0.061410
vt 3.568357 0.052016
vt 3.567956 0.053910
vt 3.567288 0.059554
vt 3.131616 0.403399
vt 3.644740 0.261979
vt 3.649839 0.247771
vt 3.657128 0.229655
vt 3.655600 0.233311
vt 3.651354 0.244159
vt 3.653026 0.693115
vt 3.678933 0.727422
vt 3.774383 0.128142
vt 3.557429 0.082918
vt 3.556649 0.072990
vt 3.556597 0.075014
vt 3.557092 0.080928
vt 3.778505 0.117689
vt 3.779270 0.107800
vt 3.778884 0.109820
vt 3.778446 0.115699
vt 3.373336 0.082765
vt 3.977299 0.324779
vt 3.936953 0.221478
vt 3.070984 0.054390
vt 3.373820 0.072337
vt 3.390201 0.070468
vt 3.392296 0.056302
vt 3.391650 0.059212
vt 3.390392 0.067718
vt 3.068084 0.042634
vt 3.065979 0.028594
vt 3.066171 0.031380
vt 3.066471 0.034121
vt 3.944898 0.116797
vt 3.165334 0.603461
vt 3.172870 0.588055
vt 3.171443 0.591219
vt 3.166899 0.600411
vt 3.428517 0.766047
vt 3.035337 0.796159
vt 3.572150 0.036734
vt 3.085377 0.460017
vt 3.141760 0.298577
vt 3.141831 0.287883
vt 3.141654 0.289988
vt 3.141609 0.296412
vt 3.084355 0.451585
vt 3.084266 0.440850
vt 3.084104 0.443029
vt 3.084175 0.449429
vt 3.023614 0.352448
vt 3.028833 0.673128
vt 3.542171 0.717606
vt 3.209754 0.766831
vt 3.482421 0.022123
vt 3.284691 0.150920
vt 3.475744 0.035657
vt 3.476368 0.024376
vt 3.475984 0.026624
vt 3.475652 0.033463
vt 3.282998 0.141530
vt 3.282421 0.130276
vt 3.282322 0.132458
vt 3.282609 0.139312
vt 3.208915 0.015110
vt 3.195865 0.624806
vt 3.115382 0.040911
vt 3.193255 0.839450
vt 3.203704 0.825318
vt 3.367641 0.013363
vt 3.917102 0.530049
vt 3.375628 0.241604
vt 3.137910 0.462892
vt 3.428668 0.623441
vt 3.126321 0.494253
vt 3.811127 0.013363
vt 3.496080 0.564305
vt 3.654540 0.298524
vt 3.396825 0.279458
vt 3.319462 0.267069
vt 3.074152 0.621980
vt 3.310364 0.243855
vt 3.305372 0.232297
vt 3.295284 0.208590
vt 3.589648 0.196074
vt 3.289788 0.196918
vt 3.283942 0.032413
vt 3.283977 0.185133
vt 3.580382 0.169685
vt 3.601447 0.413420
vt 3.031424 0.672404
vt 3.448580 0.145287
vt 3.023906 0.675826
vt 3.461623 0.120125
vt 3.569738 0.115808
vt 3.569221 0.101580
vt 3.617651 0.332815
vt 3.483417 0.081662
vt 3.217227 0.057556
vt 3.499094 0.055071
vt 3.281991 0.013579
vt 3.193255 0.015666
vt 3.454242 0.032824
vt 3.754095 0.242956
vt 3.820568 0.242250
vt 3.111113 0.083618
vt 3.556027 0.044386
vt 3.762882 0.227284
vt 3.758320 0.240883
vt 3.769356 0.210338
vt 3.768211 0.213734
vt 3.766753 0.217045
vt 3.440536 0.762137
vt 3.738614 0.644042
vt 3.559770 0.018881
vt 3.359973 0.265104
vt 3.272867 0.262209
vt 3.272725 0.251881
vt 3.272578 0.253985
vt 3.272650 0.260142
vt 3.358959 0.256864
vt 3.359009 0.246660
vt 3.358850 0.248605
vt 3.358780 0.254756
vt 3.222619 0.366688
vt 3.295040 0.151326
vt 3.623884 0.658541
vt 3.842090 0.661546
vt 3.849752 0.648951
vt 3.848305 0.651579
vt 3.845261 0.656583
vt 3.483078 0.412272
vt 3.410047 0.782022
vt 3.135491 0.121422
vt 3.830046 0.299360
vt 3.830219 0.288299
vt 3.829996 0.290508
vt 3.829850 0.297291
vt 3.138491 0.110260
vt 3.138285 0.099197
vt 3.138087 0.101346
vt 3.138267 0.108060
vt 3.081031 0.017962
vt 3.477731 0.294619
vt 3.236341 0.019640
vt 3.222256 0.648434
vt 3.222798 0.640907
vt 3.225004 0.631770
vt 3.224345 0.633632
vt 3.222961 0.639153
vt 3.044711 0.555532
vt 3.052156 0.539163
vt 3.050686 0.542475
vt 3.045741 0.552171
vt 3.969963 0.111451
vt 3.996270 0.147329
vt 3.500256 0.077823
vt 3.907517 0.099523
vt 3.908235 0.107968
vt 3.907940 0.089034
vt 3.907614 0.091278
vt 3.907438 0.093315
vt 3.129833 0.019331
vt 3.789995 0.102682
vt 3.789683 0.094605
vt 3.790931 0.085288
vt 3.790512 0.087002
vt 3.789749 0.092505
vt 3.738718 0.019950
s 1
g off
usemtl wing_2
f 1/1/1 5/2/2 2/3/3
f 2/3/3 6/4/4 3/5/5
f 4/6/6 8/7/7 5/2/2
f 5/2/2 9/8/8 6/4/4
f 1/1/1 4/6/6 5/2/2
f 2/3/3 5/2/2 6/4/4
f 4/6/6 7/3766/3856 8/7/7
f 5/2/2 8/7/7 9/8/8
s 2
usemtl wing_1
f 39/9/9 41/10/10 38/11/11
s 3
f 12/12/12 25/13/13 16/14/14
s 4
f 27/15/15 21/16/16 37/17/17
s 5
f 22/18/18 10/19/19 17/20/20
s 6
f 11/21/21 19/22/22 13/23/23
s 4
f 10/24/24 16/25/25 17/26/26
f 32/27/27 16/25/25 26/28/28
s 6
f 18/29/29 14/30/30 19/22/22
s 4
f 20/31/31 15/32/32 21/33/16
s 5
f 22/18/18 15/34/33 18/35/34
f 23/36/35 18/35/34 11/37/36
s 2
f 40/38/37 42/39/38 43/40/39
s 3
f 24/41/40 19/42/41 25/13/13
f 25/13/13 14/43/42 20/44/43
s 4
f 26/28/28 33/45/44 32/27/27
f 31/46/45 34/47/46 33/45/44
f 30/48/47 35/49/48 34/47/46
f 29/50/49 36/51/50 35/49/48
f 28/52/51 37/17/17 36/51/50
s 3
f 25/13/13 29/53/52 30/54/53
s 5
f 22/18/18 34/55/54 35/56/55
s 7
f 23/36/56 38/57/57 10/19/58
s 8
f 24/41/59 41/58/60 40/59/61
s 9
f 12/60/62 38/61/63 41/62/64
s 10
f 11/37/65 39/63/66 23/36/67
s 11
f 13/23/68 42/64/69 11/21/70
s 12
f 13/65/71 40/59/72 43/66/73
s 13
f 73/67/74 75/68/75 72/69/76
s 14
f 58/70/77 50/71/78 46/72/79
s 15
f 61/73/80 55/74/81 71/75/82
s 16
f 51/76/83 57/77/84 44/78/85
s 17
f 52/79/86 47/80/87 45/81/87
s 15
f 51/82/88 46/72/89 50/71/90
f 66/83/91 50/71/90 60/84/92
s 17
f 53/85/93 49/86/94 48/87/95
s 15
f 54/88/96 49/89/97 55/74/81
s 16
f 55/90/98 52/79/99 56/91/100
f 56/91/100 45/81/101 57/77/84
s 13
f 74/92/102 76/93/103 77/94/104
s 14
f 59/95/105 47/96/106 53/97/107
f 54/88/108 53/97/107 48/98/109
s 15
f 60/84/92 67/99/110 66/83/91
f 65/100/111 68/101/112 67/99/110
f 64/102/113 69/103/114 68/101/112
f 63/104/115 70/105/116 69/103/114
f 62/106/117 71/75/82 70/105/116
s 14
f 59/95/105 63/104/118 64/102/119
s 16
f 56/91/100 68/107/120 70/108/121
s 18
f 44/78/122 73/67/123 72/69/124
s 19
f 46/72/125 74/109/126 58/70/127
s 20
f 46/72/128 72/110/129 75/111/130
s 21
f 57/77/131 76/93/132 73/67/133
s 22
f 45/81/134 77/94/135 76/93/136
s 23
f 58/70/137 77/112/138 47/96/139
s 24
f 107/113/140 109/114/141 106/115/142
s 25
f 80/116/143 93/117/144 84/118/145
s 26
f 95/119/146 89/120/147 105/121/148
s 27
f 90/122/149 78/123/150 85/124/151
s 28
f 79/125/152 87/126/153 81/127/152
s 26
f 78/128/154 84/129/155 85/130/156
f 100/131/157 84/129/155 94/132/158
s 28
f 86/133/159 82/134/160 87/126/153
s 26
f 88/135/161 83/136/162 89/137/147
s 27
f 90/122/149 83/138/163 86/139/164
f 91/140/165 86/139/164 79/141/166
s 24
f 108/142/167 110/143/168 111/144/169
s 25
f 92/145/170 87/146/171 93/117/144
f 93/117/144 82/147/172 88/148/173
s 26
f 94/132/158 101/149/174 100/131/157
f 99/150/175 102/151/176 101/149/174
f 98/152/177 103/153/178 102/151/176
f 97/154/179 104/155/180 103/153/178
f 96/156/181 105/121/148 104/155/180
s 25
f 93/117/144 97/157/182 98/158/183
s 27
f 90/122/149 102/159/184 103/160/185
s 29
f 78/123/186 107/161/187 106/162/188
s 30
f 80/116/189 108/163/190 92/145/191
s 31
f 80/164/192 106/165/193 109/166/193
s 29
f 91/140/194 110/167/195 107/161/187
s 32
f 79/125/196 111/144/197 110/143/198
s 33
f 92/145/199 111/168/200 81/169/201
s 34
f 141/170/202 143/171/203 140/172/204
s 35
f 114/173/205 127/174/206 118/175/207
s 36
f 129/176/208 123/177/209 139/178/210
s 37
f 124/179/211 112/180/212 119/181/213
s 38
f 113/182/214 121/183/215 115/184/216
s 36
f 112/185/217 118/186/218 119/187/219
f 134/188/220 118/186/218 128/189/221
s 38
f 120/190/222 116/191/223 121/183/215
s 36
f 122/192/224 117/193/225 123/194/209
s 37
f 124/179/211 117/195/226 120/196/227
f 125/197/228 120/196/227 113/198/229
s 34
f 142/199/230 144/200/231 145/201/232
s 35
f 126/202/233 121/203/234 127/174/206
f 127/174/206 116/204/235 122/205/236
s 36
f 128/189/221 135/206/237 134/188/220
f 133/207/238 136/208/239 135/206/237
f 132/209/240 137/210/241 136/208/239
f 131/211/242 138/212/243 137/210/241
f 130/213/244 139/178/210 138/212/243
s 35
f 127/174/206 131/214/245 132/215/246
s 37
f 124/179/211 136/216/247 137/217/248
s 39
f 125/218/249 140/219/250 112/220/251
s 40
f 126/221/252 143/222/253 142/223/254
s 41
f 114/224/255 140/225/256 143/222/257
s 39
f 113/182/258 141/226/259 125/218/249
s 42
f 115/184/260 144/227/261 113/182/262
s 40
f 115/228/263 142/223/254 145/229/264
s 43
f 175/230/265 177/231/266 174/232/267
s 44
f 148/233/268 161/234/269 152/235/270
s 45
f 163/236/271 157/237/272 173/238/273
s 46
f 158/239/274 146/240/275 153/241/276
s 47
f 147/242/277 155/243/278 149/244/279
s 45
f 146/245/280 152/235/281 153/246/282
f 168/247/283 152/235/281 162/248/284
s 47
f 154/249/285 150/250/286 155/243/278
s 45
f 156/251/287 151/252/288 157/253/272
s 46
f 158/239/274 151/254/289 154/249/290
f 159/255/291 154/249/290 147/242/292
s 43
f 176/256/293 178/257/294 179/258/295
s 44
f 160/259/296 155/260/297 161/234/269
f 161/234/269 150/261/298 156/262/299
s 45
f 162/248/284 169/263/300 168/247/283
f 167/264/301 170/265/302 169/263/300
f 166/266/303 171/267/304 170/265/302
f 165/268/305 172/269/306 171/267/304
f 164/270/307 173/238/273 172/269/306
s 44
f 161/234/269 165/268/308 166/266/309
s 46
f 158/239/274 171/271/310 172/272/311
s 48
f 159/255/312 174/273/313 146/240/314
s 49
f 160/259/315 177/274/316 176/275/317
s 50
f 148/233/318 174/276/319 177/274/320
s 48
f 147/242/321 175/277/322 159/255/312
s 51
f 149/244/323 178/278/324 147/242/325
s 52
f 149/279/326 176/275/327 179/280/328
s 53
f 209/281/329 211/282/330 208/283/331
s 54
f 182/284/332 195/285/333 186/286/334
s 55
f 197/287/335 191/288/336 207/289/337
s 56
f 192/290/338 180/291/339 187/292/340
s 57
f 181/293/341 189/294/342 183/295/343
s 55
f 180/296/344 186/297/345 187/298/346
f 202/299/347 186/297/345 196/300/348
s 57
f 188/301/349 184/302/350 189/294/342
s 55
f 190/303/351 185/304/352 191/305/336
s 56
f 192/290/338 185/306/353 188/307/354
f 193/308/355 188/307/354 181/309/356
s 53
f 210/310/357 212/311/358 213/312/359
s 54
f 194/313/360 189/314/361 195/285/333
f 195/285/333 184/315/362 190/316/363
s 55
f 196/300/348 203/317/364 202/299/347
f 201/318/365 204/319/366 203/317/364
f 200/320/367 205/321/368 204/319/366
f 199/322/369 206/323/370 205/321/368
f 198/324/371 207/289/337 206/323/370
s 54
f 195/285/333 199/325/372 200/326/373
s 56
f 192/290/338 204/327/374 205/328/375
s 58
f 193/308/376 208/329/377 180/291/378
s 59
f 194/313/379 211/330/380 210/331/381
s 60
f 182/332/382 208/333/383 211/334/384
s 61
f 181/309/385 209/335/386 193/308/387
s 62
f 183/295/388 212/336/389 181/293/390
s 59
f 183/337/391 210/331/381 213/338/392
s 63
f 243/339/393 245/340/394 242/341/395
s 64
f 228/342/396 220/343/397 216/344/398
s 65
f 231/345/399 225/346/400 241/347/401
s 66
f 221/348/402 227/349/403 214/350/404
s 67
f 215/351/405 223/352/406 217/353/407
s 65
f 214/354/408 220/343/409 221/355/410
f 236/356/411 220/343/409 230/357/412
s 67
f 222/358/413 218/359/414 223/352/406
s 65
f 224/360/415 219/361/416 225/346/400
s 66
f 225/362/417 222/358/418 226/363/419
f 226/363/419 215/351/420 227/349/403
s 63
f 244/364/421 246/365/422 247/366/423
s 64
f 229/367/424 217/368/425 223/369/426
f 224/360/427 223/369/426 218/370/428
s 65
f 230/357/412 237/371/429 236/356/411
f 235/372/430 238/373/431 237/371/429
f 234/374/432 239/375/433 238/373/431
f 233/376/434 240/377/435 239/375/433
f 232/378/436 241/347/401 240/377/435
s 64
f 229/367/424 234/374/437 235/372/438
s 66
f 226/363/419 238/379/439 239/380/440
s 68
f 214/350/441 243/339/442 242/341/443
s 69
f 216/344/444 244/381/445 228/342/446
s 70
f 216/344/447 242/382/448 245/383/449
s 71
f 227/349/450 246/365/451 243/339/452
s 72
f 217/353/453 246/365/454 215/351/455
s 73
f 228/342/456 247/384/457 217/368/458
s 74
f 277/385/459 279/386/460 276/387/461
s 75
f 250/388/462 263/389/463 254/390/464
s 76
f 265/391/465 259/392/466 275/393/467
s 77
f 260/394/468 248/395/469 255/396/470
s 78
f 249/397/471 257/398/472 251/399/473
s 76
f 248/400/474 254/390/475 255/401/476
f 270/402/477 254/390/475 264/403/478
s 78
f 256/404/479 252/405/480 257/398/472
s 76
f 258/406/481 253/407/482 259/408/466
s 77
f 260/394/468 253/409/483 256/404/484
f 261/410/485 256/404/484 249/397/486
s 74
f 278/411/487 280/412/488 281/413/489
s 75
f 262/414/490 257/415/491 263/389/463
f 263/389/463 252/416/492 258/417/493
s 76
f 264/403/478 271/418/494 270/402/477
f 269/419/495 272/420/496 271/418/494
f 268/421/497 273/422/498 272/420/496
f 267/423/499 274/424/500 273/422/498
f 266/425/501 275/393/467 274/424/500
s 75
f 263/389/463 267/423/502 268/421/503
s 77
f 260/394/468 272/426/504 273/427/505
s 79
f 261/410/506 276/428/507 248/395/508
s 80
f 262/414/509 279/429/510 278/430/511
s 81
f 250/388/512 276/431/513 279/429/514
s 82
f 249/397/515 277/432/516 261/410/517
s 83
f 251/399/518 280/433/519 249/397/520
s 84
f 251/434/521 278/430/522 281/435/523
s 85
f 311/436/524 313/437/525 310/438/526
s 86
f 284/439/527 297/440/528 288/441/529
s 87
f 299/442/530 293/443/531 309/444/532
s 88
f 294/445/533 282/446/534 289/447/535
s 89
f 283/448/536 291/449/537 285/450/538
s 87
f 282/451/539 288/452/540 289/453/541
f 304/454/542 288/452/540 298/455/543
s 89
f 290/456/544 286/457/545 291/449/537
s 87
f 292/458/546 287/459/547 293/460/531
s 88
f 294/445/533 287/461/548 290/462/549
f 295/463/550 290/462/549 283/464/551
s 85
f 312/465/552 314/466/553 315/467/554
s 86
f 296/468/555 291/469/556 297/440/528
f 297/440/528 286/470/557 292/471/558
s 87
f 298/455/543 305/472/559 304/454/542
f 303/473/560 306/474/561 305/472/559
f 302/475/562 307/476/563 306/474/561
f 301/477/564 308/478/565 307/476/563
f 300/479/566 309/444/532 308/478/565
s 86
f 297/440/528 301/480/567 302/481/568
s 88
f 294/445/533 306/482/569 307/483/570
s 90
f 282/446/571 311/484/572 310/485/573
s 91
f 284/439/574 312/486/575 296/468/576
s 92
f 284/487/577 310/488/578 313/489/579
s 93
f 295/463/580 314/490/581 311/484/582
s 94
f 283/448/583 315/467/584 314/466/585
s 95
f 296/468/586 315/491/587 285/492/588
s 96
f 345/493/589 347/494/590 344/495/591
s 97
f 318/496/592 331/497/593 322/498/594
s 98
f 333/499/595 327/500/596 343/501/597
s 99
f 328/502/598 316/503/599 323/504/600
s 100
f 317/505/601 325/506/602 319/507/603
s 98
f 316/508/604 322/509/605 323/510/606
f 338/511/607 322/509/605 332/512/608
s 100
f 324/513/609 320/514/610 325/506/602
s 98
f 326/515/611 321/516/612 327/517/596
s 99
f 328/502/598 321/518/613 324/519/614
f 329/520/615 324/519/614 317/521/616
s 96
f 346/522/617 348/523/618 349/524/619
s 97
f 330/525/620 325/526/621 331/497/593
f 331/497/593 320/527/622 326/528/623
s 98
f 332/512/608 339/529/624 338/511/607
f 337/530/625 340/531/626 339/529/624
f 336/532/627 341/533/628 340/531/626
f 335/534/629 342/535/630 341/533/628
f 334/536/631 343/501/597 342/535/630
s 97
f 331/497/593 335/537/632 336/538/633
s 99
f 328/502/598 340/539/634 342/540/635
s 101
f 329/520/636 344/541/637 316/503/638
s 102
f 330/525/639 347/542/640 346/543/641
s 103
f 318/544/642 344/545/643 347/546/644
s 104
f 317/521/645 345/547/646 329/520/647
s 105
f 319/507/648 348/548/649 317/505/648
s 106
f 319/549/650 346/543/651 349/550/652
s 107
f 379/551/653 381/552/654 378/553/655
s 108
f 364/554/656 356/555/657 352/556/658
s 109
f 367/557/659 361/558/660 377/559/661
s 110
f 357/560/662 363/561/663 350/562/664
s 111
f 351/563/665 359/564/666 353/565/667
s 109
f 357/566/668 352/556/669 356/555/670
f 372/567/671 356/555/670 366/568/672
s 111
f 359/564/666 355/569/673 354/570/674
s 109
f 360/571/675 355/572/676 361/558/660
s 110
f 361/573/677 358/574/678 362/575/679
f 362/575/679 351/563/680 363/561/663
s 107
f 380/576/681 382/577/682 383/578/683
s 108
f 365/579/684 353/580/685 359/581/686
f 360/571/687 359/581/686 354/582/688
s 109
f 366/568/672 373/583/689 372/567/671
f 371/584/690 374/585/691 373/583/689
f 370/586/692 375/587/693 374/585/691
f 369/588/694 376/589/695 375/587/693
f 368/590/696 377/559/661 376/589/695
s 108
f 365/579/684 369/588/697 371/584/698
s 110
f 362/575/679 374/591/699 375/592/700
s 112
f 350/562/701 379/551/702 378/553/703
s 113
f 352/556/704 380/593/705 364/554/706
s 114
f 352/556/707 378/594/708 381/595/709
s 115
f 363/561/710 382/577/711 379/551/712
s 116
f 351/563/713 383/578/714 382/577/715
s 117
f 364/554/716 383/596/717 353/580/718
s 118
f 413/597/719 415/598/720 412/599/721
s 119
f 386/600/722 399/601/723 390/602/724
s 120
f 401/603/725 395/604/726 411/605/727
s 121
f 396/606/728 384/607/729 391/608/730
s 122
f 385/609/731 393/610/732 387/611/733
s 120
f 384/612/734 390/602/735 391/613/736
f 406/614/737 390/602/735 400/615/738
s 122
f 392/616/739 388/617/740 393/610/732
s 120
f 394/618/741 389/619/742 395/620/726
s 121
f 396/606/728 389/621/743 392/616/744
f 397/622/745 392/616/744 385/609/746
s 118
f 414/623/747 416/624/748 417/625/749
s 119
f 398/626/750 393/627/751 399/601/723
f 399/601/723 388/628/752 394/629/753
s 120
f 400/615/738 407/630/754 406/614/737
f 405/631/755 408/632/756 407/630/754
f 404/633/757 409/634/758 408/632/756
f 403/635/759 410/636/760 409/634/758
f 402/637/761 411/605/727 410/636/760
s 119
f 399/601/723 403/635/762 405/631/763
s 121
f 396/606/728 408/638/764 410/639/765
s 123
f 397/622/766 412/640/767 384/607/768
s 124
f 398/626/769 415/641/770 414/642/771
s 125
f 386/600/772 412/643/773 415/641/773
s 123
f 385/609/774 413/644/775 397/622/766
s 126
f 387/611/776 416/645/777 385/609/778
s 127
f 387/646/779 414/642/780 417/647/781
s 128
f 447/648/782 449/649/783 446/650/784
s 129
f 420/651/785 433/652/786 424/653/787
s 130
f 435/654/788 429/655/789 445/656/790
s 131
f 430/657/791 418/658/792 425/659/793
s 132
f 419/660/794 427/661/795 421/662/796
s 130
f 418/663/797 424/653/798 425/664/799
f 440/665/800 424/653/798 434/666/801
s 132
f 426/667/802 422/668/803 427/661/795
s 130
f 428/669/804 423/670/805 429/671/789
s 131
f 430/657/791 423/672/806 426/673/807
f 431/674/808 426/673/807 419/675/809
s 128
f 448/676/810 450/677/811 451/678/812
s 129
f 432/679/813 427/680/814 433/652/786
f 428/681/815 427/680/814 422/682/816
s 130
f 434/666/801 441/683/817 440/665/800
f 439/684/818 442/685/819 441/683/817
f 438/686/820 443/687/821 442/685/819
f 437/688/822 444/689/823 443/687/821
f 436/690/824 445/656/790 444/689/823
s 129
f 433/652/786 437/688/825 438/686/826
s 131
f 430/657/791 442/691/827 443/692/828
s 133
f 431/674/829 446/693/830 418/658/831
s 134
f 432/679/832 449/694/833 448/695/834
s 135
f 420/651/835 446/696/836 449/694/837
s 136
f 419/675/838 447/697/839 431/674/840
s 137
f 421/662/841 450/698/842 419/660/843
s 138
f 421/699/844 448/695/845 451/700/846
s 139
f 481/701/847 483/702/848 480/703/849
s 140
f 454/704/850 467/705/851 458/706/852
s 141
f 469/707/853 463/708/854 479/709/855
s 142
f 464/710/856 452/711/857 459/712/858
s 143
f 453/713/859 461/714/860 455/715/861
s 141
f 452/716/862 458/717/863 459/718/864
f 474/719/865 458/717/863 468/720/866
s 143
f 460/721/867 456/722/868 461/714/860
s 141
f 462/723/869 457/724/870 463/725/854
s 142
f 464/710/856 457/726/871 460/727/872
f 465/728/873 460/727/872 453/729/874
s 139
f 482/730/875 484/731/876 485/732/877
s 140
f 466/733/878 461/734/879 467/705/851
f 467/705/851 456/735/880 462/736/881
s 141
f 468/720/866 475/737/882 474/719/865
f 473/738/883 476/739/884 475/737/882
f 472/740/885 477/741/886 476/739/884
f 471/742/887 478/743/888 477/741/886
f 470/744/889 479/709/855 478/743/888
s 140
f 467/705/851 471/745/890 472/746/891
s 142
f 464/710/856 476/747/892 477/748/893
s 144
f 465/728/894 480/749/895 452/711/896
s 145
f 466/733/897 483/750/898 482/751/899
s 146
f 454/752/900 480/753/901 483/754/902
s 147
f 453/713/903 481/755/904 465/756/905
s 148
f 455/715/906 484/757/907 453/713/908
s 149
f 455/758/909 482/751/910 485/759/911
s 150
f 515/760/912 517/761/913 514/762/914
s 151
f 488/763/915 501/764/916 492/765/917
s 152
f 503/766/918 497/767/919 513/768/920
s 153
f 498/769/921 486/770/922 493/771/923
s 154
f 487/772/924 495/773/925 489/774/926
s 152
f 486/775/927 492/776/928 493/777/929
f 508/778/930 492/776/928 502/779/931
s 154
f 494/780/932 490/781/933 495/773/925
s 152
f 496/782/934 491/783/935 497/784/919
s 153
f 498/769/921 491/785/936 494/780/937
f 499/786/938 494/780/937 487/772/939
s 150
f 516/787/940 518/788/941 519/789/942
s 151
f 500/790/943 495/791/944 501/764/916
f 501/764/916 490/792/945 496/793/946
s 152
f 502/779/931 509/794/947 508/778/930
f 507/795/948 510/796/949 509/794/947
f 506/797/950 511/798/951 510/796/949
f 505/799/952 512/800/953 511/798/951
f 504/801/954 513/768/920 512/800/953
s 151
f 501/764/916 505/802/955 507/803/956
s 153
f 498/769/921 510/804/957 512/805/958
s 155
f 499/786/959 514/806/960 486/770/961
s 156
f 500/790/962 517/807/963 516/808/964
s 157
f 488/809/965 514/810/966 517/811/967
s 155
f 487/772/968 515/812/969 499/786/959
s 158
f 489/774/970 518/813/971 487/772/972
s 159
f 489/814/973 516/808/974 519/815/975
s 160
f 549/816/976 551/817/977 548/818/978
s 161
f 522/819/979 535/820/980 526/821/981
s 162
f 537/822/982 531/823/983 547/824/984
s 163
f 532/825/985 520/826/986 527/827/987
s 164
f 521/828/988 529/829/989 523/830/990
s 162
f 520/831/991 526/832/992 527/833/993
f 542/834/994 526/832/992 536/835/995
s 164
f 528/836/996 524/837/997 529/829/989
s 162
f 530/838/998 525/839/999 531/840/983
s 163
f 532/825/985 525/841/1000 528/842/1001
f 533/843/1002 528/842/1001 521/844/1003
s 160
f 550/845/1004 552/846/1005 553/847/1006
s 161
f 534/848/1007 529/849/1008 535/820/980
f 535/820/980 524/850/1009 530/851/1010
s 162
f 536/835/995 543/852/1011 542/834/994
f 541/853/1012 544/854/1013 543/852/1011
f 540/855/1014 545/856/1015 544/854/1013
f 539/857/1016 546/858/1017 545/856/1015
f 538/859/1018 547/824/984 546/858/1017
s 161
f 535/820/980 539/860/1019 540/861/1020
s 163
f 532/825/985 544/862/1021 545/863/1022
s 165
f 520/826/1023 549/864/1024 548/865/1025
s 166
f 522/819/1026 550/866/1027 534/848/1028
s 167
f 522/867/1029 548/868/1030 551/869/1031
s 168
f 521/844/1032 549/864/1033 533/843/1034
s 169
f 523/830/1035 552/870/1036 521/828/1037
s 170
f 523/871/1038 550/866/1039 553/872/1040
s 171
f 583/873/1041 585/874/1042 582/875/1043
s 172
f 556/876/1044 569/877/1045 560/878/1046
s 173
f 571/879/1047 565/880/1048 581/881/1049
s 174
f 566/882/1050 554/883/1051 561/884/1052
s 175
f 555/885/1053 563/886/1054 557/887/1055
s 173
f 554/888/1056 560/878/1057 561/889/1058
f 576/890/1059 560/878/1057 570/891/1060
s 175
f 562/892/1061 558/893/1062 563/886/1054
s 173
f 564/894/1063 559/895/1064 565/880/1048
s 174
f 565/896/1065 562/892/1066 566/882/1050
f 566/882/1050 555/885/1067 567/897/1068
s 171
f 584/898/1069 586/899/1070 587/900/1071
s 172
f 569/877/1045 557/901/1072 563/902/1073
f 564/894/1074 563/902/1073 558/903/1075
s 173
f 570/891/1060 577/904/1076 576/890/1059
f 575/905/1077 578/906/1078 577/904/1076
f 574/907/1079 579/908/1080 578/906/1078
f 573/909/1081 580/910/1082 579/908/1080
f 572/911/1083 581/881/1049 580/910/1082
s 172
f 569/877/1045 573/909/1084 575/905/1085
s 174
f 566/882/1050 579/912/1086 580/913/1087
s 176
f 554/883/1088 583/873/1089 582/875/1090
s 177
f 556/876/1091 584/914/1092 568/915/1093
s 178
f 556/876/1094 582/916/1095 585/917/1095
s 179
f 567/897/1096 586/899/1097 583/873/1098
s 180
f 557/887/1099 586/899/1100 555/885/1101
s 181
f 568/915/1102 587/918/1103 557/901/1104
s 182
f 617/919/1105 619/920/1106 616/921/1107
s 183
f 602/922/1108 594/923/1109 590/924/1110
s 184
f 605/925/1111 599/926/1112 615/927/1113
s 185
f 600/928/1114 588/929/1115 595/930/1116
s 186
f 596/931/1117 591/932/1118 589/933/1118
s 184
f 588/934/1119 594/935/1120 595/936/1121
f 610/937/1122 594/935/1120 604/938/1123
s 186
f 597/939/1124 593/940/1125 592/941/1126
s 184
f 598/942/1127 593/943/1128 599/926/1112
s 185
f 599/944/1129 596/945/1130 600/928/1114
f 601/946/1131 596/945/1130 589/947/1132
s 182
f 618/948/1133 620/949/1134 621/950/1135
s 183
f 602/922/1108 597/951/1136 603/952/1137
f 598/953/1138 597/951/1136 592/954/1139
s 184
f 604/938/1123 611/955/1140 610/937/1122
f 609/956/1141 612/957/1142 611/955/1140
f 608/958/1143 613/959/1144 612/957/1142
f 607/960/1145 614/961/1146 613/959/1144
f 606/962/1147 615/927/1113 614/961/1146
s 183
f 603/952/1137 607/963/1148 609/964/1149
s 185
f 600/928/1114 613/965/1150 614/966/1151
s 187
f 588/929/1152 617/967/1153 616/968/1154
s 188
f 590/924/1155 618/969/1156 602/922/1157
s 189
f 590/970/1158 616/971/1159 619/972/1160
s 187
f 601/946/1161 620/973/1162 617/967/1153
s 190
f 591/932/1163 620/949/1164 589/933/1165
s 191
f 602/922/1166 621/974/1167 591/975/1168
s 192
f 651/976/1169 653/977/1170 650/978/1171
s 193
f 636/979/1172 628/980/1173 624/981/1174
s 194
f 639/982/1175 633/983/1176 649/984/1177
s 195
f 629/985/1178 635/986/1179 622/987/1180
s 196
f 623/988/1181 631/989/1182 625/990/1183
s 194
f 629/991/1184 624/992/1185 628/993/1186
f 644/994/1187 628/993/1186 638/995/1188
s 196
f 631/989/1182 627/996/1189 626/997/1190
s 194
f 632/998/1191 627/999/1192 633/983/1176
s 195
f 633/1000/1193 630/1001/1194 634/1002/1195
f 634/1002/1195 623/1003/1196 635/986/1179
s 192
f 652/1004/1197 654/1005/1198 655/1006/1199
s 193
f 637/1007/1200 625/1008/1201 631/1009/1202
f 632/1010/1203 631/1009/1202 626/1011/1204
s 194
f 638/995/1188 645/1012/1205 644/994/1187
f 643/1013/1206 646/1014/1207 645/1012/1205
f 642/1015/1208 647/1016/1209 646/1014/1207
f 641/1017/1210 648/1018/1211 647/1016/1209
f 640/1019/1212 649/984/1177 648/1018/1211
s 193
f 637/1007/1200 642/1020/1213 643/1021/1214
s 195
f 634/1002/1195 646/1022/1215 647/1023/1216
s 197
f 622/1024/1217 651/976/1218 650/978/1219
s 198
f 624/981/1220 652/1025/1221 636/979/1222
s 199
f 624/992/1223 650/1026/1224 653/1027/1225
s 197
f 635/1028/1226 654/1005/1227 651/976/1218
s 200
f 625/990/1228 654/1005/1229 623/988/1230
s 198
f 636/979/1222 655/1029/1231 625/1008/1232
s 201
f 685/1030/1233 687/1031/1234 684/1032/1235
s 202
f 658/1033/1236 671/1034/1237 662/1035/1238
s 203
f 673/1036/1239 667/1037/1240 683/1038/1241
s 204
f 668/1039/1242 656/1040/1243 663/1041/1244
s 205
f 657/1042/1245 665/1043/1246 659/1044/1247
s 203
f 656/1045/1248 662/1035/1249 663/1046/1250
f 678/1047/1251 662/1035/1249 672/1048/1252
s 205
f 664/1049/1253 660/1050/1254 665/1043/1246
s 203
f 666/1051/1255 661/1052/1256 667/1037/1240
s 204
f 668/1039/1242 661/1053/1257 664/1049/1258
f 669/1054/1259 664/1049/1258 657/1042/1260
s 201
f 686/1055/1261 688/1056/1262 689/1057/1263
s 202
f 670/1058/1264 665/1059/1265 671/1034/1237
f 671/1034/1237 660/1060/1266 666/1051/1267
s 203
f 672/1048/1252 679/1061/1268 678/1047/1251
f 677/1062/1269 680/1063/1270 679/1061/1268
f 676/1064/1271 681/1065/1272 680/1063/1270
f 675/1066/1273 682/1067/1274 681/1065/1272
f 674/1068/1275 683/1038/1241 682/1067/1274
s 202
f 671/1034/1237 675/1066/1276 676/1064/1277
s 204
f 668/1039/1242 680/1069/1278 681/1070/1279
s 206
f 656/1040/1280 685/1030/1281 684/1032/1282
s 207
f 658/1033/1283 686/1071/1284 670/1058/1285
s 208
f 658/1033/1286 684/1072/1287 687/1073/1288
s 209
f 669/1054/1289 688/1056/1290 685/1030/1291
s 210
f 659/1044/1292 688/1056/1293 657/1042/1294
s 211
f 670/1058/1295 689/1074/1296 659/1075/1297
s 212
f 719/1076/1298 721/1077/1299 718/1078/1300
s 213
f 704/1079/1301 696/1080/1302 692/1081/1303
s 214
f 707/1082/1304 701/1083/1305 717/1084/1306
s 215
f 697/1085/1307 703/1086/1308 690/1087/1309
s 216
f 698/1088/1310 693/1089/1311 691/1090/1312
s 214
f 697/1091/1313 692/1092/1314 696/1093/1315
f 712/1094/1316 696/1093/1315 706/1095/1317
s 216
f 699/1096/1318 695/1097/1319 694/1098/1320
s 214
f 700/1099/1321 695/1100/1322 701/1083/1305
s 215
f 701/1101/1323 698/1102/1324 702/1103/1325
f 702/1104/1325 691/1090/1326 703/1105/1308
s 212
f 720/1106/1327 722/1107/1328 723/1108/1329
s 213
f 705/1109/1330 693/1110/1331 699/1111/1332
f 700/1112/1333 699/1113/1332 694/1114/1334
s 214
f 706/1095/1317 713/1115/1335 712/1094/1316
f 711/1116/1336 714/1117/1337 713/1115/1335
f 710/1118/1338 715/1119/1339 714/1117/1337
f 709/1120/1340 716/1121/1341 715/1119/1339
f 708/1122/1342 717/1084/1306 716/1121/1341
s 213
f 705/1123/1330 709/1124/1343 710/1125/1344
s 215
f 702/1103/1325 714/1126/1345 715/1127/1346
s 217
f 690/1128/1347 719/1076/1348 718/1078/1349
s 218
f 692/1092/1350 720/1129/1351 704/1130/1352
s 219
f 692/1092/1353 718/1131/1354 721/1132/1355
s 220
f 703/1105/1356 722/1107/1357 719/1076/1358
s 221
f 693/1089/1359 722/1107/1360 691/1090/1361
s 222
f 704/1130/1362 723/1133/1363 693/1110/1364
s 223
f 753/1134/1365 755/1135/1366 752/1136/1367
s 224
f 726/1137/1368 739/1138/1369 730/1139/1370
s 225
f 741/1140/1371 735/1141/1372 751/1142/1373
s 226
f 736/1143/1374 724/1144/1375 731/1145/1376
s 227
f 725/1146/1377 733/1147/1378 727/1148/1379
s 225
f 724/1149/1380 730/1150/1381 731/1151/1382
f 746/1152/1383 730/1150/1381 740/1153/1384
s 227
f 732/1154/1385 728/1155/1386 733/1147/1378
s 225
f 734/1156/1387 729/1157/1388 735/1141/1372
s 226
f 736/1143/1374 729/1158/1389 732/1159/1390
f 737/1160/1391 732/1159/1390 725/1161/1392
s 223
f 754/1162/1393 756/1163/1394 757/1164/1395
s 224
f 738/1165/1396 733/1166/1397 739/1167/1369
f 739/1138/1369 728/1168/1398 734/1169/1399
s 225
f 740/1153/1384 747/1170/1400 746/1152/1383
f 745/1171/1401 748/1172/1402 747/1170/1400
f 744/1173/1403 749/1174/1404 748/1172/1402
f 743/1175/1405 750/1176/1406 749/1174/1404
f 742/1177/1407 751/1142/1373 750/1176/1406
s 224
f 739/1138/1369 743/1178/1408 744/1179/1409
s 226
f 736/1143/1374 749/1180/1410 750/1181/1411
s 228
f 737/1182/1412 752/1183/1413 724/1184/1414
s 229
f 738/1165/1415 755/1185/1416 754/1186/1417
s 230
f 726/1187/1418 752/1188/1419 755/1185/1420
s 228
f 725/1146/1421 753/1189/1422 737/1182/1412
s 231
f 727/1148/1423 756/1190/1424 725/1146/1425
s 232
f 727/1191/1426 754/1186/1427 757/1192/1428
s 233
f 787/1193/1429 789/1194/1430 786/1195/1431
s 234
f 772/1196/1432 764/1197/1433 760/1198/1434
s 235
f 775/1199/1435 769/1200/1436 785/1201/1437
s 236
f 765/1202/1438 771/1203/1439 758/1204/1440
s 237
f 766/1205/1441 761/1206/1442 759/1207/1443
s 235
f 758/1208/1444 764/1197/1445 765/1209/1446
f 780/1210/1447 764/1197/1445 774/1211/1448
s 237
f 767/1212/1449 763/1213/1450 762/1214/1451
s 235
f 768/1215/1452 763/1216/1453 769/1200/1436
s 236
f 769/1217/1454 766/1205/1455 770/1218/1456
f 770/1218/1456 759/1207/1457 771/1203/1439
s 233
f 788/1219/1458 790/1220/1459 791/1221/1460
s 234
f 773/1222/1461 761/1223/1462 767/1224/1463
f 768/1215/1464 767/1224/1463 762/1225/1465
s 235
f 774/1211/1448 781/1226/1466 780/1210/1447
f 779/1227/1467 782/1228/1468 781/1226/1466
f 778/1229/1469 783/1230/1470 782/1228/1468
f 777/1231/1471 784/1232/1472 783/1230/1470
f 776/1233/1473 785/1201/1437 784/1232/1472
s 234
f 773/1222/1461 777/1231/1474 779/1227/1475
s 236
f 770/1218/1456 782/1234/1476 783/1235/1477
s 238
f 758/1204/1478 787/1193/1479 786/1195/1480
s 239
f 760/1198/1481 788/1236/1482 772/1196/1483
s 240
f 760/1198/1484 786/1237/1485 789/1238/1486
s 241
f 771/1203/1487 790/1220/1488 787/1193/1489
s 242
f 761/1206/1490 790/1220/1491 759/1207/1492
s 243
f 772/1196/1493 791/1239/1494 761/1223/1495
s 244
f 821/1240/1496 823/1241/1497 820/1242/1498
s 245
f 806/1243/1499 798/1244/1500 794/1245/1501
s 246
f 809/1246/1502 803/1247/1503 819/1248/1504
s 247
f 799/1249/1505 805/1250/1506 792/1251/1507
s 248
f 793/1252/1508 801/1253/1509 795/1254/1510
s 246
f 792/1255/1511 798/1256/1512 799/1257/1513
f 814/1258/1514 798/1256/1512 808/1259/1515
s 248
f 800/1260/1516 796/1261/1517 801/1253/1509
s 246
f 802/1262/1518 797/1263/1519 803/1264/1503
s 247
f 804/1265/1520 797/1266/1521 800/1267/1522
f 805/1250/1506 800/1267/1522 793/1268/1523
s 244
f 822/1269/1524 824/1270/1525 825/1271/1526
s 245
f 807/1272/1527 795/1273/1528 801/1274/1529
f 807/1272/1527 796/1275/1530 802/1276/1531
s 246
f 808/1259/1515 815/1277/1532 814/1258/1514
f 813/1278/1533 816/1279/1534 815/1277/1532
f 812/1280/1535 817/1281/1536 816/1279/1534
f 811/1282/1537 818/1283/1538 817/1281/1536
f 810/1284/1539 819/1248/1504 818/1283/1538
s 245
f 807/1272/1527 811/1285/1540 812/1286/1541
s 247
f 804/1265/1520 816/1287/1542 817/1288/1543
s 249
f 805/1250/1544 820/1289/1545 792/1251/1546
s 250
f 806/1243/1547 823/1290/1548 822/1291/1549
s 251
f 794/1292/1550 820/1293/1551 823/1294/1552
s 252
f 793/1268/1553 821/1295/1554 805/1250/1555
s 253
f 795/1254/1556 824/1296/1557 793/1252/1558
s 254
f 795/1273/1559 822/1291/1560 825/1297/1561
s 255
f 855/1298/1562 857/1299/1563 854/1300/1564
s 256
f 828/1301/1565 841/1302/1566 832/1303/1567
s 257
f 843/1304/1568 837/1305/1569 853/1306/1570
s 258
f 838/1307/1571 826/1308/1572 833/1309/1573
s 259
f 827/1310/1574 835/1311/1575 829/1312/1576
s 257
f 826/1313/1577 832/1314/1578 833/1315/1579
f 848/1316/1580 832/1314/1578 842/1317/1581
s 259
f 834/1318/1582 830/1319/1583 835/1311/1575
s 257
f 836/1320/1584 831/1321/1585 837/1322/1569
s 258
f 838/1307/1571 831/1323/1586 834/1324/1587
f 839/1325/1588 834/1324/1587 827/1326/1589
s 255
f 856/1327/1590 858/1328/1591 859/1329/1592
s 256
f 840/1330/1593 835/1331/1594 841/1302/1566
f 841/1302/1566 830/1332/1595 836/1333/1596
s 257
f 842/1317/1581 849/1334/1597 848/1316/1580
f 847/1335/1598 850/1336/1599 849/1334/1597
f 846/1337/1600 851/1338/1601 850/1336/1599
f 845/1339/1602 852/1340/1603 851/1338/1601
f 844/1341/1604 853/1306/1570 852/1340/1603
s 256
f 841/1302/1566 845/1342/1605 846/1343/1606
s 258
f 838/1307/1571 850/1344/1607 851/1345/1608
s 260
f 839/1325/1609 854/1346/1610 826/1308/1611
s 261
f 840/1330/1612 857/1347/1613 856/1348/1614
s 262
f 828/1349/1615 854/1350/1616 857/1351/1617
s 263
f 827/1326/1618 855/1352/1619 839/1325/1620
s 264
f 829/1312/1621 858/1353/1622 827/1310/1623
s 265
f 829/1354/1624 856/1348/1625 859/1355/1626
s 266
f 861/1356/1627 896/1357/1628 860/1358/1629
f 862/1359/1630 897/1360/1631 861/1356/1627
f 863/1361/1632 898/1362/1633 862/1359/1630
f 864/1363/1634 899/1364/1635 863/1361/1632
f 865/1365/1636 900/1366/1637 864/1363/1634
f 866/1367/1638 901/1368/1639 865/1365/1636
f 867/1369/1640 902/1370/1641 866/1371/1638
f 868/1372/1642 903/1373/1643 867/1369/1640
f 868/1374/1642 905/1375/1644 904/1376/1645
f 869/1377/1646 906/1378/1647 905/1375/1644
f 870/1379/1648 907/1380/1649 906/1378/1647
f 871/1381/1650 908/1382/1651 907/1380/1649
f 872/1383/1652 909/1384/1653 908/1382/1651
f 873/1385/1654 910/1386/1655 909/1384/1653
f 874/1387/1656 911/1388/1657 910/1386/1655
f 875/1389/1658 912/1390/1659 911/1388/1657
f 876/1391/1660 913/1392/1661 912/1393/1659
f 877/1394/1662 914/1395/1663 913/1392/1661
f 878/1396/1664 915/1397/1665 914/1395/1663
f 879/1398/1666 916/1399/1667 915/1397/1665
f 880/1400/1668 917/1401/1669 916/1399/1667
f 881/1402/1670 918/1403/1671 917/1401/1669
f 882/1404/1672 919/1405/1673 918/1403/1671
f 883/1406/1674 920/1407/1675 919/1405/1673
f 884/1408/1676 921/1409/1677 920/1410/1675
f 886/1411/1678 921/1409/1677 885/1412/1679
f 887/1413/1680 922/1414/1681 886/1415/1678
f 888/1416/1682 923/1417/1683 887/1413/1680
f 889/1418/1684 924/1419/1685 888/1416/1682
f 890/1420/1686 925/1421/1687 889/1418/1684
f 891/1422/1688 926/1423/1689 890/1420/1686
f 892/1424/1690 927/1425/1691 891/1422/1688
f 893/1426/1692 928/1427/1693 892/1424/1690
f 894/1428/1694 929/1429/1695 893/1426/1692
f 895/1430/1696 930/1431/1697 894/1432/1694
f 860/1358/1629 931/1433/1698 895/1430/1696
f 897/1360/1631 932/1434/1699 896/1357/1628
f 898/1362/1633 933/1435/1700 897/1360/1631
f 899/1364/1635 934/1436/1701 898/1362/1633
f 900/1366/1637 935/1437/1702 899/1364/1635
f 901/1368/1639 936/1438/1703 900/1366/1637
f 902/1439/1641 937/1440/1704 901/1368/1639
f 903/1373/1643 938/1441/1705 902/1370/1641
f 903/1373/1643 940/1442/1706 939/1443/1707
f 904/1376/1645 941/1444/1708 940/1445/1706
f 905/1375/1644 942/1446/1709 941/1444/1708
f 906/1378/1647 943/1447/1710 942/1446/1709
f 907/1380/1649 944/1448/1711 943/1447/1710
f 908/1382/1651 945/1449/1712 944/1448/1711
f 909/1384/1653 946/1450/1713 945/1449/1712
f 910/1386/1655 947/1451/1714 946/1450/1713
f 911/1388/1657 948/1452/1715 947/1451/1714
f 912/1393/1659 949/1453/1716 948/1454/1715
f 913/1392/1661 950/1455/1717 949/1453/1716
f 914/1395/1663 951/1456/1718 950/1455/1717
f 915/1397/1665 952/1457/1719 951/1456/1718
f 916/1399/1667 953/1458/1720 952/1457/1719
f 917/1401/1669 954/1459/1721 953/1458/1720
f 918/1403/1671 955/1460/1722 954/1459/1721
f 919/1405/1673 956/1461/1723 955/1460/1722
f 920/1407/1675 957/1462/1724 956/1461/1723
f 922/1463/1681 957/1464/1724 921/1409/1677
f 923/1417/1683 958/1465/1725 922/1414/1681
f 924/1419/1685 959/1466/1726 923/1417/1683
f 925/1421/1687 960/1467/1727 924/1419/1685
f 926/1423/1689 961/1468/1728 925/1421/1687
f 927/1425/1691 962/1469/1729 926/1423/1689
f 928/1427/1693 963/1470/1730 927/1425/1691
f 929/1429/1695 964/1471/1731 928/1427/1693
f 930/1472/1697 965/1473/1732 929/1429/1695
f 931/1433/1698 966/1474/1733 930/1431/1697
f 896/1357/1628 967/1475/1734 931/1433/1698
f 933/1435/1700 968/1476/1735 932/1434/1699
f 934/1436/1701 969/1477/1736 933/1435/1700
f 935/1437/1702 970/1478/1737 934/1436/1701
f 936/1438/1703 971/1479/1738 935/1437/1702
f 937/1440/1704 972/1480/1739 936/1438/1703
f 938/1481/1705 973/1482/1740 937/1440/1704
f 939/1483/1707 974/1484/1741 938/1481/1705
f 939/1443/1707 976/1485/1742 975/1486/1743
f 940/1445/1706 977/1487/1744 976/1488/1742
f 941/1444/1708 978/1489/1745 977/1487/1744
f 942/1446/1709 979/1490/1746 978/1489/1745
f 943/1447/1710 980/1491/1747 979/1490/1746
f 944/1448/1711 981/1492/1748 980/1491/1747
f 945/1449/1712 982/1493/1749 981/1492/1748
f 946/1450/1713 983/1494/1750 982/1493/1749
f 947/1451/1714 984/1495/1751 983/1494/1750
f 948/1454/1715 985/1496/1752 984/1497/1751
f 949/1453/1716 986/1498/1753 985/1496/1752
f 950/1455/1717 987/1499/1754 986/1498/1753
f 951/1456/1718 988/1500/1755 987/1499/1754
f 952/1457/1719 989/1501/1756 988/1500/1755
f 953/1458/1720 990/1502/1757 989/1501/1756
f 954/1459/1721 991/1503/1758 990/1502/1757
f 955/1460/1722 992/1504/1759 991/1503/1758
f 956/1461/1723 993/1505/1760 992/1504/1759
f 958/1506/1725 993/1507/1760 957/1464/1724
f 959/1466/1726 994/1508/1761 958/1465/1725
f 960/1467/1727 995/1509/1762 959/1466/1726
f 961/1468/1728 996/1510/1763 960/1467/1727
f 962/1469/1729 997/1511/1764 961/1468/1728
f 963/1470/1730 998/1512/1765 962/1469/1729
f 964/1471/1731 999/1513/1766 963/1470/1730
f 965/1473/1732 1000/1514/1767 964/1471/1731
f 966/1515/1733 1001/1516/1768 965/1473/1732
f 967/1475/1734 1002/1517/1769 966/1474/1733
f 932/1434/1699 1003/1518/1770 967/1475/1734
f 969/1477/1736 1004/1519/1771 968/1476/1735
f 970/1478/1737 1005/1520/1772 969/1477/1736
f 971/1479/1738 1006/1521/1773 970/1478/1737
f 972/1480/1739 1007/1522/1774 971/1479/1738
f 973/1482/1740 1008/1523/1775 972/1480/1739
f 974/1484/1741 1009/1524/1776 973/1482/1740
f 975/1525/1743 1010/1526/1777 974/1484/1741
f 975/1527/1743 1012/1528/1778 1011/1529/1779
f 976/1488/1742 1013/1530/1780 1012/1528/1778
f 977/1487/1744 1014/1531/1781 1013/1530/1780
f 978/1489/1745 1015/1532/1782 1014/1531/1781
f 979/1490/1746 1016/1533/1783 1015/1532/1782
f 980/1491/1747 1017/1534/1784 1016/1533/1783
f 981/1492/1748 1018/1535/1785 1017/1534/1784
f 982/1493/1749 1019/1536/1786 1018/1535/1785
f 983/1494/1750 1020/1537/1787 1019/1536/1786
f 984/1497/1751 1021/1538/1788 1020/1539/1787
f 985/1496/1752 1022/1540/1789 1021/1538/1788
f 986/1498/1753 1023/1541/1790 1022/1540/1789
f 987/1499/1754 1024/1542/1791 1023/1541/1790
f 988/1500/1755 1025/1543/1792 1024/1542/1791
f 989/1501/1756 1026/1544/1793 1025/1543/1792
f 990/1502/1757 1027/1545/1794 1026/1544/1793
f 991/1503/1758 1028/1546/1795 1027/1545/1794
f 992/1504/1759 1029/1547/1796 1028/1546/1795
f 994/1508/1761 1029/1548/1796 993/1549/1760
f 995/1509/1762 1030/1550/1797 994/1508/1761
f 996/1510/1763 1031/1551/1798 995/1509/1762
f 997/1511/1764 1032/1552/1799 996/1510/1763
f 998/1512/1765 1033/1553/1800 997/1511/1764
f 999/1513/1766 1034/1554/1801 998/1512/1765
f 1000/1514/1767 1035/1555/1802 999/1513/1766
f 1001/1516/1768 1036/1556/1803 1000/1514/1767
f 1002/1557/1769 1037/1558/1804 1001/1516/1768
f 1003/1518/1770 1038/1559/1805 1002/1517/1769
f 968/1476/1735 1039/1560/1806 1003/1518/1770
f 1005/1520/1772 1040/1561/1807 1004/1519/1771
f 1006/1521/1773 1041/1562/1808 1005/1520/1772
f 1007/1522/1774 1042/1563/1809 1006/1521/1773
f 1008/1523/1775 1043/1564/1810 1007/1522/1774
f 1009/1524/1776 1044/1565/1811 1008/1523/1775
f 1010/1526/1777 1045/1566/1812 1009/1524/1776
f 1011/1567/1779 1046/1568/1813 1010/1526/1777
f 1011/1529/1779 1048/1569/1814 1047/1570/1815
f 1012/1528/1778 1049/1571/1816 1048/1569/1814
f 1013/1530/1780 1050/1572/1817 1049/1571/1816
f 1014/1531/1781 1051/1573/1818 1050/1572/1817
f 1015/1532/1782 1052/1574/1819 1051/1573/1818
f 1016/1533/1783 1053/1575/1820 1052/1574/1819
f 1017/1534/1784 1054/1576/1821 1053/1575/1820
f 1018/1535/1785 1055/1577/1822 1054/1576/1821
f 1019/1536/1786 1056/1578/1823 1055/1577/1822
f 1020/1539/1787 1057/1579/1824 1056/1580/1823
f 1021/1538/1788 1058/1581/1825 1057/1579/1824
f 1022/1540/1789 1059/1582/1826 1058/1581/1825
f 1023/1541/1790 1060/1583/1827 1059/1582/1826
f 1024/1542/1791 1061/1584/1828 1060/1583/1827
f 1025/1543/1792 1062/1585/1829 1061/1584/1828
f 1026/1544/1793 1063/1586/1830 1062/1585/1829
f 1027/1545/1794 1064/1587/1831 1063/1586/1830
f 1028/1546/1795 1065/1588/1832 1064/1587/1831
f 1030/1550/1797 1065/1589/1832 1029/1548/1796
f 1031/1551/1798 1066/1590/1833 1030/1550/1797
f 1032/1552/1799 1067/1591/1834 1031/1551/1798
f 1033/1553/1800 1068/1592/1835 1032/1552/1799
f 1034/1554/1801 1069/1593/1836 1033/1553/1800
f 1035/1555/1802 1070/1594/1837 1034/1554/1801
f 1036/1556/1803 1071/1595/1838 1035/1555/1802
f 1037/1558/1804 1072/1596/1839 1036/1556/1803
f 1038/1597/1805 1073/1598/1840 1037/1558/1804
f 1039/1560/1806 1074/1599/1841 1038/1559/1805
f 1004/1519/1771 1075/1600/1842 1039/1560/1806
f 1041/1562/1808 1076/1601/1843 1040/1561/1807
f 1042/1563/1809 1077/1602/1844 1041/1562/1808
f 1043/1564/1810 1078/1603/1845 1042/1563/1809
f 1044/1565/1811 1079/1604/1846 1043/1564/1810
f 1045/1566/1812 1080/1605/1847 1044/1565/1811
f 1046/1568/1813 1081/1606/1848 1045/1566/1812
f 1047/1607/1815 1082/1608/1849 1046/1568/1813
f 1047/1570/1815 1084/1609/1850 1083/1610/1851
f 1048/1569/1814 1085/1611/1852 1084/1609/1850
f 1049/1571/1816 1086/1612/1853 1085/1611/1852
f 1050/1572/1817 1087/1613/1854 1086/1612/1853
f 1051/1573/1818 1088/1614/1855 1087/1613/1854
f 1052/1574/1819 1089/1615/1856 1088/1614/1855
f 1053/1575/1820 1090/1616/1857 1089/1615/1856
f 1054/1576/1821 1091/1617/1858 1090/1616/1857
f 1055/1577/1822 1092/1618/1859 1091/1617/1858
f 1056/1580/1823 1093/1619/1860 1092/1620/1859
f 1057/1579/1824 1094/1621/1861 1093/1619/1860
f 1058/1581/1825 1095/1622/1862 1094/1621/1861
f 1059/1582/1826 1096/1623/1863 1095/1622/1862
f 1060/1583/1827 1097/1624/1864 1096/1623/1863
f 1061/1584/1828 1098/1625/1865 1097/1624/1864
f 1062/1585/1829 1099/1626/1866 1098/1625/1865
f 1063/1586/1830 1100/1627/1867 1099/1626/1866
f 1064/1587/1831 1101/1628/1868 1100/1627/1867
f 1066/1590/1833 1101/1629/1868 1065/1589/1832
f 1067/1591/1834 1102/1630/1869 1066/1590/1833
f 1068/1592/1835 1103/1631/1870 1067/1591/1834
f 1069/1593/1836 1104/1632/1871 1068/1592/1835
f 1070/1594/1837 1105/1633/1872 1069/1593/1836
f 1071/1595/1838 1106/1634/1873 1070/1594/1837
f 1072/1596/1839 1107/1635/1874 1071/1595/1838
f 1073/1598/1840 1108/1636/1875 1072/1596/1839
f 1074/1637/1841 1109/1638/1876 1073/1598/1840
f 1075/1600/1842 1110/1639/1877 1074/1599/1841
f 1040/1561/1807 1111/1640/1878 1075/1600/1842
f 1077/1602/1844 1112/1641/1879 1076/1601/1843
f 1078/1603/1845 1113/1642/1880 1077/1602/1844
f 1079/1604/1846 1114/1643/1881 1078/1603/1845
f 1080/1605/1847 1115/1644/1882 1079/1604/1846
f 1081/1606/1848 1116/1645/1883 1080/1605/1847
f 1082/1608/1849 1117/1646/1884 1081/1606/1848
f 1083/1610/1851 1118/1647/1885 1082/1648/1849
f 1083/1610/1851 1120/1649/1886 1119/1650/1887
f 1084/1609/1850 1121/1651/1888 1120/1649/1886
f 1085/1611/1852 1122/1652/1889 1121/1651/1888
f 1086/1612/1853 1123/1653/1890 1122/1652/1889
f 1087/1613/1854 1124/1654/1891 1123/1653/1890
f 1088/1614/1855 1125/1655/1892 1124/1654/1891
f 1089/1615/1856 1126/1656/1893 1125/1655/1892
f 1090/1616/1857 1127/1657/1894 1126/1656/1893
f 1091/1617/1858 1128/1658/1895 1127/1657/1894
f 1092/1620/1859 1129/1659/1896 1128/1660/1895
f 1093/1619/1860 1130/1661/1897 1129/1659/1896
f 1094/1621/1861 1131/1662/1898 1130/1661/1897
f 1095/1622/1862 1132/1663/1899 1131/1662/1898
f 1096/1623/1863 1133/1664/1900 1132/1663/1899
f 1097/1624/1864 1134/1665/1901 1133/1664/1900
f 1098/1625/1865 1135/1666/1902 1134/1665/1901
f 1099/1626/1866 1136/1667/1903 1135/1666/1902
f 1100/1668/1867 1137/1669/1904 1136/1670/1903
f 1102/1630/1869 1137/1669/1904 1101/1629/1868
f 1103/1631/1870 1138/1671/1905 1102/1630/1869
f 1104/1632/1871 1139/1672/1906 1103/1631/1870
f 1105/1633/1872 1140/1673/1907 1104/1632/1871
f 1106/1634/1873 1141/1674/1908 1105/1633/1872
f 1107/1635/1874 1142/1675/1909 1106/1634/1873
f 1108/1636/1875 1143/1676/1910 1107/1635/1874
f 1109/1638/1876 1144/1677/1911 1108/1636/1875
f 1110/1678/1877 1145/1679/1912 1109/1638/1876
f 1111/1640/1878 1146/1680/1913 1110/1639/1877
f 1076/1601/1843 1147/1681/1914 1111/1640/1878
f 1113/1642/1880 1148/1682/1915 1112/1641/1879
f 1114/1643/1881 1149/1683/1916 1113/1642/1880
f 1115/1644/1882 1150/1684/1917 1114/1643/1881
f 1116/1645/1883 1151/1685/1918 1115/1644/1882
f 1117/1646/1884 1152/1686/1919 1116/1645/1883
f 1118/1687/1885 1153/1688/1920 1117/1646/1884
f 1119/1650/1887 1154/1689/1921 1118/1647/1885
f 1119/1650/1887 1156/1690/1922 1155/1691/1923
f 1120/1649/1886 1157/1692/1924 1156/1690/1922
f 1121/1651/1888 1158/1693/1925 1157/1692/1924
f 1122/1652/1889 1159/1694/1926 1158/1693/1925
f 1123/1653/1890 1160/1695/1927 1159/1694/1926
f 1124/1654/1891 1161/1696/1928 1160/1695/1927
f 1125/1655/1892 1162/1697/1929 1161/1696/1928
f 1126/1656/1893 1163/1698/1930 1162/1697/1929
f 1127/1657/1894 1164/1699/1931 1163/1698/1930
f 1128/1660/1895 1165/1700/1932 1164/1701/1931
f 1129/1659/1896 1166/1702/1933 1165/1700/1932
f 1130/1661/1897 1167/1703/1934 1166/1702/1933
f 1131/1662/1898 1168/1704/1935 1167/1703/1934
f 1132/1663/1899 1169/1705/1936 1168/1704/1935
f 1133/1664/1900 1170/1706/1937 1169/1705/1936
f 1134/1665/1901 1171/1707/1938 1170/1706/1937
f 1135/1666/1902 1172/1708/1939 1171/1707/1938
f 1136/1670/1903 1173/1709/1940 1172/1710/1939
f 1138/1671/1905 1173/1709/1940 1137/1669/1904
f 1139/1672/1906 1174/1711/1941 1138/1671/1905
f 1140/1673/1907 1175/1712/1942 1139/1672/1906
f 1141/1674/1908 1176/1713/1943 1140/1673/1907
f 1142/1675/1909 1177/1714/1944 1141/1674/1908
f 1143/1676/1910 1178/1715/1945 1142/1675/1909
f 1144/1677/1911 1179/1716/1946 1143/1676/1910
f 1145/1679/1912 1180/1717/1947 1144/1677/1911
f 1146/1718/1913 1181/1719/1948 1145/1679/1912
f 1147/1681/1914 1182/1720/1949 1146/1680/1913
f 1112/1641/1879 1183/1721/1950 1147/1681/1914
f 1149/1683/1916 1184/1722/1951 1148/1682/1915
f 1150/1684/1917 1185/1723/1952 1149/1683/1916
f 1151/1685/1918 1186/1724/1953 1150/1684/1917
f 1152/1686/1919 1187/1725/1954 1151/1685/1918
f 1153/1688/1920 1188/1726/1955 1152/1686/1919
f 1154/1727/1921 1189/1728/1956 1153/1688/1920
f 1155/1691/1923 1190/1729/1957 1154/1689/1921
f 1155/1691/1923 1192/1730/1958 1191/1731/1959
f 1156/1690/1922 1193/1732/1960 1192/1730/1958
f 1157/1692/1924 1194/1733/1961 1193/1732/1960
f 1158/1693/1925 1195/1734/1962 1194/1733/1961
f 1159/1694/1926 1196/1735/1963 1195/1734/1962
f 1160/1695/1927 1197/1736/1964 1196/1735/1963
f 1161/1696/1928 1198/1737/1965 1197/1736/1964
f 1162/1697/1929 1199/1738/1966 1198/1737/1965
f 1163/1698/1930 1200/1739/1967 1199/1738/1966
f 1164/1701/1931 1201/1740/1968 1200/1741/1967
f 1165/1700/1932 1202/1742/1969 1201/1740/1968
f 1166/1702/1933 1203/1743/1970 1202/1742/1969
f 1167/1703/1934 1204/1744/1971 1203/1743/1970
f 1168/1704/1935 1205/1745/1972 1204/1744/1971
f 1169/1705/1936 1206/1746/1973 1205/1745/1972
f 1170/1706/1937 1207/1747/1974 1206/1746/1973
f 1171/1707/1938 1208/1748/1975 1207/1747/1974
f 1172/1710/1939 1209/1749/1976 1208/1750/1975
f 1174/1711/1941 1209/1749/1976 1173/1709/1940
f 1175/1712/1942 1210/1751/1977 1174/1711/1941
f 1176/1713/1943 1211/1752/1978 1175/1712/1942
f 1177/1714/1944 1212/1753/1979 1176/1713/1943
f 1178/1715/1945 1213/1754/1980 1177/1714/1944
f 1179/1716/1946 1214/1755/1981 1178/1715/1945
f 1180/1717/1947 1215/1756/1982 1179/1716/1946
f 1181/1719/1948 1216/1757/1983 1180/1717/1947
f 1182/1758/1949 1217/1759/1984 1181/1719/1948
f 1183/1721/1950 1218/1760/1985 1182/1720/1949
f 1148/1682/1915 1219/1761/1986 1183/1721/1950
f 1185/1723/1952 1220/1762/1987 1184/1722/1951
f 1186/1724/1953 1221/1763/1988 1185/1723/1952
f 1187/1725/1954 1222/1764/1989 1186/1724/1953
f 1188/1726/1955 1223/1765/1990 1187/1725/1954
f 1189/1728/1956 1224/1766/1991 1188/1726/1955
f 1190/1767/1957 1225/1768/1992 1189/1728/1956
f 1191/1731/1959 1226/1769/1993 1190/1729/1957
f 1192/1730/1958 1227/1770/1994 1191/1731/1959
f 1192/1730/1958 1229/1771/1995 1228/1772/1996
f 1193/1732/1960 1230/1773/1997 1229/1771/1995
f 1194/1733/1961 1231/1774/1998 1230/1773/1997
f 1195/1734/1962 1232/1775/1999 1231/1774/1998
f 1196/1735/1963 1233/1776/2000 1232/1775/1999
f 1197/1736/1964 1234/1777/2001 1233/1776/2000
f 1198/1737/1965 1235/1778/2002 1234/1777/2001
f 1199/1738/1966 1236/1779/2003 1235/1778/2002
f 1200/1741/1967 1237/1780/2004 1236/1781/2003
f 1201/1740/1968 1238/1782/2005 1237/1780/2004
f 1202/1742/1969 1239/1783/2006 1238/1782/2005
f 1203/1743/1970 1240/1784/2007 1239/1783/2006
f 1204/1744/1971 1241/1785/2008 1240/1784/2007
f 1205/1745/1972 1242/1786/2009 1241/1785/2008
f 1206/1746/1973 1243/1787/2010 1242/1786/2009
f 1207/1747/1974 1244/1788/2011 1243/1787/2010
f 1208/1750/1975 1245/1789/2012 1244/1790/2011
f 1210/1751/1977 1245/1789/2012 1209/1749/1976
f 1211/1752/1978 1246/1791/2013 1210/1751/1977
f 1212/1753/1979 1247/1792/2014 1211/1752/1978
f 1213/1754/1980 1248/1793/2015 1212/1753/1979
f 1214/1755/1981 1249/1794/2016 1213/1754/1980
f 1215/1756/1982 1250/1795/2017 1214/1755/1981
f 1216/1757/1983 1251/1796/2018 1215/1756/1982
f 1217/1759/1984 1252/1797/2019 1216/1757/1983
f 1218/1798/1985 1253/1799/2020 1217/1759/1984
f 1219/1761/1986 1254/1800/2021 1218/1760/1985
f 1184/1722/1951 1255/1801/2022 1219/1761/1986
f 1221/1763/1988 1256/1802/2023 1220/1762/1987
f 1222/1764/1989 1257/1803/2024 1221/1763/1988
f 1223/1765/1990 1258/1804/2025 1222/1764/1989
f 1224/1766/1991 1259/1805/2026 1223/1765/1990
f 1225/1768/1992 1260/1806/2027 1224/1766/1991
f 1226/1807/1993 1261/1808/2028 1225/1768/1992
f 1227/1770/1994 1262/1809/2029 1226/1769/1993
f 1228/1772/1996 1263/1810/2030 1227/1770/1994
f 1228/1772/1996 1265/1811/2031 1264/1812/2032
f 1229/1771/1995 1266/1813/2033 1265/1811/2031
f 1230/1773/1997 1267/1814/2034 1266/1813/2033
f 1231/1774/1998 1268/1815/2035 1267/1814/2034
f 1232/1775/1999 1269/1816/2036 1268/1815/2035
f 1233/1776/2000 1270/1817/2037 1269/1816/2036
f 1234/1777/2001 1271/1818/2038 1270/1817/2037
f 1235/1778/2002 1272/1819/2039 1271/1818/2038
f 1236/1781/2003 1273/1820/2040 1272/1821/2039
f 1237/1780/2004 1274/1822/2041 1273/1820/2040
f 1238/1782/2005 1275/1823/2042 1274/1822/2041
f 1239/1783/2006 1276/1824/2043 1275/1823/2042
f 1240/1784/2007 1277/1825/2044 1276/1824/2043
f 1241/1785/2008 1278/1826/2045 1277/1825/2044
f 1242/1786/2009 1279/1827/2046 1278/1826/2045
f 1243/1787/2010 1280/1828/2047 1279/1827/2046
f 1244/1790/2011 1281/1829/2048 1280/1830/2047
f 1246/1791/2013 1281/1829/2048 1245/1789/2012
f 1247/1792/2014 1282/1831/2049 1246/1791/2013
f 1248/1793/2015 1283/1832/2050 1247/1792/2014
f 1249/1794/2016 1284/1833/2051 1248/1793/2015
f 1250/1795/2017 1285/1834/2052 1249/1794/2016
f 1251/1796/2018 1286/1835/2053 1250/1795/2017
f 1252/1797/2019 1287/1836/2054 1251/1796/2018
f 1253/1799/2020 1288/1837/2055 1252/1797/2019
f 1254/1838/2021 1289/1839/2056 1253/1799/2020
f 1255/1801/2022 1290/1840/2057 1254/1800/2021
f 1220/1762/1987 1291/1841/2058 1255/1801/2022
f 1257/1803/2024 1292/1842/2059 1256/1802/2023
f 1258/1804/2025 1293/1843/2060 1257/1803/2024
f 1259/1805/2026 1294/1844/2061 1258/1804/2025
f 1260/1806/2027 1295/1845/2062 1259/1805/2026
f 1261/1808/2028 1296/1846/2063 1260/1806/2027
f 1262/1847/2029 1297/1848/2064 1261/1808/2028
f 1263/1810/2030 1298/1849/2065 1262/1809/2029
f 1263/1810/2030 1300/1850/2066 1299/1851/2067
f 1264/1812/2032 1301/1852/2068 1300/1850/2066
f 1265/1811/2031 1302/1853/2069 1301/1852/2068
f 1266/1813/2033 1303/1854/2070 1302/1853/2069
f 1267/1814/2034 1304/1855/2071 1303/1854/2070
f 1268/1815/2035 1305/1856/2072 1304/1855/2071
f 1269/1816/2036 1306/1857/2073 1305/1856/2072
f 1270/1817/2037 1307/1858/2074 1306/1857/2073
f 1271/1818/2038 1308/1859/2075 1307/1858/2074
f 1272/1821/2039 1309/1860/2076 1308/1861/2075
f 1273/1820/2040 1310/1862/2077 1309/1860/2076
f 1274/1822/2041 1311/1863/2078 1310/1862/2077
f 1275/1823/2042 1312/1864/2079 1311/1863/2078
f 1276/1824/2043 1313/1865/2080 1312/1864/2079
f 1277/1825/2044 1314/1866/2081 1313/1865/2080
f 1278/1826/2045 1315/1867/2082 1314/1866/2081
f 1279/1827/2046 1316/1868/2083 1315/1867/2082
f 1280/1830/2047 1317/1869/2084 1316/1870/2083
f 1282/1831/2049 1317/1869/2084 1281/1829/2048
f 1283/1832/2050 1318/1871/2085 1282/1831/2049
f 1284/1833/2051 1319/1872/2086 1283/1832/2050
f 1285/1834/2052 1320/1873/2087 1284/1833/2051
f 1286/1835/2053 1321/1874/2088 1285/1834/2052
f 1287/1836/2054 1322/1875/2089 1286/1835/2053
f 1288/1837/2055 1323/1876/2090 1287/1836/2054
f 1289/1839/2056 1324/1877/2091 1288/1837/2055
f 1290/1878/2057 1325/1879/2092 1289/1839/2056
f 1291/1841/2058 1326/1880/2093 1290/1840/2057
f 1256/1802/2023 1327/1881/2094 1291/1841/2058
f 1293/1843/2060 1328/1882/2095 1292/1842/2059
f 1294/1844/2061 1329/1883/2096 1293/1843/2060
f 1295/1845/2062 1330/1884/2097 1294/1844/2061
f 1296/1846/2063 1331/1885/2098 1295/1845/2062
f 1297/1848/2064 1332/1886/2099 1296/1846/2063
f 1298/1887/2065 1333/1888/2100 1297/1848/2064
f 1299/1851/2067 1334/1889/2101 1298/1849/2065
f 1299/1851/2067 1336/1890/2102 1335/1891/2103
f 1300/1850/2066 1337/1892/2104 1336/1890/2102
f 1301/1852/2068 1338/1893/2105 1337/1892/2104
f 1302/1853/2069 1339/1894/2106 1338/1893/2105
f 1303/1854/2070 1340/1895/2107 1339/1894/2106
f 1304/1855/2071 1341/1896/2108 1340/1895/2107
f 1305/1856/2072 1342/1897/2109 1341/1896/2108
f 1306/1857/2073 1343/1898/2110 1342/1897/2109
f 1307/1858/2074 1344/1899/2111 1343/1898/2110
f 1308/1861/2075 1345/1900/2112 1344/1901/2111
f 1309/1860/2076 1346/1902/2113 1345/1900/2112
f 1310/1862/2077 1347/1903/2114 1346/1902/2113
f 1311/1863/2078 1348/1904/2115 1347/1903/2114
f 1312/1864/2079 1349/1905/2116 1348/1904/2115
f 1313/1865/2080 1350/1906/2117 1349/1905/2116
f 1314/1866/2081 1351/1907/2118 1350/1906/2117
f 1315/1867/2082 1352/1908/2119 1351/1907/2118
f 1316/1870/2083 1353/1909/2120 1352/1910/2119
f 1318/1871/2085 1353/1909/2120 1317/1869/2084
f 1319/1872/2086 1354/1911/2121 1318/1871/2085
f 1320/1873/2087 1355/1912/2122 1319/1872/2086
f 1321/1874/2088 1356/1913/2123 1320/1873/2087
f 1322/1875/2089 1357/1914/2124 1321/1874/2088
f 1323/1876/2090 1358/1915/2125 1322/1875/2089
f 1324/1877/2091 1359/1916/2126 1323/1876/2090
f 1325/1879/2092 1360/1917/2127 1324/1877/2091
f 1326/1918/2093 1361/1919/2128 1325/1879/2092
f 1327/1881/2094 1362/1920/2129 1326/1880/2093
f 1292/1842/2059 1363/1921/2130 1327/1881/2094
f 1329/1883/2096 1364/1922/2131 1328/1882/2095
f 1330/1884/2097 1365/1923/2132 1329/1883/2096
f 1331/1885/2098 1366/1924/2133 1330/1884/2097
f 1332/1886/2099 1367/1925/2134 1331/1885/2098
f 1333/1888/2100 1368/1926/2135 1332/1886/2099
f 1334/1927/2101 1369/1928/2136 1333/1888/2100
f 1335/1891/2103 1370/1929/2137 1334/1889/2101
f 1335/1891/2103 1372/1930/2138 1371/1931/2139
f 1336/1890/2102 1373/1932/2140 1372/1930/2138
f 1337/1892/2104 1374/1933/2141 1373/1932/2140
f 1338/1893/2105 1375/1934/2142 1374/1933/2141
f 1339/1894/2106 1376/1935/2143 1375/1934/2142
f 1340/1895/2107 1377/1936/2144 1376/1935/2143
f 1341/1896/2108 1378/1937/2145 1377/1936/2144
f 1342/1897/2109 1379/1938/2146 1378/1937/2145
f 1343/1898/2110 1380/1939/2147 1379/1938/2146
f 1344/1901/2111 1381/1940/2148 1380/1941/2147
f 1345/1900/2112 1382/1942/2149 1381/1940/2148
f 1346/1902/2113 1383/1943/2150 1382/1942/2149
f 1347/1903/2114 1384/1944/2151 1383/1943/2150
f 1348/1904/2115 1385/1945/2152 1384/1944/2151
f 1349/1905/2116 1386/1946/2153 1385/1945/2152
f 1350/1906/2117 1387/1947/2154 1386/1946/2153
f 1351/1907/2118 1388/1948/2155 1387/1947/2154
f 1352/1910/2119 1389/1949/2156 1388/1950/2155
f 1354/1911/2121 1389/1949/2156 1353/1909/2120
f 1355/1912/2122 1390/1951/2157 1354/1911/2121
f 1356/1913/2123 1391/1952/2158 1355/1912/2122
f 1357/1914/2124 1392/1953/2159 1356/1913/2123
f 1358/1915/2125 1393/1954/2160 1357/1914/2124
f 1359/1916/2126 1394/1955/2161 1358/1915/2125
f 1360/1917/2127 1395/1956/2162 1359/1916/2126
f 1361/1919/2128 1396/1957/2163 1360/1917/2127
f 1362/1958/2129 1397/1959/2164 1361/1919/2128
f 1363/1921/2130 1398/1960/2165 1362/1920/2129
f 1328/1882/2095 1399/1961/2166 1363/1921/2130
f 1365/1923/2132 1400/1962/2167 1364/1922/2131
f 1366/1924/2133 1401/1963/2168 1365/1923/2132
f 1367/1925/2134 1402/1964/2169 1366/1924/2133
f 1368/1926/2135 1403/1965/2170 1367/1925/2134
f 1369/1928/2136 1404/1966/2171 1368/1926/2135
f 1370/1967/2137 1405/1968/2172 1369/1928/2136
f 1371/1931/2139 1406/1969/2173 1370/1929/2137
f 1371/1931/2139 1408/1970/2174 1407/1971/2175
f 1372/1930/2138 1409/1972/2176 1408/1970/2174
f 1373/1932/2140 1410/1973/2177 1409/1972/2176
f 1374/1933/2141 1411/1974/2178 1410/1973/2177
f 1375/1934/2142 1412/1975/2179 1411/1974/2178
f 1376/1935/2143 1413/1976/2180 1412/1975/2179
f 1377/1936/2144 1414/1977/2181 1413/1976/2180
f 1378/1937/2145 1415/1978/2182 1414/1977/2181
f 1379/1938/2146 1416/1979/2183 1415/1978/2182
f 1380/1941/2147 1417/1980/2184 1416/1981/2183
f 1381/1940/2148 1418/1982/2185 1417/1980/2184
f 1382/1942/2149 1419/1983/2186 1418/1982/2185
f 1383/1943/2150 1420/1984/2187 1419/1983/2186
f 1384/1944/2151 1421/1985/2188 1420/1984/2187
f 1385/1945/2152 1422/1986/2189 1421/1985/2188
f 1386/1946/2153 1423/1987/2190 1422/1986/2189
f 1387/1947/2154 1424/1988/2191 1423/1987/2190
f 1388/1950/2155 1425/1989/2192 1424/1990/2191
f 1390/1951/2157 1425/1989/2192 1389/1949/2156
f 1391/1952/2158 1426/1991/2193 1390/1951/2157
f 1392/1953/2159 1427/1992/2194 1391/1952/2158
f 1393/1954/2160 1428/1993/2195 1392/1953/2159
f 1394/1955/2161 1429/1994/2196 1393/1954/2160
f 1395/1956/2162 1430/1995/2197 1394/1955/2161
f 1396/1957/2163 1431/1996/2198 1395/1956/2162
f 1397/1959/2164 1432/1997/2199 1396/1957/2163
f 1398/1998/2165 1433/1999/2200 1397/1959/2164
f 1399/1961/2166 1434/2000/2201 1398/1960/2165
f 1364/1922/2131 1435/2001/2202 1399/1961/2166
f 1401/1963/2168 1436/2002/2203 1400/1962/2167
f 1402/1964/2169 1437/2003/2204 1401/1963/2168
f 1403/1965/2170 1438/2004/2205 1402/1964/2169
f 1404/1966/2171 1439/2005/2206 1403/1965/2170
f 1405/1968/2172 1440/2006/2207 1404/1966/2171
f 1406/2007/2173 1441/2008/2208 1405/1968/2172
f 1407/1971/2175 1442/2009/2209 1406/1969/2173
f 1407/1971/2175 1444/2010/2210 1443/2011/2211
f 1408/1970/2174 1445/2012/2212 1444/2010/2210
f 1409/1972/2176 1446/2013/2213 1445/2012/2212
f 1410/1973/2177 1447/2014/2214 1446/2013/2213
f 1411/1974/2178 1448/2015/2215 1447/2014/2214
f 1412/1975/2179 1449/2016/2216 1448/2015/2215
f 1413/1976/2180 1450/2017/2217 1449/2016/2216
f 1414/1977/2181 1451/2018/2218 1450/2017/2217
f 1415/1978/2182 1452/2019/2219 1451/2018/2218
f 1416/1979/2183 1453/2020/2220 1452/2019/2219
f 1417/1980/2184 1454/2021/2221 1453/2022/2220
f 1418/1982/2185 1455/2023/2222 1454/2021/2221
f 1419/1983/2186 1456/2024/2223 1455/2023/2222
f 1420/1984/2187 1457/2025/2224 1456/2024/2223
f 1421/1985/2188 1458/2026/2225 1457/2025/2224
f 1422/1986/2189 1459/2027/2226 1458/2026/2225
f 1423/1987/2190 1460/2028/2227 1459/2027/2226
f 1424/1990/2191 1461/2029/2228 1460/2030/2227
f 1426/1991/2193 1461/2029/2228 1425/1989/2192
f 1427/1992/2194 1462/2031/2229 1426/1991/2193
f 1428/1993/2195 1463/2032/2230 1427/1992/2194
f 1429/1994/2196 1464/2033/2231 1428/1993/2195
f 1430/1995/2197 1465/2034/2232 1429/1994/2196
f 1431/1996/2198 1466/2035/2233 1430/1995/2197
f 1432/1997/2199 1467/2036/2234 1431/1996/2198
f 1433/1999/2200 1468/2037/2235 1432/1997/2199
f 1434/2038/2201 1469/2039/2236 1433/1999/2200
f 1435/2040/2202 1470/2041/2237 1434/2038/2201
f 1400/1962/2167 1471/2042/2238 1435/2001/2202
f 1437/2003/2204 1472/2043/2239 1436/2002/2203
f 1438/2004/2205 1473/2044/2240 1437/2003/2204
f 1439/2005/2206 1474/2045/2241 1438/2004/2205
f 1440/2006/2207 1475/2046/2242 1439/2005/2206
f 1441/2008/2208 1476/2047/2243 1440/2006/2207
f 1442/2048/2209 1477/2049/2244 1441/2008/2208
f 1443/2011/2211 1478/2050/2245 1442/2009/2209
f 1443/2011/2211 1480/2051/2246 1479/2052/2247
f 1444/2010/2210 1481/2053/2248 1480/2051/2246
f 1445/2012/2212 1482/2054/2249 1481/2053/2248
f 1446/2013/2213 1483/2055/2250 1482/2054/2249
f 1447/2014/2214 1484/2056/2251 1483/2055/2250
f 1448/2015/2215 1485/2057/2252 1484/2056/2251
f 1449/2016/2216 1486/2058/2253 1485/2057/2252
f 1450/2017/2217 1487/2059/2254 1486/2058/2253
f 1451/2018/2218 1488/2060/2255 1487/2059/2254
f 1452/2019/2219 1489/2061/2256 1488/2060/2255
f 1453/2022/2220 1490/2062/2257 1489/2063/2256
f 1454/2021/2221 1491/2064/2258 1490/2062/2257
f 1455/2023/2222 1492/2065/2259 1491/2064/2258
f 1456/2024/2223 1493/2066/2260 1492/2065/2259
f 1457/2025/2224 1494/2067/2261 1493/2066/2260
f 1458/2026/2225 1495/2068/2262 1494/2067/2261
f 1459/2027/2226 1496/2069/2263 1495/2068/2262
f 1460/2030/2227 1497/2070/2264 1496/2071/2263
f 1462/2031/2229 1497/2070/2264 1461/2029/2228
f 1463/2032/2230 1498/2072/2265 1462/2031/2229
f 1464/2033/2231 1499/2073/2266 1463/2032/2230
f 1465/2034/2232 1500/2074/2267 1464/2033/2231
f 1466/2035/2233 1501/2075/2268 1465/2034/2232
f 1467/2036/2234 1502/2076/2269 1466/2035/2233
f 1468/2037/2235 1503/2077/2270 1467/2036/2234
f 1469/2039/2236 1504/2078/2271 1468/2037/2235
f 1470/2041/2237 1505/2079/2272 1469/2039/2236
f 1471/2042/2238 1506/2080/2273 1470/2081/2237
f 1436/2002/2203 1507/2082/2274 1471/2042/2238
f 1473/2044/2240 1508/2083/2275 1472/2043/2239
f 1474/2045/2241 1509/2084/2276 1473/2044/2240
f 1475/2046/2242 1510/2085/2277 1474/2045/2241
f 1476/2047/2243 1511/2086/2278 1475/2046/2242
f 1477/2049/2244 1512/2087/2279 1476/2047/2243
f 1478/2088/2245 1513/2089/2280 1477/2049/2244
f 1479/2052/2247 1514/2090/2281 1478/2050/2245
f 1479/2052/2247 1516/2091/2282 1515/2092/2283
f 1480/2051/2246 1517/2093/2284 1516/2091/2282
f 1481/2053/2248 1518/2094/2285 1517/2093/2284
f 1482/2054/2249 1519/2095/2286 1518/2094/2285
f 1483/2055/2250 1520/2096/2287 1519/2095/2286
f 1484/2056/2251 1521/2097/2288 1520/2096/2287
f 1485/2057/2252 1522/2098/2289 1521/2097/2288
f 1486/2058/2253 1523/2099/2290 1522/2098/2289
f 1487/2059/2254 1524/2100/2291 1523/2099/2290
f 1488/2060/2255 1525/2101/2292 1524/2100/2291
f 1489/2063/2256 1526/2102/2293 1525/2103/2292
f 1490/2062/2257 1527/2104/2294 1526/2102/2293
f 1491/2064/2258 1528/2105/2295 1527/2104/2294
f 1492/2065/2259 1529/2106/2296 1528/2105/2295
f 1493/2066/2260 1530/2107/2297 1529/2106/2296
f 1494/2067/2261 1531/2108/2298 1530/2107/2297
f 1495/2068/2262 1532/2109/2299 1531/2108/2298
f 1496/2069/2263 1533/2110/2300 1532/2109/2299
f 1497/2070/2264 1534/2111/2301 1533/2112/2300
f 1499/2073/2266 1534/2111/2301 1498/2072/2265
f 1500/2074/2267 1535/2113/2302 1499/2073/2266
f 1501/2075/2268 1536/2114/2303 1500/2074/2267
f 1502/2076/2269 1537/2115/2304 1501/2075/2268
f 1503/2077/2270 1538/2116/2305 1502/2076/2269
f 1504/2078/2271 1539/2117/2306 1503/2077/2270
f 1505/2079/2272 1540/2118/2307 1504/2078/2271
f 1506/2119/2273 1541/2120/2308 1505/2079/2272
f 1507/2121/2274 1542/2122/2309 1506/2119/2273
f 1472/2043/2239 1543/2123/2310 1507/2082/2274
f 1509/2084/2276 1544/2124/2311 1508/2083/2275
f 1510/2085/2277 1545/2125/2312 1509/2084/2276
f 1511/2086/2278 1546/2126/2313 1510/2085/2277
f 1512/2087/2279 1547/2127/2314 1511/2086/2278
f 1513/2089/2280 1548/2128/2315 1512/2087/2279
f 1514/2129/2281 1549/2130/2316 1513/2089/2280
f 1515/2092/2283 1550/2131/2317 1514/2090/2281
f 1515/2092/2283 1552/2132/2318 1551/2133/2319
f 1516/2091/2282 1553/2134/2320 1552/2132/2318
f 1517/2093/2284 1554/2135/2321 1553/2134/2320
f 1518/2094/2285 1555/2136/2322 1554/2135/2321
f 1519/2095/2286 1556/2137/2323 1555/2136/2322
f 1520/2096/2287 1557/2138/2324 1556/2137/2323
f 1521/2097/2288 1558/2139/2325 1557/2138/2324
f 1522/2098/2289 1559/2140/2326 1558/2139/2325
f 1523/2099/2290 1560/2141/2327 1559/2140/2326
f 1524/2142/2291 1561/2143/2328 1560/2144/2327
f 1525/2103/2292 1562/2145/2329 1561/2143/2328
f 1526/2102/2293 1563/2146/2330 1562/2145/2329
f 1527/2104/2294 1564/2147/2331 1563/2146/2330
f 1528/2105/2295 1565/2148/2332 1564/2147/2331
f 1529/2106/2296 1566/2149/2333 1565/2148/2332
f 1530/2107/2297 1567/2150/2334 1566/2149/2333
f 1531/2108/2298 1568/2151/2335 1567/2150/2334
f 1532/2152/2299 1569/2153/2336 1568/2154/2335
f 1533/2112/2300 1570/2155/2337 1569/2153/2336
f 1535/2113/2302 1570/2155/2337 1534/2111/2301
f 1536/2114/2303 1571/2156/2338 1535/2113/2302
f 1537/2115/2304 1572/2157/2339 1536/2114/2303
f 1538/2116/2305 1573/2158/2340 1537/2115/2304
f 1539/2117/2306 1574/2159/2341 1538/2116/2305
f 1540/2118/2307 1575/2160/2342 1539/2117/2306
f 1541/2120/2308 1576/2161/2343 1540/2118/2307
f 1542/2122/2309 1577/2162/2344 1541/2120/2308
f 1543/2123/2310 1578/2163/2345 1542/2164/2309
f 1508/2083/2275 1579/2165/2346 1543/2123/2310
f 1545/2125/2312 1580/2166/2347 1544/2124/2311
f 1546/2126/2313 1581/2167/2348 1545/2125/2312
f 1547/2127/2314 1582/2168/2349 1546/2126/2313
f 1548/2128/2315 1583/2169/2350 1547/2127/2314
f 1549/2130/2316 1584/2170/2351 1548/2128/2315
f 1550/2171/2317 1585/2172/2352 1549/2130/2316
f 1551/2133/2319 1586/2173/2353 1550/2131/2317
f 1551/2133/2319 1588/2174/2354 1587/2175/2355
f 1552/2132/2318 1589/2176/2356 1588/2174/2354
f 1553/2134/2320 1590/2177/2357 1589/2176/2356
f 1554/2135/2321 1591/2178/2358 1590/2177/2357
f 1555/2136/2322 1592/2179/2359 1591/2178/2358
f 1556/2137/2323 1593/2180/2360 1592/2179/2359
f 1557/2138/2324 1594/2181/2361 1593/2180/2360
f 1558/2139/2325 1595/2182/2362 1594/2181/2361
f 1559/2140/2326 1596/2183/2363 1595/2182/2362
f 1560/2144/2327 1597/2184/2364 1596/2185/2363
f 1561/2143/2328 1598/2186/2365 1597/2184/2364
f 1562/2145/2329 1599/2187/2366 1598/2186/2365
f 1563/2146/2330 1600/2188/2367 1599/2187/2366
f 1564/2147/2331 1601/2189/2368 1600/2188/2367
f 1565/2148/2332 1602/2190/2369 1601/2189/2368
f 1566/2149/2333 1603/2191/2370 1602/2190/2369
f 1567/2150/2334 1604/2192/2371 1603/2191/2370
f 1568/2154/2335 1605/2193/2372 1604/2194/2371
f 1570/2155/2337 1605/2193/2372 1569/2153/2336
f 1571/2156/2338 1606/2195/2373 1570/2155/2337
f 1572/2157/2339 1607/2196/2374 1571/2156/2338
f 1573/2158/2340 1608/2197/2375 1572/2157/2339
f 1574/2159/2341 1609/2198/2376 1573/2158/2340
f 1575/2160/2342 1610/2199/2377 1574/2159/2341
f 1576/2161/2343 1611/2200/2378 1575/2160/2342
f 1577/2162/2344 1612/2201/2379 1576/2161/2343
f 1578/2202/2345 1613/2203/2380 1577/2162/2344
f 1579/2165/2346 1614/2204/2381 1578/2163/2345
f 1544/2124/2311 1615/2205/2382 1579/2165/2346
f 1581/2167/2348 1616/2206/2383 1580/2166/2347
f 1582/2168/2349 1617/2207/2384 1581/2167/2348
f 1583/2169/2350 1618/2208/2385 1582/2168/2349
f 1584/2170/2351 1619/2209/2386 1583/2169/2350
f 1585/2172/2352 1620/2210/2387 1584/2170/2351
f 1586/2211/2353 1621/2212/2388 1585/2172/2352
f 1587/2175/2355 1622/2213/2389 1586/2173/2353
f 1587/2175/2355 1624/2214/2390 1623/2215/2391
f 1588/2174/2354 1625/2216/2392 1624/2214/2390
f 1589/2176/2356 1626/2217/2393 1625/2216/2392
f 1590/2177/2357 1627/2218/2394 1626/2217/2393
f 1591/2178/2358 1628/2219/2395 1627/2218/2394
f 1592/2179/2359 1629/2220/2396 1628/2219/2395
f 1593/2180/2360 1630/2221/2397 1629/2220/2396
f 1594/2181/2361 1631/2222/2398 1630/2221/2397
f 1595/2182/2362 1632/2223/2399 1631/2222/2398
f 1596/2185/2363 1633/2224/2400 1632/2225/2399
f 1597/2184/2364 1634/2226/2401 1633/2224/2400
f 1598/2186/2365 1635/2227/2402 1634/2226/2401
f 1599/2187/2366 1636/2228/2403 1635/2227/2402
f 1600/2188/2367 1637/2229/2404 1636/2228/2403
f 1601/2189/2368 1638/2230/2405 1637/2229/2404
f 1602/2190/2369 1639/2231/2406 1638/2230/2405
f 1603/2191/2370 1640/2232/2407 1639/2231/2406
f 1604/2194/2371 1641/2233/2408 1640/2234/2407
f 1606/2195/2373 1641/2233/2408 1605/2193/2372
f 1607/2196/2374 1642/2235/2409 1606/2195/2373
f 1608/2197/2375 1643/2236/2410 1607/2196/2374
f 1609/2198/2376 1644/2237/2411 1608/2197/2375
f 1610/2199/2377 1645/2238/2412 1609/2198/2376
f 1611/2200/2378 1646/2239/2413 1610/2199/2377
f 1612/2201/2379 1647/2240/2414 1611/2200/2378
f 1613/2203/2380 1648/2241/2415 1612/2201/2379
f 1614/2242/2381 1649/2243/2416 1613/2203/2380
f 1615/2205/2382 1650/2244/2417 1614/2204/2381
f 1580/2166/2347 1651/2245/2418 1615/2205/2382
f 1617/2207/2384 1652/2246/2419 1616/2206/2383
f 1618/2208/2385 1653/2247/2420 1617/2207/2384
f 1619/2209/2386 1654/2248/2421 1618/2208/2385
f 1620/2210/2387 1655/2249/2422 1619/2209/2386
f 1621/2212/2388 1656/2250/2423 1620/2210/2387
f 1622/2251/2389 1657/2252/2424 1621/2212/2388
f 1623/2215/2391 1658/2253/2425 1622/2213/2389
f 1623/2215/2391 1660/2254/2426 1659/2255/2427
f 1624/2214/2390 1661/2256/2428 1660/2254/2426
f 1625/2216/2392 1662/2257/2429 1661/2256/2428
f 1626/2217/2393 1663/2258/2430 1662/2257/2429
f 1627/2218/2394 1664/2259/2431 1663/2258/2430
f 1628/2219/2395 1665/2260/2432 1664/2259/2431
f 1629/2220/2396 1666/2261/2433 1665/2260/2432
f 1630/2221/2397 1667/2262/2434 1666/2261/2433
f 1631/2222/2398 1668/2263/2435 1667/2262/2434
f 1632/2225/2399 1669/2264/2436 1668/2265/2435
f 1633/2224/2400 1670/2266/2437 1669/2264/2436
f 1634/2226/2401 1671/2267/2438 1670/2266/2437
f 1635/2227/2402 1672/2268/2439 1671/2267/2438
f 1636/2228/2403 1673/2269/2440 1672/2268/2439
f 1637/2229/2404 1674/2270/2441 1673/2269/2440
f 1638/2230/2405 1675/2271/2442 1674/2270/2441
f 1639/2231/2406 1676/2272/2443 1675/2271/2442
f 1640/2234/2407 1677/2273/2444 1676/2274/2443
f 1642/2235/2409 1677/2273/2444 1641/2233/2408
f 1643/2236/2410 1678/2275/2445 1642/2235/2409
f 1644/2237/2411 1679/2276/2446 1643/2236/2410
f 1645/2238/2412 1680/2277/2447 1644/2237/2411
f 1646/2239/2413 1681/2278/2448 1645/2238/2412
f 1647/2240/2414 1682/2279/2449 1646/2239/2413
f 1648/2241/2415 1683/2280/2450 1647/2240/2414
f 1649/2243/2416 1684/2281/2451 1648/2241/2415
f 1650/2282/2417 1685/2283/2452 1649/2243/2416
f 1651/2245/2418 1686/2284/2453 1650/2244/2417
f 1616/2206/2383 1687/2285/2454 1651/2245/2418
f 1653/2247/2420 1688/2286/2455 1652/2246/2419
f 1654/2248/2421 1689/2287/2456 1653/2247/2420
f 1655/2249/2422 1690/2288/2457 1654/2248/2421
f 1656/2250/2423 1691/2289/2458 1655/2249/2422
f 1657/2252/2424 1692/2290/2459 1656/2250/2423
f 1658/2291/2425 1693/2292/2460 1657/2252/2424
f 1659/2293/2427 1694/2294/2461 1658/2291/2425
f 1659/2255/2427 1696/2295/2462 1695/2296/2463
f 1660/2254/2426 1697/2297/2464 1696/2295/2462
f 1661/2256/2428 1698/2298/2465 1697/2297/2464
f 1662/2257/2429 1699/2299/2466 1698/2298/2465
f 1663/2258/2430 1700/2300/2467 1699/2299/2466
f 1664/2259/2431 1701/2301/2468 1700/2300/2467
f 1665/2260/2432 1702/2302/2469 1701/2301/2468
f 1666/2261/2433 1703/2303/2470 1702/2302/2469
f 1667/2262/2434 1704/2304/2471 1703/2303/2470
f 1668/2265/2435 1705/2305/2472 1704/2306/2471
f 1669/2264/2436 1706/2307/2473 1705/2305/2472
f 1670/2266/2437 1707/2308/2474 1706/2307/2473
f 1671/2267/2438 1708/2309/2475 1707/2308/2474
f 1672/2268/2439 1709/2310/2476 1708/2309/2475
f 1673/2269/2440 1710/2311/2477 1709/2310/2476
f 1674/2270/2441 1711/2312/2478 1710/2311/2477
f 1675/2313/2442 1712/2314/2479 1711/2315/2478
f 1676/2272/2443 1713/2316/2480 1712/2317/2479
f 1678/2275/2445 1713/2318/2480 1677/2273/2444
f 1679/2276/2446 1714/2319/2481 1678/2275/2445
f 1680/2277/2447 1715/2320/2482 1679/2276/2446
f 1681/2278/2448 1716/2321/2483 1680/2277/2447
f 1682/2279/2449 1717/2322/2484 1681/2278/2448
f 1683/2280/2450 1718/2323/2485 1682/2279/2449
f 1684/2281/2451 1719/2324/2486 1683/2280/2450
f 1685/2283/2452 1720/2325/2487 1684/2281/2451
f 1686/2326/2453 1721/2327/2488 1685/2283/2452
f 1687/2285/2454 1722/2328/2489 1686/2284/2453
f 1652/2246/2419 1723/2329/2490 1687/2285/2454
f 1689/2287/2456 1724/2330/2491 1688/2286/2455
f 1690/2288/2457 1725/2331/2492 1689/2287/2456
f 1691/2289/2458 1726/2332/2493 1690/2288/2457
f 1692/2290/2459 1727/2333/2494 1691/2289/2458
f 1693/2292/2460 1728/2334/2495 1692/2290/2459
f 1694/2294/2461 1729/2335/2496 1693/2292/2460
f 1695/2336/2463 1730/2337/2497 1694/2294/2461
f 1695/2296/2463 1732/2338/2498 1731/2339/2499
f 1696/2295/2462 1733/2340/2500 1732/2338/2498
f 1697/2297/2464 1734/2341/2501 1733/2340/2500
f 1698/2298/2465 1735/2342/2502 1734/2341/2501
f 1699/2299/2466 1736/2343/2503 1735/2342/2502
f 1700/2300/2467 1737/2344/2504 1736/2343/2503
f 1701/2301/2468 1738/2345/2505 1737/2344/2504
f 1702/2302/2469 1739/2346/2506 1738/2345/2505
f 1703/2303/2470 1740/2347/2507 1739/2346/2506
f 1704/2306/2471 1741/2348/2508 1740/2349/2507
f 1705/2305/2472 1742/2350/2509 1741/2348/2508
f 1706/2307/2473 1743/2351/2510 1742/2350/2509
f 1707/2308/2474 1744/2352/2511 1743/2351/2510
f 1708/2309/2475 1745/2353/2512 1744/2352/2511
f 1709/2310/2476 1746/2354/2513 1745/2353/2512
f 1710/2311/2477 1747/2355/2514 1746/2354/2513
f 1711/2315/2478 1748/2356/2515 1747/2357/2514
f 1712/2317/2479 1749/2358/2516 1748/2359/2515
f 1714/2319/2481 1749/2360/2516 1713/2318/2480
f 1715/2320/2482 1750/2361/2517 1714/2319/2481
f 1716/2321/2483 1751/2362/2518 1715/2320/2482
f 1717/2322/2484 1752/2363/2519 1716/2321/2483
f 1718/2323/2485 1753/2364/2520 1717/2322/2484
f 1719/2324/2486 1754/2365/2521 1718/2323/2485
f 1720/2325/2487 1755/2366/2522 1719/2324/2486
f 1721/2327/2488 1756/2367/2523 1720/2325/2487
f 1722/2368/2489 1757/2369/2524 1721/2327/2488
f 1723/2329/2490 1758/2370/2525 1722/2328/2489
f 1688/2286/2455 1759/2371/2526 1723/2329/2490
f 1725/2331/2492 1760/2372/2527 1724/2330/2491
f 1726/2332/2493 1761/2373/2528 1725/2331/2492
f 1727/2333/2494 1762/2374/2529 1726/2332/2493
f 1728/2334/2495 1763/2375/2530 1727/2333/2494
f 1729/2335/2496 1764/2376/2531 1728/2334/2495
f 1730/2337/2497 1765/2377/2532 1729/2335/2496
f 1731/2378/2499 1766/2379/2533 1730/2337/2497
f 1731/2339/2499 1768/2380/2534 1767/2381/2535
f 1732/2338/2498 1769/2382/2536 1768/2380/2534
f 1733/2340/2500 1770/2383/2537 1769/2382/2536
f 1734/2341/2501 1771/2384/2538 1770/2383/2537
f 1735/2342/2502 1772/2385/2539 1771/2384/2538
f 1736/2343/2503 1773/2386/2540 1772/2385/2539
f 1737/2344/2504 1774/2387/2541 1773/2386/2540
f 1738/2345/2505 1775/2388/2542 1774/2387/2541
f 1739/2346/2506 1776/2389/2543 1775/2388/2542
f 1740/2349/2507 1777/2390/2544 1776/2391/2543
f 1741/2348/2508 1778/2392/2545 1777/2390/2544
f 1742/2350/2509 1779/2393/2546 1778/2392/2545
f 1743/2351/2510 1780/2394/2547 1779/2393/2546
f 1744/2352/2511 1781/2395/2548 1780/2394/2547
f 1745/2353/2512 1782/2396/2549 1781/2395/2548
f 1746/2354/2513 1783/2397/2550 1782/2396/2549
f 1747/2355/2514 1784/2398/2551 1783/2397/2550
f 1748/2359/2515 1785/2399/2552 1784/2398/2551
f 1750/2361/2517 1785/2400/2552 1749/2360/2516
f 1751/2362/2518 1786/2401/2553 1750/2361/2517
f 1752/2363/2519 1787/2402/2554 1751/2362/2518
f 1753/2364/2520 1788/2403/2555 1752/2363/2519
f 1754/2365/2521 1789/2404/2556 1753/2364/2520
f 1755/2366/2522 1790/2405/2557 1754/2365/2521
f 1756/2367/2523 1791/2406/2558 1755/2366/2522
f 1757/2369/2524 1792/2407/2559 1756/2367/2523
f 1758/2408/2525 1793/2409/2560 1757/2369/2524
f 1759/2371/2526 1794/2410/2561 1758/2370/2525
f 1724/2330/2491 1795/2411/2562 1759/2371/2526
f 1761/2373/2528 1796/2412/2563 1760/2372/2527
f 1762/2374/2529 1797/2413/2564 1761/2373/2528
f 1763/2375/2530 1798/2414/2565 1762/2374/2529
f 1764/2376/2531 1799/2415/2566 1763/2375/2530
f 1765/2377/2532 1800/2416/2567 1764/2376/2531
f 1766/2379/2533 1801/2417/2568 1765/2377/2532
f 1767/2418/2535 1802/2419/2569 1766/2420/2533
f 1767/2381/2535 1804/2421/2570 1803/2422/2571
f 1768/2380/2534 1805/2423/2572 1804/2421/2570
f 1769/2382/2536 1806/2424/2573 1805/2423/2572
f 1770/2383/2537 1807/2425/2574 1806/2424/2573
f 1771/2384/2538 1808/2426/2575 1807/2425/2574
f 1772/2385/2539 1809/2427/2576 1808/2426/2575
f 1773/2386/2540 1810/2428/2577 1809/2427/2576
f 1774/2387/2541 1811/2429/2578 1810/2428/2577
f 1775/2388/2542 1812/2430/2579 1811/2429/2578
f 1776/2391/2543 1813/2431/2580 1812/2432/2579
f 1777/2390/2544 1814/2433/2581 1813/2431/2580
f 1778/2392/2545 1815/2434/2582 1814/2433/2581
f 1779/2393/2546 1816/2435/2583 1815/2434/2582
f 1780/2394/2547 1817/2436/2584 1816/2435/2583
f 1781/2395/2548 1818/2437/2585 1817/2436/2584
f 1782/2396/2549 1819/2438/2586 1818/2437/2585
f 1783/2397/2550 1820/2439/2587 1819/2438/2586
f 1784/2440/2551 1821/2441/2588 1820/2442/2587
f 1786/2401/2553 1821/2443/2588 1785/2400/2552
f 1787/2402/2554 1822/2444/2589 1786/2401/2553
f 1788/2403/2555 1823/2445/2590 1787/2402/2554
f 1789/2404/2556 1824/2446/2591 1788/2403/2555
f 1790/2405/2557 1825/2447/2592 1789/2404/2556
f 1791/2406/2558 1826/2448/2593 1790/2405/2557
f 1792/2407/2559 1827/2449/2594 1791/2406/2558
f 1793/2409/2560 1828/2450/2595 1792/2407/2559
f 1794/2451/2561 1829/2452/2596 1793/2409/2560
f 1795/2411/2562 1830/2453/2597 1794/2410/2561
f 1760/2372/2527 1831/2454/2598 1795/2411/2562
f 1797/2413/2564 1832/2455/2599 1796/2412/2563
f 1798/2414/2565 1833/2456/2600 1797/2413/2564
f 1799/2415/2566 1834/2457/2601 1798/2414/2565
f 1800/2416/2567 1835/2458/2602 1799/2415/2566
f 1801/2417/2568 1836/2459/2603 1800/2416/2567
f 1802/2460/2569 1837/2461/2604 1801/2417/2568
f 1802/2419/2569 1839/2462/2605 1838/2463/2606
f 1803/2464/2571 1840/2465/2607 1839/2462/2605
f 1804/2421/2570 1841/2466/2608 1840/2467/2607
f 1805/2423/2572 1842/2468/2609 1841/2466/2608
f 1806/2424/2573 1843/2469/2610 1842/2468/2609
f 1807/2425/2574 1844/2470/2611 1843/2469/2610
f 1808/2426/2575 1845/2471/2612 1844/2470/2611
f 1809/2427/2576 1846/2472/2613 1845/2471/2612
f 1810/2428/2577 1847/2473/2614 1846/2472/2613
f 1811/2429/2578 1848/2474/2615 1847/2473/2614
f 1812/2432/2579 1849/2475/2616 1848/2476/2615
f 1813/2431/2580 1850/2477/2617 1849/2475/2616
f 1814/2433/2581 1851/2478/2618 1850/2477/2617
f 1815/2434/2582 1852/2479/2619 1851/2478/2618
f 1816/2435/2583 1853/2480/2620 1852/2479/2619
f 1817/2436/2584 1854/2481/2621 1853/2480/2620
f 1818/2437/2585 1855/2482/2622 1854/2481/2621
f 1819/2438/2586 1856/2483/2623 1855/2482/2622
f 1820/2442/2587 1857/2484/2624 1856/2485/2623
f 1822/2486/2589 1857/2484/2624 1821/2441/2588
f 1823/2445/2590 1858/2487/2625 1822/2444/2589
f 1824/2446/2591 1859/2488/2626 1823/2445/2590
f 1825/2447/2592 1860/2489/2627 1824/2446/2591
f 1826/2448/2593 1861/2490/2628 1825/2447/2592
f 1827/2449/2594 1862/2491/2629 1826/2448/2593
f 1828/2450/2595 1863/2492/2630 1827/2449/2594
f 1829/2452/2596 1864/2493/2631 1828/2450/2595
f 1830/2494/2597 1865/2495/2632 1829/2452/2596
f 1831/2454/2598 1866/2496/2633 1830/2453/2597
f 1796/2412/2563 1867/2497/2634 1831/2454/2598
f 1833/2456/2600 1868/2498/2635 1832/2455/2599
f 1834/2457/2601 1869/2499/2636 1833/2456/2600
f 1835/2458/2602 1870/2500/2637 1834/2457/2601
f 1836/2459/2603 1871/2501/2638 1835/2458/2602
f 1837/2461/2604 1872/2502/2639 1836/2459/2603
f 1838/2503/2606 1873/2504/2640 1837/2461/2604
f 1838/2463/2606 1875/2505/2641 1874/2506/2642
f 1839/2462/2605 1876/2507/2643 1875/2505/2641
f 1840/2467/2607 1877/2508/2644 1876/2509/2643
f 1841/2466/2608 1878/2510/2645 1877/2508/2644
f 1842/2468/2609 1879/2511/2646 1878/2510/2645
f 1843/2469/2610 1880/2512/2647 1879/2511/2646
f 1844/2470/2611 1881/2513/2648 1880/2512/2647
f 1845/2471/2612 1882/2514/2649 1881/2513/2648
f 1846/2472/2613 1883/2515/2650 1882/2514/2649
f 1847/2473/2614 1884/2516/2651 1883/2515/2650
f 1848/2476/2615 1885/2517/2652 1884/2518/2651
f 1849/2475/2616 1886/2519/2653 1885/2517/2652
f 1850/2477/2617 1887/2520/2654 1886/2519/2653
f 1851/2478/2618 1888/2521/2655 1887/2520/2654
f 1852/2479/2619 1889/2522/2656 1888/2521/2655
f 1853/2480/2620 1890/2523/2657 1889/2522/2656
f 1854/2481/2621 1891/2524/2658 1890/2523/2657
f 1855/2482/2622 1892/2525/2659 1891/2524/2658
f 1857/2484/2624 1892/2526/2659 1856/2485/2623
f 1858/2527/2625 1893/2528/2660 1857/2484/2624
f 1859/2488/2626 1894/2529/2661 1858/2487/2625
f 1860/2489/2627 1895/2530/2662 1859/2488/2626
f 1861/2490/2628 1896/2531/2663 1860/2489/2627
f 1862/2491/2629 1897/2532/2664 1861/2490/2628
f 1863/2492/2630 1898/2533/2665 1862/2491/2629
f 1864/2493/2631 1899/2534/2666 1863/2492/2630
f 1865/2495/2632 1900/2535/2667 1864/2493/2631
f 1866/2536/2633 1901/2537/2668 1865/2495/2632
f 1867/2497/2634 1902/2538/2669 1866/2496/2633
f 1832/2455/2599 1903/2539/2670 1867/2497/2634
f 1869/2499/2636 1904/2540/2671 1868/2498/2635
f 1870/2500/2637 1905/2541/2672 1869/2499/2636
f 1871/2501/2638 1906/2542/2673 1870/2500/2637
f 1872/2502/2639 1907/2543/2674 1871/2501/2638
f 1873/2504/2640 1908/2544/2675 1872/2502/2639
f 1874/2545/2642 1909/2546/2676 1873/2504/2640
f 1874/2506/2642 1911/2547/2677 1910/2548/2678
f 1875/2505/2641 1912/2549/2679 1911/2547/2677
f 1876/2507/2643 1913/2550/2680 1912/2549/2679
f 1877/2508/2644 1914/2551/2681 1913/2552/2680
f 1878/2510/2645 1915/2553/2682 1914/2551/2681
f 1879/2511/2646 1916/2554/2683 1915/2553/2682
f 1880/2512/2647 1917/2555/2684 1916/2554/2683
f 1881/2513/2648 1918/2556/2685 1917/2555/2684
f 1882/2514/2649 1919/2557/2686 1918/2556/2685
f 1883/2515/2650 1920/2558/2687 1919/2557/2686
f 1884/2518/2651 1921/2559/2688 1920/2560/2687
f 1885/2517/2652 1922/2561/2689 1921/2559/2688
f 1886/2519/2653 1923/2562/2690 1922/2561/2689
f 1887/2520/2654 1924/2563/2691 1923/2562/2690
f 1888/2521/2655 1925/2564/2692 1924/2563/2691
f 1889/2522/2656 1926/2565/2693 1925/2564/2692
f 1890/2523/2657 1927/2566/2694 1926/2565/2693
f 1891/2524/2658 1928/2567/2695 1927/2566/2694
f 1893/2528/2660 1928/2568/2695 1892/2526/2659
f 1894/2569/2661 1929/2570/2696 1893/2528/2660
f 1895/2571/2662 1930/2572/2697 1894/2569/2661
f 1896/2531/2663 1931/2573/2698 1895/2530/2662
f 1897/2532/2664 1932/2574/2699 1896/2531/2663
f 1898/2533/2665 1933/2575/2700 1897/2532/2664
f 1899/2534/2666 1934/2576/2701 1898/2533/2665
f 1900/2535/2667 1935/2577/2702 1899/2534/2666
f 1901/2537/2668 1936/2578/2703 1900/2535/2667
f 1902/2538/2669 1937/2579/2704 1901/2580/2668
f 1903/2539/2670 1938/2581/2705 1902/2538/2669
f 1868/2498/2635 1939/2582/2706 1903/2539/2670
f 1905/2541/2672 1940/2583/2707 1904/2540/2671
f 1906/2542/2673 1941/2584/2708 1905/2541/2672
f 1907/2543/2674 1942/2585/2709 1906/2542/2673
f 1908/2544/2675 1943/2586/2710 1907/2543/2674
f 1909/2546/2676 1944/2587/2711 1908/2544/2675
f 1910/2588/2678 1945/2589/2712 1909/2546/2676
f 1910/2548/2678 1947/2590/2713 1946/2591/2714
f 1911/2547/2677 1948/2592/2715 1947/2590/2713
f 1912/2549/2679 1949/2593/2716 1948/2592/2715
f 1913/2550/2680 1950/2594/2717 1949/2593/2716
f 1914/2551/2681 1951/2595/2718 1950/2596/2717
f 1915/2553/2682 1952/2597/2719 1951/2595/2718
f 1916/2554/2683 1953/2598/2720 1952/2597/2719
f 1917/2555/2684 1954/2599/2721 1953/2598/2720
f 1918/2556/2685 1955/2600/2722 1954/2599/2721
f 1919/2601/2686 1956/2602/2723 1955/2603/2722
f 1920/2560/2687 1957/2604/2724 1956/2602/2723
f 1921/2559/2688 1958/2605/2725 1957/2604/2724
f 1922/2561/2689 1959/2606/2726 1958/2605/2725
f 1923/2562/2690 1960/2607/2727 1959/2606/2726
f 1924/2563/2691 1961/2608/2728 1960/2607/2727
f 1925/2564/2692 1962/2609/2729 1961/2608/2728
f 1926/2565/2693 1963/2610/2730 1962/2609/2729
f 1927/2566/2694 1964/2611/2731 1963/2610/2730
f 1929/2570/2696 1964/2612/2731 1928/2568/2695
f 1930/2572/2697 1965/2613/2732 1929/2570/2696
f 1931/2614/2698 1966/2615/2733 1930/2572/2697
f 1932/2574/2699 1967/2616/2734 1931/2573/2698
f 1933/2575/2700 1968/2617/2735 1932/2574/2699
f 1934/2576/2701 1969/2618/2736 1933/2575/2700
f 1935/2577/2702 1970/2619/2737 1934/2576/2701
f 1936/2578/2703 1971/2620/2738 1935/2577/2702
f 1937/2621/2704 1972/2622/2739 1936/2578/2703
f 1938/2623/2705 1973/2624/2740 1937/2621/2704
f 1939/2582/2706 1974/2625/2741 1938/2581/2705
f 1904/2540/2671 1975/2626/2742 1939/2582/2706
f 1941/2584/2708 1976/2627/2743 1940/2583/2707
f 1942/2585/2709 1977/2628/2744 1941/2584/2708
f 1943/2586/2710 1978/2629/2745 1942/2585/2709
f 1944/2587/2711 1979/2630/2746 1943/2586/2710
f 1945/2589/2712 1980/2631/2747 1944/2587/2711
f 1946/2632/2714 1981/2633/2748 1945/2589/2712
f 1946/2591/2714 1983/2634/2749 1982/2635/2750
f 1947/2590/2713 1984/2636/2751 1983/2634/2749
f 1948/2592/2715 1985/2637/2752 1984/2636/2751
f 1949/2593/2716 1986/2638/2753 1985/2637/2752
f 1950/2596/2717 1987/2639/2754 1986/2640/2753
f 1951/2595/2718 1988/2641/2755 1987/2639/2754
f 1952/2597/2719 1989/2642/2756 1988/2641/2755
f 1953/2598/2720 1990/2643/2757 1989/2642/2756
f 1954/2599/2721 1991/2644/2758 1990/2643/2757
f 1955/2603/2722 1992/2645/2759 1991/2646/2758
f 1956/2602/2723 1993/2647/2760 1992/2645/2759
f 1957/2604/2724 1994/2648/2761 1993/2647/2760
f 1958/2605/2725 1995/2649/2762 1994/2648/2761
f 1959/2606/2726 1996/2650/2763 1995/2649/2762
f 1960/2607/2727 1997/2651/2764 1996/2650/2763
f 1961/2608/2728 1998/2652/2765 1997/2651/2764
f 1962/2609/2729 1999/2653/2766 1998/2652/2765
f 1963/2610/2730 2000/2654/2767 1999/2653/2766
f 1965/2613/2732 2000/2655/2767 1964/2612/2731
f 1966/2615/2733 2001/2656/2768 1965/2613/2732
f 1967/2657/2734 2002/2658/2769 1966/2615/2733
f 1968/2659/2735 2003/2660/2770 1967/2657/2734
f 1969/2618/2736 2004/2661/2771 1968/2617/2735
f 1970/2619/2737 2005/2662/2772 1969/2618/2736
f 1971/2620/2738 2006/2663/2773 1970/2619/2737
f 1972/2622/2739 2007/2664/2774 1971/2620/2738
f 1973/2624/2740 2008/2665/2775 1972/2622/2739
f 1974/2666/2741 2009/2667/2776 1973/2624/2740
f 1975/2626/2742 2010/2668/2777 1974/2625/2741
f 1940/2583/2707 2011/2669/2778 1975/2626/2742
f 1977/2628/2744 2012/2670/2779 1976/2627/2743
f 1978/2629/2745 2013/2671/2780 1977/2628/2744
f 1979/2630/2746 2014/2672/2781 1978/2629/2745
f 1980/2631/2747 2015/2673/2782 1979/2630/2746
f 1981/2633/2748 2016/2674/2783 1980/2631/2747
f 1982/2675/2750 2017/2676/2784 1981/2633/2748
f 1982/2635/2750 2019/2677/2785 2018/2678/2786
f 1983/2634/2749 2020/2679/2787 2019/2677/2785
f 1984/2636/2751 2021/2680/2788 2020/2679/2787
f 1985/2637/2752 2022/2681/2789 2021/2680/2788
f 1986/2638/2753 2023/2682/2790 2022/2681/2789
f 1987/2639/2754 2024/2683/2791 2023/2684/2790
f 1988/2641/2755 2025/2685/2792 2024/2683/2791
f 1989/2642/2756 2026/2686/2793 2025/2685/2792
f 1990/2643/2757 2027/2687/2794 2026/2686/2793
f 1991/2646/2758 2028/2688/2795 2027/2689/2794
f 1992/2645/2759 2029/2690/2796 2028/2688/2795
f 1993/2647/2760 2030/2691/2797 2029/2690/2796
f 1994/2648/2761 2031/2692/2798 2030/2691/2797
f 1995/2649/2762 2032/2693/2799 2031/2692/2798
f 1996/2650/2763 2033/2694/2800 2032/2693/2799
f 1997/2651/2764 2034/2695/2801 2033/2694/2800
f 1998/2652/2765 2035/2696/2802 2034/2695/2801
f 2000/2655/2767 2035/2697/2802 1999/2698/2766
f 2001/2656/2768 2036/2699/2803 2000/2655/2767
f 2001/2656/2768 2038/2700/2804 2037/2701/2805
f 2003/2660/2770 2038/2700/2804 2002/2658/2769
f 2004/2702/2771 2039/2703/2806 2003/2660/2770
f 2005/2662/2772 2040/2704/2807 2004/2661/2771
f 2006/2663/2773 2041/2705/2808 2005/2662/2772
f 2007/2664/2774 2042/2706/2809 2006/2663/2773
f 2008/2665/2775 2043/2707/2810 2007/2664/2774
f 2009/2667/2776 2044/2708/2811 2008/2665/2775
f 2010/2709/2777 2045/2710/2812 2009/2667/2776
f 2011/2669/2778 2046/2711/2813 2010/2668/2777
f 1976/2627/2743 2047/2712/2814 2011/2669/2778
f 2013/2671/2780 2048/2713/2815 2012/2670/2779
f 2014/2672/2781 2049/2714/2816 2013/2671/2780
f 2015/2673/2782 2050/2715/2817 2014/2672/2781
f 2016/2674/2783 2051/2716/2818 2015/2673/2782
f 2017/2676/2784 2052/2717/2819 2016/2674/2783
f 2018/2718/2786 2053/2719/2820 2017/2676/2784
f 2018/2678/2786 2055/2720/2821 2054/2721/2822
f 2019/2677/2785 2056/2722/2823 2055/2720/2821
f 2020/2679/2787 2057/2723/2824 2056/2722/2823
f 2021/2680/2788 2058/2724/2825 2057/2723/2824
f 2022/2681/2789 2059/2725/2826 2058/2724/2825
f 2023/2682/2790 2060/2726/2827 2059/2725/2826
f 2024/2683/2791 2061/2727/2828 2060/2728/2827
f 2025/2685/2792 2062/2729/2829 2061/2727/2828
f 2026/2686/2793 2063/2730/2830 2062/2729/2829
f 2027/2687/2794 2064/2731/2831 2063/2730/2830
f 2028/2688/2795 2065/2732/2832 2064/2733/2831
f 2029/2690/2796 2066/2734/2833 2065/2732/2832
f 2030/2691/2797 2067/2735/2834 2066/2734/2833
f 2031/2692/2798 2068/2736/2835 2067/2735/2834
f 2032/2693/2799 2069/2737/2836 2068/2736/2835
f 2033/2694/2800 2070/2738/2837 2069/2737/2836
f 2034/2695/2801 2071/2739/2838 2070/2738/2837
f 2036/2699/2803 2071/2740/2838 2035/2697/2802
f 2037/2701/2805 2072/2741/2839 2036/2699/2803
f 2037/2701/2805 2074/2742/2840 2073/2743/2841
f 2039/2703/2806 2074/2742/2840 2038/2700/2804
f 2040/2744/2807 2075/2745/2842 2039/2703/2806
f 2041/2746/2808 2076/2747/2843 2040/2744/2807
f 2042/2748/2809 2077/2749/2844 2041/2746/2808
f 2043/2707/2810 2078/2750/2845 2042/2706/2809
f 2044/2708/2811 2079/2751/2846 2043/2707/2810
f 2045/2710/2812 2080/2752/2847 2044/2708/2811
f 2046/2753/2813 2081/2754/2848 2045/2710/2812
f 2047/2712/2814 2082/2755/2849 2046/2711/2813
f 2012/2670/2779 2083/2756/2850 2047/2712/2814
f 2049/2714/2816 2084/2757/2851 2048/2713/2815
f 2050/2715/2817 2085/2758/2852 2049/2714/2816
f 2051/2716/2818 2086/2759/2853 2050/2715/2817
f 2052/2717/2819 2087/2760/2854 2051/2716/2818
f 2053/2719/2820 2088/2761/2855 2052/2717/2819
f 2054/2721/2822 2089/2762/2856 2053/2763/2820
f 2054/2721/2822 2091/2764/2857 2090/2765/2858
f 2055/2720/2821 2092/2766/2859 2091/2764/2857
f 2056/2722/2823 2093/2767/2860 2092/2766/2859
f 2057/2723/2824 2094/2768/2861 2093/2767/2860
f 2058/2724/2825 2095/2769/2862 2094/2768/2861
f 2059/2725/2826 2096/2770/2863 2095/2769/2862
f 2060/2726/2827 2097/2771/2864 2096/2770/2863
f 2061/2727/2828 2098/2772/2865 2097/2773/2864
f 2062/2729/2829 2099/2774/2866 2098/2772/2865
f 2063/2730/2830 2100/2775/2867 2099/2774/2866
f 2064/2733/2831 2101/2776/2868 2100/2777/2867
f 2065/2732/2832 2102/2778/2869 2101/2776/2868
f 2066/2734/2833 2103/2779/2870 2102/2778/2869
f 2067/2735/2834 2104/2780/2871 2103/2779/2870
f 2068/2736/2835 2105/2781/2872 2104/2780/2871
f 2069/2737/2836 2106/2782/2873 2105/2781/2872
f 2070/2783/2837 2107/2784/2874 2106/2785/2873
f 2071/2740/2838 2108/2786/2875 2107/2784/2874
f 2073/2743/2841 2108/2786/2875 2072/2741/2839
f 2074/2742/2840 2109/2787/2876 2073/2743/2841
f 2075/2745/2842 2110/2788/2877 2074/2742/2840
f 2076/2747/2843 2111/2789/2878 2075/2745/2842
f 2077/2749/2844 2112/2790/2879 2076/2747/2843
f 2078/2791/2845 2113/2792/2880 2077/2749/2844
f 2079/2793/2846 2114/2794/2881 2078/2791/2845
f 2080/2795/2847 2115/2796/2882 2079/2793/2846
f 2081/2754/2848 2116/2797/2883 2080/2752/2847
f 2082/2798/2849 2117/2799/2884 2081/2754/2848
f 2083/2756/2850 2118/2800/2885 2082/2755/2849
f 2048/2713/2815 2119/2801/2886 2083/2756/2850
f 2085/2758/2852 2120/2802/2887 2084/2757/2851
f 2086/2759/2853 2121/2803/2888 2085/2758/2852
f 2087/2760/2854 2122/2804/2889 2086/2759/2853
f 2088/2761/2855 2123/2805/2890 2087/2760/2854
f 2089/2806/2856 2124/2807/2891 2088/2761/2855
f 2090/2765/2858 2125/2808/2892 2089/2762/2856
f 2091/2764/2857 2126/2809/2893 2090/2765/2858
f 2091/2764/2857 2128/2810/2894 2127/2811/2895
f 2092/2766/2859 2129/2812/2896 2128/2810/2894
f 2093/2767/2860 2130/2813/2897 2129/2812/2896
f 2094/2768/2861 2131/2814/2898 2130/2813/2897
f 2095/2769/2862 2132/2815/2899 2131/2814/2898
f 2096/2770/2863 2133/2816/2900 2132/2815/2899
f 2097/2773/2864 2134/2817/2901 2133/2818/2900
f 2098/2772/2865 2135/2819/2902 2134/2817/2901
f 2099/2774/2866 2136/2820/2903 2135/2819/2902
f 2100/2777/2867 2137/2821/2904 2136/2822/2903
f 2101/2776/2868 2138/2823/2905 2137/2821/2904
f 2102/2778/2869 2139/2824/2906 2138/2823/2905
f 2103/2779/2870 2140/2825/2907 2139/2824/2906
f 2104/2780/2871 2141/2826/2908 2140/2825/2907
f 2105/2781/2872 2142/2827/2909 2141/2826/2908
f 2106/2782/2873 2143/2828/2910 2142/2827/2909
f 2107/2784/2874 2144/2829/2911 2143/2830/2910
f 2108/2786/2875 2145/2831/2912 2144/2829/2911
f 2110/2788/2877 2145/2831/2912 2109/2787/2876
f 2111/2789/2878 2146/2832/2913 2110/2788/2877
f 2112/2790/2879 2147/2833/2914 2111/2789/2878
f 2113/2792/2880 2148/2834/2915 2112/2790/2879
f 2114/2794/2881 2149/2835/2916 2113/2792/2880
f 2115/2796/2882 2150/2836/2917 2114/2794/2881
f 2116/2837/2883 2151/2838/2918 2115/2796/2882
f 2117/2799/2884 2152/2839/2919 2116/2797/2883
f 2118/2840/2885 2153/2841/2920 2117/2799/2884
f 2119/2801/2886 2154/2842/2921 2118/2800/2885
f 2084/2757/2851 2155/2843/2922 2119/2801/2886
f 2121/2803/2888 2156/2844/2923 2120/2802/2887
f 2122/2804/2889 2157/2845/2924 2121/2803/2888
f 2123/2805/2890 2158/2846/2925 2122/2804/2889
f 2124/2807/2891 2159/2847/2926 2123/2805/2890
f 2125/2808/2892 2160/2848/2927 2124/2849/2891
f 2126/2809/2893 2161/2850/2928 2125/2808/2892
f 2126/2809/2893 2163/2851/2929 2162/2852/2930
f 2127/2811/2895 2164/2853/2931 2163/2851/2929
f 2128/2810/2894 2165/2854/2932 2164/2853/2931
f 2129/2812/2896 2166/2855/2933 2165/2854/2932
f 2130/2813/2897 2167/2856/2934 2166/2855/2933
f 2131/2814/2898 2168/2857/2935 2167/2856/2934
f 2132/2815/2899 2169/2858/2936 2168/2857/2935
f 2133/2859/2900 2170/2860/2937 2169/2861/2936
f 2134/2862/2901 2171/2863/2938 2170/2860/2937
f 2135/2864/2902 2172/2865/2939 2171/2863/2938
f 2136/2822/2903 2173/2866/2940 2172/2865/2939
f 2137/2821/2904 2174/2867/2941 2173/2866/2940
f 2138/2823/2905 2175/2868/2942 2174/2867/2941
f 2139/2824/2906 2176/2869/2943 2175/2868/2942
f 2140/2825/2907 2177/2870/2944 2176/2869/2943
f 2141/2826/2908 2178/2871/2945 2177/2870/2944
f 2142/2827/2909 2179/2872/2946 2178/2871/2945
f 2143/2830/2910 2180/2873/2947 2179/2874/2946
f 2145/2831/2912 2180/2873/2947 2144/2829/2911
f 2146/2832/2913 2181/2875/2948 2145/2831/2912
f 2147/2833/2914 2182/2876/2949 2146/2832/2913
f 2148/2834/2915 2183/2877/2950 2147/2833/2914
f 2149/2835/2916 2184/2878/2951 2148/2834/2915
f 2150/2836/2917 2185/2879/2952 2149/2835/2916
f 2151/2838/2918 2186/2880/2953 2150/2836/2917
f 2152/2881/2919 2187/2882/2954 2151/2838/2918
f 2153/2841/2920 2188/2883/2955 2152/2839/2919
f 2154/2842/2921 2189/2884/2956 2153/2885/2920
f 2155/2843/2922 2190/2886/2957 2154/2842/2921
f 2120/2802/2887 2191/2887/2958 2155/2843/2922
f 2157/2845/2924 2192/2888/2959 2156/2844/2923
f 2158/2846/2925 2193/2889/2960 2157/2845/2924
f 2159/2847/2926 2194/2890/2961 2158/2846/2925
f 2160/2891/2927 2195/2892/2962 2159/2847/2926
f 2161/2850/2928 2196/2893/2963 2160/2848/2927
f 2161/2850/2928 2198/2894/2964 2197/2895/2965
f 2162/2852/2930 2199/2896/2966 2198/2894/2964
f 2163/2851/2929 2200/2897/2967 2199/2896/2966
f 2164/2853/2931 2201/2898/2968 2200/2897/2967
f 2165/2854/2932 2202/2899/2969 2201/2898/2968
f 2166/2855/2933 2203/2900/2970 2202/2899/2969
f 2167/2856/2934 2204/2901/2971 2203/2900/2970
f 2168/2857/2935 2205/2902/2972 2204/2901/2971
f 2169/2861/2936 2206/2903/2973 2205/2904/2972
f 2170/2860/2937 2207/2905/2974 2206/2903/2973
f 2171/2863/2938 2208/2906/2975 2207/2905/2974
f 2172/2865/2939 2209/2907/2976 2208/2906/2975
f 2173/2866/2940 2210/2908/2977 2209/2907/2976
f 2174/2867/2941 2211/2909/2978 2210/2908/2977
f 2175/2868/2942 2212/2910/2979 2211/2909/2978
f 2176/2869/2943 2213/2911/2980 2212/2910/2979
f 2177/2870/2944 2214/2912/2981 2213/2911/2980
f 2178/2871/2945 2215/2913/2982 2214/2912/2981
f 2179/2874/2946 2216/2914/2983 2215/2915/2982
f 2181/2875/2948 2216/2914/2983 2180/2873/2947
f 2182/2876/2949 2217/2916/2984 2181/2875/2948
f 2183/2877/2950 2218/2917/2985 2182/2876/2949
f 2184/2878/2951 2219/2918/2986 2183/2877/2950
f 2185/2879/2952 2220/2919/2987 2184/2878/2951
f 2186/2880/2953 2221/2920/2988 2185/2879/2952
f 2187/2882/2954 2222/2921/2989 2186/2880/2953
f 2188/2922/2955 2223/2923/2990 2187/2924/2954
f 2189/2884/2956 2224/2925/2991 2188/2922/2955
f 2190/2886/2957 2225/2926/2992 2189/2884/2956
f 2191/2887/2958 2226/2927/2993 2190/2886/2957
f 2156/2844/2923 2227/2928/2994 2191/2887/2958
f 2193/2889/2960 2228/2929/2995 2192/2888/2959
f 2194/2890/2961 2229/2930/2996 2193/2889/2960
f 2195/2892/2962 2230/2931/2997 2194/2890/2961
f 2196/2932/2963 2231/2933/2998 2195/2892/2962
f 2197/2934/2965 2232/2935/2999 2196/2932/2963
f 2197/2895/2965 2234/2936/3000 2233/2937/3001
f 2198/2894/2964 2235/2938/3002 2234/2936/3000
f 2199/2896/2966 2236/2939/3003 2235/2938/3002
f 2200/2897/2967 2237/2940/3004 2236/2939/3003
f 2201/2898/2968 2238/2941/3005 2237/2940/3004
f 2202/2899/2969 2239/2942/3006 2238/2941/3005
f 2203/2900/2970 2240/2943/3007 2239/2942/3006
f 2204/2901/2971 2241/2944/3008 2240/2943/3007
f 2205/2904/2972 2242/2945/3009 2241/2946/3008
f 2206/2903/2973 2243/2947/3010 2242/2945/3009
f 2207/2905/2974 2244/2948/3011 2243/2947/3010
f 2208/2906/2975 2245/2949/3012 2244/2948/3011
f 2209/2907/2976 2246/2950/3013 2245/2949/3012
f 2210/2908/2977 2247/2951/3014 2246/2950/3013
f 2211/2909/2978 2248/2952/3015 2247/2951/3014
f 2212/2910/2979 2249/2953/3016 2248/2952/3015
f 2213/2911/2980 2250/2954/3017 2249/2953/3016
f 2214/2912/2981 2251/2955/3018 2250/2954/3017
f 2216/2914/2983 2251/2956/3018 2215/2915/2982
f 2217/2916/2984 2252/2957/3019 2216/2914/2983
f 2218/2917/2985 2253/2958/3020 2217/2916/2984
f 2219/2918/2986 2254/2959/3021 2218/2917/2985
f 2220/2919/2987 2255/2960/3022 2219/2918/2986
f 2221/2920/2988 2256/2961/3023 2220/2919/2987
f 2222/2921/2989 2257/2962/3024 2221/2920/2988
f 2223/2963/2990 2258/2964/3025 2222/2921/2989
f 2224/2965/2991 2259/2966/3026 2223/2963/2990
f 2225/2926/2992 2260/2967/3027 2224/2925/2991
f 2226/2927/2993 2261/2968/3028 2225/2926/2992
f 2227/2928/2994 2262/2969/3029 2226/2927/2993
f 2192/2888/2959 2263/2970/3030 2227/2928/2994
f 2229/2930/2996 2264/2971/3031 2228/2929/2995
f 2230/2931/2997 2265/2972/3032 2229/2930/2996
f 2231/2933/2998 2266/2973/3033 2230/2931/2997
f 2232/2935/2999 2267/2974/3034 2231/2933/2998
f 2233/2975/3001 2268/2976/3035 2232/2935/2999
f 2233/2937/3001 2270/2977/3036 2269/2978/3037
f 2234/2936/3000 2271/2979/3038 2270/2977/3036
f 2235/2938/3002 2272/2980/3039 2271/2979/3038
f 2236/2939/3003 2273/2981/3040 2272/2980/3039
f 2237/2940/3004 2274/2982/3041 2273/2981/3040
f 2238/2941/3005 2275/2983/3042 2274/2982/3041
f 2239/2942/3006 2276/2984/3043 2275/2983/3042
f 2240/2943/3007 2277/2985/3044 2276/2984/3043
f 2241/2946/3008 2278/2986/3045 2277/2987/3044
f 2242/2945/3009 2279/2988/3046 2278/2986/3045
f 2243/2947/3010 2280/2989/3047 2279/2988/3046
f 2244/2948/3011 2281/2990/3048 2280/2989/3047
f 2245/2949/3012 2282/2991/3049 2281/2990/3048
f 2246/2950/3013 2283/2992/3050 2282/2991/3049
f 2247/2951/3014 2284/2993/3051 2283/2992/3050
f 2248/2952/3015 2285/2994/3052 2284/2993/3051
f 2249/2953/3016 2286/2995/3053 2285/2994/3052
f 2250/2954/3017 2287/2996/3054 2286/2995/3053
f 2252/2957/3019 2287/2997/3054 2251/2956/3018
f 2253/2958/3020 2288/2998/3055 2252/2957/3019
f 2254/2959/3021 2289/2999/3056 2253/2958/3020
f 2255/2960/3022 2290/3000/3057 2254/2959/3021
f 2256/2961/3023 2291/3001/3058 2255/2960/3022
f 2257/2962/3024 2292/3002/3059 2256/2961/3023
f 2258/2964/3025 2293/3003/3060 2257/2962/3024
f 2259/3004/3026 2294/3005/3061 2258/3006/3025
f 2260/2967/3027 2295/3007/3062 2259/3004/3026
f 2261/2968/3028 2296/3008/3063 2260/2967/3027
f 2262/2969/3029 2297/3009/3064 2261/2968/3028
f 2263/2970/3030 2298/3010/3065 2262/2969/3029
f 2228/2929/2995 2299/3011/3066 2263/2970/3030
f 2265/2972/3032 2300/3012/3067 2264/2971/3031
f 2266/2973/3033 2301/3013/3068 2265/2972/3032
f 2267/2974/3034 2302/3014/3069 2266/2973/3033
f 2268/2976/3035 2303/3015/3070 2267/2974/3034
f 2268/3016/3035 2305/3017/3071 2304/3018/3072
f 2269/2978/3037 2306/3019/3073 2305/3017/3071
f 2270/2977/3036 2307/3020/3074 2306/3019/3073
f 2271/2979/3038 2308/3021/3075 2307/3020/3074
f 2272/2980/3039 2309/3022/3076 2308/3021/3075
f 2273/2981/3040 2310/3023/3077 2309/3022/3076
f 2274/2982/3041 2311/3024/3078 2310/3023/3077
f 2275/2983/3042 2312/3025/3079 2311/3024/3078
f 2276/2984/3043 2313/3026/3080 2312/3025/3079
f 2277/2987/3044 2314/3027/3081 2313/3028/3080
f 2278/2986/3045 2315/3029/3082 2314/3027/3081
f 2279/2988/3046 2316/3030/3083 2315/3029/3082
f 2280/2989/3047 2317/3031/3084 2316/3030/3083
f 2281/2990/3048 2318/3032/3085 2317/3031/3084
f 2282/2991/3049 2319/3033/3086 2318/3032/3085
f 2283/2992/3050 2320/3034/3087 2319/3033/3086
f 2285/2994/3052 2320/3034/3087 2284/2993/3051
f 2286/2995/3053 2321/3035/3088 2285/2994/3052
f 2287/2996/3054 2322/3036/3089 2286/2995/3053
f 2288/2998/3055 2323/3037/3090 2287/2997/3054
f 2289/2999/3056 2324/3038/3091 2288/2998/3055
f 2290/3000/3057 2325/3039/3092 2289/2999/3056
f 2291/3001/3058 2326/3040/3093 2290/3000/3057
f 2292/3002/3059 2327/3041/3094 2291/3001/3058
f 2293/3003/3060 2328/3042/3095 2292/3002/3059
f 2294/3043/3061 2329/3044/3096 2293/3003/3060
f 2295/3007/3062 2330/3045/3097 2294/3005/3061
f 2296/3008/3063 2331/3046/3098 2295/3007/3062
f 2297/3009/3064 2332/3047/3099 2296/3008/3063
f 2298/3010/3065 2333/3048/3100 2297/3009/3064
f 2299/3011/3066 2334/3049/3101 2298/3010/3065
f 2264/2971/3031 2335/3050/3102 2299/3011/3066
f 2301/3013/3068 2336/3051/3103 2300/3012/3067
f 2301/3013/3068 2338/3052/3104 2337/3053/3105
f 2302/3014/3069 2339/3054/3106 2338/3052/3104
f 2303/3015/3070 2340/3055/3107 2339/3054/3106
f 2304/3018/3072 2341/3056/3108 2340/3057/3107
f 2305/3017/3071 2342/3058/3109 2341/3056/3108
f 2306/3019/3073 2343/3059/3110 2342/3058/3109
f 2308/3021/3075 2343/3059/3110 2307/3020/3074
f 2308/3021/3075 2345/3060/3111 2344/3061/3112
f 2309/3022/3076 2346/3062/3113 2345/3060/3111
f 2310/3023/3077 2347/3063/3114 2346/3062/3113
f 2311/3024/3078 2348/3064/3115 2347/3063/3114
f 2312/3025/3079 2349/3065/3116 2348/3064/3115
f 2313/3028/3080 2350/3066/3117 2349/3067/3116
f 2314/3027/3081 2351/3068/3118 2350/3066/3117
f 2316/3030/3083 2351/3068/3118 2315/3029/3082
f 2317/3031/3084 2352/3069/3119 2316/3030/3083
f 2318/3032/3085 2353/3070/3120 2317/3031/3084
f 2319/3033/3086 2354/3071/3121 2318/3032/3085
f 2320/3034/3087 2355/3072/3122 2319/3033/3086
f 2321/3035/3088 2356/3073/3123 2320/3034/3087
f 2322/3074/3089 2357/3075/3124 2321/3076/3088
f 2322/3074/3089 2359/3077/3125 2358/3078/3126
f 2324/3038/3091 2359/3077/3125 2323/3037/3090
f 2325/3039/3092 2360/3079/3127 2324/3038/3091
f 2326/3040/3093 2361/3080/3128 2325/3039/3092
f 2327/3041/3094 2362/3081/3129 2326/3040/3093
f 2328/3042/3095 2363/3082/3130 2327/3041/3094
f 2329/3044/3096 2364/3083/3131 2328/3042/3095
f 2330/3084/3097 2365/3085/3132 2329/3044/3096
f 2331/3046/3098 2366/3086/3133 2330/3045/3097
f 2332/3047/3099 2367/3087/3134 2331/3046/3098
f 2333/3048/3100 2368/3088/3135 2332/3047/3099
f 2334/3049/3101 2369/3089/3136 2333/3048/3100
f 2335/3050/3102 2370/3090/3137 2334/3049/3101
f 2300/3012/3067 2371/3091/3138 2335/3050/3102
f 2336/3051/3103 2373/3092/3139 2372/3093/3140
f 2337/3053/3105 2374/3094/3141 2373/3092/3139
f 2338/3052/3104 2375/3095/3142 2374/3094/3141
f 2339/3054/3106 2376/3096/3143 2375/3095/3142
f 2340/3057/3107 2377/3097/3144 2376/3098/3143
f 2341/3056/3108 2378/3099/3145 2377/3097/3144
f 2342/3058/3109 2379/3100/3146 2378/3099/3145
f 2344/3061/3112 2379/3100/3146 2343/3059/3110
f 2344/3061/3112 2381/3101/3147 2380/3102/3148
f 2345/3060/3111 2382/3103/3149 2381/3101/3147
f 2346/3062/3113 2383/3104/3150 2382/3103/3149
f 2347/3063/3114 2384/3105/3151 2383/3104/3150
f 2348/3064/3115 2385/3106/3152 2384/3105/3151
f 2350/3066/3117 2385/3107/3152 2349/3067/3116
f 2351/3068/3118 2386/3108/3153 2350/3066/3117
f 2352/3069/3119 2387/3109/3154 2351/3068/3118
f 2353/3070/3120 2388/3110/3155 2352/3069/3119
f 2354/3071/3121 2389/3111/3156 2353/3070/3120
f 2355/3072/3122 2390/3112/3157 2354/3071/3121
f 2356/3073/3123 2391/3113/3158 2355/3072/3122
f 2357/3114/3124 2392/3115/3159 2356/3073/3123
f 2358/3078/3126 2393/3116/3160 2357/3075/3124
f 2358/3078/3126 2395/3117/3161 2394/3118/3162
f 2360/3079/3127 2395/3117/3161 2359/3077/3125
f 2361/3080/3128 2396/3119/3163 2360/3079/3127
f 2362/3081/3129 2397/3120/3164 2361/3080/3128
f 2363/3082/3130 2398/3121/3165 2362/3081/3129
f 2364/3083/3131 2399/3122/3166 2363/3082/3130
f 2364/3083/3131 2401/3123/3167 2400/3124/3168
f 2365/3085/3132 2402/3125/3169 2401/3123/3167
f 2366/3086/3133 2403/3126/3170 2402/3127/3169
f 2367/3087/3134 2404/3128/3171 2403/3126/3170
f 2368/3088/3135 2405/3129/3172 2404/3128/3171
f 2369/3089/3136 2406/3130/3173 2405/3129/3172
f 2370/3090/3137 2407/3131/3174 2406/3130/3173
f 2371/3091/3138 2372/3093/3140 2407/3131/3174
f 2372/3093/3140 2409/3132/3175 2408/3133/3176
f 2373/3092/3139 2410/3134/3177 2409/3132/3175
f 2374/3094/3141 2411/3135/3178 2410/3134/3177
f 2375/3095/3142 2412/3136/3179 2411/3135/3178
f 2376/3098/3143 2413/3137/3180 2412/3138/3179
f 2377/3097/3144 2414/3139/3181 2413/3137/3180
f 2378/3099/3145 2415/3140/3182 2414/3139/3181
f 2379/3100/3146 2416/3141/3183 2415/3140/3182
f 2380/3102/3148 2417/3142/3184 2416/3141/3183
f 2381/3101/3147 2418/3143/3185 2417/3142/3184
f 2382/3103/3149 2419/3144/3186 2418/3143/3185
f 2384/3105/3151 2419/3144/3186 2383/3104/3150
f 2385/3107/3152 2420/3145/3187 2384/3146/3151
f 2386/3108/3153 2421/3147/3188 2385/3107/3152
f 2387/3109/3154 2422/3148/3189 2386/3108/3153
f 2388/3110/3155 2423/3149/3190 2387/3109/3154
f 2389/3111/3156 2424/3150/3191 2388/3110/3155
f 2390/3112/3157 2425/3151/3192 2389/3111/3156
f 2391/3113/3158 2426/3152/3193 2390/3112/3157
f 2392/3115/3159 2427/3153/3194 2391/3113/3158
f 2393/3154/3160 2428/3155/3195 2392/3115/3159
f 2394/3118/3162 2429/3156/3196 2393/3116/3160
f 2395/3117/3161 2430/3157/3197 2394/3118/3162
f 2396/3119/3163 2431/3158/3198 2395/3117/3161
f 2397/3120/3164 2432/3159/3199 2396/3119/3163
f 2398/3121/3165 2433/3160/3200 2397/3120/3164
f 2399/3122/3166 2434/3161/3201 2398/3121/3165
f 2400/3124/3168 2435/3162/3202 2399/3122/3166
f 2401/3123/3167 2436/3163/3203 2400/3124/3168
f 2401/3164/3167 2438/3165/3204 2437/3166/3205
f 2402/3127/3169 2439/3167/3206 2438/3165/3204
f 2403/3126/3170 2440/3168/3207 2439/3167/3206
f 2404/3128/3171 2441/3169/3208 2440/3168/3207
f 2405/3129/3172 2442/3170/3209 2441/3169/3208
f 2406/3130/3173 2443/3171/3210 2442/3170/3209
f 2407/3131/3174 2408/3133/3176 2443/3171/3210
f 2408/3133/3176 2445/3172/3211 2444/3173/3212
f 2409/3132/3175 2446/3174/3213 2445/3172/3211
f 2411/3175/3178 2446/3176/3213 2410/3177/3177
f 2411/3135/3178 2448/3178/3214 2447/3179/3215
f 2412/3138/3179 2449/3180/3216 2448/3181/3214
f 2413/3137/3180 2450/3182/3217 2449/3180/3216
f 2414/3139/3181 2451/3183/3218 2450/3182/3217
f 2415/3140/3182 2452/3184/3219 2451/3183/3218
f 2417/3142/3184 2452/3184/3219 2416/3141/3183
f 2418/3143/3185 2453/3185/3220 2417/3142/3184
f 2419/3144/3186 2454/3186/3221 2418/3143/3185
f 2420/3145/3187 2455/3187/3222 2419/3188/3186
f 2421/3147/3188 2456/3189/3223 2420/3145/3187
f 2422/3148/3189 2457/3190/3224 2421/3147/3188
f 2423/3149/3190 2458/3191/3225 2422/3148/3189
f 2424/3150/3191 2459/3192/3226 2423/3149/3190
f 2425/3151/3192 2460/3193/3227 2424/3150/3191
f 2426/3152/3193 2461/3194/3228 2425/3151/3192
f 2427/3153/3194 2462/3195/3229 2426/3152/3193
f 2428/3155/3195 2463/3196/3230 2427/3153/3194
f 2429/3197/3196 2464/3198/3231 2428/3155/3195
f 2430/3157/3197 2465/3199/3232 2429/3156/3196
f 2431/3158/3198 2466/3200/3233 2430/3157/3197
f 2432/3159/3199 2467/3201/3234 2431/3158/3198
f 2433/3160/3200 2468/3202/3235 2432/3159/3199
f 2434/3161/3201 2469/3203/3236 2433/3160/3200
f 2434/3161/3201 2471/3204/3237 2470/3205/3238
f 2435/3162/3202 2472/3206/3239 2471/3204/3237
f 2436/3163/3203 2473/3207/3240 2472/3206/3239
f 2437/3166/3205 2474/3208/3241 2473/3209/3240
f 2438/3165/3204 2475/3210/3242 2474/3208/3241
f 2439/3167/3206 2476/3211/3243 2475/3210/3242
f 2440/3168/3207 2477/3212/3244 2476/3211/3243
f 2441/3169/3208 2478/3213/3245 2477/3212/3244
f 2442/3170/3209 2479/3214/3246 2478/3213/3245
f 2443/3171/3210 2444/3173/3212 2479/3214/3246
f 2444/3173/3212 2481/3215/3247 2480/3216/3248
f 2445/3172/3211 2482/3217/3249 2481/3215/3247
f 2447/3218/3215 2482/3219/3249 2446/3176/3213
f 2447/3179/3215 2484/3220/3250 2483/3221/3251
f 2448/3181/3214 2485/3222/3252 2484/3223/3250
f 2449/3180/3216 2486/3224/3253 2485/3222/3252
f 2450/3182/3217 2487/3225/3254 2486/3224/3253
f 2451/3183/3218 2488/3226/3255 2487/3225/3254
f 2453/3185/3220 2488/3226/3255 2452/3184/3219
f 2454/3186/3221 2489/3227/3256 2453/3185/3220
f 2455/3228/3222 2490/3229/3257 2454/3186/3221
f 2456/3189/3223 2491/3230/3258 2455/3187/3222
f 2457/3190/3224 2492/3231/3259 2456/3189/3223
f 2458/3191/3225 2493/3232/3260 2457/3190/3224
f 2459/3192/3226 2494/3233/3261 2458/3191/3225
f 2460/3193/3227 2495/3234/3262 2459/3192/3226
f 2461/3194/3228 2496/3235/3263 2460/3193/3227
f 2462/3195/3229 2497/3236/3264 2461/3194/3228
f 2463/3196/3230 2498/3237/3265 2462/3195/3229
f 2464/3198/3231 2499/3238/3266 2463/3196/3230
f 2465/3239/3232 2500/3240/3267 2464/3198/3231
f 2465/3199/3232 2502/3241/3268 2501/3242/3269
f 2467/3201/3234 2502/3241/3268 2466/3200/3233
f 2468/3202/3235 2503/3243/3270 2467/3201/3234
f 2469/3203/3236 2504/3244/3271 2468/3202/3235
f 2470/3205/3238 2505/3245/3272 2469/3203/3236
f 2471/3204/3237 2506/3246/3273 2470/3205/3238
f 2471/3204/3237 2508/3247/3274 2507/3248/3275
f 2472/3206/3239 2509/3249/3276 2508/3247/3274
f 2473/3209/3240 2510/3250/3277 2509/3251/3276
f 2474/3208/3241 2511/3252/3278 2510/3250/3277
f 2475/3210/3242 2512/3253/3279 2511/3252/3278
f 2476/3211/3243 2513/3254/3280 2512/3253/3279
f 2477/3212/3244 2514/3255/3281 2513/3254/3280
f 2478/3213/3245 2515/3256/3282 2514/3255/3281
f 2479/3214/3246 2480/3216/3248 2515/3256/3282
f 2480/3216/3248 2517/3257/3283 2516/3258/3284
f 2481/3215/3247 2518/3259/3285 2517/3257/3283
f 2482/3217/3249 2519/3260/3286 2518/3259/3285
f 2483/3221/3251 2520/3261/3287 2519/3260/3286
f 2484/3223/3250 2521/3262/3288 2520/3263/3287
f 2485/3222/3252 2522/3264/3289 2521/3262/3288
f 2486/3224/3253 2523/3265/3290 2522/3264/3289
f 2487/3225/3254 2524/3266/3291 2523/3265/3290
f 2489/3227/3256 2524/3266/3291 2488/3226/3255
f 2490/3229/3257 2525/3267/3292 2489/3227/3256
f 2491/3268/3258 2526/3269/3293 2490/3229/3257
f 2492/3231/3259 2527/3270/3294 2491/3230/3258
f 2493/3232/3260 2528/3271/3295 2492/3231/3259
f 2494/3233/3261 2529/3272/3296 2493/3232/3260
f 2495/3234/3262 2530/3273/3297 2494/3233/3261
f 2496/3235/3263 2531/3274/3298 2495/3234/3262
f 2497/3236/3264 2532/3275/3299 2496/3235/3263
f 2498/3237/3265 2533/3276/3300 2497/3236/3264
f 2499/3238/3266 2534/3277/3301 2498/3237/3265
f 2500/3240/3267 2535/3278/3302 2499/3238/3266
f 2501/3279/3269 2536/3280/3303 2500/3240/3267
f 2501/3242/3269 2538/3281/3304 2537/3282/3305
f 2503/3243/3270 2538/3281/3304 2502/3241/3268
f 2504/3244/3271 2539/3283/3306 2503/3243/3270
f 2505/3245/3272 2540/3284/3307 2504/3244/3271
f 2506/3246/3273 2541/3285/3308 2505/3245/3272
f 2506/3246/3273 2543/3286/3309 2542/3287/3310
f 2507/3248/3275 2544/3288/3311 2543/3286/3309
f 2508/3247/3274 2545/3289/3312 2544/3288/3311
f 2509/3251/3276 2546/3290/3313 2545/3291/3312
f 2510/3250/3277 2547/3292/3314 2546/3290/3313
f 2511/3252/3278 2548/3293/3315 2547/3292/3314
f 2512/3253/3279 2549/3294/3316 2548/3293/3315
f 2513/3254/3280 2550/3295/3317 2549/3294/3316
f 2514/3255/3281 2551/3296/3318 2550/3295/3317
f 2515/3256/3282 2516/3258/3284 2551/3296/3318
s 267
f 861/3297/3319 860/3298/3319 2552/3299/3320
f 862/3300/3321 861/3297/3319 2552/3299/3320
f 863/3301/3321 862/3300/3321 2552/3299/3320
f 864/3302/3322 863/3301/3321 2552/3299/3320
f 865/3303/3323 864/3302/3322 2552/3299/3320
f 866/3304/3324 865/3303/3323 2552/3299/3320
f 867/3305/3320 866/3304/3324 2552/3299/3320
f 868/1374/3322 867/3305/3320 2552/3299/3320
f 869/1377/3320 868/1374/3322 2552/3299/3320
f 870/1379/3320 869/1377/3320 2552/3299/3320
f 871/1381/3320 870/1379/3320 2552/3299/3320
f 872/1383/3320 871/1381/3320 2552/3299/3320
f 873/1385/3320 872/1383/3320 2552/3299/3320
f 874/1387/3320 873/1385/3320 2552/3299/3320
f 875/1389/3320 874/1387/3320 2552/3299/3320
f 876/3306/3320 875/1389/3320 2552/3299/3320
f 877/3307/3320 876/3306/3320 2552/3299/3320
f 878/3308/3320 877/3307/3320 2552/3299/3320
f 879/3309/3321 878/3308/3320 2552/3299/3320
f 880/3310/3320 879/3309/3321 2552/3299/3320
f 881/3311/3320 880/3310/3320 2552/3299/3320
f 882/3312/3320 881/3311/3320 2552/3299/3320
f 883/3313/3320 882/3312/3320 2552/3299/3320
f 884/3314/3325 883/3313/3320 2552/3299/3320
f 885/3315/3320 884/3314/3325 2552/3299/3320
f 886/3316/3325 885/3315/3320 2552/3299/3320
f 887/3317/3324 886/3316/3325 2552/3299/3320
f 888/3318/3326 887/3317/3324 2552/3299/3320
f 889/3319/3327 888/3318/3326 2552/3299/3320
f 890/3320/3322 889/3319/3327 2552/3299/3320
f 891/3321/3328 890/3320/3322 2552/3299/3320
f 892/3322/3328 891/3321/3328 2552/3299/3320
f 893/3323/3319 892/3322/3328 2552/3299/3320
f 894/3324/3321 893/3323/3319 2552/3299/3320
f 895/3325/3320 894/3324/3321 2552/3299/3320
f 860/3298/3319 895/3325/3320 2552/3299/3320
s 268
f 2516/3326/3329 2517/3327/3330 2553/3328/3329
f 2517/3327/3330 2518/3329/3329 2553/3328/3329
f 2518/3329/3329 2519/3330/3330 2553/3328/3329
f 2519/3330/3330 2520/3331/3329 2553/3328/3329
f 2520/3331/3329 2521/3332/3329 2553/3328/3329
f 2521/3332/3329 2522/3333/3330 2553/3328/3329
f 2522/3333/3330 2523/3334/3329 2553/3328/3329
f 2523/3334/3329 2524/3335/3329 2553/3328/3329
f 2524/3335/3329 2525/3336/3329 2553/3328/3329
f 2525/3336/3329 2526/3337/3329 2553/3328/3329
f 2526/3337/3329 2527/3270/3329 2553/3328/3329
f 2527/3270/3329 2528/3271/3331 2553/3328/3329
f 2528/3271/3331 2529/3272/3329 2553/3328/3329
f 2529/3272/3329 2530/3273/3329 2553/3328/3329
f 2530/3273/3329 2531/3274/3329 2553/3328/3329
f 2531/3274/3329 2532/3275/3329 2553/3328/3329
f 2532/3275/3329 2533/3276/3329 2553/3328/3329
f 2533/3276/3329 2534/3277/3329 2553/3328/3329
f 2534/3277/3329 2535/3278/3329 2553/3328/3329
f 2535/3278/3329 2536/3280/3329 2553/3328/3329
f 2536/3280/3329 2537/3338/3329 2553/3328/3329
f 2537/3338/3329 2538/3339/3332 2553/3328/3329
f 2538/3339/3332 2539/3340/3329 2553/3328/3329
f 2539/3340/3329 2540/3341/3329 2553/3328/3329
f 2540/3341/3329 2541/3342/3329 2553/3328/3329
f 2541/3342/3329 2542/3343/3329 2553/3328/3329
f 2542/3343/3329 2543/3344/3329 2553/3328/3329
f 2543/3344/3329 2544/3345/3331 2553/3328/3329
f 2544/3345/3331 2545/3346/3329 2553/3328/3329
f 2545/3346/3329 2546/3347/3329 2553/3328/3329
f 2546/3347/3329 2547/3348/3333 2553/3328/3329
f 2547/3348/3333 2548/3349/3329 2553/3328/3329
f 2548/3349/3329 2549/3350/3329 2553/3328/3329
f 2549/3350/3329 2550/3351/3329 2553/3328/3329
f 2550/3351/3329 2551/3352/3329 2553/3328/3329
f 2551/3352/3329 2516/3326/3329 2553/3328/3329
s 269
f 2583/3353/3334 2585/3354/3335 2582/3355/3336
s 270
f 2556/3356/3337 2569/3357/3338 2560/3358/3339
s 271
f 2571/3359/3340 2565/3360/3341 2581/3361/3342
s 272
f 2566/3362/3343 2554/3363/3344 2561/3364/3345
s 273
f 2555/3365/3346 2563/3366/3347 2557/3367/3348
s 271
f 2554/3368/3349 2560/3358/3350 2561/3369/3351
f 2576/3370/3352 2560/3358/3350 2570/3371/3353
s 273
f 2562/3372/3354 2558/3373/3355 2563/3366/3347
s 271
f 2564/3374/3356 2559/3375/3357 2565/3360/3341
s 272
f 2566/3376/3343 2559/3377/3358 2562/3378/3359
f 2567/3379/3360 2562/3372/3359 2555/3365/3361
s 269
f 2584/3380/3362 2586/3381/3363 2587/3382/3364
s 270
f 2568/3383/3365 2563/3384/3366 2569/3357/3338
f 2569/3385/3338 2558/3386/3367 2564/3387/3368
s 271
f 2570/3371/3353 2577/3388/3369 2576/3370/3352
f 2575/3389/3370 2578/3390/3371 2577/3388/3369
f 2574/3391/3372 2579/3392/3373 2578/3390/3371
f 2573/3393/3374 2580/3394/3375 2579/3392/3373
f 2572/3395/3376 2581/3361/3342 2580/3394/3375
s 270
f 2569/3357/3338 2573/3393/3377 2574/3391/3378
s 272
f 2566/3362/3343 2579/3396/3379 2580/3397/3380
s 274
f 2567/3379/3381 2582/3398/3382 2554/3363/3383
s 275
f 2568/3383/3384 2585/3399/3385 2584/3400/3386
s 276
f 2556/3356/3387 2582/3401/3388 2585/3399/3389
s 277
f 2555/3365/3390 2583/3402/3391 2567/3379/3392
s 278
f 2557/3367/3393 2586/3381/3394 2555/3365/3395
s 279
f 2557/3403/3396 2584/3400/3397 2587/3404/3398
s 280
f 2617/3405/3399 2619/3406/3400 2616/3407/3401
s 281
f 2590/3408/3402 2603/3409/3403 2594/3410/3404
s 282
f 2605/3411/3405 2599/3412/3406 2615/3413/3407
s 283
f 2600/3414/3408 2588/3415/3409 2595/3416/3410
s 284
f 2589/3417/3411 2597/3418/3412 2591/3419/3413
s 282
f 2588/3420/3414 2594/3421/3415 2595/3422/3416
f 2610/3423/3417 2594/3421/3415 2604/3424/3418
s 284
f 2596/3425/3419 2592/3426/3420 2597/3418/3412
s 282
f 2598/3427/3421 2593/3428/3422 2599/3429/3406
s 283
f 2600/3414/3408 2593/3430/3423 2596/3431/3424
f 2601/3432/3425 2596/3431/3424 2589/3433/3426
s 280
f 2618/3434/3427 2620/3435/3428 2621/3436/3429
s 281
f 2602/3437/3430 2597/3438/3431 2603/3409/3403
f 2603/3409/3403 2592/3439/3432 2598/3440/3433
s 282
f 2604/3424/3418 2611/3441/3434 2610/3423/3417
f 2609/3442/3435 2612/3443/3436 2611/3441/3434
f 2608/3444/3437 2613/3445/3438 2612/3443/3436
f 2607/3446/3439 2614/3447/3440 2613/3445/3438
f 2606/3448/3441 2615/3413/3407 2614/3447/3440
s 281
f 2603/3409/3403 2607/3449/3442 2608/3450/3443
s 283
f 2600/3414/3408 2612/3451/3444 2613/3452/3445
s 285
f 2601/3432/3446 2616/3453/3447 2588/3415/3448
s 286
f 2590/3408/3449 2618/3454/3450 2602/3437/3451
s 287
f 2590/3455/3452 2616/3456/3453 2619/3457/3454
s 288
f 2589/3433/3455 2617/3458/3456 2601/3432/3457
s 289
f 2591/3419/3458 2620/3435/3459 2589/3417/3460
s 290
f 2591/3459/3461 2618/3454/3462 2621/3460/3463
s 291
f 2651/3461/3464 2653/3462/3465 2650/3463/3466
s 292
f 2636/3464/3467 2628/3465/3468 2624/3466/3469
s 293
f 2639/3467/3470 2633/3468/3471 2649/3469/3472
s 294
f 2629/3470/3473 2635/3471/3474 2622/3472/3475
s 295
f 2630/3473/3476 2625/3474/3477 2623/3475/3477
s 293
f 2629/3476/3478 2624/3466/3479 2628/3465/3480
f 2644/3477/3481 2628/3465/3480 2638/3478/3482
s 295
f 2631/3479/3483 2627/3480/3484 2626/3481/3485
s 293
f 2632/3482/3486 2627/3483/3487 2633/3468/3471
s 294
f 2633/3484/3488 2630/3473/3489 2634/3485/3490
f 2634/3485/3490 2623/3475/3491 2635/3471/3474
s 291
f 2652/3486/3492 2654/3487/3493 2655/3488/3494
s 292
f 2637/3489/3495 2625/3490/3496 2631/3491/3497
f 2632/3482/3498 2631/3491/3497 2626/3492/3499
s 293
f 2638/3478/3482 2645/3493/3500 2644/3477/3481
f 2643/3494/3501 2646/3495/3502 2645/3493/3500
f 2642/3496/3503 2647/3497/3504 2646/3495/3502
f 2641/3498/3505 2648/3499/3506 2647/3497/3504
f 2640/3500/3507 2649/3469/3472 2648/3499/3506
s 292
f 2637/3489/3495 2641/3498/3508 2642/3496/3509
s 294
f 2634/3485/3490 2646/3501/3510 2648/3502/3511
s 296
f 2622/3472/3512 2651/3461/3513 2650/3463/3514
s 297
f 2624/3466/3515 2652/3503/3516 2636/3464/3517
s 298
f 2624/3466/3518 2650/3504/3519 2653/3505/3519
s 299
f 2635/3471/3520 2654/3487/3521 2651/3461/3522
s 300
f 2623/3475/3523 2655/3488/3524 2654/3487/3525
s 297
f 2636/3464/3517 2655/3506/3526 2625/3490/3527
s 301
f 2685/3507/3528 2687/3508/3529 2684/3509/3530
s 302
f 2670/3510/3531 2662/3511/3532 2658/3512/3533
s 303
f 2673/3513/3534 2667/3514/3535 2683/3515/3536
s 304
f 2663/3516/3537 2669/3517/3538 2656/3518/3539
s 305
f 2657/3519/3540 2665/3520/3541 2659/3521/3542
s 303
f 2656/3522/3543 2662/3523/3544 2663/3524/3545
f 2678/3525/3546 2662/3523/3544 2672/3526/3547
s 305
f 2664/3527/3548 2660/3528/3549 2665/3520/3541
s 303
f 2666/3529/3550 2661/3530/3551 2667/3514/3535
s 304
f 2667/3531/3552 2664/3532/3553 2668/3533/3554
f 2668/3533/3554 2657/3534/3555 2669/3517/3538
s 301
f 2686/3535/3556 2688/3536/3557 2689/3537/3558
s 302
f 2671/3538/3559 2659/3539/3560 2665/3540/3561
f 2666/3541/3562 2665/3540/3561 2660/3542/3563
s 303
f 2672/3526/3547 2679/3543/3564 2678/3525/3546
f 2677/3544/3565 2680/3545/3566 2679/3543/3564
f 2676/3546/3567 2681/3547/3568 2680/3545/3566
f 2675/3548/3569 2682/3549/3570 2681/3547/3568
f 2674/3550/3571 2683/3515/3536 2682/3549/3570
s 302
f 2671/3538/3559 2675/3551/3572 2676/3552/3573
s 304
f 2668/3533/3554 2680/3553/3574 2681/3554/3575
s 306
f 2669/3517/3576 2684/3555/3577 2656/3518/3578
s 307
f 2670/3510/3579 2687/3556/3580 2686/3557/3581
s 308
f 2658/3558/3582 2684/3559/3583 2687/3560/3584
s 309
f 2657/3534/3585 2685/3561/3586 2669/3517/3587
s 310
f 2659/3521/3588 2688/3562/3589 2657/3519/3590
s 311
f 2659/3539/3591 2686/3557/3592 2689/3563/3593
s 312
f 2719/3564/3594 2721/3565/3595 2718/3566/3596
s 313
f 2704/3567/3597 2696/3568/3598 2692/3569/3599
s 314
f 2707/3570/3600 2701/3571/3601 2717/3572/3602
s 315
f 2702/3573/3603 2690/3574/3604 2697/3575/3605
s 316
f 2691/3576/3606 2699/3577/3607 2693/3578/3608
s 314
f 2690/3579/3609 2696/3568/3610 2697/3580/3611
f 2712/3581/3612 2696/3568/3610 2706/3582/3613
s 316
f 2698/3583/3614 2694/3584/3615 2699/3577/3607
s 314
f 2700/3585/3616 2695/3586/3617 2701/3587/3601
s 315
f 2702/3573/3603 2695/3588/3618 2698/3583/3619
f 2703/3589/3620 2698/3583/3619 2691/3576/3621
s 312
f 2720/3590/3622 2722/3591/3623 2723/3592/3624
s 313
f 2704/3567/3597 2699/3593/3625 2705/3594/3626
f 2705/3594/3626 2694/3595/3627 2700/3596/3628
s 314
f 2706/3582/3613 2713/3597/3629 2712/3581/3612
f 2711/3598/3630 2714/3599/3631 2713/3597/3629
f 2710/3600/3632 2715/3601/3633 2714/3599/3631
f 2709/3602/3634 2716/3603/3635 2715/3601/3633
f 2708/3604/3636 2717/3572/3602 2716/3603/3635
s 313
f 2705/3594/3626 2709/3602/3637 2711/3598/3638
s 315
f 2702/3573/3603 2714/3605/3639 2715/3606/3640
s 317
f 2690/3574/3641 2719/3607/3642 2718/3608/3643
s 318
f 2692/3569/3644 2720/3609/3645 2704/3567/3646
s 319
f 2692/3569/3647 2718/3610/3648 2721/3611/3649
s 320
f 2691/3576/3650 2719/3607/3651 2703/3589/3652
s 321
f 2691/3576/3653 2723/3612/3654 2722/3613/3655
s 318
f 2693/3614/3656 2720/3609/3645 2723/3615/3657
s 322
f 2753/3616/3658 2755/3617/3659 2752/3618/3660
s 323
f 2738/3619/3661 2730/3620/3662 2726/3621/3663
s 324
f 2741/3622/3664 2735/3623/3665 2751/3624/3666
s 325
f 2731/3625/3667 2737/3626/3668 2724/3627/3669
s 326
f 2732/3628/3670 2727/3629/3671 2725/3630/3672
s 324
f 2724/3631/3673 2730/3620/3674 2731/3632/3675
f 2746/3633/3676 2730/3620/3674 2740/3634/3677
s 326
f 2733/3635/3678 2729/3636/3679 2728/3637/3680
s 324
f 2734/3638/3681 2729/3639/3682 2735/3623/3665
s 325
f 2735/3640/3683 2732/3628/3684 2736/3641/3685
f 2736/3641/3685 2725/3630/3686 2737/3626/3668
s 322
f 2754/3642/3687 2756/3643/3688 2757/3644/3689
s 323
f 2739/3645/3690 2727/3646/3691 2733/3647/3692
f 2734/3638/3693 2733/3647/3692 2728/3648/3694
s 324
f 2740/3634/3677 2747/3649/3695 2746/3633/3676
f 2745/3650/3696 2748/3651/3697 2747/3649/3695
f 2744/3652/3698 2749/3653/3699 2748/3651/3697
f 2743/3654/3700 2750/3655/3701 2749/3653/3699
f 2742/3656/3702 2751/3624/3666 2750/3655/3701
s 323
f 2739/3645/3690 2744/3652/3703 2745/3650/3704
s 325
f 2736/3641/3685 2748/3657/3705 2749/3658/3706
s 327
f 2724/3627/3707 2753/3616/3708 2752/3618/3709
s 328
f 2726/3621/3710 2754/3659/3711 2738/3619/3712
s 329
f 2726/3621/3713 2752/3660/3714 2755/3661/3715
s 330
f 2737/3626/3716 2756/3643/3717 2753/3616/3718
s 331
f 2727/3629/3719 2756/3643/3720 2725/3630/3721
s 332
f 2738/3619/3722 2757/3662/3723 2727/3646/3724
s 333
f 2787/3663/3725 2789/3664/3726 2786/3665/3727
s 334
f 2772/3666/3728 2764/3667/3729 2760/3668/3730
s 335
f 2775/3669/3731 2769/3670/3732 2785/3671/3733
s 336
f 2765/3672/3734 2771/3673/3735 2758/3674/3736
s 337
f 2766/3675/3737 2761/3676/3738 2759/3677/3738
s 335
f 2765/3678/3739 2760/3668/3740 2764/3667/3741
f 2780/3679/3742 2764/3667/3741 2774/3680/3743
s 337
f 2767/3681/3744 2763/3682/3745 2762/3683/3746
s 335
f 2768/3684/3747 2763/3685/3748 2769/3670/3732
s 336
f 2769/3686/3749 2766/3675/3750 2770/3687/3751
f 2770/3687/3751 2759/3677/3752 2771/3688/3735
s 333
f 2788/3689/3753 2790/3690/3754 2791/3691/3755
s 334
f 2773/3692/3756 2761/3693/3757 2767/3694/3758
f 2768/3695/3759 2767/3694/3758 2762/3696/3760
s 335
f 2774/3680/3743 2781/3697/3761 2780/3679/3742
f 2779/3698/3762 2782/3699/3763 2781/3697/3761
f 2778/3700/3764 2783/3701/3765 2782/3699/3763
f 2777/3702/3766 2784/3703/3767 2783/3701/3765
f 2776/3704/3768 2785/3671/3733 2784/3703/3767
s 334
f 2773/3705/3756 2777/3702/3769 2778/3700/3770
s 336
f 2770/3706/3751 2783/3707/3771 2784/3708/3772
s 338
f 2758/3709/3773 2787/3663/3774 2786/3665/3775
s 339
f 2760/3668/3776 2788/3710/3777 2772/3666/3778
s 340
f 2760/3668/3779 2786/3711/3780 2789/3712/3781
s 341
f 2771/3688/3782 2790/3690/3783 2787/3663/3784
s 342
f 2761/3676/3785 2790/3690/3786 2759/3677/3787
s 343
f 2772/3666/3788 2791/3713/3789 2761/3714/3790
s 344
f 2821/3715/3791 2823/3716/3792 2820/3717/3793
s 345
f 2794/3718/3794 2807/3719/3795 2798/3720/3796
s 346
f 2809/3721/3797 2803/3722/3798 2819/3723/3799
s 347
f 2804/3724/3800 2792/3725/3801 2799/3726/3802
s 348
f 2793/3727/3803 2801/3728/3804 2795/3729/3805
s 346
f 2792/3730/3806 2798/3720/3807 2799/3731/3808
f 2814/3732/3809 2798/3720/3807 2808/3733/3810
s 348
f 2800/3734/3811 2796/3735/3812 2801/3728/3804
s 346
f 2802/3736/3813 2797/3737/3814 2803/3738/3798
s 347
f 2804/3724/3800 2797/3739/3815 2800/3734/3816
f 2805/3740/3817 2800/3734/3816 2793/3727/3818
s 344
f 2822/3741/3819 2824/3742/3820 2825/3743/3821
s 345
f 2806/3744/3822 2801/3745/3823 2807/3719/3795
f 2807/3719/3795 2796/3746/3824 2802/3747/3825
s 346
f 2808/3733/3810 2815/3748/3826 2814/3732/3809
f 2813/3749/3827 2816/3750/3828 2815/3748/3826
f 2812/3751/3829 2817/3752/3830 2816/3750/3828
f 2811/3753/3831 2818/3754/3832 2817/3752/3830
f 2810/3755/3833 2819/3723/3799 2818/3754/3832
s 345
f 2807/3719/3795 2812/3751/3834 2813/3749/3835
s 347
f 2804/3724/3800 2816/3756/3836 2817/3757/3837
s 349
f 2805/3740/3838 2820/3758/3839 2792/3725/3840
s 350
f 2806/3744/3841 2823/3759/3842 2822/3760/3843
s 351
f 2794/3718/3844 2820/3761/3845 2823/3759/3846
s 352
f 2793/3727/3847 2821/3762/3848 2805/3740/3849
s 353
f 2795/3729/3850 2824/3763/3851 2793/3727/3852
s 354
f 2795/3764/3853 2822/3760/3854 2825/3765/3855
s 2
f 39/9/9 40/38/37 41/10/10
s 3
f 12/12/12 24/41/40 25/13/13
s 4
f 27/15/15 20/3767/31 21/16/16
s 5
f 22/18/18 23/36/35 10/19/19
s 6
f 11/21/21 18/29/29 19/22/22
s 4
f 10/24/24 12/60/3857 16/25/25
f 32/27/27 17/26/26 16/25/25
s 6
f 18/29/29 15/3768/3858 14/30/30
s 4
f 20/31/31 14/3769/3859 15/32/32
s 5
f 22/18/18 21/3770/3860 15/34/33
f 23/36/35 22/18/18 18/35/34
s 2
f 40/38/37 39/9/9 42/39/38
s 3
f 24/41/40 13/65/3861 19/42/41
f 25/13/13 19/42/41 14/43/42
s 4
f 26/28/28 31/46/45 33/45/44
f 31/46/45 30/48/47 34/47/46
f 30/48/47 29/50/49 35/49/48
f 29/50/49 28/52/51 36/51/50
f 28/52/51 27/15/15 37/17/17
s 3
f 26/3771/3862 16/14/14 25/13/13
f 25/13/13 20/44/43 27/3772/3863
f 25/13/13 27/3772/3863 28/3773/3864
f 31/3774/3865 26/3771/3862 25/13/13
f 30/54/53 31/3774/3865 25/13/13
f 25/13/13 28/3773/3864 29/53/52
s 5
f 37/3775/3866 21/3770/3860 22/18/18
f 22/18/18 17/20/20 32/3776/3867
f 22/18/18 32/3776/3867 33/3777/3868
f 36/3778/3869 37/3775/3866 22/18/18
f 35/56/55 36/3778/3869 22/18/18
f 22/18/18 33/3777/3868 34/55/54
s 7
f 23/36/56 39/63/3870 38/57/57
s 8
f 24/41/59 12/12/3871 41/58/60
s 9
f 12/60/62 10/24/3872 38/61/63
s 10
f 11/37/65 42/3779/3873 39/63/66
s 11
f 13/23/68 43/3780/69 42/64/69
s 12
f 13/65/71 24/41/3874 40/59/72
s 13
f 73/67/74 74/92/102 75/68/75
s 14
f 58/70/77 59/95/105 50/71/78
s 15
f 61/73/80 54/88/96 55/74/81
s 16
f 51/76/83 56/91/100 57/77/84
s 17
f 52/79/86 53/85/93 47/80/87
s 15
f 51/82/88 44/3781/3875 46/72/89
f 66/83/91 51/82/88 50/71/90
s 17
f 53/85/93 52/79/86 49/86/94
s 15
f 54/88/96 48/98/3876 49/89/97
s 16
f 55/90/98 49/86/3877 52/79/99
f 56/91/100 52/79/99 45/81/101
s 13
f 74/92/102 73/67/74 76/93/103
s 14
f 59/95/105 58/70/77 47/96/106
f 54/88/108 59/95/105 53/97/107
s 15
f 60/84/92 65/100/111 67/99/110
f 65/100/111 64/102/113 68/101/112
f 64/102/113 63/104/115 69/103/114
f 63/104/115 62/106/117 70/105/116
f 62/106/117 61/73/80 71/75/82
s 14
f 60/84/3878 50/71/78 59/95/105
f 59/95/105 54/88/108 61/73/3879
f 61/73/3879 62/106/3880 63/104/118
f 64/102/119 65/100/3881 60/84/3878
f 59/95/105 61/73/3879 63/104/118
f 64/102/119 60/84/3878 59/95/105
s 16
f 71/3782/3882 55/90/98 56/91/100
f 56/91/100 51/76/83 66/3783/3883
f 66/3783/3883 67/3784/3884 68/107/120
f 68/107/120 69/3785/3885 70/108/121
f 70/108/121 71/3782/3882 56/91/100
f 56/91/100 66/3783/3883 68/107/120
s 18
f 44/78/122 57/77/3886 73/67/123
s 19
f 46/72/125 75/111/3887 74/109/126
s 20
f 46/72/128 44/3781/3888 72/110/129
s 21
f 57/77/131 45/81/3889 76/93/132
s 22
f 45/81/134 47/80/3890 77/94/135
s 23
f 58/70/137 74/109/3891 77/112/138
s 24
f 107/113/140 108/142/167 109/114/141
s 25
f 80/116/143 92/145/170 93/117/144
s 26
f 95/119/146 88/3786/161 89/120/147
s 27
f 90/122/149 91/140/165 78/123/150
s 28
f 79/125/152 86/133/159 87/126/153
s 26
f 78/128/154 80/164/154 84/129/155
f 100/131/157 85/130/156 84/129/155
s 28
f 86/133/159 83/3787/3892 82/134/160
s 26
f 88/135/161 82/3788/3893 83/136/162
s 27
f 90/122/149 89/3789/3894 83/138/163
f 91/140/165 90/122/149 86/139/164
s 24
f 108/142/167 107/113/140 110/143/168
s 25
f 92/145/170 81/169/3895 87/146/171
f 93/117/144 87/146/171 82/147/172
s 26
f 94/132/158 99/150/175 101/149/174
f 99/150/175 98/152/177 102/151/176
f 98/152/177 97/154/179 103/153/178
f 97/154/179 96/156/181 104/155/180
f 96/156/181 95/119/146 105/121/148
s 25
f 94/3790/3896 84/118/145 93/117/144
f 93/117/144 88/148/173 95/3791/3897
f 93/117/144 95/3791/3897 96/3792/3898
f 99/3793/3899 94/3790/3896 93/117/144
f 98/158/183 99/3793/3899 93/117/144
f 93/117/144 96/3792/3898 97/157/182
s 27
f 105/3794/3900 89/3789/3894 90/122/149
f 90/122/149 85/124/151 100/3795/3901
f 90/122/149 100/3795/3901 101/3796/3902
f 104/3797/3903 105/3794/3900 90/122/149
f 103/160/185 104/3797/3903 90/122/149
f 90/122/149 101/3796/3902 102/159/184
s 29
f 78/123/186 91/140/194 107/161/187
s 30
f 80/116/189 109/3798/3904 108/163/190
s 31
f 80/164/192 78/128/192 106/165/193
s 29
f 91/140/194 79/141/3905 110/167/195
s 32
f 79/125/196 81/127/3906 111/144/197
s 33
f 92/145/199 108/163/3907 111/168/200
s 34
f 141/170/202 142/199/230 143/171/203
s 35
f 114/173/205 126/202/233 127/174/206
s 36
f 129/176/208 122/3799/224 123/177/209
s 37
f 124/179/211 125/197/228 112/180/212
s 38
f 113/182/214 120/190/222 121/183/215
s 36
f 112/185/217 114/224/3908 118/186/218
f 134/188/220 119/187/219 118/186/218
s 38
f 120/190/222 117/3800/3909 116/191/223
s 36
f 122/192/224 116/3801/3910 117/193/225
s 37
f 124/179/211 123/3802/3911 117/195/226
f 125/197/228 124/179/211 120/196/227
s 34
f 142/199/230 141/170/202 144/200/231
s 35
f 126/202/233 115/3803/3912 121/203/234
f 127/174/206 121/203/234 116/204/235
s 36
f 128/189/221 133/207/238 135/206/237
f 133/207/238 132/209/240 136/208/239
f 132/209/240 131/211/242 137/210/241
f 131/211/242 130/213/244 138/212/243
f 130/213/244 129/176/208 139/178/210
s 35
f 128/3804/3913 118/175/207 127/174/206
f 127/174/206 122/205/236 129/3805/3914
f 127/174/206 129/3805/3914 130/3806/3915
f 133/3807/3916 128/3804/3913 127/174/206
f 132/215/246 133/3807/3916 127/174/206
f 127/174/206 130/3806/3915 131/214/245
s 37
f 139/3808/3917 123/3802/3911 124/179/211
f 124/179/211 119/181/213 134/3809/3918
f 124/179/211 134/3809/3918 135/3810/3919
f 138/3811/3920 139/3808/3917 124/179/211
f 137/217/248 138/3811/3920 124/179/211
f 124/179/211 135/3810/3919 136/216/247
s 39
f 125/218/249 141/226/259 140/219/250
s 40
f 126/221/252 114/224/3921 143/222/253
s 41
f 114/224/255 112/185/3922 140/225/256
s 39
f 113/182/258 144/227/3923 141/226/259
s 42
f 115/184/260 145/3812/3924 144/227/261
s 40
f 115/228/263 126/221/252 142/223/254
s 43
f 175/230/265 176/256/293 177/231/266
s 44
f 148/233/268 160/259/296 161/234/269
s 45
f 163/236/271 156/262/287 157/237/272
s 46
f 158/239/274 159/255/291 146/240/275
s 47
f 147/242/277 154/249/285 155/243/278
s 45
f 146/245/280 148/233/3925 152/235/281
f 168/247/283 153/246/282 152/235/281
s 47
f 154/249/285 151/254/3926 150/250/286
s 45
f 156/251/287 150/3813/3927 151/252/288
s 46
f 158/239/274 157/3814/3928 151/254/289
f 159/255/291 158/239/274 154/249/290
s 43
f 176/256/293 175/230/265 178/257/294
s 44
f 160/259/296 149/279/3929 155/260/297
f 161/234/269 155/260/297 150/261/298
s 45
f 162/248/284 167/264/301 169/263/300
f 167/264/301 166/266/303 170/265/302
f 166/266/303 165/268/305 171/267/304
f 165/268/305 164/270/307 172/269/306
f 164/270/307 163/236/271 173/238/273
s 44
f 162/248/3930 152/235/270 161/234/269
f 161/234/269 156/262/299 163/236/3931
f 163/236/3931 164/270/3932 165/268/308
f 166/266/309 167/264/3933 162/248/3930
f 161/234/269 163/236/3931 165/268/308
f 166/266/309 162/248/3930 161/234/269
s 46
f 173/3815/3934 157/3814/3928 158/239/274
f 158/239/274 153/241/276 168/3816/3935
f 169/3817/3936 170/3818/3937 171/271/310
f 158/239/274 168/3816/3935 169/3817/3936
f 172/272/311 173/3815/3934 158/239/274
f 158/239/274 169/3817/3936 171/271/310
s 48
f 159/255/312 175/277/322 174/273/313
s 49
f 160/259/315 148/233/3938 177/274/316
s 50
f 148/233/318 146/245/3939 174/276/319
s 48
f 147/242/321 178/278/3940 175/277/322
s 51
f 149/244/323 179/3819/3941 178/278/324
s 52
f 149/279/326 160/259/3942 176/275/327
s 53
f 209/281/329 210/310/357 211/282/330
s 54
f 182/284/332 194/313/360 195/285/333
s 55
f 197/287/335 190/3820/351 191/288/336
s 56
f 192/290/338 193/308/355 180/291/339
s 57
f 181/293/341 188/301/349 189/294/342
s 55
f 180/296/344 182/332/3943 186/297/345
f 202/299/347 187/298/346 186/297/345
s 57
f 188/301/349 185/3821/3944 184/302/350
s 55
f 190/303/351 184/3822/3945 185/304/352
s 56
f 192/290/338 191/3823/3946 185/306/353
f 193/308/355 192/290/338 188/307/354
s 53
f 210/310/357 209/281/329 212/311/358
s 54
f 194/313/360 183/337/3947 189/314/361
f 195/285/333 189/314/361 184/315/362
s 55
f 196/300/348 201/318/365 203/317/364
f 201/318/365 200/320/367 204/319/366
f 200/320/367 199/322/369 205/321/368
f 199/322/369 198/324/371 206/323/370
f 198/324/371 197/287/335 207/289/337
s 54
f 196/3824/3948 186/286/334 195/285/333
f 195/285/333 190/316/363 197/3825/3949
f 195/285/333 197/3825/3949 198/3826/3950
f 201/3827/3951 196/3824/3948 195/285/333
f 200/326/373 201/3827/3951 195/285/333
f 195/285/333 198/3826/3950 199/325/372
s 56
f 207/3828/3952 191/3823/3946 192/290/338
f 192/290/338 187/292/340 202/3829/3953
f 192/290/338 202/3829/3953 203/3830/3954
f 206/3831/3955 207/3828/3952 192/290/338
f 205/328/375 206/3831/3955 192/290/338
f 192/290/338 203/3830/3954 204/327/374
s 58
f 193/308/376 209/335/377 208/329/377
s 59
f 194/313/379 182/284/3956 211/330/380
s 60
f 182/332/382 180/296/3957 208/333/383
s 61
f 181/309/385 212/3832/3958 209/335/386
s 62
f 183/295/388 213/3833/3959 212/336/389
s 59
f 183/337/391 194/313/379 210/331/381
s 63
f 243/339/393 244/364/421 245/340/394
s 64
f 228/342/396 229/367/424 220/343/397
s 65
f 231/345/399 224/360/415 225/346/400
s 66
f 221/348/402 226/363/419 227/349/403
s 67
f 215/351/405 222/358/413 223/352/406
s 65
f 214/354/408 216/344/3960 220/343/409
f 236/356/411 221/355/410 220/343/409
s 67
f 222/358/413 219/3834/3961 218/359/414
s 65
f 224/360/415 218/370/3962 219/361/416
s 66
f 225/362/417 219/3834/3963 222/358/418
f 226/363/419 222/358/418 215/351/420
s 63
f 244/364/421 243/339/393 246/365/422
s 64
f 229/367/424 228/342/396 217/368/425
f 224/360/427 229/367/424 223/369/426
s 65
f 230/357/412 235/372/430 237/371/429
f 235/372/430 234/374/432 238/373/431
f 234/374/432 233/376/434 239/375/433
f 233/376/434 232/378/436 240/377/435
f 232/378/436 231/345/399 241/347/401
s 64
f 230/357/3964 220/343/397 229/367/424
f 229/367/424 224/360/427 231/345/3965
f 231/345/3965 232/378/3966 233/376/3967
f 229/367/424 231/345/3965 233/376/3967
f 235/372/438 230/357/3964 229/367/424
f 229/367/424 233/376/3967 234/374/437
s 66
f 241/3835/3968 225/362/417 226/363/419
f 226/363/419 221/348/402 236/3836/3969
f 226/363/419 236/3836/3969 237/3837/3970
f 240/3838/3971 241/3835/3968 226/363/419
f 239/380/440 240/3838/3971 226/363/419
f 226/363/419 237/3837/3970 238/379/439
s 68
f 214/350/441 227/349/3972 243/339/442
s 69
f 216/344/444 245/383/3973 244/381/445
s 70
f 216/344/447 214/354/3974 242/382/448
s 71
f 227/349/450 215/351/3975 246/365/451
s 72
f 217/353/453 247/366/3976 246/365/454
s 73
f 228/342/456 244/381/3977 247/384/457
s 74
f 277/385/459 278/411/487 279/386/460
s 75
f 250/388/462 262/414/490 263/389/463
s 76
f 265/391/465 258/417/481 259/392/466
s 77
f 260/394/468 261/410/485 248/395/469
s 78
f 249/397/471 256/404/479 257/398/472
s 76
f 248/400/474 250/388/3978 254/390/475
f 270/402/477 255/401/476 254/390/475
s 78
f 256/404/479 253/409/3979 252/405/480
s 76
f 258/406/481 252/3839/3980 253/407/482
s 77
f 260/394/468 259/3840/3981 253/409/483
f 261/410/485 260/394/468 256/404/484
s 74
f 278/411/487 277/385/459 280/412/488
s 75
f 262/414/490 251/434/3982 257/415/491
f 263/389/463 257/415/491 252/416/492
s 76
f 264/403/478 269/419/495 271/418/494
f 269/419/495 268/421/497 272/420/496
f 268/421/497 267/423/499 273/422/498
f 267/423/499 266/425/501 274/424/500
f 266/425/501 265/391/465 275/393/467
s 75
f 264/403/3983 254/390/464 263/389/463
f 263/389/463 258/417/493 265/391/3984
f 263/389/463 265/391/3984 266/425/3985
f 269/419/3986 264/403/3983 263/389/463
f 268/421/503 269/419/3986 263/389/463
f 263/389/463 266/425/3985 267/423/502
s 77
f 275/3841/3987 259/3840/3981 260/394/468
f 260/394/468 255/396/470 270/3842/3988
f 260/394/468 270/3842/3988 271/3843/3989
f 274/3844/3990 275/3841/3987 260/394/468
f 273/427/505 274/3844/3990 260/394/468
f 260/394/468 271/3843/3989 272/426/504
s 79
f 261/410/506 277/432/3991 276/428/507
s 80
f 262/414/509 250/388/3992 279/429/510
s 81
f 250/388/512 248/400/3993 276/431/513
s 82
f 249/397/515 280/433/3994 277/432/516
s 83
f 251/399/518 281/3845/3995 280/433/519
s 84
f 251/434/521 262/414/3996 278/430/522
s 85
f 311/436/524 312/465/552 313/437/525
s 86
f 284/439/527 296/468/555 297/440/528
s 87
f 299/442/530 292/3846/546 293/443/531
s 88
f 294/445/533 295/463/550 282/446/534
s 89
f 283/448/536 290/456/544 291/449/537
s 87
f 282/451/539 284/487/3997 288/452/540
f 304/454/542 289/453/541 288/452/540
s 89
f 290/456/544 287/3847/3998 286/457/545
s 87
f 292/458/546 286/3848/3999 287/459/547
s 88
f 294/445/533 293/3849/4000 287/461/548
f 295/463/550 294/445/533 290/462/549
s 85
f 312/465/552 311/436/524 314/466/553
s 86
f 296/468/555 285/492/4001 291/469/556
f 297/440/528 291/469/556 286/470/557
s 87
f 298/455/543 303/473/560 305/472/559
f 303/473/560 302/475/562 306/474/561
f 302/475/562 301/477/564 307/476/563
f 301/477/564 300/479/566 308/478/565
f 300/479/566 299/442/530 309/444/532
s 86
f 298/3850/4002 288/441/529 297/440/528
f 297/440/528 292/471/558 299/3851/4003
f 297/440/528 299/3851/4003 300/3852/4004
f 303/3853/4005 298/3850/4002 297/440/528
f 302/481/568 303/3853/4005 297/440/528
f 297/440/528 300/3852/4004 301/480/567
s 88
f 309/3854/4006 293/3849/4000 294/445/533
f 294/445/533 289/447/535 304/3855/4007
f 294/445/533 304/3855/4007 305/3856/4008
f 308/3857/4009 309/3854/4006 294/445/533
f 307/483/570 308/3857/4009 294/445/533
f 294/445/533 305/3856/4008 306/482/569
s 90
f 282/446/571 295/463/4010 311/484/572
s 91
f 284/439/574 313/3858/4011 312/486/575
s 92
f 284/487/577 282/451/4012 310/488/578
s 93
f 295/463/580 283/464/4013 314/490/581
s 94
f 283/448/583 285/450/4014 315/467/584
s 95
f 296/468/586 312/486/4015 315/491/587
s 96
f 345/493/589 346/522/617 347/494/590
s 97
f 318/496/592 330/525/620 331/497/593
s 98
f 333/499/595 326/3859/611 327/500/596
s 99
f 328/502/598 329/520/615 316/503/599
s 100
f 317/505/601 324/513/609 325/506/602
s 98
f 316/508/604 318/544/4016 322/509/605
f 338/511/607 323/510/606 322/509/605
s 100
f 324/513/609 321/3860/4017 320/514/610
s 98
f 326/515/611 320/3861/4018 321/516/612
s 99
f 328/502/598 327/3862/4019 321/518/613
f 329/520/615 328/502/598 324/519/614
s 96
f 346/522/617 345/493/589 348/523/618
s 97
f 330/525/620 319/549/4020 325/526/621
f 331/497/593 325/526/621 320/527/622
s 98
f 332/512/608 337/530/625 339/529/624
f 337/530/625 336/532/627 340/531/626
f 336/532/627 335/534/629 341/533/628
f 335/534/629 334/536/631 342/535/630
f 334/536/631 333/499/595 343/501/597
s 97
f 332/3863/4021 322/498/594 331/497/593
f 331/497/593 326/528/623 333/3864/4022
f 331/497/593 333/3864/4022 334/3865/4023
f 337/3866/4024 332/3863/4021 331/497/593
f 336/538/633 337/3866/4024 331/497/593
f 331/497/593 334/3865/4023 335/537/632
s 99
f 343/3867/4025 327/3862/4019 328/502/598
f 328/502/598 323/504/600 338/3868/4026
f 338/3868/4026 339/3869/4027 340/539/634
f 340/539/634 341/3870/4028 342/540/635
f 342/540/635 343/3867/4025 328/502/598
f 328/502/598 338/3868/4026 340/539/634
s 101
f 329/520/636 345/547/4029 344/541/637
s 102
f 330/525/639 318/496/4030 347/542/640
s 103
f 318/544/642 316/508/4031 344/545/643
s 104
f 317/521/645 348/3871/4032 345/547/646
s 105
f 319/507/648 349/3872/649 348/548/649
s 106
f 319/549/650 330/525/4033 346/543/651
s 107
f 379/551/653 380/576/681 381/552/654
s 108
f 364/554/656 365/579/684 356/555/657
s 109
f 367/557/659 360/571/675 361/558/660
s 110
f 357/560/662 362/575/679 363/561/663
s 111
f 351/563/665 358/574/4034 359/564/666
s 109
f 357/566/668 350/3873/4035 352/556/669
f 372/567/671 357/566/668 356/555/670
s 111
f 359/564/666 358/574/4034 355/569/673
s 109
f 360/571/675 354/582/4036 355/572/676
s 110
f 361/573/677 355/569/4037 358/574/678
f 362/575/679 358/574/678 351/563/680
s 107
f 380/576/681 379/551/653 382/577/682
s 108
f 365/579/684 364/554/656 353/580/685
f 360/571/687 365/579/684 359/581/686
s 109
f 366/568/672 371/584/690 373/583/689
f 371/584/690 370/586/692 374/585/691
f 370/586/692 369/588/694 375/587/693
f 369/588/694 368/590/696 376/589/695
f 368/590/696 367/557/659 377/559/661
s 108
f 366/568/4038 356/555/657 365/579/684
f 365/579/684 360/571/687 367/557/4039
f 365/579/684 367/557/4039 368/590/4040
f 371/584/698 366/568/4038 365/579/684
f 369/588/697 370/586/4041 371/584/698
f 365/579/684 368/590/4040 369/588/697
s 110
f 377/3874/4042 361/573/677 362/575/679
f 362/575/679 357/560/662 372/3875/4043
f 372/3875/4043 373/3876/4044 374/591/699
f 375/592/700 376/3877/4045 377/3874/4042
f 362/575/679 372/3875/4043 374/591/699
f 375/592/700 377/3874/4042 362/575/679
s 112
f 350/562/701 363/561/4046 379/551/702
s 113
f 352/556/704 381/595/4047 380/593/705
s 114
f 352/556/707 350/3873/4048 378/594/708
s 115
f 363/561/710 351/563/4049 382/577/711
s 116
f 351/563/713 353/565/4050 383/578/714
s 117
f 364/554/716 380/593/4051 383/596/717
s 118
f 413/597/719 414/623/747 415/598/720
s 119
f 386/600/722 398/626/750 399/601/723
s 120
f 401/603/725 394/629/741 395/604/726
s 121
f 396/606/728 397/622/745 384/607/729
s 122
f 385/609/731 392/616/739 393/610/732
s 120
f 384/612/734 386/600/4052 390/602/735
f 406/614/737 391/613/736 390/602/735
s 122
f 392/616/739 389/621/4053 388/617/740
s 120
f 394/618/741 388/3878/4054 389/619/742
s 121
f 396/606/728 395/3879/4055 389/621/743
f 397/622/745 396/606/728 392/616/744
s 118
f 414/623/747 413/597/719 416/624/748
s 119
f 398/626/750 387/646/4056 393/627/751
f 399/601/723 393/627/751 388/628/752
s 120
f 400/615/738 405/631/755 407/630/754
f 405/631/755 404/633/757 408/632/756
f 404/633/757 403/635/759 409/634/758
f 403/635/759 402/637/761 410/636/760
f 402/637/761 401/603/725 411/605/727
s 119
f 400/615/4057 390/602/724 399/601/723
f 399/601/723 394/629/753 401/603/4058
f 399/601/723 401/603/4058 402/637/4059
f 405/631/763 400/615/4057 399/601/723
f 403/635/762 404/633/4060 405/631/763
f 399/601/723 402/637/4059 403/635/762
s 121
f 411/3880/4061 395/3879/4055 396/606/728
f 396/606/728 391/608/730 406/3881/4062
f 396/606/728 406/3881/4062 407/3882/4063
f 410/639/765 411/3880/4061 396/606/728
f 408/638/764 409/3883/4064 410/639/765
f 396/606/728 407/3882/4063 408/638/764
s 123
f 397/622/766 413/644/775 412/640/767
s 124
f 398/626/769 386/600/4065 415/641/770
s 125
f 386/600/772 384/612/772 412/643/773
s 123
f 385/609/774 416/645/4066 413/644/775
s 126
f 387/611/776 417/3884/4067 416/645/777
s 127
f 387/646/779 398/626/4068 414/642/780
s 128
f 447/648/782 448/676/810 449/649/783
s 129
f 420/651/785 432/679/813 433/652/786
s 130
f 435/654/788 428/681/804 429/655/789
s 131
f 430/657/791 431/674/808 418/658/792
s 132
f 419/660/794 426/667/802 427/661/795
s 130
f 418/663/797 420/651/4069 424/653/798
f 440/665/800 425/664/799 424/653/798
s 132
f 426/667/802 423/3885/4070 422/668/803
s 130
f 428/669/804 422/3886/4071 423/670/805
s 131
f 430/657/791 429/3887/4072 423/672/806
f 431/674/808 430/657/791 426/673/807
s 128
f 448/676/810 447/648/782 450/677/811
s 129
f 432/679/813 421/699/4073 427/680/814
f 428/681/815 433/652/786 427/680/814
s 130
f 434/666/801 439/684/818 441/683/817
f 439/684/818 438/686/820 442/685/819
f 438/686/820 437/688/822 443/687/821
f 437/688/822 436/690/824 444/689/823
f 436/690/824 435/654/788 445/656/790
s 129
f 434/666/4074 424/653/787 433/652/786
f 433/652/786 428/681/815 435/654/4075
f 433/652/786 435/654/4075 436/690/4076
f 439/684/4077 434/666/4074 433/652/786
f 438/686/826 439/684/4077 433/652/786
f 433/652/786 436/690/4076 437/688/825
s 131
f 445/3888/4078 429/3887/4072 430/657/791
f 430/657/791 425/659/793 440/3889/4079
f 430/657/791 440/3889/4079 441/3890/4080
f 444/3891/4081 445/3888/4078 430/657/791
f 443/692/828 444/3891/4081 430/657/791
f 430/657/791 441/3890/4080 442/691/827
s 133
f 431/674/829 447/697/4082 446/693/830
s 134
f 432/679/832 420/651/4083 449/694/833
s 135
f 420/651/835 418/663/4084 446/696/836
s 136
f 419/675/838 450/3892/4085 447/697/839
s 137
f 421/662/841 451/3893/4086 450/698/842
s 138
f 421/699/844 432/679/4087 448/695/845
s 139
f 481/701/847 482/730/875 483/702/848
s 140
f 454/704/850 466/733/878 467/705/851
s 141
f 469/707/853 462/3894/869 463/708/854
s 142
f 464/710/856 465/728/873 452/711/857
s 143
f 453/713/859 460/721/867 461/714/860
s 141
f 452/716/862 454/752/4088 458/717/863
f 474/719/865 459/718/864 458/717/863
s 143
f 460/721/867 457/3895/4089 456/722/868
s 141
f 462/723/869 456/3896/4090 457/724/870
s 142
f 464/710/856 463/3897/4091 457/726/871
f 465/728/873 464/710/856 460/727/872
s 139
f 482/730/875 481/701/847 484/731/876
s 140
f 466/733/878 455/758/4092 461/734/879
f 467/705/851 461/734/879 456/735/880
s 141
f 468/720/866 473/738/883 475/737/882
f 473/738/883 472/740/885 476/739/884
f 472/740/885 471/742/887 477/741/886
f 471/742/887 470/744/889 478/743/888
f 470/744/889 469/707/853 479/709/855
s 140
f 468/3898/4093 458/706/852 467/705/851
f 467/705/851 462/736/881 469/3899/4094
f 467/705/851 469/3899/4094 470/3900/4095
f 473/3901/4096 468/3898/4093 467/705/851
f 472/746/891 473/3901/4096 467/705/851
f 467/705/851 470/3900/4095 471/745/890
s 142
f 479/3902/4097 463/3897/4091 464/710/856
f 464/710/856 459/712/858 474/3903/4098
f 464/710/856 474/3903/4098 475/3904/4099
f 478/3905/4100 479/3902/4097 464/710/856
f 477/748/893 478/3905/4100 464/710/856
f 464/710/856 475/3904/4099 476/747/892
s 144
f 465/728/894 481/3906/4101 480/749/895
s 145
f 466/733/897 454/704/4102 483/750/898
s 146
f 454/752/900 452/716/4103 480/753/901
s 147
f 453/713/903 484/757/4104 481/755/904
s 148
f 455/715/906 485/3907/4105 484/757/907
s 149
f 455/758/909 466/733/4106 482/751/910
s 150
f 515/760/912 516/787/940 517/761/913
s 151
f 488/763/915 500/790/943 501/764/916
s 152
f 503/766/918 496/3908/934 497/767/919
s 153
f 498/769/921 499/786/938 486/770/922
s 154
f 487/772/924 494/780/932 495/773/925
s 152
f 486/775/927 488/809/4107 492/776/928
f 508/778/930 493/777/929 492/776/928
s 154
f 494/780/932 491/785/4108 490/781/933
s 152
f 496/782/934 490/3909/4109 491/783/935
s 153
f 498/769/921 497/3910/4110 491/785/936
f 499/786/938 498/769/921 494/780/937
s 150
f 516/787/940 515/760/912 518/788/941
s 151
f 500/790/943 489/814/4111 495/791/944
f 501/764/916 495/791/944 490/792/945
s 152
f 502/779/931 507/795/948 509/794/947
f 507/795/948 506/797/950 510/796/949
f 506/797/950 505/799/952 511/798/951
f 505/799/952 504/801/954 512/800/953
f 504/801/954 503/766/918 513/768/920
s 151
f 502/3911/4112 492/765/917 501/764/916
f 501/764/916 496/793/946 503/3912/4113
f 503/3912/4113 504/3913/4114 505/802/955
f 505/802/955 506/3914/4115 507/803/956
f 507/803/956 502/3911/4112 501/764/916
f 501/764/916 503/3912/4113 505/802/955
s 153
f 513/3915/4116 497/3910/4110 498/769/921
f 498/769/921 493/771/923 508/3916/4117
f 508/3916/4117 509/3917/4118 510/804/957
f 510/804/957 511/3918/4119 512/805/958
f 512/805/958 513/3915/4116 498/769/921
f 498/769/921 508/3916/4117 510/804/957
s 155
f 499/786/959 515/812/969 514/806/960
s 156
f 500/790/962 488/763/4120 517/807/963
s 157
f 488/809/965 486/775/4121 514/810/966
s 155
f 487/772/968 518/813/4122 515/812/969
s 158
f 489/774/970 519/3919/4123 518/813/971
s 159
f 489/814/973 500/790/4124 516/808/974
s 160
f 549/816/976 550/3920/1004 551/817/977
s 161
f 522/819/979 534/848/1007 535/820/980
s 162
f 537/822/982 530/3921/998 531/823/983
s 163
f 532/825/985 533/843/1002 520/826/986
s 164
f 521/828/988 528/836/996 529/829/989
s 162
f 520/831/991 522/867/991 526/832/992
f 542/834/994 527/833/993 526/832/992
s 164
f 528/836/996 525/839/4125 524/837/997
s 162
f 530/838/998 524/837/4126 525/839/999
s 163
f 532/825/985 531/3922/4127 525/841/1000
f 533/843/1002 532/825/985 528/842/1001
s 160
f 550/845/1004 549/3923/976 552/846/1005
s 161
f 534/848/1007 523/871/4128 529/849/1008
f 535/820/980 529/849/1008 524/850/1009
s 162
f 536/835/995 541/853/1012 543/852/1011
f 541/853/1012 540/855/1014 544/854/1013
f 540/855/1014 539/857/1016 545/856/1015
f 539/857/1016 538/859/1018 546/858/1017
f 538/859/1018 537/822/982 547/824/984
s 161
f 536/3924/4129 526/821/981 535/820/980
f 535/820/980 530/851/1010 537/3925/4130
f 535/820/980 537/3925/4130 538/3926/4131
f 541/3927/4132 536/3924/4129 535/820/980
f 540/861/1020 541/3927/4132 535/820/980
f 535/820/980 538/3926/4131 539/860/1019
s 163
f 547/3928/4133 531/3922/4127 532/825/985
f 532/825/985 527/827/987 542/3929/4134
f 532/825/985 542/3929/4134 543/3930/4135
f 546/3931/4136 547/3928/4133 532/825/985
f 545/863/1022 546/3931/4136 532/825/985
f 532/825/985 543/3930/4135 544/862/1021
s 165
f 520/826/1023 533/843/4137 549/864/1024
s 166
f 522/819/1026 551/3932/4138 550/866/1027
s 167
f 522/867/1029 520/831/4139 548/868/1030
s 168
f 521/844/1032 552/3933/4140 549/864/1033
s 169
f 523/830/1035 553/3934/4141 552/870/1036
s 170
f 523/871/1038 534/848/4142 550/866/1039
s 171
f 583/873/1041 584/898/1069 585/874/1042
s 172
f 556/876/1044 568/915/4143 569/877/1045
s 173
f 571/879/1047 564/894/1063 565/880/1048
s 174
f 566/882/1050 567/897/1068 554/883/1051
s 175
f 555/885/1053 562/892/1061 563/886/1054
s 173
f 554/888/1056 556/876/4144 560/878/1057
f 576/890/1059 561/889/1058 560/878/1057
s 175
f 562/892/1061 559/3935/4145 558/893/1062
s 173
f 564/894/1063 558/903/4146 559/895/1064
s 174
f 565/896/1065 559/3935/4147 562/892/1066
f 566/882/1050 562/892/1066 555/885/1067
s 171
f 584/898/1069 583/873/1041 586/899/1070
s 172
f 569/877/1045 568/915/4143 557/901/1072
f 564/894/1074 569/877/1045 563/902/1073
s 173
f 570/891/1060 575/905/1077 577/904/1076
f 575/905/1077 574/907/1079 578/906/1078
f 574/907/1079 573/909/1081 579/908/1080
f 573/909/1081 572/911/1083 580/910/1082
f 572/911/1083 571/879/1047 581/881/1049
s 172
f 570/891/4148 560/878/1046 569/877/1045
f 569/877/1045 564/894/1074 571/879/4149
f 569/877/1045 571/879/4149 572/911/4150
f 575/905/1085 570/891/4148 569/877/1045
f 573/909/1084 574/907/4151 575/905/1085
f 569/877/1045 572/911/4150 573/909/1084
s 174
f 581/3936/4152 565/896/1065 566/882/1050
f 566/882/1050 561/884/1052 576/3937/4153
f 577/3938/4154 578/3939/4155 579/912/1086
f 566/882/1050 576/3937/4153 577/3938/4154
f 580/913/1087 581/3936/4152 566/882/1050
f 566/882/1050 577/3938/4154 579/912/1086
s 176
f 554/883/1088 567/897/4156 583/873/1089
s 177
f 556/876/1091 585/917/4157 584/914/1092
s 178
f 556/876/1094 554/888/1094 582/916/1095
s 179
f 567/897/1096 555/885/4158 586/899/1097
s 180
f 557/887/1099 587/900/4159 586/899/1100
s 181
f 568/915/1102 584/914/4160 587/918/1103
s 182
f 617/919/1105 618/948/1133 619/920/1106
s 183
f 602/922/1108 603/952/1137 594/923/1109
s 184
f 605/925/1111 598/942/1127 599/926/1112
s 185
f 600/928/1114 601/946/1131 588/929/1115
s 186
f 596/931/1117 597/939/1124 591/932/1118
s 184
f 588/934/1119 590/970/4161 594/935/1120
f 610/937/1122 595/936/1121 594/935/1120
s 186
f 597/939/1124 596/931/1117 593/940/1125
s 184
f 598/942/1127 592/3940/4162 593/943/1128
s 185
f 599/944/1129 593/3941/4163 596/945/1130
f 601/946/1131 600/928/1114 596/945/1130
s 182
f 618/948/1133 617/919/1105 620/949/1134
s 183
f 602/922/1108 591/975/4164 597/951/1136
f 598/953/1138 603/952/1137 597/951/1136
s 184
f 604/938/1123 609/956/1141 611/955/1140
f 609/956/1141 608/958/1143 612/957/1142
f 608/958/1143 607/960/1145 613/959/1144
f 607/960/1145 606/962/1147 614/961/1146
f 606/962/1147 605/925/1111 615/927/1113
s 183
f 609/964/1149 604/3942/4165 594/923/1109
f 603/952/1137 598/953/1138 605/3943/4166
f 603/952/1137 605/3943/4166 606/3944/4167
f 609/964/1149 594/923/1109 603/952/1137
f 607/963/1148 608/3945/4168 609/964/1149
f 603/952/1137 606/3944/4167 607/963/1148
s 185
f 615/3946/4169 599/944/1129 600/928/1114
f 600/928/1114 595/930/1116 610/3947/4170
f 610/3947/4170 611/3948/4171 612/3949/4172
f 600/928/1114 610/3947/4170 612/3949/4172
f 614/966/1151 615/3946/4169 600/928/1114
f 600/928/1114 612/3949/4172 613/965/1150
s 187
f 588/929/1152 601/946/1161 617/967/1153
s 188
f 590/924/1155 619/3950/4173 618/969/1156
s 189
f 590/970/1158 588/934/4174 616/971/1159
s 187
f 601/946/1161 589/947/4175 620/973/1162
s 190
f 591/932/1163 621/950/4176 620/949/1164
s 191
f 602/922/1166 618/969/4177 621/974/1167
s 192
f 651/976/1169 652/1004/1197 653/977/1170
s 193
f 636/979/1172 637/1007/1200 628/980/1173
s 194
f 639/982/1175 632/998/1191 633/983/1176
s 195
f 629/985/1178 634/1002/1195 635/986/1179
s 196
f 623/988/1181 630/3951/4178 631/989/1182
s 194
f 629/991/1184 622/3952/1185 624/992/1185
f 644/994/1187 629/991/1184 628/993/1186
s 196
f 631/989/1182 630/3951/4178 627/996/1189
s 194
f 632/998/1191 626/3953/4179 627/999/1192
s 195
f 633/1000/1193 627/3954/4180 630/1001/1194
f 634/1002/1195 630/1001/1194 623/1003/1196
s 192
f 652/1004/1197 651/976/1169 654/1005/1198
s 193
f 637/1007/1200 636/979/1172 625/1008/1201
f 632/1010/1203 637/1007/1200 631/1009/1202
s 194
f 638/995/1188 643/1013/1206 645/1012/1205
f 643/1013/1206 642/1015/1208 646/1014/1207
f 642/1015/1208 641/1017/1210 647/1016/1209
f 641/1017/1210 640/1019/1212 648/1018/1211
f 640/1019/1212 639/982/1175 649/984/1177
s 193
f 643/1021/1214 638/3955/4181 628/980/1173
f 637/1007/1200 632/1010/1203 639/3956/4182
f 640/3957/4183 641/3958/4184 642/1020/1213
f 637/1007/1200 639/3956/4182 640/3957/4183
f 643/1021/1214 628/980/1173 637/1007/1200
f 637/1007/1200 640/3957/4183 642/1020/1213
s 195
f 649/3959/4185 633/1000/1193 634/1002/1195
f 634/1002/1195 629/985/1178 644/3960/4186
f 634/1002/1195 644/3960/4186 645/3961/4187
f 648/3962/4188 649/3959/4185 634/1002/1195
f 647/1023/1216 648/3962/4188 634/1002/1195
f 634/1002/1195 645/3961/4187 646/1022/1215
s 197
f 622/1024/1217 635/1028/1226 651/976/1218
s 198
f 624/981/1220 653/3963/4189 652/1025/1221
s 199
f 624/992/1223 622/3952/4190 650/1026/1224
s 197
f 635/1028/1226 623/988/4191 654/1005/1227
s 200
f 625/990/1228 655/1006/4192 654/1005/1229
s 198
f 636/979/1222 652/1025/1221 655/1029/1231
s 201
f 685/1030/1233 686/1055/1261 687/1031/1234
s 202
f 658/1033/1236 670/1058/1264 671/1034/1237
s 203
f 673/1036/1239 666/1051/1255 667/1037/1240
s 204
f 668/1039/1242 669/1054/1259 656/1040/1243
s 205
f 657/1042/1245 664/1049/1253 665/1043/1246
s 203
f 656/1045/1248 658/1033/4193 662/1035/1249
f 678/1047/1251 663/1046/1250 662/1035/1249
s 205
f 664/1049/1253 661/1053/4194 660/1050/1254
s 203
f 666/1051/1255 660/1060/4195 661/1052/1256
s 204
f 668/1039/1242 667/3964/4196 661/1053/1257
f 669/1054/1259 668/1039/1242 664/1049/1258
s 201
f 686/1055/1261 685/1030/1233 688/1056/1262
s 202
f 670/1058/1264 659/1075/4197 665/1059/1265
f 671/1034/1237 665/1059/1265 660/1060/1266
s 203
f 672/1048/1252 677/1062/1269 679/1061/1268
f 677/1062/1269 676/1064/1271 680/1063/1270
f 676/1064/1271 675/1066/1273 681/1065/1272
f 675/1066/1273 674/1068/1275 682/1067/1274
f 674/1068/1275 673/1036/1239 683/1038/1241
s 202
f 672/1048/4198 662/1035/1238 671/1034/1237
f 671/1034/1237 666/1051/1267 673/1036/4199
f 671/1034/1237 673/1036/4199 674/1068/4200
f 677/1062/4201 672/1048/4198 671/1034/1237
f 676/1064/1277 677/1062/4201 671/1034/1237
f 671/1034/1237 674/1068/4200 675/1066/1276
s 204
f 683/3965/4202 667/3964/4196 668/1039/1242
f 668/1039/1242 663/1041/1244 678/3966/4203
f 668/1039/1242 678/3966/4203 679/3967/4204
f 682/3968/4205 683/3965/4202 668/1039/1242
f 681/1070/1279 682/3968/4205 668/1039/1242
f 668/1039/1242 679/3967/4204 680/1069/1278
s 206
f 656/1040/1280 669/1054/4206 685/1030/1281
s 207
f 658/1033/1283 687/1073/4207 686/1071/1284
s 208
f 658/1033/1286 656/1045/4208 684/1072/1287
s 209
f 669/1054/1289 657/1042/4209 688/1056/1290
s 210
f 659/1044/1292 689/1057/4210 688/1056/1293
s 211
f 670/1058/1295 686/1071/4211 689/1074/1296
s 212
f 719/1076/1298 720/1106/1327 721/1077/1299
s 213
f 704/1079/1301 705/1123/1330 696/1080/1302
s 214
f 707/1082/1304 700/1099/1321 701/1083/1305
s 215
f 697/1085/1307 702/1103/1325 703/1086/1308
s 216
f 698/1088/1310 699/1096/1318 693/1089/1311
s 214
f 697/1091/1313 690/3969/4212 692/1092/1314
f 712/1094/1316 697/1091/1313 696/1093/1315
s 216
f 699/1096/1318 698/1088/1310 695/1097/1319
s 214
f 700/1099/1321 694/3970/4213 695/1100/1322
s 215
f 701/1101/1323 695/3971/4214 698/1102/1324
f 702/1104/1325 698/1088/1324 691/1090/1326
s 212
f 720/1106/1327 719/1076/1298 722/1107/1328
s 213
f 705/1109/1330 704/1130/1301 693/1110/1331
f 700/1112/1333 705/1123/1330 699/1113/1332
s 214
f 706/1095/1317 711/1116/1336 713/1115/1335
f 711/1116/1336 710/1118/1338 714/1117/1337
f 710/1118/1338 709/1120/1340 715/1119/1339
f 709/1120/1340 708/1122/1342 716/1121/1341
f 708/1122/1342 707/1082/1304 717/1084/1306
s 213
f 706/3972/4215 696/1080/1302 705/1123/1330
f 705/1123/1330 700/1112/1333 707/3973/4216
f 705/1123/1330 707/3973/4216 708/3974/4217
f 711/3975/4218 706/3972/4215 705/1123/1330
f 710/1125/1344 711/3975/4218 705/1123/1330
f 705/1123/1330 708/3974/4217 709/1124/1343
s 215
f 717/3976/4219 701/1101/1323 702/1103/1325
f 702/1103/1325 697/1085/1307 712/3977/4220
f 702/1103/1325 712/3977/4220 713/3978/4221
f 716/3979/4222 717/3976/4219 702/1103/1325
f 715/1127/1346 716/3979/4222 702/1103/1325
f 702/1103/1325 713/3978/4221 714/1126/1345
s 217
f 690/1128/1347 703/1105/4223 719/1076/1348
s 218
f 692/1092/1350 721/1132/4224 720/1129/1351
s 219
f 692/1092/1353 690/3969/4225 718/1131/1354
s 220
f 703/1105/1356 691/1090/4226 722/1107/1357
s 221
f 693/1089/1359 723/1108/4227 722/1107/1360
s 222
f 704/1130/1362 720/1129/4228 723/1133/1363
s 223
f 753/1134/1365 754/1162/1393 755/1135/1366
s 224
f 726/1137/1368 738/3980/1396 739/1138/1369
s 225
f 741/1140/1371 734/1156/1387 735/1141/1372
s 226
f 736/1143/1374 737/1160/1391 724/1144/1375
s 227
f 725/1146/1377 732/1154/1385 733/1147/1378
s 225
f 724/1149/1380 726/1187/4229 730/1150/1381
f 746/1152/1383 731/1151/1382 730/1150/1381
s 227
f 732/1154/1385 729/3981/4230 728/1155/1386
s 225
f 734/1156/1387 728/3982/4231 729/1157/1388
s 226
f 736/1143/1374 735/3983/4232 729/1158/1389
f 737/1160/1391 736/1143/1374 732/1159/1390
s 223
f 754/1162/1393 753/1134/1365 756/1163/1394
s 224
f 738/1165/1396 727/1191/4233 733/1166/1397
f 739/1138/1369 733/3984/1397 728/1168/1398
s 225
f 740/1153/1384 745/1171/1401 747/1170/1400
f 745/1171/1401 744/1173/1403 748/1172/1402
f 744/1173/1403 743/1175/1405 749/1174/1404
f 743/1175/1405 742/1177/1407 750/1176/1406
f 742/1177/1407 741/1140/1371 751/1142/1373
s 224
f 740/3985/4234 730/1139/1370 739/1138/1369
f 739/1138/1369 734/1169/1399 741/3986/4235
f 739/1138/1369 741/3986/4235 742/3987/4236
f 745/3988/4237 740/3985/4234 739/1138/1369
f 744/1179/1409 745/3988/4237 739/1138/1369
f 739/1138/1369 742/3987/4236 743/1178/1408
s 226
f 751/3989/4238 735/3983/4232 736/1143/1374
f 736/1143/1374 731/1145/1376 746/3990/4239
f 746/3990/4239 747/3991/4240 748/3992/4241
f 736/1143/1374 746/3990/4239 748/3992/4241
f 750/1181/1411 751/3989/4238 736/1143/1374
f 736/1143/1374 748/3992/4241 749/1180/1410
s 228
f 737/1182/1412 753/1189/1422 752/1183/1413
s 229
f 738/1165/1415 726/1187/4242 755/1185/1416
s 230
f 726/1187/1418 724/1149/4243 752/1188/1419
s 228
f 725/1146/1421 756/1190/4244 753/1189/1422
s 231
f 727/1148/1423 757/3993/4245 756/1190/1424
s 232
f 727/1191/1426 738/1165/4246 754/1186/1427
s 233
f 787/1193/1429 788/1219/1458 789/1194/1430
s 234
f 772/1196/1432 773/1222/1461 764/1197/1433
s 235
f 775/1199/1435 768/1215/1452 769/1200/1436
s 236
f 765/1202/1438 770/1218/1456 771/1203/1439
s 237
f 766/1205/1441 767/1212/1449 761/1206/1442
s 235
f 758/1208/1444 760/1198/4247 764/1197/1445
f 780/1210/1447 765/1209/1446 764/1197/1445
s 237
f 767/1212/1449 766/1205/1441 763/1213/1450
s 235
f 768/1215/1452 762/1225/4248 763/1216/1453
s 236
f 769/1217/1454 763/1213/4249 766/1205/1455
f 770/1218/1456 766/1205/1455 759/1207/1457
s 233
f 788/1219/1458 787/1193/1429 790/1220/1459
s 234
f 773/1222/1461 772/1196/1432 761/1223/1462
f 768/1215/1464 773/1222/1461 767/1224/1463
s 235
f 774/1211/1448 779/1227/1467 781/1226/1466
f 779/1227/1467 778/1229/1469 782/1228/1468
f 778/1229/1469 777/1231/1471 783/1230/1470
f 777/1231/1471 776/1233/1473 784/1232/1472
f 776/1233/1473 775/1199/1435 785/1201/1437
s 234
f 774/1211/4250 764/1197/1433 773/1222/1461
f 773/1222/1461 768/1215/1464 775/1199/4251
f 773/1222/1461 775/1199/4251 776/1233/4252
f 779/1227/1475 774/1211/4250 773/1222/1461
f 777/1231/1474 778/1229/4253 779/1227/1475
f 773/1222/1461 776/1233/4252 777/1231/1474
s 236
f 785/3994/4254 769/1217/1454 770/1218/1456
f 770/1218/1456 765/1202/1438 780/3995/4255
f 780/3995/4255 781/3996/4256 782/1234/1476
f 783/1235/1477 784/3997/4257 785/3994/4254
f 770/1218/1456 780/3995/4255 782/1234/1476
f 783/1235/1477 785/3994/4254 770/1218/1456
s 238
f 758/1204/1478 771/1203/4258 787/1193/1479
s 239
f 760/1198/1481 789/1238/4259 788/1236/1482
s 240
f 760/1198/1484 758/1208/4260 786/1237/1485
s 241
f 771/1203/1487 759/1207/4261 790/1220/1488
s 242
f 761/1206/1490 791/1221/4262 790/1220/1491
s 243
f 772/1196/1493 788/1236/4263 791/1239/1494
s 244
f 821/1240/1496 822/1269/1524 823/1241/1497
s 245
f 806/1243/1499 807/1272/1527 798/1244/1500
s 246
f 809/1246/1502 802/3998/1518 803/1247/1503
s 247
f 799/1249/1505 804/1265/1520 805/1250/1506
s 248
f 793/1252/1508 800/1260/1516 801/1253/1509
s 246
f 792/1255/1511 794/1292/4264 798/1256/1512
f 814/1258/1514 799/1257/1513 798/1256/1512
s 248
f 800/1260/1516 797/3999/4265 796/1261/1517
s 246
f 802/1262/1518 796/4000/4266 797/1263/1519
s 247
f 804/1265/1520 803/4001/4267 797/1266/1521
f 805/1250/1506 804/1265/1520 800/1267/1522
s 244
f 822/1269/1524 821/1240/1496 824/1270/1525
s 245
f 807/1272/1527 806/1243/1499 795/1273/1528
f 807/1272/1527 801/1274/1529 796/1275/1530
s 246
f 808/1259/1515 813/1278/1533 815/1277/1532
f 813/1278/1533 812/1280/1535 816/1279/1534
f 812/1280/1535 811/1282/1537 817/1281/1536
f 811/1282/1537 810/1284/1539 818/1283/1538
f 810/1284/1539 809/1246/1502 819/1248/1504
s 245
f 808/4002/4268 798/1244/1500 807/1272/1527
f 807/1272/1527 802/1276/1531 809/4003/4269
f 807/1272/1527 809/4003/4269 810/4004/4270
f 813/4005/4271 808/4002/4268 807/1272/1527
f 812/1286/1541 813/4005/4271 807/1272/1527
f 807/1272/1527 810/4004/4270 811/1285/1540
s 247
f 819/4006/4272 803/4001/4267 804/1265/1520
f 804/1265/1520 799/1249/1505 814/4007/4273
f 804/1265/1520 814/4007/4273 815/4008/4274
f 818/4009/4275 819/4006/4272 804/1265/1520
f 817/1288/1543 818/4009/4275 804/1265/1520
f 804/1265/1520 815/4008/4274 816/1287/1542
s 249
f 805/1250/1544 821/1295/4276 820/1289/1545
s 250
f 806/1243/1547 794/1245/4277 823/1290/1548
s 251
f 794/1292/1550 792/1255/4278 820/1293/1551
s 252
f 793/1268/1553 824/4010/4279 821/1295/1554
s 253
f 795/1254/1556 825/4011/4280 824/1296/1557
s 254
f 795/1273/1559 806/1243/4281 822/1291/1560
s 255
f 855/1298/1562 856/1327/1590 857/1299/1563
s 256
f 828/1301/1565 840/1330/1593 841/1302/1566
s 257
f 843/1304/1568 836/4012/1584 837/1305/1569
s 258
f 838/1307/1571 839/1325/1588 826/1308/1572
s 259
f 827/1310/1574 834/1318/1582 835/1311/1575
s 257
f 826/1313/1577 828/1349/4282 832/1314/1578
f 848/1316/1580 833/1315/1579 832/1314/1578
s 259
f 834/1318/1582 831/4013/4283 830/1319/1583
s 257
f 836/1320/1584 830/4014/4284 831/1321/1585
s 258
f 838/1307/1571 837/4015/4285 831/1323/1586
f 839/1325/1588 838/1307/1571 834/1324/1587
s 255
f 856/1327/1590 855/1298/1562 858/1328/1591
s 256
f 840/1330/1593 829/1354/4286 835/1331/1594
f 841/1302/1566 835/1331/1594 830/1332/1595
s 257
f 842/1317/1581 847/1335/1598 849/1334/1597
f 847/1335/1598 846/1337/1600 850/1336/1599
f 846/1337/1600 845/1339/1602 851/1338/1601
f 845/1339/1602 844/1341/1604 852/1340/1603
f 844/1341/1604 843/1304/1568 853/1306/1570
s 256
f 842/4016/4287 832/1303/1567 841/1302/1566
f 841/1302/1566 836/1333/1596 843/4017/4288
f 841/1302/1566 843/4017/4288 844/4018/4289
f 847/4019/4290 842/4016/4287 841/1302/1566
f 846/1343/1606 847/4019/4290 841/1302/1566
f 841/1302/1566 844/4018/4289 845/1342/1605
s 258
f 853/4020/4291 837/4015/4285 838/1307/1571
f 838/1307/1571 833/1309/1573 848/4021/4292
f 838/1307/1571 848/4021/4292 849/4022/4293
f 852/4023/4294 853/4020/4291 838/1307/1571
f 851/1345/1608 852/4023/4294 838/1307/1571
f 838/1307/1571 849/4022/4293 850/1344/1607
s 260
f 839/1325/1609 855/1352/4295 854/1346/1610
s 261
f 840/1330/1612 828/1301/4296 857/1347/1613
s 262
f 828/1349/1615 826/1313/4297 854/1350/1616
s 263
f 827/1326/1618 858/4024/4298 855/1352/1619
s 264
f 829/1312/1621 859/4025/4299 858/1353/1622
s 265
f 829/1354/1624 840/1330/4300 856/1348/1625
s 266
f 861/1356/1627 897/1360/1631 896/1357/1628
f 862/1359/1630 898/1362/1633 897/1360/1631
f 863/1361/1632 899/1364/1635 898/1362/1633
f 864/1363/1634 900/1366/1637 899/1364/1635
f 865/1365/1636 901/1368/1639 900/1366/1637
f 866/1367/1638 902/1439/1641 901/1368/1639
f 867/1369/1640 903/1373/1643 902/1370/1641
f 868/1372/1642 904/4026/1645 903/1373/1643
f 868/1374/1642 869/1377/1646 905/1375/1644
f 869/1377/1646 870/1379/1648 906/1378/1647
f 870/1379/1648 871/1381/1650 907/1380/1649
f 871/1381/1650 872/1383/1652 908/1382/1651
f 872/1383/1652 873/1385/1654 909/1384/1653
f 873/1385/1654 874/1387/1656 910/1386/1655
f 874/1387/1656 875/1389/1658 911/1388/1657
f 875/1389/1658 876/3306/1660 912/1390/1659
f 876/1391/1660 877/1394/1662 913/1392/1661
f 877/1394/1662 878/1396/1664 914/1395/1663
f 878/1396/1664 879/1398/1666 915/1397/1665
f 879/1398/1666 880/1400/1668 916/1399/1667
f 880/1400/1668 881/1402/1670 917/1401/1669
f 881/1402/1670 882/1404/1672 918/1403/1671
f 882/1404/1672 883/1406/1674 919/1405/1673
f 883/1406/1674 884/4027/1676 920/1407/1675
f 884/1408/1676 885/1412/1679 921/1409/1677
f 886/1411/1678 922/1463/1681 921/1409/1677
f 887/1413/1680 923/1417/1683 922/1414/1681
f 888/1416/1682 924/1419/1685 923/1417/1683
f 889/1418/1684 925/1421/1687 924/1419/1685
f 890/1420/1686 926/1423/1689 925/1421/1687
f 891/1422/1688 927/1425/1691 926/1423/1689
f 892/1424/1690 928/1427/1693 927/1425/1691
f 893/1426/1692 929/1429/1695 928/1427/1693
f 894/1428/1694 930/1472/1697 929/1429/1695
f 895/1430/1696 931/1433/1698 930/1431/1697
f 860/1358/1629 896/1357/1628 931/1433/1698
f 897/1360/1631 933/1435/1700 932/1434/1699
f 898/1362/1633 934/1436/1701 933/1435/1700
f 899/1364/1635 935/1437/1702 934/1436/1701
f 900/1366/1637 936/1438/1703 935/1437/1702
f 901/1368/1639 937/1440/1704 936/1438/1703
f 902/1439/1641 938/1481/1705 937/1440/1704
f 903/1373/1643 939/1443/1707 938/1441/1705
f 903/1373/1643 904/4026/1645 940/1442/1706
f 904/1376/1645 905/1375/1644 941/1444/1708
f 905/1375/1644 906/1378/1647 942/1446/1709
f 906/1378/1647 907/1380/1649 943/1447/1710
f 907/1380/1649 908/1382/1651 944/1448/1711
f 908/1382/1651 909/1384/1653 945/1449/1712
f 909/1384/1653 910/1386/1655 946/1450/1713
f 910/1386/1655 911/1388/1657 947/1451/1714
f 911/1388/1657 912/1390/1659 948/1452/1715
f 912/1393/1659 913/1392/1661 949/1453/1716
f 913/1392/1661 914/1395/1663 950/1455/1717
f 914/1395/1663 915/1397/1665 951/1456/1718
f 915/1397/1665 916/1399/1667 952/1457/1719
f 916/1399/1667 917/1401/1669 953/1458/1720
f 917/1401/1669 918/1403/1671 954/1459/1721
f 918/1403/1671 919/1405/1673 955/1460/1722
f 919/1405/1673 920/1407/1675 956/1461/1723
f 920/1407/1675 921/4028/1677 957/1462/1724
f 922/1463/1681 958/1506/1725 957/1464/1724
f 923/1417/1683 959/1466/1726 958/1465/1725
f 924/1419/1685 960/1467/1727 959/1466/1726
f 925/1421/1687 961/1468/1728 960/1467/1727
f 926/1423/1689 962/1469/1729 961/1468/1728
f 927/1425/1691 963/1470/1730 962/1469/1729
f 928/1427/1693 964/1471/1731 963/1470/1730
f 929/1429/1695 965/1473/1732 964/1471/1731
f 930/1472/1697 966/1515/1733 965/1473/1732
f 931/1433/1698 967/1475/1734 966/1474/1733
f 896/1357/1628 932/1434/1699 967/1475/1734
f 933/1435/1700 969/1477/1736 968/1476/1735
f 934/1436/1701 970/1478/1737 969/1477/1736
f 935/1437/1702 971/1479/1738 970/1478/1737
f 936/1438/1703 972/1480/1739 971/1479/1738
f 937/1440/1704 973/1482/1740 972/1480/1739
f 938/1481/1705 974/1484/1741 973/1482/1740
f 939/1483/1707 975/1525/1743 974/1484/1741
f 939/1443/1707 940/1442/1706 976/1485/1742
f 940/1445/1706 941/1444/1708 977/1487/1744
f 941/1444/1708 942/1446/1709 978/1489/1745
f 942/1446/1709 943/1447/1710 979/1490/1746
f 943/1447/1710 944/1448/1711 980/1491/1747
f 944/1448/1711 945/1449/1712 981/1492/1748
f 945/1449/1712 946/1450/1713 982/1493/1749
f 946/1450/1713 947/1451/1714 983/1494/1750
f 947/1451/1714 948/1452/1715 984/1495/1751
f 948/1454/1715 949/1453/1716 985/1496/1752
f 949/1453/1716 950/1455/1717 986/1498/1753
f 950/1455/1717 951/1456/1718 987/1499/1754
f 951/1456/1718 952/1457/1719 988/1500/1755
f 952/1457/1719 953/1458/1720 989/1501/1756
f 953/1458/1720 954/1459/1721 990/1502/1757
f 954/1459/1721 955/1460/1722 991/1503/1758
f 955/1460/1722 956/1461/1723 992/1504/1759
f 956/1461/1723 957/1462/1724 993/1505/1760
f 958/1506/1725 994/4029/1761 993/1507/1760
f 959/1466/1726 995/1509/1762 994/1508/1761
f 960/1467/1727 996/1510/1763 995/1509/1762
f 961/1468/1728 997/1511/1764 996/1510/1763
f 962/1469/1729 998/1512/1765 997/1511/1764
f 963/1470/1730 999/1513/1766 998/1512/1765
f 964/1471/1731 1000/1514/1767 999/1513/1766
f 965/1473/1732 1001/1516/1768 1000/1514/1767
f 966/1515/1733 1002/1557/1769 1001/1516/1768
f 967/1475/1734 1003/1518/1770 1002/1517/1769
f 932/1434/1699 968/1476/1735 1003/1518/1770
f 969/1477/1736 1005/1520/1772 1004/1519/1771
f 970/1478/1737 1006/1521/1773 1005/1520/1772
f 971/1479/1738 1007/1522/1774 1006/1521/1773
f 972/1480/1739 1008/1523/1775 1007/1522/1774
f 973/1482/1740 1009/1524/1776 1008/1523/1775
f 974/1484/1741 1010/1526/1777 1009/1524/1776
f 975/1525/1743 1011/1567/1779 1010/1526/1777
f 975/1527/1743 976/1488/1742 1012/1528/1778
f 976/1488/1742 977/1487/1744 1013/1530/1780
f 977/1487/1744 978/1489/1745 1014/1531/1781
f 978/1489/1745 979/1490/1746 1015/1532/1782
f 979/1490/1746 980/1491/1747 1016/1533/1783
f 980/1491/1747 981/1492/1748 1017/1534/1784
f 981/1492/1748 982/1493/1749 1018/1535/1785
f 982/1493/1749 983/1494/1750 1019/1536/1786
f 983/1494/1750 984/1495/1751 1020/1537/1787
f 984/1497/1751 985/1496/1752 1021/1538/1788
f 985/1496/1752 986/1498/1753 1022/1540/1789
f 986/1498/1753 987/1499/1754 1023/1541/1790
f 987/1499/1754 988/1500/1755 1024/1542/1791
f 988/1500/1755 989/1501/1756 1025/1543/1792
f 989/1501/1756 990/1502/1757 1026/1544/1793
f 990/1502/1757 991/1503/1758 1027/1545/1794
f 991/1503/1758 992/1504/1759 1028/1546/1795
f 992/1504/1759 993/1505/1760 1029/1547/1796
f 994/1508/1761 1030/1550/1797 1029/1548/1796
f 995/1509/1762 1031/1551/1798 1030/1550/1797
f 996/1510/1763 1032/1552/1799 1031/1551/1798
f 997/1511/1764 1033/1553/1800 1032/1552/1799
f 998/1512/1765 1034/1554/1801 1033/1553/1800
f 999/1513/1766 1035/1555/1802 1034/1554/1801
f 1000/1514/1767 1036/1556/1803 1035/1555/1802
f 1001/1516/1768 1037/1558/1804 1036/1556/1803
f 1002/1557/1769 1038/1597/1805 1037/1558/1804
f 1003/1518/1770 1039/1560/1806 1038/1559/1805
f 968/1476/1735 1004/1519/1771 1039/1560/1806
f 1005/1520/1772 1041/1562/1808 1040/1561/1807
f 1006/1521/1773 1042/1563/1809 1041/1562/1808
f 1007/1522/1774 1043/1564/1810 1042/1563/1809
f 1008/1523/1775 1044/1565/1811 1043/1564/1810
f 1009/1524/1776 1045/1566/1812 1044/1565/1811
f 1010/1526/1777 1046/1568/1813 1045/1566/1812
f 1011/1567/1779 1047/1607/1815 1046/1568/1813
f 1011/1529/1779 1012/1528/1778 1048/1569/1814
f 1012/1528/1778 1013/1530/1780 1049/1571/1816
f 1013/1530/1780 1014/1531/1781 1050/1572/1817
f 1014/1531/1781 1015/1532/1782 1051/1573/1818
f 1015/1532/1782 1016/1533/1783 1052/1574/1819
f 1016/1533/1783 1017/1534/1784 1053/1575/1820
f 1017/1534/1784 1018/1535/1785 1054/1576/1821
f 1018/1535/1785 1019/1536/1786 1055/1577/1822
f 1019/1536/1786 1020/1537/1787 1056/1578/1823
f 1020/1539/1787 1021/1538/1788 1057/1579/1824
f 1021/1538/1788 1022/1540/1789 1058/1581/1825
f 1022/1540/1789 1023/1541/1790 1059/1582/1826
f 1023/1541/1790 1024/1542/1791 1060/1583/1827
f 1024/1542/1791 1025/1543/1792 1061/1584/1828
f 1025/1543/1792 1026/1544/1793 1062/1585/1829
f 1026/1544/1793 1027/1545/1794 1063/1586/1830
f 1027/1545/1794 1028/1546/1795 1064/1587/1831
f 1028/1546/1795 1029/1547/1796 1065/1588/1832
f 1030/1550/1797 1066/1590/1833 1065/1589/1832
f 1031/1551/1798 1067/1591/1834 1066/1590/1833
f 1032/1552/1799 1068/1592/1835 1067/1591/1834
f 1033/1553/1800 1069/1593/1836 1068/1592/1835
f 1034/1554/1801 1070/1594/1837 1069/1593/1836
f 1035/1555/1802 1071/1595/1838 1070/1594/1837
f 1036/1556/1803 1072/1596/1839 1071/1595/1838
f 1037/1558/1804 1073/1598/1840 1072/1596/1839
f 1038/1597/1805 1074/1637/1841 1073/1598/1840
f 1039/1560/1806 1075/1600/1842 1074/1599/1841
f 1004/1519/1771 1040/1561/1807 1075/1600/1842
f 1041/1562/1808 1077/1602/1844 1076/1601/1843
f 1042/1563/1809 1078/1603/1845 1077/1602/1844
f 1043/1564/1810 1079/1604/1846 1078/1603/1845
f 1044/1565/1811 1080/1605/1847 1079/1604/1846
f 1045/1566/1812 1081/1606/1848 1080/1605/1847
f 1046/1568/1813 1082/1608/1849 1081/1606/1848
f 1047/1607/1815 1083/4030/1851 1082/1608/1849
f 1047/1570/1815 1048/1569/1814 1084/1609/1850
f 1048/1569/1814 1049/1571/1816 1085/1611/1852
f 1049/1571/1816 1050/1572/1817 1086/1612/1853
f 1050/1572/1817 1051/1573/1818 1087/1613/1854
f 1051/1573/1818 1052/1574/1819 1088/1614/1855
f 1052/1574/1819 1053/1575/1820 1089/1615/1856
f 1053/1575/1820 1054/1576/1821 1090/1616/1857
f 1054/1576/1821 1055/1577/1822 1091/1617/1858
f 1055/1577/1822 1056/1578/1823 1092/1618/1859
f 1056/1580/1823 1057/1579/1824 1093/1619/1860
f 1057/1579/1824 1058/1581/1825 1094/1621/1861
f 1058/1581/1825 1059/1582/1826 1095/1622/1862
f 1059/1582/1826 1060/1583/1827 1096/1623/1863
f 1060/1583/1827 1061/1584/1828 1097/1624/1864
f 1061/1584/1828 1062/1585/1829 1098/1625/1865
f 1062/1585/1829 1063/1586/1830 1099/1626/1866
f 1063/1586/1830 1064/1587/1831 1100/1627/1867
f 1064/1587/1831 1065/1588/1832 1101/1628/1868
f 1066/1590/1833 1102/1630/1869 1101/1629/1868
f 1067/1591/1834 1103/1631/1870 1102/1630/1869
f 1068/1592/1835 1104/1632/1871 1103/1631/1870
f 1069/1593/1836 1105/1633/1872 1104/1632/1871
f 1070/1594/1837 1106/1634/1873 1105/1633/1872
f 1071/1595/1838 1107/1635/1874 1106/1634/1873
f 1072/1596/1839 1108/1636/1875 1107/1635/1874
f 1073/1598/1840 1109/1638/1876 1108/1636/1875
f 1074/1637/1841 1110/1678/1877 1109/1638/1876
f 1075/1600/1842 1111/1640/1878 1110/1639/1877
f 1040/1561/1807 1076/1601/1843 1111/1640/1878
f 1077/1602/1844 1113/1642/1880 1112/1641/1879
f 1078/1603/1845 1114/1643/1881 1113/1642/1880
f 1079/1604/1846 1115/1644/1882 1114/1643/1881
f 1080/1605/1847 1116/1645/1883 1115/1644/1882
f 1081/1606/1848 1117/1646/1884 1116/1645/1883
f 1082/1608/1849 1118/1687/1885 1117/1646/1884
f 1083/1610/1851 1119/1650/1887 1118/1647/1885
f 1083/1610/1851 1084/1609/1850 1120/1649/1886
f 1084/1609/1850 1085/1611/1852 1121/1651/1888
f 1085/1611/1852 1086/1612/1853 1122/1652/1889
f 1086/1612/1853 1087/1613/1854 1123/1653/1890
f 1087/1613/1854 1088/1614/1855 1124/1654/1891
f 1088/1614/1855 1089/1615/1856 1125/1655/1892
f 1089/1615/1856 1090/1616/1857 1126/1656/1893
f 1090/1616/1857 1091/1617/1858 1127/1657/1894
f 1091/1617/1858 1092/1618/1859 1128/1658/1895
f 1092/1620/1859 1093/1619/1860 1129/1659/1896
f 1093/1619/1860 1094/1621/1861 1130/1661/1897
f 1094/1621/1861 1095/1622/1862 1131/1662/1898
f 1095/1622/1862 1096/1623/1863 1132/1663/1899
f 1096/1623/1863 1097/1624/1864 1133/1664/1900
f 1097/1624/1864 1098/1625/1865 1134/1665/1901
f 1098/1625/1865 1099/1626/1866 1135/1666/1902
f 1099/1626/1866 1100/1627/1867 1136/1667/1903
f 1100/1668/1867 1101/1629/1868 1137/1669/1904
f 1102/1630/1869 1138/1671/1905 1137/1669/1904
f 1103/1631/1870 1139/1672/1906 1138/1671/1905
f 1104/1632/1871 1140/1673/1907 1139/1672/1906
f 1105/1633/1872 1141/1674/1908 1140/1673/1907
f 1106/1634/1873 1142/1675/1909 1141/1674/1908
f 1107/1635/1874 1143/1676/1910 1142/1675/1909
f 1108/1636/1875 1144/1677/1911 1143/1676/1910
f 1109/1638/1876 1145/1679/1912 1144/1677/1911
f 1110/1678/1877 1146/1718/1913 1145/1679/1912
f 1111/1640/1878 1147/1681/1914 1146/1680/1913
f 1076/1601/1843 1112/1641/1879 1147/1681/1914
f 1113/1642/1880 1149/1683/1916 1148/1682/1915
f 1114/1643/1881 1150/1684/1917 1149/1683/1916
f 1115/1644/1882 1151/1685/1918 1150/1684/1917
f 1116/1645/1883 1152/1686/1919 1151/1685/1918
f 1117/1646/1884 1153/1688/1920 1152/1686/1919
f 1118/1687/1885 1154/1727/1921 1153/1688/1920
f 1119/1650/1887 1155/1691/1923 1154/1689/1921
f 1119/1650/1887 1120/1649/1886 1156/1690/1922
f 1120/1649/1886 1121/1651/1888 1157/1692/1924
f 1121/1651/1888 1122/1652/1889 1158/1693/1925
f 1122/1652/1889 1123/1653/1890 1159/1694/1926
f 1123/1653/1890 1124/1654/1891 1160/1695/1927
f 1124/1654/1891 1125/1655/1892 1161/1696/1928
f 1125/1655/1892 1126/1656/1893 1162/1697/1929
f 1126/1656/1893 1127/1657/1894 1163/1698/1930
f 1127/1657/1894 1128/1658/1895 1164/1699/1931
f 1128/1660/1895 1129/1659/1896 1165/1700/1932
f 1129/1659/1896 1130/1661/1897 1166/1702/1933
f 1130/1661/1897 1131/1662/1898 1167/1703/1934
f 1131/1662/1898 1132/1663/1899 1168/1704/1935
f 1132/1663/1899 1133/1664/1900 1169/1705/1936
f 1133/1664/1900 1134/1665/1901 1170/1706/1937
f 1134/1665/1901 1135/1666/1902 1171/1707/1938
f 1135/1666/1902 1136/1667/1903 1172/1708/1939
f 1136/1670/1903 1137/1669/1904 1173/1709/1940
f 1138/1671/1905 1174/1711/1941 1173/1709/1940
f 1139/1672/1906 1175/1712/1942 1174/1711/1941
f 1140/1673/1907 1176/1713/1943 1175/1712/1942
f 1141/1674/1908 1177/1714/1944 1176/1713/1943
f 1142/1675/1909 1178/1715/1945 1177/1714/1944
f 1143/1676/1910 1179/1716/1946 1178/1715/1945
f 1144/1677/1911 1180/1717/1947 1179/1716/1946
f 1145/1679/1912 1181/1719/1948 1180/1717/1947
f 1146/1718/1913 1182/1758/1949 1181/1719/1948
f 1147/1681/1914 1183/1721/1950 1182/1720/1949
f 1112/1641/1879 1148/1682/1915 1183/1721/1950
f 1149/1683/1916 1185/1723/1952 1184/1722/1951
f 1150/1684/1917 1186/1724/1953 1185/1723/1952
f 1151/1685/1918 1187/1725/1954 1186/1724/1953
f 1152/1686/1919 1188/1726/1955 1187/1725/1954
f 1153/1688/1920 1189/1728/1956 1188/1726/1955
f 1154/1727/1921 1190/1767/1957 1189/1728/1956
f 1155/1691/1923 1191/1731/1959 1190/1729/1957
f 1155/1691/1923 1156/1690/1922 1192/1730/1958
f 1156/1690/1922 1157/1692/1924 1193/1732/1960
f 1157/1692/1924 1158/1693/1925 1194/1733/1961
f 1158/1693/1925 1159/1694/1926 1195/1734/1962
f 1159/1694/1926 1160/1695/1927 1196/1735/1963
f 1160/1695/1927 1161/1696/1928 1197/1736/1964
f 1161/1696/1928 1162/1697/1929 1198/1737/1965
f 1162/1697/1929 1163/1698/1930 1199/1738/1966
f 1163/1698/1930 1164/1699/1931 1200/1739/1967
f 1164/1701/1931 1165/1700/1932 1201/1740/1968
f 1165/1700/1932 1166/1702/1933 1202/1742/1969
f 1166/1702/1933 1167/1703/1934 1203/1743/1970
f 1167/1703/1934 1168/1704/1935 1204/1744/1971
f 1168/1704/1935 1169/1705/1936 1205/1745/1972
f 1169/1705/1936 1170/1706/1937 1206/1746/1973
f 1170/1706/1937 1171/1707/1938 1207/1747/1974
f 1171/1707/1938 1172/1708/1939 1208/1748/1975
f 1172/1710/1939 1173/1709/1940 1209/1749/1976
f 1174/1711/1941 1210/1751/1977 1209/1749/1976
f 1175/1712/1942 1211/1752/1978 1210/1751/1977
f 1176/1713/1943 1212/1753/1979 1211/1752/1978
f 1177/1714/1944 1213/1754/1980 1212/1753/1979
f 1178/1715/1945 1214/1755/1981 1213/1754/1980
f 1179/1716/1946 1215/1756/1982 1214/1755/1981
f 1180/1717/1947 1216/1757/1983 1215/1756/1982
f 1181/1719/1948 1217/1759/1984 1216/1757/1983
f 1182/1758/1949 1218/1798/1985 1217/1759/1984
f 1183/1721/1950 1219/1761/1986 1218/1760/1985
f 1148/1682/1915 1184/1722/1951 1219/1761/1986
f 1185/1723/1952 1221/1763/1988 1220/1762/1987
f 1186/1724/1953 1222/1764/1989 1221/1763/1988
f 1187/1725/1954 1223/1765/1990 1222/1764/1989
f 1188/1726/1955 1224/1766/1991 1223/1765/1990
f 1189/1728/1956 1225/1768/1992 1224/1766/1991
f 1190/1767/1957 1226/1807/1993 1225/1768/1992
f 1191/1731/1959 1227/1770/1994 1226/1769/1993
f 1192/1730/1958 1228/1772/1996 1227/1770/1994
f 1192/1730/1958 1193/1732/1960 1229/1771/1995
f 1193/1732/1960 1194/1733/1961 1230/1773/1997
f 1194/1733/1961 1195/1734/1962 1231/1774/1998
f 1195/1734/1962 1196/1735/1963 1232/1775/1999
f 1196/1735/1963 1197/1736/1964 1233/1776/2000
f 1197/1736/1964 1198/1737/1965 1234/1777/2001
f 1198/1737/1965 1199/1738/1966 1235/1778/2002
f 1199/1738/1966 1200/1739/1967 1236/1779/2003
f 1200/1741/1967 1201/1740/1968 1237/1780/2004
f 1201/1740/1968 1202/1742/1969 1238/1782/2005
f 1202/1742/1969 1203/1743/1970 1239/1783/2006
f 1203/1743/1970 1204/1744/1971 1240/1784/2007
f 1204/1744/1971 1205/1745/1972 1241/1785/2008
f 1205/1745/1972 1206/1746/1973 1242/1786/2009
f 1206/1746/1973 1207/1747/1974 1243/1787/2010
f 1207/1747/1974 1208/1748/1975 1244/1788/2011
f 1208/1750/1975 1209/1749/1976 1245/1789/2012
f 1210/1751/1977 1246/1791/2013 1245/1789/2012
f 1211/1752/1978 1247/1792/2014 1246/1791/2013
f 1212/1753/1979 1248/1793/2015 1247/1792/2014
f 1213/1754/1980 1249/1794/2016 1248/1793/2015
f 1214/1755/1981 1250/1795/2017 1249/1794/2016
f 1215/1756/1982 1251/1796/2018 1250/1795/2017
f 1216/1757/1983 1252/1797/2019 1251/1796/2018
f 1217/1759/1984 1253/1799/2020 1252/1797/2019
f 1218/1798/1985 1254/1838/2021 1253/1799/2020
f 1219/1761/1986 1255/1801/2022 1254/1800/2021
f 1184/1722/1951 1220/1762/1987 1255/1801/2022
f 1221/1763/1988 1257/1803/2024 1256/1802/2023
f 1222/1764/1989 1258/1804/2025 1257/1803/2024
f 1223/1765/1990 1259/1805/2026 1258/1804/2025
f 1224/1766/1991 1260/1806/2027 1259/1805/2026
f 1225/1768/1992 1261/1808/2028 1260/1806/2027
f 1226/1807/1993 1262/1847/2029 1261/1808/2028
f 1227/1770/1994 1263/1810/2030 1262/1809/2029
f 1228/1772/1996 1264/1812/2032 1263/1810/2030
f 1228/1772/1996 1229/1771/1995 1265/1811/2031
f 1229/1771/1995 1230/1773/1997 1266/1813/2033
f 1230/1773/1997 1231/1774/1998 1267/1814/2034
f 1231/1774/1998 1232/1775/1999 1268/1815/2035
f 1232/1775/1999 1233/1776/2000 1269/1816/2036
f 1233/1776/2000 1234/1777/2001 1270/1817/2037
f 1234/1777/2001 1235/1778/2002 1271/1818/2038
f 1235/1778/2002 1236/1779/2003 1272/1819/2039
f 1236/1781/2003 1237/1780/2004 1273/1820/2040
f 1237/1780/2004 1238/1782/2005 1274/1822/2041
f 1238/1782/2005 1239/1783/2006 1275/1823/2042
f 1239/1783/2006 1240/1784/2007 1276/1824/2043
f 1240/1784/2007 1241/1785/2008 1277/1825/2044
f 1241/1785/2008 1242/1786/2009 1278/1826/2045
f 1242/1786/2009 1243/1787/2010 1279/1827/2046
f 1243/1787/2010 1244/1788/2011 1280/1828/2047
f 1244/1790/2011 1245/1789/2012 1281/1829/2048
f 1246/1791/2013 1282/1831/2049 1281/1829/2048
f 1247/1792/2014 1283/1832/2050 1282/1831/2049
f 1248/1793/2015 1284/1833/2051 1283/1832/2050
f 1249/1794/2016 1285/1834/2052 1284/1833/2051
f 1250/1795/2017 1286/1835/2053 1285/1834/2052
f 1251/1796/2018 1287/1836/2054 1286/1835/2053
f 1252/1797/2019 1288/1837/2055 1287/1836/2054
f 1253/1799/2020 1289/1839/2056 1288/1837/2055
f 1254/1838/2021 1290/1878/2057 1289/1839/2056
f 1255/1801/2022 1291/1841/2058 1290/1840/2057
f 1220/1762/1987 1256/1802/2023 1291/1841/2058
f 1257/1803/2024 1293/1843/2060 1292/1842/2059
f 1258/1804/2025 1294/1844/2061 1293/1843/2060
f 1259/1805/2026 1295/1845/2062 1294/1844/2061
f 1260/1806/2027 1296/1846/2063 1295/1845/2062
f 1261/1808/2028 1297/1848/2064 1296/1846/2063
f 1262/1847/2029 1298/1887/2065 1297/1848/2064
f 1263/1810/2030 1299/1851/2067 1298/1849/2065
f 1263/1810/2030 1264/1812/2032 1300/1850/2066
f 1264/1812/2032 1265/1811/2031 1301/1852/2068
f 1265/1811/2031 1266/1813/2033 1302/1853/2069
f 1266/1813/2033 1267/1814/2034 1303/1854/2070
f 1267/1814/2034 1268/1815/2035 1304/1855/2071
f 1268/1815/2035 1269/1816/2036 1305/1856/2072
f 1269/1816/2036 1270/1817/2037 1306/1857/2073
f 1270/1817/2037 1271/1818/2038 1307/1858/2074
f 1271/1818/2038 1272/1819/2039 1308/1859/2075
f 1272/1821/2039 1273/1820/2040 1309/1860/2076
f 1273/1820/2040 1274/1822/2041 1310/1862/2077
f 1274/1822/2041 1275/1823/2042 1311/1863/2078
f 1275/1823/2042 1276/1824/2043 1312/1864/2079
f 1276/1824/2043 1277/1825/2044 1313/1865/2080
f 1277/1825/2044 1278/1826/2045 1314/1866/2081
f 1278/1826/2045 1279/1827/2046 1315/1867/2082
f 1279/1827/2046 1280/1828/2047 1316/1868/2083
f 1280/1830/2047 1281/1829/2048 1317/1869/2084
f 1282/1831/2049 1318/1871/2085 1317/1869/2084
f 1283/1832/2050 1319/1872/2086 1318/1871/2085
f 1284/1833/2051 1320/1873/2087 1319/1872/2086
f 1285/1834/2052 1321/1874/2088 1320/1873/2087
f 1286/1835/2053 1322/1875/2089 1321/1874/2088
f 1287/1836/2054 1323/1876/2090 1322/1875/2089
f 1288/1837/2055 1324/1877/2091 1323/1876/2090
f 1289/1839/2056 1325/1879/2092 1324/1877/2091
f 1290/1878/2057 1326/1918/2093 1325/1879/2092
f 1291/1841/2058 1327/1881/2094 1326/1880/2093
f 1256/1802/2023 1292/1842/2059 1327/1881/2094
f 1293/1843/2060 1329/1883/2096 1328/1882/2095
f 1294/1844/2061 1330/1884/2097 1329/1883/2096
f 1295/1845/2062 1331/1885/2098 1330/1884/2097
f 1296/1846/2063 1332/1886/2099 1331/1885/2098
f 1297/1848/2064 1333/1888/2100 1332/1886/2099
f 1298/1887/2065 1334/1927/2101 1333/1888/2100
f 1299/1851/2067 1335/1891/2103 1334/1889/2101
f 1299/1851/2067 1300/1850/2066 1336/1890/2102
f 1300/1850/2066 1301/1852/2068 1337/1892/2104
f 1301/1852/2068 1302/1853/2069 1338/1893/2105
f 1302/1853/2069 1303/1854/2070 1339/1894/2106
f 1303/1854/2070 1304/1855/2071 1340/1895/2107
f 1304/1855/2071 1305/1856/2072 1341/1896/2108
f 1305/1856/2072 1306/1857/2073 1342/1897/2109
f 1306/1857/2073 1307/1858/2074 1343/1898/2110
f 1307/1858/2074 1308/1859/2075 1344/1899/2111
f 1308/1861/2075 1309/1860/2076 1345/1900/2112
f 1309/1860/2076 1310/1862/2077 1346/1902/2113
f 1310/1862/2077 1311/1863/2078 1347/1903/2114
f 1311/1863/2078 1312/1864/2079 1348/1904/2115
f 1312/1864/2079 1313/1865/2080 1349/1905/2116
f 1313/1865/2080 1314/1866/2081 1350/1906/2117
f 1314/1866/2081 1315/1867/2082 1351/1907/2118
f 1315/1867/2082 1316/1868/2083 1352/1908/2119
f 1316/1870/2083 1317/1869/2084 1353/1909/2120
f 1318/1871/2085 1354/1911/2121 1353/1909/2120
f 1319/1872/2086 1355/1912/2122 1354/1911/2121
f 1320/1873/2087 1356/1913/2123 1355/1912/2122
f 1321/1874/2088 1357/1914/2124 1356/1913/2123
f 1322/1875/2089 1358/1915/2125 1357/1914/2124
f 1323/1876/2090 1359/1916/2126 1358/1915/2125
f 1324/1877/2091 1360/1917/2127 1359/1916/2126
f 1325/1879/2092 1361/1919/2128 1360/1917/2127
f 1326/1918/2093 1362/1958/2129 1361/1919/2128
f 1327/1881/2094 1363/1921/2130 1362/1920/2129
f 1292/1842/2059 1328/1882/2095 1363/1921/2130
f 1329/1883/2096 1365/1923/2132 1364/1922/2131
f 1330/1884/2097 1366/1924/2133 1365/1923/2132
f 1331/1885/2098 1367/1925/2134 1366/1924/2133
f 1332/1886/2099 1368/1926/2135 1367/1925/2134
f 1333/1888/2100 1369/1928/2136 1368/1926/2135
f 1334/1927/2101 1370/1967/2137 1369/1928/2136
f 1335/1891/2103 1371/1931/2139 1370/1929/2137
f 1335/1891/2103 1336/1890/2102 1372/1930/2138
f 1336/1890/2102 1337/1892/2104 1373/1932/2140
f 1337/1892/2104 1338/1893/2105 1374/1933/2141
f 1338/1893/2105 1339/1894/2106 1375/1934/2142
f 1339/1894/2106 1340/1895/2107 1376/1935/2143
f 1340/1895/2107 1341/1896/2108 1377/1936/2144
f 1341/1896/2108 1342/1897/2109 1378/1937/2145
f 1342/1897/2109 1343/1898/2110 1379/1938/2146
f 1343/1898/2110 1344/1899/2111 1380/1939/2147
f 1344/1901/2111 1345/1900/2112 1381/1940/2148
f 1345/1900/2112 1346/1902/2113 1382/1942/2149
f 1346/1902/2113 1347/1903/2114 1383/1943/2150
f 1347/1903/2114 1348/1904/2115 1384/1944/2151
f 1348/1904/2115 1349/1905/2116 1385/1945/2152
f 1349/1905/2116 1350/1906/2117 1386/1946/2153
f 1350/1906/2117 1351/1907/2118 1387/1947/2154
f 1351/1907/2118 1352/1908/2119 1388/1948/2155
f 1352/1910/2119 1353/1909/2120 1389/1949/2156
f 1354/1911/2121 1390/1951/2157 1389/1949/2156
f 1355/1912/2122 1391/1952/2158 1390/1951/2157
f 1356/1913/2123 1392/1953/2159 1391/1952/2158
f 1357/1914/2124 1393/1954/2160 1392/1953/2159
f 1358/1915/2125 1394/1955/2161 1393/1954/2160
f 1359/1916/2126 1395/1956/2162 1394/1955/2161
f 1360/1917/2127 1396/1957/2163 1395/1956/2162
f 1361/1919/2128 1397/1959/2164 1396/1957/2163
f 1362/1958/2129 1398/1998/2165 1397/1959/2164
f 1363/1921/2130 1399/1961/2166 1398/1960/2165
f 1328/1882/2095 1364/1922/2131 1399/1961/2166
f 1365/1923/2132 1401/1963/2168 1400/1962/2167
f 1366/1924/2133 1402/1964/2169 1401/1963/2168
f 1367/1925/2134 1403/1965/2170 1402/1964/2169
f 1368/1926/2135 1404/1966/2171 1403/1965/2170
f 1369/1928/2136 1405/1968/2172 1404/1966/2171
f 1370/1967/2137 1406/2007/2173 1405/1968/2172
f 1371/1931/2139 1407/1971/2175 1406/1969/2173
f 1371/1931/2139 1372/1930/2138 1408/1970/2174
f 1372/1930/2138 1373/1932/2140 1409/1972/2176
f 1373/1932/2140 1374/1933/2141 1410/1973/2177
f 1374/1933/2141 1375/1934/2142 1411/1974/2178
f 1375/1934/2142 1376/1935/2143 1412/1975/2179
f 1376/1935/2143 1377/1936/2144 1413/1976/2180
f 1377/1936/2144 1378/1937/2145 1414/1977/2181
f 1378/1937/2145 1379/1938/2146 1415/1978/2182
f 1379/1938/2146 1380/1939/2147 1416/1979/2183
f 1380/1941/2147 1381/1940/2148 1417/1980/2184
f 1381/1940/2148 1382/1942/2149 1418/1982/2185
f 1382/1942/2149 1383/1943/2150 1419/1983/2186
f 1383/1943/2150 1384/1944/2151 1420/1984/2187
f 1384/1944/2151 1385/1945/2152 1421/1985/2188
f 1385/1945/2152 1386/1946/2153 1422/1986/2189
f 1386/1946/2153 1387/1947/2154 1423/1987/2190
f 1387/1947/2154 1388/1948/2155 1424/1988/2191
f 1388/1950/2155 1389/1949/2156 1425/1989/2192
f 1390/1951/2157 1426/1991/2193 1425/1989/2192
f 1391/1952/2158 1427/1992/2194 1426/1991/2193
f 1392/1953/2159 1428/1993/2195 1427/1992/2194
f 1393/1954/2160 1429/1994/2196 1428/1993/2195
f 1394/1955/2161 1430/1995/2197 1429/1994/2196
f 1395/1956/2162 1431/1996/2198 1430/1995/2197
f 1396/1957/2163 1432/1997/2199 1431/1996/2198
f 1397/1959/2164 1433/1999/2200 1432/1997/2199
f 1398/1998/2165 1434/2038/2201 1433/1999/2200
f 1399/1961/2166 1435/2001/2202 1434/2000/2201
f 1364/1922/2131 1400/1962/2167 1435/2001/2202
f 1401/1963/2168 1437/2003/2204 1436/2002/2203
f 1402/1964/2169 1438/2004/2205 1437/2003/2204
f 1403/1965/2170 1439/2005/2206 1438/2004/2205
f 1404/1966/2171 1440/2006/2207 1439/2005/2206
f 1405/1968/2172 1441/2008/2208 1440/2006/2207
f 1406/2007/2173 1442/2048/2209 1441/2008/2208
f 1407/1971/2175 1443/2011/2211 1442/2009/2209
f 1407/1971/2175 1408/1970/2174 1444/2010/2210
f 1408/1970/2174 1409/1972/2176 1445/2012/2212
f 1409/1972/2176 1410/1973/2177 1446/2013/2213
f 1410/1973/2177 1411/1974/2178 1447/2014/2214
f 1411/1974/2178 1412/1975/2179 1448/2015/2215
f 1412/1975/2179 1413/1976/2180 1449/2016/2216
f 1413/1976/2180 1414/1977/2181 1450/2017/2217
f 1414/1977/2181 1415/1978/2182 1451/2018/2218
f 1415/1978/2182 1416/1979/2183 1452/2019/2219
f 1416/1979/2183 1417/4031/2184 1453/2020/2220
f 1417/1980/2184 1418/1982/2185 1454/2021/2221
f 1418/1982/2185 1419/1983/2186 1455/2023/2222
f 1419/1983/2186 1420/1984/2187 1456/2024/2223
f 1420/1984/2187 1421/1985/2188 1457/2025/2224
f 1421/1985/2188 1422/1986/2189 1458/2026/2225
f 1422/1986/2189 1423/1987/2190 1459/2027/2226
f 1423/1987/2190 1424/1988/2191 1460/2028/2227
f 1424/1990/2191 1425/1989/2192 1461/2029/2228
f 1426/1991/2193 1462/2031/2229 1461/2029/2228
f 1427/1992/2194 1463/2032/2230 1462/2031/2229
f 1428/1993/2195 1464/2033/2231 1463/2032/2230
f 1429/1994/2196 1465/2034/2232 1464/2033/2231
f 1430/1995/2197 1466/2035/2233 1465/2034/2232
f 1431/1996/2198 1467/2036/2234 1466/2035/2233
f 1432/1997/2199 1468/2037/2235 1467/2036/2234
f 1433/1999/2200 1469/2039/2236 1468/2037/2235
f 1434/2038/2201 1470/2041/2237 1469/2039/2236
f 1435/2040/2202 1471/4032/2238 1470/2041/2237
f 1400/1962/2167 1436/2002/2203 1471/2042/2238
f 1437/2003/2204 1473/2044/2240 1472/2043/2239
f 1438/2004/2205 1474/2045/2241 1473/2044/2240
f 1439/2005/2206 1475/2046/2242 1474/2045/2241
f 1440/2006/2207 1476/2047/2243 1475/2046/2242
f 1441/2008/2208 1477/2049/2244 1476/2047/2243
f 1442/2048/2209 1478/2088/2245 1477/2049/2244
f 1443/2011/2211 1479/2052/2247 1478/2050/2245
f 1443/2011/2211 1444/2010/2210 1480/2051/2246
f 1444/2010/2210 1445/2012/2212 1481/2053/2248
f 1445/2012/2212 1446/2013/2213 1482/2054/2249
f 1446/2013/2213 1447/2014/2214 1483/2055/2250
f 1447/2014/2214 1448/2015/2215 1484/2056/2251
f 1448/2015/2215 1449/2016/2216 1485/2057/2252
f 1449/2016/2216 1450/2017/2217 1486/2058/2253
f 1450/2017/2217 1451/2018/2218 1487/2059/2254
f 1451/2018/2218 1452/2019/2219 1488/2060/2255
f 1452/2019/2219 1453/2020/2220 1489/2061/2256
f 1453/2022/2220 1454/2021/2221 1490/2062/2257
f 1454/2021/2221 1455/2023/2222 1491/2064/2258
f 1455/2023/2222 1456/2024/2223 1492/2065/2259
f 1456/2024/2223 1457/2025/2224 1493/2066/2260
f 1457/2025/2224 1458/2026/2225 1494/2067/2261
f 1458/2026/2225 1459/2027/2226 1495/2068/2262
f 1459/2027/2226 1460/2028/2227 1496/2069/2263
f 1460/2030/2227 1461/2029/2228 1497/2070/2264
f 1462/2031/2229 1498/2072/2265 1497/2070/2264
f 1463/2032/2230 1499/2073/2266 1498/2072/2265
f 1464/2033/2231 1500/2074/2267 1499/2073/2266
f 1465/2034/2232 1501/2075/2268 1500/2074/2267
f 1466/2035/2233 1502/2076/2269 1501/2075/2268
f 1467/2036/2234 1503/2077/2270 1502/2076/2269
f 1468/2037/2235 1504/2078/2271 1503/2077/2270
f 1469/2039/2236 1505/2079/2272 1504/2078/2271
f 1470/2041/2237 1506/2119/2273 1505/2079/2272
f 1471/2042/2238 1507/2082/2274 1506/2080/2273
f 1436/2002/2203 1472/2043/2239 1507/2082/2274
f 1473/2044/2240 1509/2084/2276 1508/2083/2275
f 1474/2045/2241 1510/2085/2277 1509/2084/2276
f 1475/2046/2242 1511/2086/2278 1510/2085/2277
f 1476/2047/2243 1512/2087/2279 1511/2086/2278
f 1477/2049/2244 1513/2089/2280 1512/2087/2279
f 1478/2088/2245 1514/2129/2281 1513/2089/2280
f 1479/2052/2247 1515/2092/2283 1514/2090/2281
f 1479/2052/2247 1480/2051/2246 1516/2091/2282
f 1480/2051/2246 1481/2053/2248 1517/2093/2284
f 1481/2053/2248 1482/2054/2249 1518/2094/2285
f 1482/2054/2249 1483/2055/2250 1519/2095/2286
f 1483/2055/2250 1484/2056/2251 1520/2096/2287
f 1484/2056/2251 1485/2057/2252 1521/2097/2288
f 1485/2057/2252 1486/2058/2253 1522/2098/2289
f 1486/2058/2253 1487/2059/2254 1523/2099/2290
f 1487/2059/2254 1488/2060/2255 1524/2100/2291
f 1488/2060/2255 1489/2061/2256 1525/2101/2292
f 1489/2063/2256 1490/2062/2257 1526/2102/2293
f 1490/2062/2257 1491/2064/2258 1527/2104/2294
f 1491/2064/2258 1492/2065/2259 1528/2105/2295
f 1492/2065/2259 1493/2066/2260 1529/2106/2296
f 1493/2066/2260 1494/2067/2261 1530/2107/2297
f 1494/2067/2261 1495/2068/2262 1531/2108/2298
f 1495/2068/2262 1496/2069/2263 1532/2109/2299
f 1496/2069/2263 1497/4033/2264 1533/2110/2300
f 1497/2070/2264 1498/2072/2265 1534/2111/2301
f 1499/2073/2266 1535/2113/2302 1534/2111/2301
f 1500/2074/2267 1536/2114/2303 1535/2113/2302
f 1501/2075/2268 1537/2115/2304 1536/2114/2303
f 1502/2076/2269 1538/2116/2305 1537/2115/2304
f 1503/2077/2270 1539/2117/2306 1538/2116/2305
f 1504/2078/2271 1540/2118/2307 1539/2117/2306
f 1505/2079/2272 1541/2120/2308 1540/2118/2307
f 1506/2119/2273 1542/2122/2309 1541/2120/2308
f 1507/2121/2274 1543/4034/2310 1542/2122/2309
f 1472/2043/2239 1508/2083/2275 1543/2123/2310
f 1509/2084/2276 1545/2125/2312 1544/2124/2311
f 1510/2085/2277 1546/2126/2313 1545/2125/2312
f 1511/2086/2278 1547/2127/2314 1546/2126/2313
f 1512/2087/2279 1548/2128/2315 1547/2127/2314
f 1513/2089/2280 1549/2130/2316 1548/2128/2315
f 1514/2129/2281 1550/2171/2317 1549/2130/2316
f 1515/2092/2283 1551/2133/2319 1550/2131/2317
f 1515/2092/2283 1516/2091/2282 1552/2132/2318
f 1516/2091/2282 1517/2093/2284 1553/2134/2320
f 1517/2093/2284 1518/2094/2285 1554/2135/2321
f 1518/2094/2285 1519/2095/2286 1555/2136/2322
f 1519/2095/2286 1520/2096/2287 1556/2137/2323
f 1520/2096/2287 1521/2097/2288 1557/2138/2324
f 1521/2097/2288 1522/2098/2289 1558/2139/2325
f 1522/2098/2289 1523/2099/2290 1559/2140/2326
f 1523/2099/2290 1524/2100/2291 1560/2141/2327
f 1524/2142/2291 1525/2103/2292 1561/2143/2328
f 1525/2103/2292 1526/2102/2293 1562/2145/2329
f 1526/2102/2293 1527/2104/2294 1563/2146/2330
f 1527/2104/2294 1528/2105/2295 1564/2147/2331
f 1528/2105/2295 1529/2106/2296 1565/2148/2332
f 1529/2106/2296 1530/2107/2297 1566/2149/2333
f 1530/2107/2297 1531/2108/2298 1567/2150/2334
f 1531/2108/2298 1532/2109/2299 1568/2151/2335
f 1532/2152/2299 1533/2112/2300 1569/2153/2336
f 1533/2112/2300 1534/2111/2301 1570/2155/2337
f 1535/2113/2302 1571/2156/2338 1570/2155/2337
f 1536/2114/2303 1572/2157/2339 1571/2156/2338
f 1537/2115/2304 1573/2158/2340 1572/2157/2339
f 1538/2116/2305 1574/2159/2341 1573/2158/2340
f 1539/2117/2306 1575/2160/2342 1574/2159/2341
f 1540/2118/2307 1576/2161/2343 1575/2160/2342
f 1541/2120/2308 1577/2162/2344 1576/2161/2343
f 1542/2122/2309 1578/2202/2345 1577/2162/2344
f 1543/2123/2310 1579/2165/2346 1578/2163/2345
f 1508/2083/2275 1544/2124/2311 1579/2165/2346
f 1545/2125/2312 1581/2167/2348 1580/2166/2347
f 1546/2126/2313 1582/2168/2349 1581/2167/2348
f 1547/2127/2314 1583/2169/2350 1582/2168/2349
f 1548/2128/2315 1584/2170/2351 1583/2169/2350
f 1549/2130/2316 1585/2172/2352 1584/2170/2351
f 1550/2171/2317 1586/2211/2353 1585/2172/2352
f 1551/2133/2319 1587/2175/2355 1586/2173/2353
f 1551/2133/2319 1552/2132/2318 1588/2174/2354
f 1552/2132/2318 1553/2134/2320 1589/2176/2356
f 1553/2134/2320 1554/2135/2321 1590/2177/2357
f 1554/2135/2321 1555/2136/2322 1591/2178/2358
f 1555/2136/2322 1556/2137/2323 1592/2179/2359
f 1556/2137/2323 1557/2138/2324 1593/2180/2360
f 1557/2138/2324 1558/2139/2325 1594/2181/2361
f 1558/2139/2325 1559/2140/2326 1595/2182/2362
f 1559/2140/2326 1560/2141/2327 1596/2183/2363
f 1560/2144/2327 1561/2143/2328 1597/2184/2364
f 1561/2143/2328 1562/2145/2329 1598/2186/2365
f 1562/2145/2329 1563/2146/2330 1599/2187/2366
f 1563/2146/2330 1564/2147/2331 1600/2188/2367
f 1564/2147/2331 1565/2148/2332 1601/2189/2368
f 1565/2148/2332 1566/2149/2333 1602/2190/2369
f 1566/2149/2333 1567/2150/2334 1603/2191/2370
f 1567/2150/2334 1568/2151/2335 1604/2192/2371
f 1568/2154/2335 1569/2153/2336 1605/2193/2372
f 1570/2155/2337 1606/2195/2373 1605/2193/2372
f 1571/2156/2338 1607/2196/2374 1606/2195/2373
f 1572/2157/2339 1608/2197/2375 1607/2196/2374
f 1573/2158/2340 1609/2198/2376 1608/2197/2375
f 1574/2159/2341 1610/2199/2377 1609/2198/2376
f 1575/2160/2342 1611/2200/2378 1610/2199/2377
f 1576/2161/2343 1612/2201/2379 1611/2200/2378
f 1577/2162/2344 1613/2203/2380 1612/2201/2379
f 1578/2202/2345 1614/2242/2381 1613/2203/2380
f 1579/2165/2346 1615/2205/2382 1614/2204/2381
f 1544/2124/2311 1580/2166/2347 1615/2205/2382
f 1581/2167/2348 1617/2207/2384 1616/2206/2383
f 1582/2168/2349 1618/2208/2385 1617/2207/2384
f 1583/2169/2350 1619/2209/2386 1618/2208/2385
f 1584/2170/2351 1620/2210/2387 1619/2209/2386
f 1585/2172/2352 1621/2212/2388 1620/2210/2387
f 1586/2211/2353 1622/2251/2389 1621/2212/2388
f 1587/2175/2355 1623/2215/2391 1622/2213/2389
f 1587/2175/2355 1588/2174/2354 1624/2214/2390
f 1588/2174/2354 1589/2176/2356 1625/2216/2392
f 1589/2176/2356 1590/2177/2357 1626/2217/2393
f 1590/2177/2357 1591/2178/2358 1627/2218/2394
f 1591/2178/2358 1592/2179/2359 1628/2219/2395
f 1592/2179/2359 1593/2180/2360 1629/2220/2396
f 1593/2180/2360 1594/2181/2361 1630/2221/2397
f 1594/2181/2361 1595/2182/2362 1631/2222/2398
f 1595/2182/2362 1596/2183/2363 1632/2223/2399
f 1596/2185/2363 1597/2184/2364 1633/2224/2400
f 1597/2184/2364 1598/2186/2365 1634/2226/2401
f 1598/2186/2365 1599/2187/2366 1635/2227/2402
f 1599/2187/2366 1600/2188/2367 1636/2228/2403
f 1600/2188/2367 1601/2189/2368 1637/2229/2404
f 1601/2189/2368 1602/2190/2369 1638/2230/2405
f 1602/2190/2369 1603/2191/2370 1639/2231/2406
f 1603/2191/2370 1604/2192/2371 1640/2232/2407
f 1604/2194/2371 1605/2193/2372 1641/2233/2408
f 1606/2195/2373 1642/2235/2409 1641/2233/2408
f 1607/2196/2374 1643/2236/2410 1642/2235/2409
f 1608/2197/2375 1644/2237/2411 1643/2236/2410
f 1609/2198/2376 1645/2238/2412 1644/2237/2411
f 1610/2199/2377 1646/2239/2413 1645/2238/2412
f 1611/2200/2378 1647/2240/2414 1646/2239/2413
f 1612/2201/2379 1648/2241/2415 1647/2240/2414
f 1613/2203/2380 1649/2243/2416 1648/2241/2415
f 1614/2242/2381 1650/2282/2417 1649/2243/2416
f 1615/2205/2382 1651/2245/2418 1650/2244/2417
f 1580/2166/2347 1616/2206/2383 1651/2245/2418
f 1617/2207/2384 1653/2247/2420 1652/2246/2419
f 1618/2208/2385 1654/2248/2421 1653/2247/2420
f 1619/2209/2386 1655/2249/2422 1654/2248/2421
f 1620/2210/2387 1656/2250/2423 1655/2249/2422
f 1621/2212/2388 1657/2252/2424 1656/2250/2423
f 1622/2251/2389 1658/2291/2425 1657/2252/2424
f 1623/2215/2391 1659/2255/2427 1658/2253/2425
f 1623/2215/2391 1624/2214/2390 1660/2254/2426
f 1624/2214/2390 1625/2216/2392 1661/2256/2428
f 1625/2216/2392 1626/2217/2393 1662/2257/2429
f 1626/2217/2393 1627/2218/2394 1663/2258/2430
f 1627/2218/2394 1628/2219/2395 1664/2259/2431
f 1628/2219/2395 1629/2220/2396 1665/2260/2432
f 1629/2220/2396 1630/2221/2397 1666/2261/2433
f 1630/2221/2397 1631/2222/2398 1667/2262/2434
f 1631/2222/2398 1632/2223/2399 1668/2263/2435
f 1632/2225/2399 1633/2224/2400 1669/2264/2436
f 1633/2224/2400 1634/2226/2401 1670/2266/2437
f 1634/2226/2401 1635/2227/2402 1671/2267/2438
f 1635/2227/2402 1636/2228/2403 1672/2268/2439
f 1636/2228/2403 1637/2229/2404 1673/2269/2440
f 1637/2229/2404 1638/2230/2405 1674/2270/2441
f 1638/2230/2405 1639/2231/2406 1675/2271/2442
f 1639/2231/2406 1640/2232/2407 1676/2272/2443
f 1640/2234/2407 1641/2233/2408 1677/2273/2444
f 1642/2235/2409 1678/2275/2445 1677/2273/2444
f 1643/2236/2410 1679/2276/2446 1678/2275/2445
f 1644/2237/2411 1680/2277/2447 1679/2276/2446
f 1645/2238/2412 1681/2278/2448 1680/2277/2447
f 1646/2239/2413 1682/2279/2449 1681/2278/2448
f 1647/2240/2414 1683/2280/2450 1682/2279/2449
f 1648/2241/2415 1684/2281/2451 1683/2280/2450
f 1649/2243/2416 1685/2283/2452 1684/2281/2451
f 1650/2282/2417 1686/2326/2453 1685/2283/2452
f 1651/2245/2418 1687/2285/2454 1686/2284/2453
f 1616/2206/2383 1652/2246/2419 1687/2285/2454
f 1653/2247/2420 1689/2287/2456 1688/2286/2455
f 1654/2248/2421 1690/2288/2457 1689/2287/2456
f 1655/2249/2422 1691/2289/2458 1690/2288/2457
f 1656/2250/2423 1692/2290/2459 1691/2289/2458
f 1657/2252/2424 1693/2292/2460 1692/2290/2459
f 1658/2291/2425 1694/2294/2461 1693/2292/2460
f 1659/2293/2427 1695/2336/2463 1694/2294/2461
f 1659/2255/2427 1660/2254/2426 1696/2295/2462
f 1660/2254/2426 1661/2256/2428 1697/2297/2464
f 1661/2256/2428 1662/2257/2429 1698/2298/2465
f 1662/2257/2429 1663/2258/2430 1699/2299/2466
f 1663/2258/2430 1664/2259/2431 1700/2300/2467
f 1664/2259/2431 1665/2260/2432 1701/2301/2468
f 1665/2260/2432 1666/2261/2433 1702/2302/2469
f 1666/2261/2433 1667/2262/2434 1703/2303/2470
f 1667/2262/2434 1668/2263/2435 1704/2304/2471
f 1668/2265/2435 1669/2264/2436 1705/2305/2472
f 1669/2264/2436 1670/2266/2437 1706/2307/2473
f 1670/2266/2437 1671/2267/2438 1707/2308/2474
f 1671/2267/2438 1672/2268/2439 1708/2309/2475
f 1672/2268/2439 1673/2269/2440 1709/2310/2476
f 1673/2269/2440 1674/2270/2441 1710/2311/2477
f 1674/2270/2441 1675/2271/2442 1711/2312/2478
f 1675/2313/2442 1676/4035/2443 1712/2314/2479
f 1676/2272/2443 1677/4036/2444 1713/2316/2480
f 1678/2275/2445 1714/2319/2481 1713/2318/2480
f 1679/2276/2446 1715/2320/2482 1714/2319/2481
f 1680/2277/2447 1716/2321/2483 1715/2320/2482
f 1681/2278/2448 1717/2322/2484 1716/2321/2483
f 1682/2279/2449 1718/2323/2485 1717/2322/2484
f 1683/2280/2450 1719/2324/2486 1718/2323/2485
f 1684/2281/2451 1720/2325/2487 1719/2324/2486
f 1685/2283/2452 1721/2327/2488 1720/2325/2487
f 1686/2326/2453 1722/2368/2489 1721/2327/2488
f 1687/2285/2454 1723/2329/2490 1722/2328/2489
f 1652/2246/2419 1688/2286/2455 1723/2329/2490
f 1689/2287/2456 1725/2331/2492 1724/2330/2491
f 1690/2288/2457 1726/2332/2493 1725/2331/2492
f 1691/2289/2458 1727/2333/2494 1726/2332/2493
f 1692/2290/2459 1728/2334/2495 1727/2333/2494
f 1693/2292/2460 1729/2335/2496 1728/2334/2495
f 1694/2294/2461 1730/2337/2497 1729/2335/2496
f 1695/2336/2463 1731/2378/2499 1730/2337/2497
f 1695/2296/2463 1696/2295/2462 1732/2338/2498
f 1696/2295/2462 1697/2297/2464 1733/2340/2500
f 1697/2297/2464 1698/2298/2465 1734/2341/2501
f 1698/2298/2465 1699/2299/2466 1735/2342/2502
f 1699/2299/2466 1700/2300/2467 1736/2343/2503
f 1700/2300/2467 1701/2301/2468 1737/2344/2504
f 1701/2301/2468 1702/2302/2469 1738/2345/2505
f 1702/2302/2469 1703/2303/2470 1739/2346/2506
f 1703/2303/2470 1704/2304/2471 1740/2347/2507
f 1704/2306/2471 1705/2305/2472 1741/2348/2508
f 1705/2305/2472 1706/2307/2473 1742/2350/2509
f 1706/2307/2473 1707/2308/2474 1743/2351/2510
f 1707/2308/2474 1708/2309/2475 1744/2352/2511
f 1708/2309/2475 1709/2310/2476 1745/2353/2512
f 1709/2310/2476 1710/2311/2477 1746/2354/2513
f 1710/2311/2477 1711/2312/2478 1747/2355/2514
f 1711/2315/2478 1712/2314/2479 1748/2356/2515
f 1712/2317/2479 1713/2316/2480 1749/2358/2516
f 1714/2319/2481 1750/2361/2517 1749/2360/2516
f 1715/2320/2482 1751/2362/2518 1750/2361/2517
f 1716/2321/2483 1752/2363/2519 1751/2362/2518
f 1717/2322/2484 1753/2364/2520 1752/2363/2519
f 1718/2323/2485 1754/2365/2521 1753/2364/2520
f 1719/2324/2486 1755/2366/2522 1754/2365/2521
f 1720/2325/2487 1756/2367/2523 1755/2366/2522
f 1721/2327/2488 1757/2369/2524 1756/2367/2523
f 1722/2368/2489 1758/2408/2525 1757/2369/2524
f 1723/2329/2490 1759/2371/2526 1758/2370/2525
f 1688/2286/2455 1724/2330/2491 1759/2371/2526
f 1725/2331/2492 1761/2373/2528 1760/2372/2527
f 1726/2332/2493 1762/2374/2529 1761/2373/2528
f 1727/2333/2494 1763/2375/2530 1762/2374/2529
f 1728/2334/2495 1764/2376/2531 1763/2375/2530
f 1729/2335/2496 1765/2377/2532 1764/2376/2531
f 1730/2337/2497 1766/2379/2533 1765/2377/2532
f 1731/2378/2499 1767/4037/2535 1766/2379/2533
f 1731/2339/2499 1732/2338/2498 1768/2380/2534
f 1732/2338/2498 1733/2340/2500 1769/2382/2536
f 1733/2340/2500 1734/2341/2501 1770/2383/2537
f 1734/2341/2501 1735/2342/2502 1771/2384/2538
f 1735/2342/2502 1736/2343/2503 1772/2385/2539
f 1736/2343/2503 1737/2344/2504 1773/2386/2540
f 1737/2344/2504 1738/2345/2505 1774/2387/2541
f 1738/2345/2505 1739/2346/2506 1775/2388/2542
f 1739/2346/2506 1740/2347/2507 1776/2389/2543
f 1740/2349/2507 1741/2348/2508 1777/2390/2544
f 1741/2348/2508 1742/2350/2509 1778/2392/2545
f 1742/2350/2509 1743/2351/2510 1779/2393/2546
f 1743/2351/2510 1744/2352/2511 1780/2394/2547
f 1744/2352/2511 1745/2353/2512 1781/2395/2548
f 1745/2353/2512 1746/2354/2513 1782/2396/2549
f 1746/2354/2513 1747/2355/2514 1783/2397/2550
f 1747/2355/2514 1748/2359/2515 1784/2398/2551
f 1748/2359/2515 1749/2358/2516 1785/2399/2552
f 1750/2361/2517 1786/2401/2553 1785/2400/2552
f 1751/2362/2518 1787/2402/2554 1786/2401/2553
f 1752/2363/2519 1788/2403/2555 1787/2402/2554
f 1753/2364/2520 1789/2404/2556 1788/2403/2555
f 1754/2365/2521 1790/2405/2557 1789/2404/2556
f 1755/2366/2522 1791/2406/2558 1790/2405/2557
f 1756/2367/2523 1792/2407/2559 1791/2406/2558
f 1757/2369/2524 1793/2409/2560 1792/2407/2559
f 1758/2408/2525 1794/2451/2561 1793/2409/2560
f 1759/2371/2526 1795/2411/2562 1794/2410/2561
f 1724/2330/2491 1760/2372/2527 1795/2411/2562
f 1761/2373/2528 1797/2413/2564 1796/2412/2563
f 1762/2374/2529 1798/2414/2565 1797/2413/2564
f 1763/2375/2530 1799/2415/2566 1798/2414/2565
f 1764/2376/2531 1800/2416/2567 1799/2415/2566
f 1765/2377/2532 1801/2417/2568 1800/2416/2567
f 1766/2379/2533 1802/2460/2569 1801/2417/2568
f 1767/2418/2535 1803/2464/2571 1802/2419/2569
f 1767/2381/2535 1768/2380/2534 1804/2421/2570
f 1768/2380/2534 1769/2382/2536 1805/2423/2572
f 1769/2382/2536 1770/2383/2537 1806/2424/2573
f 1770/2383/2537 1771/2384/2538 1807/2425/2574
f 1771/2384/2538 1772/2385/2539 1808/2426/2575
f 1772/2385/2539 1773/2386/2540 1809/2427/2576
f 1773/2386/2540 1774/2387/2541 1810/2428/2577
f 1774/2387/2541 1775/2388/2542 1811/2429/2578
f 1775/2388/2542 1776/2389/2543 1812/2430/2579
f 1776/2391/2543 1777/2390/2544 1813/2431/2580
f 1777/2390/2544 1778/2392/2545 1814/2433/2581
f 1778/2392/2545 1779/2393/2546 1815/2434/2582
f 1779/2393/2546 1780/2394/2547 1816/2435/2583
f 1780/2394/2547 1781/2395/2548 1817/2436/2584
f 1781/2395/2548 1782/2396/2549 1818/2437/2585
f 1782/2396/2549 1783/2397/2550 1819/2438/2586
f 1783/2397/2550 1784/2398/2551 1820/2439/2587
f 1784/2440/2551 1785/4038/2552 1821/2441/2588
f 1786/2401/2553 1822/2444/2589 1821/2443/2588
f 1787/2402/2554 1823/2445/2590 1822/2444/2589
f 1788/2403/2555 1824/2446/2591 1823/2445/2590
f 1789/2404/2556 1825/2447/2592 1824/2446/2591
f 1790/2405/2557 1826/2448/2593 1825/2447/2592
f 1791/2406/2558 1827/2449/2594 1826/2448/2593
f 1792/2407/2559 1828/2450/2595 1827/2449/2594
f 1793/2409/2560 1829/2452/2596 1828/2450/2595
f 1794/2451/2561 1830/2494/2597 1829/2452/2596
f 1795/2411/2562 1831/2454/2598 1830/2453/2597
f 1760/2372/2527 1796/2412/2563 1831/2454/2598
f 1797/2413/2564 1833/2456/2600 1832/2455/2599
f 1798/2414/2565 1834/2457/2601 1833/2456/2600
f 1799/2415/2566 1835/2458/2602 1834/2457/2601
f 1800/2416/2567 1836/2459/2603 1835/2458/2602
f 1801/2417/2568 1837/2461/2604 1836/2459/2603
f 1802/2460/2569 1838/2503/2606 1837/2461/2604
f 1802/2419/2569 1803/2464/2571 1839/2462/2605
f 1803/2464/2571 1804/4039/2570 1840/2465/2607
f 1804/2421/2570 1805/2423/2572 1841/2466/2608
f 1805/2423/2572 1806/2424/2573 1842/2468/2609
f 1806/2424/2573 1807/2425/2574 1843/2469/2610
f 1807/2425/2574 1808/2426/2575 1844/2470/2611
f 1808/2426/2575 1809/2427/2576 1845/2471/2612
f 1809/2427/2576 1810/2428/2577 1846/2472/2613
f 1810/2428/2577 1811/2429/2578 1847/2473/2614
f 1811/2429/2578 1812/2430/2579 1848/2474/2615
f 1812/2432/2579 1813/2431/2580 1849/2475/2616
f 1813/2431/2580 1814/2433/2581 1850/2477/2617
f 1814/2433/2581 1815/2434/2582 1851/2478/2618
f 1815/2434/2582 1816/2435/2583 1852/2479/2619
f 1816/2435/2583 1817/2436/2584 1853/2480/2620
f 1817/2436/2584 1818/2437/2585 1854/2481/2621
f 1818/2437/2585 1819/2438/2586 1855/2482/2622
f 1819/2438/2586 1820/2439/2587 1856/2483/2623
f 1820/2442/2587 1821/2441/2588 1857/2484/2624
f 1822/2486/2589 1858/2527/2625 1857/2484/2624
f 1823/2445/2590 1859/2488/2626 1858/2487/2625
f 1824/2446/2591 1860/2489/2627 1859/2488/2626
f 1825/2447/2592 1861/2490/2628 1860/2489/2627
f 1826/2448/2593 1862/2491/2629 1861/2490/2628
f 1827/2449/2594 1863/2492/2630 1862/2491/2629
f 1828/2450/2595 1864/2493/2631 1863/2492/2630
f 1829/2452/2596 1865/2495/2632 1864/2493/2631
f 1830/2494/2597 1866/2536/2633 1865/2495/2632
f 1831/2454/2598 1867/2497/2634 1866/2496/2633
f 1796/2412/2563 1832/2455/2599 1867/2497/2634
f 1833/2456/2600 1869/2499/2636 1868/2498/2635
f 1834/2457/2601 1870/2500/2637 1869/2499/2636
f 1835/2458/2602 1871/2501/2638 1870/2500/2637
f 1836/2459/2603 1872/2502/2639 1871/2501/2638
f 1837/2461/2604 1873/2504/2640 1872/2502/2639
f 1838/2503/2606 1874/2545/2642 1873/2504/2640
f 1838/2463/2606 1839/2462/2605 1875/2505/2641
f 1839/2462/2605 1840/2465/2607 1876/2507/2643
f 1840/2467/2607 1841/2466/2608 1877/2508/2644
f 1841/2466/2608 1842/2468/2609 1878/2510/2645
f 1842/2468/2609 1843/2469/2610 1879/2511/2646
f 1843/2469/2610 1844/2470/2611 1880/2512/2647
f 1844/2470/2611 1845/2471/2612 1881/2513/2648
f 1845/2471/2612 1846/2472/2613 1882/2514/2649
f 1846/2472/2613 1847/2473/2614 1883/2515/2650
f 1847/2473/2614 1848/2474/2615 1884/2516/2651
f 1848/2476/2615 1849/2475/2616 1885/2517/2652
f 1849/2475/2616 1850/2477/2617 1886/2519/2653
f 1850/2477/2617 1851/2478/2618 1887/2520/2654
f 1851/2478/2618 1852/2479/2619 1888/2521/2655
f 1852/2479/2619 1853/2480/2620 1889/2522/2656
f 1853/2480/2620 1854/2481/2621 1890/2523/2657
f 1854/2481/2621 1855/2482/2622 1891/2524/2658
f 1855/2482/2622 1856/2483/2623 1892/2525/2659
f 1857/2484/2624 1893/2528/2660 1892/2526/2659
f 1858/2527/2625 1894/2569/2661 1893/2528/2660
f 1859/2488/2626 1895/2530/2662 1894/2529/2661
f 1860/2489/2627 1896/2531/2663 1895/2530/2662
f 1861/2490/2628 1897/2532/2664 1896/2531/2663
f 1862/2491/2629 1898/2533/2665 1897/2532/2664
f 1863/2492/2630 1899/2534/2666 1898/2533/2665
f 1864/2493/2631 1900/2535/2667 1899/2534/2666
f 1865/2495/2632 1901/2537/2668 1900/2535/2667
f 1866/2536/2633 1902/4040/2669 1901/2537/2668
f 1867/2497/2634 1903/2539/2670 1902/2538/2669
f 1832/2455/2599 1868/2498/2635 1903/2539/2670
f 1869/2499/2636 1905/2541/2672 1904/2540/2671
f 1870/2500/2637 1906/2542/2673 1905/2541/2672
f 1871/2501/2638 1907/2543/2674 1906/2542/2673
f 1872/2502/2639 1908/2544/2675 1907/2543/2674
f 1873/2504/2640 1909/2546/2676 1908/2544/2675
f 1874/2545/2642 1910/2588/2678 1909/2546/2676
f 1874/2506/2642 1875/2505/2641 1911/2547/2677
f 1875/2505/2641 1876/2507/2643 1912/2549/2679
f 1876/2507/2643 1877/4041/2644 1913/2550/2680
f 1877/2508/2644 1878/2510/2645 1914/2551/2681
f 1878/2510/2645 1879/2511/2646 1915/2553/2682
f 1879/2511/2646 1880/2512/2647 1916/2554/2683
f 1880/2512/2647 1881/2513/2648 1917/2555/2684
f 1881/2513/2648 1882/2514/2649 1918/2556/2685
f 1882/2514/2649 1883/2515/2650 1919/2557/2686
f 1883/2515/2650 1884/2516/2651 1920/2558/2687
f 1884/2518/2651 1885/2517/2652 1921/2559/2688
f 1885/2517/2652 1886/2519/2653 1922/2561/2689
f 1886/2519/2653 1887/2520/2654 1923/2562/2690
f 1887/2520/2654 1888/2521/2655 1924/2563/2691
f 1888/2521/2655 1889/2522/2656 1925/2564/2692
f 1889/2522/2656 1890/2523/2657 1926/2565/2693
f 1890/2523/2657 1891/2524/2658 1927/2566/2694
f 1891/2524/2658 1892/2525/2659 1928/2567/2695
f 1893/2528/2660 1929/2570/2696 1928/2568/2695
f 1894/2569/2661 1930/2572/2697 1929/2570/2696
f 1895/2571/2662 1931/2614/2698 1930/2572/2697
f 1896/2531/2663 1932/2574/2699 1931/2573/2698
f 1897/2532/2664 1933/2575/2700 1932/2574/2699
f 1898/2533/2665 1934/2576/2701 1933/2575/2700
f 1899/2534/2666 1935/2577/2702 1934/2576/2701
f 1900/2535/2667 1936/2578/2703 1935/2577/2702
f 1901/2537/2668 1937/2621/2704 1936/2578/2703
f 1902/2538/2669 1938/2581/2705 1937/2579/2704
f 1903/2539/2670 1939/2582/2706 1938/2581/2705
f 1868/2498/2635 1904/2540/2671 1939/2582/2706
f 1905/2541/2672 1941/2584/2708 1940/2583/2707
f 1906/2542/2673 1942/2585/2709 1941/2584/2708
f 1907/2543/2674 1943/2586/2710 1942/2585/2709
f 1908/2544/2675 1944/2587/2711 1943/2586/2710
f 1909/2546/2676 1945/2589/2712 1944/2587/2711
f 1910/2588/2678 1946/2632/2714 1945/2589/2712
f 1910/2548/2678 1911/2547/2677 1947/2590/2713
f 1911/2547/2677 1912/2549/2679 1948/2592/2715
f 1912/2549/2679 1913/2550/2680 1949/2593/2716
f 1913/2550/2680 1914/4042/2681 1950/2594/2717
f 1914/2551/2681 1915/2553/2682 1951/2595/2718
f 1915/2553/2682 1916/2554/2683 1952/2597/2719
f 1916/2554/2683 1917/2555/2684 1953/2598/2720
f 1917/2555/2684 1918/2556/2685 1954/2599/2721
f 1918/2556/2685 1919/2557/2686 1955/2600/2722
f 1919/2601/2686 1920/2560/2687 1956/2602/2723
f 1920/2560/2687 1921/2559/2688 1957/2604/2724
f 1921/2559/2688 1922/2561/2689 1958/2605/2725
f 1922/2561/2689 1923/2562/2690 1959/2606/2726
f 1923/2562/2690 1924/2563/2691 1960/2607/2727
f 1924/2563/2691 1925/2564/2692 1961/2608/2728
f 1925/2564/2692 1926/2565/2693 1962/2609/2729
f 1926/2565/2693 1927/2566/2694 1963/2610/2730
f 1927/2566/2694 1928/2567/2695 1964/2611/2731
f 1929/2570/2696 1965/2613/2732 1964/2612/2731
f 1930/2572/2697 1966/2615/2733 1965/2613/2732
f 1931/2614/2698 1967/2657/2734 1966/2615/2733
f 1932/2574/2699 1968/2617/2735 1967/2616/2734
f 1933/2575/2700 1969/2618/2736 1968/2617/2735
f 1934/2576/2701 1970/2619/2737 1969/2618/2736
f 1935/2577/2702 1971/2620/2738 1970/2619/2737
f 1936/2578/2703 1972/2622/2739 1971/2620/2738
f 1937/2621/2704 1973/2624/2740 1972/2622/2739
f 1938/2623/2705 1974/2666/2741 1973/2624/2740
f 1939/2582/2706 1975/2626/2742 1974/2625/2741
f 1904/2540/2671 1940/2583/2707 1975/2626/2742
f 1941/2584/2708 1977/2628/2744 1976/2627/2743
f 1942/2585/2709 1978/2629/2745 1977/2628/2744
f 1943/2586/2710 1979/2630/2746 1978/2629/2745
f 1944/2587/2711 1980/2631/2747 1979/2630/2746
f 1945/2589/2712 1981/2633/2748 1980/2631/2747
f 1946/2632/2714 1982/2675/2750 1981/2633/2748
f 1946/2591/2714 1947/2590/2713 1983/2634/2749
f 1947/2590/2713 1948/2592/2715 1984/2636/2751
f 1948/2592/2715 1949/2593/2716 1985/2637/2752
f 1949/2593/2716 1950/2594/2717 1986/2638/2753
f 1950/2596/2717 1951/2595/2718 1987/2639/2754
f 1951/2595/2718 1952/2597/2719 1988/2641/2755
f 1952/2597/2719 1953/2598/2720 1989/2642/2756
f 1953/2598/2720 1954/2599/2721 1990/2643/2757
f 1954/2599/2721 1955/2600/2722 1991/2644/2758
f 1955/2603/2722 1956/2602/2723 1992/2645/2759
f 1956/2602/2723 1957/2604/2724 1993/2647/2760
f 1957/2604/2724 1958/2605/2725 1994/2648/2761
f 1958/2605/2725 1959/2606/2726 1995/2649/2762
f 1959/2606/2726 1960/2607/2727 1996/2650/2763
f 1960/2607/2727 1961/2608/2728 1997/2651/2764
f 1961/2608/2728 1962/2609/2729 1998/2652/2765
f 1962/2609/2729 1963/2610/2730 1999/2653/2766
f 1963/2610/2730 1964/2611/2731 2000/2654/2767
f 1965/2613/2732 2001/2656/2768 2000/2655/2767
f 1966/2615/2733 2002/2658/2769 2001/2656/2768
f 1967/2657/2734 2003/2660/2770 2002/2658/2769
f 1968/2659/2735 2004/2702/2771 2003/2660/2770
f 1969/2618/2736 2005/2662/2772 2004/2661/2771
f 1970/2619/2737 2006/2663/2773 2005/2662/2772
f 1971/2620/2738 2007/2664/2774 2006/2663/2773
f 1972/2622/2739 2008/2665/2775 2007/2664/2774
f 1973/2624/2740 2009/2667/2776 2008/2665/2775
f 1974/2666/2741 2010/2709/2777 2009/2667/2776
f 1975/2626/2742 2011/2669/2778 2010/2668/2777
f 1940/2583/2707 1976/2627/2743 2011/2669/2778
f 1977/2628/2744 2013/2671/2780 2012/2670/2779
f 1978/2629/2745 2014/2672/2781 2013/2671/2780
f 1979/2630/2746 2015/2673/2782 2014/2672/2781
f 1980/2631/2747 2016/2674/2783 2015/2673/2782
f 1981/2633/2748 2017/2676/2784 2016/2674/2783
f 1982/2675/2750 2018/2718/2786 2017/2676/2784
f 1982/2635/2750 1983/2634/2749 2019/2677/2785
f 1983/2634/2749 1984/2636/2751 2020/2679/2787
f 1984/2636/2751 1985/2637/2752 2021/2680/2788
f 1985/2637/2752 1986/2638/2753 2022/2681/2789
f 1986/2638/2753 1987/4043/2754 2023/2682/2790
f 1987/2639/2754 1988/2641/2755 2024/2683/2791
f 1988/2641/2755 1989/2642/2756 2025/2685/2792
f 1989/2642/2756 1990/2643/2757 2026/2686/2793
f 1990/2643/2757 1991/2644/2758 2027/2687/2794
f 1991/2646/2758 1992/2645/2759 2028/2688/2795
f 1992/2645/2759 1993/2647/2760 2029/2690/2796
f 1993/2647/2760 1994/2648/2761 2030/2691/2797
f 1994/2648/2761 1995/2649/2762 2031/2692/2798
f 1995/2649/2762 1996/2650/2763 2032/2693/2799
f 1996/2650/2763 1997/2651/2764 2033/2694/2800
f 1997/2651/2764 1998/2652/2765 2034/2695/2801
f 1998/2652/2765 1999/2653/2766 2035/2696/2802
f 2000/2655/2767 2036/2699/2803 2035/2697/2802
f 2001/2656/2768 2037/2701/2805 2036/2699/2803
f 2001/2656/2768 2002/2658/2769 2038/2700/2804
f 2003/2660/2770 2039/2703/2806 2038/2700/2804
f 2004/2702/2771 2040/2744/2807 2039/2703/2806
f 2005/2662/2772 2041/2705/2808 2040/2704/2807
f 2006/2663/2773 2042/2706/2809 2041/2705/2808
f 2007/2664/2774 2043/2707/2810 2042/2706/2809
f 2008/2665/2775 2044/2708/2811 2043/2707/2810
f 2009/2667/2776 2045/2710/2812 2044/2708/2811
f 2010/2709/2777 2046/2753/2813 2045/2710/2812
f 2011/2669/2778 2047/2712/2814 2046/2711/2813
f 1976/2627/2743 2012/2670/2779 2047/2712/2814
f 2013/2671/2780 2049/2714/2816 2048/2713/2815
f 2014/2672/2781 2050/2715/2817 2049/2714/2816
f 2015/2673/2782 2051/2716/2818 2050/2715/2817
f 2016/2674/2783 2052/2717/2819 2051/2716/2818
f 2017/2676/2784 2053/2719/2820 2052/2717/2819
f 2018/2718/2786 2054/4044/2822 2053/2719/2820
f 2018/2678/2786 2019/2677/2785 2055/2720/2821
f 2019/2677/2785 2020/2679/2787 2056/2722/2823
f 2020/2679/2787 2021/2680/2788 2057/2723/2824
f 2021/2680/2788 2022/2681/2789 2058/2724/2825
f 2022/2681/2789 2023/2682/2790 2059/2725/2826
f 2023/2682/2790 2024/4045/2791 2060/2726/2827
f 2024/2683/2791 2025/2685/2792 2061/2727/2828
f 2025/2685/2792 2026/2686/2793 2062/2729/2829
f 2026/2686/2793 2027/2687/2794 2063/2730/2830
f 2027/2687/2794 2028/4046/2795 2064/2731/2831
f 2028/2688/2795 2029/2690/2796 2065/2732/2832
f 2029/2690/2796 2030/2691/2797 2066/2734/2833
f 2030/2691/2797 2031/2692/2798 2067/2735/2834
f 2031/2692/2798 2032/2693/2799 2068/2736/2835
f 2032/2693/2799 2033/2694/2800 2069/2737/2836
f 2033/2694/2800 2034/2695/2801 2070/2738/2837
f 2034/2695/2801 2035/2696/2802 2071/2739/2838
f 2036/2699/2803 2072/2741/2839 2071/2740/2838
f 2037/2701/2805 2073/2743/2841 2072/2741/2839
f 2037/2701/2805 2038/2700/2804 2074/2742/2840
f 2039/2703/2806 2075/2745/2842 2074/2742/2840
f 2040/2744/2807 2076/2747/2843 2075/2745/2842
f 2041/2746/2808 2077/2749/2844 2076/2747/2843
f 2042/2748/2809 2078/2791/2845 2077/2749/2844
f 2043/2707/2810 2079/2751/2846 2078/2750/2845
f 2044/2708/2811 2080/2752/2847 2079/2751/2846
f 2045/2710/2812 2081/2754/2848 2080/2752/2847
f 2046/2753/2813 2082/2798/2849 2081/2754/2848
f 2047/2712/2814 2083/2756/2850 2082/2755/2849
f 2012/2670/2779 2048/2713/2815 2083/2756/2850
f 2049/2714/2816 2085/2758/2852 2084/2757/2851
f 2050/2715/2817 2086/2759/2853 2085/2758/2852
f 2051/2716/2818 2087/2760/2854 2086/2759/2853
f 2052/2717/2819 2088/2761/2855 2087/2760/2854
f 2053/2719/2820 2089/2806/2856 2088/2761/2855
f 2054/2721/2822 2090/2765/2858 2089/2762/2856
f 2054/2721/2822 2055/2720/2821 2091/2764/2857
f 2055/2720/2821 2056/2722/2823 2092/2766/2859
f 2056/2722/2823 2057/2723/2824 2093/2767/2860
f 2057/2723/2824 2058/2724/2825 2094/2768/2861
f 2058/2724/2825 2059/2725/2826 2095/2769/2862
f 2059/2725/2826 2060/2726/2827 2096/2770/2863
f 2060/2726/2827 2061/4047/2828 2097/2771/2864
f 2061/2727/2828 2062/2729/2829 2098/2772/2865
f 2062/2729/2829 2063/2730/2830 2099/2774/2866
f 2063/2730/2830 2064/2731/2831 2100/2775/2867
f 2064/2733/2831 2065/2732/2832 2101/2776/2868
f 2065/2732/2832 2066/2734/2833 2102/2778/2869
f 2066/2734/2833 2067/2735/2834 2103/2779/2870
f 2067/2735/2834 2068/2736/2835 2104/2780/2871
f 2068/2736/2835 2069/2737/2836 2105/2781/2872
f 2069/2737/2836 2070/2738/2837 2106/2782/2873
f 2070/2783/2837 2071/2740/2838 2107/2784/2874
f 2071/2740/2838 2072/2741/2839 2108/2786/2875
f 2073/2743/2841 2109/2787/2876 2108/2786/2875
f 2074/2742/2840 2110/2788/2877 2109/2787/2876
f 2075/2745/2842 2111/2789/2878 2110/2788/2877
f 2076/2747/2843 2112/2790/2879 2111/2789/2878
f 2077/2749/2844 2113/2792/2880 2112/2790/2879
f 2078/2791/2845 2114/2794/2881 2113/2792/2880
f 2079/2793/2846 2115/2796/2882 2114/2794/2881
f 2080/2795/2847 2116/2837/2883 2115/2796/2882
f 2081/2754/2848 2117/2799/2884 2116/2797/2883
f 2082/2798/2849 2118/2840/2885 2117/2799/2884
f 2083/2756/2850 2119/2801/2886 2118/2800/2885
f 2048/2713/2815 2084/2757/2851 2119/2801/2886
f 2085/2758/2852 2121/2803/2888 2120/2802/2887
f 2086/2759/2853 2122/2804/2889 2121/2803/2888
f 2087/2760/2854 2123/2805/2890 2122/2804/2889
f 2088/2761/2855 2124/2807/2891 2123/2805/2890
f 2089/2806/2856 2125/4048/2892 2124/2807/2891
f 2090/2765/2858 2126/2809/2893 2125/2808/2892
f 2091/2764/2857 2127/2811/2895 2126/2809/2893
f 2091/2764/2857 2092/2766/2859 2128/2810/2894
f 2092/2766/2859 2093/2767/2860 2129/2812/2896
f 2093/2767/2860 2094/2768/2861 2130/2813/2897
f 2094/2768/2861 2095/2769/2862 2131/2814/2898
f 2095/2769/2862 2096/2770/2863 2132/2815/2899
f 2096/2770/2863 2097/2771/2864 2133/2816/2900
f 2097/2773/2864 2098/2772/2865 2134/2817/2901
f 2098/2772/2865 2099/2774/2866 2135/2819/2902
f 2099/2774/2866 2100/2775/2867 2136/2820/2903
f 2100/2777/2867 2101/2776/2868 2137/2821/2904
f 2101/2776/2868 2102/2778/2869 2138/2823/2905
f 2102/2778/2869 2103/2779/2870 2139/2824/2906
f 2103/2779/2870 2104/2780/2871 2140/2825/2907
f 2104/2780/2871 2105/2781/2872 2141/2826/2908
f 2105/2781/2872 2106/2782/2873 2142/2827/2909
f 2106/2782/2873 2107/4049/2874 2143/2828/2910
f 2107/2784/2874 2108/2786/2875 2144/2829/2911
f 2108/2786/2875 2109/2787/2876 2145/2831/2912
f 2110/2788/2877 2146/2832/2913 2145/2831/2912
f 2111/2789/2878 2147/2833/2914 2146/2832/2913
f 2112/2790/2879 2148/2834/2915 2147/2833/2914
f 2113/2792/2880 2149/2835/2916 2148/2834/2915
f 2114/2794/2881 2150/2836/2917 2149/2835/2916
f 2115/2796/2882 2151/2838/2918 2150/2836/2917
f 2116/2837/2883 2152/2881/2919 2151/2838/2918
f 2117/2799/2884 2153/2841/2920 2152/2839/2919
f 2118/2840/2885 2154/4050/2921 2153/2841/2920
f 2119/2801/2886 2155/2843/2922 2154/2842/2921
f 2084/2757/2851 2120/2802/2887 2155/2843/2922
f 2121/2803/2888 2157/2845/2924 2156/2844/2923
f 2122/2804/2889 2158/2846/2925 2157/2845/2924
f 2123/2805/2890 2159/2847/2926 2158/2846/2925
f 2124/2807/2891 2160/2891/2927 2159/2847/2926
f 2125/2808/2892 2161/2850/2928 2160/2848/2927
f 2126/2809/2893 2162/2852/2930 2161/2850/2928
f 2126/2809/2893 2127/2811/2895 2163/2851/2929
f 2127/2811/2895 2128/2810/2894 2164/2853/2931
f 2128/2810/2894 2129/2812/2896 2165/2854/2932
f 2129/2812/2896 2130/2813/2897 2166/2855/2933
f 2130/2813/2897 2131/2814/2898 2167/2856/2934
f 2131/2814/2898 2132/2815/2899 2168/2857/2935
f 2132/2815/2899 2133/2816/2900 2169/2858/2936
f 2133/2859/2900 2134/2862/2901 2170/2860/2937
f 2134/2862/2901 2135/2864/2902 2171/2863/2938
f 2135/2864/2902 2136/2822/2903 2172/2865/2939
f 2136/2822/2903 2137/2821/2904 2173/2866/2940
f 2137/2821/2904 2138/2823/2905 2174/2867/2941
f 2138/2823/2905 2139/2824/2906 2175/2868/2942
f 2139/2824/2906 2140/2825/2907 2176/2869/2943
f 2140/2825/2907 2141/2826/2908 2177/2870/2944
f 2141/2826/2908 2142/2827/2909 2178/2871/2945
f 2142/2827/2909 2143/2828/2910 2179/2872/2946
f 2143/2830/2910 2144/2829/2911 2180/2873/2947
f 2145/2831/2912 2181/2875/2948 2180/2873/2947
f 2146/2832/2913 2182/2876/2949 2181/2875/2948
f 2147/2833/2914 2183/2877/2950 2182/2876/2949
f 2148/2834/2915 2184/2878/2951 2183/2877/2950
f 2149/2835/2916 2185/2879/2952 2184/2878/2951
f 2150/2836/2917 2186/2880/2953 2185/2879/2952
f 2151/2838/2918 2187/2882/2954 2186/2880/2953
f 2152/2881/2919 2188/4051/2955 2187/2882/2954
f 2153/2841/2920 2189/4052/2956 2188/2883/2955
f 2154/2842/2921 2190/2886/2957 2189/2884/2956
f 2155/2843/2922 2191/2887/2958 2190/2886/2957
f 2120/2802/2887 2156/2844/2923 2191/2887/2958
f 2157/2845/2924 2193/2889/2960 2192/2888/2959
f 2158/2846/2925 2194/2890/2961 2193/2889/2960
f 2159/2847/2926 2195/2892/2962 2194/2890/2961
f 2160/2891/2927 2196/2932/2963 2195/2892/2962
f 2161/2850/2928 2197/2895/2965 2196/2893/2963
f 2161/2850/2928 2162/2852/2930 2198/2894/2964
f 2162/2852/2930 2163/2851/2929 2199/2896/2966
f 2163/2851/2929 2164/2853/2931 2200/2897/2967
f 2164/2853/2931 2165/2854/2932 2201/2898/2968
f 2165/2854/2932 2166/2855/2933 2202/2899/2969
f 2166/2855/2933 2167/2856/2934 2203/2900/2970
f 2167/2856/2934 2168/2857/2935 2204/2901/2971
f 2168/2857/2935 2169/2858/2936 2205/2902/2972
f 2169/2861/2936 2170/2860/2937 2206/2903/2973
f 2170/2860/2937 2171/2863/2938 2207/2905/2974
f 2171/2863/2938 2172/2865/2939 2208/2906/2975
f 2172/2865/2939 2173/2866/2940 2209/2907/2976
f 2173/2866/2940 2174/2867/2941 2210/2908/2977
f 2174/2867/2941 2175/2868/2942 2211/2909/2978
f 2175/2868/2942 2176/2869/2943 2212/2910/2979
f 2176/2869/2943 2177/2870/2944 2213/2911/2980
f 2177/2870/2944 2178/2871/2945 2214/2912/2981
f 2178/2871/2945 2179/2872/2946 2215/2913/2982
f 2179/2874/2946 2180/2873/2947 2216/2914/2983
f 2181/2875/2948 2217/2916/2984 2216/2914/2983
f 2182/2876/2949 2218/2917/2985 2217/2916/2984
f 2183/2877/2950 2219/2918/2986 2218/2917/2985
f 2184/2878/2951 2220/2919/2987 2219/2918/2986
f 2185/2879/2952 2221/2920/2988 2220/2919/2987
f 2186/2880/2953 2222/2921/2989 2221/2920/2988
f 2187/2882/2954 2223/2963/2990 2222/2921/2989
f 2188/2922/2955 2224/2925/2991 2223/2923/2990
f 2189/2884/2956 2225/2926/2992 2224/2925/2991
f 2190/2886/2957 2226/2927/2993 2225/2926/2992
f 2191/2887/2958 2227/2928/2994 2226/2927/2993
f 2156/2844/2923 2192/2888/2959 2227/2928/2994
f 2193/2889/2960 2229/2930/2996 2228/2929/2995
f 2194/2890/2961 2230/2931/2997 2229/2930/2996
f 2195/2892/2962 2231/2933/2998 2230/2931/2997
f 2196/2932/2963 2232/2935/2999 2231/2933/2998
f 2197/2934/2965 2233/2975/3001 2232/2935/2999
f 2197/2895/2965 2198/2894/2964 2234/2936/3000
f 2198/2894/2964 2199/2896/2966 2235/2938/3002
f 2199/2896/2966 2200/2897/2967 2236/2939/3003
f 2200/2897/2967 2201/2898/2968 2237/2940/3004
f 2201/2898/2968 2202/2899/2969 2238/2941/3005
f 2202/2899/2969 2203/2900/2970 2239/2942/3006
f 2203/2900/2970 2204/2901/2971 2240/2943/3007
f 2204/2901/2971 2205/2902/2972 2241/2944/3008
f 2205/2904/2972 2206/2903/2973 2242/2945/3009
f 2206/2903/2973 2207/2905/2974 2243/2947/3010
f 2207/2905/2974 2208/2906/2975 2244/2948/3011
f 2208/2906/2975 2209/2907/2976 2245/2949/3012
f 2209/2907/2976 2210/2908/2977 2246/2950/3013
f 2210/2908/2977 2211/2909/2978 2247/2951/3014
f 2211/2909/2978 2212/2910/2979 2248/2952/3015
f 2212/2910/2979 2213/2911/2980 2249/2953/3016
f 2213/2911/2980 2214/2912/2981 2250/2954/3017
f 2214/2912/2981 2215/2913/2982 2251/2955/3018
f 2216/2914/2983 2252/2957/3019 2251/2956/3018
f 2217/2916/2984 2253/2958/3020 2252/2957/3019
f 2218/2917/2985 2254/2959/3021 2253/2958/3020
f 2219/2918/2986 2255/2960/3022 2254/2959/3021
f 2220/2919/2987 2256/2961/3023 2255/2960/3022
f 2221/2920/2988 2257/2962/3024 2256/2961/3023
f 2222/2921/2989 2258/2964/3025 2257/2962/3024
f 2223/2963/2990 2259/2966/3026 2258/2964/3025
f 2224/2965/2991 2260/4053/3027 2259/2966/3026
f 2225/2926/2992 2261/2968/3028 2260/2967/3027
f 2226/2927/2993 2262/2969/3029 2261/2968/3028
f 2227/2928/2994 2263/2970/3030 2262/2969/3029
f 2192/2888/2959 2228/2929/2995 2263/2970/3030
f 2229/2930/2996 2265/2972/3032 2264/2971/3031
f 2230/2931/2997 2266/2973/3033 2265/2972/3032
f 2231/2933/2998 2267/2974/3034 2266/2973/3033
f 2232/2935/2999 2268/2976/3035 2267/2974/3034
f 2233/2975/3001 2269/4054/3037 2268/2976/3035
f 2233/2937/3001 2234/2936/3000 2270/2977/3036
f 2234/2936/3000 2235/2938/3002 2271/2979/3038
f 2235/2938/3002 2236/2939/3003 2272/2980/3039
f 2236/2939/3003 2237/2940/3004 2273/2981/3040
f 2237/2940/3004 2238/2941/3005 2274/2982/3041
f 2238/2941/3005 2239/2942/3006 2275/2983/3042
f 2239/2942/3006 2240/2943/3007 2276/2984/3043
f 2240/2943/3007 2241/2944/3008 2277/2985/3044
f 2241/2946/3008 2242/2945/3009 2278/2986/3045
f 2242/2945/3009 2243/2947/3010 2279/2988/3046
f 2243/2947/3010 2244/2948/3011 2280/2989/3047
f 2244/2948/3011 2245/2949/3012 2281/2990/3048
f 2245/2949/3012 2246/2950/3013 2282/2991/3049
f 2246/2950/3013 2247/2951/3014 2283/2992/3050
f 2247/2951/3014 2248/2952/3015 2284/2993/3051
f 2248/2952/3015 2249/2953/3016 2285/2994/3052
f 2249/2953/3016 2250/2954/3017 2286/2995/3053
f 2250/2954/3017 2251/2955/3018 2287/2996/3054
f 2252/2957/3019 2288/2998/3055 2287/2997/3054
f 2253/2958/3020 2289/2999/3056 2288/2998/3055
f 2254/2959/3021 2290/3000/3057 2289/2999/3056
f 2255/2960/3022 2291/3001/3058 2290/3000/3057
f 2256/2961/3023 2292/3002/3059 2291/3001/3058
f 2257/2962/3024 2293/3003/3060 2292/3002/3059
f 2258/2964/3025 2294/3043/3061 2293/3003/3060
f 2259/3004/3026 2295/3007/3062 2294/3005/3061
f 2260/2967/3027 2296/3008/3063 2295/3007/3062
f 2261/2968/3028 2297/3009/3064 2296/3008/3063
f 2262/2969/3029 2298/3010/3065 2297/3009/3064
f 2263/2970/3030 2299/3011/3066 2298/3010/3065
f 2228/2929/2995 2264/2971/3031 2299/3011/3066
f 2265/2972/3032 2301/3013/3068 2300/3012/3067
f 2266/2973/3033 2302/3014/3069 2301/3013/3068
f 2267/2974/3034 2303/3015/3070 2302/3014/3069
f 2268/2976/3035 2304/4055/3072 2303/3015/3070
f 2268/3016/3035 2269/2978/3037 2305/3017/3071
f 2269/2978/3037 2270/2977/3036 2306/3019/3073
f 2270/2977/3036 2271/2979/3038 2307/3020/3074
f 2271/2979/3038 2272/2980/3039 2308/3021/3075
f 2272/2980/3039 2273/2981/3040 2309/3022/3076
f 2273/2981/3040 2274/2982/3041 2310/3023/3077
f 2274/2982/3041 2275/2983/3042 2311/3024/3078
f 2275/2983/3042 2276/2984/3043 2312/3025/3079
f 2276/2984/3043 2277/2985/3044 2313/3026/3080
f 2277/2987/3044 2278/2986/3045 2314/3027/3081
f 2278/2986/3045 2279/2988/3046 2315/3029/3082
f 2279/2988/3046 2280/2989/3047 2316/3030/3083
f 2280/2989/3047 2281/2990/3048 2317/3031/3084
f 2281/2990/3048 2282/2991/3049 2318/3032/3085
f 2282/2991/3049 2283/2992/3050 2319/3033/3086
f 2283/2992/3050 2284/2993/3051 2320/3034/3087
f 2285/2994/3052 2321/3035/3088 2320/3034/3087
f 2286/2995/3053 2322/3036/3089 2321/3035/3088
f 2287/2996/3054 2323/4056/3090 2322/3036/3089
f 2288/2998/3055 2324/3038/3091 2323/3037/3090
f 2289/2999/3056 2325/3039/3092 2324/3038/3091
f 2290/3000/3057 2326/3040/3093 2325/3039/3092
f 2291/3001/3058 2327/3041/3094 2326/3040/3093
f 2292/3002/3059 2328/3042/3095 2327/3041/3094
f 2293/3003/3060 2329/3044/3096 2328/3042/3095
f 2294/3043/3061 2330/3084/3097 2329/3044/3096
f 2295/3007/3062 2331/3046/3098 2330/3045/3097
f 2296/3008/3063 2332/3047/3099 2331/3046/3098
f 2297/3009/3064 2333/3048/3100 2332/3047/3099
f 2298/3010/3065 2334/3049/3101 2333/3048/3100
f 2299/3011/3066 2335/3050/3102 2334/3049/3101
f 2264/2971/3031 2300/3012/3067 2335/3050/3102
f 2301/3013/3068 2337/3053/3105 2336/3051/3103
f 2301/3013/3068 2302/3014/3069 2338/3052/3104
f 2302/3014/3069 2303/3015/3070 2339/3054/3106
f 2303/3015/3070 2304/4055/3072 2340/3055/3107
f 2304/3018/3072 2305/3017/3071 2341/3056/3108
f 2305/3017/3071 2306/3019/3073 2342/3058/3109
f 2306/3019/3073 2307/3020/3074 2343/3059/3110
f 2308/3021/3075 2344/3061/3112 2343/3059/3110
f 2308/3021/3075 2309/3022/3076 2345/3060/3111
f 2309/3022/3076 2310/3023/3077 2346/3062/3113
f 2310/3023/3077 2311/3024/3078 2347/3063/3114
f 2311/3024/3078 2312/3025/3079 2348/3064/3115
f 2312/3025/3079 2313/3026/3080 2349/3065/3116
f 2313/3028/3080 2314/3027/3081 2350/3066/3117
f 2314/3027/3081 2315/3029/3082 2351/3068/3118
f 2316/3030/3083 2352/3069/3119 2351/3068/3118
f 2317/3031/3084 2353/3070/3120 2352/3069/3119
f 2318/3032/3085 2354/3071/3121 2353/3070/3120
f 2319/3033/3086 2355/3072/3122 2354/3071/3121
f 2320/3034/3087 2356/3073/3123 2355/3072/3122
f 2321/3035/3088 2357/3114/3124 2356/3073/3123
f 2322/3074/3089 2358/3078/3126 2357/3075/3124
f 2322/3074/3089 2323/3037/3090 2359/3077/3125
f 2324/3038/3091 2360/3079/3127 2359/3077/3125
f 2325/3039/3092 2361/3080/3128 2360/3079/3127
f 2326/3040/3093 2362/3081/3129 2361/3080/3128
f 2327/3041/3094 2363/3082/3130 2362/3081/3129
f 2328/3042/3095 2364/3083/3131 2363/3082/3130
f 2329/3044/3096 2365/3085/3132 2364/3083/3131
f 2330/3084/3097 2366/4057/3133 2365/3085/3132
f 2331/3046/3098 2367/3087/3134 2366/3086/3133
f 2332/3047/3099 2368/3088/3135 2367/3087/3134
f 2333/3048/3100 2369/3089/3136 2368/3088/3135
f 2334/3049/3101 2370/3090/3137 2369/3089/3136
f 2335/3050/3102 2371/3091/3138 2370/3090/3137
f 2300/3012/3067 2336/3051/3103 2371/3091/3138
f 2336/3051/3103 2337/3053/3105 2373/3092/3139
f 2337/3053/3105 2338/3052/3104 2374/3094/3141
f 2338/3052/3104 2339/3054/3106 2375/3095/3142
f 2339/3054/3106 2340/3055/3107 2376/3096/3143
f 2340/3057/3107 2341/3056/3108 2377/3097/3144
f 2341/3056/3108 2342/3058/3109 2378/3099/3145
f 2342/3058/3109 2343/3059/3110 2379/3100/3146
f 2344/3061/3112 2380/3102/3148 2379/3100/3146
f 2344/3061/3112 2345/3060/3111 2381/3101/3147
f 2345/3060/3111 2346/3062/3113 2382/3103/3149
f 2346/3062/3113 2347/3063/3114 2383/3104/3150
f 2347/3063/3114 2348/3064/3115 2384/3105/3151
f 2348/3064/3115 2349/3065/3116 2385/3106/3152
f 2350/3066/3117 2386/3108/3153 2385/3107/3152
f 2351/3068/3118 2387/3109/3154 2386/3108/3153
f 2352/3069/3119 2388/3110/3155 2387/3109/3154
f 2353/3070/3120 2389/3111/3156 2388/3110/3155
f 2354/3071/3121 2390/3112/3157 2389/3111/3156
f 2355/3072/3122 2391/3113/3158 2390/3112/3157
f 2356/3073/3123 2392/3115/3159 2391/3113/3158
f 2357/3114/3124 2393/3154/3160 2392/3115/3159
f 2358/3078/3126 2394/3118/3162 2393/3116/3160
f 2358/3078/3126 2359/3077/3125 2395/3117/3161
f 2360/3079/3127 2396/3119/3163 2395/3117/3161
f 2361/3080/3128 2397/3120/3164 2396/3119/3163
f 2362/3081/3129 2398/3121/3165 2397/3120/3164
f 2363/3082/3130 2399/3122/3166 2398/3121/3165
f 2364/3083/3131 2400/3124/3168 2399/3122/3166
f 2364/3083/3131 2365/3085/3132 2401/3123/3167
f 2365/3085/3132 2366/4057/3133 2402/3125/3169
f 2366/3086/3133 2367/3087/3134 2403/3126/3170
f 2367/3087/3134 2368/3088/3135 2404/3128/3171
f 2368/3088/3135 2369/3089/3136 2405/3129/3172
f 2369/3089/3136 2370/3090/3137 2406/3130/3173
f 2370/3090/3137 2371/3091/3138 2407/3131/3174
f 2371/3091/3138 2336/3051/3103 2372/3093/3140
f 2372/3093/3140 2373/3092/3139 2409/3132/3175
f 2373/3092/3139 2374/3094/3141 2410/3134/3177
f 2374/3094/3141 2375/3095/3142 2411/3135/3178
f 2375/3095/3142 2376/3096/3143 2412/3136/3179
f 2376/3098/3143 2377/3097/3144 2413/3137/3180
f 2377/3097/3144 2378/3099/3145 2414/3139/3181
f 2378/3099/3145 2379/3100/3146 2415/3140/3182
f 2379/3100/3146 2380/3102/3148 2416/3141/3183
f 2380/3102/3148 2381/3101/3147 2417/3142/3184
f 2381/3101/3147 2382/3103/3149 2418/3143/3185
f 2382/3103/3149 2383/3104/3150 2419/3144/3186
f 2384/3105/3151 2420/4058/3187 2419/3144/3186
f 2385/3107/3152 2421/3147/3188 2420/3145/3187
f 2386/3108/3153 2422/3148/3189 2421/3147/3188
f 2387/3109/3154 2423/3149/3190 2422/3148/3189
f 2388/3110/3155 2424/3150/3191 2423/3149/3190
f 2389/3111/3156 2425/3151/3192 2424/3150/3191
f 2390/3112/3157 2426/3152/3193 2425/3151/3192
f 2391/3113/3158 2427/3153/3194 2426/3152/3193
f 2392/3115/3159 2428/3155/3195 2427/3153/3194
f 2393/3154/3160 2429/3197/3196 2428/3155/3195
f 2394/3118/3162 2430/3157/3197 2429/3156/3196
f 2395/3117/3161 2431/3158/3198 2430/3157/3197
f 2396/3119/3163 2432/3159/3199 2431/3158/3198
f 2397/3120/3164 2433/3160/3200 2432/3159/3199
f 2398/3121/3165 2434/3161/3201 2433/3160/3200
f 2399/3122/3166 2435/3162/3202 2434/3161/3201
f 2400/3124/3168 2436/3163/3203 2435/3162/3202
f 2401/3123/3167 2437/4059/3205 2436/3163/3203
f 2401/3164/3167 2402/3127/3169 2438/3165/3204
f 2402/3127/3169 2403/3126/3170 2439/3167/3206
f 2403/3126/3170 2404/3128/3171 2440/3168/3207
f 2404/3128/3171 2405/3129/3172 2441/3169/3208
f 2405/3129/3172 2406/3130/3173 2442/3170/3209
f 2406/3130/3173 2407/3131/3174 2443/3171/3210
f 2407/3131/3174 2372/3093/3140 2408/3133/3176
f 2408/3133/3176 2409/3132/3175 2445/3172/3211
f 2409/3132/3175 2410/3134/3177 2446/3174/3213
f 2411/3175/3178 2447/3218/3215 2446/3176/3213
f 2411/3135/3178 2412/3136/3179 2448/3178/3214
f 2412/3138/3179 2413/3137/3180 2449/3180/3216
f 2413/3137/3180 2414/3139/3181 2450/3182/3217
f 2414/3139/3181 2415/3140/3182 2451/3183/3218
f 2415/3140/3182 2416/3141/3183 2452/3184/3219
f 2417/3142/3184 2453/3185/3220 2452/3184/3219
f 2418/3143/3185 2454/3186/3221 2453/3185/3220
f 2419/3144/3186 2455/3228/3222 2454/3186/3221
f 2420/3145/3187 2456/3189/3223 2455/3187/3222
f 2421/3147/3188 2457/3190/3224 2456/3189/3223
f 2422/3148/3189 2458/3191/3225 2457/3190/3224
f 2423/3149/3190 2459/3192/3226 2458/3191/3225
f 2424/3150/3191 2460/3193/3227 2459/3192/3226
f 2425/3151/3192 2461/3194/3228 2460/3193/3227
f 2426/3152/3193 2462/3195/3229 2461/3194/3228
f 2427/3153/3194 2463/3196/3230 2462/3195/3229
f 2428/3155/3195 2464/3198/3231 2463/3196/3230
f 2429/3197/3196 2465/3239/3232 2464/3198/3231
f 2430/3157/3197 2466/3200/3233 2465/3199/3232
f 2431/3158/3198 2467/3201/3234 2466/3200/3233
f 2432/3159/3199 2468/3202/3235 2467/3201/3234
f 2433/3160/3200 2469/3203/3236 2468/3202/3235
f 2434/3161/3201 2470/3205/3238 2469/3203/3236
f 2434/3161/3201 2435/3162/3202 2471/3204/3237
f 2435/3162/3202 2436/3163/3203 2472/3206/3239
f 2436/3163/3203 2437/4059/3205 2473/3207/3240
f 2437/3166/3205 2438/3165/3204 2474/3208/3241
f 2438/3165/3204 2439/3167/3206 2475/3210/3242
f 2439/3167/3206 2440/3168/3207 2476/3211/3243
f 2440/3168/3207 2441/3169/3208 2477/3212/3244
f 2441/3169/3208 2442/3170/3209 2478/3213/3245
f 2442/3170/3209 2443/3171/3210 2479/3214/3246
f 2443/3171/3210 2408/3133/3176 2444/3173/3212
f 2444/3173/3212 2445/3172/3211 2481/3215/3247
f 2445/3172/3211 2446/3174/3213 2482/3217/3249
f 2447/3218/3215 2483/4060/3251 2482/3219/3249
f 2447/3179/3215 2448/3178/3214 2484/3220/3250
f 2448/3181/3214 2449/3180/3216 2485/3222/3252
f 2449/3180/3216 2450/3182/3217 2486/3224/3253
f 2450/3182/3217 2451/3183/3218 2487/3225/3254
f 2451/3183/3218 2452/3184/3219 2488/3226/3255
f 2453/3185/3220 2489/3227/3256 2488/3226/3255
f 2454/3186/3221 2490/3229/3257 2489/3227/3256
f 2455/3228/3222 2491/3268/3258 2490/3229/3257
f 2456/3189/3223 2492/3231/3259 2491/3230/3258
f 2457/3190/3224 2493/3232/3260 2492/3231/3259
f 2458/3191/3225 2494/3233/3261 2493/3232/3260
f 2459/3192/3226 2495/3234/3262 2494/3233/3261
f 2460/3193/3227 2496/3235/3263 2495/3234/3262
f 2461/3194/3228 2497/3236/3264 2496/3235/3263
f 2462/3195/3229 2498/3237/3265 2497/3236/3264
f 2463/3196/3230 2499/3238/3266 2498/3237/3265
f 2464/3198/3231 2500/3240/3267 2499/3238/3266
f 2465/3239/3232 2501/3279/3269 2500/3240/3267
f 2465/3199/3232 2466/3200/3233 2502/3241/3268
f 2467/3201/3234 2503/3243/3270 2502/3241/3268
f 2468/3202/3235 2504/3244/3271 2503/3243/3270
f 2469/3203/3236 2505/3245/3272 2504/3244/3271
f 2470/3205/3238 2506/3246/3273 2505/3245/3272
f 2471/3204/3237 2507/3248/3275 2506/3246/3273
f 2471/3204/3237 2472/3206/3239 2508/3247/3274
f 2472/3206/3239 2473/3207/3240 2509/3249/3276
f 2473/3209/3240 2474/3208/3241 2510/3250/3277
f 2474/3208/3241 2475/3210/3242 2511/3252/3278
f 2475/3210/3242 2476/3211/3243 2512/3253/3279
f 2476/3211/3243 2477/3212/3244 2513/3254/3280
f 2477/3212/3244 2478/3213/3245 2514/3255/3281
f 2478/3213/3245 2479/3214/3246 2515/3256/3282
f 2479/3214/3246 2444/3173/3212 2480/3216/3248
f 2480/3216/3248 2481/3215/3247 2517/3257/3283
f 2481/3215/3247 2482/3217/3249 2518/3259/3285
f 2482/3217/3249 2483/3221/3251 2519/3260/3286
f 2483/3221/3251 2484/3220/3250 2520/3261/3287
f 2484/3223/3250 2485/3222/3252 2521/3262/3288
f 2485/3222/3252 2486/3224/3253 2522/3264/3289
f 2486/3224/3253 2487/3225/3254 2523/3265/3290
f 2487/3225/3254 2488/3226/3255 2524/3266/3291
f 2489/3227/3256 2525/3267/3292 2524/3266/3291
f 2490/3229/3257 2526/3269/3293 2525/3267/3292
f 2491/3268/3258 2527/4061/3294 2526/3269/3293
f 2492/3231/3259 2528/3271/3295 2527/3270/3294
f 2493/3232/3260 2529/3272/3296 2528/3271/3295
f 2494/3233/3261 2530/3273/3297 2529/3272/3296
f 2495/3234/3262 2531/3274/3298 2530/3273/3297
f 2496/3235/3263 2532/3275/3299 2531/3274/3298
f 2497/3236/3264 2533/3276/3300 2532/3275/3299
f 2498/3237/3265 2534/3277/3301 2533/3276/3300
f 2499/3238/3266 2535/3278/3302 2534/3277/3301
f 2500/3240/3267 2536/3280/3303 2535/3278/3302
f 2501/3279/3269 2537/3338/3305 2536/3280/3303
f 2501/3242/3269 2502/3241/3268 2538/3281/3304
f 2503/3243/3270 2539/3283/3306 2538/3281/3304
f 2504/3244/3271 2540/3284/3307 2539/3283/3306
f 2505/3245/3272 2541/3285/3308 2540/3284/3307
f 2506/3246/3273 2542/3287/3310 2541/3285/3308
f 2506/3246/3273 2507/3248/3275 2543/3286/3309
f 2507/3248/3275 2508/3247/3274 2544/3288/3311
f 2508/3247/3274 2509/3249/3276 2545/3289/3312
f 2509/3251/3276 2510/3250/3277 2546/3290/3313
f 2510/3250/3277 2511/3252/3278 2547/3292/3314
f 2511/3252/3278 2512/3253/3279 2548/3293/3315
f 2512/3253/3279 2513/3254/3280 2549/3294/3316
f 2513/3254/3280 2514/3255/3281 2550/3295/3317
f 2514/3255/3281 2515/3256/3282 2551/3296/3318
f 2515/3256/3282 2480/3216/3248 2516/3258/3284
s 269
f 2583/3353/3334 2584/4062/3362 2585/3354/3335
s 270
f 2556/3356/3337 2568/3383/3365 2569/3357/3338
s 271
f 2571/3359/3340 2564/3374/3356 2565/3360/3341
s 272
f 2566/3362/3343 2567/3379/3360 2554/3363/3344
s 273
f 2555/3365/3346 2562/3372/3354 2563/3366/3347
s 271
f 2554/3368/3349 2556/3356/4301 2560/3358/3350
f 2576/3370/3352 2561/3369/3351 2560/3358/3350
s 273
f 2562/3372/3354 2559/4063/4302 2558/3373/3355
s 271
f 2564/3374/3356 2558/4064/4303 2559/3375/3357
s 272
f 2566/3376/3343 2565/4065/4304 2559/3377/3358
f 2567/3379/3360 2566/3362/3343 2562/3372/3359
s 269
f 2584/3380/3362 2583/3402/3334 2586/3381/3363
s 270
f 2568/3383/3365 2557/3403/4305 2563/3384/3366
f 2569/3385/3338 2563/4066/3366 2558/3386/3367
s 271
f 2570/3371/3353 2575/3389/3370 2577/3388/3369
f 2575/3389/3370 2574/3391/3372 2578/3390/3371
f 2574/3391/3372 2573/3393/3374 2579/3392/3373
f 2573/3393/3374 2572/3395/3376 2580/3394/3375
f 2572/3395/3376 2571/3359/3340 2581/3361/3342
s 270
f 2570/3371/4306 2560/3358/3339 2569/3357/3338
f 2569/3357/3338 2564/3374/3368 2571/3359/4307
f 2569/3357/3338 2571/3359/4307 2572/3395/4308
f 2575/3389/4309 2570/3371/4306 2569/3357/3338
f 2574/3391/3378 2575/3389/4309 2569/3357/3338
f 2569/3357/3338 2572/3395/4308 2573/3393/3377
s 272
f 2581/4067/4310 2565/4068/4304 2566/3362/3343
f 2566/3362/3343 2561/3364/3345 2576/4069/4311
f 2576/4069/4311 2577/4070/4312 2578/4071/4313
f 2566/3362/3343 2576/4069/4311 2578/4071/4313
f 2580/3397/3380 2581/4067/4310 2566/3362/3343
f 2566/3362/3343 2578/4071/4313 2579/3396/3379
s 274
f 2567/3379/3381 2583/3402/4314 2582/3398/3382
s 275
f 2568/3383/3384 2556/3356/4315 2585/3399/3385
s 276
f 2556/3356/3387 2554/3368/4316 2582/3401/3388
s 277
f 2555/3365/3390 2586/3381/4317 2583/3402/3391
s 278
f 2557/3367/3393 2587/3382/4318 2586/3381/3394
s 279
f 2557/3403/3396 2568/3383/4319 2584/3400/3397
s 280
f 2617/3405/3399 2618/3434/3427 2619/3406/3400
s 281
f 2590/3408/3402 2602/3437/3430 2603/3409/3403
s 282
f 2605/3411/3405 2598/4072/3421 2599/3412/3406
s 283
f 2600/3414/3408 2601/3432/3425 2588/3415/3409
s 284
f 2589/3417/3411 2596/3425/3419 2597/3418/3412
s 282
f 2588/3420/3414 2590/3455/4320 2594/3421/3415
f 2610/3423/3417 2595/3422/3416 2594/3421/3415
s 284
f 2596/3425/3419 2593/4073/4321 2592/3426/3420
s 282
f 2598/3427/3421 2592/4074/4322 2593/3428/3422
s 283
f 2600/3414/3408 2599/4075/4323 2593/3430/3423
f 2601/3432/3425 2600/3414/3408 2596/3431/3424
s 280
f 2618/3434/3427 2617/3405/3399 2620/3435/3428
s 281
f 2602/3437/3430 2591/3459/4324 2597/3438/3431
f 2603/3409/3403 2597/3438/3431 2592/3439/3432
s 282
f 2604/3424/3418 2609/3442/3435 2611/3441/3434
f 2609/3442/3435 2608/3444/3437 2612/3443/3436
f 2608/3444/3437 2607/3446/3439 2613/3445/3438
f 2607/3446/3439 2606/3448/3441 2614/3447/3440
f 2606/3448/3441 2605/3411/3405 2615/3413/3407
s 281
f 2604/4076/4325 2594/3410/3404 2603/3409/3403
f 2603/3409/3403 2598/3440/3433 2605/4077/4326
f 2603/3409/3403 2605/4077/4326 2606/4078/4327
f 2609/4079/4328 2604/4076/4325 2603/3409/3403
f 2608/3450/3443 2609/4079/4328 2603/3409/3403
f 2603/3409/3403 2606/4078/4327 2607/3449/3442
s 283
f 2615/4080/4329 2599/4075/4323 2600/3414/3408
f 2600/3414/3408 2595/3416/3410 2610/4081/4330
f 2600/3414/3408 2610/4081/4330 2611/4082/4331
f 2614/4083/4332 2615/4080/4329 2600/3414/3408
f 2613/3452/3445 2614/4083/4332 2600/3414/3408
f 2600/3414/3408 2611/4082/4331 2612/3451/3444
s 285
f 2601/3432/3446 2617/3458/4333 2616/3453/3447
s 286
f 2590/3408/3449 2619/4084/4334 2618/3454/3450
s 287
f 2590/3455/3452 2588/3420/4335 2616/3456/3453
s 288
f 2589/3433/3455 2620/4085/4336 2617/3458/3456
s 289
f 2591/3419/3458 2621/3436/4337 2620/3435/3459
s 290
f 2591/3459/3461 2602/3437/4338 2618/3454/3462
s 291
f 2651/3461/3464 2652/3486/3492 2653/3462/3465
s 292
f 2636/3464/3467 2637/3489/3495 2628/3465/3468
s 293
f 2639/3467/3470 2632/3482/3486 2633/3468/3471
s 294
f 2629/3470/3473 2634/3485/3490 2635/3471/3474
s 295
f 2630/3473/3476 2631/3479/3483 2625/3474/3477
s 293
f 2629/3476/3478 2622/4086/3479 2624/3466/3479
f 2644/3477/3481 2629/3476/3478 2628/3465/3480
s 295
f 2631/3479/3483 2630/3473/3476 2627/3480/3484
s 293
f 2632/3482/3486 2626/3492/4339 2627/3483/3487
s 294
f 2633/3484/3488 2627/3480/4340 2630/3473/3489
f 2634/3485/3490 2630/3473/3489 2623/3475/3491
s 291
f 2652/3486/3492 2651/3461/3464 2654/3487/3493
s 292
f 2637/3489/3495 2636/3464/3467 2625/3490/3496
f 2632/3482/3498 2637/3489/3495 2631/3491/3497
s 293
f 2638/3478/3482 2643/3494/3501 2645/3493/3500
f 2643/3494/3501 2642/3496/3503 2646/3495/3502
f 2642/3496/3503 2641/3498/3505 2647/3497/3504
f 2641/3498/3505 2640/3500/3507 2648/3499/3506
f 2640/3500/3507 2639/3467/3470 2649/3469/3472
s 292
f 2638/3478/4341 2628/3465/3468 2637/3489/3495
f 2637/3489/3495 2632/3482/3498 2639/3467/4342
f 2637/3489/3495 2639/3467/4342 2640/3500/4343
f 2643/3494/4344 2638/3478/4341 2637/3489/3495
f 2642/3496/3509 2643/3494/4344 2637/3489/3495
f 2637/3489/3495 2640/3500/4343 2641/3498/3508
s 294
f 2649/4087/4345 2633/3484/3488 2634/3485/3490
f 2634/3485/3490 2629/3470/3473 2644/4088/4346
f 2644/4088/4346 2645/4089/4347 2646/3501/3510
f 2646/3501/3510 2647/4090/4348 2648/3502/3511
f 2648/3502/3511 2649/4087/4345 2634/3485/3490
f 2634/3485/3490 2644/4088/4346 2646/3501/3510
s 296
f 2622/3472/3512 2635/3471/4349 2651/3461/3513
s 297
f 2624/3466/3515 2653/3505/4350 2652/3503/3516
s 298
f 2624/3466/3518 2622/4086/3518 2650/3504/3519
s 299
f 2635/3471/3520 2623/3475/4351 2654/3487/3521
s 300
f 2623/3475/3523 2625/3474/4352 2655/3488/3524
s 297
f 2636/3464/3517 2652/3503/3516 2655/3506/3526
s 301
f 2685/3507/3528 2686/3535/3556 2687/3508/3529
s 302
f 2670/3510/3531 2671/3538/3559 2662/3511/3532
s 303
f 2673/3513/3534 2666/3529/3550 2667/3514/3535
s 304
f 2663/3516/3537 2668/3533/3554 2669/3517/3538
s 305
f 2657/3519/3540 2664/3527/3548 2665/3520/3541
s 303
f 2656/3522/3543 2658/3558/4353 2662/3523/3544
f 2678/3525/3546 2663/3524/3545 2662/3523/3544
s 305
f 2664/3527/3548 2661/4091/4354 2660/3528/3549
s 303
f 2666/3529/3550 2660/4092/4355 2661/3530/3551
s 304
f 2667/3531/3552 2661/4093/4356 2664/3532/3553
f 2668/3533/3554 2664/3532/3553 2657/3534/3555
s 301
f 2686/3535/3556 2685/3507/3528 2688/3536/3557
s 302
f 2671/3538/3559 2670/3510/3531 2659/3539/3560
f 2666/3541/3562 2671/3538/3559 2665/3540/3561
s 303
f 2672/3526/3547 2677/3544/3565 2679/3543/3564
f 2677/3544/3565 2676/3546/3567 2680/3545/3566
f 2676/3546/3567 2675/3548/3569 2681/3547/3568
f 2675/3548/3569 2674/3550/3571 2682/3549/3570
f 2674/3550/3571 2673/3513/3534 2683/3515/3536
s 302
f 2672/4094/4357 2662/3511/3532 2671/3538/3559
f 2671/3538/3559 2666/3541/3562 2673/4095/4358
f 2671/3538/3559 2673/4095/4358 2674/4096/4359
f 2677/4097/4360 2672/4094/4357 2671/3538/3559
f 2676/3552/3573 2677/4097/4360 2671/3538/3559
f 2671/3538/3559 2674/4096/4359 2675/3551/3572
s 304
f 2683/4098/4361 2667/3531/3552 2668/3533/3554
f 2668/3533/3554 2663/3516/3537 2678/4099/4362
f 2668/3533/3554 2678/4099/4362 2679/4100/4363
f 2682/4101/4364 2683/4098/4361 2668/3533/3554
f 2681/3554/3575 2682/4101/4364 2668/3533/3554
f 2668/3533/3554 2679/4100/4363 2680/3553/3574
s 306
f 2669/3517/3576 2685/3561/4365 2684/3555/3577
s 307
f 2670/3510/3579 2658/3512/4366 2687/3556/3580
s 308
f 2658/3558/3582 2656/3522/4367 2684/3559/3583
s 309
f 2657/3534/3585 2688/4102/4368 2685/3561/3586
s 310
f 2659/3521/3588 2689/4103/4369 2688/3562/3589
s 311
f 2659/3539/3591 2670/3510/4370 2686/3557/3592
s 312
f 2719/3564/3594 2720/3590/3622 2721/3565/3595
s 313
f 2704/3567/3597 2705/3594/3626 2696/3568/3598
s 314
f 2707/3570/3600 2700/3596/3616 2701/3571/3601
s 315
f 2702/3573/3603 2703/3589/3620 2690/3574/3604
s 316
f 2691/3576/3606 2698/3583/3614 2699/3577/3607
s 314
f 2690/3579/3609 2692/3569/3609 2696/3568/3610
f 2712/3581/3612 2697/3580/3611 2696/3568/3610
s 316
f 2698/3583/3614 2695/3588/3615 2694/3584/3615
s 314
f 2700/3585/3616 2694/4104/4371 2695/3586/3617
s 315
f 2702/3573/3603 2701/4105/4372 2695/3588/3618
f 2703/3589/3620 2702/3573/3603 2698/3583/3619
s 312
f 2720/3590/3622 2719/3564/3594 2722/3591/3623
s 313
f 2704/3567/3597 2693/3614/4373 2699/3593/3625
f 2705/3594/3626 2699/3593/3625 2694/3595/3627
s 314
f 2706/3582/3613 2711/3598/3630 2713/3597/3629
f 2711/3598/3630 2710/3600/3632 2714/3599/3631
f 2710/3600/3632 2709/3602/3634 2715/3601/3633
f 2709/3602/3634 2708/3604/3636 2716/3603/3635
f 2708/3604/3636 2707/3570/3600 2717/3572/3602
s 313
f 2706/3582/4374 2696/3568/3598 2705/3594/3626
f 2705/3594/3626 2700/3596/3628 2707/3570/4375
f 2705/3594/3626 2707/3570/4375 2708/3604/4376
f 2711/3598/3638 2706/3582/4374 2705/3594/3626
f 2709/3602/3637 2710/3600/4377 2711/3598/3638
f 2705/3594/3626 2708/3604/4376 2709/3602/3637
s 315
f 2717/4106/4378 2701/4105/4372 2702/3573/3603
f 2702/3573/3603 2697/3575/3605 2712/4107/4379
f 2702/3573/3603 2712/4107/4379 2713/4108/4380
f 2716/4109/4381 2717/4106/4378 2702/3573/3603
f 2715/3606/3640 2716/4109/4381 2702/3573/3603
f 2702/3573/3603 2713/4108/4380 2714/3605/3639
s 317
f 2690/3574/3641 2703/3589/4382 2719/3607/3642
s 318
f 2692/3569/3644 2721/3611/4383 2720/3609/3645
s 319
f 2692/3569/3647 2690/3579/4384 2718/3610/3648
s 320
f 2691/3576/3650 2722/3613/4385 2719/3607/3651
s 321
f 2691/3576/3653 2693/3578/4386 2723/3612/3654
s 318
f 2693/3614/3656 2704/3567/3646 2720/3609/3645
s 322
f 2753/3616/3658 2754/3642/3687 2755/3617/3659
s 323
f 2738/3619/3661 2739/3645/3690 2730/3620/3662
s 324
f 2741/3622/3664 2734/3638/3681 2735/3623/3665
s 325
f 2731/3625/3667 2736/3641/3685 2737/3626/3668
s 326
f 2732/3628/3670 2733/3635/3678 2727/3629/3671
s 324
f 2724/3631/3673 2726/3621/4387 2730/3620/3674
f 2746/3633/3676 2731/3632/3675 2730/3620/3674
s 326
f 2733/3635/3678 2732/3628/3670 2729/3636/3679
s 324
f 2734/3638/3681 2728/3648/4388 2729/3639/3682
s 325
f 2735/3640/3683 2729/3636/4389 2732/3628/3684
f 2736/3641/3685 2732/3628/3684 2725/3630/3686
s 322
f 2754/3642/3687 2753/3616/3658 2756/3643/3688
s 323
f 2739/3645/3690 2738/3619/3661 2727/3646/3691
f 2734/3638/3693 2739/3645/3690 2733/3647/3692
s 324
f 2740/3634/3677 2745/3650/3696 2747/3649/3695
f 2745/3650/3696 2744/3652/3698 2748/3651/3697
f 2744/3652/3698 2743/3654/3700 2749/3653/3699
f 2743/3654/3700 2742/3656/3702 2750/3655/3701
f 2742/3656/3702 2741/3622/3664 2751/3624/3666
s 323
f 2745/3650/3704 2740/3634/4390 2730/3620/3662
f 2739/3645/3690 2734/3638/3693 2741/3622/4391
f 2741/3622/4391 2742/3656/4392 2743/3654/4393
f 2739/3645/3690 2741/3622/4391 2743/3654/4393
f 2745/3650/3704 2730/3620/3662 2739/3645/3690
f 2739/3645/3690 2743/3654/4393 2744/3652/3703
s 325
f 2751/4110/4394 2735/3640/3683 2736/3641/3685
f 2736/3641/3685 2731/3625/3667 2746/4111/4395
f 2736/3641/3685 2746/4111/4395 2747/4112/4396
f 2750/4113/4397 2751/4110/4394 2736/3641/3685
f 2749/3658/3706 2750/4113/4397 2736/3641/3685
f 2736/3641/3685 2747/4112/4396 2748/3657/3705
s 327
f 2724/3627/3707 2737/3626/4398 2753/3616/3708
s 328
f 2726/3621/3710 2755/3661/4399 2754/3659/3711
s 329
f 2726/3621/3713 2724/3631/4400 2752/3660/3714
s 330
f 2737/3626/3716 2725/3630/4401 2756/3643/3717
s 331
f 2727/3629/3719 2757/3644/4402 2756/3643/3720
s 332
f 2738/3619/3722 2754/3659/4403 2757/3662/3723
s 333
f 2787/3663/3725 2788/3689/3753 2789/3664/3726
s 334
f 2772/3666/3728 2773/3705/3756 2764/3667/3729
s 335
f 2775/3669/3731 2768/3684/3747 2769/3670/3732
s 336
f 2765/3672/3734 2770/3706/3751 2771/3673/3735
s 337
f 2766/3675/3737 2767/3681/3744 2761/3676/3738
s 335
f 2765/3678/3739 2758/4114/4404 2760/3668/3740
f 2780/3679/3742 2765/3678/3739 2764/3667/3741
s 337
f 2767/3681/3744 2766/3675/3737 2763/3682/3745
s 335
f 2768/3684/3747 2762/4115/4405 2763/3685/3748
s 336
f 2769/3686/3749 2763/3682/4406 2766/3675/3750
f 2770/3687/3751 2766/3675/3750 2759/3677/3752
s 333
f 2788/3689/3753 2787/3663/3725 2790/3690/3754
s 334
f 2773/3692/3756 2772/4116/3728 2761/3693/3757
f 2768/3695/3759 2773/3692/3756 2767/3694/3758
s 335
f 2774/3680/3743 2779/3698/3762 2781/3697/3761
f 2779/3698/3762 2778/3700/3764 2782/3699/3763
f 2778/3700/3764 2777/3702/3766 2783/3701/3765
f 2777/3702/3766 2776/3704/3768 2784/3703/3767
f 2776/3704/3768 2775/3669/3731 2785/3671/3733
s 334
f 2774/3680/4407 2764/3667/3729 2773/3705/3756
f 2773/3705/3756 2768/3684/3759 2775/3669/4408
f 2773/3705/3756 2775/3669/4408 2776/3704/4409
f 2779/3698/4410 2774/3680/4407 2773/3705/3756
f 2778/3700/3770 2779/3698/4410 2773/3705/3756
f 2773/3705/3756 2776/3704/4409 2777/3702/3769
s 336
f 2785/4117/4411 2769/4118/3749 2770/3706/3751
f 2770/3706/3751 2765/3672/3734 2780/4119/4412
f 2780/4119/4412 2781/4120/4413 2782/4121/4414
f 2770/3706/3751 2780/4119/4412 2782/4121/4414
f 2784/3708/3772 2785/4117/4411 2770/3706/3751
f 2770/3706/3751 2782/4121/4414 2783/3707/3771
s 338
f 2758/3709/3773 2771/3688/4415 2787/3663/3774
s 339
f 2760/3668/3776 2789/3712/4416 2788/3710/3777
s 340
f 2760/3668/3779 2758/4114/4417 2786/3711/3780
s 341
f 2771/3688/3782 2759/3677/4418 2790/3690/3783
s 342
f 2761/3676/3785 2791/3691/4419 2790/3690/3786
s 343
f 2772/3666/3788 2788/3710/4420 2791/3713/3789
s 344
f 2821/3715/3791 2822/3741/3819 2823/3716/3792
s 345
f 2794/3718/3794 2806/3744/3822 2807/3719/3795
s 346
f 2809/3721/3797 2802/3747/3813 2803/3722/3798
s 347
f 2804/3724/3800 2805/3740/3817 2792/3725/3801
s 348
f 2793/3727/3803 2800/3734/3811 2801/3728/3804
s 346
f 2792/3730/3806 2794/3718/4421 2798/3720/3807
f 2814/3732/3809 2799/3731/3808 2798/3720/3807
s 348
f 2800/3734/3811 2797/3739/4422 2796/3735/3812
s 346
f 2802/3736/3813 2796/4122/4423 2797/3737/3814
s 347
f 2804/3724/3800 2803/4123/4424 2797/3739/3815
f 2805/3740/3817 2804/3724/3800 2800/3734/3816
s 344
f 2822/3741/3819 2821/3715/3791 2824/3742/3820
s 345
f 2806/3744/3822 2795/3764/4425 2801/3745/3823
f 2807/3719/3795 2801/3745/3823 2796/3746/3824
s 346
f 2808/3733/3810 2813/3749/3827 2815/3748/3826
f 2813/3749/3827 2812/3751/3829 2816/3750/3828
f 2812/3751/3829 2811/3753/3831 2817/3752/3830
f 2811/3753/3831 2810/3755/3833 2818/3754/3832
f 2810/3755/3833 2809/3721/3797 2819/3723/3799
s 345
f 2808/3733/4426 2798/3720/3796 2807/3719/3795
f 2807/3719/3795 2802/3747/3825 2809/3721/4427
f 2810/3755/4428 2811/3753/4429 2812/3751/3834
f 2807/3719/3795 2809/3721/4427 2810/3755/4428
f 2813/3749/3835 2808/3733/4426 2807/3719/3795
f 2807/3719/3795 2810/3755/4428 2812/3751/3834
s 347
f 2819/4124/4430 2803/4123/4424 2804/3724/3800
f 2804/3724/3800 2799/3726/3802 2814/4125/4431
f 2814/4125/4431 2815/4126/4432 2816/3756/3836
f 2817/3757/3837 2818/4127/4433 2819/4124/4430
f 2804/3724/3800 2814/4125/4431 2816/3756/3836
f 2817/3757/3837 2819/4124/4430 2804/3724/3800
s 349
f 2805/3740/3838 2821/3762/4434 2820/3758/3839
s 350
f 2806/3744/3841 2794/3718/4435 2823/3759/3842
s 351
f 2794/3718/3844 2792/3730/4436 2820/3761/3845
s 352
f 2793/3727/3847 2824/3763/4437 2821/3762/3848
s 353
f 2795/3729/3850 2825/4128/4438 2824/3763/3851
s 354
f 2795/3764/3853 2806/3744/4439 2822/3760/3854
