# Blender 5.0.1
# www.blender.org
mtllib snitchalaIzqHarry.mtl
o polySurface1254.001
v 1.979640 0.581058 -0.794736
v 2.055804 0.621944 -0.865862
v 1.985706 0.581899 -0.809029
v 2.061198 0.622996 -0.882038
v 1.943812 0.829198 -0.904670
v 1.938068 0.828809 -0.888629
v 1.956614 0.634010 -0.811978
v 1.951025 0.633827 -0.795153
v 2.029062 0.670995 -0.867339
v 2.034296 0.671364 -0.884171
v 1.921306 0.819511 -0.884361
v 1.915565 0.819137 -0.868001
v 2.007081 0.659353 -0.847349
v 2.034738 0.609523 -0.845685
v 2.040217 0.610404 -0.861423
v 2.012799 0.659783 -0.863505
v 1.952280 0.675108 -0.828368
v 1.937511 0.756371 -0.859487
v 1.941375 0.740189 -0.853052
v 1.944796 0.723942 -0.847184
v 1.947752 0.707676 -0.840251
v 1.950249 0.691389 -0.834500
v 1.946561 0.674715 -0.811778
v 1.944590 0.691106 -0.818420
v 1.942013 0.707296 -0.824667
v 1.938988 0.723447 -0.831936
v 1.935500 0.739577 -0.837571
v 1.931554 0.755664 -0.844364
v 2.373240 -0.215927 -0.956037
v 2.383375 -0.083794 -0.962984
v 2.387514 -0.079533 -0.977684
v 2.376792 -0.210186 -0.969244
v 2.392281 -0.042885 -0.971211
v 2.396726 -0.039322 -0.986694
v 2.596958 0.991733 -1.634652
v 2.675931 1.039446 -1.712201
v 2.602773 0.992675 -1.653285
v 2.681719 1.040641 -1.730436
v 2.619909 1.145442 -1.750618
v 2.614119 1.144632 -1.731388
v 2.589222 1.015955 -1.656998
v 2.583450 1.014943 -1.637528
v 2.662621 1.061958 -1.716352
v 2.668508 1.063239 -1.734193
v 2.596689 1.133229 -1.727860
v 2.590762 1.132340 -1.709776
v 2.639800 1.049398 -1.693470
v 2.653217 1.026704 -1.689286
v 2.658972 1.027881 -1.707172
v 2.645768 1.050217 -1.711291
v 2.594335 1.041361 -1.673967
v 2.598633 1.092267 -1.705690
v 2.598841 1.081887 -1.699856
v 2.598463 1.071683 -1.693431
v 2.597476 1.061707 -1.686903
v 2.596120 1.051561 -1.680954
v 2.588472 1.040471 -1.655674
v 2.590510 1.050820 -1.661991
v 2.591780 1.060878 -1.668642
v 2.592504 1.071067 -1.675523
v 2.592933 1.080951 -1.681316
v 2.592690 1.091155 -1.687784
v 2.833711 0.568012 -1.621680
v 2.879654 0.625488 -1.667612
v 2.884763 0.626500 -1.688672
v 2.839585 0.569816 -1.638210
v 2.898702 0.644322 -1.691359
v 2.904098 0.645861 -1.710420
v 2.772239 1.080972 -1.839867
v 2.860967 1.119063 -1.907874
v 2.778653 1.081131 -1.856933
v 2.867467 1.119689 -1.925838
v 2.803025 1.228688 -1.946541
v 2.796581 1.227967 -1.928810
v 2.765213 1.103865 -1.861124
v 2.758843 1.103627 -1.844045
v 2.847040 1.142618 -1.912217
v 2.853457 1.143384 -1.930207
v 2.778189 1.217126 -1.927177
v 2.771832 1.216545 -1.908860
v 2.821676 1.132237 -1.892094
v 2.835440 1.108958 -1.887802
v 2.841681 1.109214 -1.906424
v 2.827906 1.132515 -1.910720
v 2.772235 1.127851 -1.876652
v 2.779016 1.176635 -1.906376
v 2.778651 1.166857 -1.900663
v 2.778086 1.156579 -1.894146
v 2.776536 1.147137 -1.889171
v 2.774177 1.136809 -1.885582
v 2.765739 1.127633 -1.858756
v 2.768409 1.137311 -1.864359
v 2.769830 1.146140 -1.872674
v 2.771583 1.156464 -1.877154
v 2.772386 1.166133 -1.882869
v 2.772733 1.175977 -1.887458
v 3.003355 0.672682 -1.815507
v 3.053397 0.725625 -1.861831
v 3.058653 0.727338 -1.880890
v 3.010188 0.673156 -1.832380
v 3.072312 0.748925 -1.879200
v 3.077194 0.751633 -1.898262
v 2.681941 1.039306 -1.738025
v 2.765882 1.081759 -1.812677
v 2.688256 1.039578 -1.757163
v 2.772121 1.082385 -1.830490
v 2.709859 1.187695 -1.851329
v 2.704103 1.186786 -1.832351
v 2.674937 1.062105 -1.761316
v 2.668772 1.061581 -1.742132
v 2.752723 1.104548 -1.816022
v 2.758734 1.105028 -1.834665
v 2.685912 1.175908 -1.829417
v 2.679756 1.175209 -1.811151
v 2.728287 1.092834 -1.795031
v 2.741626 1.070272 -1.790871
v 2.747858 1.071133 -1.808822
v 2.734587 1.093578 -1.812961
v 2.681157 1.086468 -1.776790
v 2.687201 1.135385 -1.807926
v 2.686909 1.125682 -1.802174
v 2.686226 1.115812 -1.795784
v 2.685072 1.105921 -1.790779
v 2.683355 1.096182 -1.784800
v 2.674986 1.085908 -1.759264
v 2.677121 1.095715 -1.765851
v 2.679040 1.105096 -1.771545
v 2.680114 1.115258 -1.778959
v 2.680759 1.124970 -1.784842
v 2.680968 1.134595 -1.789716
v 2.914052 0.627810 -1.718227
v 2.966330 0.673536 -1.767701
v 2.972573 0.673987 -1.785725
v 2.920344 0.628058 -1.735497
v 2.988423 0.689516 -1.787317
v 2.994426 0.690662 -1.804837
v 2.138143 0.670496 -0.990603
v 2.206355 0.725931 -1.069673
v 2.143344 0.672226 -1.007191
v 2.211594 0.727664 -1.086140
v 2.111894 0.899709 -1.110325
v 2.106652 0.899339 -1.091912
v 2.118952 0.715731 -1.010541
v 2.113836 0.715002 -0.992297
v 2.184041 0.765428 -1.073096
v 2.189394 0.766946 -1.089570
v 2.090426 0.888794 -1.086247
v 2.084863 0.888037 -1.069257
v 2.164075 0.750218 -1.051052
v 2.187306 0.709578 -1.046756
v 2.192235 0.711503 -1.063805
v 2.169567 0.751706 -1.067193
v 2.115711 0.754300 -1.027112
v 2.104026 0.829157 -1.062691
v 2.107462 0.814501 -1.055203
v 2.110020 0.799182 -1.049502
v 2.112630 0.784256 -1.041563
v 2.114414 0.769250 -1.034461
v 2.110464 0.753014 -1.010026
v 2.109185 0.768328 -1.016800
v 2.107148 0.783514 -1.024326
v 2.104748 0.798537 -1.031565
v 2.101686 0.813191 -1.039590
v 2.098791 0.828742 -1.044331
v 2.467537 0.030251 -1.076665
v 2.498112 0.113460 -1.111744
v 2.502264 0.117494 -1.127910
v 2.471629 0.033318 -1.094367
v 2.510308 0.146508 -1.125606
v 2.514123 0.150394 -1.142890
v 1.615394 0.486658 -0.453652
v 1.704332 0.506001 -0.509187
v 1.621798 0.486325 -0.467044
v 1.710651 0.505811 -0.522593
v 1.601449 0.698553 -0.543750
v 1.595646 0.698157 -0.530081
v 1.598544 0.528452 -0.469776
v 1.592085 0.528874 -0.457063
v 1.679575 0.550939 -0.511223
v 1.685722 0.551067 -0.525602
v 1.578277 0.689470 -0.527815
v 1.572477 0.689069 -0.513568
v 1.654859 0.544604 -0.494988
v 1.679173 0.500231 -0.493199
v 1.685473 0.500009 -0.507166
v 1.661243 0.544563 -0.508753
v 1.598995 0.561236 -0.482261
v 1.591178 0.631389 -0.508093
v 1.593670 0.616386 -0.504442
v 1.596025 0.602821 -0.497781
v 1.597650 0.588672 -0.492358
v 1.598573 0.574921 -0.487647
v 1.592604 0.561860 -0.468391
v 1.592483 0.575238 -0.473314
v 1.591460 0.588927 -0.478703
v 1.589966 0.602621 -0.484000
v 1.587833 0.616591 -0.488642
v 1.585243 0.631205 -0.492954
v 1.932112 -0.156300 -0.555911
v 2.003081 -0.158004 -0.603708
v 2.010666 -0.161267 -0.619502
v 1.939478 -0.159092 -0.572188
v 2.031555 -0.159417 -0.623373
v 2.039175 -0.162754 -0.639312
v 1.229803 0.402536 -0.204035
v 1.319077 0.430200 -0.238592
v 1.236221 0.402443 -0.216041
v 1.325300 0.430352 -0.250928
v 1.239621 0.580283 -0.271240
v 1.233622 0.579729 -0.258873
v 1.218149 0.436209 -0.217199
v 1.211317 0.435577 -0.207382
v 1.299767 0.464543 -0.242301
v 1.306042 0.464864 -0.254270
v 1.215156 0.571024 -0.260769
v 1.209027 0.570664 -0.248539
v 1.274435 0.456750 -0.231838
v 1.293531 0.422916 -0.228008
v 1.299870 0.422889 -0.241016
v 1.280828 0.456986 -0.243618
v 1.221389 0.464105 -0.228040
v 1.221463 0.522836 -0.245958
v 1.222686 0.510670 -0.242390
v 1.223138 0.498969 -0.238844
v 1.223107 0.487238 -0.235254
v 1.222518 0.475627 -0.231671
v 1.215108 0.463966 -0.215982
v 1.216244 0.475487 -0.219601
v 1.216900 0.487104 -0.222842
v 1.216900 0.498686 -0.226841
v 1.216257 0.510521 -0.230653
v 1.215308 0.522495 -0.234419
v 1.500220 -0.138452 -0.258585
v 1.559651 -0.108339 -0.282141
v 1.566124 -0.108646 -0.294896
v 1.506811 -0.138943 -0.271600
v 1.585244 -0.101173 -0.293638
v 1.591699 -0.101468 -0.306168
v 2.867608 1.118235 -1.934391
v 2.960871 1.152221 -1.998014
v 2.874406 1.118120 -1.952199
v 2.967566 1.152537 -2.015644
v 2.898991 1.268522 -2.037884
v 2.892652 1.268197 -2.019251
v 2.860357 1.141885 -1.956581
v 2.853618 1.141899 -1.938754
v 2.945922 1.177507 -2.002676
v 2.952667 1.177734 -2.020289
v 2.873420 1.257359 -2.018516
v 2.867150 1.256395 -2.000742
v 2.919429 1.167970 -1.983763
v 2.934073 1.143200 -1.979195
v 2.940624 1.143121 -1.998368
v 2.926059 1.168323 -2.001716
v 2.867566 1.165858 -1.971000
v 2.874404 1.215775 -1.999179
v 2.874267 1.205400 -1.994046
v 2.873438 1.195335 -1.988742
v 2.872079 1.185323 -1.983189
v 2.870154 1.175437 -1.977406
v 2.860996 1.165536 -1.953811
v 2.863685 1.175413 -1.958726
v 2.865470 1.185033 -1.964918
v 2.866970 1.194917 -1.970176
v 2.867741 1.204883 -1.976591
v 2.867978 1.214901 -1.981733
v 3.085421 0.736199 -1.906663
v 3.128666 0.802644 -1.952258
v 3.133584 0.805376 -1.971136
v 3.091453 0.737465 -1.924564
v 3.146179 0.829201 -1.969535
v 3.150662 0.833486 -1.987221
v 0.556029 0.109143 -0.014100
v 0.655366 0.148088 -0.003516
v 0.563264 0.110181 -0.022044
v 0.662054 0.149255 -0.012596
v 0.591210 0.273366 -0.028867
v 0.585125 0.272408 -0.018745
v 0.549587 0.134030 -0.025390
v 0.542683 0.133217 -0.016202
v 0.640872 0.174132 -0.005960
v 0.647369 0.175621 -0.015126
v 0.564590 0.260361 -0.030996
v 0.558034 0.258629 -0.022270
v 0.613672 0.163301 -0.006124
v 0.627782 0.137517 -0.004349
v 0.634112 0.138095 -0.015686
v 0.620207 0.164317 -0.016259
v 0.558349 0.159246 -0.024887
v 0.566301 0.213637 -0.027060
v 0.566116 0.202293 -0.026255
v 0.564837 0.190596 -0.027280
v 0.563622 0.180311 -0.025196
v 0.561302 0.169712 -0.024954
v 0.552027 0.158950 -0.013841
v 0.554491 0.168760 -0.015902
v 0.556858 0.179202 -0.015919
v 0.558496 0.189933 -0.016193
v 0.559066 0.200276 -0.018523
v 0.559526 0.212312 -0.018357
v 0.742743 -0.254595 -0.027081
v 0.813369 -0.227606 -0.022405
v 0.820159 -0.227083 -0.032986
v 0.750058 -0.254660 -0.036432
v 0.842054 -0.218276 -0.020732
v 0.848854 -0.217528 -0.030268
v 1.519064 0.469510 -0.381896
v 1.608974 0.488471 -0.432791
v 1.525348 0.469183 -0.395366
v 1.615274 0.488065 -0.446607
v 1.513058 0.668487 -0.467118
v 1.507024 0.668399 -0.453393
v 1.503612 0.508424 -0.398164
v 1.497318 0.508765 -0.384721
v 1.585816 0.530402 -0.435371
v 1.591973 0.530277 -0.450017
v 1.489311 0.659960 -0.452049
v 1.483271 0.659874 -0.438369
v 1.560796 0.524168 -0.420527
v 1.583361 0.483344 -0.417836
v 1.589725 0.482834 -0.431556
v 1.566964 0.524020 -0.434198
v 1.505188 0.539476 -0.409928
v 1.500176 0.605126 -0.433035
v 1.502367 0.591597 -0.428721
v 1.503954 0.578277 -0.424106
v 1.504960 0.565128 -0.419461
v 1.505359 0.552212 -0.414720
v 1.498990 0.539652 -0.396408
v 1.499073 0.552550 -0.401213
v 1.498694 0.565459 -0.405947
v 1.497726 0.578312 -0.410683
v 1.496222 0.591685 -0.414746
v 1.493993 0.605278 -0.419641
v 1.822480 -0.144611 -0.470622
v 1.888996 -0.135355 -0.510387
v 1.896037 -0.137335 -0.525641
v 1.829628 -0.146810 -0.485243
v 1.916136 -0.133474 -0.527665
v 1.923338 -0.135815 -0.542487
v 2.355212 0.843110 -1.307875
v 2.423324 0.902023 -1.391465
v 2.360539 0.844471 -1.325668
v 2.428447 0.903883 -1.409938
v 2.353890 1.029991 -1.433433
v 2.348415 1.028728 -1.415553
v 2.342335 0.875263 -1.331346
v 2.336884 0.874110 -1.313155
v 2.406974 0.929677 -1.396564
v 2.412234 0.931308 -1.414995
v 2.332692 1.017720 -1.407641
v 2.327415 1.016207 -1.389637
v 2.387390 0.914762 -1.370119
v 2.403689 0.885550 -1.368191
v 2.408795 0.887397 -1.386189
v 2.392613 0.916367 -1.388953
v 2.343379 0.907380 -1.348366
v 2.340153 0.968965 -1.383159
v 2.341665 0.956753 -1.376422
v 2.342730 0.944502 -1.370411
v 2.343371 0.932182 -1.362942
v 2.343527 0.919908 -1.355231
v 2.338017 0.906067 -1.330764
v 2.338231 0.919074 -1.336767
v 2.337915 0.931015 -1.345092
v 2.337158 0.943643 -1.351268
v 2.336125 0.955589 -1.358783
v 2.334524 0.967696 -1.366083
v 2.631967 0.332498 -1.325014
v 2.662364 0.413438 -1.371956
v 2.666728 0.417001 -1.389912
v 2.636402 0.335480 -1.342754
v 2.675345 0.443969 -1.391183
v 2.679628 0.447702 -1.409115
v 2.516409 0.939683 -1.527423
v 2.590973 0.991998 -1.608209
v 2.522196 0.940412 -1.544700
v 2.596817 0.993186 -1.625882
v 2.532800 1.101826 -1.646154
v 2.526740 1.100645 -1.629083
v 2.507484 0.965295 -1.549288
v 2.501697 0.964569 -1.531069
v 2.577271 1.015175 -1.612483
v 2.582937 1.016663 -1.630211
v 2.510294 1.089134 -1.623196
v 2.504450 1.088285 -1.605081
v 2.555705 1.001593 -1.588206
v 2.569723 0.977882 -1.583835
v 2.575006 0.978729 -1.604362
v 2.561187 1.002105 -1.607876
v 2.511455 0.992693 -1.567361
v 2.513695 1.046278 -1.600579
v 2.514167 1.035595 -1.593989
v 2.514030 1.024973 -1.588071
v 2.513635 1.014319 -1.581262
v 2.512768 1.003516 -1.574768
v 2.505382 0.991579 -1.550363
v 2.507113 1.003026 -1.555798
v 2.508075 1.013429 -1.562549
v 2.508515 1.023930 -1.569773
v 2.508330 1.034528 -1.576377
v 2.507855 1.045135 -1.582537
v 2.763133 0.494804 -1.520996
v 2.802539 0.561636 -1.569843
v 2.807293 0.563271 -1.590049
v 2.768417 0.496884 -1.538536
v 2.819124 0.584864 -1.592365
v 2.824268 0.587206 -1.610149
v 1.043731 0.329031 -0.115945
v 1.129460 0.370134 -0.139130
v 1.050069 0.329734 -0.126790
v 1.135633 0.370764 -0.150568
v 1.054949 0.511454 -0.169948
v 1.048814 0.510756 -0.158500
v 1.031851 0.362297 -0.130078
v 1.025917 0.361799 -0.117991
v 1.111316 0.402128 -0.142893
v 1.117876 0.403691 -0.152082
v 1.030655 0.500541 -0.162878
v 1.024364 0.499621 -0.152121
v 1.086805 0.391561 -0.135077
v 1.104930 0.359142 -0.131881
v 1.110965 0.360064 -0.143272
v 1.092988 0.392162 -0.146566
v 1.035446 0.392311 -0.136760
v 1.035983 0.452323 -0.151102
v 1.036915 0.440313 -0.148178
v 1.037309 0.428332 -0.145288
v 1.037166 0.416383 -0.141816
v 1.036560 0.404347 -0.139582
v 1.029214 0.391671 -0.125586
v 1.030433 0.403778 -0.128084
v 1.030977 0.415758 -0.130846
v 1.031115 0.427652 -0.134520
v 1.030730 0.439375 -0.137226
v 1.029882 0.451493 -0.139779
v 1.302695 -0.189542 -0.164061
v 1.366814 -0.164880 -0.180610
v 1.373115 -0.165075 -0.193628
v 1.309734 -0.190589 -0.175908
v 1.391362 -0.153155 -0.187686
v 1.397499 -0.152298 -0.199467
v 0.662025 0.148107 -0.019128
v 0.757454 0.188789 -0.016334
v 0.668871 0.148731 -0.028527
v 0.764043 0.189920 -0.025623
v 0.687736 0.323734 -0.043609
v 0.681762 0.321784 -0.033764
v 0.654274 0.175209 -0.030638
v 0.647501 0.174185 -0.021603
v 0.741720 0.217185 -0.018811
v 0.748153 0.218519 -0.028217
v 0.662729 0.308909 -0.043281
v 0.656202 0.307841 -0.033653
v 0.715269 0.204814 -0.018804
v 0.730983 0.176537 -0.016197
v 0.737239 0.178089 -0.026144
v 0.722059 0.205638 -0.028315
v 0.661514 0.201943 -0.032109
v 0.666817 0.259490 -0.036865
v 0.667089 0.247608 -0.035602
v 0.666542 0.236168 -0.034538
v 0.665644 0.224363 -0.033548
v 0.664084 0.212743 -0.032701
v 0.655187 0.201626 -0.021092
v 0.657307 0.212043 -0.023245
v 0.659204 0.222974 -0.024117
v 0.660040 0.234792 -0.025234
v 0.660529 0.246256 -0.026403
v 0.660081 0.258321 -0.028548
v 0.855881 -0.232471 -0.037842
v 0.927267 -0.211030 -0.039018
v 0.934234 -0.210898 -0.048753
v 0.862818 -0.233365 -0.049203
v 0.955838 -0.203234 -0.039679
v 0.962863 -0.203290 -0.049532
v 0.448042 0.069722 -0.014733
v 0.549393 0.109072 0.001537
v 0.454777 0.070201 -0.024625
v 0.555887 0.110579 -0.007606
v 0.489881 0.226307 -0.023547
v 0.483126 0.224880 -0.014762
v 0.442700 0.092765 -0.025664
v 0.435317 0.091290 -0.018711
v 0.535586 0.132477 -0.002784
v 0.542946 0.133984 -0.009586
v 0.462318 0.212843 -0.027802
v 0.455272 0.210809 -0.020616
v 0.507584 0.121298 -0.005208
v 0.520603 0.098068 -0.002795
v 0.527797 0.099852 -0.009866
v 0.514334 0.122678 -0.014081
v 0.452178 0.116478 -0.025360
v 0.462592 0.168066 -0.024995
v 0.461351 0.157332 -0.025987
v 0.460434 0.146961 -0.024526
v 0.458308 0.136706 -0.024610
v 0.455256 0.125940 -0.026358
v 0.445637 0.115431 -0.015735
v 0.448675 0.125392 -0.016224
v 0.451088 0.134966 -0.017411
v 0.453589 0.145637 -0.015989
v 0.454967 0.156118 -0.016205
v 0.456012 0.167164 -0.015769
v 0.626280 -0.276381 -0.024991
v 0.699646 -0.250681 -0.014329
v 0.706418 -0.249662 -0.022899
v 0.633981 -0.275455 -0.031949
v 0.728903 -0.240800 -0.010586
v 0.735442 -0.239735 -0.020340
v 0.764163 0.188502 -0.032099
v 0.855068 0.232680 -0.036261
v 0.770679 0.189432 -0.041948
v 0.861240 0.234050 -0.046435
v 0.780351 0.375890 -0.065551
v 0.774314 0.374319 -0.054550
v 0.754852 0.218259 -0.044092
v 0.748193 0.217249 -0.034724
v 0.838371 0.263725 -0.037588
v 0.844184 0.265081 -0.048754
v 0.756143 0.360998 -0.063189
v 0.750069 0.359432 -0.053047
v 0.812639 0.250403 -0.037149
v 0.829616 0.219842 -0.034361
v 0.835801 0.221239 -0.045197
v 0.819168 0.251506 -0.047458
v 0.760462 0.246949 -0.047111
v 0.762492 0.308722 -0.054674
v 0.763402 0.295996 -0.052884
v 0.763551 0.283623 -0.051258
v 0.763168 0.271218 -0.049754
v 0.762030 0.259179 -0.048376
v 0.753963 0.246020 -0.037218
v 0.755674 0.258030 -0.038434
v 0.756864 0.269892 -0.039579
v 0.757280 0.282125 -0.041004
v 0.757135 0.294386 -0.043258
v 0.756274 0.306915 -0.045156
v 0.969617 -0.218858 -0.058960
v 1.041252 -0.199634 -0.062551
v 1.048118 -0.199985 -0.073537
v 0.977021 -0.219837 -0.069395
v 1.069461 -0.193416 -0.067019
v 1.076110 -0.193077 -0.077398
v 0.338340 0.025651 -0.025549
v 0.440967 0.068937 -0.001015
v 0.345581 0.027384 -0.032695
v 0.448127 0.070791 -0.008150
v 0.385268 0.179086 -0.025689
v 0.378532 0.177544 -0.017142
v 0.333651 0.047590 -0.036423
v 0.327092 0.046840 -0.026359
v 0.428644 0.091696 -0.002207
v 0.435364 0.092416 -0.012139
v 0.357294 0.165087 -0.031833
v 0.350351 0.163836 -0.023407
v 0.399812 0.079151 -0.008799
v 0.411714 0.057244 -0.007550
v 0.418287 0.058044 -0.017218
v 0.406409 0.080219 -0.018014
v 0.344105 0.071498 -0.033403
v 0.355975 0.122081 -0.030720
v 0.354732 0.111348 -0.031728
v 0.353236 0.101446 -0.031093
v 0.350610 0.090970 -0.032680
v 0.348094 0.081702 -0.031269
v 0.337731 0.070440 -0.023340
v 0.340884 0.079933 -0.024127
v 0.344138 0.090369 -0.021889
v 0.346024 0.099675 -0.023753
v 0.347995 0.110223 -0.022660
v 0.348804 0.120238 -0.023569
v 0.514440 -0.313268 -0.030407
v 0.583858 -0.274534 -0.013658
v 0.590419 -0.271661 -0.020626
v 0.521707 -0.311588 -0.037501
v 0.612934 -0.263032 -0.007504
v 0.619452 -0.260082 -0.015028
v 2.967682 1.151122 -2.024453
v 3.065040 1.182476 -2.082230
v 2.974660 1.151146 -2.041955
v 3.071962 1.182654 -2.099881
v 2.997358 1.308842 -2.123148
v 2.990936 1.308493 -2.105111
v 2.959615 1.176596 -2.046648
v 2.952805 1.176288 -2.029094
v 3.048606 1.210272 -2.087355
v 3.055450 1.210585 -2.105031
v 2.971242 1.297494 -2.106100
v 2.964726 1.296697 -2.088200
v 3.021199 1.200805 -2.070636
v 3.037064 1.173968 -2.066168
v 3.044108 1.174246 -2.082874
v 3.028140 1.201256 -2.087854
v 2.966868 1.201274 -2.060529
v 2.973229 1.253330 -2.086632
v 2.972974 1.242921 -2.082039
v 2.972428 1.232128 -2.076643
v 2.971170 1.221679 -2.071673
v 2.969377 1.211286 -2.066181
v 2.959885 1.200918 -2.043925
v 2.962679 1.211051 -2.048358
v 2.964570 1.221394 -2.053292
v 2.965846 1.231526 -2.059469
v 2.966440 1.242170 -2.064817
v 2.966636 1.252506 -2.069756
v 3.158444 0.819109 -1.994697
v 3.193961 0.901394 -2.039135
v 3.198234 0.905521 -2.057545
v 3.164431 0.820544 -2.012628
v 3.209464 0.932242 -2.055933
v 3.213461 0.937578 -2.073546
v 0.129216 -0.096482 -0.066844
v 0.228866 -0.037221 -0.029085
v 0.136148 -0.094207 -0.074187
v 0.235535 -0.034494 -0.036436
v 0.179587 0.062438 -0.051347
v 0.172684 0.060137 -0.044054
v 0.125184 -0.074373 -0.075830
v 0.118252 -0.076654 -0.068485
v 0.217762 -0.017540 -0.031385
v 0.224562 -0.015067 -0.038682
v 0.151705 0.046335 -0.059995
v 0.145026 0.043626 -0.052616
v 0.188972 -0.033721 -0.042360
v 0.200320 -0.052955 -0.038808
v 0.206758 -0.051268 -0.048099
v 0.195883 -0.031404 -0.049521
v 0.135734 -0.048424 -0.070090
v 0.148597 0.003274 -0.063474
v 0.147205 -0.007240 -0.064617
v 0.145125 -0.017632 -0.066031
v 0.142440 -0.028044 -0.067711
v 0.139580 -0.037933 -0.067909
v 0.128820 -0.050709 -0.062761
v 0.132629 -0.040182 -0.060599
v 0.135907 -0.029747 -0.058540
v 0.138594 -0.019336 -0.056611
v 0.140681 -0.008948 -0.055578
v 0.141669 0.000987 -0.056166
v 0.292894 -0.410032 -0.069114
v 0.360687 -0.360120 -0.040938
v 0.365591 -0.354409 -0.049203
v 0.298630 -0.405732 -0.076938
v 0.390927 -0.348048 -0.031880
v 0.395642 -0.342019 -0.040098
v 0.861298 0.232739 -0.052923
v 0.947725 0.280388 -0.064232
v 0.867702 0.233797 -0.062958
v 0.953711 0.282341 -0.074163
v 0.871642 0.425691 -0.094397
v 0.865573 0.424423 -0.083766
v 0.850553 0.264908 -0.065426
v 0.844325 0.263647 -0.055221
v 0.929430 0.313939 -0.066347
v 0.935265 0.315456 -0.077347
v 0.847486 0.412153 -0.090024
v 0.841458 0.410801 -0.079422
v 0.905854 0.299414 -0.061951
v 0.923463 0.266983 -0.060124
v 0.929619 0.268161 -0.070489
v 0.911682 0.300894 -0.072808
v 0.854327 0.296053 -0.069915
v 0.853726 0.360812 -0.080383
v 0.854952 0.347869 -0.078055
v 0.855637 0.334861 -0.075883
v 0.855868 0.321694 -0.073775
v 0.855549 0.308160 -0.072231
v 0.848388 0.294404 -0.059517
v 0.849630 0.306976 -0.061210
v 0.849723 0.319988 -0.063709
v 0.849590 0.333260 -0.065657
v 0.848822 0.346297 -0.067996
v 0.847595 0.359185 -0.070386
v 1.082981 -0.209603 -0.087681
v 1.152917 -0.190689 -0.096603
v 1.160092 -0.190606 -0.105689
v 1.090288 -0.210627 -0.098528
v 1.180399 -0.183306 -0.101886
v 1.187110 -0.183299 -0.112226
v 1.803697 0.524638 -0.613313
v 1.887770 0.550812 -0.677585
v 1.809786 0.524750 -0.627836
v 1.893603 0.550908 -0.693910
v 1.773350 0.763521 -0.715312
v 1.767587 0.763161 -0.700767
v 1.783197 0.573037 -0.630160
v 1.777272 0.573208 -0.614854
v 1.859764 0.602255 -0.679819
v 1.865610 0.602191 -0.694735
v 1.750748 0.753968 -0.696743
v 1.744988 0.753609 -0.681020
v 1.836362 0.593426 -0.661467
v 1.864172 0.542951 -0.659283
v 1.870144 0.542951 -0.674483
v 1.842512 0.593596 -0.676558
v 1.780728 0.611293 -0.643847
v 1.766952 0.690635 -0.673910
v 1.770780 0.674441 -0.668335
v 1.774143 0.658210 -0.661825
v 1.776865 0.642265 -0.656070
v 1.778969 0.626568 -0.649942
v 1.774741 0.610705 -0.629656
v 1.773006 0.626580 -0.634985
v 1.770974 0.642065 -0.641776
v 1.768272 0.657748 -0.647050
v 1.764841 0.673864 -0.653176
v 1.760927 0.689969 -0.659800
v 2.193138 -0.278342 -0.784163
v 2.273187 -0.300439 -0.846065
v 2.283978 -0.312335 -0.868255
v 2.203317 -0.287334 -0.803102
v 2.295535 -0.287951 -0.862450
v 2.305927 -0.298633 -0.883896
v 1.135707 0.369429 -0.157141
v 1.223483 0.403298 -0.185846
v 1.142043 0.369948 -0.168397
v 1.229729 0.403862 -0.197393
v 1.147215 0.547644 -0.218029
v 1.141148 0.547027 -0.206142
v 1.123906 0.402332 -0.171722
v 1.117994 0.402288 -0.158644
v 1.204847 0.436158 -0.189825
v 1.211201 0.436985 -0.200757
v 1.122753 0.537522 -0.209104
v 1.116647 0.536930 -0.197306
v 1.179841 0.426973 -0.180915
v 1.198318 0.394436 -0.176900
v 1.204519 0.394850 -0.188875
v 1.186588 0.428237 -0.190200
v 1.127413 0.430691 -0.180877
v 1.128605 0.490111 -0.194783
v 1.129371 0.478002 -0.192307
v 1.129749 0.466254 -0.189087
v 1.129606 0.454530 -0.185871
v 1.128732 0.442578 -0.183469
v 1.121529 0.430762 -0.167790
v 1.122509 0.441953 -0.172070
v 1.123296 0.453746 -0.174545
v 1.123565 0.465696 -0.176941
v 1.123140 0.477341 -0.180930
v 1.122183 0.489478 -0.184451
v 1.405915 -0.171938 -0.210602
v 1.463246 -0.134668 -0.227987
v 1.469066 -0.133336 -0.239612
v 1.412469 -0.172139 -0.222680
v 1.485857 -0.120000 -0.235420
v 1.491630 -0.118339 -0.247244
v 2.428745 0.902166 -1.417838
v 2.499712 0.958492 -1.500204
v 2.434243 0.903645 -1.435406
v 2.505059 0.960099 -1.518310
v 2.436749 1.075639 -1.540741
v 2.431093 1.074554 -1.523348
v 2.418039 0.931055 -1.440460
v 2.412441 0.929742 -1.422923
v 2.484859 0.983613 -1.504837
v 2.490308 0.985048 -1.522910
v 2.415057 1.062968 -1.516153
v 2.409288 1.062149 -1.498145
v 2.464136 0.968843 -1.480745
v 2.479335 0.943136 -1.476005
v 2.484555 0.944450 -1.494899
v 2.469425 0.970039 -1.499618
v 2.420650 0.960439 -1.457979
v 2.420290 1.017695 -1.492181
v 2.421222 1.006275 -1.485687
v 2.421682 0.995040 -1.479087
v 2.421751 0.983552 -1.472377
v 2.421407 0.972030 -1.464519
v 2.415138 0.959261 -1.439726
v 2.416069 0.971176 -1.446275
v 2.416297 0.982529 -1.453880
v 2.416205 0.993882 -1.460056
v 2.415618 1.005211 -1.467678
v 2.414558 1.016409 -1.474411
v 2.689461 0.428118 -1.418834
v 2.722900 0.502347 -1.470500
v 2.728047 0.505998 -1.485824
v 2.694272 0.430836 -1.436338
v 2.738032 0.530557 -1.488504
v 2.742690 0.533662 -1.506026
v 2.061418 0.621410 -0.889962
v 2.132552 0.670551 -0.966661
v 2.066926 0.622557 -0.905903
v 2.138019 0.671919 -0.982650
v 2.028953 0.862636 -1.005745
v 2.022989 0.861926 -0.989782
v 2.040241 0.670507 -0.908643
v 2.034723 0.670395 -0.890656
v 2.108140 0.714691 -0.968829
v 2.112997 0.715375 -0.987786
v 2.006413 0.852842 -0.984083
v 2.000659 0.852454 -0.967097
v 2.087613 0.701495 -0.946564
v 2.112724 0.656209 -0.943988
v 2.118024 0.657443 -0.960125
v 2.092866 0.701973 -0.964767
v 2.036077 0.710779 -0.925455
v 2.022461 0.789949 -0.958570
v 2.026071 0.774227 -0.952174
v 2.029303 0.758307 -0.946546
v 2.031930 0.742628 -0.939646
v 2.034076 0.726994 -0.932526
v 2.030350 0.710376 -0.908438
v 2.028777 0.726114 -0.915384
v 2.026543 0.741710 -0.922474
v 2.023510 0.757821 -0.929817
v 2.020329 0.773830 -0.936223
v 2.016931 0.789818 -0.940649
v 2.406522 -0.061131 -1.000843
v 2.440737 0.015376 -1.033712
v 2.444849 0.018624 -1.051096
v 2.410856 -0.057353 -1.016057
v 2.453907 0.046855 -1.047134
v 2.458340 0.051286 -1.061926
v 1.893873 0.549728 -0.700336
v 1.973935 0.582283 -0.770104
v 1.899715 0.549918 -0.715706
v 1.979521 0.582471 -0.786781
v 1.858688 0.796175 -0.808125
v 1.852935 0.795811 -0.793167
v 1.871487 0.601109 -0.717944
v 1.865721 0.600789 -0.702693
v 1.944882 0.634468 -0.773854
v 1.950909 0.635235 -0.788354
v 1.836139 0.786605 -0.788557
v 1.830276 0.786091 -0.773114
v 1.922560 0.624951 -0.752239
v 1.951491 0.572603 -0.750169
v 1.957231 0.572999 -0.766299
v 1.928464 0.625559 -0.767659
v 1.867167 0.641874 -0.733607
v 1.852443 0.723237 -0.764184
v 1.856337 0.706976 -0.758600
v 1.859746 0.690719 -0.753298
v 1.862692 0.674434 -0.747255
v 1.865174 0.658134 -0.740177
v 1.861405 0.641549 -0.717995
v 1.859468 0.657887 -0.724797
v 1.856920 0.674070 -0.731075
v 1.853911 0.690236 -0.737538
v 1.850431 0.706387 -0.743692
v 1.846467 0.722540 -0.750432
v 2.317328 -0.324895 -0.902072
v 2.349567 -0.238390 -0.919780
v 2.356093 -0.239248 -0.935813
v 2.324288 -0.326757 -0.918985
v 2.355061 -0.188255 -0.921443
v 2.361225 -0.188331 -0.937624
v 3.140238 1.398501 -2.230097
v 3.140747 1.397643 -2.226399
v 3.141576 1.396246 -2.221448
v 3.142697 1.394352 -2.218315
v 3.144078 1.392017 -2.214841
v 3.145676 1.389314 -2.212649
v 3.147443 1.386325 -2.211035
v 3.149328 1.383140 -2.210049
v 3.151270 1.379855 -2.208707
v 3.153210 1.376572 -2.210060
v 3.155091 1.373389 -2.211056
v 3.156855 1.370403 -2.212679
v 3.158449 1.367704 -2.214880
v 3.159824 1.365377 -2.218361
v 3.160937 1.363491 -2.222984
v 3.161757 1.362102 -2.226456
v 3.162257 1.361252 -2.230692
v 3.162423 1.360969 -2.234508
v 3.162249 1.361261 -2.239419
v 3.161739 1.362119 -2.244062
v 3.160912 1.363515 -2.247530
v 3.159791 1.365411 -2.251788
v 3.158409 1.367744 -2.254492
v 3.156811 1.370447 -2.256684
v 3.155042 1.373437 -2.258783
v 3.153159 1.376622 -2.259769
v 3.151218 1.379906 -2.260098
v 3.149278 1.383190 -2.259759
v 3.147395 1.386373 -2.258277
v 3.145632 1.389359 -2.256654
v 3.144038 1.392057 -2.254453
v 3.142664 1.394384 -2.250618
v 3.141549 1.396272 -2.247478
v 3.140730 1.397660 -2.243060
v 3.140229 1.398510 -2.239359
v 3.140065 1.398792 -2.234447
v 3.067945 1.362133 -2.173230
v 3.068455 1.361276 -2.169532
v 3.069283 1.359878 -2.165401
v 3.070404 1.357984 -2.162267
v 3.071786 1.355650 -2.158231
v 3.073384 1.352947 -2.156039
v 3.075152 1.349958 -2.154426
v 3.077034 1.346772 -2.153440
v 3.078976 1.343488 -2.153111
v 3.080917 1.340204 -2.153450
v 3.082800 1.337021 -2.154447
v 3.084563 1.334035 -2.156070
v 3.086156 1.331338 -2.159602
v 3.087531 1.329010 -2.162313
v 3.088646 1.327123 -2.166116
v 3.089465 1.325733 -2.169590
v 3.089965 1.324884 -2.174260
v 3.090130 1.324602 -2.179290
v 3.089956 1.324893 -2.183105
v 3.089447 1.325751 -2.187640
v 3.088620 1.327148 -2.191108
v 3.087498 1.329043 -2.194980
v 3.086117 1.331377 -2.197684
v 3.084519 1.334079 -2.199875
v 3.082750 1.337070 -2.203032
v 3.080866 1.340255 -2.204019
v 3.078924 1.343540 -2.204347
v 3.076983 1.346823 -2.204008
v 3.075103 1.350007 -2.203011
v 3.073339 1.352991 -2.199845
v 3.071746 1.355689 -2.197644
v 3.070371 1.358016 -2.194196
v 3.069257 1.359904 -2.191056
v 3.068437 1.361293 -2.186745
v 3.067935 1.362143 -2.183045
v 3.067773 1.362425 -2.178015
v 2.996483 1.326980 -2.113710
v 2.996990 1.326123 -2.110012
v 2.997819 1.324724 -2.105697
v 2.998940 1.322831 -2.102563
v 3.000321 1.320496 -2.099007
v 3.001919 1.317794 -2.096815
v 3.003687 1.314805 -2.095201
v 3.005571 1.311619 -2.094215
v 3.007513 1.308335 -2.093887
v 3.009454 1.305051 -2.094226
v 3.011335 1.301868 -2.095222
v 3.013098 1.298881 -2.096845
v 3.014692 1.296185 -2.099898
v 3.016066 1.293857 -2.102610
v 3.017181 1.291970 -2.106596
v 3.018002 1.290580 -2.110069
v 3.018502 1.289730 -2.114577
v 3.018667 1.289447 -2.118392
v 3.018493 1.289739 -2.123237
v 3.017985 1.290597 -2.126935
v 3.017156 1.291995 -2.131689
v 3.016034 1.293889 -2.134823
v 3.014653 1.296223 -2.138505
v 3.013054 1.298925 -2.140697
v 3.011287 1.301915 -2.142311
v 3.009404 1.305101 -2.143753
v 3.007462 1.308385 -2.144081
v 3.005521 1.311668 -2.143286
v 3.003639 1.314852 -2.142290
v 3.001875 1.317838 -2.140667
v 3.000281 1.320536 -2.138466
v 2.998907 1.322863 -2.134777
v 2.997793 1.324750 -2.131636
v 2.996973 1.326139 -2.126877
v 2.996473 1.326989 -2.123177
v 2.996308 1.327272 -2.118331
v 2.925451 1.292461 -2.053054
v 2.925960 1.291603 -2.048159
v 2.926787 1.290205 -2.044690
v 2.927909 1.288311 -2.040482
v 2.929290 1.285978 -2.037778
v 2.930888 1.283275 -2.035586
v 2.932657 1.280285 -2.033973
v 2.934540 1.277100 -2.032700
v 2.936481 1.273816 -2.032372
v 2.938422 1.270532 -2.032711
v 2.940304 1.267349 -2.033993
v 2.942068 1.264363 -2.035616
v 2.943662 1.261664 -2.037817
v 2.945036 1.259337 -2.041603
v 2.946151 1.257449 -2.044743
v 2.946970 1.256061 -2.049413
v 2.947470 1.255211 -2.053114
v 2.947636 1.254928 -2.057285
v 2.947462 1.255219 -2.061099
v 2.946953 1.256078 -2.066429
v 2.946124 1.257476 -2.070868
v 2.945003 1.259370 -2.074002
v 2.943623 1.261704 -2.076706
v 2.942023 1.264407 -2.079490
v 2.940256 1.267396 -2.081103
v 2.938372 1.270581 -2.082089
v 2.936430 1.273866 -2.082418
v 2.934490 1.277149 -2.082079
v 2.932610 1.280333 -2.081083
v 2.930843 1.283319 -2.079459
v 2.929251 1.286017 -2.076667
v 2.927875 1.288344 -2.073955
v 2.926762 1.290231 -2.069845
v 2.925941 1.291621 -2.066372
v 2.925443 1.292469 -2.061039
v 2.925277 1.292753 -2.057224
v 2.855925 1.260144 -1.984923
v 2.856432 1.259288 -1.981225
v 2.857261 1.257890 -1.976426
v 2.858382 1.255996 -1.973292
v 2.859763 1.253661 -1.970210
v 2.861361 1.250959 -1.968018
v 2.863130 1.247970 -1.966404
v 2.865013 1.244784 -1.965418
v 2.866955 1.241501 -1.965090
v 2.868895 1.238216 -1.965429
v 2.870777 1.235033 -1.966425
v 2.872542 1.232047 -1.968048
v 2.874136 1.229349 -1.970249
v 2.875511 1.227021 -1.973339
v 2.876625 1.225134 -1.976479
v 2.877444 1.223745 -1.981282
v 2.877945 1.222895 -1.984982
v 2.878109 1.222614 -1.990072
v 2.877426 1.223762 -1.998302
v 2.876598 1.225160 -2.002446
v 2.875479 1.227053 -2.005580
v 2.874098 1.229387 -2.008284
v 2.872497 1.232091 -2.012008
v 2.870729 1.235080 -2.013622
v 2.868845 1.238266 -2.014608
v 2.866904 1.241551 -2.014937
v 2.864963 1.244833 -2.014597
v 2.863082 1.248017 -2.013601
v 2.861316 1.251004 -2.011978
v 2.859725 1.253700 -2.008245
v 2.858349 1.256028 -2.005533
v 2.857235 1.257915 -2.001718
v 2.856415 1.259305 -1.998245
v 2.855916 1.260153 -1.993827
v 2.855750 1.260437 -1.990012
v 2.786765 1.228369 -1.916531
v 2.787273 1.227512 -1.912833
v 2.788102 1.226114 -1.907670
v 2.789224 1.224219 -1.904537
v 2.790604 1.221886 -1.901833
v 2.792203 1.219183 -1.899324
v 2.793972 1.216194 -1.897711
v 2.795854 1.213008 -1.896725
v 2.797795 1.209724 -1.896396
v 2.799737 1.206441 -1.896735
v 2.801618 1.203257 -1.897731
v 2.803383 1.200271 -1.899355
v 2.804976 1.197573 -1.901872
v 2.806353 1.195245 -1.904583
v 2.807464 1.193359 -1.909417
v 2.808285 1.191969 -1.912890
v 2.808785 1.191120 -1.916800
v 2.808951 1.190836 -1.920615
v 2.808776 1.191128 -1.925653
v 2.808268 1.191986 -1.929350
v 2.807439 1.193384 -1.933675
v 2.806320 1.195278 -1.936808
v 2.804938 1.197611 -1.939513
v 2.803339 1.200315 -1.943007
v 2.801571 1.203304 -1.944621
v 2.799687 1.206490 -1.945607
v 2.797745 1.209774 -1.945935
v 2.795805 1.213058 -1.945596
v 2.793924 1.216241 -1.944600
v 2.792159 1.219227 -1.942977
v 2.790566 1.221924 -1.939474
v 2.789192 1.224252 -1.936762
v 2.788077 1.226139 -1.932766
v 2.787257 1.227529 -1.929293
v 2.786757 1.228377 -1.924370
v 2.786592 1.228660 -1.920555
v 2.718306 1.197619 -1.845579
v 2.718816 1.196760 -1.841451
v 2.719642 1.195364 -1.837983
v 2.720765 1.193469 -1.833427
v 2.722145 1.191135 -1.830723
v 2.723744 1.188433 -1.828531
v 2.725512 1.185443 -1.826218
v 2.727396 1.182258 -1.825232
v 2.729337 1.178973 -1.824904
v 2.731278 1.175689 -1.825243
v 2.733158 1.172506 -1.826239
v 2.734924 1.169521 -1.828561
v 2.736517 1.166823 -1.830762
v 2.737892 1.164495 -1.833473
v 2.739005 1.162608 -1.838035
v 2.739826 1.161218 -1.841508
v 2.740325 1.160369 -1.845639
v 2.740493 1.160086 -1.849454
v 2.740316 1.160378 -1.854389
v 2.739809 1.161235 -1.858086
v 2.738979 1.162633 -1.862923
v 2.737859 1.164527 -1.866057
v 2.736478 1.166861 -1.868761
v 2.734880 1.169564 -1.871454
v 2.733111 1.172554 -1.873068
v 2.731228 1.175739 -1.874054
v 2.729286 1.179023 -1.874382
v 2.727346 1.182307 -1.874043
v 2.725464 1.185490 -1.873047
v 2.723701 1.188476 -1.871424
v 2.722107 1.191174 -1.868722
v 2.720732 1.193501 -1.866011
v 2.719616 1.195389 -1.862871
v 2.718799 1.196777 -1.858029
v 2.718297 1.197628 -1.854329
v 2.718133 1.197910 -1.849393
v 2.650506 1.167837 -1.772570
v 2.651017 1.166978 -1.767583
v 2.651844 1.165582 -1.764114
v 2.652963 1.163688 -1.760980
v 2.654345 1.161354 -1.757616
v 2.655945 1.158651 -1.755423
v 2.657712 1.155662 -1.753810
v 2.659595 1.152477 -1.752824
v 2.661537 1.149192 -1.752495
v 2.663479 1.145909 -1.752834
v 2.665359 1.142725 -1.753831
v 2.667124 1.139740 -1.755454
v 2.668718 1.137041 -1.757655
v 2.670092 1.134713 -1.761027
v 2.671207 1.132826 -1.764167
v 2.672026 1.131437 -1.768929
v 2.672526 1.130588 -1.772630
v 2.672692 1.130305 -1.776445
v 2.672517 1.130597 -1.781689
v 2.672010 1.131454 -1.785386
v 2.671181 1.132851 -1.789766
v 2.670060 1.134745 -1.792900
v 2.668679 1.137080 -1.795740
v 2.667080 1.139782 -1.797932
v 2.665312 1.142771 -1.799545
v 2.663431 1.145957 -1.800531
v 2.661488 1.149241 -1.800860
v 2.659546 1.152525 -1.800521
v 2.657666 1.155708 -1.799524
v 2.655902 1.158694 -1.797901
v 2.654306 1.161392 -1.795565
v 2.652931 1.163720 -1.792853
v 2.651818 1.165608 -1.789713
v 2.650999 1.166996 -1.785329
v 2.650497 1.167846 -1.781629
v 2.650333 1.168128 -1.776385
v 2.583327 1.138964 -1.698131
v 2.583834 1.138107 -1.693987
v 2.584663 1.136710 -1.690519
v 2.585784 1.134815 -1.686344
v 2.587164 1.132482 -1.683640
v 2.588765 1.129779 -1.681447
v 2.590532 1.126790 -1.679834
v 2.592415 1.123604 -1.678848
v 2.594356 1.120320 -1.678519
v 2.596298 1.117037 -1.678858
v 2.598178 1.113853 -1.679855
v 2.599943 1.110867 -1.681478
v 2.601537 1.108169 -1.683679
v 2.602911 1.105841 -1.686390
v 2.604026 1.103954 -1.690572
v 2.604846 1.102565 -1.694044
v 2.605347 1.101715 -1.698191
v 2.605512 1.101432 -1.702006
v 2.605339 1.101723 -1.705820
v 2.604829 1.102582 -1.710530
v 2.604002 1.103978 -1.713999
v 2.602879 1.105873 -1.718147
v 2.601500 1.108207 -1.720851
v 2.599901 1.110909 -1.723043
v 2.598133 1.113898 -1.724657
v 2.596250 1.117084 -1.725643
v 2.594308 1.120368 -1.725971
v 2.592368 1.123651 -1.725633
v 2.590486 1.126835 -1.724636
v 2.588723 1.129821 -1.723013
v 2.587127 1.132520 -1.720812
v 2.585752 1.134847 -1.718101
v 2.584639 1.136734 -1.713946
v 2.583818 1.138124 -1.710473
v 2.583319 1.138972 -1.705761
v 2.583153 1.139256 -1.701945
v 2.516723 1.110938 -1.621636
v 2.517232 1.110080 -1.617536
v 2.518058 1.108684 -1.614067
v 2.519180 1.106789 -1.610933
v 2.520561 1.104455 -1.607275
v 2.522160 1.101752 -1.605082
v 2.523928 1.098763 -1.603469
v 2.525812 1.095578 -1.602483
v 2.527753 1.092293 -1.602154
v 2.529693 1.089010 -1.602493
v 2.531574 1.085826 -1.603489
v 2.533340 1.082840 -1.605113
v 2.534933 1.080142 -1.607314
v 2.536308 1.077815 -1.610980
v 2.537423 1.075927 -1.614120
v 2.538242 1.074538 -1.617593
v 2.538743 1.073688 -1.621696
v 2.538908 1.073405 -1.625512
v 2.538735 1.073696 -1.629326
v 2.538226 1.074554 -1.633864
v 2.537400 1.075950 -1.637333
v 2.536278 1.077844 -1.640467
v 2.534895 1.080180 -1.644398
v 2.533297 1.082882 -1.646590
v 2.531529 1.085871 -1.648204
v 2.529645 1.089056 -1.649190
v 2.527705 1.092341 -1.649518
v 2.525764 1.095625 -1.649179
v 2.523883 1.098808 -1.648183
v 2.522118 1.101794 -1.646560
v 2.520524 1.104492 -1.644359
v 2.519150 1.106819 -1.640420
v 2.518034 1.108707 -1.637280
v 2.517215 1.110097 -1.633807
v 2.516716 1.110945 -1.629266
v 2.516549 1.111229 -1.625451
v 2.450651 1.083690 -1.543703
v 2.451158 1.082834 -1.540005
v 2.451986 1.081437 -1.536537
v 2.453107 1.079542 -1.532539
v 2.454488 1.077208 -1.529835
v 2.456087 1.074506 -1.527643
v 2.457855 1.071517 -1.526029
v 2.459739 1.068331 -1.525043
v 2.461680 1.065046 -1.523772
v 2.463622 1.061762 -1.524111
v 2.465502 1.058580 -1.526050
v 2.467267 1.055594 -1.527673
v 2.468860 1.052896 -1.529874
v 2.470236 1.050568 -1.532586
v 2.471350 1.048680 -1.535726
v 2.472170 1.047291 -1.540062
v 2.472669 1.046441 -1.543763
v 2.472836 1.046158 -1.547578
v 2.472660 1.046450 -1.552633
v 2.472153 1.047307 -1.556331
v 2.471326 1.048704 -1.559799
v 2.470203 1.050600 -1.564278
v 2.468823 1.052933 -1.566982
v 2.467225 1.055636 -1.569174
v 2.465456 1.058625 -1.570788
v 2.463574 1.061810 -1.571774
v 2.461631 1.065095 -1.572102
v 2.459692 1.068378 -1.571764
v 2.457809 1.071562 -1.570767
v 2.456045 1.074548 -1.569144
v 2.454451 1.077245 -1.566943
v 2.453075 1.079574 -1.564232
v 2.451962 1.081460 -1.559747
v 2.451142 1.082850 -1.556274
v 2.450642 1.083699 -1.552574
v 2.450475 1.083983 -1.548758
v 2.385266 1.056810 -1.466095
v 2.385774 1.055953 -1.462397
v 2.386602 1.054557 -1.458929
v 2.387723 1.052662 -1.455795
v 2.389105 1.050327 -1.451496
v 2.390703 1.047624 -1.449304
v 2.392471 1.044635 -1.447690
v 2.394355 1.041450 -1.446704
v 2.396296 1.038165 -1.446375
v 2.398237 1.034882 -1.446715
v 2.400119 1.031698 -1.447711
v 2.401883 1.028712 -1.449334
v 2.403477 1.026014 -1.451535
v 2.404851 1.023686 -1.454246
v 2.405966 1.021800 -1.458981
v 2.406786 1.020410 -1.462454
v 2.407285 1.019561 -1.466155
v 2.407453 1.019277 -1.469970
v 2.407277 1.019569 -1.474574
v 2.406770 1.020426 -1.478272
v 2.405942 1.021823 -1.481740
v 2.404820 1.023717 -1.484874
v 2.403440 1.026051 -1.488366
v 2.401841 1.028754 -1.490558
v 2.400074 1.031743 -1.492172
v 2.398190 1.034928 -1.493158
v 2.396248 1.038213 -1.493486
v 2.394308 1.041496 -1.493147
v 2.392426 1.044680 -1.492151
v 2.390661 1.047666 -1.490528
v 2.389068 1.050364 -1.488327
v 2.387692 1.052692 -1.485616
v 2.386579 1.054579 -1.481688
v 2.385758 1.055969 -1.478216
v 2.385257 1.056818 -1.474515
v 2.385092 1.057101 -1.470700
v 2.321128 1.030077 -1.386307
v 2.321635 1.029220 -1.382609
v 2.322464 1.027823 -1.379140
v 2.323585 1.025929 -1.376007
v 2.324966 1.023595 -1.372490
v 2.326564 1.020892 -1.370298
v 2.328332 1.017903 -1.368684
v 2.330215 1.014718 -1.367698
v 2.332157 1.011434 -1.367370
v 2.334100 1.008147 -1.367709
v 2.335981 1.004963 -1.368705
v 2.337747 1.001977 -1.370328
v 2.339340 0.999279 -1.372529
v 2.340715 0.996950 -1.375241
v 2.341829 0.995063 -1.378381
v 2.342650 0.993674 -1.382666
v 2.343149 0.992824 -1.386366
v 2.343316 0.992541 -1.390182
v 2.343142 0.992832 -1.393996
v 2.342633 0.993690 -1.399013
v 2.341805 0.995087 -1.402481
v 2.340685 0.996981 -1.405615
v 2.339304 0.999315 -1.408319
v 2.337706 1.002017 -1.410511
v 2.335938 1.005007 -1.412125
v 2.334054 1.008193 -1.413924
v 2.332111 1.011477 -1.414252
v 2.330170 1.014761 -1.413913
v 2.328289 1.017944 -1.412917
v 2.326524 1.020930 -1.411294
v 2.324931 1.023628 -1.408280
v 2.323556 1.025956 -1.405568
v 2.322442 1.027844 -1.402428
v 2.321622 1.029233 -1.398956
v 2.321119 1.030086 -1.395255
v 2.320954 1.030368 -1.390121
v 2.257307 1.002283 -1.309598
v 2.257815 1.001426 -1.305900
v 2.258642 1.000029 -1.302432
v 2.259764 0.998134 -1.298033
v 2.261145 0.995800 -1.295329
v 2.262744 0.993098 -1.293136
v 2.264511 0.990108 -1.291523
v 2.266395 0.986923 -1.290537
v 2.268338 0.983635 -1.290209
v 2.270279 0.980352 -1.290547
v 2.272161 0.977169 -1.291544
v 2.273925 0.974182 -1.293167
v 2.275520 0.971484 -1.295368
v 2.276893 0.969156 -1.298079
v 2.278008 0.967269 -1.301219
v 2.278829 0.965878 -1.304692
v 2.279329 0.965031 -1.309658
v 2.279494 0.964747 -1.313473
v 2.279321 0.965038 -1.317287
v 2.278813 0.965895 -1.320985
v 2.277984 0.967292 -1.324453
v 2.276864 0.969186 -1.327587
v 2.275485 0.971520 -1.330727
v 2.273885 0.974222 -1.332920
v 2.272117 0.977212 -1.334533
v 2.270234 0.980397 -1.335519
v 2.268292 0.983681 -1.335847
v 2.266351 0.986965 -1.335509
v 2.264471 0.990148 -1.334512
v 2.262706 0.993134 -1.332889
v 2.261111 0.995833 -1.330688
v 2.259736 0.998161 -1.327977
v 2.258622 1.000049 -1.324837
v 2.257802 1.001438 -1.321364
v 2.257302 1.002287 -1.317228
v 2.257134 1.002574 -1.313412
v 2.194499 0.974710 -1.230711
v 2.195006 0.973853 -1.227014
v 2.195835 0.972456 -1.222604
v 2.196955 0.970561 -1.219470
v 2.198337 0.968228 -1.216766
v 2.199936 0.965525 -1.214574
v 2.201703 0.962536 -1.212960
v 2.203586 0.959351 -1.211974
v 2.205528 0.956066 -1.211645
v 2.207469 0.952782 -1.211984
v 2.209350 0.949599 -1.212981
v 2.211115 0.946613 -1.214604
v 2.212708 0.943915 -1.216805
v 2.214097 0.941564 -1.219516
v 2.215212 0.939677 -1.222656
v 2.216032 0.938287 -1.226129
v 2.216532 0.937437 -1.229830
v 2.216698 0.937154 -1.233645
v 2.216524 0.937445 -1.237459
v 2.216016 0.938303 -1.242098
v 2.215188 0.939700 -1.245567
v 2.214067 0.941593 -1.248701
v 2.212688 0.943927 -1.251405
v 2.211087 0.946630 -1.253597
v 2.209320 0.949619 -1.255211
v 2.207437 0.952805 -1.256197
v 2.205496 0.956089 -1.256525
v 2.203554 0.959372 -1.256186
v 2.201674 0.962556 -1.255190
v 2.199909 0.965542 -1.253567
v 2.198302 0.968263 -1.251366
v 2.196926 0.970591 -1.248655
v 2.195812 0.972479 -1.245515
v 2.194991 0.973868 -1.242041
v 2.194491 0.974717 -1.238341
v 2.194325 0.975000 -1.234526
v 2.132532 0.947469 -1.151571
v 2.133039 0.946612 -1.147874
v 2.133868 0.945215 -1.144405
v 2.134988 0.943322 -1.141271
v 2.136369 0.940988 -1.138567
v 2.137968 0.938285 -1.136375
v 2.139735 0.935296 -1.134761
v 2.141618 0.932111 -1.133775
v 2.143560 0.928826 -1.133447
v 2.145501 0.925542 -1.133786
v 2.147391 0.922345 -1.134782
v 2.149154 0.919359 -1.136405
v 2.150749 0.916661 -1.138606
v 2.152125 0.914333 -1.141317
v 2.153239 0.912445 -1.144457
v 2.154059 0.911055 -1.147930
v 2.154577 0.910178 -1.151631
v 2.154741 0.909895 -1.155446
v 2.154569 0.910186 -1.159261
v 2.154059 0.911043 -1.162958
v 2.153234 0.912440 -1.166427
v 2.152112 0.914334 -1.169560
v 2.150730 0.916668 -1.172264
v 2.149132 0.919371 -1.174457
v 2.147364 0.922360 -1.176070
v 2.145481 0.925545 -1.177056
v 2.143540 0.928830 -1.177385
v 2.141582 0.932140 -1.177046
v 2.139701 0.935324 -1.177107
v 2.137935 0.938310 -1.175484
v 2.136342 0.941008 -1.173283
v 2.134967 0.943337 -1.170571
v 2.133853 0.945224 -1.167431
v 2.133024 0.946627 -1.162901
v 2.132524 0.947477 -1.159201
v 2.132358 0.947760 -1.155385
v 2.070397 0.919501 -1.075189
v 2.070905 0.918644 -1.071492
v 2.071733 0.917248 -1.068023
v 2.072853 0.915354 -1.064890
v 2.074234 0.913020 -1.062185
v 2.075833 0.910317 -1.059993
v 2.077601 0.907328 -1.058380
v 2.079483 0.904143 -1.057394
v 2.081426 0.900858 -1.057065
v 2.083374 0.897562 -1.057404
v 2.085255 0.894379 -1.058400
v 2.087019 0.891393 -1.060024
v 2.088613 0.888695 -1.062225
v 2.089989 0.886367 -1.064936
v 2.091120 0.884451 -1.068076
v 2.091939 0.883061 -1.071549
v 2.092441 0.882212 -1.075249
v 2.092607 0.881928 -1.079065
v 2.092434 0.882220 -1.082879
v 2.091924 0.883076 -1.086577
v 2.091098 0.884473 -1.090045
v 2.089977 0.886367 -1.093179
v 2.088596 0.888701 -1.095883
v 2.086997 0.891404 -1.098075
v 2.085230 0.894393 -1.099689
v 2.083345 0.897578 -1.100675
v 2.081405 0.900863 -1.101003
v 2.079464 0.904146 -1.100664
v 2.077583 0.907329 -1.099668
v 2.075801 0.910343 -1.098045
v 2.074208 0.913041 -1.095844
v 2.072832 0.915370 -1.093132
v 2.071718 0.917257 -1.089993
v 2.070897 0.918647 -1.086520
v 2.070389 0.919509 -1.082819
v 2.070224 0.919792 -1.079004
v 2.008745 0.892151 -1.000778
v 2.009253 0.891294 -0.997081
v 2.010080 0.889897 -0.993612
v 2.011201 0.888004 -0.990478
v 2.012582 0.885670 -0.987774
v 2.014181 0.882967 -0.985582
v 2.015948 0.879978 -0.983968
v 2.017832 0.876793 -0.982982
v 2.019774 0.873509 -0.982654
v 2.021714 0.870225 -0.982993
v 2.023609 0.867020 -0.982956
v 2.025373 0.864034 -0.984579
v 2.026967 0.861336 -0.986780
v 2.028343 0.859007 -0.989491
v 2.029473 0.857093 -0.992631
v 2.030293 0.855704 -0.996104
v 2.030793 0.854854 -0.999804
v 2.030960 0.854569 -1.002593
v 2.030787 0.854860 -1.006407
v 2.030279 0.855718 -1.010105
v 2.029452 0.857114 -1.013574
v 2.028345 0.858983 -1.016708
v 2.026950 0.861342 -1.019412
v 2.025351 0.864045 -1.021604
v 2.023584 0.867033 -1.023217
v 2.021699 0.870220 -1.025230
v 2.019757 0.873505 -1.025558
v 2.017816 0.876788 -1.025220
v 2.015935 0.879972 -1.024223
v 2.014155 0.882984 -1.022600
v 2.012562 0.885682 -1.020399
v 2.011186 0.888011 -1.017688
v 2.010070 0.889899 -1.015581
v 2.009238 0.891309 -1.012108
v 2.008738 0.892159 -1.008408
v 2.008572 0.892442 -1.004593
v 1.947194 0.865100 -0.926134
v 1.947702 0.864243 -0.922437
v 1.948528 0.862846 -0.918968
v 1.949650 0.860953 -0.915834
v 1.951030 0.858619 -0.913130
v 1.952629 0.855916 -0.910938
v 1.954396 0.852927 -0.909324
v 1.956280 0.849742 -0.908338
v 1.958221 0.846457 -0.908010
v 1.960173 0.843157 -0.908349
v 1.962053 0.839974 -0.909345
v 1.963818 0.836987 -0.910081
v 1.965412 0.834290 -0.912282
v 1.966807 0.831931 -0.914994
v 1.967919 0.830043 -0.918134
v 1.968740 0.828654 -0.921607
v 1.969240 0.827804 -0.925307
v 1.969423 0.827495 -0.929122
v 1.969249 0.827786 -0.932937
v 1.968740 0.828643 -0.936635
v 1.967914 0.830040 -0.939714
v 1.966793 0.831933 -0.942848
v 1.965412 0.834268 -0.945552
v 1.963813 0.836970 -0.947744
v 1.962046 0.839959 -0.949358
v 1.960162 0.843145 -0.950344
v 1.958205 0.846455 -0.951061
v 1.956264 0.849739 -0.950722
v 1.954382 0.852922 -0.949726
v 1.952618 0.855908 -0.948103
v 1.951006 0.858636 -0.945902
v 1.949631 0.860964 -0.943190
v 1.948516 0.862852 -0.940050
v 1.947697 0.864241 -0.936577
v 1.947187 0.865107 -0.932877
v 1.947020 0.865391 -0.929949
v 1.885412 0.838293 -0.854946
v 1.885921 0.837437 -0.851249
v 1.886747 0.836039 -0.847780
v 1.887869 0.834146 -0.844647
v 1.889248 0.831812 -0.841942
v 1.890847 0.829110 -0.839750
v 1.892615 0.826120 -0.838137
v 1.894499 0.822935 -0.837151
v 1.896447 0.819640 -0.836822
v 1.898388 0.816357 -0.837161
v 1.900268 0.813173 -0.838157
v 1.902034 0.810187 -0.839781
v 1.903647 0.807457 -0.840573
v 1.905023 0.805129 -0.843285
v 1.906138 0.803241 -0.846425
v 1.906971 0.801828 -0.849898
v 1.907471 0.800978 -0.853598
v 1.907637 0.800695 -0.857413
v 1.907464 0.800985 -0.860410
v 1.906957 0.801842 -0.864108
v 1.906130 0.803238 -0.867576
v 1.905023 0.805109 -0.870710
v 1.903629 0.807466 -0.873414
v 1.902029 0.810168 -0.875606
v 1.900262 0.813158 -0.877220
v 1.898378 0.816343 -0.878206
v 1.896437 0.819628 -0.878534
v 1.894496 0.822911 -0.878195
v 1.892600 0.826118 -0.877199
v 1.890836 0.829105 -0.875576
v 1.889241 0.831804 -0.874193
v 1.887848 0.834162 -0.871481
v 1.886733 0.836050 -0.868341
v 1.885914 0.837440 -0.864868
v 1.885412 0.838289 -0.861168
v 1.885240 0.838583 -0.857352
v 1.823724 0.812552 -0.783649
v 1.824232 0.811695 -0.779951
v 1.825058 0.810299 -0.776483
v 1.826180 0.808404 -0.773349
v 1.827561 0.806070 -0.770645
v 1.829160 0.803368 -0.768453
v 1.830927 0.800378 -0.766839
v 1.832811 0.797193 -0.765853
v 1.834752 0.793909 -0.765524
v 1.836704 0.790607 -0.765864
v 1.838585 0.787424 -0.766860
v 1.840350 0.784437 -0.768483
v 1.841959 0.781714 -0.770684
v 1.843335 0.779385 -0.772389
v 1.844450 0.777497 -0.775529
v 1.845285 0.776082 -0.779002
v 1.845786 0.775233 -0.782703
v 1.845951 0.774949 -0.786518
v 1.845779 0.775239 -0.789155
v 1.845271 0.776096 -0.792852
v 1.844458 0.777468 -0.796321
v 1.843338 0.779362 -0.799455
v 1.841957 0.781696 -0.802159
v 1.840343 0.784423 -0.804351
v 1.838576 0.787413 -0.805964
v 1.836692 0.790598 -0.806951
v 1.834750 0.793882 -0.807279
v 1.832810 0.797165 -0.806940
v 1.830914 0.800374 -0.805944
v 1.829149 0.803361 -0.804320
v 1.827556 0.806058 -0.802120
v 1.826163 0.808413 -0.800586
v 1.825049 0.810301 -0.797446
v 1.824228 0.811691 -0.793973
v 1.823717 0.812559 -0.790272
v 1.823551 0.812842 -0.786457
v 1.761343 0.787034 -0.715035
v 1.761851 0.786178 -0.711337
v 1.762678 0.784781 -0.707869
v 1.763799 0.782886 -0.704735
v 1.765178 0.780554 -0.703626
v 1.766776 0.777852 -0.701434
v 1.768544 0.774863 -0.699820
v 1.770428 0.771677 -0.698834
v 1.772369 0.768393 -0.698506
v 1.774322 0.765091 -0.698845
v 1.776204 0.761906 -0.698246
v 1.777969 0.758920 -0.699869
v 1.779579 0.756195 -0.702070
v 1.780954 0.753867 -0.704781
v 1.782070 0.751978 -0.707135
v 1.782904 0.750563 -0.710608
v 1.783405 0.749713 -0.714309
v 1.783571 0.749430 -0.718124
v 1.783398 0.749720 -0.721000
v 1.782890 0.750577 -0.724698
v 1.782078 0.751948 -0.728166
v 1.780957 0.753842 -0.731300
v 1.779577 0.756175 -0.732808
v 1.777964 0.758903 -0.735000
v 1.776196 0.761893 -0.736613
v 1.774313 0.765078 -0.737599
v 1.772371 0.768362 -0.737928
v 1.770429 0.771646 -0.738785
v 1.768532 0.774855 -0.737789
v 1.766768 0.777842 -0.736166
v 1.765173 0.780540 -0.733965
v 1.763783 0.782895 -0.731253
v 1.762668 0.784783 -0.729052
v 1.761847 0.786173 -0.725579
v 1.761336 0.787041 -0.721879
v 1.761168 0.787326 -0.718849
v 1.698506 0.762280 -0.649382
v 1.699013 0.761424 -0.645684
v 1.699839 0.760027 -0.642215
v 1.700958 0.758135 -0.639945
v 1.702339 0.755801 -0.637241
v 1.703937 0.753099 -0.635049
v 1.705706 0.750109 -0.633435
v 1.707592 0.746919 -0.632449
v 1.709533 0.743635 -0.632121
v 1.711475 0.740351 -0.632460
v 1.713356 0.737168 -0.633456
v 1.715140 0.734150 -0.634216
v 1.716735 0.731451 -0.636417
v 1.718110 0.729123 -0.639128
v 1.719239 0.727208 -0.642268
v 1.720082 0.725782 -0.644798
v 1.720582 0.724933 -0.648499
v 1.720748 0.724650 -0.652314
v 1.720575 0.724941 -0.655945
v 1.720067 0.725797 -0.659642
v 1.719239 0.727194 -0.663111
v 1.718121 0.729086 -0.664501
v 1.716740 0.731420 -0.667205
v 1.715140 0.734123 -0.669398
v 1.713373 0.737112 -0.671011
v 1.711491 0.740296 -0.671997
v 1.709549 0.743581 -0.672326
v 1.707609 0.746865 -0.671987
v 1.705707 0.750083 -0.670990
v 1.703924 0.753098 -0.671110
v 1.702330 0.755795 -0.668909
v 1.700955 0.758124 -0.666198
v 1.699821 0.760043 -0.663242
v 1.699002 0.761432 -0.659769
v 1.698501 0.762282 -0.656068
v 1.698335 0.762566 -0.653196
v 1.635061 0.738145 -0.586904
v 1.635570 0.737288 -0.583207
v 1.636397 0.735892 -0.580141
v 1.637517 0.733997 -0.577007
v 1.638897 0.731663 -0.574303
v 1.640496 0.728961 -0.572111
v 1.642263 0.725972 -0.570498
v 1.644147 0.722787 -0.569511
v 1.645838 0.719135 -0.570385
v 1.647791 0.715833 -0.570724
v 1.649673 0.712650 -0.571720
v 1.651422 0.709673 -0.573343
v 1.653032 0.706948 -0.575141
v 1.654408 0.704620 -0.577852
v 1.655522 0.702731 -0.580038
v 1.656358 0.701315 -0.583511
v 1.656858 0.700466 -0.587211
v 1.657039 0.700172 -0.590230
v 1.656866 0.700464 -0.594044
v 1.656358 0.701320 -0.597742
v 1.655547 0.702691 -0.599980
v 1.654426 0.704585 -0.603114
v 1.653046 0.706918 -0.605818
v 1.651433 0.709646 -0.608010
v 1.649915 0.713002 -0.608422
v 1.648032 0.716187 -0.609408
v 1.646089 0.719472 -0.609736
v 1.644148 0.722755 -0.609397
v 1.642251 0.725965 -0.608401
v 1.640487 0.728951 -0.606778
v 1.638892 0.731650 -0.605808
v 1.637501 0.734005 -0.603096
v 1.636387 0.735892 -0.599956
v 1.635566 0.737283 -0.597280
v 1.635055 0.738151 -0.593579
v 1.634887 0.738436 -0.590719
v 1.570969 0.714520 -0.526536
v 1.571478 0.713663 -0.522838
v 1.572303 0.712267 -0.520382
v 1.573425 0.710374 -0.517248
v 1.574804 0.708040 -0.514544
v 1.576404 0.705337 -0.512351
v 1.578171 0.702348 -0.510738
v 1.580055 0.699162 -0.509752
v 1.581996 0.695878 -0.509423
v 1.583949 0.692576 -0.509762
v 1.585828 0.689393 -0.510759
v 1.587594 0.686406 -0.512382
v 1.589204 0.683682 -0.513571
v 1.590580 0.681354 -0.516282
v 1.591695 0.679466 -0.518976
v 1.592531 0.678051 -0.522449
v 1.593030 0.677202 -0.526150
v 1.593196 0.676917 -0.528924
v 1.593024 0.677209 -0.532738
v 1.592518 0.678063 -0.535012
v 1.591704 0.679436 -0.538481
v 1.590584 0.681329 -0.541614
v 1.589203 0.683662 -0.542990
v 1.587591 0.686389 -0.545182
v 1.585823 0.689379 -0.546795
v 1.583939 0.692564 -0.547782
v 1.581998 0.695848 -0.548110
v 1.580057 0.699132 -0.547771
v 1.578158 0.702341 -0.548103
v 1.576395 0.705328 -0.546480
v 1.574801 0.708026 -0.544279
v 1.573409 0.710381 -0.542991
v 1.572294 0.712269 -0.539851
v 1.571475 0.713658 -0.536379
v 1.570962 0.714528 -0.533720
v 1.570797 0.714810 -0.529904
v 1.506278 0.691322 -0.468950
v 1.506786 0.690466 -0.466164
v 1.507613 0.689069 -0.462696
v 1.508734 0.687175 -0.459697
v 1.510115 0.684842 -0.456993
v 1.511712 0.682139 -0.454801
v 1.513481 0.679150 -0.453187
v 1.515364 0.675965 -0.452201
v 1.517311 0.672669 -0.451873
v 1.519253 0.669386 -0.452212
v 1.521134 0.666203 -0.453208
v 1.522898 0.663216 -0.454696
v 1.524510 0.660488 -0.456897
v 1.525887 0.658158 -0.458697
v 1.527001 0.656271 -0.461837
v 1.527837 0.654856 -0.463881
v 1.528337 0.654006 -0.467581
v 1.528505 0.653722 -0.470107
v 1.528331 0.654013 -0.473921
v 1.527824 0.654869 -0.477619
v 1.526996 0.656266 -0.480426
v 1.525889 0.658136 -0.483560
v 1.524495 0.660494 -0.486264
v 1.522899 0.663195 -0.487201
v 1.521129 0.666184 -0.488814
v 1.519247 0.669369 -0.489800
v 1.517305 0.672654 -0.490129
v 1.515362 0.675939 -0.491046
v 1.513467 0.679146 -0.490049
v 1.511703 0.682131 -0.488426
v 1.510110 0.684830 -0.486225
v 1.508715 0.687189 -0.484174
v 1.507600 0.689077 -0.481035
v 1.506780 0.690468 -0.478851
v 1.506279 0.691317 -0.475151
v 1.506104 0.691613 -0.472765
v 1.440851 0.668095 -0.414612
v 1.441359 0.667238 -0.411415
v 1.442185 0.665842 -0.407946
v 1.443306 0.663949 -0.405860
v 1.444687 0.661615 -0.403156
v 1.446285 0.658913 -0.400964
v 1.448053 0.655923 -0.399350
v 1.449937 0.652738 -0.398365
v 1.451878 0.649454 -0.398036
v 1.453829 0.646154 -0.398375
v 1.455710 0.642970 -0.399371
v 1.457476 0.639983 -0.399947
v 1.459070 0.637286 -0.402147
v 1.460462 0.634928 -0.404859
v 1.461577 0.633040 -0.407498
v 1.462397 0.631650 -0.410971
v 1.462898 0.630799 -0.413302
v 1.463081 0.630489 -0.415998
v 1.462907 0.630780 -0.419812
v 1.462399 0.631637 -0.423080
v 1.461573 0.633033 -0.426548
v 1.460452 0.634927 -0.429682
v 1.459073 0.637260 -0.430964
v 1.457474 0.639962 -0.433157
v 1.455706 0.642951 -0.434770
v 1.453823 0.646137 -0.435756
v 1.451866 0.649447 -0.436085
v 1.449925 0.652730 -0.435746
v 1.448042 0.655915 -0.436171
v 1.446278 0.658900 -0.434548
v 1.444667 0.661628 -0.432347
v 1.443290 0.663957 -0.430065
v 1.442177 0.665845 -0.426925
v 1.441354 0.667236 -0.424573
v 1.440845 0.668101 -0.420872
v 1.440678 0.668386 -0.418426
v 1.374906 0.644815 -0.364153
v 1.375415 0.643958 -0.360455
v 1.376241 0.642562 -0.357592
v 1.377362 0.640668 -0.354458
v 1.378720 0.638301 -0.352649
v 1.380318 0.635599 -0.350457
v 1.382086 0.632610 -0.348843
v 1.383963 0.629428 -0.347857
v 1.385905 0.626144 -0.347529
v 1.387847 0.622860 -0.347868
v 1.389740 0.619656 -0.348075
v 1.391505 0.616670 -0.349698
v 1.393099 0.613972 -0.351899
v 1.394475 0.611643 -0.354005
v 1.395604 0.609729 -0.357145
v 1.396426 0.608338 -0.359430
v 1.396927 0.607487 -0.361828
v 1.397095 0.607203 -0.365643
v 1.396921 0.607494 -0.368602
v 1.396418 0.608347 -0.372299
v 1.395592 0.609742 -0.374545
v 1.394487 0.611610 -0.377679
v 1.393092 0.613970 -0.380383
v 1.391492 0.616673 -0.382366
v 1.389725 0.619662 -0.383979
v 1.387842 0.622847 -0.384965
v 1.385900 0.626131 -0.385294
v 1.383982 0.629449 -0.384849
v 1.382100 0.632632 -0.384062
v 1.380320 0.635645 -0.382439
v 1.378724 0.638344 -0.381461
v 1.377350 0.640672 -0.378749
v 1.376234 0.642561 -0.376465
v 1.375402 0.643971 -0.372992
v 1.374900 0.644822 -0.370594
v 1.374734 0.645105 -0.366779
v 1.308465 0.621112 -0.316597
v 1.308973 0.620255 -0.312899
v 1.309798 0.618859 -0.310489
v 1.310920 0.616966 -0.307355
v 1.312301 0.614632 -0.304991
v 1.313896 0.611931 -0.302799
v 1.315663 0.608943 -0.301186
v 1.317546 0.605757 -0.300200
v 1.319489 0.602473 -0.299871
v 1.321436 0.599177 -0.300210
v 1.323319 0.595993 -0.300866
v 1.325083 0.593007 -0.302489
v 1.326677 0.590308 -0.303632
v 1.328053 0.587980 -0.306343
v 1.329185 0.586062 -0.308003
v 1.330006 0.584673 -0.311476
v 1.330506 0.583823 -0.314794
v 1.330673 0.583539 -0.317515
v 1.330499 0.583830 -0.321329
v 1.329998 0.584682 -0.323495
v 1.329170 0.586079 -0.326963
v 1.328050 0.587973 -0.329422
v 1.326669 0.590306 -0.332126
v 1.325070 0.593009 -0.334318
v 1.323303 0.595998 -0.335932
v 1.321420 0.599183 -0.336918
v 1.319477 0.602468 -0.337246
v 1.317537 0.605751 -0.336907
v 1.315655 0.608934 -0.335911
v 1.313873 0.611950 -0.334963
v 1.312279 0.614648 -0.332762
v 1.310902 0.616978 -0.331583
v 1.309788 0.618865 -0.328443
v 1.308967 0.620256 -0.326064
v 1.308459 0.621118 -0.322747
v 1.308293 0.621401 -0.318931
v 1.241613 0.596686 -0.272190
v 1.242122 0.595829 -0.268492
v 1.242948 0.594433 -0.265504
v 1.244069 0.592538 -0.262370
v 1.245450 0.590205 -0.260303
v 1.247048 0.587503 -0.258111
v 1.248816 0.584514 -0.256498
v 1.250699 0.581328 -0.255511
v 1.252640 0.578044 -0.255183
v 1.254582 0.574760 -0.255522
v 1.256472 0.571562 -0.255881
v 1.258237 0.568576 -0.257504
v 1.259831 0.565877 -0.259225
v 1.261206 0.563549 -0.261936
v 1.262322 0.561660 -0.263646
v 1.263143 0.560270 -0.267119
v 1.263660 0.559393 -0.269719
v 1.263827 0.559108 -0.273036
v 1.263653 0.559400 -0.276851
v 1.263147 0.560255 -0.279353
v 1.262320 0.561652 -0.282821
v 1.261200 0.563545 -0.284773
v 1.259819 0.565879 -0.287477
v 1.258228 0.568576 -0.289077
v 1.256461 0.571565 -0.290691
v 1.254577 0.574750 -0.291677
v 1.252635 0.578035 -0.292005
v 1.250678 0.581346 -0.292258
v 1.248797 0.584529 -0.291262
v 1.247031 0.587516 -0.289639
v 1.245437 0.590214 -0.288620
v 1.244061 0.592543 -0.285909
v 1.242946 0.594431 -0.283964
v 1.242116 0.595837 -0.280989
v 1.241616 0.596686 -0.277289
v 1.241441 0.596975 -0.274574
v 1.174112 0.570756 -0.231654
v 1.174596 0.569916 -0.228610
v 1.175422 0.568519 -0.225141
v 1.176542 0.566627 -0.223465
v 1.177922 0.564294 -0.220761
v 1.179520 0.561592 -0.218932
v 1.181288 0.558602 -0.217318
v 1.183171 0.555417 -0.216332
v 1.185113 0.552133 -0.216004
v 1.187054 0.548849 -0.215980
v 1.188936 0.545665 -0.216976
v 1.190700 0.542679 -0.218599
v 1.192296 0.539980 -0.219342
v 1.193684 0.537629 -0.222054
v 1.194799 0.535741 -0.224541
v 1.195620 0.534350 -0.226798
v 1.196120 0.533500 -0.230498
v 1.196289 0.533215 -0.232902
v 1.196114 0.533506 -0.236307
v 1.195607 0.534363 -0.240005
v 1.194805 0.535742 -0.242399
v 1.193685 0.537636 -0.245533
v 1.192304 0.539969 -0.247613
v 1.190707 0.542672 -0.249805
v 1.188938 0.545661 -0.251419
v 1.187055 0.548846 -0.252405
v 1.185114 0.552130 -0.252734
v 1.183173 0.555414 -0.252395
v 1.181291 0.558598 -0.251398
v 1.179526 0.561584 -0.250399
v 1.177920 0.564304 -0.248198
v 1.176543 0.566633 -0.246561
v 1.175428 0.568522 -0.243830
v 1.174608 0.569911 -0.240357
v 1.174106 0.570763 -0.238068
v 1.173938 0.571048 -0.235469
v 1.106595 0.543867 -0.194393
v 1.107102 0.543010 -0.191202
v 1.107929 0.541614 -0.187733
v 1.109049 0.539721 -0.185587
v 1.110430 0.537388 -0.182883
v 1.112028 0.534685 -0.180691
v 1.113796 0.531696 -0.179077
v 1.115680 0.528510 -0.178091
v 1.117624 0.525222 -0.177763
v 1.119564 0.521939 -0.178102
v 1.121446 0.518756 -0.179098
v 1.123210 0.515769 -0.179734
v 1.124805 0.513070 -0.181934
v 1.126180 0.510742 -0.184140
v 1.127297 0.508853 -0.186059
v 1.128116 0.507463 -0.189532
v 1.128619 0.506612 -0.192049
v 1.128786 0.506328 -0.194922
v 1.128612 0.506619 -0.198736
v 1.128103 0.507476 -0.202407
v 1.127278 0.508872 -0.204838
v 1.126155 0.510766 -0.207972
v 1.124776 0.513099 -0.210676
v 1.123179 0.515801 -0.211071
v 1.121412 0.518790 -0.212685
v 1.119528 0.521975 -0.213671
v 1.117587 0.525259 -0.213999
v 1.115646 0.528543 -0.213660
v 1.113763 0.531728 -0.214461
v 1.111997 0.534714 -0.212838
v 1.110403 0.537413 -0.211674
v 1.109028 0.539742 -0.208963
v 1.107913 0.541630 -0.205850
v 1.107092 0.543020 -0.203319
v 1.106592 0.543869 -0.199619
v 1.106423 0.544157 -0.196987
v 1.039369 0.516140 -0.158355
v 1.039875 0.515285 -0.155562
v 1.040702 0.513888 -0.153029
v 1.041824 0.511995 -0.149895
v 1.043203 0.509662 -0.147435
v 1.044802 0.506959 -0.145243
v 1.046569 0.503969 -0.143629
v 1.048453 0.500784 -0.142643
v 1.050395 0.497500 -0.142315
v 1.052338 0.494213 -0.142654
v 1.054219 0.491030 -0.143406
v 1.055983 0.488043 -0.145029
v 1.057578 0.485344 -0.146294
v 1.058954 0.483015 -0.149006
v 1.060069 0.481128 -0.151241
v 1.060891 0.479736 -0.153647
v 1.061391 0.478887 -0.157347
v 1.061559 0.478601 -0.159476
v 1.061386 0.478893 -0.163155
v 1.060879 0.479748 -0.165391
v 1.060051 0.481145 -0.168860
v 1.058932 0.483038 -0.171433
v 1.057550 0.485372 -0.174137
v 1.055951 0.488075 -0.176329
v 1.054186 0.491062 -0.176199
v 1.052303 0.494247 -0.177185
v 1.050359 0.497534 -0.179257
v 1.048418 0.500818 -0.178918
v 1.046536 0.504000 -0.177922
v 1.044771 0.506987 -0.176859
v 1.043177 0.509685 -0.174659
v 1.041801 0.512016 -0.173409
v 1.040686 0.513903 -0.170269
v 1.039865 0.515292 -0.166931
v 1.039362 0.516147 -0.164917
v 1.039195 0.516432 -0.162169
v 0.971709 0.486274 -0.127184
v 0.972217 0.485417 -0.123651
v 0.973043 0.484022 -0.121149
v 0.974164 0.482128 -0.118015
v 0.975545 0.479795 -0.115311
v 0.977143 0.477093 -0.114310
v 0.978910 0.474104 -0.112696
v 0.980792 0.470918 -0.111710
v 0.982736 0.467634 -0.111382
v 0.984676 0.464351 -0.111721
v 0.986558 0.461166 -0.111526
v 0.988323 0.458180 -0.113149
v 0.989918 0.455480 -0.114383
v 0.991293 0.453152 -0.117095
v 0.992408 0.451264 -0.120070
v 0.993229 0.449874 -0.122359
v 0.993730 0.449024 -0.125319
v 0.993897 0.448740 -0.129135
v 0.993725 0.449029 -0.131866
v 0.993218 0.449885 -0.134635
v 0.992391 0.451282 -0.138104
v 0.991272 0.453174 -0.140161
v 0.989891 0.455509 -0.142865
v 0.988295 0.458209 -0.143477
v 0.986527 0.461198 -0.145090
v 0.984643 0.464383 -0.146076
v 0.982701 0.467668 -0.146405
v 0.980760 0.470952 -0.146066
v 0.978877 0.474136 -0.146650
v 0.977113 0.477122 -0.145027
v 0.975517 0.479822 -0.143903
v 0.974142 0.482150 -0.141191
v 0.973027 0.484039 -0.138980
v 0.972206 0.485429 -0.136589
v 0.971704 0.486280 -0.133629
v 0.971537 0.486564 -0.129814
v 0.903181 0.453515 -0.102297
v 0.903688 0.452658 -0.099259
v 0.904516 0.451261 -0.095790
v 0.905636 0.449368 -0.093761
v 0.907015 0.447035 -0.091056
v 0.908614 0.444332 -0.088864
v 0.910382 0.441344 -0.088127
v 0.912264 0.438159 -0.087141
v 0.914206 0.434874 -0.086812
v 0.916148 0.431589 -0.086275
v 0.918029 0.428406 -0.087272
v 0.919794 0.425420 -0.088895
v 0.921390 0.422721 -0.089992
v 0.922766 0.420392 -0.092043
v 0.923879 0.418504 -0.095183
v 0.924702 0.417113 -0.097586
v 0.925202 0.416263 -0.100537
v 0.925369 0.415979 -0.103592
v 0.925195 0.416270 -0.107406
v 0.924689 0.417126 -0.109725
v 0.923862 0.418522 -0.112207
v 0.922742 0.420416 -0.115341
v 0.921362 0.422748 -0.117491
v 0.919763 0.425451 -0.119683
v 0.917995 0.428441 -0.121297
v 0.916112 0.431625 -0.122283
v 0.914170 0.434910 -0.122611
v 0.912229 0.438194 -0.122272
v 0.910348 0.441377 -0.121276
v 0.908583 0.444364 -0.120207
v 0.906988 0.447062 -0.118006
v 0.905613 0.449391 -0.116281
v 0.904497 0.451280 -0.114520
v 0.903676 0.452671 -0.111807
v 0.903175 0.453520 -0.108107
v 0.903008 0.453804 -0.105041
v 0.835189 0.420980 -0.076651
v 0.835697 0.420123 -0.072954
v 0.836522 0.418728 -0.070633
v 0.837644 0.416833 -0.067500
v 0.839023 0.414501 -0.066379
v 0.840621 0.411799 -0.064186
v 0.842388 0.408809 -0.062573
v 0.844272 0.405625 -0.061587
v 0.846214 0.402340 -0.061258
v 0.848155 0.399056 -0.061594
v 0.850037 0.395873 -0.062591
v 0.851802 0.392885 -0.062634
v 0.853396 0.390187 -0.064834
v 0.854772 0.387858 -0.066398
v 0.855888 0.385970 -0.069232
v 0.856707 0.384580 -0.072705
v 0.857209 0.383729 -0.075348
v 0.857376 0.383445 -0.078425
v 0.857204 0.383735 -0.081042
v 0.856696 0.384591 -0.084062
v 0.855870 0.385988 -0.087531
v 0.854763 0.387872 -0.089154
v 0.853381 0.390206 -0.091858
v 0.851784 0.392908 -0.094050
v 0.850017 0.395897 -0.094810
v 0.848133 0.399081 -0.095796
v 0.846192 0.402367 -0.096125
v 0.844250 0.405651 -0.096639
v 0.842368 0.408834 -0.095643
v 0.840602 0.411822 -0.095531
v 0.839008 0.414520 -0.093330
v 0.837632 0.416849 -0.091295
v 0.836503 0.418746 -0.089353
v 0.835684 0.420136 -0.085880
v 0.835182 0.420987 -0.082918
v 0.835015 0.421271 -0.080160
v 0.765820 0.386547 -0.057195
v 0.766328 0.385691 -0.054861
v 0.767154 0.384294 -0.051392
v 0.768275 0.382401 -0.048733
v 0.769530 0.379884 -0.046635
v 0.771127 0.377183 -0.045695
v 0.772895 0.374193 -0.044082
v 0.774778 0.371008 -0.043096
v 0.776719 0.367723 -0.042767
v 0.778661 0.364440 -0.043106
v 0.780544 0.361255 -0.042850
v 0.782307 0.358269 -0.044473
v 0.783902 0.355570 -0.046199
v 0.785279 0.353241 -0.047547
v 0.786393 0.351353 -0.050687
v 0.787215 0.349962 -0.052768
v 0.787716 0.349112 -0.055963
v 0.787883 0.348828 -0.059001
v 0.787709 0.349119 -0.062815
v 0.787203 0.349975 -0.065081
v 0.786375 0.351371 -0.067872
v 0.785255 0.353264 -0.071006
v 0.783875 0.355597 -0.072952
v 0.782276 0.358300 -0.075144
v 0.780509 0.361289 -0.076757
v 0.778751 0.364658 -0.077138
v 0.776809 0.367943 -0.077466
v 0.774869 0.371227 -0.077127
v 0.772987 0.374409 -0.076131
v 0.771221 0.377397 -0.075266
v 0.769627 0.380095 -0.073743
v 0.768252 0.382424 -0.071031
v 0.767136 0.384312 -0.069323
v 0.766316 0.385703 -0.066628
v 0.765813 0.386553 -0.063432
v 0.765647 0.386837 -0.059617
v 0.695680 0.351127 -0.041208
v 0.696189 0.350270 -0.037510
v 0.697013 0.348875 -0.035780
v 0.698134 0.346981 -0.032765
v 0.699515 0.344648 -0.030061
v 0.701114 0.341945 -0.027869
v 0.702881 0.338957 -0.027616
v 0.704763 0.335772 -0.026630
v 0.706707 0.332486 -0.024940
v 0.708647 0.329203 -0.025280
v 0.710529 0.326019 -0.026276
v 0.712294 0.323033 -0.027781
v 0.713887 0.320335 -0.029982
v 0.715264 0.318005 -0.030955
v 0.716379 0.316117 -0.033836
v 0.717199 0.314727 -0.037308
v 0.717702 0.313876 -0.039474
v 0.717867 0.313592 -0.042657
v 0.717696 0.313882 -0.045434
v 0.717191 0.314736 -0.049132
v 0.716364 0.316132 -0.051425
v 0.715245 0.318026 -0.053738
v 0.713864 0.320359 -0.056442
v 0.712266 0.323062 -0.058634
v 0.710499 0.326050 -0.059631
v 0.708615 0.329235 -0.060617
v 0.706673 0.332520 -0.060945
v 0.704731 0.335804 -0.061223
v 0.702851 0.338988 -0.060227
v 0.701086 0.341974 -0.058603
v 0.699491 0.344673 -0.057224
v 0.698114 0.347002 -0.055687
v 0.696999 0.348891 -0.053585
v 0.696179 0.350280 -0.050112
v 0.695675 0.351133 -0.047044
v 0.695507 0.351418 -0.044763
v 0.624597 0.314466 -0.029100
v 0.625104 0.313611 -0.026870
v 0.625931 0.312214 -0.023685
v 0.627052 0.310319 -0.020551
v 0.628432 0.307987 -0.018665
v 0.630031 0.305284 -0.016473
v 0.631798 0.302295 -0.014859
v 0.633680 0.299109 -0.013873
v 0.635622 0.295825 -0.013545
v 0.637564 0.292543 -0.013884
v 0.639446 0.289357 -0.014062
v 0.641211 0.286371 -0.015685
v 0.642805 0.283673 -0.017603
v 0.644180 0.281345 -0.020314
v 0.645295 0.279457 -0.021987
v 0.646116 0.278066 -0.024916
v 0.646619 0.277215 -0.027536
v 0.646784 0.276932 -0.031351
v 0.646612 0.277222 -0.034395
v 0.646104 0.278077 -0.036363
v 0.645278 0.279474 -0.039216
v 0.644158 0.281368 -0.042350
v 0.642778 0.283700 -0.044070
v 0.641180 0.286402 -0.046262
v 0.639412 0.289391 -0.047876
v 0.637528 0.292578 -0.048862
v 0.635586 0.295861 -0.049191
v 0.633645 0.299145 -0.048852
v 0.631763 0.302329 -0.048839
v 0.629999 0.305315 -0.047216
v 0.628404 0.308014 -0.045631
v 0.627029 0.310342 -0.042919
v 0.625912 0.312232 -0.041508
v 0.625092 0.313623 -0.038806
v 0.624590 0.314473 -0.036186
v 0.624424 0.314757 -0.032371
v 0.552706 0.276873 -0.020916
v 0.553213 0.276016 -0.017219
v 0.554038 0.274621 -0.014981
v 0.555158 0.272729 -0.013311
v 0.556538 0.270395 -0.010607
v 0.558137 0.267693 -0.008415
v 0.559904 0.264703 -0.006850
v 0.561788 0.261518 -0.005865
v 0.563730 0.258233 -0.005536
v 0.565670 0.254950 -0.005826
v 0.567553 0.251766 -0.006822
v 0.569318 0.248779 -0.006981
v 0.570912 0.246081 -0.009182
v 0.572289 0.243752 -0.010663
v 0.573403 0.241864 -0.013431
v 0.574224 0.240474 -0.016904
v 0.574727 0.239622 -0.019189
v 0.574894 0.239337 -0.022271
v 0.574721 0.239628 -0.025329
v 0.574212 0.240485 -0.029027
v 0.573386 0.241881 -0.031700
v 0.572268 0.243773 -0.033137
v 0.570887 0.246107 -0.035841
v 0.569288 0.248809 -0.038033
v 0.567520 0.251798 -0.038987
v 0.565638 0.254983 -0.039973
v 0.563696 0.258268 -0.040302
v 0.561754 0.261552 -0.040623
v 0.559872 0.264735 -0.039626
v 0.558105 0.267723 -0.039700
v 0.556512 0.270421 -0.037499
v 0.555136 0.272750 -0.035583
v 0.554020 0.274638 -0.033198
v 0.553201 0.276028 -0.029726
v 0.552700 0.276879 -0.026759
v 0.552532 0.277164 -0.024359
v 0.479699 0.237835 -0.017323
v 0.480207 0.236978 -0.014342
v 0.481034 0.235582 -0.010873
v 0.482155 0.233688 -0.008381
v 0.483536 0.231354 -0.005676
v 0.485132 0.228652 -0.004481
v 0.486901 0.225663 -0.002867
v 0.488784 0.222478 -0.001882
v 0.490725 0.219194 -0.001553
v 0.492667 0.215910 -0.001892
v 0.494549 0.212726 -0.001891
v 0.496313 0.209740 -0.003515
v 0.497907 0.207041 -0.005074
v 0.499283 0.204712 -0.007070
v 0.500399 0.202825 -0.010209
v 0.501219 0.201434 -0.012520
v 0.501721 0.200583 -0.015451
v 0.501888 0.200298 -0.018000
v 0.501714 0.200589 -0.021814
v 0.501207 0.201446 -0.024568
v 0.500381 0.202842 -0.027423
v 0.499259 0.204736 -0.030557
v 0.497879 0.207069 -0.032416
v 0.496282 0.209771 -0.034608
v 0.494514 0.212761 -0.036222
v 0.492631 0.215946 -0.037208
v 0.490689 0.219230 -0.037536
v 0.488748 0.222514 -0.037197
v 0.486867 0.225697 -0.036201
v 0.485101 0.228684 -0.035423
v 0.483508 0.231382 -0.033222
v 0.482132 0.233710 -0.031124
v 0.481016 0.235600 -0.028927
v 0.480194 0.236990 -0.026721
v 0.479694 0.237840 -0.023021
v 0.479528 0.238124 -0.019975
v 0.406110 0.198172 -0.014967
v 0.406615 0.197315 -0.012639
v 0.407443 0.195919 -0.009768
v 0.408564 0.194025 -0.006635
v 0.409943 0.191693 -0.004884
v 0.411542 0.188990 -0.002692
v 0.413310 0.186001 -0.001078
v 0.415193 0.182816 -0.000092
v 0.416549 0.178674 -0.002589
v 0.418490 0.175390 -0.001975
v 0.420372 0.172206 -0.002971
v 0.422137 0.169220 -0.004594
v 0.423731 0.166522 -0.006197
v 0.425108 0.164192 -0.007540
v 0.426222 0.162304 -0.010679
v 0.427043 0.160914 -0.013909
v 0.427544 0.160064 -0.016801
v 0.427712 0.159779 -0.019562
v 0.427538 0.160070 -0.023376
v 0.427030 0.160926 -0.026030
v 0.426204 0.162322 -0.028525
v 0.425083 0.164217 -0.031659
v 0.423727 0.166533 -0.033217
v 0.422715 0.170092 -0.032583
v 0.420947 0.173082 -0.034197
v 0.419064 0.176267 -0.035183
v 0.417121 0.179551 -0.035511
v 0.415181 0.182835 -0.035172
v 0.413298 0.186019 -0.035323
v 0.411535 0.189005 -0.033700
v 0.409939 0.191704 -0.032471
v 0.408541 0.194048 -0.029760
v 0.407425 0.195937 -0.027664
v 0.406603 0.197328 -0.025246
v 0.406102 0.198179 -0.022353
v 0.405936 0.198462 -0.018782
v 0.330730 0.156189 -0.021431
v 0.331237 0.155333 -0.018943
v 0.332065 0.153936 -0.015474
v 0.333184 0.152043 -0.012945
v 0.334565 0.149709 -0.010241
v 0.336164 0.147007 -0.008049
v 0.337931 0.144019 -0.007618
v 0.339814 0.140834 -0.006632
v 0.341755 0.137549 -0.006304
v 0.343698 0.134264 -0.005460
v 0.345579 0.131081 -0.006456
v 0.347344 0.128095 -0.008079
v 0.348939 0.125395 -0.009675
v 0.350315 0.123066 -0.011178
v 0.351430 0.121179 -0.014318
v 0.352251 0.119788 -0.016901
v 0.352751 0.118938 -0.019922
v 0.352952 0.118631 -0.022863
v 0.352778 0.118922 -0.026678
v 0.352272 0.119777 -0.028690
v 0.351446 0.121174 -0.031919
v 0.350324 0.123067 -0.035053
v 0.348945 0.125400 -0.036701
v 0.347347 0.128103 -0.038893
v 0.345580 0.131092 -0.040507
v 0.343696 0.134277 -0.041492
v 0.341753 0.137562 -0.041821
v 0.339814 0.140846 -0.041482
v 0.337930 0.144030 -0.041542
v 0.336166 0.147016 -0.039919
v 0.334572 0.149714 -0.037957
v 0.333196 0.152042 -0.035245
v 0.332081 0.153932 -0.033791
v 0.331259 0.155322 -0.031192
v 0.330758 0.156172 -0.027492
v 0.330592 0.156457 -0.024356
v 0.255182 0.114136 -0.028598
v 0.255691 0.113278 -0.024900
v 0.256518 0.111883 -0.021847
v 0.257633 0.109992 -0.020025
v 0.259014 0.107658 -0.017321
v 0.260613 0.104956 -0.015129
v 0.262380 0.101967 -0.013516
v 0.264263 0.098782 -0.012767
v 0.266205 0.095497 -0.012202
v 0.268147 0.092213 -0.012541
v 0.270028 0.089030 -0.013537
v 0.271794 0.086043 -0.013847
v 0.273387 0.083344 -0.016048
v 0.274763 0.081016 -0.018344
v 0.275881 0.079125 -0.021485
v 0.276704 0.077734 -0.023372
v 0.277204 0.076884 -0.026346
v 0.277371 0.076600 -0.028935
v 0.277198 0.076891 -0.032750
v 0.276691 0.077746 -0.035798
v 0.275864 0.079142 -0.038466
v 0.274744 0.081037 -0.041600
v 0.273363 0.083369 -0.043388
v 0.271765 0.086072 -0.045579
v 0.269997 0.089061 -0.047193
v 0.268114 0.092247 -0.048180
v 0.266172 0.095531 -0.048508
v 0.264231 0.098815 -0.048169
v 0.262350 0.101998 -0.047173
v 0.260584 0.104985 -0.046466
v 0.258991 0.107683 -0.044265
v 0.257615 0.110012 -0.042354
v 0.256499 0.111901 -0.039863
v 0.255678 0.113291 -0.037616
v 0.255177 0.114141 -0.033916
v 0.255010 0.114425 -0.030827
v 0.178078 0.070120 -0.040419
v 0.178585 0.069265 -0.038137
v 0.179411 0.067868 -0.034668
v 0.180088 0.065325 -0.034257
v 0.181469 0.062991 -0.031553
v 0.183067 0.060289 -0.029361
v 0.184836 0.057300 -0.027747
v 0.186718 0.054115 -0.027283
v 0.188661 0.050830 -0.026432
v 0.190602 0.047545 -0.026771
v 0.192483 0.044363 -0.027768
v 0.194247 0.041376 -0.028798
v 0.195843 0.038678 -0.030999
v 0.197219 0.036348 -0.032295
v 0.198333 0.034461 -0.035436
v 0.199153 0.033070 -0.037984
v 0.199656 0.032220 -0.040818
v 0.199823 0.031935 -0.044018
v 0.199649 0.032226 -0.047832
v 0.199143 0.033081 -0.050196
v 0.198316 0.034478 -0.053160
v 0.197196 0.036371 -0.056294
v 0.195814 0.038705 -0.058998
v 0.194218 0.041407 -0.060016
v 0.192450 0.044396 -0.061629
v 0.190566 0.047581 -0.062615
v 0.188625 0.050866 -0.062944
v 0.186684 0.054150 -0.062604
v 0.185245 0.057983 -0.060653
v 0.183481 0.060969 -0.059030
v 0.181886 0.063668 -0.057333
v 0.180511 0.065996 -0.054622
v 0.179395 0.067884 -0.052816
v 0.178575 0.069275 -0.049958
v 0.178072 0.070126 -0.047124
v 0.177906 0.070410 -0.043309
v 0.100497 0.025692 -0.054377
v 0.101004 0.024836 -0.051695
v 0.101831 0.023439 -0.048950
v 0.102951 0.021546 -0.045817
v 0.104332 0.019212 -0.043110
v 0.105928 0.016511 -0.042057
v 0.107698 0.013522 -0.040443
v 0.109580 0.010336 -0.039458
v 0.111522 0.007052 -0.039129
v 0.112912 0.002959 -0.040992
v 0.114793 -0.000224 -0.041988
v 0.116559 -0.003211 -0.043612
v 0.118153 -0.005909 -0.045088
v 0.119528 -0.008237 -0.047802
v 0.120643 -0.010126 -0.049926
v 0.121463 -0.011516 -0.052851
v 0.121964 -0.012367 -0.056551
v 0.122132 -0.012651 -0.059046
v 0.121959 -0.012361 -0.062132
v 0.121451 -0.011504 -0.064671
v 0.120624 -0.010108 -0.068140
v 0.119505 -0.008214 -0.070769
v 0.118677 -0.005073 -0.070810
v 0.117077 -0.002370 -0.073002
v 0.115310 0.000619 -0.074616
v 0.113427 0.003804 -0.075602
v 0.111485 0.007089 -0.075931
v 0.109544 0.010372 -0.075592
v 0.107663 0.013556 -0.074595
v 0.105897 0.016542 -0.073476
v 0.104303 0.019241 -0.071275
v 0.102927 0.021570 -0.069722
v 0.101812 0.023457 -0.067311
v 0.100992 0.024848 -0.063838
v 0.100490 0.025699 -0.061457
v 0.100323 0.025983 -0.058191
v 0.020893 -0.021425 -0.077662
v 0.021400 -0.022281 -0.074569
v 0.022228 -0.023679 -0.071101
v 0.023347 -0.025571 -0.068962
v 0.024728 -0.027905 -0.066257
v 0.026326 -0.030607 -0.064065
v 0.028095 -0.033596 -0.062451
v 0.029978 -0.036782 -0.061466
v 0.031920 -0.040066 -0.061138
v 0.033861 -0.043351 -0.061476
v 0.035742 -0.046534 -0.062472
v 0.037507 -0.049521 -0.063101
v 0.039102 -0.052218 -0.065302
v 0.040478 -0.054547 -0.067409
v 0.041592 -0.056436 -0.070548
v 0.042413 -0.057826 -0.073219
v 0.042914 -0.058676 -0.076252
v 0.043080 -0.058959 -0.080067
v 0.042908 -0.058669 -0.082564
v 0.042400 -0.057813 -0.085668
v 0.041573 -0.056417 -0.089136
v 0.040454 -0.054523 -0.091262
v 0.039073 -0.052190 -0.093966
v 0.037473 -0.049487 -0.096158
v 0.035706 -0.046498 -0.097771
v 0.033823 -0.043313 -0.098758
v 0.031881 -0.040028 -0.099086
v 0.029940 -0.036745 -0.098747
v 0.028060 -0.033561 -0.097751
v 0.026293 -0.030574 -0.097136
v 0.024699 -0.027876 -0.094935
v 0.023323 -0.025547 -0.092817
v 0.022210 -0.023660 -0.089677
v 0.021387 -0.022268 -0.087522
v 0.020886 -0.021418 -0.084490
v 0.020720 -0.021135 -0.080674
v 3.151244 1.379881 -2.234477
v 0.031901 -0.040047 -0.080037
v 1.422107 0.450634 -0.316341
v 1.512535 0.471094 -0.362103
v 1.428668 0.450250 -0.329190
v 1.518953 0.470912 -0.374996
v 1.422805 0.639859 -0.395180
v 1.416768 0.639668 -0.382572
v 1.408197 0.487060 -0.332581
v 1.401749 0.487258 -0.319698
v 1.490853 0.510224 -0.365192
v 1.497206 0.510168 -0.377305
v 1.398704 0.631395 -0.382299
v 1.392642 0.631227 -0.369105
v 1.465698 0.504072 -0.351282
v 1.486886 0.465467 -0.348498
v 1.493229 0.465118 -0.361658
v 1.471844 0.503682 -0.364708
v 1.410792 0.516653 -0.343345
v 1.407727 0.579056 -0.365293
v 1.409779 0.566611 -0.359855
v 1.410782 0.553647 -0.356360
v 1.411380 0.541108 -0.352034
v 1.411377 0.528785 -0.347673
v 1.404495 0.516870 -0.329457
v 1.405117 0.528948 -0.334665
v 1.405177 0.541245 -0.338945
v 1.404528 0.553646 -0.343871
v 1.403767 0.566897 -0.345326
v 1.401685 0.579187 -0.351614
v 1.711579 -0.132057 -0.391240
v 1.780244 -0.126257 -0.428315
v 1.787272 -0.128099 -0.442283
v 1.719106 -0.134988 -0.404735
v 1.806963 -0.122965 -0.443103
v 1.813857 -0.124519 -0.458227
v 1.325400 0.428972 -0.257460
v 1.415741 0.452101 -0.297800
v 1.331958 0.428740 -0.270195
v 1.421993 0.452037 -0.309712
v 1.331576 0.610736 -0.331246
v 1.325620 0.610268 -0.317992
v 1.312661 0.463329 -0.272348
v 1.306164 0.463455 -0.260797
v 1.395438 0.488711 -0.299469
v 1.401630 0.488664 -0.313070
v 1.307301 0.601914 -0.318474
v 1.301211 0.601652 -0.306367
v 1.370040 0.481791 -0.287848
v 1.390028 0.445911 -0.286259
v 1.396354 0.445737 -0.298354
v 1.376301 0.481767 -0.301693
v 1.315976 0.492042 -0.283165
v 1.314879 0.552022 -0.302471
v 1.315984 0.538943 -0.300072
v 1.317048 0.527567 -0.295279
v 1.317229 0.515629 -0.290860
v 1.316886 0.503758 -0.286665
v 1.309727 0.492019 -0.270117
v 1.310699 0.503945 -0.272816
v 1.311007 0.515675 -0.278365
v 1.310730 0.527570 -0.281826
v 1.309940 0.539500 -0.287104
v 1.308605 0.552054 -0.289604
v 1.600430 -0.121595 -0.318457
v 1.667906 -0.111173 -0.350504
v 1.674982 -0.113062 -0.363870
v 1.607753 -0.123893 -0.331877
v 1.695602 -0.110099 -0.364979
v 1.702853 -0.111401 -0.377835
v 0.235666 -0.035927 -0.043055
v 0.338000 0.013437 -0.010652
v 0.242783 -0.033981 -0.050279
v 0.345013 0.015551 -0.017827
v 0.285825 0.117878 -0.034634
v 0.279073 0.116061 -0.026423
v 0.231308 -0.014550 -0.053862
v 0.224684 -0.016486 -0.045303
v 0.326669 0.034758 -0.012613
v 0.333014 0.035876 -0.021578
v 0.257558 0.102889 -0.042770
v 0.250876 0.100887 -0.034597
v 0.297467 0.021351 -0.020599
v 0.308555 -0.000093 -0.020924
v 0.315592 0.001983 -0.027783
v 0.303482 0.022494 -0.031572
v 0.242409 0.010453 -0.047850
v 0.255154 0.060566 -0.043539
v 0.253691 0.050171 -0.044664
v 0.251611 0.039816 -0.046060
v 0.248867 0.029527 -0.047723
v 0.246399 0.020677 -0.045666
v 0.235334 0.008434 -0.040638
v 0.239344 0.018625 -0.038439
v 0.242734 0.028848 -0.036244
v 0.244558 0.037762 -0.038818
v 0.246659 0.048103 -0.037448
v 0.248273 0.058243 -0.036267
v 0.402102 -0.355316 -0.046165
v 0.478300 -0.326464 -0.024172
v 0.484291 -0.322604 -0.032470
v 0.409405 -0.353684 -0.053393
v 0.507702 -0.313983 -0.017488
v 0.513337 -0.309507 -0.023898
v 1.710726 0.504484 -0.530091
v 1.797493 0.526211 -0.591030
v 1.717001 0.503973 -0.544730
v 1.803584 0.526036 -0.605985
v 1.687801 0.730787 -0.627733
v 1.682021 0.730418 -0.612789
v 1.692005 0.549348 -0.547574
v 1.685834 0.549664 -0.532296
v 1.770980 0.574364 -0.593814
v 1.776985 0.574343 -0.607736
v 1.665117 0.721184 -0.609327
v 1.659336 0.720816 -0.594872
v 1.746992 0.567034 -0.576472
v 1.773051 0.519705 -0.573677
v 1.779190 0.519441 -0.588424
v 1.753238 0.567217 -0.590190
v 1.690906 0.584696 -0.560383
v 1.680342 0.659330 -0.588480
v 1.683645 0.643995 -0.583199
v 1.686355 0.628846 -0.577885
v 1.688443 0.613953 -0.571838
v 1.689990 0.599180 -0.566010
v 1.684834 0.584834 -0.547044
v 1.683917 0.599506 -0.551039
v 1.682427 0.613947 -0.557194
v 1.680302 0.628672 -0.562761
v 1.677547 0.643657 -0.568522
v 1.674213 0.658824 -0.574532
v 2.048327 -0.184168 -0.653401
v 2.134191 -0.220129 -0.717830
v 2.145646 -0.232251 -0.737011
v 2.056201 -0.188158 -0.669911
v 2.170214 -0.238828 -0.744755
v 2.182790 -0.253522 -0.767083
v 2.283686 0.785032 -1.201012
v 2.351035 0.844005 -1.285078
v 2.289089 0.786495 -1.218366
v 2.356127 0.845810 -1.302287
v 2.274128 0.985961 -1.325785
v 2.268702 0.985538 -1.307512
v 2.269054 0.821192 -1.222526
v 2.263817 0.819891 -1.205423
v 2.333477 0.875978 -1.286046
v 2.338383 0.877278 -1.305309
v 2.252992 0.973500 -1.301307
v 2.247512 0.972444 -1.283113
v 2.313790 0.860340 -1.261624
v 2.331833 0.827271 -1.260448
v 2.336946 0.829005 -1.278678
v 2.318203 0.860709 -1.283116
v 2.268590 0.855323 -1.240862
v 2.262477 0.921565 -1.275758
v 2.264543 0.908463 -1.269143
v 2.266231 0.895204 -1.262871
v 2.267391 0.882053 -1.254784
v 2.268174 0.868764 -1.247963
v 2.263252 0.854184 -1.222874
v 2.263068 0.867656 -1.229296
v 2.262127 0.880966 -1.237447
v 2.260814 0.894127 -1.244379
v 2.258981 0.907571 -1.250778
v 2.256939 0.920625 -1.258322
v 2.578373 0.232469 -1.238507
v 2.606949 0.317176 -1.281831
v 2.611222 0.321363 -1.297439
v 2.582706 0.235988 -1.254907
v 2.619015 0.349938 -1.299546
v 2.623328 0.354460 -1.314567
v 3.072073 1.181253 -2.108646
v 3.172640 1.211509 -2.159699
v 3.079232 1.180992 -2.126029
v 3.179690 1.211744 -2.176942
v 3.097739 1.350358 -2.202501
v 3.091369 1.349752 -2.183939
v 3.062647 1.209046 -2.131202
v 3.055561 1.209184 -2.113796
v 3.154398 1.242367 -2.165389
v 3.161351 1.242763 -2.181921
v 3.071176 1.338600 -2.187154
v 3.064658 1.337538 -2.170239
v 3.125622 1.232507 -2.153200
v 3.143384 1.202462 -2.147661
v 3.150848 1.203081 -2.163385
v 3.132981 1.233302 -2.167987
v 3.069483 1.235489 -2.143382
v 3.074558 1.291139 -2.168652
v 3.074794 1.279652 -2.164099
v 3.074363 1.268400 -2.159189
v 3.073346 1.257258 -2.154271
v 3.071717 1.246288 -2.148852
v 3.062515 1.235501 -2.125881
v 3.064916 1.246204 -2.131386
v 3.066540 1.257020 -2.136245
v 3.067606 1.267917 -2.141737
v 3.068023 1.279036 -2.147198
v 3.067840 1.290476 -2.151871
v 3.221769 0.922312 -2.080815
v 3.272595 0.981044 -2.120769
v 3.278993 0.980056 -2.141538
v 3.229048 0.921770 -2.099239
v 3.301578 0.988839 -2.135772
v 3.308808 0.988789 -2.153157
v 2.211720 0.726239 -1.094094
v 2.278556 0.784582 -1.175260
v 2.216875 0.727748 -1.112179
v 2.283562 0.786457 -1.193059
v 2.193635 0.942226 -1.214997
v 2.188024 0.941101 -1.198668
v 2.194782 0.766823 -1.114548
v 2.189517 0.765523 -1.097524
v 2.258461 0.819849 -1.179712
v 2.263586 0.821497 -1.196616
v 2.172156 0.929682 -1.192884
v 2.166629 0.928796 -1.175989
v 2.238877 0.804253 -1.156786
v 2.259538 0.767878 -1.152769
v 2.264593 0.769666 -1.169666
v 2.244039 0.805804 -1.173732
v 2.192842 0.803058 -1.132967
v 2.183866 0.874105 -1.167633
v 2.186508 0.860039 -1.161463
v 2.188716 0.845912 -1.155012
v 2.190500 0.831713 -1.147253
v 2.191871 0.817433 -1.140247
v 2.187531 0.801830 -1.115966
v 2.186690 0.816453 -1.122538
v 2.185221 0.830656 -1.129920
v 2.183339 0.844777 -1.137030
v 2.181113 0.858948 -1.143470
v 2.178442 0.873056 -1.150682
v 2.523893 0.130061 -1.155455
v 2.553001 0.215026 -1.194070
v 2.557072 0.219163 -1.210299
v 2.528258 0.133628 -1.171700
v 2.564618 0.248437 -1.209707
v 2.568579 0.252790 -1.227636
v 0.953858 0.280907 -0.080646
v 1.037685 0.329135 -0.098394
v 0.959835 0.282278 -0.091391
v 1.043616 0.330428 -0.109116
v 0.963066 0.470958 -0.129560
v 0.956942 0.470020 -0.118538
v 0.941644 0.315547 -0.093617
v 0.935384 0.314042 -0.083830
v 1.019510 0.361494 -0.101863
v 1.025809 0.363193 -0.110999
v 0.938799 0.458506 -0.123809
v 0.932738 0.457419 -0.112870
v 0.995412 0.348744 -0.096053
v 1.013612 0.316240 -0.092752
v 1.019588 0.317497 -0.103728
v 1.001701 0.350361 -0.105700
v 0.944556 0.346931 -0.100246
v 0.944541 0.409228 -0.112693
v 0.945495 0.396957 -0.110038
v 0.946002 0.384535 -0.107557
v 0.946008 0.372063 -0.104917
v 0.945520 0.359535 -0.102769
v 0.938499 0.345750 -0.089358
v 0.939522 0.358433 -0.091232
v 0.939960 0.370916 -0.093922
v 0.939900 0.383342 -0.096505
v 0.939345 0.395707 -0.100041
v 0.938380 0.408271 -0.101273
v 1.194554 -0.200629 -0.122389
v 1.261850 -0.179751 -0.135871
v 1.268603 -0.180015 -0.146623
v 1.201782 -0.201823 -0.133801
v 1.288240 -0.171256 -0.142125
v 1.294809 -0.171165 -0.153303
vn 0.9700 -0.0622 0.2350
vn 0.9664 -0.0781 0.2451
vn 0.9703 -0.0621 0.2339
vn -0.5470 -0.3436 -0.7633
vn -0.5398 -0.3723 -0.7550
vn -0.5510 -0.3393 -0.7624
vn -0.9017 -0.2803 -0.3292
vn -0.8688 -0.3496 -0.3506
vn -0.8686 -0.3516 -0.3491
vn 0.5581 0.3191 0.7660
vn 0.5342 0.3656 0.7622
vn 0.5547 0.3430 0.7581
vn 0.8291 0.4719 0.2997
vn 0.8250 0.4959 0.2711
vn 0.8255 0.4963 0.2688
vn -0.8821 -0.3560 -0.3084
vn -0.8100 -0.4675 -0.3540
vn -0.8791 -0.3714 -0.2987
vn -0.9198 -0.2290 -0.3187
vn -0.9185 -0.2306 -0.3213
vn 0.8086 0.5064 0.2994
vn -0.9398 0.0732 -0.3338
vn -0.5099 0.8449 -0.1616
vn -0.5099 0.8448 -0.1621
vn 0.5124 0.3725 0.7737
vn 0.5245 0.4015 0.7508
vn 0.5436 0.3250 0.7739
vn 0.5478 0.3276 0.7698
vn 0.9657 -0.0995 0.2400
vn 0.9580 -0.1659 0.2340
vn -0.5495 -0.3380 -0.7641
vn -0.5297 -0.4003 -0.7478
vn -0.5247 -0.3831 -0.7602
vn -0.9122 -0.2509 -0.3239
vn -0.9096 -0.2532 -0.3293
vn -0.8990 -0.2845 -0.3330
vn -0.8941 -0.2912 -0.3402
vn -0.8856 -0.3125 -0.3436
vn -0.8847 -0.3108 -0.3473
vn -0.8780 -0.3308 -0.3460
vn -0.8744 -0.3368 -0.3493
vn -0.5471 -0.3714 -0.7502
vn -0.5497 -0.3829 -0.7424
vn 0.5632 0.4052 0.7202
vn 0.5501 0.3893 0.7388
vn 0.6047 0.1704 0.7780
vn 0.4168 0.0231 0.9087
vn 0.6161 0.1801 0.7668
vn -0.4294 -0.0307 -0.9026
vn -0.6162 -0.1788 -0.7670
vn -0.6275 -0.1886 -0.7554
vn -0.8564 -0.3453 -0.3838
vn -0.8573 -0.3462 -0.3811
vn 0.6139 0.1889 0.7665
vn 0.4587 0.0811 0.8849
vn 0.6176 0.1917 0.7628
vn 0.8608 0.3831 0.3350
vn 0.8661 0.3885 0.3144
vn 0.8662 0.3886 0.3141
vn -0.4735 -0.0909 -0.8761
vn -0.6209 -0.1943 -0.7595
vn -0.6245 -0.1969 -0.7558
vn 0.8436 -0.4794 0.2420
vn 0.8369 -0.5154 0.1846
vn 0.8436 -0.4764 0.2478
vn -0.4856 -0.4131 -0.7704
vn -0.4892 -0.4264 -0.7608
vn -0.4867 -0.4066 -0.7732
vn -0.9439 -0.0963 -0.3160
vn -0.9239 -0.2101 -0.3197
vn -0.9248 -0.2138 -0.3148
vn 0.4952 0.4130 0.7643
vn 0.4975 0.4234 0.7572
vn 0.4935 0.4366 0.7523
vn 0.8002 0.5230 0.2935
vn 0.7996 0.5232 0.2948
vn 0.8000 0.5261 0.2884
vn -0.8897 -0.3564 -0.2853
vn -0.8140 -0.5117 -0.2750
vn -0.8143 -0.5086 -0.2799
vn -0.9261 -0.2400 -0.2910
vn -0.9536 -0.0088 -0.3010
vn -0.9553 -0.0167 -0.2953
vn 0.8002 0.5221 0.2952
vn 0.8050 0.5286 0.2693
vn -0.8742 0.4057 -0.2667
vn -0.5616 0.8161 -0.1366
vn -0.5614 0.8165 -0.1347
vn 0.4984 0.4368 0.7489
vn 0.4852 0.4288 0.7621
vn 0.5059 0.4363 0.7441
vn 0.8146 -0.5520 0.1782
vn 0.7883 -0.5906 0.1724
vn -0.4909 -0.4303 -0.7575
vn -0.5110 -0.4294 -0.7447
vn -0.4929 -0.4412 -0.7499
vn -0.5003 -0.4371 -0.7474
vn -0.9552 -0.0259 -0.2948
vn -0.9553 -0.0462 -0.2920
vn -0.9523 -0.0843 -0.2932
vn -0.9462 -0.0986 -0.3083
vn -0.9414 -0.1343 -0.3094
vn -0.9393 -0.1421 -0.3123
vn -0.9347 -0.1712 -0.3116
vn -0.9307 -0.1896 -0.3129
vn -0.4869 -0.4162 -0.7680
vn -0.4866 -0.4486 -0.7496
vn 0.4884 0.4435 0.7515
vn 0.4928 0.4481 0.7459
vn 0.5287 0.3380 0.7786
vn 0.4779 0.2944 0.8276
vn 0.5354 0.3438 0.7714
vn -0.5090 -0.3145 -0.8013
vn -0.5307 -0.3334 -0.7793
vn -0.5337 -0.3360 -0.7761
vn -0.8329 -0.4742 -0.2853
vn -0.8155 -0.4688 -0.3393
vn -0.8333 -0.4743 -0.2841
vn 0.5586 0.3546 0.7498
vn 0.5669 0.3599 0.7410
vn 0.5582 0.3543 0.7503
vn 0.8317 0.4824 0.2749
vn 0.8261 0.4812 0.2932
vn 0.8260 0.4812 0.2937
vn -0.5360 -0.3374 -0.7738
vn -0.5622 -0.3544 -0.7472
vn -0.5635 -0.3552 -0.7458
vn 0.8121 -0.4980 0.3043
vn 0.8094 -0.5554 0.1910
vn 0.8118 -0.4918 0.3149
vn -0.4576 -0.4165 -0.7855
vn -0.4420 -0.4086 -0.7986
vn -0.4437 -0.4093 -0.7973
vn -0.9434 -0.0598 -0.3262
vn -0.9301 -0.1861 -0.3166
vn -0.9314 -0.1680 -0.3230
vn 0.4323 0.4042 0.8060
vn 0.4422 0.4127 0.7964
vn 0.4404 0.3930 0.8072
vn 0.7939 0.5257 0.3056
vn 0.7928 0.5273 0.3058
vn -0.9154 -0.2112 -0.3428
vn -0.7946 -0.5258 -0.3036
vn -0.8831 -0.3294 -0.3340
vn -0.9352 0.0649 -0.3483
vn -0.9512 0.0113 -0.3083
vn 0.7927 0.5273 0.3060
vn 0.7917 0.5273 0.3087
vn -0.8612 0.4214 -0.2842
vn -0.5119 0.8456 -0.1514
vn -0.5119 0.8456 -0.1516
vn 0.4505 0.4196 0.7880
vn 0.4483 0.4197 0.7892
vn 0.4392 0.4073 0.8007
vn 0.8190 -0.5436 0.1837
vn 0.8305 -0.5371 0.1477
vn -0.4358 -0.4102 -0.8011
vn -0.4370 -0.4103 -0.8004
vn -0.4376 -0.4121 -0.7992
vn -0.9534 -0.0043 -0.3016
vn -0.9486 0.0069 -0.3165
vn -0.9477 -0.0307 -0.3177
vn -0.9306 0.0118 -0.3658
vn -0.9290 -0.0570 -0.3658
vn -0.9311 -0.1145 -0.3463
vn -0.9294 -0.1354 -0.3433
vn -0.9340 -0.1480 -0.3253
vn -0.4748 -0.3711 -0.7980
vn -0.4649 -0.4421 -0.7671
vn 0.4266 0.3742 0.8234
vn 0.4474 0.3882 0.8057
vn 0.4727 0.3234 0.8197
vn 0.4380 0.3064 0.8451
vn 0.4791 0.3357 0.8110
vn -0.4722 -0.3180 -0.8221
vn -0.4852 -0.3291 -0.8101
vn -0.4872 -0.3309 -0.8082
vn -0.8184 -0.4820 -0.3129
vn -0.8089 -0.4795 -0.3403
vn -0.8186 -0.4820 -0.3122
vn 0.4238 0.2992 0.8549
vn 0.4928 0.3433 0.7996
vn 0.8244 0.4909 0.2819
vn 0.8148 0.4893 0.3109
vn 0.8145 0.4892 0.3118
vn -0.4207 -0.2966 -0.8573
vn -0.4742 -0.3310 -0.8158
vn -0.4772 -0.3328 -0.8133
vn 0.7659 -0.5838 0.2692
vn 0.7574 -0.6026 0.2513
vn 0.7661 -0.5830 0.2707
vn -0.4720 -0.4134 -0.7787
vn -0.4664 -0.4194 -0.7788
vn -0.4595 -0.4164 -0.7845
vn -0.9432 -0.0751 -0.3237
vn -0.9257 -0.1973 -0.3227
vn -0.9267 -0.1846 -0.3274
vn 0.4674 0.4231 0.7762
vn 0.4735 0.4259 0.7710
vn 0.4670 0.4246 0.7756
vn 0.8040 0.5199 0.2888
vn 0.8050 0.5263 0.2738
vn 0.8084 0.5232 0.2697
vn -0.8869 -0.3562 -0.2943
vn -0.8052 -0.5264 -0.2732
vn -0.9232 -0.2298 -0.3081
vn -0.9454 0.0249 -0.3249
vn -0.9468 -0.0035 -0.3217
vn 0.8041 0.5297 0.2697
vn -0.8602 0.4310 -0.2724
vn -0.5239 0.8427 -0.1240
vn -0.5236 0.8437 -0.1184
vn 0.4688 0.4151 0.7797
vn 0.4658 0.4278 0.7746
vn 0.4836 0.4078 0.7745
vn 0.7254 -0.6471 0.2348
vn 0.6958 -0.6897 0.2002
vn -0.4690 -0.4241 -0.7747
vn -0.4840 -0.4270 -0.7638
vn -0.4748 -0.4345 -0.7653
vn -0.4803 -0.4342 -0.7621
vn -0.9465 -0.0167 -0.3222
vn -0.9518 -0.0196 -0.3061
vn -0.9509 -0.0361 -0.3073
vn -0.9453 -0.0614 -0.3204
vn -0.9394 -0.1161 -0.3227
vn -0.9327 -0.1215 -0.3395
vn -0.9291 -0.1487 -0.3388
vn -0.9302 -0.1583 -0.3311
vn -0.4796 -0.4239 -0.7683
vn -0.4629 -0.4315 -0.7743
vn 0.4663 0.4603 0.7554
vn 0.4736 0.4308 0.7682
vn 0.5155 0.3369 0.7879
vn 0.4927 0.3253 0.8071
vn 0.5228 0.3442 0.7798
vn -0.4873 -0.3232 -0.8112
vn -0.5080 -0.3330 -0.7943
vn -0.5178 -0.3417 -0.7843
vn -0.8299 -0.4817 -0.2814
vn -0.8223 -0.4798 -0.3058
vn -0.8301 -0.4818 -0.2808
vn 0.4888 0.3244 0.8099
vn 0.5291 0.3501 0.7730
vn 0.8175 0.4843 0.3116
vn 0.8199 0.4849 0.3044
vn 0.8200 0.4849 0.3042
vn -0.4781 -0.3184 -0.8185
vn -0.5282 -0.3504 -0.7734
vn 0.9459 -0.2755 0.1712
vn 0.9452 -0.2750 0.1759
vn 0.9460 -0.2755 0.1709
vn -0.5627 -0.3770 -0.7356
vn -0.5570 -0.3741 -0.7415
vn -0.5599 -0.3710 -0.7409
vn -0.9175 -0.2559 -0.3043
vn -0.9040 -0.3363 -0.2639
vn -0.9032 -0.3203 -0.2857
vn 0.5731 0.3742 0.7291
vn 0.5654 0.3831 0.7305
vn 0.5561 0.4015 0.7277
vn 0.8158 0.4879 0.3107
vn 0.8095 0.5052 0.2991
vn 0.8157 0.4878 0.3109
vn -0.8957 -0.3491 -0.2754
vn -0.8256 -0.4806 -0.2957
vn -0.8868 -0.3790 -0.2645
vn -0.9324 -0.2079 -0.2956
vn -0.9318 -0.2119 -0.2947
vn 0.8101 0.5057 0.2967
vn 0.8194 0.5165 0.2486
vn -0.9475 0.1133 -0.2990
vn -0.5748 0.8047 -0.1484
vn -0.5746 0.8050 -0.1474
vn 0.5313 0.3958 0.7490
vn 0.5503 0.4169 0.7234
vn 0.5481 0.3849 0.7426
vn 0.9457 -0.2753 0.1728
vn 0.9491 -0.2753 0.1532
vn -0.5451 -0.3979 -0.7379
vn -0.5506 -0.3745 -0.7461
vn -0.5550 -0.4299 -0.7121
vn -0.5393 -0.4087 -0.7363
vn -0.9273 -0.2345 -0.2919
vn -0.9242 -0.2457 -0.2925
vn -0.9157 -0.2708 -0.2969
vn -0.9130 -0.2825 -0.2943
vn -0.9059 -0.3131 -0.2853
vn -0.9018 -0.3089 -0.3022
vn -0.8962 -0.2977 -0.3289
vn -0.8967 -0.3012 -0.3243
vn -0.5658 -0.4411 -0.6967
vn -0.5734 -0.4351 -0.6942
vn 0.5928 0.4618 0.6598
vn 0.5765 0.4261 0.6972
vn 0.6278 0.2450 0.7388
vn 0.5331 0.1640 0.8300
vn 0.6348 0.2513 0.7307
vn -0.5221 -0.1553 -0.8386
vn -0.6298 -0.2473 -0.7363
vn -0.6377 -0.2543 -0.7271
vn -0.8614 -0.4013 -0.3113
vn -0.8703 -0.4100 -0.2728
vn -0.8613 -0.4012 -0.3119
vn 0.6361 0.2633 0.7253
vn 0.5064 0.1722 0.8449
vn 0.6395 0.2659 0.7213
vn 0.8601 0.4227 0.2855
vn 0.8527 0.4169 0.3146
vn 0.8526 0.4168 0.3151
vn -0.5311 -0.1882 -0.8261
vn -0.6272 -0.2561 -0.7356
vn -0.6298 -0.2581 -0.7326
vn 0.1284 -0.9657 0.2257
vn 0.1460 -0.9535 0.2636
vn 0.1272 -0.9664 0.2233
vn -0.4539 -0.2948 -0.8409
vn -0.4611 -0.3317 -0.8230
vn -0.4607 -0.2914 -0.8383
vn -0.8999 -0.2324 -0.3691
vn -0.8837 -0.3021 -0.3576
vn -0.8871 -0.3006 -0.3503
vn 0.4438 0.3001 0.8444
vn 0.4542 0.3284 0.8282
vn 0.4400 0.3025 0.8455
vn 0.8044 0.4663 0.3682
vn 0.8007 0.4887 0.3466
vn 0.8006 0.4902 0.3447
vn -0.8478 -0.3320 -0.4136
vn -0.8007 -0.4674 -0.3747
vn -0.8421 -0.3411 -0.4176
vn -0.8966 -0.1439 -0.4188
vn -0.9007 -0.1527 -0.4066
vn 0.7935 0.4973 0.3508
vn -0.9230 0.1077 -0.3694
vn -0.4584 0.8727 -0.1679
vn -0.4584 0.8725 -0.1693
vn 0.4445 0.3590 0.8207
vn 0.4560 0.3645 0.8119
vn 0.4594 0.2909 0.8392
vn 0.4528 0.3412 0.8238
vn 0.1369 -0.9559 0.2600
vn 0.1334 -0.9554 0.2634
vn -0.4626 -0.3439 -0.8171
vn -0.4342 -0.3566 -0.8272
vn -0.4391 -0.3597 -0.8233
vn -0.9024 -0.1874 -0.3881
vn -0.9014 -0.1950 -0.3866
vn -0.8921 -0.2247 -0.3921
vn -0.8887 -0.2287 -0.3975
vn -0.8831 -0.2572 -0.3925
vn -0.8868 -0.2765 -0.3704
vn -0.8965 -0.2753 -0.3471
vn -0.9007 -0.2745 -0.3368
vn -0.4532 -0.3485 -0.8204
vn -0.5058 -0.4249 -0.7507
vn 0.4507 0.3484 0.8219
vn 0.4605 0.3606 0.8111
vn 0.5532 0.1346 0.8221
vn 0.5167 0.1134 0.8487
vn 0.5061 0.1133 0.8550
vn -0.5124 -0.1081 -0.8519
vn -0.5496 -0.1304 -0.8252
vn -0.5121 -0.1134 -0.8514
vn -0.8473 -0.3545 -0.3955
vn -0.8674 -0.3733 -0.3291
vn -0.8471 -0.3542 -0.3962
vn 0.5575 0.1377 0.8187
vn 0.5160 0.1113 0.8493
vn 0.8667 0.3669 0.3381
vn 0.8495 0.3500 0.3947
vn 0.8493 0.3498 0.3953
vn -0.5042 -0.1022 -0.8575
vn -0.5601 -0.1367 -0.8171
vn 0.5223 -0.8005 0.2939
vn 0.5057 -0.8169 0.2775
vn 0.5223 -0.8003 0.2946
vn -0.3120 -0.2129 -0.9259
vn -0.2941 -0.2754 -0.9153
vn -0.2950 -0.2347 -0.9262
vn -0.8864 -0.0931 -0.4535
vn -0.8558 -0.2440 -0.4562
vn -0.8551 -0.2399 -0.4597
vn 0.2736 0.2510 0.9285
vn 0.2826 0.2769 0.9184
vn 0.2791 0.2499 0.9272
vn 0.7808 0.4764 0.4042
vn 0.7654 0.4942 0.4122
vn 0.7639 0.4956 0.4132
vn -0.7953 -0.2829 -0.5362
vn -0.7807 -0.4426 -0.4411
vn -0.7714 -0.3077 -0.5571
vn -0.8713 -0.0699 -0.4858
vn -0.8789 -0.0679 -0.4722
vn 0.7700 0.4994 0.3971
vn -0.8572 0.2919 -0.4243
vn -0.4072 0.8990 -0.1614
vn -0.4078 0.8994 -0.1576
vn 0.2777 0.2933 0.9148
vn 0.2815 0.2955 0.9130
vn 0.2794 0.2598 0.9243
vn 0.2875 0.2882 0.9134
vn 0.4359 -0.8665 0.2434
vn 0.3453 -0.9171 0.1991
vn -0.2924 -0.2857 -0.9126
vn -0.2798 -0.2980 -0.9127
vn -0.2866 -0.3018 -0.9093
vn -0.8849 -0.0664 -0.4610
vn -0.8868 -0.0751 -0.4560
vn -0.8860 -0.1127 -0.4499
vn -0.8846 -0.1237 -0.4497
vn -0.8760 -0.1658 -0.4529
vn -0.8706 -0.1658 -0.4632
vn -0.8613 -0.1992 -0.4675
vn -0.8591 -0.2013 -0.4705
vn -0.2783 -0.2767 -0.9198
vn -0.2836 -0.2856 -0.9154
vn 0.3030 0.3083 0.9018
vn 0.2934 0.2858 0.9123
vn 0.3353 0.0723 0.9393
vn 0.3316 0.0708 0.9408
vn 0.3313 0.0707 0.9409
vn -0.3425 -0.0752 -0.9365
vn -0.3336 -0.0717 -0.9400
vn -0.3431 -0.0754 -0.9362
vn -0.8218 -0.3668 -0.4361
vn -0.8327 -0.3744 -0.4079
vn -0.8216 -0.3667 -0.4364
vn 0.3843 0.0974 0.9181
vn 0.3610 0.0862 0.9286
vn 0.3604 0.0859 0.9289
vn 0.8288 0.3717 0.4182
vn 0.8274 0.3707 0.4219
vn 0.8273 0.3707 0.4220
vn -0.3435 -0.0771 -0.9360
vn -0.3783 -0.0939 -0.9209
vn -0.3425 -0.0766 -0.9364
vn 0.8818 -0.3923 0.2618
vn 0.8827 -0.4330 0.1827
vn 0.8811 -0.3886 0.2695
vn -0.4141 -0.3867 -0.8240
vn -0.4260 -0.3887 -0.8170
vn -0.4299 -0.3694 -0.8239
vn -0.9418 -0.0290 -0.3350
vn -0.9220 -0.1761 -0.3447
vn -0.9222 -0.1717 -0.3465
vn 0.4079 0.3931 0.8241
vn 0.4165 0.3983 0.8172
vn 0.4068 0.3951 0.8237
vn 0.7922 0.5256 0.3102
vn 0.7931 0.5267 0.3059
vn 0.7939 0.5265 0.3043
vn -0.9117 -0.2231 -0.3449
vn -0.7958 -0.5258 -0.3004
vn -0.8806 -0.3376 -0.3326
vn -0.9315 0.0717 -0.3566
vn -0.9372 0.0563 -0.3441
vn 0.8023 0.5242 0.2857
vn -0.8421 0.4640 -0.2750
vn -0.4899 0.8595 -0.1459
vn -0.4897 0.8586 -0.1516
vn 0.4144 0.4001 0.8174
vn 0.4045 0.3973 0.8237
vn 0.4152 0.3964 0.8188
vn 0.4287 0.4017 0.8093
vn 0.8774 -0.4486 0.1704
vn 0.8743 -0.4703 0.1200
vn -0.4220 -0.4002 -0.8135
vn -0.4299 -0.4070 -0.8059
vn -0.4238 -0.4035 -0.8109
vn -0.9397 0.0322 -0.3405
vn -0.9427 -0.0041 -0.3336
vn -0.9420 -0.0326 -0.3341
vn -0.9413 -0.0391 -0.3353
vn -0.9394 -0.0742 -0.3348
vn -0.9356 -0.0970 -0.3394
vn -0.9299 -0.1393 -0.3403
vn -0.9261 -0.1418 -0.3496
vn -0.4077 -0.4003 -0.8207
vn -0.4076 -0.3996 -0.8211
vn 0.4257 0.4263 0.7982
vn 0.4134 0.4087 0.8137
vn 0.4418 0.3179 0.8389
vn 0.4179 0.3067 0.8552
vn 0.4493 0.3298 0.8303
vn -0.4374 -0.3114 -0.8437
vn -0.4519 -0.3242 -0.8311
vn -0.4545 -0.3265 -0.8287
vn -0.8165 -0.4879 -0.3086
vn -0.8162 -0.4879 -0.3095
vn -0.8165 -0.4879 -0.3085
vn 0.4047 0.2999 0.8639
vn 0.4623 0.3375 0.8200
vn 0.8102 0.4932 0.3167
vn 0.8081 0.4921 0.3238
vn 0.8103 0.4932 0.3165
vn -0.3719 -0.2841 -0.8838
vn -0.4255 -0.3191 -0.8468
vn -0.4290 -0.3214 -0.8442
vn 0.3308 -0.9078 0.2577
vn 0.3401 -0.9219 0.1855
vn 0.3290 -0.9067 0.2638
vn 0.1349 -0.0361 -0.9902
vn 0.0961 -0.0474 -0.9942
vn 0.0885 0.0022 -0.9961
vn -0.8023 0.1965 -0.5637
vn -0.7890 -0.0800 -0.6092
vn -0.7799 -0.0605 -0.6230
vn -0.1411 0.0044 0.9900
vn -0.1044 0.0581 0.9928
vn -0.1363 -0.0051 0.9907
vn 0.6950 0.4412 0.5677
vn 0.6936 0.4654 0.5499
vn 0.6945 0.4667 0.5476
vn -0.8004 -0.0391 -0.5982
vn -0.6472 -0.4475 -0.6171
vn -0.7972 -0.0517 -0.6016
vn -0.8349 0.2564 -0.4870
vn -0.8244 0.2628 -0.5012
vn 0.7291 0.4780 0.4899
vn -0.7470 0.4704 -0.4697
vn -0.4237 0.8905 -0.1654
vn -0.4217 0.8908 -0.1692
vn -0.1456 0.0760 0.9864
vn -0.1616 0.0724 0.9842
vn -0.1050 0.0168 0.9943
vn -0.0640 0.0875 0.9941
vn 0.3269 -0.9289 0.1741
vn 0.3003 -0.9433 0.1414
vn 0.0864 -0.0726 -0.9936
vn 0.1133 -0.0843 -0.9900
vn 0.1217 -0.0813 -0.9892
vn -0.8183 0.1688 -0.5494
vn -0.7968 0.1915 -0.5730
vn -0.8053 0.1433 -0.5753
vn -0.8305 0.0956 -0.5487
vn -0.8518 0.0061 -0.5239
vn -0.8393 0.0224 -0.5432
vn -0.7888 0.0347 -0.6137
vn -0.7600 0.0628 -0.6469
vn 0.1414 -0.0496 -0.9887
vn 0.1845 -0.0635 -0.9808
vn -0.1745 0.0950 0.9801
vn -0.1559 0.0300 0.9873
vn -0.0464 -0.0714 0.9964
vn -0.0936 -0.0849 0.9920
vn -0.1003 -0.0869 0.9912
vn 0.0575 0.0696 -0.9959
vn 0.0294 0.0614 -0.9977
vn 0.0615 0.0707 -0.9956
vn -0.6788 -0.3249 -0.6585
vn -0.7368 -0.3546 -0.5757
vn -0.6778 -0.3244 -0.6598
vn -0.0357 -0.0651 0.9972
vn -0.0106 -0.0547 0.9984
vn -0.0094 -0.0542 0.9985
vn 0.7479 0.3539 0.5616
vn 0.7338 0.3464 0.5845
vn 0.7335 0.3463 0.5848
vn 0.0753 0.0855 -0.9935
vn 0.0673 0.0821 -0.9943
vn 0.0757 0.0856 -0.9935
vn 0.2949 -0.9136 0.2799
vn 0.2793 -0.9270 0.2503
vn 0.2955 -0.9128 0.2818
vn -0.4190 -0.2911 -0.8601
vn -0.4306 -0.3245 -0.8422
vn -0.4280 -0.2957 -0.8540
vn -0.8946 -0.2027 -0.3982
vn -0.8679 -0.2984 -0.3971
vn -0.8694 -0.2987 -0.3936
vn 0.4165 0.2908 0.8614
vn 0.4192 0.3222 0.8488
vn 0.4150 0.3020 0.8582
vn 0.8080 0.4732 0.3509
vn 0.8036 0.4912 0.3360
vn 0.8035 0.4924 0.3347
vn -0.8614 -0.3201 -0.3944
vn -0.8036 -0.4711 -0.3636
vn -0.8557 -0.3375 -0.3923
vn -0.9027 -0.1186 -0.4136
vn -0.9019 -0.1241 -0.4136
vn 0.7930 0.4984 0.3505
vn -0.9024 0.1633 -0.3987
vn -0.4341 0.8816 -0.1853
vn -0.4341 0.8816 -0.1851
vn 0.4104 0.3453 0.8440
vn 0.4201 0.3498 0.8374
vn 0.4248 0.2909 0.8573
vn 0.4185 0.3320 0.8454
vn 0.2378 -0.9421 0.2363
vn 0.2066 -0.9475 0.2441
vn -0.4366 -0.3381 -0.8337
vn -0.4140 -0.3463 -0.8418
vn -0.4225 -0.3507 -0.8358
vn -0.8972 -0.1588 -0.4121
vn -0.8961 -0.1641 -0.4124
vn -0.8917 -0.1938 -0.4091
vn -0.8903 -0.1996 -0.4094
vn -0.8860 -0.2190 -0.4088
vn -0.8868 -0.2248 -0.4038
vn -0.8835 -0.2540 -0.3935
vn -0.8823 -0.2614 -0.3915
vn -0.4190 -0.3286 -0.8464
vn -0.4255 -0.3381 -0.8394
vn 0.4059 0.3170 0.8572
vn 0.4208 0.3353 0.8429
vn 0.4959 0.1165 0.8605
vn 0.4698 0.1052 0.8765
vn 0.4680 0.1045 0.8775
vn -0.4724 -0.1054 -0.8751
vn -0.5017 -0.1181 -0.8569
vn -0.4704 -0.1045 -0.8762
vn -0.8479 -0.3631 -0.3864
vn -0.8554 -0.3696 -0.3629
vn -0.8478 -0.3630 -0.3867
vn 0.5250 0.1311 0.8409
vn 0.4857 0.1102 0.8672
vn 0.4847 0.1096 0.8678
vn 0.8577 0.3684 0.3588
vn 0.8518 0.3631 0.3775
vn 0.8518 0.3630 0.3777
vn -0.4884 -0.1099 -0.8657
vn -0.5154 -0.1242 -0.8479
vn -0.4878 -0.1095 -0.8661
vn 0.9501 -0.2431 0.1957
vn 0.9501 -0.2529 0.1829
vn 0.9500 -0.2427 0.1967
vn -0.5328 -0.4157 -0.7371
vn -0.5448 -0.3867 -0.7441
vn -0.5212 -0.4427 -0.7296
vn -0.9304 -0.2175 -0.2952
vn -0.9053 -0.2854 -0.3146
vn -0.9049 -0.2906 -0.3109
vn 0.5302 0.4152 0.7392
vn 0.5515 0.3692 0.7480
vn 0.5455 0.4238 0.7231
vn 0.8042 0.5264 0.2760
vn 0.8033 0.5273 0.2769
vn -0.8728 -0.3942 -0.2878
vn -0.8045 -0.5243 -0.2790
vn -0.8044 -0.5234 -0.2809
vn -0.9026 -0.3169 -0.2915
vn -0.9465 -0.1245 -0.2978
vn -0.9477 -0.1307 -0.2913
vn 0.8032 0.5273 0.2772
vn 0.8018 0.5269 0.2820
vn -0.9353 0.2435 -0.2566
vn -0.6116 0.7806 -0.1292
vn -0.6124 0.7794 -0.1325
vn 0.5652 0.4766 0.6733
vn 0.5497 0.4587 0.6982
vn 0.5689 0.4166 0.7091
vn 0.9461 -0.2708 0.1775
vn 0.9417 -0.2931 0.1653
vn -0.5465 -0.4215 -0.7236
vn -0.5631 -0.4241 -0.7093
vn -0.5556 -0.4572 -0.6945
vn -0.5628 -0.4695 -0.6803
vn -0.9450 -0.1575 -0.2866
vn -0.9400 -0.1849 -0.2868
vn -0.9341 -0.2081 -0.2901
vn -0.9336 -0.2086 -0.2912
vn -0.9308 -0.2247 -0.2883
vn -0.9278 -0.2332 -0.2913
vn -0.9182 -0.2650 -0.2944
vn -0.9110 -0.2715 -0.3104
vn -0.5340 -0.4436 -0.7197
vn -0.5296 -0.4452 -0.7220
vn 0.5513 0.4269 0.7169
vn 0.5470 0.4001 0.7353
vn 0.6037 0.3228 0.7289
vn 0.5420 0.2687 0.7962
vn 0.6099 0.3284 0.7212
vn -0.5426 -0.2691 -0.7957
vn -0.6044 -0.3235 -0.7281
vn -0.6106 -0.3291 -0.7203
vn -0.8460 -0.4489 -0.2876
vn -0.8462 -0.4490 -0.2870
vn -0.8460 -0.4489 -0.2877
vn 0.5925 0.3262 0.7366
vn 0.5281 0.2832 0.8005
vn 0.5949 0.3278 0.7339
vn 0.8407 0.4634 0.2802
vn 0.8370 0.4607 0.2954
vn 0.8408 0.4635 0.2798
vn -0.5276 -0.2833 -0.8008
vn -0.5979 -0.3302 -0.7304
vn -0.6006 -0.3320 -0.7274
vn 0.9027 -0.3669 0.2249
vn 0.9008 -0.3935 0.1839
vn 0.9025 -0.3650 0.2286
vn -0.5184 -0.4298 -0.7393
vn -0.5129 -0.4185 -0.7496
vn -0.5136 -0.4395 -0.7369
vn -0.9388 -0.1486 -0.3107
vn -0.9205 -0.2365 -0.3110
vn -0.9205 -0.2333 -0.3136
vn 0.4946 0.4322 0.7540
vn 0.5080 0.4317 0.7454
vn 0.5084 0.4420 0.7391
vn 0.7964 0.5259 0.2987
vn 0.7947 0.5270 0.3011
vn -0.8746 -0.3838 -0.2963
vn -0.8042 -0.5212 -0.2858
vn -0.8042 -0.5181 -0.2912
vn -0.9076 -0.2879 -0.3056
vn -0.9396 -0.0722 -0.3346
vn -0.9454 -0.0757 -0.3169
vn 0.7944 0.5269 0.3020
vn 0.7908 0.5249 0.3147
vn -0.9101 0.3055 -0.2799
vn -0.6038 0.7809 -0.1600
vn -0.6039 0.7808 -0.1604
vn 0.5272 0.4504 0.7206
vn 0.5160 0.4471 0.7306
vn 0.5303 0.4464 0.7208
vn 0.8880 -0.4228 0.1809
vn 0.8700 -0.4567 0.1859
vn -0.5074 -0.4276 -0.7482
vn -0.4909 -0.4198 -0.7634
vn -0.5088 -0.4343 -0.7433
vn -0.4978 -0.4313 -0.7524
vn -0.9492 -0.0585 -0.3093
vn -0.9535 -0.0918 -0.2871
vn -0.9508 -0.1155 -0.2874
vn -0.9472 -0.1359 -0.2904
vn -0.9416 -0.1698 -0.2909
vn -0.9371 -0.1692 -0.3052
vn -0.9302 -0.2006 -0.3073
vn -0.9251 -0.2100 -0.3164
vn -0.5227 -0.4255 -0.7387
vn -0.5183 -0.4273 -0.7408
vn 0.5049 0.4682 0.7252
vn 0.5286 0.4111 0.7426
vn 0.5537 0.3335 0.7630
vn 0.5122 0.2972 0.8058
vn 0.5589 0.3381 0.7572
vn -0.5338 -0.3089 -0.7872
vn -0.5739 -0.3445 -0.7429
vn -0.5790 -0.3491 -0.7368
vn -0.8327 -0.4661 -0.2987
vn -0.8307 -0.4654 -0.3054
vn -0.8328 -0.4662 -0.2986
vn 0.5891 0.3581 0.7244
vn 0.5589 0.3382 0.7571
vn 0.5905 0.3590 0.7227
vn 0.8267 0.4749 0.3017
vn 0.8257 0.4746 0.3049
vn -0.5104 -0.3131 -0.8009
vn -0.5398 -0.3322 -0.7735
vn -0.5411 -0.3331 -0.7722
vn 0.4115 -0.8566 0.3112
vn 0.4226 -0.8752 0.2354
vn 0.4109 -0.8538 0.3195
vn -0.1670 -0.1916 -0.9672
vn -0.1464 -0.2141 -0.9658
vn -0.1728 -0.1843 -0.9676
vn -0.8637 -0.0431 -0.5021
vn -0.8506 -0.2155 -0.4797
vn -0.8506 -0.2075 -0.4832
vn 0.1819 0.1710 0.9683
vn 0.1812 0.2225 0.9579
vn 0.1787 0.1950 0.9644
vn 0.7638 0.4444 0.4681
vn 0.6838 0.4802 0.5494
vn 0.6751 0.4830 0.5577
vn -0.8574 -0.2549 -0.4470
vn -0.7590 -0.4648 -0.4560
vn -0.8568 -0.2807 -0.4326
vn -0.8783 -0.0064 -0.4780
vn -0.8778 -0.0113 -0.4789
vn 0.7486 0.4951 0.4409
vn -0.8353 0.3028 -0.4589
vn -0.4472 0.8748 -0.1863
vn 0.1508 0.2367 0.9598
vn 0.1563 0.2414 0.9578
vn 0.1744 0.1924 0.9657
vn 0.1904 0.2384 0.9523
vn 0.4450 -0.8637 0.2366
vn 0.4874 -0.8486 0.2055
vn -0.1302 -0.2143 -0.9680
vn -0.1617 -0.2392 -0.9574
vn -0.1750 -0.2438 -0.9539
vn -0.8782 -0.0406 -0.4765
vn -0.8772 -0.0459 -0.4779
vn -0.8688 -0.0920 -0.4866
vn -0.8628 -0.1003 -0.4954
vn -0.8557 -0.1407 -0.4981
vn -0.8550 -0.1414 -0.4990
vn -0.8540 -0.1538 -0.4970
vn -0.8562 -0.1629 -0.4902
vn -0.1824 -0.2331 -0.9552
vn -0.1828 -0.2478 -0.9514
vn 0.1695 0.2468 0.9541
vn 0.1841 0.2590 0.9482
vn 0.2392 0.0293 0.9705
vn 0.2385 0.0290 0.9707
vn -0.2536 -0.0349 -0.9667
vn -0.2553 -0.0349 -0.9662
vn -0.2465 -0.0316 -0.9686
vn -0.7978 -0.3531 -0.4887
vn -0.8144 -0.3637 -0.4522
vn -0.7976 -0.3529 -0.4891
vn 0.2592 0.0402 0.9650
vn 0.2652 0.0430 0.9632
vn 0.2654 0.0431 0.9632
vn 0.8143 0.3655 0.4509
vn 0.8113 0.3636 0.4578
vn 0.8113 0.3635 0.4579
vn -0.2657 -0.0404 -0.9632
vn -0.2428 -0.0292 -0.9696
vn 0.2833 -0.9280 0.2421
vn 0.2880 -0.9365 0.2000
vn 0.2826 -0.9273 0.2455
vn 0.0559 -0.0485 -0.9973
vn 0.0533 -0.0860 -0.9949
vn 0.0510 -0.0526 -0.9973
vn -0.8166 0.1041 -0.5677
vn -0.7708 -0.1151 -0.6266
vn -0.7756 -0.1234 -0.6191
vn -0.0666 0.0568 0.9962
vn -0.0553 0.0887 0.9945
vn -0.0552 0.0370 0.9978
vn 0.7063 0.4420 0.5529
vn 0.6988 0.4691 0.5400
vn 0.6989 0.4705 0.5387
vn -0.8000 -0.1070 -0.5904
vn -0.7089 -0.4376 -0.5531
vn -0.7861 -0.1287 -0.6045
vn -0.8488 0.1734 -0.4994
vn -0.8407 0.1800 -0.5107
vn 0.7044 0.4788 0.5239
vn -0.7897 0.3523 -0.5022
vn -0.4993 0.8525 -0.1547
vn -0.5064 0.8511 -0.1387
vn -0.0555 0.1110 0.9923
vn -0.0619 0.1075 0.9923
vn -0.0545 0.0610 0.9966
vn -0.0480 0.1027 0.9936
vn 0.2784 -0.9407 0.1939
vn 0.2581 -0.9480 0.1862
vn 0.0537 -0.1006 -0.9935
vn 0.0546 -0.1126 -0.9921
vn 0.0488 -0.1157 -0.9921
vn -0.8295 0.1062 -0.5483
vn -0.8158 0.1166 -0.5664
vn -0.8236 0.0500 -0.5650
vn -0.8260 0.0350 -0.5625
vn -0.8211 -0.0044 -0.5708
vn -0.8178 -0.0050 -0.5755
vn -0.8090 -0.0688 -0.5838
vn -0.7980 -0.0700 -0.5986
vn 0.0640 -0.0852 -0.9943
vn 0.0604 -0.0927 -0.9939
vn -0.0603 0.1018 0.9930
vn -0.0634 0.0949 0.9935
vn 0.0248 -0.0453 0.9987
vn -0.0133 -0.0569 0.9983
vn -0.0183 -0.0584 0.9981
vn 0.0074 0.0582 -0.9983
vn -0.0083 0.0534 -0.9985
vn 0.0095 0.0588 -0.9982
vn -0.7464 -0.3524 -0.5646
vn -0.8011 -0.3817 -0.4610
vn -0.7454 -0.3518 -0.5662
vn 0.0342 -0.0421 0.9985
vn 0.0266 -0.0454 0.9986
vn 0.0262 -0.0455 0.9986
vn 0.7626 0.3526 0.5423
vn 0.7461 0.3436 0.5704
vn 0.7458 0.3434 0.5708
vn -0.0064 0.0549 -0.9985
vn -0.0369 0.0419 -0.9984
vn -0.0051 0.0555 -0.9984
vn 0.2982 -0.9331 0.2009
vn 0.3114 -0.9391 0.1451
vn 0.2970 -0.9327 0.2046
vn 0.1607 0.0159 -0.9869
vn 0.1896 -0.0500 -0.9806
vn 0.1863 -0.0438 -0.9815
vn -0.7439 0.2048 -0.6361
vn -0.7896 -0.0224 -0.6133
vn -0.8022 -0.0263 -0.5965
vn -0.1988 0.0488 0.9788
vn -0.1464 0.0384 0.9885
vn -0.1881 0.0206 0.9819
vn 0.6682 0.4406 0.5995
vn 0.5740 0.4417 0.6895
vn 0.5587 0.4421 0.7018
vn -0.7236 -0.0307 -0.6895
vn -0.7017 -0.4316 -0.5669
vn -0.6730 -0.0909 -0.7340
vn -0.7786 0.3128 -0.5441
vn -0.7979 0.2881 -0.5295
vn 0.6628 0.4545 0.5950
vn -0.6862 0.5136 -0.5152
vn -0.4123 0.8953 -0.1687
vn -0.4111 0.8955 -0.1707
vn -0.2043 0.0420 0.9780
vn -0.1939 0.0553 0.9795
vn -0.1605 0.0309 0.9866
vn -0.1383 0.0604 0.9886
vn 0.3086 -0.9411 0.1385
vn 0.3115 -0.9438 0.1104
vn 0.1637 -0.0488 -0.9853
vn 0.1752 -0.0485 -0.9833
vn 0.1701 -0.0516 -0.9841
vn -0.8266 0.1877 -0.5306
vn -0.7969 0.2217 -0.5620
vn -0.7533 0.2352 -0.6142
vn -0.7329 0.2500 -0.6328
vn -0.7665 0.1565 -0.6229
vn -0.8028 0.0919 -0.5892
vn -0.8245 0.0721 -0.5613
vn -0.8327 0.0697 -0.5494
vn 0.2139 -0.0343 -0.9763
vn 0.2085 -0.0384 -0.9773
vn -0.2129 0.0472 0.9759
vn -0.2172 0.0806 0.9728
vn -0.1138 -0.0908 0.9893
vn -0.1129 -0.0904 0.9895
vn -0.1258 -0.0940 0.9876
vn 0.1495 0.1002 -0.9837
vn 0.1014 0.0870 -0.9910
vn 0.1570 0.1022 -0.9823
vn -0.7562 -0.3736 -0.5371
vn -0.6205 -0.3063 -0.7219
vn -0.7579 -0.3745 -0.5342
vn -0.1114 -0.0896 0.9897
vn -0.1132 -0.0909 0.9894
vn 0.7535 0.3664 0.5460
vn 0.7335 0.3563 0.5789
vn 0.7331 0.3561 0.5794
vn 0.0556 0.0655 -0.9963
vn 0.0637 0.0689 -0.9956
vn 0.0552 0.0654 -0.9963
vn 0.2630 -0.9269 0.2676
vn 0.2669 -0.9401 0.2119
vn 0.2621 -0.9257 0.2728
vn -0.0107 -0.0801 -0.9967
vn -0.0011 -0.1141 -0.9935
vn -0.0101 -0.0800 -0.9967
vn -0.8557 0.0325 -0.5165
vn -0.8138 -0.1745 -0.5544
vn -0.8140 -0.1711 -0.5550
vn -0.0072 0.0869 0.9962
vn -0.0223 0.1123 0.9934
vn -0.0062 0.0917 0.9958
vn 0.7464 0.4424 0.4971
vn 0.7504 0.4830 0.4512
vn 0.7530 0.4833 0.4465
vn -0.7967 -0.1817 -0.5764
vn -0.7250 -0.4403 -0.5296
vn -0.7870 -0.2053 -0.5818
vn -0.8310 0.0993 -0.5473
vn -0.8356 0.0897 -0.5420
vn 0.7308 0.4952 0.4698
vn -0.8355 0.3053 -0.4569
vn -0.5271 0.8318 -0.1738
vn -0.5283 0.8316 -0.1712
vn -0.0241 0.1317 0.9910
vn -0.0142 0.1363 0.9906
vn -0.0001 0.0818 0.9966
vn -0.0331 0.1143 0.9929
vn 0.2572 -0.9454 0.1999
vn 0.2516 -0.9575 0.1412
vn 0.0087 -0.1242 -0.9922
vn -0.0083 -0.1522 -0.9883
vn -0.8420 0.0477 -0.5373
vn -0.8461 0.0378 -0.5316
vn -0.8480 0.0006 -0.5300
vn -0.8501 -0.0124 -0.5264
vn -0.8462 -0.0654 -0.5289
vn -0.8420 -0.0709 -0.5348
vn -0.8284 -0.1140 -0.5484
vn -0.8229 -0.1151 -0.5564
vn -0.0007 -0.1176 -0.9931
vn -0.0055 -0.1270 -0.9919
vn 0.0224 0.1590 0.9870
vn -0.0056 0.1080 0.9941
vn 0.0593 -0.0370 0.9976
vn 0.0538 -0.0388 0.9978
vn 0.0531 -0.0390 0.9978
vn -0.0663 0.0335 -0.9972
vn -0.0672 0.0332 -0.9972
vn -0.0661 0.0335 -0.9972
vn -0.7657 -0.3506 -0.5393
vn -0.7771 -0.3571 -0.5183
vn -0.7655 -0.3505 -0.5396
vn 0.1527 0.0057 0.9883
vn 0.0888 -0.0223 0.9958
vn 0.0862 -0.0234 0.9960
vn 0.7815 0.3560 0.5124
vn 0.7778 0.3539 0.5194
vn 0.7778 0.3538 0.5195
vn -0.0684 0.0328 -0.9971
vn -0.1349 0.0038 -0.9908
vn -0.0657 0.0340 -0.9973
vn 0.4330 -0.8723 0.2270
vn 0.4612 -0.8824 0.0935
vn 0.4301 -0.8719 0.2340
vn 0.2435 -0.0108 -0.9698
vn 0.2020 0.0080 -0.9793
vn 0.2016 0.0449 -0.9784
vn -0.7441 0.3245 -0.5840
vn -0.7134 0.0609 -0.6981
vn -0.7351 0.0366 -0.6769
vn -0.2059 -0.0691 0.9761
vn -0.2283 0.0019 0.9736
vn -0.2158 -0.0445 0.9754
vn 0.6133 0.4529 0.6471
vn 0.7070 0.4731 0.5257
vn 0.7213 0.4707 0.5080
vn -0.8256 0.0387 -0.5629
vn -0.6211 -0.4506 -0.6413
vn -0.8419 0.0338 -0.5386
vn -0.8121 0.3557 -0.4625
vn -0.7826 0.3803 -0.4928
vn 0.6495 0.4807 0.5892
vn -0.6886 0.5339 -0.4908
vn -0.4095 0.8967 -0.1683
vn -0.4126 0.8961 -0.1634
vn -0.2326 0.0321 0.9720
vn -0.2437 0.0249 0.9695
vn -0.2077 -0.0594 0.9764
vn -0.2266 0.0117 0.9739
vn 0.4282 -0.9021 0.0534
vn 0.3759 -0.9260 -0.0361
vn 0.2249 -0.0191 -0.9742
vn 0.2242 -0.0277 -0.9741
vn 0.2251 -0.0283 -0.9739
vn -0.7442 0.3293 -0.5811
vn -0.7553 0.3061 -0.5795
vn -0.8181 0.1789 -0.5465
vn -0.8183 0.1706 -0.5489
vn -0.7716 0.1813 -0.6097
vn -0.7489 0.1985 -0.6323
vn -0.7840 0.0863 -0.6148
vn -0.7819 0.0820 -0.6180
vn 0.2661 0.0363 -0.9633
vn 0.2905 -0.0428 -0.9559
vn -0.3007 0.0600 0.9518
vn -0.2671 -0.0004 0.9637
vn -0.1774 -0.1095 0.9780
vn -0.1760 -0.1088 0.9784
vn -0.1906 -0.1130 0.9752
vn 0.1682 0.1009 -0.9806
vn 0.1780 0.1035 -0.9786
vn 0.1665 0.1004 -0.9809
vn -0.6271 -0.3156 -0.7121
vn -0.6249 -0.3146 -0.7145
vn -0.6272 -0.3157 -0.7121
vn -0.1770 -0.1091 0.9781
vn -0.1746 -0.1087 0.9786
vn 0.6492 0.3218 0.6892
vn 0.6293 0.3120 0.7118
vn 0.6289 0.3119 0.7122
vn 0.2313 0.1312 -0.9640
vn 0.1551 0.1003 -0.9828
vn 0.2357 0.1330 -0.9627
vn 0.9277 -0.2471 0.2799
vn 0.9388 -0.2994 0.1702
vn 0.9257 -0.2431 0.2896
vn -0.3738 -0.3772 -0.8473
vn -0.3829 -0.3812 -0.8414
vn -0.3801 -0.3802 -0.8432
vn -0.9375 -0.0329 -0.3465
vn -0.9142 -0.1843 -0.3610
vn -0.9157 -0.1805 -0.3592
vn 0.3794 0.3768 0.8450
vn 0.3833 0.3747 0.8442
vn 0.3731 0.3869 0.8433
vn 0.7903 0.5254 0.3153
vn 0.7917 0.5250 0.3124
vn 0.7921 0.5249 0.3114
vn -0.9028 -0.2369 -0.3590
vn -0.7902 -0.5253 -0.3157
vn -0.8726 -0.3471 -0.3438
vn -0.9224 0.0621 -0.3812
vn -0.9274 0.0504 -0.3706
vn 0.7988 0.5232 0.2970
vn -0.8504 0.4366 -0.2936
vn -0.4765 0.8665 -0.1486
vn -0.4760 0.8661 -0.1527
vn 0.3778 0.3769 0.8457
vn 0.3739 0.3755 0.8481
vn 0.3835 0.3714 0.8456
vn 0.3816 0.3765 0.8442
vn 0.9288 -0.3369 0.1545
vn 0.9154 -0.3906 0.0971
vn -0.3914 -0.3860 -0.8354
vn -0.3835 -0.3851 -0.8394
vn -0.3824 -0.3853 -0.8398
vn -0.9294 0.0455 -0.3662
vn -0.9386 0.0039 -0.3449
vn -0.9383 -0.0305 -0.3446
vn -0.9363 -0.0499 -0.3476
vn -0.9321 -0.0956 -0.3494
vn -0.9276 -0.1058 -0.3582
vn -0.9237 -0.1378 -0.3575
vn -0.9222 -0.1394 -0.3608
vn -0.3744 -0.3711 -0.8498
vn -0.3813 -0.3824 -0.8417
vn 0.3952 0.4140 0.8200
vn 0.3964 0.3902 0.8310
vn 0.4053 0.3169 0.8575
vn 0.3917 0.3039 0.8684
vn 0.4086 0.3200 0.8548
vn -0.3942 -0.3037 -0.8674
vn -0.4013 -0.3106 -0.8617
vn -0.4030 -0.3122 -0.8603
vn -0.8080 -0.4931 -0.3224
vn -0.8121 -0.4938 -0.3111
vn -0.8079 -0.4931 -0.3228
vn 0.3944 0.3178 0.8623
vn 0.3662 0.2985 0.8814
vn 0.3969 0.3195 0.8605
vn 0.8048 0.4991 0.3212
vn 0.8014 0.4975 0.3321
vn 0.8049 0.4992 0.3207
vn -0.3494 -0.2852 -0.8925
vn -0.4113 -0.3278 -0.8505
vn -0.4167 -0.3316 -0.8464
vn 0.5976 -0.8017 -0.0144
vn 0.5967 -0.7863 -0.1604
vn 0.5945 -0.8041 -0.0061
vn 0.3007 0.0838 -0.9500
vn 0.3009 0.0924 -0.9492
vn 0.2986 0.0864 -0.9505
vn -0.7526 0.3629 -0.5495
vn -0.7319 0.1373 -0.6674
vn -0.7533 0.1099 -0.6484
vn -0.3070 -0.0778 0.9485
vn -0.3217 -0.0429 0.9459
vn -0.2952 -0.0872 0.9515
vn 0.5920 0.4145 0.6912
vn 0.5783 0.4393 0.6874
vn 0.5780 0.4397 0.6874
vn -0.7376 0.0832 -0.6701
vn -0.6052 -0.3920 -0.6929
vn -0.7297 0.0166 -0.6835
vn -0.7244 0.4081 -0.5556
vn -0.7245 0.4035 -0.5589
vn 0.5755 0.4458 0.6856
vn -0.6983 0.5762 -0.4247
vn -0.4609 0.8746 -0.1506
vn -0.4571 0.8755 -0.1564
vn -0.2921 -0.0334 0.9558
vn -0.2892 -0.0380 0.9565
vn -0.3378 -0.0396 0.9404
vn -0.3205 -0.0416 0.9463
vn 0.5580 -0.8048 -0.2026
vn 0.4435 -0.8273 -0.3448
vn 0.3248 0.0474 -0.9446
vn 0.3166 0.0694 -0.9460
vn 0.2927 0.0322 -0.9557
vn 0.2914 0.0370 -0.9559
vn -0.7287 0.3676 -0.5778
vn -0.7550 0.3312 -0.5659
vn -0.7869 0.2993 -0.5396
vn -0.8092 0.2748 -0.5193
vn -0.8129 0.2618 -0.5202
vn -0.8127 0.2566 -0.5231
vn -0.8188 0.1530 -0.5533
vn -0.7957 0.1702 -0.5813
vn 0.3240 0.0508 -0.9447
vn 0.3364 0.0275 -0.9413
vn -0.2897 -0.0687 0.9547
vn -0.2969 -0.0964 0.9500
vn -0.2802 -0.1529 0.9477
vn -0.2807 -0.1533 0.9475
vn -0.2801 -0.1528 0.9477
vn 0.2576 0.1436 -0.9555
vn 0.2672 0.1441 -0.9528
vn 0.2823 0.1507 -0.9474
vn -0.6353 -0.3265 -0.6999
vn -0.6599 -0.3383 -0.6708
vn -0.6348 -0.3263 -0.7004
vn -0.2367 -0.1320 0.9626
vn -0.2497 -0.1371 0.9586
vn -0.2506 -0.1375 0.9583
vn 0.6388 0.3243 0.6977
vn 0.6789 0.3481 0.6464
vn 0.6379 0.3238 0.6988
vn 0.2880 0.1548 -0.9451
vn 0.2840 -0.9187 0.2743
vn 0.2888 -0.9293 0.2301
vn 0.2837 -0.9178 0.2777
vn -0.0506 -0.1255 -0.9908
vn -0.0644 -0.1051 -0.9924
vn -0.0589 -0.1112 -0.9920
vn -0.8665 -0.0061 -0.4991
vn -0.8271 -0.1897 -0.5292
vn -0.8268 -0.1885 -0.5299
vn 0.0452 0.1195 0.9918
vn 0.0708 0.0982 0.9926
vn 0.0567 0.1491 0.9872
vn 0.7304 0.4513 0.5128
vn 0.7436 0.4845 0.4609
vn 0.7467 0.4844 0.4559
vn -0.8225 -0.2149 -0.5266
vn -0.7343 -0.4446 -0.5130
vn -0.8137 -0.2440 -0.5277
vn -0.8657 0.0347 -0.4993
vn -0.8706 0.0255 -0.4914
vn 0.7282 0.4954 0.4735
vn -0.8467 0.2863 -0.4484
vn -0.5063 0.8418 -0.1870
vn -0.5059 0.8418 -0.1884
vn 0.0753 0.1781 0.9811
vn 0.0607 0.1891 0.9801
vn 0.1067 0.1164 0.9875
vn 0.2904 -0.9291 0.2291
vn 0.2984 -0.9336 0.1983
vn -0.0571 -0.1502 -0.9870
vn -0.0889 -0.1292 -0.9876
vn -0.0698 -0.1915 -0.9790
vn -0.0778 -0.1870 -0.9793
vn -0.8755 -0.0319 -0.4821
vn -0.8709 -0.0396 -0.4899
vn -0.8545 -0.0716 -0.5145
vn -0.8484 -0.0698 -0.5248
vn -0.8452 -0.1137 -0.5222
vn -0.8442 -0.1213 -0.5222
vn -0.8347 -0.1544 -0.5286
vn -0.8316 -0.1578 -0.5325
vn -0.0353 -0.1408 -0.9894
vn -0.0455 -0.1643 -0.9854
vn 0.0363 0.1682 0.9851
vn 0.0285 0.1621 0.9864
vn 0.1297 -0.0139 0.9915
vn 0.1243 -0.0158 0.9921
vn 0.1237 -0.0160 0.9922
vn -0.1269 0.0155 -0.9918
vn -0.1099 0.0213 -0.9937
vn -0.1288 0.0148 -0.9916
vn -0.7741 -0.3463 -0.5299
vn -0.7901 -0.3558 -0.4992
vn -0.7739 -0.3462 -0.5304
vn 0.1847 0.0129 0.9827
vn 0.1655 0.0043 0.9862
vn 0.1648 0.0040 0.9863
vn 0.7849 0.3517 0.5101
vn 0.7728 0.3445 0.5331
vn 0.7726 0.3444 0.5334
vn -0.1535 -0.0011 -0.9881
vn -0.2241 -0.0329 -0.9740
vn -0.1508 0.0001 -0.9886
vn 0.1367 -0.8634 0.4857
vn 0.2658 -0.7911 0.5508
vn 0.1348 -0.8651 0.4832
vn -0.5149 -0.3185 -0.7959
vn -0.5058 -0.3521 -0.7875
vn -0.5242 -0.3141 -0.7916
vn -0.8991 -0.2720 -0.3428
vn -0.8626 -0.3390 -0.3755
vn -0.8631 -0.3431 -0.3707
vn 0.5176 0.3120 0.7967
vn 0.5038 0.3532 0.7883
vn 0.5145 0.3316 0.7908
vn 0.8335 0.4611 0.3044
vn 0.8107 0.4910 0.3190
vn 0.8087 0.4933 0.3205
vn -0.8715 -0.3530 -0.3405
vn -0.8175 -0.4647 -0.3402
vn -0.8696 -0.3653 -0.3322
vn -0.9016 -0.2025 -0.3822
vn -0.9009 -0.2127 -0.3784
vn 0.8005 0.5013 0.3286
vn -0.9359 0.0619 -0.3469
vn -0.5038 0.8456 -0.1762
vn -0.5041 0.8449 -0.1788
vn 0.5066 0.3840 0.7719
vn 0.5096 0.3846 0.7696
vn 0.5131 0.3151 0.7984
vn 0.4912 0.3629 0.7918
vn 0.5643 -0.5867 0.5808
vn 0.6831 -0.4590 0.5680
vn -0.4919 -0.3603 -0.7926
vn -0.4867 -0.3777 -0.7877
vn -0.4989 -0.3829 -0.7775
vn -0.8960 -0.2521 -0.3656
vn -0.8954 -0.2604 -0.3611
vn -0.8899 -0.2720 -0.3661
vn -0.8889 -0.2732 -0.3678
vn -0.8830 -0.2983 -0.3624
vn -0.8813 -0.3072 -0.3590
vn -0.8721 -0.3365 -0.3552
vn -0.8689 -0.3374 -0.3621
vn -0.5148 -0.3685 -0.7741
vn -0.5359 -0.3971 -0.7451
vn 0.5254 0.3862 0.7582
vn 0.5132 0.3544 0.7817
vn 0.6274 0.1347 0.7669
vn 0.5827 0.1110 0.8051
vn 0.5802 0.1097 0.8070
vn -0.5897 -0.1127 -0.7997
vn -0.6463 -0.1432 -0.7496
vn -0.5865 -0.1111 -0.8023
vn -0.8658 -0.3423 -0.3649
vn -0.8817 -0.3620 -0.3025
vn -0.8657 -0.3421 -0.3656
vn 0.5570 0.0887 0.8258
vn 0.5864 0.1065 0.8030
vn 0.5869 0.1069 0.8026
vn 0.8927 0.3786 0.2445
vn 0.8789 0.3578 0.3153
vn 0.8788 0.3576 0.3161
vn -0.6084 -0.1166 -0.7850
vn -0.5470 -0.0791 -0.8334
vn -0.6095 -0.1173 -0.7840
vn 0.5840 -0.7461 0.3199
vn 0.5911 -0.7744 0.2256
vn 0.5828 -0.7432 0.3286
vn -0.2115 -0.1965 -0.9574
vn -0.2438 -0.2484 -0.9375
vn -0.2467 -0.1907 -0.9501
vn -0.8786 -0.0709 -0.4723
vn -0.8278 -0.2202 -0.5160
vn -0.8319 -0.2249 -0.5074
vn 0.2478 0.2014 0.9476
vn 0.2307 0.2562 0.9387
vn 0.2509 0.2277 0.9408
vn 0.7610 0.4737 0.4432
vn 0.7393 0.4926 0.4591
vn 0.7374 0.4940 0.4607
vn -0.8758 -0.2555 -0.4094
vn -0.7713 -0.4679 -0.4315
vn -0.8731 -0.2813 -0.3982
vn -0.9143 -0.0372 -0.4034
vn -0.9051 -0.0258 -0.4244
vn 0.7598 0.4984 0.4175
vn -0.8473 0.3118 -0.4301
vn -0.4297 0.8860 -0.1743
vn -0.4299 0.8861 -0.1735
vn 0.2273 0.2699 0.9357
vn 0.2309 0.2720 0.9342
vn 0.2246 0.2349 0.9457
vn 0.2344 0.2663 0.9350
vn 0.5862 -0.7803 0.2178
vn 0.5839 -0.7917 0.1796
vn -0.2775 -0.2799 -0.9191
vn -0.2283 -0.2917 -0.9289
vn -0.2272 -0.2932 -0.9287
vn -0.8885 -0.0443 -0.4568
vn -0.8755 -0.0254 -0.4826
vn -0.8719 -0.0553 -0.4865
vn -0.8752 -0.0717 -0.4783
vn -0.8751 -0.1331 -0.4652
vn -0.8740 -0.1485 -0.4626
vn -0.8617 -0.1874 -0.4715
vn -0.8518 -0.1737 -0.4942
vn -0.1784 -0.2290 -0.9569
vn -0.1942 -0.2627 -0.9451
vn 0.2570 0.2785 0.9254
vn 0.1976 0.1885 0.9620
vn 0.2673 0.0407 0.9627
vn 0.2823 0.0465 0.9582
vn 0.2835 0.0469 0.9578
vn -0.2661 -0.0366 -0.9633
vn -0.2893 -0.0527 -0.9558
vn -0.2914 -0.0542 -0.9551
vn -0.8073 -0.3565 -0.4704
vn -0.8205 -0.3653 -0.4396
vn -0.8071 -0.3564 -0.4707
vn 0.2831 0.0511 0.9577
vn 0.3128 0.0652 0.9476
vn 0.3136 0.0656 0.9473
vn 0.8150 0.3658 0.4494
vn 0.8118 0.3638 0.4568
vn 0.8118 0.3637 0.4569
vn -0.3002 -0.0589 -0.9521
vn -0.2884 -0.0534 -0.9560
vn -0.3005 -0.0591 -0.9519
vn 0.9376 -0.2714 0.2175
vn 0.9319 -0.2640 0.2489
vn 0.9377 -0.2725 0.2154
vn -0.5279 -0.4247 -0.7355
vn -0.5133 -0.4394 -0.7372
vn -0.5141 -0.4397 -0.7364
vn -0.9316 -0.1904 -0.3096
vn -0.9123 -0.2643 -0.3128
vn -0.9131 -0.2665 -0.3086
vn 0.5212 0.4174 0.7444
vn 0.5094 0.4378 0.7409
vn 0.5258 0.4365 0.7301
vn 0.8017 0.5262 0.2835
vn 0.7995 0.5290 0.2844
vn 0.8017 0.5263 0.2835
vn -0.8715 -0.3823 -0.3070
vn -0.7980 -0.5260 -0.2941
vn -0.9065 -0.2883 -0.3083
vn -0.9504 -0.0886 -0.2980
vn -0.9520 -0.0922 -0.2917
vn 0.7993 0.5291 0.2849
vn 0.7972 0.5288 0.2912
vn -0.9240 0.2536 -0.2860
vn -0.6236 0.7659 -0.1567
vn -0.6233 0.7665 -0.1548
vn 0.5304 0.4492 0.7190
vn 0.5352 0.4554 0.7115
vn 0.5260 0.4447 0.7250
vn 0.9227 -0.3088 0.2307
vn 0.9167 -0.3521 0.1890
vn -0.5233 -0.4382 -0.7309
vn -0.5104 -0.4382 -0.7399
vn -0.5343 -0.4496 -0.7158
vn -0.5192 -0.4396 -0.7329
vn -0.9505 -0.1159 -0.2882
vn -0.9471 -0.1465 -0.2855
vn -0.9434 -0.1680 -0.2859
vn -0.9437 -0.1681 -0.2849
vn -0.9399 -0.1888 -0.2845
vn -0.9343 -0.2063 -0.2908
vn -0.9250 -0.2422 -0.2926
vn -0.9200 -0.2441 -0.3066
vn -0.5481 -0.4234 -0.7213
vn -0.5385 -0.4363 -0.7209
vn 0.5587 0.4265 0.7113
vn 0.5585 0.3847 0.7349
vn 0.5800 0.3285 0.7454
vn 0.5493 0.3015 0.7793
vn 0.5836 0.3317 0.7412
vn -0.5253 -0.3029 -0.7952
vn -0.5830 -0.3370 -0.7393
vn -0.5864 -0.3375 -0.7364
vn -0.8360 -0.4592 -0.3003
vn -0.8358 -0.4591 -0.3010
vn 0.5904 0.3481 0.7281
vn 0.4832 0.2779 0.8302
vn 0.5946 0.3509 0.7234
vn 0.8329 0.4724 0.2883
vn 0.8290 0.4700 0.3032
vn 0.8330 0.4725 0.2880
vn -0.5233 -0.3073 -0.7948
vn -0.5800 -0.3445 -0.7382
vn 0.9247 -0.3367 0.1779
vn 0.9276 -0.3389 0.1574
vn 0.9245 -0.3362 0.1799
vn -0.5623 -0.3693 -0.7399
vn -0.5531 -0.3759 -0.7435
vn -0.5569 -0.3529 -0.7519
vn -0.9055 -0.2916 -0.3082
vn -0.8939 -0.3509 -0.2788
vn -0.8951 -0.3380 -0.2908
vn 0.5642 0.3627 0.7417
vn 0.5733 0.3491 0.7412
vn 0.5574 0.3901 0.7329
vn 0.8151 0.4964 0.2988
vn 0.8327 0.4983 0.2416
vn 0.8357 0.4960 0.2358
vn -0.8891 -0.3581 -0.2850
vn -0.8260 -0.4730 -0.3066
vn -0.8847 -0.3766 -0.2746
vn -0.9231 -0.2272 -0.3104
vn -0.9227 -0.2313 -0.3085
vn 0.8018 0.5078 0.3150
vn -0.9481 0.0420 -0.3153
vn -0.5153 0.8429 -0.1551
vn 0.5473 0.3994 0.7355
vn 0.5612 0.4236 0.7110
vn 0.5756 0.3586 0.7349
vn 0.9294 -0.3321 0.1611
vn 0.9297 -0.3231 0.1768
vn -0.5592 -0.4005 -0.7259
vn -0.5533 -0.3949 -0.7334
vn -0.5527 -0.4054 -0.7281
vn -0.5531 -0.4097 -0.7254
vn -0.9201 -0.2478 -0.3033
vn -0.9191 -0.2570 -0.2989
vn -0.9119 -0.2805 -0.2995
vn -0.9077 -0.2860 -0.3070
vn -0.9002 -0.3021 -0.3137
vn -0.8982 -0.2982 -0.3230
vn -0.8980 -0.2941 -0.3273
vn -0.8998 -0.3016 -0.3152
vn -0.5671 -0.4078 -0.7156
vn -0.5686 -0.4003 -0.7186
vn 0.5502 0.4099 0.7275
vn 0.5592 0.4216 0.7138
vn 0.6260 0.2140 0.7499
vn 0.5296 0.1328 0.8378
vn 0.6327 0.2199 0.7425
vn -0.5471 -0.1441 -0.8245
vn -0.6296 -0.2145 -0.7467
vn -0.6355 -0.2197 -0.7402
vn -0.8639 -0.3838 -0.3263
vn -0.8604 -0.3803 -0.3393
vn -0.8639 -0.3838 -0.3261
vn 0.6463 0.2392 0.7247
vn 0.5178 0.1472 0.8428
vn 0.6495 0.2417 0.7209
vn 0.8444 0.3887 0.3687
vn 0.8564 0.3990 0.3276
vn 0.8566 0.3992 0.3270
vn -0.4581 -0.1090 -0.8822
vn -0.6399 -0.2365 -0.7312
vn -0.6444 -0.2398 -0.7261
vn 0.8861 -0.2500 0.3903
vn 0.9017 -0.2016 0.3824
vn 0.8855 -0.2498 0.3919
vn -0.5418 -0.3261 -0.7746
vn -0.5352 -0.3651 -0.7617
vn -0.5517 -0.3236 -0.7687
vn -0.8904 -0.2865 -0.3538
vn -0.8550 -0.3498 -0.3828
vn -0.8562 -0.3531 -0.3771
vn 0.5375 0.3304 0.7759
vn 0.5432 0.3692 0.7541
vn 0.5325 0.3434 0.7737
vn 0.8336 0.4651 0.2978
vn 0.7953 0.4912 0.3553
vn 0.7918 0.4929 0.3606
vn -0.8690 -0.3639 -0.3353
vn -0.8238 -0.4684 -0.3193
vn -0.8629 -0.3789 -0.3344
vn -0.9104 -0.2321 -0.3426
vn -0.9098 -0.2358 -0.3417
vn 0.8048 0.4976 0.3236
vn -0.9319 0.0648 -0.3568
vn -0.5096 0.8427 -0.1737
vn -0.5098 0.8422 -0.1756
vn 0.5138 0.3922 0.7630
vn 0.5142 0.3932 0.7622
vn 0.5393 0.3359 0.7722
vn 0.5461 0.3850 0.7440
vn 0.9060 -0.1879 0.3793
vn 0.9292 -0.0827 0.3601
vn -0.5320 -0.3764 -0.7585
vn -0.5064 -0.3896 -0.7693
vn -0.5178 -0.3935 -0.7596
vn -0.9044 -0.2585 -0.3395
vn -0.9035 -0.2659 -0.3362
vn -0.8997 -0.2851 -0.3305
vn -0.8986 -0.2879 -0.3313
vn -0.8919 -0.3036 -0.3353
vn -0.8887 -0.3018 -0.3451
vn -0.8755 -0.3306 -0.3523
vn -0.8697 -0.3303 -0.3667
vn -0.5229 -0.3865 -0.7597
vn -0.5096 -0.3657 -0.7788
vn 0.5380 0.3985 0.7428
vn 0.5345 0.3915 0.7491
vn 0.6071 0.1329 0.7834
vn 0.4594 0.0184 0.8880
vn 0.6154 0.1398 0.7757
vn -0.4544 -0.0144 -0.8907
vn -0.6118 -0.1365 -0.7792
vn -0.6205 -0.1438 -0.7709
vn -0.8756 -0.3462 -0.3369
vn -0.8789 -0.3507 -0.3232
vn -0.8755 -0.3462 -0.3371
vn 0.6132 0.1507 0.7754
vn 0.3779 -0.0080 0.9258
vn 0.6181 0.1543 0.7708
vn 0.8702 0.3664 0.3294
vn 0.8775 0.3754 0.2985
vn 0.8776 0.3755 0.2981
vn -0.3853 0.0032 -0.9228
vn -0.6242 -0.1591 -0.7648
vn -0.6292 -0.1628 -0.7600
vn -0.3353 0.9267 0.1698
vn -0.2533 0.9284 0.2718
vn -0.3644 0.9225 0.1271
vn -0.2180 0.9275 0.3038
vn -0.1670 0.9124 0.3737
vn -0.1005 0.8974 0.4295
vn -0.0100 0.8448 0.5351
vn -0.0130 0.8582 0.5131
vn 0.0797 0.7875 0.6111
vn 0.0933 0.7929 0.6022
vn 0.2439 0.6439 0.7251
vn 0.2643 0.6393 0.7222
vn 0.3381 0.5341 0.7749
vn 0.3544 0.5330 0.7683
vn 0.3667 0.4962 0.7870
vn 0.4324 0.4193 0.7983
vn 0.4996 0.2815 0.8192
vn 0.5658 0.1658 0.8077
vn 0.5942 0.0666 0.8016
vn 0.6179 0.0313 0.7856
vn 0.6127 0.0122 0.7903
vn 0.6780 -0.2265 0.6993
vn 0.6502 -0.1484 0.7452
vn 0.6873 -0.3660 0.6274
vn 0.6767 -0.3675 0.6380
vn 0.6820 -0.4684 0.5617
vn 0.6613 -0.5856 0.4688
vn 0.6596 -0.6050 0.4460
vn 0.6474 -0.6400 0.4138
vn 0.6085 -0.7341 0.3014
vn 0.5969 -0.7523 0.2788
vn 0.5276 -0.8384 0.1368
vn 0.5237 -0.8420 0.1296
vn 0.4373 -0.8993 -0.0119
vn 0.4358 -0.8998 -0.0211
vn 0.3399 -0.9285 -0.1497
vn 0.3368 -0.9268 -0.1658
vn 0.2162 -0.9281 -0.3032
vn 0.2042 -0.9209 -0.3320
vn 0.1002 -0.8983 -0.4279
vn 0.1219 -0.8987 -0.4212
vn -0.0148 -0.8427 -0.5381
vn -0.0168 -0.8322 -0.5542
vn -0.1629 -0.7367 -0.6563
vn -0.1629 -0.7237 -0.6706
vn -0.1818 -0.7235 -0.6660
vn -0.2190 -0.6661 -0.7130
vn -0.2718 -0.6326 -0.7252
vn -0.3121 -0.5582 -0.7687
vn -0.4341 -0.4193 -0.7973
vn -0.4187 -0.4100 -0.8103
vn -0.4885 -0.2903 -0.8228
vn -0.5050 -0.2970 -0.8104
vn -0.5660 -0.1242 -0.8150
vn -0.5668 -0.1664 -0.8069
vn -0.6176 0.0270 -0.7861
vn -0.6560 0.0995 -0.7482
vn -0.6426 0.1136 -0.7577
vn -0.6818 0.2400 -0.6910
vn -0.6790 0.3113 -0.6648
vn -0.6863 0.3279 -0.6492
vn -0.6763 0.4967 -0.5439
vn -0.6835 0.4702 -0.5583
vn -0.6620 0.5804 -0.4742
vn -0.6588 0.6111 -0.4387
vn -0.6116 0.7252 -0.3163
vn -0.6102 0.7310 -0.3054
vn -0.5545 0.8106 -0.1883
vn -0.5364 0.8305 -0.1498
vn -0.4644 0.8853 -0.0244
vn -0.4457 0.8952 0.0001
vn -0.3211 0.9322 0.1674
vn -0.2076 0.9331 0.2937
vn -0.0792 0.9017 0.4251
vn 0.0283 0.8509 0.5245
vn 0.1395 0.7784 0.6121
vn 0.2856 0.6438 0.7099
vn 0.3745 0.5392 0.7543
vn 0.5233 0.3078 0.7946
vn 0.5021 0.2951 0.8129
vn 0.5828 0.1803 0.7923
vn 0.6323 0.0447 0.7735
vn 0.6855 -0.1746 0.7068
vn 0.6987 -0.3230 0.6384
vn 0.6950 -0.4590 0.5535
vn 0.6654 -0.6060 0.4359
vn 0.6160 -0.7242 0.3100
vn 0.5351 -0.8309 0.1524
vn 0.4435 -0.8963 0.0073
vn 0.3180 -0.9340 -0.1631
vn 0.2177 -0.9345 -0.2816
vn 0.0942 -0.9066 -0.4115
vn -0.0257 -0.8532 -0.5209
vn -0.1368 -0.7804 -0.6102
vn -0.2842 -0.6445 -0.7098
vn -0.3479 -0.5761 -0.7397
vn -0.4333 -0.4657 -0.7716
vn -0.5477 -0.2684 -0.7925
vn -0.6040 -0.1405 -0.7845
vn -0.6347 -0.0420 -0.7716
vn -0.6702 0.1003 -0.7354
vn -0.6989 0.3259 -0.6367
vn -0.6932 0.4717 -0.5450
vn -0.6634 0.6141 -0.4276
vn -0.6078 0.7397 -0.2889
vn -0.5392 0.8271 -0.1585
vn -0.4375 0.8992 0.0037
vn -0.3213 0.9371 0.1362
vn -0.1791 0.9391 0.2933
vn -0.0618 0.9123 0.4049
vn 0.0635 0.8569 0.5116
vn 0.2212 0.7456 0.6286
vn 0.3220 0.6507 0.6877
vn 0.3926 0.5694 0.7222
vn 0.4533 0.4276 0.7821
vn 0.5514 0.3246 0.7685
vn 0.6201 0.1751 0.7647
vn 0.6649 0.0418 0.7458
vn 0.6930 -0.0749 0.7171
vn 0.7194 -0.3081 0.6225
vn 0.7110 -0.4559 0.5354
vn 0.6751 -0.6037 0.4240
vn 0.6159 -0.7319 0.2915
vn 0.5391 -0.8263 0.1630
vn 0.4632 -0.8853 0.0410
vn 0.3546 -0.9283 -0.1122
vn 0.2056 -0.9421 -0.2650
vn 0.0566 -0.9102 -0.4104
vn -0.1129 -0.8267 -0.5512
vn -0.1870 -0.7743 -0.6045
vn -0.2862 -0.6863 -0.6687
vn -0.4068 -0.5480 -0.7308
vn -0.4831 -0.4404 -0.7567
vn -0.5503 -0.3235 -0.7697
vn -0.6072 -0.2005 -0.7689
vn -0.6552 -0.0683 -0.7523
vn -0.7029 0.1274 -0.6998
vn -0.7183 0.2788 -0.6374
vn -0.7135 0.4419 -0.5437
vn -0.6785 0.5967 -0.4285
vn -0.6190 0.7289 -0.2926
vn -0.5275 0.8382 -0.1386
vn -0.4307 0.9025 0.0013
vn -0.2840 0.9454 0.1600
vn -0.1661 0.9466 0.2764
vn -0.0371 0.9182 0.3944
vn 0.1232 0.8436 0.5227
vn 0.2357 0.7647 0.5997
vn 0.3524 0.6557 0.6677
vn 0.4370 0.5562 0.7069
vn 0.4707 0.4628 0.7511
vn 0.5746 0.3385 0.7452
vn 0.6301 0.2182 0.7452
vn 0.6765 0.0889 0.7310
vn 0.7115 -0.0516 0.7008
vn 0.7342 -0.2361 0.6366
vn 0.7280 -0.4015 0.5557
vn 0.6871 -0.5916 0.4218
vn 0.6205 -0.7295 0.2879
vn 0.5356 -0.8302 0.1544
vn 0.4709 -0.8798 0.0647
vn 0.0126 -0.9105 -0.4133
vn -0.1481 -0.8301 -0.5376
vn -0.1765 -0.8117 -0.5568
vn -0.2728 -0.7350 -0.6207
vn -0.4377 -0.5562 -0.7064
vn -0.5112 -0.4510 -0.7317
vn -0.5754 -0.3390 -0.7443
vn -0.6308 -0.2192 -0.7443
vn -0.6770 -0.0900 -0.7305
vn -0.7322 0.1783 -0.6574
vn -0.7372 0.3229 -0.5935
vn -0.7295 0.4147 -0.5439
vn -0.6964 0.5672 -0.4397
vn -0.6297 0.7157 -0.3021
vn -0.5386 0.8275 -0.1588
vn -0.4220 0.9066 -0.0021
vn -0.2655 0.9497 0.1657
vn -0.1620 0.9501 0.2667
vn -0.0287 0.9225 0.3850
vn 0.1564 0.8334 0.5301
vn 0.2545 0.7641 0.5927
vn 0.3514 0.6757 0.6480
vn 0.4512 0.5610 0.6940
vn 0.5103 0.4507 0.7325
vn 0.5880 0.3464 0.7309
vn 0.6422 0.2283 0.7317
vn 0.6869 0.0988 0.7200
vn 0.7260 -0.0688 0.6842
vn 0.7423 -0.2200 0.6330
vn 0.7255 -0.4658 0.5066
vn 0.6842 -0.6083 0.4023
vn 0.6422 -0.6935 0.3265
vn 0.5408 -0.8248 0.1648
vn 0.4225 -0.9062 0.0195
vn 0.0994 -0.9361 -0.3373
vn 0.0047 -0.9144 -0.4049
vn -0.1621 -0.8309 -0.5323
vn -0.2029 -0.8045 -0.5583
vn -0.2969 -0.7287 -0.6171
vn -0.4531 -0.5602 -0.6935
vn -0.5252 -0.4566 -0.7181
vn -0.5883 -0.3462 -0.7308
vn -0.6424 -0.2287 -0.7314
vn -0.6877 -0.1013 -0.7189
vn -0.7390 0.1545 -0.6557
vn -0.7442 0.2975 -0.5981
vn -0.7342 0.4157 -0.5368
vn -0.6973 0.5727 -0.4310
vn -0.6304 0.7158 -0.3003
vn -0.5286 0.8363 -0.1454
vn -0.4143 0.9101 0.0002
vn -0.2594 0.9541 0.1494
vn -0.1064 0.9480 0.3000
vn -0.0061 0.9240 0.3824
vn 0.1203 0.8702 0.4778
vn 0.2915 0.7509 0.5926
vn 0.3501 0.6988 0.6238
vn 0.4342 0.6082 0.6645
vn 0.5252 0.4566 0.7181
vn 0.6007 0.3534 0.7171
vn 0.6535 0.2378 0.7186
vn 0.7157 0.0506 0.6966
vn 0.7424 -0.0876 0.6642
vn 0.7503 -0.1809 0.6358
vn 0.7382 -0.4367 0.5141
vn 0.6946 -0.5923 0.4082
vn 0.6457 -0.6935 0.3196
vn 0.5382 -0.8271 0.1619
vn 0.4032 -0.9151 -0.0022
vn 0.2671 -0.9523 -0.1474
vn 0.2141 -0.9582 -0.1897
vn 0.1333 -0.9527 -0.2731
vn 0.1111 -0.9437 -0.3116
vn 0.0018 -0.9226 -0.3857
vn -0.1834 -0.8318 -0.5239
vn -0.2646 -0.7738 -0.5755
vn -0.3584 -0.6908 -0.6280
vn -0.4710 -0.5641 -0.6782
vn -0.5414 -0.4626 -0.7021
vn -0.6027 -0.3548 -0.7147
vn -0.6555 -0.2396 -0.7162
vn -0.6997 -0.1142 -0.7053
vn -0.7408 0.0739 -0.6676
vn -0.7535 0.2219 -0.6189
vn -0.7486 0.3470 -0.5649
vn -0.7002 0.5784 -0.4185
vn -0.6239 0.7276 -0.2852
vn -0.5346 0.8305 -0.1563
vn -0.4040 0.9148 0.0022
vn -0.2641 0.9560 0.1275
vn -0.1101 0.9544 0.2775
vn 0.0723 0.9009 0.4280
vn 0.1628 0.8556 0.4913
vn 0.2762 0.7794 0.5623
vn 0.4010 0.6618 0.6334
vn 0.4804 0.5665 0.6695
vn 0.5391 0.4619 0.7043
vn 0.6102 0.3593 0.7061
vn 0.6621 0.2449 0.7083
vn 0.7056 0.1199 0.6984
vn 0.7392 -0.0176 0.6733
vn 0.7616 -0.2212 0.6091
vn 0.7505 -0.3878 0.5351
vn 0.7066 -0.5672 0.4231
vn 0.6295 -0.7216 0.2881
vn 0.5448 -0.8204 0.1736
vn 0.3997 -0.9166 0.0024
vn 0.2514 -0.9563 -0.1494
vn 0.1039 -0.9537 -0.2822
vn -0.0339 -0.9180 -0.3952
vn -0.1950 -0.8379 -0.5098
vn -0.3045 -0.7569 -0.5782
vn -0.4041 -0.6622 -0.6310
vn -0.4851 -0.5670 -0.6657
vn -0.5538 -0.4676 -0.6890
vn -0.6137 -0.3620 -0.7017
vn -0.6656 -0.2482 -0.7038
vn -0.7090 -0.1241 -0.6942
vn -0.7440 0.0261 -0.6676
vn -0.7611 0.1768 -0.6241
vn -0.7587 0.3319 -0.5605
vn -0.7118 0.5571 -0.4278
vn -0.6377 0.7098 -0.2992
vn -0.5315 0.8331 -0.1531
vn -0.3945 0.9189 0.0049
vn -0.2365 0.9609 0.1444
vn -0.0760 0.9528 0.2938
vn 0.0439 0.9210 0.3871
vn 0.1696 0.8621 0.4774
vn 0.3227 0.7527 0.5738
vn 0.4173 0.6627 0.6218
vn 0.4957 0.5692 0.6560
vn 0.5498 0.4660 0.6932
vn 0.6223 0.3663 0.6918
vn 0.6730 0.2542 0.6946
vn 0.7156 0.1314 0.6861
vn 0.7480 -0.0046 0.6637
vn 0.7656 -0.1606 0.6230
vn 0.7550 -0.3947 0.5235
vn 0.7125 -0.5616 0.4206
vn 0.6503 -0.6895 0.3191
vn 0.5346 -0.8296 0.1614
vn 0.3876 -0.9218 -0.0032
vn 0.2441 -0.9590 -0.1440
vn 0.0842 -0.9553 -0.2832
vn -0.0479 -0.9214 -0.3856
vn -0.1748 -0.8618 -0.4761
vn -0.3266 -0.7523 -0.5722
vn -0.4193 -0.6630 -0.6202
vn -0.4974 -0.5697 -0.6543
vn -0.5650 -0.4714 -0.6772
vn -0.6235 -0.3677 -0.6899
vn -0.6744 -0.2556 -0.6927
vn -0.7170 -0.1332 -0.6842
vn -0.7494 0.0026 -0.6621
vn -0.7681 0.1549 -0.6213
vn -0.7595 0.3876 -0.5223
vn -0.7163 0.5570 -0.4202
vn -0.6442 0.7023 -0.3029
vn -0.5240 0.8390 -0.1469
vn -0.3927 0.9197 -0.0005
vn -0.2236 0.9627 0.1523
vn -0.0548 0.9539 0.2950
vn 0.1069 0.9020 0.4184
vn 0.1852 0.8631 0.4699
vn 0.2956 0.7904 0.5365
vn 0.4319 0.6637 0.6108
vn 0.5084 0.5719 0.6438
vn 0.5632 0.4710 0.6789
vn 0.6327 0.3748 0.6777
vn 0.6834 0.2619 0.6814
vn 0.7242 0.1408 0.6751
vn 0.7561 0.0064 0.6544
vn 0.7774 -0.2212 0.5889
vn 0.7637 -0.3840 0.5190
vn 0.7368 -0.4966 0.4588
vn 0.6552 -0.6848 0.3189
vn 0.5345 -0.8293 0.1631
vn 0.3785 -0.9256 -0.0057
vn 0.2284 -0.9622 -0.1483
vn 0.0716 -0.9568 -0.2816
vn -0.1070 -0.9021 -0.4181
vn -0.1735 -0.8699 -0.4616
vn -0.2830 -0.7998 -0.5294
vn -0.4315 -0.6639 -0.6108
vn -0.5082 -0.5719 -0.6439
vn -0.5745 -0.4752 -0.6664
vn -0.6322 -0.3726 -0.6793
vn -0.6821 -0.2622 -0.6826
vn -0.7239 -0.1413 -0.6752
vn -0.7561 -0.0065 -0.6545
vn -0.7776 0.2393 -0.5814
vn -0.7598 0.4033 -0.5099
vn -0.7377 0.4933 -0.4610
vn -0.6448 0.7020 -0.3022
vn -0.5267 0.8360 -0.1536
vn -0.3821 0.9241 0.0028
vn -0.2155 0.9632 0.1608
vn -0.0324 0.9518 0.3050
vn 0.0785 0.9192 0.3859
vn 0.2036 0.8576 0.4724
vn 0.3464 0.7544 0.5576
vn 0.4414 0.6643 0.6032
vn 0.5171 0.5735 0.6354
vn 0.5747 0.4753 0.6662
vn 0.5410 0.5421 0.6430
vn 0.7178 0.1907 0.6696
vn 0.7519 0.0681 0.6557
vn 0.7618 0.0143 0.6477
vn 0.7800 -0.1372 0.6106
vn 0.7754 -0.3124 0.5488
vn 0.7285 -0.5336 0.4296
vn 0.6454 -0.7022 0.3007
vn 0.5428 -0.8218 0.1735
vn 0.3815 -0.9244 0.0010
vn 0.2191 -0.9641 -0.1502
vn 0.0349 -0.9524 -0.3027
vn -0.0614 -0.9263 -0.3716
vn -0.1864 -0.8686 -0.4592
vn -0.3484 -0.7533 -0.5578
vn -0.4418 -0.6643 -0.6029
vn -0.5175 -0.5734 -0.6352
vn -0.5827 -0.4781 -0.6572
vn -0.6398 -0.3765 -0.6700
vn -0.6888 -0.2679 -0.6736
vn -0.7301 -0.1484 -0.6670
vn -0.7620 -0.0148 -0.6474
vn -0.7791 0.1413 -0.6108
vn -0.7648 0.3969 -0.5076
vn -0.7173 0.5644 -0.4085
vn -0.6639 0.6721 -0.3278
vn -0.5427 0.8219 -0.1730
vn -0.3836 0.9235 -0.0023
vn -0.2105 0.9644 0.1602
vn -0.0257 0.9523 0.3040
vn 0.1249 0.9023 0.4126
vn 0.1778 0.8777 0.4451
vn 0.2838 0.8129 0.5086
vn 0.4496 0.6648 0.5966
vn 0.5249 0.5748 0.6277
vn 0.5884 0.4811 0.6499
vn 0.6024 0.4448 0.6628
vn 0.6935 0.2721 0.6671
vn 0.7357 0.1530 0.6598
vn 0.7680 0.0234 0.6400
vn 0.7866 -0.1260 0.6044
vn 0.7716 -0.3978 0.4964
vn 0.7211 -0.5659 0.3996
vn 0.6735 -0.6605 0.3319
vn 0.5468 -0.8194 0.1719
vn 0.3819 -0.9242 0.0006
vn 0.2108 -0.9652 -0.1547
vn 0.0262 -0.9528 -0.3026
vn -0.1272 -0.9023 -0.4120
vn -0.2136 -0.8588 -0.4656
vn -0.3253 -0.7837 -0.5291
vn -0.4525 -0.6649 -0.5943
vn -0.5261 -0.5756 -0.6260
vn -0.5902 -0.4813 -0.6480
vn -0.6470 -0.3809 -0.6606
vn -0.6956 -0.2738 -0.6642
vn -0.7368 -0.1559 -0.6579
vn -0.7688 -0.0237 -0.6391
vn -0.7878 0.1257 -0.6029
vn -0.7784 0.3577 -0.5159
vn -0.7366 0.5260 -0.4253
vn -0.6749 0.6599 -0.3302
vn -0.5469 0.8197 -0.1701
vn -0.3868 0.9222 -0.0032
vn -0.2097 0.9642 0.1621
vn -0.0317 0.9517 0.3055
vn 0.1215 0.9021 0.4140
vn 0.2045 0.8602 0.4672
vn 0.3143 0.7869 0.5310
vn 0.4468 0.6647 0.5987
vn 0.5230 0.5745 0.6296
vn 0.6455 0.3805 0.6622
vn 0.6440 0.3794 0.6643
vn 0.6948 0.2736 0.6651
vn 0.7365 0.1562 0.6582
vn 0.7690 0.0251 0.6388
vn 0.7883 -0.1230 0.6028
vn 0.7875 -0.2919 0.5429
vn 0.7444 -0.5127 0.4278
vn 0.6607 -0.6892 0.2974
vn 0.5588 -0.8110 0.1732
vn 0.3911 -0.9203 -0.0018
vn 0.2383 -0.9612 -0.1392
vn 0.0703 -0.9592 -0.2739
vn -0.1236 -0.9022 -0.4132
vn -0.2522 -0.8319 -0.4943
vn -0.3588 -0.7522 -0.5526
vn -0.4509 -0.6649 -0.5955
vn -0.4880 -0.6240 -0.6103
vn -0.5574 -0.5347 -0.6351
vn -0.6484 -0.3822 -0.6584
vn -0.6975 -0.2756 -0.6615
vn -0.7391 -0.1585 -0.6547
vn -0.7834 0.0401 -0.6202
vn -0.7942 0.1866 -0.5783
vn -0.7886 0.2908 -0.5418
vn -0.7565 0.4705 -0.4542
vn -0.6812 0.6539 -0.3291
vn -0.5426 0.8254 -0.1559
vn -0.3818 0.9242 0.0094
vn -0.2201 0.9622 0.1605
vn -0.0398 0.9510 0.3067
vn 0.0583 0.9255 0.3742
vn 0.1891 0.8678 0.4595
vn 0.3550 0.7517 0.5559
vn 0.4464 0.6646 0.5991
vn 0.5233 0.5745 0.6294
vn 0.5884 0.4804 0.6504
vn 0.6467 0.3809 0.6608
vn 0.6961 0.2747 0.6633
vn 0.7381 0.1577 0.6559
vn 0.7709 0.0275 0.6364
vn 0.7908 -0.1197 0.6003
vn 0.7908 -0.2850 0.5417
vn 0.7601 -0.4663 0.4525
vn 0.6658 -0.6843 0.2972
vn 0.5420 -0.8277 0.1453
vn 0.3977 -0.9175 -0.0017
vn 0.2110 -0.9626 -0.1699
vn 0.0446 -0.9525 -0.3014
vn -0.1193 -0.9022 -0.4145
vn -0.2267 -0.8470 -0.4809
vn -0.3358 -0.7702 -0.5422
vn -0.4489 -0.6647 -0.5972
vn -0.5254 -0.5749 -0.6273
vn -0.5915 -0.4822 -0.6462
vn -0.6500 -0.3827 -0.6565
vn -0.6993 -0.2769 -0.6590
vn -0.7411 -0.1610 -0.6518
vn -0.7733 -0.0291 -0.6334
vn -0.7925 0.1169 -0.5985
vn -0.7928 0.2819 -0.5404
vn -0.7628 0.4623 -0.4522
vn -0.6810 0.6609 -0.3153
vn -0.5522 0.8189 -0.1563
vn -0.4024 0.9155 -0.0008
vn -0.2160 0.9632 0.1602
vn -0.0679 0.9582 0.2778
vn 0.0841 0.9186 0.3862
vn 0.2530 0.8327 0.4926
vn 0.3630 0.7509 0.5516
vn 0.4535 0.6649 0.5935
vn 0.5299 0.5755 0.6229
vn 0.5892 0.4806 0.6496
vn 0.6523 0.3843 0.6534
vn 0.7014 0.2791 0.6558
vn 0.7432 0.1638 0.6487
vn 0.7760 0.0349 0.6298
vn 0.7960 -0.1088 0.5955
vn 0.7969 -0.2732 0.5388
vn 0.7670 -0.4566 0.4509
vn 0.6926 -0.6433 0.3262
vn 0.5722 -0.8013 0.1749
vn 0.4017 -0.9157 -0.0009
vn 0.2347 -0.9608 -0.1475
vn 0.0625 -0.9574 -0.2818
vn -0.1258 -0.9023 -0.4124
vn -0.2575 -0.8317 -0.4919
vn -0.3658 -0.7514 -0.5491
vn -0.4571 -0.6653 -0.5903
vn -0.5334 -0.5760 -0.6194
vn -0.5984 -0.4837 -0.6387
vn -0.6550 -0.3862 -0.6495
vn -0.7042 -0.2812 -0.6519
vn -0.7447 -0.1672 -0.6461
vn -0.7767 -0.0375 -0.6288
vn -0.7970 0.1078 -0.5943
vn -0.7977 0.2744 -0.5369
vn -0.7676 0.4571 -0.4493
vn -0.6945 0.6404 -0.3278
vn -0.5708 0.8029 -0.1719
vn -0.4012 0.9160 0.0014
vn -0.2206 0.9619 0.1617
vn -0.0390 0.9507 0.3075
vn 0.1151 0.9026 0.4147
vn 0.2478 0.8320 0.4964
vn 0.3571 0.7511 0.5553
vn 0.4482 0.6647 0.5977
vn 0.5252 0.5749 0.6274
vn 0.5952 0.4827 0.6424
vn 0.6489 0.3822 0.6579
vn 0.6984 0.2770 0.6600
vn 0.7405 0.1613 0.6524
vn 0.7738 0.0317 0.6326
vn 0.7942 -0.1138 0.5969
vn 0.7953 -0.2779 0.5388
vn 0.7662 -0.4575 0.4512
vn 0.6966 -0.6364 0.3314
vn 0.5752 -0.7989 0.1757
vn 0.4062 -0.9138 -0.0011
vn 0.2198 -0.9611 -0.1673
vn 0.0444 -0.9517 -0.3038
vn -0.1179 -0.9023 -0.4147
vn -0.2503 -0.8320 -0.4951
vn -0.3599 -0.7511 -0.5535
vn -0.4510 -0.6649 -0.5954
vn -0.5278 -0.5753 -0.6249
vn -0.5937 -0.4820 -0.6444
vn -0.6509 -0.3836 -0.6551
vn -0.6604 -0.3618 -0.6581
vn -0.7103 -0.2505 -0.6578
vn -0.7753 -0.0339 -0.6307
vn -0.7956 0.1119 -0.5953
vn -0.7965 0.2762 -0.5378
vn -0.7515 0.5114 -0.4168
vn -0.6721 0.6795 -0.2942
vn -0.5706 0.8032 -0.1712
vn -0.4037 0.9149 0.0017
vn -0.2274 0.9603 0.1618
vn -0.0488 0.9500 0.3083
vn 0.1068 0.9019 0.4185
vn 0.2384 0.8320 0.5009
vn 0.3479 0.7510 0.5612
vn 0.4396 0.6641 0.6047
vn 0.5174 0.5733 0.6353
vn 0.5912 0.4814 0.6471
vn 0.6422 0.3788 0.6664
vn 0.6935 0.2726 0.6669
vn 0.7368 0.1563 0.6578
vn 0.7701 0.0261 0.6374
vn 0.7904 -0.1201 0.6007
vn 0.7914 -0.2807 0.5430
vn 0.7630 -0.4594 0.4547
vn 0.6909 -0.6441 0.3284
vn 0.5744 -0.7994 0.1763
vn 0.4050 -0.9143 -0.0028
vn 0.2229 -0.9604 -0.1669
vn 0.0454 -0.9506 -0.3072
vn -0.1111 -0.9023 -0.4166
vn -0.2434 -0.8321 -0.4984
vn -0.3529 -0.7512 -0.5578
vn -0.4444 -0.6646 -0.6006
vn -0.5197 -0.5754 -0.6316
vn -0.5861 -0.4801 -0.6527
vn -0.6445 -0.3795 -0.6637
vn -0.6952 -0.2748 -0.6643
vn -0.7382 -0.1598 -0.6554
vn -0.7715 -0.0302 -0.6355
vn -0.7922 0.1175 -0.5989
vn -0.7930 0.2820 -0.5400
vn -0.7600 0.4723 -0.4464
vn -0.6899 0.6443 -0.3301
vn -0.5694 0.8037 -0.1729
vn -0.4058 0.9140 0.0018
vn -0.2248 0.9609 0.1618
vn -0.0474 0.9503 0.3078
vn 0.1072 0.9021 0.4180
vn 0.2382 0.8322 0.5007
vn 0.3474 0.7511 0.5613
vn 0.4389 0.6642 0.6051
vn 0.5166 0.5732 0.6361
vn 0.5842 0.4787 0.6554
vn 0.6412 0.3779 0.6678
vn 0.6522 0.3536 0.6705
vn 0.7024 0.2415 0.6695
vn 0.7682 0.0234 0.6398
vn 0.7883 -0.1236 0.6028
vn 0.7888 -0.2850 0.5446
vn 0.7597 -0.4638 0.4559
vn 0.6867 -0.6483 0.3289
vn 0.5828 -0.7895 0.1925
vn 0.4131 -0.9106 0.0085
vn 0.2228 -0.9606 -0.1664
vn 0.0470 -0.9508 -0.3063
vn -0.1074 -0.9033 -0.4153
vn -0.2407 -0.8326 -0.4988
vn -0.3520 -0.7501 -0.5600
vn -0.4419 -0.6646 -0.6025
vn -0.4702 -0.6349 -0.6130
vn -0.5409 -0.5465 -0.6394
vn -0.6428 -0.3792 -0.6656
vn -0.6930 -0.2716 -0.6678
vn -0.7350 -0.1552 -0.6601
vn -0.7680 -0.0250 -0.6400
vn -0.7883 0.1234 -0.6028
vn -0.7900 0.1933 -0.5819
vn -0.7765 0.3797 -0.5029
vn -0.6884 0.6454 -0.3312
vn -0.5668 0.8055 -0.1730
vn -0.3990 0.9170 0.0058
vn -0.2224 0.9624 0.1556
vn -0.0492 0.9499 0.3086
vn 0.1027 0.9018 0.4197
vn 0.2321 0.8322 0.5036
vn 0.3406 0.7510 0.5657
vn 0.4320 0.6635 0.6108
vn 0.5097 0.5719 0.6428
vn 0.5831 0.4784 0.6565
vn 0.6350 0.3740 0.6760
vn 0.6853 0.2652 0.6782
vn 0.6990 0.2256 0.6786
vn 0.7406 0.0935 0.6654
vn 0.7811 -0.1320 0.6103
vn 0.7811 -0.2965 0.5496
vn 0.7506 -0.4776 0.4567
vn 0.6788 -0.6559 0.3302
vn 0.5633 -0.8070 0.1772
vn 0.4025 -0.9154 0.0016
vn 0.2215 -0.9606 -0.1677
vn 0.0328 -0.9460 -0.3224
vn -0.1217 -0.8930 -0.4334
vn -0.2321 -0.8323 -0.5033
vn -0.3409 -0.7514 -0.5650
vn -0.4324 -0.6639 -0.6101
vn -0.5103 -0.5724 -0.6419
vn -0.5603 -0.5052 -0.6563
vn -0.6226 -0.4054 -0.6693
vn -0.6880 -0.2674 -0.6747
vn -0.7303 -0.1485 -0.6667
vn -0.7629 -0.0180 -0.6463
vn -0.7822 0.1301 -0.6093
vn -0.7818 0.2976 -0.5479
vn -0.7512 0.4783 -0.4549
vn -0.6799 0.6542 -0.3312
vn -0.5736 0.7965 -0.1912
vn -0.4070 0.9134 -0.0078
vn -0.1930 0.9660 0.1721
vn -0.0488 0.9501 0.3082
vn 0.1009 0.9019 0.4200
vn 0.2286 0.8323 0.5049
vn 0.3363 0.7510 0.5682
vn 0.4271 0.6633 0.6145
vn 0.5046 0.5710 0.6476
vn 0.5766 0.4758 0.6642
vn 0.6300 0.3706 0.6825
vn 0.6801 0.2604 0.6853
vn 0.7225 0.1389 0.6773
vn 0.7183 0.1428 0.6809
vn 0.7540 -0.0072 0.6569
vn 0.7720 -0.3129 0.5532
vn 0.7408 -0.4879 0.4618
vn 0.6684 -0.6646 0.3339
vn 0.5475 -0.8189 0.1721
vn 0.3923 -0.9198 -0.0000
vn 0.1988 -0.9630 -0.1819
vn 0.0478 -0.9506 -0.3068
vn -0.1015 -0.9029 -0.4178
vn -0.2301 -0.8327 -0.5036
vn -0.3395 -0.7501 -0.5675
vn -0.4289 -0.6638 -0.6127
vn -0.5065 -0.5715 -0.6456
vn -0.5733 -0.4749 -0.6677
vn -0.6316 -0.3732 -0.6795
vn -0.6823 -0.2634 -0.6820
vn -0.7245 -0.1430 -0.6743
vn -0.7393 -0.0844 -0.6681
vn -0.7673 0.0622 -0.6383
vn -0.7742 0.3072 -0.5534
vn -0.7400 0.4909 -0.4597
vn -0.6667 0.6677 -0.3311
vn -0.5516 0.8150 -0.1773
vn -0.3779 0.9258 0.0134
vn -0.1965 0.9660 0.1677
vn -0.0450 0.9504 0.3078
vn 0.1014 0.9018 0.4201
vn 0.2250 0.8334 0.5048
vn 0.3307 0.7510 0.5715
vn 0.4184 0.6624 0.6214
vn 0.4955 0.5690 0.6562
vn 0.5716 0.4739 0.6699
vn 0.6208 0.3653 0.6936
vn 0.6726 0.2554 0.6946
vn 0.7166 0.1329 0.6847
vn 0.7485 -0.0028 0.6632
vn 0.7542 -0.0532 0.6545
vn 0.7650 -0.2303 0.6015
vn 0.7297 -0.5015 0.4648
vn 0.6567 -0.6753 0.3357
vn 0.5359 -0.8265 0.1723
vn 0.3798 -0.9251 -0.0038
vn 0.1834 -0.9640 -0.1924
vn 0.0513 -0.9510 -0.3048
vn -0.0960 -0.9033 -0.4181
vn -0.2258 -0.8333 -0.5046
vn -0.3353 -0.7507 -0.5693
vn -0.4253 -0.6624 -0.6166
vn -0.5015 -0.5707 -0.6502
vn -0.5681 -0.4731 -0.6734
vn -0.6264 -0.3689 -0.6867
vn -0.6745 -0.2587 -0.6915
vn -0.7158 -0.1333 -0.6855
vn -0.7488 0.0028 -0.6628
vn -0.7528 0.0361 -0.6573
vn -0.7677 0.2076 -0.6063
vn -0.7293 0.5051 -0.4615
vn -0.6548 0.6777 -0.3346
vn -0.5368 0.8253 -0.1754
vn -0.3757 0.9267 0.0046
vn -0.2090 0.9646 0.1607
vn -0.0498 0.9499 0.3086
vn 0.0910 0.9020 0.4221
vn 0.3168 0.7486 0.5824
vn 0.4125 0.6513 0.6369
vn 0.4061 0.6615 0.6305
vn 0.4834 0.5665 0.6673
vn 0.5623 0.4708 0.6798
vn 0.6093 0.3585 0.7072
vn 0.5967 0.3796 0.7070
vn 0.6510 0.2602 0.7131
vn 0.7347 -0.0200 0.6781
vn 0.7517 -0.1748 0.6360
vn 0.7506 -0.2751 0.6008
vn 0.7281 -0.4561 0.5117
vn 0.6390 -0.6919 0.3361
vn 0.5216 -0.8355 0.1728
vn 0.3699 -0.9290 -0.0047
vn 0.1890 -0.9640 -0.1868
vn 0.0575 -0.9505 -0.3055
vn -0.0837 -0.9052 -0.4166
vn -0.2881 -0.7767 -0.5601
vn -0.3916 -0.6797 -0.6202
vn -0.4110 -0.6613 -0.6274
vn -0.4873 -0.5680 -0.6633
vn -0.5543 -0.4680 -0.6882
vn -0.5603 -0.4541 -0.6927
vn -0.6185 -0.3467 -0.7052
vn -0.7054 -0.1197 -0.6987
vn -0.7352 0.0193 -0.6776
vn -0.7510 0.1745 -0.6368
vn -0.7513 0.2571 -0.6078
vn -0.7301 0.4495 -0.5147
vn -0.6378 0.6930 -0.3362
vn -0.5337 0.8238 -0.1912
vn -0.3750 0.9270 -0.0033
vn -0.2057 0.9652 0.1616
vn -0.0537 0.9496 0.3087
vn 0.1314 0.8751 0.4658
vn 0.2514 0.7956 0.5512
vn 0.3076 0.7508 0.5845
vn 0.3967 0.6604 0.6375
vn 0.4736 0.5641 0.6764
vn 0.5506 0.4660 0.6926
vn 0.5949 0.3502 0.7235
vn 0.6457 0.2312 0.7277
vn 0.6585 0.1877 0.7288
vn 0.6969 0.0397 0.7160
vn 0.7317 -0.2033 0.6506
vn 0.7276 -0.3668 0.5797
vn 0.7098 -0.4698 0.5249
vn 0.6456 -0.6567 0.3898
vn 0.5078 -0.8433 0.1763
vn 0.3631 -0.9318 -0.0012
vn 0.2037 -0.9639 -0.1716
vn 0.0620 -0.9503 -0.3052
vn -0.1909 -0.8358 -0.5148
vn -0.3100 -0.7399 -0.5970
vn -0.3016 -0.7502 -0.5884
vn -0.3919 -0.6599 -0.6411
vn -0.4703 -0.5648 -0.6781
vn -0.5379 -0.4616 -0.7054
vn -0.5975 -0.3542 -0.7194
vn -0.6495 -0.2367 -0.7225
vn -0.6317 -0.2718 -0.7260
vn -0.6808 -0.1356 -0.7198
vn -0.7371 0.1966 -0.6466
vn -0.7314 0.3489 -0.5859
vn -0.6977 0.5289 -0.4832
vn -0.6160 0.7141 -0.3325
vn -0.5187 0.8323 -0.1954
vn -0.3598 0.9330 0.0014
vn -0.2013 0.9663 0.1605
vn -0.0424 0.9453 0.3235
vn 0.0939 0.8911 0.4439
vn 0.1903 0.8317 0.5216
vn 0.2911 0.7495 0.5946
vn 0.3788 0.6584 0.6505
vn 0.4554 0.5602 0.6920
vn 0.5394 0.4591 0.7059
vn 0.6382 0.2108 0.7405
vn 0.6321 0.2203 0.7429
vn 0.6741 0.0846 0.7338
vn 0.6967 -0.0175 0.7171
vn 0.7156 -0.1810 0.6746
vn 0.7168 -0.3030 0.6280
vn 0.6925 -0.4875 0.5317
vn 0.5973 -0.7277 0.3371
vn 0.5021 -0.8428 0.1939
vn 0.3549 -0.9349 0.0057
vn 0.2052 -0.9655 -0.1604
vn -0.0029 -0.9315 -0.3638
vn -0.1404 -0.8667 -0.4786
vn -0.1957 -0.8322 -0.5189
vn -0.2958 -0.7493 -0.5924
vn -0.4696 -0.5425 -0.6966
vn -0.5372 -0.4341 -0.7231
vn -0.5268 -0.4573 -0.7165
vn -0.5854 -0.3452 -0.7336
vn -0.6360 -0.2235 -0.7386
vn -0.6775 -0.0964 -0.7292
vn -0.6800 -0.0733 -0.7295
vn -0.7110 0.0855 -0.6980
vn -0.7142 0.3865 -0.5835
vn -0.6878 0.5103 -0.5163
vn -0.6223 0.6839 -0.3808
vn -0.5026 0.8422 -0.1949
vn -0.3542 0.9352 -0.0049
vn -0.1945 0.9666 0.1667
vn -0.0130 0.9335 0.3583
vn 0.1139 0.8724 0.4753
vn 0.1779 0.8313 0.5266
vn 0.2764 0.7487 0.6025
vn 0.3632 0.6565 0.6611
vn 0.4395 0.5564 0.7051
vn 0.5904 0.3291 0.7370
vn 0.5684 0.3320 0.7528
vn 0.6200 0.2105 0.7558
vn 0.6613 0.0739 0.7465
vn 0.6699 0.0324 0.7417
vn 0.6961 -0.1288 0.7063
vn 0.6994 -0.3718 0.6105
vn 0.6692 -0.5425 0.5079
vn 0.5832 -0.7384 0.3385
vn 0.4935 -0.8465 0.1997
vn 0.3410 -0.9401 0.0003
vn 0.1511 -0.9647 -0.2155
vn -0.0015 -0.9315 -0.3638
vn -0.0725 -0.9016 -0.4265
vn -0.2634 -0.7675 -0.5845
vn -0.3646 -0.6654 -0.6513
vn -0.3762 -0.6580 -0.6523
vn -0.4500 -0.5579 -0.6973
vn -0.5137 -0.4523 -0.7291
vn -0.5724 -0.3369 -0.7476
vn -0.5677 -0.3357 -0.7517
vn -0.6198 -0.2038 -0.7578
vn -0.6915 0.0740 -0.7185
vn -0.6905 0.0811 -0.7187
vn -0.7036 0.2642 -0.6596
vn -0.6573 0.5792 -0.4822
vn -0.6065 0.6964 -0.3836
vn -0.5050 0.8341 -0.2219
vn -0.3306 0.9437 0.0140
vn -0.1751 0.9634 0.2032
vn -0.0382 0.9380 0.3446
vn 0.0589 0.8971 0.4380
vn 0.1692 0.8253 0.5388
vn 0.2574 0.7473 0.6127
vn 0.3435 0.6535 0.6745
vn 0.4197 0.5513 0.7210
vn 0.5074 0.4490 0.7354
vn 0.5465 0.3214 0.7733
vn 0.5972 0.1923 0.7787
vn 0.6365 0.0669 0.7683
vn 0.6678 -0.0835 0.7396
vn 0.6751 -0.1650 0.7191
vn 0.6774 -0.3470 0.6486
vn 0.6603 -0.4882 0.5706
vn 0.6108 -0.6597 0.4379
vn 0.4833 -0.8512 0.2048
vn 0.3397 -0.9405 0.0028
vn 0.2058 -0.9653 -0.1607
vn 0.0407 -0.9386 -0.3427
vn -0.0784 -0.8845 -0.4599
vn -0.1612 -0.8336 -0.5283
vn -0.3381 -0.6639 -0.6670
vn -0.4126 -0.5617 -0.7171
vn -0.4220 -0.5528 -0.7186
vn -0.4897 -0.4423 -0.7514
vn -0.4924 -0.4314 -0.7559
vn -0.5542 -0.3136 -0.7711
vn -0.6419 -0.0594 -0.7644
vn -0.6694 0.1002 -0.7361
vn -0.6796 0.1944 -0.7074
vn -0.6800 0.3731 -0.6312
vn -0.6589 0.5069 -0.5558
vn -0.5994 0.6864 -0.4118
vn -0.4808 0.8520 -0.2073
vn -0.3412 0.9400 -0.0070
vn -0.1934 0.9639 0.1832
vn -0.0677 0.9414 0.3304
vn 0.0891 0.8642 0.4952
vn 0.1946 0.7823 0.5918
vn 0.2350 0.7444 0.6250
vn 0.3180 0.6494 0.6908
vn 0.3941 0.5447 0.7403
vn 0.4872 0.4406 0.7540
vn 0.5222 0.3072 0.7956
vn 0.5747 0.1757 0.7993
vn 0.5848 0.1434 0.7984
vn 0.6240 -0.0134 0.7813
vn 0.6591 -0.2846 0.6961
vn 0.6532 -0.4145 0.6337
vn 0.6238 -0.5825 0.5212
vn 0.5780 -0.7071 0.4074
vn 0.4990 -0.8269 0.2593
vn 0.3416 -0.9398 0.0104
vn 0.1994 -0.9635 -0.1785
vn 0.0732 -0.9434 -0.3236
vn -0.0364 -0.8980 -0.4385
vn -0.2235 -0.7568 -0.6143
vn -0.3185 -0.6523 -0.6878
vn -0.3228 -0.6496 -0.6883
vn -0.3963 -0.5458 -0.7383
vn -0.4646 -0.4316 -0.7732
vn -0.5258 -0.3119 -0.7913
vn -0.5215 -0.3178 -0.7918
vn -0.5764 -0.1807 -0.7970
vn -0.6489 0.1201 -0.7513
vn -0.6587 0.2413 -0.7127
vn -0.6526 0.4225 -0.6289
vn -0.6328 0.5447 -0.5503
vn -0.5733 0.7136 -0.4027
vn -0.4687 0.8589 -0.2066
vn -0.3396 0.9405 -0.0100
vn -0.1992 0.9646 0.1729
vn -0.0796 0.9369 0.3404
vn 0.0376 0.8813 0.4711
vn 0.1656 0.7821 0.6007
vn 0.2592 0.6860 0.6799
vn 0.2937 0.6450 0.7055
vn 0.4389 0.4203 0.7942
vn 0.4620 0.4305 0.7754
vn 0.4994 0.2938 0.8150
vn 0.5213 0.2389 0.8192
vn 0.5699 0.0933 0.8164
vn 0.6240 -0.1443 0.7680
vn 0.6327 -0.2540 0.7316
vn 0.6348 -0.4168 0.6506
vn 0.6161 -0.5527 0.5612
vn 0.5866 -0.6542 0.4775
vn 0.4716 -0.8528 0.2243
vn 0.3262 -0.9452 -0.0145
vn 0.2095 -0.9619 -0.1757
vn 0.0447 -0.9241 -0.3795
vn -0.0710 -0.8617 -0.5024
vn -0.1190 -0.8296 -0.5456
vn -0.2262 -0.7293 -0.6457
vn -0.3068 -0.6320 -0.7116
vn -0.3734 -0.5388 -0.7552
vn -0.4419 -0.4223 -0.7915
vn -0.5080 -0.2830 -0.8135
vn -0.5530 -0.1710 -0.8154
vn -0.5944 -0.0390 -0.8032
vn -0.6002 0.0037 -0.7998
vn -0.6294 0.1760 -0.7569
vn -0.6353 0.4036 -0.6584
vn -0.6099 0.5710 -0.5495
vn -0.5573 0.7253 -0.4042
vn -0.4703 0.8522 -0.2293
vn -0.3258 0.9454 0.0113
vn -0.2065 0.9621 0.1779
vn -0.0818 0.9266 0.3671
vn 0.0340 0.8639 0.5025
vn 0.1050 0.8118 0.5744
vn 0.2011 0.7199 0.6644
vn 0.2677 0.6398 0.7204
vn 0.3702 0.5377 0.7575
vn 0.4144 0.4098 0.8126
vn 0.4759 0.2802 0.8336
vn 0.5171 0.1773 0.8374
vn 0.5625 0.0287 0.8263
vn 0.5795 -0.0513 0.8134
vn 0.6064 -0.2213 0.7637
vn 0.6164 -0.3521 0.7043
vn 0.6043 -0.5314 0.5937
vn 0.5298 -0.7688 0.3581
vn 0.4546 -0.8674 0.2026
vn 0.3464 -0.9380 0.0102
vn 0.1927 -0.9559 -0.2215
vn 0.0667 -0.9203 -0.3854
vn -0.0204 -0.8753 -0.4831
vn -0.1229 -0.7974 -0.5907
vn -0.1860 -0.7399 -0.6464
vn -0.2726 -0.6406 -0.7179
vn -0.3489 -0.5316 -0.7718
vn -0.4185 -0.4121 -0.8093
vn -0.4800 -0.2818 -0.8308
vn -0.5315 -0.1433 -0.8349
vn -0.5523 -0.0655 -0.8311
vn -0.5920 0.0893 -0.8010
vn -0.6002 0.1551 -0.7847
vn -0.6147 0.3365 -0.7134
vn -0.5954 0.5803 -0.5557
vn -0.5512 0.7185 -0.4243
vn -0.4435 0.8774 -0.1828
vn -0.3327 0.9430 0.0099
vn -0.2312 0.9554 0.1835
vn -0.1317 0.9302 0.3427
vn -0.0270 0.8788 0.4764
vn 0.0873 0.7882 0.6092
vn 0.1754 0.6944 0.6979
vn 0.2278 0.6297 0.7427
vn 0.3447 0.5301 0.7747
vn 0.3757 0.3925 0.8395
vn 0.4398 0.2592 0.8599
vn 0.4699 0.1843 0.8633
vn 0.5184 0.0328 0.8545
vn 0.5651 -0.1446 0.8122
vn 0.5876 -0.3129 0.7462
vn 0.5882 -0.3906 0.7081
vn 0.5815 -0.5558 0.5940
vn 0.5287 -0.7515 0.3945
vn 0.4700 -0.8494 0.2401
vn 0.3495 -0.9369 -0.0043
vn 0.2306 -0.9515 -0.2036
vn 0.1131 -0.9215 -0.3714
vn -0.0102 -0.8505 -0.5258
vn -0.1127 -0.7616 -0.6382
vn -0.1766 -0.6964 -0.6956
vn -0.2603 -0.5874 -0.7663
vn -0.3081 -0.5185 -0.7976
vn -0.3794 -0.3944 -0.8370
vn -0.4146 -0.3193 -0.8521
vn -0.4746 -0.1788 -0.8618
vn -0.5434 0.0343 -0.8388
vn -0.5455 0.0596 -0.8360
vn -0.5784 0.2264 -0.7838
vn -0.5918 0.4076 -0.6954
vn -0.5815 0.5463 -0.6028
vn -0.5207 0.7707 -0.3673
vn -0.4479 0.8732 -0.1920
vn -0.3476 0.9376 0.0043
vn -0.2579 0.9479 0.1870
vn -0.1612 0.9235 0.3482
vn -0.0095 0.8315 0.5555
vn 0.0938 0.7364 0.6700
vn 0.1252 0.7026 0.7005
vn 0.2108 0.5949 0.7757
vn 0.3043 0.5170 0.8001
vn 0.3445 0.3783 0.8592
vn 0.3923 0.2786 0.8766
vn 0.4518 0.1337 0.8820
vn 0.5144 -0.0557 0.8557
vn 0.5093 -0.0512 0.8591
vn 0.5458 -0.2163 0.8095
vn 0.5726 -0.4797 0.6649
vn 0.5661 -0.5582 0.6066
vn 0.5306 -0.7330 0.4256
vn 0.4577 -0.8650 0.2059
vn 0.3675 -0.9300 0.0062
vn 0.2709 -0.9469 -0.1730
vn 0.1403 -0.9149 -0.3785
vn 0.0375 -0.8546 -0.5179
vn -0.0479 -0.7831 -0.6200
vn -0.1395 -0.6884 -0.7118
vn -0.1965 -0.6226 -0.7575
vn -0.2745 -0.5064 -0.8175
vn -0.3474 -0.3791 -0.8577
vn -0.4137 -0.2436 -0.8772
vn -0.4720 -0.0975 -0.8762
vn -0.4933 -0.0142 -0.8697
vn -0.5332 0.1476 -0.8330
vn -0.5532 0.2658 -0.7895
vn -0.5655 0.4041 -0.7190
vn -0.5541 0.6508 -0.5191
vn -0.5264 0.7441 -0.4113
vn -0.4788 0.8353 -0.2703
vn -0.3679 0.9298 -0.0081
vn -0.2688 0.9410 0.2058
vn -0.1834 0.9194 0.3479
vn -0.0596 0.8481 0.5264
vn 0.0388 0.7643 0.6437
vn 0.0848 0.7194 0.6894
vn 0.1710 0.6151 0.7697
vn 0.2715 0.5056 0.8189
vn 0.3257 0.3693 0.8704
vn 0.3928 0.2310 0.8902
vn 0.4511 0.0849 0.8884
vn 0.4636 0.0403 0.8851
vn 0.5107 -0.1149 0.8520
vn 0.5536 -0.3405 0.7600
vn 0.5545 -0.3920 0.7341
vn 0.5583 -0.5873 0.5860
vn 0.5213 -0.7569 0.3941
vn 0.4777 -0.8413 0.2531
vn 0.3742 -0.9273 -0.0052
vn 0.2898 -0.9425 -0.1662
vn 0.1601 -0.9106 -0.3809
vn 0.0574 -0.8498 -0.5240
vn 0.0049 -0.8094 -0.5872
vn -0.1946 -0.5778 -0.7926
vn -0.2745 -0.4505 -0.8496
vn -0.2560 -0.4989 -0.8280
vn -0.3279 -0.3736 -0.8677
vn -0.3913 -0.2329 -0.8903
vn -0.3658 -0.2760 -0.8888
vn -0.4309 -0.1291 -0.8931
vn -0.5093 0.1127 -0.8532
vn -0.5435 0.2755 -0.7929
vn -0.5638 0.5387 -0.6261
vn -0.5519 0.6251 -0.5520
vn -0.5233 0.7505 -0.4035
vn -0.4600 0.8654 -0.1988
vn -0.3697 0.9291 0.0130
vn -0.2932 0.9330 0.2087
vn -0.1743 0.8918 0.4176
vn -0.0989 0.8450 0.5255
vn -0.0317 0.7893 0.6132
vn 0.0588 0.6983 0.7133
vn 0.1332 0.6026 0.7868
vn 0.2513 0.4981 0.8299
vn 0.2876 0.3512 0.8910
vn 0.3574 0.2100 0.9101
vn 0.4105 0.0914 0.9073
vn 0.4674 -0.0630 0.8818
vn 0.4897 -0.1438 0.8599
vn 0.5257 -0.3092 0.7925
vn 0.5458 -0.4820 0.6854
vn 0.5460 -0.5617 0.6217
vn 0.5230 -0.7482 0.4083
vn 0.4717 -0.8556 0.2131
vn 0.4011 -0.9158 0.0198
vn 0.2842 -0.9313 -0.2280
vn 0.1860 -0.8977 -0.3994
vn 0.1121 -0.8560 -0.5047
vn 0.0169 -0.7780 -0.6280
vn -0.0496 -0.7162 -0.6961
vn -0.2556 -0.4423 -0.8597
vn -0.3205 -0.3105 -0.8949
vn -0.2856 -0.3799 -0.8798
vn -0.4286 -0.0695 -0.9008
vn -0.4592 0.0215 -0.8881
vn -0.5041 0.1834 -0.8439
vn -0.5145 0.2426 -0.8224
vn -0.5397 0.4178 -0.7309
vn -0.5407 0.6737 -0.5038
vn -0.5266 0.7266 -0.4414
vn -0.4868 0.8282 -0.2778
vn -0.3964 0.9180 -0.0112
vn -0.3353 0.9221 0.1933
vn -0.2430 0.8846 0.3979
vn -0.1573 0.8291 0.5365
vn -0.1026 0.7821 0.6146
vn 0.0473 0.6005 0.7982
vn 0.1377 0.4765 0.8683
vn 0.2111 0.4828 0.8499
vn 0.2262 0.3212 0.9196
vn 0.3015 0.1791 0.9365
vn 0.3103 0.1610 0.9369
vn 0.3732 0.0075 0.9277
vn 0.4450 -0.1788 0.8775
vn 0.4887 -0.3323 0.8067
vn 0.5256 -0.5569 0.6431
vn 0.5265 -0.6198 0.5819
vn 0.5198 -0.7298 0.4441
vn 0.4790 -0.8533 0.2058
vn 0.4139 -0.9102 -0.0176
vn 0.3346 -0.9177 -0.2144
vn 0.2535 -0.8912 -0.3762
vn 0.1484 -0.8197 -0.5532
vn 0.0550 -0.7293 -0.6819
vn -0.0785 -0.5673 -0.8197
vn -0.1592 -0.4292 -0.8891
vn -0.1440 -0.4564 -0.8780
vn -0.2077 -0.5062 -0.8371
vn -0.3015 -0.1832 -0.9357
vn -0.2877 -0.2042 -0.9357
vn -0.3618 -0.0524 -0.9308
vn -0.4394 0.1617 -0.8836
vn -0.4854 0.3196 -0.8138
vn -0.5207 0.5000 -0.6920
vn -0.5221 0.5823 -0.6231
vn -0.5153 0.7372 -0.4371
vn -0.4742 0.8588 -0.1940
vn -0.4109 0.9115 0.0165
vn -0.3516 0.9123 0.2101
vn -0.2900 0.8870 0.3594
vn -0.1747 0.8033 0.5693
vn -0.0915 0.7180 0.6900
vn -0.0543 0.6786 0.7325
vn 0.0815 0.4896 0.8681
vn 0.1494 0.4563 0.8772
vn 0.1962 0.3054 0.9318
vn 0.2217 0.2531 0.9417
vn 0.2956 0.1043 0.9496
vn 0.4020 -0.1419 0.9046
vn 0.4130 -0.1819 0.8924
vn 0.4421 -0.2738 0.8541
vn 0.5055 -0.5336 0.6781
vn 0.5163 -0.6460 0.5623
vn 0.5132 -0.7373 0.4393
vn 0.4832 -0.8499 0.2100
vn 0.4337 -0.9010 0.0097
vn 0.3484 -0.9082 -0.2318
vn 0.2387 -0.8529 -0.4643
vn 0.1894 -0.8186 -0.5423
vn 0.1087 -0.7439 -0.6594
vn 0.0264 -0.6473 -0.7618
vn -0.0340 -0.5670 -0.8230
vn -0.1155 -0.4425 -0.8893
vn -0.2263 -0.3194 -0.9202
vn -0.1967 -0.3053 -0.9317
vn -0.2728 -0.1594 -0.9488
vn -0.3424 -0.0134 -0.9395
vn -0.3824 0.0847 -0.9201
vn -0.4355 0.2371 -0.8684
vn -0.4666 0.3555 -0.8099
vn -0.4710 0.3826 -0.7948
vn -0.5085 0.5737 -0.6421
vn -0.5103 0.7695 -0.3840
vn -0.4794 0.8577 -0.1855
vn -0.4306 0.9025 0.0028
vn -0.3781 0.9088 0.1764
vn -0.2860 0.8625 0.4176
vn -0.2100 0.8012 0.5603
vn -0.0816 0.6582 0.7484
vn 0.0059 0.5423 0.8402
vn -0.0017 0.5523 0.8337
vn 0.1655 0.3555 0.9199
vn 0.0794 0.4259 0.9013
vn 0.2387 0.1401 0.9609
vn 0.3095 -0.0073 0.9509
vn 0.2957 0.0168 0.9551
vn 0.3586 -0.1372 0.9233
vn 0.4397 -0.3513 0.8266
vn 0.4734 -0.4858 0.7348
vn 0.5068 -0.6846 0.5239
vn 0.5049 -0.7701 0.3899
vn 0.4870 -0.8422 0.2313
vn 0.4374 -0.8992 -0.0103
vn 0.3738 -0.9037 -0.2090
vn 0.3077 -0.8773 -0.3683
vn 0.1840 -0.7729 -0.6073
vn 0.0954 -0.6732 -0.7333
vn 0.0843 -0.6676 -0.7397
vn -0.0478 -0.4807 -0.8756
vn -0.1320 -0.3409 -0.9308
vn -0.1674 -0.2891 -0.9425
vn -0.1949 -0.2355 -0.9521
vn -0.2719 -0.0854 -0.9585
vn -0.3037 -0.0106 -0.9527
vn -0.3717 0.1503 -0.9161
vn -0.4544 0.4010 -0.7955
vn -0.4669 0.4475 -0.7627
vn -0.5049 0.6412 -0.5779
vn -0.5024 0.7818 -0.3693
vn -0.4833 0.8475 -0.2195
vn -0.4397 0.8981 -0.0104
vn -0.3763 0.8880 0.2641
vn -0.3256 0.8552 0.4034
vn -0.2682 0.8040 0.5308
vn -0.1653 0.6857 0.7089
vn -0.0273 0.4916 0.8704
vn 0.0217 0.4139 0.9101
vn 0.1121 0.2644 0.9579
vn 0.1614 0.2872 0.9442
vn 0.1953 0.1160 0.9739
vn 0.1979 0.1030 0.9748
vn 0.2712 -0.0518 0.9611
vn 0.3725 -0.2983 0.8788
vn 0.3759 -0.3164 0.8710
vn 0.4434 -0.5120 0.7357
vn 0.4738 -0.6509 0.5931
vn 0.4868 -0.7389 0.4659
vn 0.4803 -0.8537 0.2012
vn 0.4493 -0.8934 0.0077
vn 0.3867 -0.8905 -0.2397
vn 0.3081 -0.8393 -0.4481
vn 0.2658 -0.8057 -0.5294
vn 0.1760 -0.7028 -0.6892
vn 0.0985 -0.5963 -0.7967
vn 0.0518 -0.5352 -0.8431
vn -0.0746 -0.3341 -0.9396
vn -0.1523 -0.1895 -0.9700
vn -0.1922 -0.1137 -0.9747
vn -0.2671 0.0402 -0.9628
vn -0.2980 0.1097 -0.9482
vn -0.3365 0.1948 -0.9213
vn -0.4206 0.4194 -0.8045
vn -0.4429 0.4998 -0.7444
vn -0.4666 0.6070 -0.6434
vn -0.4889 0.7710 -0.4081
vn -0.4784 0.8570 -0.1915
vn -0.4428 0.8963 0.0250
vn -0.4186 0.8902 0.1799
vn -0.3228 0.8146 0.4820
vn -0.2533 0.7334 0.6308
vn -0.2416 0.7275 0.6421
vn -0.1673 0.6321 0.7566
vn 0.0828 0.2409 0.9670
vn 0.0275 0.4016 0.9154
vn -0.0028 0.3749 0.9271
vn 0.0771 0.2318 0.9697
vn 0.2337 -0.0595 0.9705
vn 0.2970 -0.2016 0.9333
vn 0.3559 -0.3509 0.8661
vn 0.3444 -0.3368 0.8763
vn 0.3904 -0.4611 0.7969
vn 0.4709 -0.7159 0.5156
vn 0.4775 -0.7696 0.4239
vn 0.4783 -0.8416 0.2508
vn 0.4538 -0.8911 -0.0034
vn 0.4147 -0.8905 -0.1871
vn 0.3429 -0.8409 -0.4186
vn 0.2509 -0.7366 -0.6281
vn 0.2127 -0.6930 -0.6889
vn 0.1659 -0.6336 -0.7557
vn 0.0535 -0.4618 -0.8854
vn -0.0280 -0.3211 -0.9466
vn -0.0718 -0.2394 -0.9683
vn -0.1144 -0.1568 -0.9810
vn -0.1932 -0.0032 -0.9812
vn -0.2965 0.2172 -0.9300
vn -0.3236 0.2844 -0.9024
vn -0.3357 0.3213 -0.8855
vn -0.3909 0.4606 -0.7969
vn -0.4636 0.6832 -0.5642
vn -0.4798 0.7966 -0.3678
vn -0.4765 0.8498 -0.2252
vn -0.4567 0.8894 -0.0207
vn -0.4217 0.8689 0.2592
vn -0.3682 0.8259 0.4270
vn -0.3330 0.7898 0.5150
vn -0.2486 0.6654 0.7039
vn -0.1787 0.5528 0.8139
vn -0.0024 0.3806 0.9247
vn -0.0550 0.3574 0.9323
vn 0.0296 0.2156 0.9760
vn 0.1055 0.0658 0.9922
vn 0.1330 -0.0018 0.9911
vn 0.2118 -0.1509 0.9656
vn 0.3160 -0.3630 0.8766
vn 0.3731 -0.4941 0.7853
vn 0.3854 -0.5337 0.7527
vn 0.4195 -0.6389 0.6448
vn 0.4640 -0.7771 0.4253
vn 0.4747 -0.8564 0.2031
vn 0.4608 -0.8875 -0.0036
vn 0.4131 -0.8661 -0.2815
vn 0.3560 -0.8074 -0.4705
vn 0.3266 -0.7796 -0.5344
vn 0.2377 -0.6556 -0.7168
vn 0.1648 -0.5406 -0.8250
vn 0.1354 -0.4956 -0.8579
vn 0.0535 -0.3586 -0.9320
vn -0.0292 -0.2156 -0.9760
vn -0.1115 -0.0656 -0.9916
vn -0.1293 -0.0236 -0.9913
vn -0.2068 0.1350 -0.9690
vn -0.2958 0.3293 -0.8967
vn -0.3565 0.4707 -0.8071
vn -0.3720 0.5073 -0.7774
vn -0.4101 0.6111 -0.6770
vn -0.4609 0.7719 -0.4379
vn -0.4740 0.8530 -0.2185
vn -0.4596 0.8880 0.0147
vn -0.4460 0.8764 0.1817
vn -0.3943 0.8121 0.4302
vn -0.2930 0.6580 0.6936
vn -0.2583 0.6075 0.7511
vn -0.2489 0.5951 0.7642
vn -0.1416 0.4901 0.8601
vn -0.0970 0.3302 0.9389
vn -0.0184 0.1886 0.9819
vn 0.0604 0.0417 0.9973
vn 0.1420 -0.1085 0.9839
vn 0.1335 -0.1000 0.9860
vn 0.2097 -0.2530 0.9445
vn 0.3028 -0.4344 0.8483
vn 0.3525 -0.5445 0.7611
vn 0.4337 -0.7324 0.5249
vn 0.4529 -0.7890 0.4152
vn 0.4689 -0.8479 0.2473
vn 0.4677 -0.8839 -0.0018
vn 0.4472 -0.8756 -0.1825
vn 0.4043 -0.8266 -0.3915
vn 0.2933 -0.6607 -0.6910
vn 0.2465 -0.5845 -0.7731
vn 0.2509 -0.5916 -0.7662
vn 0.1428 -0.4117 -0.9001
vn 0.0614 -0.2666 -0.9619
vn 0.0199 -0.1879 -0.9820
vn -0.0201 -0.1088 -0.9939
vn -0.1037 0.0429 -0.9937
vn -0.1193 0.0739 -0.9901
vn -0.1989 0.2310 -0.9524
vn -0.3212 0.4796 -0.8166
vn -0.3565 0.5554 -0.7513
vn -0.4294 0.7188 -0.5468
vn -0.4597 0.8073 -0.3700
vn -0.4696 0.8531 -0.2275
vn -0.4679 0.8837 -0.0121
vn -0.4567 0.8616 0.2218
vn -0.4284 0.8227 0.3737
vn -0.3798 0.7483 0.5439
vn -0.3224 0.6541 0.6842
vn -0.1546 0.3607 0.9198
vn -0.1750 0.4677 0.8664
vn -0.1330 0.3164 0.9392
vn -0.0483 0.1608 0.9858
vn 0.0290 0.0057 0.9996
vn 0.0388 -0.0295 0.9988
vn 0.1205 -0.1831 0.9757
vn 0.2205 -0.3729 0.9013
vn 0.2604 -0.4495 0.8545
vn 0.3572 -0.6310 0.6886
vn 0.3966 -0.7157 0.5749
vn 0.4287 -0.7802 0.4555
vn 0.4661 -0.8543 0.2299
vn 0.4757 -0.8796 0.0077
vn 0.4629 -0.8626 -0.2041
vn 0.4261 -0.8034 -0.4158
vn 0.3959 -0.7458 -0.5358
vn 0.3315 -0.6291 -0.7031
vn 0.2513 -0.5084 -0.8237
vn 0.2143 -0.4555 -0.8640
vn 0.1379 -0.3140 -0.9394
vn 0.0571 -0.1662 -0.9844
vn -0.0266 -0.0155 -0.9995
vn -0.1108 0.1380 -0.9842
vn -0.1390 0.1936 -0.9712
vn -0.2214 0.3474 -0.9112
vn -0.3041 0.5087 -0.8054
vn -0.3338 0.5708 -0.7502
vn -0.3773 0.6609 -0.6487
vn -0.4395 0.7933 -0.4213
vn -0.4695 0.8627 -0.1879
vn -0.4728 0.8811 0.0131
vn -0.4835 0.8398 0.2469
vn -0.4189 0.7336 0.5351
vn -0.3485 0.5981 0.7216
vn -0.2865 0.4798 0.8293
vn -0.2320 0.4933 0.8383
vn -0.2592 0.4233 0.8681
vn -0.1855 0.2855 0.9403
vn 0.0367 -0.1337 0.9903
vn 0.0044 -0.0577 0.9983
vn 0.1453 -0.3118 0.9390
vn 0.1902 -0.3972 0.8978
vn 0.1947 -0.4061 0.8929
vn 0.3047 -0.5963 0.7427
vn 0.4012 -0.7579 0.5145
vn 0.4341 -0.8123 0.3894
vn 0.4629 -0.8566 0.2279
vn 0.4801 -0.8772 -0.0009
vn 0.4770 -0.8567 -0.1964
vn 0.4376 -0.7754 -0.4552
vn 0.4096 -0.7186 -0.5620
vn 0.3489 -0.5965 -0.7228
vn 0.0957 -0.1121 -0.9891
vn 0.1847 -0.2872 -0.9399
vn 0.1043 -0.1385 -0.9848
vn 0.0209 0.0144 -0.9997
vn 0.0122 0.0371 -0.9992
vn -0.0707 0.1898 -0.9793
vn -0.1688 0.3604 -0.9174
vn -0.2462 0.4949 -0.8334
vn -0.3201 0.6224 -0.7142
vn -0.3538 0.6817 -0.6404
vn -0.4252 0.7980 -0.4271
vn -0.4656 0.8603 -0.2076
vn -0.4808 0.8768 0.0005
vn -0.4707 0.7855 0.4017
vn -0.4345 0.7836 0.4441
vn -0.4436 0.7149 0.5404
vn -0.4003 0.6127 0.6814
vn -0.3607 0.5302 0.7673
vn -0.2315 0.2854 0.9300
vn -0.1516 0.1329 0.9795
vn -0.1328 0.1075 0.9853
vn 0.0617 -0.1696 0.9836
vn -0.0426 -0.0506 0.9978
vn 0.1181 -0.3253 0.9382
vn 0.1707 -0.4082 0.8968
vn 0.1853 -0.4365 0.8804
vn 0.2930 -0.6197 0.7281
vn 0.3745 -0.7463 0.5503
vn 0.4179 -0.8052 0.4208
vn 0.4610 -0.8587 0.2237
vn 0.4833 -0.8755 0.0027
vn 0.4814 -0.8427 -0.2410
vn 0.4538 -0.7681 -0.4517
vn 0.4411 -0.7342 -0.5161
vn 0.3745 -0.5895 -0.7157
vn 0.1261 -0.1420 -0.9818
vn 0.2929 -0.4060 -0.8656
vn 0.2263 -0.2614 -0.9383
vn 0.1473 -0.1126 -0.9827
vn 0.0639 0.0394 -0.9972
vn 0.0466 0.0698 -0.9965
vn -0.1784 0.4478 -0.8761
vn -0.2539 0.5726 -0.7795
vn -0.2632 0.5827 -0.7689
vn -0.3078 0.6515 -0.6934
vn -0.4254 0.8207 -0.3814
vn -0.4665 0.8648 -0.1858
vn -0.4865 0.8736 -0.0059
vn -0.4913 0.8378 0.2379
vn -0.4912 0.7868 0.3738
vn -0.4453 0.6593 0.6059
vn -0.4076 0.5514 0.7279
vn -0.3947 0.5087 0.7651
vn -0.3361 0.3807 0.8614
vn -0.2485 0.2112 0.9453
vn -0.1825 0.0922 0.9789
vn -0.1125 -0.0329 0.9931
vn -0.1174 0.1036 0.9877
vn -0.0142 -0.2079 0.9780
vn -0.0157 -0.2127 0.9770
vn 0.0731 -0.3568 0.9313
vn 0.2149 -0.5772 0.7878
vn 0.2952 -0.6882 0.6627
vn 0.3274 -0.7236 0.6076
vn 0.3798 -0.7870 0.4862
vn 0.4559 -0.8603 0.2284
vn 0.4911 -0.8711 0.0072
vn 0.5046 -0.8451 -0.1767
vn 0.4904 -0.7634 -0.4204
vn 0.4673 -0.6930 -0.5490
vn 0.4226 -0.5702 -0.7045
vn 0.3063 -0.4539 -0.8368
vn 0.3641 -0.4361 -0.8229
vn 0.3350 -0.3773 -0.8634
vn 0.2639 -0.2381 -0.9347
vn 0.1857 -0.0890 -0.9786
vn 0.1020 0.0623 -0.9928
vn 0.0094 0.2134 -0.9769
vn -0.0409 0.2202 -0.9746
vn -0.0234 0.2579 -0.9659
vn -0.2049 0.5438 -0.8138
vn -0.2566 0.6215 -0.7402
vn -0.3237 0.7141 -0.6207
vn -0.4091 0.8153 -0.4098
vn -0.4651 0.8660 -0.1837
vn -0.4920 0.8705 0.0111
vn -0.4917 0.8454 0.2084
vn -0.5040 0.7573 0.4153
vn -0.4234 0.5001 0.7554
vn -0.4152 0.4984 0.7611
vn -0.3581 0.3639 0.8598
vn -0.2594 0.1668 0.9513
vn -0.2101 0.0722 0.9750
vn -0.1587 -0.0247 0.9870
vn -0.0422 -0.2291 0.9725
vn 0.0024 -0.3109 0.9505
vn 0.0909 -0.4513 0.8877
vn 0.1306 -0.5034 0.8541
vn 0.2210 -0.6245 0.7491
vn 0.3343 -0.7632 0.5530
vn 0.3888 -0.8165 0.4267
vn 0.4537 -0.8630 0.2223
vn 0.4985 -0.8669 -0.0050
vn 0.5174 -0.8262 -0.2227
vn 0.5079 -0.7412 -0.4389
vn 0.4963 -0.6893 -0.5279
vn 0.4691 -0.6114 -0.6372
vn 0.3674 -0.3870 -0.8457
vn 0.2999 -0.2450 -0.9220
vn 0.2908 -0.2202 -0.9311
vn 0.2136 -0.0718 -0.9743
vn 0.0013 0.2970 -0.9549
vn -0.0831 0.4302 -0.8989
vn -0.1047 0.4552 -0.8842
vn -0.1063 0.3953 -0.9124
vn -0.1890 0.5757 -0.7955
vn -0.2327 0.6352 -0.7365
vn -0.2995 0.7151 -0.6316
vn -0.3978 0.8203 -0.4109
vn -0.4599 0.8651 -0.2001
vn -0.4970 0.8677 0.0068
vn -0.5141 0.8173 0.2603
vn -0.5267 0.7301 0.4353
vn -0.5126 0.6722 0.5342
vn -0.3673 0.3390 0.8661
vn -0.3975 0.3739 0.8380
vn -0.3323 0.2288 0.9150
vn -0.3209 0.2005 0.9256
vn -0.2427 0.0522 0.9687
vn -0.0854 -0.2201 0.9717
vn -0.0041 -0.3601 0.9329
vn 0.0148 -0.3807 0.9246
vn 0.0635 -0.4474 0.8921
vn 0.1511 -0.5681 0.8089
vn 0.2315 -0.6707 0.7047
vn 0.2943 -0.7388 0.6063
vn 0.4008 -0.8379 0.3705
vn 0.4567 -0.8665 0.2017
vn 0.4991 -0.8665 0.0115
vn 0.5260 -0.8190 -0.2290
vn 0.5262 -0.7515 -0.3979
vn 0.5127 -0.6774 -0.5276
vn 0.3255 -0.1952 -0.9252
vn 0.3954 -0.3397 -0.8534
vn 0.3274 -0.1962 -0.9243
vn 0.2513 -0.0479 -0.9667
vn 0.1303 0.0784 -0.9884
vn 0.1679 0.1015 -0.9806
vn 0.0233 0.3380 -0.9409
vn -0.0657 0.4761 -0.8769
vn -0.1181 0.5428 -0.8315
vn -0.1796 0.6195 -0.7642
vn -0.3209 0.7758 -0.5434
vn -0.3861 0.8284 -0.4058
vn -0.4511 0.8636 -0.2251
vn -0.5031 0.8642 -0.0053
vn -0.5387 0.8131 0.2206
vn -0.5502 0.7529 0.3611
vn -0.5338 0.6365 0.5567
vn -0.4996 0.5069 0.7024
vn -0.4891 0.5901 0.6423
vn -0.4870 0.4570 0.7443
vn -0.4275 0.3167 0.8467
vn -0.3590 0.1787 0.9161
vn -0.2828 0.0300 0.9587
vn -0.1880 -0.1243 0.9743
vn -0.0981 -0.2580 0.9612
vn -0.0700 -0.2922 0.9538
vn 0.0272 -0.4323 0.9013
vn 0.1496 -0.5948 0.7899
vn 0.2391 -0.6998 0.6732
vn 0.3171 -0.7799 0.5396
vn 0.3870 -0.8325 0.3964
vn 0.4603 -0.8675 0.1887
vn 0.5113 -0.8587 -0.0331
vn 0.5368 -0.8101 -0.2358
vn 0.5407 -0.7518 -0.3774
vn 0.5188 -0.6257 -0.5825
vn 0.3815 -0.3059 -0.8723
vn 0.4736 -0.4445 -0.7604
vn 0.4285 -0.3063 -0.8500
vn 0.3644 -0.1652 -0.9165
vn 0.2903 -0.0202 -0.9567
vn 0.1207 0.2661 -0.9564
vn 0.0806 0.2476 -0.9655
vn 0.0956 0.3041 -0.9478
vn 0.0084 0.4331 -0.9013
vn -0.1230 0.6036 -0.7877
vn -0.2104 0.6966 -0.6860
vn -0.2843 0.7616 -0.5824
vn -0.3413 0.8083 -0.4799
vn -0.4534 0.8678 -0.2034
vn -0.5083 0.8612 -0.0039
vn -0.5400 0.8203 0.1882
vn 0.8608 0.5089 -0.0004
vn 0.8608 0.5089 -0.0003
vn 0.8609 0.5088 -0.0003
vn 0.8609 0.5087 -0.0003
vn 0.8608 0.5090 -0.0004
vn 0.8609 0.5088 -0.0004
vn 0.8609 0.5087 -0.0004
vn 0.8608 0.5090 -0.0003
vn -0.8608 -0.5089 0.0003
vn -0.8608 -0.5089 0.0004
vn -0.8609 -0.5088 0.0003
vn -0.8608 -0.5090 0.0004
vn -0.8609 -0.5088 0.0004
vn -0.8608 -0.5090 0.0002
vn -0.8609 -0.5088 0.0005
vn -0.8608 -0.5089 0.0002
vn -0.8608 -0.5089 0.0005
vn -0.8609 -0.5088 0.0002
vn -0.8608 -0.5090 0.0005
vn -0.8608 -0.5090 0.0003
vn -0.8609 -0.5089 0.0004
vn 0.2588 -0.9057 0.3358
vn 0.2329 -0.9393 0.2521
vn 0.2606 -0.9030 0.3415
vn -0.3735 -0.2850 -0.8828
vn -0.3686 -0.3068 -0.8775
vn -0.3813 -0.2778 -0.8817
vn -0.8967 -0.1673 -0.4098
vn -0.8750 -0.2836 -0.3923
vn -0.8760 -0.2925 -0.3834
vn 0.3683 0.2794 0.8867
vn 0.3844 0.3098 0.8696
vn 0.3697 0.2772 0.8868
vn 0.7937 0.4643 0.3930
vn 0.7745 0.4890 0.4013
vn 0.7726 0.4914 0.4021
vn -0.8569 -0.2985 -0.4202
vn -0.7896 -0.4748 -0.3887
vn -0.8489 -0.3185 -0.4218
vn -0.9052 -0.0825 -0.4170
vn -0.9039 -0.0880 -0.4185
vn 0.7790 0.4973 0.3819
vn -0.8937 0.1926 -0.4052
vn -0.4117 0.8929 -0.1825
vn -0.4116 0.8927 -0.1836
vn 0.3707 0.3338 0.8667
vn 0.3775 0.3372 0.8624
vn 0.3845 0.2786 0.8801
vn 0.3920 0.3237 0.8611
vn 0.2469 -0.9355 0.2528
vn 0.2547 -0.9416 0.2204
vn -0.3598 -0.3101 -0.8800
vn -0.3547 -0.3240 -0.8771
vn -0.3646 -0.3285 -0.8713
vn -0.8974 -0.1302 -0.4216
vn -0.8946 -0.1322 -0.4269
vn -0.8899 -0.1731 -0.4220
vn -0.8865 -0.1806 -0.4261
vn -0.8864 -0.1564 -0.4357
vn -0.8930 -0.1612 -0.4203
vn -0.8944 -0.2204 -0.3893
vn -0.8915 -0.2584 -0.3721
vn -0.3774 -0.3148 -0.8709
vn -0.3539 -0.2835 -0.8913
vn 0.3831 0.3386 0.8594
vn 0.3716 0.3239 0.8700
vn 0.4625 0.1110 0.8796
vn 0.4275 0.0965 0.8989
vn 0.4250 0.0954 0.9001
vn -0.4318 -0.0982 -0.8966
vn -0.4681 -0.1133 -0.8764
vn -0.4292 -0.0971 -0.8980
vn -0.8349 -0.3614 -0.4151
vn -0.8436 -0.3682 -0.3908
vn -0.8348 -0.3613 -0.4154
vn 0.4698 0.1135 0.8754
vn 0.4490 0.1028 0.8876
vn 0.4485 0.1026 0.8879
vn 0.8572 0.3752 0.3528
vn 0.8378 0.3592 0.4111
vn 0.8376 0.3590 0.4119
vn -0.4422 -0.0979 -0.8916
vn -0.4964 -0.1259 -0.8589
vn -0.4408 -0.0972 -0.8923
vn 0.2877 -0.9061 0.3101
vn 0.2704 -0.9215 0.2788
vn 0.2881 -0.9053 0.3122
vn -0.3393 -0.2542 -0.9057
vn -0.3301 -0.2949 -0.8967
vn -0.3310 -0.2650 -0.9057
vn -0.8833 -0.1387 -0.4479
vn -0.8679 -0.2481 -0.4304
vn -0.8718 -0.2458 -0.4238
vn 0.3221 0.2527 0.9124
vn 0.3281 0.2864 0.9002
vn 0.3129 0.2671 0.9115
vn 0.7869 0.4705 0.3993
vn 0.7917 0.4944 0.3589
vn 0.7927 0.4957 0.3549
vn -0.8404 -0.2913 -0.4569
vn -0.7865 -0.4668 -0.4043
vn -0.8293 -0.3105 -0.4646
vn -0.8935 -0.0464 -0.4467
vn -0.9009 -0.0503 -0.4311
vn 0.7811 0.5046 0.3678
vn -0.8668 0.2494 -0.4318
vn -0.4063 0.9001 -0.1572
vn -0.4069 0.9009 -0.1510
vn 0.3145 0.3185 0.8942
vn 0.3268 0.3245 0.8877
vn 0.3431 0.2366 0.9090
vn 0.3281 0.2971 0.8967
vn 0.2076 -0.9467 0.2462
vn 0.1496 -0.9706 0.1884
vn -0.3253 -0.3035 -0.8956
vn -0.3428 -0.3212 -0.8828
vn -0.3519 -0.3247 -0.8779
vn -0.9062 -0.0873 -0.4137
vn -0.9026 -0.1078 -0.4167
vn -0.8916 -0.1496 -0.4275
vn -0.8888 -0.1480 -0.4337
vn -0.8854 -0.1914 -0.4237
vn -0.8856 -0.2154 -0.4114
vn -0.8872 -0.2143 -0.4086
vn -0.8881 -0.2017 -0.4130
vn -0.3455 -0.3207 -0.8819
vn -0.3782 -0.3705 -0.8484
vn 0.3799 0.3155 0.8695
vn 0.3480 0.2725 0.8970
vn 0.4121 0.1014 0.9055
vn 0.3873 0.0915 0.9174
vn 0.3854 0.0908 0.9183
vn -0.3821 -0.0877 -0.9200
vn -0.4122 -0.0997 -0.9056
vn -0.3798 -0.0868 -0.9210
vn -0.8296 -0.3679 -0.4201
vn -0.8392 -0.3748 -0.3941
vn -0.8295 -0.3678 -0.4204
vn 0.4546 0.1209 0.8825
vn 0.3917 0.0897 0.9157
vn 0.3900 0.0888 0.9165
vn 0.8276 0.3605 0.4303
vn 0.8269 0.3600 0.4320
vn -0.3875 -0.0855 -0.9179
vn -0.4386 -0.1109 -0.8918
vn -0.3861 -0.0848 -0.9186
vn 0.3285 -0.9392 0.1002
vn 0.3970 -0.9136 -0.0880
vn 0.3228 -0.9396 0.1141
vn 0.2958 -0.0015 -0.9552
vn 0.2835 0.0205 -0.9587
vn 0.3025 0.0025 -0.9532
vn -0.7575 0.3675 -0.5395
vn -0.7488 0.0807 -0.6579
vn -0.7445 0.0965 -0.6606
vn -0.2835 -0.0691 0.9565
vn -0.2611 -0.0447 0.9643
vn -0.3008 -0.0454 0.9526
vn 0.6056 0.4531 0.6542
vn 0.6854 0.4688 0.5572
vn 0.6994 0.4657 0.5422
vn -0.7793 0.0562 -0.6241
vn -0.5932 -0.4562 -0.6633
vn -0.7909 -0.0062 -0.6119
vn -0.7150 0.4309 -0.5505
vn -0.7101 0.4265 -0.5602
vn 0.6311 0.4730 0.6148
vn -0.6971 0.5701 -0.4347
vn -0.4294 0.8902 -0.1522
vn -0.4278 0.8906 -0.1546
vn -0.2778 0.0051 0.9606
vn -0.2914 -0.0024 0.9566
vn -0.2379 -0.1168 0.9642
vn -0.2714 -0.0141 0.9624
vn 0.4007 -0.9113 -0.0945
vn 0.4463 -0.8734 -0.1949
vn 0.3047 0.0219 -0.9522
vn 0.2766 0.0204 -0.9608
vn 0.2602 0.0146 -0.9654
vn -0.7118 0.3869 -0.5863
vn -0.7795 0.3023 -0.5486
vn -0.8408 0.1721 -0.5133
vn -0.8392 0.1638 -0.5186
vn -0.7908 0.1860 -0.5832
vn -0.7283 0.2586 -0.6346
vn -0.7295 0.2160 -0.6490
vn -0.7333 0.2048 -0.6483
vn 0.2935 0.0202 -0.9557
vn 0.3167 -0.0183 -0.9484
vn -0.3330 0.0054 0.9429
vn -0.2878 -0.0984 0.9526
vn -0.2296 -0.1290 0.9647
vn -0.2469 -0.1379 0.9592
vn -0.2295 -0.1290 0.9647
vn 0.2309 0.1303 -0.9642
vn 0.2198 0.1276 -0.9672
vn 0.2331 0.1309 -0.9636
vn -0.6298 -0.3213 -0.7072
vn -0.6290 -0.3209 -0.7080
vn -0.6298 -0.3213 -0.7071
vn -0.2077 -0.1204 0.9708
vn -0.2599 -0.1453 0.9546
vn 0.6041 0.2990 0.7386
vn 0.6312 0.3123 0.7100
vn 0.6316 0.3126 0.7095
vn 0.2540 0.1460 -0.9561
vn 0.2261 0.1349 -0.9647
vn 0.2557 0.1467 -0.9556
vn -0.3368 -0.9383 0.0779
vn -0.0504 -0.8658 0.4979
vn -0.3463 -0.9361 0.0610
vn -0.4857 -0.3093 -0.8175
vn -0.4874 -0.3435 -0.8027
vn -0.4968 -0.3034 -0.8131
vn -0.8931 -0.2559 -0.3699
vn -0.8615 -0.3298 -0.3859
vn -0.8624 -0.3324 -0.3819
vn 0.4939 0.3147 0.8106
vn 0.4850 0.3465 0.8029
vn 0.4899 0.3350 0.8048
vn 0.8204 0.4650 0.3326
vn 0.8014 0.4901 0.3429
vn 0.7998 0.4921 0.3438
vn -0.8692 -0.3506 -0.3488
vn -0.8177 -0.4705 -0.3316
vn -0.8662 -0.3656 -0.3407
vn -0.8999 -0.1711 -0.4011
vn -0.9016 -0.1787 -0.3939
vn 0.8042 0.4980 0.3245
vn -0.9243 0.0808 -0.3731
vn -0.4993 0.8490 -0.1732
vn -0.4992 0.8492 -0.1721
vn 0.4753 0.3668 0.7997
vn 0.4799 0.3685 0.7962
vn 0.4910 0.3172 0.8114
vn 0.4759 0.3531 0.8055
vn -0.0779 -0.8688 0.4890
vn -0.0636 -0.8511 0.5211
vn -0.4850 -0.3555 -0.7990
vn -0.4825 -0.3747 -0.7917
vn -0.4871 -0.3767 -0.7879
vn -0.9030 -0.2103 -0.3747
vn -0.9035 -0.2259 -0.3643
vn -0.8960 -0.2527 -0.3652
vn -0.8944 -0.2577 -0.3656
vn -0.8890 -0.2819 -0.3610
vn -0.8870 -0.2851 -0.3632
vn -0.8767 -0.3116 -0.3665
vn -0.8723 -0.3120 -0.3764
vn -0.4946 -0.3785 -0.7824
vn -0.4872 -0.3708 -0.7907
vn 0.5121 0.3831 0.7687
vn 0.5123 0.3519 0.7834
vn 0.6315 0.1610 0.7585
vn 0.5584 0.1156 0.8215
vn 0.5489 0.1210 0.8271
vn -0.5560 -0.1230 -0.8220
vn -0.6392 -0.1637 -0.7515
vn -0.5505 -0.1204 -0.8261
vn -0.8625 -0.3589 -0.3568
vn -0.8707 -0.3676 -0.3268
vn -0.8624 -0.3588 -0.3572
vn 0.6367 0.1654 0.7532
vn 0.5575 0.1118 0.8226
vn 0.8898 0.3810 0.2511
vn 0.8684 0.3531 0.3483
vn 0.8680 0.3527 0.3494
vn -0.5634 -0.1127 -0.8184
vn -0.6784 -0.1831 -0.7115
vn -0.5607 -0.1111 -0.8206
vn 0.9543 -0.2168 0.2054
vn 0.9542 -0.2206 0.2020
vn 0.9543 -0.2168 0.2056
vn -0.5600 -0.4070 -0.7216
vn -0.5469 -0.4237 -0.7221
vn -0.5539 -0.4069 -0.7263
vn -0.9273 -0.2323 -0.2935
vn -0.9030 -0.3057 -0.3020
vn -0.9036 -0.3075 -0.2981
vn 0.5430 0.3949 0.7410
vn 0.5728 0.3593 0.7367
vn 0.5441 0.4084 0.7329
vn 0.8287 0.4850 0.2793
vn 0.8197 0.5171 0.2462
vn 0.8242 0.5133 0.2390
vn -0.8716 -0.3892 -0.2982
vn -0.8136 -0.5020 -0.2934
vn -0.8134 -0.5010 -0.2955
vn -0.8954 -0.3306 -0.2982
vn -0.9416 -0.1638 -0.2943
vn -0.9438 -0.1667 -0.2853
vn 0.8114 0.5274 0.2521
vn -0.9427 0.1907 -0.2737
vn -0.6406 0.7492 -0.1685
vn -0.6412 0.7476 -0.1731
vn 0.5465 0.4344 0.7160
vn 0.5308 0.4527 0.7165
vn 0.6046 0.3545 0.7133
vn 0.9523 -0.2314 0.1990
vn 0.9492 -0.2443 0.1982
vn -0.5370 -0.4214 -0.7308
vn -0.5335 -0.3972 -0.7467
vn -0.5480 -0.4474 -0.7068
vn -0.5152 -0.4085 -0.7535
vn -0.9431 -0.1829 -0.2778
vn -0.9387 -0.2015 -0.2797
vn -0.9303 -0.2302 -0.2856
vn -0.9264 -0.2377 -0.2919
vn -0.9226 -0.2552 -0.2892
vn -0.9224 -0.2575 -0.2878
vn -0.9168 -0.2762 -0.2884
vn -0.9120 -0.2844 -0.2955
vn -0.5767 -0.4131 -0.7048
vn -0.5678 -0.4190 -0.7086
vn 0.5329 0.4288 0.7295
vn 0.5404 0.4008 0.7398
vn 0.6157 0.2995 0.7288
vn 0.5448 0.2375 0.8042
vn 0.6221 0.3053 0.7209
vn -0.5379 -0.2349 -0.8096
vn -0.6181 -0.3049 -0.7246
vn -0.6253 -0.3114 -0.7156
vn -0.8497 -0.4327 -0.3013
vn -0.8458 -0.4302 -0.3155
vn -0.8497 -0.4328 -0.3011
vn 0.6258 0.3182 0.7121
vn 0.5266 0.2502 0.8125
vn 0.6291 0.3205 0.7082
vn 0.8418 0.4503 0.2978
vn 0.8226 0.4355 0.3657
vn 0.8421 0.4505 0.2964
vn -0.5095 -0.2451 -0.8248
vn -0.6106 -0.3135 -0.7273
vn -0.6139 -0.3158 -0.7235
vn 0.8140 -0.4784 0.3294
vn 0.7789 -0.5630 0.2764
vn 0.8132 -0.4756 0.3353
vn -0.3372 -0.3534 -0.8726
vn -0.3369 -0.3487 -0.8746
vn -0.3390 -0.3383 -0.8778
vn -0.9317 -0.0287 -0.3620
vn -0.9074 -0.2008 -0.3691
vn -0.9084 -0.1949 -0.3699
vn 0.3588 0.3701 0.8569
vn 0.3350 0.3418 0.8780
vn 0.3743 0.3401 0.8627
vn 0.7863 0.5206 0.3328
vn 0.7832 0.5249 0.3334
vn 0.7830 0.5255 0.3328
vn -0.9010 -0.2368 -0.3635
vn -0.7896 -0.5253 -0.3173
vn -0.8782 -0.3203 -0.3552
vn -0.9261 0.0620 -0.3721
vn -0.9287 0.0444 -0.3681
vn 0.7999 0.5216 0.2966
vn -0.8539 0.4226 -0.3038
vn -0.4636 0.8766 -0.1288
vn -0.4633 0.8765 -0.1304
vn 0.3042 0.3238 0.8959
vn 0.3287 0.3337 0.8835
vn 0.3302 0.3564 0.8740
vn 0.2791 0.3215 0.9048
vn 0.6327 -0.7371 0.2375
vn 0.3274 -0.9343 0.1408
vn -0.3205 -0.3487 -0.8807
vn -0.3380 -0.3584 -0.8703
vn -0.3440 -0.3598 -0.8673
vn -0.9307 0.0014 -0.3658
vn -0.9333 -0.0177 -0.3587
vn -0.9327 -0.0482 -0.3574
vn -0.9319 -0.0637 -0.3570
vn -0.9280 -0.1038 -0.3577
vn -0.9238 -0.1116 -0.3663
vn -0.9181 -0.1481 -0.3676
vn -0.9155 -0.1520 -0.3725
vn -0.3447 -0.3623 -0.8660
vn -0.3455 -0.3597 -0.8668
vn 0.4006 0.3875 0.8303
vn 0.3917 0.3578 0.8476
vn 0.3722 0.3200 0.8712
vn 0.3560 0.3030 0.8840
vn 0.3775 0.3256 0.8669
vn -0.3768 -0.3072 -0.8739
vn -0.3700 -0.3000 -0.8793
vn -0.3678 -0.2976 -0.8810
vn -0.8040 -0.4994 -0.3228
vn -0.8101 -0.4999 -0.3062
vn -0.8037 -0.4994 -0.3235
vn 0.3647 0.3067 0.8792
vn 0.2960 0.2825 0.9125
vn 0.2899 0.2803 0.9151
vn 0.8006 0.4990 0.3316
vn 0.7998 0.4990 0.3337
vn 0.7998 0.4990 0.3338
vn -0.3335 -0.2805 -0.9001
vn -0.2868 -0.2637 -0.9210
vn -0.3375 -0.2819 -0.8981
vn 0.9510 -0.2334 0.2026
vn 0.9532 -0.2412 0.1825
vn 0.9508 -0.2329 0.2043
vn -0.5624 -0.3868 -0.7308
vn -0.5597 -0.3903 -0.7310
vn -0.5675 -0.3656 -0.7377
vn -0.9141 -0.2588 -0.3123
vn -0.8943 -0.3233 -0.3092
vn -0.8960 -0.3238 -0.3038
vn 0.5621 0.3941 0.7271
vn 0.5566 0.3907 0.7332
vn 0.5514 0.4120 0.7254
vn 0.8174 0.5000 0.2862
vn 0.8078 0.5092 0.2970
vn 0.8176 0.5016 0.2828
vn -0.8872 -0.3513 -0.2990
vn -0.8274 -0.4866 -0.2804
vn -0.8687 -0.3955 -0.2982
vn -0.9304 -0.2010 -0.3066
vn -0.9321 -0.2030 -0.3000
vn 0.8072 0.5087 0.2993
vn 0.8016 0.5117 0.3093
vn -0.9455 0.1197 -0.3028
vn -0.6141 0.7732 -0.1582
vn -0.6140 0.7734 -0.1577
vn 0.5323 0.4194 0.7353
vn 0.5403 0.4262 0.7255
vn 0.5414 0.3949 0.7423
vn 0.9531 -0.2445 0.1783
vn 0.9558 -0.2495 0.1555
vn -0.5455 -0.4115 -0.7301
vn -0.5521 -0.3935 -0.7351
vn -0.5333 -0.4210 -0.7337
vn -0.5308 -0.4127 -0.7402
vn -0.9320 -0.2145 -0.2922
vn -0.9298 -0.2278 -0.2891
vn -0.9230 -0.2506 -0.2919
vn -0.9198 -0.2594 -0.2944
vn -0.9161 -0.2738 -0.2928
vn -0.9161 -0.2756 -0.2914
vn -0.9112 -0.2918 -0.2909
vn -0.9073 -0.2981 -0.2966
vn -0.5614 -0.4164 -0.7151
vn -0.5561 -0.4203 -0.7170
vn 0.5714 0.4142 0.7085
vn 0.5681 0.3965 0.7212
vn 0.6278 0.2769 0.7274
vn 0.5379 0.1989 0.8192
vn 0.6350 0.2834 0.7186
vn -0.5356 -0.2000 -0.8204
vn -0.6214 -0.2740 -0.7341
vn -0.6282 -0.2802 -0.7258
vn -0.8617 -0.4222 -0.2815
vn -0.8522 -0.4146 -0.3192
vn -0.8618 -0.4224 -0.2809
vn 0.6156 0.2808 0.7363
vn 0.5166 0.2125 0.8295
vn 0.6185 0.2829 0.7331
vn 0.8510 0.4355 0.2936
vn 0.8529 0.4367 0.2860
vn 0.8530 0.4367 0.2859
vn -0.5467 -0.2313 -0.8047
vn -0.6282 -0.2884 -0.7227
vn -0.6307 -0.2902 -0.7197
vn 0.3379 -0.8913 0.3022
vn 0.3417 -0.9061 0.2496
vn 0.3376 -0.8899 0.3069
vn -0.1060 -0.1639 -0.9808
vn -0.1303 -0.1321 -0.9826
vn -0.1242 -0.1337 -0.9832
vn -0.8748 -0.0292 -0.4837
vn -0.8552 -0.2111 -0.4734
vn -0.8518 -0.1951 -0.4861
vn 0.1092 0.1618 0.9808
vn 0.1153 0.1636 0.9798
vn 0.1194 0.1909 0.9743
vn 0.7500 0.4432 0.4909
vn 0.6860 0.4807 0.5462
vn 0.6803 0.4829 0.5514
vn -0.8062 -0.2457 -0.5383
vn -0.7500 -0.4470 -0.4875
vn -0.7884 -0.2803 -0.5476
vn -0.8657 -0.0130 -0.5005
vn -0.8726 -0.0175 -0.4881
vn 0.7368 0.4961 0.4592
vn -0.8509 0.2844 -0.4416
vn -0.4848 0.8528 -0.1942
vn -0.4841 0.8527 -0.1964
vn 0.1151 0.2163 0.9695
vn 0.1259 0.2219 0.9669
vn 0.1226 0.2082 0.9704
vn 0.3453 -0.9055 0.2467
vn 0.3575 -0.9098 0.2111
vn -0.1005 -0.1786 -0.9788
vn -0.1448 -0.1366 -0.9800
vn -0.1101 -0.2268 -0.9677
vn -0.1141 -0.2279 -0.9670
vn -0.8814 -0.0365 -0.4709
vn -0.8813 -0.0452 -0.4704
vn -0.8735 -0.0784 -0.4805
vn -0.8694 -0.0817 -0.4874
vn -0.8617 -0.1344 -0.4894
vn -0.8543 -0.1366 -0.5015
vn -0.8425 -0.1409 -0.5199
vn -0.8445 -0.1424 -0.5162
vn -0.0879 -0.1903 -0.9778
vn -0.0908 -0.2010 -0.9754
vn 0.1505 0.2540 0.9554
vn 0.1188 0.2036 0.9718
vn 0.1930 0.0113 0.9811
vn 0.1923 0.0111 0.9813
vn 0.1923 0.0110 0.9813
vn -0.1947 -0.0115 -0.9808
vn -0.1865 -0.0086 -0.9824
vn -0.1955 -0.0118 -0.9806
vn -0.7968 -0.3559 -0.4883
vn -0.8044 -0.3607 -0.4720
vn -0.7967 -0.3559 -0.4885
vn 0.2223 0.0262 0.9746
vn 0.2165 0.0235 0.9760
vn 0.2163 0.0234 0.9761
vn 0.8029 0.3603 0.4749
vn 0.7984 0.3574 0.4846
vn 0.7983 0.3574 0.4847
vn -0.2094 -0.0205 -0.9776
vn -0.2356 -0.0325 -0.9713
vn -0.2085 -0.0200 -0.9778
vn -0.5404 -0.3572 -0.7618
vn 0.8261 0.4730 0.3062
vn -0.8027 -0.4690 -0.3683
vn 0.8078 0.5065 0.3015
vn 0.5193 0.4012 0.7546
vn 0.9573 -0.1663 0.2366
vn -0.5161 -0.3946 -0.7602
vn -0.9318 -0.0148 0.3626
vn -0.5350 -0.3580 -0.7653
vn -0.5787 -0.4220 -0.6979
vn -0.5665 -0.4103 -0.7146
vn 0.5586 0.4089 0.7217
vn 0.9267 0.0714 -0.3691
vn 0.9161 -0.0088 -0.4008
vn 0.5388 0.3693 0.7572
vn 0.4079 0.0167 0.9129
vn -0.4204 -0.0241 -0.9070
vn -0.8573 -0.3462 -0.3810
vn 0.4556 0.0791 0.8866
vn 0.8607 0.3831 0.3353
vn -0.4705 -0.0889 -0.8779
vn 0.5055 0.3896 0.7699
vn 0.8059 0.5294 0.2650
vn 0.4850 0.4237 0.7651
vn 0.7881 -0.5900 0.1755
vn -0.4976 -0.4432 -0.7456
vn -0.4794 -0.4359 -0.7617
vn -0.4835 -0.4226 -0.7665
vn -0.4813 -0.4208 -0.7690
vn -0.4830 -0.4429 -0.7553
vn 0.4848 0.4443 0.7534
vn 0.4973 0.4538 0.7395
vn 0.4888 0.4222 0.7635
vn 0.5020 0.3976 0.7681
vn 0.4715 0.2890 0.8332
vn -0.5062 -0.3122 -0.8039
vn -0.8151 -0.4686 -0.3407
vn 0.5672 0.3601 0.7406
vn 0.8318 0.4825 0.2744
vn -0.5348 -0.3366 -0.7751
vn 0.7915 0.5272 0.3091
vn 0.4457 0.4175 0.7919
vn 0.4554 0.4145 0.7879
vn 0.8322 -0.5373 0.1368
vn -0.4382 -0.4069 -0.8015
vn -0.4343 -0.4103 -0.8019
vn -0.8997 0.3901 0.1958
vn -0.4772 -0.3719 -0.7962
vn -0.8932 0.3155 0.3205
vn -0.4509 -0.4222 -0.7865
vn 0.4406 0.4082 0.7995
vn 0.4238 0.3944 0.8154
vn 0.4787 0.3897 0.7867
vn 0.8735 -0.4008 -0.2763
vn 0.4520 0.3059 0.8379
vn -0.4705 -0.3166 -0.8237
vn -0.8086 -0.4794 -0.3410
vn 0.8246 0.4909 0.2809
vn -0.4183 -0.2951 -0.8591
vn 0.4693 0.4206 0.7765
vn 0.7968 0.5260 0.2976
vn 0.8042 0.5298 0.2693
vn 0.4679 0.4300 0.7721
vn 0.6965 -0.6910 0.1934
vn -0.4804 -0.4373 -0.7602
vn -0.9334 0.3292 0.1432
vn -0.4770 -0.4082 -0.7784
vn -0.4722 -0.4035 -0.7837
vn -0.9152 0.2617 0.3064
vn 0.4557 0.4162 0.7868
vn 0.4491 0.4130 0.7923
vn 0.4656 0.4253 0.7761
vn 0.4697 0.4069 0.7835
vn 0.4914 0.3162 0.8115
vn -0.4943 -0.3213 -0.8078
vn -0.8221 -0.4798 -0.3064
vn 0.8175 0.4843 0.3118
vn 0.5756 0.3426 0.7425
vn -0.8197 -0.4833 -0.3074
vn 0.8204 0.5171 0.2440
vn 0.5427 0.4162 0.7296
vn 0.9500 -0.2751 0.1478
vn -0.5631 -0.4382 -0.7007
vn -0.9969 -0.0653 0.0433
vn -0.5664 -0.3922 -0.7248
vn -0.5570 -0.4140 -0.7199
vn -0.8993 0.0125 0.4372
vn 0.5670 0.4103 0.7143
vn 0.5192 0.3745 0.7682
vn 0.5746 0.3798 0.7250
vn 0.5766 0.3990 0.7130
vn 0.5265 0.1586 0.8352
vn -0.5146 -0.1492 -0.8444
vn -0.8705 -0.4101 -0.2723
vn 0.5030 0.1699 0.8474
vn 0.8602 0.4228 0.2850
vn -0.5286 -0.1865 -0.8281
vn -0.4441 -0.3131 -0.8395
vn 0.8025 0.4668 0.3716
vn -0.8022 -0.4669 -0.3720
vn 0.7933 0.4973 0.3512
vn 0.4639 0.2934 0.8359
vn 0.1335 -0.9553 0.2638
vn -0.4465 -0.3020 -0.8423
vn -0.4522 -0.3587 -0.8166
vn -0.4429 -0.3278 -0.8345
vn -0.4399 -0.3265 -0.8366
vn -0.3932 -0.3181 -0.8627
vn 0.4900 0.3754 0.7867
vn 0.4326 0.3288 0.8395
vn 0.4439 0.2999 0.8444
vn 0.4528 0.3384 0.8249
vn -0.8675 -0.3735 -0.3285
vn 0.5674 0.1398 0.8115
vn 0.8668 0.3670 0.3375
vn -0.5700 -0.1387 -0.8099
vn -0.3016 -0.2623 -0.9166
vn 0.7829 0.4757 0.4009
vn -0.7937 -0.4392 -0.4209
vn 0.7705 0.4994 0.3961
vn 0.3023 0.2687 0.9145
vn 0.3453 -0.9170 0.1995
vn -0.2871 -0.2498 -0.9248
vn -0.3107 -0.3120 -0.8979
vn -0.2751 -0.2937 -0.9155
vn -0.2748 -0.2679 -0.9234
vn -0.2907 -0.2940 -0.9105
vn 0.2996 0.3049 0.9040
vn 0.3026 0.3075 0.9021
vn 0.2784 0.2531 0.9265
vn 0.2763 0.2524 0.9273
vn 0.3356 0.0724 0.9392
vn -0.3328 -0.0714 -0.9403
vn -0.8329 -0.3744 -0.4076
vn 0.3849 0.0977 0.9178
vn -0.3792 -0.0944 -0.9205
vn -0.4101 -0.3880 -0.8254
vn 0.8037 0.5237 0.2826
vn 0.4309 0.4036 0.8071
vn 0.8759 -0.4703 0.1081
vn -0.3974 -0.3883 -0.8314
vn -0.4041 -0.3958 -0.8246
vn -0.4147 -0.3920 -0.8212
vn -0.4065 -0.4179 -0.8125
vn -0.4079 -0.4000 -0.8207
vn 0.3940 0.3961 0.8294
vn 0.4178 0.4295 0.8006
vn 0.4122 0.3670 0.8339
vn 0.4217 0.3621 0.8313
vn 0.4276 0.3055 0.8508
vn -0.4354 -0.3096 -0.8453
vn 0.8080 0.4921 0.3240
vn -0.3692 -0.2823 -0.8854
vn 0.1495 -0.0493 -0.9875
vn 0.6945 0.4413 0.5683
vn -0.6301 -0.4501 -0.6327
vn 0.7319 0.4783 0.4853
vn -0.0543 0.0633 0.9965
vn 0.3008 -0.9433 0.1405
vn 0.1209 -0.0279 -0.9923
vn 0.9933 -0.1112 0.0305
vn 0.1743 -0.0736 -0.9819
vn 0.1277 -0.0770 -0.9888
vn 0.1409 -0.0356 -0.9894
vn -0.1797 0.0857 0.9800
vn -0.9968 0.0391 -0.0704
vn -0.1787 0.0822 0.9805
vn -0.9689 0.2194 -0.1141
vn -0.0395 -0.0694 0.9968
vn 0.0254 0.0602 -0.9979
vn -0.7376 -0.3550 -0.5744
vn -0.0368 -0.0656 0.9972
vn 0.7482 0.3540 0.5612
vn 0.0669 0.0820 -0.9944
vn -0.4170 -0.3028 -0.8569
vn 0.8065 0.4737 0.3538
vn -0.8037 -0.4711 -0.3635
vn 0.7925 0.4984 0.3516
vn 0.4374 0.2939 0.8499
vn 0.2069 -0.9459 0.2500
vn -0.4351 -0.3085 -0.8459
vn -0.4567 -0.3644 -0.8116
vn -0.4138 -0.3101 -0.8559
vn -0.4159 -0.3209 -0.8509
vn -0.4245 -0.3377 -0.8401
vn 0.4569 0.3674 0.8101
vn 0.4431 0.3533 0.8239
vn 0.4120 0.3096 0.8570
vn 0.4140 0.3206 0.8520
vn 0.4975 0.1172 0.8595
vn -0.5036 -0.1189 -0.8557
vn -0.8555 -0.3697 -0.3627
vn 0.5259 0.1315 0.8403
vn 0.8577 0.3684 0.3586
vn -0.5160 -0.1246 -0.8475
vn 0.5267 0.4357 0.7299
vn 0.8016 0.5268 0.2827
vn 0.5647 0.4646 0.6821
vn 0.9419 -0.2932 0.1639
vn -0.5648 -0.4617 -0.6839
vn -0.5478 -0.3944 -0.7378
vn -0.9424 0.1694 0.2884
vn -0.8423 0.1765 0.5093
vn -0.5315 -0.4411 -0.7231
vn 0.5073 0.4506 0.7346
vn 0.5450 0.4691 0.6949
vn 0.9820 -0.0320 -0.1861
vn 0.9790 -0.0984 -0.1783
vn 0.5362 0.2637 0.8019
vn -0.5367 -0.2640 -0.8014
vn 0.5259 0.2818 0.8025
vn 0.8369 0.4606 0.2958
vn -0.5252 -0.2816 -0.8030
vn 0.5072 0.4109 0.7576
vn 0.7902 0.5245 0.3168
vn 0.5262 0.4511 0.7209
vn 0.8693 -0.4558 0.1913
vn -0.5088 -0.4382 -0.7410
vn -0.5220 -0.4406 -0.7303
vn -0.5232 -0.4221 -0.7403
vn -0.5186 -0.4279 -0.7402
vn -0.5289 -0.4422 -0.7244
vn 0.4895 0.4399 0.7529
vn 0.5008 0.4560 0.7357
vn 0.5020 0.4312 0.7497
vn 0.9089 -0.2828 -0.3063
vn 0.5074 0.2931 0.8103
vn -0.5291 -0.3047 -0.7920
vn -0.8307 -0.4654 -0.3055
vn 0.5576 0.3373 0.7585
vn 0.8267 0.4749 0.3016
vn -0.5092 -0.3123 -0.8020
vn -0.1677 -0.1965 -0.9660
vn 0.7795 0.4409 0.4450
vn -0.7499 -0.4669 -0.4686
vn 0.7527 0.4954 0.4336
vn 0.1855 0.2179 0.9582
vn 0.4914 -0.8490 0.1942
vn -0.2153 -0.1604 -0.9633
vn -0.1897 -0.2513 -0.9492
vn -0.1650 -0.2024 -0.9653
vn -0.1609 -0.1903 -0.9684
vn -0.1816 -0.2434 -0.9528
vn 0.1888 0.2538 0.9487
vn 0.1483 0.2173 0.9648
vn 0.1595 0.2073 0.9652
vn 0.1632 0.2003 0.9661
vn -0.8146 -0.3638 -0.4518
vn 0.2590 0.0401 0.9650
vn 0.8143 0.3656 0.4508
vn -0.2227 -0.0204 -0.9747
vn 0.0596 -0.0635 -0.9962
vn 0.7053 0.4421 0.5541
vn -0.7131 -0.4368 -0.5484
vn 0.7052 0.4790 0.5228
vn -0.0280 0.0715 0.9970
vn 0.2570 -0.9478 0.1887
vn 0.0476 -0.0640 -0.9968
vn 0.0356 -0.1210 -0.9920
vn 0.0668 -0.0719 -0.9952
vn 0.0660 -0.0756 -0.9949
vn 0.0541 -0.1017 -0.9933
vn -0.0638 0.1147 0.9913
vn -0.0207 0.1538 0.9879
vn -0.0423 0.0829 0.9957
vn -0.0565 0.1533 0.9866
vn 0.0296 -0.0438 0.9986
vn -0.0103 0.0528 -0.9986
vn -0.8018 -0.3821 -0.4595
vn 0.0345 -0.0420 0.9985
vn 0.7628 0.3528 0.5419
vn -0.0382 0.0414 -0.9984
vn 0.1592 -0.0050 -0.9872
vn 0.6989 0.4345 0.5681
vn -0.7404 -0.4204 -0.5245
vn 0.6684 0.4557 0.5879
vn -0.1770 0.0767 0.9812
vn 0.3133 -0.9436 0.1070
vn 0.0927 -0.0330 -0.9952
vn 0.2223 -0.0576 -0.9733
vn 0.9450 -0.2919 0.1473
vn 0.9880 -0.1035 -0.1150
vn 0.1927 -0.0577 -0.9796
vn -0.1387 0.0715 0.9877
vn -0.2022 0.0037 0.9793
vn -0.1679 0.0041 0.9858
vn -0.9695 0.2361 -0.0661
vn 0.0937 0.0849 -0.9920
vn -0.6180 -0.3050 -0.7246
vn -0.0982 -0.0848 0.9915
vn 0.7538 0.3665 0.5454
vn 0.0641 0.0691 -0.9955
vn -0.0065 -0.0952 -0.9954
vn 0.7384 0.4438 0.5077
vn -0.7295 -0.4395 -0.5241
vn 0.7299 0.4951 0.4713
vn 0.0417 0.0650 0.9970
vn 0.2546 -0.9580 0.1319
vn -0.0086 -0.0792 -0.9968
vn -0.0032 -0.1517 -0.9884
vn -0.0359 -0.1600 -0.9865
vn 0.0022 -0.1043 -0.9945
vn 0.0014 -0.1085 -0.9941
vn -0.0134 -0.1376 -0.9904
vn 0.0098 0.1499 0.9887
vn 0.0174 0.1590 0.9871
vn -0.0082 0.0938 0.9956
vn -0.0091 0.0995 0.9950
vn 0.0599 -0.0368 0.9975
vn -0.0673 0.0331 -0.9972
vn -0.7773 -0.3571 -0.5180
vn 0.1550 0.0067 0.9879
vn 0.7815 0.3560 0.5123
vn -0.1373 0.0027 -0.9905
vn 0.2518 -0.0148 -0.9677
vn 0.5644 0.4596 0.6858
vn -0.5654 -0.4601 -0.6845
vn 0.6448 0.4799 0.5949
vn -0.1966 -0.0552 0.9789
vn 0.3763 -0.9257 -0.0370
vn 0.2923 -0.0039 -0.9563
vn 0.9655 -0.2520 0.0659
vn 0.9673 -0.1323 0.2162
vn 0.2466 -0.0292 -0.9687
vn 0.2328 0.0504 -0.9712
vn -0.2508 0.0363 0.9673
vn -0.2437 0.1023 0.9644
vn -0.9807 0.1886 -0.0509
vn -0.9486 0.3097 -0.0654
vn 0.1798 0.1040 -0.9782
vn -0.6249 -0.3145 -0.7146
vn -0.1659 -0.1051 0.9805
vn 0.6495 0.3220 0.6888
vn 0.1505 0.0984 -0.9837
vn -0.3764 -0.3736 -0.8478
vn 0.7903 0.5254 0.3152
vn -0.7901 -0.5253 -0.3157
vn 0.7998 0.5229 0.2949
vn 0.3724 0.3766 0.8482
vn 0.9162 -0.3905 0.0896
vn -0.3930 -0.3862 -0.8345
vn -0.3803 -0.3813 -0.8426
vn -0.3781 -0.3723 -0.8476
vn -0.3765 -0.3817 -0.8441
vn -0.3746 -0.3777 -0.8468
vn 0.3715 0.3777 0.8481
vn 0.3859 0.3935 0.8344
vn 0.3738 0.3560 0.8565
vn 0.3850 0.3056 0.8708
vn 0.3895 0.3018 0.8702
vn -0.3930 -0.3026 -0.8683
vn -0.8122 -0.4938 -0.3107
vn 0.3645 0.2973 0.8825
vn 0.8013 0.4974 0.3325
vn -0.3455 -0.2825 -0.8949
vn 0.5922 0.4144 0.6910
vn -0.6053 -0.3920 -0.6928
vn 0.5756 0.4458 0.6855
vn -0.2947 -0.0548 0.9540
vn 0.4456 -0.8243 -0.3491
vn 0.3340 0.0800 -0.9392
vn 0.9386 -0.2756 0.2076
vn 0.2999 0.0880 -0.9499
vn 0.3199 0.0557 -0.9458
vn 0.3233 0.0615 -0.9443
vn -0.2866 -0.0095 0.9580
vn -0.2486 0.0319 0.9681
vn -0.2975 -0.0883 0.9506
vn -0.2974 -0.0899 0.9505
vn -0.2808 -0.1534 0.9474
vn 0.2762 0.1524 -0.9489
vn -0.6604 -0.3385 -0.6702
vn -0.2358 -0.1316 0.9628
vn 0.6796 0.3485 0.6456
vn 0.2361 0.1344 -0.9624
vn 0.0571 0.1051 0.9928
vn 0.7217 0.4524 0.5239
vn -0.7330 -0.4449 -0.5147
vn 0.7277 0.4954 0.4744
vn 0.0672 0.1932 0.9789
vn 0.2995 -0.9342 0.1937
vn -0.0698 -0.1917 -0.9790
vn -0.0687 -0.1902 -0.9793
vn -0.0364 -0.1583 -0.9867
vn -0.0292 -0.1473 -0.9887
vn -0.0567 -0.1782 -0.9824
vn 0.0412 0.1789 0.9830
vn 0.0477 0.1846 0.9816
vn 0.0304 0.1326 0.9907
vn 0.0346 0.1608 0.9864
vn 0.1302 -0.0137 0.9914
vn -0.1082 0.0219 -0.9939
vn -0.7903 -0.3559 -0.4988
vn 0.1853 0.0132 0.9826
vn 0.7851 0.3518 0.5098
vn -0.2264 -0.0339 -0.9735
vn -0.5140 -0.3253 -0.7937
vn 0.8350 0.4606 0.3010
vn -0.8150 -0.4654 -0.3453
vn 0.8001 0.5013 0.3294
vn 0.5141 0.3145 0.7980
vn 0.6875 -0.4597 0.5621
vn -0.5424 -0.3086 -0.7814
vn -0.5409 -0.4010 -0.7393
vn -0.5145 -0.3456 -0.7848
vn -0.5156 -0.3697 -0.7729
vn -0.5262 -0.3900 -0.7556
vn 0.5189 0.3923 0.7595
vn 0.5569 0.4214 0.7158
vn 0.5169 0.3542 0.7793
vn 0.9773 0.0368 -0.2087
vn 0.6292 0.1357 0.7653
vn -0.6485 -0.1444 -0.7474
vn -0.8818 -0.3621 -0.3020
vn 0.5564 0.0884 0.8262
vn 0.8928 0.3788 0.2439
vn -0.5457 -0.0783 -0.8343
vn -0.1796 -0.2472 -0.9522
vn 0.7653 0.4725 0.4371
vn -0.7591 -0.4713 -0.4490
vn 0.7614 0.4985 0.4145
vn 0.2442 0.2519 0.9364
vn 0.5853 -0.7918 0.1746
vn -0.2373 -0.2286 -0.9442
vn -0.2325 -0.2867 -0.9294
vn -0.1608 -0.2427 -0.9567
vn -0.1593 -0.1879 -0.9692
vn -0.1582 -0.2226 -0.9620
vn 0.2487 0.2818 0.9267
vn 0.2632 0.2966 0.9180
vn 0.2280 0.2993 0.9265
vn 0.2121 0.2546 0.9435
vn 0.2660 0.0402 0.9631
vn -0.2642 -0.0353 -0.9638
vn -0.8207 -0.3654 -0.4393
vn 0.2821 0.0507 0.9580
vn 0.8150 0.3659 0.4493
vn -0.2880 -0.0532 -0.9561
vn 0.5044 0.4357 0.7455
vn 0.7970 0.5287 0.2921
vn 0.5441 0.4640 0.6991
vn 0.9178 -0.3533 0.1814
vn -0.5369 -0.4570 -0.7092
vn -0.5590 -0.3982 -0.7273
vn -0.9343 0.2197 0.2808
vn -0.5390 -0.4440 -0.7158
vn -0.5414 -0.4463 -0.7125
vn 0.5236 0.4494 0.7238
vn 0.5499 0.4598 0.6973
vn 0.9339 -0.1650 -0.3171
vn 0.8608 -0.2950 -0.4147
vn 0.5461 0.2987 0.7826
vn -0.5278 -0.2887 -0.7988
vn 0.4790 0.2751 0.8336
vn 0.8289 0.4699 0.3036
vn 0.5735 0.3232 0.7528
vn 0.8049 0.5010 0.3181
vn -0.8207 -0.4749 -0.3177
vn 0.7992 0.5079 0.3213
vn 0.5520 0.4216 0.7194
vn 0.9287 -0.3234 0.1814
vn -0.5396 -0.3984 -0.7417
vn -0.8944 -0.0237 0.4466
vn -0.5941 -0.4215 -0.6851
vn -0.5660 -0.3769 -0.7332
vn -0.5655 -0.3974 -0.7227
vn 0.5827 0.4197 0.6960
vn 0.4933 0.3447 0.7987
vn 0.5521 0.3854 0.7394
vn 0.5540 0.3975 0.7315
vn 0.5235 0.1278 0.8424
vn -0.5418 -0.1398 -0.8288
vn -0.8603 -0.3802 -0.3395
vn 0.5146 0.1451 0.8451
vn 0.8442 0.3885 0.3694
vn -0.4536 -0.1061 -0.8849
vn -0.5311 -0.3456 -0.7737
vn 0.8387 0.4633 0.2861
vn -0.8240 -0.4683 -0.3190
vn 0.8055 0.4976 0.3219
vn 0.5323 0.3517 0.7701
vn 0.9313 -0.0812 0.3551
vn -0.5605 -0.3266 -0.7610
vn -0.5539 -0.4022 -0.7290
vn -0.9145 -0.0829 0.3961
vn -0.5245 -0.3642 -0.7696
vn -0.5288 -0.3925 -0.7526
vn 0.5397 0.4071 0.7369
vn 0.5636 0.4248 0.7085
vn 0.5283 0.3643 0.7669
vn 0.5282 0.3784 0.7601
vn 0.4529 0.0137 0.8914
vn -0.4475 -0.0093 -0.8943
vn -0.8790 -0.3508 -0.3231
vn 0.3742 -0.0103 0.9273
vn 0.8701 0.3664 0.3297
vn -0.3815 0.0056 -0.9243
vn 0.4853 -0.5158 -0.7060
vn 0.2084 0.1247 -0.9701
vn -0.3720 -0.2921 -0.8811
vn 0.7957 0.4637 0.3896
vn -0.7895 -0.4749 -0.3889
vn 0.7795 0.4973 0.3808
vn 0.3982 0.2894 0.8704
vn 0.2548 -0.9432 0.2130
vn -0.3945 -0.2702 -0.8783
vn -0.4158 -0.3602 -0.8351
vn -0.3706 -0.2924 -0.8816
vn -0.3731 -0.3037 -0.8767
vn -0.4510 -0.3827 -0.8063
vn 0.4500 0.3421 0.8249
vn 0.9630 0.0259 -0.2684
vn 0.4198 0.3206 0.8491
vn 0.3758 0.3050 0.8751
vn 0.4648 0.1119 0.8783
vn -0.4704 -0.1143 -0.8750
vn -0.8437 -0.3683 -0.3906
vn 0.4703 0.1138 0.8751
vn 0.8573 0.3754 0.3522
vn -0.4976 -0.1265 -0.8581
vn -0.3376 -0.2768 -0.8997
vn 0.7817 0.4720 0.4077
vn -0.7902 -0.4656 -0.3984
vn 0.7807 0.5046 0.3686
vn 0.3502 0.2356 0.9066
vn 0.1495 -0.9717 0.1827
vn -0.3342 -0.2686 -0.9034
vn -0.3394 -0.3065 -0.8893
vn -0.3247 -0.2744 -0.9051
vn -0.3316 -0.2802 -0.9009
vn -0.2574 -0.2450 -0.9347
vn 0.3417 0.3208 0.8834
vn 0.2674 0.2443 0.9321
vn 0.9606 -0.0568 -0.2721
vn 0.9680 -0.1277 -0.2160
vn 0.4139 0.1021 0.9046
vn -0.4143 -0.1005 -0.9046
vn -0.8393 -0.3749 -0.3938
vn 0.4560 0.1217 0.8816
vn -0.4398 -0.1115 -0.8911
vn 0.2716 0.0434 -0.9614
vn 0.5637 0.4595 0.6864
vn -0.5670 -0.4608 -0.6828
vn 0.6267 0.4722 0.6199
vn -0.2991 -0.0715 0.9515
vn 0.4524 -0.8672 -0.2079
vn 0.3158 0.0113 -0.9487
vn 0.9646 -0.2621 0.0301
vn 0.2325 0.1246 -0.9646
vn 0.2578 0.0236 -0.9659
vn 0.2880 0.0661 -0.9554
vn -0.3243 -0.0309 0.9455
vn -0.3608 0.0253 0.9323
vn -0.9799 0.1995 -0.0036
vn -0.2942 -0.0640 0.9536
vn 0.2176 0.1271 -0.9677
vn -0.6290 -0.3209 -0.7081
vn -0.1752 -0.1112 0.9782
vn 0.6036 0.2988 0.7392
vn 0.2243 0.1342 -0.9652
vn -0.4795 -0.3191 -0.8175
vn 0.8220 0.4646 0.3294
vn -0.8167 -0.4708 -0.3337
vn 0.8046 0.4980 0.3235
vn 0.4913 0.3174 0.8111
vn -0.0622 -0.8495 0.5240
vn -0.5007 -0.3051 -0.8101
vn -0.5024 -0.3832 -0.7750
vn -0.4809 -0.3291 -0.8127
vn -0.4853 -0.3562 -0.7985
vn -0.4916 -0.3740 -0.7864
vn 0.5028 0.3823 0.7752
vn 0.5324 0.4054 0.7431
vn 0.4985 0.3341 0.7999
vn 0.9667 -0.0093 -0.2558
vn -0.6427 -0.1655 -0.7480
vn -0.8708 -0.3677 -0.3265
vn 0.6436 0.1633 0.7477
vn 0.8900 0.3812 0.2504
vn -0.6800 -0.1841 -0.7097
vn 0.5481 0.4050 0.7318
vn 0.8202 0.4907 0.2942
vn 0.8112 0.5272 0.2531
vn 0.5361 0.4561 0.7103
vn 0.9491 -0.2442 0.1990
vn -0.5460 -0.4553 -0.7032
vn -0.9572 0.0855 0.2765
vn -0.5701 -0.3958 -0.7199
vn -0.5741 -0.4424 -0.6889
vn -0.5669 -0.4317 -0.7016
vn 0.5262 0.4455 0.7243
vn 0.9804 0.0421 -0.1925
vn 0.5322 0.4474 0.7187
vn 0.9087 -0.1694 -0.3816
vn 0.5388 0.2324 0.8098
vn -0.5310 -0.2291 -0.8158
vn -0.8457 -0.4301 -0.3158
vn 0.5233 0.2481 0.8152
vn 0.8221 0.4352 0.3670
vn -0.5063 -0.2430 -0.8274
vn -0.3410 -0.3420 -0.8757
vn 0.7886 0.5191 0.3295
vn 0.8019 0.5211 0.2922
vn 0.2712 0.3273 0.9052
vn 0.3279 -0.9344 0.1390
vn -0.3183 -0.3308 -0.8884
vn -0.3460 -0.3595 -0.8666
vn -0.3504 -0.3352 -0.8746
vn -0.3475 -0.3692 -0.8620
vn -0.3419 -0.3562 -0.8696
vn 0.3785 0.3577 0.8537
vn 0.3850 0.3673 0.8467
vn 0.3893 0.3186 0.8643
vn 0.3852 0.3417 0.8573
vn 0.3520 0.2988 0.8870
vn -0.3785 -0.3089 -0.8725
vn -0.8104 -0.4999 -0.3055
vn 0.3705 0.3087 0.8761
vn 0.8007 0.4990 0.3315
vn -0.2828 -0.2622 -0.9227
vn 0.5643 0.3828 0.7315
vn -0.8292 -0.4856 -0.2769
vn 0.8012 0.5115 0.3105
vn 0.5326 0.4239 0.7325
vn 0.9565 -0.2496 0.1507
vn -0.5228 -0.4162 -0.7439
vn -0.8735 0.1444 0.4650
vn -0.5571 -0.4019 -0.7267
vn -0.5629 -0.4331 -0.7040
vn -0.5493 -0.4191 -0.7229
vn 0.5741 0.4356 0.6933
vn 0.8662 -0.0876 -0.4919
vn 0.5725 0.4327 0.6964
vn 0.8211 -0.1940 -0.5368
vn 0.5310 0.1931 0.8251
vn -0.5290 -0.1945 -0.8260
vn -0.8520 -0.4145 -0.3199
vn 0.5138 0.2106 0.8317
vn 0.8510 0.4354 0.2937
vn -0.5444 -0.2297 -0.8068
vn 0.1077 0.1544 0.9821
vn 0.7617 0.4412 0.4746
vn -0.7569 -0.4458 -0.4779
vn 0.7402 0.4964 0.4535
vn 0.1326 0.1790 0.9749
vn 0.3595 -0.9106 0.2039
vn -0.1084 -0.2027 -0.9732
vn -0.1174 -0.2288 -0.9664
vn -0.0816 -0.1946 -0.9775
vn -0.0801 -0.1769 -0.9810
vn -0.1016 -0.2130 -0.9718
vn 0.1346 0.2138 0.9676
vn 0.0528 0.1469 0.9877
vn 0.1077 0.1499 0.9828
vn 0.1144 0.1731 0.9782
vn -0.1858 -0.0083 -0.9825
vn -0.8045 -0.3608 -0.4718
vn 0.2225 0.0262 0.9746
vn 0.8030 0.3603 0.4748
vn -0.2364 -0.0329 -0.9711
vt 3.493200 0.128633
vt 3.491820 0.157055
vt 3.490231 0.127340
vt 3.898316 0.286137
vt 3.886108 0.303602
vt 3.886591 0.292587
vt 3.885043 0.339135
vt 3.886969 0.325116
vt 3.890353 0.324953
vt 3.454242 0.305946
vt 3.466080 0.323574
vt 3.454354 0.317765
vt 3.470222 0.315232
vt 3.474354 0.326305
vt 3.470572 0.326219
vt 3.897637 0.297760
vt 3.901515 0.285943
vt 3.901403 0.297715
vt 3.897670 0.306859
vt 3.893957 0.306951
vt 3.479018 0.361646
vt 3.881382 0.339223
vt 3.880428 0.341328
vt 3.876838 0.341420
vt 3.470779 0.359351
vt 3.465688 0.312414
vt 3.495124 0.158015
vt 3.493676 0.166262
vt 3.881978 0.295432
vt 3.881483 0.306221
vt 3.896179 0.310524
vt 3.892580 0.310592
vt 3.894776 0.314144
vt 3.891289 0.314234
vt 3.893144 0.317753
vt 3.889732 0.317869
vt 3.891879 0.321358
vt 3.888414 0.321500
vt 3.462646 0.337884
vt 3.459599 0.330626
vt 3.860796 0.138605
vt 3.865670 0.108052
vt 3.473857 0.315473
vt 3.858772 0.147619
vt 3.176083 0.594590
vt 3.182681 0.607129
vt 3.172376 0.594180
vt 3.652592 0.126895
vt 3.666191 0.124489
vt 3.655264 0.131417
vt 3.930519 0.690969
vt 3.931442 0.682039
vt 3.935436 0.681786
vt 3.639543 0.088977
vt 3.653152 0.091351
vt 3.650506 0.095761
vt 3.196911 0.699938
vt 3.193761 0.704695
vt 3.192822 0.699666
vt 3.946666 0.664778
vt 3.943159 0.659833
vt 3.947316 0.659618
vt 3.942322 0.665007
vt 3.942612 0.670477
vt 3.938531 0.670680
vt 3.197762 0.704987
vt 3.197163 0.723163
vt 3.926485 0.691172
vt 3.925699 0.693741
vt 3.921409 0.693926
vt 3.654947 0.098237
vt 3.640834 0.111880
vt 3.188631 0.701849
vt 3.187684 0.696780
vt 3.187403 0.607359
vt 3.188007 0.611376
vt 3.930212 0.672723
vt 3.925950 0.670635
vt 3.931139 0.667759
vt 3.653913 0.104026
vt 3.668012 0.117586
vt 3.663588 0.120151
vt 3.941201 0.672788
vt 3.936970 0.672957
vt 3.939714 0.675033
vt 3.935640 0.675222
vt 3.938177 0.677306
vt 3.934182 0.677448
vt 3.936882 0.679511
vt 3.932746 0.679724
vt 3.654150 0.117967
vt 3.654331 0.116021
vt 3.641246 0.099932
vt 3.641116 0.097945
vt 3.175435 0.688866
vt 3.935409 0.578526
vt 3.950359 0.565415
vt 3.930555 0.582870
vt 3.971568 0.127651
vt 3.977126 0.137596
vt 3.968386 0.127556
vt 3.623884 0.036844
vt 3.638252 0.035754
vt 3.626436 0.041098
vt 3.521322 0.207966
vt 3.521796 0.200501
vt 3.525338 0.200374
vt 3.508975 0.442065
vt 3.518182 0.451717
vt 3.506439 0.446291
vt 3.989311 0.211690
vt 3.986749 0.215993
vt 3.985923 0.211567
vt 3.530281 0.186866
vt 3.534268 0.182591
vt 3.533479 0.186817
vt 3.530720 0.191318
vt 3.527370 0.191363
vt 3.990142 0.216142
vt 3.989905 0.232027
vt 3.517893 0.208079
vt 3.517589 0.210132
vt 3.514269 0.210271
vt 3.522923 0.453688
vt 3.508746 0.467442
vt 3.520787 0.447375
vt 3.980720 0.137922
vt 3.980403 0.142012
vt 3.640427 0.029324
vt 3.635636 0.031394
vt 3.626195 0.015562
vt 3.529670 0.193132
vt 3.525697 0.193041
vt 3.528111 0.194786
vt 3.525023 0.194978
vt 3.527271 0.196721
vt 3.524090 0.196747
vt 3.526199 0.198531
vt 3.522868 0.198671
vt 3.626244 0.026931
vt 3.626338 0.025001
vt 3.508767 0.456196
vt 3.508451 0.454261
vt 3.562073 0.375853
vt 3.679479 0.107225
vt 3.531073 0.182626
vt 3.538950 0.106421
vt 3.565590 0.380237
vt 3.525559 0.449295
vt 3.682936 0.102641
vt 3.643087 0.033758
vt 3.857478 0.309270
vt 3.864800 0.319672
vt 3.853552 0.309208
vt 3.535148 0.323617
vt 3.549037 0.321816
vt 3.537712 0.327891
vt 3.978473 0.564991
vt 3.979082 0.557587
vt 3.982471 0.557436
vt 3.785696 0.017643
vt 3.799748 0.019402
vt 3.797147 0.023736
vt 3.875166 0.412183
vt 3.880173 0.417458
vt 3.875935 0.417344
vt 3.991341 0.543837
vt 3.988550 0.539762
vt 3.992112 0.539708
vt 3.987770 0.543939
vt 3.988148 0.548370
vt 3.984886 0.548479
vt 3.879678 0.435967
vt 3.975073 0.565125
vt 3.974528 0.567172
vt 3.970996 0.567344
vt 3.801850 0.026023
vt 3.787684 0.039562
vt 3.804417 0.021644
vt 3.868897 0.319779
vt 3.869259 0.323334
vt 3.546482 0.317557
vt 3.553649 0.319646
vt 3.537110 0.301938
vt 3.551071 0.315350
vt 3.986920 0.550197
vt 3.983394 0.550288
vt 3.985859 0.551945
vt 3.982279 0.552102
vt 3.984477 0.553837
vt 3.981346 0.553944
vt 3.983380 0.555645
vt 3.980155 0.555781
vt 3.537357 0.311499
vt 3.537402 0.309652
vt 3.787823 0.028004
vt 3.787627 0.026044
vt 3.858202 0.402422
vt 3.870211 0.409540
vt 3.592334 0.397183
vt 3.995919 0.463390
vt 3.879215 0.412330
vt 3.596479 0.393983
vt 3.907121 0.299292
vt 3.910895 0.316675
vt 3.903290 0.298626
vt 3.200801 0.528275
vt 3.189294 0.527452
vt 3.201540 0.518897
vt 3.188052 0.565492
vt 3.189490 0.552782
vt 3.193461 0.552689
vt 3.885252 0.446376
vt 3.897024 0.445295
vt 3.897969 0.454059
vt 3.905549 0.449236
vt 3.902740 0.457375
vt 3.901985 0.448857
vt 3.205128 0.518520
vt 3.204747 0.528114
vt 3.200902 0.536329
vt 3.197206 0.536611
vt 3.906305 0.457707
vt 3.906859 0.486250
vt 3.184377 0.565660
vt 3.183153 0.567963
vt 3.179170 0.568047
vt 3.901957 0.483777
vt 3.914395 0.317550
vt 3.913901 0.323843
vt 3.188547 0.536117
vt 3.184462 0.530971
vt 3.183707 0.539438
vt 3.199433 0.539639
vt 3.195613 0.539842
vt 3.197801 0.542920
vt 3.194073 0.543084
vt 3.196231 0.546165
vt 3.192351 0.546308
vt 3.194491 0.549329
vt 3.191114 0.549618
vt 3.893773 0.464439
vt 3.892202 0.461192
vt 3.884871 0.436777
vt 3.175622 0.399363
vt 3.186720 0.380450
vt 3.172376 0.406495
vt 3.283189 0.053516
vt 3.277727 0.042467
vt 3.286014 0.054801
vt 3.658362 0.053030
vt 3.665678 0.042093
vt 3.670266 0.050399
vt 3.301844 0.448267
vt 3.303079 0.435461
vt 3.306447 0.435415
vt 3.405090 0.013363
vt 3.412409 0.024244
vt 3.400678 0.021231
vt 3.440495 0.350679
vt 3.444165 0.360684
vt 3.440964 0.360649
vt 3.311630 0.412577
vt 3.315231 0.403306
vt 3.314457 0.412664
vt 3.311929 0.420002
vt 3.308845 0.419869
vt 3.448258 0.393399
vt 3.285659 0.015957
vt 3.288813 0.016368
vt 3.289871 0.018856
vt 3.401151 0.052889
vt 3.396825 0.051164
vt 3.417011 0.015973
vt 3.417028 0.025456
vt 3.274986 0.041143
vt 3.274317 0.037517
vt 3.670253 0.040850
vt 3.654310 0.013363
vt 3.649982 0.015088
vt 3.310831 0.422977
vt 3.307643 0.422912
vt 3.309628 0.426020
vt 3.306592 0.425970
vt 3.308447 0.429064
vt 3.305381 0.429114
vt 3.307410 0.432168
vt 3.303896 0.432128
vt 3.653723 0.033916
vt 3.653403 0.031272
vt 3.400197 0.035019
vt 3.400492 0.032460
vt 3.450700 0.203518
vt 3.436939 0.349361
vt 3.428144 0.346254
vt 3.303336 0.406367
vt 3.289073 0.260071
vt 3.312253 0.403238
vt 3.292693 0.260685
vt 3.461327 0.203231
vt 3.465699 0.202954
vt 3.443478 0.350643
vt 3.299908 0.407691
vt 3.278562 0.259680
vt 3.181427 0.029162
vt 3.179465 0.019339
vt 3.183854 0.030395
vt 3.053605 0.085952
vt 3.061395 0.076309
vt 3.064784 0.082286
vt 3.774152 0.738480
vt 3.774645 0.729567
vt 3.776799 0.729498
vt 3.202315 0.326781
vt 3.210109 0.336364
vt 3.199026 0.332571
vt 3.913579 0.686456
vt 3.916545 0.692974
vt 3.914289 0.692908
vt 3.780030 0.713396
vt 3.782496 0.707126
vt 3.781862 0.713271
vt 3.780252 0.718574
vt 3.778001 0.718606
vt 3.919780 0.714654
vt 3.547782 0.017746
vt 3.547440 0.014442
vt 3.549659 0.013363
vt 3.202793 0.357946
vt 3.198475 0.356325
vt 3.213507 0.330435
vt 3.214559 0.337762
vt 3.177086 0.018128
vt 3.177323 0.014570
vt 3.065824 0.074896
vt 3.054008 0.054668
vt 3.049712 0.056323
vt 3.779574 0.720726
vt 3.777322 0.720757
vt 3.778967 0.722895
vt 3.776651 0.722925
vt 3.778218 0.725056
vt 3.775978 0.725115
vt 3.777504 0.727264
vt 3.775314 0.727298
vt 3.051203 0.071051
vt 3.051196 0.068988
vt 3.199939 0.343676
vt 3.199951 0.341639
vt 3.250519 0.231915
vt 3.101847 0.180904
vt 3.780256 0.707114
vt 3.772465 0.606448
vt 3.260942 0.237277
vt 3.217994 0.331744
vt 3.923808 0.586570
vt 3.915904 0.686491
vt 3.069252 0.080945
vt 3.112252 0.175509
vt 3.298408 0.265210
vt 3.303625 0.277516
vt 3.295040 0.264967
vt 3.657834 0.264492
vt 3.667357 0.255133
vt 3.670086 0.259786
vt 3.272245 0.470381
vt 3.272545 0.462838
vt 3.275788 0.462671
vt 3.542990 0.476535
vt 3.552548 0.485811
vt 3.540368 0.480905
vt 3.312335 0.343089
vt 3.316533 0.347876
vt 3.313220 0.347828
vt 3.280477 0.449090
vt 3.284608 0.444706
vt 3.283790 0.449088
vt 3.280987 0.453489
vt 3.277792 0.453553
vt 3.319872 0.364892
vt 3.481493 0.016624
vt 3.485010 0.016757
vt 3.486176 0.020175
vt 3.547467 0.504356
vt 3.542750 0.502140
vt 3.555292 0.481236
vt 3.557452 0.487608
vt 3.307178 0.278033
vt 3.306878 0.282533
vt 3.672281 0.253359
vt 3.662225 0.236600
vt 3.657495 0.238696
vt 3.280072 0.455328
vt 3.276600 0.455336
vt 3.278919 0.457117
vt 3.275523 0.457176
vt 3.277940 0.458956
vt 3.274489 0.459038
vt 3.276746 0.460808
vt 3.273501 0.460909
vt 3.657327 0.252044
vt 3.657568 0.250187
vt 3.542785 0.490746
vt 3.542518 0.488913
vt 3.591783 0.418331
vt 3.706258 0.322149
vt 3.281298 0.444689
vt 3.289876 0.373944
vt 3.595001 0.423273
vt 3.560254 0.482938
vt 3.310207 0.283341
vt 3.315651 0.343153
vt 3.709392 0.316921
vt 3.675072 0.258011
vt 3.683911 0.086498
vt 3.686403 0.075313
vt 3.685566 0.087795
vt 3.810181 0.471649
vt 3.820021 0.462169
vt 3.822469 0.466713
vt 3.809103 0.445839
vt 3.810592 0.453655
vt 3.809414 0.453891
vt 3.944643 0.447692
vt 3.954635 0.457206
vt 3.942288 0.451875
vt 3.961925 0.454601
vt 3.960501 0.459392
vt 3.959368 0.459127
vt 3.807776 0.467518
vt 3.808922 0.471837
vt 3.806575 0.467666
vt 3.808170 0.463179
vt 3.809271 0.463123
vt 3.950595 0.476377
vt 3.119780 0.018149
vt 3.117569 0.014462
vt 3.119394 0.013363
vt 3.949533 0.476205
vt 3.944824 0.473769
vt 3.957126 0.452725
vt 3.684529 0.074109
vt 3.686702 0.070242
vt 3.824732 0.460172
vt 3.814857 0.443239
vt 3.810242 0.445532
vt 3.808587 0.461471
vt 3.809772 0.461299
vt 3.808987 0.459652
vt 3.810164 0.459453
vt 3.809260 0.457784
vt 3.810364 0.457663
vt 3.809348 0.455985
vt 3.810573 0.455628
vt 3.944708 0.459914
vt 3.943888 0.456375
vt 3.977632 0.384451
vt 3.843084 0.534889
vt 3.841810 0.534884
vt 3.989921 0.389240
vt 3.994913 0.390901
vt 3.963092 0.454810
vt 3.827315 0.464740
vt 3.855244 0.530012
vt 3.644415 0.029906
vt 3.639985 0.019433
vt 3.646996 0.031173
vt 3.126999 0.049848
vt 3.134565 0.039759
vt 3.138783 0.047276
vt 3.086832 0.783675
vt 3.087827 0.773623
vt 3.090290 0.773646
vt 3.393146 0.125276
vt 3.400716 0.135311
vt 3.389124 0.132426
vt 3.611403 0.605069
vt 3.615082 0.613939
vt 3.611966 0.613960
vt 3.094262 0.755840
vt 3.097265 0.748702
vt 3.096734 0.755898
vt 3.094578 0.761581
vt 3.092092 0.761553
vt 3.618768 0.643240
vt 3.602873 0.018366
vt 3.603115 0.015165
vt 3.605602 0.014069
vt 3.390720 0.161605
vt 3.386386 0.160021
vt 3.404889 0.127876
vt 3.405285 0.136478
vt 3.637293 0.018184
vt 3.636938 0.014640
vt 3.139142 0.038586
vt 3.124522 0.013363
vt 3.120179 0.014951
vt 3.093692 0.763953
vt 3.091208 0.763896
vt 3.092818 0.766327
vt 3.090333 0.766271
vt 3.091944 0.768690
vt 3.089475 0.768689
vt 3.091194 0.771148
vt 3.088624 0.771137
vt 3.123153 0.032300
vt 3.122954 0.029893
vt 3.389121 0.145134
vt 3.389312 0.142787
vt 3.449361 0.013363
vt 3.183499 0.162349
vt 3.094788 0.748647
vt 3.081110 0.636053
vt 3.627723 0.472678
vt 3.608225 0.603945
vt 3.631395 0.473112
vt 3.614342 0.604989
vt 3.143461 0.046290
vt 3.195661 0.160541
vt 3.699173 0.155452
vt 3.705553 0.172483
vt 3.695305 0.154799
vt 3.565240 0.645091
vt 3.553309 0.647816
vt 3.566488 0.638412
vt 3.552512 0.675749
vt 3.553936 0.665481
vt 3.557654 0.665201
vt 3.692903 0.272491
vt 3.704893 0.275069
vt 3.705323 0.281416
vt 3.713995 0.279093
vt 3.711089 0.284691
vt 3.709968 0.278684
vt 3.569201 0.644836
vt 3.570362 0.638112
vt 3.565359 0.651793
vt 3.561527 0.652082
vt 3.715107 0.285050
vt 3.715265 0.306203
vt 3.548593 0.676082
vt 3.546870 0.678500
vt 3.542978 0.678779
vt 3.709615 0.303448
vt 3.709468 0.173262
vt 3.709750 0.179155
vt 3.552698 0.654101
vt 3.548138 0.651429
vt 3.547028 0.657377
vt 3.564049 0.654624
vt 3.560029 0.654809
vt 3.562234 0.657222
vt 3.558347 0.657480
vt 3.560886 0.659970
vt 3.556718 0.660160
vt 3.559247 0.662568
vt 3.555406 0.662826
vt 3.699880 0.284895
vt 3.696749 0.279458
vt 3.691740 0.265758
vt 3.552658 0.545748
vt 3.566803 0.527310
vt 3.713660 0.179972
vt 3.548473 0.552447
vt 3.888752 0.559749
vt 3.895688 0.574123
vt 3.884871 0.559285
vt 3.253864 0.706982
vt 3.241688 0.710041
vt 3.254888 0.701498
vt 3.241489 0.734182
vt 3.242497 0.724901
vt 3.246489 0.724643
vt 3.368116 0.086605
vt 3.381437 0.089290
vt 3.378662 0.093917
vt 3.908234 0.669326
vt 3.905277 0.674167
vt 3.904323 0.669058
vt 3.257895 0.706817
vt 3.258710 0.701332
vt 3.253620 0.712795
vt 3.249859 0.713047
vt 3.909200 0.674501
vt 3.908982 0.693007
vt 3.237481 0.734374
vt 3.236180 0.736944
vt 3.232403 0.737210
vt 3.903671 0.690244
vt 3.899906 0.671135
vt 3.898930 0.665909
vt 3.900159 0.574487
vt 3.900674 0.579283
vt 3.265965 0.040566
vt 3.272954 0.042270
vt 3.268699 0.045124
vt 3.255892 0.023596
vt 3.270208 0.037692
vt 3.252415 0.715330
vt 3.248218 0.715442
vt 3.250919 0.717632
vt 3.246778 0.717833
vt 3.249318 0.719955
vt 3.245270 0.720189
vt 3.247854 0.722298
vt 3.243958 0.722539
vt 3.240903 0.715193
vt 3.369384 0.098236
vt 3.369309 0.096180
vt 3.886447 0.657389
vt 3.245000 0.618444
vt 3.260287 0.603245
vt 3.240551 0.623761
vt 3.236928 0.713267
vt 3.192342 0.029398
vt 3.191486 0.018972
vt 3.194510 0.030690
vt 3.543909 0.288015
vt 3.551255 0.277185
vt 3.554397 0.282709
vt 3.860461 0.748341
vt 3.860664 0.739440
vt 3.862797 0.739278
vt 3.757909 0.326839
vt 3.765282 0.337685
vt 3.754795 0.332478
vt 3.057542 0.754497
vt 3.060026 0.760892
vt 3.058271 0.760587
vt 3.864643 0.722469
vt 3.867316 0.716216
vt 3.866920 0.722370
vt 3.865484 0.728004
vt 3.863378 0.728130
vt 3.063473 0.781403
vt 3.550153 0.029225
vt 3.549356 0.025934
vt 3.551437 0.024817
vt 3.758589 0.358227
vt 3.754377 0.356277
vt 3.768449 0.332106
vt 3.769505 0.339537
vt 3.189103 0.017815
vt 3.190193 0.014488
vt 3.555543 0.275166
vt 3.544554 0.256624
vt 3.540368 0.258536
vt 3.865011 0.730287
vt 3.862844 0.730399
vt 3.864488 0.732545
vt 3.862421 0.732669
vt 3.863793 0.734787
vt 3.861765 0.734920
vt 3.863281 0.736995
vt 3.861217 0.737178
vt 3.541584 0.273063
vt 3.541596 0.270999
vt 3.755621 0.343856
vt 3.755610 0.341802
vt 3.803235 0.237550
vt 3.589363 0.377616
vt 3.865273 0.716354
vt 3.858394 0.618776
vt 3.814285 0.241879
vt 3.772675 0.334031
vt 3.066670 0.654818
vt 3.059727 0.754623
vt 3.558648 0.280834
vt 3.600286 0.373140
vt 3.329014 0.030918
vt 3.330812 0.019615
vt 3.331010 0.032140
vt 3.711164 0.421724
vt 3.720395 0.411718
vt 3.723079 0.416515
vt 3.708769 0.393932
vt 3.710680 0.402371
vt 3.709503 0.402581
vt 3.255845 0.512197
vt 3.265067 0.522148
vt 3.253282 0.516728
vt 3.272443 0.519402
vt 3.270788 0.524574
vt 3.269666 0.524336
vt 3.708584 0.417114
vt 3.709967 0.421839
vt 3.707399 0.417299
vt 3.708711 0.412494
vt 3.709819 0.412433
vt 3.260133 0.542854
vt 3.116732 0.024141
vt 3.114977 0.020651
vt 3.116791 0.019551
vt 3.259092 0.542509
vt 3.254649 0.540048
vt 3.267839 0.517235
vt 3.329102 0.018388
vt 3.330699 0.014600
vt 3.724941 0.409437
vt 3.714264 0.391120
vt 3.709910 0.393740
vt 3.709070 0.410671
vt 3.710256 0.410543
vt 3.709389 0.408759
vt 3.710515 0.408511
vt 3.709522 0.406693
vt 3.710659 0.406447
vt 3.709595 0.404689
vt 3.710741 0.404447
vt 3.255401 0.527313
vt 3.255268 0.525250
vt 3.290095 0.446035
vt 3.745501 0.488283
vt 3.744286 0.488133
vt 3.302521 0.449856
vt 3.307496 0.451248
vt 3.273592 0.519605
vt 3.727750 0.414416
vt 3.757956 0.484275
vt 3.670861 0.068018
vt 3.673962 0.056520
vt 3.672081 0.069370
vt 3.288016 0.520999
vt 3.298331 0.511787
vt 3.300702 0.515747
vt 3.287941 0.496501
vt 3.289266 0.503940
vt 3.288119 0.504103
vt 3.456488 0.521379
vt 3.466823 0.530453
vt 3.454242 0.525129
vt 3.474136 0.528368
vt 3.472984 0.532708
vt 3.471699 0.532438
vt 3.285886 0.517082
vt 3.286842 0.521088
vt 3.284601 0.517346
vt 3.286371 0.513128
vt 3.287511 0.512940
vt 3.463615 0.548765
vt 3.117306 0.018304
vt 3.114959 0.014578
vt 3.116538 0.013363
vt 3.462436 0.548509
vt 3.457590 0.546020
vt 3.469122 0.526413
vt 3.672459 0.055331
vt 3.674623 0.051395
vt 3.303302 0.509784
vt 3.293954 0.493762
vt 3.289168 0.496140
vt 3.286889 0.511389
vt 3.288036 0.511288
vt 3.287298 0.509719
vt 3.288555 0.509408
vt 3.287721 0.507856
vt 3.288914 0.507619
vt 3.287950 0.506029
vt 3.289062 0.505812
vt 3.457370 0.534640
vt 3.456535 0.531099
vt 3.488005 0.461152
vt 3.319633 0.581017
vt 3.318291 0.581186
vt 3.500784 0.465725
vt 3.505880 0.467484
vt 3.475270 0.528637
vt 3.305583 0.513846
vt 3.332222 0.576439
vt 3.674862 0.077158
vt 3.676071 0.065912
vt 3.676692 0.078460
vt 3.727025 0.405401
vt 3.735435 0.394490
vt 3.738378 0.399764
vt 3.723227 0.375694
vt 3.725458 0.384549
vt 3.724371 0.384871
vt 3.942428 0.409776
vt 3.950614 0.420369
vt 3.939678 0.414652
vt 3.759597 0.699671
vt 3.762030 0.705943
vt 3.759864 0.705674
vt 3.724224 0.400378
vt 3.725884 0.405570
vt 3.723059 0.400561
vt 3.724035 0.395523
vt 3.725173 0.395354
vt 3.765324 0.727362
vt 3.076360 0.013735
vt 3.078375 0.016871
vt 3.075811 0.017244
vt 3.943954 0.441421
vt 3.939842 0.438859
vt 3.953538 0.415185
vt 3.954980 0.422665
vt 3.674145 0.064704
vt 3.675291 0.060968
vt 3.739795 0.392088
vt 3.724289 0.375415
vt 3.724321 0.393420
vt 3.725433 0.393214
vt 3.724516 0.391345
vt 3.725618 0.391107
vt 3.724575 0.389205
vt 3.725672 0.388937
vt 3.724536 0.387061
vt 3.725632 0.386774
vt 3.941154 0.425707
vt 3.941096 0.423624
vt 3.977868 0.340643
vt 3.763587 0.476749
vt 3.762289 0.476585
vt 3.990044 0.343996
vt 3.957858 0.417399
vt 3.765440 0.617249
vt 3.761570 0.699943
vt 3.742813 0.397495
vt 3.775999 0.473197
vt 3.798745 0.055957
vt 3.803058 0.044775
vt 3.800026 0.057270
vt 3.197938 0.567759
vt 3.208333 0.558605
vt 3.210399 0.562404
vt 3.618866 0.197558
vt 3.617346 0.188828
vt 3.618841 0.188435
vt 3.477108 0.531629
vt 3.487773 0.541039
vt 3.475121 0.535314
vt 3.494966 0.539305
vt 3.493963 0.543395
vt 3.492789 0.543263
vt 3.616164 0.173212
vt 3.618445 0.168631
vt 3.618268 0.173049
vt 3.618897 0.178001
vt 3.616793 0.178229
vt 3.485123 0.558461
vt 3.240263 0.020494
vt 3.237623 0.016696
vt 3.239157 0.015487
vt 3.483948 0.558186
vt 3.479046 0.555760
vt 3.489875 0.537230
vt 3.801800 0.043592
vt 3.804173 0.039536
vt 3.213295 0.556475
vt 3.204588 0.541635
vt 3.199796 0.544074
vt 3.618731 0.179991
vt 3.617238 0.180370
vt 3.619198 0.182180
vt 3.616941 0.182312
vt 3.618807 0.184129
vt 3.617272 0.184507
vt 3.619033 0.186338
vt 3.617137 0.186581
vt 3.198308 0.558418
vt 3.199170 0.555018
vt 3.478046 0.542931
vt 3.476950 0.539445
vt 3.508231 0.472678
vt 3.228597 0.625831
vt 3.616951 0.169002
vt 3.617537 0.097965
vt 3.520299 0.479521
vt 3.525359 0.481563
vt 3.496214 0.539636
vt 3.215513 0.560177
vt 3.240360 0.618887
vt 3.744684 0.036753
vt 3.749658 0.051924
vt 3.741328 0.036481
vt 3.138623 0.165923
vt 3.148363 0.156692
vt 3.151318 0.161617
vt 3.274885 0.671631
vt 3.275187 0.663561
vt 3.278331 0.663403
vt 3.391749 0.204364
vt 3.401497 0.213516
vt 3.388995 0.208953
vt 3.757805 0.104389
vt 3.762081 0.109637
vt 3.758773 0.109573
vt 3.282649 0.649255
vt 3.286791 0.644522
vt 3.285919 0.649192
vt 3.283152 0.653787
vt 3.280060 0.653859
vt 3.765503 0.127960
vt 3.799938 0.016634
vt 3.803525 0.016452
vt 3.804702 0.019748
vt 3.395833 0.233191
vt 3.391045 0.231003
vt 3.404433 0.208622
vt 3.406506 0.215279
vt 3.753105 0.052698
vt 3.752806 0.057716
vt 3.153355 0.154954
vt 3.142605 0.137036
vt 3.137833 0.139142
vt 3.282325 0.655678
vt 3.279005 0.655726
vt 3.281404 0.657607
vt 3.277980 0.657664
vt 3.280251 0.659495
vt 3.277052 0.659612
vt 3.279253 0.661478
vt 3.276045 0.661622
vt 3.137904 0.153018
vt 3.138123 0.151104
vt 3.391323 0.219077
vt 3.391100 0.217221
vt 3.433481 0.158908
vt 3.179857 0.210632
vt 3.283531 0.644532
vt 3.292434 0.582898
vt 3.436286 0.164572
vt 3.409548 0.210211
vt 3.756104 0.058716
vt 3.761108 0.104428
vt 3.182609 0.204746
vt 3.156412 0.160047
vt 3.506439 0.033712
vt 3.513320 0.021922
vt 3.507934 0.034804
vt 3.883484 0.533587
vt 3.897866 0.529406
vt 3.885444 0.537079
vt 3.886849 0.512711
vt 3.887529 0.519839
vt 3.886306 0.520249
vt 3.500567 0.610111
vt 3.511033 0.621257
vt 3.498610 0.613596
vt 3.518073 0.620688
vt 3.517290 0.624590
vt 3.516091 0.624148
vt 3.884221 0.537488
vt 3.882261 0.533997
vt 3.884097 0.529400
vt 3.885317 0.528989
vt 3.509267 0.638210
vt 3.556324 0.023895
vt 3.553417 0.020090
vt 3.554746 0.018834
vt 3.508051 0.637798
vt 3.503192 0.634851
vt 3.513057 0.617878
vt 3.511741 0.020991
vt 3.515053 0.016162
vt 3.900968 0.522987
vt 3.895922 0.525909
vt 3.892934 0.509347
vt 3.888028 0.512226
vt 3.884757 0.527535
vt 3.885984 0.527131
vt 3.885324 0.525687
vt 3.886478 0.525380
vt 3.885787 0.523844
vt 3.886940 0.523537
vt 3.886143 0.522006
vt 3.887295 0.521698
vt 3.502131 0.623735
vt 3.501669 0.621894
vt 3.541705 0.563869
vt 3.926281 0.582785
vt 3.913504 0.592701
vt 3.547852 0.567103
vt 3.519248 0.621176
vt 3.902929 0.526407
vt 3.858570 0.061316
vt 3.858918 0.050271
vt 3.860486 0.062611
vt 3.350532 0.348219
vt 3.364038 0.347576
vt 3.353496 0.353515
vt 3.027115 0.794882
vt 3.026943 0.785295
vt 3.028862 0.784977
vt 3.196515 0.422498
vt 3.210030 0.423156
vt 3.206986 0.428675
vt 3.412484 0.739179
vt 3.415041 0.745973
vt 3.412905 0.745673
vt 3.029834 0.766872
vt 3.032244 0.760709
vt 3.031793 0.766624
vt 3.030963 0.772536
vt 3.028966 0.772859
vt 3.418387 0.767303
vt 3.025079 0.795148
vt 3.026283 0.797528
vt 3.024241 0.797778
vt 3.210998 0.431182
vt 3.195865 0.447627
vt 3.214160 0.425472
vt 3.857314 0.049002
vt 3.857988 0.045422
vt 3.360937 0.342004
vt 3.368138 0.345127
vt 3.349847 0.323070
vt 3.364950 0.339490
vt 3.030635 0.774952
vt 3.028519 0.775185
vt 3.030153 0.777452
vt 3.028220 0.777785
vt 3.029776 0.780000
vt 3.027812 0.780314
vt 3.029324 0.782503
vt 3.027393 0.782811
vt 3.351378 0.338513
vt 3.351324 0.336264
vt 3.197338 0.434393
vt 3.197376 0.432127
vt 3.237816 0.341922
vt 3.199449 0.417238
vt 3.392028 0.429202
vt 3.030317 0.760918
vt 3.025696 0.676012
vt 3.249743 0.345229
vt 3.419662 0.649391
vt 3.414412 0.739564
vt 3.403933 0.425705
vt 3.286180 0.028437
vt 3.278257 0.015502
vt 3.289677 0.030332
vt 3.913127 0.191370
vt 3.902723 0.206096
vt 3.903183 0.195328
vt 3.901716 0.240102
vt 3.903251 0.226697
vt 3.906261 0.226550
vt 3.775256 0.191954
vt 3.785574 0.206718
vt 3.775602 0.202316
vt 3.789005 0.197662
vt 3.792693 0.208629
vt 3.789501 0.208637
vt 3.912615 0.201636
vt 3.916225 0.191341
vt 3.915880 0.201667
vt 3.912713 0.209662
vt 3.909686 0.209793
vt 3.797154 0.243038
vt 3.898362 0.240184
vt 3.897504 0.242168
vt 3.894402 0.242250
vt 3.565959 0.013363
vt 3.552533 0.045896
vt 3.548197 0.044035
vt 3.785090 0.195950
vt 3.829560 0.013363
vt 3.828320 0.018601
vt 3.824813 0.015900
vt 3.898848 0.207958
vt 3.085344 0.055002
vt 3.098775 0.087400
vt 3.081031 0.056853
vt 3.911572 0.213046
vt 3.908382 0.213048
vt 3.910119 0.216346
vt 3.907070 0.216393
vt 3.908990 0.219687
vt 3.905838 0.219791
vt 3.907678 0.223120
vt 3.904445 0.223248
vt 3.782516 0.220398
vt 3.781383 0.217045
vt 3.811581 0.020532
vt 3.875988 0.018599
vt 3.880025 0.020507
vt 3.792500 0.197688
vt 3.899040 0.197055
vt 3.862108 0.013363
vt 3.231525 0.625804
vt 3.232546 0.633090
vt 3.229199 0.625837
vt 3.097617 0.128686
vt 3.105298 0.118506
vt 3.108453 0.124289
vt 3.448373 0.757289
vt 3.448857 0.748520
vt 3.450795 0.748396
vt 3.076698 0.354618
vt 3.084308 0.364667
vt 3.073582 0.360310
vt 3.224574 0.736498
vt 3.227457 0.742973
vt 3.225351 0.742808
vt 3.453200 0.732051
vt 3.455944 0.725895
vt 3.455652 0.732038
vt 3.453932 0.737382
vt 3.451477 0.737374
vt 3.230820 0.764220
vt 3.599917 0.023870
vt 3.599380 0.020556
vt 3.601528 0.019457
vt 3.077450 0.385487
vt 3.073201 0.383706
vt 3.087556 0.359033
vt 3.088646 0.366291
vt 3.234786 0.633352
vt 3.233977 0.635945
vt 3.109569 0.116959
vt 3.098323 0.097798
vt 3.094080 0.099584
vt 3.453126 0.739482
vt 3.450989 0.739605
vt 3.452660 0.741695
vt 3.450536 0.741848
vt 3.452209 0.743937
vt 3.449931 0.744047
vt 3.451458 0.746120
vt 3.449324 0.746250
vt 3.095362 0.113999
vt 3.095374 0.111961
vt 3.074481 0.371335
vt 3.074447 0.369258
vt 3.124293 0.260812
vt 3.155052 0.215817
vt 3.453833 0.725998
vt 3.446067 0.624652
vt 3.134219 0.267353
vt 3.091922 0.360601
vt 3.226799 0.736612
vt 3.112827 0.122695
vt 3.027530 0.165792
vt 3.035073 0.181597
vt 3.023670 0.165190
vt 3.116203 0.680138
vt 3.104220 0.683173
vt 3.117326 0.674123
vt 3.103462 0.708996
vt 3.104788 0.699219
vt 3.108703 0.698931
vt 3.024745 0.275414
vt 3.036440 0.278452
vt 3.037494 0.284098
vt 3.045768 0.282221
vt 3.042806 0.287380
vt 3.041775 0.281863
vt 3.120066 0.679844
vt 3.121196 0.673793
vt 3.116358 0.686348
vt 3.112337 0.686612
vt 3.046791 0.287701
vt 3.046920 0.307354
vt 3.099495 0.709181
vt 3.097911 0.711755
vt 3.094080 0.711998
vt 3.041364 0.304592
vt 3.038453 0.182406
vt 3.039047 0.187836
vt 3.103171 0.688788
vt 3.099063 0.686645
vt 3.098041 0.692120
vt 3.114912 0.688973
vt 3.110893 0.689165
vt 3.113234 0.691473
vt 3.109160 0.691702
vt 3.111871 0.693973
vt 3.107679 0.694232
vt 3.110189 0.696467
vt 3.106222 0.696705
vt 3.031583 0.287054
vt 3.028457 0.281924
vt 3.023614 0.269357
vt 3.106371 0.586924
vt 3.121140 0.569724
vt 3.042911 0.188523
vt 3.101917 0.593036
vt 3.337804 0.303331
vt 3.341639 0.319132
vt 3.334506 0.302509
vt 3.513309 0.415281
vt 3.502180 0.412551
vt 3.513919 0.404935
vt 3.500602 0.454614
vt 3.502467 0.441111
vt 3.506347 0.441079
vt 3.310866 0.460549
vt 3.322405 0.457573
vt 3.322979 0.467352
vt 3.327318 0.460705
vt 3.331910 0.470387
vt 3.327803 0.470236
vt 3.517370 0.404683
vt 3.517204 0.415253
vt 3.513343 0.423901
vt 3.509659 0.423993
vt 3.335853 0.502180
vt 3.496925 0.454703
vt 3.495692 0.456692
vt 3.492236 0.456851
vt 3.327481 0.499941
vt 3.345407 0.319838
vt 3.344552 0.325970
vt 3.501160 0.422158
vt 3.497303 0.415709
vt 3.496176 0.425084
vt 3.511835 0.427305
vt 3.508123 0.427500
vt 3.510296 0.430678
vt 3.506578 0.430881
vt 3.508701 0.434161
vt 3.505080 0.434271
vt 3.507309 0.437622
vt 3.503857 0.437713
vt 3.319375 0.479472
vt 3.317780 0.475986
vt 3.310699 0.449970
vt 3.482690 0.274654
vt 3.493582 0.257339
vt 3.330782 0.461006
vt 3.480341 0.281744
vt 3.542079 0.013363
vt 3.542271 0.033197
vt 3.538292 0.013774
vt 3.073010 0.244586
vt 3.061372 0.261545
vt 3.061694 0.249824
vt 3.060092 0.297327
vt 3.062110 0.283295
vt 3.065187 0.283133
vt 3.493390 0.209137
vt 3.505029 0.226019
vt 3.493936 0.220534
vt 3.509010 0.216532
vt 3.513115 0.228357
vt 3.509868 0.228179
vt 3.072491 0.256000
vt 3.076448 0.244538
vt 3.075903 0.255924
vt 3.072468 0.265036
vt 3.068975 0.265114
vt 3.517602 0.264272
vt 3.056638 0.297447
vt 3.055607 0.299531
vt 3.052260 0.299618
vt 3.514252 0.264185
vt 3.509763 0.261979
vt 3.504546 0.214335
vt 3.545862 0.033010
vt 3.542654 0.044436
vt 3.056743 0.263739
vt 3.070941 0.268688
vt 3.067501 0.268749
vt 3.069532 0.272305
vt 3.065912 0.272391
vt 3.068081 0.275917
vt 3.064555 0.276030
vt 3.066700 0.279525
vt 3.063365 0.279663
vt 3.501765 0.240547
vt 3.500313 0.236932
vt 3.024029 0.068588
vt 3.031591 0.049371
vt 3.512744 0.216578
vt 3.023614 0.079991
vt 3.057113 0.251972
vt 3.712225 0.383390
vt 3.722391 0.369495
vt 3.723099 0.369593
vt 3.711518 0.383292
vt 3.721443 0.369336
vt 3.710726 0.383132
vt 3.720843 0.369119
vt 3.710126 0.382916
vt 3.720178 0.368853
vt 3.709354 0.382649
vt 3.719757 0.368544
vt 3.708933 0.382341
vt 3.719448 0.368202
vt 3.356722 0.027886
vt 3.363147 0.013738
vt 3.363754 0.014102
vt 3.356116 0.027523
vt 3.362522 0.013363
vt 3.245671 0.233094
vt 3.237270 0.244676
vt 3.244984 0.232811
vt 3.236604 0.244468
vt 3.244319 0.232603
vt 3.235981 0.244129
vt 3.243695 0.232264
vt 3.235416 0.243389
vt 3.243131 0.231803
vt 3.234929 0.242821
vt 3.242644 0.231074
vt 3.234534 0.242024
vt 3.242249 0.230105
vt 3.234243 0.241296
vt 3.241958 0.229377
vt 3.234065 0.240317
vt 3.241780 0.228489
vt 3.028981 0.013396
vt 3.038789 0.027132
vt 3.028253 0.013363
vt 3.038061 0.027165
vt 3.027315 0.013396
vt 3.037194 0.027262
vt 3.026428 0.013494
vt 3.036532 0.027421
vt 3.025765 0.013652
vt 3.035792 0.027637
vt 3.024952 0.013868
vt 3.035275 0.027903
vt 3.024435 0.014134
vt 3.034856 0.028211
vt 3.024015 0.014442
vt 3.034252 0.028552
vt 3.023614 0.014783
vt 3.131844 0.013363
vt 3.138237 0.027441
vt 3.131241 0.013725
vt 3.130618 0.014098
vt 3.455316 0.463048
vt 3.463748 0.474705
vt 3.463059 0.474776
vt 3.456005 0.462978
vt 3.464415 0.474395
vt 3.456672 0.462769
vt 3.465042 0.474054
vt 3.457299 0.462104
vt 3.465608 0.473591
vt 3.457865 0.461641
vt 3.466097 0.472785
vt 3.458354 0.460916
vt 3.466493 0.472125
vt 3.458750 0.460256
vt 3.466785 0.471195
vt 3.459043 0.459349
vt 3.466964 0.470416
vt 3.714103 0.383390
vt 3.723931 0.369625
vt 3.724871 0.369593
vt 3.713141 0.383422
vt 3.700844 0.397030
vt 3.700137 0.396932
vt 3.699311 0.396772
vt 3.698710 0.396556
vt 3.698030 0.396290
vt 3.697609 0.395981
vt 3.708624 0.381999
vt 3.349925 0.041514
vt 3.348693 0.040775
vt 3.355491 0.027147
vt 3.237956 0.244746
vt 3.229811 0.257090
vt 3.229146 0.256882
vt 3.228522 0.256543
vt 3.227958 0.255903
vt 3.227471 0.255335
vt 3.227076 0.254500
vt 3.226785 0.253772
vt 3.226607 0.252827
vt 3.039749 0.027165
vt 3.050410 0.040745
vt 3.049485 0.040777
vt 3.048778 0.040875
vt 3.047870 0.041034
vt 3.047271 0.041250
vt 3.046567 0.041516
vt 3.046148 0.041824
vt 3.045839 0.042165
vt 3.045563 0.042528
vt 3.034062 0.028916
vt 3.145001 0.041002
vt 3.137615 0.027815
vt 3.447831 0.450370
vt 3.448519 0.450204
vt 3.449187 0.449995
vt 3.449814 0.449655
vt 3.450380 0.449192
vt 3.450868 0.448416
vt 3.451265 0.447756
vt 3.451557 0.446755
vt 3.459221 0.458570
vt 3.702656 0.397030
vt 3.701729 0.397062
vt 3.689246 0.410588
vt 3.688310 0.410491
vt 3.687646 0.410331
vt 3.686840 0.410115
vt 3.686322 0.409849
vt 3.685901 0.409540
vt 3.697299 0.395640
vt 3.685592 0.409198
vt 3.697110 0.395275
vt 3.349319 0.041150
vt 3.342018 0.054321
vt 3.230498 0.257160
vt 3.222487 0.269984
vt 3.221822 0.269716
vt 3.221198 0.269376
vt 3.220634 0.268916
vt 3.220147 0.268122
vt 3.219752 0.267464
vt 3.219461 0.266485
vt 3.219282 0.265710
vt 3.051138 0.040777
vt 3.062071 0.054276
vt 3.061342 0.054309
vt 3.060324 0.054406
vt 3.059476 0.054565
vt 3.058877 0.054781
vt 3.058360 0.055047
vt 3.057828 0.055355
vt 3.057519 0.055696
vt 3.057330 0.056060
vt 3.151644 0.054481
vt 3.144379 0.041375
vt 3.440480 0.437398
vt 3.441168 0.437328
vt 3.441836 0.437119
vt 3.442462 0.436779
vt 3.443029 0.436192
vt 3.443517 0.435622
vt 3.443914 0.434757
vt 3.444206 0.434027
vt 3.451736 0.445976
vt 3.690774 0.410588
vt 3.690044 0.410621
vt 3.676218 0.423863
vt 3.675510 0.423766
vt 3.674592 0.423606
vt 3.673992 0.423390
vt 3.673401 0.423123
vt 3.672981 0.422815
vt 3.672671 0.422473
vt 3.685348 0.408834
vt 3.223859 0.269984
vt 3.216315 0.284157
vt 3.223173 0.270054
vt 3.215628 0.284087
vt 3.214963 0.283879
vt 3.214339 0.283539
vt 3.213775 0.283079
vt 3.213288 0.282432
vt 3.212893 0.281774
vt 3.212602 0.280767
vt 3.212424 0.279991
vt 3.062867 0.054309
vt 3.074897 0.067524
vt 3.072534 0.067813
vt 3.071935 0.068029
vt 3.071418 0.068295
vt 3.070706 0.068603
vt 3.070396 0.068944
vt 3.070207 0.069308
vt 3.432908 0.423132
vt 3.439791 0.437328
vt 3.433596 0.423202
vt 3.434285 0.423132
vt 3.434952 0.422923
vt 3.435579 0.422583
vt 3.436145 0.421798
vt 3.436634 0.421228
vt 3.437030 0.420425
vt 3.437322 0.419695
vt 3.444385 0.432905
vt 3.677922 0.423863
vt 3.677192 0.423896
vt 3.663140 0.437069
vt 3.662432 0.436971
vt 3.661445 0.436812
vt 3.660844 0.436595
vt 3.660326 0.436329
vt 3.659845 0.436020
vt 3.659535 0.435678
vt 3.672482 0.422109
vt 3.217000 0.284087
vt 3.209570 0.298556
vt 3.208884 0.298486
vt 3.208219 0.298278
vt 3.207594 0.297939
vt 3.207030 0.297412
vt 3.206543 0.296844
vt 3.206148 0.295831
vt 3.205857 0.295103
vt 3.205679 0.294283
vt 3.075869 0.067557
vt 3.088152 0.080703
vt 3.073325 0.067654
vt 3.085658 0.080992
vt 3.085059 0.081207
vt 3.084542 0.081474
vt 3.083874 0.081782
vt 3.083565 0.082123
vt 3.083375 0.082486
vt 3.426138 0.408615
vt 3.426827 0.408686
vt 3.427516 0.408615
vt 3.428183 0.408407
vt 3.428809 0.408066
vt 3.429376 0.407330
vt 3.429864 0.406760
vt 3.430261 0.405919
vt 3.430553 0.405189
vt 3.437501 0.418765
vt 3.664640 0.437069
vt 3.663910 0.437101
vt 3.649572 0.450142
vt 3.648782 0.450044
vt 3.648118 0.449885
vt 3.647246 0.449668
vt 3.646728 0.449402
vt 3.646308 0.449093
vt 3.645865 0.448751
vt 3.659346 0.435314
vt 3.210256 0.298486
vt 3.203042 0.313542
vt 3.202355 0.313472
vt 3.201690 0.313264
vt 3.201066 0.312778
vt 3.200502 0.312317
vt 3.200015 0.311750
vt 3.199620 0.310793
vt 3.199328 0.310066
vt 3.199151 0.309200
vt 3.088881 0.080735
vt 3.101732 0.093749
vt 3.100790 0.093783
vt 3.087190 0.080735
vt 3.100084 0.093880
vt 3.086484 0.080833
vt 3.099160 0.094039
vt 3.098561 0.094255
vt 3.098043 0.094521
vt 3.097529 0.094829
vt 3.097220 0.095170
vt 3.097030 0.095533
vt 3.419586 0.393562
vt 3.420275 0.393632
vt 3.420963 0.393562
vt 3.421631 0.393354
vt 3.422257 0.393013
vt 3.422824 0.392445
vt 3.423312 0.391875
vt 3.423709 0.391215
vt 3.424001 0.390196
vt 3.430732 0.404153
vt 3.651247 0.450142
vt 3.650302 0.450174
vt 3.635611 0.463090
vt 3.634657 0.462992
vt 3.633993 0.462833
vt 3.633393 0.462617
vt 3.632748 0.462351
vt 3.632328 0.462042
vt 3.198069 0.328442
vt 3.203727 0.313472
vt 3.204393 0.313264
vt 3.196718 0.328720
vt 3.196032 0.328650
vt 3.195366 0.328442
vt 3.194742 0.328103
vt 3.194178 0.327642
vt 3.193691 0.326936
vt 3.193296 0.326278
vt 3.193005 0.325279
vt 3.192827 0.324504
vt 3.102461 0.093783
vt 3.115665 0.106672
vt 3.114664 0.106705
vt 3.113958 0.106802
vt 3.113121 0.106961
vt 3.112522 0.107177
vt 3.111979 0.107443
vt 3.111560 0.107751
vt 3.111251 0.108092
vt 3.418919 0.393354
vt 3.413239 0.378094
vt 3.413928 0.378165
vt 3.414617 0.378094
vt 3.415284 0.377886
vt 3.415911 0.377545
vt 3.416477 0.377054
vt 3.416966 0.376484
vt 3.417362 0.375824
vt 3.417654 0.374901
vt 3.424180 0.389417
vt 3.637345 0.463090
vt 3.636341 0.463123
vt 3.621377 0.475922
vt 3.620584 0.475824
vt 3.619920 0.475665
vt 3.619120 0.475449
vt 3.618602 0.475182
vt 3.618182 0.474873
vt 3.632018 0.461700
vt 3.191937 0.343949
vt 3.197404 0.328650
vt 3.190586 0.344227
vt 3.189900 0.344157
vt 3.189234 0.343949
vt 3.188610 0.343610
vt 3.188046 0.343149
vt 3.187559 0.342581
vt 3.187164 0.341705
vt 3.186873 0.340977
vt 3.186695 0.340108
vt 3.116394 0.106705
vt 3.129871 0.119478
vt 3.129143 0.119510
vt 3.128243 0.119608
vt 3.127581 0.119767
vt 3.126788 0.119983
vt 3.126271 0.120248
vt 3.125852 0.120557
vt 3.125543 0.120898
vt 3.412572 0.377886
vt 3.407085 0.362339
vt 3.407774 0.362409
vt 3.408462 0.362339
vt 3.409130 0.362130
vt 3.409756 0.361790
vt 3.410323 0.361327
vt 3.410811 0.360757
vt 3.411208 0.359884
vt 3.411500 0.359153
vt 3.417833 0.374123
vt 3.622836 0.475922
vt 3.622106 0.475955
vt 3.606748 0.488644
vt 3.605963 0.488547
vt 3.605299 0.488388
vt 3.604699 0.488171
vt 3.603999 0.487905
vt 3.603579 0.487596
vt 3.617872 0.474532
vt 3.185983 0.359957
vt 3.191272 0.344157
vt 3.184632 0.360235
vt 3.183946 0.360165
vt 3.183281 0.359957
vt 3.182657 0.359618
vt 3.182093 0.359157
vt 3.181606 0.358389
vt 3.181211 0.357731
vt 3.180919 0.357003
vt 3.180741 0.356143
vt 3.130600 0.119510
vt 3.144470 0.132175
vt 3.143741 0.132207
vt 3.142875 0.132305
vt 3.142212 0.132464
vt 3.141613 0.132679
vt 3.140862 0.132946
vt 3.140442 0.133254
vt 3.140133 0.133595
vt 3.406417 0.362130
vt 3.401110 0.346255
vt 3.401799 0.346325
vt 3.402487 0.346255
vt 3.403155 0.346046
vt 3.403781 0.345705
vt 3.404347 0.345243
vt 3.404836 0.344415
vt 3.405233 0.343754
vt 3.405525 0.343024
vt 3.411679 0.358161
vt 3.608208 0.488644
vt 3.607478 0.488677
vt 3.591845 0.501267
vt 3.591137 0.501169
vt 3.590473 0.501010
vt 3.589708 0.500794
vt 3.589190 0.500527
vt 3.588770 0.500218
vt 3.603269 0.487254
vt 3.180195 0.376190
vt 3.185318 0.360165
vt 3.179529 0.376398
vt 3.178157 0.376596
vt 3.177492 0.376190
vt 3.176868 0.375851
vt 3.176304 0.375390
vt 3.175817 0.374822
vt 3.175421 0.374164
vt 3.175131 0.373255
vt 3.174953 0.372479
vt 3.145198 0.132207
vt 3.159343 0.144772
vt 3.158378 0.144804
vt 3.157671 0.144902
vt 3.157009 0.145061
vt 3.156153 0.145276
vt 3.155636 0.145542
vt 3.155216 0.145851
vt 3.154907 0.146191
vt 3.400442 0.346046
vt 3.395300 0.329967
vt 3.395989 0.330038
vt 3.396677 0.329967
vt 3.397345 0.329759
vt 3.397971 0.329418
vt 3.398538 0.328956
vt 3.399026 0.328386
vt 3.399423 0.327442
vt 3.399715 0.326712
vt 3.405704 0.342068
vt 3.593543 0.501267
vt 3.592813 0.501300
vt 3.577004 0.513758
vt 3.576297 0.513660
vt 3.575632 0.513501
vt 3.575032 0.513285
vt 3.574209 0.513018
vt 3.573789 0.512709
vt 3.588460 0.499877
vt 3.174484 0.392612
vt 3.173818 0.392820
vt 3.178843 0.376666
vt 3.172446 0.392820
vt 3.171781 0.392612
vt 3.171157 0.392273
vt 3.170593 0.391812
vt 3.170106 0.391244
vt 3.169710 0.390252
vt 3.169420 0.389524
vt 3.169241 0.388748
vt 3.160071 0.144804
vt 3.174154 0.157237
vt 3.173275 0.157270
vt 3.172569 0.157367
vt 3.171906 0.157526
vt 3.171307 0.157742
vt 3.170640 0.158008
vt 3.170220 0.158316
vt 3.169911 0.158657
vt 3.394633 0.329759
vt 3.389568 0.313427
vt 3.390257 0.313498
vt 3.390945 0.313427
vt 3.391613 0.313219
vt 3.392240 0.312878
vt 3.392806 0.312416
vt 3.393295 0.311846
vt 3.393691 0.311020
vt 3.393983 0.310289
vt 3.399894 0.325933
vt 3.578615 0.513758
vt 3.577885 0.513791
vt 3.561746 0.526011
vt 3.561038 0.525914
vt 3.560374 0.525754
vt 3.559774 0.525538
vt 3.559100 0.525271
vt 3.558680 0.524963
vt 3.573479 0.512368
vt 3.168806 0.409174
vt 3.167454 0.409452
vt 3.173132 0.392890
vt 3.166768 0.409382
vt 3.166102 0.409174
vt 3.165478 0.408835
vt 3.164914 0.408374
vt 3.164427 0.407806
vt 3.164032 0.407148
vt 3.163741 0.406250
vt 3.163563 0.405474
vt 3.174883 0.157270
vt 3.189382 0.169465
vt 3.188653 0.169498
vt 3.187695 0.169595
vt 3.187032 0.169755
vt 3.186433 0.169970
vt 3.185917 0.170236
vt 3.185497 0.170544
vt 3.185188 0.170885
vt 3.388901 0.313219
vt 3.383869 0.296757
vt 3.384557 0.296827
vt 3.385246 0.296757
vt 3.385914 0.296548
vt 3.386540 0.296208
vt 3.387107 0.295574
vt 3.387595 0.295004
vt 3.387992 0.294344
vt 3.388284 0.293614
vt 3.394162 0.309511
vt 3.563458 0.526011
vt 3.562476 0.526044
vt 3.547076 0.538202
vt 3.546369 0.538104
vt 3.545705 0.537945
vt 3.544862 0.537729
vt 3.544344 0.537462
vt 3.543924 0.537153
vt 3.558370 0.524621
vt 3.162905 0.425350
vt 3.168140 0.409382
vt 3.161553 0.425627
vt 3.160867 0.425557
vt 3.160202 0.425350
vt 3.159577 0.425010
vt 3.159013 0.424549
vt 3.158526 0.423982
vt 3.158131 0.423324
vt 3.157840 0.422596
vt 3.157662 0.421555
vt 3.190110 0.169498
vt 3.204022 0.181631
vt 3.203293 0.181664
vt 3.202587 0.181761
vt 3.201924 0.181921
vt 3.201325 0.182137
vt 3.200725 0.182402
vt 3.200305 0.182711
vt 3.199997 0.183052
vt 3.383201 0.296377
vt 3.377947 0.280261
vt 3.378635 0.280331
vt 3.379324 0.280261
vt 3.379992 0.280053
vt 3.380618 0.279712
vt 3.381184 0.279250
vt 3.381673 0.278680
vt 3.382070 0.278019
vt 3.382362 0.277289
vt 3.388463 0.292835
vt 3.548536 0.538201
vt 3.547806 0.538235
vt 3.531990 0.550199
vt 3.531282 0.550102
vt 3.530438 0.549942
vt 3.529838 0.549726
vt 3.529320 0.549460
vt 3.528899 0.549151
vt 3.543614 0.536812
vt 3.157053 0.441819
vt 3.162240 0.425557
vt 3.155701 0.442097
vt 3.155015 0.442027
vt 3.154349 0.441819
vt 3.153726 0.441480
vt 3.153162 0.441019
vt 3.152670 0.440451
vt 3.152275 0.439793
vt 3.151984 0.439065
vt 3.151805 0.438289
vt 3.204750 0.181664
vt 3.219257 0.193603
vt 3.218529 0.193636
vt 3.217643 0.193733
vt 3.216980 0.193892
vt 3.216381 0.194108
vt 3.215864 0.194373
vt 3.215445 0.194682
vt 3.215136 0.195023
vt 3.377279 0.280053
vt 3.372069 0.263572
vt 3.372758 0.263642
vt 3.373446 0.263572
vt 3.374114 0.263363
vt 3.374740 0.263023
vt 3.375311 0.262560
vt 3.375800 0.261990
vt 3.376196 0.261330
vt 3.376489 0.260600
vt 3.382540 0.276418
vt 3.533450 0.550199
vt 3.532720 0.550232
vt 3.516855 0.562036
vt 3.516147 0.561939
vt 3.515483 0.561779
vt 3.514883 0.561563
vt 3.514365 0.561297
vt 3.513945 0.560988
vt 3.528590 0.548809
vt 3.151270 0.458212
vt 3.156387 0.442027
vt 3.149920 0.458490
vt 3.149233 0.458420
vt 3.148565 0.458212
vt 3.147941 0.457873
vt 3.147377 0.457412
vt 3.146890 0.456844
vt 3.146495 0.456187
vt 3.146204 0.455459
vt 3.146020 0.454683
vt 3.219985 0.193636
vt 3.234182 0.205414
vt 3.233454 0.205446
vt 3.232747 0.205544
vt 3.232085 0.205703
vt 3.231485 0.205918
vt 3.230968 0.206185
vt 3.230549 0.206493
vt 3.230240 0.206834
vt 3.371402 0.263363
vt 3.366263 0.246921
vt 3.366951 0.246991
vt 3.367645 0.246921
vt 3.368313 0.246935
vt 3.368939 0.246594
vt 3.369506 0.246132
vt 3.369994 0.245562
vt 3.370391 0.244902
vt 3.370686 0.243948
vt 3.376667 0.259821
vt 3.518315 0.562036
vt 3.517585 0.562069
vt 3.502248 0.573904
vt 3.501540 0.573807
vt 3.500876 0.573647
vt 3.500276 0.573431
vt 3.499758 0.573165
vt 3.499337 0.572855
vt 3.513635 0.560646
vt 3.145336 0.474225
vt 3.150605 0.458420
vt 3.143984 0.474503
vt 3.143296 0.474433
vt 3.142630 0.474225
vt 3.142006 0.473885
vt 3.141442 0.473425
vt 3.140955 0.472857
vt 3.140554 0.472199
vt 3.140264 0.471471
vt 3.140085 0.470695
vt 3.140025 0.469895
vt 3.145960 0.453883
vt 3.248031 0.217290
vt 3.247325 0.217388
vt 3.246662 0.217547
vt 3.246063 0.217762
vt 3.245546 0.218028
vt 3.245127 0.218337
vt 3.244818 0.218677
vt 3.365595 0.246712
vt 3.360306 0.230850
vt 3.360995 0.230921
vt 3.361683 0.230850
vt 3.362351 0.230642
vt 3.362983 0.230301
vt 3.363549 0.229839
vt 3.364038 0.229269
vt 3.364435 0.228609
vt 3.364727 0.227878
vt 3.370865 0.243170
vt 3.364908 0.227099
vt 3.370925 0.242367
vt 3.502977 0.573937
vt 3.488017 0.585680
vt 3.487310 0.585582
vt 3.486645 0.585423
vt 3.486045 0.585207
vt 3.485527 0.584940
vt 3.485107 0.584631
vt 3.499028 0.572514
vt 3.139531 0.489824
vt 3.144670 0.474433
vt 3.138179 0.490102
vt 3.137493 0.490032
vt 3.136824 0.490040
vt 3.136200 0.489701
vt 3.135635 0.489240
vt 3.135149 0.488672
vt 3.134748 0.488015
vt 3.134457 0.487287
vt 3.134278 0.486511
vt 3.134218 0.485926
vt 3.248760 0.217257
vt 3.262626 0.229042
vt 3.261920 0.229139
vt 3.261257 0.229298
vt 3.260658 0.229511
vt 3.260141 0.229780
vt 3.259722 0.230088
vt 3.259413 0.230429
vt 3.359639 0.230642
vt 3.354479 0.214977
vt 3.355167 0.215047
vt 3.355856 0.214977
vt 3.356524 0.214769
vt 3.357155 0.214428
vt 3.357722 0.213966
vt 3.358210 0.213396
vt 3.358607 0.212953
vt 3.358903 0.212222
vt 3.489477 0.585680
vt 3.503707 0.573904
vt 3.488747 0.585713
vt 3.473742 0.597437
vt 3.473035 0.597339
vt 3.472371 0.597180
vt 3.471771 0.596964
vt 3.471252 0.596697
vt 3.470832 0.596388
vt 3.484797 0.584290
vt 3.133788 0.505471
vt 3.138865 0.490032
vt 3.132437 0.505749
vt 3.131748 0.505679
vt 3.131083 0.505471
vt 3.130458 0.505318
vt 3.129894 0.504857
vt 3.129401 0.504289
vt 3.129006 0.503632
vt 3.128715 0.502904
vt 3.128537 0.502128
vt 3.128471 0.501328
vt 3.263355 0.229009
vt 3.276648 0.240772
vt 3.275942 0.240869
vt 3.275353 0.241028
vt 3.274754 0.241244
vt 3.274237 0.241510
vt 3.273818 0.241818
vt 3.273509 0.242159
vt 3.273320 0.242523
vt 3.259027 0.230792
vt 3.349405 0.199374
vt 3.350093 0.199303
vt 3.350761 0.199095
vt 3.351387 0.198754
vt 3.351959 0.198292
vt 3.352448 0.197722
vt 3.352845 0.197061
vt 3.353137 0.196331
vt 3.359082 0.211444
vt 3.353319 0.195552
vt 3.359142 0.210641
vt 3.474473 0.597470
vt 3.460129 0.609238
vt 3.459422 0.609140
vt 3.458757 0.608980
vt 3.458157 0.608764
vt 3.457639 0.608498
vt 3.457219 0.608189
vt 3.470523 0.596047
vt 3.128096 0.520394
vt 3.133123 0.505679
vt 3.126743 0.520672
vt 3.126057 0.520602
vt 3.125391 0.520394
vt 3.124767 0.520055
vt 3.124197 0.519889
vt 3.123710 0.519322
vt 3.123315 0.518664
vt 3.123019 0.517936
vt 3.122841 0.517160
vt 3.278105 0.240775
vt 3.291062 0.252517
vt 3.277376 0.240739
vt 3.290489 0.252549
vt 3.289783 0.252647
vt 3.289121 0.252806
vt 3.288522 0.253019
vt 3.288005 0.253287
vt 3.287585 0.253596
vt 3.287276 0.253937
vt 3.348043 0.199013
vt 3.342999 0.184045
vt 3.348711 0.199222
vt 3.343688 0.184115
vt 3.344376 0.184045
vt 3.345049 0.183836
vt 3.345675 0.183495
vt 3.346241 0.183205
vt 3.346737 0.182635
vt 3.347133 0.181975
vt 3.347425 0.181244
vt 3.461319 0.609236
vt 3.475033 0.597437
vt 3.460589 0.609270
vt 3.446495 0.621022
vt 3.445787 0.620924
vt 3.445123 0.620765
vt 3.444523 0.620549
vt 3.444005 0.620282
vt 3.443585 0.619973
vt 3.456909 0.607847
vt 3.122628 0.535340
vt 3.127431 0.520602
vt 3.121277 0.535618
vt 3.120587 0.535548
vt 3.119921 0.535340
vt 3.119297 0.535001
vt 3.118728 0.534540
vt 3.118241 0.534183
vt 3.117846 0.533525
vt 3.117549 0.532797
vt 3.117371 0.532021
vt 3.291790 0.252549
vt 3.304592 0.264277
vt 3.304088 0.264309
vt 3.303382 0.264406
vt 3.302719 0.264563
vt 3.302120 0.264778
vt 3.301603 0.265044
vt 3.301184 0.265356
vt 3.300875 0.265696
vt 3.342331 0.183836
vt 3.337510 0.169053
vt 3.338199 0.169124
vt 3.338887 0.169053
vt 3.339560 0.168845
vt 3.340187 0.168504
vt 3.340753 0.168042
vt 3.341247 0.167720
vt 3.341643 0.167059
vt 3.341935 0.166329
vt 3.347604 0.180466
vt 3.447762 0.621022
vt 3.447032 0.621054
vt 3.433374 0.632938
vt 3.432667 0.632840
vt 3.432003 0.632681
vt 3.431402 0.632465
vt 3.431190 0.632198
vt 3.430769 0.631890
vt 3.443275 0.619631
vt 3.117205 0.549388
vt 3.121963 0.535548
vt 3.115854 0.549666
vt 3.115164 0.549596
vt 3.114498 0.549723
vt 3.113874 0.549383
vt 3.113304 0.548922
vt 3.112818 0.548355
vt 3.112422 0.547861
vt 3.112126 0.547134
vt 3.111948 0.546358
vt 3.305320 0.264309
vt 3.317644 0.276169
vt 3.317095 0.276201
vt 3.316388 0.276299
vt 3.315726 0.276455
vt 3.315127 0.276671
vt 3.314838 0.276937
vt 3.314419 0.277248
vt 3.314110 0.277589
vt 3.336842 0.168845
vt 3.332067 0.154463
vt 3.332755 0.154534
vt 3.333444 0.154715
vt 3.334117 0.154507
vt 3.334743 0.154166
vt 3.335310 0.153704
vt 3.335804 0.153134
vt 3.336200 0.152671
vt 3.336493 0.151940
vt 3.342118 0.165550
vt 3.434684 0.632938
vt 3.434104 0.632971
vt 3.420820 0.644942
vt 3.420113 0.644845
vt 3.419449 0.644685
vt 3.419014 0.644469
vt 3.418496 0.644203
vt 3.418076 0.643894
vt 3.430460 0.631548
vt 3.111941 0.563303
vt 3.116540 0.549596
vt 3.110589 0.563581
vt 3.109903 0.563511
vt 3.109238 0.563303
vt 3.108607 0.563145
vt 3.108042 0.562684
vt 3.107555 0.562116
vt 3.107155 0.561458
vt 3.106856 0.560928
vt 3.106678 0.560152
vt 3.318372 0.276201
vt 3.330202 0.288146
vt 3.329509 0.288178
vt 3.328803 0.288276
vt 3.328140 0.288435
vt 3.327874 0.288650
vt 3.327357 0.288916
vt 3.326937 0.289225
vt 3.326628 0.289566
vt 3.331399 0.154255
vt 3.326778 0.140663
vt 3.327466 0.140733
vt 3.328155 0.140663
vt 3.328830 0.140454
vt 3.329462 0.140480
vt 3.330028 0.140018
vt 3.330517 0.139448
vt 3.330920 0.138826
vt 3.331212 0.138096
vt 3.336675 0.151162
vt 3.422100 0.644942
vt 3.421551 0.644974
vt 3.408874 0.657062
vt 3.408167 0.656965
vt 3.407580 0.656806
vt 3.406980 0.656589
vt 3.406461 0.656323
vt 3.406041 0.656014
vt 3.417766 0.643552
vt 3.405732 0.655672
vt 3.417576 0.643188
vt 3.111275 0.563511
vt 3.105376 0.576520
vt 3.104686 0.576450
vt 3.104021 0.576242
vt 3.103399 0.575903
vt 3.102829 0.575527
vt 3.102342 0.574959
vt 3.101947 0.574501
vt 3.101651 0.573773
vt 3.101472 0.572998
vt 3.330931 0.288178
vt 3.342049 0.300292
vt 3.341321 0.300324
vt 3.340614 0.300422
vt 3.340187 0.300578
vt 3.339588 0.300794
vt 3.339071 0.301059
vt 3.338651 0.301371
vt 3.121405 0.043255
vt 3.116231 0.028583
vt 3.122121 0.043644
vt 3.338382 0.302028
vt 3.326439 0.289929
vt 3.321629 0.127497
vt 3.322318 0.127567
vt 3.323006 0.127497
vt 3.323679 0.127288
vt 3.324306 0.126947
vt 3.324872 0.126744
vt 3.325366 0.126174
vt 3.325762 0.125514
vt 3.326055 0.124951
vt 3.331391 0.137317
vt 3.410151 0.657062
vt 3.409604 0.657095
vt 3.397332 0.669307
vt 3.396625 0.669209
vt 3.396154 0.669050
vt 3.395554 0.668834
vt 3.395036 0.668568
vt 3.394616 0.668258
vt 3.394306 0.667917
vt 3.405542 0.655308
vt 3.106140 0.576702
vt 3.100424 0.589297
vt 3.099734 0.589227
vt 3.099068 0.589019
vt 3.098444 0.588680
vt 3.097875 0.588431
vt 3.097388 0.587863
vt 3.096993 0.587299
vt 3.096696 0.586571
vt 3.096519 0.585795
vt 3.342625 0.300327
vt 3.353747 0.312464
vt 3.353019 0.312497
vt 3.352584 0.312594
vt 3.351922 0.312751
vt 3.351323 0.312966
vt 3.351059 0.313233
vt 3.350640 0.313543
vt 3.115425 0.028482
vt 3.110456 0.013753
vt 3.338572 0.301664
vt 3.350142 0.314248
vt 3.316581 0.114533
vt 3.317270 0.114603
vt 3.317958 0.114533
vt 3.318631 0.114604
vt 3.319258 0.114264
vt 3.319824 0.113801
vt 3.320318 0.113531
vt 3.320714 0.112871
vt 3.321007 0.112140
vt 3.326238 0.124172
vt 3.398707 0.669307
vt 3.397977 0.669340
vt 3.386322 0.681666
vt 3.385789 0.681569
vt 3.385125 0.681409
vt 3.384551 0.681193
vt 3.384033 0.680926
vt 3.383613 0.680618
vt 3.383303 0.680276
vt 3.394116 0.667553
vt 3.101110 0.589227
vt 3.095479 0.601358
vt 3.094793 0.601288
vt 3.094128 0.601080
vt 3.093504 0.600769
vt 3.092933 0.600309
vt 3.092446 0.599932
vt 3.092051 0.599274
vt 3.091755 0.598846
vt 3.091577 0.598070
vt 3.354277 0.312497
vt 3.364970 0.324799
vt 3.364241 0.324832
vt 3.363535 0.324929
vt 3.362998 0.325088
vt 3.362399 0.325301
vt 3.361882 0.325570
vt 3.361703 0.325878
vt 3.361394 0.326219
vt 3.350331 0.313884
vt 3.361205 0.326582
vt 3.311622 0.102338
vt 3.312310 0.102408
vt 3.312999 0.102602
vt 3.313672 0.102393
vt 3.314298 0.102053
vt 3.314864 0.101590
vt 3.315360 0.101159
vt 3.315756 0.100499
vt 3.316048 0.100040
vt 3.321189 0.111581
vt 3.387509 0.681665
vt 3.387053 0.681699
vt 3.375934 0.694165
vt 3.375322 0.694068
vt 3.374658 0.693909
vt 3.374259 0.693692
vt 3.373741 0.693426
vt 3.373320 0.693117
vt 3.529400 0.025350
vt 3.533042 0.013363
vt 3.533608 0.013702
vt 3.096168 0.601288
vt 3.090532 0.612641
vt 3.089842 0.612571
vt 3.089177 0.612363
vt 3.088553 0.612243
vt 3.087989 0.611782
vt 3.087496 0.611215
vt 3.087101 0.610662
vt 3.086810 0.609934
vt 3.086631 0.609445
vt 3.365452 0.324832
vt 3.375293 0.337272
vt 3.374565 0.337305
vt 3.373940 0.337403
vt 3.373278 0.337561
vt 3.372679 0.337777
vt 3.372433 0.338043
vt 3.372014 0.338351
vt 3.371705 0.338692
vt 3.024181 0.018144
vt 3.027833 0.030161
vt 3.023614 0.018484
vt 3.306653 0.090971
vt 3.307347 0.091041
vt 3.308035 0.090971
vt 3.308703 0.091061
vt 3.309330 0.090721
vt 3.309902 0.090258
vt 3.310390 0.089779
vt 3.310787 0.089118
vt 3.311079 0.088624
vt 3.316227 0.099261
vt 3.377132 0.694165
vt 3.376664 0.694198
vt 3.366288 0.706763
vt 3.365581 0.706665
vt 3.365032 0.706506
vt 3.364432 0.706290
vt 3.364085 0.706027
vt 3.363665 0.705719
vt 3.373011 0.692775
vt 3.524611 0.036754
vt 3.528835 0.025010
vt 3.524028 0.036404
vt 3.528252 0.024661
vt 3.084877 0.623154
vt 3.084208 0.623112
vt 3.083583 0.622773
vt 3.083019 0.622312
vt 3.082532 0.621871
vt 3.082132 0.621213
vt 3.081841 0.620734
vt 3.081662 0.620232
vt 3.375808 0.337308
vt 3.384899 0.349852
vt 3.384335 0.349885
vt 3.383628 0.349981
vt 3.383199 0.350141
vt 3.382600 0.350353
vt 3.382083 0.350622
vt 3.381704 0.350931
vt 3.381395 0.351272
vt 3.028400 0.029820
vt 3.032064 0.041936
vt 3.027244 0.030514
vt 3.302359 0.080359
vt 3.303055 0.080266
vt 3.303722 0.080102
vt 3.304354 0.079761
vt 3.304921 0.079556
vt 3.305409 0.078986
vt 3.305806 0.078506
vt 3.306102 0.077776
vt 3.311261 0.087845
vt 3.367521 0.706763
vt 3.366791 0.706796
vt 3.357198 0.719454
vt 3.356490 0.719357
vt 3.356029 0.719198
vt 3.355428 0.718981
vt 3.354976 0.718714
vt 3.354555 0.718406
vt 3.363356 0.705377
vt 3.525176 0.037093
vt 3.520322 0.048576
vt 3.519738 0.048226
vt 3.085563 0.623224
vt 3.079829 0.633141
vt 3.079164 0.633004
vt 3.078539 0.632665
vt 3.077975 0.632426
vt 3.077488 0.631858
vt 3.077087 0.631510
vt 3.076796 0.630783
vt 3.076618 0.630087
vt 3.385628 0.349885
vt 3.394081 0.362514
vt 3.393353 0.362547
vt 3.392939 0.362644
vt 3.392276 0.362803
vt 3.391806 0.363018
vt 3.391289 0.363284
vt 3.390870 0.363593
vt 3.390561 0.363934
vt 3.036930 0.053448
vt 3.032631 0.041596
vt 3.036363 0.053789
vt 3.031479 0.042286
vt 3.297297 0.070254
vt 3.297985 0.070184
vt 3.298653 0.069975
vt 3.299285 0.069777
vt 3.299851 0.069315
vt 3.300340 0.069067
vt 3.300737 0.068407
vt 3.301029 0.067907
vt 3.306281 0.077271
vt 3.358375 0.719454
vt 3.357645 0.719487
vt 3.348710 0.732223
vt 3.348002 0.732125
vt 3.347430 0.731966
vt 3.346830 0.731750
vt 3.346434 0.731483
vt 3.346013 0.731174
vt 3.354246 0.718065
vt 3.520887 0.048916
vt 3.515897 0.060474
vt 3.515313 0.060124
vt 3.514730 0.059774
vt 3.519153 0.047875
vt 3.073957 0.642430
vt 3.073333 0.642090
vt 3.072769 0.641730
vt 3.072282 0.641163
vt 3.071887 0.640805
vt 3.071596 0.640077
vt 3.071412 0.639532
vt 3.394600 0.362547
vt 3.402565 0.375256
vt 3.401837 0.375289
vt 3.401359 0.375386
vt 3.400696 0.375545
vt 3.400323 0.375761
vt 3.399806 0.376027
vt 3.399500 0.376334
vt 3.399191 0.376675
vt 3.041367 0.065375
vt 3.040800 0.065715
vt 3.035778 0.054140
vt 3.040215 0.066066
vt 3.035193 0.054490
vt 3.292765 0.060795
vt 3.293433 0.060586
vt 3.294060 0.060246
vt 3.294626 0.060032
vt 3.295115 0.059462
vt 3.295511 0.059054
vt 3.350393 0.732124
vt 3.359009 0.719355
vt 3.349685 0.732221
vt 3.349166 0.732255
vt 3.340962 0.745113
vt 3.340380 0.745020
vt 3.339715 0.744860
vt 3.339394 0.744644
vt 3.338876 0.744378
vt 3.338525 0.744069
vt 3.345704 0.730832
vt 3.516462 0.060813
vt 3.511205 0.072490
vt 3.510622 0.072140
vt 3.510039 0.071790
vt 3.509473 0.071450
vt 3.514162 0.059433
vt 3.067817 0.650241
vt 3.067253 0.650086
vt 3.066761 0.649518
vt 3.066367 0.648997
vt 3.066075 0.648524
vt 3.403695 0.375389
vt 3.410680 0.388160
vt 3.403199 0.375289
vt 3.410221 0.388127
vt 3.409570 0.388160
vt 3.408864 0.388257
vt 3.408406 0.388412
vt 3.407807 0.388627
vt 3.407410 0.388893
vt 3.406990 0.389201
vt 3.406681 0.389543
vt 3.046069 0.077421
vt 3.045502 0.077761
vt 3.044917 0.078111
vt 3.039626 0.066420
vt 3.287222 0.052413
vt 3.287890 0.052204
vt 3.288516 0.051995
vt 3.289087 0.051532
vt 3.289576 0.051189
vt 3.289973 0.050614
vt 3.295806 0.058428
vt 3.290265 0.049884
vt 3.295985 0.057649
vt 3.342190 0.745113
vt 3.341692 0.745146
vt 3.333841 0.758004
vt 3.333230 0.757906
vt 3.332566 0.757747
vt 3.332155 0.757531
vt 3.331637 0.757264
vt 3.331217 0.756956
vt 3.338216 0.743727
vt 3.511770 0.072829
vt 3.506336 0.084498
vt 3.505752 0.084147
vt 3.505169 0.083798
vt 3.504603 0.083458
vt 3.068441 0.650580
vt 3.062089 0.658384
vt 3.061525 0.657923
vt 3.061038 0.657461
vt 3.060643 0.657059
vt 3.060352 0.656331
vt 3.411386 0.388257
vt 3.418013 0.401022
vt 3.417465 0.400990
vt 3.416736 0.401022
vt 3.416035 0.401120
vt 3.415570 0.401279
vt 3.414972 0.401495
vt 3.414455 0.401761
vt 3.414378 0.402069
vt 3.414069 0.402410
vt 3.050944 0.089466
vt 3.050376 0.089806
vt 3.049792 0.090157
vt 3.044332 0.078462
vt 3.049207 0.090507
vt 3.043766 0.078803
vt 3.282149 0.044438
vt 3.282775 0.044097
vt 3.283341 0.043853
vt 3.283830 0.043283
vt 3.284227 0.042629
vt 3.284519 0.042096
vt 3.290443 0.049402
vt 3.334841 0.758003
vt 3.334338 0.758037
vt 3.326954 0.770838
vt 3.326419 0.770741
vt 3.325934 0.770581
vt 3.325334 0.770365
vt 3.324862 0.770099
vt 3.324442 0.769790
vt 3.330907 0.756614
vt 3.506902 0.084837
vt 3.501321 0.096457
vt 3.500738 0.096107
vt 3.500154 0.095757
vt 3.499588 0.095418
vt 3.499058 0.095100
vt 3.504073 0.083140
vt 3.055624 0.665389
vt 3.055138 0.664821
vt 3.054743 0.664353
vt 3.054452 0.663849
vt 3.418494 0.401120
vt 3.424632 0.413831
vt 3.424225 0.413798
vt 3.423523 0.413831
vt 3.423095 0.413928
vt 3.422433 0.414087
vt 3.421941 0.414303
vt 3.421424 0.414569
vt 3.421005 0.414877
vt 3.056504 0.101136
vt 3.051476 0.089147
vt 3.055972 0.101455
vt 3.054820 0.102146
vt 3.054235 0.102497
vt 3.048641 0.090848
vt 3.276227 0.036755
vt 3.276854 0.036532
vt 3.277420 0.036070
vt 3.277909 0.035808
vt 3.278306 0.035147
vt 3.278598 0.034445
vt 3.284698 0.041318
vt 3.328209 0.770838
vt 3.327684 0.770871
vt 3.320997 0.783752
vt 3.320321 0.783654
vt 3.319842 0.783495
vt 3.319242 0.783279
vt 3.318724 0.783012
vt 3.318532 0.782703
vt 3.324132 0.769448
vt 3.501886 0.096797
vt 3.495923 0.108491
vt 3.495339 0.108140
vt 3.494756 0.107791
vt 3.494191 0.107451
vt 3.493660 0.107133
vt 3.493181 0.106845
vt 3.498578 0.094812
vt 3.048788 0.671506
vt 3.048393 0.670883
vt 3.048102 0.670403
vt 3.047924 0.669783
vt 3.054274 0.663073
vt 3.430012 0.426686
vt 3.429490 0.426718
vt 3.428961 0.426816
vt 3.428298 0.426975
vt 3.427904 0.427190
vt 3.427387 0.427456
vt 3.427270 0.427764
vt 3.061915 0.113200
vt 3.061383 0.113519
vt 3.055405 0.101795
vt 3.060231 0.114210
vt 3.059647 0.114561
vt 3.053668 0.102838
vt 3.059080 0.114901
vt 3.053136 0.103157
vt 3.058548 0.115221
vt 3.052656 0.103445
vt 3.271048 0.029604
vt 3.271536 0.029034
vt 3.271933 0.028569
vt 3.272225 0.028067
vt 3.278777 0.034022
vt 3.322230 0.783751
vt 3.321501 0.783785
vt 3.316243 0.796827
vt 3.315661 0.796729
vt 3.314997 0.796570
vt 3.314608 0.796354
vt 3.314090 0.796087
vt 3.491103 0.121332
vt 3.496488 0.108830
vt 3.497019 0.109148
vt 3.490007 0.120674
vt 3.489423 0.120324
vt 3.488840 0.119974
vt 3.488275 0.119635
vt 3.487744 0.119317
vt 3.487264 0.119029
vt 3.486851 0.118781
vt 3.492766 0.106597
vt 3.041434 0.676095
vt 3.041143 0.675591
vt 3.040965 0.674973
vt 3.430740 0.426719
vt 3.434881 0.439734
vt 3.434153 0.439767
vt 3.433710 0.439864
vt 3.433236 0.440024
vt 3.432637 0.440239
vt 3.432225 0.440505
vt 3.062396 0.112912
vt 3.067846 0.125415
vt 3.067314 0.125734
vt 3.060816 0.113859
vt 3.066747 0.126074
vt 3.066163 0.126425
vt 3.065578 0.126776
vt 3.065011 0.127116
vt 3.064479 0.127435
vt 3.058067 0.115509
vt 3.063998 0.127724
vt 3.057652 0.115758
vt 3.063583 0.127973
vt 3.057315 0.115960
vt 3.264948 0.023429
vt 3.265240 0.022858
vt 3.272404 0.027444
vt 3.317354 0.796827
vt 3.316768 0.796860
vt 3.311343 0.809799
vt 3.310635 0.809702
vt 3.310191 0.809543
vt 3.309591 0.809326
vt 3.309376 0.809060
vt 3.313670 0.795778
vt 3.485228 0.133421
vt 3.490572 0.121013
vt 3.484697 0.133102
vt 3.483548 0.132413
vt 3.482965 0.132063
vt 3.482399 0.131724
vt 3.481869 0.131405
vt 3.481389 0.131118
vt 3.480975 0.130869
vt 3.041829 0.676753
vt 3.034522 0.681530
vt 3.034231 0.680802
vt 3.034053 0.680248
vt 3.435465 0.439767
vt 3.439680 0.452681
vt 3.439180 0.452714
vt 3.438603 0.452811
vt 3.437940 0.452970
vt 3.437630 0.453183
vt 3.437113 0.453450
vt 3.436694 0.453758
vt 3.431806 0.440813
vt 3.073205 0.137851
vt 3.072639 0.138191
vt 3.072054 0.138542
vt 3.071469 0.138893
vt 3.070902 0.139233
vt 3.070370 0.139552
vt 3.069889 0.139841
vt 3.069474 0.140090
vt 3.063246 0.128175
vt 3.258012 0.018139
vt 3.258304 0.017408
vt 3.265419 0.022079
vt 3.312542 0.809799
vt 3.312014 0.809832
vt 3.307627 0.823032
vt 3.307180 0.822934
vt 3.306516 0.822775
vt 3.306007 0.822559
vt 3.479458 0.146061
vt 3.485707 0.133708
vt 3.478978 0.145773
vt 3.477882 0.145115
vt 3.484131 0.132763
vt 3.477299 0.144766
vt 3.476716 0.144416
vt 3.476150 0.144076
vt 3.475620 0.143758
vt 3.475140 0.143470
vt 3.474726 0.143222
vt 3.441975 0.453186
vt 3.444969 0.466200
vt 3.441435 0.452970
vt 3.444572 0.466040
vt 3.440772 0.452811
vt 3.443962 0.465943
vt 3.440267 0.452714
vt 3.443382 0.465910
vt 3.442654 0.465943
vt 3.442221 0.466040
vt 3.441687 0.466200
vt 3.441088 0.466415
vt 3.440716 0.466681
vt 3.440297 0.466990
vt 3.073737 0.137532
vt 3.079469 0.150237
vt 3.078869 0.150555
vt 3.078285 0.150906
vt 3.077700 0.151257
vt 3.077133 0.151597
vt 3.076601 0.151916
vt 3.076120 0.152205
vt 3.075705 0.152454
vt 3.069136 0.140294
vt 3.250672 0.013930
vt 3.309432 0.822934
vt 3.313108 0.809702
vt 3.308820 0.823032
vt 3.308091 0.823065
vt 3.304575 0.836410
vt 3.303868 0.836313
vt 3.303536 0.836153
vt 3.302958 0.835937
vt 3.305605 0.822316
vt 3.473097 0.158505
vt 3.472087 0.157899
vt 3.478448 0.145455
vt 3.471521 0.157560
vt 3.470938 0.157210
vt 3.470355 0.156860
vt 3.469790 0.156521
vt 3.469259 0.156202
vt 3.468779 0.155914
vt 3.468365 0.155666
vt 3.445568 0.466415
vt 3.448180 0.479527
vt 3.447517 0.479368
vt 3.447104 0.479271
vt 3.446496 0.479238
vt 3.445966 0.479271
vt 3.445259 0.479367
vt 3.444821 0.479526
vt 3.444379 0.479742
vt 3.443862 0.480008
vt 3.443442 0.480316
vt 3.080001 0.149918
vt 3.085846 0.162712
vt 3.085279 0.163053
vt 3.084695 0.163403
vt 3.084110 0.163754
vt 3.083543 0.164094
vt 3.083011 0.164414
vt 3.082530 0.164702
vt 3.307344 0.835936
vt 3.309947 0.822775
vt 3.310273 0.822559
vt 3.306942 0.836153
vt 3.306279 0.836312
vt 3.305692 0.836410
vt 3.305256 0.836443
vt 3.302265 0.849967
vt 3.301838 0.849869
vt 3.301229 0.849710
vt 3.300628 0.849493
vt 3.302440 0.835671
vt 3.300267 0.849227
vt 3.302020 0.835362
vt 3.472617 0.158217
vt 3.465470 0.170531
vt 3.464904 0.170192
vt 3.464321 0.169842
vt 3.463738 0.169492
vt 3.463172 0.169153
vt 3.462642 0.168834
vt 3.462162 0.168547
vt 3.461748 0.168298
vt 3.448729 0.479743
vt 3.450435 0.493056
vt 3.449876 0.492897
vt 3.449377 0.492799
vt 3.448648 0.492767
vt 3.448067 0.492799
vt 3.447690 0.492897
vt 3.447145 0.493056
vt 3.446547 0.493272
vt 3.446217 0.493538
vt 3.445798 0.493846
vt 3.093012 0.175058
vt 3.086378 0.162393
vt 3.092480 0.175377
vt 3.091913 0.175718
vt 3.091328 0.176068
vt 3.090744 0.176419
vt 3.090176 0.176759
vt 3.089644 0.177078
vt 3.089164 0.177367
vt 3.082116 0.164951
vt 3.088749 0.177616
vt 3.081779 0.165153
vt 3.304639 0.849710
vt 3.304122 0.849869
vt 3.303621 0.849967
vt 3.302891 0.849999
vt 3.300706 0.863676
vt 3.299998 0.863578
vt 3.299570 0.863419
vt 3.299250 0.863203
vt 3.298732 0.862936
vt 3.299847 0.848918
vt 3.466000 0.170850
vt 3.458685 0.183306
vt 3.458120 0.182967
vt 3.457537 0.182617
vt 3.456954 0.182267
vt 3.456388 0.181928
vt 3.455857 0.181609
vt 3.455378 0.181322
vt 3.454964 0.181073
vt 3.450754 0.493272
vt 3.452062 0.506738
vt 3.451400 0.506579
vt 3.450963 0.506481
vt 3.450375 0.506448
vt 3.449791 0.506481
vt 3.449085 0.506578
vt 3.448574 0.506737
vt 3.448299 0.506953
vt 3.447782 0.507219
vt 3.447363 0.507527
vt 3.099813 0.187865
vt 3.099282 0.188184
vt 3.098715 0.188524
vt 3.098130 0.188875
vt 3.097545 0.189226
vt 3.096978 0.189567
vt 3.096447 0.189886
vt 3.303877 0.862936
vt 3.304908 0.849493
vt 3.305426 0.849227
vt 3.303511 0.863203
vt 3.303055 0.863419
vt 3.302392 0.863578
vt 3.301824 0.863676
vt 3.301365 0.863708
vt 3.300025 0.877595
vt 3.299455 0.877498
vt 3.298791 0.877338
vt 3.298313 0.877122
vt 3.459696 0.183912
vt 3.452171 0.196595
vt 3.459216 0.183625
vt 3.451641 0.196277
vt 3.451075 0.195937
vt 3.450492 0.195587
vt 3.449909 0.195237
vt 3.449343 0.194898
vt 3.448813 0.194580
vt 3.448333 0.194292
vt 3.447919 0.194044
vt 3.452590 0.506953
vt 3.452671 0.520629
vt 3.452230 0.520470
vt 3.451671 0.520373
vt 3.451184 0.520340
vt 3.450456 0.520373
vt 3.449930 0.520470
vt 3.449384 0.520629
vt 3.448785 0.520845
vt 3.448430 0.521111
vt 3.106876 0.200869
vt 3.106344 0.201188
vt 3.105777 0.201528
vt 3.105192 0.201879
vt 3.104608 0.202230
vt 3.104041 0.202570
vt 3.103509 0.202889
vt 3.095966 0.190174
vt 3.303065 0.876855
vt 3.302665 0.877122
vt 3.302245 0.877338
vt 3.301823 0.877498
vt 3.301116 0.877595
vt 3.300533 0.877628
vt 3.299581 0.891626
vt 3.298586 0.891369
vt 3.297986 0.891152
vt 3.297650 0.890886
vt 3.297795 0.876855
vt 3.452651 0.196883
vt 3.445014 0.209669
vt 3.444484 0.209351
vt 3.443918 0.209011
vt 3.442598 0.208414
vt 3.442033 0.208075
vt 3.441502 0.207757
vt 3.441022 0.207469
vt 3.440609 0.207221
vt 3.453270 0.520845
vt 3.452575 0.534741
vt 3.451958 0.534582
vt 3.451406 0.534485
vt 3.450879 0.534452
vt 3.450151 0.534485
vt 3.449644 0.534582
vt 3.449167 0.534741
vt 3.115101 0.213542
vt 3.107357 0.200581
vt 3.107772 0.200332
vt 3.114053 0.213972
vt 3.113522 0.214291
vt 3.112955 0.214631
vt 3.112370 0.214982
vt 3.111785 0.215333
vt 3.111218 0.215673
vt 3.110686 0.215992
vt 3.103028 0.203178
vt 3.302928 0.890881
vt 3.302410 0.891152
vt 3.302010 0.891369
vt 3.301548 0.891528
vt 3.300995 0.891626
vt 3.300311 0.891658
vt 3.300348 0.905896
vt 3.299135 0.891528
vt 3.299684 0.905737
vt 3.299200 0.905520
vt 3.298682 0.905254
vt 3.445494 0.209957
vt 3.437441 0.223058
vt 3.436910 0.222739
vt 3.436345 0.222400
vt 3.443181 0.208764
vt 3.435178 0.221700
vt 3.434613 0.221361
vt 3.434082 0.221043
vt 3.433602 0.220755
vt 3.433188 0.220506
vt 3.452472 0.549185
vt 3.453173 0.534957
vt 3.451873 0.548970
vt 3.451380 0.548811
vt 3.450804 0.548713
vt 3.450242 0.548674
vt 3.449514 0.548707
vt 3.449129 0.548804
vt 3.448513 0.548963
vt 3.448568 0.534957
vt 3.122544 0.226855
vt 3.114689 0.213787
vt 3.121648 0.227392
vt 3.121116 0.227711
vt 3.120549 0.228052
vt 3.119964 0.228403
vt 3.119380 0.228753
vt 3.118281 0.229413
vt 3.117800 0.229701
vt 3.110206 0.216281
vt 3.303466 0.905514
vt 3.303189 0.905730
vt 3.302692 0.905889
vt 3.301984 0.905987
vt 3.301384 0.906020
vt 3.300825 0.905994
vt 3.301495 0.920296
vt 3.300910 0.920137
vt 3.300561 0.919921
vt 3.300043 0.919655
vt 3.437920 0.223345
vt 3.429854 0.236477
vt 3.429324 0.236158
vt 3.428758 0.235819
vt 3.428175 0.235469
vt 3.435761 0.222050
vt 3.427592 0.235119
vt 3.427026 0.234780
vt 3.426496 0.234462
vt 3.451535 0.563823
vt 3.452758 0.549451
vt 3.451097 0.563557
vt 3.450498 0.563341
vt 3.450138 0.563182
vt 3.449570 0.563084
vt 3.449076 0.563052
vt 3.448348 0.563084
vt 3.447766 0.563182
vt 3.447256 0.563341
vt 3.447913 0.549179
vt 3.130146 0.240314
vt 3.122129 0.227104
vt 3.129731 0.240563
vt 3.129250 0.240851
vt 3.128718 0.241170
vt 3.128151 0.241510
vt 3.127566 0.241861
vt 3.126981 0.242212
vt 3.118813 0.229094
vt 3.126415 0.242552
vt 3.304359 0.904938
vt 3.305198 0.919654
vt 3.303984 0.905247
vt 3.304833 0.919920
vt 3.304357 0.920137
vt 3.303928 0.920296
vt 3.303220 0.920394
vt 3.302629 0.920426
vt 3.302202 0.920394
vt 3.304034 0.934990
vt 3.303370 0.934831
vt 3.919904 0.028232
vt 3.928042 0.013363
vt 3.928401 0.013578
vt 3.302772 0.934432
vt 3.430334 0.236765
vt 3.421798 0.250247
vt 3.421267 0.249929
vt 3.420702 0.249589
vt 3.420118 0.249239
vt 3.419535 0.248889
vt 3.418970 0.248550
vt 3.449093 0.578879
vt 3.451954 0.564131
vt 3.448674 0.578571
vt 3.448427 0.578305
vt 3.447828 0.578089
vt 3.447342 0.577930
vt 3.446801 0.577832
vt 3.446190 0.577800
vt 3.445462 0.577832
vt 3.445010 0.577930
vt 3.444444 0.578089
vt 3.446657 0.563556
vt 3.138222 0.254119
vt 3.137807 0.254368
vt 3.137326 0.254657
vt 3.136795 0.254976
vt 3.136228 0.255316
vt 3.135058 0.256018
vt 3.134374 0.256280
vt 3.133842 0.256599
vt 3.125883 0.242872
vt 3.305618 0.919345
vt 3.307705 0.934348
vt 3.307187 0.934615
vt 3.306841 0.934831
vt 3.306295 0.934990
vt 3.305753 0.935088
vt 3.305023 0.935121
vt 3.304471 0.935088
vt 3.306634 0.949775
vt 3.306108 0.949616
vt 3.911329 0.042974
vt 3.919420 0.028099
vt 3.303290 0.934699
vt 3.304990 0.949133
vt 3.422277 0.250535
vt 3.413900 0.263946
vt 3.413370 0.263628
vt 3.412804 0.263289
vt 3.412221 0.262938
vt 3.411493 0.262686
vt 3.410927 0.262346
vt 3.418439 0.248232
vt 3.446258 0.593654
vt 3.445977 0.593346
vt 3.445460 0.593080
vt 3.445055 0.592864
vt 3.444496 0.592705
vt 3.443790 0.592608
vt 3.443314 0.592575
vt 3.442725 0.592608
vt 3.442240 0.592705
vt 3.441577 0.592864
vt 3.443845 0.578304
vt 3.145724 0.268102
vt 3.145244 0.268391
vt 3.144712 0.268710
vt 3.144145 0.269050
vt 3.135643 0.255667
vt 3.143560 0.269401
vt 3.142408 0.270092
vt 3.141876 0.270411
vt 3.308028 0.934039
vt 3.310379 0.949133
vt 3.310082 0.949400
vt 3.309621 0.949616
vt 3.308958 0.949775
vt 3.308502 0.949873
vt 3.307877 0.949905
vt 3.307148 0.949873
vt 3.311017 0.964942
vt 3.310353 0.964782
vt 3.309943 0.964566
vt 3.305508 0.949400
vt 3.309425 0.964300
vt 3.414380 0.264234
vt 3.405403 0.278079
vt 3.404873 0.277760
vt 3.404307 0.277421
vt 3.403724 0.277071
vt 3.403141 0.276721
vt 3.402575 0.276382
vt 3.410397 0.262028
vt 3.442530 0.608686
vt 3.442111 0.608378
vt 3.441710 0.608112
vt 3.441111 0.607896
vt 3.440601 0.607737
vt 3.440022 0.607640
vt 3.439294 0.607607
vt 3.438817 0.607640
vt 3.438224 0.607737
vt 3.437561 0.607896
vt 3.441074 0.593080
vt 3.146285 0.267950
vt 3.154243 0.282271
vt 3.153763 0.282559
vt 3.153231 0.282878
vt 3.152663 0.283218
vt 3.151494 0.283920
vt 3.142975 0.269752
vt 3.150927 0.284260
vt 3.150395 0.284580
vt 3.310799 0.948825
vt 3.314912 0.964300
vt 3.314507 0.964566
vt 3.313907 0.964782
vt 3.313495 0.964942
vt 3.312915 0.965039
vt 3.312186 0.965072
vt 3.311609 0.965039
vt 3.249383 0.229377
vt 3.245671 0.227689
vt 3.249562 0.228601
vt 3.249092 0.230416
vt 3.248697 0.231074
vt 3.248210 0.231803
vt 3.247646 0.232264
vt 3.247022 0.232603
vt 3.246357 0.232811
vt 3.241719 0.227689
vt 3.241780 0.226659
vt 3.241958 0.225685
vt 3.242249 0.224957
vt 3.242644 0.224063
vt 3.243131 0.223495
vt 3.243695 0.223035
vt 3.244319 0.222594
vt 3.244984 0.222386
vt 3.245671 0.222316
vt 3.246357 0.222386
vt 3.247022 0.222695
vt 3.247646 0.223035
vt 3.248210 0.223495
vt 3.248697 0.224299
vt 3.249092 0.224957
vt 3.249383 0.225883
vt 3.249562 0.226659
vt 3.249621 0.227689
vt 3.439742 0.611891
vt 3.439294 0.609765
vt 3.440332 0.611794
vt 3.440995 0.611634
vt 3.441404 0.611419
vt 3.441921 0.611153
vt 3.442340 0.610845
vt 3.442650 0.610503
vt 3.442839 0.610140
vt 3.442903 0.609765
vt 3.442839 0.609390
vt 3.442650 0.609027
vt 3.437155 0.608112
vt 3.436638 0.608378
vt 3.436219 0.608686
vt 3.435910 0.609027
vt 3.435720 0.609390
vt 3.435657 0.609765
vt 3.435720 0.610140
vt 3.435910 0.610503
vt 3.436026 0.610845
vt 3.436445 0.611153
vt 3.436849 0.611419
vt 3.437448 0.611634
vt 3.437859 0.611794
vt 3.438438 0.611891
vt 3.439166 0.611924
vt 3.648970 0.030085
vt 3.644817 0.019300
vt 3.651350 0.031419
vt 3.170172 0.047647
vt 3.177927 0.037935
vt 3.181840 0.044886
vt 3.959116 0.710814
vt 3.959834 0.701180
vt 3.962364 0.701199
vt 3.441502 0.118330
vt 3.449322 0.128032
vt 3.437780 0.124923
vt 3.686521 0.703926
vt 3.689365 0.711190
vt 3.687108 0.711195
vt 3.965904 0.684164
vt 3.968919 0.677444
vt 3.968287 0.684195
vt 3.966476 0.689676
vt 3.963908 0.689641
vt 3.692737 0.735279
vt 3.370491 0.023495
vt 3.370538 0.020253
vt 3.372807 0.019164
vt 3.440325 0.152471
vt 3.435973 0.150920
vt 3.453196 0.121081
vt 3.453863 0.129171
vt 3.642353 0.018054
vt 3.642211 0.014585
vt 3.182509 0.036734
vt 3.168899 0.013363
vt 3.164546 0.014920
vt 3.965510 0.691910
vt 3.963105 0.691885
vt 3.964716 0.694185
vt 3.962296 0.694165
vt 3.963802 0.696478
vt 3.961493 0.696483
vt 3.963530 0.698929
vt 3.960843 0.698880
vt 3.166941 0.031234
vt 3.166819 0.028967
vt 3.438339 0.134680
vt 3.438342 0.132458
vt 3.494514 0.013363
vt 3.223423 0.153192
vt 3.966543 0.677378
vt 3.955222 0.569961
vt 3.506922 0.014486
vt 3.457826 0.122126
vt 3.701457 0.593499
vt 3.688923 0.703897
vt 3.186490 0.043810
vt 3.235754 0.151871
vt 3.861654 0.050156
vt 3.858373 0.039544
vt 3.864023 0.051454
vt 3.247432 0.045802
vt 3.255283 0.036301
vt 3.258900 0.042702
vt 3.594497 0.340832
vt 3.595233 0.331636
vt 3.597620 0.331637
vt 3.049002 0.325094
vt 3.056912 0.334566
vt 3.045530 0.331224
vt 3.569077 0.675966
vt 3.571960 0.682829
vt 3.569402 0.682833
vt 3.600841 0.315175
vt 3.603613 0.308815
vt 3.602984 0.315192
vt 3.601249 0.320497
vt 3.598828 0.320507
vt 3.575419 0.705719
vt 3.464244 0.017712
vt 3.464155 0.014434
vt 3.466533 0.013363
vt 3.048841 0.357436
vt 3.044493 0.355872
vt 3.060521 0.328187
vt 3.061439 0.335829
vt 3.856014 0.038289
vt 3.855821 0.034651
vt 3.259793 0.035044
vt 3.247163 0.013363
vt 3.242843 0.014962
vt 3.600746 0.322712
vt 3.598176 0.322682
vt 3.599714 0.324889
vt 3.597395 0.324886
vt 3.599069 0.327096
vt 3.596573 0.327101
vt 3.598087 0.329309
vt 3.595681 0.329210
vt 3.244709 0.030331
vt 3.244663 0.028203
vt 3.046336 0.340546
vt 3.046134 0.336324
vt 3.098737 0.227154
vt 3.297264 0.144028
vt 3.601250 0.308778
vt 3.592444 0.206934
vt 3.110772 0.229087
vt 3.065104 0.329320
vt 3.581563 0.570463
vt 3.571318 0.675959
vt 3.263466 0.041550
vt 3.309245 0.142024
vt 3.910969 0.031824
vt 3.916183 0.019586
vt 3.912256 0.033124
vt 3.629691 0.545260
vt 3.640275 0.535276
vt 3.642424 0.538861
vt 3.630954 0.521578
vt 3.631752 0.528651
vt 3.630546 0.529066
vt 3.349184 0.069149
vt 3.359946 0.079262
vt 3.347237 0.072543
vt 3.367057 0.077924
vt 3.366159 0.081849
vt 3.365047 0.081647
vt 3.627655 0.541864
vt 3.628443 0.545609
vt 3.626494 0.542210
vt 3.628333 0.537823
vt 3.629574 0.537462
vt 3.357797 0.096164
vt 3.551148 0.021832
vt 3.548197 0.017968
vt 3.549678 0.016751
vt 3.356614 0.095839
vt 3.351691 0.093146
vt 3.361913 0.075517
vt 3.914705 0.018521
vt 3.917377 0.014363
vt 3.645441 0.532891
vt 3.637068 0.518556
vt 3.632125 0.521221
vt 3.629025 0.536029
vt 3.630262 0.535663
vt 3.629608 0.534231
vt 3.630685 0.534107
vt 3.629918 0.532665
vt 3.631155 0.532298
vt 3.630275 0.530847
vt 3.631508 0.530478
vt 3.350347 0.080511
vt 3.349765 0.078715
vt 3.378721 0.013363
vt 3.659302 0.601178
vt 3.658020 0.601472
vt 3.392038 0.018511
vt 3.397176 0.020733
vt 3.368285 0.078301
vt 3.647570 0.536444
vt 3.672405 0.595634
vt 3.328255 0.036374
vt 3.319601 0.022210
vt 3.331242 0.037808
vt 3.078100 0.056417
vt 3.084917 0.044361
vt 3.089908 0.053408
vt 3.573964 0.294071
vt 3.575338 0.281060
vt 3.578295 0.280947
vt 3.338989 0.013363
vt 3.345811 0.025284
vt 3.334204 0.021916
vt 3.829922 0.237104
vt 3.833480 0.247278
vt 3.830529 0.247277
vt 3.584040 0.257758
vt 3.587762 0.248272
vt 3.587279 0.257820
vt 3.584143 0.265275
vt 3.581316 0.265251
vt 3.837773 0.280324
vt 3.570899 0.294154
vt 3.570167 0.296135
vt 3.566998 0.296219
vt 3.333270 0.056240
vt 3.328968 0.054390
vt 3.350821 0.016325
vt 3.350363 0.026703
vt 3.316132 0.020118
vt 3.314736 0.015661
vt 3.571292 0.263165
vt 3.575401 0.251527
vt 3.575010 0.261624
vt 3.072284 0.013363
vt 3.067981 0.015213
vt 3.583292 0.268384
vt 3.580118 0.268321
vt 3.581984 0.271444
vt 3.578879 0.271451
vt 3.580799 0.274563
vt 3.577593 0.274605
vt 3.579574 0.277736
vt 3.576462 0.277813
vt 3.072541 0.035556
vt 3.072127 0.032729
vt 3.333060 0.036915
vt 3.333482 0.034121
vt 3.842943 0.086803
vt 3.826247 0.235694
vt 3.817014 0.232389
vt 3.558327 0.101813
vt 3.584658 0.248169
vt 3.561827 0.102652
vt 3.856579 0.079283
vt 3.862277 0.075362
vt 3.833092 0.237072
vt 3.571680 0.252956
vt 3.544124 0.092571
vt 3.867694 0.488147
vt 3.873560 0.505827
vt 3.864128 0.487380
vt 3.763816 0.612231
vt 3.751619 0.614015
vt 3.764732 0.604716
vt 3.750604 0.645075
vt 3.752217 0.634035
vt 3.756008 0.633827
vt 3.857133 0.614652
vt 3.869083 0.616342
vt 3.869350 0.623505
vt 3.874437 0.620002
vt 3.878846 0.627213
vt 3.874659 0.626928
vt 3.767534 0.611945
vt 3.768505 0.604394
vt 3.763731 0.619397
vt 3.759821 0.619648
vt 3.879364 0.650651
vt 3.746649 0.645309
vt 3.745300 0.647947
vt 3.741328 0.648043
vt 3.874061 0.647779
vt 3.876954 0.506740
vt 3.877416 0.512964
vt 3.750643 0.620880
vt 3.746486 0.617691
vt 3.745818 0.624507
vt 3.762332 0.622324
vt 3.758274 0.622568
vt 3.760556 0.625215
vt 3.756788 0.625455
vt 3.759046 0.628074
vt 3.755026 0.628311
vt 3.757651 0.630993
vt 3.753659 0.631191
vt 3.864109 0.627922
vt 3.860935 0.622103
vt 3.856162 0.607103
vt 3.747711 0.504020
vt 3.760538 0.484657
vt 3.880682 0.513950
vt 3.878178 0.620398
vt 3.743982 0.511230
vt 3.939678 0.021302
vt 3.950850 0.017259
vt 3.939774 0.024758
vt 3.887903 0.044005
vt 3.897570 0.034487
vt 3.900837 0.039932
vt 3.199012 0.273374
vt 3.199318 0.264753
vt 3.202439 0.264624
vt 3.634735 0.421764
vt 3.644378 0.431099
vt 3.631713 0.426800
vt 3.676513 0.045397
vt 3.681696 0.048067
vt 3.677850 0.049689
vt 3.206299 0.249469
vt 3.210504 0.244313
vt 3.209537 0.249489
vt 3.207285 0.254393
vt 3.204029 0.254396
vt 3.686527 0.063034
vt 3.682958 0.069203
vt 3.682208 0.064520
vt 3.638043 0.452282
vt 3.633219 0.450041
vt 3.647629 0.425681
vt 3.649579 0.432916
vt 3.602436 0.035123
vt 3.603453 0.031160
vt 3.606089 0.036254
vt 3.902693 0.032745
vt 3.891064 0.013363
vt 3.886270 0.015519
vt 3.206259 0.256386
vt 3.203010 0.256407
vt 3.205353 0.258400
vt 3.202000 0.258449
vt 3.204329 0.260428
vt 3.201083 0.260523
vt 3.203311 0.262496
vt 3.200167 0.262616
vt 3.886753 0.030223
vt 3.886925 0.028207
vt 3.633830 0.437444
vt 3.633649 0.435471
vt 3.671282 0.385748
vt 3.924275 0.080115
vt 3.207270 0.244270
vt 3.215759 0.196317
vt 3.652918 0.427352
vt 3.670861 0.015050
vt 3.680526 0.043753
vt 3.906046 0.038333
vt 3.228134 0.410411
vt 3.232991 0.428071
vt 3.224616 0.409636
vt 3.700340 0.584883
vt 3.688437 0.585585
vt 3.700866 0.576466
vt 3.687013 0.619852
vt 3.688836 0.608053
vt 3.692500 0.607822
vt 3.212281 0.546803
vt 3.224231 0.547401
vt 3.225114 0.555249
vt 3.232956 0.551450
vt 3.230078 0.558649
vt 3.229102 0.551041
vt 3.704776 0.576136
vt 3.704021 0.584598
vt 3.700024 0.592442
vt 3.696349 0.592711
vt 3.233739 0.559010
vt 3.234226 0.584806
vt 3.683361 0.620048
vt 3.682112 0.622538
vt 3.678581 0.622786
vt 3.229316 0.582116
vt 3.236506 0.428969
vt 3.236383 0.435320
vt 3.687545 0.593369
vt 3.683379 0.589237
vt 3.682598 0.596784
vt 3.698600 0.595601
vt 3.694772 0.595816
vt 3.697001 0.598668
vt 3.693253 0.598901
vt 3.695459 0.601717
vt 3.691572 0.601967
vt 3.694063 0.604777
vt 3.690174 0.605017
vt 3.219312 0.560897
vt 3.216283 0.554660
vt 3.211524 0.538327
vt 3.679834 0.466957
vt 3.691705 0.447656
vt 3.676081 0.474241
vt 3.027096 0.047747
vt 3.026732 0.037010
vt 3.029139 0.049045
vt 3.624527 0.293651
vt 3.637910 0.293230
vt 3.627688 0.299342
vt 3.050885 0.797160
vt 3.050930 0.788057
vt 3.053090 0.787870
vt 3.768037 0.347699
vt 3.781471 0.348163
vt 3.778309 0.353724
vt 3.388995 0.582405
vt 3.391431 0.588945
vt 3.389673 0.588612
vt 3.054556 0.770334
vt 3.057019 0.763798
vt 3.056407 0.770043
vt 3.055356 0.776045
vt 3.053297 0.776273
vt 3.395038 0.609611
vt 3.552823 0.031141
vt 3.551850 0.027812
vt 3.553880 0.026682
vt 3.771570 0.374504
vt 3.767426 0.372314
vt 3.782434 0.355940
vt 3.024807 0.035798
vt 3.025615 0.032291
vt 3.634802 0.287608
vt 3.642022 0.290984
vt 3.628037 0.266949
vt 3.623884 0.269114
vt 3.054999 0.778445
vt 3.052817 0.778659
vt 3.054488 0.780807
vt 3.052409 0.781029
vt 3.053997 0.783157
vt 3.051907 0.783388
vt 3.053325 0.785495
vt 3.051435 0.785737
vt 3.625215 0.283944
vt 3.625201 0.281803
vt 3.768737 0.359603
vt 3.768761 0.357470
vt 3.813130 0.259598
vt 3.771246 0.342030
vt 3.669781 0.382197
vt 3.054987 0.764063
vt 3.049260 0.672987
vt 3.824667 0.263257
vt 3.785591 0.350404
vt 3.397269 0.486370
vt 3.391059 0.582659
vt 3.681232 0.378380
vt 3.475414 0.361554
vt 3.497156 0.167066
vt 3.465448 0.345112
vt 3.463917 0.341504
vt 3.461007 0.334260
vt 3.458102 0.326946
vt 3.862713 0.109340
vt 3.642208 0.084466
vt 3.201475 0.723349
vt 3.645380 0.114304
vt 3.192282 0.611725
vt 3.925103 0.675657
vt 3.658431 0.101618
vt 3.654340 0.112008
vt 3.653561 0.121936
vt 3.653897 0.119946
vt 3.654392 0.114031
vt 3.641259 0.103850
vt 3.641318 0.101860
vt 3.640494 0.093961
vt 3.640880 0.095982
vt 3.946672 0.565822
vt 3.993249 0.232168
vt 3.513371 0.469608
vt 3.983998 0.142525
vt 3.630850 0.013363
vt 3.625176 0.032332
vt 3.625532 0.030649
vt 3.625963 0.028706
vt 3.626396 0.023165
vt 3.508961 0.459850
vt 3.508907 0.458007
vt 3.507704 0.450792
vt 3.508193 0.452607
vt 3.552757 0.365885
vt 3.670431 0.117454
vt 3.535792 0.106515
vt 3.788263 0.013363
vt 3.883992 0.436178
vt 3.792371 0.041822
vt 3.873241 0.323599
vt 3.541661 0.299667
vt 3.536306 0.318972
vt 3.536714 0.317120
vt 3.537030 0.315264
vt 3.537238 0.313379
vt 3.787965 0.031733
vt 3.787936 0.029877
vt 3.786867 0.022340
vt 3.787268 0.024233
vt 3.582432 0.405988
vt 3.992705 0.463441
vt 3.910844 0.486333
vt 3.917642 0.324686
vt 3.896545 0.470966
vt 3.895514 0.467605
vt 3.889099 0.454597
vt 3.890569 0.457908
vt 3.182891 0.381116
vt 3.653960 0.045177
vt 3.298675 0.448362
vt 3.445215 0.393306
vt 3.284601 0.013363
vt 3.421714 0.017080
vt 3.271551 0.036187
vt 3.674972 0.049286
vt 3.652463 0.025935
vt 3.654007 0.039045
vt 3.653912 0.036487
vt 3.652947 0.028738
vt 3.399280 0.040359
vt 3.399782 0.037629
vt 3.400737 0.027400
vt 3.400699 0.029902
vt 3.469246 0.202218
vt 3.274161 0.259386
vt 3.050386 0.080032
vt 3.771870 0.738553
vt 3.917449 0.714545
vt 3.545588 0.018848
vt 3.174986 0.013363
vt 3.050875 0.064792
vt 3.050926 0.075122
vt 3.051112 0.073094
vt 3.051103 0.066931
vt 3.199633 0.347861
vt 3.199813 0.345756
vt 3.199662 0.337568
vt 3.199849 0.339595
vt 3.770036 0.606362
vt 3.265439 0.238565
vt 3.926170 0.586520
vt 3.116746 0.174219
vt 3.655202 0.260104
vt 3.268941 0.470564
vt 3.316366 0.364826
vt 3.480341 0.013363
vt 3.657724 0.246399
vt 3.656512 0.255655
vt 3.656981 0.253877
vt 3.657711 0.248322
vt 3.542950 0.494451
vt 3.542917 0.492594
vt 3.541710 0.485294
vt 3.542198 0.487128
vt 3.583836 0.405966
vt 3.698522 0.334780
vt 3.286549 0.374183
vt 3.118207 0.019331
vt 3.685014 0.069036
vt 3.945136 0.465692
vt 3.945069 0.463592
vt 3.944981 0.461787
vt 3.944307 0.458089
vt 3.996101 0.391037
vt 3.860223 0.528318
vt 3.122971 0.042685
vt 3.084316 0.783696
vt 3.615848 0.643216
vt 3.600395 0.019463
vt 3.409568 0.128841
vt 3.634323 0.013363
vt 3.122231 0.024980
vt 3.123224 0.036997
vt 3.123241 0.034664
vt 3.122648 0.027455
vt 3.388407 0.150058
vt 3.388830 0.147576
vt 3.389395 0.138072
vt 3.389396 0.140429
vt 3.461516 0.015127
vt 3.078421 0.635654
vt 3.634548 0.472621
vt 3.200664 0.160232
vt 3.719163 0.306483
vt 3.704466 0.292885
vt 3.702871 0.290248
vt 3.701229 0.287646
vt 3.698061 0.282293
vt 3.562939 0.527962
vt 3.371030 0.081749
vt 3.912759 0.693273
vt 3.904610 0.579805
vt 3.260287 0.021087
vt 3.368512 0.110832
vt 3.369230 0.102387
vt 3.369335 0.100311
vt 3.368808 0.091898
vt 3.369133 0.094142
vt 3.256406 0.603709
vt 3.540725 0.282411
vt 3.858434 0.748520
vt 3.061286 0.781264
vt 3.548197 0.030371
vt 3.188035 0.013363
vt 3.541341 0.266858
vt 3.541313 0.277223
vt 3.541492 0.275143
vt 3.541515 0.268931
vt 3.755382 0.347972
vt 3.755542 0.345880
vt 3.755332 0.337641
vt 3.755530 0.339733
vt 3.856162 0.618585
vt 3.818513 0.243931
vt 3.068920 0.654987
vt 3.604486 0.370906
vt 3.114959 0.025345
vt 3.328968 0.013363
vt 3.255382 0.531416
vt 3.255473 0.529312
vt 3.254591 0.521523
vt 3.254950 0.523342
vt 3.308723 0.451245
vt 3.762951 0.482913
vt 3.116015 0.019570
vt 3.672911 0.050246
vt 3.457768 0.538401
vt 3.457598 0.536471
vt 3.456016 0.529357
vt 3.456945 0.532773
vt 3.507022 0.467676
vt 3.337267 0.574676
vt 3.763190 0.727052
vt 3.078724 0.013363
vt 3.673471 0.059800
vt 3.728507 0.372784
vt 3.940955 0.429926
vt 3.941116 0.427794
vt 3.940629 0.419557
vt 3.940907 0.421603
vt 3.994840 0.345085
vt 3.767453 0.617321
vt 3.780887 0.471957
vt 3.195865 0.564299
vt 3.617105 0.197827
vt 3.238751 0.021741
vt 3.802814 0.038360
vt 3.198731 0.556822
vt 3.199417 0.553314
vt 3.199618 0.551468
vt 3.197635 0.560177
vt 3.478826 0.548149
vt 3.478696 0.546401
vt 3.478364 0.544557
vt 3.477490 0.541106
vt 3.616054 0.098325
vt 3.526495 0.482084
vt 3.245337 0.616863
vt 3.135838 0.161282
vt 3.271551 0.671784
vt 3.762127 0.127890
vt 3.798745 0.013363
vt 3.138246 0.147223
vt 3.137139 0.156757
vt 3.137588 0.154922
vt 3.138211 0.149128
vt 3.391444 0.222917
vt 3.391419 0.221025
vt 3.390265 0.213468
vt 3.390765 0.215326
vt 3.427069 0.143808
vt 3.173761 0.226223
vt 3.289094 0.583170
vt 3.554980 0.025110
vt 3.513484 0.015268
vt 3.502650 0.627324
vt 3.502486 0.625570
vt 3.500443 0.618187
vt 3.501103 0.620049
vt 3.529807 0.554980
vt 3.914514 0.591936
vt 3.547025 0.566036
vt 3.931575 0.580559
vt 3.416323 0.767051
vt 3.199970 0.449980
vt 3.856162 0.044234
vt 3.353960 0.320731
vt 3.350969 0.331833
vt 3.351142 0.342895
vt 3.351338 0.340825
vt 3.351193 0.334043
vt 3.196970 0.438819
vt 3.197193 0.436619
vt 3.197176 0.427756
vt 3.197374 0.429904
vt 3.023614 0.675823
vt 3.254430 0.346520
vt 3.421670 0.649399
vt 3.408542 0.424427
vt 3.274161 0.013489
vt 3.794041 0.242956
vt 3.570450 0.015086
vt 3.832907 0.016324
vt 3.103184 0.085731
vt 3.789816 0.240884
vt 3.785254 0.227284
vt 3.783832 0.223843
vt 3.778780 0.210338
vt 3.779925 0.213734
vt 3.858772 0.016314
vt 3.094428 0.123077
vt 3.446161 0.757405
vt 3.228530 0.764096
vt 3.597785 0.024975
vt 3.236256 0.636270
vt 3.095149 0.107816
vt 3.095007 0.118145
vt 3.095223 0.116078
vt 3.095296 0.109920
vt 3.074215 0.375466
vt 3.074395 0.373358
vt 3.074165 0.365262
vt 3.074324 0.367207
vt 3.145255 0.222624
vt 3.443803 0.624620
vt 3.138134 0.269927
vt 3.158959 0.213185
vt 3.050755 0.307598
vt 3.036119 0.294518
vt 3.034631 0.292052
vt 3.032948 0.289556
vt 3.029903 0.284551
vt 3.117284 0.570326
vt 3.332395 0.502021
vt 3.347758 0.326934
vt 3.321732 0.486395
vt 3.320768 0.482936
vt 3.314730 0.469204
vt 3.316239 0.472611
vt 3.490287 0.258160
vt 3.546278 0.044424
vt 3.504663 0.247771
vt 3.503149 0.244159
vt 3.497375 0.229656
vt 3.498902 0.233311
vt 3.027808 0.048961
vt 3.138840 0.027079
vt 3.342643 0.054696
vt 3.151021 0.054855
vt 3.645675 0.448387
vt 3.234910 0.205446
vt 3.364969 0.226296
vt 3.353811 0.214552
vt 3.353379 0.194936
vt 3.326110 0.140454
vt 3.109739 0.013363
vt 3.383113 0.679912
vt 3.091218 0.612571
vt 3.080517 0.633211
vt 3.301210 0.067209
vt 3.074625 0.642504
vt 3.062713 0.658516
vt 3.056189 0.665654
vt 3.425338 0.413928
vt 3.318222 0.782362
vt 3.049275 0.672074
vt 3.068326 0.125126
vt 3.308955 0.808751
vt 3.034918 0.682124
vt 3.258483 0.016785
vt 3.075368 0.152656
vt 3.250964 0.013363
vt 3.088412 0.177818
vt 3.298311 0.862627
vt 3.448010 0.521419
vt 3.426016 0.234174
vt 3.910969 0.042759
vt 3.405883 0.278367
vt 3.402045 0.276064
vt 3.154658 0.282022
vt 3.152079 0.283569
vt 3.315332 0.963991
vt 3.166426 0.041012
vt 3.956676 0.710850
vt 3.690387 0.735238
vt 3.368116 0.024589
vt 3.639543 0.013363
vt 3.166238 0.024375
vt 3.166862 0.035657
vt 3.166955 0.033463
vt 3.166623 0.026624
vt 3.437665 0.141530
vt 3.438055 0.139313
vt 3.438208 0.136919
vt 3.438243 0.130276
vt 3.952727 0.569426
vt 3.511749 0.015110
vt 3.704276 0.593215
vt 3.240562 0.151195
vt 3.243952 0.039658
vt 3.592251 0.340886
vt 3.572925 0.705626
vt 3.462072 0.018807
vt 3.853552 0.033367
vt 3.244249 0.023847
vt 3.244511 0.034536
vt 3.244661 0.032447
vt 3.244461 0.026177
vt 3.045867 0.347033
vt 3.046119 0.344795
vt 3.046273 0.342668
vt 3.046294 0.338453
vt 3.589955 0.206514
vt 3.115716 0.229308
vt 3.583982 0.570224
vt 3.314214 0.141697
vt 3.549675 0.023036
vt 3.916235 0.013363
vt 3.351284 0.085669
vt 3.351013 0.083890
vt 3.350657 0.082075
vt 3.349074 0.076924
vt 3.398159 0.021523
vt 3.677486 0.593300
vt 3.073293 0.047825
vt 3.834605 0.280241
vt 3.355460 0.017588
vt 3.310699 0.013363
vt 3.089424 0.042980
vt 3.070948 0.026946
vt 3.073043 0.041111
vt 3.072852 0.038361
vt 3.071594 0.029855
vt 3.331868 0.042634
vt 3.332519 0.039758
vt 3.333973 0.028594
vt 3.333781 0.031380
vt 3.867006 0.072259
vt 3.537758 0.088104
vt 3.883336 0.650747
vt 3.868658 0.636532
vt 3.867014 0.633698
vt 3.865620 0.630780
vt 3.862334 0.625031
vt 3.756972 0.485425
vt 3.950669 0.013363
vt 3.884871 0.038951
vt 3.195865 0.273576
vt 3.679022 0.070722
vt 3.600395 0.029884
vt 3.886935 0.024096
vt 3.886078 0.034163
vt 3.886470 0.032208
vt 3.886990 0.026172
vt 3.633847 0.441527
vt 3.633893 0.439457
vt 3.632944 0.431572
vt 3.633367 0.433511
vt 3.662141 0.375061
vt 3.915303 0.090709
vt 3.212332 0.196222
vt 3.676524 0.387192
vt 3.674906 0.013363
vt 3.929659 0.078502
vt 3.237761 0.585054
vt 3.240266 0.436264
vt 3.223820 0.570066
vt 3.222254 0.567016
vt 3.220856 0.563951
vt 3.217710 0.557824
vt 3.688193 0.448430
vt 3.048817 0.797371
vt 3.392917 0.609425
vt 3.550807 0.032259
vt 3.023614 0.031112
vt 3.638928 0.285379
vt 3.624923 0.277566
vt 3.624993 0.288260
vt 3.625145 0.286096
vt 3.625100 0.279671
vt 3.768449 0.363882
vt 3.768628 0.361726
vt 3.768538 0.353147
vt 3.768699 0.355326
vt 3.047102 0.672768
vt 3.829190 0.264745
vt 3.399420 0.486394
vt 3.685723 0.376832
s 1
g off
usemtl wing_2
f 32/1/1 30/2/2 29/3/3
s 2
f 3/4/4 16/5/5 15/6/6
s 3
f 12/7/7 18/8/8 28/9/9
s 4
f 1/10/10 13/11/11 8/12/12
s 5
f 2/13/13 10/14/14 9/15/15
s 3
f 7/16/16 1/17/17 8/18/18
f 7/16/16 23/19/19 17/20/20
s 5
f 5/21/21 9/15/15 10/14/14
s 3
f 11/22/22 6/23/23 5/24/24
s 4
f 9/15/25 12/25/26 13/11/11
f 2/13/27 13/11/11 14/26/28
s 1
f 31/27/29 33/28/30 30/2/2
s 2
f 16/5/5 4/29/31 15/6/6
f 11/22/32 10/30/33 16/5/5
s 3
f 17/20/20 24/31/34 22/32/35
f 22/32/35 25/33/36 21/34/37
f 21/34/37 26/35/38 20/36/39
f 20/36/39 27/37/40 19/38/41
f 19/38/41 28/9/9 18/8/8
s 2
f 22/32/42 20/36/43 16/5/5
s 4
f 26/39/44 24/40/45 13/11/11
s 6
f 1/10/46 30/2/47 14/26/48
s 7
f 31/41/49 3/4/50 15/6/51
s 8
f 3/4/52 29/42/53 1/17/52
s 9
f 14/26/54 33/28/55 2/13/56
s 10
f 33/28/57 4/43/58 2/13/59
s 11
f 34/44/60 15/6/61 4/29/62
s 12
f 66/45/63 64/46/64 63/47/65
s 13
f 41/48/66 49/49/67 37/50/68
s 14
f 46/51/69 52/52/70 62/53/71
s 15
f 42/54/72 48/55/73 47/56/74
s 16
f 38/57/75 43/58/76 36/59/77
s 14
f 42/60/78 37/61/79 35/62/80
f 41/63/81 57/64/82 51/65/83
s 16
f 44/66/84 40/67/85 43/58/76
s 14
f 45/68/86 40/69/87 39/70/88
s 15
f 43/71/89 46/72/90 47/56/74
f 36/59/91 47/73/74 48/74/73
s 12
f 65/75/92 67/76/93 64/46/64
s 13
f 50/77/94 38/78/95 49/79/67
f 45/80/96 44/81/97 50/82/94
s 14
f 51/65/83 58/83/98 56/84/99
f 56/84/99 59/85/100 55/86/101
f 55/86/101 60/87/102 54/88/103
f 54/88/103 61/89/104 53/90/105
f 53/90/105 62/53/71 52/52/70
s 13
f 55/91/106 54/92/107 50/82/94
s 15
f 60/93/108 59/94/109 47/56/74
s 17
f 35/95/110 64/46/111 48/74/112
s 18
f 65/96/113 37/61/114 49/79/115
s 19
f 37/61/116 63/97/117 35/62/118
s 20
f 48/74/119 67/76/120 36/59/121
s 21
f 67/76/122 38/57/123 36/59/124
s 22
f 68/98/125 49/79/126 38/78/127
s 23
f 100/99/128 98/100/129 97/101/130
s 24
f 75/102/131 83/103/132 71/104/133
s 25
f 80/105/134 86/106/135 96/107/136
s 26
f 69/108/137 81/109/138 76/110/139
s 27
f 72/111/140 77/112/141 70/113/140
s 25
f 75/114/142 69/115/143 76/116/144
f 75/114/142 91/117/145 85/118/146
s 27
f 78/119/147 74/120/148 77/112/141
s 25
f 79/121/149 74/122/150 73/123/151
s 26
f 77/124/152 80/125/153 81/109/138
f 82/126/154 77/124/152 81/109/138
s 23
f 99/127/155 101/128/156 98/100/129
s 24
f 78/129/157 83/103/132 84/130/158
f 79/131/159 78/129/157 84/130/158
s 25
f 85/118/146 92/132/160 90/133/161
f 90/133/161 93/134/162 89/135/163
f 89/135/163 94/136/164 88/137/165
f 88/137/165 95/138/166 87/139/167
f 87/139/167 96/107/136 86/106/135
s 24
f 88/140/168 87/141/169 84/130/158
s 26
f 94/142/170 93/143/171 81/109/138
s 28
f 69/108/172 98/144/173 82/126/174
s 29
f 99/145/175 71/104/176 83/103/177
s 30
f 71/146/178 97/147/179 69/115/180
s 28
f 82/126/174 101/148/181 70/149/182
s 31
f 101/128/183 72/111/184 70/113/185
s 32
f 102/150/186 83/103/187 72/151/188
s 33
f 134/152/189 132/153/190 131/154/191
s 34
f 109/155/192 117/156/193 105/157/194
s 35
f 114/158/195 120/159/196 130/160/197
s 36
f 110/161/198 116/162/199 115/163/200
s 37
f 104/164/201 112/165/202 111/166/203
s 35
f 110/167/204 105/168/205 103/169/205
f 109/170/206 125/171/207 119/172/208
s 37
f 112/165/202 108/173/209 111/166/203
s 35
f 113/174/210 108/175/211 107/176/212
s 36
f 111/177/213 114/178/214 115/163/200
f 104/179/215 115/163/200 116/162/199
s 33
f 133/180/216 135/181/217 132/153/190
s 34
f 118/182/218 106/183/219 117/156/193
f 113/184/220 112/185/221 118/182/218
s 35
f 119/172/208 126/186/222 124/187/223
f 124/187/223 127/188/224 123/189/225
f 123/189/225 128/190/226 122/191/227
f 122/191/227 129/192/228 121/193/229
f 121/193/229 130/160/197 120/159/196
s 34
f 121/194/230 120/195/231 118/182/218
s 36
f 128/196/232 127/197/233 115/163/200
s 38
f 103/198/234 132/153/235 116/199/236
s 39
f 133/200/237 105/157/238 117/156/239
s 40
f 105/168/240 131/201/241 103/169/242
s 38
f 116/199/236 135/181/243 104/164/244
s 41
f 135/181/245 106/202/246 104/164/247
s 39
f 136/203/248 117/156/239 106/183/249
s 42
f 168/204/250 166/205/251 165/206/252
s 43
f 143/207/253 151/208/254 139/209/255
s 44
f 148/210/256 154/211/257 164/212/258
s 45
f 144/213/259 150/214/260 149/215/261
s 46
f 140/216/262 145/217/263 138/218/264
s 44
f 143/207/265 137/219/266 144/220/267
f 143/207/265 159/221/268 153/222/269
s 46
f 146/223/270 142/224/271 145/217/263
s 44
f 147/225/272 142/226/273 141/227/274
s 45
f 145/217/275 148/228/276 149/215/261
f 138/218/277 149/215/261 150/214/260
s 42
f 167/229/278 169/230/279 166/205/251
s 43
f 152/231/280 140/232/281 151/208/254
f 147/225/282 146/233/283 152/231/280
s 44
f 153/222/269 160/234/284 158/235/285
f 158/235/285 161/236/286 157/237/287
f 157/237/287 162/238/288 156/239/289
f 156/239/289 163/240/290 155/241/291
f 155/241/291 164/212/258 154/211/257
s 43
f 157/237/292 156/239/293 152/231/280
s 45
f 162/242/294 161/243/295 149/215/261
s 47
f 137/244/296 166/205/297 150/214/298
s 48
f 167/245/299 139/209/300 151/208/301
s 49
f 139/209/302 165/246/303 137/219/304
s 50
f 150/214/305 169/230/306 138/218/307
s 51
f 169/230/308 140/216/309 138/218/310
s 52
f 170/247/311 151/208/312 140/232/313
s 53
f 202/248/314 200/249/315 199/250/316
s 54
f 173/251/317 186/252/318 185/253/319
s 55
f 182/254/320 188/255/321 198/256/322
s 56
f 171/257/323 183/258/324 178/259/325
s 57
f 172/260/326 180/261/327 179/262/328
s 55
f 177/263/329 171/264/330 178/265/331
f 177/263/329 193/266/332 187/267/333
s 57
f 175/268/334 179/262/328 180/261/327
s 55
f 181/269/335 176/270/336 175/271/337
s 56
f 183/258/324 176/272/338 182/273/339
f 184/274/340 179/275/341 183/258/324
s 53
f 201/276/342 203/277/343 200/249/315
s 54
f 180/278/344 185/253/319 186/252/318
f 175/279/345 186/252/318 181/280/346
s 55
f 187/267/333 194/281/347 192/282/348
f 192/282/348 195/283/349 191/284/350
f 191/284/350 196/285/351 190/286/352
f 190/286/352 197/287/353 189/288/354
f 189/288/354 198/256/322 188/255/321
s 54
f 191/289/355 190/290/356 186/252/318
s 56
f 196/291/357 195/292/358 183/258/324
s 58
f 199/293/359 184/294/360 171/295/361
s 59
f 185/296/362 202/297/363 173/298/364
s 60
f 173/298/365 199/299/366 171/264/367
s 58
f 200/300/368 172/260/369 184/294/360
s 61
f 203/301/370 174/302/371 172/260/372
s 59
f 174/303/373 201/304/374 185/296/362
s 62
f 236/305/375 234/306/376 233/307/377
s 63
f 207/308/378 220/309/379 219/310/380
s 64
f 216/311/381 222/312/382 232/313/383
s 65
f 205/314/384 217/315/385 212/316/386
s 66
f 206/317/387 214/318/388 213/319/389
s 64
f 211/320/390 205/321/391 212/322/392
f 211/320/390 227/323/393 221/324/394
s 66
f 209/325/395 213/319/389 214/318/388
s 64
f 215/326/396 210/327/397 209/328/398
s 65
f 217/315/385 210/329/399 216/330/400
f 218/331/401 213/332/402 217/315/385
s 62
f 235/333/403 237/334/404 234/306/376
s 63
f 214/335/405 219/310/380 220/309/379
f 209/336/406 220/309/379 215/337/407
s 64
f 221/324/394 228/338/408 226/339/409
f 226/339/409 229/340/410 225/341/411
f 225/341/411 230/342/412 224/343/413
f 224/343/413 231/344/414 223/345/415
f 223/345/415 232/313/383 222/312/382
s 63
f 225/346/416 224/347/417 220/309/379
s 65
f 230/348/418 229/349/419 217/315/385
s 67
f 233/350/420 218/331/421 205/314/422
s 68
f 219/310/423 236/351/424 207/308/425
s 69
f 207/352/426 233/353/427 205/321/428
s 70
f 234/354/429 206/355/430 218/331/431
s 71
f 237/356/432 208/357/433 206/317/434
s 72
f 208/358/435 235/359/436 219/310/437
s 73
f 270/360/438 268/361/439 267/362/440
s 74
f 241/363/441 254/364/442 253/365/443
s 75
f 250/366/444 256/367/445 266/368/446
s 76
f 239/369/447 251/370/448 246/371/449
s 77
f 240/372/450 248/373/451 247/374/452
s 75
f 245/375/453 239/376/454 246/377/455
f 245/375/453 261/378/456 255/379/457
s 77
f 243/380/458 247/374/452 248/373/451
s 75
f 249/381/459 244/382/460 243/383/461
s 76
f 251/370/448 244/384/462 250/385/463
f 252/386/464 247/387/465 251/370/448
s 73
f 269/388/466 271/389/467 268/361/439
s 74
f 248/390/468 253/365/443 254/364/442
f 243/391/469 254/364/442 249/392/470
s 75
f 255/379/457 262/393/471 260/394/472
f 260/394/472 263/395/473 259/396/474
f 259/396/474 264/397/475 258/398/476
f 258/398/476 265/399/477 257/400/478
f 257/400/478 266/368/446 256/367/445
s 74
f 259/401/479 258/402/480 254/364/442
s 76
f 264/403/481 263/404/482 251/370/448
s 78
f 239/369/483 268/405/484 252/386/485
s 79
f 269/406/486 241/363/487 253/365/488
s 80
f 241/407/489 267/408/490 239/376/491
s 78
f 252/386/485 271/409/492 240/410/493
s 81
f 240/372/494 272/411/495 242/412/496
s 82
f 272/413/497 253/365/498 242/414/499
s 83
f 304/415/500 302/416/501 301/417/502
s 84
f 275/418/503 288/419/504 287/420/505
s 85
f 284/421/506 290/422/507 300/423/508
s 86
f 273/424/509 285/425/510 280/426/511
s 87
f 274/427/512 282/428/513 281/429/514
s 85
f 279/430/515 273/431/516 280/432/517
f 279/430/515 295/433/518 289/434/519
s 87
f 277/435/520 281/429/514 282/428/513
s 85
f 283/436/521 278/437/522 277/438/523
s 86
f 285/425/510 278/439/524 284/440/525
f 286/441/526 281/429/527 285/425/510
s 83
f 303/442/528 305/443/529 302/416/501
s 84
f 282/444/530 287/420/505 288/419/504
f 277/445/531 288/419/504 283/446/532
s 85
f 289/434/519 296/447/533 294/448/534
f 294/448/534 297/449/535 293/450/536
f 293/450/536 298/451/537 292/452/538
f 292/452/538 299/453/539 291/454/540
f 291/454/540 300/423/508 290/422/507
s 84
f 294/448/541 293/450/542 288/419/504
s 86
f 297/455/543 295/456/544 285/425/510
s 88
f 301/457/545 286/441/546 273/424/547
s 89
f 287/420/548 304/458/549 275/418/550
s 90
f 275/418/551 301/459/552 273/431/553
s 91
f 302/460/554 274/427/555 286/441/556
s 92
f 305/461/557 276/462/558 274/427/559
s 93
f 276/463/560 303/464/561 287/420/562
s 94
f 338/465/563 336/466/564 335/467/565
s 95
f 309/468/566 322/469/567 321/470/568
s 96
f 318/471/569 324/472/570 334/473/571
s 97
f 307/474/572 319/475/573 314/476/574
s 98
f 308/477/575 316/478/576 315/479/577
s 96
f 313/480/578 307/481/579 314/482/580
f 313/480/578 329/483/581 323/484/582
s 98
f 311/485/583 315/479/577 316/478/576
s 96
f 317/486/584 312/487/585 311/488/586
s 97
f 319/475/573 312/489/587 318/490/588
f 320/491/589 315/492/590 319/475/573
s 94
f 337/493/591 339/494/592 336/466/564
s 95
f 316/495/593 321/470/568 322/469/567
f 311/496/594 322/469/567 317/497/595
s 96
f 323/484/582 330/498/596 328/499/597
f 328/499/597 331/500/598 327/501/599
f 327/501/599 332/502/600 326/503/601
f 326/503/601 333/504/602 325/505/603
f 325/505/603 334/473/571 324/472/570
s 95
f 327/506/604 326/507/605 322/469/567
s 97
f 332/508/606 331/509/607 319/475/573
s 99
f 335/510/608 320/491/609 307/474/610
s 100
f 321/470/611 338/511/612 309/468/613
s 101
f 309/512/614 335/513/615 307/481/616
s 102
f 336/514/617 308/477/618 320/515/619
s 103
f 339/516/620 310/517/621 308/477/622
s 104
f 310/518/623 337/519/624 321/470/625
s 105
f 372/520/626 370/521/627 369/522/628
s 106
f 347/523/629 355/524/630 343/525/631
s 107
f 352/526/632 358/527/633 368/528/634
s 108
f 348/529/635 354/530/636 353/531/637
s 109
f 344/532/638 349/533/639 342/534/638
s 107
f 348/535/640 343/525/641 341/536/642
f 347/523/643 363/537/644 357/538/645
s 109
f 350/539/646 346/540/647 349/533/639
s 107
f 351/541/648 346/542/649 345/543/650
s 108
f 349/533/651 352/544/652 353/531/637
f 342/534/653 353/531/637 354/530/636
s 105
f 371/545/654 373/546/655 370/521/627
s 106
f 356/547/656 344/548/657 355/524/630
f 351/541/658 350/549/659 356/547/656
s 107
f 357/538/645 364/550/660 362/551/661
f 362/551/661 365/552/662 361/553/663
f 361/553/663 366/554/664 360/555/665
f 360/555/665 367/556/666 359/557/667
f 359/557/667 368/528/634 358/527/633
s 106
f 361/553/668 360/555/669 356/547/656
s 108
f 365/558/670 363/559/671 353/531/637
s 110
f 341/560/672 370/521/673 354/530/674
s 111
f 371/561/675 343/525/676 355/524/677
s 112
f 343/525/678 369/562/679 341/536/680
s 113
f 354/530/681 373/546/682 342/534/683
s 114
f 342/534/684 374/563/685 344/532/686
s 115
f 374/564/687 355/524/688 344/548/689
s 116
f 406/565/690 404/566/691 403/567/692
s 117
f 381/568/693 389/569/694 377/570/695
s 118
f 386/571/696 392/572/697 402/573/698
s 119
f 382/574/699 388/575/700 387/576/701
s 120
f 378/577/702 383/578/703 376/579/702
s 118
f 382/580/704 377/570/705 375/581/706
f 381/568/707 397/582/708 391/583/709
s 120
f 384/584/710 380/585/711 383/578/703
s 118
f 385/586/712 380/587/713 379/588/714
s 119
f 383/578/715 386/589/716 387/590/701
f 376/579/717 387/590/701 388/591/700
s 116
f 405/592/718 407/593/719 404/566/691
s 117
f 390/594/720 378/595/721 389/596/694
f 385/597/722 384/598/723 390/594/720
s 118
f 391/583/709 398/599/724 396/600/725
f 396/600/725 399/601/726 395/602/727
f 395/602/727 400/603/728 394/604/729
f 394/604/729 401/605/730 393/606/731
f 393/606/731 402/573/698 392/572/697
s 117
f 395/602/732 394/604/733 390/607/720
s 119
f 400/608/734 399/609/735 387/576/701
s 121
f 375/610/736 404/566/737 388/591/738
s 122
f 405/611/739 377/570/740 389/569/741
s 123
f 377/570/742 403/612/743 375/581/744
s 124
f 388/591/745 407/593/746 376/579/747
s 125
f 407/593/748 378/577/749 376/579/749
s 126
f 408/613/750 389/569/751 378/614/752
s 127
f 440/615/753 438/616/754 437/617/755
s 128
f 411/618/756 424/619/757 423/620/758
s 129
f 420/621/759 426/622/760 436/623/761
s 130
f 409/624/762 421/625/763 416/626/764
s 131
f 410/627/765 418/628/766 417/629/767
s 129
f 415/630/768 409/631/769 416/632/770
f 415/630/768 431/633/771 425/634/772
s 131
f 413/635/773 417/629/767 418/628/766
s 129
f 419/636/774 414/637/775 413/638/775
s 130
f 421/625/763 414/639/776 420/640/777
f 422/641/778 417/642/779 421/625/763
s 127
f 439/643/780 441/644/781 438/616/754
s 128
f 418/645/782 423/620/758 424/619/757
f 413/646/783 424/619/757 419/647/784
s 129
f 425/634/772 432/648/785 430/649/786
f 430/649/786 433/650/787 429/651/788
f 429/651/788 434/652/789 428/653/790
f 428/653/790 435/654/791 427/655/792
f 427/655/792 436/623/761 426/622/760
s 128
f 429/656/793 428/657/794 424/619/757
s 130
f 434/658/795 433/659/796 421/625/763
s 132
f 437/660/797 422/641/798 409/624/798
s 133
f 423/620/799 440/661/800 411/618/801
s 134
f 411/662/802 437/663/803 409/631/804
s 135
f 438/664/805 410/665/806 422/641/807
s 136
f 441/666/808 412/667/809 410/627/810
s 133
f 412/668/811 439/669/812 423/620/799
s 137
f 474/670/813 472/671/814 471/672/815
s 138
f 445/673/816 458/674/817 457/675/818
s 139
f 454/676/819 460/677/820 470/678/821
s 140
f 443/679/822 455/680/823 450/681/824
s 141
f 444/682/825 452/683/826 451/684/827
s 139
f 449/685/828 443/686/829 450/687/830
f 449/685/828 465/688/831 459/689/832
s 141
f 447/690/833 451/684/827 452/683/826
s 139
f 453/691/834 448/692/835 447/693/836
s 140
f 455/680/823 448/694/837 454/695/838
f 456/696/839 451/684/840 455/680/823
s 137
f 473/697/841 475/698/842 472/671/814
s 138
f 452/699/843 457/675/818 458/674/817
f 447/700/844 458/674/817 453/701/845
s 139
f 459/689/832 466/702/846 464/703/847
f 464/703/847 467/704/848 463/705/849
f 463/705/849 468/706/850 462/707/851
f 462/707/851 469/708/852 461/709/853
f 461/709/853 470/678/821 460/677/820
s 138
f 463/705/854 462/707/855 458/674/817
s 140
f 468/710/856 467/711/857 455/680/823
s 142
f 471/712/858 456/696/859 443/679/860
s 143
f 457/675/861 474/713/862 445/673/863
s 144
f 445/673/864 471/714/865 443/686/866
s 145
f 472/715/867 444/682/868 456/696/869
s 146
f 475/716/870 446/717/871 444/682/872
s 147
f 446/718/873 473/719/874 457/675/875
s 148
f 508/720/876 506/721/877 505/722/878
s 149
f 479/723/879 492/724/880 491/725/881
s 150
f 488/726/882 494/727/883 504/728/884
s 151
f 477/729/885 489/730/886 484/731/887
s 152
f 478/732/888 486/733/889 485/734/890
s 150
f 483/735/891 477/736/892 484/737/893
f 483/735/891 499/738/894 493/739/895
s 152
f 481/740/896 485/734/890 486/733/889
s 150
f 487/741/897 482/742/898 481/743/899
s 151
f 489/730/886 482/744/900 488/745/901
f 490/746/902 485/734/903 489/730/886
s 148
f 507/747/904 509/748/905 506/721/877
s 149
f 486/749/906 491/725/881 492/724/880
f 481/750/907 492/724/880 487/751/908
s 150
f 493/739/895 500/752/909 498/753/910
f 498/753/910 501/754/911 497/755/912
f 497/755/912 502/756/913 496/757/914
f 496/757/914 503/758/915 495/759/916
f 495/759/916 504/728/884 494/727/883
s 149
f 497/755/917 496/757/918 492/724/880
s 151
f 502/760/919 500/761/920 489/730/886
s 153
f 505/762/921 490/746/922 477/729/923
s 154
f 491/725/924 508/763/925 479/723/926
s 155
f 479/723/927 505/764/928 477/736/929
s 153
f 506/765/930 478/732/931 490/746/922
s 156
f 509/766/932 480/767/933 478/732/934
s 157
f 480/768/935 507/769/936 491/725/937
s 158
f 542/770/938 540/771/939 539/772/940
s 159
f 513/773/941 526/774/942 525/775/943
s 160
f 522/776/944 528/777/945 538/778/946
s 161
f 511/779/947 523/780/948 518/781/949
s 162
f 512/782/950 520/783/951 519/784/952
s 160
f 517/785/953 511/786/954 518/787/955
f 517/785/953 533/788/956 527/789/957
s 162
f 515/790/958 519/784/952 520/783/951
s 160
f 521/791/959 516/792/960 515/793/961
s 161
f 523/780/948 516/794/962 522/795/963
f 524/796/964 519/797/965 523/780/948
s 158
f 541/798/966 543/799/967 540/771/939
s 159
f 520/800/968 525/775/943 526/774/942
f 521/801/969 520/800/968 526/774/942
s 160
f 527/789/957 534/802/970 532/803/971
f 532/803/971 535/804/972 531/805/973
f 531/805/973 536/806/974 530/807/975
f 530/807/975 537/808/976 529/809/977
f 529/809/977 538/778/946 528/777/945
s 159
f 531/805/978 530/807/979 526/774/942
s 161
f 536/810/980 535/811/981 523/780/948
s 163
f 539/812/982 524/796/983 511/779/984
s 164
f 525/775/985 542/813/986 513/773/987
s 165
f 513/773/988 539/814/989 511/786/990
s 166
f 540/815/991 512/816/992 524/796/993
s 167
f 543/817/994 514/818/995 512/782/996
s 168
f 514/819/997 541/820/998 525/775/999
s 169
f 576/821/1000 574/822/1001 573/823/1002
s 170
f 547/824/1003 560/825/1004 559/826/1005
s 171
f 556/827/1006 562/828/1007 572/829/1008
s 172
f 545/830/1009 557/831/1010 552/832/1011
s 173
f 546/833/1012 554/834/1013 553/835/1014
s 171
f 551/836/1015 545/837/1016 552/838/1017
f 551/836/1015 567/839/1018 561/840/1019
s 173
f 549/841/1020 553/835/1014 554/834/1013
s 171
f 555/842/1021 550/843/1022 549/844/1023
s 172
f 557/831/1010 550/845/1024 556/846/1025
f 558/847/1026 553/835/1027 557/831/1010
s 169
f 575/848/1028 577/849/1029 574/822/1001
s 170
f 554/850/1030 559/826/1005 560/825/1004
f 549/851/1031 560/825/1004 555/852/1032
s 171
f 561/840/1019 568/853/1033 566/854/1034
f 566/854/1034 569/855/1035 565/856/1036
f 565/856/1036 570/857/1037 564/858/1038
f 564/858/1038 571/859/1039 563/860/1040
f 563/860/1040 572/829/1008 562/828/1007
s 170
f 566/861/1041 564/862/1042 560/825/1004
s 172
f 569/863/1043 567/864/1044 557/831/1010
s 174
f 573/865/1045 558/847/1046 545/830/1047
s 175
f 559/826/1048 576/866/1049 547/824/1050
s 176
f 547/867/1051 573/868/1052 545/837/1053
s 174
f 574/869/1054 546/833/1055 558/847/1046
s 177
f 577/870/1056 548/871/1057 546/833/1058
s 178
f 548/872/1059 575/873/1060 559/826/1061
s 179
f 610/874/1062 608/875/1063 607/876/1064
s 180
f 581/877/1065 594/878/1066 593/879/1067
s 181
f 590/880/1068 596/881/1069 606/882/1070
s 182
f 579/883/1071 591/884/1072 586/885/1073
s 183
f 580/886/1074 588/887/1075 587/888/1076
s 181
f 585/889/1077 579/890/1078 586/891/1079
f 585/889/1077 601/892/1080 595/893/1081
s 183
f 583/894/1082 587/888/1076 588/887/1075
s 181
f 589/895/1083 584/896/1084 583/897/1085
s 182
f 591/884/1072 584/898/1086 590/899/1087
f 592/900/1088 587/901/1089 591/884/1072
s 179
f 609/902/1090 611/903/1091 608/875/1063
s 180
f 588/904/1092 593/879/1067 594/878/1066
f 583/905/1093 594/878/1066 589/906/1094
s 181
f 595/893/1081 602/907/1095 600/908/1096
f 600/908/1096 603/909/1097 599/910/1098
f 599/910/1098 604/911/1099 598/912/1100
f 598/912/1100 605/913/1101 597/914/1102
f 597/914/1102 606/882/1070 596/881/1069
s 180
f 599/915/1103 598/916/1104 594/878/1066
s 182
f 604/917/1105 603/918/1106 591/884/1072
s 184
f 579/883/1107 608/919/1108 592/900/1109
s 185
f 609/920/1110 581/877/1111 593/879/1112
s 186
f 581/921/1113 607/922/1114 579/890/1115
s 187
f 592/900/1116 611/923/1117 580/924/1118
s 188
f 580/886/1119 612/925/1120 582/926/1121
s 189
f 612/927/1122 593/879/1123 582/928/1124
s 190
f 644/929/1125 642/930/1126 641/931/1127
s 191
f 619/932/1128 627/933/1129 615/934/1130
s 192
f 624/935/1131 630/936/1132 640/937/1133
s 193
f 613/938/1134 625/939/1135 620/940/1136
s 194
f 614/941/1137 622/942/1138 621/943/1139
s 192
f 619/932/1140 613/944/1141 620/945/1142
f 619/932/1140 635/946/1143 629/947/1144
s 194
f 617/948/1145 621/943/1139 622/942/1138
s 192
f 623/949/1146 618/950/1147 617/951/1148
s 193
f 625/939/1135 618/952/1149 624/953/1150
f 626/954/1151 621/943/1152 625/939/1135
s 190
f 643/955/1153 645/956/1154 642/930/1126
s 191
f 622/957/1155 627/933/1129 628/958/1156
f 617/959/1157 628/958/1156 623/960/1158
s 192
f 629/947/1144 636/961/1159 634/962/1160
f 634/962/1160 637/963/1161 633/964/1162
f 633/964/1162 638/965/1163 632/966/1164
f 632/966/1164 639/967/1165 631/968/1166
f 631/968/1166 640/937/1133 630/936/1132
s 191
f 634/962/1167 632/966/1168 628/958/1156
s 193
f 638/969/1169 637/970/1170 625/939/1135
s 195
f 613/938/1171 642/971/1172 626/954/1173
s 196
f 643/972/1174 615/934/1175 627/933/1176
s 197
f 615/934/1177 641/973/1178 613/944/1179
s 198
f 642/971/1180 614/941/1181 626/954/1182
s 199
f 614/941/1183 646/974/1184 616/975/1185
s 196
f 616/976/1186 643/972/1174 627/933/1176
s 200
f 678/977/1187 676/978/1188 675/979/1189
s 201
f 653/980/1190 661/981/1191 649/982/1192
s 202
f 658/983/1193 664/984/1194 674/985/1195
s 203
f 654/986/1196 660/987/1197 659/988/1198
s 204
f 648/989/1199 656/990/1200 655/991/1201
s 202
f 653/992/1202 647/993/1203 654/994/1204
f 653/992/1202 669/995/1205 663/996/1206
s 204
f 651/997/1207 655/991/1201 656/990/1200
s 202
f 657/998/1208 652/999/1209 651/1000/1210
s 203
f 655/1001/1211 658/1002/1212 659/988/1198
f 648/1003/1213 659/988/1198 660/987/1197
s 200
f 677/1004/1214 679/1005/1215 676/978/1188
s 201
f 662/1006/1216 650/1007/1217 661/981/1191
f 657/1008/1218 656/1009/1219 662/1006/1216
s 202
f 663/996/1206 670/1010/1220 668/1011/1221
f 668/1011/1221 671/1012/1222 667/1013/1223
f 667/1013/1223 672/1014/1224 666/1015/1225
f 666/1015/1225 673/1016/1226 665/1017/1227
f 665/1017/1227 674/985/1195 664/984/1194
s 201
f 667/1018/1228 666/1019/1229 662/1006/1216
s 203
f 672/1020/1230 671/1021/1231 659/988/1198
s 205
f 675/1022/1232 660/987/1233 647/1023/1234
s 206
f 661/981/1235 678/1024/1236 649/982/1237
s 207
f 649/1025/1238 675/1026/1239 647/993/1240
s 208
f 676/1027/1241 648/1003/1242 660/987/1243
s 209
f 679/1028/1244 650/1029/1245 648/989/1246
s 210
f 650/1007/1247 677/1030/1248 661/981/1249
s 211
f 712/1031/1250 710/1032/1251 709/1033/1252
s 212
f 683/1034/1253 696/1035/1254 695/1036/1255
s 213
f 692/1037/1256 698/1038/1257 708/1039/1258
s 214
f 681/1040/1259 693/1041/1260 688/1042/1261
s 215
f 682/1043/1262 690/1044/1263 689/1045/1264
s 213
f 687/1046/1265 681/1047/1266 688/1048/1267
f 687/1046/1265 703/1049/1268 697/1050/1269
s 215
f 685/1051/1270 689/1045/1264 690/1044/1263
s 213
f 691/1052/1271 686/1053/1272 685/1054/1273
s 214
f 693/1055/1260 686/1056/1274 692/1057/1275
f 694/1058/1276 689/1045/1277 693/1041/1260
s 211
f 711/1059/1278 713/1060/1279 710/1061/1251
s 212
f 690/1062/1280 695/1036/1255 696/1035/1254
f 685/1063/1281 696/1064/1254 691/1065/1282
s 213
f 697/1050/1269 704/1066/1283 702/1067/1284
f 702/1067/1284 705/1068/1285 701/1069/1286
f 701/1069/1286 706/1070/1287 700/1071/1288
f 700/1071/1288 707/1072/1289 699/1073/1290
f 699/1073/1290 708/1039/1258 698/1038/1257
s 212
f 701/1069/1291 700/1071/1292 696/1035/1254
s 214
f 706/1074/1293 705/1075/1294 693/1041/1260
s 216
f 709/1076/1295 694/1058/1296 681/1040/1297
s 217
f 695/1036/1298 712/1077/1299 683/1034/1300
s 218
f 683/1034/1301 709/1078/1302 681/1047/1303
s 219
f 710/1061/1304 682/1043/1305 694/1058/1306
s 220
f 713/1060/1307 684/1079/1308 682/1043/1309
s 221
f 684/1080/1310 711/1081/1311 695/1036/1312
s 222
f 746/1082/1313 744/1083/1314 743/1084/1315
s 223
f 717/1085/1316 730/1086/1317 729/1087/1318
s 224
f 726/1088/1319 732/1089/1320 742/1090/1321
s 225
f 715/1091/1322 727/1092/1323 722/1093/1324
s 226
f 716/1094/1325 724/1095/1326 723/1096/1327
s 224
f 721/1097/1328 715/1098/1329 722/1099/1330
f 721/1097/1328 737/1100/1331 731/1101/1332
s 226
f 719/1102/1333 723/1096/1327 724/1095/1326
s 224
f 725/1103/1334 720/1104/1335 719/1105/1336
s 225
f 727/1092/1323 720/1106/1337 726/1107/1338
f 728/1108/1339 723/1109/1340 727/1092/1323
s 222
f 745/1110/1341 747/1111/1342 744/1083/1314
s 223
f 724/1112/1343 729/1087/1318 730/1086/1317
f 719/1113/1344 730/1086/1317 725/1114/1345
s 224
f 731/1101/1332 738/1115/1346 736/1116/1347
f 736/1116/1347 739/1117/1348 735/1118/1349
f 735/1118/1349 740/1119/1350 734/1120/1351
f 734/1120/1351 741/1121/1352 733/1122/1353
f 733/1122/1353 742/1090/1321 732/1089/1320
s 223
f 735/1123/1354 734/1124/1355 730/1086/1317
s 225
f 740/1125/1356 739/1126/1357 727/1092/1323
s 227
f 743/1127/1358 728/1108/1359 715/1091/1360
s 228
f 745/1128/1361 717/1085/1362 729/1087/1363
s 229
f 717/1129/1364 743/1130/1365 715/1098/1366
s 230
f 744/1131/1367 716/1132/1368 728/1108/1369
s 231
f 747/1111/1370 718/1133/1371 716/1094/1372
s 232
f 718/1134/1373 745/1128/1374 729/1087/1375
s 233
f 780/1135/1376 778/1136/1377 777/1137/1378
s 234
f 755/1138/1379 763/1139/1380 751/1140/1381
s 235
f 760/1141/1382 766/1142/1383 776/1143/1384
s 236
f 756/1144/1385 762/1145/1386 761/1146/1387
s 237
f 752/1147/1388 757/1148/1389 750/1149/1390
s 235
f 756/1150/1391 751/1140/1392 749/1151/1392
f 755/1138/1393 771/1152/1394 765/1153/1395
s 237
f 758/1154/1396 754/1155/1397 757/1148/1389
s 235
f 759/1156/1398 754/1157/1399 753/1158/1400
s 236
f 757/1148/1401 760/1159/1402 761/1146/1387
f 750/1149/1403 761/1146/1387 762/1145/1386
s 233
f 779/1160/1404 781/1161/1405 778/1136/1377
s 234
f 764/1162/1406 752/1163/1407 763/1139/1380
f 759/1156/1408 758/1164/1409 764/1162/1406
s 235
f 765/1153/1395 772/1165/1410 770/1166/1411
f 770/1166/1411 773/1167/1412 769/1168/1413
f 769/1168/1413 774/1169/1414 768/1170/1415
f 768/1170/1415 775/1171/1416 767/1172/1417
f 767/1172/1417 776/1143/1384 766/1142/1383
s 234
f 769/1168/1418 768/1170/1419 764/1162/1406
s 236
f 773/1173/1420 771/1174/1421 761/1146/1387
s 238
f 749/1175/1422 778/1136/1423 762/1145/1424
s 239
f 779/1176/1425 751/1140/1426 763/1139/1427
s 240
f 751/1140/1428 777/1177/1429 749/1151/1428
s 241
f 762/1145/1430 781/1161/1431 750/1149/1432
s 242
f 750/1149/1433 782/1178/1434 752/1147/1435
s 239
f 782/1179/1436 763/1139/1427 752/1163/1437
s 243
f 814/1180/1438 812/1181/1439 811/1182/1440
s 244
f 789/1183/1441 797/1184/1442 785/1185/1443
s 245
f 794/1186/1444 800/1187/1445 810/1188/1446
s 246
f 790/1189/1447 796/1190/1448 795/1191/1449
s 247
f 784/1192/1450 792/1193/1451 791/1194/1452
s 245
f 789/1183/1453 783/1195/1454 790/1196/1455
f 789/1183/1453 805/1197/1456 799/1198/1457
s 247
f 787/1199/1458 791/1194/1452 792/1193/1451
s 245
f 793/1200/1459 788/1201/1460 787/1202/1460
s 246
f 791/1194/1461 794/1203/1462 795/1191/1449
f 784/1192/1463 795/1191/1449 796/1190/1448
s 243
f 813/1204/1464 815/1205/1465 812/1181/1439
s 244
f 798/1206/1466 786/1207/1467 797/1184/1442
f 793/1200/1468 792/1208/1469 798/1206/1466
s 245
f 799/1198/1457 806/1209/1470 804/1210/1471
f 804/1210/1471 807/1211/1472 803/1212/1473
f 803/1212/1473 808/1213/1474 802/1214/1475
f 802/1214/1475 809/1215/1476 801/1216/1477
f 801/1216/1477 810/1188/1446 800/1187/1445
s 244
f 803/1212/1478 802/1214/1479 798/1206/1466
s 246
f 808/1217/1480 807/1218/1481 795/1191/1449
s 248
f 783/1219/1482 812/1181/1483 796/1190/1484
s 249
f 813/1220/1485 785/1185/1486 797/1184/1487
s 250
f 785/1185/1488 811/1221/1489 783/1195/1490
s 251
f 796/1190/1491 815/1205/1492 784/1192/1493
s 252
f 815/1205/1494 786/1222/1495 784/1192/1496
s 253
f 816/1223/1497 797/1184/1498 786/1207/1499
s 254
f 848/1224/1500 846/1225/1501 845/1226/1502
s 255
f 819/1227/1503 832/1228/1504 831/1229/1505
s 256
f 828/1230/1506 834/1231/1507 844/1232/1508
s 257
f 817/1233/1509 829/1234/1510 824/1235/1511
s 258
f 818/1236/1512 826/1237/1513 825/1238/1514
s 256
f 823/1239/1515 817/1240/1516 824/1241/1517
f 823/1239/1515 839/1242/1518 833/1243/1519
s 258
f 821/1244/1520 825/1238/1514 826/1237/1513
s 256
f 827/1245/1521 822/1246/1522 821/1247/1523
s 257
f 829/1234/1510 822/1248/1524 828/1249/1525
f 830/1250/1526 825/1238/1527 829/1234/1510
s 254
f 847/1251/1528 849/1252/1529 846/1225/1501
s 255
f 826/1253/1530 831/1229/1505 832/1228/1504
f 821/1247/1531 832/1228/1504 827/1245/1532
s 256
f 833/1243/1519 840/1254/1533 838/1255/1534
f 838/1255/1534 841/1256/1535 837/1257/1536
f 837/1257/1536 842/1258/1537 836/1259/1538
f 836/1259/1538 843/1260/1539 835/1261/1540
f 835/1261/1540 844/1232/1508 834/1231/1507
s 255
f 837/1257/1541 836/1259/1542 832/1228/1504
s 257
f 842/1262/1543 841/1263/1544 829/1234/1510
s 259
f 817/1233/1545 846/1225/1546 830/1250/1547
s 260
f 847/1264/1548 819/1227/1549 831/1229/1550
s 261
f 819/1227/1551 845/1265/1552 817/1240/1553
s 262
f 830/1250/1554 849/1252/1555 818/1236/1556
s 263
f 849/1252/1557 820/1266/1558 818/1236/1559
s 264
f 850/1267/1560 831/1229/1561 820/1268/1562
s 265
f 887/1269/1563 852/1270/1564 851/1271/1565
f 888/1272/1566 853/1273/1567 852/1270/1564
f 889/1274/1568 854/1275/1569 853/1273/1567
f 890/1276/1570 855/1277/1571 854/1275/1569
f 891/1278/1572 856/1279/1573 855/1277/1571
f 892/1280/1574 857/1281/1575 856/1279/1573
f 893/1282/1576 858/1283/1577 857/1284/1575
f 894/1285/1578 859/1286/1579 858/1283/1577
f 859/1287/1579 896/1288/1580 860/1289/1581
f 860/1289/1581 897/1290/1582 861/1291/1583
f 861/1291/1583 898/1292/1584 862/1293/1585
f 862/1293/1585 899/1294/1586 863/1295/1587
f 863/1295/1587 900/1296/1588 864/1297/1589
f 864/1297/1589 901/1298/1590 865/1299/1591
f 865/1299/1591 902/1300/1592 866/1301/1593
f 866/1301/1593 903/1302/1594 867/1303/1595
f 867/1304/1595 904/1305/1596 868/1306/1597
f 868/1306/1597 905/1307/1598 869/1308/1599
f 869/1308/1599 906/1309/1600 870/1310/1601
f 870/1310/1601 907/1311/1602 871/1312/1603
f 871/1312/1603 908/1313/1604 872/1314/1605
f 872/1314/1605 909/1315/1606 873/1316/1607
f 873/1316/1607 910/1317/1608 874/1318/1609
f 874/1318/1609 911/1319/1610 875/1320/1611
f 875/1321/1611 912/1322/1612 876/1323/1613
f 912/1322/1612 877/1324/1614 876/1323/1613
f 913/1325/1615 878/1326/1616 877/1327/1614
f 914/1328/1617 879/1329/1618 878/1326/1616
f 915/1330/1619 880/1331/1620 879/1329/1618
f 916/1332/1621 881/1333/1622 880/1331/1620
f 917/1334/1623 882/1335/1624 881/1333/1622
f 918/1336/1625 883/1337/1626 882/1335/1624
f 919/1338/1627 884/1339/1628 883/1337/1626
f 920/1340/1629 885/1341/1630 884/1339/1628
f 921/1342/1631 886/1343/1632 885/1344/1630
f 922/1345/1633 851/1271/1565 886/1343/1632
f 923/1346/1634 888/1272/1566 887/1269/1563
f 924/1347/1635 889/1274/1568 888/1272/1566
f 925/1348/1636 890/1276/1570 889/1274/1568
f 926/1349/1637 891/1278/1572 890/1276/1570
f 927/1350/1638 892/1280/1574 891/1278/1572
f 928/1351/1639 893/1352/1576 892/1280/1574
f 929/1353/1640 894/1285/1578 893/1282/1576
f 894/1285/1578 931/1354/1641 895/1355/1642
f 895/1356/1642 932/1357/1643 896/1288/1580
f 896/1288/1580 933/1358/1644 897/1290/1582
f 897/1290/1582 934/1359/1645 898/1292/1584
f 898/1292/1584 935/1360/1646 899/1294/1586
f 899/1294/1586 936/1361/1647 900/1296/1588
f 900/1296/1588 937/1362/1648 901/1298/1590
f 901/1298/1590 938/1363/1649 902/1300/1592
f 902/1300/1592 939/1364/1650 903/1302/1594
f 903/1365/1594 940/1366/1651 904/1305/1596
f 904/1305/1596 941/1367/1652 905/1307/1598
f 905/1307/1598 942/1368/1653 906/1309/1600
f 906/1309/1600 943/1369/1654 907/1311/1602
f 907/1311/1602 944/1370/1655 908/1313/1604
f 908/1313/1604 945/1371/1656 909/1315/1606
f 909/1315/1606 946/1372/1657 910/1317/1608
f 910/1317/1608 947/1373/1658 911/1319/1610
f 911/1319/1610 948/1374/1659 912/1375/1612
f 948/1376/1659 913/1377/1615 912/1322/1612
f 949/1378/1660 914/1328/1617 913/1325/1615
f 950/1379/1661 915/1330/1619 914/1328/1617
f 951/1380/1662 916/1332/1621 915/1330/1619
f 952/1381/1663 917/1334/1623 916/1332/1621
f 953/1382/1664 918/1336/1625 917/1334/1623
f 954/1383/1665 919/1338/1627 918/1336/1625
f 955/1384/1666 920/1340/1629 919/1338/1627
f 956/1385/1667 921/1386/1631 920/1340/1629
f 957/1387/1668 922/1345/1633 921/1342/1631
f 958/1388/1669 887/1269/1563 922/1345/1633
f 959/1389/1670 924/1347/1635 923/1346/1634
f 960/1390/1671 925/1348/1636 924/1347/1635
f 961/1391/1672 926/1349/1637 925/1348/1636
f 962/1392/1673 927/1350/1638 926/1349/1637
f 963/1393/1674 928/1351/1639 927/1350/1638
f 964/1394/1675 929/1395/1640 928/1351/1639
f 965/1396/1676 930/1397/1677 929/1395/1640
f 930/1398/1677 967/1399/1678 931/1354/1641
f 931/1400/1641 968/1401/1679 932/1357/1643
f 932/1357/1643 969/1402/1680 933/1358/1644
f 933/1358/1644 970/1403/1681 934/1359/1645
f 934/1359/1645 971/1404/1682 935/1360/1646
f 935/1360/1646 972/1405/1683 936/1361/1647
f 936/1361/1647 973/1406/1684 937/1362/1648
f 937/1362/1648 974/1407/1685 938/1363/1649
f 938/1363/1649 975/1408/1686 939/1364/1650
f 939/1409/1650 976/1410/1687 940/1366/1651
f 940/1366/1651 977/1411/1688 941/1367/1652
f 941/1367/1652 978/1412/1689 942/1368/1653
f 942/1368/1653 979/1413/1690 943/1369/1654
f 943/1369/1654 980/1414/1691 944/1370/1655
f 944/1370/1655 981/1415/1692 945/1371/1656
f 945/1371/1656 982/1416/1693 946/1372/1657
f 946/1372/1657 983/1417/1694 947/1373/1658
f 947/1373/1658 984/1418/1695 948/1374/1659
f 984/1419/1695 949/1420/1660 948/1376/1659
f 985/1421/1696 950/1379/1661 949/1378/1660
f 986/1422/1697 951/1380/1662 950/1379/1661
f 987/1423/1698 952/1381/1663 951/1380/1662
f 988/1424/1699 953/1382/1664 952/1381/1663
f 989/1425/1700 954/1383/1665 953/1382/1664
f 990/1426/1701 955/1384/1666 954/1383/1665
f 991/1427/1702 956/1385/1667 955/1384/1666
f 992/1428/1703 957/1429/1668 956/1385/1667
f 993/1430/1704 958/1388/1669 957/1387/1668
f 994/1431/1705 923/1346/1634 958/1388/1669
f 995/1432/1706 960/1390/1671 959/1389/1670
f 996/1433/1707 961/1391/1672 960/1390/1671
f 997/1434/1708 962/1392/1673 961/1391/1672
f 998/1435/1709 963/1393/1674 962/1392/1673
f 999/1436/1710 964/1394/1675 963/1393/1674
f 1000/1437/1711 965/1396/1676 964/1394/1675
f 1001/1438/1712 966/1439/1713 965/1396/1676
f 966/1440/1713 1003/1441/1714 967/1442/1678
f 967/1442/1678 1004/1443/1715 968/1401/1679
f 968/1401/1679 1005/1444/1716 969/1402/1680
f 969/1402/1680 1006/1445/1717 970/1403/1681
f 970/1403/1681 1007/1446/1718 971/1404/1682
f 971/1404/1682 1008/1447/1719 972/1405/1683
f 972/1405/1683 1009/1448/1720 973/1406/1684
f 973/1406/1684 1010/1449/1721 974/1407/1685
f 974/1407/1685 1011/1450/1722 975/1408/1686
f 975/1451/1686 1012/1452/1723 976/1410/1687
f 978/1412/1689 1014/1453/1724 979/1413/1690
f 979/1413/1690 1015/1454/1725 980/1414/1691
f 980/1414/1691 1016/1455/1726 981/1415/1692
f 981/1415/1692 1017/1456/1727 982/1416/1693
f 982/1416/1693 1018/1457/1728 983/1417/1694
f 983/1417/1694 1019/1458/1729 984/1418/1695
f 1019/1459/1729 985/1421/1696 984/1460/1695
f 1020/1461/1730 986/1422/1697 985/1421/1696
f 1021/1462/1731 987/1423/1698 986/1422/1697
f 1022/1463/1732 988/1424/1699 987/1423/1698
f 1023/1464/1733 989/1425/1700 988/1424/1699
f 1024/1465/1734 990/1426/1701 989/1425/1700
f 1025/1466/1735 991/1427/1702 990/1426/1701
f 1026/1467/1736 992/1428/1703 991/1427/1702
f 1027/1468/1737 993/1469/1704 992/1428/1703
f 1028/1470/1738 994/1431/1705 993/1430/1704
f 1029/1471/1739 959/1389/1670 994/1431/1705
f 1030/1472/1740 996/1433/1707 995/1432/1706
f 1031/1473/1741 997/1434/1708 996/1433/1707
f 1032/1474/1742 998/1435/1709 997/1434/1708
f 1033/1475/1743 999/1436/1710 998/1435/1709
f 1034/1476/1744 1000/1437/1711 999/1436/1710
f 1035/1477/1745 1001/1438/1712 1000/1437/1711
f 1036/1478/1746 1002/1479/1747 1001/1438/1712
f 1002/1480/1747 1038/1481/1748 1003/1441/1714
f 1003/1441/1714 1039/1482/1749 1004/1443/1715
f 1004/1443/1715 1040/1483/1750 1005/1444/1716
f 1005/1444/1716 1041/1484/1751 1006/1445/1717
f 1006/1445/1717 1042/1485/1752 1007/1446/1718
f 1007/1446/1718 1043/1486/1753 1008/1447/1719
f 1008/1447/1719 1044/1487/1754 1009/1448/1720
f 1009/1448/1720 1045/1488/1755 1010/1449/1721
f 1010/1449/1721 1046/1489/1756 1011/1450/1722
f 1011/1490/1722 1047/1491/1757 1012/1452/1723
f 1013/1492/1758 1050/1493/1759 1014/1453/1724
f 1014/1453/1724 1051/1494/1760 1015/1454/1725
f 1015/1454/1725 1052/1495/1761 1016/1455/1726
f 1016/1455/1726 1053/1496/1762 1017/1456/1727
f 1017/1456/1727 1054/1497/1763 1018/1457/1728
f 1018/1457/1728 1055/1498/1764 1019/1458/1729
f 1055/1499/1764 1020/1461/1730 1019/1459/1729
f 1056/1500/1765 1021/1462/1731 1020/1461/1730
f 1057/1501/1766 1022/1463/1732 1021/1462/1731
f 1058/1502/1767 1023/1464/1733 1022/1463/1732
f 1059/1503/1768 1024/1465/1734 1023/1464/1733
f 1060/1504/1769 1025/1466/1735 1024/1465/1734
f 1061/1505/1770 1026/1467/1736 1025/1466/1735
f 1062/1506/1771 1027/1468/1737 1026/1467/1736
f 1063/1507/1772 1028/1508/1738 1027/1468/1737
f 1064/1509/1773 1029/1471/1739 1028/1470/1738
f 1065/1510/1774 995/1432/1706 1029/1471/1739
f 1066/1511/1775 1031/1473/1741 1030/1472/1740
f 1067/1512/1776 1032/1474/1742 1031/1473/1741
f 1068/1513/1777 1033/1475/1743 1032/1474/1742
f 1069/1514/1778 1034/1476/1744 1033/1475/1743
f 1070/1515/1779 1035/1477/1745 1034/1476/1744
f 1071/1516/1780 1036/1478/1746 1035/1477/1745
f 1072/1517/1781 1037/1518/1782 1036/1478/1746
f 1037/1519/1782 1074/1520/1783 1038/1481/1748
f 1038/1481/1748 1075/1521/1784 1039/1482/1749
f 1039/1482/1749 1076/1522/1785 1040/1483/1750
f 1040/1483/1750 1077/1523/1786 1041/1484/1751
f 1041/1484/1751 1078/1524/1787 1042/1485/1752
f 1042/1485/1752 1079/1525/1788 1043/1486/1753
f 1043/1486/1753 1080/1526/1789 1044/1487/1754
f 1044/1487/1754 1081/1527/1790 1045/1488/1755
f 1045/1488/1755 1082/1528/1791 1046/1489/1756
f 1046/1529/1756 1083/1530/1792 1047/1491/1757
f 1047/1491/1757 1084/1531/1793 1048/1532/1794
f 1048/1532/1794 1085/1533/1795 1049/1534/1796
f 1049/1534/1796 1086/1535/1797 1050/1493/1759
f 1050/1493/1759 1087/1536/1798 1051/1494/1760
f 1051/1494/1760 1088/1537/1799 1052/1495/1761
f 1052/1495/1761 1089/1538/1800 1053/1496/1762
f 1053/1496/1762 1090/1539/1801 1054/1497/1763
f 1054/1497/1763 1091/1540/1802 1055/1498/1764
f 1091/1541/1802 1056/1500/1765 1055/1499/1764
f 1092/1542/1803 1057/1501/1766 1056/1500/1765
f 1093/1543/1804 1058/1502/1767 1057/1501/1766
f 1094/1544/1805 1059/1503/1768 1058/1502/1767
f 1095/1545/1806 1060/1504/1769 1059/1503/1768
f 1096/1546/1807 1061/1505/1770 1060/1504/1769
f 1097/1547/1808 1062/1506/1771 1061/1505/1770
f 1098/1548/1809 1063/1507/1772 1062/1506/1771
f 1099/1549/1810 1064/1550/1773 1063/1507/1772
f 1100/1551/1811 1065/1510/1774 1064/1509/1773
f 1101/1552/1812 1030/1472/1740 1065/1510/1774
f 1102/1553/1813 1067/1512/1776 1066/1511/1775
f 1103/1554/1814 1068/1513/1777 1067/1512/1776
f 1104/1555/1815 1069/1514/1778 1068/1513/1777
f 1105/1556/1816 1070/1515/1779 1069/1514/1778
f 1106/1557/1817 1071/1516/1780 1070/1515/1779
f 1107/1558/1818 1072/1517/1781 1071/1516/1780
f 1108/1559/1819 1073/1560/1820 1072/1561/1781
f 1073/1560/1820 1110/1562/1821 1074/1520/1783
f 1074/1520/1783 1111/1563/1822 1075/1521/1784
f 1075/1521/1784 1112/1564/1823 1076/1522/1785
f 1076/1522/1785 1113/1565/1824 1077/1523/1786
f 1077/1523/1786 1114/1566/1825 1078/1524/1787
f 1078/1524/1787 1115/1567/1826 1079/1525/1788
f 1079/1525/1788 1116/1568/1827 1080/1526/1789
f 1080/1526/1789 1117/1569/1828 1081/1527/1790
f 1081/1527/1790 1118/1570/1829 1082/1528/1791
f 1082/1571/1791 1119/1572/1830 1083/1530/1792
f 1083/1530/1792 1120/1573/1831 1084/1531/1793
f 1084/1531/1793 1121/1574/1832 1085/1533/1795
f 1085/1533/1795 1122/1575/1833 1086/1535/1797
f 1086/1535/1797 1123/1576/1834 1087/1536/1798
f 1087/1536/1798 1124/1577/1835 1088/1537/1799
f 1088/1537/1799 1125/1578/1836 1089/1538/1800
f 1089/1538/1800 1126/1579/1837 1090/1539/1801
f 1090/1580/1801 1127/1581/1838 1091/1541/1802
f 1127/1581/1838 1092/1542/1803 1091/1541/1802
f 1128/1582/1839 1093/1543/1804 1092/1542/1803
f 1129/1583/1840 1094/1544/1805 1093/1543/1804
f 1130/1584/1841 1095/1545/1806 1094/1544/1805
f 1131/1585/1842 1096/1546/1807 1095/1545/1806
f 1132/1586/1843 1097/1547/1808 1096/1546/1807
f 1133/1587/1844 1098/1548/1809 1097/1547/1808
f 1134/1588/1845 1099/1549/1810 1098/1548/1809
f 1135/1589/1846 1100/1590/1811 1099/1549/1810
f 1136/1591/1847 1101/1552/1812 1100/1551/1811
f 1137/1592/1848 1066/1511/1775 1101/1552/1812
f 1138/1593/1849 1103/1554/1814 1102/1553/1813
f 1139/1594/1850 1104/1555/1815 1103/1554/1814
f 1140/1595/1851 1105/1556/1816 1104/1555/1815
f 1141/1596/1852 1106/1557/1817 1105/1556/1816
f 1142/1597/1853 1107/1558/1818 1106/1557/1817
f 1143/1598/1854 1108/1599/1819 1107/1558/1818
f 1144/1600/1855 1109/1601/1856 1108/1559/1819
f 1109/1601/1856 1146/1602/1857 1110/1562/1821
f 1110/1562/1821 1147/1603/1858 1111/1563/1822
f 1111/1563/1822 1148/1604/1859 1112/1564/1823
f 1112/1564/1823 1149/1605/1860 1113/1565/1824
f 1113/1565/1824 1150/1606/1861 1114/1566/1825
f 1114/1566/1825 1151/1607/1862 1115/1567/1826
f 1115/1567/1826 1152/1608/1863 1116/1568/1827
f 1116/1568/1827 1153/1609/1864 1117/1569/1828
f 1117/1569/1828 1154/1610/1865 1118/1570/1829
f 1118/1611/1829 1155/1612/1866 1119/1572/1830
f 1119/1572/1830 1156/1613/1867 1120/1573/1831
f 1120/1573/1831 1157/1614/1868 1121/1574/1832
f 1121/1574/1832 1158/1615/1869 1122/1575/1833
f 1122/1575/1833 1159/1616/1870 1123/1576/1834
f 1123/1576/1834 1160/1617/1871 1124/1577/1835
f 1124/1577/1835 1161/1618/1872 1125/1578/1836
f 1125/1578/1836 1162/1619/1873 1126/1579/1837
f 1126/1620/1837 1163/1621/1874 1127/1581/1838
f 1163/1621/1874 1128/1582/1839 1127/1581/1838
f 1164/1622/1875 1129/1583/1840 1128/1582/1839
f 1165/1623/1876 1130/1584/1841 1129/1583/1840
f 1166/1624/1877 1131/1585/1842 1130/1584/1841
f 1167/1625/1878 1132/1586/1843 1131/1585/1842
f 1168/1626/1879 1133/1587/1844 1132/1586/1843
f 1169/1627/1880 1134/1588/1845 1133/1587/1844
f 1170/1628/1881 1135/1589/1846 1134/1588/1845
f 1171/1629/1882 1136/1630/1847 1135/1589/1846
f 1172/1631/1883 1137/1592/1848 1136/1591/1847
f 1173/1632/1884 1102/1553/1813 1137/1592/1848
f 1174/1633/1885 1139/1594/1850 1138/1593/1849
f 1175/1634/1886 1140/1595/1851 1139/1594/1850
f 1176/1635/1887 1141/1596/1852 1140/1595/1851
f 1177/1636/1888 1142/1597/1853 1141/1596/1852
f 1178/1637/1889 1143/1598/1854 1142/1597/1853
f 1179/1638/1890 1144/1639/1855 1143/1598/1854
f 1180/1640/1891 1145/1641/1892 1144/1600/1855
f 1145/1641/1892 1182/1642/1893 1146/1602/1857
f 1146/1602/1857 1183/1643/1894 1147/1603/1858
f 1147/1603/1858 1184/1644/1895 1148/1604/1859
f 1148/1604/1859 1185/1645/1896 1149/1605/1860
f 1149/1605/1860 1186/1646/1897 1150/1606/1861
f 1150/1606/1861 1187/1647/1898 1151/1607/1862
f 1151/1607/1862 1188/1648/1899 1152/1608/1863
f 1152/1608/1863 1189/1649/1900 1153/1609/1864
f 1153/1609/1864 1190/1650/1901 1154/1610/1865
f 1154/1651/1865 1191/1652/1902 1155/1612/1866
f 1155/1612/1866 1192/1653/1903 1156/1613/1867
f 1156/1613/1867 1193/1654/1904 1157/1614/1868
f 1157/1614/1868 1194/1655/1905 1158/1615/1869
f 1158/1615/1869 1195/1656/1906 1159/1616/1870
f 1159/1616/1870 1196/1657/1907 1160/1617/1871
f 1160/1617/1871 1197/1658/1908 1161/1618/1872
f 1161/1618/1872 1198/1659/1909 1162/1619/1873
f 1162/1660/1873 1199/1661/1910 1163/1621/1874
f 1199/1661/1910 1164/1622/1875 1163/1621/1874
f 1200/1662/1911 1165/1623/1876 1164/1622/1875
f 1201/1663/1912 1166/1624/1877 1165/1623/1876
f 1202/1664/1913 1167/1625/1878 1166/1624/1877
f 1203/1665/1914 1168/1626/1879 1167/1625/1878
f 1204/1666/1915 1169/1627/1880 1168/1626/1879
f 1205/1667/1916 1170/1628/1881 1169/1627/1880
f 1206/1668/1917 1171/1629/1882 1170/1628/1881
f 1207/1669/1918 1172/1670/1883 1171/1629/1882
f 1208/1671/1919 1173/1632/1884 1172/1631/1883
f 1209/1672/1920 1138/1593/1849 1173/1632/1884
f 1210/1673/1921 1175/1634/1886 1174/1633/1885
f 1211/1674/1922 1176/1635/1887 1175/1634/1886
f 1212/1675/1923 1177/1636/1888 1176/1635/1887
f 1213/1676/1924 1178/1637/1889 1177/1636/1888
f 1214/1677/1925 1179/1638/1890 1178/1637/1889
f 1215/1678/1926 1180/1679/1891 1179/1638/1890
f 1216/1680/1927 1181/1681/1928 1180/1640/1891
f 1217/1682/1929 1182/1642/1893 1181/1681/1928
f 1182/1642/1893 1219/1683/1930 1183/1643/1894
f 1183/1643/1894 1220/1684/1931 1184/1644/1895
f 1184/1644/1895 1221/1685/1932 1185/1645/1896
f 1185/1645/1896 1222/1686/1933 1186/1646/1897
f 1186/1646/1897 1223/1687/1934 1187/1647/1898
f 1187/1647/1898 1224/1688/1935 1188/1648/1899
f 1188/1648/1899 1225/1689/1936 1189/1649/1900
f 1189/1649/1900 1226/1690/1937 1190/1650/1901
f 1190/1691/1901 1227/1692/1938 1191/1652/1902
f 1191/1652/1902 1228/1693/1939 1192/1653/1903
f 1192/1653/1903 1229/1694/1940 1193/1654/1904
f 1193/1654/1904 1230/1695/1941 1194/1655/1905
f 1194/1655/1905 1231/1696/1942 1195/1656/1906
f 1195/1656/1906 1232/1697/1943 1196/1657/1907
f 1196/1657/1907 1233/1698/1944 1197/1658/1908
f 1197/1658/1908 1234/1699/1945 1198/1659/1909
f 1198/1700/1909 1235/1701/1946 1199/1661/1910
f 1235/1701/1946 1200/1662/1911 1199/1661/1910
f 1236/1702/1947 1201/1663/1912 1200/1662/1911
f 1237/1703/1948 1202/1664/1913 1201/1663/1912
f 1238/1704/1949 1203/1665/1914 1202/1664/1913
f 1239/1705/1950 1204/1666/1915 1203/1665/1914
f 1240/1706/1951 1205/1667/1916 1204/1666/1915
f 1241/1707/1952 1206/1668/1917 1205/1667/1916
f 1242/1708/1953 1207/1669/1918 1206/1668/1917
f 1243/1709/1954 1208/1710/1919 1207/1669/1918
f 1244/1711/1955 1209/1672/1920 1208/1671/1919
f 1245/1712/1956 1174/1633/1885 1209/1672/1920
f 1246/1713/1957 1211/1674/1922 1210/1673/1921
f 1247/1714/1958 1212/1675/1923 1211/1674/1922
f 1248/1715/1959 1213/1676/1924 1212/1675/1923
f 1249/1716/1960 1214/1677/1925 1213/1676/1924
f 1250/1717/1961 1215/1678/1926 1214/1677/1925
f 1251/1718/1962 1216/1719/1927 1215/1678/1926
f 1252/1720/1963 1217/1682/1929 1216/1680/1927
f 1253/1721/1964 1218/1722/1965 1217/1682/1929
f 1218/1722/1965 1255/1723/1966 1219/1683/1930
f 1219/1683/1930 1256/1724/1967 1220/1684/1931
f 1220/1684/1931 1257/1725/1968 1221/1685/1932
f 1221/1685/1932 1258/1726/1969 1222/1686/1933
f 1222/1686/1933 1259/1727/1970 1223/1687/1934
f 1223/1687/1934 1260/1728/1971 1224/1688/1935
f 1224/1688/1935 1261/1729/1972 1225/1689/1936
f 1225/1689/1936 1262/1730/1973 1226/1690/1937
f 1226/1731/1937 1263/1732/1974 1227/1692/1938
f 1227/1692/1938 1264/1733/1975 1228/1693/1939
f 1228/1693/1939 1265/1734/1976 1229/1694/1940
f 1229/1694/1940 1266/1735/1977 1230/1695/1941
f 1230/1695/1941 1267/1736/1978 1231/1696/1942
f 1231/1696/1942 1268/1737/1979 1232/1697/1943
f 1232/1697/1943 1269/1738/1980 1233/1698/1944
f 1233/1698/1944 1270/1739/1981 1234/1699/1945
f 1234/1740/1945 1271/1741/1982 1235/1701/1946
f 1271/1741/1982 1236/1702/1947 1235/1701/1946
f 1272/1742/1983 1237/1703/1948 1236/1702/1947
f 1273/1743/1984 1238/1704/1949 1237/1703/1948
f 1274/1744/1985 1239/1705/1950 1238/1704/1949
f 1275/1745/1986 1240/1706/1951 1239/1705/1950
f 1276/1746/1987 1241/1707/1952 1240/1706/1951
f 1277/1747/1988 1242/1708/1953 1241/1707/1952
f 1278/1748/1989 1243/1709/1954 1242/1708/1953
f 1279/1749/1990 1244/1750/1955 1243/1709/1954
f 1280/1751/1991 1245/1712/1956 1244/1711/1955
f 1281/1752/1992 1210/1673/1921 1245/1712/1956
f 1282/1753/1993 1247/1714/1958 1246/1713/1957
f 1283/1754/1994 1248/1715/1959 1247/1714/1958
f 1284/1755/1995 1249/1716/1960 1248/1715/1959
f 1285/1756/1996 1250/1717/1961 1249/1716/1960
f 1286/1757/1997 1251/1718/1962 1250/1717/1961
f 1287/1758/1998 1252/1759/1963 1251/1718/1962
f 1288/1760/1999 1253/1721/1964 1252/1720/1963
f 1253/1721/1964 1290/1761/2000 1254/1762/2001
f 1254/1762/2001 1291/1763/2002 1255/1723/1966
f 1255/1723/1966 1292/1764/2003 1256/1724/1967
f 1256/1724/1967 1293/1765/2004 1257/1725/1968
f 1257/1725/1968 1294/1766/2005 1258/1726/1969
f 1258/1726/1969 1295/1767/2006 1259/1727/1970
f 1259/1727/1970 1296/1768/2007 1260/1728/1971
f 1260/1728/1971 1297/1769/2008 1261/1729/1972
f 1261/1729/1972 1298/1770/2009 1262/1730/1973
f 1262/1771/1973 1299/1772/2010 1263/1732/1974
f 1263/1732/1974 1300/1773/2011 1264/1733/1975
f 1264/1733/1975 1301/1774/2012 1265/1734/1976
f 1265/1734/1976 1302/1775/2013 1266/1735/1977
f 1266/1735/1977 1303/1776/2014 1267/1736/1978
f 1267/1736/1978 1304/1777/2015 1268/1737/1979
f 1268/1737/1979 1305/1778/2016 1269/1738/1980
f 1269/1738/1980 1306/1779/2017 1270/1739/1981
f 1270/1780/1981 1307/1781/2018 1271/1741/1982
f 1307/1781/2018 1272/1742/1983 1271/1741/1982
f 1308/1782/2019 1273/1743/1984 1272/1742/1983
f 1309/1783/2020 1274/1744/1985 1273/1743/1984
f 1310/1784/2021 1275/1745/1986 1274/1744/1985
f 1311/1785/2022 1276/1746/1987 1275/1745/1986
f 1312/1786/2023 1277/1747/1988 1276/1746/1987
f 1313/1787/2024 1278/1748/1989 1277/1747/1988
f 1314/1788/2025 1279/1749/1990 1278/1748/1989
f 1315/1789/2026 1280/1790/1991 1279/1749/1990
f 1316/1791/2027 1281/1752/1992 1280/1751/1991
f 1317/1792/2028 1246/1713/1957 1281/1752/1992
f 1318/1793/2029 1283/1754/1994 1282/1753/1993
f 1319/1794/2030 1284/1755/1995 1283/1754/1994
f 1320/1795/2031 1285/1756/1996 1284/1755/1995
f 1321/1796/2032 1286/1757/1997 1285/1756/1996
f 1322/1797/2033 1287/1758/1998 1286/1757/1997
f 1323/1798/2034 1288/1799/1999 1287/1758/1998
f 1324/1800/2035 1289/1801/2036 1288/1760/1999
f 1289/1801/2036 1326/1802/2037 1290/1761/2000
f 1290/1761/2000 1327/1803/2038 1291/1763/2002
f 1291/1763/2002 1328/1804/2039 1292/1764/2003
f 1292/1764/2003 1329/1805/2040 1293/1765/2004
f 1293/1765/2004 1330/1806/2041 1294/1766/2005
f 1294/1766/2005 1331/1807/2042 1295/1767/2006
f 1295/1767/2006 1332/1808/2043 1296/1768/2007
f 1296/1768/2007 1333/1809/2044 1297/1769/2008
f 1297/1769/2008 1334/1810/2045 1298/1770/2009
f 1298/1811/2009 1335/1812/2046 1299/1772/2010
f 1299/1772/2010 1336/1813/2047 1300/1773/2011
f 1300/1773/2011 1337/1814/2048 1301/1774/2012
f 1301/1774/2012 1338/1815/2049 1302/1775/2013
f 1302/1775/2013 1339/1816/2050 1303/1776/2014
f 1303/1776/2014 1340/1817/2051 1304/1777/2015
f 1304/1777/2015 1341/1818/2052 1305/1778/2016
f 1305/1778/2016 1342/1819/2053 1306/1779/2017
f 1306/1820/2017 1343/1821/2054 1307/1781/2018
f 1343/1821/2054 1308/1782/2019 1307/1781/2018
f 1344/1822/2055 1309/1783/2020 1308/1782/2019
f 1345/1823/2056 1310/1784/2021 1309/1783/2020
f 1346/1824/2057 1311/1785/2022 1310/1784/2021
f 1347/1825/2058 1312/1786/2023 1311/1785/2022
f 1348/1826/2059 1313/1787/2024 1312/1786/2023
f 1349/1827/2060 1314/1788/2025 1313/1787/2024
f 1350/1828/2061 1315/1789/2026 1314/1788/2025
f 1351/1829/2062 1316/1830/2027 1315/1789/2026
f 1352/1831/2063 1317/1792/2028 1316/1791/2027
f 1353/1832/2064 1282/1753/1993 1317/1792/2028
f 1354/1833/2065 1319/1794/2030 1318/1793/2029
f 1355/1834/2066 1320/1795/2031 1319/1794/2030
f 1356/1835/2067 1321/1796/2032 1320/1795/2031
f 1357/1836/2068 1322/1797/2033 1321/1796/2032
f 1358/1837/2069 1323/1798/2034 1322/1797/2033
f 1359/1838/2070 1324/1839/2035 1323/1798/2034
f 1360/1840/2071 1325/1841/2072 1324/1800/2035
f 1325/1841/2072 1362/1842/2073 1326/1802/2037
f 1326/1802/2037 1363/1843/2074 1327/1803/2038
f 1327/1803/2038 1364/1844/2075 1328/1804/2039
f 1328/1804/2039 1365/1845/2076 1329/1805/2040
f 1329/1805/2040 1366/1846/2077 1330/1806/2041
f 1330/1806/2041 1367/1847/2078 1331/1807/2042
f 1331/1807/2042 1368/1848/2079 1332/1808/2043
f 1332/1808/2043 1369/1849/2080 1333/1809/2044
f 1333/1809/2044 1370/1850/2081 1334/1810/2045
f 1334/1851/2045 1371/1852/2082 1335/1812/2046
f 1335/1812/2046 1372/1853/2083 1336/1813/2047
f 1336/1813/2047 1373/1854/2084 1337/1814/2048
f 1337/1814/2048 1374/1855/2085 1338/1815/2049
f 1338/1815/2049 1375/1856/2086 1339/1816/2050
f 1339/1816/2050 1376/1857/2087 1340/1817/2051
f 1340/1817/2051 1377/1858/2088 1341/1818/2052
f 1341/1818/2052 1378/1859/2089 1342/1819/2053
f 1342/1860/2053 1379/1861/2090 1343/1821/2054
f 1379/1861/2090 1344/1822/2055 1343/1821/2054
f 1380/1862/2091 1345/1823/2056 1344/1822/2055
f 1381/1863/2092 1346/1824/2057 1345/1823/2056
f 1382/1864/2093 1347/1825/2058 1346/1824/2057
f 1383/1865/2094 1348/1826/2059 1347/1825/2058
f 1384/1866/2095 1349/1827/2060 1348/1826/2059
f 1385/1867/2096 1350/1828/2061 1349/1827/2060
f 1386/1868/2097 1351/1829/2062 1350/1828/2061
f 1387/1869/2098 1352/1870/2063 1351/1829/2062
f 1388/1871/2099 1353/1832/2064 1352/1831/2063
f 1389/1872/2100 1318/1793/2029 1353/1832/2064
f 1390/1873/2101 1355/1834/2066 1354/1833/2065
f 1391/1874/2102 1356/1835/2067 1355/1834/2066
f 1392/1875/2103 1357/1836/2068 1356/1835/2067
f 1393/1876/2104 1358/1837/2069 1357/1836/2068
f 1394/1877/2105 1359/1838/2070 1358/1837/2069
f 1395/1878/2106 1360/1879/2071 1359/1838/2070
f 1396/1880/2107 1361/1881/2108 1360/1840/2071
f 1361/1881/2108 1398/1882/2109 1362/1842/2073
f 1362/1842/2073 1399/1883/2110 1363/1843/2074
f 1363/1843/2074 1400/1884/2111 1364/1844/2075
f 1364/1844/2075 1401/1885/2112 1365/1845/2076
f 1365/1845/2076 1402/1886/2113 1366/1846/2077
f 1366/1846/2077 1403/1887/2114 1367/1847/2078
f 1367/1847/2078 1404/1888/2115 1368/1848/2079
f 1368/1848/2079 1405/1889/2116 1369/1849/2080
f 1369/1849/2080 1406/1890/2117 1370/1850/2081
f 1370/1891/2081 1407/1892/2118 1371/1852/2082
f 1371/1852/2082 1408/1893/2119 1372/1853/2083
f 1372/1853/2083 1409/1894/2120 1373/1854/2084
f 1373/1854/2084 1410/1895/2121 1374/1855/2085
f 1374/1855/2085 1411/1896/2122 1375/1856/2086
f 1375/1856/2086 1412/1897/2123 1376/1857/2087
f 1376/1857/2087 1413/1898/2124 1377/1858/2088
f 1377/1858/2088 1414/1899/2125 1378/1859/2089
f 1378/1900/2089 1415/1901/2126 1379/1861/2090
f 1415/1901/2126 1380/1862/2091 1379/1861/2090
f 1416/1902/2127 1381/1863/2092 1380/1862/2091
f 1417/1903/2128 1382/1864/2093 1381/1863/2092
f 1418/1904/2129 1383/1865/2094 1382/1864/2093
f 1419/1905/2130 1384/1866/2095 1383/1865/2094
f 1420/1906/2131 1385/1867/2096 1384/1866/2095
f 1421/1907/2132 1386/1868/2097 1385/1867/2096
f 1422/1908/2133 1387/1869/2098 1386/1868/2097
f 1423/1909/2134 1388/1910/2099 1387/1869/2098
f 1424/1911/2135 1389/1872/2100 1388/1871/2099
f 1425/1912/2136 1354/1833/2065 1389/1872/2100
f 1426/1913/2137 1391/1874/2102 1390/1873/2101
f 1427/1914/2138 1392/1875/2103 1391/1874/2102
f 1428/1915/2139 1393/1876/2104 1392/1875/2103
f 1429/1916/2140 1394/1877/2105 1393/1876/2104
f 1430/1917/2141 1395/1878/2106 1394/1877/2105
f 1431/1918/2142 1396/1919/2107 1395/1878/2106
f 1432/1920/2143 1397/1921/2144 1396/1880/2107
f 1397/1921/2144 1434/1922/2145 1398/1882/2109
f 1398/1882/2109 1435/1923/2146 1399/1883/2110
f 1399/1883/2110 1436/1924/2147 1400/1884/2111
f 1400/1884/2111 1437/1925/2148 1401/1885/2112
f 1401/1885/2112 1438/1926/2149 1402/1886/2113
f 1402/1886/2113 1439/1927/2150 1403/1887/2114
f 1403/1887/2114 1440/1928/2151 1404/1888/2115
f 1404/1888/2115 1441/1929/2152 1405/1889/2116
f 1405/1889/2116 1442/1930/2153 1406/1890/2117
f 1406/1890/2117 1443/1931/2154 1407/1932/2118
f 1407/1892/2118 1444/1933/2155 1408/1893/2119
f 1408/1893/2119 1445/1934/2156 1409/1894/2120
f 1409/1894/2120 1446/1935/2157 1410/1895/2121
f 1410/1895/2121 1447/1936/2158 1411/1896/2122
f 1411/1896/2122 1448/1937/2159 1412/1897/2123
f 1412/1897/2123 1449/1938/2160 1413/1898/2124
f 1413/1898/2124 1450/1939/2161 1414/1899/2125
f 1414/1940/2125 1451/1941/2162 1415/1901/2126
f 1451/1941/2162 1416/1902/2127 1415/1901/2126
f 1452/1942/2163 1417/1903/2128 1416/1902/2127
f 1453/1943/2164 1418/1904/2129 1417/1903/2128
f 1454/1944/2165 1419/1905/2130 1418/1904/2129
f 1455/1945/2166 1420/1906/2131 1419/1905/2130
f 1456/1946/2167 1421/1907/2132 1420/1906/2131
f 1457/1947/2168 1422/1908/2133 1421/1907/2132
f 1458/1948/2169 1423/1909/2134 1422/1908/2133
f 1459/1949/2170 1424/1950/2135 1423/1909/2134
f 1460/1951/2171 1425/1952/2136 1424/1950/2135
f 1461/1953/2172 1390/1873/2101 1425/1912/2136
f 1462/1954/2173 1427/1914/2138 1426/1913/2137
f 1463/1955/2174 1428/1915/2139 1427/1914/2138
f 1464/1956/2175 1429/1916/2140 1428/1915/2139
f 1465/1957/2176 1430/1917/2141 1429/1916/2140
f 1466/1958/2177 1431/1918/2142 1430/1917/2141
f 1467/1959/2178 1432/1960/2143 1431/1918/2142
f 1468/1961/2179 1433/1962/2180 1432/1920/2143
f 1433/1962/2180 1470/1963/2181 1434/1922/2145
f 1434/1922/2145 1471/1964/2182 1435/1923/2146
f 1435/1923/2146 1472/1965/2183 1436/1924/2147
f 1436/1924/2147 1473/1966/2184 1437/1925/2148
f 1437/1925/2148 1474/1967/2185 1438/1926/2149
f 1438/1926/2149 1475/1968/2186 1439/1927/2150
f 1439/1927/2150 1476/1969/2187 1440/1928/2151
f 1440/1928/2151 1477/1970/2188 1441/1929/2152
f 1441/1929/2152 1478/1971/2189 1442/1930/2153
f 1442/1930/2153 1479/1972/2190 1443/1931/2154
f 1443/1973/2154 1480/1974/2191 1444/1933/2155
f 1444/1933/2155 1481/1975/2192 1445/1934/2156
f 1445/1934/2156 1482/1976/2193 1446/1935/2157
f 1446/1935/2157 1483/1977/2194 1447/1936/2158
f 1447/1936/2158 1484/1978/2195 1448/1937/2159
f 1448/1937/2159 1485/1979/2196 1449/1938/2160
f 1449/1938/2160 1486/1980/2197 1450/1939/2161
f 1450/1981/2161 1487/1982/2198 1451/1941/2162
f 1487/1982/2198 1452/1942/2163 1451/1941/2162
f 1488/1983/2199 1453/1943/2164 1452/1942/2163
f 1489/1984/2200 1454/1944/2165 1453/1943/2164
f 1490/1985/2201 1455/1945/2166 1454/1944/2165
f 1491/1986/2202 1456/1946/2167 1455/1945/2166
f 1492/1987/2203 1457/1947/2168 1456/1946/2167
f 1493/1988/2204 1458/1948/2169 1457/1947/2168
f 1494/1989/2205 1459/1949/2170 1458/1948/2169
f 1495/1990/2206 1460/1951/2171 1459/1949/2170
f 1496/1991/2207 1461/1953/2172 1460/1992/2171
f 1497/1993/2208 1426/1913/2137 1461/1953/2172
f 1498/1994/2209 1463/1955/2174 1462/1954/2173
f 1499/1995/2210 1464/1956/2175 1463/1955/2174
f 1500/1996/2211 1465/1957/2176 1464/1956/2175
f 1501/1997/2212 1466/1958/2177 1465/1957/2176
f 1502/1998/2213 1467/1959/2178 1466/1958/2177
f 1503/1999/2214 1468/2000/2179 1467/1959/2178
f 1504/2001/2215 1469/2002/2216 1468/1961/2179
f 1469/2002/2216 1506/2003/2217 1470/1963/2181
f 1470/1963/2181 1507/2004/2218 1471/1964/2182
f 1471/1964/2182 1508/2005/2219 1472/1965/2183
f 1472/1965/2183 1509/2006/2220 1473/1966/2184
f 1473/1966/2184 1510/2007/2221 1474/1967/2185
f 1474/1967/2185 1511/2008/2222 1475/1968/2186
f 1475/1968/2186 1512/2009/2223 1476/1969/2187
f 1476/1969/2187 1513/2010/2224 1477/1970/2188
f 1477/1970/2188 1514/2011/2225 1478/1971/2189
f 1478/1971/2189 1515/2012/2226 1479/1972/2190
f 1479/2013/2190 1516/2014/2227 1480/1974/2191
f 1480/1974/2191 1517/2015/2228 1481/1975/2192
f 1481/1975/2192 1518/2016/2229 1482/1976/2193
f 1482/1976/2193 1519/2017/2230 1483/1977/2194
f 1483/1977/2194 1520/2018/2231 1484/1978/2195
f 1484/1978/2195 1521/2019/2232 1485/1979/2196
f 1485/1979/2196 1522/2020/2233 1486/1980/2197
f 1486/1980/2197 1523/2021/2234 1487/2022/2198
f 1487/1982/2198 1524/2023/2235 1488/1983/2199
f 1524/2023/2235 1489/1984/2200 1488/1983/2199
f 1525/2024/2236 1490/1985/2201 1489/1984/2200
f 1526/2025/2237 1491/1986/2202 1490/1985/2201
f 1527/2026/2238 1492/1987/2203 1491/1986/2202
f 1528/2027/2239 1493/1988/2204 1492/1987/2203
f 1529/2028/2240 1494/1989/2205 1493/1988/2204
f 1530/2029/2241 1495/1990/2206 1494/1989/2205
f 1531/2030/2242 1496/2031/2207 1495/1990/2206
f 1532/2032/2243 1497/2033/2208 1496/2031/2207
f 1533/2034/2244 1462/1954/2173 1497/1993/2208
f 1534/2035/2245 1499/1995/2210 1498/1994/2209
f 1535/2036/2246 1500/1996/2211 1499/1995/2210
f 1536/2037/2247 1501/1997/2212 1500/1996/2211
f 1537/2038/2248 1502/1998/2213 1501/1997/2212
f 1538/2039/2249 1503/1999/2214 1502/1998/2213
f 1539/2040/2250 1504/2041/2215 1503/1999/2214
f 1540/2042/2251 1505/2043/2252 1504/2001/2215
f 1505/2043/2252 1542/2044/2253 1506/2003/2217
f 1506/2003/2217 1543/2045/2254 1507/2004/2218
f 1507/2004/2218 1544/2046/2255 1508/2005/2219
f 1508/2005/2219 1545/2047/2256 1509/2006/2220
f 1509/2006/2220 1546/2048/2257 1510/2007/2221
f 1510/2007/2221 1547/2049/2258 1511/2008/2222
f 1511/2008/2222 1548/2050/2259 1512/2009/2223
f 1512/2009/2223 1549/2051/2260 1513/2010/2224
f 1513/2010/2224 1550/2052/2261 1514/2011/2225
f 1514/2053/2225 1551/2054/2262 1515/2055/2226
f 1515/2055/2226 1552/2056/2263 1516/2014/2227
f 1516/2014/2227 1553/2057/2264 1517/2015/2228
f 1517/2015/2228 1554/2058/2265 1518/2016/2229
f 1518/2016/2229 1555/2059/2266 1519/2017/2230
f 1519/2017/2230 1556/2060/2267 1520/2018/2231
f 1520/2018/2231 1557/2061/2268 1521/2019/2232
f 1521/2019/2232 1558/2062/2269 1522/2020/2233
f 1522/2063/2233 1559/2064/2270 1523/2065/2234
f 1523/2065/2234 1560/2066/2271 1524/2023/2235
f 1560/2066/2271 1525/2024/2236 1524/2023/2235
f 1561/2067/2272 1526/2025/2237 1525/2024/2236
f 1562/2068/2273 1527/2026/2238 1526/2025/2237
f 1563/2069/2274 1528/2027/2239 1527/2026/2238
f 1564/2070/2275 1529/2028/2240 1528/2027/2239
f 1565/2071/2276 1530/2029/2241 1529/2028/2240
f 1566/2072/2277 1531/2030/2242 1530/2029/2241
f 1567/2073/2278 1532/2032/2243 1531/2030/2242
f 1568/2074/2279 1533/2034/2244 1532/2075/2243
f 1569/2076/2280 1498/1994/2209 1533/2034/2244
f 1570/2077/2281 1535/2036/2246 1534/2035/2245
f 1571/2078/2282 1536/2037/2247 1535/2036/2246
f 1572/2079/2283 1537/2038/2248 1536/2037/2247
f 1573/2080/2284 1538/2039/2249 1537/2038/2248
f 1574/2081/2285 1539/2040/2250 1538/2039/2249
f 1575/2082/2286 1540/2083/2251 1539/2040/2250
f 1576/2084/2287 1541/2085/2288 1540/2042/2251
f 1541/2085/2288 1578/2086/2289 1542/2044/2253
f 1542/2044/2253 1579/2087/2290 1543/2045/2254
f 1543/2045/2254 1580/2088/2291 1544/2046/2255
f 1544/2046/2255 1581/2089/2292 1545/2047/2256
f 1545/2047/2256 1582/2090/2293 1546/2048/2257
f 1546/2048/2257 1583/2091/2294 1547/2049/2258
f 1547/2049/2258 1584/2092/2295 1548/2050/2259
f 1548/2050/2259 1585/2093/2296 1549/2051/2260
f 1549/2051/2260 1586/2094/2297 1550/2052/2261
f 1550/2095/2261 1587/2096/2298 1551/2054/2262
f 1551/2054/2262 1588/2097/2299 1552/2056/2263
f 1552/2056/2263 1589/2098/2300 1553/2057/2264
f 1553/2057/2264 1590/2099/2301 1554/2058/2265
f 1554/2058/2265 1591/2100/2302 1555/2059/2266
f 1555/2059/2266 1592/2101/2303 1556/2060/2267
f 1556/2060/2267 1593/2102/2304 1557/2061/2268
f 1557/2061/2268 1594/2103/2305 1558/2062/2269
f 1558/2104/2269 1595/2105/2306 1559/2064/2270
f 1595/2105/2306 1560/2066/2271 1559/2064/2270
f 1596/2106/2307 1561/2067/2272 1560/2066/2271
f 1597/2107/2308 1562/2068/2273 1561/2067/2272
f 1598/2108/2309 1563/2069/2274 1562/2068/2273
f 1599/2109/2310 1564/2070/2275 1563/2069/2274
f 1600/2110/2311 1565/2071/2276 1564/2070/2275
f 1601/2111/2312 1566/2072/2277 1565/2071/2276
f 1602/2112/2313 1567/2073/2278 1566/2072/2277
f 1603/2113/2314 1568/2114/2279 1567/2073/2278
f 1604/2115/2315 1569/2076/2280 1568/2074/2279
f 1605/2116/2316 1534/2035/2245 1569/2076/2280
f 1606/2117/2317 1571/2078/2282 1570/2077/2281
f 1607/2118/2318 1572/2079/2283 1571/2078/2282
f 1608/2119/2319 1573/2080/2284 1572/2079/2283
f 1609/2120/2320 1574/2081/2285 1573/2080/2284
f 1610/2121/2321 1575/2082/2286 1574/2081/2285
f 1611/2122/2322 1576/2123/2287 1575/2082/2286
f 1612/2124/2323 1577/2125/2324 1576/2084/2287
f 1577/2125/2324 1614/2126/2325 1578/2086/2289
f 1578/2086/2289 1615/2127/2326 1579/2087/2290
f 1579/2087/2290 1616/2128/2327 1580/2088/2291
f 1580/2088/2291 1617/2129/2328 1581/2089/2292
f 1581/2089/2292 1618/2130/2329 1582/2090/2293
f 1582/2090/2293 1619/2131/2330 1583/2091/2294
f 1583/2091/2294 1620/2132/2331 1584/2092/2295
f 1584/2092/2295 1621/2133/2332 1585/2093/2296
f 1585/2093/2296 1622/2134/2333 1586/2094/2297
f 1586/2135/2297 1623/2136/2334 1587/2096/2298
f 1587/2096/2298 1624/2137/2335 1588/2097/2299
f 1588/2097/2299 1625/2138/2336 1589/2098/2300
f 1589/2098/2300 1626/2139/2337 1590/2099/2301
f 1590/2099/2301 1627/2140/2338 1591/2100/2302
f 1591/2100/2302 1628/2141/2339 1592/2101/2303
f 1592/2101/2303 1629/2142/2340 1593/2102/2304
f 1593/2102/2304 1630/2143/2341 1594/2103/2305
f 1594/2144/2305 1631/2145/2342 1595/2105/2306
f 1631/2145/2342 1596/2106/2307 1595/2105/2306
f 1632/2146/2343 1597/2107/2308 1596/2106/2307
f 1633/2147/2344 1598/2108/2309 1597/2107/2308
f 1634/2148/2345 1599/2109/2310 1598/2108/2309
f 1635/2149/2346 1600/2110/2311 1599/2109/2310
f 1636/2150/2347 1601/2111/2312 1600/2110/2311
f 1637/2151/2348 1602/2112/2313 1601/2111/2312
f 1638/2152/2349 1603/2113/2314 1602/2112/2313
f 1639/2153/2350 1604/2154/2315 1603/2113/2314
f 1640/2155/2351 1605/2116/2316 1604/2115/2315
f 1641/2156/2352 1570/2077/2281 1605/2116/2316
f 1642/2157/2353 1607/2118/2318 1606/2117/2317
f 1643/2158/2354 1608/2119/2319 1607/2118/2318
f 1644/2159/2355 1609/2120/2320 1608/2119/2319
f 1645/2160/2356 1610/2121/2321 1609/2120/2320
f 1646/2161/2357 1611/2122/2322 1610/2121/2321
f 1647/2162/2358 1612/2163/2323 1611/2122/2322
f 1648/2164/2359 1613/2165/2360 1612/2124/2323
f 1613/2165/2360 1650/2166/2361 1614/2126/2325
f 1614/2126/2325 1651/2167/2362 1615/2127/2326
f 1615/2127/2326 1652/2168/2363 1616/2128/2327
f 1616/2128/2327 1653/2169/2364 1617/2129/2328
f 1617/2129/2328 1654/2170/2365 1618/2130/2329
f 1618/2130/2329 1655/2171/2366 1619/2131/2330
f 1619/2131/2330 1656/2172/2367 1620/2132/2331
f 1620/2132/2331 1657/2173/2368 1621/2133/2332
f 1621/2133/2332 1658/2174/2369 1622/2134/2333
f 1622/2175/2333 1659/2176/2370 1623/2136/2334
f 1623/2136/2334 1660/2177/2371 1624/2137/2335
f 1624/2137/2335 1661/2178/2372 1625/2138/2336
f 1625/2138/2336 1662/2179/2373 1626/2139/2337
f 1626/2139/2337 1663/2180/2374 1627/2140/2338
f 1627/2140/2338 1664/2181/2375 1628/2141/2339
f 1628/2141/2339 1665/2182/2376 1629/2142/2340
f 1629/2142/2340 1666/2183/2377 1630/2143/2341
f 1630/2184/2341 1667/2185/2378 1631/2145/2342
f 1667/2185/2378 1632/2146/2343 1631/2145/2342
f 1668/2186/2379 1633/2147/2344 1632/2146/2343
f 1669/2187/2380 1634/2148/2345 1633/2147/2344
f 1670/2188/2381 1635/2149/2346 1634/2148/2345
f 1671/2189/2382 1636/2150/2347 1635/2149/2346
f 1672/2190/2383 1637/2151/2348 1636/2150/2347
f 1673/2191/2384 1638/2152/2349 1637/2151/2348
f 1674/2192/2385 1639/2153/2350 1638/2152/2349
f 1675/2193/2386 1640/2194/2351 1639/2153/2350
f 1676/2195/2387 1641/2156/2352 1640/2155/2351
f 1677/2196/2388 1606/2117/2317 1641/2156/2352
f 1678/2197/2389 1643/2158/2354 1642/2157/2353
f 1679/2198/2390 1644/2159/2355 1643/2158/2354
f 1680/2199/2391 1645/2160/2356 1644/2159/2355
f 1681/2200/2392 1646/2161/2357 1645/2160/2356
f 1682/2201/2393 1647/2162/2358 1646/2161/2357
f 1683/2202/2394 1648/2203/2359 1647/2162/2358
f 1684/2204/2395 1649/2205/2396 1648/2203/2359
f 1649/2206/2396 1686/2207/2397 1650/2166/2361
f 1650/2166/2361 1687/2208/2398 1651/2167/2362
f 1651/2167/2362 1688/2209/2399 1652/2168/2363
f 1652/2168/2363 1689/2210/2400 1653/2169/2364
f 1653/2169/2364 1690/2211/2401 1654/2170/2365
f 1654/2170/2365 1691/2212/2402 1655/2171/2366
f 1655/2171/2366 1692/2213/2403 1656/2172/2367
f 1656/2172/2367 1693/2214/2404 1657/2173/2368
f 1657/2173/2368 1694/2215/2405 1658/2174/2369
f 1658/2216/2369 1695/2217/2406 1659/2176/2370
f 1659/2176/2370 1696/2218/2407 1660/2177/2371
f 1660/2177/2371 1697/2219/2408 1661/2178/2372
f 1661/2178/2372 1698/2220/2409 1662/2179/2373
f 1662/2179/2373 1699/2221/2410 1663/2180/2374
f 1663/2180/2374 1700/2222/2411 1664/2181/2375
f 1664/2181/2375 1701/2223/2412 1665/2182/2376
f 1665/2224/2376 1702/2225/2413 1666/2226/2377
f 1666/2183/2377 1703/2227/2414 1667/2228/2378
f 1703/2229/2414 1668/2186/2379 1667/2185/2378
f 1704/2230/2415 1669/2187/2380 1668/2186/2379
f 1705/2231/2416 1670/2188/2381 1669/2187/2380
f 1706/2232/2417 1671/2189/2382 1670/2188/2381
f 1707/2233/2418 1672/2190/2383 1671/2189/2382
f 1708/2234/2419 1673/2191/2384 1672/2190/2383
f 1709/2235/2420 1674/2192/2385 1673/2191/2384
f 1710/2236/2421 1675/2193/2386 1674/2192/2385
f 1711/2237/2422 1676/2238/2387 1675/2193/2386
f 1712/2239/2423 1677/2196/2388 1676/2195/2387
f 1713/2240/2424 1642/2157/2353 1677/2196/2388
f 1714/2241/2425 1679/2198/2390 1678/2197/2389
f 1715/2242/2426 1680/2199/2391 1679/2198/2390
f 1716/2243/2427 1681/2200/2392 1680/2199/2391
f 1717/2244/2428 1682/2201/2393 1681/2200/2392
f 1718/2245/2429 1683/2202/2394 1682/2201/2393
f 1719/2246/2430 1684/2204/2395 1683/2202/2394
f 1720/2247/2431 1685/2248/2432 1684/2204/2395
f 1685/2249/2432 1722/2250/2433 1686/2207/2397
f 1686/2207/2397 1723/2251/2434 1687/2208/2398
f 1687/2208/2398 1724/2252/2435 1688/2209/2399
f 1688/2209/2399 1725/2253/2436 1689/2210/2400
f 1689/2210/2400 1726/2254/2437 1690/2211/2401
f 1690/2211/2401 1727/2255/2438 1691/2212/2402
f 1691/2212/2402 1728/2256/2439 1692/2213/2403
f 1692/2213/2403 1729/2257/2440 1693/2214/2404
f 1693/2214/2404 1730/2258/2441 1694/2215/2405
f 1694/2259/2405 1731/2260/2442 1695/2217/2406
f 1695/2217/2406 1732/2261/2443 1696/2218/2407
f 1696/2218/2407 1733/2262/2444 1697/2219/2408
f 1697/2219/2408 1734/2263/2445 1698/2220/2409
f 1698/2220/2409 1735/2264/2446 1699/2221/2410
f 1699/2221/2410 1736/2265/2447 1700/2222/2411
f 1700/2222/2411 1737/2266/2448 1701/2223/2412
f 1701/2267/2412 1738/2268/2449 1702/2225/2413
f 1702/2269/2413 1739/2270/2450 1703/2227/2414
f 1739/2271/2450 1704/2230/2415 1703/2229/2414
f 1740/2272/2451 1705/2231/2416 1704/2230/2415
f 1741/2273/2452 1706/2232/2417 1705/2231/2416
f 1742/2274/2453 1707/2233/2418 1706/2232/2417
f 1743/2275/2454 1708/2234/2419 1707/2233/2418
f 1744/2276/2455 1709/2235/2420 1708/2234/2419
f 1745/2277/2456 1710/2236/2421 1709/2235/2420
f 1746/2278/2457 1711/2237/2422 1710/2236/2421
f 1747/2279/2458 1712/2280/2423 1711/2237/2422
f 1748/2281/2459 1713/2240/2424 1712/2239/2423
f 1749/2282/2460 1678/2197/2389 1713/2240/2424
f 1750/2283/2461 1715/2242/2426 1714/2241/2425
f 1751/2284/2462 1716/2243/2427 1715/2242/2426
f 1752/2285/2463 1717/2244/2428 1716/2243/2427
f 1753/2286/2464 1718/2245/2429 1717/2244/2428
f 1754/2287/2465 1719/2246/2430 1718/2245/2429
f 1755/2288/2466 1720/2247/2431 1719/2246/2430
f 1756/2289/2467 1721/2290/2468 1720/2247/2431
f 1721/2291/2468 1758/2292/2469 1722/2250/2433
f 1722/2250/2433 1759/2293/2470 1723/2251/2434
f 1723/2251/2434 1760/2294/2471 1724/2252/2435
f 1724/2252/2435 1761/2295/2472 1725/2253/2436
f 1725/2253/2436 1762/2296/2473 1726/2254/2437
f 1726/2254/2437 1763/2297/2474 1727/2255/2438
f 1727/2255/2438 1764/2298/2475 1728/2256/2439
f 1728/2256/2439 1765/2299/2476 1729/2257/2440
f 1729/2257/2440 1766/2300/2477 1730/2258/2441
f 1730/2301/2441 1767/2302/2478 1731/2260/2442
f 1731/2260/2442 1768/2303/2479 1732/2261/2443
f 1732/2261/2443 1769/2304/2480 1733/2262/2444
f 1733/2262/2444 1770/2305/2481 1734/2263/2445
f 1734/2263/2445 1771/2306/2482 1735/2264/2446
f 1735/2264/2446 1772/2307/2483 1736/2265/2447
f 1736/2265/2447 1773/2308/2484 1737/2266/2448
f 1737/2266/2448 1774/2309/2485 1738/2310/2449
f 1738/2310/2449 1775/2311/2486 1739/2270/2450
f 1775/2312/2486 1740/2272/2451 1739/2271/2450
f 1776/2313/2487 1741/2273/2452 1740/2272/2451
f 1777/2314/2488 1742/2274/2453 1741/2273/2452
f 1778/2315/2489 1743/2275/2454 1742/2274/2453
f 1779/2316/2490 1744/2276/2455 1743/2275/2454
f 1780/2317/2491 1745/2277/2456 1744/2276/2455
f 1781/2318/2492 1746/2278/2457 1745/2277/2456
f 1782/2319/2493 1747/2279/2458 1746/2278/2457
f 1783/2320/2494 1748/2321/2459 1747/2279/2458
f 1784/2322/2495 1749/2282/2460 1748/2281/2459
f 1785/2323/2496 1714/2241/2425 1749/2282/2460
f 1786/2324/2497 1751/2284/2462 1750/2283/2461
f 1787/2325/2498 1752/2285/2463 1751/2284/2462
f 1788/2326/2499 1753/2286/2464 1752/2285/2463
f 1789/2327/2500 1754/2287/2465 1753/2286/2464
f 1790/2328/2501 1755/2288/2466 1754/2287/2465
f 1791/2329/2502 1756/2289/2467 1755/2288/2466
f 1792/2330/2503 1757/2331/2504 1756/2332/2467
f 1757/2333/2504 1794/2334/2505 1758/2292/2469
f 1758/2292/2469 1795/2335/2506 1759/2293/2470
f 1759/2293/2470 1796/2336/2507 1760/2294/2471
f 1760/2294/2471 1797/2337/2508 1761/2295/2472
f 1761/2295/2472 1798/2338/2509 1762/2296/2473
f 1762/2296/2473 1799/2339/2510 1763/2297/2474
f 1763/2297/2474 1800/2340/2511 1764/2298/2475
f 1764/2298/2475 1801/2341/2512 1765/2299/2476
f 1765/2299/2476 1802/2342/2513 1766/2300/2477
f 1766/2343/2477 1803/2344/2514 1767/2302/2478
f 1767/2302/2478 1804/2345/2515 1768/2303/2479
f 1768/2303/2479 1805/2346/2516 1769/2304/2480
f 1769/2304/2480 1806/2347/2517 1770/2305/2481
f 1770/2305/2481 1807/2348/2518 1771/2306/2482
f 1771/2306/2482 1808/2349/2519 1772/2307/2483
f 1772/2307/2483 1809/2350/2520 1773/2308/2484
f 1773/2308/2484 1810/2351/2521 1774/2309/2485
f 1774/2352/2485 1811/2353/2522 1775/2354/2486
f 1811/2355/2522 1776/2313/2487 1775/2312/2486
f 1812/2356/2523 1777/2314/2488 1776/2313/2487
f 1813/2357/2524 1778/2315/2489 1777/2314/2488
f 1814/2358/2525 1779/2316/2490 1778/2315/2489
f 1815/2359/2526 1780/2317/2491 1779/2316/2490
f 1816/2360/2527 1781/2318/2492 1780/2317/2491
f 1817/2361/2528 1782/2319/2493 1781/2318/2492
f 1818/2362/2529 1783/2320/2494 1782/2319/2493
f 1819/2363/2530 1784/2364/2495 1783/2320/2494
f 1820/2365/2531 1785/2323/2496 1784/2322/2495
f 1821/2366/2532 1750/2283/2461 1785/2323/2496
f 1822/2367/2533 1787/2325/2498 1786/2324/2497
f 1823/2368/2534 1788/2326/2499 1787/2325/2498
f 1824/2369/2535 1789/2327/2500 1788/2326/2499
f 1825/2370/2536 1790/2328/2501 1789/2327/2500
f 1826/2371/2537 1791/2329/2502 1790/2328/2501
f 1827/2372/2538 1792/2373/2503 1791/2329/2502
f 1792/2330/2503 1829/2374/2539 1793/2375/2540
f 1793/2375/2540 1830/2376/2541 1794/2377/2505
f 1794/2334/2505 1831/2378/2542 1795/2335/2506
f 1795/2335/2506 1832/2379/2543 1796/2336/2507
f 1796/2336/2507 1833/2380/2544 1797/2337/2508
f 1797/2337/2508 1834/2381/2545 1798/2338/2509
f 1798/2338/2509 1835/2382/2546 1799/2339/2510
f 1799/2339/2510 1836/2383/2547 1800/2340/2511
f 1800/2340/2511 1837/2384/2548 1801/2341/2512
f 1801/2341/2512 1838/2385/2549 1802/2342/2513
f 1802/2386/2513 1839/2387/2550 1803/2344/2514
f 1803/2344/2514 1840/2388/2551 1804/2345/2515
f 1804/2345/2515 1841/2389/2552 1805/2346/2516
f 1805/2346/2516 1842/2390/2553 1806/2347/2517
f 1806/2347/2517 1843/2391/2554 1807/2348/2518
f 1807/2348/2518 1844/2392/2555 1808/2349/2519
f 1808/2349/2519 1845/2393/2556 1809/2350/2520
f 1809/2350/2520 1846/2394/2557 1810/2351/2521
f 1810/2395/2521 1847/2396/2558 1811/2353/2522
f 1847/2396/2558 1812/2397/2523 1811/2353/2522
f 1848/2398/2559 1813/2357/2524 1812/2356/2523
f 1849/2399/2560 1814/2358/2525 1813/2357/2524
f 1850/2400/2561 1815/2359/2526 1814/2358/2525
f 1851/2401/2562 1816/2360/2527 1815/2359/2526
f 1852/2402/2563 1817/2361/2528 1816/2360/2527
f 1853/2403/2564 1818/2362/2529 1817/2361/2528
f 1854/2404/2565 1819/2363/2530 1818/2362/2529
f 1855/2405/2566 1820/2406/2531 1819/2363/2530
f 1856/2407/2567 1821/2366/2532 1820/2365/2531
f 1857/2408/2568 1786/2324/2497 1821/2366/2532
f 1858/2409/2569 1823/2368/2534 1822/2367/2533
f 1859/2410/2570 1824/2369/2535 1823/2368/2534
f 1860/2411/2571 1825/2370/2536 1824/2369/2535
f 1861/2412/2572 1826/2371/2537 1825/2370/2536
f 1862/2413/2573 1827/2372/2538 1826/2371/2537
f 1863/2414/2574 1828/2415/2575 1827/2372/2538
f 1828/2416/2575 1865/2417/2576 1829/2374/2539
f 1829/2374/2539 1866/2418/2577 1830/2376/2541
f 1830/2419/2541 1867/2420/2578 1831/2378/2542
f 1831/2378/2542 1868/2421/2579 1832/2379/2543
f 1832/2379/2543 1869/2422/2580 1833/2380/2544
f 1833/2380/2544 1870/2423/2581 1834/2381/2545
f 1834/2381/2545 1871/2424/2582 1835/2382/2546
f 1835/2382/2546 1872/2425/2583 1836/2383/2547
f 1836/2383/2547 1873/2426/2584 1837/2384/2548
f 1837/2384/2548 1874/2427/2585 1838/2385/2549
f 1838/2428/2549 1875/2429/2586 1839/2387/2550
f 1839/2387/2550 1876/2430/2587 1840/2388/2551
f 1840/2388/2551 1877/2431/2588 1841/2389/2552
f 1841/2389/2552 1878/2432/2589 1842/2390/2553
f 1842/2390/2553 1879/2433/2590 1843/2391/2554
f 1843/2391/2554 1880/2434/2591 1844/2392/2555
f 1844/2392/2555 1881/2435/2592 1845/2393/2556
f 1845/2393/2556 1882/2436/2593 1846/2394/2557
f 1882/2437/2593 1847/2396/2558 1846/2438/2557
f 1883/2439/2594 1848/2440/2559 1847/2396/2558
f 1884/2441/2595 1849/2399/2560 1848/2398/2559
f 1885/2442/2596 1850/2400/2561 1849/2399/2560
f 1886/2443/2597 1851/2401/2562 1850/2400/2561
f 1887/2444/2598 1852/2402/2563 1851/2401/2562
f 1888/2445/2599 1853/2403/2564 1852/2402/2563
f 1889/2446/2600 1854/2404/2565 1853/2403/2564
f 1890/2447/2601 1855/2405/2566 1854/2404/2565
f 1891/2448/2602 1856/2449/2567 1855/2405/2566
f 1892/2450/2603 1857/2408/2568 1856/2407/2567
f 1893/2451/2604 1822/2367/2533 1857/2408/2568
f 1894/2452/2605 1859/2410/2570 1858/2409/2569
f 1895/2453/2606 1860/2411/2571 1859/2410/2570
f 1896/2454/2607 1861/2412/2572 1860/2411/2571
f 1897/2455/2608 1862/2413/2573 1861/2412/2572
f 1898/2456/2609 1863/2414/2574 1862/2413/2573
f 1899/2457/2610 1864/2458/2611 1863/2414/2574
f 1864/2459/2611 1901/2460/2612 1865/2417/2576
f 1865/2417/2576 1902/2461/2613 1866/2418/2577
f 1866/2418/2577 1903/2462/2614 1867/2463/2578
f 1867/2420/2578 1904/2464/2615 1868/2421/2579
f 1868/2421/2579 1905/2465/2616 1869/2422/2580
f 1869/2422/2580 1906/2466/2617 1870/2423/2581
f 1870/2423/2581 1907/2467/2618 1871/2424/2582
f 1871/2424/2582 1908/2468/2619 1872/2425/2583
f 1872/2425/2583 1909/2469/2620 1873/2426/2584
f 1873/2426/2584 1910/2470/2621 1874/2427/2585
f 1874/2471/2585 1911/2472/2622 1875/2429/2586
f 1875/2429/2586 1912/2473/2623 1876/2430/2587
f 1876/2430/2587 1913/2474/2624 1877/2431/2588
f 1877/2431/2588 1914/2475/2625 1878/2432/2589
f 1878/2432/2589 1915/2476/2626 1879/2433/2590
f 1879/2433/2590 1916/2477/2627 1880/2434/2591
f 1880/2434/2591 1917/2478/2628 1881/2435/2592
f 1881/2435/2592 1918/2479/2629 1882/2436/2593
f 1918/2480/2629 1883/2439/2594 1882/2437/2593
f 1919/2481/2630 1884/2482/2595 1883/2439/2594
f 1920/2483/2631 1885/2484/2596 1884/2482/2595
f 1921/2485/2632 1886/2443/2597 1885/2442/2596
f 1922/2486/2633 1887/2444/2598 1886/2443/2597
f 1923/2487/2634 1888/2445/2599 1887/2444/2598
f 1924/2488/2635 1889/2446/2600 1888/2445/2599
f 1925/2489/2636 1890/2447/2601 1889/2446/2600
f 1926/2490/2637 1891/2448/2602 1890/2447/2601
f 1927/2491/2638 1892/2450/2603 1891/2492/2602
f 1928/2493/2639 1893/2451/2604 1892/2450/2603
f 1929/2494/2640 1858/2409/2569 1893/2451/2604
f 1930/2495/2641 1895/2453/2606 1894/2452/2605
f 1931/2496/2642 1896/2454/2607 1895/2453/2606
f 1932/2497/2643 1897/2455/2608 1896/2454/2607
f 1933/2498/2644 1898/2456/2609 1897/2455/2608
f 1934/2499/2645 1899/2457/2610 1898/2456/2609
f 1935/2500/2646 1900/2501/2647 1899/2457/2610
f 1900/2502/2647 1937/2503/2648 1901/2460/2612
f 1901/2460/2612 1938/2504/2649 1902/2461/2613
f 1902/2461/2613 1939/2505/2650 1903/2462/2614
f 1903/2462/2614 1940/2506/2651 1904/2507/2615
f 1904/2464/2615 1941/2508/2652 1905/2465/2616
f 1905/2465/2616 1942/2509/2653 1906/2466/2617
f 1906/2466/2617 1943/2510/2654 1907/2467/2618
f 1907/2467/2618 1944/2511/2655 1908/2468/2619
f 1908/2468/2619 1945/2512/2656 1909/2469/2620
f 1909/2513/2620 1946/2514/2657 1910/2515/2621
f 1910/2515/2621 1947/2516/2658 1911/2472/2622
f 1911/2472/2622 1948/2517/2659 1912/2473/2623
f 1912/2473/2623 1949/2518/2660 1913/2474/2624
f 1913/2474/2624 1950/2519/2661 1914/2475/2625
f 1914/2475/2625 1951/2520/2662 1915/2476/2626
f 1915/2476/2626 1952/2521/2663 1916/2477/2627
f 1916/2477/2627 1953/2522/2664 1917/2478/2628
f 1917/2478/2628 1954/2523/2665 1918/2479/2629
f 1954/2524/2665 1919/2481/2630 1918/2480/2629
f 1955/2525/2666 1920/2483/2631 1919/2481/2630
f 1956/2526/2667 1921/2527/2632 1920/2483/2631
f 1957/2528/2668 1922/2486/2633 1921/2485/2632
f 1958/2529/2669 1923/2487/2634 1922/2486/2633
f 1959/2530/2670 1924/2488/2635 1923/2487/2634
f 1960/2531/2671 1925/2489/2636 1924/2488/2635
f 1961/2532/2672 1926/2490/2637 1925/2489/2636
f 1962/2533/2673 1927/2534/2638 1926/2490/2637
f 1963/2535/2674 1928/2536/2639 1927/2534/2638
f 1964/2537/2675 1929/2494/2640 1928/2493/2639
f 1965/2538/2676 1894/2452/2605 1929/2494/2640
f 1966/2539/2677 1931/2496/2642 1930/2495/2641
f 1967/2540/2678 1932/2497/2643 1931/2496/2642
f 1968/2541/2679 1933/2498/2644 1932/2497/2643
f 1969/2542/2680 1934/2499/2645 1933/2498/2644
f 1970/2543/2681 1935/2500/2646 1934/2499/2645
f 1971/2544/2682 1936/2545/2683 1935/2500/2646
f 1936/2546/2683 1973/2547/2684 1937/2503/2648
f 1937/2503/2648 1974/2548/2685 1938/2504/2649
f 1938/2504/2649 1975/2549/2686 1939/2505/2650
f 1939/2505/2650 1976/2550/2687 1940/2506/2651
f 1940/2551/2651 1977/2552/2688 1941/2508/2652
f 1941/2508/2652 1978/2553/2689 1942/2509/2653
f 1942/2509/2653 1979/2554/2690 1943/2510/2654
f 1943/2510/2654 1980/2555/2691 1944/2511/2655
f 1944/2511/2655 1981/2556/2692 1945/2512/2656
f 1945/2557/2656 1982/2558/2693 1946/2514/2657
f 1946/2514/2657 1983/2559/2694 1947/2516/2658
f 1947/2516/2658 1984/2560/2695 1948/2517/2659
f 1948/2517/2659 1985/2561/2696 1949/2518/2660
f 1949/2518/2660 1986/2562/2697 1950/2519/2661
f 1950/2519/2661 1987/2563/2698 1951/2520/2662
f 1951/2520/2662 1988/2564/2699 1952/2521/2663
f 1952/2521/2663 1989/2565/2700 1953/2522/2664
f 1953/2522/2664 1990/2566/2701 1954/2523/2665
f 1990/2567/2701 1955/2525/2666 1954/2524/2665
f 1991/2568/2702 1956/2526/2667 1955/2525/2666
f 1992/2569/2703 1957/2570/2668 1956/2526/2667
f 1993/2571/2704 1958/2572/2669 1957/2570/2668
f 1994/2573/2705 1959/2530/2670 1958/2529/2669
f 1995/2574/2706 1960/2531/2671 1959/2530/2670
f 1996/2575/2707 1961/2532/2672 1960/2531/2671
f 1997/2576/2708 1962/2533/2673 1961/2532/2672
f 1998/2577/2709 1963/2535/2674 1962/2533/2673
f 1999/2578/2710 1964/2579/2675 1963/2535/2674
f 2000/2580/2711 1965/2538/2676 1964/2537/2675
f 2001/2581/2712 1930/2495/2641 1965/2538/2676
f 2002/2582/2713 1967/2540/2678 1966/2539/2677
f 2003/2583/2714 1968/2541/2679 1967/2540/2678
f 2004/2584/2715 1969/2542/2680 1968/2541/2679
f 2005/2585/2716 1970/2543/2681 1969/2542/2680
f 2006/2586/2717 1971/2544/2682 1970/2543/2681
f 2007/2587/2718 1972/2588/2719 1971/2544/2682
f 1972/2589/2719 2009/2590/2720 1973/2547/2684
f 1973/2547/2684 2010/2591/2721 1974/2548/2685
f 1974/2548/2685 2011/2592/2722 1975/2549/2686
f 1975/2549/2686 2012/2593/2723 1976/2550/2687
f 1976/2550/2687 2013/2594/2724 1977/2595/2688
f 1977/2552/2688 2014/2596/2725 1978/2553/2689
f 1978/2553/2689 2015/2597/2726 1979/2554/2690
f 1979/2554/2690 2016/2598/2727 1980/2555/2691
f 1980/2555/2691 2017/2599/2728 1981/2556/2692
f 1981/2600/2692 2018/2601/2729 1982/2558/2693
f 1982/2558/2693 2019/2602/2730 1983/2559/2694
f 1983/2559/2694 2020/2603/2731 1984/2560/2695
f 1984/2560/2695 2021/2604/2732 1985/2561/2696
f 1985/2561/2696 2022/2605/2733 1986/2562/2697
f 1986/2562/2697 2023/2606/2734 1987/2563/2698
f 1987/2563/2698 2024/2607/2735 1988/2564/2699
f 1988/2564/2699 2025/2608/2736 1989/2565/2700
f 2025/2609/2736 1990/2567/2701 1989/2610/2700
f 2026/2611/2737 1991/2568/2702 1990/2567/2701
f 1991/2568/2702 2028/2612/2738 1992/2569/2703
f 2028/2612/2738 1993/2571/2704 1992/2569/2703
f 2029/2613/2739 1994/2614/2705 1993/2571/2704
f 2030/2615/2740 1995/2574/2706 1994/2573/2705
f 2031/2616/2741 1996/2575/2707 1995/2574/2706
f 2032/2617/2742 1997/2576/2708 1996/2575/2707
f 2033/2618/2743 1998/2577/2709 1997/2576/2708
f 2034/2619/2744 1999/2578/2710 1998/2577/2709
f 2035/2620/2745 2000/2621/2711 1999/2578/2710
f 2036/2622/2746 2001/2581/2712 2000/2580/2711
f 2037/2623/2747 1966/2539/2677 2001/2581/2712
f 2038/2624/2748 2003/2583/2714 2002/2582/2713
f 2039/2625/2749 2004/2584/2715 2003/2583/2714
f 2040/2626/2750 2005/2585/2716 2004/2584/2715
f 2041/2627/2751 2006/2586/2717 2005/2585/2716
f 2042/2628/2752 2007/2587/2718 2006/2586/2717
f 2043/2629/2753 2008/2630/2754 2007/2587/2718
f 2008/2631/2754 2045/2632/2755 2009/2590/2720
f 2009/2590/2720 2046/2633/2756 2010/2591/2721
f 2010/2591/2721 2047/2634/2757 2011/2592/2722
f 2011/2592/2722 2048/2635/2758 2012/2593/2723
f 2012/2593/2723 2049/2636/2759 2013/2594/2724
f 2013/2594/2724 2050/2637/2760 2014/2638/2725
f 2014/2596/2725 2051/2639/2761 2015/2597/2726
f 2015/2597/2726 2052/2640/2762 2016/2598/2727
f 2016/2598/2727 2053/2641/2763 2017/2599/2728
f 2017/2599/2728 2054/2642/2764 2018/2643/2729
f 2018/2601/2729 2055/2644/2765 2019/2602/2730
f 2019/2602/2730 2056/2645/2766 2020/2603/2731
f 2020/2603/2731 2057/2646/2767 2021/2604/2732
f 2021/2604/2732 2058/2647/2768 2022/2605/2733
f 2022/2605/2733 2059/2648/2769 2023/2606/2734
f 2023/2606/2734 2060/2649/2770 2024/2607/2735
f 2024/2607/2735 2061/2650/2771 2025/2608/2736
f 2061/2651/2771 2026/2611/2737 2025/2609/2736
f 2062/2652/2772 2027/2653/2773 2026/2611/2737
f 2027/2653/2773 2064/2654/2774 2028/2612/2738
f 2064/2654/2774 2029/2613/2739 2028/2612/2738
f 2065/2655/2775 2030/2656/2740 2029/2613/2739
f 2066/2657/2776 2031/2658/2741 2030/2656/2740
f 2067/2659/2777 2032/2660/2742 2031/2658/2741
f 2068/2661/2778 2033/2618/2743 2032/2617/2742
f 2069/2662/2779 2034/2619/2744 2033/2618/2743
f 2070/2663/2780 2035/2620/2745 2034/2619/2744
f 2071/2664/2781 2036/2665/2746 2035/2620/2745
f 2072/2666/2782 2037/2623/2747 2036/2622/2746
f 2073/2667/2783 2002/2582/2713 2037/2623/2747
f 2074/2668/2784 2039/2625/2749 2038/2624/2748
f 2075/2669/2785 2040/2626/2750 2039/2625/2749
f 2076/2670/2786 2041/2627/2751 2040/2626/2750
f 2077/2671/2787 2042/2628/2752 2041/2627/2751
f 2078/2672/2788 2043/2629/2753 2042/2628/2752
f 2079/2673/2789 2044/2674/2790 2043/2675/2753
f 2044/2674/2790 2081/2676/2791 2045/2632/2755
f 2045/2632/2755 2082/2677/2792 2046/2633/2756
f 2046/2633/2756 2083/2678/2793 2047/2634/2757
f 2047/2634/2757 2084/2679/2794 2048/2635/2758
f 2048/2635/2758 2085/2680/2795 2049/2636/2759
f 2049/2636/2759 2086/2681/2796 2050/2637/2760
f 2050/2637/2760 2087/2682/2797 2051/2683/2761
f 2051/2639/2761 2088/2684/2798 2052/2640/2762
f 2052/2640/2762 2089/2685/2799 2053/2641/2763
f 2053/2641/2763 2090/2686/2800 2054/2642/2764
f 2054/2687/2764 2091/2688/2801 2055/2644/2765
f 2055/2644/2765 2092/2689/2802 2056/2645/2766
f 2056/2645/2766 2093/2690/2803 2057/2646/2767
f 2057/2646/2767 2094/2691/2804 2058/2647/2768
f 2058/2647/2768 2095/2692/2805 2059/2648/2769
f 2059/2648/2769 2096/2693/2806 2060/2649/2770
f 2060/2694/2770 2097/2695/2807 2061/2651/2771
f 2061/2651/2771 2098/2696/2808 2062/2652/2772
f 2098/2696/2808 2063/2697/2809 2062/2652/2772
f 2099/2698/2810 2064/2654/2774 2063/2697/2809
f 2100/2699/2811 2065/2655/2775 2064/2654/2774
f 2101/2700/2812 2066/2657/2776 2065/2655/2775
f 2102/2701/2813 2067/2659/2777 2066/2657/2776
f 2103/2702/2814 2068/2703/2778 2067/2659/2777
f 2104/2704/2815 2069/2705/2779 2068/2703/2778
f 2105/2706/2816 2070/2707/2780 2069/2705/2779
f 2106/2708/2817 2071/2664/2781 2070/2663/2780
f 2107/2709/2818 2072/2710/2782 2071/2664/2781
f 2108/2711/2819 2073/2667/2783 2072/2666/2782
f 2109/2712/2820 2038/2624/2748 2073/2667/2783
f 2110/2713/2821 2075/2669/2785 2074/2668/2784
f 2111/2714/2822 2076/2670/2786 2075/2669/2785
f 2112/2715/2823 2077/2671/2787 2076/2670/2786
f 2113/2716/2824 2078/2672/2788 2077/2671/2787
f 2114/2717/2825 2079/2718/2789 2078/2672/2788
f 2115/2719/2826 2080/2720/2827 2079/2673/2789
f 2116/2721/2828 2081/2676/2791 2080/2720/2827
f 2081/2676/2791 2118/2722/2829 2082/2677/2792
f 2082/2677/2792 2119/2723/2830 2083/2678/2793
f 2083/2678/2793 2120/2724/2831 2084/2679/2794
f 2084/2679/2794 2121/2725/2832 2085/2680/2795
f 2085/2680/2795 2122/2726/2833 2086/2681/2796
f 2086/2681/2796 2123/2727/2834 2087/2682/2797
f 2087/2728/2797 2124/2729/2835 2088/2684/2798
f 2088/2684/2798 2125/2730/2836 2089/2685/2799
f 2089/2685/2799 2126/2731/2837 2090/2686/2800
f 2090/2732/2800 2127/2733/2838 2091/2688/2801
f 2091/2688/2801 2128/2734/2839 2092/2689/2802
f 2092/2689/2802 2129/2735/2840 2093/2690/2803
f 2093/2690/2803 2130/2736/2841 2094/2691/2804
f 2094/2691/2804 2131/2737/2842 2095/2692/2805
f 2095/2692/2805 2132/2738/2843 2096/2693/2806
f 2096/2693/2806 2133/2739/2844 2097/2740/2807
f 2097/2695/2807 2134/2741/2845 2098/2696/2808
f 2098/2696/2808 2135/2742/2846 2099/2698/2810
f 2135/2742/2846 2100/2699/2811 2099/2698/2810
f 2136/2743/2847 2101/2700/2812 2100/2699/2811
f 2137/2744/2848 2102/2701/2813 2101/2700/2812
f 2138/2745/2849 2103/2702/2814 2102/2701/2813
f 2139/2746/2850 2104/2704/2815 2103/2702/2814
f 2140/2747/2851 2105/2706/2816 2104/2704/2815
f 2141/2748/2852 2106/2749/2817 2105/2706/2816
f 2142/2750/2853 2107/2709/2818 2106/2708/2817
f 2143/2751/2854 2108/2752/2819 2107/2709/2818
f 2144/2753/2855 2109/2712/2820 2108/2711/2819
f 2145/2754/2856 2074/2668/2784 2109/2712/2820
f 2146/2755/2857 2111/2714/2822 2110/2713/2821
f 2147/2756/2858 2112/2715/2823 2111/2714/2822
f 2148/2757/2859 2113/2716/2824 2112/2715/2823
f 2149/2758/2860 2114/2717/2825 2113/2716/2824
f 2150/2759/2861 2115/2719/2826 2114/2760/2825
f 2151/2761/2862 2116/2721/2828 2115/2719/2826
f 2116/2721/2828 2153/2762/2863 2117/2763/2864
f 2117/2763/2864 2154/2764/2865 2118/2722/2829
f 2118/2722/2829 2155/2765/2866 2119/2723/2830
f 2119/2723/2830 2156/2766/2867 2120/2724/2831
f 2120/2724/2831 2157/2767/2868 2121/2725/2832
f 2121/2725/2832 2158/2768/2869 2122/2726/2833
f 2122/2726/2833 2159/2769/2870 2123/2727/2834
f 2123/2770/2834 2160/2771/2871 2124/2772/2835
f 2124/2772/2835 2161/2773/2872 2125/2774/2836
f 2125/2774/2836 2162/2775/2873 2126/2776/2837
f 2126/2776/2837 2163/2777/2874 2127/2733/2838
f 2127/2733/2838 2164/2778/2875 2128/2734/2839
f 2128/2734/2839 2165/2779/2876 2129/2735/2840
f 2129/2735/2840 2166/2780/2877 2130/2736/2841
f 2130/2736/2841 2167/2781/2878 2131/2737/2842
f 2131/2737/2842 2168/2782/2879 2132/2738/2843
f 2132/2738/2843 2169/2783/2880 2133/2739/2844
f 2133/2784/2844 2170/2785/2881 2134/2741/2845
f 2170/2785/2881 2135/2742/2846 2134/2741/2845
f 2171/2786/2882 2136/2743/2847 2135/2742/2846
f 2172/2787/2883 2137/2744/2848 2136/2743/2847
f 2173/2788/2884 2138/2745/2849 2137/2744/2848
f 2174/2789/2885 2139/2746/2850 2138/2745/2849
f 2175/2790/2886 2140/2747/2851 2139/2746/2850
f 2176/2791/2887 2141/2748/2852 2140/2747/2851
f 2177/2792/2888 2142/2793/2853 2141/2748/2852
f 2178/2794/2889 2143/2751/2854 2142/2750/2853
f 2179/2795/2890 2144/2753/2855 2143/2796/2854
f 2180/2797/2891 2145/2754/2856 2144/2753/2855
f 2181/2798/2892 2110/2713/2821 2145/2754/2856
f 2182/2799/2893 2147/2756/2858 2146/2755/2857
f 2183/2800/2894 2148/2757/2859 2147/2756/2858
f 2184/2801/2895 2149/2758/2860 2148/2757/2859
f 2185/2802/2896 2150/2803/2861 2149/2758/2860
f 2186/2804/2897 2151/2761/2862 2150/2759/2861
f 2151/2761/2862 2188/2805/2898 2152/2806/2899
f 2152/2806/2899 2189/2807/2900 2153/2762/2863
f 2153/2762/2863 2190/2808/2901 2154/2764/2865
f 2154/2764/2865 2191/2809/2902 2155/2765/2866
f 2155/2765/2866 2192/2810/2903 2156/2766/2867
f 2156/2766/2867 2193/2811/2904 2157/2767/2868
f 2157/2767/2868 2194/2812/2905 2158/2768/2869
f 2158/2768/2869 2195/2813/2906 2159/2769/2870
f 2159/2814/2870 2196/2815/2907 2160/2771/2871
f 2160/2771/2871 2197/2816/2908 2161/2773/2872
f 2161/2773/2872 2198/2817/2909 2162/2775/2873
f 2162/2775/2873 2199/2818/2910 2163/2777/2874
f 2163/2777/2874 2200/2819/2911 2164/2778/2875
f 2164/2778/2875 2201/2820/2912 2165/2779/2876
f 2165/2779/2876 2202/2821/2913 2166/2780/2877
f 2166/2780/2877 2203/2822/2914 2167/2781/2878
f 2167/2781/2878 2204/2823/2915 2168/2782/2879
f 2168/2782/2879 2205/2824/2916 2169/2783/2880
f 2169/2825/2880 2206/2826/2917 2170/2785/2881
f 2206/2826/2917 2171/2786/2882 2170/2785/2881
f 2207/2827/2918 2172/2787/2883 2171/2786/2882
f 2208/2828/2919 2173/2788/2884 2172/2787/2883
f 2209/2829/2920 2174/2789/2885 2173/2788/2884
f 2210/2830/2921 2175/2790/2886 2174/2789/2885
f 2211/2831/2922 2176/2791/2887 2175/2790/2886
f 2212/2832/2923 2177/2792/2888 2176/2791/2887
f 2213/2833/2924 2178/2834/2889 2177/2835/2888
f 2214/2836/2925 2179/2795/2890 2178/2834/2889
f 2215/2837/2926 2180/2797/2891 2179/2795/2890
f 2216/2838/2927 2181/2798/2892 2180/2797/2891
f 2217/2839/2928 2146/2755/2857 2181/2798/2892
f 2218/2840/2929 2183/2800/2894 2182/2799/2893
f 2219/2841/2930 2184/2801/2895 2183/2800/2894
f 2220/2842/2931 2185/2802/2896 2184/2801/2895
f 2221/2843/2932 2186/2844/2897 2185/2802/2896
f 2222/2845/2933 2187/2846/2934 2186/2844/2897
f 2187/2847/2934 2224/2848/2935 2188/2805/2898
f 2188/2805/2898 2225/2849/2936 2189/2807/2900
f 2189/2807/2900 2226/2850/2937 2190/2808/2901
f 2190/2808/2901 2227/2851/2938 2191/2809/2902
f 2191/2809/2902 2228/2852/2939 2192/2810/2903
f 2192/2810/2903 2229/2853/2940 2193/2811/2904
f 2193/2811/2904 2230/2854/2941 2194/2812/2905
f 2194/2812/2905 2231/2855/2942 2195/2813/2906
f 2195/2856/2906 2232/2857/2943 2196/2815/2907
f 2196/2815/2907 2233/2858/2944 2197/2816/2908
f 2197/2816/2908 2234/2859/2945 2198/2817/2909
f 2198/2817/2909 2235/2860/2946 2199/2818/2910
f 2199/2818/2910 2236/2861/2947 2200/2819/2911
f 2200/2819/2911 2237/2862/2948 2201/2820/2912
f 2201/2820/2912 2238/2863/2949 2202/2821/2913
f 2202/2821/2913 2239/2864/2950 2203/2822/2914
f 2203/2822/2914 2240/2865/2951 2204/2823/2915
f 2204/2823/2915 2241/2866/2952 2205/2824/2916
f 2241/2867/2952 2206/2826/2917 2205/2868/2916
f 2242/2869/2953 2207/2827/2918 2206/2826/2917
f 2243/2870/2954 2208/2828/2919 2207/2827/2918
f 2244/2871/2955 2209/2829/2920 2208/2828/2919
f 2245/2872/2956 2210/2830/2921 2209/2829/2920
f 2246/2873/2957 2211/2831/2922 2210/2830/2921
f 2247/2874/2958 2212/2832/2923 2211/2831/2922
f 2248/2875/2959 2213/2876/2924 2212/2832/2923
f 2249/2877/2960 2214/2878/2925 2213/2876/2924
f 2250/2879/2961 2215/2837/2926 2214/2836/2925
f 2251/2880/2962 2216/2838/2927 2215/2837/2926
f 2252/2881/2963 2217/2839/2928 2216/2838/2927
f 2253/2882/2964 2182/2799/2893 2217/2839/2928
f 2254/2883/2965 2219/2841/2930 2218/2840/2929
f 2255/2884/2966 2220/2842/2931 2219/2841/2930
f 2256/2885/2967 2221/2843/2932 2220/2842/2931
f 2257/2886/2968 2222/2845/2933 2221/2843/2932
f 2258/2887/2969 2223/2888/2970 2222/2845/2933
f 2223/2889/2970 2260/2890/2971 2224/2848/2935
f 2224/2848/2935 2261/2891/2972 2225/2849/2936
f 2225/2849/2936 2262/2892/2973 2226/2850/2937
f 2226/2850/2937 2263/2893/2974 2227/2851/2938
f 2227/2851/2938 2264/2894/2975 2228/2852/2939
f 2228/2852/2939 2265/2895/2976 2229/2853/2940
f 2229/2853/2940 2266/2896/2977 2230/2854/2941
f 2230/2854/2941 2267/2897/2978 2231/2855/2942
f 2231/2898/2942 2268/2899/2979 2232/2857/2943
f 2232/2857/2943 2269/2900/2980 2233/2858/2944
f 2233/2858/2944 2270/2901/2981 2234/2859/2945
f 2234/2859/2945 2271/2902/2982 2235/2860/2946
f 2235/2860/2946 2272/2903/2983 2236/2861/2947
f 2236/2861/2947 2273/2904/2984 2237/2862/2948
f 2237/2862/2948 2274/2905/2985 2238/2863/2949
f 2238/2863/2949 2275/2906/2986 2239/2864/2950
f 2239/2864/2950 2276/2907/2987 2240/2865/2951
f 2240/2865/2951 2277/2908/2988 2241/2866/2952
f 2277/2909/2988 2242/2869/2953 2241/2867/2952
f 2278/2910/2989 2243/2870/2954 2242/2869/2953
f 2279/2911/2990 2244/2871/2955 2243/2870/2954
f 2280/2912/2991 2245/2872/2956 2244/2871/2955
f 2281/2913/2992 2246/2873/2957 2245/2872/2956
f 2282/2914/2993 2247/2874/2958 2246/2873/2957
f 2283/2915/2994 2248/2875/2959 2247/2874/2958
f 2284/2916/2995 2249/2917/2960 2248/2918/2959
f 2285/2919/2996 2250/2879/2961 2249/2917/2960
f 2286/2920/2997 2251/2880/2962 2250/2879/2961
f 2287/2921/2998 2252/2881/2963 2251/2880/2962
f 2288/2922/2999 2253/2882/2964 2252/2881/2963
f 2289/2923/3000 2218/2840/2929 2253/2882/2964
f 2290/2924/3001 2255/2884/2966 2254/2883/2965
f 2291/2925/3002 2256/2885/2967 2255/2884/2966
f 2292/2926/3003 2257/2886/2968 2256/2885/2967
f 2293/2927/3004 2258/2887/2969 2257/2886/2968
f 2258/2928/2969 2295/2929/3005 2259/2930/3006
f 2259/2930/3006 2296/2931/3007 2260/2890/2971
f 2260/2890/2971 2297/2932/3008 2261/2891/2972
f 2261/2891/2972 2298/2933/3009 2262/2892/2973
f 2262/2892/2973 2299/2934/3010 2263/2893/2974
f 2263/2893/2974 2300/2935/3011 2264/2894/2975
f 2264/2894/2975 2301/2936/3012 2265/2895/2976
f 2265/2895/2976 2302/2937/3013 2266/2896/2977
f 2266/2896/2977 2303/2938/3014 2267/2897/2978
f 2267/2939/2978 2304/2940/3015 2268/2899/2979
f 2268/2899/2979 2305/2941/3016 2269/2900/2980
f 2269/2900/2980 2306/2942/3017 2270/2901/2981
f 2270/2901/2981 2307/2943/3018 2271/2902/2982
f 2271/2902/2982 2308/2944/3019 2272/2903/2983
f 2272/2903/2983 2309/2945/3020 2273/2904/2984
f 2273/2904/2984 2310/2946/3021 2274/2905/2985
f 2310/2946/3021 2275/2906/2986 2274/2905/2985
f 2311/2947/3022 2276/2907/2987 2275/2906/2986
f 2312/2948/3023 2277/2908/2988 2276/2907/2987
f 2313/2949/3024 2278/2910/2989 2277/2909/2988
f 2314/2950/3025 2279/2911/2990 2278/2910/2989
f 2315/2951/3026 2280/2912/2991 2279/2911/2990
f 2316/2952/3027 2281/2913/2992 2280/2912/2991
f 2317/2953/3028 2282/2914/2993 2281/2913/2992
f 2318/2954/3029 2283/2915/2994 2282/2914/2993
f 2319/2955/3030 2284/2956/2995 2283/2915/2994
f 2320/2957/3031 2285/2919/2996 2284/2916/2995
f 2321/2958/3032 2286/2920/2997 2285/2919/2996
f 2322/2959/3033 2287/2921/2998 2286/2920/2997
f 2323/2960/3034 2288/2922/2999 2287/2921/2998
f 2324/2961/3035 2289/2923/3000 2288/2922/2999
f 2325/2962/3036 2254/2883/2965 2289/2923/3000
f 2326/2963/3037 2291/2925/3002 2290/2924/3001
f 2291/2925/3002 2328/2964/3038 2292/2926/3003
f 2292/2926/3003 2329/2965/3039 2293/2927/3004
f 2293/2927/3004 2330/2966/3040 2294/2967/3041
f 2294/2968/3041 2331/2969/3042 2295/2929/3005
f 2295/2929/3005 2332/2970/3043 2296/2931/3007
f 2296/2931/3007 2333/2971/3044 2297/2932/3008
f 2333/2971/3044 2298/2933/3009 2297/2932/3008
f 2298/2933/3009 2335/2972/3045 2299/2934/3010
f 2299/2934/3010 2336/2973/3046 2300/2935/3011
f 2300/2935/3011 2337/2974/3047 2301/2936/3012
f 2301/2936/3012 2338/2975/3048 2302/2937/3013
f 2302/2937/3013 2339/2976/3049 2303/2938/3014
f 2303/2977/3014 2340/2978/3050 2304/2940/3015
f 2304/2940/3015 2341/2979/3051 2305/2941/3016
f 2341/2979/3051 2306/2942/3017 2305/2941/3016
f 2342/2980/3052 2307/2943/3018 2306/2942/3017
f 2343/2981/3053 2308/2944/3019 2307/2943/3018
f 2344/2982/3054 2309/2945/3020 2308/2944/3019
f 2345/2983/3055 2310/2946/3021 2309/2945/3020
f 2346/2984/3056 2311/2947/3022 2310/2946/3021
f 2347/2985/3057 2312/2986/3023 2311/2987/3022
f 2312/2986/3023 2349/2988/3058 2313/2949/3024
f 2349/2988/3058 2314/2950/3025 2313/2949/3024
f 2350/2989/3059 2315/2951/3026 2314/2950/3025
f 2351/2990/3060 2316/2952/3027 2315/2951/3026
f 2352/2991/3061 2317/2953/3028 2316/2952/3027
f 2353/2992/3062 2318/2954/3029 2317/2953/3028
f 2354/2993/3063 2319/2955/3030 2318/2954/3029
f 2355/2994/3064 2320/2995/3031 2319/2955/3030
f 2356/2996/3065 2321/2958/3032 2320/2957/3031
f 2357/2997/3066 2322/2959/3033 2321/2958/3032
f 2358/2998/3067 2323/2960/3034 2322/2959/3033
f 2359/2999/3068 2324/2961/3035 2323/2960/3034
f 2360/3000/3069 2325/2962/3036 2324/2961/3035
f 2361/3001/3070 2290/2924/3001 2325/2962/3036
f 2326/2963/3037 2363/3002/3071 2327/3003/3072
f 2327/3003/3072 2364/3004/3073 2328/2964/3038
f 2328/2964/3038 2365/3005/3074 2329/2965/3039
f 2329/2965/3039 2366/3006/3075 2330/2966/3040
f 2330/3007/3040 2367/3008/3076 2331/2969/3042
f 2331/2969/3042 2368/3009/3077 2332/2970/3043
f 2332/2970/3043 2369/3010/3078 2333/2971/3044
f 2369/3010/3078 2334/3011/3079 2333/2971/3044
f 2334/3011/3079 2371/3012/3080 2335/2972/3045
f 2335/2972/3045 2372/3013/3081 2336/2973/3046
f 2336/2973/3046 2373/3014/3082 2337/2974/3047
f 2337/2974/3047 2374/3015/3083 2338/2975/3048
f 2338/2975/3048 2375/3016/3084 2339/2976/3049
f 2375/3017/3084 2340/2978/3050 2339/3018/3049
f 2376/3019/3085 2341/2979/3051 2340/2978/3050
f 2377/3020/3086 2342/2980/3052 2341/2979/3051
f 2378/3021/3087 2343/2981/3053 2342/2980/3052
f 2379/3022/3088 2344/2982/3054 2343/2981/3053
f 2380/3023/3089 2345/2983/3055 2344/2982/3054
f 2381/3024/3090 2346/2984/3056 2345/2983/3055
f 2382/3025/3091 2347/3026/3057 2346/2984/3056
f 2383/3027/3092 2348/3028/3093 2347/2985/3057
f 2348/3028/3093 2385/3029/3094 2349/2988/3058
f 2385/3029/3094 2350/2989/3059 2349/2988/3058
f 2386/3030/3095 2351/2990/3060 2350/2989/3059
f 2387/3031/3096 2352/2991/3061 2351/2990/3060
f 2388/3032/3097 2353/2992/3062 2352/2991/3061
f 2389/3033/3098 2354/2993/3063 2353/2992/3062
f 2354/2993/3063 2391/3034/3099 2355/2994/3064
f 2355/2994/3064 2392/3035/3100 2356/3036/3065
f 2356/2996/3065 2393/3037/3101 2357/2997/3066
f 2357/2997/3066 2394/3038/3102 2358/2998/3067
f 2358/2998/3067 2395/3039/3103 2359/2999/3068
f 2359/2999/3068 2396/3040/3104 2360/3000/3069
f 2360/3000/3069 2397/3041/3105 2361/3001/3070
f 2361/3001/3070 2362/3042/3106 2326/2963/3037
f 2362/3042/3106 2399/3043/3107 2363/3002/3071
f 2363/3002/3071 2400/3044/3108 2364/3004/3073
f 2364/3004/3073 2401/3045/3109 2365/3005/3074
f 2365/3005/3074 2402/3046/3110 2366/3006/3075
f 2366/3047/3075 2403/3048/3111 2367/3008/3076
f 2367/3008/3076 2404/3049/3112 2368/3009/3077
f 2368/3009/3077 2405/3050/3113 2369/3010/3078
f 2369/3010/3078 2406/3051/3114 2370/3052/3115
f 2370/3052/3115 2407/3053/3116 2371/3012/3080
f 2371/3012/3080 2408/3054/3117 2372/3013/3081
f 2372/3013/3081 2409/3055/3118 2373/3014/3082
f 2409/3055/3118 2374/3015/3083 2373/3014/3082
f 2410/3056/3119 2375/3017/3084 2374/3057/3083
f 2411/3058/3120 2376/3019/3085 2375/3017/3084
f 2412/3059/3121 2377/3020/3086 2376/3019/3085
f 2413/3060/3122 2378/3021/3087 2377/3020/3086
f 2414/3061/3123 2379/3022/3088 2378/3021/3087
f 2415/3062/3124 2380/3023/3089 2379/3022/3088
f 2416/3063/3125 2381/3024/3090 2380/3023/3089
f 2417/3064/3126 2382/3025/3091 2381/3024/3090
f 2418/3065/3127 2383/3066/3092 2382/3025/3091
f 2419/3067/3128 2384/3068/3129 2383/3027/3092
f 2420/3069/3130 2385/3029/3094 2384/3068/3129
f 2421/3070/3131 2386/3030/3095 2385/3029/3094
f 2422/3071/3132 2387/3031/3096 2386/3030/3095
f 2423/3072/3133 2388/3032/3097 2387/3031/3096
f 2424/3073/3134 2389/3033/3098 2388/3032/3097
f 2425/3074/3135 2390/3075/3136 2389/3033/3098
f 2426/3076/3137 2391/3034/3099 2390/3075/3136
f 2391/3077/3099 2428/3078/3138 2392/3079/3100
f 2392/3079/3100 2429/3080/3139 2393/3037/3101
f 2393/3037/3101 2430/3081/3140 2394/3038/3102
f 2394/3038/3102 2431/3082/3141 2395/3039/3103
f 2395/3039/3103 2432/3083/3142 2396/3040/3104
f 2396/3040/3104 2433/3084/3143 2397/3041/3105
f 2397/3041/3105 2398/3085/3144 2362/3042/3106
f 2398/3085/3144 2435/3086/3145 2399/3043/3107
f 2399/3043/3107 2436/3087/3146 2400/3044/3108
f 2436/3088/3146 2401/3089/3109 2400/3090/3108
f 2401/3045/3109 2438/3091/3147 2402/3046/3110
f 2402/3092/3110 2439/3093/3148 2403/3048/3111
f 2403/3048/3111 2440/3094/3149 2404/3049/3112
f 2404/3049/3112 2441/3095/3150 2405/3050/3113
f 2405/3050/3113 2442/3096/3151 2406/3051/3114
f 2442/3096/3151 2407/3053/3116 2406/3051/3114
f 2443/3097/3152 2408/3054/3117 2407/3053/3116
f 2444/3098/3153 2409/3055/3118 2408/3054/3117
f 2445/3099/3154 2410/3056/3119 2409/3100/3118
f 2446/3101/3155 2411/3058/3120 2410/3056/3119
f 2447/3102/3156 2412/3059/3121 2411/3058/3120
f 2448/3103/3157 2413/3060/3122 2412/3059/3121
f 2449/3104/3158 2414/3061/3123 2413/3060/3122
f 2450/3105/3159 2415/3062/3124 2414/3061/3123
f 2451/3106/3160 2416/3063/3125 2415/3062/3124
f 2452/3107/3161 2417/3064/3126 2416/3063/3125
f 2453/3108/3162 2418/3065/3127 2417/3064/3126
f 2454/3109/3163 2419/3110/3128 2418/3065/3127
f 2455/3111/3164 2420/3069/3130 2419/3067/3128
f 2456/3112/3165 2421/3070/3131 2420/3069/3130
f 2457/3113/3166 2422/3071/3132 2421/3070/3131
f 2458/3114/3167 2423/3072/3133 2422/3071/3132
f 2459/3115/3168 2424/3073/3134 2423/3072/3133
f 2424/3073/3134 2461/3116/3169 2425/3074/3135
f 2425/3074/3135 2462/3117/3170 2426/3076/3137
f 2426/3076/3137 2463/3118/3171 2427/3119/3172
f 2427/3120/3172 2464/3121/3173 2428/3078/3138
f 2428/3078/3138 2465/3122/3174 2429/3080/3139
f 2429/3080/3139 2466/3123/3175 2430/3081/3140
f 2430/3081/3140 2467/3124/3176 2431/3082/3141
f 2431/3082/3141 2468/3125/3177 2432/3083/3142
f 2432/3083/3142 2469/3126/3178 2433/3084/3143
f 2433/3084/3143 2434/3127/3179 2398/3085/3144
f 2434/3127/3179 2471/3128/3180 2435/3086/3145
f 2435/3086/3145 2472/3129/3181 2436/3087/3146
f 2472/3130/3181 2437/3131/3182 2436/3088/3146
f 2437/3132/3182 2474/3133/3183 2438/3091/3147
f 2438/3134/3147 2475/3135/3184 2439/3093/3148
f 2439/3093/3148 2476/3136/3185 2440/3094/3149
f 2440/3094/3149 2477/3137/3186 2441/3095/3150
f 2441/3095/3150 2478/3138/3187 2442/3096/3151
f 2478/3138/3187 2443/3097/3152 2442/3096/3151
f 2479/3139/3188 2444/3098/3153 2443/3097/3152
f 2480/3140/3189 2445/3141/3154 2444/3098/3153
f 2481/3142/3190 2446/3101/3155 2445/3099/3154
f 2482/3143/3191 2447/3102/3156 2446/3101/3155
f 2483/3144/3192 2448/3103/3157 2447/3102/3156
f 2484/3145/3193 2449/3104/3158 2448/3103/3157
f 2485/3146/3194 2450/3105/3159 2449/3104/3158
f 2486/3147/3195 2451/3106/3160 2450/3105/3159
f 2487/3148/3196 2452/3107/3161 2451/3106/3160
f 2488/3149/3197 2453/3108/3162 2452/3107/3161
f 2489/3150/3198 2454/3109/3163 2453/3108/3162
f 2490/3151/3199 2455/3152/3164 2454/3109/3163
f 2455/3111/3164 2492/3153/3200 2456/3112/3165
f 2492/3153/3200 2457/3113/3166 2456/3112/3165
f 2493/3154/3201 2458/3114/3167 2457/3113/3166
f 2494/3155/3202 2459/3115/3168 2458/3114/3167
f 2495/3156/3203 2460/3157/3204 2459/3115/3168
f 2496/3158/3205 2461/3116/3169 2460/3157/3204
f 2461/3116/3169 2498/3159/3206 2462/3117/3170
f 2462/3117/3170 2499/3160/3207 2463/3118/3171
f 2463/3161/3171 2500/3162/3208 2464/3121/3173
f 2464/3121/3173 2501/3163/3209 2465/3122/3174
f 2465/3122/3174 2502/3164/3210 2466/3123/3175
f 2466/3123/3175 2503/3165/3211 2467/3124/3176
f 2467/3124/3176 2504/3166/3212 2468/3125/3177
f 2468/3125/3177 2505/3167/3213 2469/3126/3178
f 2469/3126/3178 2470/3168/3214 2434/3127/3179
f 2470/3168/3214 2507/3169/3215 2471/3128/3180
f 2471/3128/3180 2508/3170/3216 2472/3129/3181
f 2472/3129/3181 2509/3171/3217 2473/3172/3218
f 2473/3172/3218 2510/3173/3219 2474/3133/3183
f 2474/3174/3183 2511/3175/3220 2475/3135/3184
f 2475/3135/3184 2512/3176/3221 2476/3136/3185
f 2476/3136/3185 2513/3177/3222 2477/3137/3186
f 2477/3137/3186 2514/3178/3223 2478/3138/3187
f 2514/3178/3223 2479/3139/3188 2478/3138/3187
f 2515/3179/3224 2480/3140/3189 2479/3139/3188
f 2516/3180/3225 2481/3181/3190 2480/3140/3189
f 2517/3182/3226 2482/3143/3191 2481/3142/3190
f 2518/3183/3227 2483/3144/3192 2482/3143/3191
f 2519/3184/3228 2484/3145/3193 2483/3144/3192
f 2520/3185/3229 2485/3146/3194 2484/3145/3193
f 2521/3186/3230 2486/3147/3195 2485/3146/3194
f 2522/3187/3231 2487/3148/3196 2486/3147/3195
f 2523/3188/3232 2488/3149/3197 2487/3148/3196
f 2524/3189/3233 2489/3150/3198 2488/3149/3197
f 2525/3190/3234 2490/3151/3199 2489/3150/3198
f 2526/3191/3235 2491/3192/3236 2490/3151/3199
f 2491/3193/3236 2528/3194/3237 2492/3153/3200
f 2528/3194/3237 2493/3154/3201 2492/3153/3200
f 2529/3195/3238 2494/3155/3202 2493/3154/3201
f 2530/3196/3239 2495/3156/3203 2494/3155/3202
f 2531/3197/3240 2496/3158/3205 2495/3156/3203
f 2496/3158/3205 2533/3198/3241 2497/3199/3242
f 2497/3199/3242 2534/3200/3243 2498/3159/3206
f 2498/3159/3206 2535/3201/3244 2499/3160/3207
f 2499/3202/3207 2536/3203/3245 2500/3162/3208
f 2500/3162/3208 2537/3204/3246 2501/3163/3209
f 2501/3163/3209 2538/3205/3247 2502/3164/3210
f 2502/3164/3210 2539/3206/3248 2503/3165/3211
f 2503/3165/3211 2540/3207/3249 2504/3166/3212
f 2504/3166/3212 2541/3208/3250 2505/3167/3213
f 2505/3167/3213 2506/3209/3251 2470/3168/3214
s 266
f 852/3210/3252 2542/3211/3252 851/3212/3253
f 853/3213/3252 2542/3211/3252 852/3210/3252
f 854/3214/3252 2542/3211/3252 853/3213/3252
f 855/3215/3254 2542/3211/3252 854/3214/3252
f 856/3216/3255 2542/3211/3252 855/3215/3254
f 857/3217/3256 2542/3211/3252 856/3216/3255
f 858/3218/3252 2542/3211/3252 857/3217/3256
f 859/1287/3257 2542/3211/3252 858/3218/3252
f 860/1289/3257 2542/3211/3252 859/1287/3257
f 861/1291/3252 2542/3211/3252 860/1289/3257
f 862/1293/3252 2542/3211/3252 861/1291/3252
f 863/1295/3253 2542/3211/3252 862/1293/3252
f 864/1297/3253 2542/3211/3252 863/1295/3253
f 865/1299/3257 2542/3211/3252 864/1297/3253
f 866/1301/3254 2542/3211/3252 865/1299/3257
f 867/1303/3252 2542/3211/3252 866/1301/3254
f 868/3219/3252 2542/3211/3252 867/1303/3252
f 869/3220/3252 2542/3211/3252 868/3219/3252
f 870/3221/3252 2542/3211/3252 869/3220/3252
f 871/3222/3254 2542/3211/3252 870/3221/3252
f 872/3223/3252 2542/3211/3252 871/3222/3254
f 873/3224/3252 2542/3211/3252 872/3223/3252
f 874/3225/3257 2542/3211/3252 873/3224/3252
f 875/3226/3252 2542/3211/3252 874/3225/3257
f 876/3227/3257 2542/3211/3252 875/3226/3252
f 877/3228/3258 2542/3211/3252 876/3227/3257
f 878/3229/3259 2542/3211/3252 877/3228/3258
f 879/3230/3256 2542/3211/3252 878/3229/3259
f 880/3231/3258 2542/3211/3252 879/3230/3256
f 881/3232/3257 2542/3211/3252 880/3231/3258
f 882/3233/3253 2542/3211/3252 881/3232/3257
f 883/3234/3253 2542/3211/3252 882/3233/3253
f 884/3235/3253 2542/3211/3252 883/3234/3253
f 885/3236/3252 2542/3211/3252 884/3235/3253
f 886/3237/3252 2542/3211/3252 885/3236/3252
f 851/3212/3253 2542/3211/3252 886/3237/3252
s 267
f 2506/3238/3260 2543/3239/3261 2507/3240/3261
f 2507/3240/3261 2543/3239/3261 2508/3241/3261
f 2508/3241/3261 2543/3239/3261 2509/3242/3262
f 2509/3242/3262 2543/3239/3261 2510/3243/3260
f 2510/3243/3260 2543/3239/3261 2511/3244/3263
f 2511/3244/3263 2543/3239/3261 2512/3245/3261
f 2512/3245/3261 2543/3239/3261 2513/3246/3262
f 2513/3246/3262 2543/3239/3261 2514/3247/3261
f 2514/3247/3261 2543/3239/3261 2515/3248/3264
f 2515/3248/3264 2543/3239/3261 2516/3249/3264
f 2516/3249/3264 2543/3239/3261 2517/3182/3265
f 2517/3182/3265 2543/3239/3261 2518/3183/3265
f 2518/3183/3265 2543/3239/3261 2519/3184/3266
f 2519/3184/3266 2543/3239/3261 2520/3185/3264
f 2520/3185/3264 2543/3239/3261 2521/3186/3267
f 2521/3186/3267 2543/3239/3261 2522/3187/3260
f 2522/3187/3260 2543/3239/3261 2523/3188/3261
f 2523/3188/3261 2543/3239/3261 2524/3189/3261
f 2524/3189/3261 2543/3239/3261 2525/3190/3268
f 2525/3190/3268 2543/3239/3261 2526/3191/3262
f 2526/3191/3262 2543/3239/3261 2527/3250/3269
f 2527/3250/3269 2543/3239/3261 2528/3251/3270
f 2528/3251/3270 2543/3239/3261 2529/3252/3270
f 2529/3252/3270 2543/3239/3261 2530/3253/3262
f 2530/3253/3262 2543/3239/3261 2531/3254/3262
f 2531/3254/3262 2543/3239/3261 2532/3255/3261
f 2532/3255/3261 2543/3239/3261 2533/3256/3264
f 2533/3256/3264 2543/3239/3261 2534/3257/3271
f 2534/3257/3271 2543/3239/3261 2535/3258/3271
f 2535/3258/3271 2543/3239/3261 2536/3259/3261
f 2536/3259/3261 2543/3239/3261 2537/3260/3272
f 2537/3260/3272 2543/3239/3261 2538/3261/3260
f 2538/3261/3260 2543/3239/3261 2539/3262/3260
f 2539/3262/3260 2543/3239/3261 2540/3263/3268
f 2540/3263/3268 2543/3239/3261 2541/3264/3261
f 2541/3264/3261 2543/3239/3261 2506/3238/3260
s 268
f 2575/3265/3273 2573/3266/3274 2572/3267/3275
s 269
f 2546/3268/3276 2559/3269/3277 2558/3270/3278
s 270
f 2555/3271/3279 2561/3272/3280 2571/3273/3281
s 271
f 2544/3274/3282 2556/3275/3283 2551/3276/3284
s 272
f 2545/3277/3285 2553/3278/3286 2552/3279/3287
s 270
f 2550/3280/3288 2544/3281/3289 2551/3282/3290
f 2550/3280/3288 2566/3283/3291 2560/3284/3292
s 272
f 2548/3285/3293 2552/3279/3287 2553/3278/3286
s 270
f 2554/3286/3294 2549/3287/3295 2548/3288/3296
s 271
f 2556/3275/3283 2549/3289/3297 2555/3290/3298
f 2557/3291/3299 2552/3292/3300 2556/3275/3283
s 268
f 2574/3293/3301 2576/3294/3302 2573/3266/3274
s 269
f 2553/3295/3303 2558/3270/3278 2559/3269/3277
f 2548/3296/3304 2559/3269/3277 2554/3297/3305
s 270
f 2560/3284/3292 2567/3298/3306 2565/3299/3307
f 2565/3299/3307 2568/3300/3308 2564/3301/3309
f 2564/3301/3309 2569/3302/3310 2563/3303/3311
f 2563/3303/3311 2570/3304/3312 2562/3305/3313
f 2562/3305/3313 2571/3273/3281 2561/3272/3280
s 269
f 2564/3306/3314 2563/3307/3315 2559/3269/3277
s 271
f 2568/3308/3316 2567/3309/3317 2556/3275/3283
s 273
f 2572/3310/3318 2557/3291/3319 2544/3274/3320
s 274
f 2558/3270/3321 2575/3311/3322 2546/3268/3323
s 275
f 2546/3312/3324 2572/3313/3325 2544/3281/3326
s 276
f 2573/3314/3327 2545/3315/3328 2557/3291/3329
s 277
f 2576/3316/3330 2547/3317/3331 2545/3277/3332
s 278
f 2547/3318/3333 2574/3319/3334 2558/3270/3335
s 279
f 2609/3320/3336 2607/3321/3337 2606/3322/3338
s 280
f 2580/3323/3339 2593/3324/3340 2592/3325/3341
s 281
f 2589/3326/3342 2595/3327/3343 2605/3328/3344
s 282
f 2578/3329/3345 2590/3330/3346 2585/3331/3347
s 283
f 2579/3332/3348 2587/3333/3349 2586/3334/3350
s 281
f 2584/3335/3351 2578/3336/3352 2585/3337/3353
f 2584/3335/3351 2600/3338/3354 2594/3339/3355
s 283
f 2582/3340/3356 2586/3334/3350 2587/3333/3349
s 281
f 2588/3341/3357 2583/3342/3358 2582/3343/3359
s 282
f 2590/3330/3346 2583/3344/3360 2589/3345/3361
f 2591/3346/3362 2586/3347/3363 2590/3330/3346
s 279
f 2608/3348/3364 2610/3349/3365 2607/3321/3337
s 280
f 2587/3350/3366 2592/3325/3341 2593/3324/3340
f 2582/3351/3367 2593/3324/3340 2588/3352/3368
s 281
f 2594/3339/3355 2601/3353/3369 2599/3354/3370
f 2599/3354/3370 2602/3355/3371 2598/3356/3372
f 2598/3356/3372 2603/3357/3373 2597/3358/3374
f 2597/3358/3374 2604/3359/3375 2596/3360/3376
f 2596/3360/3376 2605/3328/3344 2595/3327/3343
s 280
f 2598/3361/3377 2597/3362/3378 2593/3324/3340
s 282
f 2602/3363/3379 2600/3364/3380 2590/3330/3346
s 284
f 2606/3365/3381 2591/3346/3382 2578/3329/3383
s 285
f 2592/3325/3384 2609/3366/3385 2580/3323/3386
s 286
f 2580/3367/3387 2606/3368/3388 2578/3336/3389
s 287
f 2607/3369/3390 2579/3370/3391 2591/3346/3392
s 288
f 2610/3371/3393 2581/3372/3394 2579/3332/3394
s 289
f 2581/3373/3395 2608/3374/3396 2592/3325/3397
s 290
f 2643/3375/3398 2641/3376/3399 2640/3377/3400
s 291
f 2614/3378/3401 2627/3379/3402 2626/3380/3403
s 292
f 2623/3381/3404 2629/3382/3405 2639/3383/3406
s 293
f 2612/3384/3407 2624/3385/3408 2619/3386/3409
s 294
f 2613/3387/3410 2621/3388/3411 2620/3389/3412
s 292
f 2618/3390/3413 2612/3391/3414 2619/3392/3415
f 2618/3390/3413 2634/3393/3416 2628/3394/3417
s 294
f 2616/3395/3418 2620/3389/3412 2621/3388/3411
s 292
f 2622/3396/3419 2617/3397/3420 2616/3398/3421
s 293
f 2624/3385/3408 2617/3399/3422 2623/3400/3423
f 2625/3401/3424 2620/3389/3425 2624/3385/3408
s 290
f 2642/3402/3426 2644/3403/3427 2641/3376/3399
s 291
f 2621/3404/3428 2626/3380/3403 2627/3379/3402
f 2616/3405/3429 2627/3379/3402 2622/3406/3430
s 292
f 2628/3394/3417 2635/3407/3431 2633/3408/3432
f 2633/3408/3432 2636/3409/3433 2632/3410/3434
f 2632/3410/3434 2637/3411/3435 2631/3412/3436
f 2631/3412/3436 2638/3413/3437 2630/3414/3438
f 2630/3414/3438 2639/3383/3406 2629/3382/3405
s 291
f 2633/3408/3439 2631/3412/3440 2627/3379/3402
s 293
f 2636/3415/3441 2635/3416/3442 2624/3385/3408
s 295
f 2640/3417/3443 2625/3401/3444 2612/3384/3445
s 296
f 2626/3380/3446 2643/3418/3447 2614/3378/3448
s 297
f 2614/3378/3449 2640/3419/3450 2612/3391/3451
s 295
f 2641/3420/3452 2613/3387/3453 2625/3401/3444
s 298
f 2644/3421/3454 2615/3422/3455 2613/3387/3456
s 299
f 2615/3423/3457 2642/3424/3458 2626/3380/3459
s 300
f 2677/3425/3460 2675/3426/3461 2674/3427/3462
s 301
f 2648/3428/3463 2661/3429/3464 2660/3430/3465
s 302
f 2657/3431/3466 2663/3432/3467 2673/3433/3468
s 303
f 2646/3434/3469 2658/3435/3470 2653/3436/3471
s 304
f 2647/3437/3472 2655/3438/3473 2654/3439/3474
s 302
f 2652/3440/3475 2646/3441/3476 2653/3442/3477
f 2652/3440/3475 2668/3443/3478 2662/3444/3479
s 304
f 2650/3445/3480 2654/3439/3474 2655/3438/3473
s 302
f 2656/3446/3481 2651/3447/3482 2650/3448/3483
s 303
f 2658/3435/3470 2651/3449/3484 2657/3450/3485
f 2659/3451/3486 2654/3452/3487 2658/3435/3470
s 300
f 2676/3453/3488 2678/3454/3489 2675/3426/3461
s 301
f 2655/3455/3490 2660/3456/3465 2661/3457/3464
f 2650/3458/3491 2661/3429/3464 2656/3459/3492
s 302
f 2662/3444/3479 2669/3460/3493 2667/3461/3494
f 2667/3461/3494 2670/3462/3495 2666/3463/3496
f 2666/3463/3496 2671/3464/3497 2665/3465/3498
f 2665/3465/3498 2672/3466/3499 2664/3467/3500
f 2664/3467/3500 2673/3433/3468 2663/3432/3467
s 301
f 2666/3468/3501 2665/3469/3502 2661/3429/3464
s 303
f 2671/3470/3503 2670/3471/3504 2658/3435/3470
s 305
f 2674/3472/3505 2659/3473/3506 2646/3474/3507
s 306
f 2660/3456/3508 2677/3475/3509 2648/3476/3510
s 307
f 2648/3476/3511 2674/3477/3512 2646/3441/3513
s 305
f 2675/3478/3514 2647/3437/3515 2659/3473/3506
s 308
f 2678/3479/3516 2649/3480/3517 2647/3437/3518
s 309
f 2649/3481/3519 2676/3482/3520 2660/3456/3521
s 310
f 2711/3483/3522 2709/3484/3523 2708/3485/3524
s 311
f 2686/3486/3525 2694/3487/3526 2682/3488/3527
s 312
f 2691/3489/3528 2697/3490/3529 2707/3491/3530
s 313
f 2687/3492/3531 2693/3493/3532 2692/3494/3533
s 314
f 2681/3495/3534 2689/3496/3535 2688/3497/3536
s 312
f 2687/3498/3537 2682/3488/3538 2680/3499/3539
f 2686/3486/3540 2702/3500/3541 2696/3501/3542
s 314
f 2689/3496/3535 2685/3502/3543 2688/3497/3536
s 312
f 2690/3503/3544 2685/3504/3545 2684/3505/3546
s 313
f 2688/3497/3547 2691/3506/3548 2692/3494/3533
f 2681/3495/3549 2692/3494/3533 2693/3493/3532
s 310
f 2710/3507/3550 2712/3508/3551 2709/3484/3523
s 311
f 2695/3509/3552 2683/3510/3553 2694/3487/3526
f 2690/3503/3554 2689/3511/3555 2695/3509/3552
s 312
f 2696/3501/3542 2703/3512/3556 2701/3513/3557
f 2701/3513/3557 2704/3514/3558 2700/3515/3559
f 2700/3515/3559 2705/3516/3560 2699/3517/3561
f 2699/3517/3561 2706/3518/3562 2698/3519/3563
f 2698/3519/3563 2707/3491/3530 2697/3490/3529
s 311
f 2701/3513/3564 2699/3517/3565 2695/3509/3552
s 313
f 2704/3520/3566 2702/3521/3567 2692/3494/3533
s 315
f 2680/3522/3568 2709/3484/3569 2693/3493/3570
s 316
f 2710/3523/3571 2682/3488/3572 2694/3487/3573
s 317
f 2682/3488/3574 2708/3524/3575 2680/3499/3576
s 318
f 2693/3493/3577 2712/3508/3578 2681/3495/3579
s 319
f 2681/3495/3580 2713/3525/3581 2683/3526/3582
s 320
f 2713/3527/3583 2694/3487/3584 2683/3510/3585
s 321
f 2745/3528/3586 2743/3529/3587 2742/3530/3588
s 322
f 2716/3531/3589 2729/3532/3590 2728/3533/3591
s 323
f 2725/3534/3592 2731/3535/3593 2741/3536/3594
s 324
f 2714/3537/3595 2726/3538/3596 2721/3539/3597
s 325
f 2715/3540/3598 2723/3541/3599 2722/3542/3600
s 323
f 2720/3543/3601 2714/3544/3602 2721/3545/3603
f 2720/3543/3601 2736/3546/3604 2730/3547/3605
s 325
f 2718/3548/3606 2722/3542/3600 2723/3541/3599
s 323
f 2724/3549/3607 2719/3550/3608 2718/3548/3609
s 324
f 2726/3538/3596 2719/3551/3610 2725/3552/3611
f 2727/3553/3612 2722/3554/3613 2726/3538/3596
s 321
f 2744/3555/3614 2746/3556/3615 2743/3557/3587
s 322
f 2723/3558/3616 2728/3533/3591 2729/3532/3590
f 2718/3559/3617 2729/3532/3590 2724/3560/3618
s 323
f 2730/3547/3605 2737/3561/3619 2735/3562/3620
f 2735/3562/3620 2738/3563/3621 2734/3564/3622
f 2734/3564/3622 2739/3565/3623 2733/3566/3624
f 2733/3566/3624 2740/3567/3625 2732/3568/3626
f 2732/3568/3626 2741/3536/3594 2731/3535/3593
s 322
f 2734/3569/3627 2733/3570/3628 2729/3532/3590
s 324
f 2739/3571/3629 2738/3572/3630 2726/3538/3596
s 326
f 2714/3537/3631 2743/3573/3632 2727/3553/3633
s 327
f 2744/3574/3634 2716/3531/3635 2728/3533/3636
s 328
f 2716/3575/3637 2742/3576/3638 2714/3544/3639
s 329
f 2743/3573/3640 2715/3577/3641 2727/3553/3642
s 330
f 2746/3578/3643 2717/3579/3644 2715/3540/3645
s 331
f 2717/3580/3646 2744/3574/3647 2728/3533/3648
s 332
f 2779/3581/3649 2777/3582/3650 2776/3583/3651
s 333
f 2754/3584/3652 2762/3585/3653 2750/3586/3654
s 334
f 2759/3587/3655 2765/3588/3656 2775/3589/3657
s 335
f 2755/3590/3658 2761/3591/3659 2760/3592/3660
s 336
f 2751/3593/3661 2756/3594/3662 2749/3595/3663
s 334
f 2754/3584/3664 2748/3596/3665 2755/3597/3666
f 2754/3584/3664 2770/3598/3667 2764/3599/3668
s 336
f 2757/3600/3669 2753/3601/3670 2756/3594/3662
s 334
f 2758/3602/3671 2753/3603/3672 2752/3604/3673
s 335
f 2756/3594/3674 2759/3605/3675 2760/3592/3660
f 2749/3595/3676 2760/3592/3660 2761/3591/3659
s 332
f 2778/3606/3677 2780/3607/3678 2777/3582/3650
s 333
f 2763/3608/3679 2751/3609/3680 2762/3585/3653
f 2758/3602/3681 2757/3610/3682 2763/3608/3679
s 334
f 2764/3599/3668 2771/3611/3683 2769/3612/3684
f 2769/3612/3684 2772/3613/3685 2768/3614/3686
f 2768/3614/3686 2773/3615/3687 2767/3616/3688
f 2767/3616/3688 2774/3617/3689 2766/3618/3690
f 2766/3618/3690 2775/3589/3657 2765/3588/3656
s 333
f 2769/3612/3691 2767/3616/3692 2763/3608/3679
s 335
f 2772/3619/3693 2770/3620/3694 2760/3592/3660
s 337
f 2748/3621/3695 2777/3582/3696 2761/3591/3697
s 338
f 2778/3622/3698 2750/3586/3699 2762/3585/3700
s 339
f 2750/3586/3701 2776/3623/3702 2748/3596/3703
s 340
f 2761/3591/3704 2780/3607/3705 2749/3595/3706
s 341
f 2780/3607/3707 2751/3593/3708 2749/3595/3709
s 342
f 2781/3624/3710 2762/3585/3711 2751/3609/3712
s 343
f 2813/3625/3713 2811/3626/3714 2810/3627/3715
s 344
f 2788/3628/3716 2796/3629/3717 2784/3630/3718
s 345
f 2793/3631/3719 2799/3632/3720 2809/3633/3721
s 346
f 2789/3634/3722 2795/3635/3723 2794/3636/3724
s 347
f 2783/3637/3725 2791/3638/3726 2790/3639/3727
s 345
f 2788/3640/3728 2782/3641/3729 2789/3642/3730
f 2788/3640/3728 2804/3643/3731 2798/3644/3732
s 347
f 2786/3645/3733 2790/3639/3727 2791/3638/3726
s 345
f 2792/3646/3734 2787/3647/3735 2786/3648/3736
s 346
f 2794/3636/3724 2787/3649/3737 2793/3650/3738
f 2795/3635/3723 2790/3651/3739 2794/3636/3724
s 343
f 2812/3652/3740 2814/3653/3741 2811/3626/3714
s 344
f 2797/3654/3742 2785/3655/3743 2796/3629/3717
f 2786/3656/3744 2797/3654/3742 2792/3657/3745
s 345
f 2798/3644/3732 2805/3658/3746 2803/3659/3747
f 2803/3659/3747 2806/3660/3748 2802/3661/3749
f 2802/3661/3749 2807/3662/3750 2801/3663/3751
f 2801/3663/3751 2808/3664/3752 2800/3665/3753
f 2800/3665/3753 2809/3633/3721 2799/3632/3720
s 344
f 2802/3666/3754 2801/3667/3755 2797/3654/3742
s 346
f 2807/3668/3756 2806/3669/3757 2794/3636/3724
s 348
f 2810/3670/3758 2795/3635/3759 2782/3671/3760
s 349
f 2796/3629/3761 2813/3672/3762 2784/3630/3763
s 350
f 2784/3673/3764 2810/3674/3765 2782/3641/3766
s 351
f 2811/3675/3767 2783/3676/3768 2795/3635/3769
s 352
f 2814/3677/3770 2785/3678/3771 2783/3637/3772
s 353
f 2785/3655/3773 2812/3679/3774 2796/3629/3775
s 1
f 32/1/1 31/27/29 30/2/2
s 2
f 3/4/4 7/16/3776 16/5/5
s 3
f 12/7/7 11/22/22 18/8/8
s 4
f 1/10/10 14/26/28 13/11/11
s 5
f 2/13/13 4/43/3777 10/14/14
s 3
f 7/16/16 3/4/3778 1/17/17
f 7/16/16 8/18/18 23/19/19
s 5
f 5/21/21 6/3680/3779 9/15/15
s 3
f 11/22/22 12/7/7 6/23/23
s 4
f 9/15/25 6/3680/3780 12/25/26
f 2/13/27 9/15/25 13/11/11
s 1
f 31/27/29 34/3681/3781 33/28/30
s 2
f 16/5/5 10/30/33 4/29/31
f 11/22/32 5/24/3782 10/30/33
s 3
f 17/20/20 23/19/19 24/31/34
f 22/32/35 24/31/34 25/33/36
f 21/34/37 25/33/36 26/35/38
f 20/36/39 26/35/38 27/37/40
f 19/38/41 27/37/40 28/9/9
s 2
f 22/32/42 21/34/3783 20/36/43
f 16/5/5 7/16/3776 17/20/3784
f 18/8/3785 11/22/32 16/5/5
f 19/38/3786 18/8/3785 16/5/5
f 16/5/5 17/20/3784 22/32/42
f 20/36/43 19/38/3786 16/5/5
s 4
f 13/11/11 12/25/26 28/3682/3787
f 28/3682/3787 27/3683/3788 26/39/44
f 26/39/44 25/3684/3789 24/40/45
f 23/3685/3790 8/12/12 13/11/11
f 24/40/45 23/3685/3790 13/11/11
f 13/11/11 28/3682/3787 26/39/44
s 6
f 1/10/46 29/3/3791 30/2/47
s 7
f 31/41/49 32/3686/3792 3/4/50
s 8
f 3/4/52 32/3686/3793 29/42/53
s 9
f 14/26/54 30/2/3794 33/28/55
s 10
f 33/28/57 34/3681/3795 4/43/58
s 11
f 34/44/60 31/41/3796 15/6/61
s 12
f 66/45/63 65/75/92 64/46/64
s 13
f 41/48/66 50/82/94 49/49/67
s 14
f 46/51/69 45/68/86 52/52/70
s 15
f 42/54/72 35/3687/3797 48/55/73
s 16
f 38/57/75 44/66/84 43/58/76
s 14
f 42/60/78 41/63/81 37/61/79
f 41/63/81 42/60/78 57/64/82
s 16
f 44/66/84 39/3688/3798 40/67/85
s 14
f 45/68/86 46/51/69 40/69/87
s 15
f 43/71/89 40/3689/3799 46/72/90
f 36/59/91 43/58/89 47/73/74
s 12
f 65/75/92 68/3690/3800 67/76/93
s 13
f 50/77/94 44/3691/97 38/78/95
f 45/80/96 39/3692/3801 44/81/97
s 14
f 51/65/83 57/64/82 58/83/98
f 56/84/99 58/83/98 59/85/100
f 55/86/101 59/85/100 60/87/102
f 54/88/103 60/87/102 61/89/104
f 53/90/105 61/89/104 62/53/71
s 13
f 52/3693/3802 45/80/96 50/82/94
f 50/82/94 41/48/66 51/3694/3803
f 50/82/94 51/3694/3803 56/3695/3804
f 53/3696/3805 52/3693/3802 50/82/94
f 54/92/107 53/3696/3805 50/82/94
f 50/82/94 56/3695/3804 55/91/106
s 15
f 47/56/74 46/72/90 62/3697/3806
f 47/56/74 62/3697/3806 61/3698/3807
f 57/3699/3808 42/54/72 47/56/74
f 58/3700/3809 57/3699/3808 47/56/74
f 47/56/74 61/3698/3807 60/93/108
f 59/94/109 58/3700/3809 47/56/74
s 17
f 35/95/110 63/47/3810 64/46/111
s 18
f 65/96/113 66/3701/3811 37/61/114
s 19
f 37/61/116 66/3701/3812 63/97/117
s 20
f 48/74/119 64/46/3813 67/76/120
s 21
f 67/76/122 68/3690/3814 38/57/123
s 22
f 68/98/125 65/96/3815 49/79/126
s 23
f 100/99/128 99/127/155 98/100/129
s 24
f 75/102/131 84/130/158 83/103/132
s 25
f 80/105/134 79/121/149 86/106/135
s 26
f 69/108/137 82/126/154 81/109/138
s 27
f 72/111/140 78/119/147 77/112/141
s 25
f 75/114/142 71/146/143 69/115/143
f 75/114/142 76/116/144 91/117/145
s 27
f 78/119/147 73/3702/3816 74/120/148
s 25
f 79/121/149 80/105/134 74/122/150
s 26
f 77/124/152 74/3703/3817 80/125/153
f 82/126/154 70/149/3818 77/124/152
s 23
f 99/127/155 102/3704/3819 101/128/156
s 24
f 78/129/157 72/151/3820 83/103/132
f 79/131/159 73/3705/3821 78/129/157
s 25
f 85/118/146 91/117/145 92/132/160
f 90/133/161 92/132/160 93/134/162
f 89/135/163 93/134/162 94/136/164
f 88/137/165 94/136/164 95/138/166
f 87/139/167 95/138/166 96/107/136
s 24
f 75/102/131 85/3706/3822 90/3707/3823
f 90/3707/3823 89/3708/3824 88/140/168
f 84/130/158 75/102/131 90/3707/3823
f 86/3709/3825 79/131/159 84/130/158
f 87/141/169 86/3709/3825 84/130/158
f 84/130/158 90/3707/3823 88/140/168
s 26
f 81/109/138 80/125/153 96/3710/3826
f 81/109/138 96/3710/3826 95/3711/3827
f 91/3712/3828 76/110/139 81/109/138
f 93/143/171 92/3713/3829 91/3712/3828
f 81/109/138 95/3711/3827 94/142/170
f 93/143/171 91/3712/3828 81/109/138
s 28
f 69/108/172 97/3714/3830 98/144/173
s 29
f 99/145/175 100/3715/3831 71/104/176
s 30
f 71/146/178 100/3716/3832 97/147/179
s 28
f 82/126/174 98/144/173 101/148/181
s 31
f 101/128/183 102/3704/3833 72/111/184
s 32
f 102/150/186 99/145/3834 83/103/187
s 33
f 134/152/189 133/180/216 132/153/190
s 34
f 109/155/192 118/182/218 117/156/193
s 35
f 114/158/195 113/174/210 120/159/196
s 36
f 110/161/198 103/3717/3835 116/162/199
s 37
f 104/164/201 106/202/3836 112/165/202
s 35
f 110/167/204 109/170/206 105/168/205
f 109/170/206 110/167/204 125/171/207
s 37
f 112/165/202 107/3718/3837 108/173/209
s 35
f 113/174/210 114/158/195 108/175/211
s 36
f 111/177/213 108/3719/3838 114/178/214
f 104/179/215 111/177/213 115/163/200
s 33
f 133/180/216 136/3720/3839 135/181/217
s 34
f 118/182/218 112/185/221 106/183/219
f 113/184/220 107/3721/3840 112/185/221
s 35
f 119/172/208 125/171/207 126/186/222
f 124/187/223 126/186/222 127/188/224
f 123/189/225 127/188/224 128/190/226
f 122/191/227 128/190/226 129/192/228
f 121/193/229 129/192/228 130/160/197
s 34
f 109/155/192 119/3722/3841 124/3723/3842
f 123/3724/3843 122/3725/3844 121/194/230
f 118/182/218 109/155/192 124/3723/3842
f 118/182/218 124/3723/3842 123/3724/3843
f 120/195/231 113/184/220 118/182/218
f 118/182/218 123/3724/3843 121/194/230
s 36
f 115/163/200 114/178/214 130/3726/3845
f 115/163/200 130/3726/3845 129/3727/3846
f 125/3728/3847 110/161/198 115/163/200
f 126/3729/3848 125/3728/3847 115/163/200
f 115/163/200 129/3727/3846 128/196/232
f 127/197/233 126/3729/3848 115/163/200
s 38
f 103/198/234 131/154/3849 132/153/235
s 39
f 133/200/237 134/3730/3850 105/157/238
s 40
f 105/168/240 134/3731/3851 131/201/241
s 38
f 116/199/236 132/153/235 135/181/243
s 41
f 135/181/245 136/3720/3852 106/202/246
s 39
f 136/203/248 133/200/237 117/156/239
s 42
f 168/204/250 167/229/278 166/205/251
s 43
f 143/207/253 152/231/280 151/208/254
s 44
f 148/210/256 147/225/272 154/211/257
s 45
f 144/213/259 137/244/3853 150/214/260
s 46
f 140/216/262 146/223/270 145/217/263
s 44
f 143/207/265 139/209/3854 137/219/266
f 143/207/265 144/220/267 159/221/268
s 46
f 146/223/270 141/3732/3855 142/224/271
s 44
f 147/225/272 148/210/256 142/226/273
s 45
f 145/217/275 142/224/3856 148/228/276
f 138/218/277 145/217/275 149/215/261
s 42
f 167/229/278 170/3733/3857 169/230/279
s 43
f 152/231/280 146/233/283 140/232/281
f 147/225/282 141/227/3858 146/233/283
s 44
f 153/222/269 159/221/268 160/234/284
f 158/235/285 160/234/284 161/236/286
f 157/237/287 161/236/286 162/238/288
f 156/239/289 162/238/288 163/240/290
f 155/241/291 163/240/290 164/212/258
s 43
f 143/207/253 153/222/3859 158/235/3860
f 152/231/280 143/207/253 158/235/3860
f 154/211/3861 147/225/282 152/231/280
f 156/239/293 155/241/3862 154/211/3861
f 152/231/280 158/235/3860 157/237/292
f 156/239/293 154/211/3861 152/231/280
s 45
f 149/215/261 148/228/276 164/3734/3863
f 149/215/261 164/3734/3863 163/3735/3864
f 159/3736/3865 144/213/259 149/215/261
f 160/3737/3866 159/3736/3865 149/215/261
f 149/215/261 163/3735/3864 162/242/294
f 161/243/295 160/3737/3866 149/215/261
s 47
f 137/244/296 165/206/3867 166/205/297
s 48
f 167/245/299 168/3738/3868 139/209/300
s 49
f 139/209/302 168/3738/3869 165/246/303
s 50
f 150/214/305 166/205/3870 169/230/306
s 51
f 169/230/308 170/3733/3871 140/216/309
s 52
f 170/247/311 167/245/3872 151/208/312
s 53
f 202/248/314 201/276/342 200/249/315
s 54
f 173/251/317 177/3739/3873 186/252/318
s 55
f 182/254/320 181/3740/335 188/255/321
s 56
f 171/257/323 184/274/340 183/258/324
s 57
f 172/260/326 174/302/3874 180/261/327
s 55
f 177/263/329 173/298/3875 171/264/330
f 177/263/329 178/265/331 193/266/332
s 57
f 175/268/334 176/3741/3876 179/262/328
s 55
f 181/269/335 182/3742/320 176/270/336
s 56
f 183/258/324 179/275/341 176/272/338
f 184/274/340 172/3743/3877 179/275/341
s 53
f 201/276/342 204/3744/3878 203/277/343
s 54
f 180/278/344 174/3745/3879 185/253/319
f 175/279/345 180/278/344 186/252/318
s 55
f 187/267/333 193/266/332 194/281/347
f 192/282/348 194/281/347 195/283/349
f 191/284/350 195/283/349 196/285/351
f 190/286/352 196/285/351 197/287/353
f 189/288/354 197/287/353 198/256/322
s 54
f 188/3746/3880 181/280/346 186/252/318
f 186/252/318 177/3739/3873 187/3747/3881
f 186/252/318 187/3747/3881 192/3748/3882
f 189/3749/3883 188/3746/3880 186/252/318
f 190/290/356 189/3749/3883 186/252/318
f 186/252/318 192/3748/3882 191/289/355
s 56
f 183/258/324 182/273/339 198/3750/3884
f 183/258/324 198/3750/3884 197/3751/3885
f 193/3752/3886 178/259/325 183/258/324
f 194/3753/3887 193/3752/3886 183/258/324
f 183/258/324 197/3751/3885 196/291/357
f 195/292/358 194/3753/3887 183/258/324
s 58
f 199/293/359 200/300/368 184/294/360
s 59
f 185/296/362 201/304/374 202/297/363
s 60
f 173/298/365 202/297/3888 199/299/366
s 58
f 200/300/368 203/301/3889 172/260/369
s 61
f 203/301/370 204/3754/3890 174/302/371
s 59
f 174/303/373 204/3755/3891 201/304/374
s 62
f 236/305/375 235/333/403 234/306/376
s 63
f 207/308/378 211/3756/3892 220/309/379
s 64
f 216/311/381 215/3757/396 222/312/382
s 65
f 205/314/384 218/331/401 217/315/385
s 66
f 206/317/387 208/357/3893 214/318/388
s 64
f 211/320/390 207/352/3894 205/321/391
f 211/320/390 212/322/392 227/323/393
s 66
f 209/325/395 210/3758/3895 213/319/389
s 64
f 215/326/396 216/3759/381 210/327/397
s 65
f 217/315/385 213/332/402 210/329/399
f 218/331/401 206/355/3896 213/332/402
s 62
f 235/333/403 238/3760/3897 237/334/404
s 63
f 214/335/405 208/358/3898 219/310/380
f 209/336/406 214/335/405 220/309/379
s 64
f 221/324/394 227/323/393 228/338/408
f 226/339/409 228/338/408 229/340/410
f 225/341/411 229/340/410 230/342/412
f 224/343/413 230/342/412 231/344/414
f 223/345/415 231/344/414 232/313/383
s 63
f 222/3761/3899 215/337/407 220/309/379
f 220/309/379 211/3756/3892 221/3762/3900
f 220/309/379 221/3762/3900 226/3763/3901
f 223/3764/3902 222/3761/3899 220/309/379
f 224/347/417 223/3764/3902 220/309/379
f 220/309/379 226/3763/3901 225/346/416
s 65
f 217/315/385 216/330/400 232/3765/3903
f 217/315/385 232/3765/3903 231/3766/3904
f 227/3767/3905 212/316/386 217/315/385
f 228/3768/3906 227/3767/3905 217/315/385
f 217/315/385 231/3766/3904 230/348/418
f 229/349/419 228/3768/3906 217/315/385
s 67
f 233/350/420 234/354/3907 218/331/421
s 68
f 219/310/423 235/359/3908 236/351/424
s 69
f 207/352/426 236/3769/3909 233/353/427
s 70
f 234/354/429 237/3770/3910 206/355/430
s 71
f 237/356/432 238/3771/432 208/357/433
s 72
f 208/358/435 238/3772/3911 235/359/436
s 73
f 270/360/438 269/388/466 268/361/439
s 74
f 241/363/441 245/3773/3912 254/364/442
s 75
f 250/366/444 249/3774/459 256/367/445
s 76
f 239/369/447 252/386/464 251/370/448
s 77
f 240/372/450 242/412/450 248/373/451
s 75
f 245/375/453 241/407/454 239/376/454
f 245/375/453 246/377/455 261/378/456
s 77
f 243/380/458 244/3775/3913 247/374/452
s 75
f 249/381/459 250/3776/444 244/382/460
s 76
f 251/370/448 247/387/465 244/384/462
f 252/386/464 240/410/3914 247/387/465
s 73
f 269/388/466 272/411/3915 271/389/467
s 74
f 248/390/468 242/414/3916 253/365/443
f 243/391/469 248/390/468 254/364/442
s 75
f 255/379/457 261/378/456 262/393/471
f 260/394/472 262/393/471 263/395/473
f 259/396/474 263/395/473 264/397/475
f 258/398/476 264/397/475 265/399/477
f 257/400/478 265/399/477 266/368/446
s 74
f 256/3777/3917 249/392/470 254/364/442
f 254/364/442 245/3773/3912 255/3778/3918
f 254/364/442 255/3778/3918 260/3779/3919
f 257/3780/3920 256/3777/3917 254/364/442
f 258/402/480 257/3780/3920 254/364/442
f 254/364/442 260/3779/3919 259/401/479
s 76
f 251/370/448 250/385/463 266/3781/3921
f 251/370/448 266/3781/3921 265/3782/3922
f 261/3783/3923 246/371/449 251/370/448
f 262/3784/3924 261/3783/3923 251/370/448
f 251/370/448 265/3782/3922 264/403/481
f 263/404/482 262/3784/3924 251/370/448
s 78
f 239/369/483 267/3785/3925 268/405/484
s 79
f 269/406/486 270/3786/3926 241/363/487
s 80
f 241/407/489 270/3787/490 267/408/490
s 78
f 252/386/485 268/405/484 271/409/492
s 81
f 240/372/494 271/389/3927 272/411/495
s 82
f 272/413/497 269/406/3928 253/365/498
s 83
f 304/415/500 303/442/528 302/416/501
s 84
f 275/418/503 279/430/3929 288/419/504
s 85
f 284/421/506 283/446/521 290/422/507
s 86
f 273/424/509 286/441/526 285/425/510
s 87
f 274/427/512 276/462/3930 282/428/513
s 85
f 279/430/515 275/418/3931 273/431/516
f 279/430/515 280/432/517 295/433/518
s 87
f 277/435/520 278/439/3932 281/429/514
s 85
f 283/436/521 284/3788/506 278/437/522
s 86
f 285/425/510 281/429/527 278/439/524
f 286/441/526 274/427/3933 281/429/527
s 83
f 303/442/528 306/3789/3934 305/443/529
s 84
f 282/444/530 276/463/3935 287/420/505
f 277/445/531 282/444/530 288/419/504
s 85
f 289/434/519 295/433/518 296/447/533
f 294/448/534 296/447/533 297/449/535
f 293/450/536 297/449/535 298/451/537
f 292/452/538 298/451/537 299/453/539
f 291/454/540 299/453/539 300/423/508
s 84
f 293/450/542 292/452/3936 291/454/3937
f 290/422/3938 283/446/532 288/419/504
f 291/454/3937 290/422/3938 288/419/504
f 288/419/504 279/430/3929 289/434/3939
f 288/419/504 289/434/3939 294/448/541
f 293/450/542 291/454/3937 288/419/504
s 86
f 285/425/510 284/440/525 300/3790/3940
f 300/3790/3940 299/3791/3941 298/3792/3942
f 297/455/543 296/3793/3943 295/456/544
f 285/425/510 300/3790/3940 298/3792/3942
f 285/425/510 298/3792/3942 297/455/543
f 295/456/544 280/426/511 285/425/510
s 88
f 301/457/545 302/460/3944 286/441/546
s 89
f 287/420/548 303/464/3945 304/458/549
s 90
f 275/418/551 304/458/3946 301/459/552
s 91
f 302/460/554 305/461/3947 274/427/555
s 92
f 305/461/557 306/3794/3948 276/462/558
s 93
f 276/463/560 306/3795/3949 303/464/561
s 94
f 338/465/563 337/493/591 336/466/564
s 95
f 309/468/566 313/3796/3950 322/469/567
s 96
f 318/471/569 317/3797/584 324/472/570
s 97
f 307/474/572 320/491/589 319/475/573
s 98
f 308/477/575 310/517/3951 316/478/576
s 96
f 313/480/578 309/512/3952 307/481/579
f 313/480/578 314/482/580 329/483/581
s 98
f 311/485/583 312/3798/3953 315/479/577
s 96
f 317/486/584 318/3799/569 312/487/585
s 97
f 319/475/573 315/492/590 312/489/587
f 320/491/589 308/3800/3954 315/492/590
s 94
f 337/493/591 340/3801/3955 339/494/592
s 95
f 316/495/593 310/518/3956 321/470/568
f 311/496/594 316/495/593 322/469/567
s 96
f 323/484/582 329/483/581 330/498/596
f 328/499/597 330/498/596 331/500/598
f 327/501/599 331/500/598 332/502/600
f 326/503/601 332/502/600 333/504/602
f 325/505/603 333/504/602 334/473/571
s 95
f 324/3802/3957 317/497/595 322/469/567
f 322/469/567 313/3796/3950 323/3803/3958
f 322/469/567 323/3803/3958 328/3804/3959
f 325/3805/3960 324/3802/3957 322/469/567
f 326/507/605 325/3805/3960 322/469/567
f 322/469/567 328/3804/3959 327/506/604
s 97
f 319/475/573 318/490/588 334/3806/3961
f 319/475/573 334/3806/3961 333/3807/3962
f 329/3808/3963 314/476/574 319/475/573
f 330/3809/3964 329/3808/3963 319/475/573
f 319/475/573 333/3807/3962 332/508/606
f 331/509/607 330/3809/3964 319/475/573
s 99
f 335/510/608 336/3810/3965 320/491/609
s 100
f 321/470/611 337/519/3966 338/511/612
s 101
f 309/512/614 338/3811/3967 335/513/615
s 102
f 336/514/617 339/516/3968 308/477/618
s 103
f 339/516/620 340/3812/3969 310/517/621
s 104
f 310/518/623 340/3813/3970 337/519/624
s 105
f 372/520/626 371/545/654 370/521/627
s 106
f 347/523/629 356/547/656 355/524/630
s 107
f 352/526/632 351/541/648 358/527/633
s 108
f 348/529/635 341/560/3971 354/530/636
s 109
f 344/532/638 350/539/646 349/533/639
s 107
f 348/535/640 347/523/643 343/525/641
f 347/523/643 348/535/640 363/537/644
s 109
f 350/539/646 345/3814/3972 346/540/647
s 107
f 351/541/648 352/526/632 346/542/649
s 108
f 349/533/651 346/540/3973 352/544/652
f 342/534/653 349/533/651 353/531/637
s 105
f 371/545/654 374/563/3974 373/546/655
s 106
f 356/547/656 350/549/659 344/548/657
f 351/541/658 345/543/3975 350/549/659
s 107
f 357/538/645 363/537/644 364/550/660
f 362/551/661 364/550/660 365/552/662
f 361/553/663 365/552/662 366/554/664
f 360/555/665 366/554/664 367/556/666
f 359/557/667 367/556/666 368/528/634
s 106
f 357/538/3976 362/551/3977 361/553/668
f 360/555/669 359/557/3978 358/527/3979
f 358/527/3979 351/541/658 356/547/656
f 356/547/656 347/523/629 357/538/3976
f 356/547/656 357/538/3976 361/553/668
f 360/555/669 358/527/3979 356/547/656
s 108
f 353/531/637 352/544/652 368/3815/3980
f 367/3816/3981 366/3817/3982 365/558/670
f 353/531/637 368/3815/3980 367/3816/3981
f 363/559/671 348/529/635 353/531/637
f 365/558/670 364/3818/3983 363/559/671
f 353/531/637 367/3816/3981 365/558/670
s 110
f 341/560/672 369/522/3984 370/521/673
s 111
f 371/561/675 372/3819/3985 343/525/676
s 112
f 343/525/678 372/3819/679 369/562/679
s 113
f 354/530/681 370/521/3986 373/546/682
s 114
f 342/534/684 373/546/3987 374/563/685
s 115
f 374/564/687 371/561/3988 355/524/688
s 116
f 406/565/690 405/592/718 404/566/691
s 117
f 381/568/693 390/607/720 389/569/694
s 118
f 386/571/696 385/586/712 392/572/697
s 119
f 382/574/699 375/3820/3989 388/575/700
s 120
f 378/577/702 384/584/710 383/578/703
s 118
f 382/580/704 381/568/707 377/570/705
f 381/568/707 382/580/704 397/582/708
s 120
f 384/584/710 379/3821/3990 380/585/711
s 118
f 385/586/712 386/571/696 380/587/713
s 119
f 383/578/715 380/585/3991 386/589/716
f 376/579/717 383/578/715 387/590/701
s 116
f 405/592/718 408/3822/3992 407/593/719
s 117
f 390/594/720 384/598/723 378/595/721
f 385/597/722 379/3823/3993 384/598/723
s 118
f 391/583/709 397/582/708 398/599/724
f 396/600/725 398/599/724 399/601/726
f 395/602/727 399/601/726 400/603/728
f 394/604/729 400/603/728 401/605/730
f 393/606/731 401/605/730 402/573/698
s 117
f 392/572/3994 385/586/722 390/607/720
f 390/607/720 381/568/693 391/583/3995
f 390/607/720 391/583/3995 396/600/3996
f 393/606/3997 392/572/3994 390/607/720
f 394/604/733 393/606/3997 390/607/720
f 390/607/720 396/600/3996 395/602/732
s 119
f 387/576/701 386/3824/716 402/3825/3998
f 387/576/701 402/3825/3998 401/3826/3999
f 397/3827/4000 382/574/699 387/576/701
f 399/609/735 398/3828/4001 397/3827/4000
f 387/576/701 401/3826/3999 400/608/734
f 399/609/735 397/3827/4000 387/576/701
s 121
f 375/610/736 403/567/4002 404/566/737
s 122
f 405/611/739 406/3829/4003 377/570/740
s 123
f 377/570/742 406/3829/4004 403/612/743
s 124
f 388/591/745 404/566/4005 407/593/746
s 125
f 407/593/748 408/3822/4006 378/577/749
s 126
f 408/613/750 405/611/4007 389/569/751
s 127
f 440/615/753 439/643/780 438/616/754
s 128
f 411/618/756 415/3830/4008 424/619/757
s 129
f 420/621/759 419/3831/774 426/622/760
s 130
f 409/624/762 422/641/778 421/625/763
s 131
f 410/627/765 412/667/4009 418/628/766
s 129
f 415/630/768 411/662/4010 409/631/769
f 415/630/768 416/632/770 431/633/771
s 131
f 413/635/773 414/3832/4011 417/629/767
s 129
f 419/636/774 420/3833/759 414/637/775
s 130
f 421/625/763 417/642/779 414/639/776
f 422/641/778 410/665/4012 417/642/779
s 127
f 439/643/780 442/3834/4013 441/644/781
s 128
f 418/645/782 412/668/4014 423/620/758
f 413/646/783 418/645/782 424/619/757
s 129
f 425/634/772 431/633/771 432/648/785
f 430/649/786 432/648/785 433/650/787
f 429/651/788 433/650/787 434/652/789
f 428/653/790 434/652/789 435/654/791
f 427/655/792 435/654/791 436/623/761
s 128
f 426/3835/4015 419/647/784 424/619/757
f 424/619/757 415/3830/4008 425/3836/4016
f 424/619/757 425/3836/4016 430/3837/4017
f 427/3838/4018 426/3835/4015 424/619/757
f 428/657/794 427/3838/4018 424/619/757
f 424/619/757 430/3837/4017 429/656/793
s 130
f 421/625/763 420/640/777 436/3839/4019
f 421/625/763 436/3839/4019 435/3840/4020
f 431/3841/4021 416/626/764 421/625/763
f 432/3842/4022 431/3841/4021 421/625/763
f 421/625/763 435/3840/4020 434/658/795
f 433/659/796 432/3842/4022 421/625/763
s 132
f 437/660/797 438/664/797 422/641/798
s 133
f 423/620/799 439/669/812 440/661/800
s 134
f 411/662/802 440/3843/4023 437/663/803
s 135
f 438/664/805 441/3844/4024 410/665/806
s 136
f 441/666/808 442/3845/4025 412/667/809
s 133
f 412/668/811 442/3846/4026 439/669/812
s 137
f 474/670/813 473/697/841 472/671/814
s 138
f 445/673/816 449/685/4027 458/674/817
s 139
f 454/676/819 453/701/834 460/677/820
s 140
f 443/679/822 456/696/839 455/680/823
s 141
f 444/682/825 446/717/4028 452/683/826
s 139
f 449/685/828 445/673/4029 443/686/829
f 449/685/828 450/687/830 465/688/831
s 141
f 447/690/833 448/694/4030 451/684/827
s 139
f 453/691/834 454/3847/819 448/692/835
s 140
f 455/680/823 451/684/840 448/694/837
f 456/696/839 444/682/4031 451/684/840
s 137
f 473/697/841 476/3848/4032 475/698/842
s 138
f 452/699/843 446/718/4033 457/675/818
f 447/700/844 452/699/843 458/674/817
s 139
f 459/689/832 465/688/831 466/702/846
f 464/703/847 466/702/846 467/704/848
f 463/705/849 467/704/848 468/706/850
f 462/707/851 468/706/850 469/708/852
f 461/709/853 469/708/852 470/678/821
s 138
f 460/677/4034 453/701/845 458/674/817
f 458/674/817 449/685/4027 459/689/4035
f 458/674/817 459/689/4035 464/703/4036
f 461/709/4037 460/677/4034 458/674/817
f 462/707/855 461/709/4037 458/674/817
f 458/674/817 464/703/4036 463/705/854
s 140
f 455/680/823 454/695/838 470/3849/4038
f 455/680/823 470/3849/4038 469/3850/4039
f 465/3851/4040 450/681/824 455/680/823
f 466/3852/4041 465/3851/4040 455/680/823
f 455/680/823 469/3850/4039 468/710/856
f 467/711/857 466/3852/4041 455/680/823
s 142
f 471/712/858 472/715/4042 456/696/859
s 143
f 457/675/861 473/719/4043 474/713/862
s 144
f 445/673/864 474/713/4044 471/714/865
s 145
f 472/715/867 475/716/4045 444/682/868
s 146
f 475/716/870 476/3853/4046 446/717/871
s 147
f 446/718/873 476/3854/4047 473/719/874
s 148
f 508/720/876 507/747/904 506/721/877
s 149
f 479/723/879 483/735/4048 492/724/880
s 150
f 488/726/882 487/751/897 494/727/883
s 151
f 477/729/885 490/746/902 489/730/886
s 152
f 478/732/888 480/767/4049 486/733/889
s 150
f 483/735/891 479/723/4050 477/736/892
f 483/735/891 484/737/893 499/738/894
s 152
f 481/740/896 482/744/4051 485/734/890
s 150
f 487/741/897 488/3855/882 482/742/898
s 151
f 489/730/886 485/734/903 482/744/900
f 490/746/902 478/732/4052 485/734/903
s 148
f 507/747/904 510/3856/4053 509/748/905
s 149
f 486/749/906 480/768/4054 491/725/881
f 481/750/907 486/749/906 492/724/880
s 150
f 493/739/895 499/738/894 500/752/909
f 498/753/910 500/752/909 501/754/911
f 497/755/912 501/754/911 502/756/913
f 496/757/914 502/756/913 503/758/915
f 495/759/916 503/758/915 504/728/884
s 149
f 493/739/4055 498/753/4056 497/755/917
f 496/757/918 495/759/4057 494/727/4058
f 494/727/4058 487/751/908 492/724/880
f 492/724/880 483/735/4048 493/739/4055
f 492/724/880 493/739/4055 497/755/917
f 496/757/918 494/727/4058 492/724/880
s 151
f 489/730/886 488/745/901 504/3857/4059
f 489/730/886 504/3857/4059 503/3858/4060
f 499/3859/4061 484/731/887 489/730/886
f 502/760/919 501/3860/4062 500/761/920
f 500/761/920 499/3859/4061 489/730/886
f 489/730/886 503/3858/4060 502/760/919
s 153
f 505/762/921 506/765/930 490/746/922
s 154
f 491/725/924 507/769/4063 508/763/925
s 155
f 479/723/927 508/763/4064 505/764/928
s 153
f 506/765/930 509/766/4065 478/732/931
s 156
f 509/766/932 510/3861/4066 480/767/933
s 157
f 480/768/935 510/3862/4067 507/769/936
s 158
f 542/770/938 541/798/966 540/771/939
s 159
f 513/773/941 517/785/4068 526/774/942
s 160
f 522/776/944 521/801/959 528/777/945
s 161
f 511/779/947 524/796/964 523/780/948
s 162
f 512/782/950 514/818/4069 520/783/951
s 160
f 517/785/953 513/773/4070 511/786/954
f 517/785/953 518/787/955 533/788/956
s 162
f 515/790/958 516/3863/4071 519/784/952
s 160
f 521/791/959 522/3864/944 516/792/960
s 161
f 523/780/948 519/797/965 516/794/962
f 524/796/964 512/816/4072 519/797/965
s 158
f 541/798/966 544/3865/4073 543/799/967
s 159
f 520/800/968 514/819/4074 525/775/943
f 521/801/969 515/3866/4075 520/800/968
s 160
f 527/789/957 533/788/956 534/802/970
f 532/803/971 534/802/970 535/804/972
f 531/805/973 535/804/972 536/806/974
f 530/807/975 536/806/974 537/808/976
f 529/809/977 537/808/976 538/778/946
s 159
f 528/777/4076 521/801/969 526/774/942
f 526/774/942 517/785/4068 527/789/4077
f 526/774/942 527/789/4077 532/803/4078
f 529/809/4079 528/777/4076 526/774/942
f 530/807/979 529/809/4079 526/774/942
f 526/774/942 532/803/4078 531/805/978
s 161
f 523/780/948 522/795/963 538/3867/4080
f 523/780/948 538/3867/4080 537/3868/4081
f 533/3869/4082 518/781/949 523/780/948
f 534/3870/4083 533/3869/4082 523/780/948
f 523/780/948 537/3868/4081 536/810/980
f 535/811/981 534/3870/4083 523/780/948
s 163
f 539/812/982 540/815/4084 524/796/983
s 164
f 525/775/985 541/820/4085 542/813/986
s 165
f 513/773/988 542/813/4086 539/814/989
s 166
f 540/815/991 543/3871/4087 512/816/992
s 167
f 543/817/994 544/3872/4088 514/818/995
s 168
f 514/819/997 544/3873/4089 541/820/998
s 169
f 576/821/1000 575/848/1028 574/822/1001
s 170
f 547/824/1003 551/3874/4090 560/825/1004
s 171
f 556/827/1006 555/3875/1021 562/828/1007
s 172
f 545/830/1009 558/847/1026 557/831/1010
s 173
f 546/833/1012 548/871/4091 554/834/1013
s 171
f 551/836/1015 547/867/4092 545/837/1016
f 551/836/1015 552/838/1017 567/839/1018
s 173
f 549/841/1020 550/845/4093 553/835/1014
s 171
f 555/842/1021 556/3876/1006 550/843/1022
s 172
f 557/831/1010 553/835/1027 550/845/1024
f 558/847/1026 546/833/4094 553/835/1027
s 169
f 575/848/1028 578/3877/4095 577/849/1029
s 170
f 554/850/1030 548/872/4096 559/826/1005
f 549/851/1031 554/850/1030 560/825/1004
s 171
f 561/840/1019 567/839/1018 568/853/1033
f 566/854/1034 568/853/1033 569/855/1035
f 565/856/1036 569/855/1035 570/857/1037
f 564/858/1038 570/857/1037 571/859/1039
f 563/860/1040 571/859/1039 572/829/1008
s 170
f 566/861/1041 565/3878/4097 564/862/1042
f 564/862/1042 563/3879/4098 562/3880/4099
f 562/3880/4099 555/852/1032 560/825/1004
f 560/825/1004 551/3874/4090 561/3881/4100
f 560/825/1004 561/3881/4100 566/861/1041
f 564/862/1042 562/3880/4099 560/825/1004
s 172
f 557/831/1010 556/846/1025 572/3882/4101
f 571/3883/4102 570/3884/4103 569/863/1043
f 557/831/1010 572/3882/4101 571/3883/4102
f 567/864/1044 552/832/1011 557/831/1010
f 569/863/1043 568/3885/4104 567/864/1044
f 557/831/1010 571/3883/4102 569/863/1043
s 174
f 573/865/1045 574/869/1054 558/847/1046
s 175
f 559/826/1048 575/873/4105 576/866/1049
s 176
f 547/867/1051 576/3886/4106 573/868/1052
s 174
f 574/869/1054 577/870/4107 546/833/1055
s 177
f 577/870/1056 578/3887/4108 548/871/1057
s 178
f 548/872/1059 578/3888/4109 575/873/1060
s 179
f 610/874/1062 609/902/1090 608/875/1063
s 180
f 581/877/1065 585/3889/4110 594/878/1066
s 181
f 590/880/1068 589/3890/1083 596/881/1069
s 182
f 579/883/1071 592/900/1088 591/884/1072
s 183
f 580/886/1074 582/926/4111 588/887/1075
s 181
f 585/889/1077 581/921/4112 579/890/1078
f 585/889/1077 586/891/1079 601/892/1080
s 183
f 583/894/1082 584/3891/4113 587/888/1076
s 181
f 589/895/1083 590/3892/1068 584/896/1084
s 182
f 591/884/1072 587/901/1089 584/898/1086
f 592/900/1088 580/924/4114 587/901/1089
s 179
f 609/902/1090 612/925/4115 611/903/1091
s 180
f 588/904/1092 582/928/4116 593/879/1067
f 583/905/1093 588/904/1092 594/878/1066
s 181
f 595/893/1081 601/892/1080 602/907/1095
f 600/908/1096 602/907/1095 603/909/1097
f 599/910/1098 603/909/1097 604/911/1099
f 598/912/1100 604/911/1099 605/913/1101
f 597/914/1102 605/913/1101 606/882/1070
s 180
f 596/3893/4117 589/906/1094 594/878/1066
f 594/878/1066 585/3889/4110 595/3894/4118
f 594/878/1066 595/3894/4118 600/3895/4119
f 597/3896/4120 596/3893/4117 594/878/1066
f 598/916/1104 597/3896/4120 594/878/1066
f 594/878/1066 600/3895/4119 599/915/1103
s 182
f 591/884/1072 590/899/1087 606/3897/4121
f 591/884/1072 606/3897/4121 605/3898/4122
f 601/3899/4123 586/885/1073 591/884/1072
f 602/3900/4124 601/3899/4123 591/884/1072
f 591/884/1072 605/3898/4122 604/917/1105
f 603/918/1106 602/3900/4124 591/884/1072
s 184
f 579/883/1107 607/3901/4125 608/919/1108
s 185
f 609/920/1110 610/3902/4126 581/877/1111
s 186
f 581/921/1113 610/3903/4127 607/922/1114
s 187
f 592/900/1116 608/919/4128 611/923/1117
s 188
f 580/886/1119 611/903/4129 612/925/1120
s 189
f 612/927/1122 609/920/4130 593/879/1123
s 190
f 644/929/1125 643/955/1153 642/930/1126
s 191
f 619/932/1128 628/958/1156 627/933/1129
s 192
f 624/935/1131 623/960/1146 630/936/1132
s 193
f 613/938/1134 626/954/1151 625/939/1135
s 194
f 614/941/1137 616/975/4131 622/942/1138
s 192
f 619/932/1140 615/934/4132 613/944/1141
f 619/932/1140 620/945/1142 635/946/1143
s 194
f 617/948/1145 618/952/4133 621/943/1139
s 192
f 623/949/1146 624/3904/1131 618/950/1147
s 193
f 625/939/1135 621/943/1152 618/952/1149
f 626/954/1151 614/941/4134 621/943/1152
s 190
f 643/955/1153 646/3905/4135 645/956/1154
s 191
f 622/957/1155 616/976/4136 627/933/1129
f 617/959/1157 622/957/1155 628/958/1156
s 192
f 629/947/1144 635/946/1143 636/961/1159
f 634/962/1160 636/961/1159 637/963/1161
f 633/964/1162 637/963/1161 638/965/1163
f 632/966/1164 638/965/1163 639/967/1165
f 631/968/1166 639/967/1165 640/937/1133
s 191
f 634/962/1167 633/964/4137 632/966/1168
f 628/958/1156 619/932/1128 629/947/4138
f 630/936/4139 623/960/1158 628/958/1156
f 631/968/4140 630/936/4139 628/958/1156
f 628/958/1156 629/947/4138 634/962/1167
f 632/966/1168 631/968/4140 628/958/1156
s 193
f 625/939/1135 624/953/1150 640/3906/4141
f 625/939/1135 640/3906/4141 639/3907/4142
f 635/3908/4143 620/940/1136 625/939/1135
f 636/3909/4144 635/3908/4143 625/939/1135
f 625/939/1135 639/3907/4142 638/969/1169
f 637/970/1170 636/3909/4144 625/939/1135
s 195
f 613/938/1171 641/3910/4145 642/971/1172
s 196
f 643/972/1174 644/3911/4146 615/934/1175
s 197
f 615/934/1177 644/3911/4147 641/973/1178
s 198
f 642/971/1180 645/3912/4148 614/941/1181
s 199
f 614/941/1183 645/3912/4149 646/974/1184
s 196
f 616/976/1186 646/3913/4150 643/972/1174
s 200
f 678/977/1187 677/1004/1214 676/978/1188
s 201
f 653/980/1190 662/1006/1216 661/981/1191
s 202
f 658/983/1193 657/998/1208 664/984/1194
s 203
f 654/986/1196 647/1023/4151 660/987/1197
s 204
f 648/989/1199 650/1029/4152 656/990/1200
s 202
f 653/992/1202 649/1025/4153 647/993/1203
f 653/992/1202 654/994/1204 669/995/1205
s 204
f 651/997/1207 652/3914/4154 655/991/1201
s 202
f 657/998/1208 658/983/1193 652/999/1209
s 203
f 655/1001/1211 652/3915/4155 658/1002/1212
f 648/1003/1213 655/1001/1211 659/988/1198
s 200
f 677/1004/1214 680/3916/4156 679/1005/1215
s 201
f 662/1006/1216 656/1009/1219 650/1007/1217
f 657/1008/1218 651/3917/4157 656/1009/1219
s 202
f 663/996/1206 669/995/1205 670/1010/1220
f 668/1011/1221 670/1010/1220 671/1012/1222
f 667/1013/1223 671/1012/1222 672/1014/1224
f 666/1015/1225 672/1014/1224 673/1016/1226
f 665/1017/1227 673/1016/1226 674/985/1195
s 201
f 664/3918/4158 657/1008/1218 662/1006/1216
f 662/1006/1216 653/980/1190 663/3919/4159
f 662/1006/1216 663/3919/4159 668/3920/4160
f 665/3921/4161 664/3918/4158 662/1006/1216
f 666/1019/1229 665/3921/4161 662/1006/1216
f 662/1006/1216 668/3920/4160 667/1018/1228
s 203
f 659/988/1198 658/1002/1212 674/3922/4162
f 659/988/1198 674/3922/4162 673/3923/4163
f 669/3924/4164 654/986/1196 659/988/1198
f 670/3925/4165 669/3924/4164 659/988/1198
f 659/988/1198 673/3923/4163 672/1020/1230
f 671/1021/1231 670/3925/4165 659/988/1198
s 205
f 675/1022/1232 676/1027/4166 660/987/1233
s 206
f 661/981/1235 677/1030/4167 678/1024/1236
s 207
f 649/1025/1238 678/3926/4168 675/1026/1239
s 208
f 676/1027/1241 679/3927/4169 648/1003/1242
s 209
f 679/1028/1244 680/3928/4170 650/1029/1245
s 210
f 650/1007/1247 680/3929/4171 677/1030/1248
s 211
f 712/1031/1250 711/3930/1278 710/1032/1251
s 212
f 683/1034/1253 687/1046/4172 696/1035/1254
s 213
f 692/1037/1256 691/1052/1271 698/1038/1257
s 214
f 681/1040/1259 694/1058/1276 693/1041/1260
s 215
f 682/1043/1262 684/1079/4173 690/1044/1263
s 213
f 687/1046/1265 683/1034/4174 681/1047/1266
f 687/1046/1265 688/1048/1267 703/1049/1268
s 215
f 685/1051/1270 686/3931/4175 689/1045/1264
s 213
f 691/1052/1271 692/1037/1256 686/1053/1272
s 214
f 693/1055/1260 689/3932/1277 686/1056/1274
f 694/1058/1276 682/1043/4176 689/1045/1277
s 211
f 711/1059/1278 714/3933/4177 713/1060/1279
s 212
f 690/1062/1280 684/1080/4178 695/1036/1255
f 685/1063/1281 690/3934/1280 696/1064/1254
s 213
f 697/1050/1269 703/1049/1268 704/1066/1283
f 702/1067/1284 704/1066/1283 705/1068/1285
f 701/1069/1286 705/1068/1285 706/1070/1287
f 700/1071/1288 706/1070/1287 707/1072/1289
f 699/1073/1290 707/1072/1289 708/1039/1258
s 212
f 698/1038/4179 691/1052/1282 696/1035/1254
f 696/1035/1254 687/1046/4172 697/1050/4180
f 696/1035/1254 697/1050/4180 702/1067/4181
f 699/1073/4182 698/1038/4179 696/1035/1254
f 700/1071/1292 699/1073/4182 696/1035/1254
f 696/1035/1254 702/1067/4181 701/1069/1291
s 214
f 693/1041/1260 692/3935/1275 708/3936/4183
f 693/1041/1260 708/3936/4183 707/3937/4184
f 703/3938/4185 688/1042/1261 693/1041/1260
f 705/1075/1294 704/3939/4186 703/3938/4185
f 693/1041/1260 707/3937/4184 706/1074/1293
f 705/1075/1294 703/3938/4185 693/1041/1260
s 216
f 709/1076/1295 710/1061/4187 694/1058/1296
s 217
f 695/1036/1298 711/1081/4188 712/1077/1299
s 218
f 683/1034/1301 712/1077/4189 709/1078/1302
s 219
f 710/1061/1304 713/1060/4190 682/1043/1305
s 220
f 713/1060/1307 714/3933/4191 684/1079/1308
s 221
f 684/1080/1310 714/3940/4192 711/1081/1311
s 222
f 746/1082/1313 745/1110/1341 744/1083/1314
s 223
f 717/1085/1316 721/3941/4193 730/1086/1317
s 224
f 726/1088/1319 725/3942/1334 732/1089/1320
s 225
f 715/1091/1322 728/1108/1339 727/1092/1323
s 226
f 716/1094/1325 718/1133/4194 724/1095/1326
s 224
f 721/1097/1328 717/1129/4195 715/1098/1329
f 721/1097/1328 722/1099/1330 737/1100/1331
s 226
f 719/1102/1333 720/3943/4196 723/1096/1327
s 224
f 725/1103/1334 726/3944/1319 720/1104/1335
s 225
f 727/1092/1323 723/1109/1340 720/1106/1337
f 728/1108/1339 716/1132/4197 723/1109/1340
s 222
f 745/1110/1341 748/3945/4198 747/1111/1342
s 223
f 724/1112/1343 718/1134/4199 729/1087/1318
f 719/1113/1344 724/1112/1343 730/1086/1317
s 224
f 731/1101/1332 737/1100/1331 738/1115/1346
f 736/1116/1347 738/1115/1346 739/1117/1348
f 735/1118/1349 739/1117/1348 740/1119/1350
f 734/1120/1351 740/1119/1350 741/1121/1352
f 733/1122/1353 741/1121/1352 742/1090/1321
s 223
f 732/3946/4200 725/1114/1345 730/1086/1317
f 730/1086/1317 721/3941/4193 731/3947/4201
f 730/1086/1317 731/3947/4201 736/3948/4202
f 733/3949/4203 732/3946/4200 730/1086/1317
f 734/1124/1355 733/3949/4203 730/1086/1317
f 730/1086/1317 736/3948/4202 735/1123/1354
s 225
f 727/1092/1323 726/1107/1338 742/3950/4204
f 727/1092/1323 742/3950/4204 741/3951/4205
f 737/3952/4206 722/1093/1324 727/1092/1323
f 738/3953/4207 737/3952/4206 727/1092/1323
f 727/1092/1323 741/3951/4205 740/1125/1356
f 739/1126/1357 738/3953/4207 727/1092/1323
s 227
f 743/1127/1358 744/1131/4208 728/1108/1359
s 228
f 745/1128/1361 746/3954/4209 717/1085/1362
s 229
f 717/1129/1364 746/3955/4210 743/1130/1365
s 230
f 744/1131/1367 747/3956/4211 716/1132/1368
s 231
f 747/1111/1370 748/3945/4212 718/1133/1371
s 232
f 718/1134/1373 748/3957/4213 745/1128/1374
s 233
f 780/1135/1376 779/1160/1404 778/1136/1377
s 234
f 755/1138/1379 764/1162/1406 763/1139/1380
s 235
f 760/1141/1382 759/1156/1398 766/1142/1383
s 236
f 756/1144/1385 749/1175/4214 762/1145/1386
s 237
f 752/1147/1388 758/1154/1396 757/1148/1389
s 235
f 756/1150/1391 755/1138/1393 751/1140/1392
f 755/1138/1393 756/1150/1391 771/1152/1394
s 237
f 758/1154/1396 753/3958/4215 754/1155/1397
s 235
f 759/1156/1398 760/1141/1382 754/1157/1399
s 236
f 757/1148/1401 754/1155/4216 760/1159/1402
f 750/1149/1403 757/1148/1401 761/1146/1387
s 233
f 779/1160/1404 782/1178/4217 781/1161/1405
s 234
f 764/1162/1406 758/1164/1409 752/1163/1407
f 759/1156/1408 753/1158/4218 758/1164/1409
s 235
f 765/1153/1395 771/1152/1394 772/1165/1410
f 770/1166/1411 772/1165/1410 773/1167/1412
f 769/1168/1413 773/1167/1412 774/1169/1414
f 768/1170/1415 774/1169/1414 775/1171/1416
f 767/1172/1417 775/1171/1416 776/1143/1384
s 234
f 765/1153/4219 770/1166/4220 769/1168/1418
f 764/1162/1406 755/1138/1379 765/1153/4219
f 766/1142/4221 759/1156/1408 764/1162/1406
f 767/1172/4222 766/1142/4221 764/1162/1406
f 764/1162/1406 765/1153/4219 769/1168/1418
f 768/1170/1419 767/1172/4222 764/1162/1406
s 236
f 761/1146/1387 760/1159/1402 776/3959/4223
f 775/3960/4224 774/3961/4225 773/1173/1420
f 761/1146/1387 776/3959/4223 775/3960/4224
f 771/1174/1421 756/1144/1385 761/1146/1387
f 773/1173/1420 772/3962/4226 771/1174/1421
f 761/1146/1387 775/3960/4224 773/1173/1420
s 238
f 749/1175/1422 777/1137/4227 778/1136/1423
s 239
f 779/1176/1425 780/3963/4228 751/1140/1426
s 240
f 751/1140/1428 780/3963/1429 777/1177/1429
s 241
f 762/1145/1430 778/1136/4229 781/1161/1431
s 242
f 750/1149/1433 781/1161/4230 782/1178/1434
s 239
f 782/1179/1436 779/1176/1425 763/1139/1427
s 243
f 814/1180/1438 813/1204/1464 812/1181/1439
s 244
f 789/1183/1441 798/1206/1466 797/1184/1442
s 245
f 794/1186/1444 793/1200/1459 800/1187/1445
s 246
f 790/1189/1447 783/1219/4231 796/1190/1448
s 247
f 784/1192/1450 786/1222/4232 792/1193/1451
s 245
f 789/1183/1453 785/1185/4233 783/1195/1454
f 789/1183/1453 790/1196/1455 805/1197/1456
s 247
f 787/1199/1458 788/3964/4234 791/1194/1452
s 245
f 793/1200/1459 794/1186/1444 788/1201/1460
s 246
f 791/1194/1461 788/3964/4235 794/1203/1462
f 784/1192/1463 791/1194/1461 795/1191/1449
s 243
f 813/1204/1464 816/3965/4236 815/1205/1465
s 244
f 798/1206/1466 792/1208/1469 786/1207/1467
f 793/1200/1468 787/1202/4237 792/1208/1469
s 245
f 799/1198/1457 805/1197/1456 806/1209/1470
f 804/1210/1471 806/1209/1470 807/1211/1472
f 803/1212/1473 807/1211/1472 808/1213/1474
f 802/1214/1475 808/1213/1474 809/1215/1476
f 801/1216/1477 809/1215/1476 810/1188/1446
s 244
f 802/1214/1479 801/1216/4238 800/1187/4239
f 800/1187/4239 793/1200/1468 798/1206/1466
f 798/1206/1466 789/1183/1441 799/1198/4240
f 798/1206/1466 799/1198/4240 804/1210/4241
f 802/1214/1479 800/1187/4239 798/1206/1466
f 798/1206/1466 804/1210/4241 803/1212/1478
s 246
f 795/1191/1449 794/1203/1462 810/3966/4242
f 795/1191/1449 810/3966/4242 809/3967/4243
f 805/3968/4244 790/1189/1447 795/1191/1449
f 806/3969/4245 805/3968/4244 795/1191/1449
f 795/1191/1449 809/3967/4243 808/1217/1480
f 807/1218/1481 806/3969/4245 795/1191/1449
s 248
f 783/1219/1482 811/1182/4246 812/1181/1483
s 249
f 813/1220/1485 814/3970/4247 785/1185/1486
s 250
f 785/1185/1488 814/3970/4248 811/1221/1489
s 251
f 796/1190/1491 812/1181/4249 815/1205/1492
s 252
f 815/1205/1494 816/3965/4250 786/1222/1495
s 253
f 816/1223/1497 813/1220/4251 797/1184/1498
s 254
f 848/1224/1500 847/1251/1528 846/1225/1501
s 255
f 819/1227/1503 823/1239/4252 832/1228/1504
s 256
f 828/1230/1506 827/1245/1521 834/1231/1507
s 257
f 817/1233/1509 830/1250/1526 829/1234/1510
s 258
f 818/1236/1512 820/1266/4253 826/1237/1513
s 256
f 823/1239/1515 819/1227/4254 817/1240/1516
f 823/1239/1515 824/1241/1517 839/1242/1518
s 258
f 821/1244/1520 822/1248/4255 825/1238/1514
s 256
f 827/1245/1521 828/1230/1506 822/1246/1522
s 257
f 829/1234/1510 825/1238/1527 822/1248/1524
f 830/1250/1526 818/1236/4256 825/1238/1527
s 254
f 847/1251/1528 850/3971/4257 849/1252/1529
s 255
f 826/1253/1530 820/1268/4258 831/1229/1505
f 821/1247/1531 826/1253/1530 832/1228/1504
s 256
f 833/1243/1519 839/1242/1518 840/1254/1533
f 838/1255/1534 840/1254/1533 841/1256/1535
f 837/1257/1536 841/1256/1535 842/1258/1537
f 836/1259/1538 842/1258/1537 843/1260/1539
f 835/1261/1540 843/1260/1539 844/1232/1508
s 255
f 835/1261/4259 834/1231/4260 827/1245/1532
f 832/1228/1504 823/1239/4252 833/1243/4261
f 832/1228/1504 833/1243/4261 838/1255/4262
f 835/1261/4259 827/1245/1532 832/1228/1504
f 836/1259/1542 835/1261/4259 832/1228/1504
f 832/1228/1504 838/1255/4262 837/1257/1541
s 257
f 829/1234/1510 828/1249/1525 844/3972/4263
f 829/1234/1510 844/3972/4263 843/3973/4264
f 839/3974/4265 824/1235/1511 829/1234/1510
f 840/3975/4266 839/3974/4265 829/1234/1510
f 829/1234/1510 843/3973/4264 842/1262/1543
f 841/1263/1544 840/3975/4266 829/1234/1510
s 259
f 817/1233/1545 845/1226/4267 846/1225/1546
s 260
f 847/1264/1548 848/3976/4268 819/1227/1549
s 261
f 819/1227/1551 848/3976/4269 845/1265/1552
s 262
f 830/1250/1554 846/1225/4270 849/1252/1555
s 263
f 849/1252/1557 850/3971/4271 820/1266/1558
s 264
f 850/1267/1560 847/1264/4272 831/1229/1561
s 265
f 887/1269/1563 888/1272/1566 852/1270/1564
f 888/1272/1566 889/1274/1568 853/1273/1567
f 889/1274/1568 890/1276/1570 854/1275/1569
f 890/1276/1570 891/1278/1572 855/1277/1571
f 891/1278/1572 892/1280/1574 856/1279/1573
f 892/1280/1574 893/1352/1576 857/1281/1575
f 893/1282/1576 894/1285/1578 858/1283/1577
f 894/1285/1578 895/1355/1642 859/1286/1579
f 859/1287/1579 895/1356/1642 896/1288/1580
f 860/1289/1581 896/1288/1580 897/1290/1582
f 861/1291/1583 897/1290/1582 898/1292/1584
f 862/1293/1585 898/1292/1584 899/1294/1586
f 863/1295/1587 899/1294/1586 900/1296/1588
f 864/1297/1589 900/1296/1588 901/1298/1590
f 865/1299/1591 901/1298/1590 902/1300/1592
f 866/1301/1593 902/1300/1592 903/1302/1594
f 867/1304/1595 903/1365/1594 904/1305/1596
f 868/1306/1597 904/1305/1596 905/1307/1598
f 869/1308/1599 905/1307/1598 906/1309/1600
f 870/1310/1601 906/1309/1600 907/1311/1602
f 871/1312/1603 907/1311/1602 908/1313/1604
f 872/1314/1605 908/1313/1604 909/1315/1606
f 873/1316/1607 909/1315/1606 910/1317/1608
f 874/1318/1609 910/1317/1608 911/1319/1610
f 875/1321/1611 911/3977/1610 912/1322/1612
f 912/1322/1612 913/1377/1615 877/1324/1614
f 913/1325/1615 914/1328/1617 878/1326/1616
f 914/1328/1617 915/1330/1619 879/1329/1618
f 915/1330/1619 916/1332/1621 880/1331/1620
f 916/1332/1621 917/1334/1623 881/1333/1622
f 917/1334/1623 918/1336/1625 882/1335/1624
f 918/1336/1625 919/1338/1627 883/1337/1626
f 919/1338/1627 920/1340/1629 884/1339/1628
f 920/1340/1629 921/1386/1631 885/1341/1630
f 921/1342/1631 922/1345/1633 886/1343/1632
f 922/1345/1633 887/1269/1563 851/1271/1565
f 923/1346/1634 924/1347/1635 888/1272/1566
f 924/1347/1635 925/1348/1636 889/1274/1568
f 925/1348/1636 926/1349/1637 890/1276/1570
f 926/1349/1637 927/1350/1638 891/1278/1572
f 927/1350/1638 928/1351/1639 892/1280/1574
f 928/1351/1639 929/1395/1640 893/1352/1576
f 929/1353/1640 930/1398/1677 894/1285/1578
f 894/1285/1578 930/1398/1677 931/1354/1641
f 895/1356/1642 931/1400/1641 932/1357/1643
f 896/1288/1580 932/1357/1643 933/1358/1644
f 897/1290/1582 933/1358/1644 934/1359/1645
f 898/1292/1584 934/1359/1645 935/1360/1646
f 899/1294/1586 935/1360/1646 936/1361/1647
f 900/1296/1588 936/1361/1647 937/1362/1648
f 901/1298/1590 937/1362/1648 938/1363/1649
f 902/1300/1592 938/1363/1649 939/1364/1650
f 903/1365/1594 939/1409/1650 940/1366/1651
f 904/1305/1596 940/1366/1651 941/1367/1652
f 905/1307/1598 941/1367/1652 942/1368/1653
f 906/1309/1600 942/1368/1653 943/1369/1654
f 907/1311/1602 943/1369/1654 944/1370/1655
f 908/1313/1604 944/1370/1655 945/1371/1656
f 909/1315/1606 945/1371/1656 946/1372/1657
f 910/1317/1608 946/1372/1657 947/1373/1658
f 911/1319/1610 947/1373/1658 948/1374/1659
f 948/1376/1659 949/1420/1660 913/1377/1615
f 949/1378/1660 950/1379/1661 914/1328/1617
f 950/1379/1661 951/1380/1662 915/1330/1619
f 951/1380/1662 952/1381/1663 916/1332/1621
f 952/1381/1663 953/1382/1664 917/1334/1623
f 953/1382/1664 954/1383/1665 918/1336/1625
f 954/1383/1665 955/1384/1666 919/1338/1627
f 955/1384/1666 956/1385/1667 920/1340/1629
f 956/1385/1667 957/1429/1668 921/1386/1631
f 957/1387/1668 958/1388/1669 922/1345/1633
f 958/1388/1669 923/1346/1634 887/1269/1563
f 959/1389/1670 960/1390/1671 924/1347/1635
f 960/1390/1671 961/1391/1672 925/1348/1636
f 961/1391/1672 962/1392/1673 926/1349/1637
f 962/1392/1673 963/1393/1674 927/1350/1638
f 963/1393/1674 964/1394/1675 928/1351/1639
f 964/1394/1675 965/1396/1676 929/1395/1640
f 965/1396/1676 966/1439/1713 930/1397/1677
f 930/1398/1677 966/3978/1713 967/1399/1678
f 931/1400/1641 967/1442/1678 968/1401/1679
f 932/1357/1643 968/1401/1679 969/1402/1680
f 933/1358/1644 969/1402/1680 970/1403/1681
f 934/1359/1645 970/1403/1681 971/1404/1682
f 935/1360/1646 971/1404/1682 972/1405/1683
f 936/1361/1647 972/1405/1683 973/1406/1684
f 937/1362/1648 973/1406/1684 974/1407/1685
f 938/1363/1649 974/1407/1685 975/1408/1686
f 939/1409/1650 975/1451/1686 976/1410/1687
f 940/1366/1651 976/1410/1687 977/1411/1688
f 941/1367/1652 977/1411/1688 978/1412/1689
f 942/1368/1653 978/1412/1689 979/1413/1690
f 943/1369/1654 979/1413/1690 980/1414/1691
f 944/1370/1655 980/1414/1691 981/1415/1692
f 945/1371/1656 981/1415/1692 982/1416/1693
f 946/1372/1657 982/1416/1693 983/1417/1694
f 947/1373/1658 983/1417/1694 984/1418/1695
f 984/1419/1695 985/3979/1696 949/1420/1660
f 985/1421/1696 986/1422/1697 950/1379/1661
f 986/1422/1697 987/1423/1698 951/1380/1662
f 987/1423/1698 988/1424/1699 952/1381/1663
f 988/1424/1699 989/1425/1700 953/1382/1664
f 989/1425/1700 990/1426/1701 954/1383/1665
f 990/1426/1701 991/1427/1702 955/1384/1666
f 991/1427/1702 992/1428/1703 956/1385/1667
f 992/1428/1703 993/1469/1704 957/1429/1668
f 993/1430/1704 994/1431/1705 958/1388/1669
f 994/1431/1705 959/1389/1670 923/1346/1634
f 995/1432/1706 996/1433/1707 960/1390/1671
f 996/1433/1707 997/1434/1708 961/1391/1672
f 997/1434/1708 998/1435/1709 962/1392/1673
f 998/1435/1709 999/1436/1710 963/1393/1674
f 999/1436/1710 1000/1437/1711 964/1394/1675
f 1000/1437/1711 1001/1438/1712 965/1396/1676
f 1001/1438/1712 1002/1479/1747 966/1439/1713
f 966/1440/1713 1002/1480/1747 1003/1441/1714
f 967/1442/1678 1003/1441/1714 1004/1443/1715
f 968/1401/1679 1004/1443/1715 1005/1444/1716
f 969/1402/1680 1005/1444/1716 1006/1445/1717
f 970/1403/1681 1006/1445/1717 1007/1446/1718
f 971/1404/1682 1007/1446/1718 1008/1447/1719
f 972/1405/1683 1008/1447/1719 1009/1448/1720
f 973/1406/1684 1009/1448/1720 1010/1449/1721
f 974/1407/1685 1010/1449/1721 1011/1450/1722
f 975/1451/1686 1011/1490/1722 1012/1452/1723
f 978/1412/1689 1013/1492/1758 1014/1453/1724
f 979/1413/1690 1014/1453/1724 1015/1454/1725
f 980/1414/1691 1015/1454/1725 1016/1455/1726
f 981/1415/1692 1016/1455/1726 1017/1456/1727
f 982/1416/1693 1017/1456/1727 1018/1457/1728
f 983/1417/1694 1018/1457/1728 1019/1458/1729
f 1019/1459/1729 1020/1461/1730 985/1421/1696
f 1020/1461/1730 1021/1462/1731 986/1422/1697
f 1021/1462/1731 1022/1463/1732 987/1423/1698
f 1022/1463/1732 1023/1464/1733 988/1424/1699
f 1023/1464/1733 1024/1465/1734 989/1425/1700
f 1024/1465/1734 1025/1466/1735 990/1426/1701
f 1025/1466/1735 1026/1467/1736 991/1427/1702
f 1026/1467/1736 1027/1468/1737 992/1428/1703
f 1027/1468/1737 1028/1508/1738 993/1469/1704
f 1028/1470/1738 1029/1471/1739 994/1431/1705
f 1029/1471/1739 995/1432/1706 959/1389/1670
f 1030/1472/1740 1031/1473/1741 996/1433/1707
f 1031/1473/1741 1032/1474/1742 997/1434/1708
f 1032/1474/1742 1033/1475/1743 998/1435/1709
f 1033/1475/1743 1034/1476/1744 999/1436/1710
f 1034/1476/1744 1035/1477/1745 1000/1437/1711
f 1035/1477/1745 1036/1478/1746 1001/1438/1712
f 1036/1478/1746 1037/1518/1782 1002/1479/1747
f 1002/1480/1747 1037/1519/1782 1038/1481/1748
f 1003/1441/1714 1038/1481/1748 1039/1482/1749
f 1004/1443/1715 1039/1482/1749 1040/1483/1750
f 1005/1444/1716 1040/1483/1750 1041/1484/1751
f 1006/1445/1717 1041/1484/1751 1042/1485/1752
f 1007/1446/1718 1042/1485/1752 1043/1486/1753
f 1008/1447/1719 1043/1486/1753 1044/1487/1754
f 1009/1448/1720 1044/1487/1754 1045/1488/1755
f 1010/1449/1721 1045/1488/1755 1046/1489/1756
f 1011/1490/1722 1046/1529/1756 1047/1491/1757
f 1013/1492/1758 1049/1534/1796 1050/1493/1759
f 1014/1453/1724 1050/1493/1759 1051/1494/1760
f 1015/1454/1725 1051/1494/1760 1052/1495/1761
f 1016/1455/1726 1052/1495/1761 1053/1496/1762
f 1017/1456/1727 1053/1496/1762 1054/1497/1763
f 1018/1457/1728 1054/1497/1763 1055/1498/1764
f 1055/1499/1764 1056/1500/1765 1020/1461/1730
f 1056/1500/1765 1057/1501/1766 1021/1462/1731
f 1057/1501/1766 1058/1502/1767 1022/1463/1732
f 1058/1502/1767 1059/1503/1768 1023/1464/1733
f 1059/1503/1768 1060/1504/1769 1024/1465/1734
f 1060/1504/1769 1061/1505/1770 1025/1466/1735
f 1061/1505/1770 1062/1506/1771 1026/1467/1736
f 1062/1506/1771 1063/1507/1772 1027/1468/1737
f 1063/1507/1772 1064/1550/1773 1028/1508/1738
f 1064/1509/1773 1065/1510/1774 1029/1471/1739
f 1065/1510/1774 1030/1472/1740 995/1432/1706
f 1066/1511/1775 1067/1512/1776 1031/1473/1741
f 1067/1512/1776 1068/1513/1777 1032/1474/1742
f 1068/1513/1777 1069/1514/1778 1033/1475/1743
f 1069/1514/1778 1070/1515/1779 1034/1476/1744
f 1070/1515/1779 1071/1516/1780 1035/1477/1745
f 1071/1516/1780 1072/1517/1781 1036/1478/1746
f 1072/1517/1781 1073/3980/1820 1037/1518/1782
f 1037/1519/1782 1073/1560/1820 1074/1520/1783
f 1038/1481/1748 1074/1520/1783 1075/1521/1784
f 1039/1482/1749 1075/1521/1784 1076/1522/1785
f 1040/1483/1750 1076/1522/1785 1077/1523/1786
f 1041/1484/1751 1077/1523/1786 1078/1524/1787
f 1042/1485/1752 1078/1524/1787 1079/1525/1788
f 1043/1486/1753 1079/1525/1788 1080/1526/1789
f 1044/1487/1754 1080/1526/1789 1081/1527/1790
f 1045/1488/1755 1081/1527/1790 1082/1528/1791
f 1046/1529/1756 1082/1571/1791 1083/1530/1792
f 1047/1491/1757 1083/1530/1792 1084/1531/1793
f 1048/1532/1794 1084/1531/1793 1085/1533/1795
f 1049/1534/1796 1085/1533/1795 1086/1535/1797
f 1050/1493/1759 1086/1535/1797 1087/1536/1798
f 1051/1494/1760 1087/1536/1798 1088/1537/1799
f 1052/1495/1761 1088/1537/1799 1089/1538/1800
f 1053/1496/1762 1089/1538/1800 1090/1539/1801
f 1054/1497/1763 1090/1539/1801 1091/1540/1802
f 1091/1541/1802 1092/1542/1803 1056/1500/1765
f 1092/1542/1803 1093/1543/1804 1057/1501/1766
f 1093/1543/1804 1094/1544/1805 1058/1502/1767
f 1094/1544/1805 1095/1545/1806 1059/1503/1768
f 1095/1545/1806 1096/1546/1807 1060/1504/1769
f 1096/1546/1807 1097/1547/1808 1061/1505/1770
f 1097/1547/1808 1098/1548/1809 1062/1506/1771
f 1098/1548/1809 1099/1549/1810 1063/1507/1772
f 1099/1549/1810 1100/1590/1811 1064/1550/1773
f 1100/1551/1811 1101/1552/1812 1065/1510/1774
f 1101/1552/1812 1066/1511/1775 1030/1472/1740
f 1102/1553/1813 1103/1554/1814 1067/1512/1776
f 1103/1554/1814 1104/1555/1815 1068/1513/1777
f 1104/1555/1815 1105/1556/1816 1069/1514/1778
f 1105/1556/1816 1106/1557/1817 1070/1515/1779
f 1106/1557/1817 1107/1558/1818 1071/1516/1780
f 1107/1558/1818 1108/1599/1819 1072/1517/1781
f 1108/1559/1819 1109/1601/1856 1073/1560/1820
f 1073/1560/1820 1109/1601/1856 1110/1562/1821
f 1074/1520/1783 1110/1562/1821 1111/1563/1822
f 1075/1521/1784 1111/1563/1822 1112/1564/1823
f 1076/1522/1785 1112/1564/1823 1113/1565/1824
f 1077/1523/1786 1113/1565/1824 1114/1566/1825
f 1078/1524/1787 1114/1566/1825 1115/1567/1826
f 1079/1525/1788 1115/1567/1826 1116/1568/1827
f 1080/1526/1789 1116/1568/1827 1117/1569/1828
f 1081/1527/1790 1117/1569/1828 1118/1570/1829
f 1082/1571/1791 1118/1611/1829 1119/1572/1830
f 1083/1530/1792 1119/1572/1830 1120/1573/1831
f 1084/1531/1793 1120/1573/1831 1121/1574/1832
f 1085/1533/1795 1121/1574/1832 1122/1575/1833
f 1086/1535/1797 1122/1575/1833 1123/1576/1834
f 1087/1536/1798 1123/1576/1834 1124/1577/1835
f 1088/1537/1799 1124/1577/1835 1125/1578/1836
f 1089/1538/1800 1125/1578/1836 1126/1579/1837
f 1090/1580/1801 1126/1620/1837 1127/1581/1838
f 1127/1581/1838 1128/1582/1839 1092/1542/1803
f 1128/1582/1839 1129/1583/1840 1093/1543/1804
f 1129/1583/1840 1130/1584/1841 1094/1544/1805
f 1130/1584/1841 1131/1585/1842 1095/1545/1806
f 1131/1585/1842 1132/1586/1843 1096/1546/1807
f 1132/1586/1843 1133/1587/1844 1097/1547/1808
f 1133/1587/1844 1134/1588/1845 1098/1548/1809
f 1134/1588/1845 1135/1589/1846 1099/1549/1810
f 1135/1589/1846 1136/1630/1847 1100/1590/1811
f 1136/1591/1847 1137/1592/1848 1101/1552/1812
f 1137/1592/1848 1102/1553/1813 1066/1511/1775
f 1138/1593/1849 1139/1594/1850 1103/1554/1814
f 1139/1594/1850 1140/1595/1851 1104/1555/1815
f 1140/1595/1851 1141/1596/1852 1105/1556/1816
f 1141/1596/1852 1142/1597/1853 1106/1557/1817
f 1142/1597/1853 1143/1598/1854 1107/1558/1818
f 1143/1598/1854 1144/1639/1855 1108/1599/1819
f 1144/1600/1855 1145/1641/1892 1109/1601/1856
f 1109/1601/1856 1145/1641/1892 1146/1602/1857
f 1110/1562/1821 1146/1602/1857 1147/1603/1858
f 1111/1563/1822 1147/1603/1858 1148/1604/1859
f 1112/1564/1823 1148/1604/1859 1149/1605/1860
f 1113/1565/1824 1149/1605/1860 1150/1606/1861
f 1114/1566/1825 1150/1606/1861 1151/1607/1862
f 1115/1567/1826 1151/1607/1862 1152/1608/1863
f 1116/1568/1827 1152/1608/1863 1153/1609/1864
f 1117/1569/1828 1153/1609/1864 1154/1610/1865
f 1118/1611/1829 1154/1651/1865 1155/1612/1866
f 1119/1572/1830 1155/1612/1866 1156/1613/1867
f 1120/1573/1831 1156/1613/1867 1157/1614/1868
f 1121/1574/1832 1157/1614/1868 1158/1615/1869
f 1122/1575/1833 1158/1615/1869 1159/1616/1870
f 1123/1576/1834 1159/1616/1870 1160/1617/1871
f 1124/1577/1835 1160/1617/1871 1161/1618/1872
f 1125/1578/1836 1161/1618/1872 1162/1619/1873
f 1126/1620/1837 1162/1660/1873 1163/1621/1874
f 1163/1621/1874 1164/1622/1875 1128/1582/1839
f 1164/1622/1875 1165/1623/1876 1129/1583/1840
f 1165/1623/1876 1166/1624/1877 1130/1584/1841
f 1166/1624/1877 1167/1625/1878 1131/1585/1842
f 1167/1625/1878 1168/1626/1879 1132/1586/1843
f 1168/1626/1879 1169/1627/1880 1133/1587/1844
f 1169/1627/1880 1170/1628/1881 1134/1588/1845
f 1170/1628/1881 1171/1629/1882 1135/1589/1846
f 1171/1629/1882 1172/1670/1883 1136/1630/1847
f 1172/1631/1883 1173/1632/1884 1137/1592/1848
f 1173/1632/1884 1138/1593/1849 1102/1553/1813
f 1174/1633/1885 1175/1634/1886 1139/1594/1850
f 1175/1634/1886 1176/1635/1887 1140/1595/1851
f 1176/1635/1887 1177/1636/1888 1141/1596/1852
f 1177/1636/1888 1178/1637/1889 1142/1597/1853
f 1178/1637/1889 1179/1638/1890 1143/1598/1854
f 1179/1638/1890 1180/1679/1891 1144/1639/1855
f 1180/1640/1891 1181/1681/1928 1145/1641/1892
f 1145/1641/1892 1181/1681/1928 1182/1642/1893
f 1146/1602/1857 1182/1642/1893 1183/1643/1894
f 1147/1603/1858 1183/1643/1894 1184/1644/1895
f 1148/1604/1859 1184/1644/1895 1185/1645/1896
f 1149/1605/1860 1185/1645/1896 1186/1646/1897
f 1150/1606/1861 1186/1646/1897 1187/1647/1898
f 1151/1607/1862 1187/1647/1898 1188/1648/1899
f 1152/1608/1863 1188/1648/1899 1189/1649/1900
f 1153/1609/1864 1189/1649/1900 1190/1650/1901
f 1154/1651/1865 1190/1691/1901 1191/1652/1902
f 1155/1612/1866 1191/1652/1902 1192/1653/1903
f 1156/1613/1867 1192/1653/1903 1193/1654/1904
f 1157/1614/1868 1193/1654/1904 1194/1655/1905
f 1158/1615/1869 1194/1655/1905 1195/1656/1906
f 1159/1616/1870 1195/1656/1906 1196/1657/1907
f 1160/1617/1871 1196/1657/1907 1197/1658/1908
f 1161/1618/1872 1197/1658/1908 1198/1659/1909
f 1162/1660/1873 1198/1700/1909 1199/1661/1910
f 1199/1661/1910 1200/1662/1911 1164/1622/1875
f 1200/1662/1911 1201/1663/1912 1165/1623/1876
f 1201/1663/1912 1202/1664/1913 1166/1624/1877
f 1202/1664/1913 1203/1665/1914 1167/1625/1878
f 1203/1665/1914 1204/1666/1915 1168/1626/1879
f 1204/1666/1915 1205/1667/1916 1169/1627/1880
f 1205/1667/1916 1206/1668/1917 1170/1628/1881
f 1206/1668/1917 1207/1669/1918 1171/1629/1882
f 1207/1669/1918 1208/1710/1919 1172/1670/1883
f 1208/1671/1919 1209/1672/1920 1173/1632/1884
f 1209/1672/1920 1174/1633/1885 1138/1593/1849
f 1210/1673/1921 1211/1674/1922 1175/1634/1886
f 1211/1674/1922 1212/1675/1923 1176/1635/1887
f 1212/1675/1923 1213/1676/1924 1177/1636/1888
f 1213/1676/1924 1214/1677/1925 1178/1637/1889
f 1214/1677/1925 1215/1678/1926 1179/1638/1890
f 1215/1678/1926 1216/1719/1927 1180/1679/1891
f 1216/1680/1927 1217/1682/1929 1181/1681/1928
f 1217/1682/1929 1218/1722/1965 1182/1642/1893
f 1182/1642/1893 1218/1722/1965 1219/1683/1930
f 1183/1643/1894 1219/1683/1930 1220/1684/1931
f 1184/1644/1895 1220/1684/1931 1221/1685/1932
f 1185/1645/1896 1221/1685/1932 1222/1686/1933
f 1186/1646/1897 1222/1686/1933 1223/1687/1934
f 1187/1647/1898 1223/1687/1934 1224/1688/1935
f 1188/1648/1899 1224/1688/1935 1225/1689/1936
f 1189/1649/1900 1225/1689/1936 1226/1690/1937
f 1190/1691/1901 1226/1731/1937 1227/1692/1938
f 1191/1652/1902 1227/1692/1938 1228/1693/1939
f 1192/1653/1903 1228/1693/1939 1229/1694/1940
f 1193/1654/1904 1229/1694/1940 1230/1695/1941
f 1194/1655/1905 1230/1695/1941 1231/1696/1942
f 1195/1656/1906 1231/1696/1942 1232/1697/1943
f 1196/1657/1907 1232/1697/1943 1233/1698/1944
f 1197/1658/1908 1233/1698/1944 1234/1699/1945
f 1198/1700/1909 1234/1740/1945 1235/1701/1946
f 1235/1701/1946 1236/1702/1947 1200/1662/1911
f 1236/1702/1947 1237/1703/1948 1201/1663/1912
f 1237/1703/1948 1238/1704/1949 1202/1664/1913
f 1238/1704/1949 1239/1705/1950 1203/1665/1914
f 1239/1705/1950 1240/1706/1951 1204/1666/1915
f 1240/1706/1951 1241/1707/1952 1205/1667/1916
f 1241/1707/1952 1242/1708/1953 1206/1668/1917
f 1242/1708/1953 1243/1709/1954 1207/1669/1918
f 1243/1709/1954 1244/1750/1955 1208/1710/1919
f 1244/1711/1955 1245/1712/1956 1209/1672/1920
f 1245/1712/1956 1210/1673/1921 1174/1633/1885
f 1246/1713/1957 1247/1714/1958 1211/1674/1922
f 1247/1714/1958 1248/1715/1959 1212/1675/1923
f 1248/1715/1959 1249/1716/1960 1213/1676/1924
f 1249/1716/1960 1250/1717/1961 1214/1677/1925
f 1250/1717/1961 1251/1718/1962 1215/1678/1926
f 1251/1718/1962 1252/1759/1963 1216/1719/1927
f 1252/1720/1963 1253/1721/1964 1217/1682/1929
f 1253/1721/1964 1254/1762/2001 1218/1722/1965
f 1218/1722/1965 1254/1762/2001 1255/1723/1966
f 1219/1683/1930 1255/1723/1966 1256/1724/1967
f 1220/1684/1931 1256/1724/1967 1257/1725/1968
f 1221/1685/1932 1257/1725/1968 1258/1726/1969
f 1222/1686/1933 1258/1726/1969 1259/1727/1970
f 1223/1687/1934 1259/1727/1970 1260/1728/1971
f 1224/1688/1935 1260/1728/1971 1261/1729/1972
f 1225/1689/1936 1261/1729/1972 1262/1730/1973
f 1226/1731/1937 1262/1771/1973 1263/1732/1974
f 1227/1692/1938 1263/1732/1974 1264/1733/1975
f 1228/1693/1939 1264/1733/1975 1265/1734/1976
f 1229/1694/1940 1265/1734/1976 1266/1735/1977
f 1230/1695/1941 1266/1735/1977 1267/1736/1978
f 1231/1696/1942 1267/1736/1978 1268/1737/1979
f 1232/1697/1943 1268/1737/1979 1269/1738/1980
f 1233/1698/1944 1269/1738/1980 1270/1739/1981
f 1234/1740/1945 1270/1780/1981 1271/1741/1982
f 1271/1741/1982 1272/1742/1983 1236/1702/1947
f 1272/1742/1983 1273/1743/1984 1237/1703/1948
f 1273/1743/1984 1274/1744/1985 1238/1704/1949
f 1274/1744/1985 1275/1745/1986 1239/1705/1950
f 1275/1745/1986 1276/1746/1987 1240/1706/1951
f 1276/1746/1987 1277/1747/1988 1241/1707/1952
f 1277/1747/1988 1278/1748/1989 1242/1708/1953
f 1278/1748/1989 1279/1749/1990 1243/1709/1954
f 1279/1749/1990 1280/1790/1991 1244/1750/1955
f 1280/1751/1991 1281/1752/1992 1245/1712/1956
f 1281/1752/1992 1246/1713/1957 1210/1673/1921
f 1282/1753/1993 1283/1754/1994 1247/1714/1958
f 1283/1754/1994 1284/1755/1995 1248/1715/1959
f 1284/1755/1995 1285/1756/1996 1249/1716/1960
f 1285/1756/1996 1286/1757/1997 1250/1717/1961
f 1286/1757/1997 1287/1758/1998 1251/1718/1962
f 1287/1758/1998 1288/1799/1999 1252/1759/1963
f 1288/1760/1999 1289/1801/2036 1253/1721/1964
f 1253/1721/1964 1289/1801/2036 1290/1761/2000
f 1254/1762/2001 1290/1761/2000 1291/1763/2002
f 1255/1723/1966 1291/1763/2002 1292/1764/2003
f 1256/1724/1967 1292/1764/2003 1293/1765/2004
f 1257/1725/1968 1293/1765/2004 1294/1766/2005
f 1258/1726/1969 1294/1766/2005 1295/1767/2006
f 1259/1727/1970 1295/1767/2006 1296/1768/2007
f 1260/1728/1971 1296/1768/2007 1297/1769/2008
f 1261/1729/1972 1297/1769/2008 1298/1770/2009
f 1262/1771/1973 1298/1811/2009 1299/1772/2010
f 1263/1732/1974 1299/1772/2010 1300/1773/2011
f 1264/1733/1975 1300/1773/2011 1301/1774/2012
f 1265/1734/1976 1301/1774/2012 1302/1775/2013
f 1266/1735/1977 1302/1775/2013 1303/1776/2014
f 1267/1736/1978 1303/1776/2014 1304/1777/2015
f 1268/1737/1979 1304/1777/2015 1305/1778/2016
f 1269/1738/1980 1305/1778/2016 1306/1779/2017
f 1270/1780/1981 1306/1820/2017 1307/1781/2018
f 1307/1781/2018 1308/1782/2019 1272/1742/1983
f 1308/1782/2019 1309/1783/2020 1273/1743/1984
f 1309/1783/2020 1310/1784/2021 1274/1744/1985
f 1310/1784/2021 1311/1785/2022 1275/1745/1986
f 1311/1785/2022 1312/1786/2023 1276/1746/1987
f 1312/1786/2023 1313/1787/2024 1277/1747/1988
f 1313/1787/2024 1314/1788/2025 1278/1748/1989
f 1314/1788/2025 1315/1789/2026 1279/1749/1990
f 1315/1789/2026 1316/1830/2027 1280/1790/1991
f 1316/1791/2027 1317/1792/2028 1281/1752/1992
f 1317/1792/2028 1282/1753/1993 1246/1713/1957
f 1318/1793/2029 1319/1794/2030 1283/1754/1994
f 1319/1794/2030 1320/1795/2031 1284/1755/1995
f 1320/1795/2031 1321/1796/2032 1285/1756/1996
f 1321/1796/2032 1322/1797/2033 1286/1757/1997
f 1322/1797/2033 1323/1798/2034 1287/1758/1998
f 1323/1798/2034 1324/1839/2035 1288/1799/1999
f 1324/1800/2035 1325/1841/2072 1289/1801/2036
f 1289/1801/2036 1325/1841/2072 1326/1802/2037
f 1290/1761/2000 1326/1802/2037 1327/1803/2038
f 1291/1763/2002 1327/1803/2038 1328/1804/2039
f 1292/1764/2003 1328/1804/2039 1329/1805/2040
f 1293/1765/2004 1329/1805/2040 1330/1806/2041
f 1294/1766/2005 1330/1806/2041 1331/1807/2042
f 1295/1767/2006 1331/1807/2042 1332/1808/2043
f 1296/1768/2007 1332/1808/2043 1333/1809/2044
f 1297/1769/2008 1333/1809/2044 1334/1810/2045
f 1298/1811/2009 1334/1851/2045 1335/1812/2046
f 1299/1772/2010 1335/1812/2046 1336/1813/2047
f 1300/1773/2011 1336/1813/2047 1337/1814/2048
f 1301/1774/2012 1337/1814/2048 1338/1815/2049
f 1302/1775/2013 1338/1815/2049 1339/1816/2050
f 1303/1776/2014 1339/1816/2050 1340/1817/2051
f 1304/1777/2015 1340/1817/2051 1341/1818/2052
f 1305/1778/2016 1341/1818/2052 1342/1819/2053
f 1306/1820/2017 1342/1860/2053 1343/1821/2054
f 1343/1821/2054 1344/1822/2055 1308/1782/2019
f 1344/1822/2055 1345/1823/2056 1309/1783/2020
f 1345/1823/2056 1346/1824/2057 1310/1784/2021
f 1346/1824/2057 1347/1825/2058 1311/1785/2022
f 1347/1825/2058 1348/1826/2059 1312/1786/2023
f 1348/1826/2059 1349/1827/2060 1313/1787/2024
f 1349/1827/2060 1350/1828/2061 1314/1788/2025
f 1350/1828/2061 1351/1829/2062 1315/1789/2026
f 1351/1829/2062 1352/1870/2063 1316/1830/2027
f 1352/1831/2063 1353/1832/2064 1317/1792/2028
f 1353/1832/2064 1318/1793/2029 1282/1753/1993
f 1354/1833/2065 1355/1834/2066 1319/1794/2030
f 1355/1834/2066 1356/1835/2067 1320/1795/2031
f 1356/1835/2067 1357/1836/2068 1321/1796/2032
f 1357/1836/2068 1358/1837/2069 1322/1797/2033
f 1358/1837/2069 1359/1838/2070 1323/1798/2034
f 1359/1838/2070 1360/1879/2071 1324/1839/2035
f 1360/1840/2071 1361/1881/2108 1325/1841/2072
f 1325/1841/2072 1361/1881/2108 1362/1842/2073
f 1326/1802/2037 1362/1842/2073 1363/1843/2074
f 1327/1803/2038 1363/1843/2074 1364/1844/2075
f 1328/1804/2039 1364/1844/2075 1365/1845/2076
f 1329/1805/2040 1365/1845/2076 1366/1846/2077
f 1330/1806/2041 1366/1846/2077 1367/1847/2078
f 1331/1807/2042 1367/1847/2078 1368/1848/2079
f 1332/1808/2043 1368/1848/2079 1369/1849/2080
f 1333/1809/2044 1369/1849/2080 1370/1850/2081
f 1334/1851/2045 1370/1891/2081 1371/1852/2082
f 1335/1812/2046 1371/1852/2082 1372/1853/2083
f 1336/1813/2047 1372/1853/2083 1373/1854/2084
f 1337/1814/2048 1373/1854/2084 1374/1855/2085
f 1338/1815/2049 1374/1855/2085 1375/1856/2086
f 1339/1816/2050 1375/1856/2086 1376/1857/2087
f 1340/1817/2051 1376/1857/2087 1377/1858/2088
f 1341/1818/2052 1377/1858/2088 1378/1859/2089
f 1342/1860/2053 1378/1900/2089 1379/1861/2090
f 1379/1861/2090 1380/1862/2091 1344/1822/2055
f 1380/1862/2091 1381/1863/2092 1345/1823/2056
f 1381/1863/2092 1382/1864/2093 1346/1824/2057
f 1382/1864/2093 1383/1865/2094 1347/1825/2058
f 1383/1865/2094 1384/1866/2095 1348/1826/2059
f 1384/1866/2095 1385/1867/2096 1349/1827/2060
f 1385/1867/2096 1386/1868/2097 1350/1828/2061
f 1386/1868/2097 1387/1869/2098 1351/1829/2062
f 1387/1869/2098 1388/1910/2099 1352/1870/2063
f 1388/1871/2099 1389/1872/2100 1353/1832/2064
f 1389/1872/2100 1354/1833/2065 1318/1793/2029
f 1390/1873/2101 1391/1874/2102 1355/1834/2066
f 1391/1874/2102 1392/1875/2103 1356/1835/2067
f 1392/1875/2103 1393/1876/2104 1357/1836/2068
f 1393/1876/2104 1394/1877/2105 1358/1837/2069
f 1394/1877/2105 1395/1878/2106 1359/1838/2070
f 1395/1878/2106 1396/1919/2107 1360/1879/2071
f 1396/1880/2107 1397/1921/2144 1361/1881/2108
f 1361/1881/2108 1397/1921/2144 1398/1882/2109
f 1362/1842/2073 1398/1882/2109 1399/1883/2110
f 1363/1843/2074 1399/1883/2110 1400/1884/2111
f 1364/1844/2075 1400/1884/2111 1401/1885/2112
f 1365/1845/2076 1401/1885/2112 1402/1886/2113
f 1366/1846/2077 1402/1886/2113 1403/1887/2114
f 1367/1847/2078 1403/1887/2114 1404/1888/2115
f 1368/1848/2079 1404/1888/2115 1405/1889/2116
f 1369/1849/2080 1405/1889/2116 1406/1890/2117
f 1370/1891/2081 1406/3981/2117 1407/1892/2118
f 1371/1852/2082 1407/1892/2118 1408/1893/2119
f 1372/1853/2083 1408/1893/2119 1409/1894/2120
f 1373/1854/2084 1409/1894/2120 1410/1895/2121
f 1374/1855/2085 1410/1895/2121 1411/1896/2122
f 1375/1856/2086 1411/1896/2122 1412/1897/2123
f 1376/1857/2087 1412/1897/2123 1413/1898/2124
f 1377/1858/2088 1413/1898/2124 1414/1899/2125
f 1378/1900/2089 1414/1940/2125 1415/1901/2126
f 1415/1901/2126 1416/1902/2127 1380/1862/2091
f 1416/1902/2127 1417/1903/2128 1381/1863/2092
f 1417/1903/2128 1418/1904/2129 1382/1864/2093
f 1418/1904/2129 1419/1905/2130 1383/1865/2094
f 1419/1905/2130 1420/1906/2131 1384/1866/2095
f 1420/1906/2131 1421/1907/2132 1385/1867/2096
f 1421/1907/2132 1422/1908/2133 1386/1868/2097
f 1422/1908/2133 1423/1909/2134 1387/1869/2098
f 1423/1909/2134 1424/1950/2135 1388/1910/2099
f 1424/1911/2135 1425/1912/2136 1389/1872/2100
f 1425/1912/2136 1390/1873/2101 1354/1833/2065
f 1426/1913/2137 1427/1914/2138 1391/1874/2102
f 1427/1914/2138 1428/1915/2139 1392/1875/2103
f 1428/1915/2139 1429/1916/2140 1393/1876/2104
f 1429/1916/2140 1430/1917/2141 1394/1877/2105
f 1430/1917/2141 1431/1918/2142 1395/1878/2106
f 1431/1918/2142 1432/1960/2143 1396/1919/2107
f 1432/1920/2143 1433/1962/2180 1397/1921/2144
f 1397/1921/2144 1433/1962/2180 1434/1922/2145
f 1398/1882/2109 1434/1922/2145 1435/1923/2146
f 1399/1883/2110 1435/1923/2146 1436/1924/2147
f 1400/1884/2111 1436/1924/2147 1437/1925/2148
f 1401/1885/2112 1437/1925/2148 1438/1926/2149
f 1402/1886/2113 1438/1926/2149 1439/1927/2150
f 1403/1887/2114 1439/1927/2150 1440/1928/2151
f 1404/1888/2115 1440/1928/2151 1441/1929/2152
f 1405/1889/2116 1441/1929/2152 1442/1930/2153
f 1406/1890/2117 1442/1930/2153 1443/1931/2154
f 1407/1892/2118 1443/1973/2154 1444/1933/2155
f 1408/1893/2119 1444/1933/2155 1445/1934/2156
f 1409/1894/2120 1445/1934/2156 1446/1935/2157
f 1410/1895/2121 1446/1935/2157 1447/1936/2158
f 1411/1896/2122 1447/1936/2158 1448/1937/2159
f 1412/1897/2123 1448/1937/2159 1449/1938/2160
f 1413/1898/2124 1449/1938/2160 1450/1939/2161
f 1414/1940/2125 1450/1981/2161 1451/1941/2162
f 1451/1941/2162 1452/1942/2163 1416/1902/2127
f 1452/1942/2163 1453/1943/2164 1417/1903/2128
f 1453/1943/2164 1454/1944/2165 1418/1904/2129
f 1454/1944/2165 1455/1945/2166 1419/1905/2130
f 1455/1945/2166 1456/1946/2167 1420/1906/2131
f 1456/1946/2167 1457/1947/2168 1421/1907/2132
f 1457/1947/2168 1458/1948/2169 1422/1908/2133
f 1458/1948/2169 1459/1949/2170 1423/1909/2134
f 1459/1949/2170 1460/1951/2171 1424/1950/2135
f 1460/1951/2171 1461/3982/2172 1425/1952/2136
f 1461/1953/2172 1426/1913/2137 1390/1873/2101
f 1462/1954/2173 1463/1955/2174 1427/1914/2138
f 1463/1955/2174 1464/1956/2175 1428/1915/2139
f 1464/1956/2175 1465/1957/2176 1429/1916/2140
f 1465/1957/2176 1466/1958/2177 1430/1917/2141
f 1466/1958/2177 1467/1959/2178 1431/1918/2142
f 1467/1959/2178 1468/2000/2179 1432/1960/2143
f 1468/1961/2179 1469/2002/2216 1433/1962/2180
f 1433/1962/2180 1469/2002/2216 1470/1963/2181
f 1434/1922/2145 1470/1963/2181 1471/1964/2182
f 1435/1923/2146 1471/1964/2182 1472/1965/2183
f 1436/1924/2147 1472/1965/2183 1473/1966/2184
f 1437/1925/2148 1473/1966/2184 1474/1967/2185
f 1438/1926/2149 1474/1967/2185 1475/1968/2186
f 1439/1927/2150 1475/1968/2186 1476/1969/2187
f 1440/1928/2151 1476/1969/2187 1477/1970/2188
f 1441/1929/2152 1477/1970/2188 1478/1971/2189
f 1442/1930/2153 1478/1971/2189 1479/1972/2190
f 1443/1973/2154 1479/2013/2190 1480/1974/2191
f 1444/1933/2155 1480/1974/2191 1481/1975/2192
f 1445/1934/2156 1481/1975/2192 1482/1976/2193
f 1446/1935/2157 1482/1976/2193 1483/1977/2194
f 1447/1936/2158 1483/1977/2194 1484/1978/2195
f 1448/1937/2159 1484/1978/2195 1485/1979/2196
f 1449/1938/2160 1485/1979/2196 1486/1980/2197
f 1450/1981/2161 1486/3983/2197 1487/1982/2198
f 1487/1982/2198 1488/1983/2199 1452/1942/2163
f 1488/1983/2199 1489/1984/2200 1453/1943/2164
f 1489/1984/2200 1490/1985/2201 1454/1944/2165
f 1490/1985/2201 1491/1986/2202 1455/1945/2166
f 1491/1986/2202 1492/1987/2203 1456/1946/2167
f 1492/1987/2203 1493/1988/2204 1457/1947/2168
f 1493/1988/2204 1494/1989/2205 1458/1948/2169
f 1494/1989/2205 1495/1990/2206 1459/1949/2170
f 1495/1990/2206 1496/2031/2207 1460/1951/2171
f 1496/1991/2207 1497/1993/2208 1461/1953/2172
f 1497/1993/2208 1462/1954/2173 1426/1913/2137
f 1498/1994/2209 1499/1995/2210 1463/1955/2174
f 1499/1995/2210 1500/1996/2211 1464/1956/2175
f 1500/1996/2211 1501/1997/2212 1465/1957/2176
f 1501/1997/2212 1502/1998/2213 1466/1958/2177
f 1502/1998/2213 1503/1999/2214 1467/1959/2178
f 1503/1999/2214 1504/2041/2215 1468/2000/2179
f 1504/2001/2215 1505/2043/2252 1469/2002/2216
f 1469/2002/2216 1505/2043/2252 1506/2003/2217
f 1470/1963/2181 1506/2003/2217 1507/2004/2218
f 1471/1964/2182 1507/2004/2218 1508/2005/2219
f 1472/1965/2183 1508/2005/2219 1509/2006/2220
f 1473/1966/2184 1509/2006/2220 1510/2007/2221
f 1474/1967/2185 1510/2007/2221 1511/2008/2222
f 1475/1968/2186 1511/2008/2222 1512/2009/2223
f 1476/1969/2187 1512/2009/2223 1513/2010/2224
f 1477/1970/2188 1513/2010/2224 1514/2011/2225
f 1478/1971/2189 1514/2011/2225 1515/2012/2226
f 1479/2013/2190 1515/2055/2226 1516/2014/2227
f 1480/1974/2191 1516/2014/2227 1517/2015/2228
f 1481/1975/2192 1517/2015/2228 1518/2016/2229
f 1482/1976/2193 1518/2016/2229 1519/2017/2230
f 1483/1977/2194 1519/2017/2230 1520/2018/2231
f 1484/1978/2195 1520/2018/2231 1521/2019/2232
f 1485/1979/2196 1521/2019/2232 1522/2020/2233
f 1486/1980/2197 1522/2020/2233 1523/2021/2234
f 1487/1982/2198 1523/2065/2234 1524/2023/2235
f 1524/2023/2235 1525/2024/2236 1489/1984/2200
f 1525/2024/2236 1526/2025/2237 1490/1985/2201
f 1526/2025/2237 1527/2026/2238 1491/1986/2202
f 1527/2026/2238 1528/2027/2239 1492/1987/2203
f 1528/2027/2239 1529/2028/2240 1493/1988/2204
f 1529/2028/2240 1530/2029/2241 1494/1989/2205
f 1530/2029/2241 1531/2030/2242 1495/1990/2206
f 1531/2030/2242 1532/2032/2243 1496/2031/2207
f 1532/2032/2243 1533/3984/2244 1497/2033/2208
f 1533/2034/2244 1498/1994/2209 1462/1954/2173
f 1534/2035/2245 1535/2036/2246 1499/1995/2210
f 1535/2036/2246 1536/2037/2247 1500/1996/2211
f 1536/2037/2247 1537/2038/2248 1501/1997/2212
f 1537/2038/2248 1538/2039/2249 1502/1998/2213
f 1538/2039/2249 1539/2040/2250 1503/1999/2214
f 1539/2040/2250 1540/2083/2251 1504/2041/2215
f 1540/2042/2251 1541/2085/2288 1505/2043/2252
f 1505/2043/2252 1541/2085/2288 1542/2044/2253
f 1506/2003/2217 1542/2044/2253 1543/2045/2254
f 1507/2004/2218 1543/2045/2254 1544/2046/2255
f 1508/2005/2219 1544/2046/2255 1545/2047/2256
f 1509/2006/2220 1545/2047/2256 1546/2048/2257
f 1510/2007/2221 1546/2048/2257 1547/2049/2258
f 1511/2008/2222 1547/2049/2258 1548/2050/2259
f 1512/2009/2223 1548/2050/2259 1549/2051/2260
f 1513/2010/2224 1549/2051/2260 1550/2052/2261
f 1514/2053/2225 1550/2095/2261 1551/2054/2262
f 1515/2055/2226 1551/2054/2262 1552/2056/2263
f 1516/2014/2227 1552/2056/2263 1553/2057/2264
f 1517/2015/2228 1553/2057/2264 1554/2058/2265
f 1518/2016/2229 1554/2058/2265 1555/2059/2266
f 1519/2017/2230 1555/2059/2266 1556/2060/2267
f 1520/2018/2231 1556/2060/2267 1557/2061/2268
f 1521/2019/2232 1557/2061/2268 1558/2062/2269
f 1522/2063/2233 1558/2104/2269 1559/2064/2270
f 1523/2065/2234 1559/2064/2270 1560/2066/2271
f 1560/2066/2271 1561/2067/2272 1525/2024/2236
f 1561/2067/2272 1562/2068/2273 1526/2025/2237
f 1562/2068/2273 1563/2069/2274 1527/2026/2238
f 1563/2069/2274 1564/2070/2275 1528/2027/2239
f 1564/2070/2275 1565/2071/2276 1529/2028/2240
f 1565/2071/2276 1566/2072/2277 1530/2029/2241
f 1566/2072/2277 1567/2073/2278 1531/2030/2242
f 1567/2073/2278 1568/2114/2279 1532/2032/2243
f 1568/2074/2279 1569/2076/2280 1533/2034/2244
f 1569/2076/2280 1534/2035/2245 1498/1994/2209
f 1570/2077/2281 1571/2078/2282 1535/2036/2246
f 1571/2078/2282 1572/2079/2283 1536/2037/2247
f 1572/2079/2283 1573/2080/2284 1537/2038/2248
f 1573/2080/2284 1574/2081/2285 1538/2039/2249
f 1574/2081/2285 1575/2082/2286 1539/2040/2250
f 1575/2082/2286 1576/2123/2287 1540/2083/2251
f 1576/2084/2287 1577/2125/2324 1541/2085/2288
f 1541/2085/2288 1577/2125/2324 1578/2086/2289
f 1542/2044/2253 1578/2086/2289 1579/2087/2290
f 1543/2045/2254 1579/2087/2290 1580/2088/2291
f 1544/2046/2255 1580/2088/2291 1581/2089/2292
f 1545/2047/2256 1581/2089/2292 1582/2090/2293
f 1546/2048/2257 1582/2090/2293 1583/2091/2294
f 1547/2049/2258 1583/2091/2294 1584/2092/2295
f 1548/2050/2259 1584/2092/2295 1585/2093/2296
f 1549/2051/2260 1585/2093/2296 1586/2094/2297
f 1550/2095/2261 1586/2135/2297 1587/2096/2298
f 1551/2054/2262 1587/2096/2298 1588/2097/2299
f 1552/2056/2263 1588/2097/2299 1589/2098/2300
f 1553/2057/2264 1589/2098/2300 1590/2099/2301
f 1554/2058/2265 1590/2099/2301 1591/2100/2302
f 1555/2059/2266 1591/2100/2302 1592/2101/2303
f 1556/2060/2267 1592/2101/2303 1593/2102/2304
f 1557/2061/2268 1593/2102/2304 1594/2103/2305
f 1558/2104/2269 1594/2144/2305 1595/2105/2306
f 1595/2105/2306 1596/2106/2307 1560/2066/2271
f 1596/2106/2307 1597/2107/2308 1561/2067/2272
f 1597/2107/2308 1598/2108/2309 1562/2068/2273
f 1598/2108/2309 1599/2109/2310 1563/2069/2274
f 1599/2109/2310 1600/2110/2311 1564/2070/2275
f 1600/2110/2311 1601/2111/2312 1565/2071/2276
f 1601/2111/2312 1602/2112/2313 1566/2072/2277
f 1602/2112/2313 1603/2113/2314 1567/2073/2278
f 1603/2113/2314 1604/2154/2315 1568/2114/2279
f 1604/2115/2315 1605/2116/2316 1569/2076/2280
f 1605/2116/2316 1570/2077/2281 1534/2035/2245
f 1606/2117/2317 1607/2118/2318 1571/2078/2282
f 1607/2118/2318 1608/2119/2319 1572/2079/2283
f 1608/2119/2319 1609/2120/2320 1573/2080/2284
f 1609/2120/2320 1610/2121/2321 1574/2081/2285
f 1610/2121/2321 1611/2122/2322 1575/2082/2286
f 1611/2122/2322 1612/2163/2323 1576/2123/2287
f 1612/2124/2323 1613/2165/2360 1577/2125/2324
f 1577/2125/2324 1613/2165/2360 1614/2126/2325
f 1578/2086/2289 1614/2126/2325 1615/2127/2326
f 1579/2087/2290 1615/2127/2326 1616/2128/2327
f 1580/2088/2291 1616/2128/2327 1617/2129/2328
f 1581/2089/2292 1617/2129/2328 1618/2130/2329
f 1582/2090/2293 1618/2130/2329 1619/2131/2330
f 1583/2091/2294 1619/2131/2330 1620/2132/2331
f 1584/2092/2295 1620/2132/2331 1621/2133/2332
f 1585/2093/2296 1621/2133/2332 1622/2134/2333
f 1586/2135/2297 1622/2175/2333 1623/2136/2334
f 1587/2096/2298 1623/2136/2334 1624/2137/2335
f 1588/2097/2299 1624/2137/2335 1625/2138/2336
f 1589/2098/2300 1625/2138/2336 1626/2139/2337
f 1590/2099/2301 1626/2139/2337 1627/2140/2338
f 1591/2100/2302 1627/2140/2338 1628/2141/2339
f 1592/2101/2303 1628/2141/2339 1629/2142/2340
f 1593/2102/2304 1629/2142/2340 1630/2143/2341
f 1594/2144/2305 1630/2184/2341 1631/2145/2342
f 1631/2145/2342 1632/2146/2343 1596/2106/2307
f 1632/2146/2343 1633/2147/2344 1597/2107/2308
f 1633/2147/2344 1634/2148/2345 1598/2108/2309
f 1634/2148/2345 1635/2149/2346 1599/2109/2310
f 1635/2149/2346 1636/2150/2347 1600/2110/2311
f 1636/2150/2347 1637/2151/2348 1601/2111/2312
f 1637/2151/2348 1638/2152/2349 1602/2112/2313
f 1638/2152/2349 1639/2153/2350 1603/2113/2314
f 1639/2153/2350 1640/2194/2351 1604/2154/2315
f 1640/2155/2351 1641/2156/2352 1605/2116/2316
f 1641/2156/2352 1606/2117/2317 1570/2077/2281
f 1642/2157/2353 1643/2158/2354 1607/2118/2318
f 1643/2158/2354 1644/2159/2355 1608/2119/2319
f 1644/2159/2355 1645/2160/2356 1609/2120/2320
f 1645/2160/2356 1646/2161/2357 1610/2121/2321
f 1646/2161/2357 1647/2162/2358 1611/2122/2322
f 1647/2162/2358 1648/2203/2359 1612/2163/2323
f 1648/2164/2359 1649/2206/2396 1613/2165/2360
f 1613/2165/2360 1649/2206/2396 1650/2166/2361
f 1614/2126/2325 1650/2166/2361 1651/2167/2362
f 1615/2127/2326 1651/2167/2362 1652/2168/2363
f 1616/2128/2327 1652/2168/2363 1653/2169/2364
f 1617/2129/2328 1653/2169/2364 1654/2170/2365
f 1618/2130/2329 1654/2170/2365 1655/2171/2366
f 1619/2131/2330 1655/2171/2366 1656/2172/2367
f 1620/2132/2331 1656/2172/2367 1657/2173/2368
f 1621/2133/2332 1657/2173/2368 1658/2174/2369
f 1622/2175/2333 1658/2216/2369 1659/2176/2370
f 1623/2136/2334 1659/2176/2370 1660/2177/2371
f 1624/2137/2335 1660/2177/2371 1661/2178/2372
f 1625/2138/2336 1661/2178/2372 1662/2179/2373
f 1626/2139/2337 1662/2179/2373 1663/2180/2374
f 1627/2140/2338 1663/2180/2374 1664/2181/2375
f 1628/2141/2339 1664/2181/2375 1665/2182/2376
f 1629/2142/2340 1665/2182/2376 1666/2183/2377
f 1630/2184/2341 1666/3985/2377 1667/2185/2378
f 1667/2185/2378 1668/2186/2379 1632/2146/2343
f 1668/2186/2379 1669/2187/2380 1633/2147/2344
f 1669/2187/2380 1670/2188/2381 1634/2148/2345
f 1670/2188/2381 1671/2189/2382 1635/2149/2346
f 1671/2189/2382 1672/2190/2383 1636/2150/2347
f 1672/2190/2383 1673/2191/2384 1637/2151/2348
f 1673/2191/2384 1674/2192/2385 1638/2152/2349
f 1674/2192/2385 1675/2193/2386 1639/2153/2350
f 1675/2193/2386 1676/2238/2387 1640/2194/2351
f 1676/2195/2387 1677/2196/2388 1641/2156/2352
f 1677/2196/2388 1642/2157/2353 1606/2117/2317
f 1678/2197/2389 1679/2198/2390 1643/2158/2354
f 1679/2198/2390 1680/2199/2391 1644/2159/2355
f 1680/2199/2391 1681/2200/2392 1645/2160/2356
f 1681/2200/2392 1682/2201/2393 1646/2161/2357
f 1682/2201/2393 1683/2202/2394 1647/2162/2358
f 1683/2202/2394 1684/2204/2395 1648/2203/2359
f 1684/2204/2395 1685/2248/2432 1649/2205/2396
f 1649/2206/2396 1685/2249/2432 1686/2207/2397
f 1650/2166/2361 1686/2207/2397 1687/2208/2398
f 1651/2167/2362 1687/2208/2398 1688/2209/2399
f 1652/2168/2363 1688/2209/2399 1689/2210/2400
f 1653/2169/2364 1689/2210/2400 1690/2211/2401
f 1654/2170/2365 1690/2211/2401 1691/2212/2402
f 1655/2171/2366 1691/2212/2402 1692/2213/2403
f 1656/2172/2367 1692/2213/2403 1693/2214/2404
f 1657/2173/2368 1693/2214/2404 1694/2215/2405
f 1658/2216/2369 1694/2259/2405 1695/2217/2406
f 1659/2176/2370 1695/2217/2406 1696/2218/2407
f 1660/2177/2371 1696/2218/2407 1697/2219/2408
f 1661/2178/2372 1697/2219/2408 1698/2220/2409
f 1662/2179/2373 1698/2220/2409 1699/2221/2410
f 1663/2180/2374 1699/2221/2410 1700/2222/2411
f 1664/2181/2375 1700/2222/2411 1701/2223/2412
f 1665/2224/2376 1701/2267/2412 1702/2225/2413
f 1666/2183/2377 1702/2269/2413 1703/2227/2414
f 1703/2229/2414 1704/2230/2415 1668/2186/2379
f 1704/2230/2415 1705/2231/2416 1669/2187/2380
f 1705/2231/2416 1706/2232/2417 1670/2188/2381
f 1706/2232/2417 1707/2233/2418 1671/2189/2382
f 1707/2233/2418 1708/2234/2419 1672/2190/2383
f 1708/2234/2419 1709/2235/2420 1673/2191/2384
f 1709/2235/2420 1710/2236/2421 1674/2192/2385
f 1710/2236/2421 1711/2237/2422 1675/2193/2386
f 1711/2237/2422 1712/2280/2423 1676/2238/2387
f 1712/2239/2423 1713/2240/2424 1677/2196/2388
f 1713/2240/2424 1678/2197/2389 1642/2157/2353
f 1714/2241/2425 1715/2242/2426 1679/2198/2390
f 1715/2242/2426 1716/2243/2427 1680/2199/2391
f 1716/2243/2427 1717/2244/2428 1681/2200/2392
f 1717/2244/2428 1718/2245/2429 1682/2201/2393
f 1718/2245/2429 1719/2246/2430 1683/2202/2394
f 1719/2246/2430 1720/2247/2431 1684/2204/2395
f 1720/2247/2431 1721/2290/2468 1685/2248/2432
f 1685/2249/2432 1721/2291/2468 1722/2250/2433
f 1686/2207/2397 1722/2250/2433 1723/2251/2434
f 1687/2208/2398 1723/2251/2434 1724/2252/2435
f 1688/2209/2399 1724/2252/2435 1725/2253/2436
f 1689/2210/2400 1725/2253/2436 1726/2254/2437
f 1690/2211/2401 1726/2254/2437 1727/2255/2438
f 1691/2212/2402 1727/2255/2438 1728/2256/2439
f 1692/2213/2403 1728/2256/2439 1729/2257/2440
f 1693/2214/2404 1729/2257/2440 1730/2258/2441
f 1694/2259/2405 1730/2301/2441 1731/2260/2442
f 1695/2217/2406 1731/2260/2442 1732/2261/2443
f 1696/2218/2407 1732/2261/2443 1733/2262/2444
f 1697/2219/2408 1733/2262/2444 1734/2263/2445
f 1698/2220/2409 1734/2263/2445 1735/2264/2446
f 1699/2221/2410 1735/2264/2446 1736/2265/2447
f 1700/2222/2411 1736/2265/2447 1737/2266/2448
f 1701/2267/2412 1737/3986/2448 1738/2268/2449
f 1702/2269/2413 1738/2310/2449 1739/2270/2450
f 1739/2271/2450 1740/2272/2451 1704/2230/2415
f 1740/2272/2451 1741/2273/2452 1705/2231/2416
f 1741/2273/2452 1742/2274/2453 1706/2232/2417
f 1742/2274/2453 1743/2275/2454 1707/2233/2418
f 1743/2275/2454 1744/2276/2455 1708/2234/2419
f 1744/2276/2455 1745/2277/2456 1709/2235/2420
f 1745/2277/2456 1746/2278/2457 1710/2236/2421
f 1746/2278/2457 1747/2279/2458 1711/2237/2422
f 1747/2279/2458 1748/2321/2459 1712/2280/2423
f 1748/2281/2459 1749/2282/2460 1713/2240/2424
f 1749/2282/2460 1714/2241/2425 1678/2197/2389
f 1750/2283/2461 1751/2284/2462 1715/2242/2426
f 1751/2284/2462 1752/2285/2463 1716/2243/2427
f 1752/2285/2463 1753/2286/2464 1717/2244/2428
f 1753/2286/2464 1754/2287/2465 1718/2245/2429
f 1754/2287/2465 1755/2288/2466 1719/2246/2430
f 1755/2288/2466 1756/2289/2467 1720/2247/2431
f 1756/2289/2467 1757/3987/2504 1721/2290/2468
f 1721/2291/2468 1757/2333/2504 1758/2292/2469
f 1722/2250/2433 1758/2292/2469 1759/2293/2470
f 1723/2251/2434 1759/2293/2470 1760/2294/2471
f 1724/2252/2435 1760/2294/2471 1761/2295/2472
f 1725/2253/2436 1761/2295/2472 1762/2296/2473
f 1726/2254/2437 1762/2296/2473 1763/2297/2474
f 1727/2255/2438 1763/2297/2474 1764/2298/2475
f 1728/2256/2439 1764/2298/2475 1765/2299/2476
f 1729/2257/2440 1765/2299/2476 1766/2300/2477
f 1730/2301/2441 1766/2343/2477 1767/2302/2478
f 1731/2260/2442 1767/2302/2478 1768/2303/2479
f 1732/2261/2443 1768/2303/2479 1769/2304/2480
f 1733/2262/2444 1769/2304/2480 1770/2305/2481
f 1734/2263/2445 1770/2305/2481 1771/2306/2482
f 1735/2264/2446 1771/2306/2482 1772/2307/2483
f 1736/2265/2447 1772/2307/2483 1773/2308/2484
f 1737/2266/2448 1773/2308/2484 1774/2309/2485
f 1738/2310/2449 1774/2309/2485 1775/2311/2486
f 1775/2312/2486 1776/2313/2487 1740/2272/2451
f 1776/2313/2487 1777/2314/2488 1741/2273/2452
f 1777/2314/2488 1778/2315/2489 1742/2274/2453
f 1778/2315/2489 1779/2316/2490 1743/2275/2454
f 1779/2316/2490 1780/2317/2491 1744/2276/2455
f 1780/2317/2491 1781/2318/2492 1745/2277/2456
f 1781/2318/2492 1782/2319/2493 1746/2278/2457
f 1782/2319/2493 1783/2320/2494 1747/2279/2458
f 1783/2320/2494 1784/2364/2495 1748/2321/2459
f 1784/2322/2495 1785/2323/2496 1749/2282/2460
f 1785/2323/2496 1750/2283/2461 1714/2241/2425
f 1786/2324/2497 1787/2325/2498 1751/2284/2462
f 1787/2325/2498 1788/2326/2499 1752/2285/2463
f 1788/2326/2499 1789/2327/2500 1753/2286/2464
f 1789/2327/2500 1790/2328/2501 1754/2287/2465
f 1790/2328/2501 1791/2329/2502 1755/2288/2466
f 1791/2329/2502 1792/2373/2503 1756/2289/2467
f 1792/2330/2503 1793/2375/2540 1757/2331/2504
f 1757/2333/2504 1793/3988/2540 1794/2334/2505
f 1758/2292/2469 1794/2334/2505 1795/2335/2506
f 1759/2293/2470 1795/2335/2506 1796/2336/2507
f 1760/2294/2471 1796/2336/2507 1797/2337/2508
f 1761/2295/2472 1797/2337/2508 1798/2338/2509
f 1762/2296/2473 1798/2338/2509 1799/2339/2510
f 1763/2297/2474 1799/2339/2510 1800/2340/2511
f 1764/2298/2475 1800/2340/2511 1801/2341/2512
f 1765/2299/2476 1801/2341/2512 1802/2342/2513
f 1766/2343/2477 1802/2386/2513 1803/2344/2514
f 1767/2302/2478 1803/2344/2514 1804/2345/2515
f 1768/2303/2479 1804/2345/2515 1805/2346/2516
f 1769/2304/2480 1805/2346/2516 1806/2347/2517
f 1770/2305/2481 1806/2347/2517 1807/2348/2518
f 1771/2306/2482 1807/2348/2518 1808/2349/2519
f 1772/2307/2483 1808/2349/2519 1809/2350/2520
f 1773/2308/2484 1809/2350/2520 1810/2351/2521
f 1774/2352/2485 1810/2395/2521 1811/2353/2522
f 1811/2355/2522 1812/2356/2523 1776/2313/2487
f 1812/2356/2523 1813/2357/2524 1777/2314/2488
f 1813/2357/2524 1814/2358/2525 1778/2315/2489
f 1814/2358/2525 1815/2359/2526 1779/2316/2490
f 1815/2359/2526 1816/2360/2527 1780/2317/2491
f 1816/2360/2527 1817/2361/2528 1781/2318/2492
f 1817/2361/2528 1818/2362/2529 1782/2319/2493
f 1818/2362/2529 1819/2363/2530 1783/2320/2494
f 1819/2363/2530 1820/2406/2531 1784/2364/2495
f 1820/2365/2531 1821/2366/2532 1785/2323/2496
f 1821/2366/2532 1786/2324/2497 1750/2283/2461
f 1822/2367/2533 1823/2368/2534 1787/2325/2498
f 1823/2368/2534 1824/2369/2535 1788/2326/2499
f 1824/2369/2535 1825/2370/2536 1789/2327/2500
f 1825/2370/2536 1826/2371/2537 1790/2328/2501
f 1826/2371/2537 1827/2372/2538 1791/2329/2502
f 1827/2372/2538 1828/2415/2575 1792/2373/2503
f 1792/2330/2503 1828/2416/2575 1829/2374/2539
f 1793/2375/2540 1829/2374/2539 1830/2376/2541
f 1794/2334/2505 1830/2419/2541 1831/2378/2542
f 1795/2335/2506 1831/2378/2542 1832/2379/2543
f 1796/2336/2507 1832/2379/2543 1833/2380/2544
f 1797/2337/2508 1833/2380/2544 1834/2381/2545
f 1798/2338/2509 1834/2381/2545 1835/2382/2546
f 1799/2339/2510 1835/2382/2546 1836/2383/2547
f 1800/2340/2511 1836/2383/2547 1837/2384/2548
f 1801/2341/2512 1837/2384/2548 1838/2385/2549
f 1802/2386/2513 1838/2428/2549 1839/2387/2550
f 1803/2344/2514 1839/2387/2550 1840/2388/2551
f 1804/2345/2515 1840/2388/2551 1841/2389/2552
f 1805/2346/2516 1841/2389/2552 1842/2390/2553
f 1806/2347/2517 1842/2390/2553 1843/2391/2554
f 1807/2348/2518 1843/2391/2554 1844/2392/2555
f 1808/2349/2519 1844/2392/2555 1845/2393/2556
f 1809/2350/2520 1845/2393/2556 1846/2394/2557
f 1810/2395/2521 1846/2438/2557 1847/2396/2558
f 1847/2396/2558 1848/2440/2559 1812/2397/2523
f 1848/2398/2559 1849/2399/2560 1813/2357/2524
f 1849/2399/2560 1850/2400/2561 1814/2358/2525
f 1850/2400/2561 1851/2401/2562 1815/2359/2526
f 1851/2401/2562 1852/2402/2563 1816/2360/2527
f 1852/2402/2563 1853/2403/2564 1817/2361/2528
f 1853/2403/2564 1854/2404/2565 1818/2362/2529
f 1854/2404/2565 1855/2405/2566 1819/2363/2530
f 1855/2405/2566 1856/2449/2567 1820/2406/2531
f 1856/2407/2567 1857/2408/2568 1821/2366/2532
f 1857/2408/2568 1822/2367/2533 1786/2324/2497
f 1858/2409/2569 1859/2410/2570 1823/2368/2534
f 1859/2410/2570 1860/2411/2571 1824/2369/2535
f 1860/2411/2571 1861/2412/2572 1825/2370/2536
f 1861/2412/2572 1862/2413/2573 1826/2371/2537
f 1862/2413/2573 1863/2414/2574 1827/2372/2538
f 1863/2414/2574 1864/2458/2611 1828/2415/2575
f 1828/2416/2575 1864/2459/2611 1865/2417/2576
f 1829/2374/2539 1865/2417/2576 1866/2418/2577
f 1830/2419/2541 1866/3989/2577 1867/2420/2578
f 1831/2378/2542 1867/2420/2578 1868/2421/2579
f 1832/2379/2543 1868/2421/2579 1869/2422/2580
f 1833/2380/2544 1869/2422/2580 1870/2423/2581
f 1834/2381/2545 1870/2423/2581 1871/2424/2582
f 1835/2382/2546 1871/2424/2582 1872/2425/2583
f 1836/2383/2547 1872/2425/2583 1873/2426/2584
f 1837/2384/2548 1873/2426/2584 1874/2427/2585
f 1838/2428/2549 1874/2471/2585 1875/2429/2586
f 1839/2387/2550 1875/2429/2586 1876/2430/2587
f 1840/2388/2551 1876/2430/2587 1877/2431/2588
f 1841/2389/2552 1877/2431/2588 1878/2432/2589
f 1842/2390/2553 1878/2432/2589 1879/2433/2590
f 1843/2391/2554 1879/2433/2590 1880/2434/2591
f 1844/2392/2555 1880/2434/2591 1881/2435/2592
f 1845/2393/2556 1881/2435/2592 1882/2436/2593
f 1882/2437/2593 1883/2439/2594 1847/2396/2558
f 1883/2439/2594 1884/2482/2595 1848/2440/2559
f 1884/2441/2595 1885/2442/2596 1849/2399/2560
f 1885/2442/2596 1886/2443/2597 1850/2400/2561
f 1886/2443/2597 1887/2444/2598 1851/2401/2562
f 1887/2444/2598 1888/2445/2599 1852/2402/2563
f 1888/2445/2599 1889/2446/2600 1853/2403/2564
f 1889/2446/2600 1890/2447/2601 1854/2404/2565
f 1890/2447/2601 1891/2448/2602 1855/2405/2566
f 1891/2448/2602 1892/3990/2603 1856/2449/2567
f 1892/2450/2603 1893/2451/2604 1857/2408/2568
f 1893/2451/2604 1858/2409/2569 1822/2367/2533
f 1894/2452/2605 1895/2453/2606 1859/2410/2570
f 1895/2453/2606 1896/2454/2607 1860/2411/2571
f 1896/2454/2607 1897/2455/2608 1861/2412/2572
f 1897/2455/2608 1898/2456/2609 1862/2413/2573
f 1898/2456/2609 1899/2457/2610 1863/2414/2574
f 1899/2457/2610 1900/2501/2647 1864/2458/2611
f 1864/2459/2611 1900/2502/2647 1901/2460/2612
f 1865/2417/2576 1901/2460/2612 1902/2461/2613
f 1866/2418/2577 1902/2461/2613 1903/2462/2614
f 1867/2420/2578 1903/3991/2614 1904/2464/2615
f 1868/2421/2579 1904/2464/2615 1905/2465/2616
f 1869/2422/2580 1905/2465/2616 1906/2466/2617
f 1870/2423/2581 1906/2466/2617 1907/2467/2618
f 1871/2424/2582 1907/2467/2618 1908/2468/2619
f 1872/2425/2583 1908/2468/2619 1909/2469/2620
f 1873/2426/2584 1909/2469/2620 1910/2470/2621
f 1874/2471/2585 1910/2515/2621 1911/2472/2622
f 1875/2429/2586 1911/2472/2622 1912/2473/2623
f 1876/2430/2587 1912/2473/2623 1913/2474/2624
f 1877/2431/2588 1913/2474/2624 1914/2475/2625
f 1878/2432/2589 1914/2475/2625 1915/2476/2626
f 1879/2433/2590 1915/2476/2626 1916/2477/2627
f 1880/2434/2591 1916/2477/2627 1917/2478/2628
f 1881/2435/2592 1917/2478/2628 1918/2479/2629
f 1918/2480/2629 1919/2481/2630 1883/2439/2594
f 1919/2481/2630 1920/2483/2631 1884/2482/2595
f 1920/2483/2631 1921/2527/2632 1885/2484/2596
f 1921/2485/2632 1922/2486/2633 1886/2443/2597
f 1922/2486/2633 1923/2487/2634 1887/2444/2598
f 1923/2487/2634 1924/2488/2635 1888/2445/2599
f 1924/2488/2635 1925/2489/2636 1889/2446/2600
f 1925/2489/2636 1926/2490/2637 1890/2447/2601
f 1926/2490/2637 1927/2534/2638 1891/2448/2602
f 1927/2491/2638 1928/2493/2639 1892/2450/2603
f 1928/2493/2639 1929/2494/2640 1893/2451/2604
f 1929/2494/2640 1894/2452/2605 1858/2409/2569
f 1930/2495/2641 1931/2496/2642 1895/2453/2606
f 1931/2496/2642 1932/2497/2643 1896/2454/2607
f 1932/2497/2643 1933/2498/2644 1897/2455/2608
f 1933/2498/2644 1934/2499/2645 1898/2456/2609
f 1934/2499/2645 1935/2500/2646 1899/2457/2610
f 1935/2500/2646 1936/2545/2683 1900/2501/2647
f 1900/2502/2647 1936/2546/2683 1937/2503/2648
f 1901/2460/2612 1937/2503/2648 1938/2504/2649
f 1902/2461/2613 1938/2504/2649 1939/2505/2650
f 1903/2462/2614 1939/2505/2650 1940/2506/2651
f 1904/2464/2615 1940/2551/2651 1941/2508/2652
f 1905/2465/2616 1941/2508/2652 1942/2509/2653
f 1906/2466/2617 1942/2509/2653 1943/2510/2654
f 1907/2467/2618 1943/2510/2654 1944/2511/2655
f 1908/2468/2619 1944/2511/2655 1945/2512/2656
f 1909/2513/2620 1945/2557/2656 1946/2514/2657
f 1910/2515/2621 1946/2514/2657 1947/2516/2658
f 1911/2472/2622 1947/2516/2658 1948/2517/2659
f 1912/2473/2623 1948/2517/2659 1949/2518/2660
f 1913/2474/2624 1949/2518/2660 1950/2519/2661
f 1914/2475/2625 1950/2519/2661 1951/2520/2662
f 1915/2476/2626 1951/2520/2662 1952/2521/2663
f 1916/2477/2627 1952/2521/2663 1953/2522/2664
f 1917/2478/2628 1953/2522/2664 1954/2523/2665
f 1954/2524/2665 1955/2525/2666 1919/2481/2630
f 1955/2525/2666 1956/2526/2667 1920/2483/2631
f 1956/2526/2667 1957/2570/2668 1921/2527/2632
f 1957/2528/2668 1958/2529/2669 1922/2486/2633
f 1958/2529/2669 1959/2530/2670 1923/2487/2634
f 1959/2530/2670 1960/2531/2671 1924/2488/2635
f 1960/2531/2671 1961/2532/2672 1925/2489/2636
f 1961/2532/2672 1962/2533/2673 1926/2490/2637
f 1962/2533/2673 1963/2535/2674 1927/2534/2638
f 1963/2535/2674 1964/2579/2675 1928/2536/2639
f 1964/2537/2675 1965/2538/2676 1929/2494/2640
f 1965/2538/2676 1930/2495/2641 1894/2452/2605
f 1966/2539/2677 1967/2540/2678 1931/2496/2642
f 1967/2540/2678 1968/2541/2679 1932/2497/2643
f 1968/2541/2679 1969/2542/2680 1933/2498/2644
f 1969/2542/2680 1970/2543/2681 1934/2499/2645
f 1970/2543/2681 1971/2544/2682 1935/2500/2646
f 1971/2544/2682 1972/2588/2719 1936/2545/2683
f 1936/2546/2683 1972/2589/2719 1973/2547/2684
f 1937/2503/2648 1973/2547/2684 1974/2548/2685
f 1938/2504/2649 1974/2548/2685 1975/2549/2686
f 1939/2505/2650 1975/2549/2686 1976/2550/2687
f 1940/2551/2651 1976/3992/2687 1977/2552/2688
f 1941/2508/2652 1977/2552/2688 1978/2553/2689
f 1942/2509/2653 1978/2553/2689 1979/2554/2690
f 1943/2510/2654 1979/2554/2690 1980/2555/2691
f 1944/2511/2655 1980/2555/2691 1981/2556/2692
f 1945/2557/2656 1981/2600/2692 1982/2558/2693
f 1946/2514/2657 1982/2558/2693 1983/2559/2694
f 1947/2516/2658 1983/2559/2694 1984/2560/2695
f 1948/2517/2659 1984/2560/2695 1985/2561/2696
f 1949/2518/2660 1985/2561/2696 1986/2562/2697
f 1950/2519/2661 1986/2562/2697 1987/2563/2698
f 1951/2520/2662 1987/2563/2698 1988/2564/2699
f 1952/2521/2663 1988/2564/2699 1989/2565/2700
f 1953/2522/2664 1989/2565/2700 1990/2566/2701
f 1990/2567/2701 1991/2568/2702 1955/2525/2666
f 1991/2568/2702 1992/2569/2703 1956/2526/2667
f 1992/2569/2703 1993/2571/2704 1957/2570/2668
f 1993/2571/2704 1994/2614/2705 1958/2572/2669
f 1994/2573/2705 1995/2574/2706 1959/2530/2670
f 1995/2574/2706 1996/2575/2707 1960/2531/2671
f 1996/2575/2707 1997/2576/2708 1961/2532/2672
f 1997/2576/2708 1998/2577/2709 1962/2533/2673
f 1998/2577/2709 1999/2578/2710 1963/2535/2674
f 1999/2578/2710 2000/2621/2711 1964/2579/2675
f 2000/2580/2711 2001/2581/2712 1965/2538/2676
f 2001/2581/2712 1966/2539/2677 1930/2495/2641
f 2002/2582/2713 2003/2583/2714 1967/2540/2678
f 2003/2583/2714 2004/2584/2715 1968/2541/2679
f 2004/2584/2715 2005/2585/2716 1969/2542/2680
f 2005/2585/2716 2006/2586/2717 1970/2543/2681
f 2006/2586/2717 2007/2587/2718 1971/2544/2682
f 2007/2587/2718 2008/2630/2754 1972/2588/2719
f 1972/2589/2719 2008/2631/2754 2009/2590/2720
f 1973/2547/2684 2009/2590/2720 2010/2591/2721
f 1974/2548/2685 2010/2591/2721 2011/2592/2722
f 1975/2549/2686 2011/2592/2722 2012/2593/2723
f 1976/2550/2687 2012/2593/2723 2013/2594/2724
f 1977/2552/2688 2013/3993/2724 2014/2596/2725
f 1978/2553/2689 2014/2596/2725 2015/2597/2726
f 1979/2554/2690 2015/2597/2726 2016/2598/2727
f 1980/2555/2691 2016/2598/2727 2017/2599/2728
f 1981/2600/2692 2017/3994/2728 2018/2601/2729
f 1982/2558/2693 2018/2601/2729 2019/2602/2730
f 1983/2559/2694 2019/2602/2730 2020/2603/2731
f 1984/2560/2695 2020/2603/2731 2021/2604/2732
f 1985/2561/2696 2021/2604/2732 2022/2605/2733
f 1986/2562/2697 2022/2605/2733 2023/2606/2734
f 1987/2563/2698 2023/2606/2734 2024/2607/2735
f 1988/2564/2699 2024/2607/2735 2025/2608/2736
f 2025/2609/2736 2026/2611/2737 1990/2567/2701
f 2026/2611/2737 2027/2653/2773 1991/2568/2702
f 1991/2568/2702 2027/2653/2773 2028/2612/2738
f 2028/2612/2738 2029/2613/2739 1993/2571/2704
f 2029/2613/2739 2030/2656/2740 1994/2614/2705
f 2030/2615/2740 2031/2616/2741 1995/2574/2706
f 2031/2616/2741 2032/2617/2742 1996/2575/2707
f 2032/2617/2742 2033/2618/2743 1997/2576/2708
f 2033/2618/2743 2034/2619/2744 1998/2577/2709
f 2034/2619/2744 2035/2620/2745 1999/2578/2710
f 2035/2620/2745 2036/2665/2746 2000/2621/2711
f 2036/2622/2746 2037/2623/2747 2001/2581/2712
f 2037/2623/2747 2002/2582/2713 1966/2539/2677
f 2038/2624/2748 2039/2625/2749 2003/2583/2714
f 2039/2625/2749 2040/2626/2750 2004/2584/2715
f 2040/2626/2750 2041/2627/2751 2005/2585/2716
f 2041/2627/2751 2042/2628/2752 2006/2586/2717
f 2042/2628/2752 2043/2629/2753 2007/2587/2718
f 2043/2629/2753 2044/3995/2790 2008/2630/2754
f 2008/2631/2754 2044/2674/2790 2045/2632/2755
f 2009/2590/2720 2045/2632/2755 2046/2633/2756
f 2010/2591/2721 2046/2633/2756 2047/2634/2757
f 2011/2592/2722 2047/2634/2757 2048/2635/2758
f 2012/2593/2723 2048/2635/2758 2049/2636/2759
f 2013/2594/2724 2049/2636/2759 2050/2637/2760
f 2014/2596/2725 2050/3996/2760 2051/2639/2761
f 2015/2597/2726 2051/2639/2761 2052/2640/2762
f 2016/2598/2727 2052/2640/2762 2053/2641/2763
f 2017/2599/2728 2053/2641/2763 2054/2642/2764
f 2018/2601/2729 2054/2687/2764 2055/2644/2765
f 2019/2602/2730 2055/2644/2765 2056/2645/2766
f 2020/2603/2731 2056/2645/2766 2057/2646/2767
f 2021/2604/2732 2057/2646/2767 2058/2647/2768
f 2022/2605/2733 2058/2647/2768 2059/2648/2769
f 2023/2606/2734 2059/2648/2769 2060/2649/2770
f 2024/2607/2735 2060/2649/2770 2061/2650/2771
f 2061/2651/2771 2062/2652/2772 2026/2611/2737
f 2062/2652/2772 2063/2697/2809 2027/2653/2773
f 2027/2653/2773 2063/2697/2809 2064/2654/2774
f 2064/2654/2774 2065/2655/2775 2029/2613/2739
f 2065/2655/2775 2066/2657/2776 2030/2656/2740
f 2066/2657/2776 2067/2659/2777 2031/2658/2741
f 2067/2659/2777 2068/2703/2778 2032/2660/2742
f 2068/2661/2778 2069/2662/2779 2033/2618/2743
f 2069/2662/2779 2070/2663/2780 2034/2619/2744
f 2070/2663/2780 2071/2664/2781 2035/2620/2745
f 2071/2664/2781 2072/2710/2782 2036/2665/2746
f 2072/2666/2782 2073/2667/2783 2037/2623/2747
f 2073/2667/2783 2038/2624/2748 2002/2582/2713
f 2074/2668/2784 2075/2669/2785 2039/2625/2749
f 2075/2669/2785 2076/2670/2786 2040/2626/2750
f 2076/2670/2786 2077/2671/2787 2041/2627/2751
f 2077/2671/2787 2078/2672/2788 2042/2628/2752
f 2078/2672/2788 2079/2718/2789 2043/2629/2753
f 2079/2673/2789 2080/2720/2827 2044/2674/2790
f 2044/2674/2790 2080/2720/2827 2081/2676/2791
f 2045/2632/2755 2081/2676/2791 2082/2677/2792
f 2046/2633/2756 2082/2677/2792 2083/2678/2793
f 2047/2634/2757 2083/2678/2793 2084/2679/2794
f 2048/2635/2758 2084/2679/2794 2085/2680/2795
f 2049/2636/2759 2085/2680/2795 2086/2681/2796
f 2050/2637/2760 2086/2681/2796 2087/2682/2797
f 2051/2639/2761 2087/2728/2797 2088/2684/2798
f 2052/2640/2762 2088/2684/2798 2089/2685/2799
f 2053/2641/2763 2089/2685/2799 2090/2686/2800
f 2054/2687/2764 2090/2732/2800 2091/2688/2801
f 2055/2644/2765 2091/2688/2801 2092/2689/2802
f 2056/2645/2766 2092/2689/2802 2093/2690/2803
f 2057/2646/2767 2093/2690/2803 2094/2691/2804
f 2058/2647/2768 2094/2691/2804 2095/2692/2805
f 2059/2648/2769 2095/2692/2805 2096/2693/2806
f 2060/2694/2770 2096/3997/2806 2097/2695/2807
f 2061/2651/2771 2097/2695/2807 2098/2696/2808
f 2098/2696/2808 2099/2698/2810 2063/2697/2809
f 2099/2698/2810 2100/2699/2811 2064/2654/2774
f 2100/2699/2811 2101/2700/2812 2065/2655/2775
f 2101/2700/2812 2102/2701/2813 2066/2657/2776
f 2102/2701/2813 2103/2702/2814 2067/2659/2777
f 2103/2702/2814 2104/2704/2815 2068/2703/2778
f 2104/2704/2815 2105/2706/2816 2069/2705/2779
f 2105/2706/2816 2106/2749/2817 2070/2707/2780
f 2106/2708/2817 2107/2709/2818 2071/2664/2781
f 2107/2709/2818 2108/2752/2819 2072/2710/2782
f 2108/2711/2819 2109/2712/2820 2073/2667/2783
f 2109/2712/2820 2074/2668/2784 2038/2624/2748
f 2110/2713/2821 2111/2714/2822 2075/2669/2785
f 2111/2714/2822 2112/2715/2823 2076/2670/2786
f 2112/2715/2823 2113/2716/2824 2077/2671/2787
f 2113/2716/2824 2114/2717/2825 2078/2672/2788
f 2114/2717/2825 2115/3998/2826 2079/2718/2789
f 2115/2719/2826 2116/2721/2828 2080/2720/2827
f 2116/2721/2828 2117/2763/2864 2081/2676/2791
f 2081/2676/2791 2117/2763/2864 2118/2722/2829
f 2082/2677/2792 2118/2722/2829 2119/2723/2830
f 2083/2678/2793 2119/2723/2830 2120/2724/2831
f 2084/2679/2794 2120/2724/2831 2121/2725/2832
f 2085/2680/2795 2121/2725/2832 2122/2726/2833
f 2086/2681/2796 2122/2726/2833 2123/2727/2834
f 2087/2728/2797 2123/3999/2834 2124/2729/2835
f 2088/2684/2798 2124/2729/2835 2125/2730/2836
f 2089/2685/2799 2125/2730/2836 2126/2731/2837
f 2090/2732/2800 2126/2776/2837 2127/2733/2838
f 2091/2688/2801 2127/2733/2838 2128/2734/2839
f 2092/2689/2802 2128/2734/2839 2129/2735/2840
f 2093/2690/2803 2129/2735/2840 2130/2736/2841
f 2094/2691/2804 2130/2736/2841 2131/2737/2842
f 2095/2692/2805 2131/2737/2842 2132/2738/2843
f 2096/2693/2806 2132/2738/2843 2133/2739/2844
f 2097/2695/2807 2133/2784/2844 2134/2741/2845
f 2098/2696/2808 2134/2741/2845 2135/2742/2846
f 2135/2742/2846 2136/2743/2847 2100/2699/2811
f 2136/2743/2847 2137/2744/2848 2101/2700/2812
f 2137/2744/2848 2138/2745/2849 2102/2701/2813
f 2138/2745/2849 2139/2746/2850 2103/2702/2814
f 2139/2746/2850 2140/2747/2851 2104/2704/2815
f 2140/2747/2851 2141/2748/2852 2105/2706/2816
f 2141/2748/2852 2142/2793/2853 2106/2749/2817
f 2142/2750/2853 2143/2751/2854 2107/2709/2818
f 2143/2751/2854 2144/4000/2855 2108/2752/2819
f 2144/2753/2855 2145/2754/2856 2109/2712/2820
f 2145/2754/2856 2110/2713/2821 2074/2668/2784
f 2146/2755/2857 2147/2756/2858 2111/2714/2822
f 2147/2756/2858 2148/2757/2859 2112/2715/2823
f 2148/2757/2859 2149/2758/2860 2113/2716/2824
f 2149/2758/2860 2150/2803/2861 2114/2717/2825
f 2150/2759/2861 2151/2761/2862 2115/2719/2826
f 2151/2761/2862 2152/2806/2899 2116/2721/2828
f 2116/2721/2828 2152/2806/2899 2153/2762/2863
f 2117/2763/2864 2153/2762/2863 2154/2764/2865
f 2118/2722/2829 2154/2764/2865 2155/2765/2866
f 2119/2723/2830 2155/2765/2866 2156/2766/2867
f 2120/2724/2831 2156/2766/2867 2157/2767/2868
f 2121/2725/2832 2157/2767/2868 2158/2768/2869
f 2122/2726/2833 2158/2768/2869 2159/2769/2870
f 2123/2770/2834 2159/2814/2870 2160/2771/2871
f 2124/2772/2835 2160/2771/2871 2161/2773/2872
f 2125/2774/2836 2161/2773/2872 2162/2775/2873
f 2126/2776/2837 2162/2775/2873 2163/2777/2874
f 2127/2733/2838 2163/2777/2874 2164/2778/2875
f 2128/2734/2839 2164/2778/2875 2165/2779/2876
f 2129/2735/2840 2165/2779/2876 2166/2780/2877
f 2130/2736/2841 2166/2780/2877 2167/2781/2878
f 2131/2737/2842 2167/2781/2878 2168/2782/2879
f 2132/2738/2843 2168/2782/2879 2169/2783/2880
f 2133/2784/2844 2169/2825/2880 2170/2785/2881
f 2170/2785/2881 2171/2786/2882 2135/2742/2846
f 2171/2786/2882 2172/2787/2883 2136/2743/2847
f 2172/2787/2883 2173/2788/2884 2137/2744/2848
f 2173/2788/2884 2174/2789/2885 2138/2745/2849
f 2174/2789/2885 2175/2790/2886 2139/2746/2850
f 2175/2790/2886 2176/2791/2887 2140/2747/2851
f 2176/2791/2887 2177/2792/2888 2141/2748/2852
f 2177/2792/2888 2178/4001/2889 2142/2793/2853
f 2178/2794/2889 2179/4002/2890 2143/2751/2854
f 2179/2795/2890 2180/2797/2891 2144/2753/2855
f 2180/2797/2891 2181/2798/2892 2145/2754/2856
f 2181/2798/2892 2146/2755/2857 2110/2713/2821
f 2182/2799/2893 2183/2800/2894 2147/2756/2858
f 2183/2800/2894 2184/2801/2895 2148/2757/2859
f 2184/2801/2895 2185/2802/2896 2149/2758/2860
f 2185/2802/2896 2186/2844/2897 2150/2803/2861
f 2186/2804/2897 2187/2847/2934 2151/2761/2862
f 2151/2761/2862 2187/2847/2934 2188/2805/2898
f 2152/2806/2899 2188/2805/2898 2189/2807/2900
f 2153/2762/2863 2189/2807/2900 2190/2808/2901
f 2154/2764/2865 2190/2808/2901 2191/2809/2902
f 2155/2765/2866 2191/2809/2902 2192/2810/2903
f 2156/2766/2867 2192/2810/2903 2193/2811/2904
f 2157/2767/2868 2193/2811/2904 2194/2812/2905
f 2158/2768/2869 2194/2812/2905 2195/2813/2906
f 2159/2814/2870 2195/2856/2906 2196/2815/2907
f 2160/2771/2871 2196/2815/2907 2197/2816/2908
f 2161/2773/2872 2197/2816/2908 2198/2817/2909
f 2162/2775/2873 2198/2817/2909 2199/2818/2910
f 2163/2777/2874 2199/2818/2910 2200/2819/2911
f 2164/2778/2875 2200/2819/2911 2201/2820/2912
f 2165/2779/2876 2201/2820/2912 2202/2821/2913
f 2166/2780/2877 2202/2821/2913 2203/2822/2914
f 2167/2781/2878 2203/2822/2914 2204/2823/2915
f 2168/2782/2879 2204/2823/2915 2205/2824/2916
f 2169/2825/2880 2205/2868/2916 2206/2826/2917
f 2206/2826/2917 2207/2827/2918 2171/2786/2882
f 2207/2827/2918 2208/2828/2919 2172/2787/2883
f 2208/2828/2919 2209/2829/2920 2173/2788/2884
f 2209/2829/2920 2210/2830/2921 2174/2789/2885
f 2210/2830/2921 2211/2831/2922 2175/2790/2886
f 2211/2831/2922 2212/2832/2923 2176/2791/2887
f 2212/2832/2923 2213/2876/2924 2177/2792/2888
f 2213/2833/2924 2214/2836/2925 2178/2834/2889
f 2214/2836/2925 2215/2837/2926 2179/2795/2890
f 2215/2837/2926 2216/2838/2927 2180/2797/2891
f 2216/2838/2927 2217/2839/2928 2181/2798/2892
f 2217/2839/2928 2182/2799/2893 2146/2755/2857
f 2218/2840/2929 2219/2841/2930 2183/2800/2894
f 2219/2841/2930 2220/2842/2931 2184/2801/2895
f 2220/2842/2931 2221/2843/2932 2185/2802/2896
f 2221/2843/2932 2222/2845/2933 2186/2844/2897
f 2222/2845/2933 2223/2888/2970 2187/2846/2934
f 2187/2847/2934 2223/2889/2970 2224/2848/2935
f 2188/2805/2898 2224/2848/2935 2225/2849/2936
f 2189/2807/2900 2225/2849/2936 2226/2850/2937
f 2190/2808/2901 2226/2850/2937 2227/2851/2938
f 2191/2809/2902 2227/2851/2938 2228/2852/2939
f 2192/2810/2903 2228/2852/2939 2229/2853/2940
f 2193/2811/2904 2229/2853/2940 2230/2854/2941
f 2194/2812/2905 2230/2854/2941 2231/2855/2942
f 2195/2856/2906 2231/2898/2942 2232/2857/2943
f 2196/2815/2907 2232/2857/2943 2233/2858/2944
f 2197/2816/2908 2233/2858/2944 2234/2859/2945
f 2198/2817/2909 2234/2859/2945 2235/2860/2946
f 2199/2818/2910 2235/2860/2946 2236/2861/2947
f 2200/2819/2911 2236/2861/2947 2237/2862/2948
f 2201/2820/2912 2237/2862/2948 2238/2863/2949
f 2202/2821/2913 2238/2863/2949 2239/2864/2950
f 2203/2822/2914 2239/2864/2950 2240/2865/2951
f 2204/2823/2915 2240/2865/2951 2241/2866/2952
f 2241/2867/2952 2242/2869/2953 2206/2826/2917
f 2242/2869/2953 2243/2870/2954 2207/2827/2918
f 2243/2870/2954 2244/2871/2955 2208/2828/2919
f 2244/2871/2955 2245/2872/2956 2209/2829/2920
f 2245/2872/2956 2246/2873/2957 2210/2830/2921
f 2246/2873/2957 2247/2874/2958 2211/2831/2922
f 2247/2874/2958 2248/2875/2959 2212/2832/2923
f 2248/2875/2959 2249/2877/2960 2213/2876/2924
f 2249/2877/2960 2250/4003/2961 2214/2878/2925
f 2250/2879/2961 2251/2880/2962 2215/2837/2926
f 2251/2880/2962 2252/2881/2963 2216/2838/2927
f 2252/2881/2963 2253/2882/2964 2217/2839/2928
f 2253/2882/2964 2218/2840/2929 2182/2799/2893
f 2254/2883/2965 2255/2884/2966 2219/2841/2930
f 2255/2884/2966 2256/2885/2967 2220/2842/2931
f 2256/2885/2967 2257/2886/2968 2221/2843/2932
f 2257/2886/2968 2258/2887/2969 2222/2845/2933
f 2258/2887/2969 2259/4004/3006 2223/2888/2970
f 2223/2889/2970 2259/2930/3006 2260/2890/2971
f 2224/2848/2935 2260/2890/2971 2261/2891/2972
f 2225/2849/2936 2261/2891/2972 2262/2892/2973
f 2226/2850/2937 2262/2892/2973 2263/2893/2974
f 2227/2851/2938 2263/2893/2974 2264/2894/2975
f 2228/2852/2939 2264/2894/2975 2265/2895/2976
f 2229/2853/2940 2265/2895/2976 2266/2896/2977
f 2230/2854/2941 2266/2896/2977 2267/2897/2978
f 2231/2898/2942 2267/2939/2978 2268/2899/2979
f 2232/2857/2943 2268/2899/2979 2269/2900/2980
f 2233/2858/2944 2269/2900/2980 2270/2901/2981
f 2234/2859/2945 2270/2901/2981 2271/2902/2982
f 2235/2860/2946 2271/2902/2982 2272/2903/2983
f 2236/2861/2947 2272/2903/2983 2273/2904/2984
f 2237/2862/2948 2273/2904/2984 2274/2905/2985
f 2238/2863/2949 2274/2905/2985 2275/2906/2986
f 2239/2864/2950 2275/2906/2986 2276/2907/2987
f 2240/2865/2951 2276/2907/2987 2277/2908/2988
f 2277/2909/2988 2278/2910/2989 2242/2869/2953
f 2278/2910/2989 2279/2911/2990 2243/2870/2954
f 2279/2911/2990 2280/2912/2991 2244/2871/2955
f 2280/2912/2991 2281/2913/2992 2245/2872/2956
f 2281/2913/2992 2282/2914/2993 2246/2873/2957
f 2282/2914/2993 2283/2915/2994 2247/2874/2958
f 2283/2915/2994 2284/2956/2995 2248/2875/2959
f 2284/2916/2995 2285/2919/2996 2249/2917/2960
f 2285/2919/2996 2286/2920/2997 2250/2879/2961
f 2286/2920/2997 2287/2921/2998 2251/2880/2962
f 2287/2921/2998 2288/2922/2999 2252/2881/2963
f 2288/2922/2999 2289/2923/3000 2253/2882/2964
f 2289/2923/3000 2254/2883/2965 2218/2840/2929
f 2290/2924/3001 2291/2925/3002 2255/2884/2966
f 2291/2925/3002 2292/2926/3003 2256/2885/2967
f 2292/2926/3003 2293/2927/3004 2257/2886/2968
f 2293/2927/3004 2294/2967/3041 2258/2887/2969
f 2258/2928/2969 2294/2968/3041 2295/2929/3005
f 2259/2930/3006 2295/2929/3005 2296/2931/3007
f 2260/2890/2971 2296/2931/3007 2297/2932/3008
f 2261/2891/2972 2297/2932/3008 2298/2933/3009
f 2262/2892/2973 2298/2933/3009 2299/2934/3010
f 2263/2893/2974 2299/2934/3010 2300/2935/3011
f 2264/2894/2975 2300/2935/3011 2301/2936/3012
f 2265/2895/2976 2301/2936/3012 2302/2937/3013
f 2266/2896/2977 2302/2937/3013 2303/2938/3014
f 2267/2939/2978 2303/2977/3014 2304/2940/3015
f 2268/2899/2979 2304/2940/3015 2305/2941/3016
f 2269/2900/2980 2305/2941/3016 2306/2942/3017
f 2270/2901/2981 2306/2942/3017 2307/2943/3018
f 2271/2902/2982 2307/2943/3018 2308/2944/3019
f 2272/2903/2983 2308/2944/3019 2309/2945/3020
f 2273/2904/2984 2309/2945/3020 2310/2946/3021
f 2310/2946/3021 2311/2947/3022 2275/2906/2986
f 2311/2947/3022 2312/2948/3023 2276/2907/2987
f 2312/2948/3023 2313/4005/3024 2277/2908/2988
f 2313/2949/3024 2314/2950/3025 2278/2910/2989
f 2314/2950/3025 2315/2951/3026 2279/2911/2990
f 2315/2951/3026 2316/2952/3027 2280/2912/2991
f 2316/2952/3027 2317/2953/3028 2281/2913/2992
f 2317/2953/3028 2318/2954/3029 2282/2914/2993
f 2318/2954/3029 2319/2955/3030 2283/2915/2994
f 2319/2955/3030 2320/2995/3031 2284/2956/2995
f 2320/2957/3031 2321/2958/3032 2285/2919/2996
f 2321/2958/3032 2322/2959/3033 2286/2920/2997
f 2322/2959/3033 2323/2960/3034 2287/2921/2998
f 2323/2960/3034 2324/2961/3035 2288/2922/2999
f 2324/2961/3035 2325/2962/3036 2289/2923/3000
f 2325/2962/3036 2290/2924/3001 2254/2883/2965
f 2326/2963/3037 2327/3003/3072 2291/2925/3002
f 2291/2925/3002 2327/3003/3072 2328/2964/3038
f 2292/2926/3003 2328/2964/3038 2329/2965/3039
f 2293/2927/3004 2329/2965/3039 2330/2966/3040
f 2294/2968/3041 2330/3007/3040 2331/2969/3042
f 2295/2929/3005 2331/2969/3042 2332/2970/3043
f 2296/2931/3007 2332/2970/3043 2333/2971/3044
f 2333/2971/3044 2334/3011/3079 2298/2933/3009
f 2298/2933/3009 2334/3011/3079 2335/2972/3045
f 2299/2934/3010 2335/2972/3045 2336/2973/3046
f 2300/2935/3011 2336/2973/3046 2337/2974/3047
f 2301/2936/3012 2337/2974/3047 2338/2975/3048
f 2302/2937/3013 2338/2975/3048 2339/2976/3049
f 2303/2977/3014 2339/3018/3049 2340/2978/3050
f 2304/2940/3015 2340/2978/3050 2341/2979/3051
f 2341/2979/3051 2342/2980/3052 2306/2942/3017
f 2342/2980/3052 2343/2981/3053 2307/2943/3018
f 2343/2981/3053 2344/2982/3054 2308/2944/3019
f 2344/2982/3054 2345/2983/3055 2309/2945/3020
f 2345/2983/3055 2346/2984/3056 2310/2946/3021
f 2346/2984/3056 2347/3026/3057 2311/2947/3022
f 2347/2985/3057 2348/3028/3093 2312/2986/3023
f 2312/2986/3023 2348/3028/3093 2349/2988/3058
f 2349/2988/3058 2350/2989/3059 2314/2950/3025
f 2350/2989/3059 2351/2990/3060 2315/2951/3026
f 2351/2990/3060 2352/2991/3061 2316/2952/3027
f 2352/2991/3061 2353/2992/3062 2317/2953/3028
f 2353/2992/3062 2354/2993/3063 2318/2954/3029
f 2354/2993/3063 2355/2994/3064 2319/2955/3030
f 2355/2994/3064 2356/3036/3065 2320/2995/3031
f 2356/2996/3065 2357/2997/3066 2321/2958/3032
f 2357/2997/3066 2358/2998/3067 2322/2959/3033
f 2358/2998/3067 2359/2999/3068 2323/2960/3034
f 2359/2999/3068 2360/3000/3069 2324/2961/3035
f 2360/3000/3069 2361/3001/3070 2325/2962/3036
f 2361/3001/3070 2326/2963/3037 2290/2924/3001
f 2326/2963/3037 2362/3042/3106 2363/3002/3071
f 2327/3003/3072 2363/3002/3071 2364/3004/3073
f 2328/2964/3038 2364/3004/3073 2365/3005/3074
f 2329/2965/3039 2365/3005/3074 2366/3006/3075
f 2330/3007/3040 2366/3047/3075 2367/3008/3076
f 2331/2969/3042 2367/3008/3076 2368/3009/3077
f 2332/2970/3043 2368/3009/3077 2369/3010/3078
f 2369/3010/3078 2370/3052/3115 2334/3011/3079
f 2334/3011/3079 2370/3052/3115 2371/3012/3080
f 2335/2972/3045 2371/3012/3080 2372/3013/3081
f 2336/2973/3046 2372/3013/3081 2373/3014/3082
f 2337/2974/3047 2373/3014/3082 2374/3015/3083
f 2338/2975/3048 2374/3015/3083 2375/3016/3084
f 2375/3017/3084 2376/3019/3085 2340/2978/3050
f 2376/3019/3085 2377/3020/3086 2341/2979/3051
f 2377/3020/3086 2378/3021/3087 2342/2980/3052
f 2378/3021/3087 2379/3022/3088 2343/2981/3053
f 2379/3022/3088 2380/3023/3089 2344/2982/3054
f 2380/3023/3089 2381/3024/3090 2345/2983/3055
f 2381/3024/3090 2382/3025/3091 2346/2984/3056
f 2382/3025/3091 2383/3066/3092 2347/3026/3057
f 2383/3027/3092 2384/3068/3129 2348/3028/3093
f 2348/3028/3093 2384/3068/3129 2385/3029/3094
f 2385/3029/3094 2386/3030/3095 2350/2989/3059
f 2386/3030/3095 2387/3031/3096 2351/2990/3060
f 2387/3031/3096 2388/3032/3097 2352/2991/3061
f 2388/3032/3097 2389/3033/3098 2353/2992/3062
f 2389/3033/3098 2390/3075/3136 2354/2993/3063
f 2354/2993/3063 2390/3075/3136 2391/3034/3099
f 2355/2994/3064 2391/3034/3099 2392/3035/3100
f 2356/2996/3065 2392/3079/3100 2393/3037/3101
f 2357/2997/3066 2393/3037/3101 2394/3038/3102
f 2358/2998/3067 2394/3038/3102 2395/3039/3103
f 2359/2999/3068 2395/3039/3103 2396/3040/3104
f 2360/3000/3069 2396/3040/3104 2397/3041/3105
f 2361/3001/3070 2397/3041/3105 2362/3042/3106
f 2362/3042/3106 2398/3085/3144 2399/3043/3107
f 2363/3002/3071 2399/3043/3107 2400/3044/3108
f 2364/3004/3073 2400/3044/3108 2401/3045/3109
f 2365/3005/3074 2401/3045/3109 2402/3046/3110
f 2366/3047/3075 2402/3092/3110 2403/3048/3111
f 2367/3008/3076 2403/3048/3111 2404/3049/3112
f 2368/3009/3077 2404/3049/3112 2405/3050/3113
f 2369/3010/3078 2405/3050/3113 2406/3051/3114
f 2370/3052/3115 2406/3051/3114 2407/3053/3116
f 2371/3012/3080 2407/3053/3116 2408/3054/3117
f 2372/3013/3081 2408/3054/3117 2409/3055/3118
f 2409/3055/3118 2410/4006/3119 2374/3015/3083
f 2410/3056/3119 2411/3058/3120 2375/3017/3084
f 2411/3058/3120 2412/3059/3121 2376/3019/3085
f 2412/3059/3121 2413/3060/3122 2377/3020/3086
f 2413/3060/3122 2414/3061/3123 2378/3021/3087
f 2414/3061/3123 2415/3062/3124 2379/3022/3088
f 2415/3062/3124 2416/3063/3125 2380/3023/3089
f 2416/3063/3125 2417/3064/3126 2381/3024/3090
f 2417/3064/3126 2418/3065/3127 2382/3025/3091
f 2418/3065/3127 2419/3110/3128 2383/3066/3092
f 2419/3067/3128 2420/3069/3130 2384/3068/3129
f 2420/3069/3130 2421/3070/3131 2385/3029/3094
f 2421/3070/3131 2422/3071/3132 2386/3030/3095
f 2422/3071/3132 2423/3072/3133 2387/3031/3096
f 2423/3072/3133 2424/3073/3134 2388/3032/3097
f 2424/3073/3134 2425/3074/3135 2389/3033/3098
f 2425/3074/3135 2426/3076/3137 2390/3075/3136
f 2426/3076/3137 2427/3119/3172 2391/3034/3099
f 2391/3077/3099 2427/3120/3172 2428/3078/3138
f 2392/3079/3100 2428/3078/3138 2429/3080/3139
f 2393/3037/3101 2429/3080/3139 2430/3081/3140
f 2394/3038/3102 2430/3081/3140 2431/3082/3141
f 2395/3039/3103 2431/3082/3141 2432/3083/3142
f 2396/3040/3104 2432/3083/3142 2433/3084/3143
f 2397/3041/3105 2433/3084/3143 2398/3085/3144
f 2398/3085/3144 2434/3127/3179 2435/3086/3145
f 2399/3043/3107 2435/3086/3145 2436/3087/3146
f 2436/3088/3146 2437/3131/3182 2401/3089/3109
f 2401/3045/3109 2437/3132/3182 2438/3091/3147
f 2402/3092/3110 2438/3134/3147 2439/3093/3148
f 2403/3048/3111 2439/3093/3148 2440/3094/3149
f 2404/3049/3112 2440/3094/3149 2441/3095/3150
f 2405/3050/3113 2441/3095/3150 2442/3096/3151
f 2442/3096/3151 2443/3097/3152 2407/3053/3116
f 2443/3097/3152 2444/3098/3153 2408/3054/3117
f 2444/3098/3153 2445/3141/3154 2409/3055/3118
f 2445/3099/3154 2446/3101/3155 2410/3056/3119
f 2446/3101/3155 2447/3102/3156 2411/3058/3120
f 2447/3102/3156 2448/3103/3157 2412/3059/3121
f 2448/3103/3157 2449/3104/3158 2413/3060/3122
f 2449/3104/3158 2450/3105/3159 2414/3061/3123
f 2450/3105/3159 2451/3106/3160 2415/3062/3124
f 2451/3106/3160 2452/3107/3161 2416/3063/3125
f 2452/3107/3161 2453/3108/3162 2417/3064/3126
f 2453/3108/3162 2454/3109/3163 2418/3065/3127
f 2454/3109/3163 2455/3152/3164 2419/3110/3128
f 2455/3111/3164 2456/3112/3165 2420/3069/3130
f 2456/3112/3165 2457/3113/3166 2421/3070/3131
f 2457/3113/3166 2458/3114/3167 2422/3071/3132
f 2458/3114/3167 2459/3115/3168 2423/3072/3133
f 2459/3115/3168 2460/3157/3204 2424/3073/3134
f 2424/3073/3134 2460/3157/3204 2461/3116/3169
f 2425/3074/3135 2461/3116/3169 2462/3117/3170
f 2426/3076/3137 2462/3117/3170 2463/3118/3171
f 2427/3120/3172 2463/3161/3171 2464/3121/3173
f 2428/3078/3138 2464/3121/3173 2465/3122/3174
f 2429/3080/3139 2465/3122/3174 2466/3123/3175
f 2430/3081/3140 2466/3123/3175 2467/3124/3176
f 2431/3082/3141 2467/3124/3176 2468/3125/3177
f 2432/3083/3142 2468/3125/3177 2469/3126/3178
f 2433/3084/3143 2469/3126/3178 2434/3127/3179
f 2434/3127/3179 2470/3168/3214 2471/3128/3180
f 2435/3086/3145 2471/3128/3180 2472/3129/3181
f 2472/3130/3181 2473/4007/3218 2437/3131/3182
f 2437/3132/3182 2473/3172/3218 2474/3133/3183
f 2438/3134/3147 2474/3174/3183 2475/3135/3184
f 2439/3093/3148 2475/3135/3184 2476/3136/3185
f 2440/3094/3149 2476/3136/3185 2477/3137/3186
f 2441/3095/3150 2477/3137/3186 2478/3138/3187
f 2478/3138/3187 2479/3139/3188 2443/3097/3152
f 2479/3139/3188 2480/3140/3189 2444/3098/3153
f 2480/3140/3189 2481/3181/3190 2445/3141/3154
f 2481/3142/3190 2482/3143/3191 2446/3101/3155
f 2482/3143/3191 2483/3144/3192 2447/3102/3156
f 2483/3144/3192 2484/3145/3193 2448/3103/3157
f 2484/3145/3193 2485/3146/3194 2449/3104/3158
f 2485/3146/3194 2486/3147/3195 2450/3105/3159
f 2486/3147/3195 2487/3148/3196 2451/3106/3160
f 2487/3148/3196 2488/3149/3197 2452/3107/3161
f 2488/3149/3197 2489/3150/3198 2453/3108/3162
f 2489/3150/3198 2490/3151/3199 2454/3109/3163
f 2490/3151/3199 2491/3192/3236 2455/3152/3164
f 2455/3111/3164 2491/3193/3236 2492/3153/3200
f 2492/3153/3200 2493/3154/3201 2457/3113/3166
f 2493/3154/3201 2494/3155/3202 2458/3114/3167
f 2494/3155/3202 2495/3156/3203 2459/3115/3168
f 2495/3156/3203 2496/3158/3205 2460/3157/3204
f 2496/3158/3205 2497/3199/3242 2461/3116/3169
f 2461/3116/3169 2497/3199/3242 2498/3159/3206
f 2462/3117/3170 2498/3159/3206 2499/3160/3207
f 2463/3161/3171 2499/3202/3207 2500/3162/3208
f 2464/3121/3173 2500/3162/3208 2501/3163/3209
f 2465/3122/3174 2501/3163/3209 2502/3164/3210
f 2466/3123/3175 2502/3164/3210 2503/3165/3211
f 2467/3124/3176 2503/3165/3211 2504/3166/3212
f 2468/3125/3177 2504/3166/3212 2505/3167/3213
f 2469/3126/3178 2505/3167/3213 2470/3168/3214
f 2470/3168/3214 2506/3209/3251 2507/3169/3215
f 2471/3128/3180 2507/3169/3215 2508/3170/3216
f 2472/3129/3181 2508/3170/3216 2509/3171/3217
f 2473/3172/3218 2509/3171/3217 2510/3173/3219
f 2474/3174/3183 2510/4008/3219 2511/3175/3220
f 2475/3135/3184 2511/3175/3220 2512/3176/3221
f 2476/3136/3185 2512/3176/3221 2513/3177/3222
f 2477/3137/3186 2513/3177/3222 2514/3178/3223
f 2514/3178/3223 2515/3179/3224 2479/3139/3188
f 2515/3179/3224 2516/3180/3225 2480/3140/3189
f 2516/3180/3225 2517/4009/3226 2481/3181/3190
f 2517/3182/3226 2518/3183/3227 2482/3143/3191
f 2518/3183/3227 2519/3184/3228 2483/3144/3192
f 2519/3184/3228 2520/3185/3229 2484/3145/3193
f 2520/3185/3229 2521/3186/3230 2485/3146/3194
f 2521/3186/3230 2522/3187/3231 2486/3147/3195
f 2522/3187/3231 2523/3188/3232 2487/3148/3196
f 2523/3188/3232 2524/3189/3233 2488/3149/3197
f 2524/3189/3233 2525/3190/3234 2489/3150/3198
f 2525/3190/3234 2526/3191/3235 2490/3151/3199
f 2526/3191/3235 2527/3250/4273 2491/3192/3236
f 2491/3193/3236 2527/4010/4273 2528/3194/3237
f 2528/3194/3237 2529/3195/3238 2493/3154/3201
f 2529/3195/3238 2530/3196/3239 2494/3155/3202
f 2530/3196/3239 2531/3197/3240 2495/3156/3203
f 2531/3197/3240 2532/4011/4274 2496/3158/3205
f 2496/3158/3205 2532/4011/4274 2533/3198/3241
f 2497/3199/3242 2533/3198/3241 2534/3200/3243
f 2498/3159/3206 2534/3200/3243 2535/3201/3244
f 2499/3202/3207 2535/4012/3244 2536/3203/3245
f 2500/3162/3208 2536/3203/3245 2537/3204/3246
f 2501/3163/3209 2537/3204/3246 2538/3205/3247
f 2502/3164/3210 2538/3205/3247 2539/3206/3248
f 2503/3165/3211 2539/3206/3248 2540/3207/3249
f 2504/3166/3212 2540/3207/3249 2541/3208/3250
f 2505/3167/3213 2541/3208/3250 2506/3209/3251
s 268
f 2575/3265/3273 2574/3293/3301 2573/3266/3274
s 269
f 2546/3268/3276 2550/4013/4275 2559/3269/3277
s 270
f 2555/3271/3279 2554/4014/3294 2561/3272/3280
s 271
f 2544/3274/3282 2557/3291/3299 2556/3275/3283
s 272
f 2545/3277/3285 2547/3317/4276 2553/3278/3286
s 270
f 2550/3280/3288 2546/3312/4277 2544/3281/3289
f 2550/3280/3288 2551/3282/3290 2566/3283/3291
s 272
f 2548/3285/3293 2549/4015/4278 2552/3279/3287
s 270
f 2554/3286/3294 2555/4016/3279 2549/3287/3295
s 271
f 2556/3275/3283 2552/3292/3300 2549/3289/3297
f 2557/3291/3299 2545/3315/4279 2552/3292/3300
s 268
f 2574/3293/3301 2577/4017/4280 2576/3294/3302
s 269
f 2553/3295/3303 2547/3318/4281 2558/3270/3278
f 2548/3296/3304 2553/3295/3303 2559/3269/3277
s 270
f 2560/3284/3292 2566/3283/3291 2567/3298/3306
f 2565/3299/3307 2567/3298/3306 2568/3300/3308
f 2564/3301/3309 2568/3300/3308 2569/3302/3310
f 2563/3303/3311 2569/3302/3310 2570/3304/3312
f 2562/3305/3313 2570/3304/3312 2571/3273/3281
s 269
f 2561/4018/4282 2554/3297/3305 2559/3269/3277
f 2559/3269/3277 2550/4013/4275 2560/4019/4283
f 2559/3269/3277 2560/4019/4283 2565/4020/4284
f 2562/4021/4285 2561/4018/4282 2559/3269/3277
f 2563/3307/3315 2562/4021/4285 2559/3269/3277
f 2559/3269/3277 2565/4020/4284 2564/3306/3314
s 271
f 2556/3275/3283 2555/3290/3298 2571/4022/4286
f 2571/4022/4286 2570/4023/4287 2569/4024/4288
f 2556/3275/3283 2571/4022/4286 2569/4024/4288
f 2566/4025/4289 2551/3276/3284 2556/3275/3283
f 2567/3309/3317 2566/4025/4289 2556/3275/3283
f 2556/3275/3283 2569/4024/4288 2568/3308/3316
s 273
f 2572/3310/3318 2573/3314/4290 2557/3291/3319
s 274
f 2558/3270/3321 2574/3319/4291 2575/3311/3322
s 275
f 2546/3312/3324 2575/4026/4292 2572/3313/3325
s 276
f 2573/3314/3327 2576/4027/4293 2545/3315/3328
s 277
f 2576/3316/3330 2577/4028/4294 2547/3317/3331
s 278
f 2547/3318/3333 2577/4029/4295 2574/3319/3334
s 279
f 2609/3320/3336 2608/3348/3364 2607/3321/3337
s 280
f 2580/3323/3339 2584/4030/4296 2593/3324/3340
s 281
f 2589/3326/3342 2588/4031/3357 2595/3327/3343
s 282
f 2578/3329/3345 2591/3346/3362 2590/3330/3346
s 283
f 2579/3332/3348 2581/3372/4297 2587/3333/3349
s 281
f 2584/3335/3351 2580/3367/4298 2578/3336/3352
f 2584/3335/3351 2585/3337/3353 2600/3338/3354
s 283
f 2582/3340/3356 2583/4032/4299 2586/3334/3350
s 281
f 2588/3341/3357 2589/4033/3342 2583/3342/3358
s 282
f 2590/3330/3346 2586/3347/3363 2583/3344/3360
f 2591/3346/3362 2579/3370/4300 2586/3347/3363
s 279
f 2608/3348/3364 2611/4034/4301 2610/3349/3365
s 280
f 2587/3350/3366 2581/3373/4302 2592/3325/3341
f 2582/3351/3367 2587/3350/3366 2593/3324/3340
s 281
f 2594/3339/3355 2600/3338/3354 2601/3353/3369
f 2599/3354/3370 2601/3353/3369 2602/3355/3371
f 2598/3356/3372 2602/3355/3371 2603/3357/3373
f 2597/3358/3374 2603/3357/3373 2604/3359/3375
f 2596/3360/3376 2604/3359/3375 2605/3328/3344
s 280
f 2595/4035/4303 2588/3352/3368 2593/3324/3340
f 2593/3324/3340 2584/4030/4296 2594/4036/4304
f 2593/3324/3340 2594/4036/4304 2599/4037/4305
f 2596/4038/4306 2595/4035/4303 2593/3324/3340
f 2597/3362/3378 2596/4038/4306 2593/3324/3340
f 2593/3324/3340 2599/4037/4305 2598/3361/3377
s 282
f 2590/3330/3346 2589/3345/3361 2605/4039/4307
f 2604/4040/4308 2603/4041/4309 2602/3363/3379
f 2590/3330/3346 2605/4039/4307 2604/4040/4308
f 2600/3364/3380 2585/3331/3347 2590/3330/3346
f 2602/3363/3379 2601/4042/4310 2600/3364/3380
f 2590/3330/3346 2604/4040/4308 2602/3363/3379
s 284
f 2606/3365/3381 2607/3369/4311 2591/3346/3382
s 285
f 2592/3325/3384 2608/3374/4312 2609/3366/3385
s 286
f 2580/3367/3387 2609/4043/4313 2606/3368/3388
s 287
f 2607/3369/3390 2610/4044/4314 2579/3370/3391
s 288
f 2610/3371/3393 2611/4045/3393 2581/3372/3394
s 289
f 2581/3373/3395 2611/4046/4315 2608/3374/3396
s 290
f 2643/3375/3398 2642/3402/3426 2641/3376/3399
s 291
f 2614/3378/3401 2618/3390/4316 2627/3379/3402
s 292
f 2623/3381/3404 2622/3406/3419 2629/3382/3405
s 293
f 2612/3384/3407 2625/3401/3424 2624/3385/3408
s 294
f 2613/3387/3410 2615/3422/4317 2621/3388/3411
s 292
f 2618/3390/3413 2614/3378/4318 2612/3391/3414
f 2618/3390/3413 2619/3392/3415 2634/3393/3416
s 294
f 2616/3395/3418 2617/3399/4319 2620/3389/3412
s 292
f 2622/3396/3419 2623/4047/3404 2617/3397/3420
s 293
f 2624/3385/3408 2620/3389/3425 2617/3399/3422
f 2625/3401/3424 2613/3387/4320 2620/3389/3425
s 290
f 2642/3402/3426 2645/4048/4321 2644/3403/3427
s 291
f 2621/3404/3428 2615/3423/4322 2626/3380/3403
f 2616/3405/3429 2621/3404/3428 2627/3379/3402
s 292
f 2628/3394/3417 2634/3393/3416 2635/3407/3431
f 2633/3408/3432 2635/3407/3431 2636/3409/3433
f 2632/3410/3434 2636/3409/3433 2637/3411/3435
f 2631/3412/3436 2637/3411/3435 2638/3413/3437
f 2630/3414/3438 2638/3413/3437 2639/3383/3406
s 291
f 2633/3408/3439 2632/3410/4323 2631/3412/3440
f 2627/3379/3402 2618/3390/4316 2628/3394/4324
f 2629/3382/4325 2622/3406/3430 2627/3379/3402
f 2630/3414/4326 2629/3382/4325 2627/3379/3402
f 2627/3379/3402 2628/3394/4324 2633/3408/3439
f 2631/3412/3440 2630/3414/4326 2627/3379/3402
s 293
f 2624/3385/3408 2623/3400/3423 2639/4049/4327
f 2638/4050/4328 2637/4051/4329 2636/3415/3441
f 2624/3385/3408 2639/4049/4327 2638/4050/4328
f 2634/4052/4330 2619/3386/3409 2624/3385/3408
f 2635/3416/3442 2634/4052/4330 2624/3385/3408
f 2624/3385/3408 2638/4050/4328 2636/3415/3441
s 295
f 2640/3417/3443 2641/3420/3452 2625/3401/3444
s 296
f 2626/3380/3446 2642/3424/4331 2643/3418/3447
s 297
f 2614/3378/3449 2643/3418/4332 2640/3419/3450
s 295
f 2641/3420/3452 2644/3421/4333 2613/3387/3453
s 298
f 2644/3421/3454 2645/4053/4334 2615/3422/3455
s 299
f 2615/3423/3457 2645/4054/4335 2642/3424/3458
s 300
f 2677/3425/3460 2676/3453/3488 2675/3426/3461
s 301
f 2648/3428/3463 2652/4055/4336 2661/3429/3464
s 302
f 2657/3431/3466 2656/3446/3481 2663/3432/3467
s 303
f 2646/3434/3469 2659/3451/3486 2658/3435/3470
s 304
f 2647/3437/3472 2649/3480/4337 2655/3438/3473
s 302
f 2652/3440/3475 2648/3476/4338 2646/3441/3476
f 2652/3440/3475 2653/3442/3477 2668/3443/3478
s 304
f 2650/3445/3480 2651/4056/4339 2654/3439/3474
s 302
f 2656/3446/3481 2657/3431/3466 2651/3447/3482
s 303
f 2658/3435/3470 2654/3452/3487 2651/3449/3484
f 2659/3451/3486 2647/4057/4340 2654/3452/3487
s 300
f 2676/3453/3488 2679/4058/4341 2678/3454/3489
s 301
f 2655/3455/3490 2649/3481/4342 2660/3456/3465
f 2650/3458/3491 2655/4059/3490 2661/3429/3464
s 302
f 2662/3444/3479 2668/3443/3478 2669/3460/3493
f 2667/3461/3494 2669/3460/3493 2670/3462/3495
f 2666/3463/3496 2670/3462/3495 2671/3464/3497
f 2665/3465/3498 2671/3464/3497 2672/3466/3499
f 2664/3467/3500 2672/3466/3499 2673/3433/3468
s 301
f 2663/4060/4343 2656/3459/3492 2661/3429/3464
f 2661/3429/3464 2652/4055/4336 2662/4061/4344
f 2661/3429/3464 2662/4061/4344 2667/4062/4345
f 2664/4063/4346 2663/4060/4343 2661/3429/3464
f 2665/3469/3502 2664/4063/4346 2661/3429/3464
f 2661/3429/3464 2667/4062/4345 2666/3468/3501
s 303
f 2658/3435/3470 2657/3450/3485 2673/4064/4347
f 2658/3435/3470 2673/4064/4347 2672/4065/4348
f 2668/4066/4349 2653/3436/3471 2658/3435/3470
f 2670/3471/3504 2669/4067/4350 2668/4066/4349
f 2658/3435/3470 2672/4065/4348 2671/3470/3503
f 2670/3471/3504 2668/4066/4349 2658/3435/3470
s 305
f 2674/3472/3505 2675/3478/3514 2659/3473/3506
s 306
f 2660/3456/3508 2676/3482/4351 2677/3475/3509
s 307
f 2648/3476/3511 2677/3475/4352 2674/3477/3512
s 305
f 2675/3478/3514 2678/3479/4353 2647/3437/3515
s 308
f 2678/3479/3516 2679/4068/4354 2649/3480/3517
s 309
f 2649/3481/3519 2679/4069/4355 2676/3482/3520
s 310
f 2711/3483/3522 2710/3507/3550 2709/3484/3523
s 311
f 2686/3486/3525 2695/3509/3552 2694/3487/3526
s 312
f 2691/3489/3528 2690/3503/3544 2697/3490/3529
s 313
f 2687/3492/3531 2680/3522/4356 2693/3493/3532
s 314
f 2681/3495/3534 2683/3526/4357 2689/3496/3535
s 312
f 2687/3498/3537 2686/3486/3540 2682/3488/3538
f 2686/3486/3540 2687/3498/3537 2702/3500/3541
s 314
f 2689/3496/3535 2684/4070/4358 2685/3502/3543
s 312
f 2690/3503/3544 2691/3489/3528 2685/3504/3545
s 313
f 2688/3497/3547 2685/3502/4359 2691/3506/3548
f 2681/3495/3549 2688/3497/3547 2692/3494/3533
s 310
f 2710/3507/3550 2713/3525/4360 2712/3508/3551
s 311
f 2695/3509/3552 2689/3511/3555 2683/3510/3553
f 2690/3503/3554 2684/3505/4361 2689/3511/3555
s 312
f 2696/3501/3542 2702/3500/3541 2703/3512/3556
f 2701/3513/3557 2703/3512/3556 2704/3514/3558
f 2700/3515/3559 2704/3514/3558 2705/3516/3560
f 2699/3517/3561 2705/3516/3560 2706/3518/3562
f 2698/3519/3563 2706/3518/3562 2707/3491/3530
s 311
f 2701/3513/3564 2700/3515/4362 2699/3517/3565
f 2695/3509/3552 2686/3486/3525 2696/3501/4363
f 2697/3490/4364 2690/3503/3554 2695/3509/3552
f 2698/3519/4365 2697/3490/4364 2695/3509/3552
f 2695/3509/3552 2696/3501/4363 2701/3513/3564
f 2699/3517/3565 2698/3519/4365 2695/3509/3552
s 313
f 2692/3494/3533 2691/3506/3548 2707/4071/4366
f 2707/4071/4366 2706/4072/4367 2705/4073/4368
f 2704/3520/3566 2703/4074/4369 2702/3521/3567
f 2692/3494/3533 2707/4071/4366 2705/4073/4368
f 2692/3494/3533 2705/4073/4368 2704/3520/3566
f 2702/3521/3567 2687/3492/3531 2692/3494/3533
s 315
f 2680/3522/3568 2708/3485/4370 2709/3484/3569
s 316
f 2710/3523/3571 2711/4075/4371 2682/3488/3572
s 317
f 2682/3488/3574 2711/4075/4372 2708/3524/3575
s 318
f 2693/3493/3577 2709/3484/4373 2712/3508/3578
s 319
f 2681/3495/3580 2712/3508/4374 2713/3525/3581
s 320
f 2713/3527/3583 2710/3523/4375 2694/3487/3584
s 321
f 2745/3528/3586 2744/4076/3614 2743/3529/3587
s 322
f 2716/3531/3589 2720/4077/4376 2729/3532/3590
s 323
f 2725/3534/3592 2724/4078/3607 2731/3535/3593
s 324
f 2714/3537/3595 2727/3553/3612 2726/3538/3596
s 325
f 2715/3540/3598 2717/3579/4377 2723/3541/3599
s 323
f 2720/3543/3601 2716/3575/3602 2714/3544/3602
f 2720/3543/3601 2721/3545/3603 2736/3546/3604
s 325
f 2718/3548/3606 2719/3550/4378 2722/3542/3600
s 323
f 2724/3549/3607 2725/4079/3592 2719/3550/3608
s 324
f 2726/3538/3596 2722/3554/3613 2719/3551/3610
f 2727/3553/3612 2715/3577/4379 2722/3554/3613
s 321
f 2744/3555/3614 2747/4080/4380 2746/3556/3615
s 322
f 2723/3558/3616 2717/3580/4381 2728/3533/3591
f 2718/3559/3617 2723/3558/3616 2729/3532/3590
s 323
f 2730/3547/3605 2736/3546/3604 2737/3561/3619
f 2735/3562/3620 2737/3561/3619 2738/3563/3621
f 2734/3564/3622 2738/3563/3621 2739/3565/3623
f 2733/3566/3624 2739/3565/3623 2740/3567/3625
f 2732/3568/3626 2740/3567/3625 2741/3536/3594
s 322
f 2731/4081/4382 2724/3560/3618 2729/3532/3590
f 2729/3532/3590 2720/4077/4376 2730/4082/4383
f 2729/3532/3590 2730/4082/4383 2735/4083/4384
f 2732/4084/4385 2731/4081/4382 2729/3532/3590
f 2733/3570/3628 2732/4084/4385 2729/3532/3590
f 2729/3532/3590 2735/4083/4384 2734/3569/3627
s 324
f 2726/3538/3596 2725/3552/3611 2741/4085/4386
f 2726/3538/3596 2741/4085/4386 2740/4086/4387
f 2736/4087/4388 2721/3539/3597 2726/3538/3596
f 2737/4088/4389 2736/4087/4388 2726/3538/3596
f 2726/3538/3596 2740/4086/4387 2739/3571/3629
f 2738/3572/3630 2737/4088/4389 2726/3538/3596
s 326
f 2714/3537/3631 2742/4089/4390 2743/3573/3632
s 327
f 2744/3574/3634 2745/4090/4391 2716/3531/3635
s 328
f 2716/3575/3637 2745/4091/4392 2742/3576/3638
s 329
f 2743/3573/3640 2746/4092/4393 2715/3577/3641
s 330
f 2746/3578/3643 2747/4093/4394 2717/3579/3644
s 331
f 2717/3580/3646 2747/4094/4395 2744/3574/3647
s 332
f 2779/3581/3649 2778/3606/3677 2777/3582/3650
s 333
f 2754/3584/3652 2763/3608/3679 2762/3585/3653
s 334
f 2759/3587/3655 2758/3602/3671 2765/3588/3656
s 335
f 2755/3590/3658 2748/3621/4396 2761/3591/3659
s 336
f 2751/3593/3661 2757/3600/3669 2756/3594/3662
s 334
f 2754/3584/3664 2750/3586/4397 2748/3596/3665
f 2754/3584/3664 2755/3597/3666 2770/3598/3667
s 336
f 2757/3600/3669 2752/4095/4398 2753/3601/3670
s 334
f 2758/3602/3671 2759/3587/3655 2753/3603/3672
s 335
f 2756/3594/3674 2753/3601/4399 2759/3605/3675
f 2749/3595/3676 2756/3594/3674 2760/3592/3660
s 332
f 2778/3606/3677 2781/4096/4400 2780/3607/3678
s 333
f 2763/3608/3679 2757/3610/3682 2751/3609/3680
f 2758/3602/3681 2752/3604/4401 2757/3610/3682
s 334
f 2764/3599/3668 2770/3598/3667 2771/3611/3683
f 2769/3612/3684 2771/3611/3683 2772/3613/3685
f 2768/3614/3686 2772/3613/3685 2773/3615/3687
f 2767/3616/3688 2773/3615/3687 2774/3617/3689
f 2766/3618/3690 2774/3617/3689 2775/3589/3657
s 333
f 2769/3612/3691 2768/3614/4402 2767/3616/3692
f 2763/3608/3679 2754/3584/3652 2764/3599/4403
f 2765/3588/4404 2758/3602/3681 2763/3608/3679
f 2766/3618/4405 2765/3588/4404 2763/3608/3679
f 2763/3608/3679 2764/3599/4403 2769/3612/3691
f 2767/3616/3692 2766/3618/4405 2763/3608/3679
s 335
f 2760/3592/3660 2759/3605/3675 2775/4097/4406
f 2775/4097/4406 2774/4098/4407 2773/4099/4408
f 2772/3619/3693 2771/4100/4409 2770/3620/3694
f 2760/3592/3660 2775/4097/4406 2773/4099/4408
f 2760/3592/3660 2773/4099/4408 2772/3619/3693
f 2770/3620/3694 2755/3590/3658 2760/3592/3660
s 337
f 2748/3621/3695 2776/3583/4410 2777/3582/3696
s 338
f 2778/3622/3698 2779/4101/4411 2750/3586/3699
s 339
f 2750/3586/3701 2779/4101/4412 2776/3623/3702
s 340
f 2761/3591/3704 2777/3582/4413 2780/3607/3705
s 341
f 2780/3607/3707 2781/4096/4414 2751/3593/3708
s 342
f 2781/3624/3710 2778/3622/4415 2762/3585/3711
s 343
f 2813/3625/3713 2812/3652/3740 2811/3626/3714
s 344
f 2788/3628/3716 2797/3654/3742 2796/3629/3717
s 345
f 2793/3631/3719 2792/4102/3734 2799/3632/3720
s 346
f 2789/3634/3722 2782/3671/4416 2795/3635/3723
s 347
f 2783/3637/3725 2785/3678/4417 2791/3638/3726
s 345
f 2788/3640/3728 2784/3673/4418 2782/3641/3729
f 2788/3640/3728 2789/3642/3730 2804/3643/3731
s 347
f 2786/3645/3733 2787/4103/4419 2790/3639/3727
s 345
f 2792/3646/3734 2793/4104/3719 2787/3647/3735
s 346
f 2794/3636/3724 2790/3651/3739 2787/3649/3737
f 2795/3635/3723 2783/3676/4420 2790/3651/3739
s 343
f 2812/3652/3740 2815/4105/4421 2814/3653/3741
s 344
f 2797/3654/3742 2791/4106/4422 2785/3655/3743
f 2786/3656/3744 2791/4106/4422 2797/3654/3742
s 345
f 2798/3644/3732 2804/3643/3731 2805/3658/3746
f 2803/3659/3747 2805/3658/3746 2806/3660/3748
f 2802/3661/3749 2806/3660/3748 2807/3662/3750
f 2801/3663/3751 2807/3662/3750 2808/3664/3752
f 2800/3665/3753 2808/3664/3752 2809/3633/3721
s 344
f 2799/4107/4423 2792/3657/3745 2797/3654/3742
f 2797/3654/3742 2788/3628/3716 2798/4108/4424
f 2797/3654/3742 2798/4108/4424 2803/4109/4425
f 2800/4110/4426 2799/4107/4423 2797/3654/3742
f 2801/3667/3755 2800/4110/4426 2797/3654/3742
f 2797/3654/3742 2803/4109/4425 2802/3666/3754
s 346
f 2794/3636/3724 2793/3650/3738 2809/4111/4427
f 2794/3636/3724 2809/4111/4427 2808/4112/4428
f 2804/4113/4429 2789/3634/3722 2794/3636/3724
f 2805/4114/4430 2804/4113/4429 2794/3636/3724
f 2794/3636/3724 2808/4112/4428 2807/3668/3756
f 2806/3669/3757 2805/4114/4430 2794/3636/3724
s 348
f 2810/3670/3758 2811/3675/3758 2795/3635/3759
s 349
f 2796/3629/3761 2812/3679/4431 2813/3672/3762
s 350
f 2784/3673/3764 2813/4115/4432 2810/3674/3765
s 351
f 2811/3675/3767 2814/4116/4433 2783/3676/3768
s 352
f 2814/3677/3770 2815/4117/4434 2785/3678/3771
s 353
f 2785/3655/3773 2815/4118/4435 2812/3679/3774
