# Blender 5.0.1
# www.blender.org
mtllib vias.mtl
g default_1_Malla
v -2.760528 -1.105152 17.824455
v -3.164635 -1.105152 17.824455
v -3.164404 -0.071314 17.824455
v -2.760297 -0.071314 17.824455
v -2.760528 -1.105152 17.824455
v -3.164404 -0.071314 17.824455
v -2.760223 -0.071455 12.142305
v -3.164330 -0.071455 12.142305
v -3.164561 -1.105293 12.142305
v -2.760453 -1.105293 12.142305
v -2.760223 -0.071455 12.142305
v -3.164561 -1.105293 12.142305
v 7.629712 -1.136617 17.824455
v 7.631311 -0.885985 17.824455
v 7.631387 -0.886127 12.142306
v 7.629788 -1.136758 12.142306
v 7.629712 -1.136617 17.824455
v 7.631387 -0.886127 12.142306
v -2.760453 -1.105293 12.142305
v -3.164561 -1.105293 12.142305
v -3.164635 -1.105152 17.824455
v -2.760528 -1.105152 17.824455
v -2.760453 -1.105293 12.142305
v -3.164635 -1.105152 17.824455
v -8.035072 -1.119462 12.142301
v -8.196974 -0.874065 12.142400
v -8.197049 -0.873924 17.824549
v -8.035147 -1.119320 17.824450
v -8.035072 -1.119462 12.142301
v -8.197049 -0.873924 17.824549
v -2.760297 -0.071314 17.824455
v -3.164404 -0.071314 17.824455
v -3.164330 -0.071455 12.142305
v -2.760223 -0.071455 12.142305
v -2.760297 -0.071314 17.824455
v -3.164330 -0.071455 12.142305
v 3.330904 -0.490474 12.143871
v 7.631387 -0.886127 12.142306
v 7.631311 -0.885985 17.824455
v 3.330831 -0.490333 17.826019
v 3.330904 -0.490474 12.143871
v 7.631311 -0.885985 17.824455
v 3.330831 -0.490333 17.826019
v 7.631311 -0.885985 17.824455
v 7.629712 -1.136617 17.824455
v 3.255441 -1.105151 17.824455
v 3.330831 -0.490333 17.826019
v 7.629712 -1.136617 17.824455
v 3.255441 -1.105151 17.824455
v 7.629712 -1.136617 17.824455
v 7.629788 -1.136758 12.142306
v 3.255514 -1.105293 12.142306
v 3.255441 -1.105151 17.824455
v 7.629788 -1.136758 12.142306
v 3.255514 -1.105293 12.142306
v 7.629788 -1.136758 12.142306
v 7.631387 -0.886127 12.142306
v 3.330904 -0.490474 12.143871
v 3.255514 -1.105293 12.142306
v 7.631387 -0.886127 12.142306
v 3.141961 -0.071314 17.824455
v 2.799706 -0.071314 17.824455
v 2.799779 -0.071455 12.142306
v 3.162333 -0.071455 12.142306
v 3.141961 -0.071314 17.824455
v 2.799779 -0.071455 12.142306
v 3.162333 -0.071455 12.142306
v 3.330904 -0.490474 12.143871
v 3.330831 -0.490333 17.826019
v 3.141961 -0.071314 17.824455
v 3.162333 -0.071455 12.142306
v 3.330831 -0.490333 17.826019
v 3.193783 -1.105151 17.824455
v 2.799475 -1.105151 17.824455
v 2.799706 -0.071314 17.824455
v 3.141961 -0.071314 17.824455
v 3.193783 -1.105151 17.824455
v 2.799706 -0.071314 17.824455
v 3.141961 -0.071314 17.824455
v 3.330831 -0.490333 17.826019
v 3.255441 -1.105151 17.824455
v 3.193783 -1.105151 17.824455
v 3.141961 -0.071314 17.824455
v 3.255441 -1.105151 17.824455
v 3.214153 -1.105293 12.142306
v 2.799549 -1.105293 12.142306
v 2.799475 -1.105151 17.824455
v 3.193783 -1.105151 17.824455
v 3.214153 -1.105293 12.142306
v 2.799475 -1.105151 17.824455
v 3.193783 -1.105151 17.824455
v 3.255441 -1.105151 17.824455
v 3.255514 -1.105293 12.142306
v 3.214153 -1.105293 12.142306
v 3.193783 -1.105151 17.824455
v 3.255514 -1.105293 12.142306
v 3.162333 -0.071455 12.142306
v 2.799779 -0.071455 12.142306
v 2.799549 -1.105293 12.142306
v 3.214153 -1.105293 12.142306
v 3.162333 -0.071455 12.142306
v 2.799549 -1.105293 12.142306
v 3.214153 -1.105293 12.142306
v 3.255514 -1.105293 12.142306
v 3.330904 -0.490474 12.143871
v 3.162333 -0.071455 12.142306
v 3.214153 -1.105293 12.142306
v 3.330904 -0.490474 12.143871
v 2.518530 -0.520307 12.142305
v 2.799779 -0.071455 12.142306
v 2.799706 -0.071314 17.824455
v 2.483116 -0.520166 17.824455
v 2.518530 -0.520307 12.142305
v 2.799706 -0.071314 17.824455
v -2.687246 -1.105293 12.142305
v -2.760453 -1.105293 12.142305
v -2.760528 -1.105152 17.824455
v -2.664324 -1.105152 17.824455
v -2.687246 -1.105293 12.142305
v -2.760528 -1.105152 17.824455
v -2.664324 -1.105152 17.824455
v 2.799475 -1.105151 17.824455
v 2.799549 -1.105293 12.142306
v -2.687246 -1.105293 12.142305
v -2.664324 -1.105152 17.824455
v 2.799549 -1.105293 12.142306
v 2.799475 -1.105151 17.824455
v 2.483116 -0.520166 17.824455
v 2.799706 -0.071314 17.824455
v 2.483116 -0.520166 17.824455
v 2.799475 -1.105151 17.824455
v -2.664324 -1.105152 17.824455
v -2.576160 -0.520166 17.824455
v 2.483116 -0.520166 17.824455
v -2.664324 -1.105152 17.824455
v -2.664324 -1.105152 17.824455
v -2.760528 -1.105152 17.824455
v -2.760297 -0.071314 17.824455
v -2.576160 -0.520166 17.824455
v -2.664324 -1.105152 17.824455
v -2.760297 -0.071314 17.824455
v -2.599084 -0.520308 12.142305
v -2.760223 -0.071455 12.142305
v -2.760453 -1.105293 12.142305
v -2.687246 -1.105293 12.142305
v -2.599084 -0.520308 12.142305
v -2.760453 -1.105293 12.142305
v -2.599084 -0.520308 12.142305
v -2.687246 -1.105293 12.142305
v 2.518530 -0.520307 12.142305
v 2.518530 -0.520307 12.142305
v -2.687246 -1.105293 12.142305
v 2.799549 -1.105293 12.142306
v 2.799549 -1.105293 12.142306
v 2.799779 -0.071455 12.142306
v 2.518530 -0.520307 12.142305
v -2.576160 -0.520166 17.824455
v -2.760297 -0.071314 17.824455
v -2.760223 -0.071455 12.142305
v -2.599084 -0.520308 12.142305
v -2.576160 -0.520166 17.824455
v -2.760223 -0.071455 12.142305
v -2.599084 -0.520308 12.142305
v 2.518530 -0.520307 12.142305
v 2.483116 -0.520166 17.824455
v -2.576160 -0.520166 17.824455
v -2.599084 -0.520308 12.142305
v 2.483116 -0.520166 17.824455
v -3.370229 -1.105152 17.824455
v -8.035147 -1.119320 17.824450
v -8.197049 -0.873924 17.824549
v -3.311915 -0.449813 17.825964
v -3.370229 -1.105152 17.824455
v -8.197049 -0.873924 17.824549
v -3.311915 -0.449813 17.825964
v -3.164404 -0.071314 17.824455
v -3.164635 -1.105152 17.824455
v -3.370229 -1.105152 17.824455
v -3.311915 -0.449813 17.825964
v -3.164635 -1.105152 17.824455
v -3.328500 -0.449955 12.143816
v -8.196974 -0.874065 12.142400
v -8.035072 -1.119462 12.142301
v -3.386812 -1.105293 12.142305
v -3.328500 -0.449955 12.143816
v -8.035072 -1.119462 12.142301
v -3.386812 -1.105293 12.142305
v -3.164561 -1.105293 12.142305
v -3.164330 -0.071455 12.142305
v -3.328500 -0.449955 12.143816
v -3.386812 -1.105293 12.142305
v -3.164330 -0.071455 12.142305
v -3.386812 -1.105293 12.142305
v -8.035072 -1.119462 12.142301
v -8.035147 -1.119320 17.824450
v -3.370229 -1.105152 17.824455
v -3.386812 -1.105293 12.142305
v -8.035147 -1.119320 17.824450
v -3.370229 -1.105152 17.824455
v -3.164635 -1.105152 17.824455
v -3.164561 -1.105293 12.142305
v -3.386812 -1.105293 12.142305
v -3.370229 -1.105152 17.824455
v -3.164561 -1.105293 12.142305
v -3.311915 -0.449813 17.825964
v -8.197049 -0.873924 17.824549
v -8.196974 -0.874065 12.142400
v -3.328500 -0.449955 12.143816
v -3.311915 -0.449813 17.825964
v -8.196974 -0.874065 12.142400
v -3.328500 -0.449955 12.143816
v -3.164330 -0.071455 12.142305
v -3.164404 -0.071314 17.824455
v -3.311915 -0.449813 17.825964
v -3.328500 -0.449955 12.143816
v -3.164404 -0.071314 17.824455
v -2.760534 -1.105158 23.507269
v -3.164641 -1.105158 23.507269
v -3.164411 -0.071320 23.507269
v -2.760303 -0.071320 23.507269
v -2.760534 -1.105158 23.507269
v -3.164411 -0.071320 23.507269
v -2.760229 -0.071461 17.825119
v -3.164335 -0.071461 17.825119
v -3.164566 -1.105299 17.825119
v -2.760459 -1.105299 17.825119
v -2.760229 -0.071461 17.825119
v -3.164566 -1.105299 17.825119
v 7.629706 -1.136623 23.507269
v 7.631306 -0.885991 23.507269
v 7.631379 -0.886133 17.825119
v 7.629779 -1.136764 17.825119
v 7.629706 -1.136623 23.507269
v 7.631379 -0.886133 17.825119
v -2.760459 -1.105299 17.825119
v -3.164566 -1.105299 17.825119
v -3.164641 -1.105158 23.507269
v -2.760534 -1.105158 23.507269
v -2.760459 -1.105299 17.825119
v -3.164641 -1.105158 23.507269
v -8.035080 -1.119468 17.825115
v -8.196980 -0.874071 17.825214
v -8.197053 -0.873930 23.507362
v -8.035152 -1.119326 23.507263
v -8.035080 -1.119468 17.825115
v -8.197053 -0.873930 23.507362
v -2.760303 -0.071320 23.507269
v -3.164411 -0.071320 23.507269
v -3.164335 -0.071461 17.825119
v -2.760229 -0.071461 17.825119
v -2.760303 -0.071320 23.507269
v -3.164335 -0.071461 17.825119
v 3.330898 -0.490480 17.826685
v 7.631379 -0.886133 17.825119
v 7.631306 -0.885991 23.507269
v 3.330825 -0.490339 23.508833
v 3.330898 -0.490480 17.826685
v 7.631306 -0.885991 23.507269
v 3.330825 -0.490339 23.508833
v 7.631306 -0.885991 23.507269
v 7.629706 -1.136623 23.507269
v 3.255435 -1.105157 23.507269
v 3.330825 -0.490339 23.508833
v 7.629706 -1.136623 23.507269
v 3.255435 -1.105157 23.507269
v 7.629706 -1.136623 23.507269
v 7.629779 -1.136764 17.825119
v 3.255508 -1.105299 17.825119
v 3.255435 -1.105157 23.507269
v 7.629779 -1.136764 17.825119
v 3.255508 -1.105299 17.825119
v 7.629779 -1.136764 17.825119
v 7.631379 -0.886133 17.825119
v 3.330898 -0.490480 17.826685
v 3.255508 -1.105299 17.825119
v 7.631379 -0.886133 17.825119
v 3.141954 -0.071320 23.507269
v 2.799699 -0.071320 23.507269
v 2.799776 -0.071461 17.825119
v 3.162327 -0.071461 17.825119
v 3.141954 -0.071320 23.507269
v 2.799776 -0.071461 17.825119
v 3.162327 -0.071461 17.825119
v 3.330898 -0.490480 17.826685
v 3.330825 -0.490339 23.508833
v 3.141954 -0.071320 23.507269
v 3.162327 -0.071461 17.825119
v 3.330825 -0.490339 23.508833
v 3.193777 -1.105157 23.507269
v 2.799469 -1.105157 23.507269
v 2.799699 -0.071320 23.507269
v 3.141954 -0.071320 23.507269
v 3.193777 -1.105157 23.507269
v 2.799699 -0.071320 23.507269
v 3.141954 -0.071320 23.507269
v 3.330825 -0.490339 23.508833
v 3.255435 -1.105157 23.507269
v 3.193777 -1.105157 23.507269
v 3.141954 -0.071320 23.507269
v 3.255435 -1.105157 23.507269
v 3.214148 -1.105299 17.825119
v 2.799543 -1.105299 17.825119
v 2.799469 -1.105157 23.507269
v 3.193777 -1.105157 23.507269
v 3.214148 -1.105299 17.825119
v 2.799469 -1.105157 23.507269
v 3.193777 -1.105157 23.507269
v 3.255435 -1.105157 23.507269
v 3.255508 -1.105299 17.825119
v 3.214148 -1.105299 17.825119
v 3.193777 -1.105157 23.507269
v 3.255508 -1.105299 17.825119
v 3.162327 -0.071461 17.825119
v 2.799776 -0.071461 17.825119
v 2.799543 -1.105299 17.825119
v 3.214148 -1.105299 17.825119
v 3.162327 -0.071461 17.825119
v 2.799543 -1.105299 17.825119
v 3.214148 -1.105299 17.825119
v 3.255508 -1.105299 17.825119
v 3.330898 -0.490480 17.826685
v 3.162327 -0.071461 17.825119
v 3.214148 -1.105299 17.825119
v 3.330898 -0.490480 17.826685
v 2.518525 -0.520314 17.825119
v 2.799776 -0.071461 17.825119
v 2.799699 -0.071320 23.507269
v 2.483110 -0.520172 23.507269
v 2.518525 -0.520314 17.825119
v 2.799699 -0.071320 23.507269
v -2.687252 -1.105299 17.825119
v -2.760459 -1.105299 17.825119
v -2.760534 -1.105158 23.507269
v -2.664331 -1.105158 23.507269
v -2.687252 -1.105299 17.825119
v -2.760534 -1.105158 23.507269
v -2.664331 -1.105158 23.507269
v 2.799469 -1.105157 23.507269
v 2.799543 -1.105299 17.825119
v -2.687252 -1.105299 17.825119
v -2.664331 -1.105158 23.507269
v 2.799543 -1.105299 17.825119
v 2.799469 -1.105157 23.507269
v 2.483110 -0.520172 23.507269
v 2.799699 -0.071320 23.507269
v 2.483110 -0.520172 23.507269
v 2.799469 -1.105157 23.507269
v -2.664331 -1.105158 23.507269
v -2.576167 -0.520172 23.507269
v 2.483110 -0.520172 23.507269
v -2.664331 -1.105158 23.507269
v -2.664331 -1.105158 23.507269
v -2.760534 -1.105158 23.507269
v -2.760303 -0.071320 23.507269
v -2.576167 -0.520172 23.507269
v -2.664331 -1.105158 23.507269
v -2.760303 -0.071320 23.507269
v -2.599090 -0.520314 17.825119
v -2.760229 -0.071461 17.825119
v -2.760459 -1.105299 17.825119
v -2.687252 -1.105299 17.825119
v -2.599090 -0.520314 17.825119
v -2.760459 -1.105299 17.825119
v -2.599090 -0.520314 17.825119
v -2.687252 -1.105299 17.825119
v 2.518525 -0.520314 17.825119
v 2.518525 -0.520314 17.825119
v -2.687252 -1.105299 17.825119
v 2.799543 -1.105299 17.825119
v 2.799543 -1.105299 17.825119
v 2.799776 -0.071461 17.825119
v 2.518525 -0.520314 17.825119
v -2.576167 -0.520172 23.507269
v -2.760303 -0.071320 23.507269
v -2.760229 -0.071461 17.825119
v -2.599090 -0.520314 17.825119
v -2.576167 -0.520172 23.507269
v -2.760229 -0.071461 17.825119
v -2.599090 -0.520314 17.825119
v 2.518525 -0.520314 17.825119
v 2.483110 -0.520172 23.507269
v -2.576167 -0.520172 23.507269
v -2.599090 -0.520314 17.825119
v 2.483110 -0.520172 23.507269
v -3.370235 -1.105158 23.507269
v -8.035152 -1.119326 23.507263
v -8.197053 -0.873930 23.507362
v -3.311922 -0.449820 23.508778
v -3.370235 -1.105158 23.507269
v -8.197053 -0.873930 23.507362
v -3.311922 -0.449820 23.508778
v -3.164411 -0.071320 23.507269
v -3.164641 -1.105158 23.507269
v -3.370235 -1.105158 23.507269
v -3.311922 -0.449820 23.508778
v -3.164641 -1.105158 23.507269
v -3.328506 -0.449961 17.826628
v -8.196980 -0.874071 17.825214
v -8.035080 -1.119468 17.825115
v -3.386817 -1.105299 17.825119
v -3.328506 -0.449961 17.826628
v -8.035080 -1.119468 17.825115
v -3.386817 -1.105299 17.825119
v -3.164566 -1.105299 17.825119
v -3.164335 -0.071461 17.825119
v -3.328506 -0.449961 17.826628
v -3.386817 -1.105299 17.825119
v -3.164335 -0.071461 17.825119
v -3.386817 -1.105299 17.825119
v -8.035080 -1.119468 17.825115
v -8.035152 -1.119326 23.507263
v -3.370235 -1.105158 23.507269
v -3.386817 -1.105299 17.825119
v -8.035152 -1.119326 23.507263
v -3.370235 -1.105158 23.507269
v -3.164641 -1.105158 23.507269
v -3.164566 -1.105299 17.825119
v -3.386817 -1.105299 17.825119
v -3.370235 -1.105158 23.507269
v -3.164566 -1.105299 17.825119
v -3.311922 -0.449820 23.508778
v -8.197053 -0.873930 23.507362
v -8.196980 -0.874071 17.825214
v -3.328506 -0.449961 17.826628
v -3.311922 -0.449820 23.508778
v -8.196980 -0.874071 17.825214
v -3.328506 -0.449961 17.826628
v -3.164335 -0.071461 17.825119
v -3.164411 -0.071320 23.507269
v -3.311922 -0.449820 23.508778
v -3.328506 -0.449961 17.826628
v -3.164411 -0.071320 23.507269
v -2.760528 -1.105152 28.924212
v -3.164635 -1.105152 28.924212
v -3.164404 -0.071314 28.924212
v -2.760297 -0.071314 28.924212
v -2.760528 -1.105152 28.924212
v -3.164404 -0.071314 28.924212
v -2.760223 -0.071455 23.242062
v -3.164330 -0.071455 23.242062
v -3.164561 -1.105293 23.242062
v -2.760453 -1.105293 23.242062
v -2.760223 -0.071455 23.242062
v -3.164561 -1.105293 23.242062
v 7.629712 -1.136617 28.924212
v 7.631311 -0.885985 28.924212
v 7.631387 -0.886127 23.242062
v 7.629788 -1.136758 23.242062
v 7.629712 -1.136617 28.924212
v 7.631387 -0.886127 23.242062
v -2.760453 -1.105293 23.242062
v -3.164561 -1.105293 23.242062
v -3.164635 -1.105152 28.924212
v -2.760528 -1.105152 28.924212
v -2.760453 -1.105293 23.242062
v -3.164635 -1.105152 28.924212
v -8.035072 -1.119462 23.242058
v -8.196974 -0.874065 23.242157
v -8.197049 -0.873924 28.924305
v -8.035147 -1.119321 28.924206
v -8.035072 -1.119462 23.242058
v -8.197049 -0.873924 28.924305
v -2.760297 -0.071314 28.924212
v -3.164404 -0.071314 28.924212
v -3.164330 -0.071455 23.242062
v -2.760223 -0.071455 23.242062
v -2.760297 -0.071314 28.924212
v -3.164330 -0.071455 23.242062
v 3.330904 -0.490474 23.243628
v 7.631387 -0.886127 23.242062
v 7.631311 -0.885985 28.924212
v 3.330831 -0.490333 28.925777
v 3.330904 -0.490474 23.243628
v 7.631311 -0.885985 28.924212
v 3.330831 -0.490333 28.925777
v 7.631311 -0.885985 28.924212
v 7.629712 -1.136617 28.924212
v 3.255441 -1.105152 28.924212
v 3.330831 -0.490333 28.925777
v 7.629712 -1.136617 28.924212
v 3.255441 -1.105152 28.924212
v 7.629712 -1.136617 28.924212
v 7.629788 -1.136758 23.242062
v 3.255514 -1.105293 23.242062
v 3.255441 -1.105152 28.924212
v 7.629788 -1.136758 23.242062
v 3.255514 -1.105293 23.242062
v 7.629788 -1.136758 23.242062
v 7.631387 -0.886127 23.242062
v 3.330904 -0.490474 23.243628
v 3.255514 -1.105293 23.242062
v 7.631387 -0.886127 23.242062
v 3.141961 -0.071314 28.924212
v 2.799706 -0.071314 28.924212
v 2.799779 -0.071455 23.242062
v 3.162333 -0.071455 23.242062
v 3.141961 -0.071314 28.924212
v 2.799779 -0.071455 23.242062
v 3.162333 -0.071455 23.242062
v 3.330904 -0.490474 23.243628
v 3.330831 -0.490333 28.925777
v 3.141961 -0.071314 28.924212
v 3.162333 -0.071455 23.242062
v 3.330831 -0.490333 28.925777
v 3.193783 -1.105152 28.924212
v 2.799475 -1.105152 28.924212
v 2.799706 -0.071314 28.924212
v 3.141961 -0.071314 28.924212
v 3.193783 -1.105152 28.924212
v 2.799706 -0.071314 28.924212
v 3.141961 -0.071314 28.924212
v 3.330831 -0.490333 28.925777
v 3.255441 -1.105152 28.924212
v 3.193783 -1.105152 28.924212
v 3.141961 -0.071314 28.924212
v 3.255441 -1.105152 28.924212
v 3.214153 -1.105293 23.242062
v 2.799549 -1.105293 23.242062
v 2.799475 -1.105152 28.924212
v 3.193783 -1.105152 28.924212
v 3.214153 -1.105293 23.242062
v 2.799475 -1.105152 28.924212
v 3.193783 -1.105152 28.924212
v 3.255441 -1.105152 28.924212
v 3.255514 -1.105293 23.242062
v 3.214153 -1.105293 23.242062
v 3.193783 -1.105152 28.924212
v 3.255514 -1.105293 23.242062
v 3.162333 -0.071455 23.242062
v 2.799779 -0.071455 23.242062
v 2.799549 -1.105293 23.242062
v 3.214153 -1.105293 23.242062
v 3.162333 -0.071455 23.242062
v 2.799549 -1.105293 23.242062
v 3.214153 -1.105293 23.242062
v 3.255514 -1.105293 23.242062
v 3.330904 -0.490474 23.243628
v 3.162333 -0.071455 23.242062
v 3.214153 -1.105293 23.242062
v 3.330904 -0.490474 23.243628
v 2.518530 -0.520307 23.242062
v 2.799779 -0.071455 23.242062
v 2.799706 -0.071314 28.924212
v 2.483116 -0.520166 28.924212
v 2.518530 -0.520307 23.242062
v 2.799706 -0.071314 28.924212
v -2.687246 -1.105293 23.242062
v -2.760453 -1.105293 23.242062
v -2.760528 -1.105152 28.924212
v -2.664324 -1.105152 28.924212
v -2.687246 -1.105293 23.242062
v -2.760528 -1.105152 28.924212
v -2.664324 -1.105152 28.924212
v 2.799475 -1.105152 28.924212
v 2.799549 -1.105293 23.242062
v -2.687246 -1.105293 23.242062
v -2.664324 -1.105152 28.924212
v 2.799549 -1.105293 23.242062
v 2.799475 -1.105152 28.924212
v 2.483116 -0.520166 28.924212
v 2.799706 -0.071314 28.924212
v 2.483116 -0.520166 28.924212
v 2.799475 -1.105152 28.924212
v -2.664324 -1.105152 28.924212
v -2.576160 -0.520167 28.924212
v 2.483116 -0.520166 28.924212
v -2.664324 -1.105152 28.924212
v -2.664324 -1.105152 28.924212
v -2.760528 -1.105152 28.924212
v -2.760297 -0.071314 28.924212
v -2.576160 -0.520167 28.924212
v -2.664324 -1.105152 28.924212
v -2.760297 -0.071314 28.924212
v -2.599084 -0.520308 23.242062
v -2.760223 -0.071455 23.242062
v -2.760453 -1.105293 23.242062
v -2.687246 -1.105293 23.242062
v -2.599084 -0.520308 23.242062
v -2.760453 -1.105293 23.242062
v -2.599084 -0.520308 23.242062
v -2.687246 -1.105293 23.242062
v 2.518530 -0.520307 23.242062
v 2.518530 -0.520307 23.242062
v -2.687246 -1.105293 23.242062
v 2.799549 -1.105293 23.242062
v 2.799549 -1.105293 23.242062
v 2.799779 -0.071455 23.242062
v 2.518530 -0.520307 23.242062
v -2.576160 -0.520167 28.924212
v -2.760297 -0.071314 28.924212
v -2.760223 -0.071455 23.242062
v -2.599084 -0.520308 23.242062
v -2.576160 -0.520167 28.924212
v -2.760223 -0.071455 23.242062
v -2.599084 -0.520308 23.242062
v 2.518530 -0.520307 23.242062
v 2.483116 -0.520166 28.924212
v -2.576160 -0.520167 28.924212
v -2.599084 -0.520308 23.242062
v 2.483116 -0.520166 28.924212
v -3.370229 -1.105152 28.924212
v -8.035147 -1.119321 28.924206
v -8.197049 -0.873924 28.924305
v -3.311915 -0.449813 28.925720
v -3.370229 -1.105152 28.924212
v -8.197049 -0.873924 28.924305
v -3.311915 -0.449813 28.925720
v -3.164404 -0.071314 28.924212
v -3.164635 -1.105152 28.924212
v -3.370229 -1.105152 28.924212
v -3.311915 -0.449813 28.925720
v -3.164635 -1.105152 28.924212
v -3.328500 -0.449955 23.243572
v -8.196974 -0.874065 23.242157
v -8.035072 -1.119462 23.242058
v -3.386812 -1.105293 23.242062
v -3.328500 -0.449955 23.243572
v -8.035072 -1.119462 23.242058
v -3.386812 -1.105293 23.242062
v -3.164561 -1.105293 23.242062
v -3.164330 -0.071455 23.242062
v -3.328500 -0.449955 23.243572
v -3.386812 -1.105293 23.242062
v -3.164330 -0.071455 23.242062
v -3.386812 -1.105293 23.242062
v -8.035072 -1.119462 23.242058
v -8.035147 -1.119321 28.924206
v -3.370229 -1.105152 28.924212
v -3.386812 -1.105293 23.242062
v -8.035147 -1.119321 28.924206
v -3.370229 -1.105152 28.924212
v -3.164635 -1.105152 28.924212
v -3.164561 -1.105293 23.242062
v -3.386812 -1.105293 23.242062
v -3.370229 -1.105152 28.924212
v -3.164561 -1.105293 23.242062
v -3.311915 -0.449813 28.925720
v -8.197049 -0.873924 28.924305
v -8.196974 -0.874065 23.242157
v -3.328500 -0.449955 23.243572
v -3.311915 -0.449813 28.925720
v -8.196974 -0.874065 23.242157
v -3.328500 -0.449955 23.243572
v -3.164330 -0.071455 23.242062
v -3.164404 -0.071314 28.924212
v -3.311915 -0.449813 28.925720
v -3.328500 -0.449955 23.243572
v -3.164404 -0.071314 28.924212
v -2.760534 -1.105158 34.607025
v -3.164641 -1.105158 34.607025
v -3.164411 -0.071320 34.607025
v -2.760303 -0.071320 34.607025
v -2.760534 -1.105158 34.607025
v -3.164411 -0.071320 34.607025
v -2.760229 -0.071461 28.924877
v -3.164335 -0.071461 28.924877
v -3.164566 -1.105299 28.924877
v -2.760459 -1.105299 28.924877
v -2.760229 -0.071461 28.924877
v -3.164566 -1.105299 28.924877
v 7.629706 -1.136623 34.607025
v 7.631306 -0.885992 34.607025
v 7.631379 -0.886133 28.924877
v 7.629779 -1.136764 28.924877
v 7.629706 -1.136623 34.607025
v 7.631379 -0.886133 28.924877
v -2.760459 -1.105299 28.924877
v -3.164566 -1.105299 28.924877
v -3.164641 -1.105158 34.607025
v -2.760534 -1.105158 34.607025
v -2.760459 -1.105299 28.924877
v -3.164641 -1.105158 34.607025
v -8.035080 -1.119468 28.924871
v -8.196980 -0.874071 28.924969
v -8.197053 -0.873930 34.607121
v -8.035152 -1.119327 34.607021
v -8.035080 -1.119468 28.924871
v -8.197053 -0.873930 34.607121
v -2.760303 -0.071320 34.607025
v -3.164411 -0.071320 34.607025
v -3.164335 -0.071461 28.924877
v -2.760229 -0.071461 28.924877
v -2.760303 -0.071320 34.607025
v -3.164335 -0.071461 28.924877
v 3.330898 -0.490481 28.926441
v 7.631379 -0.886133 28.924877
v 7.631306 -0.885992 34.607025
v 3.330825 -0.490339 34.608589
v 3.330898 -0.490481 28.926441
v 7.631306 -0.885992 34.607025
v 3.330825 -0.490339 34.608589
v 7.631306 -0.885992 34.607025
v 7.629706 -1.136623 34.607025
v 3.255435 -1.105158 34.607025
v 3.330825 -0.490339 34.608589
v 7.629706 -1.136623 34.607025
v 3.255435 -1.105158 34.607025
v 7.629706 -1.136623 34.607025
v 7.629779 -1.136764 28.924877
v 3.255508 -1.105299 28.924877
v 3.255435 -1.105158 34.607025
v 7.629779 -1.136764 28.924877
v 3.255508 -1.105299 28.924877
v 7.629779 -1.136764 28.924877
v 7.631379 -0.886133 28.924877
v 3.330898 -0.490481 28.926441
v 3.255508 -1.105299 28.924877
v 7.631379 -0.886133 28.924877
v 3.141954 -0.071320 34.607025
v 2.799699 -0.071320 34.607025
v 2.799776 -0.071461 28.924877
v 3.162327 -0.071461 28.924877
v 3.141954 -0.071320 34.607025
v 2.799776 -0.071461 28.924877
v 3.162327 -0.071461 28.924877
v 3.330898 -0.490481 28.926441
v 3.330825 -0.490339 34.608589
v 3.141954 -0.071320 34.607025
v 3.162327 -0.071461 28.924877
v 3.330825 -0.490339 34.608589
v 3.193777 -1.105158 34.607025
v 2.799469 -1.105158 34.607025
v 2.799699 -0.071320 34.607025
v 3.141954 -0.071320 34.607025
v 3.193777 -1.105158 34.607025
v 2.799699 -0.071320 34.607025
v 3.141954 -0.071320 34.607025
v 3.330825 -0.490339 34.608589
v 3.255435 -1.105158 34.607025
v 3.193777 -1.105158 34.607025
v 3.141954 -0.071320 34.607025
v 3.255435 -1.105158 34.607025
v 3.214148 -1.105299 28.924877
v 2.799543 -1.105299 28.924877
v 2.799469 -1.105158 34.607025
v 3.193777 -1.105158 34.607025
v 3.214148 -1.105299 28.924877
v 2.799469 -1.105158 34.607025
v 3.193777 -1.105158 34.607025
v 3.255435 -1.105158 34.607025
v 3.255508 -1.105299 28.924877
v 3.214148 -1.105299 28.924877
v 3.193777 -1.105158 34.607025
v 3.255508 -1.105299 28.924877
v 3.162327 -0.071461 28.924877
v 2.799776 -0.071461 28.924877
v 2.799543 -1.105299 28.924877
v 3.214148 -1.105299 28.924877
v 3.162327 -0.071461 28.924877
v 2.799543 -1.105299 28.924877
v 3.214148 -1.105299 28.924877
v 3.255508 -1.105299 28.924877
v 3.330898 -0.490481 28.926441
v 3.162327 -0.071461 28.924877
v 3.214148 -1.105299 28.924877
v 3.330898 -0.490481 28.926441
v 2.518525 -0.520314 28.924877
v 2.799776 -0.071461 28.924877
v 2.799699 -0.071320 34.607025
v 2.483110 -0.520172 34.607025
v 2.518525 -0.520314 28.924877
v 2.799699 -0.071320 34.607025
v -2.687252 -1.105299 28.924877
v -2.760459 -1.105299 28.924877
v -2.760534 -1.105158 34.607025
v -2.664331 -1.105158 34.607025
v -2.687252 -1.105299 28.924877
v -2.760534 -1.105158 34.607025
v -2.664331 -1.105158 34.607025
v 2.799469 -1.105158 34.607025
v 2.799543 -1.105299 28.924877
v -2.687252 -1.105299 28.924877
v -2.664331 -1.105158 34.607025
v 2.799543 -1.105299 28.924877
v 2.799469 -1.105158 34.607025
v 2.483110 -0.520172 34.607025
v 2.799699 -0.071320 34.607025
v 2.483110 -0.520172 34.607025
v 2.799469 -1.105158 34.607025
v -2.664331 -1.105158 34.607025
v -2.576167 -0.520173 34.607025
v 2.483110 -0.520172 34.607025
v -2.664331 -1.105158 34.607025
v -2.664331 -1.105158 34.607025
v -2.760534 -1.105158 34.607025
v -2.760303 -0.071320 34.607025
v -2.576167 -0.520173 34.607025
v -2.664331 -1.105158 34.607025
v -2.760303 -0.071320 34.607025
v -2.599090 -0.520314 28.924877
v -2.760229 -0.071461 28.924877
v -2.760459 -1.105299 28.924877
v -2.687252 -1.105299 28.924877
v -2.599090 -0.520314 28.924877
v -2.760459 -1.105299 28.924877
v -2.599090 -0.520314 28.924877
v -2.687252 -1.105299 28.924877
v 2.518525 -0.520314 28.924877
v 2.518525 -0.520314 28.924877
v -2.687252 -1.105299 28.924877
v 2.799543 -1.105299 28.924877
v 2.799543 -1.105299 28.924877
v 2.799776 -0.071461 28.924877
v 2.518525 -0.520314 28.924877
v -2.576167 -0.520173 34.607025
v -2.760303 -0.071320 34.607025
v -2.760229 -0.071461 28.924877
v -2.599090 -0.520314 28.924877
v -2.576167 -0.520173 34.607025
v -2.760229 -0.071461 28.924877
v -2.599090 -0.520314 28.924877
v 2.518525 -0.520314 28.924877
v 2.483110 -0.520172 34.607025
v -2.576167 -0.520173 34.607025
v -2.599090 -0.520314 28.924877
v 2.483110 -0.520172 34.607025
v -3.370235 -1.105158 34.607025
v -8.035152 -1.119327 34.607021
v -8.197053 -0.873930 34.607121
v -3.311922 -0.449820 34.608532
v -3.370235 -1.105158 34.607025
v -8.197053 -0.873930 34.607121
v -3.311922 -0.449820 34.608532
v -3.164411 -0.071320 34.607025
v -3.164641 -1.105158 34.607025
v -3.370235 -1.105158 34.607025
v -3.311922 -0.449820 34.608532
v -3.164641 -1.105158 34.607025
v -3.328506 -0.449961 28.926384
v -8.196980 -0.874071 28.924969
v -8.035080 -1.119468 28.924871
v -3.386817 -1.105299 28.924877
v -3.328506 -0.449961 28.926384
v -8.035080 -1.119468 28.924871
v -3.386817 -1.105299 28.924877
v -3.164566 -1.105299 28.924877
v -3.164335 -0.071461 28.924877
v -3.328506 -0.449961 28.926384
v -3.386817 -1.105299 28.924877
v -3.164335 -0.071461 28.924877
v -3.386817 -1.105299 28.924877
v -8.035080 -1.119468 28.924871
v -8.035152 -1.119327 34.607021
v -3.370235 -1.105158 34.607025
v -3.386817 -1.105299 28.924877
v -8.035152 -1.119327 34.607021
v -3.370235 -1.105158 34.607025
v -3.164641 -1.105158 34.607025
v -3.164566 -1.105299 28.924877
v -3.386817 -1.105299 28.924877
v -3.370235 -1.105158 34.607025
v -3.164566 -1.105299 28.924877
v -3.311922 -0.449820 34.608532
v -8.197053 -0.873930 34.607121
v -8.196980 -0.874071 28.924969
v -3.328506 -0.449961 28.926384
v -3.311922 -0.449820 34.608532
v -8.196980 -0.874071 28.924969
v -3.328506 -0.449961 28.926384
v -3.164335 -0.071461 28.924877
v -3.164411 -0.071320 34.607025
v -3.311922 -0.449820 34.608532
v -3.328506 -0.449961 28.926384
v -3.164411 -0.071320 34.607025
v -2.760528 -1.105152 40.013851
v -3.164635 -1.105152 40.013851
v -3.164404 -0.071314 40.013851
v -2.760297 -0.071314 40.013851
v -2.760528 -1.105152 40.013851
v -3.164404 -0.071314 40.013851
v -2.760223 -0.071455 34.331703
v -3.164330 -0.071455 34.331703
v -3.164561 -1.105293 34.331703
v -2.760453 -1.105293 34.331703
v -2.760223 -0.071455 34.331703
v -3.164561 -1.105293 34.331703
v 7.629712 -1.136617 40.013851
v 7.631311 -0.885985 40.013851
v 7.631387 -0.886127 34.331703
v 7.629788 -1.136758 34.331703
v 7.629712 -1.136617 40.013851
v 7.631387 -0.886127 34.331703
v -2.760453 -1.105293 34.331703
v -3.164561 -1.105293 34.331703
v -3.164635 -1.105152 40.013851
v -2.760528 -1.105152 40.013851
v -2.760453 -1.105293 34.331703
v -3.164635 -1.105152 40.013851
v -8.035072 -1.119462 34.331699
v -8.196974 -0.874065 34.331799
v -8.197049 -0.873924 40.013947
v -8.035147 -1.119321 40.013847
v -8.035072 -1.119462 34.331699
v -8.197049 -0.873924 40.013947
v -2.760297 -0.071314 40.013851
v -3.164404 -0.071314 40.013851
v -3.164330 -0.071455 34.331703
v -2.760223 -0.071455 34.331703
v -2.760297 -0.071314 40.013851
v -3.164330 -0.071455 34.331703
v 3.330904 -0.490474 34.333267
v 7.631387 -0.886127 34.331703
v 7.631311 -0.885985 40.013851
v 3.330831 -0.490333 40.015415
v 3.330904 -0.490474 34.333267
v 7.631311 -0.885985 40.013851
v 3.330831 -0.490333 40.015415
v 7.631311 -0.885985 40.013851
v 7.629712 -1.136617 40.013851
v 3.255441 -1.105152 40.013851
v 3.330831 -0.490333 40.015415
v 7.629712 -1.136617 40.013851
v 3.255441 -1.105152 40.013851
v 7.629712 -1.136617 40.013851
v 7.629788 -1.136758 34.331703
v 3.255514 -1.105293 34.331703
v 3.255441 -1.105152 40.013851
v 7.629788 -1.136758 34.331703
v 3.255514 -1.105293 34.331703
v 7.629788 -1.136758 34.331703
v 7.631387 -0.886127 34.331703
v 3.330904 -0.490474 34.333267
v 3.255514 -1.105293 34.331703
v 7.631387 -0.886127 34.331703
v 3.141961 -0.071314 40.013851
v 2.799706 -0.071314 40.013851
v 2.799779 -0.071455 34.331703
v 3.162333 -0.071455 34.331703
v 3.141961 -0.071314 40.013851
v 2.799779 -0.071455 34.331703
v 3.162333 -0.071455 34.331703
v 3.330904 -0.490474 34.333267
v 3.330831 -0.490333 40.015415
v 3.141961 -0.071314 40.013851
v 3.162333 -0.071455 34.331703
v 3.330831 -0.490333 40.015415
v 3.193783 -1.105152 40.013851
v 2.799475 -1.105152 40.013851
v 2.799706 -0.071314 40.013851
v 3.141961 -0.071314 40.013851
v 3.193783 -1.105152 40.013851
v 2.799706 -0.071314 40.013851
v 3.141961 -0.071314 40.013851
v 3.330831 -0.490333 40.015415
v 3.255441 -1.105152 40.013851
v 3.193783 -1.105152 40.013851
v 3.141961 -0.071314 40.013851
v 3.255441 -1.105152 40.013851
v 3.214153 -1.105293 34.331703
v 2.799549 -1.105293 34.331703
v 2.799475 -1.105152 40.013851
v 3.193783 -1.105152 40.013851
v 3.214153 -1.105293 34.331703
v 2.799475 -1.105152 40.013851
v 3.193783 -1.105152 40.013851
v 3.255441 -1.105152 40.013851
v 3.255514 -1.105293 34.331703
v 3.214153 -1.105293 34.331703
v 3.193783 -1.105152 40.013851
v 3.255514 -1.105293 34.331703
v 3.162333 -0.071455 34.331703
v 2.799779 -0.071455 34.331703
v 2.799549 -1.105293 34.331703
v 3.214153 -1.105293 34.331703
v 3.162333 -0.071455 34.331703
v 2.799549 -1.105293 34.331703
v 3.214153 -1.105293 34.331703
v 3.255514 -1.105293 34.331703
v 3.330904 -0.490474 34.333267
v 3.162333 -0.071455 34.331703
v 3.214153 -1.105293 34.331703
v 3.330904 -0.490474 34.333267
v 2.518530 -0.520307 34.331703
v 2.799779 -0.071455 34.331703
v 2.799706 -0.071314 40.013851
v 2.483116 -0.520166 40.013851
v 2.518530 -0.520307 34.331703
v 2.799706 -0.071314 40.013851
v -2.687246 -1.105293 34.331703
v -2.760453 -1.105293 34.331703
v -2.760528 -1.105152 40.013851
v -2.664324 -1.105152 40.013851
v -2.687246 -1.105293 34.331703
v -2.760528 -1.105152 40.013851
v -2.664324 -1.105152 40.013851
v 2.799475 -1.105152 40.013851
v 2.799549 -1.105293 34.331703
v -2.687246 -1.105293 34.331703
v -2.664324 -1.105152 40.013851
v 2.799549 -1.105293 34.331703
v 2.799475 -1.105152 40.013851
v 2.483116 -0.520166 40.013851
v 2.799706 -0.071314 40.013851
v 2.483116 -0.520166 40.013851
v 2.799475 -1.105152 40.013851
v -2.664324 -1.105152 40.013851
v -2.576160 -0.520167 40.013851
v 2.483116 -0.520166 40.013851
v -2.664324 -1.105152 40.013851
v -2.664324 -1.105152 40.013851
v -2.760528 -1.105152 40.013851
v -2.760297 -0.071314 40.013851
v -2.576160 -0.520167 40.013851
v -2.664324 -1.105152 40.013851
v -2.760297 -0.071314 40.013851
v -2.599084 -0.520308 34.331703
v -2.760223 -0.071455 34.331703
v -2.760453 -1.105293 34.331703
v -2.687246 -1.105293 34.331703
v -2.599084 -0.520308 34.331703
v -2.760453 -1.105293 34.331703
v -2.599084 -0.520308 34.331703
v -2.687246 -1.105293 34.331703
v 2.518530 -0.520307 34.331703
v 2.518530 -0.520307 34.331703
v -2.687246 -1.105293 34.331703
v 2.799549 -1.105293 34.331703
v 2.799549 -1.105293 34.331703
v 2.799779 -0.071455 34.331703
v 2.518530 -0.520307 34.331703
v -2.576160 -0.520167 40.013851
v -2.760297 -0.071314 40.013851
v -2.760223 -0.071455 34.331703
v -2.599084 -0.520308 34.331703
v -2.576160 -0.520167 40.013851
v -2.760223 -0.071455 34.331703
v -2.599084 -0.520308 34.331703
v 2.518530 -0.520307 34.331703
v 2.483116 -0.520166 40.013851
v -2.576160 -0.520167 40.013851
v -2.599084 -0.520308 34.331703
v 2.483116 -0.520166 40.013851
v -3.370229 -1.105152 40.013851
v -8.035147 -1.119321 40.013847
v -8.197049 -0.873924 40.013947
v -3.311914 -0.449813 40.015362
v -3.370229 -1.105152 40.013851
v -8.197049 -0.873924 40.013947
v -3.311914 -0.449813 40.015362
v -3.164404 -0.071314 40.013851
v -3.164635 -1.105152 40.013851
v -3.370229 -1.105152 40.013851
v -3.311914 -0.449813 40.015362
v -3.164635 -1.105152 40.013851
v -3.328500 -0.449955 34.333214
v -8.196974 -0.874065 34.331799
v -8.035072 -1.119462 34.331699
v -3.386812 -1.105293 34.331703
v -3.328500 -0.449955 34.333214
v -8.035072 -1.119462 34.331699
v -3.386812 -1.105293 34.331703
v -3.164561 -1.105293 34.331703
v -3.164330 -0.071455 34.331703
v -3.328500 -0.449955 34.333214
v -3.386812 -1.105293 34.331703
v -3.164330 -0.071455 34.331703
v -3.386812 -1.105293 34.331703
v -8.035072 -1.119462 34.331699
v -8.035147 -1.119321 40.013847
v -3.370229 -1.105152 40.013851
v -3.386812 -1.105293 34.331703
v -8.035147 -1.119321 40.013847
v -3.370229 -1.105152 40.013851
v -3.164635 -1.105152 40.013851
v -3.164561 -1.105293 34.331703
v -3.386812 -1.105293 34.331703
v -3.370229 -1.105152 40.013851
v -3.164561 -1.105293 34.331703
v -3.311914 -0.449813 40.015362
v -8.197049 -0.873924 40.013947
v -8.196974 -0.874065 34.331799
v -3.328500 -0.449955 34.333214
v -3.311914 -0.449813 40.015362
v -8.196974 -0.874065 34.331799
v -3.328500 -0.449955 34.333214
v -3.164330 -0.071455 34.331703
v -3.164404 -0.071314 40.013851
v -3.311914 -0.449813 40.015362
v -3.328500 -0.449955 34.333214
v -3.164404 -0.071314 40.013851
v -2.760534 -1.105158 45.696663
v -3.164641 -1.105158 45.696663
v -3.164411 -0.071320 45.696663
v -2.760303 -0.071320 45.696663
v -2.760534 -1.105158 45.696663
v -3.164411 -0.071320 45.696663
v -2.760229 -0.071461 40.014515
v -3.164335 -0.071461 40.014515
v -3.164566 -1.105299 40.014515
v -2.760459 -1.105299 40.014515
v -2.760229 -0.071461 40.014515
v -3.164566 -1.105299 40.014515
v 7.629706 -1.136623 45.696663
v 7.631306 -0.885992 45.696663
v 7.631379 -0.886133 40.014515
v 7.629779 -1.136764 40.014515
v 7.629706 -1.136623 45.696663
v 7.631379 -0.886133 40.014515
v -2.760459 -1.105299 40.014515
v -3.164566 -1.105299 40.014515
v -3.164641 -1.105158 45.696663
v -2.760534 -1.105158 45.696663
v -2.760459 -1.105299 40.014515
v -3.164641 -1.105158 45.696663
v -8.035080 -1.119468 40.014511
v -8.196980 -0.874071 40.014610
v -8.197053 -0.873930 45.696762
v -8.035151 -1.119327 45.696663
v -8.035080 -1.119468 40.014511
v -8.197053 -0.873930 45.696762
v -2.760303 -0.071320 45.696663
v -3.164411 -0.071320 45.696663
v -3.164335 -0.071461 40.014515
v -2.760229 -0.071461 40.014515
v -2.760303 -0.071320 45.696663
v -3.164335 -0.071461 40.014515
v 3.330898 -0.490481 40.016083
v 7.631379 -0.886133 40.014515
v 7.631306 -0.885992 45.696663
v 3.330825 -0.490339 45.698231
v 3.330898 -0.490481 40.016083
v 7.631306 -0.885992 45.696663
v 3.330825 -0.490339 45.698231
v 7.631306 -0.885992 45.696663
v 7.629706 -1.136623 45.696663
v 3.255435 -1.105158 45.696663
v 3.330825 -0.490339 45.698231
v 7.629706 -1.136623 45.696663
v 3.255435 -1.105158 45.696663
v 7.629706 -1.136623 45.696663
v 7.629779 -1.136764 40.014515
v 3.255508 -1.105299 40.014515
v 3.255435 -1.105158 45.696663
v 7.629779 -1.136764 40.014515
v 3.255508 -1.105299 40.014515
v 7.629779 -1.136764 40.014515
v 7.631379 -0.886133 40.014515
v 3.330898 -0.490481 40.016083
v 3.255508 -1.105299 40.014515
v 7.631379 -0.886133 40.014515
v 3.141954 -0.071320 45.696663
v 2.799699 -0.071320 45.696663
v 2.799776 -0.071461 40.014515
v 3.162327 -0.071461 40.014515
v 3.141954 -0.071320 45.696663
v 2.799776 -0.071461 40.014515
v 3.162327 -0.071461 40.014515
v 3.330898 -0.490481 40.016083
v 3.330825 -0.490339 45.698231
v 3.141954 -0.071320 45.696663
v 3.162327 -0.071461 40.014515
v 3.330825 -0.490339 45.698231
v 3.193777 -1.105158 45.696663
v 2.799469 -1.105158 45.696663
v 2.799699 -0.071320 45.696663
v 3.141954 -0.071320 45.696663
v 3.193777 -1.105158 45.696663
v 2.799699 -0.071320 45.696663
v 3.141954 -0.071320 45.696663
v 3.330825 -0.490339 45.698231
v 3.255435 -1.105158 45.696663
v 3.193777 -1.105158 45.696663
v 3.141954 -0.071320 45.696663
v 3.255435 -1.105158 45.696663
v 3.214148 -1.105299 40.014515
v 2.799543 -1.105299 40.014515
v 2.799469 -1.105158 45.696663
v 3.193777 -1.105158 45.696663
v 3.214148 -1.105299 40.014515
v 2.799469 -1.105158 45.696663
v 3.193777 -1.105158 45.696663
v 3.255435 -1.105158 45.696663
v 3.255508 -1.105299 40.014515
v 3.214148 -1.105299 40.014515
v 3.193777 -1.105158 45.696663
v 3.255508 -1.105299 40.014515
v 3.162327 -0.071461 40.014515
v 2.799776 -0.071461 40.014515
v 2.799543 -1.105299 40.014515
v 3.214148 -1.105299 40.014515
v 3.162327 -0.071461 40.014515
v 2.799543 -1.105299 40.014515
v 3.214148 -1.105299 40.014515
v 3.255508 -1.105299 40.014515
v 3.330898 -0.490481 40.016083
v 3.162327 -0.071461 40.014515
v 3.214148 -1.105299 40.014515
v 3.330898 -0.490481 40.016083
v 2.518525 -0.520314 40.014515
v 2.799776 -0.071461 40.014515
v 2.799699 -0.071320 45.696663
v 2.483110 -0.520172 45.696663
v 2.518525 -0.520314 40.014515
v 2.799699 -0.071320 45.696663
v -2.687252 -1.105299 40.014515
v -2.760459 -1.105299 40.014515
v -2.760534 -1.105158 45.696663
v -2.664331 -1.105158 45.696663
v -2.687252 -1.105299 40.014515
v -2.760534 -1.105158 45.696663
v -2.664331 -1.105158 45.696663
v 2.799469 -1.105158 45.696663
v 2.799543 -1.105299 40.014515
v -2.687252 -1.105299 40.014515
v -2.664331 -1.105158 45.696663
v 2.799543 -1.105299 40.014515
v 2.799469 -1.105158 45.696663
v 2.483110 -0.520172 45.696663
v 2.799699 -0.071320 45.696663
v 2.483110 -0.520172 45.696663
v 2.799469 -1.105158 45.696663
v -2.664331 -1.105158 45.696663
v -2.576167 -0.520173 45.696663
v 2.483110 -0.520172 45.696663
v -2.664331 -1.105158 45.696663
v -2.664331 -1.105158 45.696663
v -2.760534 -1.105158 45.696663
v -2.760303 -0.071320 45.696663
v -2.576167 -0.520173 45.696663
v -2.664331 -1.105158 45.696663
v -2.760303 -0.071320 45.696663
v -2.599090 -0.520314 40.014515
v -2.760229 -0.071461 40.014515
v -2.760459 -1.105299 40.014515
v -2.687252 -1.105299 40.014515
v -2.599090 -0.520314 40.014515
v -2.760459 -1.105299 40.014515
v -2.599090 -0.520314 40.014515
v -2.687252 -1.105299 40.014515
v 2.518525 -0.520314 40.014515
v 2.518525 -0.520314 40.014515
v -2.687252 -1.105299 40.014515
v 2.799543 -1.105299 40.014515
v 2.799543 -1.105299 40.014515
v 2.799776 -0.071461 40.014515
v 2.518525 -0.520314 40.014515
v -2.576167 -0.520173 45.696663
v -2.760303 -0.071320 45.696663
v -2.760229 -0.071461 40.014515
v -2.599090 -0.520314 40.014515
v -2.576167 -0.520173 45.696663
v -2.760229 -0.071461 40.014515
v -2.599090 -0.520314 40.014515
v 2.518525 -0.520314 40.014515
v 2.483110 -0.520172 45.696663
v -2.576167 -0.520173 45.696663
v -2.599090 -0.520314 40.014515
v 2.483110 -0.520172 45.696663
v -3.370235 -1.105158 45.696663
v -8.035151 -1.119327 45.696663
v -8.197053 -0.873930 45.696762
v -3.311922 -0.449820 45.698174
v -3.370235 -1.105158 45.696663
v -8.197053 -0.873930 45.696762
v -3.311922 -0.449820 45.698174
v -3.164411 -0.071320 45.696663
v -3.164641 -1.105158 45.696663
v -3.370235 -1.105158 45.696663
v -3.311922 -0.449820 45.698174
v -3.164641 -1.105158 45.696663
v -3.328506 -0.449961 40.016026
v -8.196980 -0.874071 40.014610
v -8.035080 -1.119468 40.014511
v -3.386817 -1.105299 40.014515
v -3.328506 -0.449961 40.016026
v -8.035080 -1.119468 40.014511
v -3.386817 -1.105299 40.014515
v -3.164566 -1.105299 40.014515
v -3.164335 -0.071461 40.014515
v -3.328506 -0.449961 40.016026
v -3.386817 -1.105299 40.014515
v -3.164335 -0.071461 40.014515
v -3.386817 -1.105299 40.014515
v -8.035080 -1.119468 40.014511
v -8.035151 -1.119327 45.696663
v -3.370235 -1.105158 45.696663
v -3.386817 -1.105299 40.014515
v -8.035151 -1.119327 45.696663
v -3.370235 -1.105158 45.696663
v -3.164641 -1.105158 45.696663
v -3.164566 -1.105299 40.014515
v -3.386817 -1.105299 40.014515
v -3.370235 -1.105158 45.696663
v -3.164566 -1.105299 40.014515
v -3.311922 -0.449820 45.698174
v -8.197053 -0.873930 45.696762
v -8.196980 -0.874071 40.014610
v -3.328506 -0.449961 40.016026
v -3.311922 -0.449820 45.698174
v -8.196980 -0.874071 40.014610
v -3.328506 -0.449961 40.016026
v -3.164335 -0.071461 40.014515
v -3.164411 -0.071320 45.696663
v -3.311922 -0.449820 45.698174
v -3.328506 -0.449961 40.016026
v -3.164411 -0.071320 45.696663
v -2.760528 -1.105152 51.222614
v -3.164635 -1.105152 51.222614
v -3.164404 -0.071314 51.222614
v -2.760297 -0.071314 51.222614
v -2.760528 -1.105152 51.222614
v -3.164404 -0.071314 51.222614
v -2.760223 -0.071455 45.540462
v -3.164330 -0.071455 45.540462
v -3.164560 -1.105293 45.540462
v -2.760453 -1.105293 45.540462
v -2.760223 -0.071455 45.540462
v -3.164560 -1.105293 45.540462
v 7.629712 -1.136617 51.222614
v 7.631311 -0.885985 51.222614
v 7.631387 -0.886127 45.540462
v 7.629788 -1.136758 45.540462
v 7.629712 -1.136617 51.222614
v 7.631387 -0.886127 45.540462
v -2.760453 -1.105293 45.540462
v -3.164560 -1.105293 45.540462
v -3.164635 -1.105152 51.222614
v -2.760528 -1.105152 51.222614
v -2.760453 -1.105293 45.540462
v -3.164635 -1.105152 51.222614
v -8.035072 -1.119462 45.540459
v -8.196974 -0.874065 45.540558
v -8.197049 -0.873924 51.222710
v -8.035147 -1.119321 51.222610
v -8.035072 -1.119462 45.540459
v -8.197049 -0.873924 51.222710
v -2.760297 -0.071314 51.222614
v -3.164404 -0.071314 51.222614
v -3.164330 -0.071455 45.540462
v -2.760223 -0.071455 45.540462
v -2.760297 -0.071314 51.222614
v -3.164330 -0.071455 45.540462
v 3.330904 -0.490474 45.542027
v 7.631387 -0.886127 45.540462
v 7.631311 -0.885985 51.222614
v 3.330831 -0.490333 51.224178
v 3.330904 -0.490474 45.542027
v 7.631311 -0.885985 51.222614
v 3.330831 -0.490333 51.224178
v 7.631311 -0.885985 51.222614
v 7.629712 -1.136617 51.222614
v 3.255441 -1.105152 51.222614
v 3.330831 -0.490333 51.224178
v 7.629712 -1.136617 51.222614
v 3.255441 -1.105152 51.222614
v 7.629712 -1.136617 51.222614
v 7.629788 -1.136758 45.540462
v 3.255514 -1.105293 45.540462
v 3.255441 -1.105152 51.222614
v 7.629788 -1.136758 45.540462
v 3.255514 -1.105293 45.540462
v 7.629788 -1.136758 45.540462
v 7.631387 -0.886127 45.540462
v 3.330904 -0.490474 45.542027
v 3.255514 -1.105293 45.540462
v 7.631387 -0.886127 45.540462
v 3.141961 -0.071314 51.222614
v 2.799706 -0.071314 51.222614
v 2.799779 -0.071455 45.540462
v 3.162333 -0.071455 45.540462
v 3.141961 -0.071314 51.222614
v 2.799779 -0.071455 45.540462
v 3.162333 -0.071455 45.540462
v 3.330904 -0.490474 45.542027
v 3.330831 -0.490333 51.224178
v 3.141961 -0.071314 51.222614
v 3.162333 -0.071455 45.540462
v 3.330831 -0.490333 51.224178
v 3.193783 -1.105152 51.222614
v 2.799475 -1.105152 51.222614
v 2.799706 -0.071314 51.222614
v 3.141961 -0.071314 51.222614
v 3.193783 -1.105152 51.222614
v 2.799706 -0.071314 51.222614
v 3.141961 -0.071314 51.222614
v 3.330831 -0.490333 51.224178
v 3.255441 -1.105152 51.222614
v 3.193783 -1.105152 51.222614
v 3.141961 -0.071314 51.222614
v 3.255441 -1.105152 51.222614
v 3.214154 -1.105293 45.540462
v 2.799549 -1.105293 45.540462
v 2.799475 -1.105152 51.222614
v 3.193783 -1.105152 51.222614
v 3.214154 -1.105293 45.540462
v 2.799475 -1.105152 51.222614
v 3.193783 -1.105152 51.222614
v 3.255441 -1.105152 51.222614
v 3.255514 -1.105293 45.540462
v 3.214154 -1.105293 45.540462
v 3.193783 -1.105152 51.222614
v 3.255514 -1.105293 45.540462
v 3.162333 -0.071455 45.540462
v 2.799779 -0.071455 45.540462
v 2.799549 -1.105293 45.540462
v 3.214154 -1.105293 45.540462
v 3.162333 -0.071455 45.540462
v 2.799549 -1.105293 45.540462
v 3.214154 -1.105293 45.540462
v 3.255514 -1.105293 45.540462
v 3.330904 -0.490474 45.542027
v 3.162333 -0.071455 45.540462
v 3.214154 -1.105293 45.540462
v 3.330904 -0.490474 45.542027
v 2.518530 -0.520307 45.540462
v 2.799779 -0.071455 45.540462
v 2.799706 -0.071314 51.222614
v 2.483116 -0.520166 51.222614
v 2.518530 -0.520307 45.540462
v 2.799706 -0.071314 51.222614
v -2.687246 -1.105293 45.540462
v -2.760453 -1.105293 45.540462
v -2.760528 -1.105152 51.222614
v -2.664324 -1.105152 51.222614
v -2.687246 -1.105293 45.540462
v -2.760528 -1.105152 51.222614
v -2.664324 -1.105152 51.222614
v 2.799475 -1.105152 51.222614
v 2.799549 -1.105293 45.540462
v -2.687246 -1.105293 45.540462
v -2.664324 -1.105152 51.222614
v 2.799549 -1.105293 45.540462
v 2.799475 -1.105152 51.222614
v 2.483116 -0.520166 51.222614
v 2.799706 -0.071314 51.222614
v 2.483116 -0.520166 51.222614
v 2.799475 -1.105152 51.222614
v -2.664324 -1.105152 51.222614
v -2.576160 -0.520167 51.222614
v 2.483116 -0.520166 51.222614
v -2.664324 -1.105152 51.222614
v -2.664324 -1.105152 51.222614
v -2.760528 -1.105152 51.222614
v -2.760297 -0.071314 51.222614
v -2.576160 -0.520167 51.222614
v -2.664324 -1.105152 51.222614
v -2.760297 -0.071314 51.222614
v -2.599084 -0.520308 45.540462
v -2.760223 -0.071455 45.540462
v -2.760453 -1.105293 45.540462
v -2.687246 -1.105293 45.540462
v -2.599084 -0.520308 45.540462
v -2.760453 -1.105293 45.540462
v -2.599084 -0.520308 45.540462
v -2.687246 -1.105293 45.540462
v 2.518530 -0.520307 45.540462
v 2.518530 -0.520307 45.540462
v -2.687246 -1.105293 45.540462
v 2.799549 -1.105293 45.540462
v 2.799549 -1.105293 45.540462
v 2.799779 -0.071455 45.540462
v 2.518530 -0.520307 45.540462
v -2.576160 -0.520167 51.222614
v -2.760297 -0.071314 51.222614
v -2.760223 -0.071455 45.540462
v -2.599084 -0.520308 45.540462
v -2.576160 -0.520167 51.222614
v -2.760223 -0.071455 45.540462
v -2.599084 -0.520308 45.540462
v 2.518530 -0.520307 45.540462
v 2.483116 -0.520166 51.222614
v -2.576160 -0.520167 51.222614
v -2.599084 -0.520308 45.540462
v 2.483116 -0.520166 51.222614
v -3.370229 -1.105152 51.222614
v -8.035147 -1.119321 51.222610
v -8.197049 -0.873924 51.222710
v -3.311914 -0.449813 51.224121
v -3.370229 -1.105152 51.222614
v -8.197049 -0.873924 51.222710
v -3.311914 -0.449813 51.224121
v -3.164404 -0.071314 51.222614
v -3.164635 -1.105152 51.222614
v -3.370229 -1.105152 51.222614
v -3.311914 -0.449813 51.224121
v -3.164635 -1.105152 51.222614
v -3.328500 -0.449955 45.541973
v -8.196974 -0.874065 45.540558
v -8.035072 -1.119462 45.540459
v -3.386812 -1.105293 45.540462
v -3.328500 -0.449955 45.541973
v -8.035072 -1.119462 45.540459
v -3.386812 -1.105293 45.540462
v -3.164560 -1.105293 45.540462
v -3.164330 -0.071455 45.540462
v -3.328500 -0.449955 45.541973
v -3.386812 -1.105293 45.540462
v -3.164330 -0.071455 45.540462
v -3.386812 -1.105293 45.540462
v -8.035072 -1.119462 45.540459
v -8.035147 -1.119321 51.222610
v -3.370229 -1.105152 51.222614
v -3.386812 -1.105293 45.540462
v -8.035147 -1.119321 51.222610
v -3.370229 -1.105152 51.222614
v -3.164635 -1.105152 51.222614
v -3.164560 -1.105293 45.540462
v -3.386812 -1.105293 45.540462
v -3.370229 -1.105152 51.222614
v -3.164560 -1.105293 45.540462
v -3.311914 -0.449813 51.224121
v -8.197049 -0.873924 51.222710
v -8.196974 -0.874065 45.540558
v -3.328500 -0.449955 45.541973
v -3.311914 -0.449813 51.224121
v -8.196974 -0.874065 45.540558
v -3.328500 -0.449955 45.541973
v -3.164330 -0.071455 45.540462
v -3.164404 -0.071314 51.222614
v -3.311914 -0.449813 51.224121
v -3.328500 -0.449955 45.541973
v -3.164404 -0.071314 51.222614
v -2.760534 -1.105158 56.905430
v -3.164641 -1.105158 56.905430
v -3.164411 -0.071320 56.905430
v -2.760303 -0.071320 56.905430
v -2.760534 -1.105158 56.905430
v -3.164411 -0.071320 56.905430
v -2.760229 -0.071461 51.223278
v -3.164335 -0.071461 51.223278
v -3.164566 -1.105299 51.223278
v -2.760459 -1.105299 51.223278
v -2.760229 -0.071461 51.223278
v -3.164566 -1.105299 51.223278
v 7.629706 -1.136623 56.905430
v 7.631306 -0.885992 56.905430
v 7.631379 -0.886133 51.223278
v 7.629779 -1.136764 51.223278
v 7.629706 -1.136623 56.905430
v 7.631379 -0.886133 51.223278
v -2.760459 -1.105299 51.223278
v -3.164566 -1.105299 51.223278
v -3.164641 -1.105158 56.905430
v -2.760534 -1.105158 56.905430
v -2.760459 -1.105299 51.223278
v -3.164641 -1.105158 56.905430
v -8.035080 -1.119468 51.223274
v -8.196980 -0.874071 51.223373
v -8.197053 -0.873930 56.905521
v -8.035151 -1.119327 56.905426
v -8.035080 -1.119468 51.223274
v -8.197053 -0.873930 56.905521
v -2.760303 -0.071320 56.905430
v -3.164411 -0.071320 56.905430
v -3.164335 -0.071461 51.223278
v -2.760229 -0.071461 51.223278
v -2.760303 -0.071320 56.905430
v -3.164335 -0.071461 51.223278
v 3.330898 -0.490481 51.224842
v 7.631379 -0.886133 51.223278
v 7.631306 -0.885992 56.905430
v 3.330825 -0.490339 56.906990
v 3.330898 -0.490481 51.224842
v 7.631306 -0.885992 56.905430
v 3.330825 -0.490339 56.906990
v 7.631306 -0.885992 56.905430
v 7.629706 -1.136623 56.905430
v 3.255435 -1.105158 56.905430
v 3.330825 -0.490339 56.906990
v 7.629706 -1.136623 56.905430
v 3.255435 -1.105158 56.905430
v 7.629706 -1.136623 56.905430
v 7.629779 -1.136764 51.223278
v 3.255508 -1.105299 51.223278
v 3.255435 -1.105158 56.905430
v 7.629779 -1.136764 51.223278
v 3.255508 -1.105299 51.223278
v 7.629779 -1.136764 51.223278
v 7.631379 -0.886133 51.223278
v 3.330898 -0.490481 51.224842
v 3.255508 -1.105299 51.223278
v 7.631379 -0.886133 51.223278
v 3.141954 -0.071320 56.905430
v 2.799700 -0.071320 56.905430
v 2.799776 -0.071461 51.223278
v 3.162327 -0.071461 51.223278
v 3.141954 -0.071320 56.905430
v 2.799776 -0.071461 51.223278
v 3.162327 -0.071461 51.223278
v 3.330898 -0.490481 51.224842
v 3.330825 -0.490339 56.906990
v 3.141954 -0.071320 56.905430
v 3.162327 -0.071461 51.223278
v 3.330825 -0.490339 56.906990
v 3.193777 -1.105158 56.905430
v 2.799469 -1.105158 56.905430
v 2.799700 -0.071320 56.905430
v 3.141954 -0.071320 56.905430
v 3.193777 -1.105158 56.905430
v 2.799700 -0.071320 56.905430
v 3.141954 -0.071320 56.905430
v 3.330825 -0.490339 56.906990
v 3.255435 -1.105158 56.905430
v 3.193777 -1.105158 56.905430
v 3.141954 -0.071320 56.905430
v 3.255435 -1.105158 56.905430
v 3.214148 -1.105299 51.223278
v 2.799543 -1.105299 51.223278
v 2.799469 -1.105158 56.905430
v 3.193777 -1.105158 56.905430
v 3.214148 -1.105299 51.223278
v 2.799469 -1.105158 56.905430
v 3.193777 -1.105158 56.905430
v 3.255435 -1.105158 56.905430
v 3.255508 -1.105299 51.223278
v 3.214148 -1.105299 51.223278
v 3.193777 -1.105158 56.905430
v 3.255508 -1.105299 51.223278
v 3.162327 -0.071461 51.223278
v 2.799776 -0.071461 51.223278
v 2.799543 -1.105299 51.223278
v 3.214148 -1.105299 51.223278
v 3.162327 -0.071461 51.223278
v 2.799543 -1.105299 51.223278
v 3.214148 -1.105299 51.223278
v 3.255508 -1.105299 51.223278
v 3.330898 -0.490481 51.224842
v 3.162327 -0.071461 51.223278
v 3.214148 -1.105299 51.223278
v 3.330898 -0.490481 51.224842
v 2.518525 -0.520314 51.223278
v 2.799776 -0.071461 51.223278
v 2.799700 -0.071320 56.905430
v 2.483110 -0.520172 56.905430
v 2.518525 -0.520314 51.223278
v 2.799700 -0.071320 56.905430
v -2.687252 -1.105299 51.223278
v -2.760459 -1.105299 51.223278
v -2.760534 -1.105158 56.905430
v -2.664331 -1.105158 56.905430
v -2.687252 -1.105299 51.223278
v -2.760534 -1.105158 56.905430
v -2.664331 -1.105158 56.905430
v 2.799469 -1.105158 56.905430
v 2.799543 -1.105299 51.223278
v -2.687252 -1.105299 51.223278
v -2.664331 -1.105158 56.905430
v 2.799543 -1.105299 51.223278
v 2.799469 -1.105158 56.905430
v 2.483110 -0.520172 56.905430
v 2.799700 -0.071320 56.905430
v 2.483110 -0.520172 56.905430
v 2.799469 -1.105158 56.905430
v -2.664331 -1.105158 56.905430
v -2.576167 -0.520173 56.905430
v 2.483110 -0.520172 56.905430
v -2.664331 -1.105158 56.905430
v -2.664331 -1.105158 56.905430
v -2.760534 -1.105158 56.905430
v -2.760303 -0.071320 56.905430
v -2.576167 -0.520173 56.905430
v -2.664331 -1.105158 56.905430
v -2.760303 -0.071320 56.905430
v -2.599089 -0.520314 51.223278
v -2.760229 -0.071461 51.223278
v -2.760459 -1.105299 51.223278
v -2.687252 -1.105299 51.223278
v -2.599089 -0.520314 51.223278
v -2.760459 -1.105299 51.223278
v -2.599089 -0.520314 51.223278
v -2.687252 -1.105299 51.223278
v 2.518525 -0.520314 51.223278
v 2.518525 -0.520314 51.223278
v -2.687252 -1.105299 51.223278
v 2.799543 -1.105299 51.223278
v 2.799543 -1.105299 51.223278
v 2.799776 -0.071461 51.223278
v 2.518525 -0.520314 51.223278
v -2.576167 -0.520173 56.905430
v -2.760303 -0.071320 56.905430
v -2.760229 -0.071461 51.223278
v -2.599089 -0.520314 51.223278
v -2.576167 -0.520173 56.905430
v -2.760229 -0.071461 51.223278
v -2.599089 -0.520314 51.223278
v 2.518525 -0.520314 51.223278
v 2.483110 -0.520172 56.905430
v -2.576167 -0.520173 56.905430
v -2.599089 -0.520314 51.223278
v 2.483110 -0.520172 56.905430
v -3.370235 -1.105158 56.905430
v -8.035151 -1.119327 56.905426
v -8.197053 -0.873930 56.905521
v -3.311922 -0.449820 56.906933
v -3.370235 -1.105158 56.905430
v -8.197053 -0.873930 56.905521
v -3.311922 -0.449820 56.906933
v -3.164411 -0.071320 56.905430
v -3.164641 -1.105158 56.905430
v -3.370235 -1.105158 56.905430
v -3.311922 -0.449820 56.906933
v -3.164641 -1.105158 56.905430
v -3.328506 -0.449961 51.224789
v -8.196980 -0.874071 51.223373
v -8.035080 -1.119468 51.223274
v -3.386817 -1.105299 51.223278
v -3.328506 -0.449961 51.224789
v -8.035080 -1.119468 51.223274
v -3.386817 -1.105299 51.223278
v -3.164566 -1.105299 51.223278
v -3.164335 -0.071461 51.223278
v -3.328506 -0.449961 51.224789
v -3.386817 -1.105299 51.223278
v -3.164335 -0.071461 51.223278
v -3.386817 -1.105299 51.223278
v -8.035080 -1.119468 51.223274
v -8.035151 -1.119327 56.905426
v -3.370235 -1.105158 56.905430
v -3.386817 -1.105299 51.223278
v -8.035151 -1.119327 56.905426
v -3.370235 -1.105158 56.905430
v -3.164641 -1.105158 56.905430
v -3.164566 -1.105299 51.223278
v -3.386817 -1.105299 51.223278
v -3.370235 -1.105158 56.905430
v -3.164566 -1.105299 51.223278
v -3.311922 -0.449820 56.906933
v -8.197053 -0.873930 56.905521
v -8.196980 -0.874071 51.223373
v -3.328506 -0.449961 51.224789
v -3.311922 -0.449820 56.906933
v -8.196980 -0.874071 51.223373
v -3.328506 -0.449961 51.224789
v -3.164335 -0.071461 51.223278
v -3.164411 -0.071320 56.905430
v -3.311922 -0.449820 56.906933
v -3.328506 -0.449961 51.224789
v -3.164411 -0.071320 56.905430
v -2.760528 -1.105152 62.526474
v -3.164635 -1.105152 62.526474
v -3.164404 -0.071314 62.526474
v -2.760297 -0.071314 62.526474
v -2.760528 -1.105152 62.526474
v -3.164404 -0.071314 62.526474
v -2.760223 -0.071455 56.844326
v -3.164330 -0.071455 56.844326
v -3.164560 -1.105293 56.844326
v -2.760453 -1.105293 56.844326
v -2.760223 -0.071455 56.844326
v -3.164560 -1.105293 56.844326
v 7.629712 -1.136617 62.526474
v 7.631311 -0.885985 62.526474
v 7.631387 -0.886127 56.844326
v 7.629788 -1.136758 56.844326
v 7.629712 -1.136617 62.526474
v 7.631387 -0.886127 56.844326
v -2.760453 -1.105293 56.844326
v -3.164560 -1.105293 56.844326
v -3.164635 -1.105152 62.526474
v -2.760528 -1.105152 62.526474
v -2.760453 -1.105293 56.844326
v -3.164635 -1.105152 62.526474
v -8.035072 -1.119462 56.844322
v -8.196974 -0.874065 56.844421
v -8.197049 -0.873924 62.526569
v -8.035146 -1.119321 62.526474
v -8.035072 -1.119462 56.844322
v -8.197049 -0.873924 62.526569
v -2.760297 -0.071314 62.526474
v -3.164404 -0.071314 62.526474
v -3.164330 -0.071455 56.844326
v -2.760223 -0.071455 56.844326
v -2.760297 -0.071314 62.526474
v -3.164330 -0.071455 56.844326
v 3.330904 -0.490474 56.845890
v 7.631387 -0.886127 56.844326
v 7.631311 -0.885985 62.526474
v 3.330831 -0.490333 62.528038
v 3.330904 -0.490474 56.845890
v 7.631311 -0.885985 62.526474
v 3.330831 -0.490333 62.528038
v 7.631311 -0.885985 62.526474
v 7.629712 -1.136617 62.526474
v 3.255441 -1.105152 62.526474
v 3.330831 -0.490333 62.528038
v 7.629712 -1.136617 62.526474
v 3.255441 -1.105152 62.526474
v 7.629712 -1.136617 62.526474
v 7.629788 -1.136758 56.844326
v 3.255514 -1.105293 56.844326
v 3.255441 -1.105152 62.526474
v 7.629788 -1.136758 56.844326
v 3.255514 -1.105293 56.844326
v 7.629788 -1.136758 56.844326
v 7.631387 -0.886127 56.844326
v 3.330904 -0.490474 56.845890
v 3.255514 -1.105293 56.844326
v 7.631387 -0.886127 56.844326
v 3.141961 -0.071314 62.526474
v 2.799706 -0.071314 62.526474
v 2.799779 -0.071455 56.844326
v 3.162333 -0.071455 56.844326
v 3.141961 -0.071314 62.526474
v 2.799779 -0.071455 56.844326
v 3.162333 -0.071455 56.844326
v 3.330904 -0.490474 56.845890
v 3.330831 -0.490333 62.528038
v 3.141961 -0.071314 62.526474
v 3.162333 -0.071455 56.844326
v 3.330831 -0.490333 62.528038
v 3.193783 -1.105152 62.526474
v 2.799475 -1.105152 62.526474
v 2.799706 -0.071314 62.526474
v 3.141961 -0.071314 62.526474
v 3.193783 -1.105152 62.526474
v 2.799706 -0.071314 62.526474
v 3.141961 -0.071314 62.526474
v 3.330831 -0.490333 62.528038
v 3.255441 -1.105152 62.526474
v 3.193783 -1.105152 62.526474
v 3.141961 -0.071314 62.526474
v 3.255441 -1.105152 62.526474
v 3.214154 -1.105293 56.844326
v 2.799549 -1.105293 56.844326
v 2.799475 -1.105152 62.526474
v 3.193783 -1.105152 62.526474
v 3.214154 -1.105293 56.844326
v 2.799475 -1.105152 62.526474
v 3.193783 -1.105152 62.526474
v 3.255441 -1.105152 62.526474
v 3.255514 -1.105293 56.844326
v 3.214154 -1.105293 56.844326
v 3.193783 -1.105152 62.526474
v 3.255514 -1.105293 56.844326
v 3.162333 -0.071455 56.844326
v 2.799779 -0.071455 56.844326
v 2.799549 -1.105293 56.844326
v 3.214154 -1.105293 56.844326
v 3.162333 -0.071455 56.844326
v 2.799549 -1.105293 56.844326
v 3.214154 -1.105293 56.844326
v 3.255514 -1.105293 56.844326
v 3.330904 -0.490474 56.845890
v 3.162333 -0.071455 56.844326
v 3.214154 -1.105293 56.844326
v 3.330904 -0.490474 56.845890
v 2.518530 -0.520307 56.844326
v 2.799779 -0.071455 56.844326
v 2.799706 -0.071314 62.526474
v 2.483116 -0.520166 62.526474
v 2.518530 -0.520307 56.844326
v 2.799706 -0.071314 62.526474
v -2.687246 -1.105293 56.844326
v -2.760453 -1.105293 56.844326
v -2.760528 -1.105152 62.526474
v -2.664323 -1.105152 62.526474
v -2.687246 -1.105293 56.844326
v -2.760528 -1.105152 62.526474
v -2.664323 -1.105152 62.526474
v 2.799475 -1.105152 62.526474
v 2.799549 -1.105293 56.844326
v -2.687246 -1.105293 56.844326
v -2.664323 -1.105152 62.526474
v 2.799549 -1.105293 56.844326
v 2.799475 -1.105152 62.526474
v 2.483116 -0.520166 62.526474
v 2.799706 -0.071314 62.526474
v 2.483116 -0.520166 62.526474
v 2.799475 -1.105152 62.526474
v -2.664323 -1.105152 62.526474
v -2.576160 -0.520167 62.526474
v 2.483116 -0.520166 62.526474
v -2.664323 -1.105152 62.526474
v -2.664323 -1.105152 62.526474
v -2.760528 -1.105152 62.526474
v -2.760297 -0.071314 62.526474
v -2.576160 -0.520167 62.526474
v -2.664323 -1.105152 62.526474
v -2.760297 -0.071314 62.526474
v -2.599084 -0.520308 56.844326
v -2.760223 -0.071455 56.844326
v -2.760453 -1.105293 56.844326
v -2.687246 -1.105293 56.844326
v -2.599084 -0.520308 56.844326
v -2.760453 -1.105293 56.844326
v -2.599084 -0.520308 56.844326
v -2.687246 -1.105293 56.844326
v 2.518530 -0.520307 56.844326
v 2.518530 -0.520307 56.844326
v -2.687246 -1.105293 56.844326
v 2.799549 -1.105293 56.844326
v 2.799549 -1.105293 56.844326
v 2.799779 -0.071455 56.844326
v 2.518530 -0.520307 56.844326
v -2.576160 -0.520167 62.526474
v -2.760297 -0.071314 62.526474
v -2.760223 -0.071455 56.844326
v -2.599084 -0.520308 56.844326
v -2.576160 -0.520167 62.526474
v -2.760223 -0.071455 56.844326
v -2.599084 -0.520308 56.844326
v 2.518530 -0.520307 56.844326
v 2.483116 -0.520166 62.526474
v -2.576160 -0.520167 62.526474
v -2.599084 -0.520308 56.844326
v 2.483116 -0.520166 62.526474
v -3.370229 -1.105152 62.526474
v -8.035146 -1.119321 62.526474
v -8.197049 -0.873924 62.526569
v -3.311914 -0.449813 62.527985
v -3.370229 -1.105152 62.526474
v -8.197049 -0.873924 62.526569
v -3.311914 -0.449813 62.527985
v -3.164404 -0.071314 62.526474
v -3.164635 -1.105152 62.526474
v -3.370229 -1.105152 62.526474
v -3.311914 -0.449813 62.527985
v -3.164635 -1.105152 62.526474
v -3.328500 -0.449955 56.845837
v -8.196974 -0.874065 56.844421
v -8.035072 -1.119462 56.844322
v -3.386812 -1.105293 56.844326
v -3.328500 -0.449955 56.845837
v -8.035072 -1.119462 56.844322
v -3.386812 -1.105293 56.844326
v -3.164560 -1.105293 56.844326
v -3.164330 -0.071455 56.844326
v -3.328500 -0.449955 56.845837
v -3.386812 -1.105293 56.844326
v -3.164330 -0.071455 56.844326
v -3.386812 -1.105293 56.844326
v -8.035072 -1.119462 56.844322
v -8.035146 -1.119321 62.526474
v -3.370229 -1.105152 62.526474
v -3.386812 -1.105293 56.844326
v -8.035146 -1.119321 62.526474
v -3.370229 -1.105152 62.526474
v -3.164635 -1.105152 62.526474
v -3.164560 -1.105293 56.844326
v -3.386812 -1.105293 56.844326
v -3.370229 -1.105152 62.526474
v -3.164560 -1.105293 56.844326
v -3.311914 -0.449813 62.527985
v -8.197049 -0.873924 62.526569
v -8.196974 -0.874065 56.844421
v -3.328500 -0.449955 56.845837
v -3.311914 -0.449813 62.527985
v -8.196974 -0.874065 56.844421
v -3.328500 -0.449955 56.845837
v -3.164330 -0.071455 56.844326
v -3.164404 -0.071314 62.526474
v -3.311914 -0.449813 62.527985
v -3.328500 -0.449955 56.845837
v -3.164404 -0.071314 62.526474
v -2.760534 -1.105158 68.209290
v -3.164641 -1.105158 68.209290
v -3.164411 -0.071320 68.209290
v -2.760303 -0.071320 68.209290
v -2.760534 -1.105158 68.209290
v -3.164411 -0.071320 68.209290
v -2.760229 -0.071461 62.527138
v -3.164335 -0.071461 62.527138
v -3.164566 -1.105299 62.527138
v -2.760459 -1.105299 62.527138
v -2.760229 -0.071461 62.527138
v -3.164566 -1.105299 62.527138
v 7.629706 -1.136623 68.209290
v 7.631306 -0.885992 68.209290
v 7.631379 -0.886133 62.527138
v 7.629779 -1.136764 62.527138
v 7.629706 -1.136623 68.209290
v 7.631379 -0.886133 62.527138
v -2.760459 -1.105299 62.527138
v -3.164566 -1.105299 62.527138
v -3.164641 -1.105158 68.209290
v -2.760534 -1.105158 68.209290
v -2.760459 -1.105299 62.527138
v -3.164641 -1.105158 68.209290
v -8.035080 -1.119468 62.527134
v -8.196980 -0.874071 62.527237
v -8.197053 -0.873930 68.209381
v -8.035151 -1.119327 68.209282
v -8.035080 -1.119468 62.527134
v -8.197053 -0.873930 68.209381
v -2.760303 -0.071320 68.209290
v -3.164411 -0.071320 68.209290
v -3.164335 -0.071461 62.527138
v -2.760229 -0.071461 62.527138
v -2.760303 -0.071320 68.209290
v -3.164335 -0.071461 62.527138
v 3.330898 -0.490481 62.528706
v 7.631379 -0.886133 62.527138
v 7.631306 -0.885992 68.209290
v 3.330825 -0.490339 68.210854
v 3.330898 -0.490481 62.528706
v 7.631306 -0.885992 68.209290
v 3.330825 -0.490339 68.210854
v 7.631306 -0.885992 68.209290
v 7.629706 -1.136623 68.209290
v 3.255435 -1.105158 68.209290
v 3.330825 -0.490339 68.210854
v 7.629706 -1.136623 68.209290
v 3.255435 -1.105158 68.209290
v 7.629706 -1.136623 68.209290
v 7.629779 -1.136764 62.527138
v 3.255508 -1.105299 62.527138
v 3.255435 -1.105158 68.209290
v 7.629779 -1.136764 62.527138
v 3.255508 -1.105299 62.527138
v 7.629779 -1.136764 62.527138
v 7.631379 -0.886133 62.527138
v 3.330898 -0.490481 62.528706
v 3.255508 -1.105299 62.527138
v 7.631379 -0.886133 62.527138
v 3.141954 -0.071320 68.209290
v 2.799700 -0.071320 68.209290
v 2.799776 -0.071461 62.527138
v 3.162327 -0.071461 62.527138
v 3.141954 -0.071320 68.209290
v 2.799776 -0.071461 62.527138
v 3.162327 -0.071461 62.527138
v 3.330898 -0.490481 62.528706
v 3.330825 -0.490339 68.210854
v 3.141954 -0.071320 68.209290
v 3.162327 -0.071461 62.527138
v 3.330825 -0.490339 68.210854
v 3.193777 -1.105158 68.209290
v 2.799469 -1.105158 68.209290
v 2.799700 -0.071320 68.209290
v 3.141954 -0.071320 68.209290
v 3.193777 -1.105158 68.209290
v 2.799700 -0.071320 68.209290
v 3.141954 -0.071320 68.209290
v 3.330825 -0.490339 68.210854
v 3.255435 -1.105158 68.209290
v 3.193777 -1.105158 68.209290
v 3.141954 -0.071320 68.209290
v 3.255435 -1.105158 68.209290
v 3.214148 -1.105299 62.527138
v 2.799543 -1.105299 62.527138
v 2.799469 -1.105158 68.209290
v 3.193777 -1.105158 68.209290
v 3.214148 -1.105299 62.527138
v 2.799469 -1.105158 68.209290
v 3.193777 -1.105158 68.209290
v 3.255435 -1.105158 68.209290
v 3.255508 -1.105299 62.527138
v 3.214148 -1.105299 62.527138
v 3.193777 -1.105158 68.209290
v 3.255508 -1.105299 62.527138
v 3.162327 -0.071461 62.527138
v 2.799776 -0.071461 62.527138
v 2.799543 -1.105299 62.527138
v 3.214148 -1.105299 62.527138
v 3.162327 -0.071461 62.527138
v 2.799543 -1.105299 62.527138
v 3.214148 -1.105299 62.527138
v 3.255508 -1.105299 62.527138
v 3.330898 -0.490481 62.528706
v 3.162327 -0.071461 62.527138
v 3.214148 -1.105299 62.527138
v 3.330898 -0.490481 62.528706
v 2.518525 -0.520314 62.527138
v 2.799776 -0.071461 62.527138
v 2.799700 -0.071320 68.209290
v 2.483110 -0.520172 68.209290
v 2.518525 -0.520314 62.527138
v 2.799700 -0.071320 68.209290
v -2.687252 -1.105299 62.527138
v -2.760459 -1.105299 62.527138
v -2.760534 -1.105158 68.209290
v -2.664331 -1.105158 68.209290
v -2.687252 -1.105299 62.527138
v -2.760534 -1.105158 68.209290
v -2.664331 -1.105158 68.209290
v 2.799469 -1.105158 68.209290
v 2.799543 -1.105299 62.527138
v -2.687252 -1.105299 62.527138
v -2.664331 -1.105158 68.209290
v 2.799543 -1.105299 62.527138
v 2.799469 -1.105158 68.209290
v 2.483110 -0.520172 68.209290
v 2.799700 -0.071320 68.209290
v 2.483110 -0.520172 68.209290
v 2.799469 -1.105158 68.209290
v -2.664331 -1.105158 68.209290
v -2.576167 -0.520173 68.209290
v 2.483110 -0.520172 68.209290
v -2.664331 -1.105158 68.209290
v -2.664331 -1.105158 68.209290
v -2.760534 -1.105158 68.209290
v -2.760303 -0.071320 68.209290
v -2.576167 -0.520173 68.209290
v -2.664331 -1.105158 68.209290
v -2.760303 -0.071320 68.209290
v -2.599089 -0.520314 62.527138
v -2.760229 -0.071461 62.527138
v -2.760459 -1.105299 62.527138
v -2.687252 -1.105299 62.527138
v -2.599089 -0.520314 62.527138
v -2.760459 -1.105299 62.527138
v -2.599089 -0.520314 62.527138
v -2.687252 -1.105299 62.527138
v 2.518525 -0.520314 62.527138
v 2.518525 -0.520314 62.527138
v -2.687252 -1.105299 62.527138
v 2.799543 -1.105299 62.527138
v 2.799543 -1.105299 62.527138
v 2.799776 -0.071461 62.527138
v 2.518525 -0.520314 62.527138
v -2.576167 -0.520173 68.209290
v -2.760303 -0.071320 68.209290
v -2.760229 -0.071461 62.527138
v -2.599089 -0.520314 62.527138
v -2.576167 -0.520173 68.209290
v -2.760229 -0.071461 62.527138
v -2.599089 -0.520314 62.527138
v 2.518525 -0.520314 62.527138
v 2.483110 -0.520172 68.209290
v -2.576167 -0.520173 68.209290
v -2.599089 -0.520314 62.527138
v 2.483110 -0.520172 68.209290
v -3.370235 -1.105158 68.209290
v -8.035151 -1.119327 68.209282
v -8.197053 -0.873930 68.209381
v -3.311922 -0.449820 68.210793
v -3.370235 -1.105158 68.209290
v -8.197053 -0.873930 68.209381
v -3.311922 -0.449820 68.210793
v -3.164411 -0.071320 68.209290
v -3.164641 -1.105158 68.209290
v -3.370235 -1.105158 68.209290
v -3.311922 -0.449820 68.210793
v -3.164641 -1.105158 68.209290
v -3.328506 -0.449961 62.528652
v -8.196980 -0.874071 62.527237
v -8.035080 -1.119468 62.527134
v -3.386817 -1.105299 62.527138
v -3.328506 -0.449961 62.528652
v -8.035080 -1.119468 62.527134
v -3.386817 -1.105299 62.527138
v -3.164566 -1.105299 62.527138
v -3.164335 -0.071461 62.527138
v -3.328506 -0.449961 62.528652
v -3.386817 -1.105299 62.527138
v -3.164335 -0.071461 62.527138
v -3.386817 -1.105299 62.527138
v -8.035080 -1.119468 62.527134
v -8.035151 -1.119327 68.209282
v -3.370235 -1.105158 68.209290
v -3.386817 -1.105299 62.527138
v -8.035151 -1.119327 68.209282
v -3.370235 -1.105158 68.209290
v -3.164641 -1.105158 68.209290
v -3.164566 -1.105299 62.527138
v -3.386817 -1.105299 62.527138
v -3.370235 -1.105158 68.209290
v -3.164566 -1.105299 62.527138
v -3.311922 -0.449820 68.210793
v -8.197053 -0.873930 68.209381
v -8.196980 -0.874071 62.527237
v -3.328506 -0.449961 62.528652
v -3.311922 -0.449820 68.210793
v -8.196980 -0.874071 62.527237
v -3.328506 -0.449961 62.528652
v -3.164335 -0.071461 62.527138
v -3.164411 -0.071320 68.209290
v -3.311922 -0.449820 68.210793
v -3.328506 -0.449961 62.528652
v -3.164411 -0.071320 68.209290
v -2.760528 -1.105152 73.670952
v -3.164635 -1.105152 73.670952
v -3.164405 -0.071314 73.670952
v -2.760297 -0.071314 73.670952
v -2.760528 -1.105152 73.670952
v -3.164405 -0.071314 73.670952
v -2.760223 -0.071455 67.988808
v -3.164330 -0.071455 67.988808
v -3.164561 -1.105293 67.988808
v -2.760454 -1.105293 67.988808
v -2.760223 -0.071455 67.988808
v -3.164561 -1.105293 67.988808
v 7.629712 -1.136617 73.670952
v 7.631311 -0.885985 73.670952
v 7.631387 -0.886127 67.988808
v 7.629788 -1.136758 67.988808
v 7.629712 -1.136617 73.670952
v 7.631387 -0.886127 67.988808
v -2.760454 -1.105293 67.988808
v -3.164561 -1.105293 67.988808
v -3.164635 -1.105152 73.670952
v -2.760528 -1.105152 73.670952
v -2.760454 -1.105293 67.988808
v -3.164635 -1.105152 73.670952
v -8.035072 -1.119462 67.988800
v -8.196974 -0.874065 67.988899
v -8.197049 -0.873924 73.671051
v -8.035146 -1.119321 73.670944
v -8.035072 -1.119462 67.988800
v -8.197049 -0.873924 73.671051
v -2.760297 -0.071314 73.670952
v -3.164405 -0.071314 73.670952
v -3.164330 -0.071455 67.988808
v -2.760223 -0.071455 67.988808
v -2.760297 -0.071314 73.670952
v -3.164330 -0.071455 67.988808
v 3.330904 -0.490474 67.990372
v 7.631387 -0.886127 67.988808
v 7.631311 -0.885985 73.670952
v 3.330831 -0.490333 73.672516
v 3.330904 -0.490474 67.990372
v 7.631311 -0.885985 73.670952
v 3.330831 -0.490333 73.672516
v 7.631311 -0.885985 73.670952
v 7.629712 -1.136617 73.670952
v 3.255441 -1.105152 73.670952
v 3.330831 -0.490333 73.672516
v 7.629712 -1.136617 73.670952
v 3.255441 -1.105152 73.670952
v 7.629712 -1.136617 73.670952
v 7.629788 -1.136758 67.988808
v 3.255514 -1.105293 67.988808
v 3.255441 -1.105152 73.670952
v 7.629788 -1.136758 67.988808
v 3.255514 -1.105293 67.988808
v 7.629788 -1.136758 67.988808
v 7.631387 -0.886127 67.988808
v 3.330904 -0.490474 67.990372
v 3.255514 -1.105293 67.988808
v 7.631387 -0.886127 67.988808
v 3.141961 -0.071314 73.670952
v 2.799706 -0.071314 73.670952
v 2.799779 -0.071455 67.988808
v 3.162333 -0.071455 67.988808
v 3.141961 -0.071314 73.670952
v 2.799779 -0.071455 67.988808
v 3.162333 -0.071455 67.988808
v 3.330904 -0.490474 67.990372
v 3.330831 -0.490333 73.672516
v 3.141961 -0.071314 73.670952
v 3.162333 -0.071455 67.988808
v 3.330831 -0.490333 73.672516
v 3.193783 -1.105152 73.670952
v 2.799475 -1.105152 73.670952
v 2.799706 -0.071314 73.670952
v 3.141961 -0.071314 73.670952
v 3.193783 -1.105152 73.670952
v 2.799706 -0.071314 73.670952
v 3.141961 -0.071314 73.670952
v 3.330831 -0.490333 73.672516
v 3.255441 -1.105152 73.670952
v 3.193783 -1.105152 73.670952
v 3.141961 -0.071314 73.670952
v 3.255441 -1.105152 73.670952
v 3.214153 -1.105293 67.988808
v 2.799549 -1.105293 67.988808
v 2.799475 -1.105152 73.670952
v 3.193783 -1.105152 73.670952
v 3.214153 -1.105293 67.988808
v 2.799475 -1.105152 73.670952
v 3.193783 -1.105152 73.670952
v 3.255441 -1.105152 73.670952
v 3.255514 -1.105293 67.988808
v 3.214153 -1.105293 67.988808
v 3.193783 -1.105152 73.670952
v 3.255514 -1.105293 67.988808
v 3.162333 -0.071455 67.988808
v 2.799779 -0.071455 67.988808
v 2.799549 -1.105293 67.988808
v 3.214153 -1.105293 67.988808
v 3.162333 -0.071455 67.988808
v 2.799549 -1.105293 67.988808
v 3.214153 -1.105293 67.988808
v 3.255514 -1.105293 67.988808
v 3.330904 -0.490474 67.990372
v 3.162333 -0.071455 67.988808
v 3.214153 -1.105293 67.988808
v 3.330904 -0.490474 67.990372
v 2.518530 -0.520307 67.988808
v 2.799779 -0.071455 67.988808
v 2.799706 -0.071314 73.670952
v 2.483115 -0.520166 73.670952
v 2.518530 -0.520307 67.988808
v 2.799706 -0.071314 73.670952
v -2.687246 -1.105293 67.988808
v -2.760454 -1.105293 67.988808
v -2.760528 -1.105152 73.670952
v -2.664324 -1.105152 73.670952
v -2.687246 -1.105293 67.988808
v -2.760528 -1.105152 73.670952
v -2.664324 -1.105152 73.670952
v 2.799475 -1.105152 73.670952
v 2.799549 -1.105293 67.988808
v -2.687246 -1.105293 67.988808
v -2.664324 -1.105152 73.670952
v 2.799549 -1.105293 67.988808
v 2.799475 -1.105152 73.670952
v 2.483115 -0.520166 73.670952
v 2.799706 -0.071314 73.670952
v 2.483115 -0.520166 73.670952
v 2.799475 -1.105152 73.670952
v -2.664324 -1.105152 73.670952
v -2.576160 -0.520167 73.670952
v 2.483115 -0.520166 73.670952
v -2.664324 -1.105152 73.670952
v -2.664324 -1.105152 73.670952
v -2.760528 -1.105152 73.670952
v -2.760297 -0.071314 73.670952
v -2.576160 -0.520167 73.670952
v -2.664324 -1.105152 73.670952
v -2.760297 -0.071314 73.670952
v -2.599084 -0.520308 67.988808
v -2.760223 -0.071455 67.988808
v -2.760454 -1.105293 67.988808
v -2.687246 -1.105293 67.988808
v -2.599084 -0.520308 67.988808
v -2.760454 -1.105293 67.988808
v -2.599084 -0.520308 67.988808
v -2.687246 -1.105293 67.988808
v 2.518530 -0.520307 67.988808
v 2.518530 -0.520307 67.988808
v -2.687246 -1.105293 67.988808
v 2.799549 -1.105293 67.988808
v 2.799549 -1.105293 67.988808
v 2.799779 -0.071455 67.988808
v 2.518530 -0.520307 67.988808
v -2.576160 -0.520167 73.670952
v -2.760297 -0.071314 73.670952
v -2.760223 -0.071455 67.988808
v -2.599084 -0.520308 67.988808
v -2.576160 -0.520167 73.670952
v -2.760223 -0.071455 67.988808
v -2.599084 -0.520308 67.988808
v 2.518530 -0.520307 67.988808
v 2.483115 -0.520166 73.670952
v -2.576160 -0.520167 73.670952
v -2.599084 -0.520308 67.988808
v 2.483115 -0.520166 73.670952
v -3.370229 -1.105152 73.670952
v -8.035146 -1.119321 73.670944
v -8.197049 -0.873924 73.671051
v -3.311915 -0.449813 73.672462
v -3.370229 -1.105152 73.670952
v -8.197049 -0.873924 73.671051
v -3.311915 -0.449813 73.672462
v -3.164405 -0.071314 73.670952
v -3.164635 -1.105152 73.670952
v -3.370229 -1.105152 73.670952
v -3.311915 -0.449813 73.672462
v -3.164635 -1.105152 73.670952
v -3.328500 -0.449955 67.990311
v -8.196974 -0.874065 67.988899
v -8.035072 -1.119462 67.988800
v -3.386812 -1.105293 67.988808
v -3.328500 -0.449955 67.990311
v -8.035072 -1.119462 67.988800
v -3.386812 -1.105293 67.988808
v -3.164561 -1.105293 67.988808
v -3.164330 -0.071455 67.988808
v -3.328500 -0.449955 67.990311
v -3.386812 -1.105293 67.988808
v -3.164330 -0.071455 67.988808
v -3.386812 -1.105293 67.988808
v -8.035072 -1.119462 67.988800
v -8.035146 -1.119321 73.670944
v -3.370229 -1.105152 73.670952
v -3.386812 -1.105293 67.988808
v -8.035146 -1.119321 73.670944
v -3.370229 -1.105152 73.670952
v -3.164635 -1.105152 73.670952
v -3.164561 -1.105293 67.988808
v -3.386812 -1.105293 67.988808
v -3.370229 -1.105152 73.670952
v -3.164561 -1.105293 67.988808
v -3.311915 -0.449813 73.672462
v -8.197049 -0.873924 73.671051
v -8.196974 -0.874065 67.988899
v -3.328500 -0.449955 67.990311
v -3.311915 -0.449813 73.672462
v -8.196974 -0.874065 67.988899
v -3.328500 -0.449955 67.990311
v -3.164330 -0.071455 67.988808
v -3.164405 -0.071314 73.670952
v -3.311915 -0.449813 73.672462
v -3.328500 -0.449955 67.990311
v -3.164405 -0.071314 73.670952
v -2.760534 -1.105158 79.353760
v -3.164641 -1.105158 79.353760
v -3.164411 -0.071320 79.353760
v -2.760303 -0.071320 79.353760
v -2.760534 -1.105158 79.353760
v -3.164411 -0.071320 79.353760
v -2.760229 -0.071461 73.671616
v -3.164335 -0.071461 73.671616
v -3.164566 -1.105299 73.671616
v -2.760460 -1.105299 73.671616
v -2.760229 -0.071461 73.671616
v -3.164566 -1.105299 73.671616
v 7.629706 -1.136623 79.353760
v 7.631306 -0.885992 79.353760
v 7.631379 -0.886133 73.671616
v 7.629779 -1.136764 73.671616
v 7.629706 -1.136623 79.353760
v 7.631379 -0.886133 73.671616
v -2.760460 -1.105299 73.671616
v -3.164566 -1.105299 73.671616
v -3.164641 -1.105158 79.353760
v -2.760534 -1.105158 79.353760
v -2.760460 -1.105299 73.671616
v -3.164641 -1.105158 79.353760
v -8.035080 -1.119468 73.671616
v -8.196980 -0.874071 73.671715
v -8.197053 -0.873930 79.353859
v -8.035151 -1.119327 79.353760
v -8.035080 -1.119468 73.671616
v -8.197053 -0.873930 79.353859
v -2.760303 -0.071320 79.353760
v -3.164411 -0.071320 79.353760
v -3.164335 -0.071461 73.671616
v -2.760229 -0.071461 73.671616
v -2.760303 -0.071320 79.353760
v -3.164335 -0.071461 73.671616
v 3.330898 -0.490481 73.673187
v 7.631379 -0.886133 73.671616
v 7.631306 -0.885992 79.353760
v 3.330825 -0.490339 79.355331
v 3.330898 -0.490481 73.673187
v 7.631306 -0.885992 79.353760
v 3.330825 -0.490339 79.355331
v 7.631306 -0.885992 79.353760
v 7.629706 -1.136623 79.353760
v 3.255435 -1.105158 79.353760
v 3.330825 -0.490339 79.355331
v 7.629706 -1.136623 79.353760
v 3.255435 -1.105158 79.353760
v 7.629706 -1.136623 79.353760
v 7.629779 -1.136764 73.671616
v 3.255508 -1.105299 73.671616
v 3.255435 -1.105158 79.353760
v 7.629779 -1.136764 73.671616
v 3.255508 -1.105299 73.671616
v 7.629779 -1.136764 73.671616
v 7.631379 -0.886133 73.671616
v 3.330898 -0.490481 73.673187
v 3.255508 -1.105299 73.671616
v 7.631379 -0.886133 73.671616
v 3.141954 -0.071320 79.353760
v 2.799699 -0.071320 79.353760
v 2.799776 -0.071461 73.671616
v 3.162327 -0.071461 73.671616
v 3.141954 -0.071320 79.353760
v 2.799776 -0.071461 73.671616
v 3.162327 -0.071461 73.671616
v 3.330898 -0.490481 73.673187
v 3.330825 -0.490339 79.355331
v 3.141954 -0.071320 79.353760
v 3.162327 -0.071461 73.671616
v 3.330825 -0.490339 79.355331
v 3.193777 -1.105158 79.353760
v 2.799469 -1.105158 79.353760
v 2.799699 -0.071320 79.353760
v 3.141954 -0.071320 79.353760
v 3.193777 -1.105158 79.353760
v 2.799699 -0.071320 79.353760
v 3.141954 -0.071320 79.353760
v 3.330825 -0.490339 79.355331
v 3.255435 -1.105158 79.353760
v 3.193777 -1.105158 79.353760
v 3.141954 -0.071320 79.353760
v 3.255435 -1.105158 79.353760
v 3.214148 -1.105299 73.671616
v 2.799543 -1.105299 73.671616
v 2.799469 -1.105158 79.353760
v 3.193777 -1.105158 79.353760
v 3.214148 -1.105299 73.671616
v 2.799469 -1.105158 79.353760
v 3.193777 -1.105158 79.353760
v 3.255435 -1.105158 79.353760
v 3.255508 -1.105299 73.671616
v 3.214148 -1.105299 73.671616
v 3.193777 -1.105158 79.353760
v 3.255508 -1.105299 73.671616
v 3.162327 -0.071461 73.671616
v 2.799776 -0.071461 73.671616
v 2.799543 -1.105299 73.671616
v 3.214148 -1.105299 73.671616
v 3.162327 -0.071461 73.671616
v 2.799543 -1.105299 73.671616
v 3.214148 -1.105299 73.671616
v 3.255508 -1.105299 73.671616
v 3.330898 -0.490481 73.673187
v 3.162327 -0.071461 73.671616
v 3.214148 -1.105299 73.671616
v 3.330898 -0.490481 73.673187
v 2.518525 -0.520314 73.671616
v 2.799776 -0.071461 73.671616
v 2.799699 -0.071320 79.353760
v 2.483110 -0.520172 79.353760
v 2.518525 -0.520314 73.671616
v 2.799699 -0.071320 79.353760
v -2.687252 -1.105299 73.671616
v -2.760460 -1.105299 73.671616
v -2.760534 -1.105158 79.353760
v -2.664331 -1.105158 79.353760
v -2.687252 -1.105299 73.671616
v -2.760534 -1.105158 79.353760
v -2.664331 -1.105158 79.353760
v 2.799469 -1.105158 79.353760
v 2.799543 -1.105299 73.671616
v -2.687252 -1.105299 73.671616
v -2.664331 -1.105158 79.353760
v 2.799543 -1.105299 73.671616
v 2.799469 -1.105158 79.353760
v 2.483110 -0.520172 79.353760
v 2.799699 -0.071320 79.353760
v 2.483110 -0.520172 79.353760
v 2.799469 -1.105158 79.353760
v -2.664331 -1.105158 79.353760
v -2.576167 -0.520173 79.353760
v 2.483110 -0.520172 79.353760
v -2.664331 -1.105158 79.353760
v -2.664331 -1.105158 79.353760
v -2.760534 -1.105158 79.353760
v -2.760303 -0.071320 79.353760
v -2.576167 -0.520173 79.353760
v -2.664331 -1.105158 79.353760
v -2.760303 -0.071320 79.353760
v -2.599090 -0.520314 73.671616
v -2.760229 -0.071461 73.671616
v -2.760460 -1.105299 73.671616
v -2.687252 -1.105299 73.671616
v -2.599090 -0.520314 73.671616
v -2.760460 -1.105299 73.671616
v -2.599090 -0.520314 73.671616
v -2.687252 -1.105299 73.671616
v 2.518525 -0.520314 73.671616
v 2.518525 -0.520314 73.671616
v -2.687252 -1.105299 73.671616
v 2.799543 -1.105299 73.671616
v 2.799543 -1.105299 73.671616
v 2.799776 -0.071461 73.671616
v 2.518525 -0.520314 73.671616
v -2.576167 -0.520173 79.353760
v -2.760303 -0.071320 79.353760
v -2.760229 -0.071461 73.671616
v -2.599090 -0.520314 73.671616
v -2.576167 -0.520173 79.353760
v -2.760229 -0.071461 73.671616
v -2.599090 -0.520314 73.671616
v 2.518525 -0.520314 73.671616
v 2.483110 -0.520172 79.353760
v -2.576167 -0.520173 79.353760
v -2.599090 -0.520314 73.671616
v 2.483110 -0.520172 79.353760
v -3.370235 -1.105158 79.353760
v -8.035151 -1.119327 79.353760
v -8.197053 -0.873930 79.353859
v -3.311922 -0.449820 79.355270
v -3.370235 -1.105158 79.353760
v -8.197053 -0.873930 79.353859
v -3.311922 -0.449820 79.355270
v -3.164411 -0.071320 79.353760
v -3.164641 -1.105158 79.353760
v -3.370235 -1.105158 79.353760
v -3.311922 -0.449820 79.355270
v -3.164641 -1.105158 79.353760
v -3.328506 -0.449961 73.673126
v -8.196980 -0.874071 73.671715
v -8.035080 -1.119468 73.671616
v -3.386817 -1.105299 73.671616
v -3.328506 -0.449961 73.673126
v -8.035080 -1.119468 73.671616
v -3.386817 -1.105299 73.671616
v -3.164566 -1.105299 73.671616
v -3.164335 -0.071461 73.671616
v -3.328506 -0.449961 73.673126
v -3.386817 -1.105299 73.671616
v -3.164335 -0.071461 73.671616
v -3.386817 -1.105299 73.671616
v -8.035080 -1.119468 73.671616
v -8.035151 -1.119327 79.353760
v -3.370235 -1.105158 79.353760
v -3.386817 -1.105299 73.671616
v -8.035151 -1.119327 79.353760
v -3.370235 -1.105158 79.353760
v -3.164641 -1.105158 79.353760
v -3.164566 -1.105299 73.671616
v -3.386817 -1.105299 73.671616
v -3.370235 -1.105158 79.353760
v -3.164566 -1.105299 73.671616
v -3.311922 -0.449820 79.355270
v -8.197053 -0.873930 79.353859
v -8.196980 -0.874071 73.671715
v -3.328506 -0.449961 73.673126
v -3.311922 -0.449820 79.355270
v -8.196980 -0.874071 73.671715
v -3.328506 -0.449961 73.673126
v -3.164335 -0.071461 73.671616
v -3.164411 -0.071320 79.353760
v -3.311922 -0.449820 79.355270
v -3.328506 -0.449961 73.673126
v -3.164411 -0.071320 79.353760
v -2.760528 -1.105152 6.539972
v -3.164635 -1.105152 6.539972
v -3.164405 -0.071314 6.539972
v -2.760297 -0.071314 6.539972
v -2.760528 -1.105152 6.539972
v -3.164405 -0.071314 6.539972
v -2.760223 -0.071455 0.857822
v -3.164330 -0.071455 0.857822
v -3.164561 -1.105293 0.857822
v -2.760454 -1.105293 0.857822
v -2.760223 -0.071455 0.857822
v -3.164561 -1.105293 0.857822
v 7.629712 -1.136617 6.539972
v 7.631311 -0.885985 6.539972
v 7.631387 -0.886127 0.857822
v 7.629788 -1.136758 0.857822
v 7.629712 -1.136617 6.539972
v 7.631387 -0.886127 0.857822
v -2.760454 -1.105293 0.857822
v -3.164561 -1.105293 0.857822
v -3.164635 -1.105152 6.539972
v -2.760528 -1.105152 6.539972
v -2.760454 -1.105293 0.857822
v -3.164635 -1.105152 6.539972
v -8.035072 -1.119462 0.857818
v -8.196974 -0.874065 0.857917
v -8.197049 -0.873924 6.540066
v -8.035147 -1.119321 6.539967
v -8.035072 -1.119462 0.857818
v -8.197049 -0.873924 6.540066
v -2.760297 -0.071314 6.539972
v -3.164405 -0.071314 6.539972
v -3.164330 -0.071455 0.857822
v -2.760223 -0.071455 0.857822
v -2.760297 -0.071314 6.539972
v -3.164330 -0.071455 0.857822
v 3.330904 -0.490474 0.859387
v 7.631387 -0.886127 0.857822
v 7.631311 -0.885985 6.539972
v 3.330831 -0.490333 6.541536
v 3.330904 -0.490474 0.859387
v 7.631311 -0.885985 6.539972
v 3.330831 -0.490333 6.541536
v 7.631311 -0.885985 6.539972
v 7.629712 -1.136617 6.539972
v 3.255441 -1.105152 6.539972
v 3.330831 -0.490333 6.541536
v 7.629712 -1.136617 6.539972
v 3.255441 -1.105152 6.539972
v 7.629712 -1.136617 6.539972
v 7.629788 -1.136758 0.857822
v 3.255514 -1.105293 0.857822
v 3.255441 -1.105152 6.539972
v 7.629788 -1.136758 0.857822
v 3.255514 -1.105293 0.857822
v 7.629788 -1.136758 0.857822
v 7.631387 -0.886127 0.857822
v 3.330904 -0.490474 0.859387
v 3.255514 -1.105293 0.857822
v 7.631387 -0.886127 0.857822
v 3.141961 -0.071314 6.539972
v 2.799706 -0.071314 6.539972
v 2.799779 -0.071455 0.857822
v 3.162333 -0.071455 0.857822
v 3.141961 -0.071314 6.539972
v 2.799779 -0.071455 0.857822
v 3.162333 -0.071455 0.857822
v 3.330904 -0.490474 0.859387
v 3.330831 -0.490333 6.541536
v 3.141961 -0.071314 6.539972
v 3.162333 -0.071455 0.857822
v 3.330831 -0.490333 6.541536
v 3.193783 -1.105152 6.539972
v 2.799475 -1.105152 6.539972
v 2.799706 -0.071314 6.539972
v 3.141961 -0.071314 6.539972
v 3.193783 -1.105152 6.539972
v 2.799706 -0.071314 6.539972
v 3.141961 -0.071314 6.539972
v 3.330831 -0.490333 6.541536
v 3.255441 -1.105152 6.539972
v 3.193783 -1.105152 6.539972
v 3.141961 -0.071314 6.539972
v 3.255441 -1.105152 6.539972
v 3.214153 -1.105293 0.857822
v 2.799549 -1.105293 0.857822
v 2.799475 -1.105152 6.539972
v 3.193783 -1.105152 6.539972
v 3.214153 -1.105293 0.857822
v 2.799475 -1.105152 6.539972
v 3.193783 -1.105152 6.539972
v 3.255441 -1.105152 6.539972
v 3.255514 -1.105293 0.857822
v 3.214153 -1.105293 0.857822
v 3.193783 -1.105152 6.539972
v 3.255514 -1.105293 0.857822
v 3.162333 -0.071455 0.857822
v 2.799779 -0.071455 0.857822
v 2.799549 -1.105293 0.857822
v 3.214153 -1.105293 0.857822
v 3.162333 -0.071455 0.857822
v 2.799549 -1.105293 0.857822
v 3.214153 -1.105293 0.857822
v 3.255514 -1.105293 0.857822
v 3.330904 -0.490474 0.859387
v 3.162333 -0.071455 0.857822
v 3.214153 -1.105293 0.857822
v 3.330904 -0.490474 0.859387
v 2.518530 -0.520307 0.857822
v 2.799779 -0.071455 0.857822
v 2.799706 -0.071314 6.539972
v 2.483115 -0.520166 6.539972
v 2.518530 -0.520307 0.857822
v 2.799706 -0.071314 6.539972
v -2.687246 -1.105293 0.857822
v -2.760454 -1.105293 0.857822
v -2.760528 -1.105152 6.539972
v -2.664324 -1.105152 6.539972
v -2.687246 -1.105293 0.857822
v -2.760528 -1.105152 6.539972
v -2.664324 -1.105152 6.539972
v 2.799475 -1.105152 6.539972
v 2.799549 -1.105293 0.857822
v -2.687246 -1.105293 0.857822
v -2.664324 -1.105152 6.539972
v 2.799549 -1.105293 0.857822
v 2.799475 -1.105152 6.539972
v 2.483115 -0.520166 6.539972
v 2.799706 -0.071314 6.539972
v 2.483115 -0.520166 6.539972
v 2.799475 -1.105152 6.539972
v -2.664324 -1.105152 6.539972
v -2.576160 -0.520167 6.539972
v 2.483115 -0.520166 6.539972
v -2.664324 -1.105152 6.539972
v -2.664324 -1.105152 6.539972
v -2.760528 -1.105152 6.539972
v -2.760297 -0.071314 6.539972
v -2.576160 -0.520167 6.539972
v -2.664324 -1.105152 6.539972
v -2.760297 -0.071314 6.539972
v -2.599084 -0.520308 0.857822
v -2.760223 -0.071455 0.857822
v -2.760454 -1.105293 0.857822
v -2.687246 -1.105293 0.857822
v -2.599084 -0.520308 0.857822
v -2.760454 -1.105293 0.857822
v -2.599084 -0.520308 0.857822
v -2.687246 -1.105293 0.857822
v 2.518530 -0.520307 0.857822
v 2.518530 -0.520307 0.857822
v -2.687246 -1.105293 0.857822
v 2.799549 -1.105293 0.857822
v 2.799549 -1.105293 0.857822
v 2.799779 -0.071455 0.857822
v 2.518530 -0.520307 0.857822
v -2.576160 -0.520167 6.539972
v -2.760297 -0.071314 6.539972
v -2.760223 -0.071455 0.857822
v -2.599084 -0.520308 0.857822
v -2.576160 -0.520167 6.539972
v -2.760223 -0.071455 0.857822
v -2.599084 -0.520308 0.857822
v 2.518530 -0.520307 0.857822
v 2.483115 -0.520166 6.539972
v -2.576160 -0.520167 6.539972
v -2.599084 -0.520308 0.857822
v 2.483115 -0.520166 6.539972
v -3.370229 -1.105152 6.539972
v -8.035147 -1.119321 6.539967
v -8.197049 -0.873924 6.540066
v -3.311915 -0.449813 6.541481
v -3.370229 -1.105152 6.539972
v -8.197049 -0.873924 6.540066
v -3.311915 -0.449813 6.541481
v -3.164405 -0.071314 6.539972
v -3.164635 -1.105152 6.539972
v -3.370229 -1.105152 6.539972
v -3.311915 -0.449813 6.541481
v -3.164635 -1.105152 6.539972
v -3.328500 -0.449955 0.859333
v -8.196974 -0.874065 0.857917
v -8.035072 -1.119462 0.857818
v -3.386812 -1.105293 0.857822
v -3.328500 -0.449955 0.859333
v -8.035072 -1.119462 0.857818
v -3.386812 -1.105293 0.857822
v -3.164561 -1.105293 0.857822
v -3.164330 -0.071455 0.857822
v -3.328500 -0.449955 0.859333
v -3.386812 -1.105293 0.857822
v -3.164330 -0.071455 0.857822
v -3.386812 -1.105293 0.857822
v -8.035072 -1.119462 0.857818
v -8.035147 -1.119321 6.539967
v -3.370229 -1.105152 6.539972
v -3.386812 -1.105293 0.857822
v -8.035147 -1.119321 6.539967
v -3.370229 -1.105152 6.539972
v -3.164635 -1.105152 6.539972
v -3.164561 -1.105293 0.857822
v -3.386812 -1.105293 0.857822
v -3.370229 -1.105152 6.539972
v -3.164561 -1.105293 0.857822
v -3.311915 -0.449813 6.541481
v -8.197049 -0.873924 6.540066
v -8.196974 -0.874065 0.857917
v -3.328500 -0.449955 0.859333
v -3.311915 -0.449813 6.541481
v -8.196974 -0.874065 0.857917
v -3.328500 -0.449955 0.859333
v -3.164330 -0.071455 0.857822
v -3.164405 -0.071314 6.539972
v -3.311915 -0.449813 6.541481
v -3.328500 -0.449955 0.859333
v -3.164405 -0.071314 6.539972
v -2.760534 -1.105158 12.222786
v -3.164641 -1.105158 12.222786
v -3.164411 -0.071320 12.222786
v -2.760303 -0.071320 12.222786
v -2.760534 -1.105158 12.222786
v -3.164411 -0.071320 12.222786
v -2.760229 -0.071461 6.540635
v -3.164335 -0.071461 6.540635
v -3.164566 -1.105299 6.540635
v -2.760459 -1.105299 6.540635
v -2.760229 -0.071461 6.540635
v -3.164566 -1.105299 6.540635
v 7.629706 -1.136623 12.222786
v 7.631306 -0.885992 12.222786
v 7.631379 -0.886133 6.540635
v 7.629779 -1.136764 6.540635
v 7.629706 -1.136623 12.222786
v 7.631379 -0.886133 6.540635
v -2.760459 -1.105299 6.540635
v -3.164566 -1.105299 6.540635
v -3.164641 -1.105158 12.222786
v -2.760534 -1.105158 12.222786
v -2.760459 -1.105299 6.540635
v -3.164641 -1.105158 12.222786
v -8.035080 -1.119468 6.540632
v -8.196980 -0.874071 6.540731
v -8.197053 -0.873930 12.222879
v -8.035152 -1.119327 12.222781
v -8.035080 -1.119468 6.540632
v -8.197053 -0.873930 12.222879
v -2.760303 -0.071320 12.222786
v -3.164411 -0.071320 12.222786
v -3.164335 -0.071461 6.540635
v -2.760229 -0.071461 6.540635
v -2.760303 -0.071320 12.222786
v -3.164335 -0.071461 6.540635
v 3.330898 -0.490481 6.542201
v 7.631379 -0.886133 6.540635
v 7.631306 -0.885992 12.222786
v 3.330825 -0.490339 12.224350
v 3.330898 -0.490481 6.542201
v 7.631306 -0.885992 12.222786
v 3.330825 -0.490339 12.224350
v 7.631306 -0.885992 12.222786
v 7.629706 -1.136623 12.222786
v 3.255435 -1.105158 12.222786
v 3.330825 -0.490339 12.224350
v 7.629706 -1.136623 12.222786
v 3.255435 -1.105158 12.222786
v 7.629706 -1.136623 12.222786
v 7.629779 -1.136764 6.540635
v 3.255508 -1.105299 6.540635
v 3.255435 -1.105158 12.222786
v 7.629779 -1.136764 6.540635
v 3.255508 -1.105299 6.540635
v 7.629779 -1.136764 6.540635
v 7.631379 -0.886133 6.540635
v 3.330898 -0.490481 6.542201
v 3.255508 -1.105299 6.540635
v 7.631379 -0.886133 6.540635
v 3.141954 -0.071320 12.222786
v 2.799699 -0.071320 12.222786
v 2.799776 -0.071461 6.540635
v 3.162327 -0.071461 6.540635
v 3.141954 -0.071320 12.222786
v 2.799776 -0.071461 6.540635
v 3.162327 -0.071461 6.540635
v 3.330898 -0.490481 6.542201
v 3.330825 -0.490339 12.224350
v 3.141954 -0.071320 12.222786
v 3.162327 -0.071461 6.540635
v 3.330825 -0.490339 12.224350
v 3.193777 -1.105158 12.222786
v 2.799469 -1.105158 12.222786
v 2.799699 -0.071320 12.222786
v 3.141954 -0.071320 12.222786
v 3.193777 -1.105158 12.222786
v 2.799699 -0.071320 12.222786
v 3.141954 -0.071320 12.222786
v 3.330825 -0.490339 12.224350
v 3.255435 -1.105158 12.222786
v 3.193777 -1.105158 12.222786
v 3.141954 -0.071320 12.222786
v 3.255435 -1.105158 12.222786
v 3.214148 -1.105299 6.540635
v 2.799543 -1.105299 6.540635
v 2.799469 -1.105158 12.222786
v 3.193777 -1.105158 12.222786
v 3.214148 -1.105299 6.540635
v 2.799469 -1.105158 12.222786
v 3.193777 -1.105158 12.222786
v 3.255435 -1.105158 12.222786
v 3.255508 -1.105299 6.540635
v 3.214148 -1.105299 6.540635
v 3.193777 -1.105158 12.222786
v 3.255508 -1.105299 6.540635
v 3.162327 -0.071461 6.540635
v 2.799776 -0.071461 6.540635
v 2.799543 -1.105299 6.540635
v 3.214148 -1.105299 6.540635
v 3.162327 -0.071461 6.540635
v 2.799543 -1.105299 6.540635
v 3.214148 -1.105299 6.540635
v 3.255508 -1.105299 6.540635
v 3.330898 -0.490481 6.542201
v 3.162327 -0.071461 6.540635
v 3.214148 -1.105299 6.540635
v 3.330898 -0.490481 6.542201
v 2.518525 -0.520314 6.540635
v 2.799776 -0.071461 6.540635
v 2.799699 -0.071320 12.222786
v 2.483110 -0.520172 12.222786
v 2.518525 -0.520314 6.540635
v 2.799699 -0.071320 12.222786
v -2.687252 -1.105299 6.540635
v -2.760459 -1.105299 6.540635
v -2.760534 -1.105158 12.222786
v -2.664331 -1.105158 12.222786
v -2.687252 -1.105299 6.540635
v -2.760534 -1.105158 12.222786
v -2.664331 -1.105158 12.222786
v 2.799469 -1.105158 12.222786
v 2.799543 -1.105299 6.540635
v -2.687252 -1.105299 6.540635
v -2.664331 -1.105158 12.222786
v 2.799543 -1.105299 6.540635
v 2.799469 -1.105158 12.222786
v 2.483110 -0.520172 12.222786
v 2.799699 -0.071320 12.222786
v 2.483110 -0.520172 12.222786
v 2.799469 -1.105158 12.222786
v -2.664331 -1.105158 12.222786
v -2.576167 -0.520173 12.222786
v 2.483110 -0.520172 12.222786
v -2.664331 -1.105158 12.222786
v -2.664331 -1.105158 12.222786
v -2.760534 -1.105158 12.222786
v -2.760303 -0.071320 12.222786
v -2.576167 -0.520173 12.222786
v -2.664331 -1.105158 12.222786
v -2.760303 -0.071320 12.222786
v -2.599090 -0.520314 6.540635
v -2.760229 -0.071461 6.540635
v -2.760459 -1.105299 6.540635
v -2.687252 -1.105299 6.540635
v -2.599090 -0.520314 6.540635
v -2.760459 -1.105299 6.540635
v -2.599090 -0.520314 6.540635
v -2.687252 -1.105299 6.540635
v 2.518525 -0.520314 6.540635
v 2.518525 -0.520314 6.540635
v -2.687252 -1.105299 6.540635
v 2.799543 -1.105299 6.540635
v 2.799543 -1.105299 6.540635
v 2.799776 -0.071461 6.540635
v 2.518525 -0.520314 6.540635
v -2.576167 -0.520173 12.222786
v -2.760303 -0.071320 12.222786
v -2.760229 -0.071461 6.540635
v -2.599090 -0.520314 6.540635
v -2.576167 -0.520173 12.222786
v -2.760229 -0.071461 6.540635
v -2.599090 -0.520314 6.540635
v 2.518525 -0.520314 6.540635
v 2.483110 -0.520172 12.222786
v -2.576167 -0.520173 12.222786
v -2.599090 -0.520314 6.540635
v 2.483110 -0.520172 12.222786
v -3.370235 -1.105158 12.222786
v -8.035152 -1.119327 12.222781
v -8.197053 -0.873930 12.222879
v -3.311922 -0.449820 12.224293
v -3.370235 -1.105158 12.222786
v -8.197053 -0.873930 12.222879
v -3.311922 -0.449820 12.224293
v -3.164411 -0.071320 12.222786
v -3.164641 -1.105158 12.222786
v -3.370235 -1.105158 12.222786
v -3.311922 -0.449820 12.224293
v -3.164641 -1.105158 12.222786
v -3.328506 -0.449961 6.542146
v -8.196980 -0.874071 6.540731
v -8.035080 -1.119468 6.540632
v -3.386817 -1.105299 6.540635
v -3.328506 -0.449961 6.542146
v -8.035080 -1.119468 6.540632
v -3.386817 -1.105299 6.540635
v -3.164566 -1.105299 6.540635
v -3.164335 -0.071461 6.540635
v -3.328506 -0.449961 6.542146
v -3.386817 -1.105299 6.540635
v -3.164335 -0.071461 6.540635
v -3.386817 -1.105299 6.540635
v -8.035080 -1.119468 6.540632
v -8.035152 -1.119327 12.222781
v -3.370235 -1.105158 12.222786
v -3.386817 -1.105299 6.540635
v -8.035152 -1.119327 12.222781
v -3.370235 -1.105158 12.222786
v -3.164641 -1.105158 12.222786
v -3.164566 -1.105299 6.540635
v -3.386817 -1.105299 6.540635
v -3.370235 -1.105158 12.222786
v -3.164566 -1.105299 6.540635
v -3.311922 -0.449820 12.224293
v -8.197053 -0.873930 12.222879
v -8.196980 -0.874071 6.540731
v -3.328506 -0.449961 6.542146
v -3.311922 -0.449820 12.224293
v -8.196980 -0.874071 6.540731
v -3.328506 -0.449961 6.542146
v -3.164335 -0.071461 6.540635
v -3.164411 -0.071320 12.222786
v -3.311922 -0.449820 12.224293
v -3.328506 -0.449961 6.542146
v -3.164411 -0.071320 12.222786
v -2.760528 -1.105152 -4.484012
v -3.164635 -1.105152 -4.484012
v -3.164405 -0.071314 -4.484012
v -2.760297 -0.071314 -4.484012
v -2.760528 -1.105152 -4.484012
v -3.164405 -0.071314 -4.484012
v -2.760223 -0.071455 -10.166160
v -3.164330 -0.071455 -10.166160
v -3.164560 -1.105293 -10.166160
v -2.760453 -1.105293 -10.166160
v -2.760223 -0.071455 -10.166160
v -3.164560 -1.105293 -10.166160
v 7.629712 -1.136617 -4.484012
v 7.631311 -0.885985 -4.484012
v 7.631387 -0.886127 -10.166160
v 7.629788 -1.136758 -10.166160
v 7.629712 -1.136617 -4.484012
v 7.631387 -0.886127 -10.166160
v -2.760453 -1.105293 -10.166160
v -3.164560 -1.105293 -10.166160
v -3.164635 -1.105152 -4.484012
v -2.760528 -1.105152 -4.484012
v -2.760453 -1.105293 -10.166160
v -3.164635 -1.105152 -4.484012
v -8.035073 -1.119462 -10.166165
v -8.196974 -0.874065 -10.166066
v -8.197049 -0.873924 -4.483918
v -8.035147 -1.119321 -4.484015
v -8.035073 -1.119462 -10.166165
v -8.197049 -0.873924 -4.483918
v -2.760297 -0.071314 -4.484012
v -3.164405 -0.071314 -4.484012
v -3.164330 -0.071455 -10.166160
v -2.760223 -0.071455 -10.166160
v -2.760297 -0.071314 -4.484012
v -3.164330 -0.071455 -10.166160
v 3.330904 -0.490474 -10.164596
v 7.631387 -0.886127 -10.166160
v 7.631311 -0.885985 -4.484012
v 3.330831 -0.490333 -4.482446
v 3.330904 -0.490474 -10.164596
v 7.631311 -0.885985 -4.484012
v 3.330831 -0.490333 -4.482446
v 7.631311 -0.885985 -4.484012
v 7.629712 -1.136617 -4.484012
v 3.255441 -1.105152 -4.484012
v 3.330831 -0.490333 -4.482446
v 7.629712 -1.136617 -4.484012
v 3.255441 -1.105152 -4.484012
v 7.629712 -1.136617 -4.484012
v 7.629788 -1.136758 -10.166160
v 3.255514 -1.105293 -10.166160
v 3.255441 -1.105152 -4.484012
v 7.629788 -1.136758 -10.166160
v 3.255514 -1.105293 -10.166160
v 7.629788 -1.136758 -10.166160
v 7.631387 -0.886127 -10.166160
v 3.330904 -0.490474 -10.164596
v 3.255514 -1.105293 -10.166160
v 7.631387 -0.886127 -10.166160
v 3.141961 -0.071314 -4.484012
v 2.799706 -0.071314 -4.484012
v 2.799779 -0.071455 -10.166160
v 3.162333 -0.071455 -10.166160
v 3.141961 -0.071314 -4.484012
v 2.799779 -0.071455 -10.166160
v 3.162333 -0.071455 -10.166160
v 3.330904 -0.490474 -10.164596
v 3.330831 -0.490333 -4.482446
v 3.141961 -0.071314 -4.484012
v 3.162333 -0.071455 -10.166160
v 3.330831 -0.490333 -4.482446
v 3.193783 -1.105152 -4.484012
v 2.799475 -1.105152 -4.484012
v 2.799706 -0.071314 -4.484012
v 3.141961 -0.071314 -4.484012
v 3.193783 -1.105152 -4.484012
v 2.799706 -0.071314 -4.484012
v 3.141961 -0.071314 -4.484012
v 3.330831 -0.490333 -4.482446
v 3.255441 -1.105152 -4.484012
v 3.193783 -1.105152 -4.484012
v 3.141961 -0.071314 -4.484012
v 3.255441 -1.105152 -4.484012
v 3.214154 -1.105293 -10.166160
v 2.799549 -1.105293 -10.166160
v 2.799475 -1.105152 -4.484012
v 3.193783 -1.105152 -4.484012
v 3.214154 -1.105293 -10.166160
v 2.799475 -1.105152 -4.484012
v 3.193783 -1.105152 -4.484012
v 3.255441 -1.105152 -4.484012
v 3.255514 -1.105293 -10.166160
v 3.214154 -1.105293 -10.166160
v 3.193783 -1.105152 -4.484012
v 3.255514 -1.105293 -10.166160
v 3.162333 -0.071455 -10.166160
v 2.799779 -0.071455 -10.166160
v 2.799549 -1.105293 -10.166160
v 3.214154 -1.105293 -10.166160
v 3.162333 -0.071455 -10.166160
v 2.799549 -1.105293 -10.166160
v 3.214154 -1.105293 -10.166160
v 3.255514 -1.105293 -10.166160
v 3.330904 -0.490474 -10.164596
v 3.162333 -0.071455 -10.166160
v 3.214154 -1.105293 -10.166160
v 3.330904 -0.490474 -10.164596
v 2.518530 -0.520307 -10.166160
v 2.799779 -0.071455 -10.166160
v 2.799706 -0.071314 -4.484012
v 2.483115 -0.520166 -4.484012
v 2.518530 -0.520307 -10.166160
v 2.799706 -0.071314 -4.484012
v -2.687246 -1.105293 -10.166160
v -2.760453 -1.105293 -10.166160
v -2.760528 -1.105152 -4.484012
v -2.664324 -1.105152 -4.484012
v -2.687246 -1.105293 -10.166160
v -2.760528 -1.105152 -4.484012
v -2.664324 -1.105152 -4.484012
v 2.799475 -1.105152 -4.484012
v 2.799549 -1.105293 -10.166160
v -2.687246 -1.105293 -10.166160
v -2.664324 -1.105152 -4.484012
v 2.799549 -1.105293 -10.166160
v 2.799475 -1.105152 -4.484012
v 2.483115 -0.520166 -4.484012
v 2.799706 -0.071314 -4.484012
v 2.483115 -0.520166 -4.484012
v 2.799475 -1.105152 -4.484012
v -2.664324 -1.105152 -4.484012
v -2.576160 -0.520167 -4.484012
v 2.483115 -0.520166 -4.484012
v -2.664324 -1.105152 -4.484012
v -2.664324 -1.105152 -4.484012
v -2.760528 -1.105152 -4.484012
v -2.760297 -0.071314 -4.484012
v -2.576160 -0.520167 -4.484012
v -2.664324 -1.105152 -4.484012
v -2.760297 -0.071314 -4.484012
v -2.599084 -0.520308 -10.166160
v -2.760223 -0.071455 -10.166160
v -2.760453 -1.105293 -10.166160
v -2.687246 -1.105293 -10.166160
v -2.599084 -0.520308 -10.166160
v -2.760453 -1.105293 -10.166160
v -2.599084 -0.520308 -10.166160
v -2.687246 -1.105293 -10.166160
v 2.518530 -0.520307 -10.166160
v 2.518530 -0.520307 -10.166160
v -2.687246 -1.105293 -10.166160
v 2.799549 -1.105293 -10.166160
v 2.799549 -1.105293 -10.166160
v 2.799779 -0.071455 -10.166160
v 2.518530 -0.520307 -10.166160
v -2.576160 -0.520167 -4.484012
v -2.760297 -0.071314 -4.484012
v -2.760223 -0.071455 -10.166160
v -2.599084 -0.520308 -10.166160
v -2.576160 -0.520167 -4.484012
v -2.760223 -0.071455 -10.166160
v -2.599084 -0.520308 -10.166160
v 2.518530 -0.520307 -10.166160
v 2.483115 -0.520166 -4.484012
v -2.576160 -0.520167 -4.484012
v -2.599084 -0.520308 -10.166160
v 2.483115 -0.520166 -4.484012
v -3.370229 -1.105152 -4.484012
v -8.035147 -1.119321 -4.484015
v -8.197049 -0.873924 -4.483918
v -3.311915 -0.449813 -4.482503
v -3.370229 -1.105152 -4.484012
v -8.197049 -0.873924 -4.483918
v -3.311915 -0.449813 -4.482503
v -3.164405 -0.071314 -4.484012
v -3.164635 -1.105152 -4.484012
v -3.370229 -1.105152 -4.484012
v -3.311915 -0.449813 -4.482503
v -3.164635 -1.105152 -4.484012
v -3.328500 -0.449955 -10.164649
v -8.196974 -0.874065 -10.166066
v -8.035073 -1.119462 -10.166165
v -3.386812 -1.105293 -10.166160
v -3.328500 -0.449955 -10.164649
v -8.035073 -1.119462 -10.166165
v -3.386812 -1.105293 -10.166160
v -3.164560 -1.105293 -10.166160
v -3.164330 -0.071455 -10.166160
v -3.328500 -0.449955 -10.164649
v -3.386812 -1.105293 -10.166160
v -3.164330 -0.071455 -10.166160
v -3.386812 -1.105293 -10.166160
v -8.035073 -1.119462 -10.166165
v -8.035147 -1.119321 -4.484015
v -3.370229 -1.105152 -4.484012
v -3.386812 -1.105293 -10.166160
v -8.035147 -1.119321 -4.484015
v -3.370229 -1.105152 -4.484012
v -3.164635 -1.105152 -4.484012
v -3.164560 -1.105293 -10.166160
v -3.386812 -1.105293 -10.166160
v -3.370229 -1.105152 -4.484012
v -3.164560 -1.105293 -10.166160
v -3.311915 -0.449813 -4.482503
v -8.197049 -0.873924 -4.483918
v -8.196974 -0.874065 -10.166066
v -3.328500 -0.449955 -10.164649
v -3.311915 -0.449813 -4.482503
v -8.196974 -0.874065 -10.166066
v -3.328500 -0.449955 -10.164649
v -3.164330 -0.071455 -10.166160
v -3.164405 -0.071314 -4.484012
v -3.311915 -0.449813 -4.482503
v -3.328500 -0.449955 -10.164649
v -3.164405 -0.071314 -4.484012
v -2.760534 -1.105158 1.198803
v -3.164641 -1.105158 1.198803
v -3.164411 -0.071320 1.198803
v -2.760303 -0.071320 1.198803
v -2.760534 -1.105158 1.198803
v -3.164411 -0.071320 1.198803
v -2.760229 -0.071461 -4.483348
v -3.164335 -0.071461 -4.483348
v -3.164566 -1.105299 -4.483348
v -2.760460 -1.105299 -4.483348
v -2.760229 -0.071461 -4.483348
v -3.164566 -1.105299 -4.483348
v 7.629706 -1.136623 1.198803
v 7.631306 -0.885992 1.198803
v 7.631379 -0.886133 -4.483348
v 7.629779 -1.136764 -4.483348
v 7.629706 -1.136623 1.198803
v 7.631379 -0.886133 -4.483348
v -2.760460 -1.105299 -4.483348
v -3.164566 -1.105299 -4.483348
v -3.164641 -1.105158 1.198803
v -2.760534 -1.105158 1.198803
v -2.760460 -1.105299 -4.483348
v -3.164641 -1.105158 1.198803
v -8.035080 -1.119468 -4.483352
v -8.196980 -0.874071 -4.483253
v -8.197053 -0.873930 1.198897
v -8.035152 -1.119327 1.198798
v -8.035080 -1.119468 -4.483352
v -8.197053 -0.873930 1.198897
v -2.760303 -0.071320 1.198803
v -3.164411 -0.071320 1.198803
v -3.164335 -0.071461 -4.483348
v -2.760229 -0.071461 -4.483348
v -2.760303 -0.071320 1.198803
v -3.164335 -0.071461 -4.483348
v 3.330898 -0.490481 -4.481782
v 7.631379 -0.886133 -4.483348
v 7.631306 -0.885992 1.198803
v 3.330825 -0.490339 1.200366
v 3.330898 -0.490481 -4.481782
v 7.631306 -0.885992 1.198803
v 3.330825 -0.490339 1.200366
v 7.631306 -0.885992 1.198803
v 7.629706 -1.136623 1.198803
v 3.255435 -1.105158 1.198803
v 3.330825 -0.490339 1.200366
v 7.629706 -1.136623 1.198803
v 3.255435 -1.105158 1.198803
v 7.629706 -1.136623 1.198803
v 7.629779 -1.136764 -4.483348
v 3.255508 -1.105299 -4.483348
v 3.255435 -1.105158 1.198803
v 7.629779 -1.136764 -4.483348
v 3.255508 -1.105299 -4.483348
v 7.629779 -1.136764 -4.483348
v 7.631379 -0.886133 -4.483348
v 3.330898 -0.490481 -4.481782
v 3.255508 -1.105299 -4.483348
v 7.631379 -0.886133 -4.483348
v 3.141954 -0.071320 1.198803
v 2.799699 -0.071320 1.198803
v 2.799776 -0.071461 -4.483348
v 3.162327 -0.071461 -4.483348
v 3.141954 -0.071320 1.198803
v 2.799776 -0.071461 -4.483348
v 3.162327 -0.071461 -4.483348
v 3.330898 -0.490481 -4.481782
v 3.330825 -0.490339 1.200366
v 3.141954 -0.071320 1.198803
v 3.162327 -0.071461 -4.483348
v 3.330825 -0.490339 1.200366
v 3.193777 -1.105158 1.198803
v 2.799469 -1.105158 1.198803
v 2.799699 -0.071320 1.198803
v 3.141954 -0.071320 1.198803
v 3.193777 -1.105158 1.198803
v 2.799699 -0.071320 1.198803
v 3.141954 -0.071320 1.198803
v 3.330825 -0.490339 1.200366
v 3.255435 -1.105158 1.198803
v 3.193777 -1.105158 1.198803
v 3.141954 -0.071320 1.198803
v 3.255435 -1.105158 1.198803
v 3.214148 -1.105299 -4.483348
v 2.799543 -1.105299 -4.483348
v 2.799469 -1.105158 1.198803
v 3.193777 -1.105158 1.198803
v 3.214148 -1.105299 -4.483348
v 2.799469 -1.105158 1.198803
v 3.193777 -1.105158 1.198803
v 3.255435 -1.105158 1.198803
v 3.255508 -1.105299 -4.483348
v 3.214148 -1.105299 -4.483348
v 3.193777 -1.105158 1.198803
v 3.255508 -1.105299 -4.483348
v 3.162327 -0.071461 -4.483348
v 2.799776 -0.071461 -4.483348
v 2.799543 -1.105299 -4.483348
v 3.214148 -1.105299 -4.483348
v 3.162327 -0.071461 -4.483348
v 2.799543 -1.105299 -4.483348
v 3.214148 -1.105299 -4.483348
v 3.255508 -1.105299 -4.483348
v 3.330898 -0.490481 -4.481782
v 3.162327 -0.071461 -4.483348
v 3.214148 -1.105299 -4.483348
v 3.330898 -0.490481 -4.481782
v 2.518525 -0.520314 -4.483348
v 2.799776 -0.071461 -4.483348
v 2.799699 -0.071320 1.198803
v 2.483110 -0.520172 1.198803
v 2.518525 -0.520314 -4.483348
v 2.799699 -0.071320 1.198803
v -2.687252 -1.105299 -4.483348
v -2.760460 -1.105299 -4.483348
v -2.760534 -1.105158 1.198803
v -2.664331 -1.105158 1.198803
v -2.687252 -1.105299 -4.483348
v -2.760534 -1.105158 1.198803
v -2.664331 -1.105158 1.198803
v 2.799469 -1.105158 1.198803
v 2.799543 -1.105299 -4.483348
v -2.687252 -1.105299 -4.483348
v -2.664331 -1.105158 1.198803
v 2.799543 -1.105299 -4.483348
v 2.799469 -1.105158 1.198803
v 2.483110 -0.520172 1.198803
v 2.799699 -0.071320 1.198803
v 2.483110 -0.520172 1.198803
v 2.799469 -1.105158 1.198803
v -2.664331 -1.105158 1.198803
v -2.576167 -0.520173 1.198803
v 2.483110 -0.520172 1.198803
v -2.664331 -1.105158 1.198803
v -2.664331 -1.105158 1.198803
v -2.760534 -1.105158 1.198803
v -2.760303 -0.071320 1.198803
v -2.576167 -0.520173 1.198803
v -2.664331 -1.105158 1.198803
v -2.760303 -0.071320 1.198803
v -2.599090 -0.520314 -4.483348
v -2.760229 -0.071461 -4.483348
v -2.760460 -1.105299 -4.483348
v -2.687252 -1.105299 -4.483348
v -2.599090 -0.520314 -4.483348
v -2.760460 -1.105299 -4.483348
v -2.599090 -0.520314 -4.483348
v -2.687252 -1.105299 -4.483348
v 2.518525 -0.520314 -4.483348
v 2.518525 -0.520314 -4.483348
v -2.687252 -1.105299 -4.483348
v 2.799543 -1.105299 -4.483348
v 2.799543 -1.105299 -4.483348
v 2.799776 -0.071461 -4.483348
v 2.518525 -0.520314 -4.483348
v -2.576167 -0.520173 1.198803
v -2.760303 -0.071320 1.198803
v -2.760229 -0.071461 -4.483348
v -2.599090 -0.520314 -4.483348
v -2.576167 -0.520173 1.198803
v -2.760229 -0.071461 -4.483348
v -2.599090 -0.520314 -4.483348
v 2.518525 -0.520314 -4.483348
v 2.483110 -0.520172 1.198803
v -2.576167 -0.520173 1.198803
v -2.599090 -0.520314 -4.483348
v 2.483110 -0.520172 1.198803
v -3.370235 -1.105158 1.198803
v -8.035152 -1.119327 1.198798
v -8.197053 -0.873930 1.198897
v -3.311922 -0.449820 1.200310
v -3.370235 -1.105158 1.198803
v -8.197053 -0.873930 1.198897
v -3.311922 -0.449820 1.200310
v -3.164411 -0.071320 1.198803
v -3.164641 -1.105158 1.198803
v -3.370235 -1.105158 1.198803
v -3.311922 -0.449820 1.200310
v -3.164641 -1.105158 1.198803
v -3.328506 -0.449961 -4.481837
v -8.196980 -0.874071 -4.483253
v -8.035080 -1.119468 -4.483352
v -3.386817 -1.105299 -4.483348
v -3.328506 -0.449961 -4.481837
v -8.035080 -1.119468 -4.483352
v -3.386817 -1.105299 -4.483348
v -3.164566 -1.105299 -4.483348
v -3.164335 -0.071461 -4.483348
v -3.328506 -0.449961 -4.481837
v -3.386817 -1.105299 -4.483348
v -3.164335 -0.071461 -4.483348
v -3.386817 -1.105299 -4.483348
v -8.035080 -1.119468 -4.483352
v -8.035152 -1.119327 1.198798
v -3.370235 -1.105158 1.198803
v -3.386817 -1.105299 -4.483348
v -8.035152 -1.119327 1.198798
v -3.370235 -1.105158 1.198803
v -3.164641 -1.105158 1.198803
v -3.164566 -1.105299 -4.483348
v -3.386817 -1.105299 -4.483348
v -3.370235 -1.105158 1.198803
v -3.164566 -1.105299 -4.483348
v -3.311922 -0.449820 1.200310
v -8.197053 -0.873930 1.198897
v -8.196980 -0.874071 -4.483253
v -3.328506 -0.449961 -4.481837
v -3.311922 -0.449820 1.200310
v -8.196980 -0.874071 -4.483253
v -3.328506 -0.449961 -4.481837
v -3.164335 -0.071461 -4.483348
v -3.164411 -0.071320 1.198803
v -3.311922 -0.449820 1.200310
v -3.328506 -0.449961 -4.481837
v -3.164411 -0.071320 1.198803
v -2.760528 -1.105152 -15.293599
v -3.164636 -1.105152 -15.293599
v -3.164405 -0.071314 -15.293599
v -2.760297 -0.071314 -15.293599
v -2.760528 -1.105152 -15.293599
v -3.164405 -0.071314 -15.293599
v -2.760223 -0.071455 -20.975746
v -3.164330 -0.071455 -20.975746
v -3.164561 -1.105293 -20.975746
v -2.760454 -1.105293 -20.975746
v -2.760223 -0.071455 -20.975746
v -3.164561 -1.105293 -20.975746
v 7.629712 -1.136617 -15.293599
v 7.631311 -0.885985 -15.293599
v 7.631387 -0.886127 -20.975746
v 7.629788 -1.136758 -20.975746
v 7.629712 -1.136617 -15.293599
v 7.631387 -0.886127 -20.975746
v -2.760454 -1.105293 -20.975746
v -3.164561 -1.105293 -20.975746
v -3.164636 -1.105152 -15.293599
v -2.760528 -1.105152 -15.293599
v -2.760454 -1.105293 -20.975746
v -3.164636 -1.105152 -15.293599
v -8.035073 -1.119462 -20.975754
v -8.196974 -0.874065 -20.975651
v -8.197049 -0.873924 -15.293504
v -8.035147 -1.119321 -15.293601
v -8.035073 -1.119462 -20.975754
v -8.197049 -0.873924 -15.293504
v -2.760297 -0.071314 -15.293599
v -3.164405 -0.071314 -15.293599
v -3.164330 -0.071455 -20.975746
v -2.760223 -0.071455 -20.975746
v -2.760297 -0.071314 -15.293599
v -3.164330 -0.071455 -20.975746
v 3.330904 -0.490474 -20.974182
v 7.631387 -0.886127 -20.975746
v 7.631311 -0.885985 -15.293599
v 3.330831 -0.490333 -15.292035
v 3.330904 -0.490474 -20.974182
v 7.631311 -0.885985 -15.293599
v 3.330831 -0.490333 -15.292035
v 7.631311 -0.885985 -15.293599
v 7.629712 -1.136617 -15.293599
v 3.255441 -1.105152 -15.293599
v 3.330831 -0.490333 -15.292035
v 7.629712 -1.136617 -15.293599
v 3.255441 -1.105152 -15.293599
v 7.629712 -1.136617 -15.293599
v 7.629788 -1.136758 -20.975746
v 3.255514 -1.105293 -20.975746
v 3.255441 -1.105152 -15.293599
v 7.629788 -1.136758 -20.975746
v 3.255514 -1.105293 -20.975746
v 7.629788 -1.136758 -20.975746
v 7.631387 -0.886127 -20.975746
v 3.330904 -0.490474 -20.974182
v 3.255514 -1.105293 -20.975746
v 7.631387 -0.886127 -20.975746
v 3.141961 -0.071314 -15.293599
v 2.799706 -0.071314 -15.293599
v 2.799779 -0.071455 -20.975746
v 3.162333 -0.071455 -20.975746
v 3.141961 -0.071314 -15.293599
v 2.799779 -0.071455 -20.975746
v 3.162333 -0.071455 -20.975746
v 3.330904 -0.490474 -20.974182
v 3.330831 -0.490333 -15.292035
v 3.141961 -0.071314 -15.293599
v 3.162333 -0.071455 -20.975746
v 3.330831 -0.490333 -15.292035
v 3.193783 -1.105152 -15.293599
v 2.799475 -1.105152 -15.293599
v 2.799706 -0.071314 -15.293599
v 3.141961 -0.071314 -15.293599
v 3.193783 -1.105152 -15.293599
v 2.799706 -0.071314 -15.293599
v 3.141961 -0.071314 -15.293599
v 3.330831 -0.490333 -15.292035
v 3.255441 -1.105152 -15.293599
v 3.193783 -1.105152 -15.293599
v 3.141961 -0.071314 -15.293599
v 3.255441 -1.105152 -15.293599
v 3.214153 -1.105293 -20.975746
v 2.799549 -1.105293 -20.975746
v 2.799475 -1.105152 -15.293599
v 3.193783 -1.105152 -15.293599
v 3.214153 -1.105293 -20.975746
v 2.799475 -1.105152 -15.293599
v 3.193783 -1.105152 -15.293599
v 3.255441 -1.105152 -15.293599
v 3.255514 -1.105293 -20.975746
v 3.214153 -1.105293 -20.975746
v 3.193783 -1.105152 -15.293599
v 3.255514 -1.105293 -20.975746
v 3.162333 -0.071455 -20.975746
v 2.799779 -0.071455 -20.975746
v 2.799549 -1.105293 -20.975746
v 3.214153 -1.105293 -20.975746
v 3.162333 -0.071455 -20.975746
v 2.799549 -1.105293 -20.975746
v 3.214153 -1.105293 -20.975746
v 3.255514 -1.105293 -20.975746
v 3.330904 -0.490474 -20.974182
v 3.162333 -0.071455 -20.975746
v 3.214153 -1.105293 -20.975746
v 3.330904 -0.490474 -20.974182
v 2.518530 -0.520307 -20.975746
v 2.799779 -0.071455 -20.975746
v 2.799706 -0.071314 -15.293599
v 2.483115 -0.520166 -15.293599
v 2.518530 -0.520307 -20.975746
v 2.799706 -0.071314 -15.293599
v -2.687246 -1.105293 -20.975746
v -2.760454 -1.105293 -20.975746
v -2.760528 -1.105152 -15.293599
v -2.664324 -1.105152 -15.293599
v -2.687246 -1.105293 -20.975746
v -2.760528 -1.105152 -15.293599
v -2.664324 -1.105152 -15.293599
v 2.799475 -1.105152 -15.293599
v 2.799549 -1.105293 -20.975746
v -2.687246 -1.105293 -20.975746
v -2.664324 -1.105152 -15.293599
v 2.799549 -1.105293 -20.975746
v 2.799475 -1.105152 -15.293599
v 2.483115 -0.520166 -15.293599
v 2.799706 -0.071314 -15.293599
v 2.483115 -0.520166 -15.293599
v 2.799475 -1.105152 -15.293599
v -2.664324 -1.105152 -15.293599
v -2.576160 -0.520167 -15.293599
v 2.483115 -0.520166 -15.293599
v -2.664324 -1.105152 -15.293599
v -2.664324 -1.105152 -15.293599
v -2.760528 -1.105152 -15.293599
v -2.760297 -0.071314 -15.293599
v -2.576160 -0.520167 -15.293599
v -2.664324 -1.105152 -15.293599
v -2.760297 -0.071314 -15.293599
v -2.599084 -0.520308 -20.975746
v -2.760223 -0.071455 -20.975746
v -2.760454 -1.105293 -20.975746
v -2.687246 -1.105293 -20.975746
v -2.599084 -0.520308 -20.975746
v -2.760454 -1.105293 -20.975746
v -2.599084 -0.520308 -20.975746
v -2.687246 -1.105293 -20.975746
v 2.518530 -0.520307 -20.975746
v 2.518530 -0.520307 -20.975746
v -2.687246 -1.105293 -20.975746
v 2.799549 -1.105293 -20.975746
v 2.799549 -1.105293 -20.975746
v 2.799779 -0.071455 -20.975746
v 2.518530 -0.520307 -20.975746
v -2.576160 -0.520167 -15.293599
v -2.760297 -0.071314 -15.293599
v -2.760223 -0.071455 -20.975746
v -2.599084 -0.520308 -20.975746
v -2.576160 -0.520167 -15.293599
v -2.760223 -0.071455 -20.975746
v -2.599084 -0.520308 -20.975746
v 2.518530 -0.520307 -20.975746
v 2.483115 -0.520166 -15.293599
v -2.576160 -0.520167 -15.293599
v -2.599084 -0.520308 -20.975746
v 2.483115 -0.520166 -15.293599
v -3.370229 -1.105152 -15.293599
v -8.035147 -1.119321 -15.293601
v -8.197049 -0.873924 -15.293504
v -3.311915 -0.449813 -15.292090
v -3.370229 -1.105152 -15.293599
v -8.197049 -0.873924 -15.293504
v -3.311915 -0.449813 -15.292090
v -3.164405 -0.071314 -15.293599
v -3.164636 -1.105152 -15.293599
v -3.370229 -1.105152 -15.293599
v -3.311915 -0.449813 -15.292090
v -3.164636 -1.105152 -15.293599
v -3.328500 -0.449955 -20.974236
v -8.196974 -0.874065 -20.975651
v -8.035073 -1.119462 -20.975754
v -3.386812 -1.105293 -20.975746
v -3.328500 -0.449955 -20.974236
v -8.035073 -1.119462 -20.975754
v -3.386812 -1.105293 -20.975746
v -3.164561 -1.105293 -20.975746
v -3.164330 -0.071455 -20.975746
v -3.328500 -0.449955 -20.974236
v -3.386812 -1.105293 -20.975746
v -3.164330 -0.071455 -20.975746
v -3.386812 -1.105293 -20.975746
v -8.035073 -1.119462 -20.975754
v -8.035147 -1.119321 -15.293601
v -3.370229 -1.105152 -15.293599
v -3.386812 -1.105293 -20.975746
v -8.035147 -1.119321 -15.293601
v -3.370229 -1.105152 -15.293599
v -3.164636 -1.105152 -15.293599
v -3.164561 -1.105293 -20.975746
v -3.386812 -1.105293 -20.975746
v -3.370229 -1.105152 -15.293599
v -3.164561 -1.105293 -20.975746
v -3.311915 -0.449813 -15.292090
v -8.197049 -0.873924 -15.293504
v -8.196974 -0.874065 -20.975651
v -3.328500 -0.449955 -20.974236
v -3.311915 -0.449813 -15.292090
v -8.196974 -0.874065 -20.975651
v -3.328500 -0.449955 -20.974236
v -3.164330 -0.071455 -20.975746
v -3.164405 -0.071314 -15.293599
v -3.311915 -0.449813 -15.292090
v -3.328500 -0.449955 -20.974236
v -3.164405 -0.071314 -15.293599
v -2.760534 -1.105158 -9.610784
v -3.164641 -1.105158 -9.610784
v -3.164411 -0.071320 -9.610784
v -2.760303 -0.071320 -9.610784
v -2.760534 -1.105158 -9.610784
v -3.164411 -0.071320 -9.610784
v -2.760229 -0.071461 -15.292935
v -3.164335 -0.071461 -15.292935
v -3.164566 -1.105299 -15.292935
v -2.760460 -1.105299 -15.292935
v -2.760229 -0.071461 -15.292935
v -3.164566 -1.105299 -15.292935
v 7.629706 -1.136623 -9.610784
v 7.631306 -0.885992 -9.610784
v 7.631379 -0.886133 -15.292935
v 7.629779 -1.136764 -15.292935
v 7.629706 -1.136623 -9.610784
v 7.631379 -0.886133 -15.292935
v -2.760460 -1.105299 -15.292935
v -3.164566 -1.105299 -15.292935
v -3.164641 -1.105158 -9.610784
v -2.760534 -1.105158 -9.610784
v -2.760460 -1.105299 -15.292935
v -3.164641 -1.105158 -9.610784
v -8.035080 -1.119468 -15.292939
v -8.196980 -0.874071 -15.292838
v -8.197053 -0.873930 -9.610690
v -8.035152 -1.119327 -9.610789
v -8.035080 -1.119468 -15.292939
v -8.197053 -0.873930 -9.610690
v -2.760303 -0.071320 -9.610784
v -3.164411 -0.071320 -9.610784
v -3.164335 -0.071461 -15.292935
v -2.760229 -0.071461 -15.292935
v -2.760303 -0.071320 -9.610784
v -3.164335 -0.071461 -15.292935
v 3.330898 -0.490481 -15.291369
v 7.631379 -0.886133 -15.292935
v 7.631306 -0.885992 -9.610784
v 3.330825 -0.490339 -9.609221
v 3.330898 -0.490481 -15.291369
v 7.631306 -0.885992 -9.610784
v 3.330825 -0.490339 -9.609221
v 7.631306 -0.885992 -9.610784
v 7.629706 -1.136623 -9.610784
v 3.255435 -1.105158 -9.610784
v 3.330825 -0.490339 -9.609221
v 7.629706 -1.136623 -9.610784
v 3.255435 -1.105158 -9.610784
v 7.629706 -1.136623 -9.610784
v 7.629779 -1.136764 -15.292935
v 3.255508 -1.105299 -15.292935
v 3.255435 -1.105158 -9.610784
v 7.629779 -1.136764 -15.292935
v 3.255508 -1.105299 -15.292935
v 7.629779 -1.136764 -15.292935
v 7.631379 -0.886133 -15.292935
v 3.330898 -0.490481 -15.291369
v 3.255508 -1.105299 -15.292935
v 7.631379 -0.886133 -15.292935
v 3.141954 -0.071320 -9.610784
v 2.799699 -0.071320 -9.610784
v 2.799776 -0.071461 -15.292935
v 3.162327 -0.071461 -15.292935
v 3.141954 -0.071320 -9.610784
v 2.799776 -0.071461 -15.292935
v 3.162327 -0.071461 -15.292935
v 3.330898 -0.490481 -15.291369
v 3.330825 -0.490339 -9.609221
v 3.141954 -0.071320 -9.610784
v 3.162327 -0.071461 -15.292935
v 3.330825 -0.490339 -9.609221
v 3.193777 -1.105158 -9.610784
v 2.799469 -1.105158 -9.610784
v 2.799699 -0.071320 -9.610784
v 3.141954 -0.071320 -9.610784
v 3.193777 -1.105158 -9.610784
v 2.799699 -0.071320 -9.610784
v 3.141954 -0.071320 -9.610784
v 3.330825 -0.490339 -9.609221
v 3.255435 -1.105158 -9.610784
v 3.193777 -1.105158 -9.610784
v 3.141954 -0.071320 -9.610784
v 3.255435 -1.105158 -9.610784
v 3.214148 -1.105299 -15.292935
v 2.799543 -1.105299 -15.292935
v 2.799469 -1.105158 -9.610784
v 3.193777 -1.105158 -9.610784
v 3.214148 -1.105299 -15.292935
v 2.799469 -1.105158 -9.610784
v 3.193777 -1.105158 -9.610784
v 3.255435 -1.105158 -9.610784
v 3.255508 -1.105299 -15.292935
v 3.214148 -1.105299 -15.292935
v 3.193777 -1.105158 -9.610784
v 3.255508 -1.105299 -15.292935
v 3.162327 -0.071461 -15.292935
v 2.799776 -0.071461 -15.292935
v 2.799543 -1.105299 -15.292935
v 3.214148 -1.105299 -15.292935
v 3.162327 -0.071461 -15.292935
v 2.799543 -1.105299 -15.292935
v 3.214148 -1.105299 -15.292935
v 3.255508 -1.105299 -15.292935
v 3.330898 -0.490481 -15.291369
v 3.162327 -0.071461 -15.292935
v 3.214148 -1.105299 -15.292935
v 3.330898 -0.490481 -15.291369
v 2.518525 -0.520314 -15.292935
v 2.799776 -0.071461 -15.292935
v 2.799699 -0.071320 -9.610784
v 2.483110 -0.520172 -9.610784
v 2.518525 -0.520314 -15.292935
v 2.799699 -0.071320 -9.610784
v -2.687252 -1.105299 -15.292935
v -2.760460 -1.105299 -15.292935
v -2.760534 -1.105158 -9.610784
v -2.664331 -1.105158 -9.610784
v -2.687252 -1.105299 -15.292935
v -2.760534 -1.105158 -9.610784
v -2.664331 -1.105158 -9.610784
v 2.799469 -1.105158 -9.610784
v 2.799543 -1.105299 -15.292935
v -2.687252 -1.105299 -15.292935
v -2.664331 -1.105158 -9.610784
v 2.799543 -1.105299 -15.292935
v 2.799469 -1.105158 -9.610784
v 2.483110 -0.520172 -9.610784
v 2.799699 -0.071320 -9.610784
v 2.483110 -0.520172 -9.610784
v 2.799469 -1.105158 -9.610784
v -2.664331 -1.105158 -9.610784
v -2.576167 -0.520173 -9.610784
v 2.483110 -0.520172 -9.610784
v -2.664331 -1.105158 -9.610784
v -2.664331 -1.105158 -9.610784
v -2.760534 -1.105158 -9.610784
v -2.760303 -0.071320 -9.610784
v -2.576167 -0.520173 -9.610784
v -2.664331 -1.105158 -9.610784
v -2.760303 -0.071320 -9.610784
v -2.599090 -0.520314 -15.292935
v -2.760229 -0.071461 -15.292935
v -2.760460 -1.105299 -15.292935
v -2.687252 -1.105299 -15.292935
v -2.599090 -0.520314 -15.292935
v -2.760460 -1.105299 -15.292935
v -2.599090 -0.520314 -15.292935
v -2.687252 -1.105299 -15.292935
v 2.518525 -0.520314 -15.292935
v 2.518525 -0.520314 -15.292935
v -2.687252 -1.105299 -15.292935
v 2.799543 -1.105299 -15.292935
v 2.799543 -1.105299 -15.292935
v 2.799776 -0.071461 -15.292935
v 2.518525 -0.520314 -15.292935
v -2.576167 -0.520173 -9.610784
v -2.760303 -0.071320 -9.610784
v -2.760229 -0.071461 -15.292935
v -2.599090 -0.520314 -15.292935
v -2.576167 -0.520173 -9.610784
v -2.760229 -0.071461 -15.292935
v -2.599090 -0.520314 -15.292935
v 2.518525 -0.520314 -15.292935
v 2.483110 -0.520172 -9.610784
v -2.576167 -0.520173 -9.610784
v -2.599090 -0.520314 -15.292935
v 2.483110 -0.520172 -9.610784
v -3.370235 -1.105158 -9.610784
v -8.035152 -1.119327 -9.610789
v -8.197053 -0.873930 -9.610690
v -3.311922 -0.449820 -9.609277
v -3.370235 -1.105158 -9.610784
v -8.197053 -0.873930 -9.610690
v -3.311922 -0.449820 -9.609277
v -3.164411 -0.071320 -9.610784
v -3.164641 -1.105158 -9.610784
v -3.370235 -1.105158 -9.610784
v -3.311922 -0.449820 -9.609277
v -3.164641 -1.105158 -9.610784
v -3.328506 -0.449961 -15.291423
v -8.196980 -0.874071 -15.292838
v -8.035080 -1.119468 -15.292939
v -3.386817 -1.105299 -15.292935
v -3.328506 -0.449961 -15.291423
v -8.035080 -1.119468 -15.292939
v -3.386817 -1.105299 -15.292935
v -3.164566 -1.105299 -15.292935
v -3.164335 -0.071461 -15.292935
v -3.328506 -0.449961 -15.291423
v -3.386817 -1.105299 -15.292935
v -3.164335 -0.071461 -15.292935
v -3.386817 -1.105299 -15.292935
v -8.035080 -1.119468 -15.292939
v -8.035152 -1.119327 -9.610789
v -3.370235 -1.105158 -9.610784
v -3.386817 -1.105299 -15.292935
v -8.035152 -1.119327 -9.610789
v -3.370235 -1.105158 -9.610784
v -3.164641 -1.105158 -9.610784
v -3.164566 -1.105299 -15.292935
v -3.386817 -1.105299 -15.292935
v -3.370235 -1.105158 -9.610784
v -3.164566 -1.105299 -15.292935
v -3.311922 -0.449820 -9.609277
v -8.197053 -0.873930 -9.610690
v -8.196980 -0.874071 -15.292838
v -3.328506 -0.449961 -15.291423
v -3.311922 -0.449820 -9.609277
v -8.196980 -0.874071 -15.292838
v -3.328506 -0.449961 -15.291423
v -3.164335 -0.071461 -15.292935
v -3.164411 -0.071320 -9.610784
v -3.311922 -0.449820 -9.609277
v -3.328506 -0.449961 -15.291423
v -3.164411 -0.071320 -9.610784
v -2.760528 -1.105152 -26.271095
v -3.164635 -1.105152 -26.271095
v -3.164404 -0.071314 -26.271095
v -2.760297 -0.071314 -26.271095
v -2.760528 -1.105152 -26.271095
v -3.164404 -0.071314 -26.271095
v -2.760224 -0.071455 -31.953243
v -3.164330 -0.071455 -31.953243
v -3.164561 -1.105293 -31.953243
v -2.760453 -1.105293 -31.953243
v -2.760224 -0.071455 -31.953243
v -3.164561 -1.105293 -31.953243
v 7.629712 -1.136617 -26.271095
v 7.631311 -0.885985 -26.271095
v 7.631387 -0.886127 -31.953243
v 7.629788 -1.136758 -31.953243
v 7.629712 -1.136617 -26.271095
v 7.631387 -0.886127 -31.953243
v -2.760453 -1.105293 -31.953243
v -3.164561 -1.105293 -31.953243
v -3.164635 -1.105152 -26.271095
v -2.760528 -1.105152 -26.271095
v -2.760453 -1.105293 -31.953243
v -3.164635 -1.105152 -26.271095
v -8.035073 -1.119462 -31.953251
v -8.196974 -0.874065 -31.953152
v -8.197049 -0.873924 -26.271004
v -8.035147 -1.119321 -26.271099
v -8.035073 -1.119462 -31.953251
v -8.197049 -0.873924 -26.271004
v -2.760297 -0.071314 -26.271095
v -3.164404 -0.071314 -26.271095
v -3.164330 -0.071455 -31.953243
v -2.760224 -0.071455 -31.953243
v -2.760297 -0.071314 -26.271095
v -3.164330 -0.071455 -31.953243
v 3.330904 -0.490474 -31.951683
v 7.631387 -0.886127 -31.953243
v 7.631311 -0.885985 -26.271095
v 3.330831 -0.490333 -26.269531
v 3.330904 -0.490474 -31.951683
v 7.631311 -0.885985 -26.271095
v 3.330831 -0.490333 -26.269531
v 7.631311 -0.885985 -26.271095
v 7.629712 -1.136617 -26.271095
v 3.255441 -1.105152 -26.271095
v 3.330831 -0.490333 -26.269531
v 7.629712 -1.136617 -26.271095
v 3.255441 -1.105152 -26.271095
v 7.629712 -1.136617 -26.271095
v 7.629788 -1.136758 -31.953243
v 3.255514 -1.105293 -31.953243
v 3.255441 -1.105152 -26.271095
v 7.629788 -1.136758 -31.953243
v 3.255514 -1.105293 -31.953243
v 7.629788 -1.136758 -31.953243
v 7.631387 -0.886127 -31.953243
v 3.330904 -0.490474 -31.951683
v 3.255514 -1.105293 -31.953243
v 7.631387 -0.886127 -31.953243
v 3.141961 -0.071314 -26.271095
v 2.799706 -0.071314 -26.271095
v 2.799779 -0.071455 -31.953243
v 3.162333 -0.071455 -31.953243
v 3.141961 -0.071314 -26.271095
v 2.799779 -0.071455 -31.953243
v 3.162333 -0.071455 -31.953243
v 3.330904 -0.490474 -31.951683
v 3.330831 -0.490333 -26.269531
v 3.141961 -0.071314 -26.271095
v 3.162333 -0.071455 -31.953243
v 3.330831 -0.490333 -26.269531
v 3.193783 -1.105152 -26.271095
v 2.799475 -1.105152 -26.271095
v 2.799706 -0.071314 -26.271095
v 3.141961 -0.071314 -26.271095
v 3.193783 -1.105152 -26.271095
v 2.799706 -0.071314 -26.271095
v 3.141961 -0.071314 -26.271095
v 3.330831 -0.490333 -26.269531
v 3.255441 -1.105152 -26.271095
v 3.193783 -1.105152 -26.271095
v 3.141961 -0.071314 -26.271095
v 3.255441 -1.105152 -26.271095
v 3.214154 -1.105293 -31.953243
v 2.799549 -1.105293 -31.953243
v 2.799475 -1.105152 -26.271095
v 3.193783 -1.105152 -26.271095
v 3.214154 -1.105293 -31.953243
v 2.799475 -1.105152 -26.271095
v 3.193783 -1.105152 -26.271095
v 3.255441 -1.105152 -26.271095
v 3.255514 -1.105293 -31.953243
v 3.214154 -1.105293 -31.953243
v 3.193783 -1.105152 -26.271095
v 3.255514 -1.105293 -31.953243
v 3.162333 -0.071455 -31.953243
v 2.799779 -0.071455 -31.953243
v 2.799549 -1.105293 -31.953243
v 3.214154 -1.105293 -31.953243
v 3.162333 -0.071455 -31.953243
v 2.799549 -1.105293 -31.953243
v 3.214154 -1.105293 -31.953243
v 3.255514 -1.105293 -31.953243
v 3.330904 -0.490474 -31.951683
v 3.162333 -0.071455 -31.953243
v 3.214154 -1.105293 -31.953243
v 3.330904 -0.490474 -31.951683
v 2.518530 -0.520307 -31.953243
v 2.799779 -0.071455 -31.953243
v 2.799706 -0.071314 -26.271095
v 2.483115 -0.520166 -26.271095
v 2.518530 -0.520307 -31.953243
v 2.799706 -0.071314 -26.271095
v -2.687246 -1.105293 -31.953243
v -2.760453 -1.105293 -31.953243
v -2.760528 -1.105152 -26.271095
v -2.664324 -1.105152 -26.271095
v -2.687246 -1.105293 -31.953243
v -2.760528 -1.105152 -26.271095
v -2.664324 -1.105152 -26.271095
v 2.799475 -1.105152 -26.271095
v 2.799549 -1.105293 -31.953243
v -2.687246 -1.105293 -31.953243
v -2.664324 -1.105152 -26.271095
v 2.799549 -1.105293 -31.953243
v 2.799475 -1.105152 -26.271095
v 2.483115 -0.520166 -26.271095
v 2.799706 -0.071314 -26.271095
v 2.483115 -0.520166 -26.271095
v 2.799475 -1.105152 -26.271095
v -2.664324 -1.105152 -26.271095
v -2.576160 -0.520167 -26.271095
v 2.483115 -0.520166 -26.271095
v -2.664324 -1.105152 -26.271095
v -2.664324 -1.105152 -26.271095
v -2.760528 -1.105152 -26.271095
v -2.760297 -0.071314 -26.271095
v -2.576160 -0.520167 -26.271095
v -2.664324 -1.105152 -26.271095
v -2.760297 -0.071314 -26.271095
v -2.599084 -0.520308 -31.953243
v -2.760224 -0.071455 -31.953243
v -2.760453 -1.105293 -31.953243
v -2.687246 -1.105293 -31.953243
v -2.599084 -0.520308 -31.953243
v -2.760453 -1.105293 -31.953243
v -2.599084 -0.520308 -31.953243
v -2.687246 -1.105293 -31.953243
v 2.518530 -0.520307 -31.953243
v 2.518530 -0.520307 -31.953243
v -2.687246 -1.105293 -31.953243
v 2.799549 -1.105293 -31.953243
v 2.799549 -1.105293 -31.953243
v 2.799779 -0.071455 -31.953243
v 2.518530 -0.520307 -31.953243
v -2.576160 -0.520167 -26.271095
v -2.760297 -0.071314 -26.271095
v -2.760224 -0.071455 -31.953243
v -2.599084 -0.520308 -31.953243
v -2.576160 -0.520167 -26.271095
v -2.760224 -0.071455 -31.953243
v -2.599084 -0.520308 -31.953243
v 2.518530 -0.520307 -31.953243
v 2.483115 -0.520166 -26.271095
v -2.576160 -0.520167 -26.271095
v -2.599084 -0.520308 -31.953243
v 2.483115 -0.520166 -26.271095
v -3.370229 -1.105152 -26.271095
v -8.035147 -1.119321 -26.271099
v -8.197049 -0.873924 -26.271004
v -3.311915 -0.449813 -26.269588
v -3.370229 -1.105152 -26.271095
v -8.197049 -0.873924 -26.271004
v -3.311915 -0.449813 -26.269588
v -3.164404 -0.071314 -26.271095
v -3.164635 -1.105152 -26.271095
v -3.370229 -1.105152 -26.271095
v -3.311915 -0.449813 -26.269588
v -3.164635 -1.105152 -26.271095
v -3.328500 -0.449955 -31.951736
v -8.196974 -0.874065 -31.953152
v -8.035073 -1.119462 -31.953251
v -3.386812 -1.105293 -31.953243
v -3.328500 -0.449955 -31.951736
v -8.035073 -1.119462 -31.953251
v -3.386812 -1.105293 -31.953243
v -3.164561 -1.105293 -31.953243
v -3.164330 -0.071455 -31.953243
v -3.328500 -0.449955 -31.951736
v -3.386812 -1.105293 -31.953243
v -3.164330 -0.071455 -31.953243
v -3.386812 -1.105293 -31.953243
v -8.035073 -1.119462 -31.953251
v -8.035147 -1.119321 -26.271099
v -3.370229 -1.105152 -26.271095
v -3.386812 -1.105293 -31.953243
v -8.035147 -1.119321 -26.271099
v -3.370229 -1.105152 -26.271095
v -3.164635 -1.105152 -26.271095
v -3.164561 -1.105293 -31.953243
v -3.386812 -1.105293 -31.953243
v -3.370229 -1.105152 -26.271095
v -3.164561 -1.105293 -31.953243
v -3.311915 -0.449813 -26.269588
v -8.197049 -0.873924 -26.271004
v -8.196974 -0.874065 -31.953152
v -3.328500 -0.449955 -31.951736
v -3.311915 -0.449813 -26.269588
v -8.196974 -0.874065 -31.953152
v -3.328500 -0.449955 -31.951736
v -3.164330 -0.071455 -31.953243
v -3.164404 -0.071314 -26.271095
v -3.311915 -0.449813 -26.269588
v -3.328500 -0.449955 -31.951736
v -3.164404 -0.071314 -26.271095
v -2.760534 -1.105158 -20.588284
v -3.164642 -1.105158 -20.588284
v -3.164411 -0.071320 -20.588284
v -2.760303 -0.071320 -20.588284
v -2.760534 -1.105158 -20.588284
v -3.164411 -0.071320 -20.588284
v -2.760229 -0.071461 -26.270435
v -3.164335 -0.071461 -26.270435
v -3.164566 -1.105299 -26.270435
v -2.760460 -1.105299 -26.270435
v -2.760229 -0.071461 -26.270435
v -3.164566 -1.105299 -26.270435
v 7.629706 -1.136623 -20.588284
v 7.631306 -0.885992 -20.588284
v 7.631379 -0.886133 -26.270435
v 7.629779 -1.136764 -26.270435
v 7.629706 -1.136623 -20.588284
v 7.631379 -0.886133 -26.270435
v -2.760460 -1.105299 -26.270435
v -3.164566 -1.105299 -26.270435
v -3.164642 -1.105158 -20.588284
v -2.760534 -1.105158 -20.588284
v -2.760460 -1.105299 -26.270435
v -3.164642 -1.105158 -20.588284
v -8.035080 -1.119468 -26.270435
v -8.196980 -0.874071 -26.270336
v -8.197054 -0.873930 -20.588188
v -8.035152 -1.119327 -20.588284
v -8.035080 -1.119468 -26.270435
v -8.197054 -0.873930 -20.588188
v -2.760303 -0.071320 -20.588284
v -3.164411 -0.071320 -20.588284
v -3.164335 -0.071461 -26.270435
v -2.760229 -0.071461 -26.270435
v -2.760303 -0.071320 -20.588284
v -3.164335 -0.071461 -26.270435
v 3.330898 -0.490481 -26.268867
v 7.631379 -0.886133 -26.270435
v 7.631306 -0.885992 -20.588284
v 3.330825 -0.490339 -20.586720
v 3.330898 -0.490481 -26.268867
v 7.631306 -0.885992 -20.588284
v 3.330825 -0.490339 -20.586720
v 7.631306 -0.885992 -20.588284
v 7.629706 -1.136623 -20.588284
v 3.255435 -1.105158 -20.588284
v 3.330825 -0.490339 -20.586720
v 7.629706 -1.136623 -20.588284
v 3.255435 -1.105158 -20.588284
v 7.629706 -1.136623 -20.588284
v 7.629779 -1.136764 -26.270435
v 3.255508 -1.105299 -26.270435
v 3.255435 -1.105158 -20.588284
v 7.629779 -1.136764 -26.270435
v 3.255508 -1.105299 -26.270435
v 7.629779 -1.136764 -26.270435
v 7.631379 -0.886133 -26.270435
v 3.330898 -0.490481 -26.268867
v 3.255508 -1.105299 -26.270435
v 7.631379 -0.886133 -26.270435
v 3.141954 -0.071320 -20.588284
v 2.799699 -0.071320 -20.588284
v 2.799776 -0.071461 -26.270435
v 3.162327 -0.071461 -26.270435
v 3.141954 -0.071320 -20.588284
v 2.799776 -0.071461 -26.270435
v 3.162327 -0.071461 -26.270435
v 3.330898 -0.490481 -26.268867
v 3.330825 -0.490339 -20.586720
v 3.141954 -0.071320 -20.588284
v 3.162327 -0.071461 -26.270435
v 3.330825 -0.490339 -20.586720
v 3.193777 -1.105158 -20.588284
v 2.799469 -1.105158 -20.588284
v 2.799699 -0.071320 -20.588284
v 3.141954 -0.071320 -20.588284
v 3.193777 -1.105158 -20.588284
v 2.799699 -0.071320 -20.588284
v 3.141954 -0.071320 -20.588284
v 3.330825 -0.490339 -20.586720
v 3.255435 -1.105158 -20.588284
v 3.193777 -1.105158 -20.588284
v 3.141954 -0.071320 -20.588284
v 3.255435 -1.105158 -20.588284
v 3.214148 -1.105299 -26.270435
v 2.799543 -1.105299 -26.270435
v 2.799469 -1.105158 -20.588284
v 3.193777 -1.105158 -20.588284
v 3.214148 -1.105299 -26.270435
v 2.799469 -1.105158 -20.588284
v 3.193777 -1.105158 -20.588284
v 3.255435 -1.105158 -20.588284
v 3.255508 -1.105299 -26.270435
v 3.214148 -1.105299 -26.270435
v 3.193777 -1.105158 -20.588284
v 3.255508 -1.105299 -26.270435
v 3.162327 -0.071461 -26.270435
v 2.799776 -0.071461 -26.270435
v 2.799543 -1.105299 -26.270435
v 3.214148 -1.105299 -26.270435
v 3.162327 -0.071461 -26.270435
v 2.799543 -1.105299 -26.270435
v 3.214148 -1.105299 -26.270435
v 3.255508 -1.105299 -26.270435
v 3.330898 -0.490481 -26.268867
v 3.162327 -0.071461 -26.270435
v 3.214148 -1.105299 -26.270435
v 3.330898 -0.490481 -26.268867
v 2.518525 -0.520314 -26.270435
v 2.799776 -0.071461 -26.270435
v 2.799699 -0.071320 -20.588284
v 2.483110 -0.520172 -20.588284
v 2.518525 -0.520314 -26.270435
v 2.799699 -0.071320 -20.588284
v -2.687252 -1.105299 -26.270435
v -2.760460 -1.105299 -26.270435
v -2.760534 -1.105158 -20.588284
v -2.664331 -1.105158 -20.588284
v -2.687252 -1.105299 -26.270435
v -2.760534 -1.105158 -20.588284
v -2.664331 -1.105158 -20.588284
v 2.799469 -1.105158 -20.588284
v 2.799543 -1.105299 -26.270435
v -2.687252 -1.105299 -26.270435
v -2.664331 -1.105158 -20.588284
v 2.799543 -1.105299 -26.270435
v 2.799469 -1.105158 -20.588284
v 2.483110 -0.520172 -20.588284
v 2.799699 -0.071320 -20.588284
v 2.483110 -0.520172 -20.588284
v 2.799469 -1.105158 -20.588284
v -2.664331 -1.105158 -20.588284
v -2.576167 -0.520173 -20.588284
v 2.483110 -0.520172 -20.588284
v -2.664331 -1.105158 -20.588284
v -2.664331 -1.105158 -20.588284
v -2.760534 -1.105158 -20.588284
v -2.760303 -0.071320 -20.588284
v -2.576167 -0.520173 -20.588284
v -2.664331 -1.105158 -20.588284
v -2.760303 -0.071320 -20.588284
v -2.599090 -0.520314 -26.270435
v -2.760229 -0.071461 -26.270435
v -2.760460 -1.105299 -26.270435
v -2.687252 -1.105299 -26.270435
v -2.599090 -0.520314 -26.270435
v -2.760460 -1.105299 -26.270435
v -2.599090 -0.520314 -26.270435
v -2.687252 -1.105299 -26.270435
v 2.518525 -0.520314 -26.270435
v 2.518525 -0.520314 -26.270435
v -2.687252 -1.105299 -26.270435
v 2.799543 -1.105299 -26.270435
v 2.799543 -1.105299 -26.270435
v 2.799776 -0.071461 -26.270435
v 2.518525 -0.520314 -26.270435
v -2.576167 -0.520173 -20.588284
v -2.760303 -0.071320 -20.588284
v -2.760229 -0.071461 -26.270435
v -2.599090 -0.520314 -26.270435
v -2.576167 -0.520173 -20.588284
v -2.760229 -0.071461 -26.270435
v -2.599090 -0.520314 -26.270435
v 2.518525 -0.520314 -26.270435
v 2.483110 -0.520172 -20.588284
v -2.576167 -0.520173 -20.588284
v -2.599090 -0.520314 -26.270435
v 2.483110 -0.520172 -20.588284
v -3.370235 -1.105158 -20.588284
v -8.035152 -1.119327 -20.588284
v -8.197054 -0.873930 -20.588188
v -3.311922 -0.449820 -20.586777
v -3.370235 -1.105158 -20.588284
v -8.197054 -0.873930 -20.588188
v -3.311922 -0.449820 -20.586777
v -3.164411 -0.071320 -20.588284
v -3.164642 -1.105158 -20.588284
v -3.370235 -1.105158 -20.588284
v -3.311922 -0.449820 -20.586777
v -3.164642 -1.105158 -20.588284
v -3.328506 -0.449961 -26.268921
v -8.196980 -0.874071 -26.270336
v -8.035080 -1.119468 -26.270435
v -3.386817 -1.105299 -26.270435
v -3.328506 -0.449961 -26.268921
v -8.035080 -1.119468 -26.270435
v -3.386817 -1.105299 -26.270435
v -3.164566 -1.105299 -26.270435
v -3.164335 -0.071461 -26.270435
v -3.328506 -0.449961 -26.268921
v -3.386817 -1.105299 -26.270435
v -3.164335 -0.071461 -26.270435
v -3.386817 -1.105299 -26.270435
v -8.035080 -1.119468 -26.270435
v -8.035152 -1.119327 -20.588284
v -3.370235 -1.105158 -20.588284
v -3.386817 -1.105299 -26.270435
v -8.035152 -1.119327 -20.588284
v -3.370235 -1.105158 -20.588284
v -3.164642 -1.105158 -20.588284
v -3.164566 -1.105299 -26.270435
v -3.386817 -1.105299 -26.270435
v -3.370235 -1.105158 -20.588284
v -3.164566 -1.105299 -26.270435
v -3.311922 -0.449820 -20.586777
v -8.197054 -0.873930 -20.588188
v -8.196980 -0.874071 -26.270336
v -3.328506 -0.449961 -26.268921
v -3.311922 -0.449820 -20.586777
v -8.196980 -0.874071 -26.270336
v -3.328506 -0.449961 -26.268921
v -3.164335 -0.071461 -26.270435
v -3.164411 -0.071320 -20.588284
v -3.311922 -0.449820 -20.586777
v -3.328506 -0.449961 -26.268921
v -3.164411 -0.071320 -20.588284
v -2.760528 -1.105152 -37.393608
v -3.164635 -1.105152 -37.393608
v -3.164404 -0.071314 -37.393608
v -2.760297 -0.071314 -37.393608
v -2.760528 -1.105152 -37.393608
v -3.164404 -0.071314 -37.393608
v -2.760223 -0.071455 -43.075756
v -3.164330 -0.071455 -43.075756
v -3.164560 -1.105293 -43.075756
v -2.760453 -1.105293 -43.075756
v -2.760223 -0.071455 -43.075756
v -3.164560 -1.105293 -43.075756
v 7.629712 -1.136617 -37.393608
v 7.631311 -0.885985 -37.393608
v 7.631387 -0.886127 -43.075756
v 7.629788 -1.136758 -43.075756
v 7.629712 -1.136617 -37.393608
v 7.631387 -0.886127 -43.075756
v -2.760453 -1.105293 -43.075756
v -3.164560 -1.105293 -43.075756
v -3.164635 -1.105152 -37.393608
v -2.760528 -1.105152 -37.393608
v -2.760453 -1.105293 -43.075756
v -3.164635 -1.105152 -37.393608
v -8.035073 -1.119462 -43.075760
v -8.196974 -0.874065 -43.075665
v -8.197049 -0.873924 -37.393509
v -8.035147 -1.119321 -37.393612
v -8.035073 -1.119462 -43.075760
v -8.197049 -0.873924 -37.393509
v -2.760297 -0.071314 -37.393608
v -3.164404 -0.071314 -37.393608
v -3.164330 -0.071455 -43.075756
v -2.760223 -0.071455 -43.075756
v -2.760297 -0.071314 -37.393608
v -3.164330 -0.071455 -43.075756
v 3.330904 -0.490474 -43.074192
v 7.631387 -0.886127 -43.075756
v 7.631311 -0.885985 -37.393608
v 3.330831 -0.490333 -37.392044
v 3.330904 -0.490474 -43.074192
v 7.631311 -0.885985 -37.393608
v 3.330831 -0.490333 -37.392044
v 7.631311 -0.885985 -37.393608
v 7.629712 -1.136617 -37.393608
v 3.255441 -1.105152 -37.393608
v 3.330831 -0.490333 -37.392044
v 7.629712 -1.136617 -37.393608
v 3.255441 -1.105152 -37.393608
v 7.629712 -1.136617 -37.393608
v 7.629788 -1.136758 -43.075756
v 3.255514 -1.105293 -43.075756
v 3.255441 -1.105152 -37.393608
v 7.629788 -1.136758 -43.075756
v 3.255514 -1.105293 -43.075756
v 7.629788 -1.136758 -43.075756
v 7.631387 -0.886127 -43.075756
v 3.330904 -0.490474 -43.074192
v 3.255514 -1.105293 -43.075756
v 7.631387 -0.886127 -43.075756
v 3.141961 -0.071314 -37.393608
v 2.799706 -0.071314 -37.393608
v 2.799779 -0.071455 -43.075756
v 3.162333 -0.071455 -43.075756
v 3.141961 -0.071314 -37.393608
v 2.799779 -0.071455 -43.075756
v 3.162333 -0.071455 -43.075756
v 3.330904 -0.490474 -43.074192
v 3.330831 -0.490333 -37.392044
v 3.141961 -0.071314 -37.393608
v 3.162333 -0.071455 -43.075756
v 3.330831 -0.490333 -37.392044
v 3.193783 -1.105152 -37.393608
v 2.799475 -1.105152 -37.393608
v 2.799706 -0.071314 -37.393608
v 3.141961 -0.071314 -37.393608
v 3.193783 -1.105152 -37.393608
v 2.799706 -0.071314 -37.393608
v 3.141961 -0.071314 -37.393608
v 3.330831 -0.490333 -37.392044
v 3.255441 -1.105152 -37.393608
v 3.193783 -1.105152 -37.393608
v 3.141961 -0.071314 -37.393608
v 3.255441 -1.105152 -37.393608
v 3.214154 -1.105293 -43.075756
v 2.799549 -1.105293 -43.075756
v 2.799475 -1.105152 -37.393608
v 3.193783 -1.105152 -37.393608
v 3.214154 -1.105293 -43.075756
v 2.799475 -1.105152 -37.393608
v 3.193783 -1.105152 -37.393608
v 3.255441 -1.105152 -37.393608
v 3.255514 -1.105293 -43.075756
v 3.214154 -1.105293 -43.075756
v 3.193783 -1.105152 -37.393608
v 3.255514 -1.105293 -43.075756
v 3.162333 -0.071455 -43.075756
v 2.799779 -0.071455 -43.075756
v 2.799549 -1.105293 -43.075756
v 3.214154 -1.105293 -43.075756
v 3.162333 -0.071455 -43.075756
v 2.799549 -1.105293 -43.075756
v 3.214154 -1.105293 -43.075756
v 3.255514 -1.105293 -43.075756
v 3.330904 -0.490474 -43.074192
v 3.162333 -0.071455 -43.075756
v 3.214154 -1.105293 -43.075756
v 3.330904 -0.490474 -43.074192
v 2.518530 -0.520307 -43.075756
v 2.799779 -0.071455 -43.075756
v 2.799706 -0.071314 -37.393608
v 2.483116 -0.520166 -37.393608
v 2.518530 -0.520307 -43.075756
v 2.799706 -0.071314 -37.393608
v -2.687246 -1.105293 -43.075756
v -2.760453 -1.105293 -43.075756
v -2.760528 -1.105152 -37.393608
v -2.664324 -1.105152 -37.393608
v -2.687246 -1.105293 -43.075756
v -2.760528 -1.105152 -37.393608
v -2.664324 -1.105152 -37.393608
v 2.799475 -1.105152 -37.393608
v 2.799549 -1.105293 -43.075756
v -2.687246 -1.105293 -43.075756
v -2.664324 -1.105152 -37.393608
v 2.799549 -1.105293 -43.075756
v 2.799475 -1.105152 -37.393608
v 2.483116 -0.520166 -37.393608
v 2.799706 -0.071314 -37.393608
v 2.483116 -0.520166 -37.393608
v 2.799475 -1.105152 -37.393608
v -2.664324 -1.105152 -37.393608
v -2.576160 -0.520167 -37.393608
v 2.483116 -0.520166 -37.393608
v -2.664324 -1.105152 -37.393608
v -2.664324 -1.105152 -37.393608
v -2.760528 -1.105152 -37.393608
v -2.760297 -0.071314 -37.393608
v -2.576160 -0.520167 -37.393608
v -2.664324 -1.105152 -37.393608
v -2.760297 -0.071314 -37.393608
v -2.599084 -0.520308 -43.075756
v -2.760223 -0.071455 -43.075756
v -2.760453 -1.105293 -43.075756
v -2.687246 -1.105293 -43.075756
v -2.599084 -0.520308 -43.075756
v -2.760453 -1.105293 -43.075756
v -2.599084 -0.520308 -43.075756
v -2.687246 -1.105293 -43.075756
v 2.518530 -0.520307 -43.075756
v 2.518530 -0.520307 -43.075756
v -2.687246 -1.105293 -43.075756
v 2.799549 -1.105293 -43.075756
v 2.799549 -1.105293 -43.075756
v 2.799779 -0.071455 -43.075756
v 2.518530 -0.520307 -43.075756
v -2.576160 -0.520167 -37.393608
v -2.760297 -0.071314 -37.393608
v -2.760223 -0.071455 -43.075756
v -2.599084 -0.520308 -43.075756
v -2.576160 -0.520167 -37.393608
v -2.760223 -0.071455 -43.075756
v -2.599084 -0.520308 -43.075756
v 2.518530 -0.520307 -43.075756
v 2.483116 -0.520166 -37.393608
v -2.576160 -0.520167 -37.393608
v -2.599084 -0.520308 -43.075756
v 2.483116 -0.520166 -37.393608
v -3.370229 -1.105152 -37.393608
v -8.035147 -1.119321 -37.393612
v -8.197049 -0.873924 -37.393509
v -3.311914 -0.449813 -37.392097
v -3.370229 -1.105152 -37.393608
v -8.197049 -0.873924 -37.393509
v -3.311914 -0.449813 -37.392097
v -3.164404 -0.071314 -37.393608
v -3.164635 -1.105152 -37.393608
v -3.370229 -1.105152 -37.393608
v -3.311914 -0.449813 -37.392097
v -3.164635 -1.105152 -37.393608
v -3.328500 -0.449955 -43.074245
v -8.196974 -0.874065 -43.075665
v -8.035073 -1.119462 -43.075760
v -3.386812 -1.105293 -43.075756
v -3.328500 -0.449955 -43.074245
v -8.035073 -1.119462 -43.075760
v -3.386812 -1.105293 -43.075756
v -3.164560 -1.105293 -43.075756
v -3.164330 -0.071455 -43.075756
v -3.328500 -0.449955 -43.074245
v -3.386812 -1.105293 -43.075756
v -3.164330 -0.071455 -43.075756
v -3.386812 -1.105293 -43.075756
v -8.035073 -1.119462 -43.075760
v -8.035147 -1.119321 -37.393612
v -3.370229 -1.105152 -37.393608
v -3.386812 -1.105293 -43.075756
v -8.035147 -1.119321 -37.393612
v -3.370229 -1.105152 -37.393608
v -3.164635 -1.105152 -37.393608
v -3.164560 -1.105293 -43.075756
v -3.386812 -1.105293 -43.075756
v -3.370229 -1.105152 -37.393608
v -3.164560 -1.105293 -43.075756
v -3.311914 -0.449813 -37.392097
v -8.197049 -0.873924 -37.393509
v -8.196974 -0.874065 -43.075665
v -3.328500 -0.449955 -43.074245
v -3.311914 -0.449813 -37.392097
v -8.196974 -0.874065 -43.075665
v -3.328500 -0.449955 -43.074245
v -3.164330 -0.071455 -43.075756
v -3.164404 -0.071314 -37.393608
v -3.311914 -0.449813 -37.392097
v -3.328500 -0.449955 -43.074245
v -3.164404 -0.071314 -37.393608
v -2.760534 -1.105158 -31.710793
v -3.164641 -1.105158 -31.710793
v -3.164411 -0.071320 -31.710793
v -2.760303 -0.071320 -31.710793
v -2.760534 -1.105158 -31.710793
v -3.164411 -0.071320 -31.710793
v -2.760229 -0.071461 -37.392944
v -3.164335 -0.071461 -37.392944
v -3.164566 -1.105299 -37.392944
v -2.760459 -1.105299 -37.392944
v -2.760229 -0.071461 -37.392944
v -3.164566 -1.105299 -37.392944
v 7.629706 -1.136623 -31.710793
v 7.631306 -0.885992 -31.710793
v 7.631379 -0.886133 -37.392944
v 7.629779 -1.136764 -37.392944
v 7.629706 -1.136623 -31.710793
v 7.631379 -0.886133 -37.392944
v -2.760459 -1.105299 -37.392944
v -3.164566 -1.105299 -37.392944
v -3.164641 -1.105158 -31.710793
v -2.760534 -1.105158 -31.710793
v -2.760459 -1.105299 -37.392944
v -3.164641 -1.105158 -31.710793
v -8.035080 -1.119468 -37.392944
v -8.196980 -0.874071 -37.392845
v -8.197054 -0.873930 -31.710697
v -8.035152 -1.119327 -31.710796
v -8.035080 -1.119468 -37.392944
v -8.197054 -0.873930 -31.710697
v -2.760303 -0.071320 -31.710793
v -3.164411 -0.071320 -31.710793
v -3.164335 -0.071461 -37.392944
v -2.760229 -0.071461 -37.392944
v -2.760303 -0.071320 -31.710793
v -3.164335 -0.071461 -37.392944
v 3.330898 -0.490481 -37.391373
v 7.631379 -0.886133 -37.392944
v 7.631306 -0.885992 -31.710793
v 3.330825 -0.490339 -31.709229
v 3.330898 -0.490481 -37.391373
v 7.631306 -0.885992 -31.710793
v 3.330825 -0.490339 -31.709229
v 7.631306 -0.885992 -31.710793
v 7.629706 -1.136623 -31.710793
v 3.255435 -1.105158 -31.710793
v 3.330825 -0.490339 -31.709229
v 7.629706 -1.136623 -31.710793
v 3.255435 -1.105158 -31.710793
v 7.629706 -1.136623 -31.710793
v 7.629779 -1.136764 -37.392944
v 3.255508 -1.105299 -37.392944
v 3.255435 -1.105158 -31.710793
v 7.629779 -1.136764 -37.392944
v 3.255508 -1.105299 -37.392944
v 7.629779 -1.136764 -37.392944
v 7.631379 -0.886133 -37.392944
v 3.330898 -0.490481 -37.391373
v 3.255508 -1.105299 -37.392944
v 7.631379 -0.886133 -37.392944
v 3.141954 -0.071320 -31.710793
v 2.799699 -0.071320 -31.710793
v 2.799776 -0.071461 -37.392944
v 3.162327 -0.071461 -37.392944
v 3.141954 -0.071320 -31.710793
v 2.799776 -0.071461 -37.392944
v 3.162327 -0.071461 -37.392944
v 3.330898 -0.490481 -37.391373
v 3.330825 -0.490339 -31.709229
v 3.141954 -0.071320 -31.710793
v 3.162327 -0.071461 -37.392944
v 3.330825 -0.490339 -31.709229
v 3.193777 -1.105158 -31.710793
v 2.799469 -1.105158 -31.710793
v 2.799699 -0.071320 -31.710793
v 3.141954 -0.071320 -31.710793
v 3.193777 -1.105158 -31.710793
v 2.799699 -0.071320 -31.710793
v 3.141954 -0.071320 -31.710793
v 3.330825 -0.490339 -31.709229
v 3.255435 -1.105158 -31.710793
v 3.193777 -1.105158 -31.710793
v 3.141954 -0.071320 -31.710793
v 3.255435 -1.105158 -31.710793
v 3.214148 -1.105299 -37.392944
v 2.799543 -1.105299 -37.392944
v 2.799469 -1.105158 -31.710793
v 3.193777 -1.105158 -31.710793
v 3.214148 -1.105299 -37.392944
v 2.799469 -1.105158 -31.710793
v 3.193777 -1.105158 -31.710793
v 3.255435 -1.105158 -31.710793
v 3.255508 -1.105299 -37.392944
v 3.214148 -1.105299 -37.392944
v 3.193777 -1.105158 -31.710793
v 3.255508 -1.105299 -37.392944
v 3.162327 -0.071461 -37.392944
v 2.799776 -0.071461 -37.392944
v 2.799543 -1.105299 -37.392944
v 3.214148 -1.105299 -37.392944
v 3.162327 -0.071461 -37.392944
v 2.799543 -1.105299 -37.392944
v 3.214148 -1.105299 -37.392944
v 3.255508 -1.105299 -37.392944
v 3.330898 -0.490481 -37.391373
v 3.162327 -0.071461 -37.392944
v 3.214148 -1.105299 -37.392944
v 3.330898 -0.490481 -37.391373
v 2.518525 -0.520314 -37.392944
v 2.799776 -0.071461 -37.392944
v 2.799699 -0.071320 -31.710793
v 2.483110 -0.520172 -31.710793
v 2.518525 -0.520314 -37.392944
v 2.799699 -0.071320 -31.710793
v -2.687252 -1.105299 -37.392944
v -2.760459 -1.105299 -37.392944
v -2.760534 -1.105158 -31.710793
v -2.664331 -1.105158 -31.710793
v -2.687252 -1.105299 -37.392944
v -2.760534 -1.105158 -31.710793
v -2.664331 -1.105158 -31.710793
v 2.799469 -1.105158 -31.710793
v 2.799543 -1.105299 -37.392944
v -2.687252 -1.105299 -37.392944
v -2.664331 -1.105158 -31.710793
v 2.799543 -1.105299 -37.392944
v 2.799469 -1.105158 -31.710793
v 2.483110 -0.520172 -31.710793
v 2.799699 -0.071320 -31.710793
v 2.483110 -0.520172 -31.710793
v 2.799469 -1.105158 -31.710793
v -2.664331 -1.105158 -31.710793
v -2.576167 -0.520173 -31.710793
v 2.483110 -0.520172 -31.710793
v -2.664331 -1.105158 -31.710793
v -2.664331 -1.105158 -31.710793
v -2.760534 -1.105158 -31.710793
v -2.760303 -0.071320 -31.710793
v -2.576167 -0.520173 -31.710793
v -2.664331 -1.105158 -31.710793
v -2.760303 -0.071320 -31.710793
v -2.599090 -0.520314 -37.392944
v -2.760229 -0.071461 -37.392944
v -2.760459 -1.105299 -37.392944
v -2.687252 -1.105299 -37.392944
v -2.599090 -0.520314 -37.392944
v -2.760459 -1.105299 -37.392944
v -2.599090 -0.520314 -37.392944
v -2.687252 -1.105299 -37.392944
v 2.518525 -0.520314 -37.392944
v 2.518525 -0.520314 -37.392944
v -2.687252 -1.105299 -37.392944
v 2.799543 -1.105299 -37.392944
v 2.799543 -1.105299 -37.392944
v 2.799776 -0.071461 -37.392944
v 2.518525 -0.520314 -37.392944
v -2.576167 -0.520173 -31.710793
v -2.760303 -0.071320 -31.710793
v -2.760229 -0.071461 -37.392944
v -2.599090 -0.520314 -37.392944
v -2.576167 -0.520173 -31.710793
v -2.760229 -0.071461 -37.392944
v -2.599090 -0.520314 -37.392944
v 2.518525 -0.520314 -37.392944
v 2.483110 -0.520172 -31.710793
v -2.576167 -0.520173 -31.710793
v -2.599090 -0.520314 -37.392944
v 2.483110 -0.520172 -31.710793
v -3.370235 -1.105158 -31.710793
v -8.035152 -1.119327 -31.710796
v -8.197054 -0.873930 -31.710697
v -3.311922 -0.449820 -31.709286
v -3.370235 -1.105158 -31.710793
v -8.197054 -0.873930 -31.710697
v -3.311922 -0.449820 -31.709286
v -3.164411 -0.071320 -31.710793
v -3.164641 -1.105158 -31.710793
v -3.370235 -1.105158 -31.710793
v -3.311922 -0.449820 -31.709286
v -3.164641 -1.105158 -31.710793
v -3.328506 -0.449961 -37.391434
v -8.196980 -0.874071 -37.392845
v -8.035080 -1.119468 -37.392944
v -3.386817 -1.105299 -37.392944
v -3.328506 -0.449961 -37.391434
v -8.035080 -1.119468 -37.392944
v -3.386817 -1.105299 -37.392944
v -3.164566 -1.105299 -37.392944
v -3.164335 -0.071461 -37.392944
v -3.328506 -0.449961 -37.391434
v -3.386817 -1.105299 -37.392944
v -3.164335 -0.071461 -37.392944
v -3.386817 -1.105299 -37.392944
v -8.035080 -1.119468 -37.392944
v -8.035152 -1.119327 -31.710796
v -3.370235 -1.105158 -31.710793
v -3.386817 -1.105299 -37.392944
v -8.035152 -1.119327 -31.710796
v -3.370235 -1.105158 -31.710793
v -3.164641 -1.105158 -31.710793
v -3.164566 -1.105299 -37.392944
v -3.386817 -1.105299 -37.392944
v -3.370235 -1.105158 -31.710793
v -3.164566 -1.105299 -37.392944
v -3.311922 -0.449820 -31.709286
v -8.197054 -0.873930 -31.710697
v -8.196980 -0.874071 -37.392845
v -3.328506 -0.449961 -37.391434
v -3.311922 -0.449820 -31.709286
v -8.196980 -0.874071 -37.392845
v -3.328506 -0.449961 -37.391434
v -3.164335 -0.071461 -37.392944
v -3.164411 -0.071320 -31.710793
v -3.311922 -0.449820 -31.709286
v -3.328506 -0.449961 -37.391434
v -3.164411 -0.071320 -31.710793
v -2.760528 -1.105152 -48.231236
v -3.164635 -1.105152 -48.231236
v -3.164404 -0.071314 -48.231236
v -2.760297 -0.071314 -48.231236
v -2.760528 -1.105152 -48.231236
v -3.164404 -0.071314 -48.231236
v -2.760223 -0.071455 -53.913387
v -3.164330 -0.071455 -53.913387
v -3.164560 -1.105293 -53.913387
v -2.760453 -1.105293 -53.913387
v -2.760223 -0.071455 -53.913387
v -3.164560 -1.105293 -53.913387
v 7.629712 -1.136617 -48.231236
v 7.631311 -0.885985 -48.231236
v 7.631387 -0.886127 -53.913387
v 7.629788 -1.136758 -53.913387
v 7.629712 -1.136617 -48.231236
v 7.631387 -0.886127 -53.913387
v -2.760453 -1.105293 -53.913387
v -3.164560 -1.105293 -53.913387
v -3.164635 -1.105152 -48.231236
v -2.760528 -1.105152 -48.231236
v -2.760453 -1.105293 -53.913387
v -3.164635 -1.105152 -48.231236
v -8.035073 -1.119462 -53.913387
v -8.196974 -0.874065 -53.913296
v -8.197049 -0.873924 -48.231140
v -8.035147 -1.119321 -48.231243
v -8.035073 -1.119462 -53.913387
v -8.197049 -0.873924 -48.231140
v -2.760297 -0.071314 -48.231236
v -3.164404 -0.071314 -48.231236
v -3.164330 -0.071455 -53.913387
v -2.760223 -0.071455 -53.913387
v -2.760297 -0.071314 -48.231236
v -3.164330 -0.071455 -53.913387
v 3.330904 -0.490474 -53.911823
v 7.631387 -0.886127 -53.913387
v 7.631311 -0.885985 -48.231236
v 3.330831 -0.490333 -48.229671
v 3.330904 -0.490474 -53.911823
v 7.631311 -0.885985 -48.231236
v 3.330831 -0.490333 -48.229671
v 7.631311 -0.885985 -48.231236
v 7.629712 -1.136617 -48.231236
v 3.255441 -1.105152 -48.231236
v 3.330831 -0.490333 -48.229671
v 7.629712 -1.136617 -48.231236
v 3.255441 -1.105152 -48.231236
v 7.629712 -1.136617 -48.231236
v 7.629788 -1.136758 -53.913387
v 3.255514 -1.105293 -53.913387
v 3.255441 -1.105152 -48.231236
v 7.629788 -1.136758 -53.913387
v 3.255514 -1.105293 -53.913387
v 7.629788 -1.136758 -53.913387
v 7.631387 -0.886127 -53.913387
v 3.330904 -0.490474 -53.911823
v 3.255514 -1.105293 -53.913387
v 7.631387 -0.886127 -53.913387
v 3.141961 -0.071314 -48.231236
v 2.799706 -0.071314 -48.231236
v 2.799779 -0.071455 -53.913387
v 3.162333 -0.071455 -53.913387
v 3.141961 -0.071314 -48.231236
v 2.799779 -0.071455 -53.913387
v 3.162333 -0.071455 -53.913387
v 3.330904 -0.490474 -53.911823
v 3.330831 -0.490333 -48.229671
v 3.141961 -0.071314 -48.231236
v 3.162333 -0.071455 -53.913387
v 3.330831 -0.490333 -48.229671
v 3.193783 -1.105152 -48.231236
v 2.799475 -1.105152 -48.231236
v 2.799706 -0.071314 -48.231236
v 3.141961 -0.071314 -48.231236
v 3.193783 -1.105152 -48.231236
v 2.799706 -0.071314 -48.231236
v 3.141961 -0.071314 -48.231236
v 3.330831 -0.490333 -48.229671
v 3.255441 -1.105152 -48.231236
v 3.193783 -1.105152 -48.231236
v 3.141961 -0.071314 -48.231236
v 3.255441 -1.105152 -48.231236
v 3.214154 -1.105293 -53.913387
v 2.799549 -1.105293 -53.913387
v 2.799475 -1.105152 -48.231236
v 3.193783 -1.105152 -48.231236
v 3.214154 -1.105293 -53.913387
v 2.799475 -1.105152 -48.231236
v 3.193783 -1.105152 -48.231236
v 3.255441 -1.105152 -48.231236
v 3.255514 -1.105293 -53.913387
v 3.214154 -1.105293 -53.913387
v 3.193783 -1.105152 -48.231236
v 3.255514 -1.105293 -53.913387
v 3.162333 -0.071455 -53.913387
v 2.799779 -0.071455 -53.913387
v 2.799549 -1.105293 -53.913387
v 3.214154 -1.105293 -53.913387
v 3.162333 -0.071455 -53.913387
v 2.799549 -1.105293 -53.913387
v 3.214154 -1.105293 -53.913387
v 3.255514 -1.105293 -53.913387
v 3.330904 -0.490474 -53.911823
v 3.162333 -0.071455 -53.913387
v 3.214154 -1.105293 -53.913387
v 3.330904 -0.490474 -53.911823
v 2.518530 -0.520307 -53.913387
v 2.799779 -0.071455 -53.913387
v 2.799706 -0.071314 -48.231236
v 2.483116 -0.520166 -48.231236
v 2.518530 -0.520307 -53.913387
v 2.799706 -0.071314 -48.231236
v -2.687246 -1.105293 -53.913387
v -2.760453 -1.105293 -53.913387
v -2.760528 -1.105152 -48.231236
v -2.664324 -1.105152 -48.231236
v -2.687246 -1.105293 -53.913387
v -2.760528 -1.105152 -48.231236
v -2.664324 -1.105152 -48.231236
v 2.799475 -1.105152 -48.231236
v 2.799549 -1.105293 -53.913387
v -2.687246 -1.105293 -53.913387
v -2.664324 -1.105152 -48.231236
v 2.799549 -1.105293 -53.913387
v 2.799475 -1.105152 -48.231236
v 2.483116 -0.520166 -48.231236
v 2.799706 -0.071314 -48.231236
v 2.483116 -0.520166 -48.231236
v 2.799475 -1.105152 -48.231236
v -2.664324 -1.105152 -48.231236
v -2.576160 -0.520167 -48.231236
v 2.483116 -0.520166 -48.231236
v -2.664324 -1.105152 -48.231236
v -2.664324 -1.105152 -48.231236
v -2.760528 -1.105152 -48.231236
v -2.760297 -0.071314 -48.231236
v -2.576160 -0.520167 -48.231236
v -2.664324 -1.105152 -48.231236
v -2.760297 -0.071314 -48.231236
v -2.599084 -0.520308 -53.913387
v -2.760223 -0.071455 -53.913387
v -2.760453 -1.105293 -53.913387
v -2.687246 -1.105293 -53.913387
v -2.599084 -0.520308 -53.913387
v -2.760453 -1.105293 -53.913387
v -2.599084 -0.520308 -53.913387
v -2.687246 -1.105293 -53.913387
v 2.518530 -0.520307 -53.913387
v 2.518530 -0.520307 -53.913387
v -2.687246 -1.105293 -53.913387
v 2.799549 -1.105293 -53.913387
v 2.799549 -1.105293 -53.913387
v 2.799779 -0.071455 -53.913387
v 2.518530 -0.520307 -53.913387
v -2.576160 -0.520167 -48.231236
v -2.760297 -0.071314 -48.231236
v -2.760223 -0.071455 -53.913387
v -2.599084 -0.520308 -53.913387
v -2.576160 -0.520167 -48.231236
v -2.760223 -0.071455 -53.913387
v -2.599084 -0.520308 -53.913387
v 2.518530 -0.520307 -53.913387
v 2.483116 -0.520166 -48.231236
v -2.576160 -0.520167 -48.231236
v -2.599084 -0.520308 -53.913387
v 2.483116 -0.520166 -48.231236
v -3.370229 -1.105152 -48.231236
v -8.035147 -1.119321 -48.231243
v -8.197049 -0.873924 -48.231140
v -3.311915 -0.449813 -48.229729
v -3.370229 -1.105152 -48.231236
v -8.197049 -0.873924 -48.231140
v -3.311915 -0.449813 -48.229729
v -3.164404 -0.071314 -48.231236
v -3.164635 -1.105152 -48.231236
v -3.370229 -1.105152 -48.231236
v -3.311915 -0.449813 -48.229729
v -3.164635 -1.105152 -48.231236
v -3.328500 -0.449955 -53.911877
v -8.196974 -0.874065 -53.913296
v -8.035073 -1.119462 -53.913387
v -3.386812 -1.105293 -53.913387
v -3.328500 -0.449955 -53.911877
v -8.035073 -1.119462 -53.913387
v -3.386812 -1.105293 -53.913387
v -3.164560 -1.105293 -53.913387
v -3.164330 -0.071455 -53.913387
v -3.328500 -0.449955 -53.911877
v -3.386812 -1.105293 -53.913387
v -3.164330 -0.071455 -53.913387
v -3.386812 -1.105293 -53.913387
v -8.035073 -1.119462 -53.913387
v -8.035147 -1.119321 -48.231243
v -3.370229 -1.105152 -48.231236
v -3.386812 -1.105293 -53.913387
v -8.035147 -1.119321 -48.231243
v -3.370229 -1.105152 -48.231236
v -3.164635 -1.105152 -48.231236
v -3.164560 -1.105293 -53.913387
v -3.386812 -1.105293 -53.913387
v -3.370229 -1.105152 -48.231236
v -3.164560 -1.105293 -53.913387
v -3.311915 -0.449813 -48.229729
v -8.197049 -0.873924 -48.231140
v -8.196974 -0.874065 -53.913296
v -3.328500 -0.449955 -53.911877
v -3.311915 -0.449813 -48.229729
v -8.196974 -0.874065 -53.913296
v -3.328500 -0.449955 -53.911877
v -3.164330 -0.071455 -53.913387
v -3.164404 -0.071314 -48.231236
v -3.311915 -0.449813 -48.229729
v -3.328500 -0.449955 -53.911877
v -3.164404 -0.071314 -48.231236
v -2.760534 -1.105158 -42.548420
v -3.164641 -1.105158 -42.548420
v -3.164411 -0.071320 -42.548420
v -2.760303 -0.071320 -42.548420
v -2.760534 -1.105158 -42.548420
v -3.164411 -0.071320 -42.548420
v -2.760229 -0.071461 -48.230572
v -3.164335 -0.071461 -48.230572
v -3.164566 -1.105299 -48.230572
v -2.760459 -1.105299 -48.230572
v -2.760229 -0.071461 -48.230572
v -3.164566 -1.105299 -48.230572
v 7.629706 -1.136623 -42.548420
v 7.631306 -0.885992 -42.548420
v 7.631379 -0.886133 -48.230572
v 7.629779 -1.136764 -48.230572
v 7.629706 -1.136623 -42.548420
v 7.631379 -0.886133 -48.230572
v -2.760459 -1.105299 -48.230572
v -3.164566 -1.105299 -48.230572
v -3.164641 -1.105158 -42.548420
v -2.760534 -1.105158 -42.548420
v -2.760459 -1.105299 -48.230572
v -3.164641 -1.105158 -42.548420
v -8.035080 -1.119468 -48.230572
v -8.196980 -0.874071 -48.230476
v -8.197054 -0.873930 -42.548328
v -8.035152 -1.119327 -42.548424
v -8.035080 -1.119468 -48.230572
v -8.197054 -0.873930 -42.548328
v -2.760303 -0.071320 -42.548420
v -3.164411 -0.071320 -42.548420
v -3.164335 -0.071461 -48.230572
v -2.760229 -0.071461 -48.230572
v -2.760303 -0.071320 -42.548420
v -3.164335 -0.071461 -48.230572
v 3.330898 -0.490481 -48.229004
v 7.631379 -0.886133 -48.230572
v 7.631306 -0.885992 -42.548420
v 3.330825 -0.490339 -42.546856
v 3.330898 -0.490481 -48.229004
v 7.631306 -0.885992 -42.548420
v 3.330825 -0.490339 -42.546856
v 7.631306 -0.885992 -42.548420
v 7.629706 -1.136623 -42.548420
v 3.255435 -1.105158 -42.548420
v 3.330825 -0.490339 -42.546856
v 7.629706 -1.136623 -42.548420
v 3.255435 -1.105158 -42.548420
v 7.629706 -1.136623 -42.548420
v 7.629779 -1.136764 -48.230572
v 3.255508 -1.105299 -48.230572
v 3.255435 -1.105158 -42.548420
v 7.629779 -1.136764 -48.230572
v 3.255508 -1.105299 -48.230572
v 7.629779 -1.136764 -48.230572
v 7.631379 -0.886133 -48.230572
v 3.330898 -0.490481 -48.229004
v 3.255508 -1.105299 -48.230572
v 7.631379 -0.886133 -48.230572
v 3.141954 -0.071320 -42.548420
v 2.799699 -0.071320 -42.548420
v 2.799776 -0.071461 -48.230572
v 3.162327 -0.071461 -48.230572
v 3.141954 -0.071320 -42.548420
v 2.799776 -0.071461 -48.230572
v 3.162327 -0.071461 -48.230572
v 3.330898 -0.490481 -48.229004
v 3.330825 -0.490339 -42.546856
v 3.141954 -0.071320 -42.548420
v 3.162327 -0.071461 -48.230572
v 3.330825 -0.490339 -42.546856
v 3.193777 -1.105158 -42.548420
v 2.799469 -1.105158 -42.548420
v 2.799699 -0.071320 -42.548420
v 3.141954 -0.071320 -42.548420
v 3.193777 -1.105158 -42.548420
v 2.799699 -0.071320 -42.548420
v 3.141954 -0.071320 -42.548420
v 3.330825 -0.490339 -42.546856
v 3.255435 -1.105158 -42.548420
v 3.193777 -1.105158 -42.548420
v 3.141954 -0.071320 -42.548420
v 3.255435 -1.105158 -42.548420
v 3.214148 -1.105299 -48.230572
v 2.799543 -1.105299 -48.230572
v 2.799469 -1.105158 -42.548420
v 3.193777 -1.105158 -42.548420
v 3.214148 -1.105299 -48.230572
v 2.799469 -1.105158 -42.548420
v 3.193777 -1.105158 -42.548420
v 3.255435 -1.105158 -42.548420
v 3.255508 -1.105299 -48.230572
v 3.214148 -1.105299 -48.230572
v 3.193777 -1.105158 -42.548420
v 3.255508 -1.105299 -48.230572
v 3.162327 -0.071461 -48.230572
v 2.799776 -0.071461 -48.230572
v 2.799543 -1.105299 -48.230572
v 3.214148 -1.105299 -48.230572
v 3.162327 -0.071461 -48.230572
v 2.799543 -1.105299 -48.230572
v 3.214148 -1.105299 -48.230572
v 3.255508 -1.105299 -48.230572
v 3.330898 -0.490481 -48.229004
v 3.162327 -0.071461 -48.230572
v 3.214148 -1.105299 -48.230572
v 3.330898 -0.490481 -48.229004
v 2.518525 -0.520314 -48.230572
v 2.799776 -0.071461 -48.230572
v 2.799699 -0.071320 -42.548420
v 2.483110 -0.520172 -42.548420
v 2.518525 -0.520314 -48.230572
v 2.799699 -0.071320 -42.548420
v -2.687252 -1.105299 -48.230572
v -2.760459 -1.105299 -48.230572
v -2.760534 -1.105158 -42.548420
v -2.664331 -1.105158 -42.548420
v -2.687252 -1.105299 -48.230572
v -2.760534 -1.105158 -42.548420
v -2.664331 -1.105158 -42.548420
v 2.799469 -1.105158 -42.548420
v 2.799543 -1.105299 -48.230572
v -2.687252 -1.105299 -48.230572
v -2.664331 -1.105158 -42.548420
v 2.799543 -1.105299 -48.230572
v 2.799469 -1.105158 -42.548420
v 2.483110 -0.520172 -42.548420
v 2.799699 -0.071320 -42.548420
v 2.483110 -0.520172 -42.548420
v 2.799469 -1.105158 -42.548420
v -2.664331 -1.105158 -42.548420
v -2.576167 -0.520173 -42.548420
v 2.483110 -0.520172 -42.548420
v -2.664331 -1.105158 -42.548420
v -2.664331 -1.105158 -42.548420
v -2.760534 -1.105158 -42.548420
v -2.760303 -0.071320 -42.548420
v -2.576167 -0.520173 -42.548420
v -2.664331 -1.105158 -42.548420
v -2.760303 -0.071320 -42.548420
v -2.599090 -0.520314 -48.230572
v -2.760229 -0.071461 -48.230572
v -2.760459 -1.105299 -48.230572
v -2.687252 -1.105299 -48.230572
v -2.599090 -0.520314 -48.230572
v -2.760459 -1.105299 -48.230572
v -2.599090 -0.520314 -48.230572
v -2.687252 -1.105299 -48.230572
v 2.518525 -0.520314 -48.230572
v 2.518525 -0.520314 -48.230572
v -2.687252 -1.105299 -48.230572
v 2.799543 -1.105299 -48.230572
v 2.799543 -1.105299 -48.230572
v 2.799776 -0.071461 -48.230572
v 2.518525 -0.520314 -48.230572
v -2.576167 -0.520173 -42.548420
v -2.760303 -0.071320 -42.548420
v -2.760229 -0.071461 -48.230572
v -2.599090 -0.520314 -48.230572
v -2.576167 -0.520173 -42.548420
v -2.760229 -0.071461 -48.230572
v -2.599090 -0.520314 -48.230572
v 2.518525 -0.520314 -48.230572
v 2.483110 -0.520172 -42.548420
v -2.576167 -0.520173 -42.548420
v -2.599090 -0.520314 -48.230572
v 2.483110 -0.520172 -42.548420
v -3.370235 -1.105158 -42.548420
v -8.035152 -1.119327 -42.548424
v -8.197054 -0.873930 -42.548328
v -3.311922 -0.449820 -42.546917
v -3.370235 -1.105158 -42.548420
v -8.197054 -0.873930 -42.548328
v -3.311922 -0.449820 -42.546917
v -3.164411 -0.071320 -42.548420
v -3.164641 -1.105158 -42.548420
v -3.370235 -1.105158 -42.548420
v -3.311922 -0.449820 -42.546917
v -3.164641 -1.105158 -42.548420
v -3.328506 -0.449961 -48.229065
v -8.196980 -0.874071 -48.230476
v -8.035080 -1.119468 -48.230572
v -3.386817 -1.105299 -48.230572
v -3.328506 -0.449961 -48.229065
v -8.035080 -1.119468 -48.230572
v -3.386817 -1.105299 -48.230572
v -3.164566 -1.105299 -48.230572
v -3.164335 -0.071461 -48.230572
v -3.328506 -0.449961 -48.229065
v -3.386817 -1.105299 -48.230572
v -3.164335 -0.071461 -48.230572
v -3.386817 -1.105299 -48.230572
v -8.035080 -1.119468 -48.230572
v -8.035152 -1.119327 -42.548424
v -3.370235 -1.105158 -42.548420
v -3.386817 -1.105299 -48.230572
v -8.035152 -1.119327 -42.548424
v -3.370235 -1.105158 -42.548420
v -3.164641 -1.105158 -42.548420
v -3.164566 -1.105299 -48.230572
v -3.386817 -1.105299 -48.230572
v -3.370235 -1.105158 -42.548420
v -3.164566 -1.105299 -48.230572
v -3.311922 -0.449820 -42.546917
v -8.197054 -0.873930 -42.548328
v -8.196980 -0.874071 -48.230476
v -3.328506 -0.449961 -48.229065
v -3.311922 -0.449820 -42.546917
v -8.196980 -0.874071 -48.230476
v -3.328506 -0.449961 -48.229065
v -3.164335 -0.071461 -48.230572
v -3.164411 -0.071320 -42.548420
v -3.311922 -0.449820 -42.546917
v -3.328506 -0.449961 -48.229065
v -3.164411 -0.071320 -42.548420
v -2.760528 -1.105152 84.745636
v -3.164635 -1.105152 84.745636
v -3.164404 -0.071314 84.745636
v -2.760297 -0.071314 84.745636
v -2.760528 -1.105152 84.745636
v -3.164404 -0.071314 84.745636
v -2.760223 -0.071455 79.063484
v -3.164330 -0.071455 79.063484
v -3.164561 -1.105293 79.063484
v -2.760454 -1.105293 79.063484
v -2.760223 -0.071455 79.063484
v -3.164561 -1.105293 79.063484
v 7.629712 -1.136617 84.745636
v 7.631312 -0.885985 84.745636
v 7.631387 -0.886127 79.063484
v 7.629788 -1.136758 79.063484
v 7.629712 -1.136617 84.745636
v 7.631387 -0.886127 79.063484
v -2.760454 -1.105293 79.063484
v -3.164561 -1.105293 79.063484
v -3.164635 -1.105152 84.745636
v -2.760528 -1.105152 84.745636
v -2.760454 -1.105293 79.063484
v -3.164635 -1.105152 84.745636
v -8.035072 -1.119462 79.063477
v -8.196973 -0.874065 79.063576
v -8.197049 -0.873924 84.745735
v -8.035146 -1.119321 84.745628
v -8.035072 -1.119462 79.063477
v -8.197049 -0.873924 84.745735
v -2.760297 -0.071314 84.745636
v -3.164404 -0.071314 84.745636
v -3.164330 -0.071455 79.063484
v -2.760223 -0.071455 79.063484
v -2.760297 -0.071314 84.745636
v -3.164330 -0.071455 79.063484
v 3.330904 -0.490474 79.065048
v 7.631387 -0.886127 79.063484
v 7.631312 -0.885985 84.745636
v 3.330831 -0.490333 84.747200
v 3.330904 -0.490474 79.065048
v 7.631312 -0.885985 84.745636
v 3.330831 -0.490333 84.747200
v 7.631312 -0.885985 84.745636
v 7.629712 -1.136617 84.745636
v 3.255441 -1.105152 84.745636
v 3.330831 -0.490333 84.747200
v 7.629712 -1.136617 84.745636
v 3.255441 -1.105152 84.745636
v 7.629712 -1.136617 84.745636
v 7.629788 -1.136758 79.063484
v 3.255514 -1.105293 79.063484
v 3.255441 -1.105152 84.745636
v 7.629788 -1.136758 79.063484
v 3.255514 -1.105293 79.063484
v 7.629788 -1.136758 79.063484
v 7.631387 -0.886127 79.063484
v 3.330904 -0.490474 79.065048
v 3.255514 -1.105293 79.063484
v 7.631387 -0.886127 79.063484
v 3.141961 -0.071314 84.745636
v 2.799706 -0.071314 84.745636
v 2.799779 -0.071455 79.063484
v 3.162333 -0.071455 79.063484
v 3.141961 -0.071314 84.745636
v 2.799779 -0.071455 79.063484
v 3.162333 -0.071455 79.063484
v 3.330904 -0.490474 79.065048
v 3.330831 -0.490333 84.747200
v 3.141961 -0.071314 84.745636
v 3.162333 -0.071455 79.063484
v 3.330831 -0.490333 84.747200
v 3.193783 -1.105152 84.745636
v 2.799475 -1.105152 84.745636
v 2.799706 -0.071314 84.745636
v 3.141961 -0.071314 84.745636
v 3.193783 -1.105152 84.745636
v 2.799706 -0.071314 84.745636
v 3.141961 -0.071314 84.745636
v 3.330831 -0.490333 84.747200
v 3.255441 -1.105152 84.745636
v 3.193783 -1.105152 84.745636
v 3.141961 -0.071314 84.745636
v 3.255441 -1.105152 84.745636
v 3.214153 -1.105293 79.063484
v 2.799549 -1.105293 79.063484
v 2.799475 -1.105152 84.745636
v 3.193783 -1.105152 84.745636
v 3.214153 -1.105293 79.063484
v 2.799475 -1.105152 84.745636
v 3.193783 -1.105152 84.745636
v 3.255441 -1.105152 84.745636
v 3.255514 -1.105293 79.063484
v 3.214153 -1.105293 79.063484
v 3.193783 -1.105152 84.745636
v 3.255514 -1.105293 79.063484
v 3.162333 -0.071455 79.063484
v 2.799779 -0.071455 79.063484
v 2.799549 -1.105293 79.063484
v 3.214153 -1.105293 79.063484
v 3.162333 -0.071455 79.063484
v 2.799549 -1.105293 79.063484
v 3.214153 -1.105293 79.063484
v 3.255514 -1.105293 79.063484
v 3.330904 -0.490474 79.065048
v 3.162333 -0.071455 79.063484
v 3.214153 -1.105293 79.063484
v 3.330904 -0.490474 79.065048
v 2.518530 -0.520307 79.063484
v 2.799779 -0.071455 79.063484
v 2.799706 -0.071314 84.745636
v 2.483115 -0.520166 84.745636
v 2.518530 -0.520307 79.063484
v 2.799706 -0.071314 84.745636
v -2.687246 -1.105293 79.063484
v -2.760454 -1.105293 79.063484
v -2.760528 -1.105152 84.745636
v -2.664324 -1.105152 84.745636
v -2.687246 -1.105293 79.063484
v -2.760528 -1.105152 84.745636
v -2.664324 -1.105152 84.745636
v 2.799475 -1.105152 84.745636
v 2.799549 -1.105293 79.063484
v -2.687246 -1.105293 79.063484
v -2.664324 -1.105152 84.745636
v 2.799549 -1.105293 79.063484
v 2.799475 -1.105152 84.745636
v 2.483115 -0.520166 84.745636
v 2.799706 -0.071314 84.745636
v 2.483115 -0.520166 84.745636
v 2.799475 -1.105152 84.745636
v -2.664324 -1.105152 84.745636
v -2.576160 -0.520167 84.745636
v 2.483115 -0.520166 84.745636
v -2.664324 -1.105152 84.745636
v -2.664324 -1.105152 84.745636
v -2.760528 -1.105152 84.745636
v -2.760297 -0.071314 84.745636
v -2.576160 -0.520167 84.745636
v -2.664324 -1.105152 84.745636
v -2.760297 -0.071314 84.745636
v -2.599084 -0.520308 79.063484
v -2.760223 -0.071455 79.063484
v -2.760454 -1.105293 79.063484
v -2.687246 -1.105293 79.063484
v -2.599084 -0.520308 79.063484
v -2.760454 -1.105293 79.063484
v -2.599084 -0.520308 79.063484
v -2.687246 -1.105293 79.063484
v 2.518530 -0.520307 79.063484
v 2.518530 -0.520307 79.063484
v -2.687246 -1.105293 79.063484
v 2.799549 -1.105293 79.063484
v 2.799549 -1.105293 79.063484
v 2.799779 -0.071455 79.063484
v 2.518530 -0.520307 79.063484
v -2.576160 -0.520167 84.745636
v -2.760297 -0.071314 84.745636
v -2.760223 -0.071455 79.063484
v -2.599084 -0.520308 79.063484
v -2.576160 -0.520167 84.745636
v -2.760223 -0.071455 79.063484
v -2.599084 -0.520308 79.063484
v 2.518530 -0.520307 79.063484
v 2.483115 -0.520166 84.745636
v -2.576160 -0.520167 84.745636
v -2.599084 -0.520308 79.063484
v 2.483115 -0.520166 84.745636
v -3.370229 -1.105152 84.745636
v -8.035146 -1.119321 84.745628
v -8.197049 -0.873924 84.745735
v -3.311915 -0.449813 84.747147
v -3.370229 -1.105152 84.745636
v -8.197049 -0.873924 84.745735
v -3.311915 -0.449813 84.747147
v -3.164404 -0.071314 84.745636
v -3.164635 -1.105152 84.745636
v -3.370229 -1.105152 84.745636
v -3.311915 -0.449813 84.747147
v -3.164635 -1.105152 84.745636
v -3.328500 -0.449955 79.064995
v -8.196973 -0.874065 79.063576
v -8.035072 -1.119462 79.063477
v -3.386812 -1.105293 79.063484
v -3.328500 -0.449955 79.064995
v -8.035072 -1.119462 79.063477
v -3.386812 -1.105293 79.063484
v -3.164561 -1.105293 79.063484
v -3.164330 -0.071455 79.063484
v -3.328500 -0.449955 79.064995
v -3.386812 -1.105293 79.063484
v -3.164330 -0.071455 79.063484
v -3.386812 -1.105293 79.063484
v -8.035072 -1.119462 79.063477
v -8.035146 -1.119321 84.745628
v -3.370229 -1.105152 84.745636
v -3.386812 -1.105293 79.063484
v -8.035146 -1.119321 84.745628
v -3.370229 -1.105152 84.745636
v -3.164635 -1.105152 84.745636
v -3.164561 -1.105293 79.063484
v -3.386812 -1.105293 79.063484
v -3.370229 -1.105152 84.745636
v -3.164561 -1.105293 79.063484
v -3.311915 -0.449813 84.747147
v -8.197049 -0.873924 84.745735
v -8.196973 -0.874065 79.063576
v -3.328500 -0.449955 79.064995
v -3.311915 -0.449813 84.747147
v -8.196973 -0.874065 79.063576
v -3.328500 -0.449955 79.064995
v -3.164330 -0.071455 79.063484
v -3.164404 -0.071314 84.745636
v -3.311915 -0.449813 84.747147
v -3.328500 -0.449955 79.064995
v -3.164404 -0.071314 84.745636
v -2.760534 -1.105158 90.428452
v -3.164641 -1.105158 90.428452
v -3.164411 -0.071320 90.428452
v -2.760303 -0.071320 90.428452
v -2.760534 -1.105158 90.428452
v -3.164411 -0.071320 90.428452
v -2.760229 -0.071461 84.746300
v -3.164335 -0.071461 84.746300
v -3.164566 -1.105299 84.746300
v -2.760459 -1.105299 84.746300
v -2.760229 -0.071461 84.746300
v -3.164566 -1.105299 84.746300
v 7.629706 -1.136623 90.428452
v 7.631306 -0.885992 90.428452
v 7.631379 -0.886133 84.746300
v 7.629779 -1.136764 84.746300
v 7.629706 -1.136623 90.428452
v 7.631379 -0.886133 84.746300
v -2.760459 -1.105299 84.746300
v -3.164566 -1.105299 84.746300
v -3.164641 -1.105158 90.428452
v -2.760534 -1.105158 90.428452
v -2.760459 -1.105299 84.746300
v -3.164641 -1.105158 90.428452
v -8.035080 -1.119468 84.746300
v -8.196980 -0.874071 84.746391
v -8.197053 -0.873930 90.428543
v -8.035151 -1.119327 90.428444
v -8.035080 -1.119468 84.746300
v -8.197053 -0.873930 90.428543
v -2.760303 -0.071320 90.428452
v -3.164411 -0.071320 90.428452
v -3.164335 -0.071461 84.746300
v -2.760229 -0.071461 84.746300
v -2.760303 -0.071320 90.428452
v -3.164335 -0.071461 84.746300
v 3.330898 -0.490481 84.747864
v 7.631379 -0.886133 84.746300
v 7.631306 -0.885992 90.428452
v 3.330825 -0.490339 90.430016
v 3.330898 -0.490481 84.747864
v 7.631306 -0.885992 90.428452
v 3.330825 -0.490339 90.430016
v 7.631306 -0.885992 90.428452
v 7.629706 -1.136623 90.428452
v 3.255435 -1.105158 90.428452
v 3.330825 -0.490339 90.430016
v 7.629706 -1.136623 90.428452
v 3.255435 -1.105158 90.428452
v 7.629706 -1.136623 90.428452
v 7.629779 -1.136764 84.746300
v 3.255508 -1.105299 84.746300
v 3.255435 -1.105158 90.428452
v 7.629779 -1.136764 84.746300
v 3.255508 -1.105299 84.746300
v 7.629779 -1.136764 84.746300
v 7.631379 -0.886133 84.746300
v 3.330898 -0.490481 84.747864
v 3.255508 -1.105299 84.746300
v 7.631379 -0.886133 84.746300
v 3.141954 -0.071320 90.428452
v 2.799699 -0.071320 90.428452
v 2.799776 -0.071461 84.746300
v 3.162327 -0.071461 84.746300
v 3.141954 -0.071320 90.428452
v 2.799776 -0.071461 84.746300
v 3.162327 -0.071461 84.746300
v 3.330898 -0.490481 84.747864
v 3.330825 -0.490339 90.430016
v 3.141954 -0.071320 90.428452
v 3.162327 -0.071461 84.746300
v 3.330825 -0.490339 90.430016
v 3.193777 -1.105158 90.428452
v 2.799469 -1.105158 90.428452
v 2.799699 -0.071320 90.428452
v 3.141954 -0.071320 90.428452
v 3.193777 -1.105158 90.428452
v 2.799699 -0.071320 90.428452
v 3.141954 -0.071320 90.428452
v 3.330825 -0.490339 90.430016
v 3.255435 -1.105158 90.428452
v 3.193777 -1.105158 90.428452
v 3.141954 -0.071320 90.428452
v 3.255435 -1.105158 90.428452
v 3.214148 -1.105299 84.746300
v 2.799543 -1.105299 84.746300
v 2.799469 -1.105158 90.428452
v 3.193777 -1.105158 90.428452
v 3.214148 -1.105299 84.746300
v 2.799469 -1.105158 90.428452
v 3.193777 -1.105158 90.428452
v 3.255435 -1.105158 90.428452
v 3.255508 -1.105299 84.746300
v 3.214148 -1.105299 84.746300
v 3.193777 -1.105158 90.428452
v 3.255508 -1.105299 84.746300
v 3.162327 -0.071461 84.746300
v 2.799776 -0.071461 84.746300
v 2.799543 -1.105299 84.746300
v 3.214148 -1.105299 84.746300
v 3.162327 -0.071461 84.746300
v 2.799543 -1.105299 84.746300
v 3.214148 -1.105299 84.746300
v 3.255508 -1.105299 84.746300
v 3.330898 -0.490481 84.747864
v 3.162327 -0.071461 84.746300
v 3.214148 -1.105299 84.746300
v 3.330898 -0.490481 84.747864
v 2.518525 -0.520314 84.746300
v 2.799776 -0.071461 84.746300
v 2.799699 -0.071320 90.428452
v 2.483110 -0.520172 90.428452
v 2.518525 -0.520314 84.746300
v 2.799699 -0.071320 90.428452
v -2.687252 -1.105299 84.746300
v -2.760459 -1.105299 84.746300
v -2.760534 -1.105158 90.428452
v -2.664331 -1.105158 90.428452
v -2.687252 -1.105299 84.746300
v -2.760534 -1.105158 90.428452
v -2.664331 -1.105158 90.428452
v 2.799469 -1.105158 90.428452
v 2.799543 -1.105299 84.746300
v -2.687252 -1.105299 84.746300
v -2.664331 -1.105158 90.428452
v 2.799543 -1.105299 84.746300
v 2.799469 -1.105158 90.428452
v 2.483110 -0.520172 90.428452
v 2.799699 -0.071320 90.428452
v 2.483110 -0.520172 90.428452
v 2.799469 -1.105158 90.428452
v -2.664331 -1.105158 90.428452
v -2.576167 -0.520173 90.428452
v 2.483110 -0.520172 90.428452
v -2.664331 -1.105158 90.428452
v -2.664331 -1.105158 90.428452
v -2.760534 -1.105158 90.428452
v -2.760303 -0.071320 90.428452
v -2.576167 -0.520173 90.428452
v -2.664331 -1.105158 90.428452
v -2.760303 -0.071320 90.428452
v -2.599090 -0.520314 84.746300
v -2.760229 -0.071461 84.746300
v -2.760459 -1.105299 84.746300
v -2.687252 -1.105299 84.746300
v -2.599090 -0.520314 84.746300
v -2.760459 -1.105299 84.746300
v -2.599090 -0.520314 84.746300
v -2.687252 -1.105299 84.746300
v 2.518525 -0.520314 84.746300
v 2.518525 -0.520314 84.746300
v -2.687252 -1.105299 84.746300
v 2.799543 -1.105299 84.746300
v 2.799543 -1.105299 84.746300
v 2.799776 -0.071461 84.746300
v 2.518525 -0.520314 84.746300
v -2.576167 -0.520173 90.428452
v -2.760303 -0.071320 90.428452
v -2.760229 -0.071461 84.746300
v -2.599090 -0.520314 84.746300
v -2.576167 -0.520173 90.428452
v -2.760229 -0.071461 84.746300
v -2.599090 -0.520314 84.746300
v 2.518525 -0.520314 84.746300
v 2.483110 -0.520172 90.428452
v -2.576167 -0.520173 90.428452
v -2.599090 -0.520314 84.746300
v 2.483110 -0.520172 90.428452
v -3.370235 -1.105158 90.428452
v -8.035151 -1.119327 90.428444
v -8.197053 -0.873930 90.428543
v -3.311922 -0.449820 90.429955
v -3.370235 -1.105158 90.428452
v -8.197053 -0.873930 90.428543
v -3.311922 -0.449820 90.429955
v -3.164411 -0.071320 90.428452
v -3.164641 -1.105158 90.428452
v -3.370235 -1.105158 90.428452
v -3.311922 -0.449820 90.429955
v -3.164641 -1.105158 90.428452
v -3.328506 -0.449961 84.747803
v -8.196980 -0.874071 84.746391
v -8.035080 -1.119468 84.746300
v -3.386817 -1.105299 84.746300
v -3.328506 -0.449961 84.747803
v -8.035080 -1.119468 84.746300
v -3.386817 -1.105299 84.746300
v -3.164566 -1.105299 84.746300
v -3.164335 -0.071461 84.746300
v -3.328506 -0.449961 84.747803
v -3.386817 -1.105299 84.746300
v -3.164335 -0.071461 84.746300
v -3.386817 -1.105299 84.746300
v -8.035080 -1.119468 84.746300
v -8.035151 -1.119327 90.428444
v -3.370235 -1.105158 90.428452
v -3.386817 -1.105299 84.746300
v -8.035151 -1.119327 90.428444
v -3.370235 -1.105158 90.428452
v -3.164641 -1.105158 90.428452
v -3.164566 -1.105299 84.746300
v -3.386817 -1.105299 84.746300
v -3.370235 -1.105158 90.428452
v -3.164566 -1.105299 84.746300
v -3.311922 -0.449820 90.429955
v -8.197053 -0.873930 90.428543
v -8.196980 -0.874071 84.746391
v -3.328506 -0.449961 84.747803
v -3.311922 -0.449820 90.429955
v -8.196980 -0.874071 84.746391
v -3.328506 -0.449961 84.747803
v -3.164335 -0.071461 84.746300
v -3.164411 -0.071320 90.428452
v -3.311922 -0.449820 90.429955
v -3.328506 -0.449961 84.747803
v -3.164411 -0.071320 90.428452
v -2.760528 -1.105152 93.579491
v -3.164635 -1.105152 93.579491
v -3.164404 -0.071314 93.579491
v -2.760297 -0.071314 93.579491
v -2.760528 -1.105152 93.579491
v -3.164404 -0.071314 93.579491
v -2.760223 -0.071455 87.897339
v -3.164330 -0.071455 87.897339
v -3.164560 -1.105293 87.897339
v -2.760453 -1.105293 87.897339
v -2.760223 -0.071455 87.897339
v -3.164560 -1.105293 87.897339
v 7.629712 -1.136617 93.579491
v 7.631311 -0.885985 93.579491
v 7.631387 -0.886127 87.897339
v 7.629788 -1.136758 87.897339
v 7.629712 -1.136617 93.579491
v 7.631387 -0.886127 87.897339
v -2.760453 -1.105293 87.897339
v -3.164560 -1.105293 87.897339
v -3.164635 -1.105152 93.579491
v -2.760528 -1.105152 93.579491
v -2.760453 -1.105293 87.897339
v -3.164635 -1.105152 93.579491
v -8.035073 -1.119462 87.897331
v -8.196974 -0.874065 87.897430
v -8.197049 -0.873924 93.579590
v -8.035147 -1.119321 93.579483
v -8.035073 -1.119462 87.897331
v -8.197049 -0.873924 93.579590
v -2.760297 -0.071314 93.579491
v -3.164404 -0.071314 93.579491
v -3.164330 -0.071455 87.897339
v -2.760223 -0.071455 87.897339
v -2.760297 -0.071314 93.579491
v -3.164330 -0.071455 87.897339
v 3.330904 -0.490474 87.898903
v 7.631387 -0.886127 87.897339
v 7.631311 -0.885985 93.579491
v 3.330831 -0.490333 93.581055
v 3.330904 -0.490474 87.898903
v 7.631311 -0.885985 93.579491
v 3.330831 -0.490333 93.581055
v 7.631311 -0.885985 93.579491
v 7.629712 -1.136617 93.579491
v 3.255441 -1.105152 93.579491
v 3.330831 -0.490333 93.581055
v 7.629712 -1.136617 93.579491
v 3.255441 -1.105152 93.579491
v 7.629712 -1.136617 93.579491
v 7.629788 -1.136758 87.897339
v 3.255514 -1.105293 87.897339
v 3.255441 -1.105152 93.579491
v 7.629788 -1.136758 87.897339
v 3.255514 -1.105293 87.897339
v 7.629788 -1.136758 87.897339
v 7.631387 -0.886127 87.897339
v 3.330904 -0.490474 87.898903
v 3.255514 -1.105293 87.897339
v 7.631387 -0.886127 87.897339
v 3.141961 -0.071314 93.579491
v 2.799706 -0.071314 93.579491
v 2.799779 -0.071455 87.897339
v 3.162333 -0.071455 87.897339
v 3.141961 -0.071314 93.579491
v 2.799779 -0.071455 87.897339
v 3.162333 -0.071455 87.897339
v 3.330904 -0.490474 87.898903
v 3.330831 -0.490333 93.581055
v 3.141961 -0.071314 93.579491
v 3.162333 -0.071455 87.897339
v 3.330831 -0.490333 93.581055
v 3.193783 -1.105152 93.579491
v 2.799475 -1.105152 93.579491
v 2.799706 -0.071314 93.579491
v 3.141961 -0.071314 93.579491
v 3.193783 -1.105152 93.579491
v 2.799706 -0.071314 93.579491
v 3.141961 -0.071314 93.579491
v 3.330831 -0.490333 93.581055
v 3.255441 -1.105152 93.579491
v 3.193783 -1.105152 93.579491
v 3.141961 -0.071314 93.579491
v 3.255441 -1.105152 93.579491
v 3.214154 -1.105293 87.897339
v 2.799549 -1.105293 87.897339
v 2.799475 -1.105152 93.579491
v 3.193783 -1.105152 93.579491
v 3.214154 -1.105293 87.897339
v 2.799475 -1.105152 93.579491
v 3.193783 -1.105152 93.579491
v 3.255441 -1.105152 93.579491
v 3.255514 -1.105293 87.897339
v 3.214154 -1.105293 87.897339
v 3.193783 -1.105152 93.579491
v 3.255514 -1.105293 87.897339
v 3.162333 -0.071455 87.897339
v 2.799779 -0.071455 87.897339
v 2.799549 -1.105293 87.897339
v 3.214154 -1.105293 87.897339
v 3.162333 -0.071455 87.897339
v 2.799549 -1.105293 87.897339
v 3.214154 -1.105293 87.897339
v 3.255514 -1.105293 87.897339
v 3.330904 -0.490474 87.898903
v 3.162333 -0.071455 87.897339
v 3.214154 -1.105293 87.897339
v 3.330904 -0.490474 87.898903
v 2.518530 -0.520307 87.897339
v 2.799779 -0.071455 87.897339
v 2.799706 -0.071314 93.579491
v 2.483116 -0.520166 93.579491
v 2.518530 -0.520307 87.897339
v 2.799706 -0.071314 93.579491
v -2.687246 -1.105293 87.897339
v -2.760453 -1.105293 87.897339
v -2.760528 -1.105152 93.579491
v -2.664324 -1.105152 93.579491
v -2.687246 -1.105293 87.897339
v -2.760528 -1.105152 93.579491
v -2.664324 -1.105152 93.579491
v 2.799475 -1.105152 93.579491
v 2.799549 -1.105293 87.897339
v -2.687246 -1.105293 87.897339
v -2.664324 -1.105152 93.579491
v 2.799549 -1.105293 87.897339
v 2.799475 -1.105152 93.579491
v 2.483116 -0.520166 93.579491
v 2.799706 -0.071314 93.579491
v 2.483116 -0.520166 93.579491
v 2.799475 -1.105152 93.579491
v -2.664324 -1.105152 93.579491
v -2.576160 -0.520167 93.579491
v 2.483116 -0.520166 93.579491
v -2.664324 -1.105152 93.579491
v -2.664324 -1.105152 93.579491
v -2.760528 -1.105152 93.579491
v -2.760297 -0.071314 93.579491
v -2.576160 -0.520167 93.579491
v -2.664324 -1.105152 93.579491
v -2.760297 -0.071314 93.579491
v -2.599084 -0.520308 87.897339
v -2.760223 -0.071455 87.897339
v -2.760453 -1.105293 87.897339
v -2.687246 -1.105293 87.897339
v -2.599084 -0.520308 87.897339
v -2.760453 -1.105293 87.897339
v -2.599084 -0.520308 87.897339
v -2.687246 -1.105293 87.897339
v 2.518530 -0.520307 87.897339
v 2.518530 -0.520307 87.897339
v -2.687246 -1.105293 87.897339
v 2.799549 -1.105293 87.897339
v 2.799549 -1.105293 87.897339
v 2.799779 -0.071455 87.897339
v 2.518530 -0.520307 87.897339
v -2.576160 -0.520167 93.579491
v -2.760297 -0.071314 93.579491
v -2.760223 -0.071455 87.897339
v -2.599084 -0.520308 87.897339
v -2.576160 -0.520167 93.579491
v -2.760223 -0.071455 87.897339
v -2.599084 -0.520308 87.897339
v 2.518530 -0.520307 87.897339
v 2.483116 -0.520166 93.579491
v -2.576160 -0.520167 93.579491
v -2.599084 -0.520308 87.897339
v 2.483116 -0.520166 93.579491
v -3.370229 -1.105152 93.579491
v -8.035147 -1.119321 93.579483
v -8.197049 -0.873924 93.579590
v -3.311915 -0.449813 93.581001
v -3.370229 -1.105152 93.579491
v -8.197049 -0.873924 93.579590
v -3.311915 -0.449813 93.581001
v -3.164404 -0.071314 93.579491
v -3.164635 -1.105152 93.579491
v -3.370229 -1.105152 93.579491
v -3.311915 -0.449813 93.581001
v -3.164635 -1.105152 93.579491
v -3.328500 -0.449955 87.898849
v -8.196974 -0.874065 87.897430
v -8.035073 -1.119462 87.897331
v -3.386812 -1.105293 87.897339
v -3.328500 -0.449955 87.898849
v -8.035073 -1.119462 87.897331
v -3.386812 -1.105293 87.897339
v -3.164560 -1.105293 87.897339
v -3.164330 -0.071455 87.897339
v -3.328500 -0.449955 87.898849
v -3.386812 -1.105293 87.897339
v -3.164330 -0.071455 87.897339
v -3.386812 -1.105293 87.897339
v -8.035073 -1.119462 87.897331
v -8.035147 -1.119321 93.579483
v -3.370229 -1.105152 93.579491
v -3.386812 -1.105293 87.897339
v -8.035147 -1.119321 93.579483
v -3.370229 -1.105152 93.579491
v -3.164635 -1.105152 93.579491
v -3.164560 -1.105293 87.897339
v -3.386812 -1.105293 87.897339
v -3.370229 -1.105152 93.579491
v -3.164560 -1.105293 87.897339
v -3.311915 -0.449813 93.581001
v -8.197049 -0.873924 93.579590
v -8.196974 -0.874065 87.897430
v -3.328500 -0.449955 87.898849
v -3.311915 -0.449813 93.581001
v -8.196974 -0.874065 87.897430
v -3.328500 -0.449955 87.898849
v -3.164330 -0.071455 87.897339
v -3.164404 -0.071314 93.579491
v -3.311915 -0.449813 93.581001
v -3.328500 -0.449955 87.898849
v -3.164404 -0.071314 93.579491
v -2.760534 -1.105158 99.262299
v -3.164641 -1.105158 99.262299
v -3.164411 -0.071320 99.262299
v -2.760303 -0.071320 99.262299
v -2.760534 -1.105158 99.262299
v -3.164411 -0.071320 99.262299
v -2.760229 -0.071461 93.580154
v -3.164335 -0.071461 93.580154
v -3.164566 -1.105299 93.580154
v -2.760459 -1.105299 93.580154
v -2.760229 -0.071461 93.580154
v -3.164566 -1.105299 93.580154
v 7.629706 -1.136623 99.262299
v 7.631306 -0.885992 99.262299
v 7.631379 -0.886133 93.580154
v 7.629779 -1.136764 93.580154
v 7.629706 -1.136623 99.262299
v 7.631379 -0.886133 93.580154
v -2.760459 -1.105299 93.580154
v -3.164566 -1.105299 93.580154
v -3.164641 -1.105158 99.262299
v -2.760534 -1.105158 99.262299
v -2.760459 -1.105299 93.580154
v -3.164641 -1.105158 99.262299
v -8.035080 -1.119468 93.580154
v -8.196980 -0.874071 93.580246
v -8.197054 -0.873930 99.262398
v -8.035152 -1.119327 99.262299
v -8.035080 -1.119468 93.580154
v -8.197054 -0.873930 99.262398
v -2.760303 -0.071320 99.262299
v -3.164411 -0.071320 99.262299
v -3.164335 -0.071461 93.580154
v -2.760229 -0.071461 93.580154
v -2.760303 -0.071320 99.262299
v -3.164335 -0.071461 93.580154
v 3.330898 -0.490481 93.581718
v 7.631379 -0.886133 93.580154
v 7.631306 -0.885992 99.262299
v 3.330825 -0.490339 99.263870
v 3.330898 -0.490481 93.581718
v 7.631306 -0.885992 99.262299
v 3.330825 -0.490339 99.263870
v 7.631306 -0.885992 99.262299
v 7.629706 -1.136623 99.262299
v 3.255435 -1.105158 99.262299
v 3.330825 -0.490339 99.263870
v 7.629706 -1.136623 99.262299
v 3.255435 -1.105158 99.262299
v 7.629706 -1.136623 99.262299
v 7.629779 -1.136764 93.580154
v 3.255508 -1.105299 93.580154
v 3.255435 -1.105158 99.262299
v 7.629779 -1.136764 93.580154
v 3.255508 -1.105299 93.580154
v 7.629779 -1.136764 93.580154
v 7.631379 -0.886133 93.580154
v 3.330898 -0.490481 93.581718
v 3.255508 -1.105299 93.580154
v 7.631379 -0.886133 93.580154
v 3.141954 -0.071320 99.262299
v 2.799699 -0.071320 99.262299
v 2.799776 -0.071461 93.580154
v 3.162327 -0.071461 93.580154
v 3.141954 -0.071320 99.262299
v 2.799776 -0.071461 93.580154
v 3.162327 -0.071461 93.580154
v 3.330898 -0.490481 93.581718
v 3.330825 -0.490339 99.263870
v 3.141954 -0.071320 99.262299
v 3.162327 -0.071461 93.580154
v 3.330825 -0.490339 99.263870
v 3.193777 -1.105158 99.262299
v 2.799469 -1.105158 99.262299
v 2.799699 -0.071320 99.262299
v 3.141954 -0.071320 99.262299
v 3.193777 -1.105158 99.262299
v 2.799699 -0.071320 99.262299
v 3.141954 -0.071320 99.262299
v 3.330825 -0.490339 99.263870
v 3.255435 -1.105158 99.262299
v 3.193777 -1.105158 99.262299
v 3.141954 -0.071320 99.262299
v 3.255435 -1.105158 99.262299
v 3.214148 -1.105299 93.580154
v 2.799543 -1.105299 93.580154
v 2.799469 -1.105158 99.262299
v 3.193777 -1.105158 99.262299
v 3.214148 -1.105299 93.580154
v 2.799469 -1.105158 99.262299
v 3.193777 -1.105158 99.262299
v 3.255435 -1.105158 99.262299
v 3.255508 -1.105299 93.580154
v 3.214148 -1.105299 93.580154
v 3.193777 -1.105158 99.262299
v 3.255508 -1.105299 93.580154
v 3.162327 -0.071461 93.580154
v 2.799776 -0.071461 93.580154
v 2.799543 -1.105299 93.580154
v 3.214148 -1.105299 93.580154
v 3.162327 -0.071461 93.580154
v 2.799543 -1.105299 93.580154
v 3.214148 -1.105299 93.580154
v 3.255508 -1.105299 93.580154
v 3.330898 -0.490481 93.581718
v 3.162327 -0.071461 93.580154
v 3.214148 -1.105299 93.580154
v 3.330898 -0.490481 93.581718
v 2.518525 -0.520314 93.580154
v 2.799776 -0.071461 93.580154
v 2.799699 -0.071320 99.262299
v 2.483110 -0.520172 99.262299
v 2.518525 -0.520314 93.580154
v 2.799699 -0.071320 99.262299
v -2.687252 -1.105299 93.580154
v -2.760459 -1.105299 93.580154
v -2.760534 -1.105158 99.262299
v -2.664331 -1.105158 99.262299
v -2.687252 -1.105299 93.580154
v -2.760534 -1.105158 99.262299
v -2.664331 -1.105158 99.262299
v 2.799469 -1.105158 99.262299
v 2.799543 -1.105299 93.580154
v -2.687252 -1.105299 93.580154
v -2.664331 -1.105158 99.262299
v 2.799543 -1.105299 93.580154
v 2.799469 -1.105158 99.262299
v 2.483110 -0.520172 99.262299
v 2.799699 -0.071320 99.262299
v 2.483110 -0.520172 99.262299
v 2.799469 -1.105158 99.262299
v -2.664331 -1.105158 99.262299
v -2.576167 -0.520173 99.262299
v 2.483110 -0.520172 99.262299
v -2.664331 -1.105158 99.262299
v -2.664331 -1.105158 99.262299
v -2.760534 -1.105158 99.262299
v -2.760303 -0.071320 99.262299
v -2.576167 -0.520173 99.262299
v -2.664331 -1.105158 99.262299
v -2.760303 -0.071320 99.262299
v -2.599090 -0.520314 93.580154
v -2.760229 -0.071461 93.580154
v -2.760459 -1.105299 93.580154
v -2.687252 -1.105299 93.580154
v -2.599090 -0.520314 93.580154
v -2.760459 -1.105299 93.580154
v -2.599090 -0.520314 93.580154
v -2.687252 -1.105299 93.580154
v 2.518525 -0.520314 93.580154
v 2.518525 -0.520314 93.580154
v -2.687252 -1.105299 93.580154
v 2.799543 -1.105299 93.580154
v 2.799543 -1.105299 93.580154
v 2.799776 -0.071461 93.580154
v 2.518525 -0.520314 93.580154
v -2.576167 -0.520173 99.262299
v -2.760303 -0.071320 99.262299
v -2.760229 -0.071461 93.580154
v -2.599090 -0.520314 93.580154
v -2.576167 -0.520173 99.262299
v -2.760229 -0.071461 93.580154
v -2.599090 -0.520314 93.580154
v 2.518525 -0.520314 93.580154
v 2.483110 -0.520172 99.262299
v -2.576167 -0.520173 99.262299
v -2.599090 -0.520314 93.580154
v 2.483110 -0.520172 99.262299
v -3.370235 -1.105158 99.262299
v -8.035152 -1.119327 99.262299
v -8.197054 -0.873930 99.262398
v -3.311922 -0.449820 99.263809
v -3.370235 -1.105158 99.262299
v -8.197054 -0.873930 99.262398
v -3.311922 -0.449820 99.263809
v -3.164411 -0.071320 99.262299
v -3.164641 -1.105158 99.262299
v -3.370235 -1.105158 99.262299
v -3.311922 -0.449820 99.263809
v -3.164641 -1.105158 99.262299
v -3.328506 -0.449961 93.581657
v -8.196980 -0.874071 93.580246
v -8.035080 -1.119468 93.580154
v -3.386817 -1.105299 93.580154
v -3.328506 -0.449961 93.581657
v -8.035080 -1.119468 93.580154
v -3.386817 -1.105299 93.580154
v -3.164566 -1.105299 93.580154
v -3.164335 -0.071461 93.580154
v -3.328506 -0.449961 93.581657
v -3.386817 -1.105299 93.580154
v -3.164335 -0.071461 93.580154
v -3.386817 -1.105299 93.580154
v -8.035080 -1.119468 93.580154
v -8.035152 -1.119327 99.262299
v -3.370235 -1.105158 99.262299
v -3.386817 -1.105299 93.580154
v -8.035152 -1.119327 99.262299
v -3.370235 -1.105158 99.262299
v -3.164641 -1.105158 99.262299
v -3.164566 -1.105299 93.580154
v -3.386817 -1.105299 93.580154
v -3.370235 -1.105158 99.262299
v -3.164566 -1.105299 93.580154
v -3.311922 -0.449820 99.263809
v -8.197054 -0.873930 99.262398
v -8.196980 -0.874071 93.580246
v -3.328506 -0.449961 93.581657
v -3.311922 -0.449820 99.263809
v -8.196980 -0.874071 93.580246
v -3.328506 -0.449961 93.581657
v -3.164335 -0.071461 93.580154
v -3.164411 -0.071320 99.262299
v -3.311922 -0.449820 99.263809
v -3.328506 -0.449961 93.581657
v -3.164411 -0.071320 99.262299
v -2.760528 -1.105152 104.623482
v -3.164635 -1.105152 104.623482
v -3.164404 -0.071314 104.623482
v -2.760297 -0.071314 104.623482
v -2.760528 -1.105152 104.623482
v -3.164404 -0.071314 104.623482
v -2.760223 -0.071455 98.941338
v -3.164330 -0.071455 98.941338
v -3.164561 -1.105293 98.941338
v -2.760453 -1.105293 98.941338
v -2.760223 -0.071455 98.941338
v -3.164561 -1.105293 98.941338
v 7.629712 -1.136617 104.623482
v 7.631311 -0.885985 104.623482
v 7.631387 -0.886127 98.941338
v 7.629788 -1.136758 98.941338
v 7.629712 -1.136617 104.623482
v 7.631387 -0.886127 98.941338
v -2.760453 -1.105293 98.941338
v -3.164561 -1.105293 98.941338
v -3.164635 -1.105152 104.623482
v -2.760528 -1.105152 104.623482
v -2.760453 -1.105293 98.941338
v -3.164635 -1.105152 104.623482
v -8.035073 -1.119462 98.941330
v -8.196974 -0.874065 98.941422
v -8.197049 -0.873924 104.623581
v -8.035147 -1.119321 104.623474
v -8.035073 -1.119462 98.941330
v -8.197049 -0.873924 104.623581
v -2.760297 -0.071314 104.623482
v -3.164404 -0.071314 104.623482
v -3.164330 -0.071455 98.941338
v -2.760223 -0.071455 98.941338
v -2.760297 -0.071314 104.623482
v -3.164330 -0.071455 98.941338
v 3.330904 -0.490474 98.942894
v 7.631387 -0.886127 98.941338
v 7.631311 -0.885985 104.623482
v 3.330831 -0.490333 104.625046
v 3.330904 -0.490474 98.942894
v 7.631311 -0.885985 104.623482
v 3.330831 -0.490333 104.625046
v 7.631311 -0.885985 104.623482
v 7.629712 -1.136617 104.623482
v 3.255441 -1.105152 104.623482
v 3.330831 -0.490333 104.625046
v 7.629712 -1.136617 104.623482
v 3.255441 -1.105152 104.623482
v 7.629712 -1.136617 104.623482
v 7.629788 -1.136758 98.941338
v 3.255514 -1.105293 98.941338
v 3.255441 -1.105152 104.623482
v 7.629788 -1.136758 98.941338
v 3.255514 -1.105293 98.941338
v 7.629788 -1.136758 98.941338
v 7.631387 -0.886127 98.941338
v 3.330904 -0.490474 98.942894
v 3.255514 -1.105293 98.941338
v 7.631387 -0.886127 98.941338
v 3.141961 -0.071314 104.623482
v 2.799706 -0.071314 104.623482
v 2.799779 -0.071455 98.941338
v 3.162333 -0.071455 98.941338
v 3.141961 -0.071314 104.623482
v 2.799779 -0.071455 98.941338
v 3.162333 -0.071455 98.941338
v 3.330904 -0.490474 98.942894
v 3.330831 -0.490333 104.625046
v 3.141961 -0.071314 104.623482
v 3.162333 -0.071455 98.941338
v 3.330831 -0.490333 104.625046
v 3.193783 -1.105152 104.623482
v 2.799475 -1.105152 104.623482
v 2.799706 -0.071314 104.623482
v 3.141961 -0.071314 104.623482
v 3.193783 -1.105152 104.623482
v 2.799706 -0.071314 104.623482
v 3.141961 -0.071314 104.623482
v 3.330831 -0.490333 104.625046
v 3.255441 -1.105152 104.623482
v 3.193783 -1.105152 104.623482
v 3.141961 -0.071314 104.623482
v 3.255441 -1.105152 104.623482
v 3.214153 -1.105293 98.941338
v 2.799549 -1.105293 98.941338
v 2.799475 -1.105152 104.623482
v 3.193783 -1.105152 104.623482
v 3.214153 -1.105293 98.941338
v 2.799475 -1.105152 104.623482
v 3.193783 -1.105152 104.623482
v 3.255441 -1.105152 104.623482
v 3.255514 -1.105293 98.941338
v 3.214153 -1.105293 98.941338
v 3.193783 -1.105152 104.623482
v 3.255514 -1.105293 98.941338
v 3.162333 -0.071455 98.941338
v 2.799779 -0.071455 98.941338
v 2.799549 -1.105293 98.941338
v 3.214153 -1.105293 98.941338
v 3.162333 -0.071455 98.941338
v 2.799549 -1.105293 98.941338
v 3.214153 -1.105293 98.941338
v 3.255514 -1.105293 98.941338
v 3.330904 -0.490474 98.942894
v 3.162333 -0.071455 98.941338
v 3.214153 -1.105293 98.941338
v 3.330904 -0.490474 98.942894
v 2.518530 -0.520307 98.941338
v 2.799779 -0.071455 98.941338
v 2.799706 -0.071314 104.623482
v 2.483116 -0.520166 104.623482
v 2.518530 -0.520307 98.941338
v 2.799706 -0.071314 104.623482
v -2.687246 -1.105293 98.941338
v -2.760453 -1.105293 98.941338
v -2.760528 -1.105152 104.623482
v -2.664324 -1.105152 104.623482
v -2.687246 -1.105293 98.941338
v -2.760528 -1.105152 104.623482
v -2.664324 -1.105152 104.623482
v 2.799475 -1.105152 104.623482
v 2.799549 -1.105293 98.941338
v -2.687246 -1.105293 98.941338
v -2.664324 -1.105152 104.623482
v 2.799549 -1.105293 98.941338
v 2.799475 -1.105152 104.623482
v 2.483116 -0.520166 104.623482
v 2.799706 -0.071314 104.623482
v 2.483116 -0.520166 104.623482
v 2.799475 -1.105152 104.623482
v -2.664324 -1.105152 104.623482
v -2.576160 -0.520167 104.623482
v 2.483116 -0.520166 104.623482
v -2.664324 -1.105152 104.623482
v -2.664324 -1.105152 104.623482
v -2.760528 -1.105152 104.623482
v -2.760297 -0.071314 104.623482
v -2.576160 -0.520167 104.623482
v -2.664324 -1.105152 104.623482
v -2.760297 -0.071314 104.623482
v -2.599084 -0.520308 98.941338
v -2.760223 -0.071455 98.941338
v -2.760453 -1.105293 98.941338
v -2.687246 -1.105293 98.941338
v -2.599084 -0.520308 98.941338
v -2.760453 -1.105293 98.941338
v -2.599084 -0.520308 98.941338
v -2.687246 -1.105293 98.941338
v 2.518530 -0.520307 98.941338
v 2.518530 -0.520307 98.941338
v -2.687246 -1.105293 98.941338
v 2.799549 -1.105293 98.941338
v 2.799549 -1.105293 98.941338
v 2.799779 -0.071455 98.941338
v 2.518530 -0.520307 98.941338
v -2.576160 -0.520167 104.623482
v -2.760297 -0.071314 104.623482
v -2.760223 -0.071455 98.941338
v -2.599084 -0.520308 98.941338
v -2.576160 -0.520167 104.623482
v -2.760223 -0.071455 98.941338
v -2.599084 -0.520308 98.941338
v 2.518530 -0.520307 98.941338
v 2.483116 -0.520166 104.623482
v -2.576160 -0.520167 104.623482
v -2.599084 -0.520308 98.941338
v 2.483116 -0.520166 104.623482
v -3.370229 -1.105152 104.623482
v -8.035147 -1.119321 104.623474
v -8.197049 -0.873924 104.623581
v -3.311914 -0.449813 104.624992
v -3.370229 -1.105152 104.623482
v -8.197049 -0.873924 104.623581
v -3.311914 -0.449813 104.624992
v -3.164404 -0.071314 104.623482
v -3.164635 -1.105152 104.623482
v -3.370229 -1.105152 104.623482
v -3.311914 -0.449813 104.624992
v -3.164635 -1.105152 104.623482
v -3.328500 -0.449955 98.942841
v -8.196974 -0.874065 98.941422
v -8.035073 -1.119462 98.941330
v -3.386812 -1.105293 98.941338
v -3.328500 -0.449955 98.942841
v -8.035073 -1.119462 98.941330
v -3.386812 -1.105293 98.941338
v -3.164561 -1.105293 98.941338
v -3.164330 -0.071455 98.941338
v -3.328500 -0.449955 98.942841
v -3.386812 -1.105293 98.941338
v -3.164330 -0.071455 98.941338
v -3.386812 -1.105293 98.941338
v -8.035073 -1.119462 98.941330
v -8.035147 -1.119321 104.623474
v -3.370229 -1.105152 104.623482
v -3.386812 -1.105293 98.941338
v -8.035147 -1.119321 104.623474
v -3.370229 -1.105152 104.623482
v -3.164635 -1.105152 104.623482
v -3.164561 -1.105293 98.941338
v -3.386812 -1.105293 98.941338
v -3.370229 -1.105152 104.623482
v -3.164561 -1.105293 98.941338
v -3.311914 -0.449813 104.624992
v -8.197049 -0.873924 104.623581
v -8.196974 -0.874065 98.941422
v -3.328500 -0.449955 98.942841
v -3.311914 -0.449813 104.624992
v -8.196974 -0.874065 98.941422
v -3.328500 -0.449955 98.942841
v -3.164330 -0.071455 98.941338
v -3.164404 -0.071314 104.623482
v -3.311914 -0.449813 104.624992
v -3.328500 -0.449955 98.942841
v -3.164404 -0.071314 104.623482
v -2.760534 -1.105158 110.306297
v -3.164641 -1.105158 110.306297
v -3.164411 -0.071320 110.306297
v -2.760303 -0.071320 110.306297
v -2.760534 -1.105158 110.306297
v -3.164411 -0.071320 110.306297
v -2.760229 -0.071461 104.624146
v -3.164335 -0.071461 104.624146
v -3.164566 -1.105299 104.624146
v -2.760459 -1.105299 104.624146
v -2.760229 -0.071461 104.624146
v -3.164566 -1.105299 104.624146
v 7.629706 -1.136623 110.306297
v 7.631306 -0.885992 110.306297
v 7.631379 -0.886133 104.624146
v 7.629779 -1.136764 104.624146
v 7.629706 -1.136623 110.306297
v 7.631379 -0.886133 104.624146
v -2.760459 -1.105299 104.624146
v -3.164566 -1.105299 104.624146
v -3.164641 -1.105158 110.306297
v -2.760534 -1.105158 110.306297
v -2.760459 -1.105299 104.624146
v -3.164641 -1.105158 110.306297
v -8.035080 -1.119468 104.624146
v -8.196980 -0.874071 104.624245
v -8.197054 -0.873930 110.306389
v -8.035152 -1.119327 110.306297
v -8.035080 -1.119468 104.624146
v -8.197054 -0.873930 110.306389
v -2.760303 -0.071320 110.306297
v -3.164411 -0.071320 110.306297
v -3.164335 -0.071461 104.624146
v -2.760229 -0.071461 104.624146
v -2.760303 -0.071320 110.306297
v -3.164335 -0.071461 104.624146
v 3.330898 -0.490481 104.625717
v 7.631379 -0.886133 104.624146
v 7.631306 -0.885992 110.306297
v 3.330825 -0.490339 110.307861
v 3.330898 -0.490481 104.625717
v 7.631306 -0.885992 110.306297
v 3.330825 -0.490339 110.307861
v 7.631306 -0.885992 110.306297
v 7.629706 -1.136623 110.306297
v 3.255435 -1.105158 110.306297
v 3.330825 -0.490339 110.307861
v 7.629706 -1.136623 110.306297
v 3.255435 -1.105158 110.306297
v 7.629706 -1.136623 110.306297
v 7.629779 -1.136764 104.624146
v 3.255508 -1.105299 104.624146
v 3.255435 -1.105158 110.306297
v 7.629779 -1.136764 104.624146
v 3.255508 -1.105299 104.624146
v 7.629779 -1.136764 104.624146
v 7.631379 -0.886133 104.624146
v 3.330898 -0.490481 104.625717
v 3.255508 -1.105299 104.624146
v 7.631379 -0.886133 104.624146
v 3.141954 -0.071320 110.306297
v 2.799699 -0.071320 110.306297
v 2.799776 -0.071461 104.624146
v 3.162327 -0.071461 104.624146
v 3.141954 -0.071320 110.306297
v 2.799776 -0.071461 104.624146
v 3.162327 -0.071461 104.624146
v 3.330898 -0.490481 104.625717
v 3.330825 -0.490339 110.307861
v 3.141954 -0.071320 110.306297
v 3.162327 -0.071461 104.624146
v 3.330825 -0.490339 110.307861
v 3.193777 -1.105158 110.306297
v 2.799469 -1.105158 110.306297
v 2.799699 -0.071320 110.306297
v 3.141954 -0.071320 110.306297
v 3.193777 -1.105158 110.306297
v 2.799699 -0.071320 110.306297
v 3.141954 -0.071320 110.306297
v 3.330825 -0.490339 110.307861
v 3.255435 -1.105158 110.306297
v 3.193777 -1.105158 110.306297
v 3.141954 -0.071320 110.306297
v 3.255435 -1.105158 110.306297
v 3.214148 -1.105299 104.624146
v 2.799543 -1.105299 104.624146
v 2.799469 -1.105158 110.306297
v 3.193777 -1.105158 110.306297
v 3.214148 -1.105299 104.624146
v 2.799469 -1.105158 110.306297
v 3.193777 -1.105158 110.306297
v 3.255435 -1.105158 110.306297
v 3.255508 -1.105299 104.624146
v 3.214148 -1.105299 104.624146
v 3.193777 -1.105158 110.306297
v 3.255508 -1.105299 104.624146
v 3.162327 -0.071461 104.624146
v 2.799776 -0.071461 104.624146
v 2.799543 -1.105299 104.624146
v 3.214148 -1.105299 104.624146
v 3.162327 -0.071461 104.624146
v 2.799543 -1.105299 104.624146
v 3.214148 -1.105299 104.624146
v 3.255508 -1.105299 104.624146
v 3.330898 -0.490481 104.625717
v 3.162327 -0.071461 104.624146
v 3.214148 -1.105299 104.624146
v 3.330898 -0.490481 104.625717
v 2.518525 -0.520314 104.624146
v 2.799776 -0.071461 104.624146
v 2.799699 -0.071320 110.306297
v 2.483110 -0.520172 110.306297
v 2.518525 -0.520314 104.624146
v 2.799699 -0.071320 110.306297
v -2.687252 -1.105299 104.624146
v -2.760459 -1.105299 104.624146
v -2.760534 -1.105158 110.306297
v -2.664331 -1.105158 110.306297
v -2.687252 -1.105299 104.624146
v -2.760534 -1.105158 110.306297
v -2.664331 -1.105158 110.306297
v 2.799469 -1.105158 110.306297
v 2.799543 -1.105299 104.624146
v -2.687252 -1.105299 104.624146
v -2.664331 -1.105158 110.306297
v 2.799543 -1.105299 104.624146
v 2.799469 -1.105158 110.306297
v 2.483110 -0.520172 110.306297
v 2.799699 -0.071320 110.306297
v 2.483110 -0.520172 110.306297
v 2.799469 -1.105158 110.306297
v -2.664331 -1.105158 110.306297
v -2.576167 -0.520173 110.306297
v 2.483110 -0.520172 110.306297
v -2.664331 -1.105158 110.306297
v -2.664331 -1.105158 110.306297
v -2.760534 -1.105158 110.306297
v -2.760303 -0.071320 110.306297
v -2.576167 -0.520173 110.306297
v -2.664331 -1.105158 110.306297
v -2.760303 -0.071320 110.306297
v -2.599090 -0.520314 104.624146
v -2.760229 -0.071461 104.624146
v -2.760459 -1.105299 104.624146
v -2.687252 -1.105299 104.624146
v -2.599090 -0.520314 104.624146
v -2.760459 -1.105299 104.624146
v -2.599090 -0.520314 104.624146
v -2.687252 -1.105299 104.624146
v 2.518525 -0.520314 104.624146
v 2.518525 -0.520314 104.624146
v -2.687252 -1.105299 104.624146
v 2.799543 -1.105299 104.624146
v 2.799543 -1.105299 104.624146
v 2.799776 -0.071461 104.624146
v 2.518525 -0.520314 104.624146
v -2.576167 -0.520173 110.306297
v -2.760303 -0.071320 110.306297
v -2.760229 -0.071461 104.624146
v -2.599090 -0.520314 104.624146
v -2.576167 -0.520173 110.306297
v -2.760229 -0.071461 104.624146
v -2.599090 -0.520314 104.624146
v 2.518525 -0.520314 104.624146
v 2.483110 -0.520172 110.306297
v -2.576167 -0.520173 110.306297
v -2.599090 -0.520314 104.624146
v 2.483110 -0.520172 110.306297
v -3.370235 -1.105158 110.306297
v -8.035152 -1.119327 110.306297
v -8.197054 -0.873930 110.306389
v -3.311922 -0.449820 110.307800
v -3.370235 -1.105158 110.306297
v -8.197054 -0.873930 110.306389
v -3.311922 -0.449820 110.307800
v -3.164411 -0.071320 110.306297
v -3.164641 -1.105158 110.306297
v -3.370235 -1.105158 110.306297
v -3.311922 -0.449820 110.307800
v -3.164641 -1.105158 110.306297
v -3.328506 -0.449961 104.625656
v -8.196980 -0.874071 104.624245
v -8.035080 -1.119468 104.624146
v -3.386817 -1.105299 104.624146
v -3.328506 -0.449961 104.625656
v -8.035080 -1.119468 104.624146
v -3.386817 -1.105299 104.624146
v -3.164566 -1.105299 104.624146
v -3.164335 -0.071461 104.624146
v -3.328506 -0.449961 104.625656
v -3.386817 -1.105299 104.624146
v -3.164335 -0.071461 104.624146
v -3.386817 -1.105299 104.624146
v -8.035080 -1.119468 104.624146
v -8.035152 -1.119327 110.306297
v -3.370235 -1.105158 110.306297
v -3.386817 -1.105299 104.624146
v -8.035152 -1.119327 110.306297
v -3.370235 -1.105158 110.306297
v -3.164641 -1.105158 110.306297
v -3.164566 -1.105299 104.624146
v -3.386817 -1.105299 104.624146
v -3.370235 -1.105158 110.306297
v -3.164566 -1.105299 104.624146
v -3.311922 -0.449820 110.307800
v -8.197054 -0.873930 110.306389
v -8.196980 -0.874071 104.624245
v -3.328506 -0.449961 104.625656
v -3.311922 -0.449820 110.307800
v -8.196980 -0.874071 104.624245
v -3.328506 -0.449961 104.625656
v -3.164335 -0.071461 104.624146
v -3.164411 -0.071320 110.306297
v -3.311922 -0.449820 110.307800
v -3.328506 -0.449961 104.625656
v -3.164411 -0.071320 110.306297
v -2.760528 -1.105152 115.350906
v -3.164635 -1.105152 115.350906
v -3.164404 -0.071314 115.350906
v -2.760297 -0.071314 115.350906
v -2.760528 -1.105152 115.350906
v -3.164404 -0.071314 115.350906
v -2.760223 -0.071455 109.668762
v -3.164330 -0.071455 109.668762
v -3.164560 -1.105293 109.668762
v -2.760453 -1.105293 109.668762
v -2.760223 -0.071455 109.668762
v -3.164560 -1.105293 109.668762
v 7.629712 -1.136617 115.350906
v 7.631311 -0.885985 115.350906
v 7.631387 -0.886127 109.668762
v 7.629788 -1.136758 109.668762
v 7.629712 -1.136617 115.350906
v 7.631387 -0.886127 109.668762
v -2.760453 -1.105293 109.668762
v -3.164560 -1.105293 109.668762
v -3.164635 -1.105152 115.350906
v -2.760528 -1.105152 115.350906
v -2.760453 -1.105293 109.668762
v -3.164635 -1.105152 115.350906
v -8.035073 -1.119462 109.668755
v -8.196974 -0.874065 109.668854
v -8.197049 -0.873924 115.351006
v -8.035147 -1.119321 115.350899
v -8.035073 -1.119462 109.668755
v -8.197049 -0.873924 115.351006
v -2.760297 -0.071314 115.350906
v -3.164404 -0.071314 115.350906
v -3.164330 -0.071455 109.668762
v -2.760223 -0.071455 109.668762
v -2.760297 -0.071314 115.350906
v -3.164330 -0.071455 109.668762
v 3.330904 -0.490474 109.670326
v 7.631387 -0.886127 109.668762
v 7.631311 -0.885985 115.350906
v 3.330831 -0.490333 115.352470
v 3.330904 -0.490474 109.670326
v 7.631311 -0.885985 115.350906
v 3.330831 -0.490333 115.352470
v 7.631311 -0.885985 115.350906
v 7.629712 -1.136617 115.350906
v 3.255441 -1.105152 115.350906
v 3.330831 -0.490333 115.352470
v 7.629712 -1.136617 115.350906
v 3.255441 -1.105152 115.350906
v 7.629712 -1.136617 115.350906
v 7.629788 -1.136758 109.668762
v 3.255514 -1.105293 109.668762
v 3.255441 -1.105152 115.350906
v 7.629788 -1.136758 109.668762
v 3.255514 -1.105293 109.668762
v 7.629788 -1.136758 109.668762
v 7.631387 -0.886127 109.668762
v 3.330904 -0.490474 109.670326
v 3.255514 -1.105293 109.668762
v 7.631387 -0.886127 109.668762
v 3.141961 -0.071314 115.350906
v 2.799706 -0.071314 115.350906
v 2.799779 -0.071455 109.668762
v 3.162333 -0.071455 109.668762
v 3.141961 -0.071314 115.350906
v 2.799779 -0.071455 109.668762
v 3.162333 -0.071455 109.668762
v 3.330904 -0.490474 109.670326
v 3.330831 -0.490333 115.352470
v 3.141961 -0.071314 115.350906
v 3.162333 -0.071455 109.668762
v 3.330831 -0.490333 115.352470
v 3.193783 -1.105152 115.350906
v 2.799475 -1.105152 115.350906
v 2.799706 -0.071314 115.350906
v 3.141961 -0.071314 115.350906
v 3.193783 -1.105152 115.350906
v 2.799706 -0.071314 115.350906
v 3.141961 -0.071314 115.350906
v 3.330831 -0.490333 115.352470
v 3.255441 -1.105152 115.350906
v 3.193783 -1.105152 115.350906
v 3.141961 -0.071314 115.350906
v 3.255441 -1.105152 115.350906
v 3.214154 -1.105293 109.668762
v 2.799549 -1.105293 109.668762
v 2.799475 -1.105152 115.350906
v 3.193783 -1.105152 115.350906
v 3.214154 -1.105293 109.668762
v 2.799475 -1.105152 115.350906
v 3.193783 -1.105152 115.350906
v 3.255441 -1.105152 115.350906
v 3.255514 -1.105293 109.668762
v 3.214154 -1.105293 109.668762
v 3.193783 -1.105152 115.350906
v 3.255514 -1.105293 109.668762
v 3.162333 -0.071455 109.668762
v 2.799779 -0.071455 109.668762
v 2.799549 -1.105293 109.668762
v 3.214154 -1.105293 109.668762
v 3.162333 -0.071455 109.668762
v 2.799549 -1.105293 109.668762
v 3.214154 -1.105293 109.668762
v 3.255514 -1.105293 109.668762
v 3.330904 -0.490474 109.670326
v 3.162333 -0.071455 109.668762
v 3.214154 -1.105293 109.668762
v 3.330904 -0.490474 109.670326
v 2.518530 -0.520307 109.668762
v 2.799779 -0.071455 109.668762
v 2.799706 -0.071314 115.350906
v 2.483116 -0.520166 115.350906
v 2.518530 -0.520307 109.668762
v 2.799706 -0.071314 115.350906
v -2.687246 -1.105293 109.668762
v -2.760453 -1.105293 109.668762
v -2.760528 -1.105152 115.350906
v -2.664324 -1.105152 115.350906
v -2.687246 -1.105293 109.668762
v -2.760528 -1.105152 115.350906
v -2.664324 -1.105152 115.350906
v 2.799475 -1.105152 115.350906
v 2.799549 -1.105293 109.668762
v -2.687246 -1.105293 109.668762
v -2.664324 -1.105152 115.350906
v 2.799549 -1.105293 109.668762
v 2.799475 -1.105152 115.350906
v 2.483116 -0.520166 115.350906
v 2.799706 -0.071314 115.350906
v 2.483116 -0.520166 115.350906
v 2.799475 -1.105152 115.350906
v -2.664324 -1.105152 115.350906
v -2.576160 -0.520167 115.350906
v 2.483116 -0.520166 115.350906
v -2.664324 -1.105152 115.350906
v -2.664324 -1.105152 115.350906
v -2.760528 -1.105152 115.350906
v -2.760297 -0.071314 115.350906
v -2.576160 -0.520167 115.350906
v -2.664324 -1.105152 115.350906
v -2.760297 -0.071314 115.350906
v -2.599084 -0.520308 109.668762
v -2.760223 -0.071455 109.668762
v -2.760453 -1.105293 109.668762
v -2.687246 -1.105293 109.668762
v -2.599084 -0.520308 109.668762
v -2.760453 -1.105293 109.668762
v -2.599084 -0.520308 109.668762
v -2.687246 -1.105293 109.668762
v 2.518530 -0.520307 109.668762
v 2.518530 -0.520307 109.668762
v -2.687246 -1.105293 109.668762
v 2.799549 -1.105293 109.668762
v 2.799549 -1.105293 109.668762
v 2.799779 -0.071455 109.668762
v 2.518530 -0.520307 109.668762
v -2.576160 -0.520167 115.350906
v -2.760297 -0.071314 115.350906
v -2.760223 -0.071455 109.668762
v -2.599084 -0.520308 109.668762
v -2.576160 -0.520167 115.350906
v -2.760223 -0.071455 109.668762
v -2.599084 -0.520308 109.668762
v 2.518530 -0.520307 109.668762
v 2.483116 -0.520166 115.350906
v -2.576160 -0.520167 115.350906
v -2.599084 -0.520308 109.668762
v 2.483116 -0.520166 115.350906
v -3.370229 -1.105152 115.350906
v -8.035147 -1.119321 115.350899
v -8.197049 -0.873924 115.351006
v -3.311914 -0.449813 115.352417
v -3.370229 -1.105152 115.350906
v -8.197049 -0.873924 115.351006
v -3.311914 -0.449813 115.352417
v -3.164404 -0.071314 115.350906
v -3.164635 -1.105152 115.350906
v -3.370229 -1.105152 115.350906
v -3.311914 -0.449813 115.352417
v -3.164635 -1.105152 115.350906
v -3.328500 -0.449955 109.670265
v -8.196974 -0.874065 109.668854
v -8.035073 -1.119462 109.668755
v -3.386812 -1.105293 109.668762
v -3.328500 -0.449955 109.670265
v -8.035073 -1.119462 109.668755
v -3.386812 -1.105293 109.668762
v -3.164560 -1.105293 109.668762
v -3.164330 -0.071455 109.668762
v -3.328500 -0.449955 109.670265
v -3.386812 -1.105293 109.668762
v -3.164330 -0.071455 109.668762
v -3.386812 -1.105293 109.668762
v -8.035073 -1.119462 109.668755
v -8.035147 -1.119321 115.350899
v -3.370229 -1.105152 115.350906
v -3.386812 -1.105293 109.668762
v -8.035147 -1.119321 115.350899
v -3.370229 -1.105152 115.350906
v -3.164635 -1.105152 115.350906
v -3.164560 -1.105293 109.668762
v -3.386812 -1.105293 109.668762
v -3.370229 -1.105152 115.350906
v -3.164560 -1.105293 109.668762
v -3.311914 -0.449813 115.352417
v -8.197049 -0.873924 115.351006
v -8.196974 -0.874065 109.668854
v -3.328500 -0.449955 109.670265
v -3.311914 -0.449813 115.352417
v -8.196974 -0.874065 109.668854
v -3.328500 -0.449955 109.670265
v -3.164330 -0.071455 109.668762
v -3.164404 -0.071314 115.350906
v -3.311914 -0.449813 115.352417
v -3.328500 -0.449955 109.670265
v -3.164404 -0.071314 115.350906
v -2.760534 -1.105158 121.033722
v -3.164641 -1.105158 121.033722
v -3.164411 -0.071320 121.033722
v -2.760303 -0.071320 121.033722
v -2.760534 -1.105158 121.033722
v -3.164411 -0.071320 121.033722
v -2.760229 -0.071461 115.351570
v -3.164335 -0.071461 115.351570
v -3.164566 -1.105299 115.351570
v -2.760459 -1.105299 115.351570
v -2.760229 -0.071461 115.351570
v -3.164566 -1.105299 115.351570
v 7.629706 -1.136623 121.033722
v 7.631306 -0.885992 121.033722
v 7.631379 -0.886133 115.351570
v 7.629779 -1.136764 115.351570
v 7.629706 -1.136623 121.033722
v 7.631379 -0.886133 115.351570
v -2.760459 -1.105299 115.351570
v -3.164566 -1.105299 115.351570
v -3.164641 -1.105158 121.033722
v -2.760534 -1.105158 121.033722
v -2.760459 -1.105299 115.351570
v -3.164641 -1.105158 121.033722
v -8.035080 -1.119468 115.351570
v -8.196980 -0.874071 115.351669
v -8.197054 -0.873930 121.033821
v -8.035152 -1.119327 121.033714
v -8.035080 -1.119468 115.351570
v -8.197054 -0.873930 121.033821
v -2.760303 -0.071320 121.033722
v -3.164411 -0.071320 121.033722
v -3.164335 -0.071461 115.351570
v -2.760229 -0.071461 115.351570
v -2.760303 -0.071320 121.033722
v -3.164335 -0.071461 115.351570
v 3.330898 -0.490481 115.353142
v 7.631379 -0.886133 115.351570
v 7.631306 -0.885992 121.033722
v 3.330825 -0.490339 121.035286
v 3.330898 -0.490481 115.353142
v 7.631306 -0.885992 121.033722
v 3.330825 -0.490339 121.035286
v 7.631306 -0.885992 121.033722
v 7.629706 -1.136623 121.033722
v 3.255435 -1.105158 121.033722
v 3.330825 -0.490339 121.035286
v 7.629706 -1.136623 121.033722
v 3.255435 -1.105158 121.033722
v 7.629706 -1.136623 121.033722
v 7.629779 -1.136764 115.351570
v 3.255508 -1.105299 115.351570
v 3.255435 -1.105158 121.033722
v 7.629779 -1.136764 115.351570
v 3.255508 -1.105299 115.351570
v 7.629779 -1.136764 115.351570
v 7.631379 -0.886133 115.351570
v 3.330898 -0.490481 115.353142
v 3.255508 -1.105299 115.351570
v 7.631379 -0.886133 115.351570
v 3.141954 -0.071320 121.033722
v 2.799699 -0.071320 121.033722
v 2.799776 -0.071461 115.351570
v 3.162327 -0.071461 115.351570
v 3.141954 -0.071320 121.033722
v 2.799776 -0.071461 115.351570
v 3.162327 -0.071461 115.351570
v 3.330898 -0.490481 115.353142
v 3.330825 -0.490339 121.035286
v 3.141954 -0.071320 121.033722
v 3.162327 -0.071461 115.351570
v 3.330825 -0.490339 121.035286
v 3.193777 -1.105158 121.033722
v 2.799469 -1.105158 121.033722
v 2.799699 -0.071320 121.033722
v 3.141954 -0.071320 121.033722
v 3.193777 -1.105158 121.033722
v 2.799699 -0.071320 121.033722
v 3.141954 -0.071320 121.033722
v 3.330825 -0.490339 121.035286
v 3.255435 -1.105158 121.033722
v 3.193777 -1.105158 121.033722
v 3.141954 -0.071320 121.033722
v 3.255435 -1.105158 121.033722
v 3.214148 -1.105299 115.351570
v 2.799543 -1.105299 115.351570
v 2.799469 -1.105158 121.033722
v 3.193777 -1.105158 121.033722
v 3.214148 -1.105299 115.351570
v 2.799469 -1.105158 121.033722
v 3.193777 -1.105158 121.033722
v 3.255435 -1.105158 121.033722
v 3.255508 -1.105299 115.351570
v 3.214148 -1.105299 115.351570
v 3.193777 -1.105158 121.033722
v 3.255508 -1.105299 115.351570
v 3.162327 -0.071461 115.351570
v 2.799776 -0.071461 115.351570
v 2.799543 -1.105299 115.351570
v 3.214148 -1.105299 115.351570
v 3.162327 -0.071461 115.351570
v 2.799543 -1.105299 115.351570
v 3.214148 -1.105299 115.351570
v 3.255508 -1.105299 115.351570
v 3.330898 -0.490481 115.353142
v 3.162327 -0.071461 115.351570
v 3.214148 -1.105299 115.351570
v 3.330898 -0.490481 115.353142
v 2.518525 -0.520314 115.351570
v 2.799776 -0.071461 115.351570
v 2.799699 -0.071320 121.033722
v 2.483110 -0.520172 121.033722
v 2.518525 -0.520314 115.351570
v 2.799699 -0.071320 121.033722
v -2.687252 -1.105299 115.351570
v -2.760459 -1.105299 115.351570
v -2.760534 -1.105158 121.033722
v -2.664331 -1.105158 121.033722
v -2.687252 -1.105299 115.351570
v -2.760534 -1.105158 121.033722
v -2.664331 -1.105158 121.033722
v 2.799469 -1.105158 121.033722
v 2.799543 -1.105299 115.351570
v -2.687252 -1.105299 115.351570
v -2.664331 -1.105158 121.033722
v 2.799543 -1.105299 115.351570
v 2.799469 -1.105158 121.033722
v 2.483110 -0.520172 121.033722
v 2.799699 -0.071320 121.033722
v 2.483110 -0.520172 121.033722
v 2.799469 -1.105158 121.033722
v -2.664331 -1.105158 121.033722
v -2.576167 -0.520173 121.033722
v 2.483110 -0.520172 121.033722
v -2.664331 -1.105158 121.033722
v -2.664331 -1.105158 121.033722
v -2.760534 -1.105158 121.033722
v -2.760303 -0.071320 121.033722
v -2.576167 -0.520173 121.033722
v -2.664331 -1.105158 121.033722
v -2.760303 -0.071320 121.033722
v -2.599090 -0.520314 115.351570
v -2.760229 -0.071461 115.351570
v -2.760459 -1.105299 115.351570
v -2.687252 -1.105299 115.351570
v -2.599090 -0.520314 115.351570
v -2.760459 -1.105299 115.351570
v -2.599090 -0.520314 115.351570
v -2.687252 -1.105299 115.351570
v 2.518525 -0.520314 115.351570
v 2.518525 -0.520314 115.351570
v -2.687252 -1.105299 115.351570
v 2.799543 -1.105299 115.351570
v 2.799543 -1.105299 115.351570
v 2.799776 -0.071461 115.351570
v 2.518525 -0.520314 115.351570
v -2.576167 -0.520173 121.033722
v -2.760303 -0.071320 121.033722
v -2.760229 -0.071461 115.351570
v -2.599090 -0.520314 115.351570
v -2.576167 -0.520173 121.033722
v -2.760229 -0.071461 115.351570
v -2.599090 -0.520314 115.351570
v 2.518525 -0.520314 115.351570
v 2.483110 -0.520172 121.033722
v -2.576167 -0.520173 121.033722
v -2.599090 -0.520314 115.351570
v 2.483110 -0.520172 121.033722
v -3.370235 -1.105158 121.033722
v -8.035152 -1.119327 121.033714
v -8.197054 -0.873930 121.033821
v -3.311922 -0.449820 121.035233
v -3.370235 -1.105158 121.033722
v -8.197054 -0.873930 121.033821
v -3.311922 -0.449820 121.035233
v -3.164411 -0.071320 121.033722
v -3.164641 -1.105158 121.033722
v -3.370235 -1.105158 121.033722
v -3.311922 -0.449820 121.035233
v -3.164641 -1.105158 121.033722
v -3.328506 -0.449961 115.353081
v -8.196980 -0.874071 115.351669
v -8.035080 -1.119468 115.351570
v -3.386817 -1.105299 115.351570
v -3.328506 -0.449961 115.353081
v -8.035080 -1.119468 115.351570
v -3.386817 -1.105299 115.351570
v -3.164566 -1.105299 115.351570
v -3.164335 -0.071461 115.351570
v -3.328506 -0.449961 115.353081
v -3.386817 -1.105299 115.351570
v -3.164335 -0.071461 115.351570
v -3.386817 -1.105299 115.351570
v -8.035080 -1.119468 115.351570
v -8.035152 -1.119327 121.033714
v -3.370235 -1.105158 121.033722
v -3.386817 -1.105299 115.351570
v -8.035152 -1.119327 121.033714
v -3.370235 -1.105158 121.033722
v -3.164641 -1.105158 121.033722
v -3.164566 -1.105299 115.351570
v -3.386817 -1.105299 115.351570
v -3.370235 -1.105158 121.033722
v -3.164566 -1.105299 115.351570
v -3.311922 -0.449820 121.035233
v -8.197054 -0.873930 121.033821
v -8.196980 -0.874071 115.351669
v -3.328506 -0.449961 115.353081
v -3.311922 -0.449820 121.035233
v -8.196980 -0.874071 115.351669
v -3.328506 -0.449961 115.353081
v -3.164335 -0.071461 115.351570
v -3.164411 -0.071320 121.033722
v -3.311922 -0.449820 121.035233
v -3.328506 -0.449961 115.353081
v -3.164411 -0.071320 121.033722
v -2.760528 -1.105152 -59.155369
v -3.164635 -1.105152 -59.155369
v -3.164404 -0.071314 -59.155369
v -2.760297 -0.071314 -59.155369
v -2.760528 -1.105152 -59.155369
v -3.164404 -0.071314 -59.155369
v -2.760223 -0.071455 -64.837524
v -3.164330 -0.071455 -64.837524
v -3.164560 -1.105293 -64.837524
v -2.760453 -1.105293 -64.837524
v -2.760223 -0.071455 -64.837524
v -3.164560 -1.105293 -64.837524
v 7.629712 -1.136617 -59.155369
v 7.631311 -0.885985 -59.155369
v 7.631387 -0.886127 -64.837524
v 7.629788 -1.136758 -64.837524
v 7.629712 -1.136617 -59.155369
v 7.631387 -0.886127 -64.837524
v -2.760453 -1.105293 -64.837524
v -3.164560 -1.105293 -64.837524
v -3.164635 -1.105152 -59.155369
v -2.760528 -1.105152 -59.155369
v -2.760453 -1.105293 -64.837524
v -3.164635 -1.105152 -59.155369
v -8.035073 -1.119462 -64.837532
v -8.196974 -0.874065 -64.837433
v -8.197049 -0.873924 -59.155270
v -8.035147 -1.119321 -59.155376
v -8.035073 -1.119462 -64.837532
v -8.197049 -0.873924 -59.155270
v -2.760297 -0.071314 -59.155369
v -3.164404 -0.071314 -59.155369
v -3.164330 -0.071455 -64.837524
v -2.760223 -0.071455 -64.837524
v -2.760297 -0.071314 -59.155369
v -3.164330 -0.071455 -64.837524
v 3.330904 -0.490474 -64.835960
v 7.631387 -0.886127 -64.837524
v 7.631311 -0.885985 -59.155369
v 3.330831 -0.490333 -59.153805
v 3.330904 -0.490474 -64.835960
v 7.631311 -0.885985 -59.155369
v 3.330831 -0.490333 -59.153805
v 7.631311 -0.885985 -59.155369
v 7.629712 -1.136617 -59.155369
v 3.255441 -1.105152 -59.155369
v 3.330831 -0.490333 -59.153805
v 7.629712 -1.136617 -59.155369
v 3.255441 -1.105152 -59.155369
v 7.629712 -1.136617 -59.155369
v 7.629788 -1.136758 -64.837524
v 3.255514 -1.105293 -64.837524
v 3.255441 -1.105152 -59.155369
v 7.629788 -1.136758 -64.837524
v 3.255514 -1.105293 -64.837524
v 7.629788 -1.136758 -64.837524
v 7.631387 -0.886127 -64.837524
v 3.330904 -0.490474 -64.835960
v 3.255514 -1.105293 -64.837524
v 7.631387 -0.886127 -64.837524
v 3.141961 -0.071314 -59.155369
v 2.799706 -0.071314 -59.155369
v 2.799779 -0.071455 -64.837524
v 3.162333 -0.071455 -64.837524
v 3.141961 -0.071314 -59.155369
v 2.799779 -0.071455 -64.837524
v 3.162333 -0.071455 -64.837524
v 3.330904 -0.490474 -64.835960
v 3.330831 -0.490333 -59.153805
v 3.141961 -0.071314 -59.155369
v 3.162333 -0.071455 -64.837524
v 3.330831 -0.490333 -59.153805
v 3.193783 -1.105152 -59.155369
v 2.799475 -1.105152 -59.155369
v 2.799706 -0.071314 -59.155369
v 3.141961 -0.071314 -59.155369
v 3.193783 -1.105152 -59.155369
v 2.799706 -0.071314 -59.155369
v 3.141961 -0.071314 -59.155369
v 3.330831 -0.490333 -59.153805
v 3.255441 -1.105152 -59.155369
v 3.193783 -1.105152 -59.155369
v 3.141961 -0.071314 -59.155369
v 3.255441 -1.105152 -59.155369
v 3.214154 -1.105293 -64.837524
v 2.799549 -1.105293 -64.837524
v 2.799475 -1.105152 -59.155369
v 3.193783 -1.105152 -59.155369
v 3.214154 -1.105293 -64.837524
v 2.799475 -1.105152 -59.155369
v 3.193783 -1.105152 -59.155369
v 3.255441 -1.105152 -59.155369
v 3.255514 -1.105293 -64.837524
v 3.214154 -1.105293 -64.837524
v 3.193783 -1.105152 -59.155369
v 3.255514 -1.105293 -64.837524
v 3.162333 -0.071455 -64.837524
v 2.799779 -0.071455 -64.837524
v 2.799549 -1.105293 -64.837524
v 3.214154 -1.105293 -64.837524
v 3.162333 -0.071455 -64.837524
v 2.799549 -1.105293 -64.837524
v 3.214154 -1.105293 -64.837524
v 3.255514 -1.105293 -64.837524
v 3.330904 -0.490474 -64.835960
v 3.162333 -0.071455 -64.837524
v 3.214154 -1.105293 -64.837524
v 3.330904 -0.490474 -64.835960
v 2.518530 -0.520307 -64.837524
v 2.799779 -0.071455 -64.837524
v 2.799706 -0.071314 -59.155369
v 2.483116 -0.520166 -59.155369
v 2.518530 -0.520307 -64.837524
v 2.799706 -0.071314 -59.155369
v -2.687246 -1.105293 -64.837524
v -2.760453 -1.105293 -64.837524
v -2.760528 -1.105152 -59.155369
v -2.664324 -1.105152 -59.155369
v -2.687246 -1.105293 -64.837524
v -2.760528 -1.105152 -59.155369
v -2.664324 -1.105152 -59.155369
v 2.799475 -1.105152 -59.155369
v 2.799549 -1.105293 -64.837524
v -2.687246 -1.105293 -64.837524
v -2.664324 -1.105152 -59.155369
v 2.799549 -1.105293 -64.837524
v 2.799475 -1.105152 -59.155369
v 2.483116 -0.520166 -59.155369
v 2.799706 -0.071314 -59.155369
v 2.483116 -0.520166 -59.155369
v 2.799475 -1.105152 -59.155369
v -2.664324 -1.105152 -59.155369
v -2.576160 -0.520167 -59.155369
v 2.483116 -0.520166 -59.155369
v -2.664324 -1.105152 -59.155369
v -2.664324 -1.105152 -59.155369
v -2.760528 -1.105152 -59.155369
v -2.760297 -0.071314 -59.155369
v -2.576160 -0.520167 -59.155369
v -2.664324 -1.105152 -59.155369
v -2.760297 -0.071314 -59.155369
v -2.599084 -0.520308 -64.837524
v -2.760223 -0.071455 -64.837524
v -2.760453 -1.105293 -64.837524
v -2.687246 -1.105293 -64.837524
v -2.599084 -0.520308 -64.837524
v -2.760453 -1.105293 -64.837524
v -2.599084 -0.520308 -64.837524
v -2.687246 -1.105293 -64.837524
v 2.518530 -0.520307 -64.837524
v 2.518530 -0.520307 -64.837524
v -2.687246 -1.105293 -64.837524
v 2.799549 -1.105293 -64.837524
v 2.799549 -1.105293 -64.837524
v 2.799779 -0.071455 -64.837524
v 2.518530 -0.520307 -64.837524
v -2.576160 -0.520167 -59.155369
v -2.760297 -0.071314 -59.155369
v -2.760223 -0.071455 -64.837524
v -2.599084 -0.520308 -64.837524
v -2.576160 -0.520167 -59.155369
v -2.760223 -0.071455 -64.837524
v -2.599084 -0.520308 -64.837524
v 2.518530 -0.520307 -64.837524
v 2.483116 -0.520166 -59.155369
v -2.576160 -0.520167 -59.155369
v -2.599084 -0.520308 -64.837524
v 2.483116 -0.520166 -59.155369
v -3.370229 -1.105152 -59.155369
v -8.035147 -1.119321 -59.155376
v -8.197049 -0.873924 -59.155270
v -3.311915 -0.449813 -59.153858
v -3.370229 -1.105152 -59.155369
v -8.197049 -0.873924 -59.155270
v -3.311915 -0.449813 -59.153858
v -3.164404 -0.071314 -59.155369
v -3.164635 -1.105152 -59.155369
v -3.370229 -1.105152 -59.155369
v -3.311915 -0.449813 -59.153858
v -3.164635 -1.105152 -59.155369
v -3.328500 -0.449955 -64.836014
v -8.196974 -0.874065 -64.837433
v -8.035073 -1.119462 -64.837532
v -3.386812 -1.105293 -64.837524
v -3.328500 -0.449955 -64.836014
v -8.035073 -1.119462 -64.837532
v -3.386812 -1.105293 -64.837524
v -3.164560 -1.105293 -64.837524
v -3.164330 -0.071455 -64.837524
v -3.328500 -0.449955 -64.836014
v -3.386812 -1.105293 -64.837524
v -3.164330 -0.071455 -64.837524
v -3.386812 -1.105293 -64.837524
v -8.035073 -1.119462 -64.837532
v -8.035147 -1.119321 -59.155376
v -3.370229 -1.105152 -59.155369
v -3.386812 -1.105293 -64.837524
v -8.035147 -1.119321 -59.155376
v -3.370229 -1.105152 -59.155369
v -3.164635 -1.105152 -59.155369
v -3.164560 -1.105293 -64.837524
v -3.386812 -1.105293 -64.837524
v -3.370229 -1.105152 -59.155369
v -3.164560 -1.105293 -64.837524
v -3.311915 -0.449813 -59.153858
v -8.197049 -0.873924 -59.155270
v -8.196974 -0.874065 -64.837433
v -3.328500 -0.449955 -64.836014
v -3.311915 -0.449813 -59.153858
v -8.196974 -0.874065 -64.837433
v -3.328500 -0.449955 -64.836014
v -3.164330 -0.071455 -64.837524
v -3.164404 -0.071314 -59.155369
v -3.311915 -0.449813 -59.153858
v -3.328500 -0.449955 -64.836014
v -3.164404 -0.071314 -59.155369
v -2.760534 -1.105158 -53.472561
v -3.164641 -1.105158 -53.472561
v -3.164411 -0.071320 -53.472561
v -2.760303 -0.071320 -53.472561
v -2.760534 -1.105158 -53.472561
v -3.164411 -0.071320 -53.472561
v -2.760229 -0.071461 -59.154705
v -3.164335 -0.071461 -59.154705
v -3.164566 -1.105299 -59.154705
v -2.760459 -1.105299 -59.154705
v -2.760229 -0.071461 -59.154705
v -3.164566 -1.105299 -59.154705
v 7.629706 -1.136623 -53.472561
v 7.631306 -0.885992 -53.472561
v 7.631379 -0.886133 -59.154705
v 7.629779 -1.136764 -59.154705
v 7.629706 -1.136623 -53.472561
v 7.631379 -0.886133 -59.154705
v -2.760459 -1.105299 -59.154705
v -3.164566 -1.105299 -59.154705
v -3.164641 -1.105158 -53.472561
v -2.760534 -1.105158 -53.472561
v -2.760459 -1.105299 -59.154705
v -3.164641 -1.105158 -53.472561
v -8.035080 -1.119468 -59.154705
v -8.196980 -0.874071 -59.154606
v -8.197054 -0.873930 -53.472462
v -8.035152 -1.119327 -53.472561
v -8.035080 -1.119468 -59.154705
v -8.197054 -0.873930 -53.472462
v -2.760303 -0.071320 -53.472561
v -3.164411 -0.071320 -53.472561
v -3.164335 -0.071461 -59.154705
v -2.760229 -0.071461 -59.154705
v -2.760303 -0.071320 -53.472561
v -3.164335 -0.071461 -59.154705
v 3.330898 -0.490481 -59.153141
v 7.631379 -0.886133 -59.154705
v 7.631306 -0.885992 -53.472561
v 3.330825 -0.490339 -53.470989
v 3.330898 -0.490481 -59.153141
v 7.631306 -0.885992 -53.472561
v 3.330825 -0.490339 -53.470989
v 7.631306 -0.885992 -53.472561
v 7.629706 -1.136623 -53.472561
v 3.255435 -1.105158 -53.472561
v 3.330825 -0.490339 -53.470989
v 7.629706 -1.136623 -53.472561
v 3.255435 -1.105158 -53.472561
v 7.629706 -1.136623 -53.472561
v 7.629779 -1.136764 -59.154705
v 3.255508 -1.105299 -59.154705
v 3.255435 -1.105158 -53.472561
v 7.629779 -1.136764 -59.154705
v 3.255508 -1.105299 -59.154705
v 7.629779 -1.136764 -59.154705
v 7.631379 -0.886133 -59.154705
v 3.330898 -0.490481 -59.153141
v 3.255508 -1.105299 -59.154705
v 7.631379 -0.886133 -59.154705
v 3.141954 -0.071320 -53.472561
v 2.799699 -0.071320 -53.472561
v 2.799776 -0.071461 -59.154705
v 3.162327 -0.071461 -59.154705
v 3.141954 -0.071320 -53.472561
v 2.799776 -0.071461 -59.154705
v 3.162327 -0.071461 -59.154705
v 3.330898 -0.490481 -59.153141
v 3.330825 -0.490339 -53.470989
v 3.141954 -0.071320 -53.472561
v 3.162327 -0.071461 -59.154705
v 3.330825 -0.490339 -53.470989
v 3.193777 -1.105158 -53.472561
v 2.799469 -1.105158 -53.472561
v 2.799699 -0.071320 -53.472561
v 3.141954 -0.071320 -53.472561
v 3.193777 -1.105158 -53.472561
v 2.799699 -0.071320 -53.472561
v 3.141954 -0.071320 -53.472561
v 3.330825 -0.490339 -53.470989
v 3.255435 -1.105158 -53.472561
v 3.193777 -1.105158 -53.472561
v 3.141954 -0.071320 -53.472561
v 3.255435 -1.105158 -53.472561
v 3.214148 -1.105299 -59.154705
v 2.799543 -1.105299 -59.154705
v 2.799469 -1.105158 -53.472561
v 3.193777 -1.105158 -53.472561
v 3.214148 -1.105299 -59.154705
v 2.799469 -1.105158 -53.472561
v 3.193777 -1.105158 -53.472561
v 3.255435 -1.105158 -53.472561
v 3.255508 -1.105299 -59.154705
v 3.214148 -1.105299 -59.154705
v 3.193777 -1.105158 -53.472561
v 3.255508 -1.105299 -59.154705
v 3.162327 -0.071461 -59.154705
v 2.799776 -0.071461 -59.154705
v 2.799543 -1.105299 -59.154705
v 3.214148 -1.105299 -59.154705
v 3.162327 -0.071461 -59.154705
v 2.799543 -1.105299 -59.154705
v 3.214148 -1.105299 -59.154705
v 3.255508 -1.105299 -59.154705
v 3.330898 -0.490481 -59.153141
v 3.162327 -0.071461 -59.154705
v 3.214148 -1.105299 -59.154705
v 3.330898 -0.490481 -59.153141
v 2.518525 -0.520314 -59.154705
v 2.799776 -0.071461 -59.154705
v 2.799699 -0.071320 -53.472561
v 2.483110 -0.520172 -53.472561
v 2.518525 -0.520314 -59.154705
v 2.799699 -0.071320 -53.472561
v -2.687252 -1.105299 -59.154705
v -2.760459 -1.105299 -59.154705
v -2.760534 -1.105158 -53.472561
v -2.664331 -1.105158 -53.472561
v -2.687252 -1.105299 -59.154705
v -2.760534 -1.105158 -53.472561
v -2.664331 -1.105158 -53.472561
v 2.799469 -1.105158 -53.472561
v 2.799543 -1.105299 -59.154705
v -2.687252 -1.105299 -59.154705
v -2.664331 -1.105158 -53.472561
v 2.799543 -1.105299 -59.154705
v 2.799469 -1.105158 -53.472561
v 2.483110 -0.520172 -53.472561
v 2.799699 -0.071320 -53.472561
v 2.483110 -0.520172 -53.472561
v 2.799469 -1.105158 -53.472561
v -2.664331 -1.105158 -53.472561
v -2.576167 -0.520173 -53.472561
v 2.483110 -0.520172 -53.472561
v -2.664331 -1.105158 -53.472561
v -2.664331 -1.105158 -53.472561
v -2.760534 -1.105158 -53.472561
v -2.760303 -0.071320 -53.472561
v -2.576167 -0.520173 -53.472561
v -2.664331 -1.105158 -53.472561
v -2.760303 -0.071320 -53.472561
v -2.599090 -0.520314 -59.154705
v -2.760229 -0.071461 -59.154705
v -2.760459 -1.105299 -59.154705
v -2.687252 -1.105299 -59.154705
v -2.599090 -0.520314 -59.154705
v -2.760459 -1.105299 -59.154705
v -2.599090 -0.520314 -59.154705
v -2.687252 -1.105299 -59.154705
v 2.518525 -0.520314 -59.154705
v 2.518525 -0.520314 -59.154705
v -2.687252 -1.105299 -59.154705
v 2.799543 -1.105299 -59.154705
v 2.799543 -1.105299 -59.154705
v 2.799776 -0.071461 -59.154705
v 2.518525 -0.520314 -59.154705
v -2.576167 -0.520173 -53.472561
v -2.760303 -0.071320 -53.472561
v -2.760229 -0.071461 -59.154705
v -2.599090 -0.520314 -59.154705
v -2.576167 -0.520173 -53.472561
v -2.760229 -0.071461 -59.154705
v -2.599090 -0.520314 -59.154705
v 2.518525 -0.520314 -59.154705
v 2.483110 -0.520172 -53.472561
v -2.576167 -0.520173 -53.472561
v -2.599090 -0.520314 -59.154705
v 2.483110 -0.520172 -53.472561
v -3.370235 -1.105158 -53.472561
v -8.035152 -1.119327 -53.472561
v -8.197054 -0.873930 -53.472462
v -3.311922 -0.449820 -53.471050
v -3.370235 -1.105158 -53.472561
v -8.197054 -0.873930 -53.472462
v -3.311922 -0.449820 -53.471050
v -3.164411 -0.071320 -53.472561
v -3.164641 -1.105158 -53.472561
v -3.370235 -1.105158 -53.472561
v -3.311922 -0.449820 -53.471050
v -3.164641 -1.105158 -53.472561
v -3.328506 -0.449961 -59.153194
v -8.196980 -0.874071 -59.154606
v -8.035080 -1.119468 -59.154705
v -3.386817 -1.105299 -59.154705
v -3.328506 -0.449961 -59.153194
v -8.035080 -1.119468 -59.154705
v -3.386817 -1.105299 -59.154705
v -3.164566 -1.105299 -59.154705
v -3.164335 -0.071461 -59.154705
v -3.328506 -0.449961 -59.153194
v -3.386817 -1.105299 -59.154705
v -3.164335 -0.071461 -59.154705
v -3.386817 -1.105299 -59.154705
v -8.035080 -1.119468 -59.154705
v -8.035152 -1.119327 -53.472561
v -3.370235 -1.105158 -53.472561
v -3.386817 -1.105299 -59.154705
v -8.035152 -1.119327 -53.472561
v -3.370235 -1.105158 -53.472561
v -3.164641 -1.105158 -53.472561
v -3.164566 -1.105299 -59.154705
v -3.386817 -1.105299 -59.154705
v -3.370235 -1.105158 -53.472561
v -3.164566 -1.105299 -59.154705
v -3.311922 -0.449820 -53.471050
v -8.197054 -0.873930 -53.472462
v -8.196980 -0.874071 -59.154606
v -3.328506 -0.449961 -59.153194
v -3.311922 -0.449820 -53.471050
v -8.196980 -0.874071 -59.154606
v -3.328506 -0.449961 -59.153194
v -3.164335 -0.071461 -59.154705
v -3.164411 -0.071320 -53.472561
v -3.311922 -0.449820 -53.471050
v -3.328506 -0.449961 -59.153194
v -3.164411 -0.071320 -53.472561
v -2.760528 -1.105152 -70.035942
v -3.164635 -1.105152 -70.035942
v -3.164405 -0.071314 -70.035942
v -2.760297 -0.071314 -70.035942
v -2.760528 -1.105152 -70.035942
v -3.164405 -0.071314 -70.035942
v -2.760223 -0.071455 -75.718094
v -3.164330 -0.071455 -75.718094
v -3.164560 -1.105293 -75.718094
v -2.760453 -1.105293 -75.718094
v -2.760223 -0.071455 -75.718094
v -3.164560 -1.105293 -75.718094
v 7.629712 -1.136617 -70.035942
v 7.631312 -0.885985 -70.035942
v 7.631387 -0.886127 -75.718094
v 7.629788 -1.136758 -75.718094
v 7.629712 -1.136617 -70.035942
v 7.631387 -0.886127 -75.718094
v -2.760453 -1.105293 -75.718094
v -3.164560 -1.105293 -75.718094
v -3.164635 -1.105152 -70.035942
v -2.760528 -1.105152 -70.035942
v -2.760453 -1.105293 -75.718094
v -3.164635 -1.105152 -70.035942
v -8.035072 -1.119462 -75.718102
v -8.196973 -0.874065 -75.718002
v -8.197049 -0.873924 -70.035851
v -8.035146 -1.119321 -70.035950
v -8.035072 -1.119462 -75.718102
v -8.197049 -0.873924 -70.035851
v -2.760297 -0.071314 -70.035942
v -3.164405 -0.071314 -70.035942
v -3.164330 -0.071455 -75.718094
v -2.760223 -0.071455 -75.718094
v -2.760297 -0.071314 -70.035942
v -3.164330 -0.071455 -75.718094
v 3.330904 -0.490474 -75.716530
v 7.631387 -0.886127 -75.718094
v 7.631312 -0.885985 -70.035942
v 3.330831 -0.490333 -70.034378
v 3.330904 -0.490474 -75.716530
v 7.631312 -0.885985 -70.035942
v 3.330831 -0.490333 -70.034378
v 7.631312 -0.885985 -70.035942
v 7.629712 -1.136617 -70.035942
v 3.255441 -1.105152 -70.035942
v 3.330831 -0.490333 -70.034378
v 7.629712 -1.136617 -70.035942
v 3.255441 -1.105152 -70.035942
v 7.629712 -1.136617 -70.035942
v 7.629788 -1.136758 -75.718094
v 3.255514 -1.105293 -75.718094
v 3.255441 -1.105152 -70.035942
v 7.629788 -1.136758 -75.718094
v 3.255514 -1.105293 -75.718094
v 7.629788 -1.136758 -75.718094
v 7.631387 -0.886127 -75.718094
v 3.330904 -0.490474 -75.716530
v 3.255514 -1.105293 -75.718094
v 7.631387 -0.886127 -75.718094
v 3.141961 -0.071314 -70.035942
v 2.799706 -0.071314 -70.035942
v 2.799779 -0.071455 -75.718094
v 3.162333 -0.071455 -75.718094
v 3.141961 -0.071314 -70.035942
v 2.799779 -0.071455 -75.718094
v 3.162333 -0.071455 -75.718094
v 3.330904 -0.490474 -75.716530
v 3.330831 -0.490333 -70.034378
v 3.141961 -0.071314 -70.035942
v 3.162333 -0.071455 -75.718094
v 3.330831 -0.490333 -70.034378
v 3.193783 -1.105152 -70.035942
v 2.799475 -1.105152 -70.035942
v 2.799706 -0.071314 -70.035942
v 3.141961 -0.071314 -70.035942
v 3.193783 -1.105152 -70.035942
v 2.799706 -0.071314 -70.035942
v 3.141961 -0.071314 -70.035942
v 3.330831 -0.490333 -70.034378
v 3.255441 -1.105152 -70.035942
v 3.193783 -1.105152 -70.035942
v 3.141961 -0.071314 -70.035942
v 3.255441 -1.105152 -70.035942
v 3.214154 -1.105293 -75.718094
v 2.799549 -1.105293 -75.718094
v 2.799475 -1.105152 -70.035942
v 3.193783 -1.105152 -70.035942
v 3.214154 -1.105293 -75.718094
v 2.799475 -1.105152 -70.035942
v 3.193783 -1.105152 -70.035942
v 3.255441 -1.105152 -70.035942
v 3.255514 -1.105293 -75.718094
v 3.214154 -1.105293 -75.718094
v 3.193783 -1.105152 -70.035942
v 3.255514 -1.105293 -75.718094
v 3.162333 -0.071455 -75.718094
v 2.799779 -0.071455 -75.718094
v 2.799549 -1.105293 -75.718094
v 3.214154 -1.105293 -75.718094
v 3.162333 -0.071455 -75.718094
v 2.799549 -1.105293 -75.718094
v 3.214154 -1.105293 -75.718094
v 3.255514 -1.105293 -75.718094
v 3.330904 -0.490474 -75.716530
v 3.162333 -0.071455 -75.718094
v 3.214154 -1.105293 -75.718094
v 3.330904 -0.490474 -75.716530
v 2.518530 -0.520307 -75.718094
v 2.799779 -0.071455 -75.718094
v 2.799706 -0.071314 -70.035942
v 2.483115 -0.520166 -70.035942
v 2.518530 -0.520307 -75.718094
v 2.799706 -0.071314 -70.035942
v -2.687246 -1.105293 -75.718094
v -2.760453 -1.105293 -75.718094
v -2.760528 -1.105152 -70.035942
v -2.664324 -1.105152 -70.035942
v -2.687246 -1.105293 -75.718094
v -2.760528 -1.105152 -70.035942
v -2.664324 -1.105152 -70.035942
v 2.799475 -1.105152 -70.035942
v 2.799549 -1.105293 -75.718094
v -2.687246 -1.105293 -75.718094
v -2.664324 -1.105152 -70.035942
v 2.799549 -1.105293 -75.718094
v 2.799475 -1.105152 -70.035942
v 2.483115 -0.520166 -70.035942
v 2.799706 -0.071314 -70.035942
v 2.483115 -0.520166 -70.035942
v 2.799475 -1.105152 -70.035942
v -2.664324 -1.105152 -70.035942
v -2.576160 -0.520167 -70.035942
v 2.483115 -0.520166 -70.035942
v -2.664324 -1.105152 -70.035942
v -2.664324 -1.105152 -70.035942
v -2.760528 -1.105152 -70.035942
v -2.760297 -0.071314 -70.035942
v -2.576160 -0.520167 -70.035942
v -2.664324 -1.105152 -70.035942
v -2.760297 -0.071314 -70.035942
v -2.599084 -0.520308 -75.718094
v -2.760223 -0.071455 -75.718094
v -2.760453 -1.105293 -75.718094
v -2.687246 -1.105293 -75.718094
v -2.599084 -0.520308 -75.718094
v -2.760453 -1.105293 -75.718094
v -2.599084 -0.520308 -75.718094
v -2.687246 -1.105293 -75.718094
v 2.518530 -0.520307 -75.718094
v 2.518530 -0.520307 -75.718094
v -2.687246 -1.105293 -75.718094
v 2.799549 -1.105293 -75.718094
v 2.799549 -1.105293 -75.718094
v 2.799779 -0.071455 -75.718094
v 2.518530 -0.520307 -75.718094
v -2.576160 -0.520167 -70.035942
v -2.760297 -0.071314 -70.035942
v -2.760223 -0.071455 -75.718094
v -2.599084 -0.520308 -75.718094
v -2.576160 -0.520167 -70.035942
v -2.760223 -0.071455 -75.718094
v -2.599084 -0.520308 -75.718094
v 2.518530 -0.520307 -75.718094
v 2.483115 -0.520166 -70.035942
v -2.576160 -0.520167 -70.035942
v -2.599084 -0.520308 -75.718094
v 2.483115 -0.520166 -70.035942
v -3.370229 -1.105152 -70.035942
v -8.035146 -1.119321 -70.035950
v -8.197049 -0.873924 -70.035851
v -3.311915 -0.449813 -70.034439
v -3.370229 -1.105152 -70.035942
v -8.197049 -0.873924 -70.035851
v -3.311915 -0.449813 -70.034439
v -3.164405 -0.071314 -70.035942
v -3.164635 -1.105152 -70.035942
v -3.370229 -1.105152 -70.035942
v -3.311915 -0.449813 -70.034439
v -3.164635 -1.105152 -70.035942
v -3.328500 -0.449955 -75.716583
v -8.196973 -0.874065 -75.718002
v -8.035072 -1.119462 -75.718102
v -3.386812 -1.105293 -75.718094
v -3.328500 -0.449955 -75.716583
v -8.035072 -1.119462 -75.718102
v -3.386812 -1.105293 -75.718094
v -3.164560 -1.105293 -75.718094
v -3.164330 -0.071455 -75.718094
v -3.328500 -0.449955 -75.716583
v -3.386812 -1.105293 -75.718094
v -3.164330 -0.071455 -75.718094
v -3.386812 -1.105293 -75.718094
v -8.035072 -1.119462 -75.718102
v -8.035146 -1.119321 -70.035950
v -3.370229 -1.105152 -70.035942
v -3.386812 -1.105293 -75.718094
v -8.035146 -1.119321 -70.035950
v -3.370229 -1.105152 -70.035942
v -3.164635 -1.105152 -70.035942
v -3.164560 -1.105293 -75.718094
v -3.386812 -1.105293 -75.718094
v -3.370229 -1.105152 -70.035942
v -3.164560 -1.105293 -75.718094
v -3.311915 -0.449813 -70.034439
v -8.197049 -0.873924 -70.035851
v -8.196973 -0.874065 -75.718002
v -3.328500 -0.449955 -75.716583
v -3.311915 -0.449813 -70.034439
v -8.196973 -0.874065 -75.718002
v -3.328500 -0.449955 -75.716583
v -3.164330 -0.071455 -75.718094
v -3.164405 -0.071314 -70.035942
v -3.311915 -0.449813 -70.034439
v -3.328500 -0.449955 -75.716583
v -3.164405 -0.071314 -70.035942
v -2.760534 -1.105158 -64.353127
v -3.164641 -1.105158 -64.353127
v -3.164411 -0.071320 -64.353127
v -2.760303 -0.071320 -64.353127
v -2.760534 -1.105158 -64.353127
v -3.164411 -0.071320 -64.353127
v -2.760229 -0.071461 -70.035286
v -3.164335 -0.071461 -70.035286
v -3.164566 -1.105299 -70.035286
v -2.760459 -1.105299 -70.035286
v -2.760229 -0.071461 -70.035286
v -3.164566 -1.105299 -70.035286
v 7.629706 -1.136623 -64.353127
v 7.631306 -0.885992 -64.353127
v 7.631379 -0.886133 -70.035286
v 7.629779 -1.136764 -70.035286
v 7.629706 -1.136623 -64.353127
v 7.631379 -0.886133 -70.035286
v -2.760459 -1.105299 -70.035286
v -3.164566 -1.105299 -70.035286
v -3.164641 -1.105158 -64.353127
v -2.760534 -1.105158 -64.353127
v -2.760459 -1.105299 -70.035286
v -3.164641 -1.105158 -64.353127
v -8.035080 -1.119468 -70.035286
v -8.196980 -0.874071 -70.035187
v -8.197053 -0.873930 -64.353035
v -8.035151 -1.119327 -64.353134
v -8.035080 -1.119468 -70.035286
v -8.197053 -0.873930 -64.353035
v -2.760303 -0.071320 -64.353127
v -3.164411 -0.071320 -64.353127
v -3.164335 -0.071461 -70.035286
v -2.760229 -0.071461 -70.035286
v -2.760303 -0.071320 -64.353127
v -3.164335 -0.071461 -70.035286
v 3.330898 -0.490481 -70.033714
v 7.631379 -0.886133 -70.035286
v 7.631306 -0.885992 -64.353127
v 3.330825 -0.490339 -64.351562
v 3.330898 -0.490481 -70.033714
v 7.631306 -0.885992 -64.353127
v 3.330825 -0.490339 -64.351562
v 7.631306 -0.885992 -64.353127
v 7.629706 -1.136623 -64.353127
v 3.255435 -1.105158 -64.353127
v 3.330825 -0.490339 -64.351562
v 7.629706 -1.136623 -64.353127
v 3.255435 -1.105158 -64.353127
v 7.629706 -1.136623 -64.353127
v 7.629779 -1.136764 -70.035286
v 3.255508 -1.105299 -70.035286
v 3.255435 -1.105158 -64.353127
v 7.629779 -1.136764 -70.035286
v 3.255508 -1.105299 -70.035286
v 7.629779 -1.136764 -70.035286
v 7.631379 -0.886133 -70.035286
v 3.330898 -0.490481 -70.033714
v 3.255508 -1.105299 -70.035286
v 7.631379 -0.886133 -70.035286
v 3.141954 -0.071320 -64.353127
v 2.799699 -0.071320 -64.353127
v 2.799776 -0.071461 -70.035286
v 3.162327 -0.071461 -70.035286
v 3.141954 -0.071320 -64.353127
v 2.799776 -0.071461 -70.035286
v 3.162327 -0.071461 -70.035286
v 3.330898 -0.490481 -70.033714
v 3.330825 -0.490339 -64.351562
v 3.141954 -0.071320 -64.353127
v 3.162327 -0.071461 -70.035286
v 3.330825 -0.490339 -64.351562
v 3.193777 -1.105158 -64.353127
v 2.799469 -1.105158 -64.353127
v 2.799699 -0.071320 -64.353127
v 3.141954 -0.071320 -64.353127
v 3.193777 -1.105158 -64.353127
v 2.799699 -0.071320 -64.353127
v 3.141954 -0.071320 -64.353127
v 3.330825 -0.490339 -64.351562
v 3.255435 -1.105158 -64.353127
v 3.193777 -1.105158 -64.353127
v 3.141954 -0.071320 -64.353127
v 3.255435 -1.105158 -64.353127
v 3.214148 -1.105299 -70.035286
v 2.799543 -1.105299 -70.035286
v 2.799469 -1.105158 -64.353127
v 3.193777 -1.105158 -64.353127
v 3.214148 -1.105299 -70.035286
v 2.799469 -1.105158 -64.353127
v 3.193777 -1.105158 -64.353127
v 3.255435 -1.105158 -64.353127
v 3.255508 -1.105299 -70.035286
v 3.214148 -1.105299 -70.035286
v 3.193777 -1.105158 -64.353127
v 3.255508 -1.105299 -70.035286
v 3.162327 -0.071461 -70.035286
v 2.799776 -0.071461 -70.035286
v 2.799543 -1.105299 -70.035286
v 3.214148 -1.105299 -70.035286
v 3.162327 -0.071461 -70.035286
v 2.799543 -1.105299 -70.035286
v 3.214148 -1.105299 -70.035286
v 3.255508 -1.105299 -70.035286
v 3.330898 -0.490481 -70.033714
v 3.162327 -0.071461 -70.035286
v 3.214148 -1.105299 -70.035286
v 3.330898 -0.490481 -70.033714
v 2.518525 -0.520314 -70.035286
v 2.799776 -0.071461 -70.035286
v 2.799699 -0.071320 -64.353127
v 2.483110 -0.520172 -64.353127
v 2.518525 -0.520314 -70.035286
v 2.799699 -0.071320 -64.353127
v -2.687252 -1.105299 -70.035286
v -2.760459 -1.105299 -70.035286
v -2.760534 -1.105158 -64.353127
v -2.664331 -1.105158 -64.353127
v -2.687252 -1.105299 -70.035286
v -2.760534 -1.105158 -64.353127
v -2.664331 -1.105158 -64.353127
v 2.799469 -1.105158 -64.353127
v 2.799543 -1.105299 -70.035286
v -2.687252 -1.105299 -70.035286
v -2.664331 -1.105158 -64.353127
v 2.799543 -1.105299 -70.035286
v 2.799469 -1.105158 -64.353127
v 2.483110 -0.520172 -64.353127
v 2.799699 -0.071320 -64.353127
v 2.483110 -0.520172 -64.353127
v 2.799469 -1.105158 -64.353127
v -2.664331 -1.105158 -64.353127
v -2.576167 -0.520173 -64.353127
v 2.483110 -0.520172 -64.353127
v -2.664331 -1.105158 -64.353127
v -2.664331 -1.105158 -64.353127
v -2.760534 -1.105158 -64.353127
v -2.760303 -0.071320 -64.353127
v -2.576167 -0.520173 -64.353127
v -2.664331 -1.105158 -64.353127
v -2.760303 -0.071320 -64.353127
v -2.599090 -0.520314 -70.035286
v -2.760229 -0.071461 -70.035286
v -2.760459 -1.105299 -70.035286
v -2.687252 -1.105299 -70.035286
v -2.599090 -0.520314 -70.035286
v -2.760459 -1.105299 -70.035286
v -2.599090 -0.520314 -70.035286
v -2.687252 -1.105299 -70.035286
v 2.518525 -0.520314 -70.035286
v 2.518525 -0.520314 -70.035286
v -2.687252 -1.105299 -70.035286
v 2.799543 -1.105299 -70.035286
v 2.799543 -1.105299 -70.035286
v 2.799776 -0.071461 -70.035286
v 2.518525 -0.520314 -70.035286
v -2.576167 -0.520173 -64.353127
v -2.760303 -0.071320 -64.353127
v -2.760229 -0.071461 -70.035286
v -2.599090 -0.520314 -70.035286
v -2.576167 -0.520173 -64.353127
v -2.760229 -0.071461 -70.035286
v -2.599090 -0.520314 -70.035286
v 2.518525 -0.520314 -70.035286
v 2.483110 -0.520172 -64.353127
v -2.576167 -0.520173 -64.353127
v -2.599090 -0.520314 -70.035286
v 2.483110 -0.520172 -64.353127
v -3.370235 -1.105158 -64.353127
v -8.035151 -1.119327 -64.353134
v -8.197053 -0.873930 -64.353035
v -3.311922 -0.449820 -64.351624
v -3.370235 -1.105158 -64.353127
v -8.197053 -0.873930 -64.353035
v -3.311922 -0.449820 -64.351624
v -3.164411 -0.071320 -64.353127
v -3.164641 -1.105158 -64.353127
v -3.370235 -1.105158 -64.353127
v -3.311922 -0.449820 -64.351624
v -3.164641 -1.105158 -64.353127
v -3.328506 -0.449961 -70.033775
v -8.196980 -0.874071 -70.035187
v -8.035080 -1.119468 -70.035286
v -3.386817 -1.105299 -70.035286
v -3.328506 -0.449961 -70.033775
v -8.035080 -1.119468 -70.035286
v -3.386817 -1.105299 -70.035286
v -3.164566 -1.105299 -70.035286
v -3.164335 -0.071461 -70.035286
v -3.328506 -0.449961 -70.033775
v -3.386817 -1.105299 -70.035286
v -3.164335 -0.071461 -70.035286
v -3.386817 -1.105299 -70.035286
v -8.035080 -1.119468 -70.035286
v -8.035151 -1.119327 -64.353134
v -3.370235 -1.105158 -64.353127
v -3.386817 -1.105299 -70.035286
v -8.035151 -1.119327 -64.353134
v -3.370235 -1.105158 -64.353127
v -3.164641 -1.105158 -64.353127
v -3.164566 -1.105299 -70.035286
v -3.386817 -1.105299 -70.035286
v -3.370235 -1.105158 -64.353127
v -3.164566 -1.105299 -70.035286
v -3.311922 -0.449820 -64.351624
v -8.197053 -0.873930 -64.353035
v -8.196980 -0.874071 -70.035187
v -3.328506 -0.449961 -70.033775
v -3.311922 -0.449820 -64.351624
v -8.196980 -0.874071 -70.035187
v -3.328506 -0.449961 -70.033775
v -3.164335 -0.071461 -70.035286
v -3.164411 -0.071320 -64.353127
v -3.311922 -0.449820 -64.351624
v -3.328506 -0.449961 -70.033775
v -3.164411 -0.071320 -64.353127
v -2.760528 -1.105152 -80.648689
v -3.164635 -1.105152 -80.648689
v -3.164405 -0.071314 -80.648689
v -2.760297 -0.071314 -80.648689
v -2.760528 -1.105152 -80.648689
v -3.164405 -0.071314 -80.648689
v -2.760223 -0.071455 -86.330841
v -3.164330 -0.071455 -86.330841
v -3.164561 -1.105293 -86.330841
v -2.760454 -1.105293 -86.330841
v -2.760223 -0.071455 -86.330841
v -3.164561 -1.105293 -86.330841
v 7.629712 -1.136617 -80.648689
v 7.631311 -0.885985 -80.648689
v 7.631387 -0.886127 -86.330841
v 7.629788 -1.136758 -86.330841
v 7.629712 -1.136617 -80.648689
v 7.631387 -0.886127 -86.330841
v -2.760454 -1.105293 -86.330841
v -3.164561 -1.105293 -86.330841
v -3.164635 -1.105152 -80.648689
v -2.760528 -1.105152 -80.648689
v -2.760454 -1.105293 -86.330841
v -3.164635 -1.105152 -80.648689
v -8.035072 -1.119462 -86.330841
v -8.196974 -0.874065 -86.330750
v -8.197049 -0.873924 -80.648590
v -8.035146 -1.119321 -80.648697
v -8.035072 -1.119462 -86.330841
v -8.197049 -0.873924 -80.648590
v -2.760297 -0.071314 -80.648689
v -3.164405 -0.071314 -80.648689
v -3.164330 -0.071455 -86.330841
v -2.760223 -0.071455 -86.330841
v -2.760297 -0.071314 -80.648689
v -3.164330 -0.071455 -86.330841
v 3.330904 -0.490474 -86.329277
v 7.631387 -0.886127 -86.330841
v 7.631311 -0.885985 -80.648689
v 3.330831 -0.490333 -80.647125
v 3.330904 -0.490474 -86.329277
v 7.631311 -0.885985 -80.648689
v 3.330831 -0.490333 -80.647125
v 7.631311 -0.885985 -80.648689
v 7.629712 -1.136617 -80.648689
v 3.255441 -1.105152 -80.648689
v 3.330831 -0.490333 -80.647125
v 7.629712 -1.136617 -80.648689
v 3.255441 -1.105152 -80.648689
v 7.629712 -1.136617 -80.648689
v 7.629788 -1.136758 -86.330841
v 3.255514 -1.105293 -86.330841
v 3.255441 -1.105152 -80.648689
v 7.629788 -1.136758 -86.330841
v 3.255514 -1.105293 -86.330841
v 7.629788 -1.136758 -86.330841
v 7.631387 -0.886127 -86.330841
v 3.330904 -0.490474 -86.329277
v 3.255514 -1.105293 -86.330841
v 7.631387 -0.886127 -86.330841
v 3.141961 -0.071314 -80.648689
v 2.799706 -0.071314 -80.648689
v 2.799779 -0.071455 -86.330841
v 3.162333 -0.071455 -86.330841
v 3.141961 -0.071314 -80.648689
v 2.799779 -0.071455 -86.330841
v 3.162333 -0.071455 -86.330841
v 3.330904 -0.490474 -86.329277
v 3.330831 -0.490333 -80.647125
v 3.141961 -0.071314 -80.648689
v 3.162333 -0.071455 -86.330841
v 3.330831 -0.490333 -80.647125
v 3.193783 -1.105152 -80.648689
v 2.799475 -1.105152 -80.648689
v 2.799706 -0.071314 -80.648689
v 3.141961 -0.071314 -80.648689
v 3.193783 -1.105152 -80.648689
v 2.799706 -0.071314 -80.648689
v 3.141961 -0.071314 -80.648689
v 3.330831 -0.490333 -80.647125
v 3.255441 -1.105152 -80.648689
v 3.193783 -1.105152 -80.648689
v 3.141961 -0.071314 -80.648689
v 3.255441 -1.105152 -80.648689
v 3.214153 -1.105293 -86.330841
v 2.799549 -1.105293 -86.330841
v 2.799475 -1.105152 -80.648689
v 3.193783 -1.105152 -80.648689
v 3.214153 -1.105293 -86.330841
v 2.799475 -1.105152 -80.648689
v 3.193783 -1.105152 -80.648689
v 3.255441 -1.105152 -80.648689
v 3.255514 -1.105293 -86.330841
v 3.214153 -1.105293 -86.330841
v 3.193783 -1.105152 -80.648689
v 3.255514 -1.105293 -86.330841
v 3.162333 -0.071455 -86.330841
v 2.799779 -0.071455 -86.330841
v 2.799549 -1.105293 -86.330841
v 3.214153 -1.105293 -86.330841
v 3.162333 -0.071455 -86.330841
v 2.799549 -1.105293 -86.330841
v 3.214153 -1.105293 -86.330841
v 3.255514 -1.105293 -86.330841
v 3.330904 -0.490474 -86.329277
v 3.162333 -0.071455 -86.330841
v 3.214153 -1.105293 -86.330841
v 3.330904 -0.490474 -86.329277
v 2.518530 -0.520307 -86.330841
v 2.799779 -0.071455 -86.330841
v 2.799706 -0.071314 -80.648689
v 2.483115 -0.520166 -80.648689
v 2.518530 -0.520307 -86.330841
v 2.799706 -0.071314 -80.648689
v -2.687246 -1.105293 -86.330841
v -2.760454 -1.105293 -86.330841
v -2.760528 -1.105152 -80.648689
v -2.664324 -1.105152 -80.648689
v -2.687246 -1.105293 -86.330841
v -2.760528 -1.105152 -80.648689
v -2.664324 -1.105152 -80.648689
v 2.799475 -1.105152 -80.648689
v 2.799549 -1.105293 -86.330841
v -2.687246 -1.105293 -86.330841
v -2.664324 -1.105152 -80.648689
v 2.799549 -1.105293 -86.330841
v 2.799475 -1.105152 -80.648689
v 2.483115 -0.520166 -80.648689
v 2.799706 -0.071314 -80.648689
v 2.483115 -0.520166 -80.648689
v 2.799475 -1.105152 -80.648689
v -2.664324 -1.105152 -80.648689
v -2.576160 -0.520167 -80.648689
v 2.483115 -0.520166 -80.648689
v -2.664324 -1.105152 -80.648689
v -2.664324 -1.105152 -80.648689
v -2.760528 -1.105152 -80.648689
v -2.760297 -0.071314 -80.648689
v -2.576160 -0.520167 -80.648689
v -2.664324 -1.105152 -80.648689
v -2.760297 -0.071314 -80.648689
v -2.599084 -0.520308 -86.330841
v -2.760223 -0.071455 -86.330841
v -2.760454 -1.105293 -86.330841
v -2.687246 -1.105293 -86.330841
v -2.599084 -0.520308 -86.330841
v -2.760454 -1.105293 -86.330841
v -2.599084 -0.520308 -86.330841
v -2.687246 -1.105293 -86.330841
v 2.518530 -0.520307 -86.330841
v 2.518530 -0.520307 -86.330841
v -2.687246 -1.105293 -86.330841
v 2.799549 -1.105293 -86.330841
v 2.799549 -1.105293 -86.330841
v 2.799779 -0.071455 -86.330841
v 2.518530 -0.520307 -86.330841
v -2.576160 -0.520167 -80.648689
v -2.760297 -0.071314 -80.648689
v -2.760223 -0.071455 -86.330841
v -2.599084 -0.520308 -86.330841
v -2.576160 -0.520167 -80.648689
v -2.760223 -0.071455 -86.330841
v -2.599084 -0.520308 -86.330841
v 2.518530 -0.520307 -86.330841
v 2.483115 -0.520166 -80.648689
v -2.576160 -0.520167 -80.648689
v -2.599084 -0.520308 -86.330841
v 2.483115 -0.520166 -80.648689
v -3.370229 -1.105152 -80.648689
v -8.035146 -1.119321 -80.648697
v -8.197049 -0.873924 -80.648590
v -3.311915 -0.449813 -80.647179
v -3.370229 -1.105152 -80.648689
v -8.197049 -0.873924 -80.648590
v -3.311915 -0.449813 -80.647179
v -3.164405 -0.071314 -80.648689
v -3.164635 -1.105152 -80.648689
v -3.370229 -1.105152 -80.648689
v -3.311915 -0.449813 -80.647179
v -3.164635 -1.105152 -80.648689
v -3.328500 -0.449955 -86.329330
v -8.196974 -0.874065 -86.330750
v -8.035072 -1.119462 -86.330841
v -3.386812 -1.105293 -86.330841
v -3.328500 -0.449955 -86.329330
v -8.035072 -1.119462 -86.330841
v -3.386812 -1.105293 -86.330841
v -3.164561 -1.105293 -86.330841
v -3.164330 -0.071455 -86.330841
v -3.328500 -0.449955 -86.329330
v -3.386812 -1.105293 -86.330841
v -3.164330 -0.071455 -86.330841
v -3.386812 -1.105293 -86.330841
v -8.035072 -1.119462 -86.330841
v -8.035146 -1.119321 -80.648697
v -3.370229 -1.105152 -80.648689
v -3.386812 -1.105293 -86.330841
v -8.035146 -1.119321 -80.648697
v -3.370229 -1.105152 -80.648689
v -3.164635 -1.105152 -80.648689
v -3.164561 -1.105293 -86.330841
v -3.386812 -1.105293 -86.330841
v -3.370229 -1.105152 -80.648689
v -3.164561 -1.105293 -86.330841
v -3.311915 -0.449813 -80.647179
v -8.197049 -0.873924 -80.648590
v -8.196974 -0.874065 -86.330750
v -3.328500 -0.449955 -86.329330
v -3.311915 -0.449813 -80.647179
v -8.196974 -0.874065 -86.330750
v -3.328500 -0.449955 -86.329330
v -3.164330 -0.071455 -86.330841
v -3.164405 -0.071314 -80.648689
v -3.311915 -0.449813 -80.647179
v -3.328500 -0.449955 -86.329330
v -3.164405 -0.071314 -80.648689
v -2.760534 -1.105158 -74.965881
v -3.164641 -1.105158 -74.965881
v -3.164411 -0.071320 -74.965881
v -2.760303 -0.071320 -74.965881
v -2.760534 -1.105158 -74.965881
v -3.164411 -0.071320 -74.965881
v -2.760229 -0.071461 -80.648026
v -3.164335 -0.071461 -80.648026
v -3.164566 -1.105299 -80.648026
v -2.760460 -1.105299 -80.648026
v -2.760229 -0.071461 -80.648026
v -3.164566 -1.105299 -80.648026
v 7.629706 -1.136623 -74.965881
v 7.631306 -0.885992 -74.965881
v 7.631379 -0.886133 -80.648026
v 7.629779 -1.136764 -80.648026
v 7.629706 -1.136623 -74.965881
v 7.631379 -0.886133 -80.648026
v -2.760460 -1.105299 -80.648026
v -3.164566 -1.105299 -80.648026
v -3.164641 -1.105158 -74.965881
v -2.760534 -1.105158 -74.965881
v -2.760460 -1.105299 -80.648026
v -3.164641 -1.105158 -74.965881
v -8.035080 -1.119468 -80.648026
v -8.196980 -0.874071 -80.647926
v -8.197053 -0.873930 -74.965782
v -8.035151 -1.119327 -74.965881
v -8.035080 -1.119468 -80.648026
v -8.197053 -0.873930 -74.965782
v -2.760303 -0.071320 -74.965881
v -3.164411 -0.071320 -74.965881
v -3.164335 -0.071461 -80.648026
v -2.760229 -0.071461 -80.648026
v -2.760303 -0.071320 -74.965881
v -3.164335 -0.071461 -80.648026
v 3.330898 -0.490481 -80.646454
v 7.631379 -0.886133 -80.648026
v 7.631306 -0.885992 -74.965881
v 3.330825 -0.490339 -74.964310
v 3.330898 -0.490481 -80.646454
v 7.631306 -0.885992 -74.965881
v 3.330825 -0.490339 -74.964310
v 7.631306 -0.885992 -74.965881
v 7.629706 -1.136623 -74.965881
v 3.255435 -1.105158 -74.965881
v 3.330825 -0.490339 -74.964310
v 7.629706 -1.136623 -74.965881
v 3.255435 -1.105158 -74.965881
v 7.629706 -1.136623 -74.965881
v 7.629779 -1.136764 -80.648026
v 3.255508 -1.105299 -80.648026
v 3.255435 -1.105158 -74.965881
v 7.629779 -1.136764 -80.648026
v 3.255508 -1.105299 -80.648026
v 7.629779 -1.136764 -80.648026
v 7.631379 -0.886133 -80.648026
v 3.330898 -0.490481 -80.646454
v 3.255508 -1.105299 -80.648026
v 7.631379 -0.886133 -80.648026
v 3.141954 -0.071320 -74.965881
v 2.799699 -0.071320 -74.965881
v 2.799776 -0.071461 -80.648026
v 3.162327 -0.071461 -80.648026
v 3.141954 -0.071320 -74.965881
v 2.799776 -0.071461 -80.648026
v 3.162327 -0.071461 -80.648026
v 3.330898 -0.490481 -80.646454
v 3.330825 -0.490339 -74.964310
v 3.141954 -0.071320 -74.965881
v 3.162327 -0.071461 -80.648026
v 3.330825 -0.490339 -74.964310
v 3.193777 -1.105158 -74.965881
v 2.799469 -1.105158 -74.965881
v 2.799699 -0.071320 -74.965881
v 3.141954 -0.071320 -74.965881
v 3.193777 -1.105158 -74.965881
v 2.799699 -0.071320 -74.965881
v 3.141954 -0.071320 -74.965881
v 3.330825 -0.490339 -74.964310
v 3.255435 -1.105158 -74.965881
v 3.193777 -1.105158 -74.965881
v 3.141954 -0.071320 -74.965881
v 3.255435 -1.105158 -74.965881
v 3.214148 -1.105299 -80.648026
v 2.799543 -1.105299 -80.648026
v 2.799469 -1.105158 -74.965881
v 3.193777 -1.105158 -74.965881
v 3.214148 -1.105299 -80.648026
v 2.799469 -1.105158 -74.965881
v 3.193777 -1.105158 -74.965881
v 3.255435 -1.105158 -74.965881
v 3.255508 -1.105299 -80.648026
v 3.214148 -1.105299 -80.648026
v 3.193777 -1.105158 -74.965881
v 3.255508 -1.105299 -80.648026
v 3.162327 -0.071461 -80.648026
v 2.799776 -0.071461 -80.648026
v 2.799543 -1.105299 -80.648026
v 3.214148 -1.105299 -80.648026
v 3.162327 -0.071461 -80.648026
v 2.799543 -1.105299 -80.648026
v 3.214148 -1.105299 -80.648026
v 3.255508 -1.105299 -80.648026
v 3.330898 -0.490481 -80.646454
v 3.162327 -0.071461 -80.648026
v 3.214148 -1.105299 -80.648026
v 3.330898 -0.490481 -80.646454
v 2.518525 -0.520314 -80.648026
v 2.799776 -0.071461 -80.648026
v 2.799699 -0.071320 -74.965881
v 2.483110 -0.520172 -74.965881
v 2.518525 -0.520314 -80.648026
v 2.799699 -0.071320 -74.965881
v -2.687252 -1.105299 -80.648026
v -2.760460 -1.105299 -80.648026
v -2.760534 -1.105158 -74.965881
v -2.664331 -1.105158 -74.965881
v -2.687252 -1.105299 -80.648026
v -2.760534 -1.105158 -74.965881
v -2.664331 -1.105158 -74.965881
v 2.799469 -1.105158 -74.965881
v 2.799543 -1.105299 -80.648026
v -2.687252 -1.105299 -80.648026
v -2.664331 -1.105158 -74.965881
v 2.799543 -1.105299 -80.648026
v 2.799469 -1.105158 -74.965881
v 2.483110 -0.520172 -74.965881
v 2.799699 -0.071320 -74.965881
v 2.483110 -0.520172 -74.965881
v 2.799469 -1.105158 -74.965881
v -2.664331 -1.105158 -74.965881
v -2.576167 -0.520173 -74.965881
v 2.483110 -0.520172 -74.965881
v -2.664331 -1.105158 -74.965881
v -2.664331 -1.105158 -74.965881
v -2.760534 -1.105158 -74.965881
v -2.760303 -0.071320 -74.965881
v -2.576167 -0.520173 -74.965881
v -2.664331 -1.105158 -74.965881
v -2.760303 -0.071320 -74.965881
v -2.599090 -0.520314 -80.648026
v -2.760229 -0.071461 -80.648026
v -2.760460 -1.105299 -80.648026
v -2.687252 -1.105299 -80.648026
v -2.599090 -0.520314 -80.648026
v -2.760460 -1.105299 -80.648026
v -2.599090 -0.520314 -80.648026
v -2.687252 -1.105299 -80.648026
v 2.518525 -0.520314 -80.648026
v 2.518525 -0.520314 -80.648026
v -2.687252 -1.105299 -80.648026
v 2.799543 -1.105299 -80.648026
v 2.799543 -1.105299 -80.648026
v 2.799776 -0.071461 -80.648026
v 2.518525 -0.520314 -80.648026
v -2.576167 -0.520173 -74.965881
v -2.760303 -0.071320 -74.965881
v -2.760229 -0.071461 -80.648026
v -2.599090 -0.520314 -80.648026
v -2.576167 -0.520173 -74.965881
v -2.760229 -0.071461 -80.648026
v -2.599090 -0.520314 -80.648026
v 2.518525 -0.520314 -80.648026
v 2.483110 -0.520172 -74.965881
v -2.576167 -0.520173 -74.965881
v -2.599090 -0.520314 -80.648026
v 2.483110 -0.520172 -74.965881
v -3.370235 -1.105158 -74.965881
v -8.035151 -1.119327 -74.965881
v -8.197053 -0.873930 -74.965782
v -3.311922 -0.449820 -74.964371
v -3.370235 -1.105158 -74.965881
v -8.197053 -0.873930 -74.965782
v -3.311922 -0.449820 -74.964371
v -3.164411 -0.071320 -74.965881
v -3.164641 -1.105158 -74.965881
v -3.370235 -1.105158 -74.965881
v -3.311922 -0.449820 -74.964371
v -3.164641 -1.105158 -74.965881
v -3.328506 -0.449961 -80.646515
v -8.196980 -0.874071 -80.647926
v -8.035080 -1.119468 -80.648026
v -3.386817 -1.105299 -80.648026
v -3.328506 -0.449961 -80.646515
v -8.035080 -1.119468 -80.648026
v -3.386817 -1.105299 -80.648026
v -3.164566 -1.105299 -80.648026
v -3.164335 -0.071461 -80.648026
v -3.328506 -0.449961 -80.646515
v -3.386817 -1.105299 -80.648026
v -3.164335 -0.071461 -80.648026
v -3.386817 -1.105299 -80.648026
v -8.035080 -1.119468 -80.648026
v -8.035151 -1.119327 -74.965881
v -3.370235 -1.105158 -74.965881
v -3.386817 -1.105299 -80.648026
v -8.035151 -1.119327 -74.965881
v -3.370235 -1.105158 -74.965881
v -3.164641 -1.105158 -74.965881
v -3.164566 -1.105299 -80.648026
v -3.386817 -1.105299 -80.648026
v -3.370235 -1.105158 -74.965881
v -3.164566 -1.105299 -80.648026
v -3.311922 -0.449820 -74.964371
v -8.197053 -0.873930 -74.965782
v -8.196980 -0.874071 -80.647926
v -3.328506 -0.449961 -80.646515
v -3.311922 -0.449820 -74.964371
v -8.196980 -0.874071 -80.647926
v -3.328506 -0.449961 -80.646515
v -3.164335 -0.071461 -80.648026
v -3.164411 -0.071320 -74.965881
v -3.311922 -0.449820 -74.964371
v -3.328506 -0.449961 -80.646515
v -3.164411 -0.071320 -74.965881
v -2.760528 -1.105152 -92.341766
v -3.164635 -1.105152 -92.341766
v -3.164405 -0.071314 -92.341766
v -2.760297 -0.071314 -92.341766
v -2.760528 -1.105152 -92.341766
v -3.164405 -0.071314 -92.341766
v -2.760223 -0.071455 -99.671684
v -3.164330 -0.071455 -99.671684
v -3.164560 -1.105293 -99.671684
v -2.760453 -1.105293 -99.671684
v -2.760223 -0.071455 -99.671684
v -3.164560 -1.105293 -99.671684
v 7.629712 -1.136617 -92.341766
v 7.631311 -0.885985 -92.341766
v 7.631387 -0.886127 -99.671684
v 7.629788 -1.136758 -99.671684
v 7.629712 -1.136617 -92.341766
v 7.631387 -0.886127 -99.671684
v -2.760453 -1.105293 -99.671684
v -3.164560 -1.105293 -99.671684
v -3.164635 -1.105152 -92.341766
v -2.760528 -1.105152 -92.341766
v -2.760453 -1.105293 -99.671684
v -3.164635 -1.105152 -92.341766
v -8.035072 -1.119462 -99.671684
v -8.196974 -0.874065 -99.671562
v -8.197049 -0.873924 -92.341644
v -8.035147 -1.119321 -92.341774
v -8.035072 -1.119462 -99.671684
v -8.197049 -0.873924 -92.341644
v -2.760297 -0.071314 -92.341766
v -3.164405 -0.071314 -92.341766
v -3.164330 -0.071455 -99.671684
v -2.760223 -0.071455 -99.671684
v -2.760297 -0.071314 -92.341766
v -3.164330 -0.071455 -99.671684
v 3.330904 -0.490474 -99.669662
v 7.631387 -0.886127 -99.671684
v 7.631311 -0.885985 -92.341766
v 3.330831 -0.490333 -92.339745
v 3.330904 -0.490474 -99.669662
v 7.631311 -0.885985 -92.341766
v 3.330831 -0.490333 -92.339745
v 7.631311 -0.885985 -92.341766
v 7.629712 -1.136617 -92.341766
v 3.255441 -1.105152 -92.341766
v 3.330831 -0.490333 -92.339745
v 7.629712 -1.136617 -92.341766
v 3.255441 -1.105152 -92.341766
v 7.629712 -1.136617 -92.341766
v 7.629788 -1.136758 -99.671684
v 3.255514 -1.105293 -99.671684
v 3.255441 -1.105152 -92.341766
v 7.629788 -1.136758 -99.671684
v 3.255514 -1.105293 -99.671684
v 7.629788 -1.136758 -99.671684
v 7.631387 -0.886127 -99.671684
v 3.330904 -0.490474 -99.669662
v 3.255514 -1.105293 -99.671684
v 7.631387 -0.886127 -99.671684
v 3.141961 -0.071314 -92.341766
v 2.799706 -0.071314 -92.341766
v 2.799779 -0.071455 -99.671684
v 3.162333 -0.071455 -99.671684
v 3.141961 -0.071314 -92.341766
v 2.799779 -0.071455 -99.671684
v 3.162333 -0.071455 -99.671684
v 3.330904 -0.490474 -99.669662
v 3.330831 -0.490333 -92.339745
v 3.141961 -0.071314 -92.341766
v 3.162333 -0.071455 -99.671684
v 3.330831 -0.490333 -92.339745
v 3.193783 -1.105152 -92.341766
v 2.799475 -1.105152 -92.341766
v 2.799706 -0.071314 -92.341766
v 3.141961 -0.071314 -92.341766
v 3.193783 -1.105152 -92.341766
v 2.799706 -0.071314 -92.341766
v 3.141961 -0.071314 -92.341766
v 3.330831 -0.490333 -92.339745
v 3.255441 -1.105152 -92.341766
v 3.193783 -1.105152 -92.341766
v 3.141961 -0.071314 -92.341766
v 3.255441 -1.105152 -92.341766
v 3.214154 -1.105293 -99.671684
v 2.799549 -1.105293 -99.671684
v 2.799475 -1.105152 -92.341766
v 3.193783 -1.105152 -92.341766
v 3.214154 -1.105293 -99.671684
v 2.799475 -1.105152 -92.341766
v 3.193783 -1.105152 -92.341766
v 3.255441 -1.105152 -92.341766
v 3.255514 -1.105293 -99.671684
v 3.214154 -1.105293 -99.671684
v 3.193783 -1.105152 -92.341766
v 3.255514 -1.105293 -99.671684
v 3.162333 -0.071455 -99.671684
v 2.799779 -0.071455 -99.671684
v 2.799549 -1.105293 -99.671684
v 3.214154 -1.105293 -99.671684
v 3.162333 -0.071455 -99.671684
v 2.799549 -1.105293 -99.671684
v 3.214154 -1.105293 -99.671684
v 3.255514 -1.105293 -99.671684
v 3.330904 -0.490474 -99.669662
v 3.162333 -0.071455 -99.671684
v 3.214154 -1.105293 -99.671684
v 3.330904 -0.490474 -99.669662
v 2.518530 -0.520307 -99.671684
v 2.799779 -0.071455 -99.671684
v 2.799706 -0.071314 -92.341766
v 2.483115 -0.520166 -92.341766
v 2.518530 -0.520307 -99.671684
v 2.799706 -0.071314 -92.341766
v -2.687246 -1.105293 -99.671684
v -2.760453 -1.105293 -99.671684
v -2.760528 -1.105152 -92.341766
v -2.664324 -1.105152 -92.341766
v -2.687246 -1.105293 -99.671684
v -2.760528 -1.105152 -92.341766
v -2.664324 -1.105152 -92.341766
v 2.799475 -1.105152 -92.341766
v 2.799549 -1.105293 -99.671684
v -2.687246 -1.105293 -99.671684
v -2.664324 -1.105152 -92.341766
v 2.799549 -1.105293 -99.671684
v 2.799475 -1.105152 -92.341766
v 2.483115 -0.520166 -92.341766
v 2.799706 -0.071314 -92.341766
v 2.483115 -0.520166 -92.341766
v 2.799475 -1.105152 -92.341766
v -2.664324 -1.105152 -92.341766
v -2.576160 -0.520167 -92.341766
v 2.483115 -0.520166 -92.341766
v -2.664324 -1.105152 -92.341766
v -2.664324 -1.105152 -92.341766
v -2.760528 -1.105152 -92.341766
v -2.760297 -0.071314 -92.341766
v -2.576160 -0.520167 -92.341766
v -2.664324 -1.105152 -92.341766
v -2.760297 -0.071314 -92.341766
v -2.599084 -0.520308 -99.671684
v -2.760223 -0.071455 -99.671684
v -2.760453 -1.105293 -99.671684
v -2.687246 -1.105293 -99.671684
v -2.599084 -0.520308 -99.671684
v -2.760453 -1.105293 -99.671684
v -2.599084 -0.520308 -99.671684
v -2.687246 -1.105293 -99.671684
v 2.518530 -0.520307 -99.671684
v 2.518530 -0.520307 -99.671684
v -2.687246 -1.105293 -99.671684
v 2.799549 -1.105293 -99.671684
v 2.799549 -1.105293 -99.671684
v 2.799779 -0.071455 -99.671684
v 2.518530 -0.520307 -99.671684
v -2.576160 -0.520167 -92.341766
v -2.760297 -0.071314 -92.341766
v -2.760223 -0.071455 -99.671684
v -2.599084 -0.520308 -99.671684
v -2.576160 -0.520167 -92.341766
v -2.760223 -0.071455 -99.671684
v -2.599084 -0.520308 -99.671684
v 2.518530 -0.520307 -99.671684
v 2.483115 -0.520166 -92.341766
v -2.576160 -0.520167 -92.341766
v -2.599084 -0.520308 -99.671684
v 2.483115 -0.520166 -92.341766
v -3.370229 -1.105152 -92.341766
v -8.035147 -1.119321 -92.341774
v -8.197049 -0.873924 -92.341644
v -3.311915 -0.449813 -92.339821
v -3.370229 -1.105152 -92.341766
v -8.197049 -0.873924 -92.341644
v -3.311915 -0.449813 -92.339821
v -3.164405 -0.071314 -92.341766
v -3.164635 -1.105152 -92.341766
v -3.370229 -1.105152 -92.341766
v -3.311915 -0.449813 -92.339821
v -3.164635 -1.105152 -92.341766
v -3.328500 -0.449955 -99.669739
v -8.196974 -0.874065 -99.671562
v -8.035072 -1.119462 -99.671684
v -3.386812 -1.105293 -99.671684
v -3.328500 -0.449955 -99.669739
v -8.035072 -1.119462 -99.671684
v -3.386812 -1.105293 -99.671684
v -3.164560 -1.105293 -99.671684
v -3.164330 -0.071455 -99.671684
v -3.328500 -0.449955 -99.669739
v -3.386812 -1.105293 -99.671684
v -3.164330 -0.071455 -99.671684
v -3.386812 -1.105293 -99.671684
v -8.035072 -1.119462 -99.671684
v -8.035147 -1.119321 -92.341774
v -3.370229 -1.105152 -92.341766
v -3.386812 -1.105293 -99.671684
v -8.035147 -1.119321 -92.341774
v -3.370229 -1.105152 -92.341766
v -3.164635 -1.105152 -92.341766
v -3.164560 -1.105293 -99.671684
v -3.386812 -1.105293 -99.671684
v -3.370229 -1.105152 -92.341766
v -3.164560 -1.105293 -99.671684
v -3.311915 -0.449813 -92.339821
v -8.197049 -0.873924 -92.341644
v -8.196974 -0.874065 -99.671562
v -3.328500 -0.449955 -99.669739
v -3.311915 -0.449813 -92.339821
v -8.196974 -0.874065 -99.671562
v -3.328500 -0.449955 -99.669739
v -3.164330 -0.071455 -99.671684
v -3.164405 -0.071314 -92.341766
v -3.311915 -0.449813 -92.339821
v -3.328500 -0.449955 -99.669739
v -3.164405 -0.071314 -92.341766
v -2.760534 -1.105158 -85.010994
v -3.164641 -1.105158 -85.010994
v -3.164411 -0.071320 -85.010994
v -2.760303 -0.071320 -85.010994
v -2.760534 -1.105158 -85.010994
v -3.164411 -0.071320 -85.010994
v -2.760229 -0.071461 -92.340912
v -3.164335 -0.071461 -92.340912
v -3.164566 -1.105299 -92.340912
v -2.760459 -1.105299 -92.340912
v -2.760229 -0.071461 -92.340912
v -3.164566 -1.105299 -92.340912
v 7.629706 -1.136623 -85.010994
v 7.631306 -0.885992 -85.010994
v 7.631379 -0.886133 -92.340912
v 7.629779 -1.136764 -92.340912
v 7.629706 -1.136623 -85.010994
v 7.631379 -0.886133 -92.340912
v -2.760459 -1.105299 -92.340912
v -3.164566 -1.105299 -92.340912
v -3.164641 -1.105158 -85.010994
v -2.760534 -1.105158 -85.010994
v -2.760459 -1.105299 -92.340912
v -3.164641 -1.105158 -85.010994
v -8.035080 -1.119468 -92.340912
v -8.196980 -0.874071 -92.340790
v -8.197053 -0.873930 -85.010872
v -8.035151 -1.119327 -85.011002
v -8.035080 -1.119468 -92.340912
v -8.197053 -0.873930 -85.010872
v -2.760303 -0.071320 -85.010994
v -3.164411 -0.071320 -85.010994
v -3.164335 -0.071461 -92.340912
v -2.760229 -0.071461 -92.340912
v -2.760303 -0.071320 -85.010994
v -3.164335 -0.071461 -92.340912
v 3.330898 -0.490481 -92.338890
v 7.631379 -0.886133 -92.340912
v 7.631306 -0.885992 -85.010994
v 3.330825 -0.490339 -85.008980
v 3.330898 -0.490481 -92.338890
v 7.631306 -0.885992 -85.010994
v 3.330825 -0.490339 -85.008980
v 7.631306 -0.885992 -85.010994
v 7.629706 -1.136623 -85.010994
v 3.255435 -1.105158 -85.010994
v 3.330825 -0.490339 -85.008980
v 7.629706 -1.136623 -85.010994
v 3.255435 -1.105158 -85.010994
v 7.629706 -1.136623 -85.010994
v 7.629779 -1.136764 -92.340912
v 3.255508 -1.105299 -92.340912
v 3.255435 -1.105158 -85.010994
v 7.629779 -1.136764 -92.340912
v 3.255508 -1.105299 -92.340912
v 7.629779 -1.136764 -92.340912
v 7.631379 -0.886133 -92.340912
v 3.330898 -0.490481 -92.338890
v 3.255508 -1.105299 -92.340912
v 7.631379 -0.886133 -92.340912
v 3.141954 -0.071320 -85.010994
v 2.799699 -0.071320 -85.010994
v 2.799776 -0.071461 -92.340912
v 3.162327 -0.071461 -92.340912
v 3.141954 -0.071320 -85.010994
v 2.799776 -0.071461 -92.340912
v 3.162327 -0.071461 -92.340912
v 3.330898 -0.490481 -92.338890
v 3.330825 -0.490339 -85.008980
v 3.141954 -0.071320 -85.010994
v 3.162327 -0.071461 -92.340912
v 3.330825 -0.490339 -85.008980
v 3.193777 -1.105158 -85.010994
v 2.799469 -1.105158 -85.010994
v 2.799699 -0.071320 -85.010994
v 3.141954 -0.071320 -85.010994
v 3.193777 -1.105158 -85.010994
v 2.799699 -0.071320 -85.010994
v 3.141954 -0.071320 -85.010994
v 3.330825 -0.490339 -85.008980
v 3.255435 -1.105158 -85.010994
v 3.193777 -1.105158 -85.010994
v 3.141954 -0.071320 -85.010994
v 3.255435 -1.105158 -85.010994
v 3.214148 -1.105299 -92.340912
v 2.799543 -1.105299 -92.340912
v 2.799469 -1.105158 -85.010994
v 3.193777 -1.105158 -85.010994
v 3.214148 -1.105299 -92.340912
v 2.799469 -1.105158 -85.010994
v 3.193777 -1.105158 -85.010994
v 3.255435 -1.105158 -85.010994
v 3.255508 -1.105299 -92.340912
v 3.214148 -1.105299 -92.340912
v 3.193777 -1.105158 -85.010994
v 3.255508 -1.105299 -92.340912
v 3.162327 -0.071461 -92.340912
v 2.799776 -0.071461 -92.340912
v 2.799543 -1.105299 -92.340912
v 3.214148 -1.105299 -92.340912
v 3.162327 -0.071461 -92.340912
v 2.799543 -1.105299 -92.340912
v 3.214148 -1.105299 -92.340912
v 3.255508 -1.105299 -92.340912
v 3.330898 -0.490481 -92.338890
v 3.162327 -0.071461 -92.340912
v 3.214148 -1.105299 -92.340912
v 3.330898 -0.490481 -92.338890
v 2.518525 -0.520314 -92.340912
v 2.799776 -0.071461 -92.340912
v 2.799699 -0.071320 -85.010994
v 2.483110 -0.520172 -85.010994
v 2.518525 -0.520314 -92.340912
v 2.799699 -0.071320 -85.010994
v -2.687252 -1.105299 -92.340912
v -2.760459 -1.105299 -92.340912
v -2.760534 -1.105158 -85.010994
v -2.664331 -1.105158 -85.010994
v -2.687252 -1.105299 -92.340912
v -2.760534 -1.105158 -85.010994
v -2.664331 -1.105158 -85.010994
v 2.799469 -1.105158 -85.010994
v 2.799543 -1.105299 -92.340912
v -2.687252 -1.105299 -92.340912
v -2.664331 -1.105158 -85.010994
v 2.799543 -1.105299 -92.340912
v 2.799469 -1.105158 -85.010994
v 2.483110 -0.520172 -85.010994
v 2.799699 -0.071320 -85.010994
v 2.483110 -0.520172 -85.010994
v 2.799469 -1.105158 -85.010994
v -2.664331 -1.105158 -85.010994
v -2.576167 -0.520173 -85.010994
v 2.483110 -0.520172 -85.010994
v -2.664331 -1.105158 -85.010994
v -2.664331 -1.105158 -85.010994
v -2.760534 -1.105158 -85.010994
v -2.760303 -0.071320 -85.010994
v -2.576167 -0.520173 -85.010994
v -2.664331 -1.105158 -85.010994
v -2.760303 -0.071320 -85.010994
v -2.599090 -0.520314 -92.340912
v -2.760229 -0.071461 -92.340912
v -2.760459 -1.105299 -92.340912
v -2.687252 -1.105299 -92.340912
v -2.599090 -0.520314 -92.340912
v -2.760459 -1.105299 -92.340912
v -2.599090 -0.520314 -92.340912
v -2.687252 -1.105299 -92.340912
v 2.518525 -0.520314 -92.340912
v 2.518525 -0.520314 -92.340912
v -2.687252 -1.105299 -92.340912
v 2.799543 -1.105299 -92.340912
v 2.799543 -1.105299 -92.340912
v 2.799776 -0.071461 -92.340912
v 2.518525 -0.520314 -92.340912
v -2.576167 -0.520173 -85.010994
v -2.760303 -0.071320 -85.010994
v -2.760229 -0.071461 -92.340912
v -2.599090 -0.520314 -92.340912
v -2.576167 -0.520173 -85.010994
v -2.760229 -0.071461 -92.340912
v -2.599090 -0.520314 -92.340912
v 2.518525 -0.520314 -92.340912
v 2.483110 -0.520172 -85.010994
v -2.576167 -0.520173 -85.010994
v -2.599090 -0.520314 -92.340912
v 2.483110 -0.520172 -85.010994
v -3.370235 -1.105158 -85.010994
v -8.035151 -1.119327 -85.011002
v -8.197053 -0.873930 -85.010872
v -3.311922 -0.449820 -85.009048
v -3.370235 -1.105158 -85.010994
v -8.197053 -0.873930 -85.010872
v -3.311922 -0.449820 -85.009048
v -3.164411 -0.071320 -85.010994
v -3.164641 -1.105158 -85.010994
v -3.370235 -1.105158 -85.010994
v -3.311922 -0.449820 -85.009048
v -3.164641 -1.105158 -85.010994
v -3.328506 -0.449961 -92.338966
v -8.196980 -0.874071 -92.340790
v -8.035080 -1.119468 -92.340912
v -3.386817 -1.105299 -92.340912
v -3.328506 -0.449961 -92.338966
v -8.035080 -1.119468 -92.340912
v -3.386817 -1.105299 -92.340912
v -3.164566 -1.105299 -92.340912
v -3.164335 -0.071461 -92.340912
v -3.328506 -0.449961 -92.338966
v -3.386817 -1.105299 -92.340912
v -3.164335 -0.071461 -92.340912
v -3.386817 -1.105299 -92.340912
v -8.035080 -1.119468 -92.340912
v -8.035151 -1.119327 -85.011002
v -3.370235 -1.105158 -85.010994
v -3.386817 -1.105299 -92.340912
v -8.035151 -1.119327 -85.011002
v -3.370235 -1.105158 -85.010994
v -3.164641 -1.105158 -85.010994
v -3.164566 -1.105299 -92.340912
v -3.386817 -1.105299 -92.340912
v -3.370235 -1.105158 -85.010994
v -3.164566 -1.105299 -92.340912
v -3.311922 -0.449820 -85.009048
v -8.197053 -0.873930 -85.010872
v -8.196980 -0.874071 -92.340790
v -3.328506 -0.449961 -92.338966
v -3.311922 -0.449820 -85.009048
v -8.196980 -0.874071 -92.340790
v -3.328506 -0.449961 -92.338966
v -3.164335 -0.071461 -92.340912
v -3.164411 -0.071320 -85.010994
v -3.311922 -0.449820 -85.009048
v -3.328506 -0.449961 -92.338966
v -3.164411 -0.071320 -85.010994
v -2.760528 -1.105152 -105.110283
v -3.164635 -1.105152 -105.110283
v -3.164404 -0.071314 -105.110283
v -2.760297 -0.071314 -105.110283
v -2.760528 -1.105152 -105.110283
v -3.164404 -0.071314 -105.110283
v -2.760223 -0.071455 -110.792442
v -3.164330 -0.071455 -110.792442
v -3.164561 -1.105293 -110.792442
v -2.760453 -1.105293 -110.792442
v -2.760223 -0.071455 -110.792442
v -3.164561 -1.105293 -110.792442
v 7.629712 -1.136617 -105.110283
v 7.631311 -0.885985 -105.110283
v 7.631387 -0.886127 -110.792442
v 7.629788 -1.136758 -110.792442
v 7.629712 -1.136617 -105.110283
v 7.631387 -0.886127 -110.792442
v -2.760453 -1.105293 -110.792442
v -3.164561 -1.105293 -110.792442
v -3.164635 -1.105152 -105.110283
v -2.760528 -1.105152 -105.110283
v -2.760453 -1.105293 -110.792442
v -3.164635 -1.105152 -105.110283
v -8.035072 -1.119462 -110.792442
v -8.196974 -0.874065 -110.792343
v -8.197049 -0.873924 -105.110191
v -8.035147 -1.119321 -105.110283
v -8.035072 -1.119462 -110.792442
v -8.197049 -0.873924 -105.110191
v -2.760297 -0.071314 -105.110283
v -3.164404 -0.071314 -105.110283
v -3.164330 -0.071455 -110.792442
v -2.760223 -0.071455 -110.792442
v -2.760297 -0.071314 -105.110283
v -3.164330 -0.071455 -110.792442
v 3.330904 -0.490474 -110.790871
v 7.631387 -0.886127 -110.792442
v 7.631311 -0.885985 -105.110283
v 3.330831 -0.490333 -105.108719
v 3.330904 -0.490474 -110.790871
v 7.631311 -0.885985 -105.110283
v 3.330831 -0.490333 -105.108719
v 7.631311 -0.885985 -105.110283
v 7.629712 -1.136617 -105.110283
v 3.255441 -1.105152 -105.110283
v 3.330831 -0.490333 -105.108719
v 7.629712 -1.136617 -105.110283
v 3.255441 -1.105152 -105.110283
v 7.629712 -1.136617 -105.110283
v 7.629788 -1.136758 -110.792442
v 3.255514 -1.105293 -110.792442
v 3.255441 -1.105152 -105.110283
v 7.629788 -1.136758 -110.792442
v 3.255514 -1.105293 -110.792442
v 7.629788 -1.136758 -110.792442
v 7.631387 -0.886127 -110.792442
v 3.330904 -0.490474 -110.790871
v 3.255514 -1.105293 -110.792442
v 7.631387 -0.886127 -110.792442
v 3.141961 -0.071314 -105.110283
v 2.799706 -0.071314 -105.110283
v 2.799779 -0.071455 -110.792442
v 3.162333 -0.071455 -110.792442
v 3.141961 -0.071314 -105.110283
v 2.799779 -0.071455 -110.792442
v 3.162333 -0.071455 -110.792442
v 3.330904 -0.490474 -110.790871
v 3.330831 -0.490333 -105.108719
v 3.141961 -0.071314 -105.110283
v 3.162333 -0.071455 -110.792442
v 3.330831 -0.490333 -105.108719
v 3.193783 -1.105152 -105.110283
v 2.799475 -1.105152 -105.110283
v 2.799706 -0.071314 -105.110283
v 3.141961 -0.071314 -105.110283
v 3.193783 -1.105152 -105.110283
v 2.799706 -0.071314 -105.110283
v 3.141961 -0.071314 -105.110283
v 3.330831 -0.490333 -105.108719
v 3.255441 -1.105152 -105.110283
v 3.193783 -1.105152 -105.110283
v 3.141961 -0.071314 -105.110283
v 3.255441 -1.105152 -105.110283
v 3.214153 -1.105293 -110.792442
v 2.799549 -1.105293 -110.792442
v 2.799475 -1.105152 -105.110283
v 3.193783 -1.105152 -105.110283
v 3.214153 -1.105293 -110.792442
v 2.799475 -1.105152 -105.110283
v 3.193783 -1.105152 -105.110283
v 3.255441 -1.105152 -105.110283
v 3.255514 -1.105293 -110.792442
v 3.214153 -1.105293 -110.792442
v 3.193783 -1.105152 -105.110283
v 3.255514 -1.105293 -110.792442
v 3.162333 -0.071455 -110.792442
v 2.799779 -0.071455 -110.792442
v 2.799549 -1.105293 -110.792442
v 3.214153 -1.105293 -110.792442
v 3.162333 -0.071455 -110.792442
v 2.799549 -1.105293 -110.792442
v 3.214153 -1.105293 -110.792442
v 3.255514 -1.105293 -110.792442
v 3.330904 -0.490474 -110.790871
v 3.162333 -0.071455 -110.792442
v 3.214153 -1.105293 -110.792442
v 3.330904 -0.490474 -110.790871
v 2.518530 -0.520307 -110.792442
v 2.799779 -0.071455 -110.792442
v 2.799706 -0.071314 -105.110283
v 2.483116 -0.520166 -105.110283
v 2.518530 -0.520307 -110.792442
v 2.799706 -0.071314 -105.110283
v -2.687246 -1.105293 -110.792442
v -2.760453 -1.105293 -110.792442
v -2.760528 -1.105152 -105.110283
v -2.664324 -1.105152 -105.110283
v -2.687246 -1.105293 -110.792442
v -2.760528 -1.105152 -105.110283
v -2.664324 -1.105152 -105.110283
v 2.799475 -1.105152 -105.110283
v 2.799549 -1.105293 -110.792442
v -2.687246 -1.105293 -110.792442
v -2.664324 -1.105152 -105.110283
v 2.799549 -1.105293 -110.792442
v 2.799475 -1.105152 -105.110283
v 2.483116 -0.520166 -105.110283
v 2.799706 -0.071314 -105.110283
v 2.483116 -0.520166 -105.110283
v 2.799475 -1.105152 -105.110283
v -2.664324 -1.105152 -105.110283
v -2.576160 -0.520167 -105.110283
v 2.483116 -0.520166 -105.110283
v -2.664324 -1.105152 -105.110283
v -2.664324 -1.105152 -105.110283
v -2.760528 -1.105152 -105.110283
v -2.760297 -0.071314 -105.110283
v -2.576160 -0.520167 -105.110283
v -2.664324 -1.105152 -105.110283
v -2.760297 -0.071314 -105.110283
v -2.599084 -0.520308 -110.792442
v -2.760223 -0.071455 -110.792442
v -2.760453 -1.105293 -110.792442
v -2.687246 -1.105293 -110.792442
v -2.599084 -0.520308 -110.792442
v -2.760453 -1.105293 -110.792442
v -2.599084 -0.520308 -110.792442
v -2.687246 -1.105293 -110.792442
v 2.518530 -0.520307 -110.792442
v 2.518530 -0.520307 -110.792442
v -2.687246 -1.105293 -110.792442
v 2.799549 -1.105293 -110.792442
v 2.799549 -1.105293 -110.792442
v 2.799779 -0.071455 -110.792442
v 2.518530 -0.520307 -110.792442
v -2.576160 -0.520167 -105.110283
v -2.760297 -0.071314 -105.110283
v -2.760223 -0.071455 -110.792442
v -2.599084 -0.520308 -110.792442
v -2.576160 -0.520167 -105.110283
v -2.760223 -0.071455 -110.792442
v -2.599084 -0.520308 -110.792442
v 2.518530 -0.520307 -110.792442
v 2.483116 -0.520166 -105.110283
v -2.576160 -0.520167 -105.110283
v -2.599084 -0.520308 -110.792442
v 2.483116 -0.520166 -105.110283
v -3.370229 -1.105152 -105.110283
v -8.035147 -1.119321 -105.110283
v -8.197049 -0.873924 -105.110191
v -3.311914 -0.449813 -105.108780
v -3.370229 -1.105152 -105.110283
v -8.197049 -0.873924 -105.110191
v -3.311914 -0.449813 -105.108780
v -3.164404 -0.071314 -105.110283
v -3.164635 -1.105152 -105.110283
v -3.370229 -1.105152 -105.110283
v -3.311914 -0.449813 -105.108780
v -3.164635 -1.105152 -105.110283
v -3.328500 -0.449955 -110.790916
v -8.196974 -0.874065 -110.792343
v -8.035072 -1.119462 -110.792442
v -3.386812 -1.105293 -110.792442
v -3.328500 -0.449955 -110.790916
v -8.035072 -1.119462 -110.792442
v -3.386812 -1.105293 -110.792442
v -3.164561 -1.105293 -110.792442
v -3.164330 -0.071455 -110.792442
v -3.328500 -0.449955 -110.790916
v -3.386812 -1.105293 -110.792442
v -3.164330 -0.071455 -110.792442
v -3.386812 -1.105293 -110.792442
v -8.035072 -1.119462 -110.792442
v -8.035147 -1.119321 -105.110283
v -3.370229 -1.105152 -105.110283
v -3.386812 -1.105293 -110.792442
v -8.035147 -1.119321 -105.110283
v -3.370229 -1.105152 -105.110283
v -3.164635 -1.105152 -105.110283
v -3.164561 -1.105293 -110.792442
v -3.386812 -1.105293 -110.792442
v -3.370229 -1.105152 -105.110283
v -3.164561 -1.105293 -110.792442
v -3.311914 -0.449813 -105.108780
v -8.197049 -0.873924 -105.110191
v -8.196974 -0.874065 -110.792343
v -3.328500 -0.449955 -110.790916
v -3.311914 -0.449813 -105.108780
v -8.196974 -0.874065 -110.792343
v -3.328500 -0.449955 -110.790916
v -3.164330 -0.071455 -110.792442
v -3.164404 -0.071314 -105.110283
v -3.311914 -0.449813 -105.108780
v -3.328500 -0.449955 -110.790916
v -3.164404 -0.071314 -105.110283
v -2.760534 -1.105158 -99.427475
v -3.164641 -1.105158 -99.427475
v -3.164411 -0.071320 -99.427475
v -2.760303 -0.071320 -99.427475
v -2.760534 -1.105158 -99.427475
v -3.164411 -0.071320 -99.427475
v -2.760229 -0.071461 -105.109619
v -3.164335 -0.071461 -105.109619
v -3.164566 -1.105299 -105.109619
v -2.760459 -1.105299 -105.109619
v -2.760229 -0.071461 -105.109619
v -3.164566 -1.105299 -105.109619
v 7.629706 -1.136623 -99.427475
v 7.631306 -0.885992 -99.427475
v 7.631379 -0.886133 -105.109619
v 7.629779 -1.136764 -105.109619
v 7.629706 -1.136623 -99.427475
v 7.631379 -0.886133 -105.109619
v -2.760459 -1.105299 -105.109619
v -3.164566 -1.105299 -105.109619
v -3.164641 -1.105158 -99.427475
v -2.760534 -1.105158 -99.427475
v -2.760459 -1.105299 -105.109619
v -3.164641 -1.105158 -99.427475
v -8.035080 -1.119468 -105.109627
v -8.196980 -0.874071 -105.109528
v -8.197053 -0.873930 -99.427376
v -8.035151 -1.119327 -99.427475
v -8.035080 -1.119468 -105.109627
v -8.197053 -0.873930 -99.427376
v -2.760303 -0.071320 -99.427475
v -3.164411 -0.071320 -99.427475
v -3.164335 -0.071461 -105.109619
v -2.760229 -0.071461 -105.109619
v -2.760303 -0.071320 -99.427475
v -3.164335 -0.071461 -105.109619
v 3.330898 -0.490481 -105.108055
v 7.631379 -0.886133 -105.109619
v 7.631306 -0.885992 -99.427475
v 3.330825 -0.490339 -99.425903
v 3.330898 -0.490481 -105.108055
v 7.631306 -0.885992 -99.427475
v 3.330825 -0.490339 -99.425903
v 7.631306 -0.885992 -99.427475
v 7.629706 -1.136623 -99.427475
v 3.255435 -1.105158 -99.427475
v 3.330825 -0.490339 -99.425903
v 7.629706 -1.136623 -99.427475
v 3.255435 -1.105158 -99.427475
v 7.629706 -1.136623 -99.427475
v 7.629779 -1.136764 -105.109619
v 3.255508 -1.105299 -105.109619
v 3.255435 -1.105158 -99.427475
v 7.629779 -1.136764 -105.109619
v 3.255508 -1.105299 -105.109619
v 7.629779 -1.136764 -105.109619
v 7.631379 -0.886133 -105.109619
v 3.330898 -0.490481 -105.108055
v 3.255508 -1.105299 -105.109619
v 7.631379 -0.886133 -105.109619
v 3.141954 -0.071320 -99.427475
v 2.799699 -0.071320 -99.427475
v 2.799776 -0.071461 -105.109619
v 3.162327 -0.071461 -105.109619
v 3.141954 -0.071320 -99.427475
v 2.799776 -0.071461 -105.109619
v 3.162327 -0.071461 -105.109619
v 3.330898 -0.490481 -105.108055
v 3.330825 -0.490339 -99.425903
v 3.141954 -0.071320 -99.427475
v 3.162327 -0.071461 -105.109619
v 3.330825 -0.490339 -99.425903
v 3.193777 -1.105158 -99.427475
v 2.799469 -1.105158 -99.427475
v 2.799699 -0.071320 -99.427475
v 3.141954 -0.071320 -99.427475
v 3.193777 -1.105158 -99.427475
v 2.799699 -0.071320 -99.427475
v 3.141954 -0.071320 -99.427475
v 3.330825 -0.490339 -99.425903
v 3.255435 -1.105158 -99.427475
v 3.193777 -1.105158 -99.427475
v 3.141954 -0.071320 -99.427475
v 3.255435 -1.105158 -99.427475
v 3.214148 -1.105299 -105.109619
v 2.799543 -1.105299 -105.109619
v 2.799469 -1.105158 -99.427475
v 3.193777 -1.105158 -99.427475
v 3.214148 -1.105299 -105.109619
v 2.799469 -1.105158 -99.427475
v 3.193777 -1.105158 -99.427475
v 3.255435 -1.105158 -99.427475
v 3.255508 -1.105299 -105.109619
v 3.214148 -1.105299 -105.109619
v 3.193777 -1.105158 -99.427475
v 3.255508 -1.105299 -105.109619
v 3.162327 -0.071461 -105.109619
v 2.799776 -0.071461 -105.109619
v 2.799543 -1.105299 -105.109619
v 3.214148 -1.105299 -105.109619
v 3.162327 -0.071461 -105.109619
v 2.799543 -1.105299 -105.109619
v 3.214148 -1.105299 -105.109619
v 3.255508 -1.105299 -105.109619
v 3.330898 -0.490481 -105.108055
v 3.162327 -0.071461 -105.109619
v 3.214148 -1.105299 -105.109619
v 3.330898 -0.490481 -105.108055
v 2.518525 -0.520314 -105.109619
v 2.799776 -0.071461 -105.109619
v 2.799699 -0.071320 -99.427475
v 2.483110 -0.520172 -99.427475
v 2.518525 -0.520314 -105.109619
v 2.799699 -0.071320 -99.427475
v -2.687252 -1.105299 -105.109619
v -2.760459 -1.105299 -105.109619
v -2.760534 -1.105158 -99.427475
v -2.664331 -1.105158 -99.427475
v -2.687252 -1.105299 -105.109619
v -2.760534 -1.105158 -99.427475
v -2.664331 -1.105158 -99.427475
v 2.799469 -1.105158 -99.427475
v 2.799543 -1.105299 -105.109619
v -2.687252 -1.105299 -105.109619
v -2.664331 -1.105158 -99.427475
v 2.799543 -1.105299 -105.109619
v 2.799469 -1.105158 -99.427475
v 2.483110 -0.520172 -99.427475
v 2.799699 -0.071320 -99.427475
v 2.483110 -0.520172 -99.427475
v 2.799469 -1.105158 -99.427475
v -2.664331 -1.105158 -99.427475
v -2.576167 -0.520173 -99.427475
v 2.483110 -0.520172 -99.427475
v -2.664331 -1.105158 -99.427475
v -2.664331 -1.105158 -99.427475
v -2.760534 -1.105158 -99.427475
v -2.760303 -0.071320 -99.427475
v -2.576167 -0.520173 -99.427475
v -2.664331 -1.105158 -99.427475
v -2.760303 -0.071320 -99.427475
v -2.599090 -0.520314 -105.109619
v -2.760229 -0.071461 -105.109619
v -2.760459 -1.105299 -105.109619
v -2.687252 -1.105299 -105.109619
v -2.599090 -0.520314 -105.109619
v -2.760459 -1.105299 -105.109619
v -2.599090 -0.520314 -105.109619
v -2.687252 -1.105299 -105.109619
v 2.518525 -0.520314 -105.109619
v 2.518525 -0.520314 -105.109619
v -2.687252 -1.105299 -105.109619
v 2.799543 -1.105299 -105.109619
v 2.799543 -1.105299 -105.109619
v 2.799776 -0.071461 -105.109619
v 2.518525 -0.520314 -105.109619
v -2.576167 -0.520173 -99.427475
v -2.760303 -0.071320 -99.427475
v -2.760229 -0.071461 -105.109619
v -2.599090 -0.520314 -105.109619
v -2.576167 -0.520173 -99.427475
v -2.760229 -0.071461 -105.109619
v -2.599090 -0.520314 -105.109619
v 2.518525 -0.520314 -105.109619
v 2.483110 -0.520172 -99.427475
v -2.576167 -0.520173 -99.427475
v -2.599090 -0.520314 -105.109619
v 2.483110 -0.520172 -99.427475
v -3.370235 -1.105158 -99.427475
v -8.035151 -1.119327 -99.427475
v -8.197053 -0.873930 -99.427376
v -3.311922 -0.449820 -99.425964
v -3.370235 -1.105158 -99.427475
v -8.197053 -0.873930 -99.427376
v -3.311922 -0.449820 -99.425964
v -3.164411 -0.071320 -99.427475
v -3.164641 -1.105158 -99.427475
v -3.370235 -1.105158 -99.427475
v -3.311922 -0.449820 -99.425964
v -3.164641 -1.105158 -99.427475
v -3.328506 -0.449961 -105.108109
v -8.196980 -0.874071 -105.109528
v -8.035080 -1.119468 -105.109627
v -3.386817 -1.105299 -105.109619
v -3.328506 -0.449961 -105.108109
v -8.035080 -1.119468 -105.109627
v -3.386817 -1.105299 -105.109619
v -3.164566 -1.105299 -105.109619
v -3.164335 -0.071461 -105.109619
v -3.328506 -0.449961 -105.108109
v -3.386817 -1.105299 -105.109619
v -3.164335 -0.071461 -105.109619
v -3.386817 -1.105299 -105.109619
v -8.035080 -1.119468 -105.109627
v -8.035151 -1.119327 -99.427475
v -3.370235 -1.105158 -99.427475
v -3.386817 -1.105299 -105.109619
v -8.035151 -1.119327 -99.427475
v -3.370235 -1.105158 -99.427475
v -3.164641 -1.105158 -99.427475
v -3.164566 -1.105299 -105.109619
v -3.386817 -1.105299 -105.109619
v -3.370235 -1.105158 -99.427475
v -3.164566 -1.105299 -105.109619
v -3.311922 -0.449820 -99.425964
v -8.197053 -0.873930 -99.427376
v -8.196980 -0.874071 -105.109528
v -3.328506 -0.449961 -105.108109
v -3.311922 -0.449820 -99.425964
v -8.196980 -0.874071 -105.109528
v -3.328506 -0.449961 -105.108109
v -3.164335 -0.071461 -105.109619
v -3.164411 -0.071320 -99.427475
v -3.311922 -0.449820 -99.425964
v -3.328506 -0.449961 -105.108109
v -3.164411 -0.071320 -99.427475
vn 0.0034 -0.0000 1.0000
vn 0.0034 -0.0008 1.0000
vn -0.0000 -0.0000 1.0000
vn -0.0000 -0.0000 -1.0000
vn -0.0061 0.0013 -1.0000
vn 1.0000 -0.0064 -0.0000
vn -0.0000 -1.0000 -0.0000
vn -0.8347 -0.5507 -0.0000
vn -0.0000 1.0000 -0.0000
vn 0.0916 0.9958 -0.0000
vn 0.0002 -0.0013 1.0000
vn 0.0004 -0.0000 1.0000
vn -0.0035 -0.0012 1.0000
vn -0.0035 -0.0013 1.0000
vn -0.0037 -0.0012 1.0000
vn -0.0072 -1.0000 -0.0000
vn -0.0048 -1.0000 -0.0000
vn -0.0024 -1.0000 -0.0000
vn -0.0000 0.0017 -1.0000
vn -0.0001 0.0026 -1.0000
vn 0.9199 0.3922 0.0016
vn 0.9277 0.3732 -0.0000
vn 0.9117 0.4109 0.0033
vn -0.0055 -0.0006 1.0000
vn 0.0035 0.0002 -1.0000
vn -0.0000 0.0025 -1.0000
vn 0.0053 0.0015 -1.0000
vn 0.0106 0.0005 -0.9999
vn -0.8326 0.5539 -0.0026
vn -0.8474 0.5310 -0.0000
vn -0.8325 0.5540 -0.0026
vn -0.8172 0.5764 -0.0051
vn 0.9252 0.3795 -0.0000
vn 0.9334 0.3588 -0.0019
vn 0.9412 0.3379 -0.0038
vn -0.0000 -0.0013 1.0000
vn -0.0000 -0.0004 1.0000
vn -0.0000 -0.0017 1.0000
vn -0.0000 -0.0014 1.0000
vn 0.0034 -0.0015 1.0000
vn 0.0001 0.0014 -1.0000
vn 0.0002 0.0006 -1.0000
vn -0.0060 0.0023 -1.0000
vn -0.0061 0.0021 -1.0000
vn 0.0030 -1.0000 -0.0000
vn 0.0020 -1.0000 -0.0000
vn 0.0021 -1.0000 -0.0000
vn -0.0865 0.9963 -0.0000
vn -0.0868 0.9962 0.0002
vn -0.9174 0.3979 -0.0000
vn -0.9247 0.3806 0.0014
vn -0.9317 0.3631 0.0027
vn -0.9247 0.3806 0.0013
vn -0.0037 -0.0013 1.0000
vn -0.0000 -0.0016 1.0000
vn -0.0060 0.0013 -1.0000
vn 0.0001 0.0015 -1.0000
vn -0.0000 0.0016 -1.0000
vn -0.0036 -0.0013 1.0000
vn -0.0036 -0.0012 1.0000
vn -0.0000 0.0026 -1.0000
vn 0.0002 0.0005 -1.0000
vn -0.0060 0.0022 -1.0000
vn 0.0033 -0.0015 1.0000
vn -0.0061 0.0020 -1.0000
vn 0.0036 0.0002 -1.0000
vn -0.0001 0.0025 -1.0000
vn 0.0053 0.0016 -1.0000
vn 0.0002 -0.0012 1.0000
vn 0.0034 -0.0016 1.0000
vn -0.0000 -0.0005 1.0000
vn -0.0000 0.0018 -1.0000
vn -0.0000 -0.0001 -1.0000
vn -0.0054 -0.0006 1.0000
vn -0.0000 0.0001 -1.0000
vn 0.0003 -0.0013 1.0000
vn 0.0005 -0.0000 1.0000
vn -0.0034 -0.0012 1.0000
vn 0.0002 -0.0020 1.0000
vn -0.0035 -0.0020 1.0000
vn -0.0037 -0.0020 1.0000
vn -0.0048 -1.0000 -0.0003
vn -0.0002 0.0033 -1.0000
vn -0.0001 0.0024 -1.0000
vn -0.0001 0.0033 -1.0000
vn 0.9231 0.3714 -0.0998
vn 0.9199 0.3922 0.0012
vn 0.9199 0.3922 0.0013
vn 0.9069 0.4088 0.1020
vn 0.9117 0.4109 0.0025
vn -0.0068 -0.0016 1.0000
vn -0.0067 -0.0016 1.0000
vn -0.0086 -0.0010 1.0000
vn -0.0000 0.0032 -1.0000
vn -0.0000 0.0024 -1.0000
vn 0.0053 0.0022 -1.0000
vn 0.0137 0.0007 -0.9999
vn 0.0084 0.0017 -1.0000
vn 0.0066 0.0003 -1.0000
vn -0.8326 0.5539 -0.0024
vn -0.8325 0.5540 -0.0014
vn -0.8325 0.5540 -0.0016
vn -0.8172 0.5764 -0.0040
vn 0.9334 0.3588 -0.0016
vn 0.9412 0.3379 -0.0029
vn 0.9353 0.3358 -0.1113
vn -0.0000 -0.0006 1.0000
vn -0.0000 -0.0019 1.0000
vn -0.0001 -0.0020 1.0000
vn -0.0001 -0.0023 1.0000
vn 0.0033 -0.0022 1.0000
vn 0.0064 -0.0008 1.0000
vn 0.0064 -0.0000 1.0000
vn 0.0063 -0.0015 1.0000
vn 0.0034 -0.0014 1.0000
vn 0.0034 -0.0022 1.0000
vn -0.0000 -0.0023 1.0000
vn 0.0002 0.0014 -1.0000
vn 0.0003 0.0006 -1.0000
vn -0.0059 0.0023 -1.0000
vn 0.0001 0.0022 -1.0000
vn -0.0060 0.0030 -1.0000
vn -0.0061 0.0028 -1.0000
vn -0.0113 0.0024 -0.9999
vn -0.0113 0.0032 -0.9999
vn -0.0112 0.0034 -0.9999
vn 0.0021 -1.0000 0.0002
vn -0.9317 0.3631 0.0021
vn -0.9276 0.3615 0.0939
vn -0.0000 0.0033 -1.0000
vn 0.0053 0.0023 -1.0000
vn -0.0000 -0.0015 1.0000
vn -0.0000 -0.0018 1.0000
vn 0.0002 0.0015 -1.0000
vn 0.0003 0.0007 -1.0000
vn -0.0059 0.0024 -1.0000
vn 0.0001 0.0021 -1.0000
vn -0.0113 0.0025 -0.9999
vn -0.0062 0.0013 -1.0000
vn -0.0062 0.0021 -1.0000
vn -0.0061 0.0023 -1.0000
vn 0.0004 0.0001 1.0000
vn -0.0035 -0.0011 1.0000
vn -0.0000 -0.0002 -1.0000
vn -0.0000 0.0015 -1.0000
vn 0.0052 0.0015 -1.0000
vt 0.268603 1.000000
vt 0.268603 0.000000
vt 0.300136 0.000000
vt 0.300136 1.000000
vt 0.731397 0.000000
vt 0.731397 1.000000
vt 0.699864 1.000000
vt 0.699864 0.000000
vt 1.000000 1.000000
vt 0.000000 1.000000
vt 0.000000 0.000000
vt 1.000000 0.000000
vt 1.000000 0.731397
vt 0.000000 0.731397
vt 0.000000 0.699864
vt 1.000000 0.699864
vt 1.000000 0.230430
vt 0.000000 0.230430
vt 0.769570 1.000000
vt 0.769570 0.000000
vt 0.230430 0.000000
vt 0.230430 1.000000
vt 1.000000 0.266010
vt 0.000000 0.266010
vt 0.000000 0.239303
vt 1.000000 0.237719
vt 0.733990 1.000000
vt 0.733990 0.000000
vt 0.764759 0.000000
vt 0.760697 1.000000
vt 0.000000 0.233657
vt 1.000000 0.235241
vt 0.266010 0.000000
vt 0.266010 1.000000
vt 0.237719 1.000000
vt 0.233657 0.000000
vt 1.000000 0.278504
vt 0.000000 0.281262
vt 0.000000 0.694151
vt 1.000000 0.692357
vt 0.718738 1.000000
vt 0.307643 0.000000
vt 0.311685 1.000000
vt 0.690109 1.000000
vt 0.694151 0.000000
vt 0.278504 1.000000
vt 0.000000 0.688315
vt 1.000000 0.690109
vt 0.252561 0.000000
vt 0.257573 1.000000
vt 0.743727 1.000000
vt 0.748739 0.000000
vt 0.000000 0.748739
vt 1.000000 0.747439
vt 0.000000 0.742427
vt 1.000000 0.743727
s 1
g off
g default_1_Material_1
usemtl Material_1
f 3/1/1 2/2/2 1/3/3
s 2
f 6/1/1 5/3/3 4/4/3
s 3
f 9/5/4 8/6/5 7/7/4
s 4
f 12/5/4 11/7/4 10/8/4
s 5
f 15/9/6 14/10/6 13/11/6
s 6
f 18/9/6 17/11/6 16/12/6
s 7
f 21/13/7 20/14/7 19/15/7
s 8
f 24/13/7 23/15/7 22/16/7
s 9
f 27/9/8 26/10/8 25/11/8
s 10
f 30/9/8 29/11/8 28/12/8
s 11
f 33/13/9 32/14/9 31/15/9
s 12
f 36/13/9 35/15/9 34/16/9
s 13
f 39/11/10 38/12/10 37/17/10
s 14
f 42/11/10 41/17/10 40/18/10
s 15
f 45/12/11 44/9/12 43/19/13
s 16
f 48/12/11 47/19/14 46/20/15
s 17
f 51/11/16 50/12/16 49/17/17
s 18
f 54/11/16 53/17/17 52/18/18
s 19
f 57/10/4 56/11/4 55/21/19
s 20
f 60/10/20 59/21/19 58/22/20
s 21
f 63/23/9 62/24/9 61/25/9
s 22
f 66/23/9 65/25/9 64/26/9
s 23
f 69/18/21 68/17/22 67/26/21
s 24
f 72/18/21 71/26/21 70/25/23
s 25
f 75/27/3 74/28/3 73/29/3
s 26
f 78/27/3 77/29/3 76/30/3
s 27
f 81/20/15 80/19/13 79/30/24
s 28
f 84/20/15 83/30/24 82/29/3
s 29
f 87/23/7 86/24/7 85/31/7
s 30
f 90/23/7 89/31/7 88/32/7
s 31
f 93/18/18 92/17/17 91/32/7
s 32
f 96/18/18 95/32/7 94/31/7
s 33
f 99/33/4 98/34/4 97/35/25
s 34
f 102/33/4 101/35/25 100/36/4
s 35
f 105/22/26 104/21/19 103/36/27
s 36
f 108/22/28 107/36/27 106/35/25
s 37
f 111/24/29 110/23/30 109/37/29
s 38
f 114/24/31 113/37/31 112/38/32
s 39
f 117/16/7 116/15/7 115/39/7
s 40
f 120/16/7 119/39/7 118/40/7
s 41
f 123/24/7 122/23/7 121/40/7
s 42
f 126/24/7 125/40/7 124/39/7
s 43
f 129/27/3 128/41/3 127/28/3
s 44
f 132/42/3 131/28/3 130/41/3
s 45
f 135/42/3 134/41/3 133/43/3
s 46
f 138/4/3 137/3/3 136/42/3
s 47
f 141/4/3 140/42/3 139/43/3
s 48
f 144/8/4 143/7/4 142/44/4
s 49
f 147/8/4 146/44/4 145/45/4
s 50
f 150/46/4 149/45/4 148/44/4
s 51
f 153/33/4 152/45/4 151/46/4
s 52
f 156/46/4 155/34/4 154/33/4
s 53
f 159/16/33 158/15/33 157/47/34
s 54
f 162/16/35 161/47/34 160/48/35
s 55
f 165/38/9 164/37/9 163/48/9
s 56
f 168/38/9 167/48/9 166/47/9
s 57
f 171/10/36 170/11/37 169/49/38
s 58
f 174/10/39 173/49/38 172/50/40
s 59
f 177/2/2 176/1/1 175/50/40
s 60
f 180/2/2 179/50/40 178/49/38
s 61
f 183/12/41 182/9/42 181/51/43
s 62
f 186/12/41 185/51/43 184/52/44
s 63
f 189/6/5 188/5/4 187/52/44
s 64
f 192/6/5 191/52/44 190/51/43
s 65
f 195/9/45 194/10/45 193/53/46
s 66
f 198/9/45 197/53/47 196/54/45
s 67
f 201/14/7 200/13/7 199/54/7
s 68
f 204/14/7 203/54/7 202/53/46
s 69
f 207/9/48 206/10/48 205/55/48
s 70
f 210/9/49 209/55/49 208/56/49
s 71
f 213/14/50 212/13/50 211/56/51
s 72
f 216/14/52 215/56/53 214/55/52
s 73
f 219/1/1 218/2/2 217/3/3
s 74
f 222/1/1 221/3/3 220/4/3
s 75
f 225/5/4 224/6/5 223/7/4
s 76
f 228/5/4 227/7/4 226/8/4
s 77
f 231/9/6 230/10/6 229/11/6
s 78
f 234/9/6 233/11/6 232/12/6
s 79
f 237/13/7 236/14/7 235/15/7
s 80
f 240/13/7 239/15/7 238/16/7
s 81
f 243/9/8 242/10/8 241/11/8
s 82
f 246/9/8 245/11/8 244/12/8
s 83
f 249/13/9 248/14/9 247/15/9
s 84
f 252/13/9 251/15/9 250/16/9
s 85
f 255/11/10 254/12/10 253/17/10
s 86
f 258/11/10 257/17/10 256/18/10
s 87
f 261/12/11 260/9/12 259/19/13
s 88
f 264/12/11 263/19/14 262/20/15
s 89
f 267/11/16 266/12/16 265/17/17
s 90
f 270/11/16 269/17/17 268/18/18
s 91
f 273/10/4 272/11/4 271/21/19
s 92
f 276/10/20 275/21/19 274/22/20
s 93
f 279/23/9 278/24/9 277/25/9
s 94
f 282/23/9 281/25/9 280/26/9
s 95
f 285/18/21 284/17/22 283/26/21
s 96
f 288/18/21 287/26/21 286/25/23
s 97
f 291/27/3 290/28/3 289/29/3
s 98
f 294/27/3 293/29/3 292/30/3
s 99
f 297/20/15 296/19/13 295/30/24
s 100
f 300/20/15 299/30/24 298/29/3
s 101
f 303/23/7 302/24/7 301/31/7
s 102
f 306/23/7 305/31/7 304/32/7
s 103
f 309/18/18 308/17/17 307/32/7
s 104
f 312/18/18 311/32/7 310/31/7
s 105
f 315/33/4 314/34/4 313/35/25
s 106
f 318/33/4 317/35/25 316/36/4
s 107
f 321/22/26 320/21/19 319/36/27
s 108
f 324/22/28 323/36/27 322/35/25
s 109
f 327/24/29 326/23/30 325/37/29
s 110
f 330/24/31 329/37/31 328/38/32
s 111
f 333/16/7 332/15/7 331/39/7
s 112
f 336/16/7 335/39/7 334/40/7
s 113
f 339/24/7 338/23/7 337/40/7
s 114
f 342/24/7 341/40/7 340/39/7
s 115
f 345/27/3 344/41/3 343/28/3
s 116
f 348/42/3 347/28/3 346/41/3
s 117
f 351/42/3 350/41/3 349/43/3
s 118
f 354/4/3 353/3/3 352/42/3
s 119
f 357/4/3 356/42/3 355/43/3
s 120
f 360/8/4 359/7/4 358/44/4
s 121
f 363/8/4 362/44/4 361/45/4
s 122
f 366/46/4 365/45/4 364/44/4
s 123
f 369/33/4 368/45/4 367/46/4
s 124
f 372/46/4 371/34/4 370/33/4
s 125
f 375/16/33 374/15/33 373/47/34
s 126
f 378/16/35 377/47/34 376/48/35
s 127
f 381/38/9 380/37/9 379/48/9
s 128
f 384/38/9 383/48/9 382/47/9
s 129
f 387/10/36 386/11/37 385/49/38
s 130
f 390/10/36 389/49/38 388/50/40
s 131
f 393/2/2 392/1/1 391/50/40
s 132
f 396/2/2 395/50/40 394/49/38
s 133
f 399/12/41 398/9/42 397/51/43
s 134
f 402/12/41 401/51/43 400/52/44
s 135
f 405/6/5 404/5/4 403/52/44
s 136
f 408/6/5 407/52/44 406/51/43
s 137
f 411/9/45 410/10/45 409/53/46
s 138
f 414/9/45 413/53/47 412/54/45
s 139
f 417/14/7 416/13/7 415/54/7
s 140
f 420/14/7 419/54/7 418/53/46
s 141
f 423/9/48 422/10/48 421/55/48
s 142
f 426/9/49 425/55/49 424/56/49
s 143
f 429/14/50 428/13/50 427/56/53
s 144
f 432/14/52 431/56/53 430/55/52
s 145
g default_1_Material_1.002
usemtl Material_1.002
f 435/1/1 434/2/2 433/3/3
s 146
f 438/1/1 437/3/3 436/4/3
s 147
f 441/5/4 440/6/5 439/7/4
s 148
f 444/5/4 443/7/4 442/8/4
s 149
f 447/9/6 446/10/6 445/11/6
s 150
f 450/9/6 449/11/6 448/12/6
s 151
f 453/13/7 452/14/7 451/15/7
s 152
f 456/13/7 455/15/7 454/16/7
s 153
f 459/9/8 458/10/8 457/11/8
s 154
f 462/9/8 461/11/8 460/12/8
s 155
f 465/13/9 464/14/9 463/15/9
s 156
f 468/13/9 467/15/9 466/16/9
s 157
f 471/11/10 470/12/10 469/17/10
s 158
f 474/11/10 473/17/10 472/18/10
s 159
f 477/12/11 476/9/12 475/19/13
s 160
f 480/12/11 479/19/14 478/20/54
s 161
f 483/11/16 482/12/16 481/17/17
s 162
f 486/11/16 485/17/17 484/18/18
s 163
f 489/10/4 488/11/4 487/21/19
s 164
f 492/10/20 491/21/19 490/22/20
s 165
f 495/23/9 494/24/9 493/25/9
s 166
f 498/23/9 497/25/9 496/26/9
s 167
f 501/18/21 500/17/22 499/26/21
s 168
f 504/18/21 503/26/21 502/25/23
s 169
f 507/27/3 506/28/3 505/29/3
s 170
f 510/27/3 509/29/3 508/30/3
s 171
f 513/20/54 512/19/14 511/30/24
s 172
f 516/20/15 515/30/24 514/29/3
s 173
f 519/23/7 518/24/7 517/31/7
s 174
f 522/23/7 521/31/7 520/32/7
s 175
f 525/18/18 524/17/17 523/32/7
s 176
f 528/18/18 527/32/7 526/31/7
s 177
f 531/33/4 530/34/4 529/35/25
s 178
f 534/33/4 533/35/25 532/36/4
s 179
f 537/22/26 536/21/19 535/36/27
s 180
f 540/22/28 539/36/27 538/35/25
s 181
f 543/24/29 542/23/30 541/37/29
s 182
f 546/24/31 545/37/31 544/38/32
s 183
f 549/16/7 548/15/7 547/39/7
s 184
f 552/16/7 551/39/7 550/40/7
s 185
f 555/24/7 554/23/7 553/40/7
s 186
f 558/24/7 557/40/7 556/39/7
s 187
f 561/27/3 560/41/3 559/28/3
s 188
f 564/42/3 563/28/3 562/41/3
s 189
f 567/42/3 566/41/3 565/43/3
s 190
f 570/4/3 569/3/3 568/42/3
s 191
f 573/4/3 572/42/3 571/43/3
s 192
f 576/8/4 575/7/4 574/44/4
s 193
f 579/8/4 578/44/4 577/45/4
s 194
f 582/46/4 581/45/4 580/44/4
s 195
f 585/33/4 584/45/4 583/46/4
s 196
f 588/46/4 587/34/4 586/33/4
s 197
f 591/16/33 590/15/33 589/47/34
s 198
f 594/16/35 593/47/34 592/48/35
s 199
f 597/38/9 596/37/9 595/48/9
s 200
f 600/38/9 599/48/9 598/47/9
s 201
f 603/10/36 602/11/37 601/49/55
s 202
f 606/10/39 605/49/38 604/50/40
s 203
f 609/2/2 608/1/1 607/50/40
s 204
f 612/2/2 611/50/40 610/49/38
s 205
f 615/12/41 614/9/42 613/51/43
s 206
f 618/12/41 617/51/43 616/52/44
s 207
f 621/6/5 620/5/4 619/52/44
s 208
f 624/6/5 623/52/44 622/51/43
s 209
f 627/9/45 626/10/45 625/53/46
s 210
f 630/9/45 629/53/47 628/54/45
s 211
f 633/14/7 632/13/7 631/54/7
s 212
f 636/14/7 635/54/7 634/53/46
s 213
f 639/9/48 638/10/48 637/55/48
s 214
f 642/9/49 641/55/49 640/56/49
s 215
f 645/14/50 644/13/50 643/56/51
s 216
f 648/14/52 647/56/53 646/55/52
s 217
f 651/1/1 650/2/2 649/3/3
s 218
f 654/1/1 653/3/3 652/4/3
s 219
f 657/5/4 656/6/5 655/7/4
s 220
f 660/5/4 659/7/4 658/8/4
s 221
f 663/9/6 662/10/6 661/11/6
s 222
f 666/9/6 665/11/6 664/12/6
s 223
f 669/13/7 668/14/7 667/15/7
s 224
f 672/13/7 671/15/7 670/16/7
s 225
f 675/9/8 674/10/8 673/11/8
s 226
f 678/9/8 677/11/8 676/12/8
s 227
f 681/13/9 680/14/9 679/15/9
s 228
f 684/13/9 683/15/9 682/16/9
s 229
f 687/11/10 686/12/10 685/17/10
s 230
f 690/11/10 689/17/10 688/18/10
s 231
f 693/12/11 692/9/12 691/19/13
s 232
f 696/12/11 695/19/14 694/20/54
s 233
f 699/11/16 698/12/16 697/17/17
s 234
f 702/11/16 701/17/17 700/18/18
s 235
f 705/10/4 704/11/4 703/21/19
s 236
f 708/10/20 707/21/19 706/22/20
s 237
f 711/23/9 710/24/9 709/25/9
s 238
f 714/23/9 713/25/9 712/26/9
s 239
f 717/18/21 716/17/22 715/26/21
s 240
f 720/18/21 719/26/21 718/25/23
s 241
f 723/27/3 722/28/3 721/29/3
s 242
f 726/27/3 725/29/3 724/30/3
s 243
f 729/20/15 728/19/13 727/30/24
s 244
f 732/20/15 731/30/24 730/29/3
s 245
f 735/23/7 734/24/7 733/31/7
s 246
f 738/23/7 737/31/7 736/32/7
s 247
f 741/18/18 740/17/17 739/32/7
s 248
f 744/18/18 743/32/7 742/31/7
s 249
f 747/33/4 746/34/4 745/35/25
s 250
f 750/33/4 749/35/25 748/36/4
s 251
f 753/22/26 752/21/19 751/36/27
s 252
f 756/22/28 755/36/27 754/35/25
s 253
f 759/24/29 758/23/30 757/37/29
s 254
f 762/24/31 761/37/31 760/38/32
s 255
f 765/16/7 764/15/7 763/39/7
s 256
f 768/16/7 767/39/7 766/40/7
s 257
f 771/24/7 770/23/7 769/40/7
s 258
f 774/24/7 773/40/7 772/39/7
s 259
f 777/27/3 776/41/3 775/28/3
s 260
f 780/42/3 779/28/3 778/41/3
s 261
f 783/42/3 782/41/3 781/43/3
s 262
f 786/4/3 785/3/3 784/42/3
s 263
f 789/4/3 788/42/3 787/43/3
s 264
f 792/8/4 791/7/4 790/44/4
s 265
f 795/8/4 794/44/4 793/45/4
s 266
f 798/46/4 797/45/4 796/44/4
s 267
f 801/33/4 800/45/4 799/46/4
s 268
f 804/46/4 803/34/4 802/33/4
s 269
f 807/16/33 806/15/33 805/47/34
s 270
f 810/16/35 809/47/34 808/48/35
s 271
f 813/38/9 812/37/9 811/48/9
s 272
f 816/38/9 815/48/9 814/47/9
s 273
f 819/10/36 818/11/37 817/49/55
s 274
f 822/10/36 821/49/38 820/50/40
s 275
f 825/2/2 824/1/1 823/50/40
s 276
f 828/2/2 827/50/40 826/49/38
s 277
f 831/12/41 830/9/42 829/51/43
s 278
f 834/12/41 833/51/43 832/52/44
s 279
f 837/6/5 836/5/4 835/52/44
s 280
f 840/6/56 839/52/44 838/51/43
s 281
f 843/9/45 842/10/45 841/53/46
s 282
f 846/9/45 845/53/47 844/54/45
s 283
f 849/14/7 848/13/7 847/54/7
s 284
f 852/14/7 851/54/7 850/53/46
s 285
f 855/9/48 854/10/48 853/55/48
s 286
f 858/9/49 857/55/49 856/56/49
s 287
f 861/14/50 860/13/50 859/56/53
s 288
f 864/14/52 863/56/53 862/55/52
s 289
g default_1_Material_1.003
usemtl Material_1.003
f 867/1/1 866/2/2 865/3/3
s 290
f 870/1/1 869/3/3 868/4/3
s 291
f 873/5/4 872/6/5 871/7/4
s 292
f 876/5/4 875/7/4 874/8/4
s 293
f 879/9/6 878/10/6 877/11/6
s 294
f 882/9/6 881/11/6 880/12/6
s 295
f 885/13/7 884/14/7 883/15/7
s 296
f 888/13/7 887/15/7 886/16/7
s 297
f 891/9/8 890/10/8 889/11/8
s 298
f 894/9/8 893/11/8 892/12/8
s 299
f 897/13/9 896/14/9 895/15/9
s 300
f 900/13/9 899/15/9 898/16/9
s 301
f 903/11/10 902/12/10 901/17/10
s 302
f 906/11/10 905/17/10 904/18/10
s 303
f 909/12/11 908/9/12 907/19/13
s 304
f 912/12/11 911/19/14 910/20/54
s 305
f 915/11/16 914/12/16 913/17/17
s 306
f 918/11/16 917/17/17 916/18/18
s 307
f 921/10/4 920/11/4 919/21/19
s 308
f 924/10/20 923/21/19 922/22/20
s 309
f 927/23/9 926/24/9 925/25/9
s 310
f 930/23/9 929/25/9 928/26/9
s 311
f 933/18/21 932/17/22 931/26/21
s 312
f 936/18/21 935/26/21 934/25/23
s 313
f 939/27/3 938/28/3 937/29/3
s 314
f 942/27/3 941/29/3 940/30/3
s 315
f 945/20/15 944/19/13 943/30/24
s 316
f 948/20/15 947/30/24 946/29/3
s 317
f 951/23/7 950/24/7 949/31/7
s 318
f 954/23/7 953/31/7 952/32/7
s 319
f 957/18/18 956/17/17 955/32/7
s 320
f 960/18/18 959/32/7 958/31/7
s 321
f 963/33/4 962/34/4 961/35/25
s 322
f 966/33/4 965/35/25 964/36/4
s 323
f 969/22/26 968/21/19 967/36/27
s 324
f 972/22/28 971/36/27 970/35/25
s 325
f 975/24/29 974/23/30 973/37/29
s 326
f 978/24/31 977/37/31 976/38/32
s 327
f 981/16/7 980/15/7 979/39/7
s 328
f 984/16/7 983/39/7 982/40/7
s 329
f 987/24/7 986/23/7 985/40/7
s 330
f 990/24/7 989/40/7 988/39/7
s 331
f 993/27/3 992/41/3 991/28/3
s 332
f 996/42/3 995/28/3 994/41/3
s 333
f 999/42/3 998/41/3 997/43/3
s 334
f 1002/4/3 1001/3/3 1000/42/3
s 335
f 1005/4/3 1004/42/3 1003/43/3
s 336
f 1008/8/4 1007/7/4 1006/44/4
s 337
f 1011/8/4 1010/44/4 1009/45/4
s 338
f 1014/46/4 1013/45/4 1012/44/4
s 339
f 1017/33/4 1016/45/4 1015/46/4
s 340
f 1020/46/4 1019/34/4 1018/33/4
s 341
f 1023/16/33 1022/15/33 1021/47/34
s 342
f 1026/16/35 1025/47/34 1024/48/35
s 343
f 1029/38/9 1028/37/9 1027/48/9
s 344
f 1032/38/9 1031/48/9 1030/47/9
s 345
f 1035/10/36 1034/11/37 1033/49/55
s 346
f 1038/10/39 1037/49/38 1036/50/40
s 347
f 1041/2/2 1040/1/1 1039/50/40
s 348
f 1044/2/2 1043/50/40 1042/49/38
s 349
f 1047/12/41 1046/9/42 1045/51/43
s 350
f 1050/12/41 1049/51/43 1048/52/44
s 351
f 1053/6/5 1052/5/4 1051/52/44
s 352
f 1056/6/5 1055/52/44 1054/51/43
s 353
f 1059/9/45 1058/10/45 1057/53/46
s 354
f 1062/9/45 1061/53/47 1060/54/45
s 355
f 1065/14/7 1064/13/7 1063/54/7
s 356
f 1068/14/7 1067/54/7 1066/53/46
s 357
f 1071/9/48 1070/10/48 1069/55/48
s 358
f 1074/9/49 1073/55/49 1072/56/49
s 359
f 1077/14/50 1076/13/50 1075/56/51
s 360
f 1080/14/52 1079/56/53 1078/55/52
s 361
f 1083/1/1 1082/2/2 1081/3/3
s 362
f 1086/1/1 1085/3/3 1084/4/3
s 363
f 1089/5/4 1088/6/5 1087/7/4
s 364
f 1092/5/4 1091/7/4 1090/8/4
s 365
f 1095/9/6 1094/10/6 1093/11/6
s 366
f 1098/9/6 1097/11/6 1096/12/6
s 367
f 1101/13/7 1100/14/7 1099/15/7
s 368
f 1104/13/7 1103/15/7 1102/16/7
s 369
f 1107/9/8 1106/10/8 1105/11/8
s 370
f 1110/9/8 1109/11/8 1108/12/8
s 371
f 1113/13/9 1112/14/9 1111/15/9
s 372
f 1116/13/9 1115/15/9 1114/16/9
s 373
f 1119/11/10 1118/12/10 1117/17/10
s 374
f 1122/11/10 1121/17/10 1120/18/10
s 375
f 1125/12/11 1124/9/12 1123/19/13
s 376
f 1128/12/11 1127/19/14 1126/20/54
s 377
f 1131/11/16 1130/12/16 1129/17/17
s 378
f 1134/11/16 1133/17/17 1132/18/18
s 379
f 1137/10/4 1136/11/4 1135/21/19
s 380
f 1140/10/20 1139/21/19 1138/22/20
s 381
f 1143/23/9 1142/24/9 1141/25/9
s 382
f 1146/23/9 1145/25/9 1144/26/9
s 383
f 1149/18/21 1148/17/22 1147/26/21
s 384
f 1152/18/21 1151/26/21 1150/25/23
s 385
f 1155/27/3 1154/28/3 1153/29/3
s 386
f 1158/27/3 1157/29/3 1156/30/3
s 387
f 1161/20/54 1160/19/14 1159/30/24
s 388
f 1164/20/15 1163/30/24 1162/29/3
s 389
f 1167/23/7 1166/24/7 1165/31/7
s 390
f 1170/23/7 1169/31/7 1168/32/7
s 391
f 1173/18/18 1172/17/17 1171/32/7
s 392
f 1176/18/18 1175/32/7 1174/31/7
s 393
f 1179/33/4 1178/34/4 1177/35/25
s 394
f 1182/33/4 1181/35/25 1180/36/4
s 395
f 1185/22/26 1184/21/19 1183/36/27
s 396
f 1188/22/28 1187/36/27 1186/35/25
s 397
f 1191/24/29 1190/23/30 1189/37/29
s 398
f 1194/24/31 1193/37/31 1192/38/32
s 399
f 1197/16/7 1196/15/7 1195/39/7
s 400
f 1200/16/7 1199/39/7 1198/40/7
s 401
f 1203/24/7 1202/23/7 1201/40/7
s 402
f 1206/24/7 1205/40/7 1204/39/7
s 403
f 1209/27/3 1208/41/3 1207/28/3
s 404
f 1212/42/3 1211/28/3 1210/41/3
s 405
f 1215/42/3 1214/41/3 1213/43/3
s 406
f 1218/4/3 1217/3/3 1216/42/3
s 407
f 1221/4/3 1220/42/3 1219/43/3
s 408
f 1224/8/4 1223/7/4 1222/44/4
s 409
f 1227/8/4 1226/44/4 1225/45/4
s 410
f 1230/46/4 1229/45/4 1228/44/4
s 411
f 1233/33/4 1232/45/4 1231/46/4
s 412
f 1236/46/4 1235/34/4 1234/33/4
s 413
f 1239/16/33 1238/15/33 1237/47/34
s 414
f 1242/16/35 1241/47/34 1240/48/35
s 415
f 1245/38/9 1244/37/9 1243/48/9
s 416
f 1248/38/9 1247/48/9 1246/47/9
s 417
f 1251/10/36 1250/11/37 1249/49/55
s 418
f 1254/10/39 1253/49/38 1252/50/40
s 419
f 1257/2/2 1256/1/1 1255/50/40
s 420
f 1260/2/2 1259/50/40 1258/49/38
s 421
f 1263/12/57 1262/9/42 1261/51/43
s 422
f 1266/12/41 1265/51/43 1264/52/44
s 423
f 1269/6/5 1268/5/4 1267/52/44
s 424
f 1272/6/56 1271/52/44 1270/51/43
s 425
f 1275/9/45 1274/10/45 1273/53/46
s 426
f 1278/9/45 1277/53/47 1276/54/45
s 427
f 1281/14/7 1280/13/7 1279/54/7
s 428
f 1284/14/7 1283/54/7 1282/53/46
s 429
f 1287/9/48 1286/10/48 1285/55/48
s 430
f 1290/9/49 1289/55/49 1288/56/49
s 431
f 1293/14/50 1292/13/50 1291/56/53
s 432
f 1296/14/52 1295/56/53 1294/55/52
s 433
g default_1_Material_1.004
usemtl Material_1.004
f 1299/1/1 1298/2/2 1297/3/3
s 434
f 1302/1/1 1301/3/3 1300/4/3
s 435
f 1305/5/4 1304/6/5 1303/7/4
s 436
f 1308/5/4 1307/7/4 1306/8/4
s 437
f 1311/9/6 1310/10/6 1309/11/6
s 438
f 1314/9/6 1313/11/6 1312/12/6
s 439
f 1317/13/7 1316/14/7 1315/15/7
s 440
f 1320/13/7 1319/15/7 1318/16/7
s 441
f 1323/9/8 1322/10/8 1321/11/8
s 442
f 1326/9/8 1325/11/8 1324/12/8
s 443
f 1329/13/9 1328/14/9 1327/15/9
s 444
f 1332/13/9 1331/15/9 1330/16/9
s 445
f 1335/11/10 1334/12/10 1333/17/10
s 446
f 1338/11/10 1337/17/10 1336/18/10
s 447
f 1341/12/11 1340/9/12 1339/19/13
s 448
f 1344/12/11 1343/19/14 1342/20/54
s 449
f 1347/11/16 1346/12/16 1345/17/17
s 450
f 1350/11/16 1349/17/17 1348/18/18
s 451
f 1353/10/4 1352/11/4 1351/21/58
s 452
f 1356/10/20 1355/21/19 1354/22/20
s 453
f 1359/23/9 1358/24/9 1357/25/9
s 454
f 1362/23/9 1361/25/9 1360/26/9
s 455
f 1365/18/21 1364/17/22 1363/26/21
s 456
f 1368/18/21 1367/26/21 1366/25/23
s 457
f 1371/27/3 1370/28/3 1369/29/3
s 458
f 1374/27/3 1373/29/3 1372/30/3
s 459
f 1377/20/59 1376/19/14 1375/30/24
s 460
f 1380/20/15 1379/30/24 1378/29/3
s 461
f 1383/23/7 1382/24/7 1381/31/7
s 462
f 1386/23/7 1385/31/7 1384/32/7
s 463
f 1389/18/18 1388/17/17 1387/32/7
s 464
f 1392/18/18 1391/32/7 1390/31/7
s 465
f 1395/33/4 1394/34/4 1393/35/25
s 466
f 1398/33/4 1397/35/25 1396/36/4
s 467
f 1401/22/26 1400/21/19 1399/36/27
s 468
f 1404/22/28 1403/36/27 1402/35/25
s 469
f 1407/24/29 1406/23/30 1405/37/29
s 470
f 1410/24/31 1409/37/31 1408/38/32
s 471
f 1413/16/7 1412/15/7 1411/39/7
s 472
f 1416/16/7 1415/39/7 1414/40/7
s 473
f 1419/24/7 1418/23/7 1417/40/7
s 474
f 1422/24/7 1421/40/7 1420/39/7
s 475
f 1425/27/3 1424/41/3 1423/28/3
s 476
f 1428/42/3 1427/28/3 1426/41/3
s 477
f 1431/42/3 1430/41/3 1429/43/3
s 478
f 1434/4/3 1433/3/3 1432/42/3
s 479
f 1437/4/3 1436/42/3 1435/43/3
s 480
f 1440/8/4 1439/7/4 1438/44/4
s 481
f 1443/8/4 1442/44/4 1441/45/4
s 482
f 1446/46/4 1445/45/4 1444/44/4
s 483
f 1449/33/4 1448/45/4 1447/46/4
s 484
f 1452/46/4 1451/34/4 1450/33/4
s 485
f 1455/16/33 1454/15/33 1453/47/34
s 486
f 1458/16/35 1457/47/34 1456/48/35
s 487
f 1461/38/9 1460/37/9 1459/48/9
s 488
f 1464/38/9 1463/48/9 1462/47/9
s 489
f 1467/10/36 1466/11/37 1465/49/55
s 490
f 1470/10/36 1469/49/38 1468/50/40
s 491
f 1473/2/2 1472/1/1 1471/50/40
s 492
f 1476/2/2 1475/50/40 1474/49/38
s 493
f 1479/12/41 1478/9/42 1477/51/43
s 494
f 1482/12/41 1481/51/43 1480/52/44
s 495
f 1485/6/5 1484/5/4 1483/52/44
s 496
f 1488/6/56 1487/52/44 1486/51/43
s 497
f 1491/9/45 1490/10/45 1489/53/46
s 498
f 1494/9/45 1493/53/47 1492/54/45
s 499
f 1497/14/7 1496/13/7 1495/54/7
s 500
f 1500/14/7 1499/54/7 1498/53/46
s 501
f 1503/9/48 1502/10/48 1501/55/48
s 502
f 1506/9/49 1505/55/49 1504/56/49
s 503
f 1509/14/50 1508/13/50 1507/56/53
s 504
f 1512/14/52 1511/56/53 1510/55/52
s 505
f 1515/1/1 1514/2/2 1513/3/3
s 506
f 1518/1/1 1517/3/3 1516/4/3
s 507
f 1521/5/4 1520/6/5 1519/7/4
s 508
f 1524/5/4 1523/7/4 1522/8/4
s 509
f 1527/9/6 1526/10/6 1525/11/6
s 510
f 1530/9/6 1529/11/6 1528/12/6
s 511
f 1533/13/7 1532/14/7 1531/15/7
s 512
f 1536/13/7 1535/15/7 1534/16/7
s 513
f 1539/9/8 1538/10/8 1537/11/8
s 514
f 1542/9/8 1541/11/8 1540/12/8
s 515
f 1545/13/9 1544/14/9 1543/15/9
s 516
f 1548/13/9 1547/15/9 1546/16/9
s 517
f 1551/11/10 1550/12/10 1549/17/10
s 518
f 1554/11/10 1553/17/10 1552/18/10
s 519
f 1557/12/11 1556/9/12 1555/19/14
s 520
f 1560/12/11 1559/19/14 1558/20/54
s 521
f 1563/11/16 1562/12/16 1561/17/17
s 522
f 1566/11/16 1565/17/17 1564/18/18
s 523
f 1569/10/4 1568/11/4 1567/21/19
s 524
f 1572/10/20 1571/21/19 1570/22/20
s 525
f 1575/23/9 1574/24/9 1573/25/9
s 526
f 1578/23/9 1577/25/9 1576/26/9
s 527
f 1581/18/21 1580/17/22 1579/26/21
s 528
f 1584/18/21 1583/26/21 1582/25/23
s 529
f 1587/27/3 1586/28/3 1585/29/3
s 530
f 1590/27/3 1589/29/3 1588/30/3
s 531
f 1593/20/60 1592/19/13 1591/30/24
s 532
f 1596/20/15 1595/30/24 1594/29/3
s 533
f 1599/23/7 1598/24/7 1597/31/7
s 534
f 1602/23/7 1601/31/7 1600/32/7
s 535
f 1605/18/18 1604/17/17 1603/32/7
s 536
f 1608/18/18 1607/32/7 1606/31/7
s 537
f 1611/33/4 1610/34/4 1609/35/25
s 538
f 1614/33/4 1613/35/25 1612/36/4
s 539
f 1617/22/61 1616/21/19 1615/36/27
s 540
f 1620/22/28 1619/36/27 1618/35/25
s 541
f 1623/24/29 1622/23/30 1621/37/29
s 542
f 1626/24/31 1625/37/31 1624/38/32
s 543
f 1629/16/7 1628/15/7 1627/39/7
s 544
f 1632/16/7 1631/39/7 1630/40/7
s 545
f 1635/24/7 1634/23/7 1633/40/7
s 546
f 1638/24/7 1637/40/7 1636/39/7
s 547
f 1641/27/3 1640/41/3 1639/28/3
s 548
f 1644/42/3 1643/28/3 1642/41/3
s 549
f 1647/42/3 1646/41/3 1645/43/3
s 550
f 1650/4/3 1649/3/3 1648/42/3
s 551
f 1653/4/3 1652/42/3 1651/43/3
s 552
f 1656/8/4 1655/7/4 1654/44/4
s 553
f 1659/8/4 1658/44/4 1657/45/4
s 554
f 1662/46/4 1661/45/4 1660/44/4
s 555
f 1665/33/4 1664/45/4 1663/46/4
s 556
f 1668/46/4 1667/34/4 1666/33/4
s 557
f 1671/16/33 1670/15/33 1669/47/34
s 558
f 1674/16/35 1673/47/34 1672/48/35
s 559
f 1677/38/9 1676/37/9 1675/48/9
s 560
f 1680/38/9 1679/48/9 1678/47/9
s 561
f 1683/10/36 1682/11/37 1681/49/55
s 562
f 1686/10/39 1685/49/38 1684/50/40
s 563
f 1689/2/2 1688/1/1 1687/50/40
s 564
f 1692/2/2 1691/50/40 1690/49/38
s 565
f 1695/12/41 1694/9/62 1693/51/63
s 566
f 1698/12/41 1697/51/43 1696/52/44
s 567
f 1701/6/5 1700/5/4 1699/52/44
s 568
f 1704/6/5 1703/52/44 1702/51/43
s 569
f 1707/9/45 1706/10/45 1705/53/46
s 570
f 1710/9/45 1709/53/47 1708/54/45
s 571
f 1713/14/7 1712/13/7 1711/54/7
s 572
f 1716/14/7 1715/54/7 1714/53/46
s 573
f 1719/9/48 1718/10/48 1717/55/48
s 574
f 1722/9/49 1721/55/49 1720/56/49
s 575
f 1725/14/50 1724/13/50 1723/56/51
s 576
f 1728/14/52 1727/56/53 1726/55/52
s 577
g default_1_Material_1.005
usemtl Material_1.005
f 1731/1/1 1730/2/2 1729/3/3
s 578
f 1734/1/1 1733/3/3 1732/4/3
s 579
f 1737/5/4 1736/6/5 1735/7/4
s 580
f 1740/5/4 1739/7/4 1738/8/4
s 581
f 1743/9/6 1742/10/6 1741/11/6
s 582
f 1746/9/6 1745/11/6 1744/12/6
s 583
f 1749/13/7 1748/14/7 1747/15/7
s 584
f 1752/13/7 1751/15/7 1750/16/7
s 585
f 1755/9/8 1754/10/8 1753/11/8
s 586
f 1758/9/8 1757/11/8 1756/12/8
s 587
f 1761/13/9 1760/14/9 1759/15/9
s 588
f 1764/13/9 1763/15/9 1762/16/9
s 589
f 1767/11/10 1766/12/10 1765/17/10
s 590
f 1770/11/10 1769/17/10 1768/18/10
s 591
f 1773/12/11 1772/9/12 1771/19/13
s 592
f 1776/12/11 1775/19/14 1774/20/54
s 593
f 1779/11/16 1778/12/16 1777/17/17
s 594
f 1782/11/16 1781/17/17 1780/18/18
s 595
f 1785/10/4 1784/11/4 1783/21/19
s 596
f 1788/10/20 1787/21/19 1786/22/20
s 597
f 1791/23/9 1790/24/9 1789/25/9
s 598
f 1794/23/9 1793/25/9 1792/26/9
s 599
f 1797/18/21 1796/17/22 1795/26/21
s 600
f 1800/18/21 1799/26/21 1798/25/23
s 601
f 1803/27/3 1802/28/3 1801/29/3
s 602
f 1806/27/3 1805/29/3 1804/30/3
s 603
f 1809/20/60 1808/19/13 1807/30/24
s 604
f 1812/20/54 1811/30/24 1810/29/3
s 605
f 1815/23/7 1814/24/7 1813/31/7
s 606
f 1818/23/7 1817/31/7 1816/32/7
s 607
f 1821/18/18 1820/17/17 1819/32/7
s 608
f 1824/18/18 1823/32/7 1822/31/7
s 609
f 1827/33/4 1826/34/4 1825/35/25
s 610
f 1830/33/4 1829/35/25 1828/36/4
s 611
f 1833/22/26 1832/21/19 1831/36/27
s 612
f 1836/22/28 1835/36/27 1834/35/25
s 613
f 1839/24/29 1838/23/30 1837/37/29
s 614
f 1842/24/31 1841/37/31 1840/38/32
s 615
f 1845/16/7 1844/15/7 1843/39/7
s 616
f 1848/16/7 1847/39/7 1846/40/7
s 617
f 1851/24/7 1850/23/7 1849/40/7
s 618
f 1854/24/7 1853/40/7 1852/39/7
s 619
f 1857/27/3 1856/41/3 1855/28/3
s 620
f 1860/42/3 1859/28/3 1858/41/3
s 621
f 1863/42/3 1862/41/3 1861/43/3
s 622
f 1866/4/3 1865/3/3 1864/42/3
s 623
f 1869/4/3 1868/42/3 1867/43/3
s 624
f 1872/8/4 1871/7/4 1870/44/4
s 625
f 1875/8/4 1874/44/4 1873/45/4
s 626
f 1878/46/4 1877/45/4 1876/44/4
s 627
f 1881/33/4 1880/45/4 1879/46/4
s 628
f 1884/46/4 1883/34/4 1882/33/4
s 629
f 1887/16/33 1886/15/33 1885/47/34
s 630
f 1890/16/35 1889/47/34 1888/48/35
s 631
f 1893/38/9 1892/37/9 1891/48/9
s 632
f 1896/38/9 1895/48/9 1894/47/9
s 633
f 1899/10/36 1898/11/37 1897/49/55
s 634
f 1902/10/36 1901/49/38 1900/50/40
s 635
f 1905/2/2 1904/1/1 1903/50/40
s 636
f 1908/2/2 1907/50/40 1906/49/38
s 637
f 1911/12/41 1910/9/42 1909/51/43
s 638
f 1914/12/41 1913/51/43 1912/52/44
s 639
f 1917/6/5 1916/5/4 1915/52/44
s 640
f 1920/6/56 1919/52/44 1918/51/43
s 641
f 1923/9/45 1922/10/45 1921/53/46
s 642
f 1926/9/45 1925/53/47 1924/54/45
s 643
f 1929/14/7 1928/13/7 1927/54/7
s 644
f 1932/14/7 1931/54/7 1930/53/46
s 645
f 1935/9/48 1934/10/48 1933/55/48
s 646
f 1938/9/49 1937/55/49 1936/56/49
s 647
f 1941/14/50 1940/13/50 1939/56/53
s 648
f 1944/14/52 1943/56/53 1942/55/52
s 649
f 1947/1/1 1946/2/2 1945/3/3
s 650
f 1950/1/1 1949/3/3 1948/4/3
s 651
f 1953/5/4 1952/6/5 1951/7/4
s 652
f 1956/5/4 1955/7/4 1954/8/4
s 653
f 1959/9/6 1958/10/6 1957/11/6
s 654
f 1962/9/6 1961/11/6 1960/12/6
s 655
f 1965/13/7 1964/14/7 1963/15/7
s 656
f 1968/13/7 1967/15/7 1966/16/7
s 657
f 1971/9/8 1970/10/8 1969/11/8
s 658
f 1974/9/8 1973/11/8 1972/12/8
s 659
f 1977/13/9 1976/14/9 1975/15/9
s 660
f 1980/13/9 1979/15/9 1978/16/9
s 661
f 1983/11/10 1982/12/10 1981/17/10
s 662
f 1986/11/10 1985/17/10 1984/18/10
s 663
f 1989/12/11 1988/9/12 1987/19/14
s 664
f 1992/12/11 1991/19/13 1990/20/15
s 665
f 1995/11/16 1994/12/16 1993/17/17
s 666
f 1998/11/16 1997/17/17 1996/18/18
s 667
f 2001/10/4 2000/11/4 1999/21/19
s 668
f 2004/10/20 2003/21/19 2002/22/20
s 669
f 2007/23/9 2006/24/9 2005/25/9
s 670
f 2010/23/9 2009/25/9 2008/26/9
s 671
f 2013/18/21 2012/17/22 2011/26/21
s 672
f 2016/18/21 2015/26/21 2014/25/23
s 673
f 2019/27/3 2018/28/3 2017/29/3
s 674
f 2022/27/3 2021/29/3 2020/30/3
s 675
f 2025/20/60 2024/19/13 2023/30/24
s 676
f 2028/20/15 2027/30/24 2026/29/3
s 677
f 2031/23/7 2030/24/7 2029/31/7
s 678
f 2034/23/7 2033/31/7 2032/32/7
s 679
f 2037/18/18 2036/17/17 2035/32/7
s 680
f 2040/18/18 2039/32/7 2038/31/7
s 681
f 2043/33/4 2042/34/4 2041/35/25
s 682
f 2046/33/4 2045/35/25 2044/36/4
s 683
f 2049/22/61 2048/21/19 2047/36/27
s 684
f 2052/22/28 2051/36/27 2050/35/25
s 685
f 2055/24/29 2054/23/30 2053/37/29
s 686
f 2058/24/31 2057/37/31 2056/38/32
s 687
f 2061/16/7 2060/15/7 2059/39/7
s 688
f 2064/16/7 2063/39/7 2062/40/7
s 689
f 2067/24/7 2066/23/7 2065/40/7
s 690
f 2070/24/7 2069/40/7 2068/39/7
s 691
f 2073/27/3 2072/41/3 2071/28/3
s 692
f 2076/42/3 2075/28/3 2074/41/3
s 693
f 2079/42/3 2078/41/3 2077/43/3
s 694
f 2082/4/3 2081/3/3 2080/42/3
s 695
f 2085/4/3 2084/42/3 2083/43/3
s 696
f 2088/8/4 2087/7/4 2086/44/4
s 697
f 2091/8/4 2090/44/4 2089/45/4
s 698
f 2094/46/4 2093/45/4 2092/44/4
s 699
f 2097/33/4 2096/45/4 2095/46/4
s 700
f 2100/46/4 2099/34/4 2098/33/4
s 701
f 2103/16/33 2102/15/33 2101/47/34
s 702
f 2106/16/35 2105/47/34 2104/48/35
s 703
f 2109/38/9 2108/37/9 2107/48/9
s 704
f 2112/38/9 2111/48/9 2110/47/9
s 705
f 2115/10/36 2114/11/37 2113/49/38
s 706
f 2118/10/36 2117/49/55 2116/50/40
s 707
f 2121/2/2 2120/1/1 2119/50/64
s 708
f 2124/2/2 2123/50/40 2122/49/38
s 709
f 2127/12/41 2126/9/62 2125/51/63
s 710
f 2130/12/41 2129/51/43 2128/52/44
s 711
f 2133/6/5 2132/5/4 2131/52/44
s 712
f 2136/6/5 2135/52/44 2134/51/43
s 713
f 2139/9/45 2138/10/45 2137/53/46
s 714
f 2142/9/45 2141/53/47 2140/54/45
s 715
f 2145/14/7 2144/13/7 2143/54/7
s 716
f 2148/14/7 2147/54/7 2146/53/46
s 717
f 2151/9/48 2150/10/48 2149/55/48
s 718
f 2154/9/49 2153/55/49 2152/56/49
s 719
f 2157/14/50 2156/13/50 2155/56/51
s 720
f 2160/14/52 2159/56/53 2158/55/52
s 721
g default_1_Material_1.006
usemtl Material_1.006
f 2163/1/1 2162/2/2 2161/3/3
s 722
f 2166/1/1 2165/3/3 2164/4/3
s 723
f 2169/5/4 2168/6/5 2167/7/4
s 724
f 2172/5/4 2171/7/4 2170/8/4
s 725
f 2175/9/6 2174/10/6 2173/11/6
s 726
f 2178/9/6 2177/11/6 2176/12/6
s 727
f 2181/13/7 2180/14/7 2179/15/7
s 728
f 2184/13/7 2183/15/7 2182/16/7
s 729
f 2187/9/8 2186/10/8 2185/11/8
s 730
f 2190/9/8 2189/11/8 2188/12/8
s 731
f 2193/13/9 2192/14/9 2191/15/9
s 732
f 2196/13/9 2195/15/9 2194/16/9
s 733
f 2199/11/10 2198/12/10 2197/17/10
s 734
f 2202/11/10 2201/17/10 2200/18/10
s 735
f 2205/12/11 2204/9/12 2203/19/13
s 736
f 2208/12/11 2207/19/13 2206/20/15
s 737
f 2211/11/16 2210/12/16 2209/17/17
s 738
f 2214/11/16 2213/17/17 2212/18/18
s 739
f 2217/10/4 2216/11/4 2215/21/19
s 740
f 2220/10/20 2219/21/19 2218/22/20
s 741
f 2223/23/9 2222/24/9 2221/25/9
s 742
f 2226/23/9 2225/25/9 2224/26/9
s 743
f 2229/18/21 2228/17/22 2227/26/21
s 744
f 2232/18/21 2231/26/21 2230/25/23
s 745
f 2235/27/3 2234/28/3 2233/29/3
s 746
f 2238/27/3 2237/29/3 2236/30/3
s 747
f 2241/20/60 2240/19/13 2239/30/24
s 748
f 2244/20/15 2243/30/24 2242/29/3
s 749
f 2247/23/7 2246/24/7 2245/31/7
s 750
f 2250/23/7 2249/31/7 2248/32/7
s 751
f 2253/18/18 2252/17/17 2251/32/7
s 752
f 2256/18/18 2255/32/7 2254/31/7
s 753
f 2259/33/4 2258/34/4 2257/35/25
s 754
f 2262/33/4 2261/35/25 2260/36/4
s 755
f 2265/22/61 2264/21/19 2263/36/27
s 756
f 2268/22/28 2267/36/27 2266/35/25
s 757
f 2271/24/29 2270/23/30 2269/37/29
s 758
f 2274/24/31 2273/37/31 2272/38/32
s 759
f 2277/16/7 2276/15/7 2275/39/7
s 760
f 2280/16/7 2279/39/7 2278/40/7
s 761
f 2283/24/7 2282/23/7 2281/40/7
s 762
f 2286/24/7 2285/40/7 2284/39/7
s 763
f 2289/27/3 2288/41/3 2287/28/3
s 764
f 2292/42/3 2291/28/3 2290/41/3
s 765
f 2295/42/3 2294/41/3 2293/43/3
s 766
f 2298/4/3 2297/3/3 2296/42/3
s 767
f 2301/4/3 2300/42/3 2299/43/3
s 768
f 2304/8/4 2303/7/4 2302/44/4
s 769
f 2307/8/4 2306/44/4 2305/45/4
s 770
f 2310/46/4 2309/45/4 2308/44/4
s 771
f 2313/33/4 2312/45/4 2311/46/4
s 772
f 2316/46/4 2315/34/4 2314/33/4
s 773
f 2319/16/33 2318/15/33 2317/47/34
s 774
f 2322/16/35 2321/47/34 2320/48/35
s 775
f 2325/38/9 2324/37/9 2323/48/9
s 776
f 2328/38/9 2327/48/9 2326/47/9
s 777
f 2331/10/39 2330/11/37 2329/49/38
s 778
f 2334/10/39 2333/49/38 2332/50/40
s 779
f 2337/2/2 2336/1/1 2335/50/40
s 780
f 2340/2/2 2339/50/40 2338/49/38
s 781
f 2343/12/57 2342/9/42 2341/51/43
s 782
f 2346/12/41 2345/51/63 2344/52/65
s 783
f 2349/6/5 2348/5/4 2347/52/44
s 784
f 2352/6/56 2351/52/44 2350/51/43
s 785
f 2355/9/45 2354/10/45 2353/53/46
s 786
f 2358/9/45 2357/53/47 2356/54/45
s 787
f 2361/14/7 2360/13/7 2359/54/7
s 788
f 2364/14/7 2363/54/7 2362/53/46
s 789
f 2367/9/48 2366/10/48 2365/55/48
s 790
f 2370/9/49 2369/55/49 2368/56/49
s 791
f 2373/14/50 2372/13/50 2371/56/53
s 792
f 2376/14/52 2375/56/53 2374/55/52
s 793
f 2379/1/1 2378/2/2 2377/3/3
s 794
f 2382/1/1 2381/3/3 2380/4/3
s 795
f 2385/5/4 2384/6/5 2383/7/4
s 796
f 2388/5/4 2387/7/4 2386/8/4
s 797
f 2391/9/6 2390/10/6 2389/11/6
s 798
f 2394/9/6 2393/11/6 2392/12/6
s 799
f 2397/13/7 2396/14/7 2395/15/7
s 800
f 2400/13/7 2399/15/7 2398/16/7
s 801
f 2403/9/8 2402/10/8 2401/11/8
s 802
f 2406/9/8 2405/11/8 2404/12/8
s 803
f 2409/13/9 2408/14/9 2407/15/9
s 804
f 2412/13/9 2411/15/9 2410/16/9
s 805
f 2415/11/10 2414/12/10 2413/17/10
s 806
f 2418/11/10 2417/17/10 2416/18/10
s 807
f 2421/12/11 2420/9/12 2419/19/14
s 808
f 2424/12/11 2423/19/14 2422/20/54
s 809
f 2427/11/16 2426/12/16 2425/17/17
s 810
f 2430/11/16 2429/17/17 2428/18/18
s 811
f 2433/10/4 2432/11/4 2431/21/19
s 812
f 2436/10/20 2435/21/19 2434/22/20
s 813
f 2439/23/9 2438/24/9 2437/25/9
s 814
f 2442/23/9 2441/25/9 2440/26/9
s 815
f 2445/18/21 2444/17/22 2443/26/21
s 816
f 2448/18/21 2447/26/21 2446/25/23
s 817
f 2451/27/3 2450/28/3 2449/29/3
s 818
f 2454/27/3 2453/29/3 2452/30/3
s 819
f 2457/20/15 2456/19/60 2455/30/24
s 820
f 2460/20/15 2459/30/24 2458/29/3
s 821
f 2463/23/7 2462/24/7 2461/31/7
s 822
f 2466/23/7 2465/31/7 2464/32/7
s 823
f 2469/18/18 2468/17/17 2467/32/7
s 824
f 2472/18/18 2471/32/7 2470/31/7
s 825
f 2475/33/4 2474/34/4 2473/35/25
s 826
f 2478/33/4 2477/35/25 2476/36/4
s 827
f 2481/22/61 2480/21/19 2479/36/27
s 828
f 2484/22/28 2483/36/27 2482/35/66
s 829
f 2487/24/29 2486/23/30 2485/37/29
s 830
f 2490/24/31 2489/37/31 2488/38/32
s 831
f 2493/16/7 2492/15/7 2491/39/7
s 832
f 2496/16/7 2495/39/7 2494/40/7
s 833
f 2499/24/7 2498/23/7 2497/40/7
s 834
f 2502/24/7 2501/40/7 2500/39/7
s 835
f 2505/27/3 2504/41/3 2503/28/3
s 836
f 2508/42/3 2507/28/3 2506/41/3
s 837
f 2511/42/3 2510/41/3 2509/43/3
s 838
f 2514/4/3 2513/3/3 2512/42/3
s 839
f 2517/4/3 2516/42/3 2515/43/3
s 840
f 2520/8/4 2519/7/4 2518/44/4
s 841
f 2523/8/4 2522/44/4 2521/45/4
s 842
f 2526/46/4 2525/45/4 2524/44/4
s 843
f 2529/33/4 2528/45/4 2527/46/4
s 844
f 2532/46/4 2531/34/4 2530/33/4
s 845
f 2535/16/33 2534/15/33 2533/47/34
s 846
f 2538/16/35 2537/47/34 2536/48/35
s 847
f 2541/38/9 2540/37/9 2539/48/9
s 848
f 2544/38/9 2543/48/9 2542/47/9
s 849
f 2547/10/36 2546/11/37 2545/49/38
s 850
f 2550/10/39 2549/49/38 2548/50/40
s 851
f 2553/2/2 2552/1/1 2551/50/40
s 852
f 2556/2/2 2555/50/40 2554/49/38
s 853
f 2559/12/57 2558/9/42 2557/51/43
s 854
f 2562/12/41 2561/51/43 2560/52/44
s 855
f 2565/6/5 2564/5/4 2563/52/44
s 856
f 2568/6/56 2567/52/44 2566/51/43
s 857
f 2571/9/45 2570/10/45 2569/53/46
s 858
f 2574/9/45 2573/53/47 2572/54/45
s 859
f 2577/14/7 2576/13/7 2575/54/7
s 860
f 2580/14/7 2579/54/7 2578/53/46
s 861
f 2583/9/48 2582/10/48 2581/55/48
s 862
f 2586/9/49 2585/55/49 2584/56/49
s 863
f 2589/14/50 2588/13/50 2587/56/53
s 864
f 2592/14/52 2591/56/53 2590/55/52
s 865
g default_1_Material_1.007
usemtl Material_1.007
f 2595/1/1 2594/2/2 2593/3/3
s 866
f 2598/1/1 2597/3/3 2596/4/3
s 867
f 2601/5/4 2600/6/5 2599/7/4
s 868
f 2604/5/4 2603/7/4 2602/8/4
s 869
f 2607/9/6 2606/10/6 2605/11/6
s 870
f 2610/9/6 2609/11/6 2608/12/6
s 871
f 2613/13/7 2612/14/7 2611/15/7
s 872
f 2616/13/7 2615/15/7 2614/16/7
s 873
f 2619/9/8 2618/10/8 2617/11/8
s 874
f 2622/9/8 2621/11/8 2620/12/8
s 875
f 2625/13/9 2624/14/9 2623/15/9
s 876
f 2628/13/9 2627/15/9 2626/16/9
s 877
f 2631/11/10 2630/12/10 2629/17/10
s 878
f 2634/11/10 2633/17/10 2632/18/10
s 879
f 2637/12/11 2636/9/12 2635/19/13
s 880
f 2640/12/11 2639/19/13 2638/20/15
s 881
f 2643/11/16 2642/12/16 2641/17/17
s 882
f 2646/11/16 2645/17/17 2644/18/18
s 883
f 2649/10/4 2648/11/4 2647/21/19
s 884
f 2652/10/20 2651/21/19 2650/22/67
s 885
f 2655/23/9 2654/24/9 2653/25/9
s 886
f 2658/23/9 2657/25/9 2656/26/9
s 887
f 2661/18/21 2660/17/22 2659/26/21
s 888
f 2664/18/21 2663/26/21 2662/25/23
s 889
f 2667/27/3 2666/28/3 2665/29/3
s 890
f 2670/27/3 2669/29/3 2668/30/3
s 891
f 2673/20/15 2672/19/13 2671/30/24
s 892
f 2676/20/15 2675/30/24 2674/29/3
s 893
f 2679/23/7 2678/24/7 2677/31/7
s 894
f 2682/23/7 2681/31/7 2680/32/7
s 895
f 2685/18/18 2684/17/17 2683/32/7
s 896
f 2688/18/18 2687/32/7 2686/31/7
s 897
f 2691/33/4 2690/34/4 2689/35/25
s 898
f 2694/33/4 2693/35/25 2692/36/4
s 899
f 2697/22/26 2696/21/19 2695/36/27
s 900
f 2700/22/28 2699/36/27 2698/35/25
s 901
f 2703/24/29 2702/23/30 2701/37/29
s 902
f 2706/24/31 2705/37/31 2704/38/32
s 903
f 2709/16/7 2708/15/7 2707/39/7
s 904
f 2712/16/7 2711/39/7 2710/40/7
s 905
f 2715/24/7 2714/23/7 2713/40/7
s 906
f 2718/24/7 2717/40/7 2716/39/7
s 907
f 2721/27/3 2720/41/3 2719/28/3
s 908
f 2724/42/3 2723/28/3 2722/41/3
s 909
f 2727/42/3 2726/41/3 2725/43/3
s 910
f 2730/4/3 2729/3/3 2728/42/3
s 911
f 2733/4/3 2732/42/3 2731/43/3
s 912
f 2736/8/4 2735/7/4 2734/44/4
s 913
f 2739/8/4 2738/44/4 2737/45/4
s 914
f 2742/46/4 2741/45/4 2740/44/4
s 915
f 2745/33/4 2744/45/4 2743/46/4
s 916
f 2748/46/4 2747/34/4 2746/33/4
s 917
f 2751/16/33 2750/15/33 2749/47/34
s 918
f 2754/16/35 2753/47/34 2752/48/35
s 919
f 2757/38/9 2756/37/9 2755/48/9
s 920
f 2760/38/9 2759/48/9 2758/47/9
s 921
f 2763/10/39 2762/11/37 2761/49/38
s 922
f 2766/10/36 2765/49/38 2764/50/40
s 923
f 2769/2/2 2768/1/1 2767/50/40
s 924
f 2772/2/2 2771/50/40 2770/49/38
s 925
f 2775/12/41 2774/9/42 2773/51/43
s 926
f 2778/12/41 2777/51/43 2776/52/44
s 927
f 2781/6/5 2780/5/4 2779/52/44
s 928
f 2784/6/5 2783/52/44 2782/51/43
s 929
f 2787/9/45 2786/10/45 2785/53/46
s 930
f 2790/9/45 2789/53/47 2788/54/45
s 931
f 2793/14/7 2792/13/7 2791/54/7
s 932
f 2796/14/7 2795/54/7 2794/53/46
s 933
f 2799/9/48 2798/10/48 2797/55/48
s 934
f 2802/9/49 2801/55/49 2800/56/49
s 935
f 2805/14/50 2804/13/50 2803/56/51
s 936
f 2808/14/52 2807/56/53 2806/55/52
s 937
f 2811/1/1 2810/2/2 2809/3/3
s 938
f 2814/1/1 2813/3/3 2812/4/3
s 939
f 2817/5/4 2816/6/5 2815/7/4
s 940
f 2820/5/4 2819/7/4 2818/8/4
s 941
f 2823/9/6 2822/10/6 2821/11/6
s 942
f 2826/9/6 2825/11/6 2824/12/6
s 943
f 2829/13/7 2828/14/7 2827/15/7
s 944
f 2832/13/7 2831/15/7 2830/16/7
s 945
f 2835/9/8 2834/10/8 2833/11/8
s 946
f 2838/9/8 2837/11/8 2836/12/8
s 947
f 2841/13/9 2840/14/9 2839/15/9
s 948
f 2844/13/9 2843/15/9 2842/16/9
s 949
f 2847/11/10 2846/12/10 2845/17/10
s 950
f 2850/11/10 2849/17/10 2848/18/10
s 951
f 2853/12/11 2852/9/12 2851/19/14
s 952
f 2856/12/11 2855/19/13 2854/20/15
s 953
f 2859/11/16 2858/12/16 2857/17/17
s 954
f 2862/11/16 2861/17/17 2860/18/18
s 955
f 2865/10/4 2864/11/4 2863/21/19
s 956
f 2868/10/20 2867/21/19 2866/22/20
s 957
f 2871/23/9 2870/24/9 2869/25/9
s 958
f 2874/23/9 2873/25/9 2872/26/9
s 959
f 2877/18/21 2876/17/22 2875/26/21
s 960
f 2880/18/21 2879/26/21 2878/25/23
s 961
f 2883/27/3 2882/28/3 2881/29/3
s 962
f 2886/27/3 2885/29/3 2884/30/3
s 963
f 2889/20/15 2888/19/13 2887/30/24
s 964
f 2892/20/15 2891/30/24 2890/29/3
s 965
f 2895/23/7 2894/24/7 2893/31/7
s 966
f 2898/23/7 2897/31/7 2896/32/7
s 967
f 2901/18/18 2900/17/17 2899/32/7
s 968
f 2904/18/18 2903/32/7 2902/31/7
s 969
f 2907/33/4 2906/34/4 2905/35/25
s 970
f 2910/33/4 2909/35/25 2908/36/4
s 971
f 2913/22/26 2912/21/19 2911/36/27
s 972
f 2916/22/28 2915/36/27 2914/35/25
s 973
f 2919/24/29 2918/23/30 2917/37/29
s 974
f 2922/24/31 2921/37/31 2920/38/32
s 975
f 2925/16/7 2924/15/7 2923/39/7
s 976
f 2928/16/7 2927/39/7 2926/40/7
s 977
f 2931/24/7 2930/23/7 2929/40/7
s 978
f 2934/24/7 2933/40/7 2932/39/7
s 979
f 2937/27/3 2936/41/3 2935/28/3
s 980
f 2940/42/3 2939/28/3 2938/41/3
s 981
f 2943/42/3 2942/41/3 2941/43/3
s 982
f 2946/4/3 2945/3/3 2944/42/3
s 983
f 2949/4/3 2948/42/3 2947/43/3
s 984
f 2952/8/4 2951/7/4 2950/44/4
s 985
f 2955/8/4 2954/44/4 2953/45/4
s 986
f 2958/46/4 2957/45/4 2956/44/4
s 987
f 2961/33/4 2960/45/4 2959/46/4
s 988
f 2964/46/4 2963/34/4 2962/33/4
s 989
f 2967/16/33 2966/15/33 2965/47/34
s 990
f 2970/16/35 2969/47/34 2968/48/35
s 991
f 2973/38/9 2972/37/9 2971/48/9
s 992
f 2976/38/9 2975/48/9 2974/47/9
s 993
f 2979/10/36 2978/11/37 2977/49/38
s 994
f 2982/10/36 2981/49/38 2980/50/40
s 995
f 2985/2/2 2984/1/1 2983/50/40
s 996
f 2988/2/2 2987/50/40 2986/49/38
s 997
f 2991/12/41 2990/9/42 2989/51/43
s 998
f 2994/12/41 2993/51/43 2992/52/44
s 999
f 2997/6/5 2996/5/4 2995/52/44
s 1000
f 3000/6/5 2999/52/44 2998/51/43
s 1001
f 3003/9/45 3002/10/45 3001/53/46
s 1002
f 3006/9/45 3005/53/47 3004/54/45
s 1003
f 3009/14/7 3008/13/7 3007/54/7
s 1004
f 3012/14/7 3011/54/7 3010/53/46
s 1005
f 3015/9/48 3014/10/48 3013/55/48
s 1006
f 3018/9/49 3017/55/49 3016/56/49
s 1007
f 3021/14/50 3020/13/50 3019/56/53
s 1008
f 3024/14/52 3023/56/53 3022/55/52
s 1009
g default_1_Material_1.008
usemtl Material_1.008
f 3027/1/1 3026/2/2 3025/3/3
s 1010
f 3030/1/1 3029/3/3 3028/4/3
s 1011
f 3033/5/4 3032/6/5 3031/7/4
s 1012
f 3036/5/4 3035/7/4 3034/8/4
s 1013
f 3039/9/6 3038/10/6 3037/11/6
s 1014
f 3042/9/6 3041/11/6 3040/12/6
s 1015
f 3045/13/7 3044/14/7 3043/15/7
s 1016
f 3048/13/7 3047/15/7 3046/16/7
s 1017
f 3051/9/8 3050/10/8 3049/11/8
s 1018
f 3054/9/8 3053/11/8 3052/12/8
s 1019
f 3057/13/9 3056/14/9 3055/15/9
s 1020
f 3060/13/9 3059/15/9 3058/16/9
s 1021
f 3063/11/10 3062/12/10 3061/17/10
s 1022
f 3066/11/10 3065/17/10 3064/18/10
s 1023
f 3069/12/11 3068/9/12 3067/19/13
s 1024
f 3072/12/11 3071/19/13 3070/20/15
s 1025
f 3075/11/16 3074/12/16 3073/17/17
s 1026
f 3078/11/16 3077/17/17 3076/18/18
s 1027
f 3081/10/4 3080/11/4 3079/21/19
s 1028
f 3084/10/20 3083/21/19 3082/22/67
s 1029
f 3087/23/9 3086/24/9 3085/25/9
s 1030
f 3090/23/9 3089/25/9 3088/26/9
s 1031
f 3093/18/21 3092/17/22 3091/26/21
s 1032
f 3096/18/21 3095/26/21 3094/25/23
s 1033
f 3099/27/3 3098/28/3 3097/29/3
s 1034
f 3102/27/3 3101/29/3 3100/30/3
s 1035
f 3105/20/15 3104/19/13 3103/30/24
s 1036
f 3108/20/15 3107/30/24 3106/29/3
s 1037
f 3111/23/7 3110/24/7 3109/31/7
s 1038
f 3114/23/7 3113/31/7 3112/32/7
s 1039
f 3117/18/18 3116/17/17 3115/32/7
s 1040
f 3120/18/18 3119/32/7 3118/31/7
s 1041
f 3123/33/4 3122/34/4 3121/35/25
s 1042
f 3126/33/4 3125/35/25 3124/36/4
s 1043
f 3129/22/26 3128/21/19 3127/36/27
s 1044
f 3132/22/28 3131/36/27 3130/35/25
s 1045
f 3135/24/29 3134/23/30 3133/37/29
s 1046
f 3138/24/31 3137/37/31 3136/38/32
s 1047
f 3141/16/7 3140/15/7 3139/39/7
s 1048
f 3144/16/7 3143/39/7 3142/40/7
s 1049
f 3147/24/7 3146/23/7 3145/40/7
s 1050
f 3150/24/7 3149/40/7 3148/39/7
s 1051
f 3153/27/3 3152/41/3 3151/28/3
s 1052
f 3156/42/3 3155/28/3 3154/41/3
s 1053
f 3159/42/3 3158/41/3 3157/43/3
s 1054
f 3162/4/3 3161/3/3 3160/42/3
s 1055
f 3165/4/3 3164/42/3 3163/43/3
s 1056
f 3168/8/4 3167/7/4 3166/44/4
s 1057
f 3171/8/4 3170/44/4 3169/45/4
s 1058
f 3174/46/4 3173/45/4 3172/44/4
s 1059
f 3177/33/4 3176/45/4 3175/46/4
s 1060
f 3180/46/4 3179/34/4 3178/33/4
s 1061
f 3183/16/33 3182/15/33 3181/47/34
s 1062
f 3186/16/35 3185/47/34 3184/48/35
s 1063
f 3189/38/9 3188/37/9 3187/48/9
s 1064
f 3192/38/9 3191/48/9 3190/47/9
s 1065
f 3195/10/39 3194/11/37 3193/49/38
s 1066
f 3198/10/36 3197/49/38 3196/50/40
s 1067
f 3201/2/2 3200/1/1 3199/50/40
s 1068
f 3204/2/2 3203/50/40 3202/49/38
s 1069
f 3207/12/41 3206/9/42 3205/51/43
s 1070
f 3210/12/41 3209/51/43 3208/52/44
s 1071
f 3213/6/5 3212/5/4 3211/52/44
s 1072
f 3216/6/5 3215/52/44 3214/51/43
s 1073
f 3219/9/45 3218/10/45 3217/53/46
s 1074
f 3222/9/45 3221/53/47 3220/54/45
s 1075
f 3225/14/7 3224/13/7 3223/54/7
s 1076
f 3228/14/7 3227/54/7 3226/53/46
s 1077
f 3231/9/48 3230/10/48 3229/55/48
s 1078
f 3234/9/49 3233/55/49 3232/56/49
s 1079
f 3237/14/50 3236/13/50 3235/56/51
s 1080
f 3240/14/52 3239/56/53 3238/55/52
s 1081
f 3243/1/1 3242/2/2 3241/3/3
s 1082
f 3246/1/1 3245/3/3 3244/4/3
s 1083
f 3249/5/4 3248/6/5 3247/7/4
s 1084
f 3252/5/4 3251/7/4 3250/8/4
s 1085
f 3255/9/6 3254/10/6 3253/11/6
s 1086
f 3258/9/6 3257/11/6 3256/12/6
s 1087
f 3261/13/7 3260/14/7 3259/15/7
s 1088
f 3264/13/7 3263/15/7 3262/16/7
s 1089
f 3267/9/8 3266/10/8 3265/11/8
s 1090
f 3270/9/8 3269/11/8 3268/12/8
s 1091
f 3273/13/9 3272/14/9 3271/15/9
s 1092
f 3276/13/9 3275/15/9 3274/16/9
s 1093
f 3279/11/10 3278/12/10 3277/17/10
s 1094
f 3282/11/10 3281/17/10 3280/18/10
s 1095
f 3285/12/11 3284/9/12 3283/19/13
s 1096
f 3288/12/11 3287/19/13 3286/20/15
s 1097
f 3291/11/16 3290/12/16 3289/17/17
s 1098
f 3294/11/16 3293/17/17 3292/18/18
s 1099
f 3297/10/4 3296/11/4 3295/21/19
s 1100
f 3300/10/20 3299/21/19 3298/22/20
s 1101
f 3303/23/9 3302/24/9 3301/25/9
s 1102
f 3306/23/9 3305/25/9 3304/26/9
s 1103
f 3309/18/21 3308/17/22 3307/26/21
s 1104
f 3312/18/21 3311/26/21 3310/25/23
s 1105
f 3315/27/3 3314/28/3 3313/29/3
s 1106
f 3318/27/3 3317/29/3 3316/30/3
s 1107
f 3321/20/60 3320/19/13 3319/30/24
s 1108
f 3324/20/15 3323/30/24 3322/29/3
s 1109
f 3327/23/7 3326/24/7 3325/31/7
s 1110
f 3330/23/7 3329/31/7 3328/32/7
s 1111
f 3333/18/18 3332/17/17 3331/32/7
s 1112
f 3336/18/18 3335/32/7 3334/31/7
s 1113
f 3339/33/4 3338/34/4 3337/35/25
s 1114
f 3342/33/4 3341/35/25 3340/36/4
s 1115
f 3345/22/61 3344/21/19 3343/36/27
s 1116
f 3348/22/28 3347/36/27 3346/35/25
s 1117
f 3351/24/29 3350/23/30 3349/37/29
s 1118
f 3354/24/31 3353/37/31 3352/38/32
s 1119
f 3357/16/7 3356/15/7 3355/39/7
s 1120
f 3360/16/7 3359/39/7 3358/40/7
s 1121
f 3363/24/7 3362/23/7 3361/40/7
s 1122
f 3366/24/7 3365/40/7 3364/39/7
s 1123
f 3369/27/3 3368/41/3 3367/28/3
s 1124
f 3372/42/3 3371/28/3 3370/41/3
s 1125
f 3375/42/3 3374/41/3 3373/43/3
s 1126
f 3378/4/3 3377/3/3 3376/42/3
s 1127
f 3381/4/3 3380/42/3 3379/43/3
s 1128
f 3384/8/4 3383/7/4 3382/44/4
s 1129
f 3387/8/4 3386/44/4 3385/45/4
s 1130
f 3390/46/4 3389/45/4 3388/44/4
s 1131
f 3393/33/4 3392/45/4 3391/46/4
s 1132
f 3396/46/4 3395/34/4 3394/33/4
s 1133
f 3399/16/33 3398/15/33 3397/47/34
s 1134
f 3402/16/35 3401/47/34 3400/48/35
s 1135
f 3405/38/9 3404/37/9 3403/48/9
s 1136
f 3408/38/9 3407/48/9 3406/47/9
s 1137
f 3411/10/36 3410/11/37 3409/49/38
s 1138
f 3414/10/36 3413/49/38 3412/50/40
s 1139
f 3417/2/2 3416/1/1 3415/50/40
s 1140
f 3420/2/2 3419/50/40 3418/49/38
s 1141
f 3423/12/41 3422/9/42 3421/51/43
s 1142
f 3426/12/41 3425/51/43 3424/52/44
s 1143
f 3429/6/5 3428/5/4 3427/52/44
s 1144
f 3432/6/5 3431/52/44 3430/51/43
s 1145
f 3435/9/45 3434/10/45 3433/53/46
s 1146
f 3438/9/45 3437/53/47 3436/54/45
s 1147
f 3441/14/7 3440/13/7 3439/54/7
s 1148
f 3444/14/7 3443/54/7 3442/53/46
s 1149
f 3447/9/48 3446/10/48 3445/55/48
s 1150
f 3450/9/49 3449/55/49 3448/56/49
s 1151
f 3453/14/50 3452/13/50 3451/56/51
s 1152
f 3456/14/52 3455/56/53 3454/55/52
s 1153
g default_1_Material_1.009
usemtl Material_1.009
f 3459/1/1 3458/2/2 3457/3/3
s 1154
f 3462/1/1 3461/3/3 3460/4/3
s 1155
f 3465/5/4 3464/6/5 3463/7/4
s 1156
f 3468/5/4 3467/7/4 3466/8/4
s 1157
f 3471/9/6 3470/10/6 3469/11/6
s 1158
f 3474/9/6 3473/11/6 3472/12/6
s 1159
f 3477/13/7 3476/14/7 3475/15/7
s 1160
f 3480/13/7 3479/15/7 3478/16/7
s 1161
f 3483/9/8 3482/10/8 3481/11/8
s 1162
f 3486/9/8 3485/11/8 3484/12/8
s 1163
f 3489/13/9 3488/14/9 3487/15/9
s 1164
f 3492/13/9 3491/15/9 3490/16/9
s 1165
f 3495/11/10 3494/12/10 3493/17/10
s 1166
f 3498/11/10 3497/17/10 3496/18/10
s 1167
f 3501/12/11 3500/9/12 3499/19/13
s 1168
f 3504/12/11 3503/19/13 3502/20/15
s 1169
f 3507/11/16 3506/12/16 3505/17/17
s 1170
f 3510/11/16 3509/17/17 3508/18/18
s 1171
f 3513/10/4 3512/11/4 3511/21/19
s 1172
f 3516/10/20 3515/21/19 3514/22/67
s 1173
f 3519/23/9 3518/24/9 3517/25/9
s 1174
f 3522/23/9 3521/25/9 3520/26/9
s 1175
f 3525/18/21 3524/17/22 3523/26/21
s 1176
f 3528/18/21 3527/26/21 3526/25/23
s 1177
f 3531/27/3 3530/28/3 3529/29/3
s 1178
f 3534/27/3 3533/29/3 3532/30/3
s 1179
f 3537/20/60 3536/19/13 3535/30/24
s 1180
f 3540/20/15 3539/30/24 3538/29/3
s 1181
f 3543/23/7 3542/24/7 3541/31/7
s 1182
f 3546/23/7 3545/31/7 3544/32/7
s 1183
f 3549/18/18 3548/17/17 3547/32/7
s 1184
f 3552/18/18 3551/32/7 3550/31/7
s 1185
f 3555/33/4 3554/34/4 3553/35/25
s 1186
f 3558/33/4 3557/35/25 3556/36/4
s 1187
f 3561/22/26 3560/21/19 3559/36/27
s 1188
f 3564/22/28 3563/36/27 3562/35/25
s 1189
f 3567/24/29 3566/23/30 3565/37/29
s 1190
f 3570/24/31 3569/37/31 3568/38/32
s 1191
f 3573/16/7 3572/15/7 3571/39/7
s 1192
f 3576/16/7 3575/39/7 3574/40/7
s 1193
f 3579/24/7 3578/23/7 3577/40/7
s 1194
f 3582/24/7 3581/40/7 3580/39/7
s 1195
f 3585/27/3 3584/41/3 3583/28/3
s 1196
f 3588/42/3 3587/28/3 3586/41/3
s 1197
f 3591/42/3 3590/41/3 3589/43/3
s 1198
f 3594/4/3 3593/3/3 3592/42/3
s 1199
f 3597/4/3 3596/42/3 3595/43/3
s 1200
f 3600/8/4 3599/7/4 3598/44/4
s 1201
f 3603/8/4 3602/44/4 3601/45/4
s 1202
f 3606/46/4 3605/45/4 3604/44/4
s 1203
f 3609/33/4 3608/45/4 3607/46/4
s 1204
f 3612/46/4 3611/34/4 3610/33/4
s 1205
f 3615/16/33 3614/15/33 3613/47/34
s 1206
f 3618/16/35 3617/47/34 3616/48/35
s 1207
f 3621/38/9 3620/37/9 3619/48/9
s 1208
f 3624/38/9 3623/48/9 3622/47/9
s 1209
f 3627/10/39 3626/11/37 3625/49/38
s 1210
f 3630/10/36 3629/49/38 3628/50/40
s 1211
f 3633/2/2 3632/1/1 3631/50/40
s 1212
f 3636/2/2 3635/50/40 3634/49/38
s 1213
f 3639/12/41 3638/9/42 3637/51/43
s 1214
f 3642/12/41 3641/51/43 3640/52/44
s 1215
f 3645/6/5 3644/5/4 3643/52/44
s 1216
f 3648/6/56 3647/52/44 3646/51/43
s 1217
f 3651/9/45 3650/10/45 3649/53/46
s 1218
f 3654/9/45 3653/53/47 3652/54/45
s 1219
f 3657/14/7 3656/13/7 3655/54/7
s 1220
f 3660/14/7 3659/54/7 3658/53/46
s 1221
f 3663/9/48 3662/10/48 3661/55/48
s 1222
f 3666/9/49 3665/55/49 3664/56/49
s 1223
f 3669/14/50 3668/13/50 3667/56/53
s 1224
f 3672/14/52 3671/56/53 3670/55/52
s 1225
f 3675/1/1 3674/2/2 3673/3/3
s 1226
f 3678/1/1 3677/3/3 3676/4/3
s 1227
f 3681/5/4 3680/6/5 3679/7/4
s 1228
f 3684/5/4 3683/7/4 3682/8/4
s 1229
f 3687/9/6 3686/10/6 3685/11/6
s 1230
f 3690/9/6 3689/11/6 3688/12/6
s 1231
f 3693/13/7 3692/14/7 3691/15/7
s 1232
f 3696/13/7 3695/15/7 3694/16/7
s 1233
f 3699/9/8 3698/10/8 3697/11/8
s 1234
f 3702/9/8 3701/11/8 3700/12/8
s 1235
f 3705/13/9 3704/14/9 3703/15/9
s 1236
f 3708/13/9 3707/15/9 3706/16/9
s 1237
f 3711/11/10 3710/12/10 3709/17/10
s 1238
f 3714/11/10 3713/17/10 3712/18/10
s 1239
f 3717/12/11 3716/9/12 3715/19/13
s 1240
f 3720/12/11 3719/19/13 3718/20/15
s 1241
f 3723/11/16 3722/12/16 3721/17/17
s 1242
f 3726/11/16 3725/17/17 3724/18/18
s 1243
f 3729/10/4 3728/11/4 3727/21/19
s 1244
f 3732/10/20 3731/21/19 3730/22/20
s 1245
f 3735/23/9 3734/24/9 3733/25/9
s 1246
f 3738/23/9 3737/25/9 3736/26/9
s 1247
f 3741/18/21 3740/17/22 3739/26/21
s 1248
f 3744/18/21 3743/26/21 3742/25/23
s 1249
f 3747/27/3 3746/28/3 3745/29/3
s 1250
f 3750/27/3 3749/29/3 3748/30/3
s 1251
f 3753/20/59 3752/19/14 3751/30/24
s 1252
f 3756/20/15 3755/30/24 3754/29/3
s 1253
f 3759/23/7 3758/24/7 3757/31/7
s 1254
f 3762/23/7 3761/31/7 3760/32/7
s 1255
f 3765/18/18 3764/17/17 3763/32/7
s 1256
f 3768/18/18 3767/32/7 3766/31/7
s 1257
f 3771/33/4 3770/34/4 3769/35/25
s 1258
f 3774/33/4 3773/35/25 3772/36/4
s 1259
f 3777/22/61 3776/21/19 3775/36/68
s 1260
f 3780/22/28 3779/36/27 3778/35/25
s 1261
f 3783/24/29 3782/23/30 3781/37/29
s 1262
f 3786/24/31 3785/37/31 3784/38/32
s 1263
f 3789/16/7 3788/15/7 3787/39/7
s 1264
f 3792/16/7 3791/39/7 3790/40/7
s 1265
f 3795/24/7 3794/23/7 3793/40/7
s 1266
f 3798/24/7 3797/40/7 3796/39/7
s 1267
f 3801/27/3 3800/41/3 3799/28/3
s 1268
f 3804/42/3 3803/28/3 3802/41/3
s 1269
f 3807/42/3 3806/41/3 3805/43/3
s 1270
f 3810/4/3 3809/3/3 3808/42/3
s 1271
f 3813/4/3 3812/42/3 3811/43/3
s 1272
f 3816/8/4 3815/7/4 3814/44/4
s 1273
f 3819/8/4 3818/44/4 3817/45/4
s 1274
f 3822/46/4 3821/45/4 3820/44/4
s 1275
f 3825/33/4 3824/45/4 3823/46/4
s 1276
f 3828/46/4 3827/34/4 3826/33/4
s 1277
f 3831/16/33 3830/15/33 3829/47/34
s 1278
f 3834/16/35 3833/47/34 3832/48/35
s 1279
f 3837/38/9 3836/37/9 3835/48/9
s 1280
f 3840/38/9 3839/48/9 3838/47/9
s 1281
f 3843/10/36 3842/11/37 3841/49/38
s 1282
f 3846/10/36 3845/49/38 3844/50/40
s 1283
f 3849/2/2 3848/1/1 3847/50/40
s 1284
f 3852/2/2 3851/50/40 3850/49/38
s 1285
f 3855/12/41 3854/9/42 3853/51/43
s 1286
f 3858/12/41 3857/51/43 3856/52/44
s 1287
f 3861/6/5 3860/5/4 3859/52/44
s 1288
f 3864/6/5 3863/52/44 3862/51/43
s 1289
f 3867/9/45 3866/10/45 3865/53/46
s 1290
f 3870/9/45 3869/53/47 3868/54/45
s 1291
f 3873/14/7 3872/13/7 3871/54/7
s 1292
f 3876/14/7 3875/54/7 3874/53/46
s 1293
f 3879/9/48 3878/10/48 3877/55/48
s 1294
f 3882/9/49 3881/55/49 3880/56/49
s 1295
f 3885/14/50 3884/13/50 3883/56/51
s 1296
f 3888/14/52 3887/56/53 3886/55/52
s 1297
g default_1_Material_1.010
usemtl Material_1.010
f 3891/1/1 3890/2/2 3889/3/3
s 1298
f 3894/1/1 3893/3/3 3892/4/3
s 1299
f 3897/5/4 3896/6/5 3895/7/4
s 1300
f 3900/5/4 3899/7/4 3898/8/4
s 1301
f 3903/9/6 3902/10/6 3901/11/6
s 1302
f 3906/9/6 3905/11/6 3904/12/6
s 1303
f 3909/13/7 3908/14/7 3907/15/7
s 1304
f 3912/13/7 3911/15/7 3910/16/7
s 1305
f 3915/9/8 3914/10/8 3913/11/8
s 1306
f 3918/9/8 3917/11/8 3916/12/8
s 1307
f 3921/13/9 3920/14/9 3919/15/9
s 1308
f 3924/13/9 3923/15/9 3922/16/9
s 1309
f 3927/11/10 3926/12/10 3925/17/10
s 1310
f 3930/11/10 3929/17/10 3928/18/10
s 1311
f 3933/12/11 3932/9/12 3931/19/13
s 1312
f 3936/12/11 3935/19/13 3934/20/15
s 1313
f 3939/11/16 3938/12/16 3937/17/17
s 1314
f 3942/11/16 3941/17/17 3940/18/18
s 1315
f 3945/10/4 3944/11/4 3943/21/19
s 1316
f 3948/10/20 3947/21/19 3946/22/67
s 1317
f 3951/23/9 3950/24/9 3949/25/9
s 1318
f 3954/23/9 3953/25/9 3952/26/9
s 1319
f 3957/18/21 3956/17/22 3955/26/21
s 1320
f 3960/18/21 3959/26/21 3958/25/23
s 1321
f 3963/27/3 3962/28/3 3961/29/3
s 1322
f 3966/27/3 3965/29/3 3964/30/3
s 1323
f 3969/20/59 3968/19/14 3967/30/24
s 1324
f 3972/20/15 3971/30/24 3970/29/3
s 1325
f 3975/23/7 3974/24/7 3973/31/7
s 1326
f 3978/23/7 3977/31/7 3976/32/7
s 1327
f 3981/18/18 3980/17/17 3979/32/7
s 1328
f 3984/18/18 3983/32/7 3982/31/7
s 1329
f 3987/33/4 3986/34/4 3985/35/25
s 1330
f 3990/33/4 3989/35/25 3988/36/4
s 1331
f 3993/22/26 3992/21/19 3991/36/27
s 1332
f 3996/22/28 3995/36/27 3994/35/25
s 1333
f 3999/24/29 3998/23/30 3997/37/29
s 1334
f 4002/24/31 4001/37/31 4000/38/32
s 1335
f 4005/16/7 4004/15/7 4003/39/7
s 1336
f 4008/16/7 4007/39/7 4006/40/7
s 1337
f 4011/24/7 4010/23/7 4009/40/7
s 1338
f 4014/24/7 4013/40/7 4012/39/7
s 1339
f 4017/27/3 4016/41/3 4015/28/3
s 1340
f 4020/42/3 4019/28/3 4018/41/3
s 1341
f 4023/42/3 4022/41/3 4021/43/3
s 1342
f 4026/4/3 4025/3/3 4024/42/3
s 1343
f 4029/4/3 4028/42/3 4027/43/3
s 1344
f 4032/8/4 4031/7/4 4030/44/4
s 1345
f 4035/8/4 4034/44/4 4033/45/4
s 1346
f 4038/46/4 4037/45/4 4036/44/4
s 1347
f 4041/33/4 4040/45/4 4039/46/4
s 1348
f 4044/46/4 4043/34/4 4042/33/4
s 1349
f 4047/16/33 4046/15/33 4045/47/34
s 1350
f 4050/16/35 4049/47/34 4048/48/35
s 1351
f 4053/38/9 4052/37/9 4051/48/9
s 1352
f 4056/38/9 4055/48/9 4054/47/9
s 1353
f 4059/10/36 4058/11/37 4057/49/38
s 1354
f 4062/10/36 4061/49/38 4060/50/40
s 1355
f 4065/2/2 4064/1/1 4063/50/40
s 1356
f 4068/2/2 4067/50/40 4066/49/38
s 1357
f 4071/12/41 4070/9/42 4069/51/43
s 1358
f 4074/12/41 4073/51/43 4072/52/44
s 1359
f 4077/6/5 4076/5/4 4075/52/44
s 1360
f 4080/6/56 4079/52/44 4078/51/43
s 1361
f 4083/9/45 4082/10/45 4081/53/46
s 1362
f 4086/9/45 4085/53/47 4084/54/45
s 1363
f 4089/14/7 4088/13/7 4087/54/7
s 1364
f 4092/14/7 4091/54/7 4090/53/46
s 1365
f 4095/9/48 4094/10/48 4093/55/48
s 1366
f 4098/9/49 4097/55/49 4096/56/49
s 1367
f 4101/14/50 4100/13/50 4099/56/53
s 1368
f 4104/14/52 4103/56/53 4102/55/52
s 1369
f 4107/1/1 4106/2/2 4105/3/3
s 1370
f 4110/1/1 4109/3/3 4108/4/3
s 1371
f 4113/5/4 4112/6/5 4111/7/4
s 1372
f 4116/5/4 4115/7/4 4114/8/4
s 1373
f 4119/9/6 4118/10/6 4117/11/6
s 1374
f 4122/9/6 4121/11/6 4120/12/6
s 1375
f 4125/13/7 4124/14/7 4123/15/7
s 1376
f 4128/13/7 4127/15/7 4126/16/7
s 1377
f 4131/9/8 4130/10/8 4129/11/8
s 1378
f 4134/9/8 4133/11/8 4132/12/8
s 1379
f 4137/13/9 4136/14/9 4135/15/9
s 1380
f 4140/13/9 4139/15/9 4138/16/9
s 1381
f 4143/11/10 4142/12/10 4141/17/10
s 1382
f 4146/11/10 4145/17/10 4144/18/10
s 1383
f 4149/12/11 4148/9/12 4147/19/14
s 1384
f 4152/12/11 4151/19/13 4150/20/15
s 1385
f 4155/11/16 4154/12/16 4153/17/17
s 1386
f 4158/11/16 4157/17/17 4156/18/18
s 1387
f 4161/10/4 4160/11/4 4159/21/19
s 1388
f 4164/10/20 4163/21/19 4162/22/20
s 1389
f 4167/23/9 4166/24/9 4165/25/9
s 1390
f 4170/23/9 4169/25/9 4168/26/9
s 1391
f 4173/18/21 4172/17/22 4171/26/21
s 1392
f 4176/18/21 4175/26/21 4174/25/23
s 1393
f 4179/27/3 4178/28/3 4177/29/3
s 1394
f 4182/27/3 4181/29/3 4180/30/3
s 1395
f 4185/20/60 4184/19/13 4183/30/24
s 1396
f 4188/20/54 4187/30/24 4186/29/3
s 1397
f 4191/23/7 4190/24/7 4189/31/7
s 1398
f 4194/23/7 4193/31/7 4192/32/7
s 1399
f 4197/18/18 4196/17/17 4195/32/7
s 1400
f 4200/18/18 4199/32/7 4198/31/7
s 1401
f 4203/33/4 4202/34/4 4201/35/25
s 1402
f 4206/33/4 4205/35/25 4204/36/4
s 1403
f 4209/22/26 4208/21/19 4207/36/27
s 1404
f 4212/22/28 4211/36/27 4210/35/25
s 1405
f 4215/24/29 4214/23/30 4213/37/29
s 1406
f 4218/24/31 4217/37/31 4216/38/32
s 1407
f 4221/16/7 4220/15/7 4219/39/7
s 1408
f 4224/16/7 4223/39/7 4222/40/7
s 1409
f 4227/24/7 4226/23/7 4225/40/7
s 1410
f 4230/24/7 4229/40/7 4228/39/7
s 1411
f 4233/27/3 4232/41/3 4231/28/3
s 1412
f 4236/42/3 4235/28/3 4234/41/3
s 1413
f 4239/42/3 4238/41/3 4237/43/3
s 1414
f 4242/4/3 4241/3/3 4240/42/3
s 1415
f 4245/4/3 4244/42/3 4243/43/3
s 1416
f 4248/8/4 4247/7/4 4246/44/4
s 1417
f 4251/8/4 4250/44/4 4249/45/4
s 1418
f 4254/46/4 4253/45/4 4252/44/4
s 1419
f 4257/33/4 4256/45/4 4255/46/4
s 1420
f 4260/46/4 4259/34/4 4258/33/4
s 1421
f 4263/16/33 4262/15/33 4261/47/34
s 1422
f 4266/16/35 4265/47/34 4264/48/35
s 1423
f 4269/38/9 4268/37/9 4267/48/9
s 1424
f 4272/38/9 4271/48/9 4270/47/9
s 1425
f 4275/10/36 4274/11/37 4273/49/55
s 1426
f 4278/10/39 4277/49/38 4276/50/40
s 1427
f 4281/2/2 4280/1/1 4279/50/40
s 1428
f 4284/2/2 4283/50/40 4282/49/38
s 1429
f 4287/12/41 4286/9/42 4285/51/43
s 1430
f 4290/12/41 4289/51/43 4288/52/44
s 1431
f 4293/6/5 4292/5/4 4291/52/44
s 1432
f 4296/6/5 4295/52/44 4294/51/43
s 1433
f 4299/9/45 4298/10/45 4297/53/46
s 1434
f 4302/9/45 4301/53/47 4300/54/45
s 1435
f 4305/14/7 4304/13/7 4303/54/7
s 1436
f 4308/14/7 4307/54/7 4306/53/46
s 1437
f 4311/9/48 4310/10/48 4309/55/48
s 1438
f 4314/9/49 4313/55/49 4312/56/49
s 1439
f 4317/14/50 4316/13/50 4315/56/51
s 1440
f 4320/14/52 4319/56/53 4318/55/52
s 1441
g default_1_Material_1.011
usemtl Material_1.011
f 4323/1/1 4322/2/2 4321/3/3
s 1442
f 4326/1/1 4325/3/3 4324/4/3
s 1443
f 4329/5/4 4328/6/5 4327/7/4
s 1444
f 4332/5/4 4331/7/4 4330/8/4
s 1445
f 4335/9/6 4334/10/6 4333/11/6
s 1446
f 4338/9/6 4337/11/6 4336/12/6
s 1447
f 4341/13/7 4340/14/7 4339/15/7
s 1448
f 4344/13/7 4343/15/7 4342/16/7
s 1449
f 4347/9/8 4346/10/8 4345/11/8
s 1450
f 4350/9/8 4349/11/8 4348/12/8
s 1451
f 4353/13/9 4352/14/9 4351/15/9
s 1452
f 4356/13/9 4355/15/9 4354/16/9
s 1453
f 4359/11/10 4358/12/10 4357/17/10
s 1454
f 4362/11/10 4361/17/10 4360/18/10
s 1455
f 4365/12/69 4364/9/12 4363/19/13
s 1456
f 4368/12/11 4367/19/14 4366/20/54
s 1457
f 4371/11/16 4370/12/16 4369/17/17
s 1458
f 4374/11/16 4373/17/17 4372/18/18
s 1459
f 4377/10/4 4376/11/4 4375/21/19
s 1460
f 4380/10/20 4379/21/19 4378/22/20
s 1461
f 4383/23/9 4382/24/9 4381/25/9
s 1462
f 4386/23/9 4385/25/9 4384/26/9
s 1463
f 4389/18/21 4388/17/22 4387/26/21
s 1464
f 4392/18/21 4391/26/21 4390/25/23
s 1465
f 4395/27/3 4394/28/3 4393/29/3
s 1466
f 4398/27/3 4397/29/3 4396/30/3
s 1467
f 4401/20/60 4400/19/13 4399/30/24
s 1468
f 4404/20/15 4403/30/24 4402/29/3
s 1469
f 4407/23/7 4406/24/7 4405/31/7
s 1470
f 4410/23/7 4409/31/7 4408/32/7
s 1471
f 4413/18/18 4412/17/17 4411/32/7
s 1472
f 4416/18/18 4415/32/7 4414/31/7
s 1473
f 4419/33/4 4418/34/4 4417/35/25
s 1474
f 4422/33/4 4421/35/25 4420/36/4
s 1475
f 4425/22/26 4424/21/19 4423/36/27
s 1476
f 4428/22/28 4427/36/27 4426/35/25
s 1477
f 4431/24/29 4430/23/30 4429/37/29
s 1478
f 4434/24/31 4433/37/31 4432/38/32
s 1479
f 4437/16/7 4436/15/7 4435/39/7
s 1480
f 4440/16/7 4439/39/7 4438/40/7
s 1481
f 4443/24/7 4442/23/7 4441/40/7
s 1482
f 4446/24/7 4445/40/7 4444/39/7
s 1483
f 4449/27/3 4448/41/3 4447/28/3
s 1484
f 4452/42/3 4451/28/3 4450/41/3
s 1485
f 4455/42/3 4454/41/3 4453/43/3
s 1486
f 4458/4/3 4457/3/3 4456/42/3
s 1487
f 4461/4/3 4460/42/3 4459/43/3
s 1488
f 4464/8/4 4463/7/4 4462/44/4
s 1489
f 4467/8/4 4466/44/4 4465/45/4
s 1490
f 4470/46/4 4469/45/4 4468/44/4
s 1491
f 4473/33/4 4472/45/4 4471/46/4
s 1492
f 4476/46/4 4475/34/4 4474/33/4
s 1493
f 4479/16/33 4478/15/33 4477/47/34
s 1494
f 4482/16/35 4481/47/34 4480/48/35
s 1495
f 4485/38/9 4484/37/9 4483/48/9
s 1496
f 4488/38/9 4487/48/9 4486/47/9
s 1497
f 4491/10/36 4490/11/37 4489/49/55
s 1498
f 4494/10/39 4493/49/38 4492/50/70
s 1499
f 4497/2/2 4496/1/1 4495/50/40
s 1500
f 4500/2/2 4499/50/40 4498/49/38
s 1501
f 4503/12/57 4502/9/42 4501/51/43
s 1502
f 4506/12/41 4505/51/63 4504/52/65
s 1503
f 4509/6/5 4508/5/4 4507/52/44
s 1504
f 4512/6/56 4511/52/44 4510/51/43
s 1505
f 4515/9/45 4514/10/45 4513/53/46
s 1506
f 4518/9/45 4517/53/47 4516/54/45
s 1507
f 4521/14/7 4520/13/7 4519/54/7
s 1508
f 4524/14/7 4523/54/7 4522/53/46
s 1509
f 4527/9/48 4526/10/48 4525/55/48
s 1510
f 4530/9/49 4529/55/49 4528/56/49
s 1511
f 4533/14/50 4532/13/50 4531/56/53
s 1512
f 4536/14/52 4535/56/53 4534/55/52
s 1513
f 4539/1/1 4538/2/2 4537/3/3
s 1514
f 4542/1/1 4541/3/3 4540/4/3
s 1515
f 4545/5/4 4544/6/5 4543/7/4
s 1516
f 4548/5/4 4547/7/4 4546/8/4
s 1517
f 4551/9/6 4550/10/6 4549/11/6
s 1518
f 4554/9/6 4553/11/6 4552/12/6
s 1519
f 4557/13/7 4556/14/7 4555/15/7
s 1520
f 4560/13/7 4559/15/7 4558/16/7
s 1521
f 4563/9/8 4562/10/8 4561/11/8
s 1522
f 4566/9/8 4565/11/8 4564/12/8
s 1523
f 4569/13/9 4568/14/9 4567/15/9
s 1524
f 4572/13/9 4571/15/9 4570/16/9
s 1525
f 4575/11/10 4574/12/10 4573/17/10
s 1526
f 4578/11/10 4577/17/10 4576/18/10
s 1527
f 4581/12/11 4580/9/12 4579/19/13
s 1528
f 4584/12/11 4583/19/13 4582/20/15
s 1529
f 4587/11/16 4586/12/16 4585/17/17
s 1530
f 4590/11/16 4589/17/17 4588/18/18
s 1531
f 4593/10/4 4592/11/4 4591/21/19
s 1532
f 4596/10/20 4595/21/19 4594/22/20
s 1533
f 4599/23/9 4598/24/9 4597/25/9
s 1534
f 4602/23/9 4601/25/9 4600/26/9
s 1535
f 4605/18/21 4604/17/22 4603/26/21
s 1536
f 4608/18/21 4607/26/21 4606/25/23
s 1537
f 4611/27/3 4610/28/3 4609/29/3
s 1538
f 4614/27/3 4613/29/3 4612/30/3
s 1539
f 4617/20/60 4616/19/13 4615/30/24
s 1540
f 4620/20/54 4619/30/24 4618/29/3
s 1541
f 4623/23/7 4622/24/7 4621/31/7
s 1542
f 4626/23/7 4625/31/7 4624/32/7
s 1543
f 4629/18/18 4628/17/17 4627/32/7
s 1544
f 4632/18/18 4631/32/7 4630/31/7
s 1545
f 4635/33/4 4634/34/4 4633/35/25
s 1546
f 4638/33/4 4637/35/25 4636/36/4
s 1547
f 4641/22/26 4640/21/19 4639/36/27
s 1548
f 4644/22/28 4643/36/27 4642/35/66
s 1549
f 4647/24/29 4646/23/30 4645/37/29
s 1550
f 4650/24/31 4649/37/31 4648/38/32
s 1551
f 4653/16/7 4652/15/7 4651/39/7
s 1552
f 4656/16/7 4655/39/7 4654/40/7
s 1553
f 4659/24/7 4658/23/7 4657/40/7
s 1554
f 4662/24/7 4661/40/7 4660/39/7
s 1555
f 4665/27/3 4664/41/3 4663/28/3
s 1556
f 4668/42/3 4667/28/3 4666/41/3
s 1557
f 4671/42/3 4670/41/3 4669/43/3
s 1558
f 4674/4/3 4673/3/3 4672/42/3
s 1559
f 4677/4/3 4676/42/3 4675/43/3
s 1560
f 4680/8/4 4679/7/4 4678/44/4
s 1561
f 4683/8/4 4682/44/4 4681/45/4
s 1562
f 4686/46/4 4685/45/4 4684/44/4
s 1563
f 4689/33/4 4688/45/4 4687/46/4
s 1564
f 4692/46/4 4691/34/4 4690/33/4
s 1565
f 4695/16/33 4694/15/33 4693/47/34
s 1566
f 4698/16/35 4697/47/34 4696/48/35
s 1567
f 4701/38/9 4700/37/9 4699/48/9
s 1568
f 4704/38/9 4703/48/9 4702/47/9
s 1569
f 4707/10/36 4706/11/37 4705/49/55
s 1570
f 4710/10/39 4709/49/38 4708/50/40
s 1571
f 4713/2/2 4712/1/1 4711/50/40
s 1572
f 4716/2/2 4715/50/40 4714/49/38
s 1573
f 4719/12/57 4718/9/42 4717/51/43
s 1574
f 4722/12/41 4721/51/63 4720/52/65
s 1575
f 4725/6/5 4724/5/4 4723/52/44
s 1576
f 4728/6/56 4727/52/44 4726/51/43
s 1577
f 4731/9/45 4730/10/45 4729/53/46
s 1578
f 4734/9/45 4733/53/47 4732/54/45
s 1579
f 4737/14/7 4736/13/7 4735/54/7
s 1580
f 4740/14/7 4739/54/7 4738/53/46
s 1581
f 4743/9/48 4742/10/48 4741/55/48
s 1582
f 4746/9/49 4745/55/49 4744/56/49
s 1583
f 4749/14/50 4748/13/50 4747/56/53
s 1584
f 4752/14/52 4751/56/53 4750/55/52
s 1585
g default_1_Material_1.012
usemtl Material_1.012
f 4755/1/1 4754/2/2 4753/3/3
s 1586
f 4758/1/1 4757/3/3 4756/4/3
s 1587
f 4761/5/4 4760/6/5 4759/7/4
s 1588
f 4764/5/4 4763/7/4 4762/8/4
s 1589
f 4767/9/6 4766/10/6 4765/11/6
s 1590
f 4770/9/6 4769/11/6 4768/12/6
s 1591
f 4773/13/7 4772/14/7 4771/15/7
s 1592
f 4776/13/7 4775/15/7 4774/16/7
s 1593
f 4779/9/8 4778/10/8 4777/11/8
s 1594
f 4782/9/8 4781/11/8 4780/12/8
s 1595
f 4785/13/9 4784/14/9 4783/15/9
s 1596
f 4788/13/9 4787/15/9 4786/16/9
s 1597
f 4791/11/10 4790/12/10 4789/17/10
s 1598
f 4794/11/10 4793/17/10 4792/18/10
s 1599
f 4797/12/11 4796/9/12 4795/19/13
s 1600
f 4800/12/11 4799/19/13 4798/20/15
s 1601
f 4803/11/16 4802/12/16 4801/17/17
s 1602
f 4806/11/16 4805/17/17 4804/18/18
s 1603
f 4809/10/4 4808/11/4 4807/21/19
s 1604
f 4812/10/67 4811/21/19 4810/22/67
s 1605
f 4815/23/9 4814/24/9 4813/25/9
s 1606
f 4818/23/9 4817/25/9 4816/26/9
s 1607
f 4821/18/21 4820/17/22 4819/26/21
s 1608
f 4824/18/21 4823/26/21 4822/25/23
s 1609
f 4827/27/3 4826/28/3 4825/29/3
s 1610
f 4830/27/3 4829/29/3 4828/30/3
s 1611
f 4833/20/59 4832/19/14 4831/30/24
s 1612
f 4836/20/15 4835/30/24 4834/29/3
s 1613
f 4839/23/7 4838/24/7 4837/31/7
s 1614
f 4842/23/7 4841/31/7 4840/32/7
s 1615
f 4845/18/18 4844/17/17 4843/32/7
s 1616
f 4848/18/18 4847/32/7 4846/31/7
s 1617
f 4851/33/4 4850/34/4 4849/35/25
s 1618
f 4854/33/4 4853/35/25 4852/36/4
s 1619
f 4857/22/26 4856/21/19 4855/36/27
s 1620
f 4860/22/28 4859/36/27 4858/35/25
s 1621
f 4863/24/29 4862/23/30 4861/37/29
s 1622
f 4866/24/31 4865/37/31 4864/38/32
s 1623
f 4869/16/7 4868/15/7 4867/39/7
s 1624
f 4872/16/7 4871/39/7 4870/40/7
s 1625
f 4875/24/7 4874/23/7 4873/40/7
s 1626
f 4878/24/7 4877/40/7 4876/39/7
s 1627
f 4881/27/3 4880/41/3 4879/28/3
s 1628
f 4884/42/3 4883/28/3 4882/41/3
s 1629
f 4887/42/3 4886/41/3 4885/43/3
s 1630
f 4890/4/3 4889/3/3 4888/42/3
s 1631
f 4893/4/3 4892/42/3 4891/43/3
s 1632
f 4896/8/4 4895/7/4 4894/44/4
s 1633
f 4899/8/4 4898/44/4 4897/45/4
s 1634
f 4902/46/4 4901/45/4 4900/44/4
s 1635
f 4905/33/4 4904/45/4 4903/46/4
s 1636
f 4908/46/4 4907/34/4 4906/33/4
s 1637
f 4911/16/33 4910/15/33 4909/47/34
s 1638
f 4914/16/35 4913/47/34 4912/48/35
s 1639
f 4917/38/9 4916/37/9 4915/48/9
s 1640
f 4920/38/9 4919/48/9 4918/47/9
s 1641
f 4923/10/39 4922/11/71 4921/49/38
s 1642
f 4926/10/39 4925/49/38 4924/50/40
s 1643
f 4929/2/2 4928/1/1 4927/50/40
s 1644
f 4932/2/2 4931/50/40 4930/49/38
s 1645
f 4935/12/41 4934/9/42 4933/51/43
s 1646
f 4938/12/41 4937/51/63 4936/52/65
s 1647
f 4941/6/5 4940/5/4 4939/52/44
s 1648
f 4944/6/56 4943/52/44 4942/51/43
s 1649
f 4947/9/45 4946/10/45 4945/53/46
s 1650
f 4950/9/45 4949/53/47 4948/54/45
s 1651
f 4953/14/7 4952/13/7 4951/54/7
s 1652
f 4956/14/7 4955/54/7 4954/53/46
s 1653
f 4959/9/48 4958/10/48 4957/55/48
s 1654
f 4962/9/49 4961/55/49 4960/56/49
s 1655
f 4965/14/50 4964/13/50 4963/56/53
s 1656
f 4968/14/52 4967/56/53 4966/55/52
s 1657
f 4971/1/1 4970/2/2 4969/3/3
s 1658
f 4974/1/1 4973/3/3 4972/4/3
s 1659
f 4977/5/4 4976/6/5 4975/7/4
s 1660
f 4980/5/4 4979/7/4 4978/8/4
s 1661
f 4983/9/6 4982/10/6 4981/11/6
s 1662
f 4986/9/6 4985/11/6 4984/12/6
s 1663
f 4989/13/7 4988/14/7 4987/15/7
s 1664
f 4992/13/7 4991/15/7 4990/16/7
s 1665
f 4995/9/8 4994/10/8 4993/11/8
s 1666
f 4998/9/8 4997/11/8 4996/12/8
s 1667
f 5001/13/9 5000/14/9 4999/15/9
s 1668
f 5004/13/9 5003/15/9 5002/16/9
s 1669
f 5007/11/10 5006/12/10 5005/17/10
s 1670
f 5010/11/10 5009/17/10 5008/18/10
s 1671
f 5013/12/11 5012/9/12 5011/19/13
s 1672
f 5016/12/69 5015/19/13 5014/20/15
s 1673
f 5019/11/16 5018/12/16 5017/17/17
s 1674
f 5022/11/16 5021/17/17 5020/18/18
s 1675
f 5025/10/4 5024/11/4 5023/21/72
s 1676
f 5028/10/20 5027/21/19 5026/22/20
s 1677
f 5031/23/9 5030/24/9 5029/25/9
s 1678
f 5034/23/9 5033/25/9 5032/26/9
s 1679
f 5037/18/21 5036/17/22 5035/26/21
s 1680
f 5040/18/21 5039/26/21 5038/25/23
s 1681
f 5043/27/3 5042/28/3 5041/29/3
s 1682
f 5046/27/3 5045/29/3 5044/30/3
s 1683
f 5049/20/60 5048/19/13 5047/30/24
s 1684
f 5052/20/15 5051/30/24 5050/29/3
s 1685
f 5055/23/7 5054/24/7 5053/31/7
s 1686
f 5058/23/7 5057/31/7 5056/32/7
s 1687
f 5061/18/18 5060/17/17 5059/32/7
s 1688
f 5064/18/18 5063/32/7 5062/31/7
s 1689
f 5067/33/4 5066/34/4 5065/35/25
s 1690
f 5070/33/4 5069/35/25 5068/36/4
s 1691
f 5073/22/61 5072/21/19 5071/36/27
s 1692
f 5076/22/28 5075/36/27 5074/35/66
s 1693
f 5079/24/29 5078/23/30 5077/37/29
s 1694
f 5082/24/31 5081/37/31 5080/38/32
s 1695
f 5085/16/7 5084/15/7 5083/39/7
s 1696
f 5088/16/7 5087/39/7 5086/40/7
s 1697
f 5091/24/7 5090/23/7 5089/40/7
s 1698
f 5094/24/7 5093/40/7 5092/39/7
s 1699
f 5097/27/3 5096/41/3 5095/28/3
s 1700
f 5100/42/3 5099/28/3 5098/41/3
s 1701
f 5103/42/3 5102/41/3 5101/43/3
s 1702
f 5106/4/3 5105/3/3 5104/42/3
s 1703
f 5109/4/3 5108/42/3 5107/43/3
s 1704
f 5112/8/4 5111/7/4 5110/44/4
s 1705
f 5115/8/4 5114/44/4 5113/45/4
s 1706
f 5118/46/4 5117/45/4 5116/44/4
s 1707
f 5121/33/4 5120/45/4 5119/46/4
s 1708
f 5124/46/4 5123/34/4 5122/33/4
s 1709
f 5127/16/33 5126/15/33 5125/47/34
s 1710
f 5130/16/35 5129/47/34 5128/48/35
s 1711
f 5133/38/9 5132/37/9 5131/48/9
s 1712
f 5136/38/9 5135/48/9 5134/47/9
s 1713
f 5139/10/36 5138/11/37 5137/49/38
s 1714
f 5142/10/36 5141/49/55 5140/50/40
s 1715
f 5145/2/2 5144/1/1 5143/50/64
s 1716
f 5148/2/2 5147/50/40 5146/49/38
s 1717
f 5151/12/57 5150/9/42 5149/51/43
s 1718
f 5154/12/41 5153/51/63 5152/52/65
s 1719
f 5157/6/5 5156/5/4 5155/52/44
s 1720
f 5160/6/56 5159/52/44 5158/51/43
s 1721
f 5163/9/45 5162/10/45 5161/53/46
s 1722
f 5166/9/45 5165/53/47 5164/54/45
s 1723
f 5169/14/7 5168/13/7 5167/54/7
s 1724
f 5172/14/7 5171/54/7 5170/53/46
s 1725
f 5175/9/48 5174/10/48 5173/55/48
s 1726
f 5178/9/49 5177/55/49 5176/56/49
s 1727
f 5181/14/50 5180/13/50 5179/56/53
s 1728
f 5184/14/52 5183/56/53 5182/55/52
s 1729
g default_1_Material_1.015
usemtl Material_1.015
f 5187/1/1 5186/2/2 5185/3/3
s 1730
f 5190/1/1 5189/3/3 5188/4/3
s 1731
f 5193/5/4 5192/6/5 5191/7/4
s 1732
f 5196/5/4 5195/7/4 5194/8/4
s 1733
f 5199/9/6 5198/10/6 5197/11/6
s 1734
f 5202/9/6 5201/11/6 5200/12/6
s 1735
f 5205/13/7 5204/14/7 5203/15/7
s 1736
f 5208/13/7 5207/15/7 5206/16/7
s 1737
f 5211/9/8 5210/10/8 5209/11/8
s 1738
f 5214/9/8 5213/11/8 5212/12/8
s 1739
f 5217/13/9 5216/14/9 5215/15/9
s 1740
f 5220/13/9 5219/15/9 5218/16/9
s 1741
f 5223/11/10 5222/12/10 5221/17/10
s 1742
f 5226/11/10 5225/17/10 5224/18/10
s 1743
f 5229/12/11 5228/9/12 5227/19/14
s 1744
f 5232/12/11 5231/19/13 5230/20/15
s 1745
f 5235/11/16 5234/12/16 5233/17/17
s 1746
f 5238/11/16 5237/17/17 5236/18/18
s 1747
f 5241/10/4 5240/11/4 5239/21/19
s 1748
f 5244/10/67 5243/21/19 5242/22/67
s 1749
f 5247/23/9 5246/24/9 5245/25/9
s 1750
f 5250/23/9 5249/25/9 5248/26/9
s 1751
f 5253/18/21 5252/17/22 5251/26/21
s 1752
f 5256/18/21 5255/26/21 5254/25/23
s 1753
f 5259/27/3 5258/28/3 5257/29/3
s 1754
f 5262/27/3 5261/29/3 5260/30/3
s 1755
f 5265/20/60 5264/19/13 5263/30/24
s 1756
f 5268/20/54 5267/30/24 5266/29/3
s 1757
f 5271/23/7 5270/24/7 5269/31/7
s 1758
f 5274/23/7 5273/31/7 5272/32/7
s 1759
f 5277/18/18 5276/17/17 5275/32/7
s 1760
f 5280/18/18 5279/32/7 5278/31/7
s 1761
f 5283/33/4 5282/34/4 5281/35/25
s 1762
f 5286/33/4 5285/35/25 5284/36/4
s 1763
f 5289/22/61 5288/21/19 5287/36/27
s 1764
f 5292/22/28 5291/36/27 5290/35/25
s 1765
f 5295/24/29 5294/23/30 5293/37/29
s 1766
f 5298/24/31 5297/37/31 5296/38/32
s 1767
f 5301/16/7 5300/15/7 5299/39/7
s 1768
f 5304/16/7 5303/39/7 5302/40/7
s 1769
f 5307/24/7 5306/23/7 5305/40/7
s 1770
f 5310/24/7 5309/40/7 5308/39/7
s 1771
f 5313/27/3 5312/41/3 5311/28/3
s 1772
f 5316/42/3 5315/28/3 5314/41/3
s 1773
f 5319/42/3 5318/41/3 5317/43/3
s 1774
f 5322/4/3 5321/3/3 5320/42/3
s 1775
f 5325/4/3 5324/42/3 5323/43/3
s 1776
f 5328/8/4 5327/7/4 5326/44/4
s 1777
f 5331/8/4 5330/44/4 5329/45/4
s 1778
f 5334/46/4 5333/45/4 5332/44/4
s 1779
f 5337/33/4 5336/45/4 5335/46/4
s 1780
f 5340/46/4 5339/34/4 5338/33/4
s 1781
f 5343/16/33 5342/15/33 5341/47/34
s 1782
f 5346/16/35 5345/47/34 5344/48/35
s 1783
f 5349/38/9 5348/37/9 5347/48/9
s 1784
f 5352/38/9 5351/48/9 5350/47/9
s 1785
f 5355/10/39 5354/11/71 5353/49/38
s 1786
f 5358/10/39 5357/49/38 5356/50/70
s 1787
f 5361/2/2 5360/1/1 5359/50/40
s 1788
f 5364/2/2 5363/50/40 5362/49/38
s 1789
f 5367/12/41 5366/9/42 5365/51/43
s 1790
f 5370/12/41 5369/51/63 5368/52/44
s 1791
f 5373/6/5 5372/5/4 5371/52/44
s 1792
f 5376/6/56 5375/52/44 5374/51/43
s 1793
f 5379/9/45 5378/10/45 5377/53/46
s 1794
f 5382/9/45 5381/53/47 5380/54/45
s 1795
f 5385/14/7 5384/13/7 5383/54/7
s 1796
f 5388/14/7 5387/54/7 5386/53/46
s 1797
f 5391/9/48 5390/10/48 5389/55/48
s 1798
f 5394/9/49 5393/55/49 5392/56/49
s 1799
f 5397/14/50 5396/13/50 5395/56/53
s 1800
f 5400/14/52 5399/56/53 5398/55/52
s 1801
f 5403/1/1 5402/2/2 5401/3/3
s 1802
f 5406/1/1 5405/3/3 5404/4/3
s 1803
f 5409/5/4 5408/6/5 5407/7/4
s 1804
f 5412/5/4 5411/7/4 5410/8/4
s 1805
f 5415/9/6 5414/10/6 5413/11/6
s 1806
f 5418/9/6 5417/11/6 5416/12/6
s 1807
f 5421/13/7 5420/14/7 5419/15/7
s 1808
f 5424/13/7 5423/15/7 5422/16/7
s 1809
f 5427/9/8 5426/10/8 5425/11/8
s 1810
f 5430/9/8 5429/11/8 5428/12/8
s 1811
f 5433/13/9 5432/14/9 5431/15/9
s 1812
f 5436/13/9 5435/15/9 5434/16/9
s 1813
f 5439/11/10 5438/12/10 5437/17/10
s 1814
f 5442/11/10 5441/17/10 5440/18/10
s 1815
f 5445/12/11 5444/9/12 5443/19/13
s 1816
f 5448/12/11 5447/19/13 5446/20/15
s 1817
f 5451/11/16 5450/12/16 5449/17/17
s 1818
f 5454/11/16 5453/17/17 5452/18/18
s 1819
f 5457/10/4 5456/11/4 5455/21/72
s 1820
f 5460/10/67 5459/21/19 5458/22/67
s 1821
f 5463/23/9 5462/24/9 5461/25/9
s 1822
f 5466/23/9 5465/25/9 5464/26/9
s 1823
f 5469/18/21 5468/17/22 5467/26/21
s 1824
f 5472/18/21 5471/26/21 5470/25/23
s 1825
f 5475/27/3 5474/28/3 5473/29/3
s 1826
f 5478/27/3 5477/29/3 5476/30/3
s 1827
f 5481/20/60 5480/19/13 5479/30/24
s 1828
f 5484/20/15 5483/30/24 5482/29/3
s 1829
f 5487/23/7 5486/24/7 5485/31/7
s 1830
f 5490/23/7 5489/31/7 5488/32/7
s 1831
f 5493/18/18 5492/17/17 5491/32/7
s 1832
f 5496/18/18 5495/32/7 5494/31/7
s 1833
f 5499/33/4 5498/34/4 5497/35/25
s 1834
f 5502/33/4 5501/35/25 5500/36/4
s 1835
f 5505/22/61 5504/21/19 5503/36/68
s 1836
f 5508/22/28 5507/36/27 5506/35/66
s 1837
f 5511/24/29 5510/23/30 5509/37/29
s 1838
f 5514/24/31 5513/37/31 5512/38/32
s 1839
f 5517/16/7 5516/15/7 5515/39/7
s 1840
f 5520/16/7 5519/39/7 5518/40/7
s 1841
f 5523/24/7 5522/23/7 5521/40/7
s 1842
f 5526/24/7 5525/40/7 5524/39/7
s 1843
f 5529/27/3 5528/41/3 5527/28/3
s 1844
f 5532/42/3 5531/28/3 5530/41/3
s 1845
f 5535/42/3 5534/41/3 5533/43/3
s 1846
f 5538/4/3 5537/3/3 5536/42/3
s 1847
f 5541/4/3 5540/42/3 5539/43/3
s 1848
f 5544/8/4 5543/7/4 5542/44/4
s 1849
f 5547/8/4 5546/44/4 5545/45/4
s 1850
f 5550/46/4 5549/45/4 5548/44/4
s 1851
f 5553/33/4 5552/45/4 5551/46/4
s 1852
f 5556/46/4 5555/34/4 5554/33/4
s 1853
f 5559/16/33 5558/15/33 5557/47/34
s 1854
f 5562/16/35 5561/47/34 5560/48/35
s 1855
f 5565/38/9 5564/37/9 5563/48/9
s 1856
f 5568/38/9 5567/48/9 5566/47/9
s 1857
f 5571/10/36 5570/11/37 5569/49/55
s 1858
f 5574/10/36 5573/49/55 5572/50/40
s 1859
f 5577/2/2 5576/1/1 5575/50/64
s 1860
f 5580/2/2 5579/50/40 5578/49/38
s 1861
f 5583/12/41 5582/9/62 5581/51/63
s 1862
f 5586/12/41 5585/51/63 5584/52/65
s 1863
f 5589/6/5 5588/5/4 5587/52/44
s 1864
f 5592/6/56 5591/52/44 5590/51/43
s 1865
f 5595/9/45 5594/10/45 5593/53/46
s 1866
f 5598/9/45 5597/53/47 5596/54/45
s 1867
f 5601/14/7 5600/13/7 5599/54/7
s 1868
f 5604/14/7 5603/54/7 5602/53/46
s 1869
f 5607/9/48 5606/10/48 5605/55/48
s 1870
f 5610/9/49 5609/55/49 5608/56/49
s 1871
f 5613/14/50 5612/13/50 5611/56/53
s 1872
f 5616/14/52 5615/56/53 5614/55/52
s 1873
g default_1_Material_1.019
usemtl Material_1.019
f 5619/1/1 5618/2/2 5617/3/3
s 1874
f 5622/1/1 5621/3/3 5620/4/3
s 1875
f 5625/5/4 5624/6/5 5623/7/4
s 1876
f 5628/5/4 5627/7/4 5626/8/4
s 1877
f 5631/9/6 5630/10/6 5629/11/6
s 1878
f 5634/9/6 5633/11/6 5632/12/6
s 1879
f 5637/13/7 5636/14/7 5635/15/7
s 1880
f 5640/13/7 5639/15/7 5638/16/7
s 1881
f 5643/9/8 5642/10/8 5641/11/8
s 1882
f 5646/9/8 5645/11/8 5644/12/8
s 1883
f 5649/13/9 5648/14/9 5647/15/9
s 1884
f 5652/13/9 5651/15/9 5650/16/9
s 1885
f 5655/11/10 5654/12/10 5653/17/10
s 1886
f 5658/11/10 5657/17/10 5656/18/10
s 1887
f 5661/12/11 5660/9/12 5659/19/13
s 1888
f 5664/12/11 5663/19/13 5662/20/15
s 1889
f 5667/11/16 5666/12/16 5665/17/17
s 1890
f 5670/11/16 5669/17/17 5668/18/18
s 1891
f 5673/10/4 5672/11/4 5671/21/19
s 1892
f 5676/10/20 5675/21/19 5674/22/20
s 1893
f 5679/23/9 5678/24/9 5677/25/9
s 1894
f 5682/23/9 5681/25/9 5680/26/9
s 1895
f 5685/18/21 5684/17/22 5683/26/21
s 1896
f 5688/18/21 5687/26/21 5686/25/23
s 1897
f 5691/27/3 5690/28/3 5689/29/3
s 1898
f 5694/27/3 5693/29/3 5692/30/3
s 1899
f 5697/20/60 5696/19/13 5695/30/24
s 1900
f 5700/20/54 5699/30/24 5698/29/3
s 1901
f 5703/23/7 5702/24/7 5701/31/7
s 1902
f 5706/23/7 5705/31/7 5704/32/7
s 1903
f 5709/18/18 5708/17/17 5707/32/7
s 1904
f 5712/18/18 5711/32/7 5710/31/7
s 1905
f 5715/33/4 5714/34/4 5713/35/25
s 1906
f 5718/33/4 5717/35/25 5716/36/4
s 1907
f 5721/22/61 5720/21/19 5719/36/27
s 1908
f 5724/22/28 5723/36/27 5722/35/25
s 1909
f 5727/24/29 5726/23/30 5725/37/29
s 1910
f 5730/24/31 5729/37/31 5728/38/32
s 1911
f 5733/16/7 5732/15/7 5731/39/7
s 1912
f 5736/16/7 5735/39/7 5734/40/7
s 1913
f 5739/24/7 5738/23/7 5737/40/7
s 1914
f 5742/24/7 5741/40/7 5740/39/7
s 1915
f 5745/27/3 5744/41/3 5743/28/3
s 1916
f 5748/42/3 5747/28/3 5746/41/3
s 1917
f 5751/42/3 5750/41/3 5749/43/3
s 1918
f 5754/4/3 5753/3/3 5752/42/3
s 1919
f 5757/4/3 5756/42/3 5755/43/3
s 1920
f 5760/8/4 5759/7/4 5758/44/4
s 1921
f 5763/8/4 5762/44/4 5761/45/4
s 1922
f 5766/46/4 5765/45/4 5764/44/4
s 1923
f 5769/33/4 5768/45/4 5767/46/4
s 1924
f 5772/46/4 5771/34/4 5770/33/4
s 1925
f 5775/16/33 5774/15/33 5773/47/34
s 1926
f 5778/16/35 5777/47/34 5776/48/35
s 1927
f 5781/38/9 5780/37/9 5779/48/9
s 1928
f 5784/38/9 5783/48/9 5782/47/9
s 1929
f 5787/10/39 5786/11/37 5785/49/38
s 1930
f 5790/10/36 5789/49/38 5788/50/40
s 1931
f 5793/2/2 5792/1/1 5791/50/40
s 1932
f 5796/2/2 5795/50/40 5794/49/38
s 1933
f 5799/12/41 5798/9/62 5797/51/63
s 1934
f 5802/12/41 5801/51/43 5800/52/44
s 1935
f 5805/6/5 5804/5/4 5803/52/44
s 1936
f 5808/6/56 5807/52/44 5806/51/43
s 1937
f 5811/9/45 5810/10/45 5809/53/46
s 1938
f 5814/9/45 5813/53/47 5812/54/45
s 1939
f 5817/14/7 5816/13/7 5815/54/7
s 1940
f 5820/14/7 5819/54/7 5818/53/46
s 1941
f 5823/9/48 5822/10/48 5821/55/48
s 1942
f 5826/9/49 5825/55/49 5824/56/49
s 1943
f 5829/14/50 5828/13/50 5827/56/53
s 1944
f 5832/14/52 5831/56/53 5830/55/52
s 1945
f 5835/1/1 5834/2/2 5833/3/3
s 1946
f 5838/1/1 5837/3/3 5836/4/3
s 1947
f 5841/5/4 5840/6/5 5839/7/4
s 1948
f 5844/5/4 5843/7/4 5842/8/4
s 1949
f 5847/9/6 5846/10/6 5845/11/6
s 1950
f 5850/9/6 5849/11/6 5848/12/6
s 1951
f 5853/13/7 5852/14/7 5851/15/7
s 1952
f 5856/13/7 5855/15/7 5854/16/7
s 1953
f 5859/9/8 5858/10/8 5857/11/8
s 1954
f 5862/9/8 5861/11/8 5860/12/8
s 1955
f 5865/13/9 5864/14/9 5863/15/9
s 1956
f 5868/13/9 5867/15/9 5866/16/9
s 1957
f 5871/11/10 5870/12/10 5869/17/10
s 1958
f 5874/11/10 5873/17/10 5872/18/10
s 1959
f 5877/12/11 5876/9/12 5875/19/13
s 1960
f 5880/12/11 5879/19/14 5878/20/54
s 1961
f 5883/11/16 5882/12/16 5881/17/17
s 1962
f 5886/11/16 5885/17/17 5884/18/18
s 1963
f 5889/10/73 5888/11/73 5887/21/58
s 1964
f 5892/10/20 5891/21/19 5890/22/20
s 1965
f 5895/23/9 5894/24/9 5893/25/9
s 1966
f 5898/23/9 5897/25/9 5896/26/9
s 1967
f 5901/18/21 5900/17/22 5899/26/21
s 1968
f 5904/18/21 5903/26/21 5902/25/23
s 1969
f 5907/27/3 5906/28/3 5905/29/3
s 1970
f 5910/27/3 5909/29/3 5908/30/3
s 1971
f 5913/20/15 5912/19/60 5911/30/24
s 1972
f 5916/20/15 5915/30/24 5914/29/3
s 1973
f 5919/23/7 5918/24/7 5917/31/7
s 1974
f 5922/23/7 5921/31/7 5920/32/7
s 1975
f 5925/18/18 5924/17/17 5923/32/7
s 1976
f 5928/18/18 5927/32/7 5926/31/7
s 1977
f 5931/33/4 5930/34/4 5929/35/25
s 1978
f 5934/33/4 5933/35/25 5932/36/4
s 1979
f 5937/22/61 5936/21/19 5935/36/27
s 1980
f 5940/22/28 5939/36/27 5938/35/66
s 1981
f 5943/24/29 5942/23/30 5941/37/29
s 1982
f 5946/24/31 5945/37/31 5944/38/32
s 1983
f 5949/16/7 5948/15/7 5947/39/7
s 1984
f 5952/16/7 5951/39/7 5950/40/7
s 1985
f 5955/24/7 5954/23/7 5953/40/7
s 1986
f 5958/24/7 5957/40/7 5956/39/7
s 1987
f 5961/27/3 5960/41/3 5959/28/3
s 1988
f 5964/42/3 5963/28/3 5962/41/3
s 1989
f 5967/42/3 5966/41/3 5965/43/3
s 1990
f 5970/4/3 5969/3/3 5968/42/3
s 1991
f 5973/4/3 5972/42/3 5971/43/3
s 1992
f 5976/8/4 5975/7/4 5974/44/4
s 1993
f 5979/8/4 5978/44/4 5977/45/4
s 1994
f 5982/46/4 5981/45/4 5980/44/4
s 1995
f 5985/33/4 5984/45/4 5983/46/4
s 1996
f 5988/46/4 5987/34/4 5986/33/4
s 1997
f 5991/16/33 5990/15/33 5989/47/34
s 1998
f 5994/16/35 5993/47/34 5992/48/35
s 1999
f 5997/38/9 5996/37/9 5995/48/9
s 2000
f 6000/38/9 5999/48/9 5998/47/9
s 2001
f 6003/10/36 6002/11/37 6001/49/38
s 2002
f 6006/10/36 6005/49/38 6004/50/40
s 2003
f 6009/2/2 6008/1/1 6007/50/40
s 2004
f 6012/2/2 6011/50/40 6010/49/38
s 2005
f 6015/12/57 6014/9/42 6013/51/43
s 2006
f 6018/12/57 6017/51/43 6016/52/44
s 2007
f 6021/6/5 6020/5/4 6019/52/44
s 2008
f 6024/6/56 6023/52/65 6022/51/63
s 2009
f 6027/9/45 6026/10/45 6025/53/46
s 2010
f 6030/9/45 6029/53/47 6028/54/45
s 2011
f 6033/14/7 6032/13/7 6031/54/7
s 2012
f 6036/14/7 6035/54/7 6034/53/46
s 2013
f 6039/9/48 6038/10/48 6037/55/48
s 2014
f 6042/9/49 6041/55/49 6040/56/49
s 2015
f 6045/14/50 6044/13/50 6043/56/53
s 2016
f 6048/14/52 6047/56/53 6046/55/52
s 2017
g default_1_Material_1.020
usemtl Material_1.020
f 6051/1/1 6050/2/2 6049/3/3
s 2018
f 6054/1/1 6053/3/3 6052/4/3
s 2019
f 6057/5/4 6056/6/5 6055/7/4
s 2020
f 6060/5/4 6059/7/4 6058/8/4
s 2021
f 6063/9/6 6062/10/6 6061/11/6
s 2022
f 6066/9/6 6065/11/6 6064/12/6
s 2023
f 6069/13/7 6068/14/7 6067/15/7
s 2024
f 6072/13/7 6071/15/7 6070/16/7
s 2025
f 6075/9/8 6074/10/8 6073/11/8
s 2026
f 6078/9/8 6077/11/8 6076/12/8
s 2027
f 6081/13/9 6080/14/9 6079/15/9
s 2028
f 6084/13/9 6083/15/9 6082/16/9
s 2029
f 6087/11/10 6086/12/10 6085/17/10
s 2030
f 6090/11/10 6089/17/10 6088/18/10
s 2031
f 6093/12/11 6092/9/12 6091/19/13
s 2032
f 6096/12/11 6095/19/14 6094/20/54
s 2033
f 6099/11/16 6098/12/16 6097/17/17
s 2034
f 6102/11/16 6101/17/17 6100/18/18
s 2035
f 6105/10/4 6104/11/4 6103/21/19
s 2036
f 6108/10/67 6107/21/19 6106/22/67
s 2037
f 6111/23/9 6110/24/9 6109/25/9
s 2038
f 6114/23/9 6113/25/9 6112/26/9
s 2039
f 6117/18/21 6116/17/22 6115/26/21
s 2040
f 6120/18/21 6119/26/21 6118/25/23
s 2041
f 6123/27/3 6122/28/3 6121/29/3
s 2042
f 6126/27/3 6125/29/3 6124/30/3
s 2043
f 6129/20/60 6128/19/13 6127/30/24
s 2044
f 6132/20/15 6131/30/24 6130/29/3
s 2045
f 6135/23/7 6134/24/7 6133/31/7
s 2046
f 6138/23/7 6137/31/7 6136/32/7
s 2047
f 6141/18/18 6140/17/17 6139/32/7
s 2048
f 6144/18/18 6143/32/7 6142/31/7
s 2049
f 6147/33/4 6146/34/4 6145/35/25
s 2050
f 6150/33/4 6149/35/25 6148/36/4
s 2051
f 6153/22/26 6152/21/19 6151/36/27
s 2052
f 6156/22/28 6155/36/27 6154/35/25
s 2053
f 6159/24/29 6158/23/30 6157/37/29
s 2054
f 6162/24/31 6161/37/31 6160/38/32
s 2055
f 6165/16/7 6164/15/7 6163/39/7
s 2056
f 6168/16/7 6167/39/7 6166/40/7
s 2057
f 6171/24/7 6170/23/7 6169/40/7
s 2058
f 6174/24/7 6173/40/7 6172/39/7
s 2059
f 6177/27/3 6176/41/3 6175/28/3
s 2060
f 6180/42/3 6179/28/3 6178/41/3
s 2061
f 6183/42/3 6182/41/3 6181/43/3
s 2062
f 6186/4/3 6185/3/3 6184/42/3
s 2063
f 6189/4/3 6188/42/3 6187/43/3
s 2064
f 6192/8/4 6191/7/4 6190/44/4
s 2065
f 6195/8/4 6194/44/4 6193/45/4
s 2066
f 6198/46/4 6197/45/4 6196/44/4
s 2067
f 6201/33/4 6200/45/4 6199/46/4
s 2068
f 6204/46/4 6203/34/4 6202/33/4
s 2069
f 6207/16/33 6206/15/33 6205/47/34
s 2070
f 6210/16/35 6209/47/34 6208/48/35
s 2071
f 6213/38/9 6212/37/9 6211/48/9
s 2072
f 6216/38/9 6215/48/9 6214/47/9
s 2073
f 6219/10/39 6218/11/71 6217/49/38
s 2074
f 6222/10/36 6221/49/55 6220/50/40
s 2075
f 6225/2/2 6224/1/1 6223/50/40
s 2076
f 6228/2/2 6227/50/40 6226/49/38
s 2077
f 6231/12/41 6230/9/62 6229/51/63
s 2078
f 6234/12/57 6233/51/43 6232/52/44
s 2079
f 6237/6/5 6236/5/4 6235/52/44
s 2080
f 6240/6/56 6239/52/65 6238/51/63
s 2081
f 6243/9/45 6242/10/45 6241/53/46
s 2082
f 6246/9/45 6245/53/47 6244/54/45
s 2083
f 6249/14/7 6248/13/7 6247/54/7
s 2084
f 6252/14/7 6251/54/7 6250/53/46
s 2085
f 6255/9/48 6254/10/48 6253/55/48
s 2086
f 6258/9/49 6257/55/49 6256/56/49
s 2087
f 6261/14/50 6260/13/50 6259/56/53
s 2088
f 6264/14/52 6263/56/53 6262/55/52
s 2089
f 6267/1/1 6266/2/2 6265/3/3
s 2090
f 6270/1/1 6269/3/3 6268/4/3
s 2091
f 6273/5/4 6272/6/5 6271/7/4
s 2092
f 6276/5/4 6275/7/4 6274/8/4
s 2093
f 6279/9/6 6278/10/6 6277/11/6
s 2094
f 6282/9/6 6281/11/6 6280/12/6
s 2095
f 6285/13/7 6284/14/7 6283/15/7
s 2096
f 6288/13/7 6287/15/7 6286/16/7
s 2097
f 6291/9/8 6290/10/8 6289/11/8
s 2098
f 6294/9/8 6293/11/8 6292/12/8
s 2099
f 6297/13/9 6296/14/9 6295/15/9
s 2100
f 6300/13/9 6299/15/9 6298/16/9
s 2101
f 6303/11/10 6302/12/10 6301/17/10
s 2102
f 6306/11/10 6305/17/10 6304/18/10
s 2103
f 6309/12/11 6308/9/12 6307/19/13
s 2104
f 6312/12/11 6311/19/13 6310/20/15
s 2105
f 6315/11/16 6314/12/16 6313/17/17
s 2106
f 6318/11/16 6317/17/17 6316/18/18
s 2107
f 6321/10/73 6320/11/73 6319/21/58
s 2108
f 6324/10/20 6323/21/19 6322/22/20
s 2109
f 6327/23/9 6326/24/9 6325/25/9
s 2110
f 6330/23/9 6329/25/9 6328/26/9
s 2111
f 6333/18/21 6332/17/22 6331/26/21
s 2112
f 6336/18/21 6335/26/21 6334/25/23
s 2113
f 6339/27/3 6338/28/3 6337/29/3
s 2114
f 6342/27/3 6341/29/3 6340/30/3
s 2115
f 6345/20/60 6344/19/13 6343/30/24
s 2116
f 6348/20/15 6347/30/24 6346/29/3
s 2117
f 6351/23/7 6350/24/7 6349/31/7
s 2118
f 6354/23/7 6353/31/7 6352/32/7
s 2119
f 6357/18/18 6356/17/17 6355/32/7
s 2120
f 6360/18/18 6359/32/7 6358/31/7
s 2121
f 6363/33/4 6362/34/4 6361/35/25
s 2122
f 6366/33/4 6365/35/25 6364/36/4
s 2123
f 6369/22/61 6368/21/19 6367/36/68
s 2124
f 6372/22/28 6371/36/27 6370/35/66
s 2125
f 6375/24/29 6374/23/30 6373/37/29
s 2126
f 6378/24/31 6377/37/31 6376/38/32
s 2127
f 6381/16/7 6380/15/7 6379/39/7
s 2128
f 6384/16/7 6383/39/7 6382/40/7
s 2129
f 6387/24/7 6386/23/7 6385/40/7
s 2130
f 6390/24/7 6389/40/7 6388/39/7
s 2131
f 6393/27/3 6392/41/3 6391/28/3
s 2132
f 6396/42/3 6395/28/3 6394/41/3
s 2133
f 6399/42/3 6398/41/3 6397/43/3
s 2134
f 6402/4/3 6401/3/3 6400/42/3
s 2135
f 6405/4/3 6404/42/3 6403/43/3
s 2136
f 6408/8/4 6407/7/4 6406/44/4
s 2137
f 6411/8/4 6410/44/4 6409/45/4
s 2138
f 6414/46/4 6413/45/4 6412/44/4
s 2139
f 6417/33/4 6416/45/4 6415/46/4
s 2140
f 6420/46/4 6419/34/4 6418/33/4
s 2141
f 6423/16/33 6422/15/33 6421/47/34
s 2142
f 6426/16/35 6425/47/34 6424/48/35
s 2143
f 6429/38/9 6428/37/9 6427/48/9
s 2144
f 6432/38/9 6431/48/9 6430/47/9
s 2145
f 6435/10/36 6434/11/37 6433/49/55
s 2146
f 6438/10/36 6437/49/55 6436/50/40
s 2147
f 6441/2/2 6440/1/1 6439/50/64
s 2148
f 6444/2/2 6443/50/40 6442/49/38
s 2149
f 6447/12/41 6446/9/62 6445/51/63
s 2150
f 6450/12/57 6449/51/43 6448/52/44
s 2151
f 6453/6/5 6452/5/4 6451/52/44
s 2152
f 6456/6/56 6455/52/65 6454/51/63
s 2153
f 6459/9/45 6458/10/45 6457/53/46
s 2154
f 6462/9/45 6461/53/47 6460/54/45
s 2155
f 6465/14/7 6464/13/7 6463/54/7
s 2156
f 6468/14/7 6467/54/7 6466/53/46
s 2157
f 6471/9/48 6470/10/48 6469/55/48
s 2158
f 6474/9/49 6473/55/49 6472/56/49
s 2159
f 6477/14/50 6476/13/50 6475/56/53
s 2160
f 6480/14/52 6479/56/53 6478/55/52
s 2161
g default_1_Material_1.021
usemtl Material_1.021
f 6483/1/1 6482/2/2 6481/3/3
s 2162
f 6486/1/1 6485/3/3 6484/4/3
s 2163
f 6489/5/4 6488/6/5 6487/7/4
s 2164
f 6492/5/4 6491/7/4 6490/8/4
s 2165
f 6495/9/6 6494/10/6 6493/11/6
s 2166
f 6498/9/6 6497/11/6 6496/12/6
s 2167
f 6501/13/7 6500/14/7 6499/15/7
s 2168
f 6504/13/7 6503/15/7 6502/16/7
s 2169
f 6507/9/8 6506/10/8 6505/11/8
s 2170
f 6510/9/8 6509/11/8 6508/12/8
s 2171
f 6513/13/9 6512/14/9 6511/15/9
s 2172
f 6516/13/9 6515/15/9 6514/16/9
s 2173
f 6519/11/10 6518/12/10 6517/17/10
s 2174
f 6522/11/10 6521/17/10 6520/18/10
s 2175
f 6525/12/11 6524/9/12 6523/19/13
s 2176
f 6528/12/11 6527/19/13 6526/20/15
s 2177
f 6531/11/16 6530/12/16 6529/17/17
s 2178
f 6534/11/16 6533/17/17 6532/18/18
s 2179
f 6537/10/4 6536/11/4 6535/21/19
s 2180
f 6540/10/67 6539/21/19 6538/22/67
s 2181
f 6543/23/9 6542/24/9 6541/25/9
s 2182
f 6546/23/9 6545/25/9 6544/26/9
s 2183
f 6549/18/21 6548/17/22 6547/26/21
s 2184
f 6552/18/21 6551/26/21 6550/25/23
s 2185
f 6555/27/3 6554/28/3 6553/29/3
s 2186
f 6558/27/3 6557/29/3 6556/30/3
s 2187
f 6561/20/59 6560/19/14 6559/30/24
s 2188
f 6564/20/15 6563/30/24 6562/29/3
s 2189
f 6567/23/7 6566/24/7 6565/31/7
s 2190
f 6570/23/7 6569/31/7 6568/32/7
s 2191
f 6573/18/18 6572/17/17 6571/32/7
s 2192
f 6576/18/18 6575/32/7 6574/31/7
s 2193
f 6579/33/4 6578/34/4 6577/35/25
s 2194
f 6582/33/4 6581/35/25 6580/36/4
s 2195
f 6585/22/61 6584/21/19 6583/36/27
s 2196
f 6588/22/28 6587/36/27 6586/35/25
s 2197
f 6591/24/29 6590/23/30 6589/37/29
s 2198
f 6594/24/31 6593/37/31 6592/38/32
s 2199
f 6597/16/7 6596/15/7 6595/39/7
s 2200
f 6600/16/7 6599/39/7 6598/40/7
s 2201
f 6603/24/7 6602/23/7 6601/40/7
s 2202
f 6606/24/7 6605/40/7 6604/39/7
s 2203
f 6609/27/3 6608/41/3 6607/28/3
s 2204
f 6612/42/3 6611/28/3 6610/41/3
s 2205
f 6615/42/3 6614/41/3 6613/43/3
s 2206
f 6618/4/3 6617/3/3 6616/42/3
s 2207
f 6621/4/3 6620/42/3 6619/43/3
s 2208
f 6624/8/4 6623/7/4 6622/44/4
s 2209
f 6627/8/4 6626/44/4 6625/45/4
s 2210
f 6630/46/4 6629/45/4 6628/44/4
s 2211
f 6633/33/4 6632/45/4 6631/46/4
s 2212
f 6636/46/4 6635/34/4 6634/33/4
s 2213
f 6639/16/33 6638/15/33 6637/47/34
s 2214
f 6642/16/35 6641/47/34 6640/48/35
s 2215
f 6645/38/9 6644/37/9 6643/48/9
s 2216
f 6648/38/9 6647/48/9 6646/47/9
s 2217
f 6651/10/39 6650/11/71 6649/49/38
s 2218
f 6654/10/36 6653/49/38 6652/50/40
s 2219
f 6657/2/2 6656/1/1 6655/50/40
s 2220
f 6660/2/2 6659/50/40 6658/49/38
s 2221
f 6663/12/41 6662/9/62 6661/51/63
s 2222
f 6666/12/57 6665/51/43 6664/52/44
s 2223
f 6669/6/5 6668/5/4 6667/52/44
s 2224
f 6672/6/56 6671/52/44 6670/51/43
s 2225
f 6675/9/45 6674/10/45 6673/53/46
s 2226
f 6678/9/45 6677/53/47 6676/54/45
s 2227
f 6681/14/7 6680/13/7 6679/54/7
s 2228
f 6684/14/7 6683/54/7 6682/53/46
s 2229
f 6687/9/48 6686/10/48 6685/55/48
s 2230
f 6690/9/49 6689/55/49 6688/56/49
s 2231
f 6693/14/50 6692/13/50 6691/56/53
s 2232
f 6696/14/52 6695/56/53 6694/55/52
s 2233
f 6699/1/1 6698/2/2 6697/3/3
s 2234
f 6702/1/1 6701/3/3 6700/4/3
s 2235
f 6705/5/4 6704/6/5 6703/7/4
s 2236
f 6708/5/4 6707/7/4 6706/8/4
s 2237
f 6711/9/6 6710/10/6 6709/11/6
s 2238
f 6714/9/6 6713/11/6 6712/12/6
s 2239
f 6717/13/7 6716/14/7 6715/15/7
s 2240
f 6720/13/7 6719/15/7 6718/16/7
s 2241
f 6723/9/8 6722/10/8 6721/11/8
s 2242
f 6726/9/8 6725/11/8 6724/12/8
s 2243
f 6729/13/9 6728/14/9 6727/15/9
s 2244
f 6732/13/9 6731/15/9 6730/16/9
s 2245
f 6735/11/10 6734/12/10 6733/17/10
s 2246
f 6738/11/10 6737/17/10 6736/18/10
s 2247
f 6741/12/11 6740/9/12 6739/19/13
s 2248
f 6744/12/11 6743/19/14 6742/20/54
s 2249
f 6747/11/16 6746/12/16 6745/17/17
s 2250
f 6750/11/16 6749/17/17 6748/18/18
s 2251
f 6753/10/73 6752/11/73 6751/21/58
s 2252
f 6756/10/20 6755/21/19 6754/22/20
s 2253
f 6759/23/9 6758/24/9 6757/25/9
s 2254
f 6762/23/9 6761/25/9 6760/26/9
s 2255
f 6765/18/21 6764/17/22 6763/26/21
s 2256
f 6768/18/21 6767/26/21 6766/25/23
s 2257
f 6771/27/3 6770/28/3 6769/29/3
s 2258
f 6774/27/3 6773/29/3 6772/30/3
s 2259
f 6777/20/60 6776/19/13 6775/30/74
s 2260
f 6780/20/15 6779/30/24 6778/29/3
s 2261
f 6783/23/7 6782/24/7 6781/31/7
s 2262
f 6786/23/7 6785/31/7 6784/32/7
s 2263
f 6789/18/18 6788/17/17 6787/32/7
s 2264
f 6792/18/18 6791/32/7 6790/31/7
s 2265
f 6795/33/4 6794/34/4 6793/35/25
s 2266
f 6798/33/4 6797/35/25 6796/36/4
s 2267
f 6801/22/61 6800/21/19 6799/36/68
s 2268
f 6804/22/28 6803/36/27 6802/35/66
s 2269
f 6807/24/29 6806/23/30 6805/37/29
s 2270
f 6810/24/31 6809/37/31 6808/38/32
s 2271
f 6813/16/7 6812/15/7 6811/39/7
s 2272
f 6816/16/7 6815/39/7 6814/40/7
s 2273
f 6819/24/7 6818/23/7 6817/40/7
s 2274
f 6822/24/7 6821/40/7 6820/39/7
s 2275
f 6825/27/3 6824/41/3 6823/28/3
s 2276
f 6828/42/3 6827/28/3 6826/41/3
s 2277
f 6831/42/3 6830/41/3 6829/43/3
s 2278
f 6834/4/3 6833/3/3 6832/42/3
s 2279
f 6837/4/3 6836/42/3 6835/43/3
s 2280
f 6840/8/4 6839/7/4 6838/44/4
s 2281
f 6843/8/4 6842/44/4 6841/45/4
s 2282
f 6846/46/4 6845/45/4 6844/44/4
s 2283
f 6849/33/4 6848/45/4 6847/46/4
s 2284
f 6852/46/4 6851/34/4 6850/33/4
s 2285
f 6855/16/33 6854/15/33 6853/47/34
s 2286
f 6858/16/35 6857/47/34 6856/48/35
s 2287
f 6861/38/9 6860/37/9 6859/48/9
s 2288
f 6864/38/9 6863/48/9 6862/47/9
s 2289
f 6867/10/39 6866/11/71 6865/49/38
s 2290
f 6870/10/39 6869/49/38 6868/50/40
s 2291
f 6873/2/2 6872/1/1 6871/50/70
s 2292
f 6876/2/2 6875/50/40 6874/49/38
s 2293
f 6879/12/57 6878/9/42 6877/51/43
s 2294
f 6882/12/41 6881/51/43 6880/52/44
s 2295
f 6885/6/5 6884/5/4 6883/52/44
s 2296
f 6888/6/56 6887/52/44 6886/51/43
s 2297
f 6891/9/45 6890/10/45 6889/53/46
s 2298
f 6894/9/45 6893/53/47 6892/54/45
s 2299
f 6897/14/7 6896/13/7 6895/54/7
s 2300
f 6900/14/7 6899/54/7 6898/53/46
s 2301
f 6903/9/48 6902/10/48 6901/55/48
s 2302
f 6906/9/49 6905/55/49 6904/56/49
s 2303
f 6909/14/50 6908/13/50 6907/56/53
s 2304
f 6912/14/52 6911/56/53 6910/55/52
s 2305
g default_1_Material_1.013
usemtl Material_1.013
f 6915/1/1 6914/2/2 6913/3/3
s 2306
f 6918/1/1 6917/3/3 6916/4/3
s 2307
f 6921/5/4 6920/6/5 6919/7/4
s 2308
f 6924/5/4 6923/7/4 6922/8/4
s 2309
f 6927/9/6 6926/10/6 6925/11/6
s 2310
f 6930/9/6 6929/11/6 6928/12/6
s 2311
f 6933/13/7 6932/14/7 6931/15/7
s 2312
f 6936/13/7 6935/15/7 6934/16/7
s 2313
f 6939/9/8 6938/10/8 6937/11/8
s 2314
f 6942/9/8 6941/11/8 6940/12/8
s 2315
f 6945/13/9 6944/14/9 6943/15/9
s 2316
f 6948/13/9 6947/15/9 6946/16/9
s 2317
f 6951/11/10 6950/12/10 6949/17/10
s 2318
f 6954/11/10 6953/17/10 6952/18/10
s 2319
f 6957/12/11 6956/9/12 6955/19/13
s 2320
f 6960/12/11 6959/19/13 6958/20/15
s 2321
f 6963/11/16 6962/12/16 6961/17/17
s 2322
f 6966/11/16 6965/17/17 6964/18/18
s 2323
f 6969/10/4 6968/11/4 6967/21/19
s 2324
f 6972/10/20 6971/21/19 6970/22/20
s 2325
f 6975/23/9 6974/24/9 6973/25/9
s 2326
f 6978/23/9 6977/25/9 6976/26/9
s 2327
f 6981/18/21 6980/17/22 6979/26/21
s 2328
f 6984/18/21 6983/26/21 6982/25/23
s 2329
f 6987/27/3 6986/28/3 6985/29/3
s 2330
f 6990/27/3 6989/29/3 6988/30/3
s 2331
f 6993/20/60 6992/19/13 6991/30/24
s 2332
f 6996/20/54 6995/30/24 6994/29/3
s 2333
f 6999/23/7 6998/24/7 6997/31/7
s 2334
f 7002/23/7 7001/31/7 7000/32/7
s 2335
f 7005/18/18 7004/17/17 7003/32/7
s 2336
f 7008/18/18 7007/32/7 7006/31/7
s 2337
f 7011/33/4 7010/34/4 7009/35/25
s 2338
f 7014/33/4 7013/35/25 7012/36/4
s 2339
f 7017/22/26 7016/21/19 7015/36/27
s 2340
f 7020/22/28 7019/36/68 7018/35/25
s 2341
f 7023/24/29 7022/23/30 7021/37/29
s 2342
f 7026/24/31 7025/37/31 7024/38/32
s 2343
f 7029/16/7 7028/15/7 7027/39/7
s 2344
f 7032/16/7 7031/39/7 7030/40/7
s 2345
f 7035/24/7 7034/23/7 7033/40/7
s 2346
f 7038/24/7 7037/40/7 7036/39/7
s 2347
f 7041/27/3 7040/41/3 7039/28/3
s 2348
f 7044/42/3 7043/28/3 7042/41/3
s 2349
f 7047/42/3 7046/41/3 7045/43/3
s 2350
f 7050/4/3 7049/3/3 7048/42/3
s 2351
f 7053/4/3 7052/42/3 7051/43/3
s 2352
f 7056/8/4 7055/7/4 7054/44/4
s 2353
f 7059/8/4 7058/44/4 7057/45/4
s 2354
f 7062/46/4 7061/45/4 7060/44/4
s 2355
f 7065/33/4 7064/45/4 7063/46/4
s 2356
f 7068/46/4 7067/34/4 7066/33/4
s 2357
f 7071/16/33 7070/15/33 7069/47/34
s 2358
f 7074/16/35 7073/47/34 7072/48/35
s 2359
f 7077/38/9 7076/37/9 7075/48/9
s 2360
f 7080/38/9 7079/48/9 7078/47/9
s 2361
f 7083/10/39 7082/11/37 7081/49/38
s 2362
f 7086/10/39 7085/49/38 7084/50/40
s 2363
f 7089/2/2 7088/1/1 7087/50/40
s 2364
f 7092/2/2 7091/50/40 7090/49/38
s 2365
f 7095/12/41 7094/9/42 7093/51/43
s 2366
f 7098/12/41 7097/51/63 7096/52/44
s 2367
f 7101/6/5 7100/5/4 7099/52/44
s 2368
f 7104/6/56 7103/52/44 7102/51/43
s 2369
f 7107/9/45 7106/10/45 7105/53/46
s 2370
f 7110/9/45 7109/53/47 7108/54/45
s 2371
f 7113/14/7 7112/13/7 7111/54/7
s 2372
f 7116/14/7 7115/54/7 7114/53/46
s 2373
f 7119/9/48 7118/10/48 7117/55/48
s 2374
f 7122/9/49 7121/55/49 7120/56/49
s 2375
f 7125/14/50 7124/13/50 7123/56/53
s 2376
f 7128/14/52 7127/56/53 7126/55/52
s 2377
f 7131/1/1 7130/2/2 7129/3/3
s 2378
f 7134/1/1 7133/3/3 7132/4/3
s 2379
f 7137/5/4 7136/6/5 7135/7/4
s 2380
f 7140/5/4 7139/7/4 7138/8/4
s 2381
f 7143/9/6 7142/10/6 7141/11/6
s 2382
f 7146/9/6 7145/11/6 7144/12/6
s 2383
f 7149/13/7 7148/14/7 7147/15/7
s 2384
f 7152/13/7 7151/15/7 7150/16/7
s 2385
f 7155/9/8 7154/10/8 7153/11/8
s 2386
f 7158/9/8 7157/11/8 7156/12/8
s 2387
f 7161/13/9 7160/14/9 7159/15/9
s 2388
f 7164/13/9 7163/15/9 7162/16/9
s 2389
f 7167/11/10 7166/12/10 7165/17/10
s 2390
f 7170/11/10 7169/17/10 7168/18/10
s 2391
f 7173/12/11 7172/9/12 7171/19/13
s 2392
f 7176/12/11 7175/19/14 7174/20/15
s 2393
f 7179/11/16 7178/12/16 7177/17/17
s 2394
f 7182/11/16 7181/17/17 7180/18/18
s 2395
f 7185/10/4 7184/11/4 7183/21/72
s 2396
f 7188/10/20 7187/21/19 7186/22/20
s 2397
f 7191/23/9 7190/24/9 7189/25/9
s 2398
f 7194/23/9 7193/25/9 7192/26/9
s 2399
f 7197/18/21 7196/17/22 7195/26/21
s 2400
f 7200/18/21 7199/26/21 7198/25/23
s 2401
f 7203/27/3 7202/28/3 7201/29/3
s 2402
f 7206/27/3 7205/29/3 7204/30/3
s 2403
f 7209/20/15 7208/19/60 7207/30/24
s 2404
f 7212/20/15 7211/30/24 7210/29/3
s 2405
f 7215/23/7 7214/24/7 7213/31/7
s 2406
f 7218/23/7 7217/31/7 7216/32/7
s 2407
f 7221/18/18 7220/17/17 7219/32/7
s 2408
f 7224/18/18 7223/32/7 7222/31/7
s 2409
f 7227/33/4 7226/34/4 7225/35/25
s 2410
f 7230/33/4 7229/35/25 7228/36/4
s 2411
f 7233/22/61 7232/21/19 7231/36/27
s 2412
f 7236/22/28 7235/36/27 7234/35/66
s 2413
f 7239/24/29 7238/23/30 7237/37/29
s 2414
f 7242/24/31 7241/37/31 7240/38/32
s 2415
f 7245/16/7 7244/15/7 7243/39/7
s 2416
f 7248/16/7 7247/39/7 7246/40/7
s 2417
f 7251/24/7 7250/23/7 7249/40/7
s 2418
f 7254/24/7 7253/40/7 7252/39/7
s 2419
f 7257/27/3 7256/41/3 7255/28/3
s 2420
f 7260/42/3 7259/28/3 7258/41/3
s 2421
f 7263/42/3 7262/41/3 7261/43/3
s 2422
f 7266/4/3 7265/3/3 7264/42/3
s 2423
f 7269/4/3 7268/42/3 7267/43/3
s 2424
f 7272/8/4 7271/7/4 7270/44/4
s 2425
f 7275/8/4 7274/44/4 7273/45/4
s 2426
f 7278/46/4 7277/45/4 7276/44/4
s 2427
f 7281/33/4 7280/45/4 7279/46/4
s 2428
f 7284/46/4 7283/34/4 7282/33/4
s 2429
f 7287/16/33 7286/15/33 7285/47/34
s 2430
f 7290/16/35 7289/47/34 7288/48/35
s 2431
f 7293/38/9 7292/37/9 7291/48/9
s 2432
f 7296/38/9 7295/48/9 7294/47/9
s 2433
f 7299/10/36 7298/11/37 7297/49/55
s 2434
f 7302/10/39 7301/49/38 7300/50/40
s 2435
f 7305/2/2 7304/1/1 7303/50/40
s 2436
f 7308/2/2 7307/50/40 7306/49/38
s 2437
f 7311/12/57 7310/9/42 7309/51/43
s 2438
f 7314/12/41 7313/51/63 7312/52/44
s 2439
f 7317/6/5 7316/5/4 7315/52/44
s 2440
f 7320/6/56 7319/52/44 7318/51/43
s 2441
f 7323/9/45 7322/10/45 7321/53/46
s 2442
f 7326/9/45 7325/53/47 7324/54/45
s 2443
f 7329/14/7 7328/13/7 7327/54/7
s 2444
f 7332/14/7 7331/54/7 7330/53/46
s 2445
f 7335/9/48 7334/10/48 7333/55/48
s 2446
f 7338/9/49 7337/55/49 7336/56/49
s 2447
f 7341/14/50 7340/13/50 7339/56/53
s 2448
f 7344/14/52 7343/56/53 7342/55/52
s 2449
g default_1_Material_1.014
usemtl Material_1.014
f 7347/1/1 7346/2/2 7345/3/3
s 2450
f 7350/1/1 7349/3/3 7348/4/3
s 2451
f 7353/5/4 7352/6/5 7351/7/4
s 2452
f 7356/5/4 7355/7/4 7354/8/4
s 2453
f 7359/9/6 7358/10/6 7357/11/6
s 2454
f 7362/9/6 7361/11/6 7360/12/6
s 2455
f 7365/13/7 7364/14/7 7363/15/7
s 2456
f 7368/13/7 7367/15/7 7366/16/7
s 2457
f 7371/9/8 7370/10/8 7369/11/8
s 2458
f 7374/9/8 7373/11/8 7372/12/8
s 2459
f 7377/13/9 7376/14/9 7375/15/9
s 2460
f 7380/13/9 7379/15/9 7378/16/9
s 2461
f 7383/11/10 7382/12/10 7381/17/10
s 2462
f 7386/11/10 7385/17/10 7384/18/10
s 2463
f 7389/12/11 7388/9/12 7387/19/13
s 2464
f 7392/12/11 7391/19/13 7390/20/15
s 2465
f 7395/11/16 7394/12/16 7393/17/17
s 2466
f 7398/11/16 7397/17/17 7396/18/18
s 2467
f 7401/10/4 7400/11/4 7399/21/19
s 2468
f 7404/10/67 7403/21/19 7402/22/67
s 2469
f 7407/23/9 7406/24/9 7405/25/9
s 2470
f 7410/23/9 7409/25/9 7408/26/9
s 2471
f 7413/18/21 7412/17/22 7411/26/21
s 2472
f 7416/18/21 7415/26/21 7414/25/23
s 2473
f 7419/27/3 7418/28/3 7417/29/3
s 2474
f 7422/27/3 7421/29/3 7420/30/3
s 2475
f 7425/20/60 7424/19/13 7423/30/24
s 2476
f 7428/20/54 7427/30/24 7426/29/3
s 2477
f 7431/23/7 7430/24/7 7429/31/7
s 2478
f 7434/23/7 7433/31/7 7432/32/7
s 2479
f 7437/18/18 7436/17/17 7435/32/7
s 2480
f 7440/18/18 7439/32/7 7438/31/7
s 2481
f 7443/33/4 7442/34/4 7441/35/25
s 2482
f 7446/33/4 7445/35/25 7444/36/4
s 2483
f 7449/22/26 7448/21/19 7447/36/27
s 2484
f 7452/22/28 7451/36/27 7450/35/25
s 2485
f 7455/24/29 7454/23/30 7453/37/29
s 2486
f 7458/24/31 7457/37/31 7456/38/32
s 2487
f 7461/16/7 7460/15/7 7459/39/7
s 2488
f 7464/16/7 7463/39/7 7462/40/7
s 2489
f 7467/24/7 7466/23/7 7465/40/7
s 2490
f 7470/24/7 7469/40/7 7468/39/7
s 2491
f 7473/27/3 7472/41/3 7471/28/3
s 2492
f 7476/42/3 7475/28/3 7474/41/3
s 2493
f 7479/42/3 7478/41/3 7477/43/3
s 2494
f 7482/4/3 7481/3/3 7480/42/3
s 2495
f 7485/4/3 7484/42/3 7483/43/3
s 2496
f 7488/8/4 7487/7/4 7486/44/4
s 2497
f 7491/8/4 7490/44/4 7489/45/4
s 2498
f 7494/46/4 7493/45/4 7492/44/4
s 2499
f 7497/33/4 7496/45/4 7495/46/4
s 2500
f 7500/46/4 7499/34/4 7498/33/4
s 2501
f 7503/16/33 7502/15/33 7501/47/34
s 2502
f 7506/16/35 7505/47/34 7504/48/35
s 2503
f 7509/38/9 7508/37/9 7507/48/9
s 2504
f 7512/38/9 7511/48/9 7510/47/9
s 2505
f 7515/10/39 7514/11/71 7513/49/38
s 2506
f 7518/10/36 7517/49/55 7516/50/40
s 2507
f 7521/2/2 7520/1/1 7519/50/40
s 2508
f 7524/2/2 7523/50/40 7522/49/38
s 2509
f 7527/12/41 7526/9/62 7525/51/63
s 2510
f 7530/12/57 7529/51/43 7528/52/44
s 2511
f 7533/6/5 7532/5/4 7531/52/44
s 2512
f 7536/6/56 7535/52/65 7534/51/63
s 2513
f 7539/9/45 7538/10/45 7537/53/46
s 2514
f 7542/9/45 7541/53/47 7540/54/45
s 2515
f 7545/14/7 7544/13/7 7543/54/7
s 2516
f 7548/14/7 7547/54/7 7546/53/46
s 2517
f 7551/9/48 7550/10/48 7549/55/48
s 2518
f 7554/9/49 7553/55/49 7552/56/49
s 2519
f 7557/14/50 7556/13/50 7555/56/53
s 2520
f 7560/14/52 7559/56/53 7558/55/52
s 2521
f 7563/1/1 7562/2/2 7561/3/3
s 2522
f 7566/1/1 7565/3/3 7564/4/3
s 2523
f 7569/5/4 7568/6/5 7567/7/4
s 2524
f 7572/5/4 7571/7/4 7570/8/4
s 2525
f 7575/9/6 7574/10/6 7573/11/6
s 2526
f 7578/9/6 7577/11/6 7576/12/6
s 2527
f 7581/13/7 7580/14/7 7579/15/7
s 2528
f 7584/13/7 7583/15/7 7582/16/7
s 2529
f 7587/9/8 7586/10/8 7585/11/8
s 2530
f 7590/9/8 7589/11/8 7588/12/8
s 2531
f 7593/13/9 7592/14/9 7591/15/9
s 2532
f 7596/13/9 7595/15/9 7594/16/9
s 2533
f 7599/11/10 7598/12/10 7597/17/10
s 2534
f 7602/11/10 7601/17/10 7600/18/10
s 2535
f 7605/12/11 7604/9/12 7603/19/13
s 2536
f 7608/12/11 7607/19/13 7606/20/15
s 2537
f 7611/11/16 7610/12/16 7609/17/17
s 2538
f 7614/11/16 7613/17/17 7612/18/18
s 2539
f 7617/10/73 7616/11/73 7615/21/58
s 2540
f 7620/10/20 7619/21/19 7618/22/20
s 2541
f 7623/23/9 7622/24/9 7621/25/9
s 2542
f 7626/23/9 7625/25/9 7624/26/9
s 2543
f 7629/18/21 7628/17/22 7627/26/21
s 2544
f 7632/18/21 7631/26/21 7630/25/23
s 2545
f 7635/27/3 7634/28/3 7633/29/3
s 2546
f 7638/27/3 7637/29/3 7636/30/3
s 2547
f 7641/20/60 7640/19/13 7639/30/24
s 2548
f 7644/20/15 7643/30/24 7642/29/3
s 2549
f 7647/23/7 7646/24/7 7645/31/7
s 2550
f 7650/23/7 7649/31/7 7648/32/7
s 2551
f 7653/18/18 7652/17/17 7651/32/7
s 2552
f 7656/18/18 7655/32/7 7654/31/7
s 2553
f 7659/33/4 7658/34/4 7657/35/25
s 2554
f 7662/33/4 7661/35/25 7660/36/4
s 2555
f 7665/22/61 7664/21/19 7663/36/27
s 2556
f 7668/22/28 7667/36/27 7666/35/66
s 2557
f 7671/24/29 7670/23/30 7669/37/29
s 2558
f 7674/24/31 7673/37/31 7672/38/32
s 2559
f 7677/16/7 7676/15/7 7675/39/7
s 2560
f 7680/16/7 7679/39/7 7678/40/7
s 2561
f 7683/24/7 7682/23/7 7681/40/7
s 2562
f 7686/24/7 7685/40/7 7684/39/7
s 2563
f 7689/27/3 7688/41/3 7687/28/3
s 2564
f 7692/42/3 7691/28/3 7690/41/3
s 2565
f 7695/42/3 7694/41/3 7693/43/3
s 2566
f 7698/4/3 7697/3/3 7696/42/3
s 2567
f 7701/4/3 7700/42/3 7699/43/3
s 2568
f 7704/8/4 7703/7/4 7702/44/4
s 2569
f 7707/8/4 7706/44/4 7705/45/4
s 2570
f 7710/46/4 7709/45/4 7708/44/4
s 2571
f 7713/33/4 7712/45/4 7711/46/4
s 2572
f 7716/46/4 7715/34/4 7714/33/4
s 2573
f 7719/16/33 7718/15/33 7717/47/34
s 2574
f 7722/16/35 7721/47/34 7720/48/35
s 2575
f 7725/38/9 7724/37/9 7723/48/9
s 2576
f 7728/38/9 7727/48/9 7726/47/9
s 2577
f 7731/10/36 7730/11/37 7729/49/55
s 2578
f 7734/10/36 7733/49/55 7732/50/40
s 2579
f 7737/2/2 7736/1/1 7735/50/64
s 2580
f 7740/2/2 7739/50/40 7738/49/38
s 2581
f 7743/12/41 7742/9/62 7741/51/63
s 2582
f 7746/12/57 7745/51/43 7744/52/44
s 2583
f 7749/6/5 7748/5/4 7747/52/44
s 2584
f 7752/6/56 7751/52/44 7750/51/43
s 2585
f 7755/9/45 7754/10/45 7753/53/46
s 2586
f 7758/9/45 7757/53/47 7756/54/45
s 2587
f 7761/14/7 7760/13/7 7759/54/7
s 2588
f 7764/14/7 7763/54/7 7762/53/46
s 2589
f 7767/9/48 7766/10/48 7765/55/48
s 2590
f 7770/9/49 7769/55/49 7768/56/49
s 2591
f 7773/14/50 7772/13/50 7771/56/53
s 2592
f 7776/14/52 7775/56/53 7774/55/52
s 2593
g default_1_Material_1.016
usemtl Material_1.016
f 7779/1/1 7778/2/2 7777/3/3
s 2594
f 7782/1/1 7781/3/3 7780/4/3
s 2595
f 7785/5/4 7784/6/5 7783/7/4
s 2596
f 7788/5/4 7787/7/4 7786/8/4
s 2597
f 7791/9/6 7790/10/6 7789/11/6
s 2598
f 7794/9/6 7793/11/6 7792/12/6
s 2599
f 7797/13/7 7796/14/7 7795/15/7
s 2600
f 7800/13/7 7799/15/7 7798/16/7
s 2601
f 7803/9/8 7802/10/8 7801/11/8
s 2602
f 7806/9/8 7805/11/8 7804/12/8
s 2603
f 7809/13/9 7808/14/9 7807/15/9
s 2604
f 7812/13/9 7811/15/9 7810/16/9
s 2605
f 7815/11/10 7814/12/10 7813/17/10
s 2606
f 7818/11/10 7817/17/10 7816/18/10
s 2607
f 7821/12/11 7820/9/12 7819/19/13
s 2608
f 7824/12/11 7823/19/13 7822/20/15
s 2609
f 7827/11/16 7826/12/16 7825/17/17
s 2610
f 7830/11/16 7829/17/17 7828/18/18
s 2611
f 7833/10/75 7832/11/75 7831/21/72
s 2612
f 7836/10/67 7835/21/19 7834/22/67
s 2613
f 7839/23/9 7838/24/9 7837/25/9
s 2614
f 7842/23/9 7841/25/9 7840/26/9
s 2615
f 7845/18/21 7844/17/22 7843/26/21
s 2616
f 7848/18/21 7847/26/21 7846/25/23
s 2617
f 7851/27/3 7850/28/3 7849/29/3
s 2618
f 7854/27/3 7853/29/3 7852/30/3
s 2619
f 7857/20/60 7856/19/13 7855/30/24
s 2620
f 7860/20/15 7859/30/24 7858/29/3
s 2621
f 7863/23/7 7862/24/7 7861/31/7
s 2622
f 7866/23/7 7865/31/7 7864/32/7
s 2623
f 7869/18/18 7868/17/17 7867/32/7
s 2624
f 7872/18/18 7871/32/7 7870/31/7
s 2625
f 7875/33/4 7874/34/4 7873/35/25
s 2626
f 7878/33/4 7877/35/25 7876/36/4
s 2627
f 7881/22/61 7880/21/19 7879/36/27
s 2628
f 7884/22/28 7883/36/27 7882/35/25
s 2629
f 7887/24/29 7886/23/30 7885/37/29
s 2630
f 7890/24/31 7889/37/31 7888/38/32
s 2631
f 7893/16/7 7892/15/7 7891/39/7
s 2632
f 7896/16/7 7895/39/7 7894/40/7
s 2633
f 7899/24/7 7898/23/7 7897/40/7
s 2634
f 7902/24/7 7901/40/7 7900/39/7
s 2635
f 7905/27/3 7904/41/3 7903/28/3
s 2636
f 7908/42/3 7907/28/3 7906/41/3
s 2637
f 7911/42/3 7910/41/3 7909/43/3
s 2638
f 7914/4/3 7913/3/3 7912/42/3
s 2639
f 7917/4/3 7916/42/3 7915/43/3
s 2640
f 7920/8/4 7919/7/4 7918/44/4
s 2641
f 7923/8/4 7922/44/4 7921/45/4
s 2642
f 7926/46/4 7925/45/4 7924/44/4
s 2643
f 7929/33/4 7928/45/4 7927/46/4
s 2644
f 7932/46/4 7931/34/4 7930/33/4
s 2645
f 7935/16/33 7934/15/33 7933/47/34
s 2646
f 7938/16/35 7937/47/34 7936/48/35
s 2647
f 7941/38/9 7940/37/9 7939/48/9
s 2648
f 7944/38/9 7943/48/9 7942/47/9
s 2649
f 7947/10/36 7946/11/37 7945/49/55
s 2650
f 7950/10/36 7949/49/38 7948/50/40
s 2651
f 7953/2/2 7952/1/1 7951/50/40
s 2652
f 7956/2/2 7955/50/40 7954/49/38
s 2653
f 7959/12/41 7958/9/62 7957/51/63
s 2654
f 7962/12/41 7961/51/43 7960/52/44
s 2655
f 7965/6/5 7964/5/4 7963/52/44
s 2656
f 7968/6/56 7967/52/44 7966/51/43
s 2657
f 7971/9/45 7970/10/45 7969/53/46
s 2658
f 7974/9/45 7973/53/47 7972/54/45
s 2659
f 7977/14/7 7976/13/7 7975/54/7
s 2660
f 7980/14/7 7979/54/7 7978/53/46
s 2661
f 7983/9/48 7982/10/48 7981/55/48
s 2662
f 7986/9/49 7985/55/49 7984/56/49
s 2663
f 7989/14/50 7988/13/50 7987/56/53
s 2664
f 7992/14/52 7991/56/53 7990/55/52
s 2665
f 7995/1/1 7994/2/2 7993/3/3
s 2666
f 7998/1/1 7997/3/3 7996/4/3
s 2667
f 8001/5/4 8000/6/5 7999/7/4
s 2668
f 8004/5/4 8003/7/4 8002/8/4
s 2669
f 8007/9/6 8006/10/6 8005/11/6
s 2670
f 8010/9/6 8009/11/6 8008/12/6
s 2671
f 8013/13/7 8012/14/7 8011/15/7
s 2672
f 8016/13/7 8015/15/7 8014/16/7
s 2673
f 8019/9/8 8018/10/8 8017/11/8
s 2674
f 8022/9/8 8021/11/8 8020/12/8
s 2675
f 8025/13/9 8024/14/9 8023/15/9
s 2676
f 8028/13/9 8027/15/9 8026/16/9
s 2677
f 8031/11/10 8030/12/10 8029/17/10
s 2678
f 8034/11/10 8033/17/10 8032/18/10
s 2679
f 8037/12/11 8036/9/12 8035/19/13
s 2680
f 8040/12/11 8039/19/14 8038/20/15
s 2681
f 8043/11/16 8042/12/16 8041/17/17
s 2682
f 8046/11/16 8045/17/17 8044/18/18
s 2683
f 8049/10/4 8048/11/4 8047/21/19
s 2684
f 8052/10/20 8051/21/19 8050/22/20
s 2685
f 8055/23/9 8054/24/9 8053/25/9
s 2686
f 8058/23/9 8057/25/9 8056/26/9
s 2687
f 8061/18/21 8060/17/22 8059/26/21
s 2688
f 8064/18/21 8063/26/21 8062/25/23
s 2689
f 8067/27/3 8066/28/3 8065/29/3
s 2690
f 8070/27/3 8069/29/3 8068/30/3
s 2691
f 8073/20/15 8072/19/60 8071/30/24
s 2692
f 8076/20/15 8075/30/24 8074/29/3
s 2693
f 8079/23/7 8078/24/7 8077/31/7
s 2694
f 8082/23/7 8081/31/7 8080/32/7
s 2695
f 8085/18/18 8084/17/17 8083/32/7
s 2696
f 8088/18/18 8087/32/7 8086/31/7
s 2697
f 8091/33/4 8090/34/4 8089/35/25
s 2698
f 8094/33/4 8093/35/25 8092/36/4
s 2699
f 8097/22/61 8096/21/19 8095/36/27
s 2700
f 8100/22/28 8099/36/27 8098/35/66
s 2701
f 8103/24/29 8102/23/30 8101/37/29
s 2702
f 8106/24/31 8105/37/31 8104/38/32
s 2703
f 8109/16/7 8108/15/7 8107/39/7
s 2704
f 8112/16/7 8111/39/7 8110/40/7
s 2705
f 8115/24/7 8114/23/7 8113/40/7
s 2706
f 8118/24/7 8117/40/7 8116/39/7
s 2707
f 8121/27/3 8120/41/3 8119/28/3
s 2708
f 8124/42/3 8123/28/3 8122/41/3
s 2709
f 8127/42/3 8126/41/3 8125/43/3
s 2710
f 8130/4/3 8129/3/3 8128/42/3
s 2711
f 8133/4/3 8132/42/3 8131/43/3
s 2712
f 8136/8/4 8135/7/4 8134/44/4
s 2713
f 8139/8/4 8138/44/4 8137/45/4
s 2714
f 8142/46/4 8141/45/4 8140/44/4
s 2715
f 8145/33/4 8144/45/4 8143/46/4
s 2716
f 8148/46/4 8147/34/4 8146/33/4
s 2717
f 8151/16/33 8150/15/33 8149/47/34
s 2718
f 8154/16/35 8153/47/34 8152/48/35
s 2719
f 8157/38/9 8156/37/9 8155/48/9
s 2720
f 8160/38/9 8159/48/9 8158/47/9
s 2721
f 8163/10/36 8162/11/37 8161/49/55
s 2722
f 8166/10/36 8165/49/38 8164/50/40
s 2723
f 8169/2/2 8168/1/1 8167/50/40
s 2724
f 8172/2/2 8171/50/40 8170/49/38
s 2725
f 8175/12/57 8174/9/42 8173/51/43
s 2726
f 8178/12/57 8177/51/43 8176/52/44
s 2727
f 8181/6/5 8180/5/4 8179/52/44
s 2728
f 8184/6/56 8183/52/44 8182/51/43
s 2729
f 8187/9/45 8186/10/45 8185/53/46
s 2730
f 8190/9/45 8189/53/47 8188/54/45
s 2731
f 8193/14/7 8192/13/7 8191/54/7
s 2732
f 8196/14/7 8195/54/7 8194/53/46
s 2733
f 8199/9/48 8198/10/48 8197/55/48
s 2734
f 8202/9/49 8201/55/49 8200/56/49
s 2735
f 8205/14/50 8204/13/50 8203/56/53
s 2736
f 8208/14/52 8207/56/53 8206/55/52
s 2737
g default_1_Material_1.017
usemtl Material_1.017
f 8211/1/1 8210/2/2 8209/3/3
s 2738
f 8214/1/1 8213/3/3 8212/4/3
s 2739
f 8217/5/4 8216/6/5 8215/7/4
s 2740
f 8220/5/4 8219/7/4 8218/8/4
s 2741
f 8223/9/6 8222/10/6 8221/11/6
s 2742
f 8226/9/6 8225/11/6 8224/12/6
s 2743
f 8229/13/7 8228/14/7 8227/15/7
s 2744
f 8232/13/7 8231/15/7 8230/16/7
s 2745
f 8235/9/8 8234/10/8 8233/11/8
s 2746
f 8238/9/8 8237/11/8 8236/12/8
s 2747
f 8241/13/9 8240/14/9 8239/15/9
s 2748
f 8244/13/9 8243/15/9 8242/16/9
s 2749
f 8247/11/10 8246/12/10 8245/17/10
s 2750
f 8250/11/10 8249/17/10 8248/18/10
s 2751
f 8253/12/76 8252/9/77 8251/19/78
s 2752
f 8256/12/79 8255/19/80 8254/20/81
s 2753
f 8259/11/16 8258/12/16 8257/17/17
s 2754
f 8262/11/16 8261/17/82 8260/18/18
s 2755
f 8265/10/4 8264/11/4 8263/21/19
s 2756
f 8268/10/83 8267/21/84 8266/22/85
s 2757
f 8271/23/9 8270/24/9 8269/25/9
s 2758
f 8274/23/9 8273/25/9 8272/26/9
s 2759
f 8277/18/86 8276/17/22 8275/26/87
s 2760
f 8280/18/88 8279/26/89 8278/25/90
s 2761
f 8283/27/3 8282/28/3 8281/29/3
s 2762
f 8286/27/3 8285/29/3 8284/30/3
s 2763
f 8289/20/91 8288/19/92 8287/30/93
s 2764
f 8292/20/15 8291/30/24 8290/29/3
s 2765
f 8295/23/7 8294/24/7 8293/31/7
s 2766
f 8298/23/7 8297/31/7 8296/32/7
s 2767
f 8301/18/18 8300/17/17 8299/32/7
s 2768
f 8304/18/18 8303/32/7 8302/31/7
s 2769
f 8307/33/4 8306/34/4 8305/35/25
s 2770
f 8310/33/4 8309/35/25 8308/36/4
s 2771
f 8313/22/94 8312/21/95 8311/36/96
s 2772
f 8316/22/97 8315/36/98 8314/35/99
s 2773
f 8319/24/100 8318/23/30 8317/37/29
s 2774
f 8322/24/101 8321/37/102 8320/38/103
s 2775
f 8325/16/7 8324/15/7 8323/39/7
s 2776
f 8328/16/7 8327/39/7 8326/40/7
s 2777
f 8331/24/7 8330/23/7 8329/40/7
s 2778
f 8334/24/7 8333/40/7 8332/39/7
s 2779
f 8337/27/3 8336/41/3 8335/28/3
s 2780
f 8340/42/3 8339/28/3 8338/41/3
s 2781
f 8343/42/3 8342/41/3 8341/43/3
s 2782
f 8346/4/3 8345/3/3 8344/42/3
s 2783
f 8349/4/3 8348/42/3 8347/43/3
s 2784
f 8352/8/4 8351/7/4 8350/44/4
s 2785
f 8355/8/4 8354/44/4 8353/45/4
s 2786
f 8358/46/4 8357/45/4 8356/44/4
s 2787
f 8361/33/4 8360/45/4 8359/46/4
s 2788
f 8364/46/4 8363/34/4 8362/33/4
s 2789
f 8367/16/33 8366/15/33 8365/47/104
s 2790
f 8370/16/105 8369/47/106 8368/48/105
s 2791
f 8373/38/9 8372/37/9 8371/48/9
s 2792
f 8376/38/9 8375/48/9 8374/47/9
s 2793
f 8379/10/55 8378/11/107 8377/49/108
s 2794
f 8382/10/109 8381/49/110 8380/50/111
s 2795
f 8385/2/112 8384/1/113 8383/50/114
s 2796
f 8388/2/115 8387/50/116 8386/49/117
s 2797
f 8391/12/118 8390/9/119 8389/51/120
s 2798
f 8394/12/121 8393/51/122 8392/52/123
s 2799
f 8397/6/5 8396/5/4 8395/52/44
s 2800
f 8400/6/124 8399/52/125 8398/51/126
s 2801
f 8403/9/45 8402/10/45 8401/53/46
s 2802
f 8406/9/45 8405/53/127 8404/54/45
s 2803
f 8409/14/7 8408/13/7 8407/54/7
s 2804
f 8412/14/7 8411/54/7 8410/53/46
s 2805
f 8415/9/48 8414/10/48 8413/55/48
s 2806
f 8418/9/49 8417/55/49 8416/56/49
s 2807
f 8421/14/50 8420/13/50 8419/56/53
s 2808
f 8424/14/128 8423/56/129 8422/55/128
s 2809
f 8427/1/1 8426/2/2 8425/3/3
s 2810
f 8430/1/1 8429/3/3 8428/4/3
s 2811
f 8433/5/4 8432/6/5 8431/7/4
s 2812
f 8436/5/4 8435/7/4 8434/8/4
s 2813
f 8439/9/6 8438/10/6 8437/11/6
s 2814
f 8442/9/6 8441/11/6 8440/12/6
s 2815
f 8445/13/7 8444/14/7 8443/15/7
s 2816
f 8448/13/7 8447/15/7 8446/16/7
s 2817
f 8451/9/8 8450/10/8 8449/11/8
s 2818
f 8454/9/8 8453/11/8 8452/12/8
s 2819
f 8457/13/9 8456/14/9 8455/15/9
s 2820
f 8460/13/9 8459/15/9 8458/16/9
s 2821
f 8463/11/10 8462/12/10 8461/17/10
s 2822
f 8466/11/10 8465/17/10 8464/18/10
s 2823
f 8469/12/76 8468/9/77 8467/19/78
s 2824
f 8472/12/79 8471/19/80 8470/20/81
s 2825
f 8475/11/16 8474/12/16 8473/17/17
s 2826
f 8478/11/16 8477/17/82 8476/18/18
s 2827
f 8481/10/73 8480/11/73 8479/21/58
s 2828
f 8484/10/83 8483/21/67 8482/22/83
s 2829
f 8487/23/9 8486/24/9 8485/25/9
s 2830
f 8490/23/9 8489/25/9 8488/26/9
s 2831
f 8493/18/86 8492/17/22 8491/26/87
s 2832
f 8496/18/88 8495/26/89 8494/25/90
s 2833
f 8499/27/3 8498/28/3 8497/29/3
s 2834
f 8502/27/3 8501/29/3 8500/30/3
s 2835
f 8505/20/91 8504/19/92 8503/30/93
s 2836
f 8508/20/15 8507/30/24 8506/29/3
s 2837
f 8511/23/7 8510/24/7 8509/31/7
s 2838
f 8514/23/7 8513/31/7 8512/32/7
s 2839
f 8517/18/18 8516/17/17 8515/32/7
s 2840
f 8520/18/18 8519/32/7 8518/31/7
s 2841
f 8523/33/4 8522/34/4 8521/35/25
s 2842
f 8526/33/4 8525/35/25 8524/36/4
s 2843
f 8529/22/130 8528/21/95 8527/36/131
s 2844
f 8532/22/97 8531/36/98 8530/35/99
s 2845
f 8535/24/100 8534/23/30 8533/37/29
s 2846
f 8538/24/101 8537/37/102 8536/38/103
s 2847
f 8541/16/7 8540/15/7 8539/39/7
s 2848
f 8544/16/7 8543/39/7 8542/40/7
s 2849
f 8547/24/7 8546/23/7 8545/40/7
s 2850
f 8550/24/7 8549/40/7 8548/39/7
s 2851
f 8553/27/3 8552/41/3 8551/28/3
s 2852
f 8556/42/3 8555/28/3 8554/41/3
s 2853
f 8559/42/3 8558/41/3 8557/43/3
s 2854
f 8562/4/3 8561/3/3 8560/42/3
s 2855
f 8565/4/3 8564/42/3 8563/43/3
s 2856
f 8568/8/4 8567/7/4 8566/44/4
s 2857
f 8571/8/4 8570/44/4 8569/45/4
s 2858
f 8574/46/4 8573/45/4 8572/44/4
s 2859
f 8577/33/4 8576/45/4 8575/46/4
s 2860
f 8580/46/4 8579/34/4 8578/33/4
s 2861
f 8583/16/33 8582/15/33 8581/47/104
s 2862
f 8586/16/105 8585/47/106 8584/48/105
s 2863
f 8589/38/9 8588/37/9 8587/48/9
s 2864
f 8592/38/9 8591/48/9 8590/47/9
s 2865
f 8595/10/132 8594/11/71 8593/49/133
s 2866
f 8598/10/109 8597/49/110 8596/50/111
s 2867
f 8601/2/112 8600/1/113 8599/50/114
s 2868
f 8604/2/115 8603/50/116 8602/49/117
s 2869
f 8607/12/134 8606/9/135 8605/51/136
s 2870
f 8610/12/137 8609/51/122 8608/52/123
s 2871
f 8613/6/5 8612/5/4 8611/52/44
s 2872
f 8616/6/138 8615/52/125 8614/51/126
s 2873
f 8619/9/45 8618/10/45 8617/53/46
s 2874
f 8622/9/45 8621/53/127 8620/54/45
s 2875
f 8625/14/7 8624/13/7 8623/54/7
s 2876
f 8628/14/7 8627/54/7 8626/53/46
s 2877
f 8631/9/48 8630/10/48 8629/55/48
s 2878
f 8634/9/49 8633/55/49 8632/56/49
s 2879
f 8637/14/50 8636/13/50 8635/56/53
s 2880
f 8640/14/128 8639/56/129 8638/55/128
s 2881
g default_1_Material_1.018
usemtl Material_1.018
f 8643/1/1 8642/2/2 8641/3/3
s 2882
f 8646/1/1 8645/3/3 8644/4/3
s 2883
f 8649/5/4 8648/6/5 8647/7/4
s 2884
f 8652/5/4 8651/7/4 8650/8/4
s 2885
f 8655/9/6 8654/10/6 8653/11/6
s 2886
f 8658/9/6 8657/11/6 8656/12/6
s 2887
f 8661/13/7 8660/14/7 8659/15/7
s 2888
f 8664/13/7 8663/15/7 8662/16/7
s 2889
f 8667/9/8 8666/10/8 8665/11/8
s 2890
f 8670/9/8 8669/11/8 8668/12/8
s 2891
f 8673/13/9 8672/14/9 8671/15/9
s 2892
f 8676/13/9 8675/15/9 8674/16/9
s 2893
f 8679/11/10 8678/12/10 8677/17/10
s 2894
f 8682/11/10 8681/17/10 8680/18/10
s 2895
f 8685/12/11 8684/9/12 8683/19/13
s 2896
f 8688/12/11 8687/19/14 8686/20/54
s 2897
f 8691/11/16 8690/12/16 8689/17/17
s 2898
f 8694/11/16 8693/17/17 8692/18/18
s 2899
f 8697/10/4 8696/11/4 8695/21/19
s 2900
f 8700/10/67 8699/21/19 8698/22/67
s 2901
f 8703/23/9 8702/24/9 8701/25/9
s 2902
f 8706/23/9 8705/25/9 8704/26/9
s 2903
f 8709/18/21 8708/17/22 8707/26/21
s 2904
f 8712/18/21 8711/26/21 8710/25/23
s 2905
f 8715/27/3 8714/28/3 8713/29/3
s 2906
f 8718/27/3 8717/29/3 8716/30/3
s 2907
f 8721/20/15 8720/19/60 8719/30/24
s 2908
f 8724/20/15 8723/30/24 8722/29/3
s 2909
f 8727/23/7 8726/24/7 8725/31/7
s 2910
f 8730/23/7 8729/31/7 8728/32/7
s 2911
f 8733/18/18 8732/17/17 8731/32/7
s 2912
f 8736/18/18 8735/32/7 8734/31/7
s 2913
f 8739/33/4 8738/34/4 8737/35/25
s 2914
f 8742/33/4 8741/35/25 8740/36/4
s 2915
f 8745/22/61 8744/21/19 8743/36/27
s 2916
f 8748/22/28 8747/36/27 8746/35/66
s 2917
f 8751/24/29 8750/23/30 8749/37/29
s 2918
f 8754/24/31 8753/37/31 8752/38/32
s 2919
f 8757/16/7 8756/15/7 8755/39/7
s 2920
f 8760/16/7 8759/39/7 8758/40/7
s 2921
f 8763/24/7 8762/23/7 8761/40/7
s 2922
f 8766/24/7 8765/40/7 8764/39/7
s 2923
f 8769/27/3 8768/41/3 8767/28/3
s 2924
f 8772/42/3 8771/28/3 8770/41/3
s 2925
f 8775/42/3 8774/41/3 8773/43/3
s 2926
f 8778/4/3 8777/3/3 8776/42/3
s 2927
f 8781/4/3 8780/42/3 8779/43/3
s 2928
f 8784/8/4 8783/7/4 8782/44/4
s 2929
f 8787/8/4 8786/44/4 8785/45/4
s 2930
f 8790/46/4 8789/45/4 8788/44/4
s 2931
f 8793/33/4 8792/45/4 8791/46/4
s 2932
f 8796/46/4 8795/34/4 8794/33/4
s 2933
f 8799/16/33 8798/15/33 8797/47/34
s 2934
f 8802/16/35 8801/47/34 8800/48/35
s 2935
f 8805/38/9 8804/37/9 8803/48/9
s 2936
f 8808/38/9 8807/48/9 8806/47/9
s 2937
f 8811/10/39 8810/11/71 8809/49/38
s 2938
f 8814/10/36 8813/49/55 8812/50/40
s 2939
f 8817/2/2 8816/1/1 8815/50/40
s 2940
f 8820/2/2 8819/50/40 8818/49/38
s 2941
f 8823/12/41 8822/9/62 8821/51/63
s 2942
f 8826/12/41 8825/51/43 8824/52/44
s 2943
f 8829/6/5 8828/5/4 8827/52/44
s 2944
f 8832/6/139 8831/52/140 8830/51/141
s 2945
f 8835/9/45 8834/10/45 8833/53/46
s 2946
f 8838/9/45 8837/53/47 8836/54/45
s 2947
f 8841/14/7 8840/13/7 8839/54/7
s 2948
f 8844/14/7 8843/54/7 8842/53/46
s 2949
f 8847/9/48 8846/10/48 8845/55/48
s 2950
f 8850/9/49 8849/55/49 8848/56/49
s 2951
f 8853/14/50 8852/13/50 8851/56/51
s 2952
f 8856/14/52 8855/56/53 8854/55/52
s 2953
f 8859/1/1 8858/2/2 8857/3/3
s 2954
f 8862/1/1 8861/3/3 8860/4/3
s 2955
f 8865/5/4 8864/6/5 8863/7/4
s 2956
f 8868/5/4 8867/7/4 8866/8/4
s 2957
f 8871/9/6 8870/10/6 8869/11/6
s 2958
f 8874/9/6 8873/11/6 8872/12/6
s 2959
f 8877/13/7 8876/14/7 8875/15/7
s 2960
f 8880/13/7 8879/15/7 8878/16/7
s 2961
f 8883/9/8 8882/10/8 8881/11/8
s 2962
f 8886/9/8 8885/11/8 8884/12/8
s 2963
f 8889/13/9 8888/14/9 8887/15/9
s 2964
f 8892/13/9 8891/15/9 8890/16/9
s 2965
f 8895/11/10 8894/12/10 8893/17/10
s 2966
f 8898/11/10 8897/17/10 8896/18/10
s 2967
f 8901/12/69 8900/9/142 8899/19/143
s 2968
f 8904/12/11 8903/19/13 8902/20/15
s 2969
f 8907/11/16 8906/12/16 8905/17/17
s 2970
f 8910/11/16 8909/17/17 8908/18/18
s 2971
f 8913/10/144 8912/11/144 8911/21/145
s 2972
f 8916/10/20 8915/21/19 8914/22/20
s 2973
f 8919/23/9 8918/24/9 8917/25/9
s 2974
f 8922/23/9 8921/25/9 8920/26/9
s 2975
f 8925/18/21 8924/17/22 8923/26/21
s 2976
f 8928/18/21 8927/26/21 8926/25/23
s 2977
f 8931/27/3 8930/28/3 8929/29/3
s 2978
f 8934/27/3 8933/29/3 8932/30/3
s 2979
f 8937/20/15 8936/19/60 8935/30/24
s 2980
f 8940/20/54 8939/30/24 8938/29/3
s 2981
f 8943/23/7 8942/24/7 8941/31/7
s 2982
f 8946/23/7 8945/31/7 8944/32/7
s 2983
f 8949/18/18 8948/17/17 8947/32/7
s 2984
f 8952/18/18 8951/32/7 8950/31/7
s 2985
f 8955/33/4 8954/34/4 8953/35/25
s 2986
f 8958/33/4 8957/35/25 8956/36/4
s 2987
f 8961/22/61 8960/21/19 8959/36/27
s 2988
f 8964/22/28 8963/36/146 8962/35/25
s 2989
f 8967/24/29 8966/23/30 8965/37/29
s 2990
f 8970/24/31 8969/37/31 8968/38/32
s 2991
f 8973/16/7 8972/15/7 8971/39/7
s 2992
f 8976/16/7 8975/39/7 8974/40/7
s 2993
f 8979/24/7 8978/23/7 8977/40/7
s 2994
f 8982/24/7 8981/40/7 8980/39/7
s 2995
f 8985/27/3 8984/41/3 8983/28/3
s 2996
f 8988/42/3 8987/28/3 8986/41/3
s 2997
f 8991/42/3 8990/41/3 8989/43/3
s 2998
f 8994/4/3 8993/3/3 8992/42/3
s 2999
f 8997/4/3 8996/42/3 8995/43/3
s 3000
f 9000/8/4 8999/7/4 8998/44/4
s 3001
f 9003/8/4 9002/44/4 9001/45/4
s 3002
f 9006/46/4 9005/45/4 9004/44/4
s 3003
f 9009/33/4 9008/45/4 9007/46/4
s 3004
f 9012/46/4 9011/34/4 9010/33/4
s 3005
f 9015/16/33 9014/15/33 9013/47/34
s 3006
f 9018/16/35 9017/47/34 9016/48/35
s 3007
f 9021/38/9 9020/37/9 9019/48/9
s 3008
f 9024/38/9 9023/48/9 9022/47/9
s 3009
f 9027/10/36 9026/11/37 9025/49/55
s 3010
f 9030/10/39 9029/49/38 9028/50/40
s 3011
f 9033/2/2 9032/1/1 9031/50/40
s 3012
f 9036/2/2 9035/50/40 9034/49/38
s 3013
f 9039/12/57 9038/9/42 9037/51/43
s 3014
f 9042/12/57 9041/51/43 9040/52/44
s 3015
f 9045/6/5 9044/5/4 9043/52/44
s 3016
f 9048/6/56 9047/52/44 9046/51/43
s 3017
f 9051/9/45 9050/10/45 9049/53/46
s 3018
f 9054/9/45 9053/53/47 9052/54/45
s 3019
f 9057/14/7 9056/13/7 9055/54/7
s 3020
f 9060/14/7 9059/54/7 9058/53/46
s 3021
f 9063/9/48 9062/10/48 9061/55/48
s 3022
f 9066/9/49 9065/55/49 9064/56/49
s 3023
f 9069/14/50 9068/13/50 9067/56/53
s 3024
f 9072/14/52 9071/56/53 9070/55/52
